lon,lat,stops_nearby,pois_nearby,pop_density,accessibility_score,accessibility_category
99.6038002,0.8995945,0,0,0.0,0.175,Very Low
99.80380020000001,0.8995945,0,0,0.0,0.175,Very Low
100.0038002,0.8995945,0,0,0.0,0.175,Very Low
100.20380020000002,0.8995945,0,0,0.0,0.175,Very Low
100.4038002,0.8995945,0,0,0.0,0.175,Very Low
100.60380020000002,0.8995945,0,0,0.0,0.175,Very Low
100.80380020000001,0.8995945,0,0,0.0,0.175,Very Low
101.00380020000003,0.8995945,0,0,0.0,0.175,Very Low
101.20380020000002,0.8995945,0,0,0.0,0.175,Very Low
101.40380020000003,0.8995945,0,0,0.0,0.175,Very Low
101.60380020000002,0.8995945,0,0,0.0,0.175,Very Low
101.80380020000004,0.8995945,0,0,0.0,0.175,Very Low
102.00380020000003,0.8995945,0,0,0.0,0.175,Very Low
102.20380020000005,0.8995945,0,0,0.0,0.175,Very Low
102.40380020000003,0.8995945,0,0,0.0,0.175,Very Low
102.60380020000005,0.8995945,0,0,0.0,0.175,Very Low
102.80380020000004,0.8995945,0,0,0.0,0.175,Very Low
103.00380020000006,0.8995945,0,0,0.0,0.175,Very Low
103.20380020000005,0.8995945,0,0,0.0,0.175,Very Low
103.40380020000006,0.8995945,0,0,0.0,0.175,Very Low
103.60380020000005,0.8995945,0,0,0.0,0.175,Very Low
103.80380020000007,0.8995945,0,0,0.0,0.175,Very Low
104.00380020000006,0.8995945,0,0,0.0,0.175,Very Low
104.20380020000007,0.8995945,0,0,0.0,0.175,Very Low
104.40380020000006,0.8995945,0,0,0.0,0.175,Very Low
104.60380020000008,0.8995945,0,0,0.0,0.175,Very Low
104.80380020000007,0.8995945,0,0,0.0,0.175,Very Low
105.00380020000009,0.8995945,0,0,0.0,0.175,Very Low
105.20380020000007,0.8995945,0,0,0.0,0.175,Very Low
105.40380020000009,0.8995945,0,0,0.0,0.175,Very Low
105.60380020000008,0.8995945,0,0,0.0,0.175,Very Low
105.8038002000001,0.8995945,0,0,0.0,0.175,Very Low
106.00380020000009,0.8995945,0,0,0.0,0.175,Very Low
106.2038002000001,0.8995945,0,0,0.0,0.175,Very Low
106.40380020000009,0.8995945,0,0,0.0,0.175,Very Low
106.60380020000011,0.8995945,0,0,0.0,0.175,Very Low
106.8038002000001,0.8995945,0,0,0.0,0.175,Very Low
107.00380020000011,0.8995945,0,0,0.0,0.175,Very Low
107.2038002000001,0.8995945,0,0,0.0,0.175,Very Low
107.40380020000012,0.8995945,0,0,0.0,0.175,Very Low
107.60380020000011,0.8995945,0,0,0.0,0.175,Very Low
107.80380020000013,0.8995945,0,0,0.0,0.175,Very Low
108.00380020000011,0.8995945,0,0,0.0,0.175,Very Low
108.20380020000013,0.8995945,0,0,0.0,0.175,Very Low
108.40380020000012,0.8995945,0,0,0.0,0.175,Very Low
108.60380020000014,0.8995945,0,0,0.0,0.175,Very Low
108.80380020000013,0.8995945,0,0,0.0,0.175,Very Low
109.00380020000014,0.8995945,0,1,0.0,0.19249999999999998,Very Low
109.20380020000013,0.8995945,0,0,0.0,0.175,Very Low
109.40380020000015,0.8995945,0,0,0.0,0.175,Very Low
109.60380020000014,0.8995945,0,0,0.0,0.175,Very Low
109.80380020000015,0.8995945,0,0,0.0,0.175,Very Low
110.00380020000014,0.8995945,0,0,0.0,0.175,Very Low
110.20380020000016,0.8995945,0,0,36.683452947128224,0.175,Very Low
110.40380020000015,0.8995945,0,0,36.76216454411185,0.175,Very Low
110.60380020000017,0.8995945,0,0,34.26672470221554,0.175,Very Low
110.80380020000015,0.8995945,0,0,28.771255873007547,0.175,Very Low
111.00380020000017,0.8995945,0,0,22.187734877220308,0.175,Very Low
111.20380020000016,0.8995945,0,0,20.08836172280773,0.175,Very Low
111.40380020000018,0.8995945,0,0,18.742603042362873,0.175,Very Low
111.60380020000017,0.8995945,0,0,19.1454043512759,0.175,Very Low
111.80380020000018,0.8995945,0,0,24.113056700214063,0.175,Very Low
112.00380020000017,0.8995945,0,0,32.126046078876385,0.175,Very Low
112.20380020000019,0.8995945,0,0,0.0,0.175,Very Low
112.40380020000018,0.8995945,0,0,0.0,0.175,Very Low
112.6038002000002,0.8995945,0,0,0.0,0.175,Very Low
112.80380020000018,0.8995945,0,0,0.0,0.175,Very Low
113.0038002000002,0.8995945,0,0,0.0,0.175,Very Low
113.20380020000019,0.8995945,0,0,0.0,0.175,Very Low
113.4038002000002,0.8995945,0,0,0.0,0.175,Very Low
113.6038002000002,0.8995945,0,0,0.0,0.175,Very Low
113.80380020000021,0.8995945,0,0,0.0,0.175,Very Low
114.0038002000002,0.8995945,0,0,0.0,0.175,Very Low
114.20380020000022,0.8995945,0,0,0.0,0.175,Very Low
114.4038002000002,0.8995945,0,0,0.0,0.175,Very Low
114.60380020000022,0.8995945,0,0,0.0,0.175,Very Low
114.80380020000021,0.8995945,0,0,0.0,0.175,Very Low
115.00380020000023,0.8995945,0,0,0.0,0.175,Very Low
115.20380020000022,0.8995945,0,0,0.0,0.175,Very Low
115.40380020000023,0.8995945,0,0,0.0,0.175,Very Low
115.60380020000022,0.8995945,0,0,0.0,0.175,Very Low
115.80380020000024,0.8995945,0,0,0.0,0.175,Very Low
116.00380020000023,0.8995945,0,0,0.0,0.175,Very Low
116.20380020000025,0.8995945,0,0,0.0,0.175,Very Low
116.40380020000023,0.8995945,0,0,0.0,0.175,Very Low
116.60380020000025,0.8995945,0,0,0.0,0.175,Very Low
116.80380020000024,0.8995945,0,0,0.0,0.175,Very Low
117.00380020000026,0.8995945,0,0,0.0,0.175,Very Low
117.20380020000025,0.8995945,0,0,0.0,0.175,Very Low
117.40380020000026,0.8995945,0,0,0.0,0.175,Very Low
117.60380020000025,0.8995945,0,0,0.0,0.175,Very Low
117.80380020000027,0.8995945,0,0,0.0,0.175,Very Low
118.00380020000026,0.8995945,0,0,0.0,0.175,Very Low
118.20380020000027,0.8995945,0,0,0.0,0.175,Very Low
118.40380020000026,0.8995945,0,0,0.0,0.175,Very Low
118.60380020000028,0.8995945,0,0,0.0,0.175,Very Low
118.80380020000027,0.8995945,0,0,0.0,0.175,Very Low
119.00380020000028,0.8995945,0,0,0.0,0.175,Very Low
119.20380020000027,0.8995945,0,0,0.0,0.175,Very Low
119.40380020000029,0.8995945,0,0,0.0,0.175,Very Low
99.6038002,1.0995944999999998,0,0,0.0,0.175,Very Low
99.80380020000001,1.0995944999999998,0,0,0.0,0.175,Very Low
100.0038002,1.0995944999999998,0,0,0.0,0.175,Very Low
100.20380020000002,1.0995944999999998,0,0,0.0,0.175,Very Low
100.4038002,1.0995944999999998,0,0,0.0,0.175,Very Low
100.60380020000002,1.0995944999999998,0,0,0.0,0.175,Very Low
100.80380020000001,1.0995944999999998,0,0,0.0,0.175,Very Low
101.00380020000003,1.0995944999999998,0,0,0.0,0.175,Very Low
101.20380020000002,1.0995944999999998,0,0,0.0,0.175,Very Low
101.40380020000003,1.0995944999999998,0,0,0.0,0.175,Very Low
101.60380020000002,1.0995944999999998,0,0,0.0,0.175,Very Low
101.80380020000004,1.0995944999999998,0,0,0.0,0.175,Very Low
102.00380020000003,1.0995944999999998,0,0,0.0,0.175,Very Low
102.20380020000005,1.0995944999999998,0,0,0.0,0.175,Very Low
102.40380020000003,1.0995944999999998,0,0,0.0,0.175,Very Low
102.60380020000005,1.0995944999999998,0,0,0.0,0.175,Very Low
102.80380020000004,1.0995944999999998,0,0,0.0,0.175,Very Low
103.00380020000006,1.0995944999999998,0,0,0.0,0.175,Very Low
103.20380020000005,1.0995944999999998,0,0,0.0,0.175,Very Low
103.40380020000006,1.0995944999999998,0,0,65.67431015438504,0.175,Very Low
103.60380020000005,1.0995944999999998,0,0,65.67431015438504,0.175,Very Low
103.80380020000007,1.0995944999999998,0,0,0.0,0.175,Very Low
104.00380020000006,1.0995944999999998,0,0,0.0,0.175,Very Low
104.20380020000007,1.0995944999999998,0,0,0.0,0.175,Very Low
104.40380020000006,1.0995944999999998,0,0,0.0,0.175,Very Low
104.60380020000008,1.0995944999999998,0,0,0.0,0.175,Very Low
104.80380020000007,1.0995944999999998,0,0,0.0,0.175,Very Low
105.00380020000009,1.0995944999999998,0,0,0.0,0.175,Very Low
105.20380020000007,1.0995944999999998,0,0,0.0,0.175,Very Low
105.40380020000009,1.0995944999999998,0,0,0.0,0.175,Very Low
105.60380020000008,1.0995944999999998,0,0,0.0,0.175,Very Low
105.8038002000001,1.0995944999999998,0,0,0.0,0.175,Very Low
106.00380020000009,1.0995944999999998,0,0,0.0,0.175,Very Low
106.2038002000001,1.0995944999999998,0,0,0.0,0.175,Very Low
106.40380020000009,1.0995944999999998,0,0,0.0,0.175,Very Low
106.60380020000011,1.0995944999999998,0,0,0.0,0.175,Very Low
106.8038002000001,1.0995944999999998,0,0,0.0,0.175,Very Low
107.00380020000011,1.0995944999999998,0,0,0.0,0.175,Very Low
107.2038002000001,1.0995944999999998,0,0,0.0,0.175,Very Low
107.40380020000012,1.0995944999999998,0,0,0.0,0.175,Very Low
107.60380020000011,1.0995944999999998,0,0,0.0,0.175,Very Low
107.80380020000013,1.0995944999999998,0,0,0.0,0.175,Very Low
108.00380020000011,1.0995944999999998,0,0,0.0,0.175,Very Low
108.20380020000013,1.0995944999999998,0,0,0.0,0.175,Very Low
108.40380020000012,1.0995944999999998,0,0,0.0,0.175,Very Low
108.60380020000014,1.0995944999999998,0,0,0.0,0.175,Very Low
108.80380020000013,1.0995944999999998,0,0,0.0,0.175,Very Low
109.00380020000014,1.0995944999999998,0,0,0.0,0.175,Very Low
109.20380020000013,1.0995944999999998,0,0,0.0,0.175,Very Low
109.40380020000015,1.0995944999999998,0,0,0.0,0.175,Very Low
109.60380020000014,1.0995944999999998,0,0,0.0,0.175,Very Low
109.80380020000015,1.0995944999999998,0,0,0.0,0.175,Very Low
110.00380020000014,1.0995944999999998,0,0,20.4019204393745,0.175,Very Low
110.20380020000016,1.0995944999999998,0,0,33.840300567626954,0.175,Very Low
110.40380020000015,1.0995944999999998,0,0,58.28036074172853,0.175,Very Low
110.60380020000017,1.0995944999999998,0,0,50.596417748206875,0.175,Very Low
110.80380020000015,1.0995944999999998,0,0,25.102289665790604,0.175,Very Low
111.00380020000017,1.0995944999999998,0,0,17.983513903864285,0.175,Very Low
111.20380020000016,1.0995944999999998,0,0,15.514992697238922,0.175,Very Low
111.40380020000018,1.0995944999999998,0,0,33.0897131003488,0.175,Very Low
111.60380020000017,1.0995944999999998,0,0,38.99735891079489,0.175,Very Low
111.80380020000018,1.0995944999999998,0,0,23.332314089680395,0.175,Very Low
112.00380020000017,1.0995944999999998,0,0,11.634562201673786,0.175,Very Low
112.20380020000019,1.0995944999999998,0,0,4.0010425519073625,0.175,Very Low
112.40380020000018,1.0995944999999998,0,0,0.0,0.175,Very Low
112.6038002000002,1.0995944999999998,0,0,0.0,0.175,Very Low
112.80380020000018,1.0995944999999998,0,0,0.0,0.175,Very Low
113.0038002000002,1.0995944999999998,0,0,0.0,0.175,Very Low
113.20380020000019,1.0995944999999998,0,0,0.0,0.175,Very Low
113.4038002000002,1.0995944999999998,0,0,1.3083903331022997,0.175,Very Low
113.6038002000002,1.0995944999999998,0,0,1.3469490854680037,0.175,Very Low
113.80380020000021,1.0995944999999998,0,0,1.3516779890600241,0.175,Very Low
114.0038002000002,1.0995944999999998,0,0,0.0,0.175,Very Low
114.20380020000022,1.0995944999999998,0,0,0.0,0.175,Very Low
114.4038002000002,1.0995944999999998,0,0,0.0,0.175,Very Low
114.60380020000022,1.0995944999999998,0,0,0.0,0.175,Very Low
114.80380020000021,1.0995944999999998,0,0,0.0,0.175,Very Low
115.00380020000023,1.0995944999999998,0,0,0.0,0.175,Very Low
115.20380020000022,1.0995944999999998,0,0,0.0,0.175,Very Low
115.40380020000023,1.0995944999999998,0,0,0.0,0.175,Very Low
115.60380020000022,1.0995944999999998,0,0,0.0,0.175,Very Low
115.80380020000024,1.0995944999999998,0,0,0.0,0.175,Very Low
116.00380020000023,1.0995944999999998,0,0,0.0,0.175,Very Low
116.20380020000025,1.0995944999999998,0,0,0.0,0.175,Very Low
116.40380020000023,1.0995944999999998,0,0,0.0,0.175,Very Low
116.60380020000025,1.0995944999999998,0,0,0.0,0.175,Very Low
116.80380020000024,1.0995944999999998,0,0,0.0,0.175,Very Low
117.00380020000026,1.0995944999999998,0,0,0.0,0.175,Very Low
117.20380020000025,1.0995944999999998,0,0,0.0,0.175,Very Low
117.40380020000026,1.0995944999999998,0,0,0.0,0.175,Very Low
117.60380020000025,1.0995944999999998,0,0,0.0,0.175,Very Low
117.80380020000027,1.0995944999999998,0,0,0.0,0.175,Very Low
118.00380020000026,1.0995944999999998,0,0,0.0,0.175,Very Low
118.20380020000027,1.0995944999999998,0,0,0.0,0.175,Very Low
118.40380020000026,1.0995944999999998,0,0,0.0,0.175,Very Low
118.60380020000028,1.0995944999999998,0,0,0.0,0.175,Very Low
118.80380020000027,1.0995944999999998,0,0,0.0,0.175,Very Low
119.00380020000028,1.0995944999999998,0,0,0.0,0.175,Very Low
119.20380020000027,1.0995944999999998,0,0,0.0,0.175,Very Low
119.40380020000029,1.0995944999999998,0,0,0.0,0.175,Very Low
99.6038002,1.2995945,0,0,0.0,0.175,Very Low
99.80380020000001,1.2995945,0,0,0.0,0.175,Very Low
100.0038002,1.2995945,0,0,0.0,0.175,Very Low
100.20380020000002,1.2995945,0,0,0.0,0.175,Very Low
100.4038002,1.2995945,0,0,0.0,0.175,Very Low
100.60380020000002,1.2995945,0,0,0.0,0.175,Very Low
100.80380020000001,1.2995945,0,0,0.0,0.175,Very Low
101.00380020000003,1.2995945,0,0,0.0,0.175,Very Low
101.20380020000002,1.2995945,0,0,0.0,0.175,Very Low
101.40380020000003,1.2995945,0,0,0.0,0.175,Very Low
101.60380020000002,1.2995945,0,0,0.0,0.175,Very Low
101.80380020000004,1.2995945,0,0,0.0,0.175,Very Low
102.00380020000003,1.2995945,0,0,0.0,0.175,Very Low
102.20380020000005,1.2995945,0,0,0.0,0.175,Very Low
102.40380020000003,1.2995945,0,0,0.0,0.175,Very Low
102.60380020000005,1.2995945,0,0,0.0,0.175,Very Low
102.80380020000004,1.2995945,0,0,0.0,0.175,Very Low
103.00380020000006,1.2995945,0,0,0.0,0.175,Very Low
103.20380020000005,1.2995945,0,0,1150.1340136174802,0.175,Very Low
103.40380020000006,1.2995945,0,0,329.92191726894583,0.175,Very Low
103.60380020000005,1.2995945,0,0,939.721411794009,0.175,Very Low
103.80380020000007,1.2995945,0,10,2668.6833101311736,0.35,Low
104.00380020000006,1.2995945,0,0,908.2833370867029,0.175,Very Low
104.20380020000007,1.2995945,0,0,66.96387498863673,0.175,Very Low
104.40380020000006,1.2995945,0,0,47.57082069060382,0.175,Very Low
104.60380020000008,1.2995945,0,0,0.0,0.175,Very Low
104.80380020000007,1.2995945,0,0,0.0,0.175,Very Low
105.00380020000009,1.2995945,0,0,0.0,0.175,Very Low
105.20380020000007,1.2995945,0,0,0.0,0.175,Very Low
105.40380020000009,1.2995945,0,0,0.0,0.175,Very Low
105.60380020000008,1.2995945,0,0,0.0,0.175,Very Low
105.8038002000001,1.2995945,0,0,0.0,0.175,Very Low
106.00380020000009,1.2995945,0,0,0.0,0.175,Very Low
106.2038002000001,1.2995945,0,0,0.0,0.175,Very Low
106.40380020000009,1.2995945,0,0,0.0,0.175,Very Low
106.60380020000011,1.2995945,0,0,0.0,0.175,Very Low
106.8038002000001,1.2995945,0,0,0.0,0.175,Very Low
107.00380020000011,1.2995945,0,0,0.0,0.175,Very Low
107.2038002000001,1.2995945,0,0,0.0,0.175,Very Low
107.40380020000012,1.2995945,0,0,0.0,0.175,Very Low
107.60380020000011,1.2995945,0,0,0.0,0.175,Very Low
107.80380020000013,1.2995945,0,0,0.0,0.175,Very Low
108.00380020000011,1.2995945,0,0,0.0,0.175,Very Low
108.20380020000013,1.2995945,0,0,0.0,0.175,Very Low
108.40380020000012,1.2995945,0,0,0.0,0.175,Very Low
108.60380020000014,1.2995945,0,0,0.0,0.175,Very Low
108.80380020000013,1.2995945,0,0,0.0,0.175,Very Low
109.00380020000014,1.2995945,0,0,0.0,0.175,Very Low
109.20380020000013,1.2995945,0,0,0.0,0.175,Very Low
109.40380020000015,1.2995945,0,0,0.0,0.175,Very Low
109.60380020000014,1.2995945,0,0,7.522535800933838,0.175,Very Low
109.80380020000015,1.2995945,0,0,31.327972171963125,0.175,Very Low
110.00380020000014,1.2995945,0,0,60.813587401926185,0.175,Very Low
110.20380020000016,1.2995945,0,0,168.8468140496693,0.175,Very Low
110.40380020000015,1.2995945,0,0,199.91372516725284,0.175,Very Low
110.60380020000017,1.2995945,0,0,94.88060841514674,0.175,Very Low
110.80380020000015,1.2995945,0,0,21.629010594780144,0.175,Very Low
111.00380020000017,1.2995945,0,0,14.402755949925043,0.175,Very Low
111.20380020000016,1.2995945,0,0,15.552457109385314,0.175,Very Low
111.40380020000018,1.2995945,0,0,34.744042653899385,0.175,Very Low
111.60380020000017,1.2995945,0,0,37.347313647885144,0.175,Very Low
111.80380020000018,1.2995945,0,0,16.634507560296683,0.175,Very Low
112.00380020000017,1.2995945,0,0,6.118167837870181,0.175,Very Low
112.20380020000019,1.2995945,0,0,2.435708873438579,0.175,Very Low
112.40380020000018,1.2995945,0,0,1.9803404347463087,0.175,Very Low
112.6038002000002,1.2995945,0,0,0.0,0.175,Very Low
112.80380020000018,1.2995945,0,0,1.2402708945067034,0.175,Very Low
113.0038002000002,1.2995945,0,0,1.48092370380387,0.175,Very Low
113.20380020000019,1.2995945,0,0,1.587692344855321,0.175,Very Low
113.4038002000002,1.2995945,0,0,1.7041400511545142,0.175,Very Low
113.6038002000002,1.2995945,0,0,1.6116090496830486,0.175,Very Low
113.80380020000021,1.2995945,0,0,1.4824494636916705,0.175,Very Low
114.0038002000002,1.2995945,0,0,1.5177173454510537,0.175,Very Low
114.20380020000022,1.2995945,0,0,1.7996077214446022,0.175,Very Low
114.4038002000002,1.2995945,0,0,1.905531512762972,0.175,Very Low
114.60380020000022,1.2995945,0,0,1.8365797163492226,0.175,Very Low
114.80380020000021,1.2995945,0,0,0.0,0.175,Very Low
115.00380020000023,1.2995945,0,0,0.0,0.175,Very Low
115.20380020000022,1.2995945,0,0,0.0,0.175,Very Low
115.40380020000023,1.2995945,0,0,0.0,0.175,Very Low
115.60380020000022,1.2995945,0,0,0.0,0.175,Very Low
115.80380020000024,1.2995945,0,0,0.0,0.175,Very Low
116.00380020000023,1.2995945,0,0,0.0,0.175,Very Low
116.20380020000025,1.2995945,0,0,0.0,0.175,Very Low
116.40380020000023,1.2995945,0,0,0.0,0.175,Very Low
116.60380020000025,1.2995945,0,0,0.0,0.175,Very Low
116.80380020000024,1.2995945,0,0,0.0,0.175,Very Low
117.00380020000026,1.2995945,0,0,0.0,0.175,Very Low
117.20380020000025,1.2995945,0,0,0.0,0.175,Very Low
117.40380020000026,1.2995945,0,0,0.0,0.175,Very Low
117.60380020000025,1.2995945,0,0,0.0,0.175,Very Low
117.80380020000027,1.2995945,0,0,0.0,0.175,Very Low
118.00380020000026,1.2995945,0,0,0.0,0.175,Very Low
118.20380020000027,1.2995945,0,0,0.0,0.175,Very Low
118.40380020000026,1.2995945,0,0,0.0,0.175,Very Low
118.60380020000028,1.2995945,0,0,0.0,0.175,Very Low
118.80380020000027,1.2995945,0,0,0.0,0.175,Very Low
119.00380020000028,1.2995945,0,0,0.0,0.175,Very Low
119.20380020000027,1.2995945,0,0,0.0,0.175,Very Low
119.40380020000029,1.2995945,0,0,0.0,0.175,Very Low
99.6038002,1.4995944999999997,0,0,0.0,0.175,Very Low
99.80380020000001,1.4995944999999997,0,0,0.0,0.175,Very Low
100.0038002,1.4995944999999997,0,0,0.0,0.175,Very Low
100.20380020000002,1.4995944999999997,0,0,0.0,0.175,Very Low
100.4038002,1.4995944999999997,0,0,0.0,0.175,Very Low
100.60380020000002,1.4995944999999997,0,0,0.0,0.175,Very Low
100.80380020000001,1.4995944999999997,0,0,0.0,0.175,Very Low
101.00380020000003,1.4995944999999997,0,0,0.0,0.175,Very Low
101.20380020000002,1.4995944999999997,0,0,0.0,0.175,Very Low
101.40380020000003,1.4995944999999997,0,0,0.0,0.175,Very Low
101.60380020000002,1.4995944999999997,0,0,0.0,0.175,Very Low
101.80380020000004,1.4995944999999997,0,0,0.0,0.175,Very Low
102.00380020000003,1.4995944999999997,0,0,0.0,0.175,Very Low
102.20380020000005,1.4995944999999997,0,0,0.0,0.175,Very Low
102.40380020000003,1.4995944999999997,0,0,0.0,0.175,Very Low
102.60380020000005,1.4995944999999997,0,0,0.0,0.175,Very Low
102.80380020000004,1.4995944999999997,0,0,0.0,0.175,Very Low
103.00380020000006,1.4995944999999997,0,0,196.3748746248755,0.175,Very Low
103.20380020000005,1.4995944999999997,0,0,200.52391383900988,0.175,Very Low
103.40380020000006,1.4995944999999997,0,1,322.1905654280849,0.19249999999999998,Very Low
103.60380020000005,1.4995944999999997,0,0,1110.0550952601382,0.175,Very Low
103.80380020000007,1.4995944999999997,0,12,1598.7915278309524,0.385,Low
104.00380020000006,1.4995944999999997,0,0,489.09979056829746,0.175,Very Low
104.20380020000007,1.4995944999999997,0,0,64.55276351143615,0.175,Very Low
104.40380020000006,1.4995944999999997,0,0,72.59434383150972,0.175,Very Low
104.60380020000008,1.4995944999999997,0,0,0.0,0.175,Very Low
104.80380020000007,1.4995944999999997,0,0,0.0,0.175,Very Low
105.00380020000009,1.4995944999999997,0,0,0.0,0.175,Very Low
105.20380020000007,1.4995944999999997,0,0,0.0,0.175,Very Low
105.40380020000009,1.4995944999999997,0,0,0.0,0.175,Very Low
105.60380020000008,1.4995944999999997,0,0,0.0,0.175,Very Low
105.8038002000001,1.4995944999999997,0,0,0.0,0.175,Very Low
106.00380020000009,1.4995944999999997,0,0,0.0,0.175,Very Low
106.2038002000001,1.4995944999999997,0,0,0.0,0.175,Very Low
106.40380020000009,1.4995944999999997,0,0,0.0,0.175,Very Low
106.60380020000011,1.4995944999999997,0,0,0.0,0.175,Very Low
106.8038002000001,1.4995944999999997,0,0,0.0,0.175,Very Low
107.00380020000011,1.4995944999999997,0,0,0.0,0.175,Very Low
107.2038002000001,1.4995944999999997,0,0,0.0,0.175,Very Low
107.40380020000012,1.4995944999999997,0,0,0.0,0.175,Very Low
107.60380020000011,1.4995944999999997,0,0,0.0,0.175,Very Low
107.80380020000013,1.4995944999999997,0,0,0.0,0.175,Very Low
108.00380020000011,1.4995944999999997,0,0,0.0,0.175,Very Low
108.20380020000013,1.4995944999999997,0,0,0.0,0.175,Very Low
108.40380020000012,1.4995944999999997,0,0,0.0,0.175,Very Low
108.60380020000014,1.4995944999999997,0,0,0.0,0.175,Very Low
108.80380020000013,1.4995944999999997,0,0,0.0,0.175,Very Low
109.00380020000014,1.4995944999999997,0,0,0.0,0.175,Very Low
109.20380020000013,1.4995944999999997,0,0,0.0,0.175,Very Low
109.40380020000015,1.4995944999999997,0,0,0.0,0.175,Very Low
109.60380020000014,1.4995944999999997,0,0,20.069057668281708,0.175,Very Low
109.80380020000015,1.4995944999999997,0,0,26.28571448770163,0.175,Very Low
110.00380020000014,1.4995944999999997,0,0,49.67071071847073,0.175,Very Low
110.20380020000016,1.4995944999999997,0,0,385.9791605655964,0.175,Very Low
110.40380020000015,1.4995944999999997,0,9,477.74232570123496,0.3325,Low
110.60380020000017,1.4995944999999997,0,0,144.26886684219895,0.175,Very Low
110.80380020000015,1.4995944999999997,0,0,36.72345923696709,0.175,Very Low
111.00380020000017,1.4995944999999997,0,0,17.259575138241484,0.175,Very Low
111.20380020000016,1.4995944999999997,0,0,24.695753501481153,0.175,Very Low
111.40380020000018,1.4995944999999997,0,0,33.871941375795245,0.175,Very Low
111.60380020000017,1.4995944999999997,0,0,23.719881866788842,0.175,Very Low
111.80380020000018,1.4995944999999997,0,0,9.037301208151298,0.175,Very Low
112.00380020000017,1.4995944999999997,0,0,3.959599533435813,0.175,Very Low
112.20380020000019,1.4995944999999997,0,0,2.0096496243812747,0.175,Very Low
112.40380020000018,1.4995944999999997,0,0,2.4854060404117293,0.175,Very Low
112.6038002000002,1.4995944999999997,0,0,2.973663141343103,0.175,Very Low
112.80380020000018,1.4995944999999997,0,0,2.28072435975535,0.175,Very Low
113.0038002000002,1.4995944999999997,0,0,2.101271214464615,0.175,Very Low
113.20380020000019,1.4995944999999997,0,0,2.2737879383536206,0.175,Very Low
113.4038002000002,1.4995944999999997,0,0,2.126627222554612,0.175,Very Low
113.6038002000002,1.4995944999999997,0,0,1.9747351405905083,0.175,Very Low
113.80380020000021,1.4995944999999997,0,0,1.8542909847104194,0.175,Very Low
114.0038002000002,1.4995944999999997,0,0,1.8389972740147196,0.175,Very Low
114.20380020000022,1.4995944999999997,0,0,2.4762373803641555,0.175,Very Low
114.4038002000002,1.4995944999999997,0,0,3.2015427181090432,0.175,Very Low
114.60380020000022,1.4995944999999997,0,0,3.2811152457263217,0.175,Very Low
114.80380020000021,1.4995944999999997,0,0,2.5573863144648277,0.175,Very Low
115.00380020000023,1.4995944999999997,0,0,0.0,0.175,Very Low
115.20380020000022,1.4995944999999997,0,0,0.0,0.175,Very Low
115.40380020000023,1.4995944999999997,0,0,0.0,0.175,Very Low
115.60380020000022,1.4995944999999997,0,0,0.0,0.175,Very Low
115.80380020000024,1.4995944999999997,0,0,0.0,0.175,Very Low
116.00380020000023,1.4995944999999997,0,0,0.0,0.175,Very Low
116.20380020000025,1.4995944999999997,0,0,0.0,0.175,Very Low
116.40380020000023,1.4995944999999997,0,0,0.0,0.175,Very Low
116.60380020000025,1.4995944999999997,0,0,0.0,0.175,Very Low
116.80380020000024,1.4995944999999997,0,0,0.0,0.175,Very Low
117.00380020000026,1.4995944999999997,0,0,0.0,0.175,Very Low
117.20380020000025,1.4995944999999997,0,0,0.0,0.175,Very Low
117.40380020000026,1.4995944999999997,0,0,0.0,0.175,Very Low
117.60380020000025,1.4995944999999997,0,0,0.0,0.175,Very Low
117.80380020000027,1.4995944999999997,0,0,0.0,0.175,Very Low
118.00380020000026,1.4995944999999997,0,0,0.0,0.175,Very Low
118.20380020000027,1.4995944999999997,0,0,0.0,0.175,Very Low
118.40380020000026,1.4995944999999997,0,0,0.0,0.175,Very Low
118.60380020000028,1.4995944999999997,0,0,0.0,0.175,Very Low
118.80380020000027,1.4995944999999997,0,0,0.0,0.175,Very Low
119.00380020000028,1.4995944999999997,0,0,0.0,0.175,Very Low
119.20380020000027,1.4995944999999997,0,0,0.0,0.175,Very Low
119.40380020000029,1.4995944999999997,0,0,0.0,0.175,Very Low
99.6038002,1.6995945,0,0,0.0,0.175,Very Low
99.80380020000001,1.6995945,0,0,0.0,0.175,Very Low
100.0038002,1.6995945,0,0,0.0,0.175,Very Low
100.20380020000002,1.6995945,0,0,0.0,0.175,Very Low
100.4038002,1.6995945,0,1,0.0,0.19249999999999998,Very Low
100.60380020000002,1.6995945,0,0,0.0,0.175,Very Low
100.80380020000001,1.6995945,0,0,0.0,0.175,Very Low
101.00380020000003,1.6995945,0,0,0.0,0.175,Very Low
101.20380020000002,1.6995945,0,0,0.0,0.175,Very Low
101.40380020000003,1.6995945,0,0,0.0,0.175,Very Low
101.60380020000002,1.6995945,0,0,0.0,0.175,Very Low
101.80380020000004,1.6995945,0,0,0.0,0.175,Very Low
102.00380020000003,1.6995945,0,0,0.0,0.175,Very Low
102.20380020000005,1.6995945,0,0,0.0,0.175,Very Low
102.40380020000003,1.6995945,0,0,0.0,0.175,Very Low
102.60380020000005,1.6995945,0,0,131.27596740263053,0.175,Very Low
102.80380020000004,1.6995945,0,0,565.3950985298782,0.175,Very Low
103.00380020000006,1.6995945,0,0,378.1439593004185,0.175,Very Low
103.20380020000005,1.6995945,0,0,173.72457682442217,0.175,Very Low
103.40380020000006,1.6995945,0,0,203.98648264076758,0.175,Very Low
103.60380020000005,1.6995945,0,0,636.8543841826419,0.175,Very Low
103.80380020000007,1.6995945,0,0,680.0659226145893,0.175,Very Low
104.00380020000006,1.6995945,0,0,202.63069817697973,0.175,Very Low
104.20380020000007,1.6995945,0,0,53.59878333991458,0.175,Very Low
104.40380020000006,1.6995945,0,0,96.12593711829334,0.175,Very Low
104.60380020000008,1.6995945,0,0,0.0,0.175,Very Low
104.80380020000007,1.6995945,0,0,0.0,0.175,Very Low
105.00380020000009,1.6995945,0,0,0.0,0.175,Very Low
105.20380020000007,1.6995945,0,0,0.0,0.175,Very Low
105.40380020000009,1.6995945,0,0,0.0,0.175,Very Low
105.60380020000008,1.6995945,0,0,0.0,0.175,Very Low
105.8038002000001,1.6995945,0,0,0.0,0.175,Very Low
106.00380020000009,1.6995945,0,0,0.0,0.175,Very Low
106.2038002000001,1.6995945,0,0,0.0,0.175,Very Low
106.40380020000009,1.6995945,0,0,0.0,0.175,Very Low
106.60380020000011,1.6995945,0,0,0.0,0.175,Very Low
106.8038002000001,1.6995945,0,0,0.0,0.175,Very Low
107.00380020000011,1.6995945,0,0,0.0,0.175,Very Low
107.2038002000001,1.6995945,0,0,0.0,0.175,Very Low
107.40380020000012,1.6995945,0,0,0.0,0.175,Very Low
107.60380020000011,1.6995945,0,0,0.0,0.175,Very Low
107.80380020000013,1.6995945,0,0,0.0,0.175,Very Low
108.00380020000011,1.6995945,0,0,0.0,0.175,Very Low
108.20380020000013,1.6995945,0,0,0.0,0.175,Very Low
108.40380020000012,1.6995945,0,0,0.0,0.175,Very Low
108.60380020000014,1.6995945,0,0,0.0,0.175,Very Low
108.80380020000013,1.6995945,0,0,0.0,0.175,Very Low
109.00380020000014,1.6995945,0,0,0.0,0.175,Very Low
109.20380020000013,1.6995945,0,0,0.0,0.175,Very Low
109.40380020000015,1.6995945,0,0,3.6458884505338447,0.175,Very Low
109.60380020000014,1.6995945,0,0,23.121752421173767,0.175,Very Low
109.80380020000015,1.6995945,0,0,25.432079624070063,0.175,Very Low
110.00380020000014,1.6995945,0,0,32.26513058608405,0.175,Very Low
110.20380020000016,1.6995945,0,0,471.1441534775491,0.175,Very Low
110.40380020000015,1.6995945,0,0,580.4576826686942,0.175,Very Low
110.60380020000017,1.6995945,0,0,169.66767641670708,0.175,Very Low
110.80380020000015,1.6995945,0,0,91.91061722004052,0.175,Very Low
111.00380020000017,1.6995945,0,0,29.143990791741775,0.175,Very Low
111.20380020000016,1.6995945,0,0,35.73413400182584,0.175,Very Low
111.40380020000018,1.6995945,0,0,32.969775443797936,0.175,Very Low
111.60380020000017,1.6995945,0,0,18.388601606918705,0.175,Very Low
111.80380020000018,1.6995945,0,0,10.260291744230521,0.175,Very Low
112.00380020000017,1.6995945,0,0,5.602908706577081,0.175,Very Low
112.20380020000019,1.6995945,0,0,3.3795808269379175,0.175,Very Low
112.40380020000018,1.6995945,0,0,4.539514426708908,0.175,Very Low
112.6038002000002,1.6995945,0,0,4.760886445524799,0.175,Very Low
112.80380020000018,1.6995945,0,0,2.702890024355301,0.175,Very Low
113.0038002000002,1.6995945,0,0,2.5450507095242525,0.175,Very Low
113.20380020000019,1.6995945,0,0,2.8918287124254007,0.175,Very Low
113.4038002000002,1.6995945,0,0,2.7060947691400847,0.175,Very Low
113.6038002000002,1.6995945,0,0,2.7550737077577248,0.175,Very Low
113.80380020000021,1.6995945,0,0,2.6712488793354066,0.175,Very Low
114.0038002000002,1.6995945,0,0,2.421447308630579,0.175,Very Low
114.20380020000022,1.6995945,0,0,2.901100149787054,0.175,Very Low
114.4038002000002,1.6995945,0,0,3.0911079880712333,0.175,Very Low
114.60380020000022,1.6995945,0,0,2.945536198455896,0.175,Very Low
114.80380020000021,1.6995945,0,0,3.330606603725425,0.175,Very Low
115.00380020000023,1.6995945,0,0,3.150139093399048,0.175,Very Low
115.20380020000022,1.6995945,0,0,0.0,0.175,Very Low
115.40380020000023,1.6995945,0,0,0.0,0.175,Very Low
115.60380020000022,1.6995945,0,0,0.0,0.175,Very Low
115.80380020000024,1.6995945,0,0,0.0,0.175,Very Low
116.00380020000023,1.6995945,0,0,0.0,0.175,Very Low
116.20380020000025,1.6995945,0,0,0.0,0.175,Very Low
116.40380020000023,1.6995945,0,0,0.0,0.175,Very Low
116.60380020000025,1.6995945,0,0,0.0,0.175,Very Low
116.80380020000024,1.6995945,0,0,0.0,0.175,Very Low
117.00380020000026,1.6995945,0,0,0.0,0.175,Very Low
117.20380020000025,1.6995945,0,0,0.0,0.175,Very Low
117.40380020000026,1.6995945,0,0,0.0,0.175,Very Low
117.60380020000025,1.6995945,0,0,0.0,0.175,Very Low
117.80380020000027,1.6995945,0,0,0.0,0.175,Very Low
118.00380020000026,1.6995945,0,0,0.0,0.175,Very Low
118.20380020000027,1.6995945,0,0,0.0,0.175,Very Low
118.40380020000026,1.6995945,0,0,0.0,0.175,Very Low
118.60380020000028,1.6995945,0,0,0.0,0.175,Very Low
118.80380020000027,1.6995945,0,0,0.0,0.175,Very Low
119.00380020000028,1.6995945,0,0,0.0,0.175,Very Low
119.20380020000027,1.6995945,0,0,0.0,0.175,Very Low
119.40380020000029,1.6995945,0,0,0.0,0.175,Very Low
99.6038002,1.8995944999999996,0,0,0.0,0.175,Very Low
99.80380020000001,1.8995944999999996,0,0,0.0,0.175,Very Low
100.0038002,1.8995944999999996,0,0,0.0,0.175,Very Low
100.20380020000002,1.8995944999999996,0,0,0.0,0.175,Very Low
100.4038002,1.8995944999999996,0,0,0.0,0.175,Very Low
100.60380020000002,1.8995944999999996,0,0,0.0,0.175,Very Low
100.80380020000001,1.8995944999999996,0,0,0.0,0.175,Very Low
101.00380020000003,1.8995944999999996,0,0,0.0,0.175,Very Low
101.20380020000002,1.8995944999999996,0,0,0.0,0.175,Very Low
101.40380020000003,1.8995944999999996,0,0,0.0,0.175,Very Low
101.60380020000002,1.8995944999999996,0,0,0.0,0.175,Very Low
101.80380020000004,1.8995944999999996,0,0,0.0,0.175,Very Low
102.00380020000003,1.8995944999999996,0,0,0.0,0.175,Very Low
102.20380020000005,1.8995944999999996,0,0,21.0559960603714,0.175,Very Low
102.40380020000003,1.8995944999999996,0,0,1288.841616493225,0.175,Very Low
102.60380020000005,1.8995944999999996,0,0,380.6915213343302,0.175,Very Low
102.80380020000004,1.8995944999999996,0,0,285.54476300102624,0.175,Very Low
103.00380020000006,1.8995944999999996,0,0,260.1871237536919,0.175,Very Low
103.20380020000005,1.8995944999999996,0,0,231.3677743121806,0.175,Very Low
103.40380020000006,1.8995944999999996,0,0,163.58905188386174,0.175,Very Low
103.60380020000005,1.8995944999999996,0,0,45.27742133838942,0.175,Very Low
103.80380020000007,1.8995944999999996,0,0,48.012665410114884,0.175,Very Low
104.00380020000006,1.8995944999999996,0,0,53.032488334153506,0.175,Very Low
104.20380020000007,1.8995944999999996,0,0,40.517637518949286,0.175,Very Low
104.40380020000006,1.8995944999999996,0,0,6.106856005532401,0.175,Very Low
104.60380020000008,1.8995944999999996,0,0,0.0,0.175,Very Low
104.80380020000007,1.8995944999999996,0,0,0.0,0.175,Very Low
105.00380020000009,1.8995944999999996,0,0,0.0,0.175,Very Low
105.20380020000007,1.8995944999999996,0,0,0.0,0.175,Very Low
105.40380020000009,1.8995944999999996,0,0,0.0,0.175,Very Low
105.60380020000008,1.8995944999999996,0,0,0.0,0.175,Very Low
105.8038002000001,1.8995944999999996,0,0,0.0,0.175,Very Low
106.00380020000009,1.8995944999999996,0,0,0.0,0.175,Very Low
106.2038002000001,1.8995944999999996,0,0,0.0,0.175,Very Low
106.40380020000009,1.8995944999999996,0,0,0.0,0.175,Very Low
106.60380020000011,1.8995944999999996,0,0,0.0,0.175,Very Low
106.8038002000001,1.8995944999999996,0,0,0.0,0.175,Very Low
107.00380020000011,1.8995944999999996,0,0,0.0,0.175,Very Low
107.2038002000001,1.8995944999999996,0,0,0.0,0.175,Very Low
107.40380020000012,1.8995944999999996,0,0,0.0,0.175,Very Low
107.60380020000011,1.8995944999999996,0,0,0.0,0.175,Very Low
107.80380020000013,1.8995944999999996,0,0,0.0,0.175,Very Low
108.00380020000011,1.8995944999999996,0,0,0.0,0.175,Very Low
108.20380020000013,1.8995944999999996,0,0,0.0,0.175,Very Low
108.40380020000012,1.8995944999999996,0,0,0.0,0.175,Very Low
108.60380020000014,1.8995944999999996,0,0,0.0,0.175,Very Low
108.80380020000013,1.8995944999999996,0,0,0.0,0.175,Very Low
109.00380020000014,1.8995944999999996,0,0,0.0,0.175,Very Low
109.20380020000013,1.8995944999999996,0,0,0.0,0.175,Very Low
109.40380020000015,1.8995944999999996,0,0,7.961988532796819,0.175,Very Low
109.60380020000014,1.8995944999999996,0,0,22.95211084525079,0.175,Very Low
109.80380020000015,1.8995944999999996,0,0,25.52075758189486,0.175,Very Low
110.00380020000014,1.8995944999999996,0,0,22.899352790640414,0.175,Very Low
110.20380020000016,1.8995944999999996,0,0,92.89679248858306,0.175,Very Low
110.40380020000015,1.8995944999999996,0,0,83.02738244944605,0.175,Very Low
110.60380020000017,1.8995944999999996,0,0,30.405911535586952,0.175,Very Low
110.80380020000015,1.8995944999999996,0,0,0.0,0.175,Very Low
111.00380020000017,1.8995944999999996,0,0,36.160796852111815,0.175,Very Low
111.20380020000016,1.8995944999999996,0,0,34.35221397446603,0.175,Very Low
111.40380020000018,1.8995944999999996,0,0,30.705437449531424,0.175,Very Low
111.60380020000017,1.8995944999999996,0,0,24.097227884870435,0.175,Very Low
111.80380020000018,1.8995944999999996,0,0,17.219403829736013,0.175,Very Low
112.00380020000017,1.8995944999999996,0,0,13.278371456389626,0.175,Very Low
112.20380020000019,1.8995944999999996,0,0,10.734274314302537,0.175,Very Low
112.40380020000018,1.8995944999999996,0,0,10.72067581003325,0.175,Very Low
112.6038002000002,1.8995944999999996,0,0,9.606418582584915,0.175,Very Low
112.80380020000018,1.8995944999999996,0,0,7.167600150840978,0.175,Very Low
113.0038002000002,1.8995944999999996,0,0,6.5295474649044785,0.175,Very Low
113.20380020000019,1.8995944999999996,0,0,4.515555307734758,0.175,Very Low
113.4038002000002,1.8995944999999996,0,0,3.543678225380265,0.175,Very Low
113.6038002000002,1.8995944999999996,0,0,3.4309112848196595,0.175,Very Low
113.80380020000021,1.8995944999999996,0,0,3.0339485006924303,0.175,Very Low
114.0038002000002,1.8995944999999996,0,0,2.3891034562451146,0.175,Very Low
114.20380020000022,1.8995944999999996,0,0,2.495942580022125,0.175,Very Low
114.4038002000002,1.8995944999999996,0,0,2.304831910671459,0.175,Very Low
114.60380020000022,1.8995944999999996,0,0,2.714796943007519,0.175,Very Low
114.80380020000021,1.8995944999999996,0,0,3.8349096491604273,0.175,Very Low
115.00380020000023,1.8995944999999996,0,0,3.602860765728524,0.175,Very Low
115.20380020000022,1.8995944999999996,0,0,0.0,0.175,Very Low
115.40380020000023,1.8995944999999996,0,0,0.0,0.175,Very Low
115.60380020000022,1.8995944999999996,0,0,0.0,0.175,Very Low
115.80380020000024,1.8995944999999996,0,0,0.0,0.175,Very Low
116.00380020000023,1.8995944999999996,0,0,0.0,0.175,Very Low
116.20380020000025,1.8995944999999996,0,0,0.0,0.175,Very Low
116.40380020000023,1.8995944999999996,0,0,0.0,0.175,Very Low
116.60380020000025,1.8995944999999996,0,0,0.0,0.175,Very Low
116.80380020000024,1.8995944999999996,0,0,0.0,0.175,Very Low
117.00380020000026,1.8995944999999996,0,0,0.0,0.175,Very Low
117.20380020000025,1.8995944999999996,0,0,0.0,0.175,Very Low
117.40380020000026,1.8995944999999996,0,0,0.0,0.175,Very Low
117.60380020000025,1.8995944999999996,0,0,0.0,0.175,Very Low
117.80380020000027,1.8995944999999996,0,0,0.0,0.175,Very Low
118.00380020000026,1.8995944999999996,0,0,0.0,0.175,Very Low
118.20380020000027,1.8995944999999996,0,0,0.0,0.175,Very Low
118.40380020000026,1.8995944999999996,0,0,0.0,0.175,Very Low
118.60380020000028,1.8995944999999996,0,0,0.0,0.175,Very Low
118.80380020000027,1.8995944999999996,0,0,0.0,0.175,Very Low
119.00380020000028,1.8995944999999996,0,0,0.0,0.175,Very Low
119.20380020000027,1.8995944999999996,0,0,0.0,0.175,Very Low
119.40380020000029,1.8995944999999996,0,0,0.0,0.175,Very Low
99.6038002,2.0995945,0,0,0.0,0.175,Very Low
99.80380020000001,2.0995945,0,0,0.0,0.175,Very Low
100.0038002,2.0995945,0,0,0.0,0.175,Very Low
100.20380020000002,2.0995945,0,0,0.0,0.175,Very Low
100.4038002,2.0995945,0,0,0.0,0.175,Very Low
100.60380020000002,2.0995945,0,0,0.0,0.175,Very Low
100.80380020000001,2.0995945,0,0,0.0,0.175,Very Low
101.00380020000003,2.0995945,0,0,0.0,0.175,Very Low
101.20380020000002,2.0995945,0,0,0.0,0.175,Very Low
101.40380020000003,2.0995945,0,0,0.0,0.175,Very Low
101.60380020000002,2.0995945,0,0,0.0,0.175,Very Low
101.80380020000004,2.0995945,0,0,0.0,0.175,Very Low
102.00380020000003,2.0995945,0,0,1406.1148962453633,0.175,Very Low
102.20380020000005,2.0995945,0,0,1591.9405358296854,0.175,Very Low
102.40380020000003,2.0995945,0,0,916.2285109870676,0.175,Very Low
102.60380020000005,2.0995945,0,0,283.2639360522749,0.175,Very Low
102.80380020000004,2.0995945,0,0,129.80941786276236,0.175,Very Low
103.00380020000006,2.0995945,0,0,94.88491879470854,0.175,Very Low
103.20380020000005,2.0995945,0,0,158.64910179019594,0.175,Very Low
103.40380020000006,2.0995945,0,0,121.31214349467255,0.175,Very Low
103.60380020000005,2.0995945,0,0,15.536941156772992,0.175,Very Low
103.80380020000007,2.0995945,0,0,11.295020976939773,0.175,Very Low
104.00380020000006,2.0995945,0,0,22.527788719453635,0.175,Very Low
104.20380020000007,2.0995945,0,0,38.17740886087542,0.175,Very Low
104.40380020000006,2.0995945,0,0,0.0,0.175,Very Low
104.60380020000008,2.0995945,0,0,0.0,0.175,Very Low
104.80380020000007,2.0995945,0,0,0.0,0.175,Very Low
105.00380020000009,2.0995945,0,0,0.0,0.175,Very Low
105.20380020000007,2.0995945,0,0,0.0,0.175,Very Low
105.40380020000009,2.0995945,0,0,0.0,0.175,Very Low
105.60380020000008,2.0995945,0,0,0.0,0.175,Very Low
105.8038002000001,2.0995945,0,0,0.0,0.175,Very Low
106.00380020000009,2.0995945,0,0,0.0,0.175,Very Low
106.2038002000001,2.0995945,0,0,0.0,0.175,Very Low
106.40380020000009,2.0995945,0,0,0.0,0.175,Very Low
106.60380020000011,2.0995945,0,0,0.0,0.175,Very Low
106.8038002000001,2.0995945,0,0,0.0,0.175,Very Low
107.00380020000011,2.0995945,0,0,0.0,0.175,Very Low
107.2038002000001,2.0995945,0,0,0.0,0.175,Very Low
107.40380020000012,2.0995945,0,0,0.0,0.175,Very Low
107.60380020000011,2.0995945,0,0,0.0,0.175,Very Low
107.80380020000013,2.0995945,0,0,0.0,0.175,Very Low
108.00380020000011,2.0995945,0,0,0.0,0.175,Very Low
108.20380020000013,2.0995945,0,0,0.0,0.175,Very Low
108.40380020000012,2.0995945,0,0,0.0,0.175,Very Low
108.60380020000014,2.0995945,0,0,0.0,0.175,Very Low
108.80380020000013,2.0995945,0,0,0.0,0.175,Very Low
109.00380020000014,2.0995945,0,0,0.0,0.175,Very Low
109.20380020000013,2.0995945,0,0,0.0,0.175,Very Low
109.40380020000015,2.0995945,0,0,11.60105330803815,0.175,Very Low
109.60380020000014,2.0995945,0,0,16.395442186130417,0.175,Very Low
109.80380020000015,2.0995945,0,0,19.02462318379392,0.175,Very Low
110.00380020000014,2.0995945,0,0,0.0,0.175,Very Low
110.20380020000016,2.0995945,0,0,0.0,0.175,Very Low
110.40380020000015,2.0995945,0,0,0.0,0.175,Very Low
110.60380020000017,2.0995945,0,0,0.0,0.175,Very Low
110.80380020000015,2.0995945,0,0,0.0,0.175,Very Low
111.00380020000017,2.0995945,0,0,35.25865613712984,0.175,Very Low
111.20380020000016,2.0995945,0,0,35.502611464192434,0.175,Very Low
111.40380020000018,2.0995945,0,0,43.271706752015675,0.175,Very Low
111.60380020000017,2.0995945,0,0,44.250929704453384,0.175,Very Low
111.80380020000018,2.0995945,0,0,81.5578131304226,0.175,Very Low
112.00380020000017,2.0995945,0,0,75.71241906978604,0.175,Very Low
112.20380020000019,2.0995945,0,0,18.372816846395533,0.175,Very Low
112.40380020000018,2.0995945,0,0,10.662906522345212,0.175,Very Low
112.6038002000002,2.0995945,0,0,8.722843975915263,0.175,Very Low
112.80380020000018,2.0995945,0,0,7.633257184177637,0.175,Very Low
113.0038002000002,2.0995945,0,0,7.262981649436471,0.175,Very Low
113.20380020000019,2.0995945,0,0,4.875970913459444,0.175,Very Low
113.4038002000002,2.0995945,0,0,3.6823792085310236,0.175,Very Low
113.6038002000002,2.0995945,0,0,3.0986413137676814,0.175,Very Low
113.80380020000021,2.0995945,0,0,2.17116685775626,0.175,Very Low
114.0038002000002,2.0995945,0,0,1.7619520667164277,0.175,Very Low
114.20380020000022,2.0995945,0,0,1.9034430654719472,0.175,Very Low
114.4038002000002,2.0995945,0,0,1.8597185936911653,0.175,Very Low
114.60380020000022,2.0995945,0,0,2.10461728494439,0.175,Very Low
114.80380020000021,2.0995945,0,0,2.588118830629175,0.175,Very Low
115.00380020000023,2.0995945,0,0,2.4414536946827603,0.175,Very Low
115.20380020000022,2.0995945,0,0,0.0,0.175,Very Low
115.40380020000023,2.0995945,0,0,0.0,0.175,Very Low
115.60380020000022,2.0995945,0,0,0.0,0.175,Very Low
115.80380020000024,2.0995945,0,0,0.0,0.175,Very Low
116.00380020000023,2.0995945,0,0,0.0,0.175,Very Low
116.20380020000025,2.0995945,0,0,0.0,0.175,Very Low
116.40380020000023,2.0995945,0,0,0.0,0.175,Very Low
116.60380020000025,2.0995945,0,0,0.0,0.175,Very Low
116.80380020000024,2.0995945,0,0,0.0,0.175,Very Low
117.00380020000026,2.0995945,0,0,0.0,0.175,Very Low
117.20380020000025,2.0995945,0,0,0.0,0.175,Very Low
117.40380020000026,2.0995945,0,0,0.0,0.175,Very Low
117.60380020000025,2.0995945,0,0,0.0,0.175,Very Low
117.80380020000027,2.0995945,0,0,0.0,0.175,Very Low
118.00380020000026,2.0995945,0,0,0.0,0.175,Very Low
118.20380020000027,2.0995945,0,0,0.0,0.175,Very Low
118.40380020000026,2.0995945,0,0,0.0,0.175,Very Low
118.60380020000028,2.0995945,0,0,0.0,0.175,Very Low
118.80380020000027,2.0995945,0,0,0.0,0.175,Very Low
119.00380020000028,2.0995945,0,0,0.0,0.175,Very Low
119.20380020000027,2.0995945,0,0,0.0,0.175,Very Low
119.40380020000029,2.0995945,0,0,0.0,0.175,Very Low
99.6038002,2.2995944999999995,0,0,0.0,0.175,Very Low
99.80380020000001,2.2995944999999995,0,0,0.0,0.175,Very Low
100.0038002,2.2995944999999995,0,0,0.0,0.175,Very Low
100.20380020000002,2.2995944999999995,0,0,0.0,0.175,Very Low
100.4038002,2.2995944999999995,0,0,0.0,0.175,Very Low
100.60380020000002,2.2995944999999995,0,0,0.0,0.175,Very Low
100.80380020000001,2.2995944999999995,0,0,0.0,0.175,Very Low
101.00380020000003,2.2995944999999995,0,0,0.0,0.175,Very Low
101.20380020000002,2.2995944999999995,0,0,0.0,0.175,Very Low
101.40380020000003,2.2995944999999995,0,0,0.0,0.175,Very Low
101.60380020000002,2.2995944999999995,0,0,0.0,0.175,Very Low
101.80380020000004,2.2995944999999995,0,0,253.41231345829843,0.175,Very Low
102.00380020000003,2.2995944999999995,0,0,432.6639733951185,0.175,Very Low
102.20380020000005,2.2995944999999995,0,0,723.556365104666,0.175,Very Low
102.40380020000003,2.2995944999999995,0,0,506.439007350057,0.175,Very Low
102.60380020000005,2.2995944999999995,0,1,145.79088580099105,0.19249999999999998,Very Low
102.80380020000004,2.2995944999999995,0,0,83.14560044494768,0.175,Very Low
103.00380020000006,2.2995944999999995,0,0,55.91451934197297,0.175,Very Low
103.20380020000005,2.2995944999999995,0,0,32.1046562076986,0.175,Very Low
103.40380020000006,2.2995944999999995,0,0,15.117474843346928,0.175,Very Low
103.60380020000005,2.2995944999999995,0,0,11.826778003273326,0.175,Very Low
103.80380020000007,2.2995944999999995,0,0,31.653442371568683,0.175,Very Low
104.00380020000006,2.2995944999999995,0,0,61.89256286902248,0.175,Very Low
104.20380020000007,2.2995944999999995,0,0,19.69496178921358,0.175,Very Low
104.40380020000006,2.2995944999999995,0,0,8.881698018626162,0.175,Very Low
104.60380020000008,2.2995944999999995,0,0,8.881698018626162,0.175,Very Low
104.80380020000007,2.2995944999999995,0,0,0.0,0.175,Very Low
105.00380020000009,2.2995944999999995,0,0,0.0,0.175,Very Low
105.20380020000007,2.2995944999999995,0,0,0.0,0.175,Very Low
105.40380020000009,2.2995944999999995,0,0,0.0,0.175,Very Low
105.60380020000008,2.2995944999999995,0,0,0.0,0.175,Very Low
105.8038002000001,2.2995944999999995,0,0,0.0,0.175,Very Low
106.00380020000009,2.2995944999999995,0,0,0.0,0.175,Very Low
106.2038002000001,2.2995944999999995,0,0,0.0,0.175,Very Low
106.40380020000009,2.2995944999999995,0,0,0.0,0.175,Very Low
106.60380020000011,2.2995944999999995,0,0,0.0,0.175,Very Low
106.8038002000001,2.2995944999999995,0,0,0.0,0.175,Very Low
107.00380020000011,2.2995944999999995,0,0,0.0,0.175,Very Low
107.2038002000001,2.2995944999999995,0,0,0.0,0.175,Very Low
107.40380020000012,2.2995944999999995,0,0,0.0,0.175,Very Low
107.60380020000011,2.2995944999999995,0,0,0.0,0.175,Very Low
107.80380020000013,2.2995944999999995,0,0,0.0,0.175,Very Low
108.00380020000011,2.2995944999999995,0,0,0.0,0.175,Very Low
108.20380020000013,2.2995944999999995,0,0,0.0,0.175,Very Low
108.40380020000012,2.2995944999999995,0,0,0.0,0.175,Very Low
108.60380020000014,2.2995944999999995,0,0,0.0,0.175,Very Low
108.80380020000013,2.2995944999999995,0,0,0.0,0.175,Very Low
109.00380020000014,2.2995944999999995,0,0,0.0,0.175,Very Low
109.20380020000013,2.2995944999999995,0,0,0.0,0.175,Very Low
109.40380020000015,2.2995944999999995,0,0,0.0,0.175,Very Low
109.60380020000014,2.2995944999999995,0,0,0.0,0.175,Very Low
109.80380020000015,2.2995944999999995,0,0,0.0,0.175,Very Low
110.00380020000014,2.2995944999999995,0,0,0.0,0.175,Very Low
110.20380020000016,2.2995944999999995,0,0,0.0,0.175,Very Low
110.40380020000015,2.2995944999999995,0,0,0.0,0.175,Very Low
110.60380020000017,2.2995944999999995,0,0,0.0,0.175,Very Low
110.80380020000015,2.2995944999999995,0,0,0.0,0.175,Very Low
111.00380020000017,2.2995944999999995,0,0,30.093006763818128,0.175,Very Low
111.20380020000016,2.2995944999999995,0,0,38.060709468294135,0.175,Very Low
111.40380020000018,2.2995944999999995,0,0,41.32313382915518,0.175,Very Low
111.60380020000017,2.2995944999999995,0,0,41.20486636855802,0.175,Very Low
111.80380020000018,2.2995944999999995,0,0,128.76200472656637,0.175,Very Low
112.00380020000017,2.2995944999999995,0,0,121.5340340051593,0.175,Very Low
112.20380020000019,2.2995944999999995,0,0,15.870546655729413,0.175,Very Low
112.40380020000018,2.2995944999999995,0,0,5.618208890263405,0.175,Very Low
112.6038002000002,2.2995944999999995,0,0,3.768069344934904,0.175,Very Low
112.80380020000018,2.2995944999999995,0,0,3.3325025437710187,0.175,Very Low
113.0038002000002,2.2995944999999995,0,0,3.30693825864647,0.175,Very Low
113.20380020000019,2.2995944999999995,0,0,3.064459286759504,0.175,Very Low
113.4038002000002,2.2995944999999995,0,0,2.682892408584141,0.175,Very Low
113.6038002000002,2.2995944999999995,0,0,1.9503946194244135,0.175,Very Low
113.80380020000021,2.2995944999999995,0,0,1.3380392239454926,0.175,Very Low
114.0038002000002,2.2995944999999995,0,0,1.6183334603491757,0.175,Very Low
114.20380020000022,2.2995944999999995,0,0,1.7435019018852875,0.175,Very Low
114.4038002000002,2.2995944999999995,0,0,1.5109375946792878,0.175,Very Low
114.60380020000022,2.2995944999999995,0,0,1.1603793582620465,0.175,Very Low
114.80380020000021,2.2995944999999995,0,0,0.8277807006509241,0.175,Very Low
115.00380020000023,2.2995944999999995,0,0,0.4601886938440815,0.175,Very Low
115.20380020000022,2.2995944999999995,0,0,0.43912228316233304,0.175,Very Low
115.40380020000023,2.2995944999999995,0,0,0.3763512000441551,0.175,Very Low
115.60380020000022,2.2995944999999995,0,0,0.0,0.175,Very Low
115.80380020000024,2.2995944999999995,0,0,0.0,0.175,Very Low
116.00380020000023,2.2995944999999995,0,0,0.0,0.175,Very Low
116.20380020000025,2.2995944999999995,0,0,0.0,0.175,Very Low
116.40380020000023,2.2995944999999995,0,0,0.0,0.175,Very Low
116.60380020000025,2.2995944999999995,0,0,0.0,0.175,Very Low
116.80380020000024,2.2995944999999995,0,0,0.0,0.175,Very Low
117.00380020000026,2.2995944999999995,0,0,0.0,0.175,Very Low
117.20380020000025,2.2995944999999995,0,0,0.0,0.175,Very Low
117.40380020000026,2.2995944999999995,0,0,0.0,0.175,Very Low
117.60380020000025,2.2995944999999995,0,0,0.0,0.175,Very Low
117.80380020000027,2.2995944999999995,0,0,0.0,0.175,Very Low
118.00380020000026,2.2995944999999995,0,0,0.0,0.175,Very Low
118.20380020000027,2.2995944999999995,0,0,0.0,0.175,Very Low
118.40380020000026,2.2995944999999995,0,0,0.0,0.175,Very Low
118.60380020000028,2.2995944999999995,0,0,0.0,0.175,Very Low
118.80380020000027,2.2995944999999995,0,0,0.0,0.175,Very Low
119.00380020000028,2.2995944999999995,0,0,0.0,0.175,Very Low
119.20380020000027,2.2995944999999995,0,0,0.0,0.175,Very Low
119.40380020000029,2.2995944999999995,0,0,0.0,0.175,Very Low
99.6038002,2.4995944999999997,0,0,0.0,0.175,Very Low
99.80380020000001,2.4995944999999997,0,0,0.0,0.175,Very Low
100.0038002,2.4995944999999997,0,0,0.0,0.175,Very Low
100.20380020000002,2.4995944999999997,0,0,0.0,0.175,Very Low
100.4038002,2.4995944999999997,0,0,0.0,0.175,Very Low
100.60380020000002,2.4995944999999997,0,0,0.0,0.175,Very Low
100.80380020000001,2.4995944999999997,0,0,0.0,0.175,Very Low
101.00380020000003,2.4995944999999997,0,0,0.0,0.175,Very Low
101.20380020000002,2.4995944999999997,0,0,0.0,0.175,Very Low
101.40380020000003,2.4995944999999997,0,0,268.8530177363643,0.175,Very Low
101.60380020000002,2.4995944999999997,0,0,251.82952383375658,0.175,Very Low
101.80380020000004,2.4995944999999997,0,0,448.3187721575309,0.175,Very Low
102.00380020000003,2.4995944999999997,0,3,341.10177151457054,0.22749999999999998,Low
102.20380020000005,2.4995944999999997,0,0,191.38580234726234,0.175,Very Low
102.40380020000003,2.4995944999999997,0,0,131.67862615589468,0.175,Very Low
102.60380020000005,2.4995944999999997,0,0,84.88849736129244,0.175,Very Low
102.80380020000004,2.4995944999999997,0,0,87.76017485828035,0.175,Very Low
103.00380020000006,2.4995944999999997,0,0,61.34109719524471,0.175,Very Low
103.20380020000005,2.4995944999999997,0,0,16.54206658347458,0.175,Very Low
103.40380020000006,2.4995944999999997,0,0,7.764495983034269,0.175,Very Low
103.60380020000005,2.4995944999999997,0,0,20.46844240085171,0.175,Very Low
103.80380020000007,2.4995944999999997,0,0,54.453498300057554,0.175,Very Low
104.00380020000006,2.4995944999999997,0,0,124.44552265534624,0.175,Very Low
104.20380020000007,2.4995944999999997,0,0,5.943306404352188,0.175,Very Low
104.40380020000006,2.4995944999999997,0,0,7.8836473185440585,0.175,Very Low
104.60380020000008,2.4995944999999997,0,0,8.881698018626162,0.175,Very Low
104.80380020000007,2.4995944999999997,0,0,0.0,0.175,Very Low
105.00380020000009,2.4995944999999997,0,0,0.0,0.175,Very Low
105.20380020000007,2.4995944999999997,0,0,0.0,0.175,Very Low
105.40380020000009,2.4995944999999997,0,0,0.0,0.175,Very Low
105.60380020000008,2.4995944999999997,0,0,0.0,0.175,Very Low
105.8038002000001,2.4995944999999997,0,0,0.0,0.175,Very Low
106.00380020000009,2.4995944999999997,0,0,0.0,0.175,Very Low
106.2038002000001,2.4995944999999997,0,0,0.0,0.175,Very Low
106.40380020000009,2.4995944999999997,0,0,0.0,0.175,Very Low
106.60380020000011,2.4995944999999997,0,0,0.0,0.175,Very Low
106.8038002000001,2.4995944999999997,0,0,0.0,0.175,Very Low
107.00380020000011,2.4995944999999997,0,0,0.0,0.175,Very Low
107.2038002000001,2.4995944999999997,0,0,0.0,0.175,Very Low
107.40380020000012,2.4995944999999997,0,0,0.0,0.175,Very Low
107.60380020000011,2.4995944999999997,0,0,0.0,0.175,Very Low
107.80380020000013,2.4995944999999997,0,0,0.0,0.175,Very Low
108.00380020000011,2.4995944999999997,0,0,0.0,0.175,Very Low
108.20380020000013,2.4995944999999997,0,0,0.0,0.175,Very Low
108.40380020000012,2.4995944999999997,0,0,0.0,0.175,Very Low
108.60380020000014,2.4995944999999997,0,0,0.0,0.175,Very Low
108.80380020000013,2.4995944999999997,0,0,0.0,0.175,Very Low
109.00380020000014,2.4995944999999997,0,0,0.0,0.175,Very Low
109.20380020000013,2.4995944999999997,0,0,0.0,0.175,Very Low
109.40380020000015,2.4995944999999997,0,0,0.0,0.175,Very Low
109.60380020000014,2.4995944999999997,0,0,0.0,0.175,Very Low
109.80380020000015,2.4995944999999997,0,0,0.0,0.175,Very Low
110.00380020000014,2.4995944999999997,0,0,0.0,0.175,Very Low
110.20380020000016,2.4995944999999997,0,0,0.0,0.175,Very Low
110.40380020000015,2.4995944999999997,0,0,0.0,0.175,Very Low
110.60380020000017,2.4995944999999997,0,0,0.0,0.175,Very Low
110.80380020000015,2.4995944999999997,0,0,0.0,0.175,Very Low
111.00380020000017,2.4995944999999997,0,0,17.395202585168786,0.175,Very Low
111.20380020000016,2.4995944999999997,0,0,32.82324788338526,0.175,Very Low
111.40380020000018,2.4995944999999997,0,0,34.150593413598344,0.175,Very Low
111.60380020000017,2.4995944999999997,0,0,27.509419061978097,0.175,Very Low
111.80380020000018,2.4995944999999997,0,0,65.34835421004229,0.175,Very Low
112.00380020000017,2.4995944999999997,0,0,61.14777457921041,0.175,Very Low
112.20380020000019,2.4995944999999997,0,0,10.355343048564261,0.175,Very Low
112.40380020000018,2.4995944999999997,0,0,6.927014107505481,0.175,Very Low
112.6038002000002,2.4995944999999997,0,0,4.783155547558433,0.175,Very Low
112.80380020000018,2.4995944999999997,0,0,4.164458238157547,0.175,Very Low
113.0038002000002,2.4995944999999997,0,0,3.6596476887611464,0.175,Very Low
113.20380020000019,2.4995944999999997,0,0,2.9723180171567947,0.175,Very Low
113.4038002000002,2.4995944999999997,0,0,2.6781418818411313,0.175,Very Low
113.6038002000002,2.4995944999999997,0,0,2.1420177172274433,0.175,Very Low
113.80380020000021,2.4995944999999997,0,0,1.7260890746256337,0.175,Very Low
114.0038002000002,2.4995944999999997,0,0,1.5443998490098036,0.175,Very Low
114.20380020000022,2.4995944999999997,0,0,1.525134816300124,0.175,Very Low
114.4038002000002,2.4995944999999997,0,0,1.550070654018782,0.175,Very Low
114.60380020000022,2.4995944999999997,0,0,1.22246107347827,0.175,Very Low
114.80380020000021,2.4995944999999997,0,0,0.8558459776507483,0.175,Very Low
115.00380020000023,2.4995944999999997,0,0,0.5951898494719069,0.175,Very Low
115.20380020000022,2.4995944999999997,0,0,0.4626431436457249,0.175,Very Low
115.40380020000023,2.4995944999999997,0,0,0.44322834191498933,0.175,Very Low
115.60380020000022,2.4995944999999997,0,0,0.0,0.175,Very Low
115.80380020000024,2.4995944999999997,0,0,0.0,0.175,Very Low
116.00380020000023,2.4995944999999997,0,0,0.0,0.175,Very Low
116.20380020000025,2.4995944999999997,0,0,0.0,0.175,Very Low
116.40380020000023,2.4995944999999997,0,0,0.0,0.175,Very Low
116.60380020000025,2.4995944999999997,0,0,0.0,0.175,Very Low
116.80380020000024,2.4995944999999997,0,0,0.0,0.175,Very Low
117.00380020000026,2.4995944999999997,0,0,0.0,0.175,Very Low
117.20380020000025,2.4995944999999997,0,0,0.0,0.175,Very Low
117.40380020000026,2.4995944999999997,0,0,0.0,0.175,Very Low
117.60380020000025,2.4995944999999997,0,0,0.0,0.175,Very Low
117.80380020000027,2.4995944999999997,0,0,0.0,0.175,Very Low
118.00380020000026,2.4995944999999997,0,0,0.0,0.175,Very Low
118.20380020000027,2.4995944999999997,0,0,0.0,0.175,Very Low
118.40380020000026,2.4995944999999997,0,0,0.0,0.175,Very Low
118.60380020000028,2.4995944999999997,0,0,0.0,0.175,Very Low
118.80380020000027,2.4995944999999997,0,0,0.0,0.175,Very Low
119.00380020000028,2.4995944999999997,0,0,0.0,0.175,Very Low
119.20380020000027,2.4995944999999997,0,0,0.0,0.175,Very Low
119.40380020000029,2.4995944999999997,0,0,0.0,0.175,Very Low
99.6038002,2.6995944999999995,0,0,0.0,0.175,Very Low
99.80380020000001,2.6995944999999995,0,0,0.0,0.175,Very Low
100.0038002,2.6995944999999995,0,0,0.0,0.175,Very Low
100.20380020000002,2.6995944999999995,0,0,0.0,0.175,Very Low
100.4038002,2.6995944999999995,0,0,0.0,0.175,Very Low
100.60380020000002,2.6995944999999995,0,0,0.0,0.175,Very Low
100.80380020000001,2.6995944999999995,0,0,0.0,0.175,Very Low
101.00380020000003,2.6995944999999995,0,0,0.0,0.175,Very Low
101.20380020000002,2.6995944999999995,0,0,52.252652075982866,0.175,Very Low
101.40380020000003,2.6995944999999995,0,0,219.14631327844435,0.175,Very Low
101.60380020000002,2.6995944999999995,0,0,383.41157338433635,0.175,Very Low
101.80380020000004,2.6995944999999995,0,0,606.2171707587448,0.175,Very Low
102.00380020000003,2.6995944999999995,0,2,401.41292040288994,0.21,Low
102.20380020000005,2.6995944999999995,0,0,97.2778069799145,0.175,Very Low
102.40380020000003,2.6995944999999995,0,0,86.51036231033504,0.175,Very Low
102.60380020000005,2.6995944999999995,0,0,67.05393187991447,0.175,Very Low
102.80380020000004,2.6995944999999995,0,0,60.528679922740494,0.175,Very Low
103.00380020000006,2.6995944999999995,0,0,34.46394803744948,0.175,Very Low
103.20380020000005,2.6995944999999995,0,0,10.531401866581291,0.175,Very Low
103.40380020000006,2.6995944999999995,0,0,21.557685431861454,0.175,Very Low
103.60380020000005,2.6995944999999995,0,0,41.977518357775445,0.175,Very Low
103.80380020000007,2.6995944999999995,0,0,47.99184382199336,0.175,Very Low
104.00380020000006,2.6995944999999995,0,0,28.51162261234647,0.175,Very Low
104.20380020000007,2.6995944999999995,0,0,27.168246856832926,0.175,Very Low
104.40380020000006,2.6995944999999995,0,0,8.733111711648794,0.175,Very Low
104.60380020000008,2.6995944999999995,0,0,0.0,0.175,Very Low
104.80380020000007,2.6995944999999995,0,0,0.0,0.175,Very Low
105.00380020000009,2.6995944999999995,0,0,0.0,0.175,Very Low
105.20380020000007,2.6995944999999995,0,0,0.0,0.175,Very Low
105.40380020000009,2.6995944999999995,0,0,0.0,0.175,Very Low
105.60380020000008,2.6995944999999995,0,0,0.0,0.175,Very Low
105.8038002000001,2.6995944999999995,0,0,0.0,0.175,Very Low
106.00380020000009,2.6995944999999995,0,0,0.0,0.175,Very Low
106.2038002000001,2.6995944999999995,0,0,0.0,0.175,Very Low
106.40380020000009,2.6995944999999995,0,0,0.0,0.175,Very Low
106.60380020000011,2.6995944999999995,0,0,0.0,0.175,Very Low
106.8038002000001,2.6995944999999995,0,0,0.0,0.175,Very Low
107.00380020000011,2.6995944999999995,0,0,0.0,0.175,Very Low
107.2038002000001,2.6995944999999995,0,0,0.0,0.175,Very Low
107.40380020000012,2.6995944999999995,0,0,0.0,0.175,Very Low
107.60380020000011,2.6995944999999995,0,0,0.0,0.175,Very Low
107.80380020000013,2.6995944999999995,0,0,0.0,0.175,Very Low
108.00380020000011,2.6995944999999995,0,0,0.0,0.175,Very Low
108.20380020000013,2.6995944999999995,0,0,0.0,0.175,Very Low
108.40380020000012,2.6995944999999995,0,0,0.0,0.175,Very Low
108.60380020000014,2.6995944999999995,0,0,0.0,0.175,Very Low
108.80380020000013,2.6995944999999995,0,0,0.0,0.175,Very Low
109.00380020000014,2.6995944999999995,0,0,0.0,0.175,Very Low
109.20380020000013,2.6995944999999995,0,0,0.0,0.175,Very Low
109.40380020000015,2.6995944999999995,0,0,0.0,0.175,Very Low
109.60380020000014,2.6995944999999995,0,0,0.0,0.175,Very Low
109.80380020000015,2.6995944999999995,0,0,0.0,0.175,Very Low
110.00380020000014,2.6995944999999995,0,0,0.0,0.175,Very Low
110.20380020000016,2.6995944999999995,0,0,0.0,0.175,Very Low
110.40380020000015,2.6995944999999995,0,0,0.0,0.175,Very Low
110.60380020000017,2.6995944999999995,0,0,0.0,0.175,Very Low
110.80380020000015,2.6995944999999995,0,0,0.0,0.175,Very Low
111.00380020000017,2.6995944999999995,0,0,0.0,0.175,Very Low
111.20380020000016,2.6995944999999995,0,0,35.65516451976759,0.175,Very Low
111.40380020000018,2.6995944999999995,0,0,43.20505198392901,0.175,Very Low
111.60380020000017,2.6995944999999995,0,0,30.243941614571302,0.175,Very Low
111.80380020000018,2.6995944999999995,0,0,19.27095542571124,0.175,Very Low
112.00380020000017,2.6995944999999995,0,0,19.41782989377359,0.175,Very Low
112.20380020000019,2.6995944999999995,0,0,14.470827107421226,0.175,Very Low
112.40380020000018,2.6995944999999995,0,0,8.329076686718812,0.175,Very Low
112.6038002000002,2.6995944999999995,0,0,7.265067754675531,0.175,Very Low
112.80380020000018,2.6995944999999995,0,0,10.448800454744035,0.175,Very Low
113.0038002000002,2.6995944999999995,0,0,8.829665657805485,0.175,Very Low
113.20380020000019,2.6995944999999995,0,0,4.068299974004428,0.175,Very Low
113.4038002000002,2.6995944999999995,0,0,2.8802551011451416,0.175,Very Low
113.6038002000002,2.6995944999999995,0,0,3.3326862789173095,0.175,Very Low
113.80380020000021,2.6995944999999995,0,0,3.4075255426319524,0.175,Very Low
114.0038002000002,2.6995944999999995,0,0,2.664526381982594,0.175,Very Low
114.20380020000022,2.6995944999999995,0,0,2.487328249689502,0.175,Very Low
114.4038002000002,2.6995944999999995,0,0,2.4597974063492276,0.175,Very Low
114.60380020000022,2.6995944999999995,0,0,1.5627314683192202,0.175,Very Low
114.80380020000021,2.6995944999999995,0,0,0.7110146781326168,0.175,Very Low
115.00380020000023,2.6995944999999995,0,0,0.49970553085512043,0.175,Very Low
115.20380020000022,2.6995944999999995,0,0,0.39347917019029816,0.175,Very Low
115.40380020000023,2.6995944999999995,0,0,0.45485914919687354,0.175,Very Low
115.60380020000022,2.6995944999999995,0,0,0.0,0.175,Very Low
115.80380020000024,2.6995944999999995,0,0,0.0,0.175,Very Low
116.00380020000023,2.6995944999999995,0,0,0.0,0.175,Very Low
116.20380020000025,2.6995944999999995,0,0,0.0,0.175,Very Low
116.40380020000023,2.6995944999999995,0,0,0.0,0.175,Very Low
116.60380020000025,2.6995944999999995,0,0,0.0,0.175,Very Low
116.80380020000024,2.6995944999999995,0,0,0.0,0.175,Very Low
117.00380020000026,2.6995944999999995,0,0,0.0,0.175,Very Low
117.20380020000025,2.6995944999999995,0,0,0.0,0.175,Very Low
117.40380020000026,2.6995944999999995,0,0,0.0,0.175,Very Low
117.60380020000025,2.6995944999999995,0,0,0.0,0.175,Very Low
117.80380020000027,2.6995944999999995,0,0,0.0,0.175,Very Low
118.00380020000026,2.6995944999999995,0,0,0.0,0.175,Very Low
118.20380020000027,2.6995944999999995,0,0,0.0,0.175,Very Low
118.40380020000026,2.6995944999999995,0,0,0.0,0.175,Very Low
118.60380020000028,2.6995944999999995,0,0,0.0,0.175,Very Low
118.80380020000027,2.6995944999999995,0,0,0.0,0.175,Very Low
119.00380020000028,2.6995944999999995,0,0,0.0,0.175,Very Low
119.20380020000027,2.6995944999999995,0,0,0.0,0.175,Very Low
119.40380020000029,2.6995944999999995,0,0,0.0,0.175,Very Low
99.6038002,2.899594499999999,0,0,0.0,0.175,Very Low
99.80380020000001,2.899594499999999,0,0,0.0,0.175,Very Low
100.0038002,2.899594499999999,0,0,0.0,0.175,Very Low
100.20380020000002,2.899594499999999,0,0,0.0,0.175,Very Low
100.4038002,2.899594499999999,0,0,0.0,0.175,Very Low
100.60380020000002,2.899594499999999,0,0,0.0,0.175,Very Low
100.80380020000001,2.899594499999999,0,0,0.0,0.175,Very Low
101.00380020000003,2.899594499999999,0,0,22.69748878479004,0.175,Very Low
101.20380020000002,2.899594499999999,0,0,636.4531578886258,0.175,Very Low
101.40380020000003,2.899594499999999,0,0,1323.8851000164393,0.175,Very Low
101.60380020000002,2.899594499999999,0,0,2199.9787887980037,0.175,Very Low
101.80380020000004,2.899594499999999,0,4,1644.7606844532613,0.245,Low
102.00380020000003,2.899594499999999,0,0,329.18483578527554,0.175,Very Low
102.20380020000005,2.899594499999999,0,0,74.86602668464184,0.175,Very Low
102.40380020000003,2.899594499999999,0,2,73.84141882115767,0.21,Low
102.60380020000005,2.899594499999999,0,0,38.49849441026648,0.175,Very Low
102.80380020000004,2.899594499999999,0,0,28.9631356264775,0.175,Very Low
103.00380020000006,2.899594499999999,0,0,25.48394500474549,0.175,Very Low
103.20380020000005,2.899594499999999,0,0,14.987602583650085,0.175,Very Low
103.40380020000006,2.899594499999999,0,0,24.11381324949485,0.175,Very Low
103.60380020000005,2.899594499999999,0,0,61.20269273243514,0.175,Very Low
103.80380020000007,2.899594499999999,0,0,2.062654529299055,0.175,Very Low
104.00380020000006,2.899594499999999,0,0,28.924051884377356,0.175,Very Low
104.20380020000007,2.899594499999999,0,0,28.03260408948969,0.175,Very Low
104.40380020000006,2.899594499999999,0,0,11.623386157186408,0.175,Very Low
104.60380020000008,2.899594499999999,0,0,0.0,0.175,Very Low
104.80380020000007,2.899594499999999,0,0,0.0,0.175,Very Low
105.00380020000009,2.899594499999999,0,0,0.0,0.175,Very Low
105.20380020000007,2.899594499999999,0,0,0.0,0.175,Very Low
105.40380020000009,2.899594499999999,0,0,0.0,0.175,Very Low
105.60380020000008,2.899594499999999,0,0,0.0,0.175,Very Low
105.8038002000001,2.899594499999999,0,0,0.0,0.175,Very Low
106.00380020000009,2.899594499999999,0,0,0.0,0.175,Very Low
106.2038002000001,2.899594499999999,0,0,0.0,0.175,Very Low
106.40380020000009,2.899594499999999,0,0,0.0,0.175,Very Low
106.60380020000011,2.899594499999999,0,0,0.0,0.175,Very Low
106.8038002000001,2.899594499999999,0,0,0.0,0.175,Very Low
107.00380020000011,2.899594499999999,0,0,0.0,0.175,Very Low
107.2038002000001,2.899594499999999,0,0,0.0,0.175,Very Low
107.40380020000012,2.899594499999999,0,0,0.0,0.175,Very Low
107.60380020000011,2.899594499999999,0,0,0.0,0.175,Very Low
107.80380020000013,2.899594499999999,0,0,0.0,0.175,Very Low
108.00380020000011,2.899594499999999,0,0,0.0,0.175,Very Low
108.20380020000013,2.899594499999999,0,0,0.0,0.175,Very Low
108.40380020000012,2.899594499999999,0,0,0.0,0.175,Very Low
108.60380020000014,2.899594499999999,0,0,0.0,0.175,Very Low
108.80380020000013,2.899594499999999,0,0,0.0,0.175,Very Low
109.00380020000014,2.899594499999999,0,0,0.0,0.175,Very Low
109.20380020000013,2.899594499999999,0,0,0.0,0.175,Very Low
109.40380020000015,2.899594499999999,0,0,0.0,0.175,Very Low
109.60380020000014,2.899594499999999,0,0,0.0,0.175,Very Low
109.80380020000015,2.899594499999999,0,0,0.0,0.175,Very Low
110.00380020000014,2.899594499999999,0,0,0.0,0.175,Very Low
110.20380020000016,2.899594499999999,0,0,0.0,0.175,Very Low
110.40380020000015,2.899594499999999,0,0,0.0,0.175,Very Low
110.60380020000017,2.899594499999999,0,0,0.0,0.175,Very Low
110.80380020000015,2.899594499999999,0,0,0.0,0.175,Very Low
111.00380020000017,2.899594499999999,0,0,0.0,0.175,Very Low
111.20380020000016,2.899594499999999,0,0,30.323999345302582,0.175,Very Low
111.40380020000018,2.899594499999999,0,0,41.55326557483803,0.175,Very Low
111.60380020000017,2.899594499999999,0,0,30.250460826526403,0.175,Very Low
111.80380020000018,2.899594499999999,0,0,24.660723849901316,0.175,Very Low
112.00380020000017,2.899594499999999,0,0,31.139285575269117,0.175,Very Low
112.20380020000019,2.899594499999999,0,0,23.94974319862597,0.175,Very Low
112.40380020000018,2.899594499999999,0,0,10.824690463696621,0.175,Very Low
112.6038002000002,2.899594499999999,0,0,9.944147854846646,0.175,Very Low
112.80380020000018,2.899594499999999,0,0,15.781812051797226,0.175,Very Low
113.0038002000002,2.899594499999999,0,0,14.577172388827371,0.175,Very Low
113.20380020000019,2.899594499999999,0,0,7.793017756452577,0.175,Very Low
113.4038002000002,2.899594499999999,0,0,4.599930823935817,0.175,Very Low
113.6038002000002,2.899594499999999,0,0,4.168611138179484,0.175,Very Low
113.80380020000021,2.899594499999999,0,0,7.4955060371818645,0.175,Very Low
114.0038002000002,2.899594499999999,0,0,8.873187943452244,0.175,Very Low
114.20380020000022,2.899594499999999,0,0,5.305116733840098,0.175,Very Low
114.4038002000002,2.899594499999999,0,0,2.528459699714505,0.175,Very Low
114.60380020000022,2.899594499999999,0,0,1.1921249035707053,0.175,Very Low
114.80380020000021,2.899594499999999,0,0,0.4761913457833644,0.175,Very Low
115.00380020000023,2.899594499999999,0,0,0.4344834303312729,0.175,Very Low
115.20380020000022,2.899594499999999,0,0,0.366297784418284,0.175,Very Low
115.40380020000023,2.899594499999999,0,0,0.33808244772274093,0.175,Very Low
115.60380020000022,2.899594499999999,0,0,0.3785795130981849,0.175,Very Low
115.80380020000024,2.899594499999999,0,0,0.0,0.175,Very Low
116.00380020000023,2.899594499999999,0,0,0.0,0.175,Very Low
116.20380020000025,2.899594499999999,0,0,0.0,0.175,Very Low
116.40380020000023,2.899594499999999,0,0,0.0,0.175,Very Low
116.60380020000025,2.899594499999999,0,0,0.0,0.175,Very Low
116.80380020000024,2.899594499999999,0,0,0.0,0.175,Very Low
117.00380020000026,2.899594499999999,0,0,0.0,0.175,Very Low
117.20380020000025,2.899594499999999,0,0,0.0,0.175,Very Low
117.40380020000026,2.899594499999999,0,0,0.0,0.175,Very Low
117.60380020000025,2.899594499999999,0,0,0.0,0.175,Very Low
117.80380020000027,2.899594499999999,0,0,0.0,0.175,Very Low
118.00380020000026,2.899594499999999,0,0,0.0,0.175,Very Low
118.20380020000027,2.899594499999999,0,0,0.0,0.175,Very Low
118.40380020000026,2.899594499999999,0,0,0.0,0.175,Very Low
118.60380020000028,2.899594499999999,0,0,0.0,0.175,Very Low
118.80380020000027,2.899594499999999,0,0,0.0,0.175,Very Low
119.00380020000028,2.899594499999999,0,0,0.0,0.175,Very Low
119.20380020000027,2.899594499999999,0,0,0.0,0.175,Very Low
119.40380020000029,2.899594499999999,0,0,0.0,0.175,Very Low
99.6038002,3.0995944999999994,0,0,0.0,0.175,Very Low
99.80380020000001,3.0995944999999994,0,0,0.0,0.175,Very Low
100.0038002,3.0995944999999994,0,0,0.0,0.175,Very Low
100.20380020000002,3.0995944999999994,0,0,0.0,0.175,Very Low
100.4038002,3.0995944999999994,0,0,0.0,0.175,Very Low
100.60380020000002,3.0995944999999994,0,0,0.0,0.175,Very Low
100.80380020000001,3.0995944999999994,0,0,0.0,0.175,Very Low
101.00380020000003,3.0995944999999994,0,0,22.69748878479004,0.175,Very Low
101.20380020000002,3.0995944999999994,0,0,671.0348265876576,0.175,Very Low
101.40380020000003,3.0995944999999994,0,5,1860.1901862922416,0.26249999999999996,Low
101.60380020000002,3.0995944999999994,6,41,3886.411313338412,0.925,Very High
101.80380020000004,3.0995944999999994,5,2,2682.722617556341,0.61,High
102.00380020000003,3.0995944999999994,0,0,144.7958241435182,0.175,Very Low
102.20380020000005,3.0995944999999994,0,0,41.63392469845712,0.175,Very Low
102.40380020000003,3.0995944999999994,0,0,58.60315715149045,0.175,Very Low
102.60380020000005,3.0995944999999994,0,0,42.70671279459364,0.175,Very Low
102.80380020000004,3.0995944999999994,0,0,22.8005425867935,0.175,Very Low
103.00380020000006,3.0995944999999994,0,0,24.0088504553876,0.175,Very Low
103.20380020000005,3.0995944999999994,0,0,13.151895287550158,0.175,Very Low
103.40380020000006,3.0995944999999994,0,0,10.45088678930512,0.175,Very Low
103.60380020000005,3.0995944999999994,0,0,33.08835279604174,0.175,Very Low
103.80380020000007,3.0995944999999994,0,0,0.0,0.175,Very Low
104.00380020000006,3.0995944999999994,0,0,3.4759554465611777,0.175,Very Low
104.20380020000007,3.0995944999999994,0,0,3.4759554465611777,0.175,Very Low
104.40380020000006,3.0995944999999994,0,0,0.0,0.175,Very Low
104.60380020000008,3.0995944999999994,0,0,0.0,0.175,Very Low
104.80380020000007,3.0995944999999994,0,0,0.0,0.175,Very Low
105.00380020000009,3.0995944999999994,0,0,0.0,0.175,Very Low
105.20380020000007,3.0995944999999994,0,0,0.0,0.175,Very Low
105.40380020000009,3.0995944999999994,0,0,0.0,0.175,Very Low
105.60380020000008,3.0995944999999994,0,0,0.0,0.175,Very Low
105.8038002000001,3.0995944999999994,0,0,0.0,0.175,Very Low
106.00380020000009,3.0995944999999994,0,0,0.0,0.175,Very Low
106.2038002000001,3.0995944999999994,0,0,0.0,0.175,Very Low
106.40380020000009,3.0995944999999994,0,0,0.0,0.175,Very Low
106.60380020000011,3.0995944999999994,0,0,0.0,0.175,Very Low
106.8038002000001,3.0995944999999994,0,0,0.0,0.175,Very Low
107.00380020000011,3.0995944999999994,0,0,0.0,0.175,Very Low
107.2038002000001,3.0995944999999994,0,0,0.0,0.175,Very Low
107.40380020000012,3.0995944999999994,0,0,0.0,0.175,Very Low
107.60380020000011,3.0995944999999994,0,0,0.0,0.175,Very Low
107.80380020000013,3.0995944999999994,0,0,0.0,0.175,Very Low
108.00380020000011,3.0995944999999994,0,0,0.0,0.175,Very Low
108.20380020000013,3.0995944999999994,0,0,0.0,0.175,Very Low
108.40380020000012,3.0995944999999994,0,0,0.0,0.175,Very Low
108.60380020000014,3.0995944999999994,0,0,0.0,0.175,Very Low
108.80380020000013,3.0995944999999994,0,0,0.0,0.175,Very Low
109.00380020000014,3.0995944999999994,0,0,0.0,0.175,Very Low
109.20380020000013,3.0995944999999994,0,0,0.0,0.175,Very Low
109.40380020000015,3.0995944999999994,0,0,0.0,0.175,Very Low
109.60380020000014,3.0995944999999994,0,0,0.0,0.175,Very Low
109.80380020000015,3.0995944999999994,0,0,0.0,0.175,Very Low
110.00380020000014,3.0995944999999994,0,0,0.0,0.175,Very Low
110.20380020000016,3.0995944999999994,0,0,0.0,0.175,Very Low
110.40380020000015,3.0995944999999994,0,0,0.0,0.175,Very Low
110.60380020000017,3.0995944999999994,0,0,0.0,0.175,Very Low
110.80380020000015,3.0995944999999994,0,0,0.0,0.175,Very Low
111.00380020000017,3.0995944999999994,0,0,0.0,0.175,Very Low
111.20380020000016,3.0995944999999994,0,0,0.0,0.175,Very Low
111.40380020000018,3.0995944999999994,0,0,0.0,0.175,Very Low
111.60380020000017,3.0995944999999994,0,0,0.0,0.175,Very Low
111.80380020000018,3.0995944999999994,0,0,0.0,0.175,Very Low
112.00380020000017,3.0995944999999994,0,0,90.2760260145543,0.175,Very Low
112.20380020000019,3.0995944999999994,0,0,40.14909721938859,0.175,Very Low
112.40380020000018,3.0995944999999994,0,0,16.913577569880157,0.175,Very Low
112.6038002000002,3.0995944999999994,0,0,12.230729868829323,0.175,Very Low
112.80380020000018,3.0995944999999994,0,0,17.265232903921145,0.175,Very Low
113.0038002000002,3.0995944999999994,0,0,123.73034636128334,0.175,Very Low
113.20380020000019,3.0995944999999994,0,0,97.8129553675866,0.175,Very Low
113.4038002000002,3.0995944999999994,0,0,11.93997952968089,0.175,Very Low
113.6038002000002,3.0995944999999994,0,0,5.795391914538211,0.175,Very Low
113.80380020000021,3.0995944999999994,0,0,7.8838387069085405,0.175,Very Low
114.0038002000002,3.0995944999999994,0,0,9.84044064154538,0.175,Very Low
114.20380020000022,3.0995944999999994,0,0,5.397472092351462,0.175,Very Low
114.4038002000002,3.0995944999999994,0,0,1.5586580663997058,0.175,Very Low
114.60380020000022,3.0995944999999994,0,0,0.8735624174846129,0.175,Very Low
114.80380020000021,3.0995944999999994,0,0,0.7731178850323582,0.175,Very Low
115.00380020000023,3.0995944999999994,0,0,0.7661846213427999,0.175,Very Low
115.20380020000022,3.0995944999999994,0,0,0.9380765168861054,0.175,Very Low
115.40380020000023,3.0995944999999994,0,0,1.0831363764741728,0.175,Very Low
115.60380020000022,3.0995944999999994,0,0,0.9086299065885872,0.175,Very Low
115.80380020000024,3.0995944999999994,0,0,0.0,0.175,Very Low
116.00380020000023,3.0995944999999994,0,0,0.0,0.175,Very Low
116.20380020000025,3.0995944999999994,0,0,0.0,0.175,Very Low
116.40380020000023,3.0995944999999994,0,0,0.0,0.175,Very Low
116.60380020000025,3.0995944999999994,0,0,0.0,0.175,Very Low
116.80380020000024,3.0995944999999994,0,0,0.0,0.175,Very Low
117.00380020000026,3.0995944999999994,0,0,0.0,0.175,Very Low
117.20380020000025,3.0995944999999994,0,0,0.0,0.175,Very Low
117.40380020000026,3.0995944999999994,0,0,0.0,0.175,Very Low
117.60380020000025,3.0995944999999994,0,0,0.0,0.175,Very Low
117.80380020000027,3.0995944999999994,0,0,0.0,0.175,Very Low
118.00380020000026,3.0995944999999994,0,0,0.0,0.175,Very Low
118.20380020000027,3.0995944999999994,0,0,0.0,0.175,Very Low
118.40380020000026,3.0995944999999994,0,0,0.0,0.175,Very Low
118.60380020000028,3.0995944999999994,0,0,0.0,0.175,Very Low
118.80380020000027,3.0995944999999994,0,0,0.0,0.175,Very Low
119.00380020000028,3.0995944999999994,0,0,0.0,0.175,Very Low
119.20380020000027,3.0995944999999994,0,0,0.0,0.175,Very Low
119.40380020000029,3.0995944999999994,0,0,0.0,0.175,Very Low
99.6038002,3.2995944999999995,0,0,0.0,0.175,Very Low
99.80380020000001,3.2995944999999995,0,0,0.0,0.175,Very Low
100.0038002,3.2995944999999995,0,0,0.0,0.175,Very Low
100.20380020000002,3.2995944999999995,0,0,0.0,0.175,Very Low
100.4038002,3.2995944999999995,0,0,0.0,0.175,Very Low
100.60380020000002,3.2995944999999995,0,0,0.0,0.175,Very Low
100.80380020000001,3.2995944999999995,0,0,0.0,0.175,Very Low
101.00380020000003,3.2995944999999995,0,0,271.48267421966943,0.175,Very Low
101.20380020000002,3.2995944999999995,0,0,260.40670819268206,0.175,Very Low
101.40380020000003,3.2995944999999995,0,0,910.1054309423288,0.175,Very Low
101.60380020000002,3.2995944999999995,0,0,2118.4573962156687,0.175,Very Low
101.80380020000004,3.2995944999999995,0,0,1452.4506965246464,0.175,Very Low
102.00380020000003,3.2995944999999995,0,0,56.98753663152456,0.175,Very Low
102.20380020000005,3.2995944999999995,0,0,76.01569913203518,0.175,Very Low
102.40380020000003,3.2995944999999995,0,0,117.0807276678582,0.175,Very Low
102.60380020000005,3.2995944999999995,0,0,68.70147085955574,0.175,Very Low
102.80380020000004,3.2995944999999995,0,0,23.544649793042076,0.175,Very Low
103.00380020000006,3.2995944999999995,0,0,21.496416078052587,0.175,Very Low
103.20380020000005,3.2995944999999995,0,0,16.126708813451437,0.175,Very Low
103.40380020000006,3.2995944999999995,0,0,24.117178697095706,0.175,Very Low
103.60380020000005,3.2995944999999995,0,0,61.199959753879476,0.175,Very Low
103.80380020000007,3.2995944999999995,0,0,0.0,0.175,Very Low
104.00380020000006,3.2995944999999995,0,0,0.0,0.175,Very Low
104.20380020000007,3.2995944999999995,0,0,0.0,0.175,Very Low
104.40380020000006,3.2995944999999995,0,0,0.0,0.175,Very Low
104.60380020000008,3.2995944999999995,0,0,0.0,0.175,Very Low
104.80380020000007,3.2995944999999995,0,0,0.0,0.175,Very Low
105.00380020000009,3.2995944999999995,0,0,0.0,0.175,Very Low
105.20380020000007,3.2995944999999995,0,0,0.0,0.175,Very Low
105.40380020000009,3.2995944999999995,0,0,0.0,0.175,Very Low
105.60380020000008,3.2995944999999995,0,0,0.0,0.175,Very Low
105.8038002000001,3.2995944999999995,0,0,0.0,0.175,Very Low
106.00380020000009,3.2995944999999995,0,0,0.0,0.175,Very Low
106.2038002000001,3.2995944999999995,0,0,0.0,0.175,Very Low
106.40380020000009,3.2995944999999995,0,0,0.0,0.175,Very Low
106.60380020000011,3.2995944999999995,0,0,0.0,0.175,Very Low
106.8038002000001,3.2995944999999995,0,0,0.0,0.175,Very Low
107.00380020000011,3.2995944999999995,0,0,0.0,0.175,Very Low
107.2038002000001,3.2995944999999995,0,0,0.0,0.175,Very Low
107.40380020000012,3.2995944999999995,0,0,0.0,0.175,Very Low
107.60380020000011,3.2995944999999995,0,0,0.0,0.175,Very Low
107.80380020000013,3.2995944999999995,0,0,0.0,0.175,Very Low
108.00380020000011,3.2995944999999995,0,0,0.0,0.175,Very Low
108.20380020000013,3.2995944999999995,0,0,0.0,0.175,Very Low
108.40380020000012,3.2995944999999995,0,0,0.0,0.175,Very Low
108.60380020000014,3.2995944999999995,0,0,0.0,0.175,Very Low
108.80380020000013,3.2995944999999995,0,0,0.0,0.175,Very Low
109.00380020000014,3.2995944999999995,0,0,0.0,0.175,Very Low
109.20380020000013,3.2995944999999995,0,0,0.0,0.175,Very Low
109.40380020000015,3.2995944999999995,0,0,0.0,0.175,Very Low
109.60380020000014,3.2995944999999995,0,0,0.0,0.175,Very Low
109.80380020000015,3.2995944999999995,0,0,0.0,0.175,Very Low
110.00380020000014,3.2995944999999995,0,0,0.0,0.175,Very Low
110.20380020000016,3.2995944999999995,0,0,0.0,0.175,Very Low
110.40380020000015,3.2995944999999995,0,0,0.0,0.175,Very Low
110.60380020000017,3.2995944999999995,0,0,0.0,0.175,Very Low
110.80380020000015,3.2995944999999995,0,0,0.0,0.175,Very Low
111.00380020000017,3.2995944999999995,0,0,0.0,0.175,Very Low
111.20380020000016,3.2995944999999995,0,0,0.0,0.175,Very Low
111.40380020000018,3.2995944999999995,0,0,0.0,0.175,Very Low
111.60380020000017,3.2995944999999995,0,0,0.0,0.175,Very Low
111.80380020000018,3.2995944999999995,0,0,0.0,0.175,Very Low
112.00380020000017,3.2995944999999995,0,0,0.0,0.175,Very Low
112.20380020000019,3.2995944999999995,0,0,0.0,0.175,Very Low
112.40380020000018,3.2995944999999995,0,0,0.0,0.175,Very Low
112.6038002000002,3.2995944999999995,0,0,0.0,0.175,Very Low
112.80380020000018,3.2995944999999995,0,0,35.04056510925293,0.175,Very Low
113.0038002000002,3.2995944999999995,0,0,301.92042330835096,0.175,Very Low
113.20380020000019,3.2995944999999995,0,0,134.59527964364386,0.175,Very Low
113.4038002000002,3.2995944999999995,0,0,19.655267945451715,0.175,Very Low
113.6038002000002,3.2995944999999995,0,0,8.458707285734514,0.175,Very Low
113.80380020000021,3.2995944999999995,0,0,5.727428338956088,0.175,Very Low
114.0038002000002,3.2995944999999995,0,0,4.65675640419229,0.175,Very Low
114.20380020000022,3.2995944999999995,0,0,2.8290489380726487,0.175,Very Low
114.4038002000002,3.2995944999999995,0,0,1.2194837004968173,0.175,Very Low
114.60380020000022,3.2995944999999995,0,0,1.1557903694338165,0.175,Very Low
114.80380020000021,3.2995944999999995,0,0,1.032973480223316,0.175,Very Low
115.00380020000023,3.2995944999999995,0,0,0.919689175058415,0.175,Very Low
115.20380020000022,3.2995944999999995,0,0,1.0102060286509287,0.175,Very Low
115.40380020000023,3.2995944999999995,0,0,1.0485549926088933,0.175,Very Low
115.60380020000022,3.2995944999999995,0,0,0.9686778616034583,0.175,Very Low
115.80380020000024,3.2995944999999995,0,0,1.0758738831893817,0.175,Very Low
116.00380020000023,3.2995944999999995,0,0,0.0,0.175,Very Low
116.20380020000025,3.2995944999999995,0,0,0.0,0.175,Very Low
116.40380020000023,3.2995944999999995,0,0,0.0,0.175,Very Low
116.60380020000025,3.2995944999999995,0,0,0.0,0.175,Very Low
116.80380020000024,3.2995944999999995,0,0,0.0,0.175,Very Low
117.00380020000026,3.2995944999999995,0,0,0.0,0.175,Very Low
117.20380020000025,3.2995944999999995,0,0,0.0,0.175,Very Low
117.40380020000026,3.2995944999999995,0,0,0.0,0.175,Very Low
117.60380020000025,3.2995944999999995,0,2,0.0,0.21,Low
117.80380020000027,3.2995944999999995,0,0,0.0,0.175,Very Low
118.00380020000026,3.2995944999999995,0,0,0.0,0.175,Very Low
118.20380020000027,3.2995944999999995,0,0,0.0,0.175,Very Low
118.40380020000026,3.2995944999999995,0,0,0.0,0.175,Very Low
118.60380020000028,3.2995944999999995,0,0,0.0,0.175,Very Low
118.80380020000027,3.2995944999999995,0,0,0.0,0.175,Very Low
119.00380020000028,3.2995944999999995,0,0,0.0,0.175,Very Low
119.20380020000027,3.2995944999999995,0,0,0.0,0.175,Very Low
119.40380020000029,3.2995944999999995,0,0,0.0,0.175,Very Low
99.6038002,3.4995944999999997,0,0,0.0,0.175,Very Low
99.80380020000001,3.4995944999999997,0,0,0.0,0.175,Very Low
100.0038002,3.4995944999999997,0,0,0.0,0.175,Very Low
100.20380020000002,3.4995944999999997,0,0,0.0,0.175,Very Low
100.4038002,3.4995944999999997,0,0,0.0,0.175,Very Low
100.60380020000002,3.4995944999999997,0,0,0.0,0.175,Very Low
100.80380020000001,3.4995944999999997,0,0,485.3872909989468,0.175,Very Low
101.00380020000003,3.4995944999999997,0,0,155.50738761977925,0.175,Very Low
101.20380020000002,3.4995944999999997,0,0,100.49413932676576,0.175,Very Low
101.40380020000003,3.4995944999999997,0,0,202.34358411116372,0.175,Very Low
101.60380020000002,3.4995944999999997,0,0,228.16927966179276,0.175,Very Low
101.80380020000004,3.4995944999999997,0,0,110.50994443412249,0.175,Very Low
102.00380020000003,3.4995944999999997,0,0,61.36654857960012,0.175,Very Low
102.20380020000005,3.4995944999999997,0,1,72.75763719839354,0.19249999999999998,Very Low
102.40380020000003,3.4995944999999997,0,0,101.39621577287714,0.175,Very Low
102.60380020000005,3.4995944999999997,0,0,65.73442136827443,0.175,Very Low
102.80380020000004,3.4995944999999997,0,0,33.80219240714278,0.175,Very Low
103.00380020000006,3.4995944999999997,0,0,27.90706891980436,0.175,Very Low
103.20380020000005,3.4995944999999997,0,0,40.127401651405066,0.175,Very Low
103.40380020000006,3.4995944999999997,0,0,63.82690520871413,0.175,Very Low
103.60380020000005,3.4995944999999997,0,0,115.81740433594277,0.175,Very Low
103.80380020000007,3.4995944999999997,0,0,0.0,0.175,Very Low
104.00380020000006,3.4995944999999997,0,0,0.0,0.175,Very Low
104.20380020000007,3.4995944999999997,0,0,0.0,0.175,Very Low
104.40380020000006,3.4995944999999997,0,0,0.0,0.175,Very Low
104.60380020000008,3.4995944999999997,0,0,0.0,0.175,Very Low
104.80380020000007,3.4995944999999997,0,0,0.0,0.175,Very Low
105.00380020000009,3.4995944999999997,0,0,0.0,0.175,Very Low
105.20380020000007,3.4995944999999997,0,0,0.0,0.175,Very Low
105.40380020000009,3.4995944999999997,0,0,0.0,0.175,Very Low
105.60380020000008,3.4995944999999997,0,0,0.0,0.175,Very Low
105.8038002000001,3.4995944999999997,0,0,0.0,0.175,Very Low
106.00380020000009,3.4995944999999997,0,0,0.0,0.175,Very Low
106.2038002000001,3.4995944999999997,0,0,0.0,0.175,Very Low
106.40380020000009,3.4995944999999997,0,0,0.0,0.175,Very Low
106.60380020000011,3.4995944999999997,0,0,0.0,0.175,Very Low
106.8038002000001,3.4995944999999997,0,0,0.0,0.175,Very Low
107.00380020000011,3.4995944999999997,0,0,0.0,0.175,Very Low
107.2038002000001,3.4995944999999997,0,0,0.0,0.175,Very Low
107.40380020000012,3.4995944999999997,0,0,0.0,0.175,Very Low
107.60380020000011,3.4995944999999997,0,0,0.0,0.175,Very Low
107.80380020000013,3.4995944999999997,0,0,0.0,0.175,Very Low
108.00380020000011,3.4995944999999997,0,0,0.0,0.175,Very Low
108.20380020000013,3.4995944999999997,0,0,0.0,0.175,Very Low
108.40380020000012,3.4995944999999997,0,0,0.0,0.175,Very Low
108.60380020000014,3.4995944999999997,0,0,0.0,0.175,Very Low
108.80380020000013,3.4995944999999997,0,0,0.0,0.175,Very Low
109.00380020000014,3.4995944999999997,0,0,0.0,0.175,Very Low
109.20380020000013,3.4995944999999997,0,0,0.0,0.175,Very Low
109.40380020000015,3.4995944999999997,0,0,0.0,0.175,Very Low
109.60380020000014,3.4995944999999997,0,0,0.0,0.175,Very Low
109.80380020000015,3.4995944999999997,0,0,0.0,0.175,Very Low
110.00380020000014,3.4995944999999997,0,0,0.0,0.175,Very Low
110.20380020000016,3.4995944999999997,0,0,0.0,0.175,Very Low
110.40380020000015,3.4995944999999997,0,0,0.0,0.175,Very Low
110.60380020000017,3.4995944999999997,0,0,0.0,0.175,Very Low
110.80380020000015,3.4995944999999997,0,0,0.0,0.175,Very Low
111.00380020000017,3.4995944999999997,0,0,0.0,0.175,Very Low
111.20380020000016,3.4995944999999997,0,0,0.0,0.175,Very Low
111.40380020000018,3.4995944999999997,0,0,0.0,0.175,Very Low
111.60380020000017,3.4995944999999997,0,0,0.0,0.175,Very Low
111.80380020000018,3.4995944999999997,0,0,0.0,0.175,Very Low
112.00380020000017,3.4995944999999997,0,0,0.0,0.175,Very Low
112.20380020000019,3.4995944999999997,0,0,0.0,0.175,Very Low
112.40380020000018,3.4995944999999997,0,0,0.0,0.175,Very Low
112.6038002000002,3.4995944999999997,0,0,0.0,0.175,Very Low
112.80380020000018,3.4995944999999997,0,0,0.0,0.175,Very Low
113.0038002000002,3.4995944999999997,0,0,79.69527813272738,0.175,Very Low
113.20380020000019,3.4995944999999997,0,0,50.81304074707581,0.175,Very Low
113.4038002000002,3.4995944999999997,0,0,25.71372243310851,0.175,Very Low
113.6038002000002,3.4995944999999997,0,0,12.341615663737887,0.175,Very Low
113.80380020000021,3.4995944999999997,0,0,10.281593745315654,0.175,Very Low
114.0038002000002,3.4995944999999997,0,0,6.088767697413762,0.175,Very Low
114.20380020000022,3.4995944999999997,0,0,3.0863708509390966,0.175,Very Low
114.4038002000002,3.4995944999999997,0,0,2.237955891682456,0.175,Very Low
114.60380020000022,3.4995944999999997,0,0,1.457856197511622,0.175,Very Low
114.80380020000021,3.4995944999999997,0,0,0.9312495307983935,0.175,Very Low
115.00380020000023,3.4995944999999997,0,0,0.8318805075961992,0.175,Very Low
115.20380020000022,3.4995944999999997,0,0,0.7242896216921508,0.175,Very Low
115.40380020000023,3.4995944999999997,0,0,0.9397577261750736,0.175,Very Low
115.60380020000022,3.4995944999999997,0,0,1.2520819917674313,0.175,Very Low
115.80380020000024,3.4995944999999997,0,0,1.0888921855663767,0.175,Very Low
116.00380020000023,3.4995944999999997,0,0,0.0,0.175,Very Low
116.20380020000025,3.4995944999999997,0,0,0.0,0.175,Very Low
116.40380020000023,3.4995944999999997,0,0,0.0,0.175,Very Low
116.60380020000025,3.4995944999999997,0,0,0.0,0.175,Very Low
116.80380020000024,3.4995944999999997,0,0,0.0,0.175,Very Low
117.00380020000026,3.4995944999999997,0,0,0.0,0.175,Very Low
117.20380020000025,3.4995944999999997,0,0,0.0,0.175,Very Low
117.40380020000026,3.4995944999999997,0,0,0.0,0.175,Very Low
117.60380020000025,3.4995944999999997,0,0,0.0,0.175,Very Low
117.80380020000027,3.4995944999999997,0,0,0.0,0.175,Very Low
118.00380020000026,3.4995944999999997,0,0,0.0,0.175,Very Low
118.20380020000027,3.4995944999999997,0,0,0.0,0.175,Very Low
118.40380020000026,3.4995944999999997,0,0,0.0,0.175,Very Low
118.60380020000028,3.4995944999999997,0,0,0.0,0.175,Very Low
118.80380020000027,3.4995944999999997,0,0,0.0,0.175,Very Low
119.00380020000028,3.4995944999999997,0,0,0.0,0.175,Very Low
119.20380020000027,3.4995944999999997,0,0,0.0,0.175,Very Low
119.40380020000029,3.4995944999999997,0,0,0.0,0.175,Very Low
99.6038002,3.699594499999999,0,0,0.0,0.175,Very Low
99.80380020000001,3.699594499999999,0,0,0.0,0.175,Very Low
100.0038002,3.699594499999999,0,0,0.0,0.175,Very Low
100.20380020000002,3.699594499999999,0,0,0.0,0.175,Very Low
100.4038002,3.699594499999999,0,0,0.0,0.175,Very Low
100.60380020000002,3.699594499999999,0,0,77.06142725664027,0.175,Very Low
100.80380020000001,3.699594499999999,0,0,165.61288613070894,0.175,Very Low
101.00380020000003,3.699594499999999,0,0,99.09621096972657,0.175,Very Low
101.20380020000002,3.699594499999999,0,0,45.023819244432104,0.175,Very Low
101.40380020000003,3.699594499999999,0,0,64.35431428113952,0.175,Very Low
101.60380020000002,3.699594499999999,0,0,64.75482068627349,0.175,Very Low
101.80380020000004,3.699594499999999,0,0,74.0570336989541,0.175,Very Low
102.00380020000003,3.699594499999999,0,0,66.69304806521784,0.175,Very Low
102.20380020000005,3.699594499999999,0,0,28.868718886023593,0.175,Very Low
102.40380020000003,3.699594499999999,0,0,56.8133285637531,0.175,Very Low
102.60380020000005,3.699594499999999,0,0,55.5638640144219,0.175,Very Low
102.80380020000004,3.699594499999999,0,0,29.885354038845335,0.175,Very Low
103.00380020000006,3.699594499999999,0,0,57.167481588613654,0.175,Very Low
103.20380020000005,3.699594499999999,0,0,287.94906959310174,0.175,Very Low
103.40380020000006,3.699594499999999,0,0,498.9293837431114,0.175,Very Low
103.60380020000005,3.699594499999999,0,0,160.68020522955692,0.175,Very Low
103.80380020000007,3.699594499999999,0,0,0.0,0.175,Very Low
104.00380020000006,3.699594499999999,0,0,0.0,0.175,Very Low
104.20380020000007,3.699594499999999,0,0,0.0,0.175,Very Low
104.40380020000006,3.699594499999999,0,0,0.0,0.175,Very Low
104.60380020000008,3.699594499999999,0,0,0.0,0.175,Very Low
104.80380020000007,3.699594499999999,0,0,0.0,0.175,Very Low
105.00380020000009,3.699594499999999,0,0,0.0,0.175,Very Low
105.20380020000007,3.699594499999999,0,0,0.0,0.175,Very Low
105.40380020000009,3.699594499999999,0,0,0.0,0.175,Very Low
105.60380020000008,3.699594499999999,0,0,0.0,0.175,Very Low
105.8038002000001,3.699594499999999,0,0,0.0,0.175,Very Low
106.00380020000009,3.699594499999999,0,0,0.0,0.175,Very Low
106.2038002000001,3.699594499999999,0,0,0.0,0.175,Very Low
106.40380020000009,3.699594499999999,0,0,0.0,0.175,Very Low
106.60380020000011,3.699594499999999,0,0,0.0,0.175,Very Low
106.8038002000001,3.699594499999999,0,0,0.0,0.175,Very Low
107.00380020000011,3.699594499999999,0,0,0.0,0.175,Very Low
107.2038002000001,3.699594499999999,0,0,0.0,0.175,Very Low
107.40380020000012,3.699594499999999,0,0,0.0,0.175,Very Low
107.60380020000011,3.699594499999999,0,0,0.0,0.175,Very Low
107.80380020000013,3.699594499999999,0,0,0.0,0.175,Very Low
108.00380020000011,3.699594499999999,0,0,0.0,0.175,Very Low
108.20380020000013,3.699594499999999,0,0,0.0,0.175,Very Low
108.40380020000012,3.699594499999999,0,0,0.0,0.175,Very Low
108.60380020000014,3.699594499999999,0,0,0.0,0.175,Very Low
108.80380020000013,3.699594499999999,0,0,0.0,0.175,Very Low
109.00380020000014,3.699594499999999,0,0,0.0,0.175,Very Low
109.20380020000013,3.699594499999999,0,0,0.0,0.175,Very Low
109.40380020000015,3.699594499999999,0,0,0.0,0.175,Very Low
109.60380020000014,3.699594499999999,0,0,0.0,0.175,Very Low
109.80380020000015,3.699594499999999,0,0,0.0,0.175,Very Low
110.00380020000014,3.699594499999999,0,0,0.0,0.175,Very Low
110.20380020000016,3.699594499999999,0,0,0.0,0.175,Very Low
110.40380020000015,3.699594499999999,0,0,0.0,0.175,Very Low
110.60380020000017,3.699594499999999,0,0,0.0,0.175,Very Low
110.80380020000015,3.699594499999999,0,0,0.0,0.175,Very Low
111.00380020000017,3.699594499999999,0,0,0.0,0.175,Very Low
111.20380020000016,3.699594499999999,0,0,0.0,0.175,Very Low
111.40380020000018,3.699594499999999,0,0,0.0,0.175,Very Low
111.60380020000017,3.699594499999999,0,0,0.0,0.175,Very Low
111.80380020000018,3.699594499999999,0,0,0.0,0.175,Very Low
112.00380020000017,3.699594499999999,0,0,0.0,0.175,Very Low
112.20380020000019,3.699594499999999,0,0,0.0,0.175,Very Low
112.40380020000018,3.699594499999999,0,0,0.0,0.175,Very Low
112.6038002000002,3.699594499999999,0,0,0.0,0.175,Very Low
112.80380020000018,3.699594499999999,0,0,0.0,0.175,Very Low
113.0038002000002,3.699594499999999,0,0,0.0,0.175,Very Low
113.20380020000019,3.699594499999999,0,0,84.65081110867587,0.175,Very Low
113.4038002000002,3.699594499999999,0,0,26.808365929369124,0.175,Very Low
113.6038002000002,3.699594499999999,0,0,20.198934822138455,0.175,Very Low
113.80380020000021,3.699594499999999,0,0,20.313207091220917,0.175,Very Low
114.0038002000002,3.699594499999999,0,0,10.563748676122891,0.175,Very Low
114.20380020000022,3.699594499999999,0,0,4.70864985567621,0.175,Very Low
114.4038002000002,3.699594499999999,0,0,3.9718419537465603,0.175,Very Low
114.60380020000022,3.699594499999999,0,0,2.4233102255449115,0.175,Very Low
114.80380020000021,3.699594499999999,0,0,1.1462123494000278,0.175,Very Low
115.00380020000023,3.699594499999999,0,0,0.8096112450714119,0.175,Very Low
115.20380020000022,3.699594499999999,0,0,0.8987241056747735,0.175,Very Low
115.40380020000023,3.699594499999999,0,0,1.9946574517749847,0.175,Very Low
115.60380020000022,3.699594499999999,0,0,3.000659255683422,0.175,Very Low
115.80380020000024,3.699594499999999,0,0,5.629841759800911,0.175,Very Low
116.00380020000023,3.699594499999999,0,0,0.0,0.175,Very Low
116.20380020000025,3.699594499999999,0,0,0.0,0.175,Very Low
116.40380020000023,3.699594499999999,0,0,0.0,0.175,Very Low
116.60380020000025,3.699594499999999,0,0,0.0,0.175,Very Low
116.80380020000024,3.699594499999999,0,0,0.0,0.175,Very Low
117.00380020000026,3.699594499999999,0,0,0.0,0.175,Very Low
117.20380020000025,3.699594499999999,0,0,0.0,0.175,Very Low
117.40380020000026,3.699594499999999,0,0,0.0,0.175,Very Low
117.60380020000025,3.699594499999999,0,0,0.0,0.175,Very Low
117.80380020000027,3.699594499999999,0,0,0.0,0.175,Very Low
118.00380020000026,3.699594499999999,0,0,0.0,0.175,Very Low
118.20380020000027,3.699594499999999,0,0,0.0,0.175,Very Low
118.40380020000026,3.699594499999999,0,0,0.0,0.175,Very Low
118.60380020000028,3.699594499999999,0,0,0.0,0.175,Very Low
118.80380020000027,3.699594499999999,0,0,0.0,0.175,Very Low
119.00380020000028,3.699594499999999,0,0,0.0,0.175,Very Low
119.20380020000027,3.699594499999999,0,0,0.0,0.175,Very Low
119.40380020000029,3.699594499999999,0,0,0.0,0.175,Very Low
99.6038002,3.899594499999999,0,0,0.0,0.175,Very Low
99.80380020000001,3.899594499999999,0,0,0.0,0.175,Very Low
100.0038002,3.899594499999999,0,0,2.3815799355506897,0.175,Very Low
100.20380020000002,3.899594499999999,0,0,2.3815799355506897,0.175,Very Low
100.4038002,3.899594499999999,0,0,4.842153744264082,0.175,Very Low
100.60380020000002,3.899594499999999,0,0,87.39840649577636,0.175,Very Low
100.80380020000001,3.899594499999999,0,0,113.03565714739635,0.175,Very Low
101.00380020000003,3.899594499999999,0,0,125.26785895534398,0.175,Very Low
101.20380020000002,3.899594499999999,0,1,98.82903084469338,0.19249999999999998,Very Low
101.40380020000003,3.899594499999999,0,0,59.51466335149275,0.175,Very Low
101.60380020000002,3.899594499999999,0,0,34.96902048608495,0.175,Very Low
101.80380020000004,3.899594499999999,0,0,52.889767157741716,0.175,Very Low
102.00380020000003,3.899594499999999,0,0,51.76972297651486,0.175,Very Low
102.20380020000005,3.899594499999999,0,1,42.621504165542625,0.19249999999999998,Very Low
102.40380020000003,3.899594499999999,0,0,65.13471400829602,0.175,Very Low
102.60380020000005,3.899594499999999,0,0,39.06349817073593,0.175,Very Low
102.80380020000004,3.899594499999999,0,0,13.663325080990843,0.175,Very Low
103.00380020000006,3.899594499999999,0,0,47.90835244303647,0.175,Very Low
103.20380020000005,3.899594499999999,0,0,303.08157662238915,0.175,Very Low
103.40380020000006,3.899594499999999,0,0,561.2536861903675,0.175,Very Low
103.60380020000005,3.899594499999999,0,0,696.129918011752,0.175,Very Low
103.80380020000007,3.899594499999999,0,0,0.0,0.175,Very Low
104.00380020000006,3.899594499999999,0,0,0.0,0.175,Very Low
104.20380020000007,3.899594499999999,0,0,0.0,0.175,Very Low
104.40380020000006,3.899594499999999,0,0,0.0,0.175,Very Low
104.60380020000008,3.899594499999999,0,0,0.0,0.175,Very Low
104.80380020000007,3.899594499999999,0,0,0.0,0.175,Very Low
105.00380020000009,3.899594499999999,0,0,0.0,0.175,Very Low
105.20380020000007,3.899594499999999,0,0,0.0,0.175,Very Low
105.40380020000009,3.899594499999999,0,0,0.0,0.175,Very Low
105.60380020000008,3.899594499999999,0,0,0.0,0.175,Very Low
105.8038002000001,3.899594499999999,0,0,0.0,0.175,Very Low
106.00380020000009,3.899594499999999,0,0,0.0,0.175,Very Low
106.2038002000001,3.899594499999999,0,0,0.0,0.175,Very Low
106.40380020000009,3.899594499999999,0,0,0.0,0.175,Very Low
106.60380020000011,3.899594499999999,0,0,0.0,0.175,Very Low
106.8038002000001,3.899594499999999,0,0,0.0,0.175,Very Low
107.00380020000011,3.899594499999999,0,0,0.0,0.175,Very Low
107.2038002000001,3.899594499999999,0,0,0.0,0.175,Very Low
107.40380020000012,3.899594499999999,0,0,0.0,0.175,Very Low
107.60380020000011,3.899594499999999,0,0,0.0,0.175,Very Low
107.80380020000013,3.899594499999999,0,0,0.0,0.175,Very Low
108.00380020000011,3.899594499999999,0,0,0.0,0.175,Very Low
108.20380020000013,3.899594499999999,0,0,0.0,0.175,Very Low
108.40380020000012,3.899594499999999,0,0,0.0,0.175,Very Low
108.60380020000014,3.899594499999999,0,0,0.0,0.175,Very Low
108.80380020000013,3.899594499999999,0,0,0.0,0.175,Very Low
109.00380020000014,3.899594499999999,0,0,0.0,0.175,Very Low
109.20380020000013,3.899594499999999,0,0,0.0,0.175,Very Low
109.40380020000015,3.899594499999999,0,0,0.0,0.175,Very Low
109.60380020000014,3.899594499999999,0,0,0.0,0.175,Very Low
109.80380020000015,3.899594499999999,0,0,0.0,0.175,Very Low
110.00380020000014,3.899594499999999,0,0,0.0,0.175,Very Low
110.20380020000016,3.899594499999999,0,0,0.0,0.175,Very Low
110.40380020000015,3.899594499999999,0,0,0.0,0.175,Very Low
110.60380020000017,3.899594499999999,0,0,0.0,0.175,Very Low
110.80380020000015,3.899594499999999,0,0,0.0,0.175,Very Low
111.00380020000017,3.899594499999999,0,0,0.0,0.175,Very Low
111.20380020000016,3.899594499999999,0,0,0.0,0.175,Very Low
111.40380020000018,3.899594499999999,0,0,0.0,0.175,Very Low
111.60380020000017,3.899594499999999,0,0,0.0,0.175,Very Low
111.80380020000018,3.899594499999999,0,0,0.0,0.175,Very Low
112.00380020000017,3.899594499999999,0,0,0.0,0.175,Very Low
112.20380020000019,3.899594499999999,0,0,0.0,0.175,Very Low
112.40380020000018,3.899594499999999,0,0,0.0,0.175,Very Low
112.6038002000002,3.899594499999999,0,0,0.0,0.175,Very Low
112.80380020000018,3.899594499999999,0,0,0.0,0.175,Very Low
113.0038002000002,3.899594499999999,0,0,0.0,0.175,Very Low
113.20380020000019,3.899594499999999,0,0,0.0,0.175,Very Low
113.4038002000002,3.899594499999999,0,0,17.090569552956705,0.175,Very Low
113.6038002000002,3.899594499999999,0,0,26.21245009522689,0.175,Very Low
113.80380020000021,3.899594499999999,0,0,24.96090849268817,0.175,Very Low
114.0038002000002,3.899594499999999,0,0,13.43404419746043,0.175,Very Low
114.20380020000022,3.899594499999999,0,0,5.007334557310161,0.175,Very Low
114.4038002000002,3.899594499999999,0,0,4.160561228032206,0.175,Very Low
114.60380020000022,3.899594499999999,0,0,2.655546944556294,0.175,Very Low
114.80380020000021,3.899594499999999,0,0,1.2489401729740404,0.175,Very Low
115.00380020000023,3.899594499999999,0,0,0.8478907981318318,0.175,Very Low
115.20380020000022,3.899594499999999,0,0,1.0649141638746693,0.175,Very Low
115.40380020000023,3.899594499999999,0,0,2.9714787936316127,0.175,Very Low
115.60380020000022,3.899594499999999,0,0,5.946417850854407,0.175,Very Low
115.80380020000024,3.899594499999999,0,0,16.396435937742247,0.175,Very Low
116.00380020000023,3.899594499999999,0,0,0.0,0.175,Very Low
116.20380020000025,3.899594499999999,0,0,0.0,0.175,Very Low
116.40380020000023,3.899594499999999,0,0,0.0,0.175,Very Low
116.60380020000025,3.899594499999999,0,0,0.0,0.175,Very Low
116.80380020000024,3.899594499999999,0,0,0.0,0.175,Very Low
117.00380020000026,3.899594499999999,0,0,0.0,0.175,Very Low
117.20380020000025,3.899594499999999,0,0,0.0,0.175,Very Low
117.40380020000026,3.899594499999999,0,0,0.0,0.175,Very Low
117.60380020000025,3.899594499999999,0,0,0.0,0.175,Very Low
117.80380020000027,3.899594499999999,0,0,0.0,0.175,Very Low
118.00380020000026,3.899594499999999,0,0,0.0,0.175,Very Low
118.20380020000027,3.899594499999999,0,0,0.0,0.175,Very Low
118.40380020000026,3.899594499999999,0,0,0.0,0.175,Very Low
118.60380020000028,3.899594499999999,0,0,0.0,0.175,Very Low
118.80380020000027,3.899594499999999,0,0,0.0,0.175,Very Low
119.00380020000028,3.899594499999999,0,0,0.0,0.175,Very Low
119.20380020000027,3.899594499999999,0,0,0.0,0.175,Very Low
119.40380020000029,3.899594499999999,0,0,0.0,0.175,Very Low
99.6038002,4.099594499999999,0,0,0.0,0.175,Very Low
99.80380020000001,4.099594499999999,0,0,0.0,0.175,Very Low
100.0038002,4.099594499999999,0,0,2.3815799355506897,0.175,Very Low
100.20380020000002,4.099594499999999,0,0,2.3815799355506897,0.175,Very Low
100.4038002,4.099594499999999,0,0,182.83188345235422,0.175,Very Low
100.60380020000002,4.099594499999999,0,0,327.1502106805281,0.175,Very Low
100.80380020000001,4.099594499999999,0,0,183.6382156643318,0.175,Very Low
101.00380020000003,4.099594499999999,0,1,124.81682386065391,0.19249999999999998,Very Low
101.20380020000002,4.099594499999999,0,0,136.00297445772836,0.175,Very Low
101.40380020000003,4.099594499999999,0,0,56.17902245662279,0.175,Very Low
101.60380020000002,4.099594499999999,0,0,16.292798657487666,0.175,Very Low
101.80380020000004,4.099594499999999,0,0,33.233187297255625,0.175,Very Low
102.00380020000003,4.099594499999999,0,1,41.4471058829998,0.19249999999999998,Very Low
102.20380020000005,4.099594499999999,0,0,46.710703014965276,0.175,Very Low
102.40380020000003,4.099594499999999,0,0,33.849593172250835,0.175,Very Low
102.60380020000005,4.099594499999999,0,0,9.545701287609214,0.175,Very Low
102.80380020000004,4.099594499999999,0,0,3.4777960766029232,0.175,Very Low
103.00380020000006,4.099594499999999,0,0,8.147435520646265,0.175,Very Low
103.20380020000005,4.099594499999999,0,0,73.51787764298963,0.175,Very Low
103.40380020000006,4.099594499999999,0,0,214.47619674302976,0.175,Very Low
103.60380020000005,4.099594499999999,0,0,883.7888918634671,0.175,Very Low
103.80380020000007,4.099594499999999,0,0,0.0,0.175,Very Low
104.00380020000006,4.099594499999999,0,0,0.0,0.175,Very Low
104.20380020000007,4.099594499999999,0,0,0.0,0.175,Very Low
104.40380020000006,4.099594499999999,0,0,0.0,0.175,Very Low
104.60380020000008,4.099594499999999,0,0,0.0,0.175,Very Low
104.80380020000007,4.099594499999999,0,0,0.0,0.175,Very Low
105.00380020000009,4.099594499999999,0,0,0.0,0.175,Very Low
105.20380020000007,4.099594499999999,0,0,0.0,0.175,Very Low
105.40380020000009,4.099594499999999,0,0,0.0,0.175,Very Low
105.60380020000008,4.099594499999999,0,0,0.0,0.175,Very Low
105.8038002000001,4.099594499999999,0,0,0.0,0.175,Very Low
106.00380020000009,4.099594499999999,0,0,0.0,0.175,Very Low
106.2038002000001,4.099594499999999,0,0,0.0,0.175,Very Low
106.40380020000009,4.099594499999999,0,0,0.0,0.175,Very Low
106.60380020000011,4.099594499999999,0,0,0.0,0.175,Very Low
106.8038002000001,4.099594499999999,0,0,0.0,0.175,Very Low
107.00380020000011,4.099594499999999,0,0,0.0,0.175,Very Low
107.2038002000001,4.099594499999999,0,0,0.0,0.175,Very Low
107.40380020000012,4.099594499999999,0,0,0.0,0.175,Very Low
107.60380020000011,4.099594499999999,0,0,0.0,0.175,Very Low
107.80380020000013,4.099594499999999,0,0,0.0,0.175,Very Low
108.00380020000011,4.099594499999999,0,0,0.0,0.175,Very Low
108.20380020000013,4.099594499999999,0,0,0.0,0.175,Very Low
108.40380020000012,4.099594499999999,0,0,0.0,0.175,Very Low
108.60380020000014,4.099594499999999,0,0,0.0,0.175,Very Low
108.80380020000013,4.099594499999999,0,0,0.0,0.175,Very Low
109.00380020000014,4.099594499999999,0,0,0.0,0.175,Very Low
109.20380020000013,4.099594499999999,0,0,0.0,0.175,Very Low
109.40380020000015,4.099594499999999,0,0,0.0,0.175,Very Low
109.60380020000014,4.099594499999999,0,0,0.0,0.175,Very Low
109.80380020000015,4.099594499999999,0,0,0.0,0.175,Very Low
110.00380020000014,4.099594499999999,0,0,0.0,0.175,Very Low
110.20380020000016,4.099594499999999,0,0,0.0,0.175,Very Low
110.40380020000015,4.099594499999999,0,0,0.0,0.175,Very Low
110.60380020000017,4.099594499999999,0,0,0.0,0.175,Very Low
110.80380020000015,4.099594499999999,0,0,0.0,0.175,Very Low
111.00380020000017,4.099594499999999,0,0,0.0,0.175,Very Low
111.20380020000016,4.099594499999999,0,0,0.0,0.175,Very Low
111.40380020000018,4.099594499999999,0,0,0.0,0.175,Very Low
111.60380020000017,4.099594499999999,0,0,0.0,0.175,Very Low
111.80380020000018,4.099594499999999,0,0,0.0,0.175,Very Low
112.00380020000017,4.099594499999999,0,0,0.0,0.175,Very Low
112.20380020000019,4.099594499999999,0,0,0.0,0.175,Very Low
112.40380020000018,4.099594499999999,0,0,0.0,0.175,Very Low
112.6038002000002,4.099594499999999,0,0,0.0,0.175,Very Low
112.80380020000018,4.099594499999999,0,0,0.0,0.175,Very Low
113.0038002000002,4.099594499999999,0,0,0.0,0.175,Very Low
113.20380020000019,4.099594499999999,0,0,0.0,0.175,Very Low
113.4038002000002,4.099594499999999,0,0,0.0,0.175,Very Low
113.6038002000002,4.099594499999999,0,0,22.570532736990614,0.175,Very Low
113.80380020000021,4.099594499999999,0,0,25.336104803394754,0.175,Very Low
114.0038002000002,4.099594499999999,0,0,14.980804018007957,0.175,Very Low
114.20380020000022,4.099594499999999,0,0,8.16025676057234,0.175,Very Low
114.4038002000002,4.099594499999999,0,0,7.80235447800856,0.175,Very Low
114.60380020000022,4.099594499999999,0,0,2.9028224651839225,0.175,Very Low
114.80380020000021,4.099594499999999,0,0,0.9472710835466126,0.175,Very Low
115.00380020000023,4.099594499999999,0,0,1.0807419580393847,0.175,Very Low
115.20380020000022,4.099594499999999,0,0,1.133219690592442,0.175,Very Low
115.40380020000023,4.099594499999999,0,0,2.558105054998335,0.175,Very Low
115.60380020000022,4.099594499999999,0,0,4.672712022490036,0.175,Very Low
115.80380020000024,4.099594499999999,0,0,5.393335410104262,0.175,Very Low
116.00380020000023,4.099594499999999,0,0,0.8367866691277952,0.175,Very Low
116.20380020000025,4.099594499999999,0,0,0.9464755803346634,0.175,Very Low
116.40380020000023,4.099594499999999,0,0,3.269500255584717,0.175,Very Low
116.60380020000025,4.099594499999999,0,0,3.269500255584717,0.175,Very Low
116.80380020000024,4.099594499999999,0,0,0.0,0.175,Very Low
117.00380020000026,4.099594499999999,0,0,0.0,0.175,Very Low
117.20380020000025,4.099594499999999,0,0,43.87254557890051,0.175,Very Low
117.40380020000026,4.099594499999999,0,0,47.78415836196348,0.175,Very Low
117.60380020000025,4.099594499999999,0,0,47.12432015991211,0.175,Very Low
117.80380020000027,4.099594499999999,0,0,1470.3871618600992,0.175,Very Low
118.00380020000026,4.099594499999999,0,0,1369.6353509842404,0.175,Very Low
118.20380020000027,4.099594499999999,0,0,393.2773637504221,0.175,Very Low
118.40380020000026,4.099594499999999,0,0,38.63527509901259,0.175,Very Low
118.60380020000028,4.099594499999999,0,0,104.98515458540483,0.175,Very Low
118.80380020000027,4.099594499999999,0,0,205.4211212158203,0.175,Very Low
119.00380020000028,4.099594499999999,0,0,0.0,0.175,Very Low
119.20380020000027,4.099594499999999,0,0,0.0,0.175,Very Low
119.40380020000029,4.099594499999999,0,0,0.0,0.175,Very Low
99.6038002,4.2995944999999995,0,0,0.0,0.175,Very Low
99.80380020000001,4.2995944999999995,0,0,0.0,0.175,Very Low
100.0038002,4.2995944999999995,0,0,0.0,0.175,Very Low
100.20380020000002,4.2995944999999995,0,0,0.0,0.175,Very Low
100.4038002,4.2995944999999995,0,0,162.90403677915273,0.175,Very Low
100.60380020000002,4.2995944999999995,0,0,266.4712923272818,0.175,Very Low
100.80380020000001,4.2995944999999995,0,0,198.77382494398117,0.175,Very Low
101.00380020000003,4.2995944999999995,0,0,168.88481747990267,0.175,Very Low
101.20380020000002,4.2995944999999995,0,0,155.81231074252477,0.175,Very Low
101.40380020000003,4.2995944999999995,0,0,53.845290871130096,0.175,Very Low
101.60380020000002,4.2995944999999995,0,0,12.369495312786764,0.175,Very Low
101.80380020000004,4.2995944999999995,0,0,19.96810842295074,0.175,Very Low
102.00380020000003,4.2995944999999995,0,0,29.642750446529437,0.175,Very Low
102.20380020000005,4.2995944999999995,0,0,19.3860376812647,0.175,Very Low
102.40380020000003,4.2995944999999995,0,0,3.981246139647232,0.175,Very Low
102.60380020000005,4.2995944999999995,0,0,1.3744871171107258,0.175,Very Low
102.80380020000004,4.2995944999999995,0,0,0.5713779370158186,0.175,Very Low
103.00380020000006,4.2995944999999995,0,0,3.4403540821351473,0.175,Very Low
103.20380020000005,4.2995944999999995,0,0,37.31668948163157,0.175,Very Low
103.40380020000006,4.2995944999999995,0,0,150.80763504549955,0.175,Very Low
103.60380020000005,4.2995944999999995,0,0,477.9324134575867,0.175,Very Low
103.80380020000007,4.2995944999999995,0,0,0.0,0.175,Very Low
104.00380020000006,4.2995944999999995,0,0,0.0,0.175,Very Low
104.20380020000007,4.2995944999999995,0,0,0.0,0.175,Very Low
104.40380020000006,4.2995944999999995,0,0,0.0,0.175,Very Low
104.60380020000008,4.2995944999999995,0,0,0.0,0.175,Very Low
104.80380020000007,4.2995944999999995,0,0,0.0,0.175,Very Low
105.00380020000009,4.2995944999999995,0,0,0.0,0.175,Very Low
105.20380020000007,4.2995944999999995,0,0,0.0,0.175,Very Low
105.40380020000009,4.2995944999999995,0,0,0.0,0.175,Very Low
105.60380020000008,4.2995944999999995,0,0,0.0,0.175,Very Low
105.8038002000001,4.2995944999999995,0,0,0.0,0.175,Very Low
106.00380020000009,4.2995944999999995,0,0,0.0,0.175,Very Low
106.2038002000001,4.2995944999999995,0,0,0.0,0.175,Very Low
106.40380020000009,4.2995944999999995,0,0,0.0,0.175,Very Low
106.60380020000011,4.2995944999999995,0,0,0.0,0.175,Very Low
106.8038002000001,4.2995944999999995,0,0,0.0,0.175,Very Low
107.00380020000011,4.2995944999999995,0,0,0.0,0.175,Very Low
107.2038002000001,4.2995944999999995,0,0,0.0,0.175,Very Low
107.40380020000012,4.2995944999999995,0,0,0.0,0.175,Very Low
107.60380020000011,4.2995944999999995,0,0,0.0,0.175,Very Low
107.80380020000013,4.2995944999999995,0,0,0.0,0.175,Very Low
108.00380020000011,4.2995944999999995,0,0,0.0,0.175,Very Low
108.20380020000013,4.2995944999999995,0,0,0.0,0.175,Very Low
108.40380020000012,4.2995944999999995,0,0,0.0,0.175,Very Low
108.60380020000014,4.2995944999999995,0,0,0.0,0.175,Very Low
108.80380020000013,4.2995944999999995,0,0,0.0,0.175,Very Low
109.00380020000014,4.2995944999999995,0,0,0.0,0.175,Very Low
109.20380020000013,4.2995944999999995,0,0,0.0,0.175,Very Low
109.40380020000015,4.2995944999999995,0,0,0.0,0.175,Very Low
109.60380020000014,4.2995944999999995,0,0,0.0,0.175,Very Low
109.80380020000015,4.2995944999999995,0,0,0.0,0.175,Very Low
110.00380020000014,4.2995944999999995,0,0,0.0,0.175,Very Low
110.20380020000016,4.2995944999999995,0,0,0.0,0.175,Very Low
110.40380020000015,4.2995944999999995,0,0,0.0,0.175,Very Low
110.60380020000017,4.2995944999999995,0,0,0.0,0.175,Very Low
110.80380020000015,4.2995944999999995,0,0,0.0,0.175,Very Low
111.00380020000017,4.2995944999999995,0,0,0.0,0.175,Very Low
111.20380020000016,4.2995944999999995,0,0,0.0,0.175,Very Low
111.40380020000018,4.2995944999999995,0,0,0.0,0.175,Very Low
111.60380020000017,4.2995944999999995,0,0,0.0,0.175,Very Low
111.80380020000018,4.2995944999999995,0,0,0.0,0.175,Very Low
112.00380020000017,4.2995944999999995,0,0,0.0,0.175,Very Low
112.20380020000019,4.2995944999999995,0,0,0.0,0.175,Very Low
112.40380020000018,4.2995944999999995,0,0,0.0,0.175,Very Low
112.6038002000002,4.2995944999999995,0,0,0.0,0.175,Very Low
112.80380020000018,4.2995944999999995,0,0,0.0,0.175,Very Low
113.0038002000002,4.2995944999999995,0,0,0.0,0.175,Very Low
113.20380020000019,4.2995944999999995,0,0,0.0,0.175,Very Low
113.4038002000002,4.2995944999999995,0,0,0.0,0.175,Very Low
113.6038002000002,4.2995944999999995,0,0,20.817110061645508,0.175,Very Low
113.80380020000021,4.2995944999999995,0,0,424.43411538927177,0.175,Very Low
114.0038002000002,4.2995944999999995,0,0,213.50400834139276,0.175,Very Low
114.20380020000022,4.2995944999999995,0,0,79.60120800585534,0.175,Very Low
114.4038002000002,4.2995944999999995,0,0,12.742866047721506,0.175,Very Low
114.60380020000022,4.2995944999999995,0,0,6.304083845184909,0.175,Very Low
114.80380020000021,4.2995944999999995,0,0,2.537710859023172,0.175,Very Low
115.00380020000023,4.2995944999999995,0,0,2.497161763849459,0.175,Very Low
115.20380020000022,4.2995944999999995,0,0,1.6434936005986305,0.175,Very Low
115.40380020000023,4.2995944999999995,0,0,1.88588374090328,0.175,Very Low
115.60380020000022,4.2995944999999995,0,0,2.272444841243015,0.175,Very Low
115.80380020000024,4.2995944999999995,0,0,1.443322053938771,0.175,Very Low
116.00380020000023,4.2995944999999995,0,0,1.346177585205684,0.175,Very Low
116.20380020000025,4.2995944999999995,0,0,2.861850412964677,0.175,Very Low
116.40380020000023,4.2995944999999995,0,0,3.8961697494176994,0.175,Very Low
116.60380020000025,4.2995944999999995,0,0,3.374395146539258,0.175,Very Low
116.80380020000024,4.2995944999999995,0,0,2.6984391476219125,0.175,Very Low
117.00380020000026,4.2995944999999995,0,0,3.612761988818712,0.175,Very Low
117.20380020000025,4.2995944999999995,0,0,19.740226103213622,0.175,Very Low
117.40380020000026,4.2995944999999995,0,0,51.83344577205899,0.175,Very Low
117.60380020000025,4.2995944999999995,0,0,70.87688268321,0.175,Very Low
117.80380020000027,4.2995944999999995,0,0,324.1615651767246,0.175,Very Low
118.00380020000026,4.2995944999999995,0,0,323.26770085045416,0.175,Very Low
118.20380020000027,4.2995944999999995,0,0,126.33408980136868,0.175,Very Low
118.40380020000026,4.2995944999999995,0,0,152.0282478234101,0.175,Very Low
118.60380020000028,4.2995944999999995,0,0,261.24614755005393,0.175,Very Low
118.80380020000027,4.2995944999999995,0,0,351.3031060092421,0.175,Very Low
119.00380020000028,4.2995944999999995,0,0,42.63927390358665,0.175,Very Low
119.20380020000027,4.2995944999999995,0,0,0.0,0.175,Very Low
119.40380020000029,4.2995944999999995,0,0,0.0,0.175,Very Low
99.6038002,4.499594499999999,0,0,0.0,0.175,Very Low
99.80380020000001,4.499594499999999,0,0,0.0,0.175,Very Low
100.0038002,4.499594499999999,0,0,0.0,0.175,Very Low
100.20380020000002,4.499594499999999,0,0,0.0,0.175,Very Low
100.4038002,4.499594499999999,0,0,51.6141977582659,0.175,Very Low
100.60380020000002,4.499594499999999,0,0,83.32619248380142,0.175,Very Low
100.80380020000001,4.499594499999999,0,0,96.79089867619047,0.175,Very Low
101.00380020000003,4.499594499999999,0,4,515.8603712685613,0.245,Low
101.20380020000002,4.499594499999999,0,0,485.4378514729647,0.175,Very Low
101.40380020000003,4.499594499999999,0,46,35.756757737965216,0.5249999999999999,Medium
101.60380020000002,4.499594499999999,0,0,15.361440708679664,0.175,Very Low
101.80380020000004,4.499594499999999,0,0,7.760376165129451,0.175,Very Low
102.00380020000003,4.499594499999999,0,0,7.846425922044243,0.175,Very Low
102.20380020000005,4.499594499999999,0,0,4.497501298397158,0.175,Very Low
102.40380020000003,4.499594499999999,0,0,2.4389705653140683,0.175,Very Low
102.60380020000005,4.499594499999999,0,0,0.9945720461967338,0.175,Very Low
102.80380020000004,4.499594499999999,0,0,0.9616949383808888,0.175,Very Low
103.00380020000006,4.499594499999999,0,0,3.6892402920941803,0.175,Very Low
103.20380020000005,4.499594499999999,0,0,27.97960753317198,0.175,Very Low
103.40380020000006,4.499594499999999,0,0,98.56452920412777,0.175,Very Low
103.60380020000005,4.499594499999999,0,0,266.50575495768595,0.175,Very Low
103.80380020000007,4.499594499999999,0,0,0.0,0.175,Very Low
104.00380020000006,4.499594499999999,0,0,0.0,0.175,Very Low
104.20380020000007,4.499594499999999,0,0,0.0,0.175,Very Low
104.40380020000006,4.499594499999999,0,0,0.0,0.175,Very Low
104.60380020000008,4.499594499999999,0,0,0.0,0.175,Very Low
104.80380020000007,4.499594499999999,0,0,0.0,0.175,Very Low
105.00380020000009,4.499594499999999,0,0,0.0,0.175,Very Low
105.20380020000007,4.499594499999999,0,0,0.0,0.175,Very Low
105.40380020000009,4.499594499999999,0,0,0.0,0.175,Very Low
105.60380020000008,4.499594499999999,0,0,0.0,0.175,Very Low
105.8038002000001,4.499594499999999,0,0,0.0,0.175,Very Low
106.00380020000009,4.499594499999999,0,0,0.0,0.175,Very Low
106.2038002000001,4.499594499999999,0,0,0.0,0.175,Very Low
106.40380020000009,4.499594499999999,0,0,0.0,0.175,Very Low
106.60380020000011,4.499594499999999,0,0,0.0,0.175,Very Low
106.8038002000001,4.499594499999999,0,0,0.0,0.175,Very Low
107.00380020000011,4.499594499999999,0,0,0.0,0.175,Very Low
107.2038002000001,4.499594499999999,0,0,0.0,0.175,Very Low
107.40380020000012,4.499594499999999,0,0,0.0,0.175,Very Low
107.60380020000011,4.499594499999999,0,0,0.0,0.175,Very Low
107.80380020000013,4.499594499999999,0,0,0.0,0.175,Very Low
108.00380020000011,4.499594499999999,0,0,0.0,0.175,Very Low
108.20380020000013,4.499594499999999,0,0,0.0,0.175,Very Low
108.40380020000012,4.499594499999999,0,0,0.0,0.175,Very Low
108.60380020000014,4.499594499999999,0,0,0.0,0.175,Very Low
108.80380020000013,4.499594499999999,0,0,0.0,0.175,Very Low
109.00380020000014,4.499594499999999,0,0,0.0,0.175,Very Low
109.20380020000013,4.499594499999999,0,0,0.0,0.175,Very Low
109.40380020000015,4.499594499999999,0,0,0.0,0.175,Very Low
109.60380020000014,4.499594499999999,0,0,0.0,0.175,Very Low
109.80380020000015,4.499594499999999,0,0,0.0,0.175,Very Low
110.00380020000014,4.499594499999999,0,0,0.0,0.175,Very Low
110.20380020000016,4.499594499999999,0,0,0.0,0.175,Very Low
110.40380020000015,4.499594499999999,0,0,0.0,0.175,Very Low
110.60380020000017,4.499594499999999,0,0,0.0,0.175,Very Low
110.80380020000015,4.499594499999999,0,0,0.0,0.175,Very Low
111.00380020000017,4.499594499999999,0,0,0.0,0.175,Very Low
111.20380020000016,4.499594499999999,0,0,0.0,0.175,Very Low
111.40380020000018,4.499594499999999,0,0,0.0,0.175,Very Low
111.60380020000017,4.499594499999999,0,0,0.0,0.175,Very Low
111.80380020000018,4.499594499999999,0,0,0.0,0.175,Very Low
112.00380020000017,4.499594499999999,0,0,0.0,0.175,Very Low
112.20380020000019,4.499594499999999,0,0,0.0,0.175,Very Low
112.40380020000018,4.499594499999999,0,0,0.0,0.175,Very Low
112.6038002000002,4.499594499999999,0,0,0.0,0.175,Very Low
112.80380020000018,4.499594499999999,0,0,0.0,0.175,Very Low
113.0038002000002,4.499594499999999,0,0,0.0,0.175,Very Low
113.20380020000019,4.499594499999999,0,0,0.0,0.175,Very Low
113.4038002000002,4.499594499999999,0,0,0.0,0.175,Very Low
113.6038002000002,4.499594499999999,0,0,0.0,0.175,Very Low
113.80380020000021,4.499594499999999,0,0,1419.8225466929325,0.175,Very Low
114.0038002000002,4.499594499999999,0,0,406.20759454468066,0.175,Very Low
114.20380020000022,4.499594499999999,0,0,165.9966952739455,0.175,Very Low
114.4038002000002,4.499594499999999,0,0,8.955163236549701,0.175,Very Low
114.60380020000022,4.499594499999999,0,0,0.0,0.175,Very Low
114.80380020000021,4.499594499999999,0,0,12.41309268184644,0.175,Very Low
115.00380020000023,4.499594499999999,0,0,13.62305113166851,0.175,Very Low
115.20380020000022,4.499594499999999,0,0,9.633002854923452,0.175,Very Low
115.40380020000023,4.499594499999999,0,0,3.312252858749551,0.175,Very Low
115.60380020000022,4.499594499999999,0,0,3.8589631513977007,0.175,Very Low
115.80380020000024,4.499594499999999,0,0,5.667077120851669,0.175,Very Low
116.00380020000023,4.499594499999999,0,0,4.184588518049667,0.175,Very Low
116.20380020000025,4.499594499999999,0,0,3.1922845352174303,0.175,Very Low
116.40380020000023,4.499594499999999,0,0,5.8570976758260125,0.175,Very Low
116.60380020000025,4.499594499999999,0,0,5.72054332070671,0.175,Very Low
116.80380020000024,4.499594499999999,0,0,3.726263493343899,0.175,Very Low
117.00380020000026,4.499594499999999,0,0,4.078926269349376,0.175,Very Low
117.20380020000025,4.499594499999999,0,0,14.955246249010408,0.175,Very Low
117.40380020000026,4.499594499999999,0,0,41.421223743082386,0.175,Very Low
117.60380020000025,4.499594499999999,0,0,63.44776487173448,0.175,Very Low
117.80380020000027,4.499594499999999,0,0,63.19226928478269,0.175,Very Low
118.00380020000026,4.499594499999999,0,0,69.73199694293241,0.175,Very Low
118.20380020000027,4.499594499999999,0,0,97.1960353569791,0.175,Very Low
118.40380020000026,4.499594499999999,0,0,133.29025212698107,0.175,Very Low
118.60380020000028,4.499594499999999,0,0,183.7426689470715,0.175,Very Low
118.80380020000027,4.499594499999999,0,0,260.4119292217596,0.175,Very Low
119.00380020000028,4.499594499999999,0,0,68.57709679603576,0.175,Very Low
119.20380020000027,4.499594499999999,0,0,11.793903350830078,0.175,Very Low
119.40380020000029,4.499594499999999,0,0,11.802986145019531,0.175,Very Low
99.6038002,4.699594499999999,0,0,0.0,0.175,Very Low
99.80380020000001,4.699594499999999,0,0,0.0,0.175,Very Low
100.0038002,4.699594499999999,0,0,0.0,0.175,Very Low
100.20380020000002,4.699594499999999,0,0,0.0,0.175,Very Low
100.4038002,4.699594499999999,0,0,13.904348365427774,0.175,Very Low
100.60380020000002,4.699594499999999,0,0,262.760879222398,0.175,Very Low
100.80380020000001,4.699594499999999,0,0,203.03060373811283,0.175,Very Low
101.00380020000003,4.699594499999999,0,0,487.2824069171523,0.175,Very Low
101.20380020000002,4.699594499999999,0,0,444.93039248971684,0.175,Very Low
101.40380020000003,4.699594499999999,0,0,17.33117304377568,0.175,Very Low
101.60380020000002,4.699594499999999,0,0,12.668332905508578,0.175,Very Low
101.80380020000004,4.699594499999999,0,0,20.338141367020498,0.175,Very Low
102.00380020000003,4.699594499999999,0,0,21.402896950461177,0.175,Very Low
102.20380020000005,4.699594499999999,0,0,6.469011487879066,0.175,Very Low
102.40380020000003,4.699594499999999,0,0,3.341025714314734,0.175,Very Low
102.60380020000005,4.699594499999999,0,0,0.6375611120813918,0.175,Very Low
102.80380020000004,4.699594499999999,0,0,1.0620712086579471,0.175,Very Low
103.00380020000006,4.699594499999999,0,0,8.807159498454743,0.175,Very Low
103.20380020000005,4.699594499999999,0,1,46.47555967316499,0.19249999999999998,Very Low
103.40380020000006,4.699594499999999,0,0,169.97534297843393,0.175,Very Low
103.60380020000005,4.699594499999999,0,0,632.6411355336508,0.175,Very Low
103.80380020000007,4.699594499999999,0,0,3.773378545587713,0.175,Very Low
104.00380020000006,4.699594499999999,0,0,0.0,0.175,Very Low
104.20380020000007,4.699594499999999,0,0,0.0,0.175,Very Low
104.40380020000006,4.699594499999999,0,0,0.0,0.175,Very Low
104.60380020000008,4.699594499999999,0,0,0.0,0.175,Very Low
104.80380020000007,4.699594499999999,0,0,0.0,0.175,Very Low
105.00380020000009,4.699594499999999,0,0,0.0,0.175,Very Low
105.20380020000007,4.699594499999999,0,0,0.0,0.175,Very Low
105.40380020000009,4.699594499999999,0,0,0.0,0.175,Very Low
105.60380020000008,4.699594499999999,0,0,0.0,0.175,Very Low
105.8038002000001,4.699594499999999,0,0,0.0,0.175,Very Low
106.00380020000009,4.699594499999999,0,0,0.0,0.175,Very Low
106.2038002000001,4.699594499999999,0,0,0.0,0.175,Very Low
106.40380020000009,4.699594499999999,0,0,0.0,0.175,Very Low
106.60380020000011,4.699594499999999,0,0,0.0,0.175,Very Low
106.8038002000001,4.699594499999999,0,0,0.0,0.175,Very Low
107.00380020000011,4.699594499999999,0,0,0.0,0.175,Very Low
107.2038002000001,4.699594499999999,0,0,0.0,0.175,Very Low
107.40380020000012,4.699594499999999,0,0,0.0,0.175,Very Low
107.60380020000011,4.699594499999999,0,0,0.0,0.175,Very Low
107.80380020000013,4.699594499999999,0,0,0.0,0.175,Very Low
108.00380020000011,4.699594499999999,0,0,0.0,0.175,Very Low
108.20380020000013,4.699594499999999,0,0,0.0,0.175,Very Low
108.40380020000012,4.699594499999999,0,0,0.0,0.175,Very Low
108.60380020000014,4.699594499999999,0,0,0.0,0.175,Very Low
108.80380020000013,4.699594499999999,0,0,0.0,0.175,Very Low
109.00380020000014,4.699594499999999,0,0,0.0,0.175,Very Low
109.20380020000013,4.699594499999999,0,0,0.0,0.175,Very Low
109.40380020000015,4.699594499999999,0,0,0.0,0.175,Very Low
109.60380020000014,4.699594499999999,0,0,0.0,0.175,Very Low
109.80380020000015,4.699594499999999,0,0,0.0,0.175,Very Low
110.00380020000014,4.699594499999999,0,0,0.0,0.175,Very Low
110.20380020000016,4.699594499999999,0,0,0.0,0.175,Very Low
110.40380020000015,4.699594499999999,0,0,0.0,0.175,Very Low
110.60380020000017,4.699594499999999,0,0,0.0,0.175,Very Low
110.80380020000015,4.699594499999999,0,0,0.0,0.175,Very Low
111.00380020000017,4.699594499999999,0,0,0.0,0.175,Very Low
111.20380020000016,4.699594499999999,0,0,0.0,0.175,Very Low
111.40380020000018,4.699594499999999,0,0,0.0,0.175,Very Low
111.60380020000017,4.699594499999999,0,0,0.0,0.175,Very Low
111.80380020000018,4.699594499999999,0,0,0.0,0.175,Very Low
112.00380020000017,4.699594499999999,0,0,0.0,0.175,Very Low
112.20380020000019,4.699594499999999,0,0,0.0,0.175,Very Low
112.40380020000018,4.699594499999999,0,0,0.0,0.175,Very Low
112.6038002000002,4.699594499999999,0,0,0.0,0.175,Very Low
112.80380020000018,4.699594499999999,0,0,0.0,0.175,Very Low
113.0038002000002,4.699594499999999,0,0,0.0,0.175,Very Low
113.20380020000019,4.699594499999999,0,0,0.0,0.175,Very Low
113.4038002000002,4.699594499999999,0,0,0.0,0.175,Very Low
113.6038002000002,4.699594499999999,0,0,0.0,0.175,Very Low
113.80380020000021,4.699594499999999,0,0,355.5465627083412,0.175,Very Low
114.0038002000002,4.699594499999999,0,0,205.58571597783254,0.175,Very Low
114.20380020000022,4.699594499999999,0,0,157.60481790321714,0.175,Very Low
114.4038002000002,4.699594499999999,0,0,11.036077225649798,0.175,Very Low
114.60380020000022,4.699594499999999,0,0,64.15943304697673,0.175,Very Low
114.80380020000021,4.699594499999999,0,0,43.50763179157557,0.175,Very Low
115.00380020000023,4.699594499999999,0,0,50.708180292653914,0.175,Very Low
115.20380020000022,4.699594499999999,0,0,36.2653648586361,0.175,Very Low
115.40380020000023,4.699594499999999,0,0,15.797539406978686,0.175,Very Low
115.60380020000022,4.699594499999999,0,0,10.745427989685494,0.175,Very Low
115.80380020000024,4.699594499999999,0,0,15.10166007063041,0.175,Very Low
116.00380020000023,4.699594499999999,0,0,13.601151510064179,0.175,Very Low
116.20380020000025,4.699594499999999,0,0,7.873854459573825,0.175,Very Low
116.40380020000023,4.699594499999999,0,0,8.945052736904472,0.175,Very Low
116.60380020000025,4.699594499999999,0,0,7.285462267075975,0.175,Very Low
116.80380020000024,4.699594499999999,0,0,3.6904389510293387,0.175,Very Low
117.00380020000026,4.699594499999999,0,0,3.1719241361133754,0.175,Very Low
117.20380020000025,4.699594499999999,0,0,7.6490315225544485,0.175,Very Low
117.40380020000026,4.699594499999999,0,0,18.295168782118708,0.175,Very Low
117.60380020000025,4.699594499999999,0,0,29.508643343992944,0.175,Very Low
117.80380020000027,4.699594499999999,0,0,33.38179743807349,0.175,Very Low
118.00380020000026,4.699594499999999,0,0,47.43043397419577,0.175,Very Low
118.20380020000027,4.699594499999999,0,1,83.6098622316868,0.19249999999999998,Very Low
118.40380020000026,4.699594499999999,0,0,104.157918899544,0.175,Very Low
118.60380020000028,4.699594499999999,0,0,72.06674453287866,0.175,Very Low
118.80380020000027,4.699594499999999,0,0,44.03320546469218,0.175,Very Low
119.00380020000028,4.699594499999999,0,0,71.57899898290634,0.175,Very Low
119.20380020000027,4.699594499999999,0,0,18.177642398410374,0.175,Very Low
119.40380020000029,4.699594499999999,0,0,7.399625460306804,0.175,Very Low
99.6038002,4.899594499999999,0,0,0.0,0.175,Very Low
99.80380020000001,4.899594499999999,0,0,0.0,0.175,Very Low
100.0038002,4.899594499999999,0,0,0.0,0.175,Very Low
100.20380020000002,4.899594499999999,0,0,388.31695248218296,0.175,Very Low
100.4038002,4.899594499999999,0,0,206.50082049806133,0.175,Very Low
100.60380020000002,4.899594499999999,0,0,294.9434001340792,0.175,Very Low
100.80380020000001,4.899594499999999,0,0,232.34038008251053,0.175,Very Low
101.00380020000003,4.899594499999999,0,0,114.01051890425798,0.175,Very Low
101.20380020000002,4.899594499999999,0,0,63.56898914016266,0.175,Very Low
101.40380020000003,4.899594499999999,0,0,4.471421317287928,0.175,Very Low
101.60380020000002,4.899594499999999,0,0,4.1551772659618615,0.175,Very Low
101.80380020000004,4.899594499999999,0,0,22.315802473186825,0.175,Very Low
102.00380020000003,4.899594499999999,0,0,28.488498713717693,0.175,Very Low
102.20380020000005,4.899594499999999,0,0,15.167874966165982,0.175,Very Low
102.40380020000003,4.899594499999999,0,0,7.178512834490502,0.175,Very Low
102.60380020000005,4.899594499999999,0,0,1.1118930791526564,0.175,Very Low
102.80380020000004,4.899594499999999,0,0,7.849018960026085,0.175,Very Low
103.00380020000006,4.899594499999999,0,0,37.02983269784893,0.175,Very Low
103.20380020000005,4.899594499999999,0,0,64.1889733222868,0.175,Very Low
103.40380020000006,4.899594499999999,0,0,158.66732756247583,0.175,Very Low
103.60380020000005,4.899594499999999,0,0,1284.1659894196885,0.175,Very Low
103.80380020000007,4.899594499999999,0,0,3.773378545587713,0.175,Very Low
104.00380020000006,4.899594499999999,0,0,0.0,0.175,Very Low
104.20380020000007,4.899594499999999,0,0,0.0,0.175,Very Low
104.40380020000006,4.899594499999999,0,0,0.0,0.175,Very Low
104.60380020000008,4.899594499999999,0,0,0.0,0.175,Very Low
104.80380020000007,4.899594499999999,0,0,0.0,0.175,Very Low
105.00380020000009,4.899594499999999,0,0,0.0,0.175,Very Low
105.20380020000007,4.899594499999999,0,0,0.0,0.175,Very Low
105.40380020000009,4.899594499999999,0,0,0.0,0.175,Very Low
105.60380020000008,4.899594499999999,0,0,0.0,0.175,Very Low
105.8038002000001,4.899594499999999,0,0,0.0,0.175,Very Low
106.00380020000009,4.899594499999999,0,0,0.0,0.175,Very Low
106.2038002000001,4.899594499999999,0,0,0.0,0.175,Very Low
106.40380020000009,4.899594499999999,0,0,0.0,0.175,Very Low
106.60380020000011,4.899594499999999,0,0,0.0,0.175,Very Low
106.8038002000001,4.899594499999999,0,0,0.0,0.175,Very Low
107.00380020000011,4.899594499999999,0,0,0.0,0.175,Very Low
107.2038002000001,4.899594499999999,0,0,0.0,0.175,Very Low
107.40380020000012,4.899594499999999,0,0,0.0,0.175,Very Low
107.60380020000011,4.899594499999999,0,0,0.0,0.175,Very Low
107.80380020000013,4.899594499999999,0,0,0.0,0.175,Very Low
108.00380020000011,4.899594499999999,0,0,0.0,0.175,Very Low
108.20380020000013,4.899594499999999,0,0,0.0,0.175,Very Low
108.40380020000012,4.899594499999999,0,0,0.0,0.175,Very Low
108.60380020000014,4.899594499999999,0,0,0.0,0.175,Very Low
108.80380020000013,4.899594499999999,0,0,0.0,0.175,Very Low
109.00380020000014,4.899594499999999,0,0,0.0,0.175,Very Low
109.20380020000013,4.899594499999999,0,0,0.0,0.175,Very Low
109.40380020000015,4.899594499999999,0,0,0.0,0.175,Very Low
109.60380020000014,4.899594499999999,0,0,0.0,0.175,Very Low
109.80380020000015,4.899594499999999,0,0,0.0,0.175,Very Low
110.00380020000014,4.899594499999999,0,0,0.0,0.175,Very Low
110.20380020000016,4.899594499999999,0,0,0.0,0.175,Very Low
110.40380020000015,4.899594499999999,0,0,0.0,0.175,Very Low
110.60380020000017,4.899594499999999,0,0,0.0,0.175,Very Low
110.80380020000015,4.899594499999999,0,0,0.0,0.175,Very Low
111.00380020000017,4.899594499999999,0,0,0.0,0.175,Very Low
111.20380020000016,4.899594499999999,0,0,0.0,0.175,Very Low
111.40380020000018,4.899594499999999,0,0,0.0,0.175,Very Low
111.60380020000017,4.899594499999999,0,0,0.0,0.175,Very Low
111.80380020000018,4.899594499999999,0,0,0.0,0.175,Very Low
112.00380020000017,4.899594499999999,0,0,0.0,0.175,Very Low
112.20380020000019,4.899594499999999,0,0,0.0,0.175,Very Low
112.40380020000018,4.899594499999999,0,0,0.0,0.175,Very Low
112.6038002000002,4.899594499999999,0,0,0.0,0.175,Very Low
112.80380020000018,4.899594499999999,0,0,0.0,0.175,Very Low
113.0038002000002,4.899594499999999,0,0,0.0,0.175,Very Low
113.20380020000019,4.899594499999999,0,0,0.0,0.175,Very Low
113.4038002000002,4.899594499999999,0,0,0.0,0.175,Very Low
113.6038002000002,4.899594499999999,0,0,0.0,0.175,Very Low
113.80380020000021,4.899594499999999,0,0,0.0,0.175,Very Low
114.0038002000002,4.899594499999999,0,0,0.0,0.175,Very Low
114.20380020000022,4.899594499999999,0,0,0.0,0.175,Very Low
114.4038002000002,4.899594499999999,0,0,0.0,0.175,Very Low
114.60380020000022,4.899594499999999,0,0,64.15943304697673,0.175,Very Low
114.80380020000021,4.899594499999999,0,0,82.15991885302074,0.175,Very Low
115.00380020000023,4.899594499999999,0,0,89.2995153844971,0.175,Very Low
115.20380020000022,4.899594499999999,0,1,48.15186198476864,0.19249999999999998,Very Low
115.40380020000023,4.899594499999999,0,0,43.89195016387737,0.175,Very Low
115.60380020000022,4.899594499999999,0,0,31.737321767202626,0.175,Very Low
115.80380020000024,4.899594499999999,0,0,25.7898210450593,0.175,Very Low
116.00380020000023,4.899594499999999,0,0,31.423042602785344,0.175,Very Low
116.20380020000025,4.899594499999999,0,0,23.834817732736056,0.175,Very Low
116.40380020000023,4.899594499999999,0,0,17.870497501869167,0.175,Very Low
116.60380020000025,4.899594499999999,0,0,9.573706444404605,0.175,Very Low
116.80380020000024,4.899594499999999,0,0,2.974563653865415,0.175,Very Low
117.00380020000026,4.899594499999999,0,0,2.1493235882371664,0.175,Very Low
117.20380020000025,4.899594499999999,0,0,3.1099984873758837,0.175,Very Low
117.40380020000026,4.899594499999999,0,0,4.458924407398121,0.175,Very Low
117.60380020000025,4.899594499999999,0,0,7.194923677378231,0.175,Very Low
117.80380020000027,4.899594499999999,0,0,17.360052732336854,0.175,Very Low
118.00380020000026,4.899594499999999,0,0,35.83369115580906,0.175,Very Low
118.20380020000027,4.899594499999999,0,0,110.52798246857095,0.175,Very Low
118.40380020000026,4.899594499999999,0,0,149.21241541000808,0.175,Very Low
118.60380020000028,4.899594499999999,0,0,36.00885493998414,0.175,Very Low
118.80380020000027,4.899594499999999,0,0,37.65732490946675,0.175,Very Low
119.00380020000028,4.899594499999999,0,0,70.96501497243413,0.175,Very Low
119.20380020000027,4.899594499999999,0,0,125.69651982321668,0.175,Very Low
119.40380020000029,4.899594499999999,0,0,5.1979451179504395,0.175,Very Low
99.6038002,5.0995944999999985,0,0,0.0,0.175,Very Low
99.80380020000001,5.0995944999999985,0,0,0.0,0.175,Very Low
100.0038002,5.0995944999999985,0,0,200.86784670088025,0.175,Very Low
100.20380020000002,5.0995944999999985,0,0,1040.706613378322,0.175,Very Low
100.4038002,5.0995944999999985,0,3,527.8169297909872,0.22749999999999998,Low
100.60380020000002,5.0995944999999985,0,0,292.92459745391835,0.175,Very Low
100.80380020000001,5.0995944999999985,0,0,87.27946102730509,0.175,Very Low
101.00380020000003,5.0995944999999985,0,0,30.987543696227174,0.175,Very Low
101.20380020000002,5.0995944999999985,0,0,12.58105612724709,0.175,Very Low
101.40380020000003,5.0995944999999985,0,0,2.737881411306767,0.175,Very Low
101.60380020000002,5.0995944999999985,0,0,1.9926150081058343,0.175,Very Low
101.80380020000004,5.0995944999999985,0,0,7.647648399876845,0.175,Very Low
102.00380020000003,5.0995944999999985,0,0,18.055895136022528,0.175,Very Low
102.20380020000005,5.0995944999999985,0,0,19.691566179894533,0.175,Very Low
102.40380020000003,5.0995944999999985,0,0,8.64222663489091,0.175,Very Low
102.60380020000005,5.0995944999999985,0,0,1.4620079640149277,0.175,Very Low
102.80380020000004,5.0995944999999985,0,0,17.551584918369045,0.175,Very Low
103.00380020000006,5.0995944999999985,0,0,153.8894361211158,0.175,Very Low
103.20380020000005,5.0995944999999985,0,0,225.18577043919234,0.175,Very Low
103.40380020000006,5.0995944999999985,0,0,88.71497907961049,0.175,Very Low
103.60380020000005,5.0995944999999985,0,0,0.0,0.175,Very Low
103.80380020000007,5.0995944999999985,0,0,0.0,0.175,Very Low
104.00380020000006,5.0995944999999985,0,0,0.0,0.175,Very Low
104.20380020000007,5.0995944999999985,0,0,0.0,0.175,Very Low
104.40380020000006,5.0995944999999985,0,0,0.0,0.175,Very Low
104.60380020000008,5.0995944999999985,0,0,0.0,0.175,Very Low
104.80380020000007,5.0995944999999985,0,0,0.0,0.175,Very Low
105.00380020000009,5.0995944999999985,0,0,0.0,0.175,Very Low
105.20380020000007,5.0995944999999985,0,0,0.0,0.175,Very Low
105.40380020000009,5.0995944999999985,0,0,0.0,0.175,Very Low
105.60380020000008,5.0995944999999985,0,0,0.0,0.175,Very Low
105.8038002000001,5.0995944999999985,0,0,0.0,0.175,Very Low
106.00380020000009,5.0995944999999985,0,0,0.0,0.175,Very Low
106.2038002000001,5.0995944999999985,0,0,0.0,0.175,Very Low
106.40380020000009,5.0995944999999985,0,0,0.0,0.175,Very Low
106.60380020000011,5.0995944999999985,0,0,0.0,0.175,Very Low
106.8038002000001,5.0995944999999985,0,0,0.0,0.175,Very Low
107.00380020000011,5.0995944999999985,0,0,0.0,0.175,Very Low
107.2038002000001,5.0995944999999985,0,0,0.0,0.175,Very Low
107.40380020000012,5.0995944999999985,0,0,0.0,0.175,Very Low
107.60380020000011,5.0995944999999985,0,0,0.0,0.175,Very Low
107.80380020000013,5.0995944999999985,0,0,0.0,0.175,Very Low
108.00380020000011,5.0995944999999985,0,0,0.0,0.175,Very Low
108.20380020000013,5.0995944999999985,0,0,0.0,0.175,Very Low
108.40380020000012,5.0995944999999985,0,0,0.0,0.175,Very Low
108.60380020000014,5.0995944999999985,0,0,0.0,0.175,Very Low
108.80380020000013,5.0995944999999985,0,0,0.0,0.175,Very Low
109.00380020000014,5.0995944999999985,0,0,0.0,0.175,Very Low
109.20380020000013,5.0995944999999985,0,0,0.0,0.175,Very Low
109.40380020000015,5.0995944999999985,0,0,0.0,0.175,Very Low
109.60380020000014,5.0995944999999985,0,0,0.0,0.175,Very Low
109.80380020000015,5.0995944999999985,0,0,0.0,0.175,Very Low
110.00380020000014,5.0995944999999985,0,0,0.0,0.175,Very Low
110.20380020000016,5.0995944999999985,0,0,0.0,0.175,Very Low
110.40380020000015,5.0995944999999985,0,0,0.0,0.175,Very Low
110.60380020000017,5.0995944999999985,0,0,0.0,0.175,Very Low
110.80380020000015,5.0995944999999985,0,0,0.0,0.175,Very Low
111.00380020000017,5.0995944999999985,0,0,0.0,0.175,Very Low
111.20380020000016,5.0995944999999985,0,0,0.0,0.175,Very Low
111.40380020000018,5.0995944999999985,0,0,0.0,0.175,Very Low
111.60380020000017,5.0995944999999985,0,0,0.0,0.175,Very Low
111.80380020000018,5.0995944999999985,0,0,0.0,0.175,Very Low
112.00380020000017,5.0995944999999985,0,0,0.0,0.175,Very Low
112.20380020000019,5.0995944999999985,0,0,0.0,0.175,Very Low
112.40380020000018,5.0995944999999985,0,0,0.0,0.175,Very Low
112.6038002000002,5.0995944999999985,0,0,0.0,0.175,Very Low
112.80380020000018,5.0995944999999985,0,0,0.0,0.175,Very Low
113.0038002000002,5.0995944999999985,0,0,0.0,0.175,Very Low
113.20380020000019,5.0995944999999985,0,0,0.0,0.175,Very Low
113.4038002000002,5.0995944999999985,0,0,0.0,0.175,Very Low
113.6038002000002,5.0995944999999985,0,0,0.0,0.175,Very Low
113.80380020000021,5.0995944999999985,0,0,0.0,0.175,Very Low
114.0038002000002,5.0995944999999985,0,0,0.0,0.175,Very Low
114.20380020000022,5.0995944999999985,0,0,0.0,0.175,Very Low
114.4038002000002,5.0995944999999985,0,0,0.0,0.175,Very Low
114.60380020000022,5.0995944999999985,0,0,0.0,0.175,Very Low
114.80380020000021,5.0995944999999985,0,0,0.0,0.175,Very Low
115.00380020000023,5.0995944999999985,0,0,236.63308826493628,0.175,Very Low
115.20380020000022,5.0995944999999985,0,0,320.03606861681976,0.175,Very Low
115.40380020000023,5.0995944999999985,0,0,118.37320291042327,0.175,Very Low
115.60380020000022,5.0995944999999985,0,0,42.03853761525711,0.175,Very Low
115.80380020000024,5.0995944999999985,0,0,39.60975338311659,0.175,Very Low
116.00380020000023,5.0995944999999985,0,0,54.285777263757254,0.175,Very Low
116.20380020000025,5.0995944999999985,0,0,51.982023340960346,0.175,Very Low
116.40380020000023,5.0995944999999985,0,0,34.445290084514355,0.175,Very Low
116.60380020000025,5.0995944999999985,0,0,13.271519084719735,0.175,Very Low
116.80380020000024,5.0995944999999985,0,0,5.610931513572319,0.175,Very Low
117.00380020000026,5.0995944999999985,0,0,4.758214255251612,0.175,Very Low
117.20380020000025,5.0995944999999985,0,0,3.067049433477223,0.175,Very Low
117.40380020000026,5.0995944999999985,0,0,3.5236900026340865,0.175,Very Low
117.60380020000025,5.0995944999999985,0,0,8.99128898890275,0.175,Very Low
117.80380020000027,5.0995944999999985,0,0,20.548977001052762,0.175,Very Low
118.00380020000026,5.0995944999999985,0,0,30.716924794971476,0.175,Very Low
118.20380020000027,5.0995944999999985,0,0,83.99309835474618,0.175,Very Low
118.40380020000026,5.0995944999999985,0,0,86.12041520784558,0.175,Very Low
118.60380020000028,5.0995944999999985,0,0,25.523785120347846,0.175,Very Low
118.80380020000027,5.0995944999999985,0,0,26.983166815928126,0.175,Very Low
119.00380020000028,5.0995944999999985,0,0,41.44540086312065,0.175,Very Low
119.20380020000027,5.0995944999999985,0,0,46.69892584414648,0.175,Very Low
119.40380020000029,5.0995944999999985,0,0,44.7024368189149,0.175,Very Low
99.6038002,5.299594499999999,0,0,0.0,0.175,Very Low
99.80380020000001,5.299594499999999,0,0,0.0,0.175,Very Low
100.0038002,5.299594499999999,0,0,229.56913005604463,0.175,Very Low
100.20380020000002,5.299594499999999,0,2,2636.689258924905,0.21,Low
100.4038002,5.299594499999999,0,0,1662.2030967931287,0.175,Very Low
100.60380020000002,5.299594499999999,0,1,590.815222893643,0.19249999999999998,Very Low
100.80380020000001,5.299594499999999,0,0,61.32317743134789,0.175,Very Low
101.00380020000003,5.299594499999999,0,0,31.050916334355456,0.175,Very Low
101.20380020000002,5.299594499999999,0,0,24.398284721016857,0.175,Very Low
101.40380020000003,5.299594499999999,0,0,2.5730949443629165,0.175,Very Low
101.60380020000002,5.299594499999999,0,0,1.0822264129270076,0.175,Very Low
101.80380020000004,5.299594499999999,0,0,7.63258545131733,0.175,Very Low
102.00380020000003,5.299594499999999,0,0,17.87122576189641,0.175,Very Low
102.20380020000005,5.299594499999999,0,0,30.547486662968165,0.175,Very Low
102.40380020000003,5.299594499999999,0,0,21.066691414637766,0.175,Very Low
102.60380020000005,5.299594499999999,0,0,4.243775056359952,0.175,Very Low
102.80380020000004,5.299594499999999,0,0,24.673269113883485,0.175,Very Low
103.00380020000006,5.299594499999999,0,0,312.28343869332866,0.175,Very Low
103.20380020000005,5.299594499999999,0,0,652.8837584076266,0.175,Very Low
103.40380020000006,5.299594499999999,0,0,289.09278832019214,0.175,Very Low
103.60380020000005,5.299594499999999,0,0,0.0,0.175,Very Low
103.80380020000007,5.299594499999999,0,0,0.0,0.175,Very Low
104.00380020000006,5.299594499999999,0,0,0.0,0.175,Very Low
104.20380020000007,5.299594499999999,0,0,0.0,0.175,Very Low
104.40380020000006,5.299594499999999,0,0,0.0,0.175,Very Low
104.60380020000008,5.299594499999999,0,0,0.0,0.175,Very Low
104.80380020000007,5.299594499999999,0,0,0.0,0.175,Very Low
105.00380020000009,5.299594499999999,0,0,0.0,0.175,Very Low
105.20380020000007,5.299594499999999,0,0,0.0,0.175,Very Low
105.40380020000009,5.299594499999999,0,0,0.0,0.175,Very Low
105.60380020000008,5.299594499999999,0,0,0.0,0.175,Very Low
105.8038002000001,5.299594499999999,0,0,0.0,0.175,Very Low
106.00380020000009,5.299594499999999,0,0,0.0,0.175,Very Low
106.2038002000001,5.299594499999999,0,0,0.0,0.175,Very Low
106.40380020000009,5.299594499999999,0,0,0.0,0.175,Very Low
106.60380020000011,5.299594499999999,0,0,0.0,0.175,Very Low
106.8038002000001,5.299594499999999,0,0,0.0,0.175,Very Low
107.00380020000011,5.299594499999999,0,0,0.0,0.175,Very Low
107.2038002000001,5.299594499999999,0,0,0.0,0.175,Very Low
107.40380020000012,5.299594499999999,0,0,0.0,0.175,Very Low
107.60380020000011,5.299594499999999,0,0,0.0,0.175,Very Low
107.80380020000013,5.299594499999999,0,0,0.0,0.175,Very Low
108.00380020000011,5.299594499999999,0,0,0.0,0.175,Very Low
108.20380020000013,5.299594499999999,0,0,0.0,0.175,Very Low
108.40380020000012,5.299594499999999,0,0,0.0,0.175,Very Low
108.60380020000014,5.299594499999999,0,0,0.0,0.175,Very Low
108.80380020000013,5.299594499999999,0,0,0.0,0.175,Very Low
109.00380020000014,5.299594499999999,0,0,0.0,0.175,Very Low
109.20380020000013,5.299594499999999,0,0,0.0,0.175,Very Low
109.40380020000015,5.299594499999999,0,0,0.0,0.175,Very Low
109.60380020000014,5.299594499999999,0,0,0.0,0.175,Very Low
109.80380020000015,5.299594499999999,0,0,0.0,0.175,Very Low
110.00380020000014,5.299594499999999,0,0,0.0,0.175,Very Low
110.20380020000016,5.299594499999999,0,0,0.0,0.175,Very Low
110.40380020000015,5.299594499999999,0,0,0.0,0.175,Very Low
110.60380020000017,5.299594499999999,0,0,0.0,0.175,Very Low
110.80380020000015,5.299594499999999,0,0,0.0,0.175,Very Low
111.00380020000017,5.299594499999999,0,0,0.0,0.175,Very Low
111.20380020000016,5.299594499999999,0,0,0.0,0.175,Very Low
111.40380020000018,5.299594499999999,0,0,0.0,0.175,Very Low
111.60380020000017,5.299594499999999,0,0,0.0,0.175,Very Low
111.80380020000018,5.299594499999999,0,0,0.0,0.175,Very Low
112.00380020000017,5.299594499999999,0,0,0.0,0.175,Very Low
112.20380020000019,5.299594499999999,0,0,0.0,0.175,Very Low
112.40380020000018,5.299594499999999,0,0,0.0,0.175,Very Low
112.6038002000002,5.299594499999999,0,0,0.0,0.175,Very Low
112.80380020000018,5.299594499999999,0,0,0.0,0.175,Very Low
113.0038002000002,5.299594499999999,0,0,0.0,0.175,Very Low
113.20380020000019,5.299594499999999,0,0,0.0,0.175,Very Low
113.4038002000002,5.299594499999999,0,0,0.0,0.175,Very Low
113.6038002000002,5.299594499999999,0,0,0.0,0.175,Very Low
113.80380020000021,5.299594499999999,0,0,0.0,0.175,Very Low
114.0038002000002,5.299594499999999,0,0,0.0,0.175,Very Low
114.20380020000022,5.299594499999999,0,0,0.0,0.175,Very Low
114.4038002000002,5.299594499999999,0,0,0.0,0.175,Very Low
114.60380020000022,5.299594499999999,0,0,0.0,0.175,Very Low
114.80380020000021,5.299594499999999,0,0,0.0,0.175,Very Low
115.00380020000023,5.299594499999999,0,0,402.1585128572252,0.175,Very Low
115.20380020000022,5.299594499999999,0,0,587.3074429153037,0.175,Very Low
115.40380020000023,5.299594499999999,0,0,152.12854417104163,0.175,Very Low
115.60380020000022,5.299594499999999,0,0,52.94364146034636,0.175,Very Low
115.80380020000024,5.299594499999999,0,0,56.44413595460355,0.175,Very Low
116.00380020000023,5.299594499999999,0,0,85.38033817398052,0.175,Very Low
116.20380020000025,5.299594499999999,0,0,92.12348388342394,0.175,Very Low
116.40380020000023,5.299594499999999,0,0,46.760008185274074,0.175,Very Low
116.60380020000025,5.299594499999999,0,0,18.889287982187753,0.175,Very Low
116.80380020000024,5.299594499999999,0,0,8.750032562503797,0.175,Very Low
117.00380020000026,5.299594499999999,0,0,8.124918416918566,0.175,Very Low
117.20380020000025,5.299594499999999,0,0,4.784988093733166,0.175,Very Low
117.40380020000026,5.299594499999999,0,0,4.008813952276897,0.175,Very Low
117.60380020000025,5.299594499999999,0,0,14.111083310821819,0.175,Very Low
117.80380020000027,5.299594499999999,0,0,32.263263580906724,0.175,Very Low
118.00380020000026,5.299594499999999,0,0,39.798669070419336,0.175,Very Low
118.20380020000027,5.299594499999999,0,0,37.98548656205336,0.175,Very Low
118.40380020000026,5.299594499999999,0,0,33.66248281755381,0.175,Very Low
118.60380020000028,5.299594499999999,0,0,23.840508016654187,0.175,Very Low
118.80380020000027,5.299594499999999,0,0,20.03507982153411,0.175,Very Low
119.00380020000028,5.299594499999999,0,0,27.934943746103862,0.175,Very Low
119.20380020000027,5.299594499999999,0,0,33.982756308587696,0.175,Very Low
119.40380020000029,5.299594499999999,0,0,36.63239042557294,0.175,Very Low
99.6038002,5.499594499999999,0,0,0.0,0.175,Very Low
99.80380020000001,5.499594499999999,0,0,0.0,0.175,Very Low
100.0038002,5.499594499999999,0,0,237.2799225992231,0.175,Very Low
100.20380020000002,5.499594499999999,0,0,2202.7676730168923,0.175,Very Low
100.4038002,5.499594499999999,0,0,1677.971828736296,0.175,Very Low
100.60380020000002,5.499594499999999,0,0,715.2589484225545,0.175,Very Low
100.80380020000001,5.499594499999999,0,0,96.05576816113252,0.175,Very Low
101.00380020000003,5.499594499999999,0,0,58.16435779474459,0.175,Very Low
101.20380020000002,5.499594499999999,0,0,28.585035588644054,0.175,Very Low
101.40380020000003,5.499594499999999,0,0,3.1470290786157484,0.175,Very Low
101.60380020000002,5.499594499999999,0,0,4.143661795934248,0.175,Very Low
101.80380020000004,5.499594499999999,0,0,16.43746863951027,0.175,Very Low
102.00380020000003,5.499594499999999,0,0,41.777660250405056,0.175,Very Low
102.20380020000005,5.499594499999999,0,0,62.189832809070744,0.175,Very Low
102.40380020000003,5.499594499999999,0,0,48.76059926892523,0.175,Very Low
102.60380020000005,5.499594499999999,0,0,35.41443653877926,0.175,Very Low
102.80380020000004,5.499594499999999,0,0,49.09834574807929,0.175,Very Low
103.00380020000006,5.499594499999999,0,0,346.59282766687903,0.175,Very Low
103.20380020000005,5.499594499999999,0,0,1070.2704986514095,0.175,Very Low
103.40380020000006,5.499594499999999,0,0,0.0,0.175,Very Low
103.60380020000005,5.499594499999999,0,0,0.0,0.175,Very Low
103.80380020000007,5.499594499999999,0,0,0.0,0.175,Very Low
104.00380020000006,5.499594499999999,0,0,0.0,0.175,Very Low
104.20380020000007,5.499594499999999,0,0,0.0,0.175,Very Low
104.40380020000006,5.499594499999999,0,0,0.0,0.175,Very Low
104.60380020000008,5.499594499999999,0,0,0.0,0.175,Very Low
104.80380020000007,5.499594499999999,0,0,0.0,0.175,Very Low
105.00380020000009,5.499594499999999,0,0,0.0,0.175,Very Low
105.20380020000007,5.499594499999999,0,0,0.0,0.175,Very Low
105.40380020000009,5.499594499999999,0,0,0.0,0.175,Very Low
105.60380020000008,5.499594499999999,0,0,0.0,0.175,Very Low
105.8038002000001,5.499594499999999,0,0,0.0,0.175,Very Low
106.00380020000009,5.499594499999999,0,0,0.0,0.175,Very Low
106.2038002000001,5.499594499999999,0,0,0.0,0.175,Very Low
106.40380020000009,5.499594499999999,0,0,0.0,0.175,Very Low
106.60380020000011,5.499594499999999,0,0,0.0,0.175,Very Low
106.8038002000001,5.499594499999999,0,0,0.0,0.175,Very Low
107.00380020000011,5.499594499999999,0,0,0.0,0.175,Very Low
107.2038002000001,5.499594499999999,0,0,0.0,0.175,Very Low
107.40380020000012,5.499594499999999,0,0,0.0,0.175,Very Low
107.60380020000011,5.499594499999999,0,0,0.0,0.175,Very Low
107.80380020000013,5.499594499999999,0,0,0.0,0.175,Very Low
108.00380020000011,5.499594499999999,0,0,0.0,0.175,Very Low
108.20380020000013,5.499594499999999,0,0,0.0,0.175,Very Low
108.40380020000012,5.499594499999999,0,0,0.0,0.175,Very Low
108.60380020000014,5.499594499999999,0,0,0.0,0.175,Very Low
108.80380020000013,5.499594499999999,0,0,0.0,0.175,Very Low
109.00380020000014,5.499594499999999,0,0,0.0,0.175,Very Low
109.20380020000013,5.499594499999999,0,0,0.0,0.175,Very Low
109.40380020000015,5.499594499999999,0,0,0.0,0.175,Very Low
109.60380020000014,5.499594499999999,0,0,0.0,0.175,Very Low
109.80380020000015,5.499594499999999,0,0,0.0,0.175,Very Low
110.00380020000014,5.499594499999999,0,0,0.0,0.175,Very Low
110.20380020000016,5.499594499999999,0,0,0.0,0.175,Very Low
110.40380020000015,5.499594499999999,0,0,0.0,0.175,Very Low
110.60380020000017,5.499594499999999,0,0,0.0,0.175,Very Low
110.80380020000015,5.499594499999999,0,0,0.0,0.175,Very Low
111.00380020000017,5.499594499999999,0,0,0.0,0.175,Very Low
111.20380020000016,5.499594499999999,0,0,0.0,0.175,Very Low
111.40380020000018,5.499594499999999,0,0,0.0,0.175,Very Low
111.60380020000017,5.499594499999999,0,0,0.0,0.175,Very Low
111.80380020000018,5.499594499999999,0,0,0.0,0.175,Very Low
112.00380020000017,5.499594499999999,0,0,0.0,0.175,Very Low
112.20380020000019,5.499594499999999,0,0,0.0,0.175,Very Low
112.40380020000018,5.499594499999999,0,0,0.0,0.175,Very Low
112.6038002000002,5.499594499999999,0,0,0.0,0.175,Very Low
112.80380020000018,5.499594499999999,0,0,0.0,0.175,Very Low
113.0038002000002,5.499594499999999,0,0,0.0,0.175,Very Low
113.20380020000019,5.499594499999999,0,0,0.0,0.175,Very Low
113.4038002000002,5.499594499999999,0,0,0.0,0.175,Very Low
113.6038002000002,5.499594499999999,0,0,0.0,0.175,Very Low
113.80380020000021,5.499594499999999,0,0,0.0,0.175,Very Low
114.0038002000002,5.499594499999999,0,0,0.0,0.175,Very Low
114.20380020000022,5.499594499999999,0,0,0.0,0.175,Very Low
114.4038002000002,5.499594499999999,0,0,0.0,0.175,Very Low
114.60380020000022,5.499594499999999,0,0,0.0,0.175,Very Low
114.80380020000021,5.499594499999999,0,0,0.0,0.175,Very Low
115.00380020000023,5.499594499999999,0,0,402.53291377314815,0.175,Very Low
115.20380020000022,5.499594499999999,0,0,493.40929103759396,0.175,Very Low
115.40380020000023,5.499594499999999,0,0,137.57546111899362,0.175,Very Low
115.60380020000022,5.499594499999999,0,0,72.22254322271431,0.175,Very Low
115.80380020000024,5.499594499999999,0,0,104.20818361467109,0.175,Very Low
116.00380020000023,5.499594499999999,0,0,107.36248063357421,0.175,Very Low
116.20380020000025,5.499594499999999,0,0,77.86897331186466,0.175,Very Low
116.40380020000023,5.499594499999999,0,0,43.28624232372062,0.175,Very Low
116.60380020000025,5.499594499999999,0,0,18.516613082080667,0.175,Very Low
116.80380020000024,5.499594499999999,0,0,8.44621358325498,0.175,Very Low
117.00380020000026,5.499594499999999,0,0,11.911588761696798,0.175,Very Low
117.20380020000025,5.499594499999999,0,0,14.0098420234604,0.175,Very Low
117.40380020000026,5.499594499999999,0,0,12.041957777303955,0.175,Very Low
117.60380020000025,5.499594499999999,0,0,20.061045460609925,0.175,Very Low
117.80380020000027,5.499594499999999,0,0,43.24317812607823,0.175,Very Low
118.00380020000026,5.499594499999999,0,0,54.79011145179449,0.175,Very Low
118.20380020000027,5.499594499999999,0,0,46.67459525730299,0.175,Very Low
118.40380020000026,5.499594499999999,0,0,36.54400340067713,0.175,Very Low
118.60380020000028,5.499594499999999,0,0,28.184423727320596,0.175,Very Low
118.80380020000027,5.499594499999999,0,0,19.262184291540407,0.175,Very Low
119.00380020000028,5.499594499999999,0,0,20.19116623407278,0.175,Very Low
119.20380020000027,5.499594499999999,0,0,27.12531022239185,0.175,Very Low
119.40380020000029,5.499594499999999,0,0,25.15931242058076,0.175,Very Low
99.6038002,5.699594499999999,0,0,0.0,0.175,Very Low
99.80380020000001,5.699594499999999,0,0,0.0,0.175,Very Low
100.0038002,5.699594499999999,0,0,0.0,0.175,Very Low
100.20380020000002,5.699594499999999,0,0,369.26801996004014,0.175,Very Low
100.4038002,5.699594499999999,0,1,626.4152070206981,0.19249999999999998,Very Low
100.60380020000002,5.699594499999999,0,0,422.7866936537127,0.175,Very Low
100.80380020000001,5.699594499999999,0,0,116.5481673412622,0.175,Very Low
101.00380020000003,5.699594499999999,0,4,71.5798949271371,0.245,Low
101.20380020000002,5.699594499999999,0,0,16.623090997674606,0.175,Very Low
101.40380020000003,5.699594499999999,0,0,1.9160304127103571,0.175,Very Low
101.60380020000002,5.699594499999999,0,0,7.746657237812095,0.175,Very Low
101.80380020000004,5.699594499999999,0,0,41.48071878526099,0.175,Very Low
102.00380020000003,5.699594499999999,0,0,124.2225661811793,0.175,Very Low
102.20380020000005,5.699594499999999,0,0,170.3546084612608,0.175,Very Low
102.40380020000003,5.699594499999999,0,0,184.75646716240462,0.175,Very Low
102.60380020000005,5.699594499999999,0,1,161.43350071381184,0.19249999999999998,Very Low
102.80380020000004,5.699594499999999,0,0,87.1294361699873,0.175,Very Low
103.00380020000006,5.699594499999999,0,0,86.48276789966694,0.175,Very Low
103.20380020000005,5.699594499999999,0,0,52.38191294908523,0.175,Very Low
103.40380020000006,5.699594499999999,0,0,0.0,0.175,Very Low
103.60380020000005,5.699594499999999,0,0,0.0,0.175,Very Low
103.80380020000007,5.699594499999999,0,0,0.0,0.175,Very Low
104.00380020000006,5.699594499999999,0,0,0.0,0.175,Very Low
104.20380020000007,5.699594499999999,0,0,0.0,0.175,Very Low
104.40380020000006,5.699594499999999,0,0,0.0,0.175,Very Low
104.60380020000008,5.699594499999999,0,0,0.0,0.175,Very Low
104.80380020000007,5.699594499999999,0,0,0.0,0.175,Very Low
105.00380020000009,5.699594499999999,0,0,0.0,0.175,Very Low
105.20380020000007,5.699594499999999,0,0,0.0,0.175,Very Low
105.40380020000009,5.699594499999999,0,0,0.0,0.175,Very Low
105.60380020000008,5.699594499999999,0,0,0.0,0.175,Very Low
105.8038002000001,5.699594499999999,0,0,0.0,0.175,Very Low
106.00380020000009,5.699594499999999,0,0,0.0,0.175,Very Low
106.2038002000001,5.699594499999999,0,0,0.0,0.175,Very Low
106.40380020000009,5.699594499999999,0,0,0.0,0.175,Very Low
106.60380020000011,5.699594499999999,0,0,0.0,0.175,Very Low
106.8038002000001,5.699594499999999,0,0,0.0,0.175,Very Low
107.00380020000011,5.699594499999999,0,0,0.0,0.175,Very Low
107.2038002000001,5.699594499999999,0,0,0.0,0.175,Very Low
107.40380020000012,5.699594499999999,0,0,0.0,0.175,Very Low
107.60380020000011,5.699594499999999,0,0,0.0,0.175,Very Low
107.80380020000013,5.699594499999999,0,0,0.0,0.175,Very Low
108.00380020000011,5.699594499999999,0,0,0.0,0.175,Very Low
108.20380020000013,5.699594499999999,0,0,0.0,0.175,Very Low
108.40380020000012,5.699594499999999,0,0,0.0,0.175,Very Low
108.60380020000014,5.699594499999999,0,0,0.0,0.175,Very Low
108.80380020000013,5.699594499999999,0,0,0.0,0.175,Very Low
109.00380020000014,5.699594499999999,0,0,0.0,0.175,Very Low
109.20380020000013,5.699594499999999,0,0,0.0,0.175,Very Low
109.40380020000015,5.699594499999999,0,0,0.0,0.175,Very Low
109.60380020000014,5.699594499999999,0,0,0.0,0.175,Very Low
109.80380020000015,5.699594499999999,0,0,0.0,0.175,Very Low
110.00380020000014,5.699594499999999,0,0,0.0,0.175,Very Low
110.20380020000016,5.699594499999999,0,0,0.0,0.175,Very Low
110.40380020000015,5.699594499999999,0,0,0.0,0.175,Very Low
110.60380020000017,5.699594499999999,0,0,0.0,0.175,Very Low
110.80380020000015,5.699594499999999,0,0,0.0,0.175,Very Low
111.00380020000017,5.699594499999999,0,0,0.0,0.175,Very Low
111.20380020000016,5.699594499999999,0,0,0.0,0.175,Very Low
111.40380020000018,5.699594499999999,0,0,0.0,0.175,Very Low
111.60380020000017,5.699594499999999,0,0,0.0,0.175,Very Low
111.80380020000018,5.699594499999999,0,0,0.0,0.175,Very Low
112.00380020000017,5.699594499999999,0,0,0.0,0.175,Very Low
112.20380020000019,5.699594499999999,0,0,0.0,0.175,Very Low
112.40380020000018,5.699594499999999,0,0,0.0,0.175,Very Low
112.6038002000002,5.699594499999999,0,0,0.0,0.175,Very Low
112.80380020000018,5.699594499999999,0,0,0.0,0.175,Very Low
113.0038002000002,5.699594499999999,0,0,0.0,0.175,Very Low
113.20380020000019,5.699594499999999,0,0,0.0,0.175,Very Low
113.4038002000002,5.699594499999999,0,0,0.0,0.175,Very Low
113.6038002000002,5.699594499999999,0,0,0.0,0.175,Very Low
113.80380020000021,5.699594499999999,0,0,0.0,0.175,Very Low
114.0038002000002,5.699594499999999,0,0,0.0,0.175,Very Low
114.20380020000022,5.699594499999999,0,0,0.0,0.175,Very Low
114.4038002000002,5.699594499999999,0,0,0.0,0.175,Very Low
114.60380020000022,5.699594499999999,0,0,0.0,0.175,Very Low
114.80380020000021,5.699594499999999,0,0,0.0,0.175,Very Low
115.00380020000023,5.699594499999999,0,0,0.0,0.175,Very Low
115.20380020000022,5.699594499999999,0,0,0.0,0.175,Very Low
115.40380020000023,5.699594499999999,0,0,112.8456696862573,0.175,Very Low
115.60380020000022,5.699594499999999,0,0,84.97066748285869,0.175,Very Low
115.80380020000024,5.699594499999999,0,0,218.31717742131048,0.175,Very Low
116.00380020000023,5.699594499999999,0,0,190.22407648173296,0.175,Very Low
116.20380020000025,5.699594499999999,0,0,100.8623062141328,0.175,Very Low
116.40380020000023,5.699594499999999,0,0,36.01024219197117,0.175,Very Low
116.60380020000025,5.699594499999999,0,0,20.0291991494596,0.175,Very Low
116.80380020000024,5.699594499999999,0,0,13.119770164549765,0.175,Very Low
117.00380020000026,5.699594499999999,0,0,14.67690020163233,0.175,Very Low
117.20380020000025,5.699594499999999,0,0,21.631552229014535,0.175,Very Low
117.40380020000026,5.699594499999999,0,0,24.537168860021566,0.175,Very Low
117.60380020000025,5.699594499999999,0,0,39.95936936243541,0.175,Very Low
117.80380020000027,5.699594499999999,0,0,88.57132697147831,0.175,Very Low
118.00380020000026,5.699594499999999,0,0,299.09532787379095,0.175,Very Low
118.20380020000027,5.699594499999999,0,0,275.1678948369589,0.175,Very Low
118.40380020000026,5.699594499999999,0,0,38.07012730316628,0.175,Very Low
118.60380020000028,5.699594499999999,0,0,24.890412210625186,0.175,Very Low
118.80380020000027,5.699594499999999,0,0,18.891882577888396,0.175,Very Low
119.00380020000028,5.699594499999999,0,0,5.982890248298645,0.175,Very Low
119.20380020000027,5.699594499999999,0,0,0.0,0.175,Very Low
119.40380020000029,5.699594499999999,0,0,0.0,0.175,Very Low
99.6038002,5.899594499999999,0,0,0.0,0.175,Very Low
99.80380020000001,5.899594499999999,0,0,0.0,0.175,Very Low
100.0038002,5.899594499999999,0,0,4.30861359834671,0.175,Very Low
100.20380020000002,5.899594499999999,0,0,521.3226819999459,0.175,Very Low
100.4038002,5.899594499999999,0,0,323.3103064319653,0.175,Very Low
100.60380020000002,5.899594499999999,0,0,174.2803690354857,0.175,Very Low
100.80380020000001,5.899594499999999,0,0,65.07454111987809,0.175,Very Low
101.00380020000003,5.899594499999999,0,0,31.596617808139932,0.175,Very Low
101.20380020000002,5.899594499999999,0,0,9.336280028738283,0.175,Very Low
101.40380020000003,5.899594499999999,0,0,1.1203802028620564,0.175,Very Low
101.60380020000002,5.899594499999999,0,0,8.110889975202097,0.175,Very Low
101.80380020000004,5.899594499999999,0,0,100.98396987897388,0.175,Very Low
102.00380020000003,5.899594499999999,0,1,259.9362108569194,0.19249999999999998,Very Low
102.20380020000005,5.899594499999999,0,0,407.8671253078862,0.175,Very Low
102.40380020000003,5.899594499999999,0,0,459.33953962967735,0.175,Very Low
102.60380020000005,5.899594499999999,0,0,334.4055288339734,0.175,Very Low
102.80380020000004,5.899594499999999,0,0,117.85545541914247,0.175,Very Low
103.00380020000006,5.899594499999999,0,0,60.8700940767924,0.175,Very Low
103.20380020000005,5.899594499999999,0,0,75.68320955949672,0.175,Very Low
103.40380020000006,5.899594499999999,0,0,0.0,0.175,Very Low
103.60380020000005,5.899594499999999,0,0,0.0,0.175,Very Low
103.80380020000007,5.899594499999999,0,0,0.0,0.175,Very Low
104.00380020000006,5.899594499999999,0,0,0.0,0.175,Very Low
104.20380020000007,5.899594499999999,0,0,0.0,0.175,Very Low
104.40380020000006,5.899594499999999,0,0,0.0,0.175,Very Low
104.60380020000008,5.899594499999999,0,0,0.0,0.175,Very Low
104.80380020000007,5.899594499999999,0,0,0.0,0.175,Very Low
105.00380020000009,5.899594499999999,0,0,0.0,0.175,Very Low
105.20380020000007,5.899594499999999,0,0,0.0,0.175,Very Low
105.40380020000009,5.899594499999999,0,0,0.0,0.175,Very Low
105.60380020000008,5.899594499999999,0,0,0.0,0.175,Very Low
105.8038002000001,5.899594499999999,0,0,0.0,0.175,Very Low
106.00380020000009,5.899594499999999,0,0,0.0,0.175,Very Low
106.2038002000001,5.899594499999999,0,0,0.0,0.175,Very Low
106.40380020000009,5.899594499999999,0,0,0.0,0.175,Very Low
106.60380020000011,5.899594499999999,0,0,0.0,0.175,Very Low
106.8038002000001,5.899594499999999,0,0,0.0,0.175,Very Low
107.00380020000011,5.899594499999999,0,0,0.0,0.175,Very Low
107.2038002000001,5.899594499999999,0,0,0.0,0.175,Very Low
107.40380020000012,5.899594499999999,0,0,0.0,0.175,Very Low
107.60380020000011,5.899594499999999,0,0,0.0,0.175,Very Low
107.80380020000013,5.899594499999999,0,0,0.0,0.175,Very Low
108.00380020000011,5.899594499999999,0,0,0.0,0.175,Very Low
108.20380020000013,5.899594499999999,0,0,0.0,0.175,Very Low
108.40380020000012,5.899594499999999,0,0,0.0,0.175,Very Low
108.60380020000014,5.899594499999999,0,0,0.0,0.175,Very Low
108.80380020000013,5.899594499999999,0,0,0.0,0.175,Very Low
109.00380020000014,5.899594499999999,0,0,0.0,0.175,Very Low
109.20380020000013,5.899594499999999,0,0,0.0,0.175,Very Low
109.40380020000015,5.899594499999999,0,0,0.0,0.175,Very Low
109.60380020000014,5.899594499999999,0,0,0.0,0.175,Very Low
109.80380020000015,5.899594499999999,0,0,0.0,0.175,Very Low
110.00380020000014,5.899594499999999,0,0,0.0,0.175,Very Low
110.20380020000016,5.899594499999999,0,0,0.0,0.175,Very Low
110.40380020000015,5.899594499999999,0,0,0.0,0.175,Very Low
110.60380020000017,5.899594499999999,0,0,0.0,0.175,Very Low
110.80380020000015,5.899594499999999,0,0,0.0,0.175,Very Low
111.00380020000017,5.899594499999999,0,0,0.0,0.175,Very Low
111.20380020000016,5.899594499999999,0,0,0.0,0.175,Very Low
111.40380020000018,5.899594499999999,0,0,0.0,0.175,Very Low
111.60380020000017,5.899594499999999,0,0,0.0,0.175,Very Low
111.80380020000018,5.899594499999999,0,0,0.0,0.175,Very Low
112.00380020000017,5.899594499999999,0,0,0.0,0.175,Very Low
112.20380020000019,5.899594499999999,0,0,0.0,0.175,Very Low
112.40380020000018,5.899594499999999,0,0,0.0,0.175,Very Low
112.6038002000002,5.899594499999999,0,0,0.0,0.175,Very Low
112.80380020000018,5.899594499999999,0,0,0.0,0.175,Very Low
113.0038002000002,5.899594499999999,0,0,0.0,0.175,Very Low
113.20380020000019,5.899594499999999,0,0,0.0,0.175,Very Low
113.4038002000002,5.899594499999999,0,0,0.0,0.175,Very Low
113.6038002000002,5.899594499999999,0,0,0.0,0.175,Very Low
113.80380020000021,5.899594499999999,0,0,0.0,0.175,Very Low
114.0038002000002,5.899594499999999,0,0,0.0,0.175,Very Low
114.20380020000022,5.899594499999999,0,0,0.0,0.175,Very Low
114.4038002000002,5.899594499999999,0,0,0.0,0.175,Very Low
114.60380020000022,5.899594499999999,0,0,0.0,0.175,Very Low
114.80380020000021,5.899594499999999,0,0,0.0,0.175,Very Low
115.00380020000023,5.899594499999999,0,0,0.0,0.175,Very Low
115.20380020000022,5.899594499999999,0,0,0.0,0.175,Very Low
115.40380020000023,5.899594499999999,0,0,0.0,0.175,Very Low
115.60380020000022,5.899594499999999,0,0,0.0,0.175,Very Low
115.80380020000024,5.899594499999999,0,0,349.01127860915494,0.175,Very Low
116.00380020000023,5.899594499999999,0,0,1057.0597131802485,0.175,Very Low
116.20380020000025,5.899594499999999,0,0,557.7779372433074,0.175,Very Low
116.40380020000023,5.899594499999999,0,0,49.7233871087018,0.175,Very Low
116.60380020000025,5.899594499999999,0,0,59.1957929753181,0.175,Very Low
116.80380020000024,5.899594499999999,0,0,41.03932804345257,0.175,Very Low
117.00380020000026,5.899594499999999,0,0,13.925524462117917,0.175,Very Low
117.20380020000025,5.899594499999999,0,0,19.700223355761004,0.175,Very Low
117.40380020000026,5.899594499999999,0,0,24.577935512663746,0.175,Very Low
117.60380020000025,5.899594499999999,0,0,38.46127442178847,0.175,Very Low
117.80380020000027,5.899594499999999,0,0,115.71059495989053,0.175,Very Low
118.00380020000026,5.899594499999999,0,21,464.51430237063465,0.5249999999999999,Medium
118.20380020000027,5.899594499999999,0,0,555.0513490041097,0.175,Very Low
118.40380020000026,5.899594499999999,0,0,41.11581989541588,0.175,Very Low
118.60380020000028,5.899594499999999,0,0,28.629579740149953,0.175,Very Low
118.80380020000027,5.899594499999999,0,0,0.0,0.175,Very Low
119.00380020000028,5.899594499999999,0,0,0.0,0.175,Very Low
119.20380020000027,5.899594499999999,0,0,0.0,0.175,Very Low
119.40380020000029,5.899594499999999,0,0,0.0,0.175,Very Low
99.6038002,6.0995944999999985,0,0,111.54911660161511,0.175,Very Low
99.80380020000001,6.0995944999999985,0,0,99.3032917060852,0.175,Very Low
100.0038002,6.0995944999999985,0,0,131.09559064974889,0.175,Very Low
100.20380020000002,6.0995944999999985,0,0,716.8737575187374,0.175,Very Low
100.4038002,6.0995944999999985,0,0,459.31348065216736,0.175,Very Low
100.60380020000002,6.0995944999999985,0,1,176.68454439224055,0.19249999999999998,Very Low
100.80380020000001,6.0995944999999985,0,0,39.123059297743296,0.175,Very Low
101.00380020000003,6.0995944999999985,0,0,9.355982221981895,0.175,Very Low
101.20380020000002,6.0995944999999985,0,0,6.156189821005355,0.175,Very Low
101.40380020000003,6.0995944999999985,0,0,4.536438345909119,0.175,Very Low
101.60380020000002,6.0995944999999985,0,0,4.951720866560936,0.175,Very Low
101.80380020000004,6.0995944999999985,0,0,282.98438431865486,0.175,Very Low
102.00380020000003,6.0995944999999985,0,0,441.1756072985567,0.175,Very Low
102.20380020000005,6.0995944999999985,0,2,769.7190081585028,0.21,Low
102.40380020000003,6.0995944999999985,0,0,992.7167278829892,0.175,Very Low
102.60380020000005,6.0995944999999985,0,0,280.8641321469197,0.175,Very Low
102.80380020000004,6.0995944999999985,0,0,110.39686905254017,0.175,Very Low
103.00380020000006,6.0995944999999985,0,0,0.0,0.175,Very Low
103.20380020000005,6.0995944999999985,0,0,0.0,0.175,Very Low
103.40380020000006,6.0995944999999985,0,0,0.0,0.175,Very Low
103.60380020000005,6.0995944999999985,0,0,0.0,0.175,Very Low
103.80380020000007,6.0995944999999985,0,0,0.0,0.175,Very Low
104.00380020000006,6.0995944999999985,0,0,0.0,0.175,Very Low
104.20380020000007,6.0995944999999985,0,0,0.0,0.175,Very Low
104.40380020000006,6.0995944999999985,0,0,0.0,0.175,Very Low
104.60380020000008,6.0995944999999985,0,0,0.0,0.175,Very Low
104.80380020000007,6.0995944999999985,0,0,0.0,0.175,Very Low
105.00380020000009,6.0995944999999985,0,0,0.0,0.175,Very Low
105.20380020000007,6.0995944999999985,0,0,0.0,0.175,Very Low
105.40380020000009,6.0995944999999985,0,0,0.0,0.175,Very Low
105.60380020000008,6.0995944999999985,0,0,0.0,0.175,Very Low
105.8038002000001,6.0995944999999985,0,0,0.0,0.175,Very Low
106.00380020000009,6.0995944999999985,0,0,0.0,0.175,Very Low
106.2038002000001,6.0995944999999985,0,0,0.0,0.175,Very Low
106.40380020000009,6.0995944999999985,0,0,0.0,0.175,Very Low
106.60380020000011,6.0995944999999985,0,0,0.0,0.175,Very Low
106.8038002000001,6.0995944999999985,0,0,0.0,0.175,Very Low
107.00380020000011,6.0995944999999985,0,0,0.0,0.175,Very Low
107.2038002000001,6.0995944999999985,0,0,0.0,0.175,Very Low
107.40380020000012,6.0995944999999985,0,0,0.0,0.175,Very Low
107.60380020000011,6.0995944999999985,0,0,0.0,0.175,Very Low
107.80380020000013,6.0995944999999985,0,0,0.0,0.175,Very Low
108.00380020000011,6.0995944999999985,0,0,0.0,0.175,Very Low
108.20380020000013,6.0995944999999985,0,0,0.0,0.175,Very Low
108.40380020000012,6.0995944999999985,0,0,0.0,0.175,Very Low
108.60380020000014,6.0995944999999985,0,0,0.0,0.175,Very Low
108.80380020000013,6.0995944999999985,0,0,0.0,0.175,Very Low
109.00380020000014,6.0995944999999985,0,0,0.0,0.175,Very Low
109.20380020000013,6.0995944999999985,0,0,0.0,0.175,Very Low
109.40380020000015,6.0995944999999985,0,0,0.0,0.175,Very Low
109.60380020000014,6.0995944999999985,0,0,0.0,0.175,Very Low
109.80380020000015,6.0995944999999985,0,0,0.0,0.175,Very Low
110.00380020000014,6.0995944999999985,0,0,0.0,0.175,Very Low
110.20380020000016,6.0995944999999985,0,0,0.0,0.175,Very Low
110.40380020000015,6.0995944999999985,0,0,0.0,0.175,Very Low
110.60380020000017,6.0995944999999985,0,0,0.0,0.175,Very Low
110.80380020000015,6.0995944999999985,0,0,0.0,0.175,Very Low
111.00380020000017,6.0995944999999985,0,0,0.0,0.175,Very Low
111.20380020000016,6.0995944999999985,0,0,0.0,0.175,Very Low
111.40380020000018,6.0995944999999985,0,0,0.0,0.175,Very Low
111.60380020000017,6.0995944999999985,0,0,0.0,0.175,Very Low
111.80380020000018,6.0995944999999985,0,0,0.0,0.175,Very Low
112.00380020000017,6.0995944999999985,0,0,0.0,0.175,Very Low
112.20380020000019,6.0995944999999985,0,0,0.0,0.175,Very Low
112.40380020000018,6.0995944999999985,0,0,0.0,0.175,Very Low
112.6038002000002,6.0995944999999985,0,0,0.0,0.175,Very Low
112.80380020000018,6.0995944999999985,0,0,0.0,0.175,Very Low
113.0038002000002,6.0995944999999985,0,0,0.0,0.175,Very Low
113.20380020000019,6.0995944999999985,0,0,0.0,0.175,Very Low
113.4038002000002,6.0995944999999985,0,0,0.0,0.175,Very Low
113.6038002000002,6.0995944999999985,0,0,0.0,0.175,Very Low
113.80380020000021,6.0995944999999985,0,0,0.0,0.175,Very Low
114.0038002000002,6.0995944999999985,0,0,0.0,0.175,Very Low
114.20380020000022,6.0995944999999985,0,0,0.0,0.175,Very Low
114.4038002000002,6.0995944999999985,0,0,0.0,0.175,Very Low
114.60380020000022,6.0995944999999985,0,0,0.0,0.175,Very Low
114.80380020000021,6.0995944999999985,0,0,0.0,0.175,Very Low
115.00380020000023,6.0995944999999985,0,0,0.0,0.175,Very Low
115.20380020000022,6.0995944999999985,0,0,0.0,0.175,Very Low
115.40380020000023,6.0995944999999985,0,0,249.5413678487142,0.175,Very Low
115.60380020000022,6.0995944999999985,0,0,230.00046593802315,0.175,Very Low
115.80380020000024,6.0995944999999985,0,0,88.19488143920898,0.175,Very Low
116.00380020000023,6.0995944999999985,0,0,1846.2188419050688,0.175,Very Low
116.20380020000025,6.0995944999999985,0,1,689.0783462660088,0.19249999999999998,Very Low
116.40380020000023,6.0995944999999985,0,0,85.84477456438562,0.175,Very Low
116.60380020000025,6.0995944999999985,0,0,66.59296828549769,0.175,Very Low
116.80380020000024,6.0995944999999985,0,0,43.61893992788262,0.175,Very Low
117.00380020000026,6.0995944999999985,0,0,13.682764433220857,0.175,Very Low
117.20380020000025,6.0995944999999985,0,0,16.57409083791491,0.175,Very Low
117.40380020000026,6.0995944999999985,0,0,19.054432183232116,0.175,Very Low
117.60380020000025,6.0995944999999985,0,0,15.399397686571358,0.175,Very Low
117.80380020000027,6.0995944999999985,0,0,74.44876584475361,0.175,Very Low
118.00380020000026,6.0995944999999985,0,0,169.78437249576345,0.175,Very Low
118.20380020000027,6.0995944999999985,0,0,174.83997022188626,0.175,Very Low
118.40380020000026,6.0995944999999985,0,0,27.592835038900375,0.175,Very Low
118.60380020000028,6.0995944999999985,0,0,2.148152709007263,0.175,Very Low
118.80380020000027,6.0995944999999985,0,0,0.0,0.175,Very Low
119.00380020000028,6.0995944999999985,0,0,0.0,0.175,Very Low
119.20380020000027,6.0995944999999985,0,0,0.0,0.175,Very Low
119.40380020000029,6.0995944999999985,0,0,0.0,0.175,Very Low
99.6038002,6.299594499999999,0,0,227.98513261682848,0.175,Very Low
99.80380020000001,6.299594499999999,0,0,224.93252767177518,0.175,Very Low
100.0038002,6.299594499999999,0,0,366.4425618999752,0.175,Very Low
100.20380020000002,6.299594499999999,0,1,520.8348565405031,0.19249999999999998,Very Low
100.4038002,6.299594499999999,0,0,372.57469947388,0.175,Very Low
100.60380020000002,6.299594499999999,0,0,152.53852913659844,0.175,Very Low
100.80380020000001,6.299594499999999,0,0,32.803397187357035,0.175,Very Low
101.00380020000003,6.299594499999999,0,0,6.498537168815851,0.175,Very Low
101.20380020000002,6.299594499999999,0,0,7.030669776848079,0.175,Very Low
101.40380020000003,6.299594499999999,0,0,0.0,0.175,Very Low
101.60380020000002,6.299594499999999,0,0,0.0,0.175,Very Low
101.80380020000004,6.299594499999999,0,0,0.0,0.175,Very Low
102.00380020000003,6.299594499999999,0,0,693.6285395520798,0.175,Very Low
102.20380020000005,6.299594499999999,0,0,1273.6313288674426,0.175,Very Low
102.40380020000003,6.299594499999999,0,0,1856.1127625815889,0.175,Very Low
102.60380020000005,6.299594499999999,0,0,0.0,0.175,Very Low
102.80380020000004,6.299594499999999,0,0,0.0,0.175,Very Low
103.00380020000006,6.299594499999999,0,0,0.0,0.175,Very Low
103.20380020000005,6.299594499999999,0,0,0.0,0.175,Very Low
103.40380020000006,6.299594499999999,0,0,0.0,0.175,Very Low
103.60380020000005,6.299594499999999,0,0,0.0,0.175,Very Low
103.80380020000007,6.299594499999999,0,0,0.0,0.175,Very Low
104.00380020000006,6.299594499999999,0,0,0.0,0.175,Very Low
104.20380020000007,6.299594499999999,0,0,0.0,0.175,Very Low
104.40380020000006,6.299594499999999,0,0,0.0,0.175,Very Low
104.60380020000008,6.299594499999999,0,0,0.0,0.175,Very Low
104.80380020000007,6.299594499999999,0,0,0.0,0.175,Very Low
105.00380020000009,6.299594499999999,0,0,0.0,0.175,Very Low
105.20380020000007,6.299594499999999,0,0,0.0,0.175,Very Low
105.40380020000009,6.299594499999999,0,0,0.0,0.175,Very Low
105.60380020000008,6.299594499999999,0,0,0.0,0.175,Very Low
105.8038002000001,6.299594499999999,0,0,0.0,0.175,Very Low
106.00380020000009,6.299594499999999,0,0,0.0,0.175,Very Low
106.2038002000001,6.299594499999999,0,0,0.0,0.175,Very Low
106.40380020000009,6.299594499999999,0,0,0.0,0.175,Very Low
106.60380020000011,6.299594499999999,0,0,0.0,0.175,Very Low
106.8038002000001,6.299594499999999,0,0,0.0,0.175,Very Low
107.00380020000011,6.299594499999999,0,0,0.0,0.175,Very Low
107.2038002000001,6.299594499999999,0,0,0.0,0.175,Very Low
107.40380020000012,6.299594499999999,0,0,0.0,0.175,Very Low
107.60380020000011,6.299594499999999,0,0,0.0,0.175,Very Low
107.80380020000013,6.299594499999999,0,0,0.0,0.175,Very Low
108.00380020000011,6.299594499999999,0,0,0.0,0.175,Very Low
108.20380020000013,6.299594499999999,0,0,0.0,0.175,Very Low
108.40380020000012,6.299594499999999,0,0,0.0,0.175,Very Low
108.60380020000014,6.299594499999999,0,0,0.0,0.175,Very Low
108.80380020000013,6.299594499999999,0,0,0.0,0.175,Very Low
109.00380020000014,6.299594499999999,0,0,0.0,0.175,Very Low
109.20380020000013,6.299594499999999,0,0,0.0,0.175,Very Low
109.40380020000015,6.299594499999999,0,0,0.0,0.175,Very Low
109.60380020000014,6.299594499999999,0,0,0.0,0.175,Very Low
109.80380020000015,6.299594499999999,0,0,0.0,0.175,Very Low
110.00380020000014,6.299594499999999,0,0,0.0,0.175,Very Low
110.20380020000016,6.299594499999999,0,0,0.0,0.175,Very Low
110.40380020000015,6.299594499999999,0,0,0.0,0.175,Very Low
110.60380020000017,6.299594499999999,0,0,0.0,0.175,Very Low
110.80380020000015,6.299594499999999,0,0,0.0,0.175,Very Low
111.00380020000017,6.299594499999999,0,0,0.0,0.175,Very Low
111.20380020000016,6.299594499999999,0,0,0.0,0.175,Very Low
111.40380020000018,6.299594499999999,0,0,0.0,0.175,Very Low
111.60380020000017,6.299594499999999,0,0,0.0,0.175,Very Low
111.80380020000018,6.299594499999999,0,0,0.0,0.175,Very Low
112.00380020000017,6.299594499999999,0,0,0.0,0.175,Very Low
112.20380020000019,6.299594499999999,0,0,0.0,0.175,Very Low
112.40380020000018,6.299594499999999,0,0,0.0,0.175,Very Low
112.6038002000002,6.299594499999999,0,0,0.0,0.175,Very Low
112.80380020000018,6.299594499999999,0,0,0.0,0.175,Very Low
113.0038002000002,6.299594499999999,0,0,0.0,0.175,Very Low
113.20380020000019,6.299594499999999,0,0,0.0,0.175,Very Low
113.4038002000002,6.299594499999999,0,0,0.0,0.175,Very Low
113.6038002000002,6.299594499999999,0,0,0.0,0.175,Very Low
113.80380020000021,6.299594499999999,0,0,0.0,0.175,Very Low
114.0038002000002,6.299594499999999,0,0,0.0,0.175,Very Low
114.20380020000022,6.299594499999999,0,0,0.0,0.175,Very Low
114.4038002000002,6.299594499999999,0,0,0.0,0.175,Very Low
114.60380020000022,6.299594499999999,0,0,0.0,0.175,Very Low
114.80380020000021,6.299594499999999,0,0,0.0,0.175,Very Low
115.00380020000023,6.299594499999999,0,0,0.0,0.175,Very Low
115.20380020000022,6.299594499999999,0,0,0.0,0.175,Very Low
115.40380020000023,6.299594499999999,0,0,249.5413678487142,0.175,Very Low
115.60380020000022,6.299594499999999,0,0,230.00046593802315,0.175,Very Low
115.80380020000024,6.299594499999999,0,0,112.75505447387695,0.175,Very Low
116.00380020000023,6.299594499999999,0,0,528.4774265885353,0.175,Very Low
116.20380020000025,6.299594499999999,0,0,216.77548135121663,0.175,Very Low
116.40380020000023,6.299594499999999,0,0,121.7129417593592,0.175,Very Low
116.60380020000025,6.299594499999999,0,0,75.68126484522047,0.175,Very Low
116.80380020000024,6.299594499999999,0,0,40.08170156718956,0.175,Very Low
117.00380020000026,6.299594499999999,0,0,16.573846348561347,0.175,Very Low
117.20380020000025,6.299594499999999,0,0,12.684265269897878,0.175,Very Low
117.40380020000026,6.299594499999999,0,0,16.929892363233698,0.175,Very Low
117.60380020000025,6.299594499999999,0,0,15.87986362211073,0.175,Very Low
117.80380020000027,6.299594499999999,0,0,13.117542625423447,0.175,Very Low
118.00380020000026,6.299594499999999,0,0,41.32434088389079,0.175,Very Low
118.20380020000027,6.299594499999999,0,0,41.32434088389079,0.175,Very Low
118.40380020000026,6.299594499999999,0,0,2.148152709007263,0.175,Very Low
118.60380020000028,6.299594499999999,0,0,2.148152709007263,0.175,Very Low
118.80380020000027,6.299594499999999,0,0,0.0,0.175,Very Low
119.00380020000028,6.299594499999999,0,0,0.0,0.175,Very Low
119.20380020000027,6.299594499999999,0,0,0.0,0.175,Very Low
119.40380020000029,6.299594499999999,0,0,0.0,0.175,Very Low
99.6038002,6.499594499999999,0,0,288.28235519613537,0.175,Very Low
99.80380020000001,6.499594499999999,0,0,283.41913659434965,0.175,Very Low
100.0038002,6.499594499999999,0,0,361.24177217913103,0.175,Very Low
100.20380020000002,6.499594499999999,0,0,282.04734941455115,0.175,Very Low
100.4038002,6.499594499999999,0,0,200.42912833928457,0.175,Very Low
100.60380020000002,6.499594499999999,0,0,88.14693203018177,0.175,Very Low
100.80380020000001,6.499594499999999,0,0,18.735734402586562,0.175,Very Low
101.00380020000003,6.499594499999999,0,1,6.439997602392126,0.19249999999999998,Very Low
101.20380020000002,6.499594499999999,0,0,0.0,0.175,Very Low
101.40380020000003,6.499594499999999,0,0,0.0,0.175,Very Low
101.60380020000002,6.499594499999999,0,0,0.0,0.175,Very Low
101.80380020000004,6.499594499999999,0,0,0.0,0.175,Very Low
102.00380020000003,6.499594499999999,0,0,0.0,0.175,Very Low
102.20380020000005,6.499594499999999,0,0,0.0,0.175,Very Low
102.40380020000003,6.499594499999999,0,0,0.0,0.175,Very Low
102.60380020000005,6.499594499999999,0,0,0.0,0.175,Very Low
102.80380020000004,6.499594499999999,0,0,0.0,0.175,Very Low
103.00380020000006,6.499594499999999,0,0,0.0,0.175,Very Low
103.20380020000005,6.499594499999999,0,0,0.0,0.175,Very Low
103.40380020000006,6.499594499999999,0,0,0.0,0.175,Very Low
103.60380020000005,6.499594499999999,0,0,0.0,0.175,Very Low
103.80380020000007,6.499594499999999,0,0,0.0,0.175,Very Low
104.00380020000006,6.499594499999999,0,0,0.0,0.175,Very Low
104.20380020000007,6.499594499999999,0,0,0.0,0.175,Very Low
104.40380020000006,6.499594499999999,0,0,0.0,0.175,Very Low
104.60380020000008,6.499594499999999,0,0,0.0,0.175,Very Low
104.80380020000007,6.499594499999999,0,0,0.0,0.175,Very Low
105.00380020000009,6.499594499999999,0,0,0.0,0.175,Very Low
105.20380020000007,6.499594499999999,0,0,0.0,0.175,Very Low
105.40380020000009,6.499594499999999,0,0,0.0,0.175,Very Low
105.60380020000008,6.499594499999999,0,0,0.0,0.175,Very Low
105.8038002000001,6.499594499999999,0,0,0.0,0.175,Very Low
106.00380020000009,6.499594499999999,0,0,0.0,0.175,Very Low
106.2038002000001,6.499594499999999,0,0,0.0,0.175,Very Low
106.40380020000009,6.499594499999999,0,0,0.0,0.175,Very Low
106.60380020000011,6.499594499999999,0,0,0.0,0.175,Very Low
106.8038002000001,6.499594499999999,0,0,0.0,0.175,Very Low
107.00380020000011,6.499594499999999,0,0,0.0,0.175,Very Low
107.2038002000001,6.499594499999999,0,0,0.0,0.175,Very Low
107.40380020000012,6.499594499999999,0,0,0.0,0.175,Very Low
107.60380020000011,6.499594499999999,0,0,0.0,0.175,Very Low
107.80380020000013,6.499594499999999,0,0,0.0,0.175,Very Low
108.00380020000011,6.499594499999999,0,0,0.0,0.175,Very Low
108.20380020000013,6.499594499999999,0,0,0.0,0.175,Very Low
108.40380020000012,6.499594499999999,0,0,0.0,0.175,Very Low
108.60380020000014,6.499594499999999,0,0,0.0,0.175,Very Low
108.80380020000013,6.499594499999999,0,0,0.0,0.175,Very Low
109.00380020000014,6.499594499999999,0,0,0.0,0.175,Very Low
109.20380020000013,6.499594499999999,0,0,0.0,0.175,Very Low
109.40380020000015,6.499594499999999,0,0,0.0,0.175,Very Low
109.60380020000014,6.499594499999999,0,0,0.0,0.175,Very Low
109.80380020000015,6.499594499999999,0,0,0.0,0.175,Very Low
110.00380020000014,6.499594499999999,0,0,0.0,0.175,Very Low
110.20380020000016,6.499594499999999,0,0,0.0,0.175,Very Low
110.40380020000015,6.499594499999999,0,0,0.0,0.175,Very Low
110.60380020000017,6.499594499999999,0,0,0.0,0.175,Very Low
110.80380020000015,6.499594499999999,0,0,0.0,0.175,Very Low
111.00380020000017,6.499594499999999,0,0,0.0,0.175,Very Low
111.20380020000016,6.499594499999999,0,0,0.0,0.175,Very Low
111.40380020000018,6.499594499999999,0,0,0.0,0.175,Very Low
111.60380020000017,6.499594499999999,0,0,0.0,0.175,Very Low
111.80380020000018,6.499594499999999,0,0,0.0,0.175,Very Low
112.00380020000017,6.499594499999999,0,0,0.0,0.175,Very Low
112.20380020000019,6.499594499999999,0,0,0.0,0.175,Very Low
112.40380020000018,6.499594499999999,0,0,0.0,0.175,Very Low
112.6038002000002,6.499594499999999,0,0,0.0,0.175,Very Low
112.80380020000018,6.499594499999999,0,0,0.0,0.175,Very Low
113.0038002000002,6.499594499999999,0,0,0.0,0.175,Very Low
113.20380020000019,6.499594499999999,0,0,0.0,0.175,Very Low
113.4038002000002,6.499594499999999,0,0,0.0,0.175,Very Low
113.6038002000002,6.499594499999999,0,0,0.0,0.175,Very Low
113.80380020000021,6.499594499999999,0,0,0.0,0.175,Very Low
114.0038002000002,6.499594499999999,0,0,0.0,0.175,Very Low
114.20380020000022,6.499594499999999,0,0,0.0,0.175,Very Low
114.4038002000002,6.499594499999999,0,0,0.0,0.175,Very Low
114.60380020000022,6.499594499999999,0,0,0.0,0.175,Very Low
114.80380020000021,6.499594499999999,0,0,0.0,0.175,Very Low
115.00380020000023,6.499594499999999,0,0,0.0,0.175,Very Low
115.20380020000022,6.499594499999999,0,0,0.0,0.175,Very Low
115.40380020000023,6.499594499999999,0,0,0.0,0.175,Very Low
115.60380020000022,6.499594499999999,0,0,0.0,0.175,Very Low
115.80380020000024,6.499594499999999,0,0,0.0,0.175,Very Low
116.00380020000023,6.499594499999999,0,0,0.0,0.175,Very Low
116.20380020000025,6.499594499999999,0,0,148.268278611012,0.175,Very Low
116.40380020000023,6.499594499999999,0,0,128.35565023770616,0.175,Very Low
116.60380020000025,6.499594499999999,0,0,94.16678786500837,0.175,Very Low
116.80380020000024,6.499594499999999,0,0,59.33129997468108,0.175,Very Low
117.00380020000026,6.499594499999999,0,0,28.117151807252032,0.175,Very Low
117.20380020000025,6.499594499999999,0,0,14.811913295849669,0.175,Very Low
117.40380020000026,6.499594499999999,0,0,16.010081561796504,0.175,Very Low
117.60380020000025,6.499594499999999,0,0,16.733312524438194,0.175,Very Low
117.80380020000027,6.499594499999999,0,0,13.639409260749817,0.175,Very Low
118.00380020000026,6.499594499999999,0,0,3.200649380683899,0.175,Very Low
118.20380020000027,6.499594499999999,0,0,0.0,0.175,Very Low
118.40380020000026,6.499594499999999,0,0,0.0,0.175,Very Low
118.60380020000028,6.499594499999999,0,0,0.0,0.175,Very Low
118.80380020000027,6.499594499999999,0,0,0.0,0.175,Very Low
119.00380020000028,6.499594499999999,0,0,0.0,0.175,Very Low
119.20380020000027,6.499594499999999,0,0,0.0,0.175,Very Low
119.40380020000029,6.499594499999999,0,0,0.0,0.175,Very Low
99.6038002,6.699594499999998,0,0,0.0,0.175,Very Low
99.80380020000001,6.699594499999998,0,0,0.0,0.175,Very Low
100.0038002,6.699594499999998,0,0,62.84929774979413,0.175,Very Low
100.20380020000002,6.699594499999998,0,0,128.35972029605293,0.175,Very Low
100.4038002,6.699594499999998,0,0,154.08264787058437,0.175,Very Low
100.60380020000002,6.699594499999998,0,0,210.4971810409001,0.175,Very Low
100.80380020000001,6.699594499999998,0,0,22.311248938242596,0.175,Very Low
101.00380020000003,6.699594499999998,0,0,0.0,0.175,Very Low
101.20380020000002,6.699594499999998,0,1,0.0,0.19249999999999998,Very Low
101.40380020000003,6.699594499999998,0,0,0.0,0.175,Very Low
101.60380020000002,6.699594499999998,0,1,0.0,0.19249999999999998,Very Low
101.80380020000004,6.699594499999998,0,0,0.0,0.175,Very Low
102.00380020000003,6.699594499999998,0,0,0.0,0.175,Very Low
102.20380020000005,6.699594499999998,0,0,0.0,0.175,Very Low
102.40380020000003,6.699594499999998,0,0,0.0,0.175,Very Low
102.60380020000005,6.699594499999998,0,0,0.0,0.175,Very Low
102.80380020000004,6.699594499999998,0,0,0.0,0.175,Very Low
103.00380020000006,6.699594499999998,0,0,0.0,0.175,Very Low
103.20380020000005,6.699594499999998,0,0,0.0,0.175,Very Low
103.40380020000006,6.699594499999998,0,0,0.0,0.175,Very Low
103.60380020000005,6.699594499999998,0,0,0.0,0.175,Very Low
103.80380020000007,6.699594499999998,0,0,0.0,0.175,Very Low
104.00380020000006,6.699594499999998,0,0,0.0,0.175,Very Low
104.20380020000007,6.699594499999998,0,0,0.0,0.175,Very Low
104.40380020000006,6.699594499999998,0,0,0.0,0.175,Very Low
104.60380020000008,6.699594499999998,0,0,0.0,0.175,Very Low
104.80380020000007,6.699594499999998,0,0,0.0,0.175,Very Low
105.00380020000009,6.699594499999998,0,0,0.0,0.175,Very Low
105.20380020000007,6.699594499999998,0,0,0.0,0.175,Very Low
105.40380020000009,6.699594499999998,0,0,0.0,0.175,Very Low
105.60380020000008,6.699594499999998,0,0,0.0,0.175,Very Low
105.8038002000001,6.699594499999998,0,0,0.0,0.175,Very Low
106.00380020000009,6.699594499999998,0,0,0.0,0.175,Very Low
106.2038002000001,6.699594499999998,0,0,0.0,0.175,Very Low
106.40380020000009,6.699594499999998,0,0,0.0,0.175,Very Low
106.60380020000011,6.699594499999998,0,0,0.0,0.175,Very Low
106.8038002000001,6.699594499999998,0,0,0.0,0.175,Very Low
107.00380020000011,6.699594499999998,0,0,0.0,0.175,Very Low
107.2038002000001,6.699594499999998,0,0,0.0,0.175,Very Low
107.40380020000012,6.699594499999998,0,0,0.0,0.175,Very Low
107.60380020000011,6.699594499999998,0,0,0.0,0.175,Very Low
107.80380020000013,6.699594499999998,0,0,0.0,0.175,Very Low
108.00380020000011,6.699594499999998,0,0,0.0,0.175,Very Low
108.20380020000013,6.699594499999998,0,0,0.0,0.175,Very Low
108.40380020000012,6.699594499999998,0,0,0.0,0.175,Very Low
108.60380020000014,6.699594499999998,0,0,0.0,0.175,Very Low
108.80380020000013,6.699594499999998,0,0,0.0,0.175,Very Low
109.00380020000014,6.699594499999998,0,0,0.0,0.175,Very Low
109.20380020000013,6.699594499999998,0,0,0.0,0.175,Very Low
109.40380020000015,6.699594499999998,0,0,0.0,0.175,Very Low
109.60380020000014,6.699594499999998,0,0,0.0,0.175,Very Low
109.80380020000015,6.699594499999998,0,0,0.0,0.175,Very Low
110.00380020000014,6.699594499999998,0,0,0.0,0.175,Very Low
110.20380020000016,6.699594499999998,0,0,0.0,0.175,Very Low
110.40380020000015,6.699594499999998,0,0,0.0,0.175,Very Low
110.60380020000017,6.699594499999998,0,0,0.0,0.175,Very Low
110.80380020000015,6.699594499999998,0,0,0.0,0.175,Very Low
111.00380020000017,6.699594499999998,0,0,0.0,0.175,Very Low
111.20380020000016,6.699594499999998,0,0,0.0,0.175,Very Low
111.40380020000018,6.699594499999998,0,0,0.0,0.175,Very Low
111.60380020000017,6.699594499999998,0,0,0.0,0.175,Very Low
111.80380020000018,6.699594499999998,0,0,0.0,0.175,Very Low
112.00380020000017,6.699594499999998,0,0,0.0,0.175,Very Low
112.20380020000019,6.699594499999998,0,0,0.0,0.175,Very Low
112.40380020000018,6.699594499999998,0,0,0.0,0.175,Very Low
112.6038002000002,6.699594499999998,0,0,0.0,0.175,Very Low
112.80380020000018,6.699594499999998,0,0,0.0,0.175,Very Low
113.0038002000002,6.699594499999998,0,0,0.0,0.175,Very Low
113.20380020000019,6.699594499999998,0,0,0.0,0.175,Very Low
113.4038002000002,6.699594499999998,0,0,0.0,0.175,Very Low
113.6038002000002,6.699594499999998,0,0,0.0,0.175,Very Low
113.80380020000021,6.699594499999998,0,0,0.0,0.175,Very Low
114.0038002000002,6.699594499999998,0,0,0.0,0.175,Very Low
114.20380020000022,6.699594499999998,0,0,0.0,0.175,Very Low
114.4038002000002,6.699594499999998,0,0,0.0,0.175,Very Low
114.60380020000022,6.699594499999998,0,0,0.0,0.175,Very Low
114.80380020000021,6.699594499999998,0,0,0.0,0.175,Very Low
115.00380020000023,6.699594499999998,0,0,0.0,0.175,Very Low
115.20380020000022,6.699594499999998,0,0,0.0,0.175,Very Low
115.40380020000023,6.699594499999998,0,0,0.0,0.175,Very Low
115.60380020000022,6.699594499999998,0,0,0.0,0.175,Very Low
115.80380020000024,6.699594499999998,0,0,0.0,0.175,Very Low
116.00380020000023,6.699594499999998,0,0,0.0,0.175,Very Low
116.20380020000025,6.699594499999998,0,0,41.238364187876385,0.175,Very Low
116.40380020000023,6.699594499999998,0,0,67.18935857865868,0.175,Very Low
116.60380020000025,6.699594499999998,0,0,78.95860106444158,0.175,Very Low
116.80380020000024,6.699594499999998,0,0,92.74808549342521,0.175,Very Low
117.00380020000026,6.699594499999998,0,0,59.393148530283355,0.175,Very Low
117.20380020000025,6.699594499999998,0,0,25.50001025772948,0.175,Very Low
117.40380020000026,6.699594499999998,0,0,17.671518025874192,0.175,Very Low
117.60380020000025,6.699594499999998,0,0,19.15296222930564,0.175,Very Low
117.80380020000027,6.699594499999998,0,0,6.5898429836545676,0.175,Very Low
118.00380020000026,6.699594499999998,0,0,3.200649380683899,0.175,Very Low
118.20380020000027,6.699594499999998,0,0,0.0,0.175,Very Low
118.40380020000026,6.699594499999998,0,0,0.0,0.175,Very Low
118.60380020000028,6.699594499999998,0,0,0.0,0.175,Very Low
118.80380020000027,6.699594499999998,0,0,0.0,0.175,Very Low
119.00380020000028,6.699594499999998,0,0,0.0,0.175,Very Low
119.20380020000027,6.699594499999998,0,0,0.0,0.175,Very Low
119.40380020000029,6.699594499999998,0,0,0.0,0.175,Very Low
99.6038002,6.899594499999998,0,0,0.0,0.175,Very Low
99.80380020000001,6.899594499999998,0,0,0.0,0.175,Very Low
100.0038002,6.899594499999998,0,0,19.619288868374294,0.175,Very Low
100.20380020000002,6.899594499999998,0,0,27.367205316370185,0.175,Very Low
100.4038002,6.899594499999998,0,0,32.73114747267503,0.175,Very Low
100.60380020000002,6.899594499999998,0,1,0.0,0.19249999999999998,Very Low
100.80380020000001,6.899594499999998,0,0,0.0,0.175,Very Low
101.00380020000003,6.899594499999998,0,0,0.0,0.175,Very Low
101.20380020000002,6.899594499999998,0,0,0.0,0.175,Very Low
101.40380020000003,6.899594499999998,0,0,0.0,0.175,Very Low
101.60380020000002,6.899594499999998,0,0,0.0,0.175,Very Low
101.80380020000004,6.899594499999998,0,0,0.0,0.175,Very Low
102.00380020000003,6.899594499999998,0,0,0.0,0.175,Very Low
102.20380020000005,6.899594499999998,0,0,0.0,0.175,Very Low
102.40380020000003,6.899594499999998,0,0,0.0,0.175,Very Low
102.60380020000005,6.899594499999998,0,0,0.0,0.175,Very Low
102.80380020000004,6.899594499999998,0,0,0.0,0.175,Very Low
103.00380020000006,6.899594499999998,0,0,0.0,0.175,Very Low
103.20380020000005,6.899594499999998,0,0,0.0,0.175,Very Low
103.40380020000006,6.899594499999998,0,0,0.0,0.175,Very Low
103.60380020000005,6.899594499999998,0,0,0.0,0.175,Very Low
103.80380020000007,6.899594499999998,0,0,0.0,0.175,Very Low
104.00380020000006,6.899594499999998,0,0,0.0,0.175,Very Low
104.20380020000007,6.899594499999998,0,0,0.0,0.175,Very Low
104.40380020000006,6.899594499999998,0,0,0.0,0.175,Very Low
104.60380020000008,6.899594499999998,0,0,0.0,0.175,Very Low
104.80380020000007,6.899594499999998,0,0,0.0,0.175,Very Low
105.00380020000009,6.899594499999998,0,0,0.0,0.175,Very Low
105.20380020000007,6.899594499999998,0,0,0.0,0.175,Very Low
105.40380020000009,6.899594499999998,0,0,0.0,0.175,Very Low
105.60380020000008,6.899594499999998,0,0,0.0,0.175,Very Low
105.8038002000001,6.899594499999998,0,0,0.0,0.175,Very Low
106.00380020000009,6.899594499999998,0,0,0.0,0.175,Very Low
106.2038002000001,6.899594499999998,0,0,0.0,0.175,Very Low
106.40380020000009,6.899594499999998,0,0,0.0,0.175,Very Low
106.60380020000011,6.899594499999998,0,0,0.0,0.175,Very Low
106.8038002000001,6.899594499999998,0,0,0.0,0.175,Very Low
107.00380020000011,6.899594499999998,0,0,0.0,0.175,Very Low
107.2038002000001,6.899594499999998,0,0,0.0,0.175,Very Low
107.40380020000012,6.899594499999998,0,0,0.0,0.175,Very Low
107.60380020000011,6.899594499999998,0,0,0.0,0.175,Very Low
107.80380020000013,6.899594499999998,0,0,0.0,0.175,Very Low
108.00380020000011,6.899594499999998,0,0,0.0,0.175,Very Low
108.20380020000013,6.899594499999998,0,0,0.0,0.175,Very Low
108.40380020000012,6.899594499999998,0,0,0.0,0.175,Very Low
108.60380020000014,6.899594499999998,0,0,0.0,0.175,Very Low
108.80380020000013,6.899594499999998,0,0,0.0,0.175,Very Low
109.00380020000014,6.899594499999998,0,0,0.0,0.175,Very Low
109.20380020000013,6.899594499999998,0,0,0.0,0.175,Very Low
109.40380020000015,6.899594499999998,0,0,0.0,0.175,Very Low
109.60380020000014,6.899594499999998,0,0,0.0,0.175,Very Low
109.80380020000015,6.899594499999998,0,0,0.0,0.175,Very Low
110.00380020000014,6.899594499999998,0,0,0.0,0.175,Very Low
110.20380020000016,6.899594499999998,0,0,0.0,0.175,Very Low
110.40380020000015,6.899594499999998,0,0,0.0,0.175,Very Low
110.60380020000017,6.899594499999998,0,0,0.0,0.175,Very Low
110.80380020000015,6.899594499999998,0,0,0.0,0.175,Very Low
111.00380020000017,6.899594499999998,0,0,0.0,0.175,Very Low
111.20380020000016,6.899594499999998,0,0,0.0,0.175,Very Low
111.40380020000018,6.899594499999998,0,0,0.0,0.175,Very Low
111.60380020000017,6.899594499999998,0,0,0.0,0.175,Very Low
111.80380020000018,6.899594499999998,0,0,0.0,0.175,Very Low
112.00380020000017,6.899594499999998,0,0,0.0,0.175,Very Low
112.20380020000019,6.899594499999998,0,0,0.0,0.175,Very Low
112.40380020000018,6.899594499999998,0,0,0.0,0.175,Very Low
112.6038002000002,6.899594499999998,0,0,0.0,0.175,Very Low
112.80380020000018,6.899594499999998,0,0,0.0,0.175,Very Low
113.0038002000002,6.899594499999998,0,0,0.0,0.175,Very Low
113.20380020000019,6.899594499999998,0,0,0.0,0.175,Very Low
113.4038002000002,6.899594499999998,0,0,0.0,0.175,Very Low
113.6038002000002,6.899594499999998,0,0,0.0,0.175,Very Low
113.80380020000021,6.899594499999998,0,0,0.0,0.175,Very Low
114.0038002000002,6.899594499999998,0,0,0.0,0.175,Very Low
114.20380020000022,6.899594499999998,0,0,0.0,0.175,Very Low
114.4038002000002,6.899594499999998,0,0,0.0,0.175,Very Low
114.60380020000022,6.899594499999998,0,0,0.0,0.175,Very Low
114.80380020000021,6.899594499999998,0,0,0.0,0.175,Very Low
115.00380020000023,6.899594499999998,0,0,0.0,0.175,Very Low
115.20380020000022,6.899594499999998,0,0,0.0,0.175,Very Low
115.40380020000023,6.899594499999998,0,0,0.0,0.175,Very Low
115.60380020000022,6.899594499999998,0,0,0.0,0.175,Very Low
115.80380020000024,6.899594499999998,0,0,0.0,0.175,Very Low
116.00380020000023,6.899594499999998,0,0,0.0,0.175,Very Low
116.20380020000025,6.899594499999998,0,0,41.238364187876385,0.175,Very Low
116.40380020000023,6.899594499999998,0,0,41.238364187876385,0.175,Very Low
116.60380020000025,6.899594499999998,0,0,104.92947748749992,0.175,Very Low
116.80380020000024,6.899594499999998,0,0,170.23597505196037,0.175,Very Low
117.00380020000026,6.899594499999998,0,0,108.88604253500307,0.175,Very Low
117.20380020000025,6.899594499999998,0,0,33.47795247549963,0.175,Very Low
117.40380020000026,6.899594499999998,0,0,20.43889981775611,0.175,Very Low
117.60380020000025,6.899594499999998,0,0,27.84574775206737,0.175,Very Low
117.80380020000027,6.899594499999998,0,0,0.0,0.175,Very Low
118.00380020000026,6.899594499999998,0,0,0.0,0.175,Very Low
118.20380020000027,6.899594499999998,0,0,0.0,0.175,Very Low
118.40380020000026,6.899594499999998,0,0,0.0,0.175,Very Low
118.60380020000028,6.899594499999998,0,0,0.0,0.175,Very Low
118.80380020000027,6.899594499999998,0,0,0.0,0.175,Very Low
119.00380020000028,6.899594499999998,0,0,0.0,0.175,Very Low
119.20380020000027,6.899594499999998,0,0,0.0,0.175,Very Low
119.40380020000029,6.899594499999998,0,0,0.0,0.175,Very Low
99.6038002,7.0995944999999985,0,0,0.0,0.175,Very Low
99.80380020000001,7.0995944999999985,0,0,0.0,0.175,Very Low
100.0038002,7.0995944999999985,0,0,0.0,0.175,Very Low
100.20380020000002,7.0995944999999985,0,2,0.0,0.21,Low
100.4038002,7.0995944999999985,0,2,0.0,0.21,Low
100.60380020000002,7.0995944999999985,0,0,0.0,0.175,Very Low
100.80380020000001,7.0995944999999985,0,0,0.0,0.175,Very Low
101.00380020000003,7.0995944999999985,0,0,0.0,0.175,Very Low
101.20380020000002,7.0995944999999985,0,0,0.0,0.175,Very Low
101.40380020000003,7.0995944999999985,0,0,0.0,0.175,Very Low
101.60380020000002,7.0995944999999985,0,0,0.0,0.175,Very Low
101.80380020000004,7.0995944999999985,0,0,0.0,0.175,Very Low
102.00380020000003,7.0995944999999985,0,0,0.0,0.175,Very Low
102.20380020000005,7.0995944999999985,0,0,0.0,0.175,Very Low
102.40380020000003,7.0995944999999985,0,0,0.0,0.175,Very Low
102.60380020000005,7.0995944999999985,0,0,0.0,0.175,Very Low
102.80380020000004,7.0995944999999985,0,0,0.0,0.175,Very Low
103.00380020000006,7.0995944999999985,0,0,0.0,0.175,Very Low
103.20380020000005,7.0995944999999985,0,0,0.0,0.175,Very Low
103.40380020000006,7.0995944999999985,0,0,0.0,0.175,Very Low
103.60380020000005,7.0995944999999985,0,0,0.0,0.175,Very Low
103.80380020000007,7.0995944999999985,0,0,0.0,0.175,Very Low
104.00380020000006,7.0995944999999985,0,0,0.0,0.175,Very Low
104.20380020000007,7.0995944999999985,0,0,0.0,0.175,Very Low
104.40380020000006,7.0995944999999985,0,0,0.0,0.175,Very Low
104.60380020000008,7.0995944999999985,0,0,0.0,0.175,Very Low
104.80380020000007,7.0995944999999985,0,0,0.0,0.175,Very Low
105.00380020000009,7.0995944999999985,0,0,0.0,0.175,Very Low
105.20380020000007,7.0995944999999985,0,0,0.0,0.175,Very Low
105.40380020000009,7.0995944999999985,0,0,0.0,0.175,Very Low
105.60380020000008,7.0995944999999985,0,0,0.0,0.175,Very Low
105.8038002000001,7.0995944999999985,0,0,0.0,0.175,Very Low
106.00380020000009,7.0995944999999985,0,0,0.0,0.175,Very Low
106.2038002000001,7.0995944999999985,0,0,0.0,0.175,Very Low
106.40380020000009,7.0995944999999985,0,0,0.0,0.175,Very Low
106.60380020000011,7.0995944999999985,0,0,0.0,0.175,Very Low
106.8038002000001,7.0995944999999985,0,0,0.0,0.175,Very Low
107.00380020000011,7.0995944999999985,0,0,0.0,0.175,Very Low
107.2038002000001,7.0995944999999985,0,0,0.0,0.175,Very Low
107.40380020000012,7.0995944999999985,0,0,0.0,0.175,Very Low
107.60380020000011,7.0995944999999985,0,0,0.0,0.175,Very Low
107.80380020000013,7.0995944999999985,0,0,0.0,0.175,Very Low
108.00380020000011,7.0995944999999985,0,0,0.0,0.175,Very Low
108.20380020000013,7.0995944999999985,0,0,0.0,0.175,Very Low
108.40380020000012,7.0995944999999985,0,0,0.0,0.175,Very Low
108.60380020000014,7.0995944999999985,0,0,0.0,0.175,Very Low
108.80380020000013,7.0995944999999985,0,0,0.0,0.175,Very Low
109.00380020000014,7.0995944999999985,0,0,0.0,0.175,Very Low
109.20380020000013,7.0995944999999985,0,0,0.0,0.175,Very Low
109.40380020000015,7.0995944999999985,0,0,0.0,0.175,Very Low
109.60380020000014,7.0995944999999985,0,0,0.0,0.175,Very Low
109.80380020000015,7.0995944999999985,0,0,0.0,0.175,Very Low
110.00380020000014,7.0995944999999985,0,0,0.0,0.175,Very Low
110.20380020000016,7.0995944999999985,0,0,0.0,0.175,Very Low
110.40380020000015,7.0995944999999985,0,0,0.0,0.175,Very Low
110.60380020000017,7.0995944999999985,0,0,0.0,0.175,Very Low
110.80380020000015,7.0995944999999985,0,0,0.0,0.175,Very Low
111.00380020000017,7.0995944999999985,0,0,0.0,0.175,Very Low
111.20380020000016,7.0995944999999985,0,0,0.0,0.175,Very Low
111.40380020000018,7.0995944999999985,0,0,0.0,0.175,Very Low
111.60380020000017,7.0995944999999985,0,0,0.0,0.175,Very Low
111.80380020000018,7.0995944999999985,0,0,0.0,0.175,Very Low
112.00380020000017,7.0995944999999985,0,0,0.0,0.175,Very Low
112.20380020000019,7.0995944999999985,0,0,0.0,0.175,Very Low
112.40380020000018,7.0995944999999985,0,0,0.0,0.175,Very Low
112.6038002000002,7.0995944999999985,0,0,0.0,0.175,Very Low
112.80380020000018,7.0995944999999985,0,0,0.0,0.175,Very Low
113.0038002000002,7.0995944999999985,0,0,0.0,0.175,Very Low
113.20380020000019,7.0995944999999985,0,0,0.0,0.175,Very Low
113.4038002000002,7.0995944999999985,0,0,0.0,0.175,Very Low
113.6038002000002,7.0995944999999985,0,0,0.0,0.175,Very Low
113.80380020000021,7.0995944999999985,0,0,0.0,0.175,Very Low
114.0038002000002,7.0995944999999985,0,0,0.0,0.175,Very Low
114.20380020000022,7.0995944999999985,0,0,0.0,0.175,Very Low
114.4038002000002,7.0995944999999985,0,0,0.0,0.175,Very Low
114.60380020000022,7.0995944999999985,0,0,0.0,0.175,Very Low
114.80380020000021,7.0995944999999985,0,0,0.0,0.175,Very Low
115.00380020000023,7.0995944999999985,0,0,0.0,0.175,Very Low
115.20380020000022,7.0995944999999985,0,0,0.0,0.175,Very Low
115.40380020000023,7.0995944999999985,0,0,0.0,0.175,Very Low
115.60380020000022,7.0995944999999985,0,0,0.0,0.175,Very Low
115.80380020000024,7.0995944999999985,0,0,0.0,0.175,Very Low
116.00380020000023,7.0995944999999985,0,0,0.0,0.175,Very Low
116.20380020000025,7.0995944999999985,0,0,0.0,0.175,Very Low
116.40380020000023,7.0995944999999985,0,0,0.0,0.175,Very Low
116.60380020000025,7.0995944999999985,0,0,127.17284055437361,0.175,Very Low
116.80380020000024,7.0995944999999985,0,0,166.60229240642505,0.175,Very Low
117.00380020000026,7.0995944999999985,0,0,66.33210854559589,0.175,Very Low
117.20380020000025,7.0995944999999985,0,0,22.090386656506105,0.175,Very Low
117.40380020000026,7.0995944999999985,0,0,11.98872226336187,0.175,Very Low
117.60380020000025,7.0995944999999985,0,0,0.0,0.175,Very Low
117.80380020000027,7.0995944999999985,0,0,0.0,0.175,Very Low
118.00380020000026,7.0995944999999985,0,0,0.0,0.175,Very Low
118.20380020000027,7.0995944999999985,0,0,0.0,0.175,Very Low
118.40380020000026,7.0995944999999985,0,0,0.0,0.175,Very Low
118.60380020000028,7.0995944999999985,0,0,0.0,0.175,Very Low
118.80380020000027,7.0995944999999985,0,0,0.0,0.175,Very Low
119.00380020000028,7.0995944999999985,0,0,0.0,0.175,Very Low
119.20380020000027,7.0995944999999985,0,0,0.0,0.175,Very Low
119.40380020000029,7.0995944999999985,0,0,0.0,0.175,Very Low
99.6038002,7.299594499999999,0,0,0.0,0.175,Very Low
99.80380020000001,7.299594499999999,0,0,0.0,0.175,Very Low
100.0038002,7.299594499999999,0,0,0.0,0.175,Very Low
100.20380020000002,7.299594499999999,0,0,0.0,0.175,Very Low
100.4038002,7.299594499999999,0,0,0.0,0.175,Very Low
100.60380020000002,7.299594499999999,0,0,0.0,0.175,Very Low
100.80380020000001,7.299594499999999,0,0,0.0,0.175,Very Low
101.00380020000003,7.299594499999999,0,0,0.0,0.175,Very Low
101.20380020000002,7.299594499999999,0,0,0.0,0.175,Very Low
101.40380020000003,7.299594499999999,0,0,0.0,0.175,Very Low
101.60380020000002,7.299594499999999,0,0,0.0,0.175,Very Low
101.80380020000004,7.299594499999999,0,0,0.0,0.175,Very Low
102.00380020000003,7.299594499999999,0,0,0.0,0.175,Very Low
102.20380020000005,7.299594499999999,0,0,0.0,0.175,Very Low
102.40380020000003,7.299594499999999,0,0,0.0,0.175,Very Low
102.60380020000005,7.299594499999999,0,0,0.0,0.175,Very Low
102.80380020000004,7.299594499999999,0,0,0.0,0.175,Very Low
103.00380020000006,7.299594499999999,0,0,0.0,0.175,Very Low
103.20380020000005,7.299594499999999,0,0,0.0,0.175,Very Low
103.40380020000006,7.299594499999999,0,0,0.0,0.175,Very Low
103.60380020000005,7.299594499999999,0,0,0.0,0.175,Very Low
103.80380020000007,7.299594499999999,0,0,0.0,0.175,Very Low
104.00380020000006,7.299594499999999,0,0,0.0,0.175,Very Low
104.20380020000007,7.299594499999999,0,0,0.0,0.175,Very Low
104.40380020000006,7.299594499999999,0,0,0.0,0.175,Very Low
104.60380020000008,7.299594499999999,0,0,0.0,0.175,Very Low
104.80380020000007,7.299594499999999,0,0,0.0,0.175,Very Low
105.00380020000009,7.299594499999999,0,0,0.0,0.175,Very Low
105.20380020000007,7.299594499999999,0,0,0.0,0.175,Very Low
105.40380020000009,7.299594499999999,0,0,0.0,0.175,Very Low
105.60380020000008,7.299594499999999,0,0,0.0,0.175,Very Low
105.8038002000001,7.299594499999999,0,0,0.0,0.175,Very Low
106.00380020000009,7.299594499999999,0,0,0.0,0.175,Very Low
106.2038002000001,7.299594499999999,0,0,0.0,0.175,Very Low
106.40380020000009,7.299594499999999,0,0,0.0,0.175,Very Low
106.60380020000011,7.299594499999999,0,0,0.0,0.175,Very Low
106.8038002000001,7.299594499999999,0,0,0.0,0.175,Very Low
107.00380020000011,7.299594499999999,0,0,0.0,0.175,Very Low
107.2038002000001,7.299594499999999,0,0,0.0,0.175,Very Low
107.40380020000012,7.299594499999999,0,0,0.0,0.175,Very Low
107.60380020000011,7.299594499999999,0,0,0.0,0.175,Very Low
107.80380020000013,7.299594499999999,0,0,0.0,0.175,Very Low
108.00380020000011,7.299594499999999,0,0,0.0,0.175,Very Low
108.20380020000013,7.299594499999999,0,0,0.0,0.175,Very Low
108.40380020000012,7.299594499999999,0,0,0.0,0.175,Very Low
108.60380020000014,7.299594499999999,0,0,0.0,0.175,Very Low
108.80380020000013,7.299594499999999,0,0,0.0,0.175,Very Low
109.00380020000014,7.299594499999999,0,0,0.0,0.175,Very Low
109.20380020000013,7.299594499999999,0,0,0.0,0.175,Very Low
109.40380020000015,7.299594499999999,0,0,0.0,0.175,Very Low
109.60380020000014,7.299594499999999,0,0,0.0,0.175,Very Low
109.80380020000015,7.299594499999999,0,0,0.0,0.175,Very Low
110.00380020000014,7.299594499999999,0,0,0.0,0.175,Very Low
110.20380020000016,7.299594499999999,0,0,0.0,0.175,Very Low
110.40380020000015,7.299594499999999,0,0,0.0,0.175,Very Low
110.60380020000017,7.299594499999999,0,0,0.0,0.175,Very Low
110.80380020000015,7.299594499999999,0,0,0.0,0.175,Very Low
111.00380020000017,7.299594499999999,0,0,0.0,0.175,Very Low
111.20380020000016,7.299594499999999,0,0,0.0,0.175,Very Low
111.40380020000018,7.299594499999999,0,0,0.0,0.175,Very Low
111.60380020000017,7.299594499999999,0,0,0.0,0.175,Very Low
111.80380020000018,7.299594499999999,0,0,0.0,0.175,Very Low
112.00380020000017,7.299594499999999,0,0,0.0,0.175,Very Low
112.20380020000019,7.299594499999999,0,0,0.0,0.175,Very Low
112.40380020000018,7.299594499999999,0,0,0.0,0.175,Very Low
112.6038002000002,7.299594499999999,0,0,0.0,0.175,Very Low
112.80380020000018,7.299594499999999,0,0,0.0,0.175,Very Low
113.0038002000002,7.299594499999999,0,0,0.0,0.175,Very Low
113.20380020000019,7.299594499999999,0,0,0.0,0.175,Very Low
113.4038002000002,7.299594499999999,0,0,0.0,0.175,Very Low
113.6038002000002,7.299594499999999,0,0,0.0,0.175,Very Low
113.80380020000021,7.299594499999999,0,0,0.0,0.175,Very Low
114.0038002000002,7.299594499999999,0,0,0.0,0.175,Very Low
114.20380020000022,7.299594499999999,0,0,0.0,0.175,Very Low
114.4038002000002,7.299594499999999,0,0,0.0,0.175,Very Low
114.60380020000022,7.299594499999999,0,0,0.0,0.175,Very Low
114.80380020000021,7.299594499999999,0,0,0.0,0.175,Very Low
115.00380020000023,7.299594499999999,0,0,0.0,0.175,Very Low
115.20380020000022,7.299594499999999,0,0,0.0,0.175,Very Low
115.40380020000023,7.299594499999999,0,0,0.0,0.175,Very Low
115.60380020000022,7.299594499999999,0,0,0.0,0.175,Very Low
115.80380020000024,7.299594499999999,0,0,0.0,0.175,Very Low
116.00380020000023,7.299594499999999,0,0,0.0,0.175,Very Low
116.20380020000025,7.299594499999999,0,0,0.0,0.175,Very Low
116.40380020000023,7.299594499999999,0,0,0.0,0.175,Very Low
116.60380020000025,7.299594499999999,0,0,0.0,0.175,Very Low
116.80380020000024,7.299594499999999,0,0,10.788832841917525,0.175,Very Low
117.00380020000026,7.299594499999999,0,0,16.291111607070363,0.175,Very Low
117.20380020000025,7.299594499999999,0,0,16.29894322468095,0.175,Very Low
117.40380020000026,7.299594499999999,0,0,12.741897534424403,0.175,Very Low
117.60380020000025,7.299594499999999,0,0,0.0,0.175,Very Low
117.80380020000027,7.299594499999999,0,0,0.0,0.175,Very Low
118.00380020000026,7.299594499999999,0,0,0.0,0.175,Very Low
118.20380020000027,7.299594499999999,0,0,0.0,0.175,Very Low
118.40380020000026,7.299594499999999,0,0,0.0,0.175,Very Low
118.60380020000028,7.299594499999999,0,0,0.0,0.175,Very Low
118.80380020000027,7.299594499999999,0,0,0.0,0.175,Very Low
119.00380020000028,7.299594499999999,0,0,0.0,0.175,Very Low
119.20380020000027,7.299594499999999,0,0,0.0,0.175,Very Low
119.40380020000029,7.299594499999999,0,0,0.0,0.175,Very Low
99.6038002,7.499594499999999,0,0,0.0,0.175,Very Low
99.80380020000001,7.499594499999999,0,0,0.0,0.175,Very Low
100.0038002,7.499594499999999,0,0,0.0,0.175,Very Low
100.20380020000002,7.499594499999999,0,0,0.0,0.175,Very Low
100.4038002,7.499594499999999,0,0,0.0,0.175,Very Low
100.60380020000002,7.499594499999999,0,0,0.0,0.175,Very Low
100.80380020000001,7.499594499999999,0,0,0.0,0.175,Very Low
101.00380020000003,7.499594499999999,0,0,0.0,0.175,Very Low
101.20380020000002,7.499594499999999,0,0,0.0,0.175,Very Low
101.40380020000003,7.499594499999999,0,0,0.0,0.175,Very Low
101.60380020000002,7.499594499999999,0,0,0.0,0.175,Very Low
101.80380020000004,7.499594499999999,0,0,0.0,0.175,Very Low
102.00380020000003,7.499594499999999,0,0,0.0,0.175,Very Low
102.20380020000005,7.499594499999999,0,0,0.0,0.175,Very Low
102.40380020000003,7.499594499999999,0,0,0.0,0.175,Very Low
102.60380020000005,7.499594499999999,0,0,0.0,0.175,Very Low
102.80380020000004,7.499594499999999,0,0,0.0,0.175,Very Low
103.00380020000006,7.499594499999999,0,0,0.0,0.175,Very Low
103.20380020000005,7.499594499999999,0,0,0.0,0.175,Very Low
103.40380020000006,7.499594499999999,0,0,0.0,0.175,Very Low
103.60380020000005,7.499594499999999,0,0,0.0,0.175,Very Low
103.80380020000007,7.499594499999999,0,0,0.0,0.175,Very Low
104.00380020000006,7.499594499999999,0,0,0.0,0.175,Very Low
104.20380020000007,7.499594499999999,0,0,0.0,0.175,Very Low
104.40380020000006,7.499594499999999,0,0,0.0,0.175,Very Low
104.60380020000008,7.499594499999999,0,0,0.0,0.175,Very Low
104.80380020000007,7.499594499999999,0,0,0.0,0.175,Very Low
105.00380020000009,7.499594499999999,0,0,0.0,0.175,Very Low
105.20380020000007,7.499594499999999,0,0,0.0,0.175,Very Low
105.40380020000009,7.499594499999999,0,0,0.0,0.175,Very Low
105.60380020000008,7.499594499999999,0,0,0.0,0.175,Very Low
105.8038002000001,7.499594499999999,0,0,0.0,0.175,Very Low
106.00380020000009,7.499594499999999,0,0,0.0,0.175,Very Low
106.2038002000001,7.499594499999999,0,0,0.0,0.175,Very Low
106.40380020000009,7.499594499999999,0,0,0.0,0.175,Very Low
106.60380020000011,7.499594499999999,0,0,0.0,0.175,Very Low
106.8038002000001,7.499594499999999,0,0,0.0,0.175,Very Low
107.00380020000011,7.499594499999999,0,0,0.0,0.175,Very Low
107.2038002000001,7.499594499999999,0,0,0.0,0.175,Very Low
107.40380020000012,7.499594499999999,0,0,0.0,0.175,Very Low
107.60380020000011,7.499594499999999,0,0,0.0,0.175,Very Low
107.80380020000013,7.499594499999999,0,0,0.0,0.175,Very Low
108.00380020000011,7.499594499999999,0,0,0.0,0.175,Very Low
108.20380020000013,7.499594499999999,0,0,0.0,0.175,Very Low
108.40380020000012,7.499594499999999,0,0,0.0,0.175,Very Low
108.60380020000014,7.499594499999999,0,0,0.0,0.175,Very Low
108.80380020000013,7.499594499999999,0,0,0.0,0.175,Very Low
109.00380020000014,7.499594499999999,0,0,0.0,0.175,Very Low
109.20380020000013,7.499594499999999,0,0,0.0,0.175,Very Low
109.40380020000015,7.499594499999999,0,0,0.0,0.175,Very Low
109.60380020000014,7.499594499999999,0,0,0.0,0.175,Very Low
109.80380020000015,7.499594499999999,0,0,0.0,0.175,Very Low
110.00380020000014,7.499594499999999,0,0,0.0,0.175,Very Low
110.20380020000016,7.499594499999999,0,0,0.0,0.175,Very Low
110.40380020000015,7.499594499999999,0,0,0.0,0.175,Very Low
110.60380020000017,7.499594499999999,0,0,0.0,0.175,Very Low
110.80380020000015,7.499594499999999,0,0,0.0,0.175,Very Low
111.00380020000017,7.499594499999999,0,0,0.0,0.175,Very Low
111.20380020000016,7.499594499999999,0,0,0.0,0.175,Very Low
111.40380020000018,7.499594499999999,0,0,0.0,0.175,Very Low
111.60380020000017,7.499594499999999,0,0,0.0,0.175,Very Low
111.80380020000018,7.499594499999999,0,0,0.0,0.175,Very Low
112.00380020000017,7.499594499999999,0,0,0.0,0.175,Very Low
112.20380020000019,7.499594499999999,0,0,0.0,0.175,Very Low
112.40380020000018,7.499594499999999,0,0,0.0,0.175,Very Low
112.6038002000002,7.499594499999999,0,0,0.0,0.175,Very Low
112.80380020000018,7.499594499999999,0,0,0.0,0.175,Very Low
113.0038002000002,7.499594499999999,0,0,0.0,0.175,Very Low
113.20380020000019,7.499594499999999,0,0,0.0,0.175,Very Low
113.4038002000002,7.499594499999999,0,0,0.0,0.175,Very Low
113.6038002000002,7.499594499999999,0,0,0.0,0.175,Very Low
113.80380020000021,7.499594499999999,0,0,0.0,0.175,Very Low
114.0038002000002,7.499594499999999,0,0,0.0,0.175,Very Low
114.20380020000022,7.499594499999999,0,0,0.0,0.175,Very Low
114.4038002000002,7.499594499999999,0,0,0.0,0.175,Very Low
114.60380020000022,7.499594499999999,0,0,0.0,0.175,Very Low
114.80380020000021,7.499594499999999,0,0,0.0,0.175,Very Low
115.00380020000023,7.499594499999999,0,0,0.0,0.175,Very Low
115.20380020000022,7.499594499999999,0,0,0.0,0.175,Very Low
115.40380020000023,7.499594499999999,0,0,0.0,0.175,Very Low
115.60380020000022,7.499594499999999,0,0,0.0,0.175,Very Low
115.80380020000024,7.499594499999999,0,0,0.0,0.175,Very Low
116.00380020000023,7.499594499999999,0,0,0.0,0.175,Very Low
116.20380020000025,7.499594499999999,0,0,0.0,0.175,Very Low
116.40380020000023,7.499594499999999,0,0,0.0,0.175,Very Low
116.60380020000025,7.499594499999999,0,0,0.0,0.175,Very Low
116.80380020000024,7.499594499999999,0,0,6.937233751470393,0.175,Very Low
117.00380020000026,7.499594499999999,0,0,12.49020943750862,0.175,Very Low
117.20380020000025,7.499594499999999,0,0,16.707835730384378,0.175,Very Low
117.40380020000026,7.499594499999999,0,0,19.292995045694074,0.175,Very Low
117.60380020000025,7.499594499999999,0,0,0.0,0.175,Very Low
117.80380020000027,7.499594499999999,0,0,0.0,0.175,Very Low
118.00380020000026,7.499594499999999,0,0,0.0,0.175,Very Low
118.20380020000027,7.499594499999999,0,0,0.0,0.175,Very Low
118.40380020000026,7.499594499999999,0,0,0.0,0.175,Very Low
118.60380020000028,7.499594499999999,0,0,0.0,0.175,Very Low
118.80380020000027,7.499594499999999,0,0,0.0,0.175,Very Low
119.00380020000028,7.499594499999999,0,0,0.0,0.175,Very Low
119.20380020000027,7.499594499999999,0,0,0.0,0.175,Very Low
119.40380020000029,7.499594499999999,0,0,0.0,0.175,Very Low
