date,total_ridership,rainfall_mm,heavy_rain,ridership_pct_change,heavy_rain_event
2019-01-01,402968.0,78.83147007482994,0,,False
2019-01-02,658114.0,78.83147007482994,0,63.31669015902006,False
2019-01-03,681570.0,78.83147007482994,0,3.564124148703729,False
2019-01-04,725187.0,78.83147007482994,0,6.399489414146742,False
2019-01-05,408419.0,78.83147007482994,0,-43.680871278718456,False
2019-01-06,342432.0,78.83147007482994,0,-16.156692024611974,False
2019-01-07,715212.0,78.83147007482994,0,108.86248948696382,False
2019-01-08,719271.0,78.83147007482994,0,0.5675240348316235,False
2019-01-09,725458.0,78.83147007482994,0,0.8601764842458559,False
2019-01-10,731261.0,78.83147007482994,0,0.7999084716137972,False
2019-01-11,773973.0,72.0533995707483,0,5.840869402306437,False
2019-01-12,431931.0,72.0533995707483,0,-44.19301448500141,False
2019-01-13,370104.0,72.0533995707483,0,-14.314091834112396,False
2019-01-14,729825.0,72.0533995707483,0,97.19457233642437,False
2019-01-15,722287.0,72.0533995707483,0,-1.0328503408351342,False
2019-01-16,736489.0,72.0533995707483,0,1.966254411335111,False
2019-01-17,742138.0,72.0533995707483,0,0.7670175657749079,False
2019-01-18,796281.0,72.0533995707483,0,7.295543416453554,False
2019-01-19,445597.0,72.0533995707483,0,-44.04023202864315,False
2019-01-20,368258.0,72.0533995707483,0,-17.356265863549346,False
2019-01-21,358450.0,73.43778799455782,0,-2.6633501512526525,False
2019-01-22,721713.0,73.43778799455782,0,101.34272562421538,False
2019-01-23,731232.0,73.43778799455782,0,1.3189453425392017,False
2019-01-24,738099.0,73.43778799455782,0,0.9391000393855764,False
2019-01-25,795136.0,73.43778799455782,0,7.7275541627884525,False
2019-01-26,465518.0,73.43778799455782,0,-41.45429209594334,False
2019-01-27,378959.0,73.43778799455782,0,-18.594125254018103,False
2019-01-28,739143.0,73.43778799455782,0,95.04563818249467,False
2019-01-29,749451.0,73.43778799455782,0,1.394588056708912,False
2019-01-30,756930.0,73.43778799455782,0,0.997930485115095,False
2019-01-31,786566.0,73.43778799455782,0,3.9152893926783117,False
2019-02-01,469491.0,44.19100641496599,0,-40.31130254803793,False
2019-02-02,385001.0,44.19100641496599,0,-17.996085121972516,False
2019-02-03,347308.0,44.19100641496599,0,-9.790364180872258,False
2019-02-04,496773.0,44.19100641496599,0,43.03528856231355,False
2019-02-05,376804.0,44.19100641496599,0,-24.149661918018893,False
2019-02-06,333729.0,44.19100641496599,0,-11.431672699865182,False
2019-02-07,552761.0,44.19100641496599,0,65.63169517782393,False
2019-02-08,584101.0,44.19100641496599,0,5.669719824662023,False
2019-02-09,375785.0,44.19100641496599,0,-35.66437996168471,False
2019-02-10,332385.0,44.19100641496599,0,-11.549157097808582,False
2019-02-11,717696.0,72.22852411768707,0,115.92310122297937,False
2019-02-12,727503.0,72.22852411768707,0,1.3664559925093522,False
2019-02-13,722933.0,72.22852411768707,0,-0.6281761037411515,False
2019-02-14,746498.0,72.22852411768707,0,3.259638168405643,False
2019-02-15,776878.0,72.22852411768707,0,4.069669309227897,False
2019-02-16,454619.0,72.22852411768707,0,-41.48128792423006,False
2019-02-17,368979.0,72.22852411768707,0,-18.837752051718038,False
2019-02-18,699999.0,72.22852411768707,0,89.71242265820005,False
2019-02-19,662501.0,72.22852411768707,0,-5.356864795521132,False
2019-02-20,739742.0,72.22852411768707,0,11.659001269432046,False
2019-02-21,742936.0,18.002276176870748,0,0.431772158401178,False
2019-02-22,788763.0,18.002276176870748,0,6.1683644351599565,False
2019-02-23,434610.0,18.002276176870748,0,-44.899798798878756,False
2019-02-24,361035.0,18.002276176870748,0,-16.928970801408163,False
2019-02-25,730723.0,18.002276176870748,0,102.39672053955987,False
2019-02-26,735024.0,18.002276176870748,0,0.5885951311235482,False
2019-02-27,739772.0,18.002276176870748,0,0.6459653018132672,False
2019-02-28,749755.0,18.002276176870748,0,1.3494698366523838,False
2019-03-01,806263.0,26.54030949455782,0,7.536862041600245,False
2019-03-02,464142.0,26.54030949455782,0,-42.43292821325052,False
2019-03-03,386135.0,26.54030949455782,0,-16.806710015469406,False
2019-03-04,730491.0,26.54030949455782,0,89.18020899426367,False
2019-03-05,741906.0,26.54030949455782,0,1.5626475890873293,False
2019-03-06,755978.0,26.54030949455782,0,1.8967362442142255,False
2019-03-07,758524.0,26.54030949455782,0,0.3367822873152404,False
2019-03-08,827333.0,26.54030949455782,0,9.071433468156576,False
2019-03-09,452355.0,26.54030949455782,0,-45.323708833081724,False
2019-03-10,369258.0,26.54030949455782,0,-18.369864376430012,False
2019-03-11,737428.0,22.865804008843536,0,99.70535506339742,False
2019-03-12,747534.0,22.865804008843536,0,1.370438876744573,False
2019-03-13,745208.0,22.865804008843536,0,-0.3111564156279223,False
2019-03-14,745216.0,22.865804008843536,0,0.0010735257807148457,False
2019-03-15,815207.0,22.865804008843536,0,9.392042038818271,False
2019-03-16,487703.0,22.865804008843536,0,-40.174336088870675,False
2019-03-17,390719.0,22.865804008843536,0,-19.885873164610423,False
2019-03-18,723295.0,22.865804008843536,0,85.1189729703444,False
2019-03-19,732209.0,22.865804008843536,0,1.2324155427591688,False
2019-03-20,739994.0,22.865804008843536,0,1.0632210202278225,False
2019-03-21,753705.0,60.35915513605442,0,1.8528528609691453,False
2019-03-22,799601.0,60.35915513605442,0,6.0893851042516545,False
2019-03-23,435373.0,60.35915513605442,0,-45.55121867031182,False
2019-03-24,355167.0,60.35915513605442,0,-18.422364271555658,False
2019-03-25,716058.0,60.35915513605442,0,101.6116362162025,False
2019-03-26,729358.0,60.35915513605442,0,1.8573914403581915,False
2019-03-27,741447.0,60.35915513605442,0,1.6574850759160764,False
2019-03-28,742759.0,60.35915513605442,0,0.17695128579655606,False
2019-03-29,860003.0,60.35915513605442,0,15.784931586153794,False
2019-03-30,478863.0,60.35915513605442,0,-44.318450051918425,False
2019-03-31,388265.0,60.35915513605442,0,-18.919398658906616,False
2019-04-01,734210.0,53.36985803061225,0,89.10022793710482,False
2019-04-02,755353.0,53.36985803061225,0,2.8796938205690514,False
2019-04-03,766902.0,53.36985803061225,0,1.5289540122300327,False
2019-04-04,770860.0,53.36985803061225,0,0.5161024485527577,False
2019-04-05,824283.0,53.36985803061225,0,6.930311600031125,False
2019-04-06,497274.0,53.36985803061225,0,-39.67193306182464,False
2019-04-07,410039.0,53.36985803061225,0,-17.542642486838243,False
2019-04-08,742974.0,53.36985803061225,0,81.1959350208151,False
2019-04-09,748619.0,53.36985803061225,0,0.7597843262348247,False
2019-04-10,749395.0,53.36985803061225,0,0.1036575347406421,False
2019-04-11,748667.0,56.47231407006802,0,-0.09714503032446364,False
2019-04-12,794082.0,56.47231407006802,0,6.0661148414448585,False
2019-04-13,476671.0,56.47231407006802,0,-39.97206837581005,False
2019-04-14,387326.0,56.47231407006802,0,-18.7435358979254,False
2019-04-15,732766.0,56.47231407006802,0,89.18585377692176,False
2019-04-16,737663.0,56.47231407006802,0,0.668289740517447,False
2019-04-17,738264.0,56.47231407006802,0,0.08147351839524752,False
2019-04-18,743115.0,56.47231407006802,0,0.6570820194401916,False
2019-04-19,783152.0,56.47231407006802,0,5.38772599126649,False
2019-04-20,430600.0,56.47231407006802,0,-45.01705926818804,False
2019-04-21,364938.0,74.55990855782314,0,-15.248954946586156,False
2019-04-22,721154.0,74.55990855782314,0,97.61000498714849,False
2019-04-23,722891.0,74.55990855782314,0,0.24086394861568827,False
2019-04-24,747740.0,74.55990855782314,0,3.4374476926673614,False
2019-04-25,746654.0,74.55990855782314,0,-0.14523764945034712,False
2019-04-26,799465.0,74.55990855782314,0,7.073021774476529,False
2019-04-27,484303.0,74.55990855782314,0,-39.42161320383006,False
2019-04-28,381830.0,74.55990855782314,0,-21.158861291381637,False
2019-04-29,739773.0,74.55990855782314,0,93.7440745881675,False
2019-04-30,774342.0,74.55990855782314,0,4.672919936250719,False
2019-05-01,460750.0,68.65264580272108,0,-40.4978678671698,False
2019-05-02,782058.0,68.65264580272108,0,69.73586543678785,False
2019-05-03,835071.0,68.65264580272108,0,6.778653245667199,False
2019-05-04,477018.0,68.65264580272108,0,-42.87695297765101,False
2019-05-05,382931.0,68.65264580272108,0,-19.723993643845727,False
2019-05-06,701330.0,68.65264580272108,0,83.14787781610787,False
2019-05-07,729149.0,68.65264580272108,0,3.9666063051630562,False
2019-05-08,732305.0,68.65264580272108,0,0.43283334407644425,False
2019-05-09,733660.0,68.65264580272108,0,0.18503219287044903,False
2019-05-10,777371.0,68.65264580272108,0,5.9579369190088105,False
2019-05-11,387595.0,90.15884108843538,0,-50.14028050956365,False
2019-05-12,326953.0,90.15884108843538,0,-15.64571266399205,False
2019-05-13,716682.0,90.15884108843538,0,119.20031319486286,False
2019-05-14,729597.0,90.15884108843538,0,1.8020544676718542,False
2019-05-15,735428.0,90.15884108843538,0,0.7992083300781161,False
2019-05-16,740391.0,90.15884108843538,0,0.6748451241997966,False
2019-05-17,792642.0,90.15884108843538,0,7.057217065037258,False
2019-05-18,402377.0,90.15884108843538,0,-49.235972860383384,False
2019-05-19,343227.0,90.15884108843538,0,-14.70014439195083,False
2019-05-20,326915.0,90.15884108843538,0,-4.752539864288064,False
2019-05-21,643019.0,84.62488391156462,0,96.6930241805974,False
2019-05-22,349144.0,84.62488391156462,0,-45.70238204469852,False
2019-05-23,732659.0,84.62488391156462,0,109.84436221158033,False
2019-05-24,789675.0,84.62488391156462,0,7.782065053455978,False
2019-05-25,444254.0,84.62488391156462,0,-43.74217241270143,False
2019-05-26,377592.0,84.62488391156462,0,-15.005379805246545,False
2019-05-27,747204.0,84.62488391156462,0,97.8866077671137,False
2019-05-28,758129.0,84.62488391156462,0,1.4621174404847892,False
2019-05-29,767320.0,84.62488391156462,0,1.2123266620852169,False
2019-05-30,768457.0,84.62488391156462,0,0.14817807433664676,False
2019-05-31,804567.0,84.62488391156462,0,4.699026751008839,False
2019-06-01,453066.0,112.3663147755102,1,-43.688219874789795,True
2019-06-02,379857.0,112.3663147755102,1,-16.15857292315027,True
2019-06-03,630274.0,112.3663147755102,1,65.92401877548657,True
2019-06-04,567279.0,112.3663147755102,1,-9.99485937861946,True
2019-06-05,385675.0,112.3663147755102,1,-32.01317164922375,True
2019-06-06,375471.0,112.3663147755102,1,-2.6457509561159,True
2019-06-07,488404.0,112.3663147755102,1,30.07768908917068,True
2019-06-08,342704.0,112.3663147755102,1,-29.831860508922937,True
2019-06-09,330017.0,112.3663147755102,1,-3.7020285727625057,True
2019-06-10,659452.0,112.3663147755102,1,99.82364544856782,True
2019-06-11,716459.0,61.58910506802721,0,8.644601881562263,False
2019-06-12,732631.0,61.58910506802721,0,2.25721220614159,False
2019-06-13,736426.0,61.58910506802721,0,0.5179960989911692,False
2019-06-14,778023.0,61.58910506802721,0,5.648496929766189,False
2019-06-15,426127.0,61.58910506802721,0,-45.229511209822846,False
2019-06-16,352516.0,61.58910506802721,0,-17.27442757675529,False
2019-06-17,732007.0,61.58910506802721,0,107.65213493855596,False
2019-06-18,746097.0,61.58910506802721,0,1.9248449809906143,False
2019-06-19,761927.0,61.58910506802721,0,2.121708035282266,False
2019-06-20,760502.0,61.58910506802721,0,-0.18702579118472507,False
2019-06-21,805120.0,65.47953117687074,0,5.8669142224478055,False
2019-06-22,452438.0,65.47953117687074,0,-43.804898648648646,False
2019-06-23,372364.0,65.47953117687074,0,-17.69833656766231,False
2019-06-24,652439.0,65.47953117687074,0,75.21538064904234,False
2019-06-25,749568.0,65.47953117687074,0,14.887062238768678,False
2019-06-26,761086.0,65.47953117687074,0,1.5366184255464432,False
2019-06-27,764947.0,65.47953117687074,0,0.5073014087764172,False
2019-06-28,820225.0,65.47953117687074,0,7.226383004312709,False
2019-06-29,480880.0,65.47953117687074,0,-41.372184461580666,False
2019-06-30,405494.0,65.47953117687074,0,-15.676676093827979,False
2019-07-01,756323.0,41.2862131904762,0,86.51891273360394,False
2019-07-02,760673.0,41.2862131904762,0,0.5751510928531767,False
2019-07-03,773167.0,41.2862131904762,0,1.6424928977366138,False
2019-07-04,777166.0,41.2862131904762,0,0.5172233165668061,False
2019-07-05,843762.0,41.2862131904762,0,8.569083053041426,False
2019-07-06,518302.0,41.2862131904762,0,-38.57248845053463,False
2019-07-07,402065.0,41.2862131904762,0,-22.42650038008729,False
2019-07-08,769466.0,41.2862131904762,0,91.37850845012623,False
2019-07-09,769342.0,41.2862131904762,0,-0.01611507201098039,False
2019-07-10,775488.0,41.2862131904762,0,0.7988644841955939,False
2019-07-11,773467.0,51.85156675510204,0,-0.26061009325740736,False
2019-07-12,842211.0,51.85156675510204,0,8.887774139038896,False
2019-07-13,487027.0,51.85156675510204,0,-42.17280467721272,False
2019-07-14,392389.0,51.85156675510204,0,-19.431776883006492,False
2019-07-15,761819.0,51.85156675510204,0,94.14891854766572,False
2019-07-16,758707.0,51.85156675510204,0,-0.40849598132889353,False
2019-07-17,772461.0,51.85156675510204,0,1.8128210231354025,False
2019-07-18,775798.0,51.85156675510204,0,0.43199591953508865,False
2019-07-19,823344.0,51.85156675510204,0,6.128657202003618,False
2019-07-20,448442.0,51.85156675510204,0,-45.53406595542082,False
2019-07-21,364326.0,58.521117414965985,0,-18.757386685457654,False
2019-07-22,748266.0,58.521117414965985,0,105.38363992687869,False
2019-07-23,758100.0,58.521117414965985,0,1.3142385194569783,False
2019-07-24,762343.0,58.521117414965985,0,0.5596886954227775,False
2019-07-25,775348.0,58.521117414965985,0,1.7059250232506873,False
2019-07-26,836630.0,58.521117414965985,0,7.9038057749552415,False
2019-07-27,523319.0,58.521117414965985,0,-37.44917107921064,False
2019-07-28,393497.0,58.521117414965985,0,-24.807431031550543,False
2019-07-29,728011.0,58.521117414965985,0,85.01055916563531,False
2019-07-30,399930.0,58.521117414965985,0,-45.06539049547328,False
2019-07-31,765310.0,58.521117414965985,0,91.36098817293026,False
2019-08-01,769888.0,46.431382340136054,0,0.5981889691758946,False
2019-08-02,818007.0,46.431382340136054,0,6.250129889022826,False
2019-08-03,461922.0,46.431382340136054,0,-43.53080108116434,False
2019-08-04,375355.0,46.431382340136054,0,-18.740609886517635,False
2019-08-05,762447.0,46.431382340136054,0,103.12690652848637,False
2019-08-06,767025.0,46.431382340136054,0,0.6004351777894046,False
2019-08-07,777116.0,46.431382340136054,0,1.3156024901404884,False
2019-08-08,792698.0,46.431382340136054,0,2.0051060588123226,False
2019-08-09,852582.0,46.431382340136054,0,7.554453272242401,False
2019-08-10,438400.0,46.431382340136054,0,-48.579726055675586,False
2019-08-11,392452.0,53.68051027210884,0,-10.480839416058396,False
2019-08-12,385019.0,53.68051027210884,0,-1.8939895834395037,False
2019-08-13,699920.0,53.68051027210884,0,81.78843122027743,False
2019-08-14,749364.0,53.68051027210884,0,7.0642359126757315,False
2019-08-15,772097.0,53.68051027210884,0,3.0336391927020756,False
2019-08-16,786169.0,53.68051027210884,0,1.8225689259251165,False
2019-08-17,456580.0,53.68051027210884,0,-41.923428677548976,False
2019-08-18,358788.0,53.68051027210884,0,-21.418371369749,False
2019-08-19,745007.0,53.68051027210884,0,107.6454619441007,False
2019-08-20,750962.0,53.68051027210884,0,0.7993213486584771,False
2019-08-21,759025.0,68.20623931972789,0,1.0736894809590947,False
2019-08-22,773564.0,68.20623931972789,0,1.9154836797206976,False
2019-08-23,807491.0,68.20623931972789,0,4.385803889529494,False
2019-08-24,453490.0,68.20623931972789,0,-43.83962174191415,False
2019-08-25,370204.0,68.20623931972789,0,-18.36556484156211,False
2019-08-26,748703.0,68.20623931972789,0,102.24065650290109,False
2019-08-27,756255.0,68.20623931972789,0,1.0086776732562752,False
2019-08-28,762633.0,68.20623931972789,0,0.8433663248507361,False
2019-08-29,771382.0,68.20623931972789,0,1.147209732597454,False
2019-08-30,844712.0,68.20623931972789,0,9.506314640476443,False
2019-08-31,461540.0,68.20623931972789,0,-45.361259222078054,False
2019-09-01,386806.0,50.69672190476191,0,-16.192312692291022,False
2019-09-02,372398.0,50.69672190476191,0,-3.7248646608377345,False
2019-09-03,731281.0,50.69672190476191,0,96.37081831803609,False
2019-09-04,745343.0,50.69672190476191,0,1.9229270280507693,False
2019-09-05,752264.0,50.69672190476191,0,0.9285657744152687,False
2019-09-06,828573.0,50.69672190476191,0,10.143912243574071,False
2019-09-07,476224.0,50.69672190476191,0,-42.524798659864615,False
2019-09-08,423888.0,50.69672190476191,0,-10.989786319043137,False
2019-09-09,375679.0,50.69672190476191,0,-11.37305137206055,False
2019-09-10,768662.0,50.69672190476191,0,104.60605996076437,False
2019-09-11,752979.0,62.608453510204086,0,-2.040298596782464,False
2019-09-12,762472.0,62.608453510204086,0,1.2607257307308606,False
2019-09-13,824340.0,62.608453510204086,0,8.114134027216746,False
2019-09-14,462820.0,62.608453510204086,0,-43.85569061309654,False
2019-09-15,388996.0,62.608453510204086,0,-15.950909640897104,False
2019-09-16,372089.0,62.608453510204086,0,-4.346317185780835,False
2019-09-17,732720.0,62.608453510204086,0,96.92062920430327,False
2019-09-18,740415.0,62.608453510204086,0,1.0501965280052428,False
2019-09-19,724312.0,62.608453510204086,0,-2.1748613952985774,False
2019-09-20,765014.0,62.608453510204086,0,5.619401583847838,False
2019-09-21,432181.0,62.114183326530615,0,-43.506785496736015,False
2019-09-22,348945.0,62.114183326530615,0,-19.259523209025854,False
2019-09-23,726737.0,62.114183326530615,0,108.26691885540703,False
2019-09-24,742141.0,62.114183326530615,0,2.1196113587171217,False
2019-09-25,752481.0,62.114183326530615,0,1.3932662391648032,False
2019-09-26,765992.0,62.114183326530615,0,1.7955270631417886,False
2019-09-27,828935.0,62.114183326530615,0,8.217187646868386,False
2019-09-28,483043.0,62.114183326530615,0,-41.72727656571384,False
2019-09-29,414890.0,62.114183326530615,0,-14.109095877592681,False
2019-09-30,748998.0,62.114183326530615,0,80.52929692207573,False
2019-10-01,765283.0,89.43918085714286,0,2.1742381154555845,False
2019-10-02,776225.0,89.43918085714286,0,1.4297978656261812,False
2019-10-03,779199.0,89.43918085714286,0,0.3831363328931747,False
2019-10-04,844695.0,89.43918085714286,0,8.40555493526045,False
2019-10-05,491286.0,89.43918085714286,0,-41.838651821071515,False
2019-10-06,410631.0,89.43918085714286,0,-16.417117524211967,False
2019-10-07,769906.0,89.43918085714286,0,87.4933943126554,False
2019-10-08,779814.0,89.43918085714286,0,1.2869103500946943,False
2019-10-09,796473.0,89.43918085714286,0,2.1362786510629395,False
2019-10-10,800121.0,89.43918085714286,0,0.45801929255606666,False
2019-10-11,864066.0,103.49002242857142,1,7.991916222671325,True
2019-10-12,489350.0,103.49002242857142,1,-43.3665946814248,True
2019-10-13,407609.0,103.49002242857142,1,-16.703995095534896,True
2019-10-14,783094.0,103.49002242857142,1,92.11891788454132,True
2019-10-15,790371.0,103.49002242857142,1,0.9292626427989559,True
2019-10-16,793678.0,103.49002242857142,1,0.41841110060971687,True
2019-10-17,799263.0,103.49002242857142,1,0.7036858776481081,True
2019-10-18,848306.0,103.49002242857142,1,6.136027815625145,True
2019-10-19,474387.0,103.49002242857142,1,-44.078316079339295,True
2019-10-20,407436.0,103.49002242857142,1,-14.113160773798604,True
2019-10-21,769932.0,115.40658957823129,1,88.97004682944069,True
2019-10-22,783351.0,115.40658957823129,1,1.7428811895076501,True
2019-10-23,796939.0,115.40658957823129,1,1.7345991771249514,True
2019-10-24,820244.0,115.40658957823129,1,2.924314157043395,True
2019-10-25,868127.0,115.40658957823129,1,5.837653186125102,True
2019-10-26,464521.0,115.40658957823129,1,-46.4915847566082,True
2019-10-27,413653.0,115.40658957823129,1,-10.950635170422862,True
2019-10-28,378563.0,115.40658957823129,1,-8.48295552069005,True
2019-10-29,723385.0,115.40658957823129,1,91.08708458037367,True
2019-10-30,763143.0,115.40658957823129,1,5.496105116915606,True
2019-10-31,776081.0,115.40658957823129,1,1.6953572266272587,True
2019-11-01,832457.0,92.03430740136054,0,7.264190206950039,False
2019-11-02,525890.0,92.03430740136054,0,-36.826767028206866,False
2019-11-03,417567.0,92.03430740136054,0,-20.59803380935177,False
2019-11-04,779208.0,92.03430740136054,0,86.60670024211683,False
2019-11-05,783831.0,92.03430740136054,0,0.5932947300335778,False
2019-11-06,790468.0,92.03430740136054,0,0.8467386464684257,False
2019-11-07,799297.0,92.03430740136054,0,1.1169332597904091,False
2019-11-08,836298.0,92.03430740136054,0,4.629192903263735,False
2019-11-09,466728.0,92.03430740136054,0,-44.19118543868335,False
2019-11-10,413948.0,92.03430740136054,0,-11.308513738194403,False
2019-11-11,777041.0,83.56709137414965,0,87.71464048624465,False
2019-11-12,779354.0,83.56709137414965,0,0.29766769063666043,False
2019-11-13,789982.0,83.56709137414965,0,1.3636935205311174,False
2019-11-14,822615.0,83.56709137414965,0,4.130853614386143,False
2019-11-15,847202.0,83.56709137414965,0,2.9888830133172783,False
2019-11-16,471449.0,83.56709137414965,0,-44.35223240738336,False
2019-11-17,402857.0,83.56709137414965,0,-14.549187717017109,False
2019-11-18,774630.0,83.56709137414965,0,92.28411073904637,False
2019-11-19,844484.0,83.56709137414965,0,9.01772459109511,False
2019-11-20,792760.0,83.56709137414965,0,-6.124923621998757,False
2019-11-21,786099.0,124.21583666666666,1,-0.8402290731116646,True
2019-11-22,828186.0,124.21583666666666,1,5.3539058057572975,True
2019-11-23,475680.0,124.21583666666666,1,-42.56362701132355,True
2019-11-24,400193.0,124.21583666666666,1,-15.86928187016482,True
2019-11-25,765525.0,124.21583666666666,1,91.28895308013882,True
2019-11-26,777203.0,124.21583666666666,1,1.5254890434668988,True
2019-11-27,796541.0,124.21583666666666,1,2.4881530308040523,True
2019-11-28,801279.0,124.21583666666666,1,0.5948218610215994,True
2019-11-29,853397.0,124.21583666666666,1,6.504351168569245,True
2019-11-30,506138.0,124.21583666666666,1,-40.69137810421175,True
2019-12-01,439659.0,118.39434874489795,1,-13.134560139724737,True
2019-12-02,777385.0,118.39434874489795,1,76.81544105772883,True
2019-12-03,787062.0,118.39434874489795,1,1.2448143455302096,True
2019-12-04,776690.0,118.39434874489795,1,-1.3178123197410074,True
2019-12-05,798942.0,118.39434874489795,1,2.8649783053728006,True
2019-12-06,839859.0,118.39434874489795,1,5.12139804891969,True
2019-12-07,535386.0,118.39434874489795,1,-36.2528710176351,True
2019-12-08,450573.0,118.39434874489795,1,-15.841467651376762,True
2019-12-09,777119.0,118.39434874489795,1,72.47349486098813,True
2019-12-10,785150.0,118.39434874489795,1,1.0334324601508849,True
2019-12-11,774415.0,141.50394642176872,1,-1.3672546647137462,True
2019-12-12,797093.0,141.50394642176872,1,2.9284040210997953,True
2019-12-13,816359.0,141.50394642176872,1,2.41703289327595,True
2019-12-14,495545.0,141.50394642176872,1,-39.29815191600754,True
2019-12-15,422687.0,141.50394642176872,1,-14.702600167492353,True
2019-12-16,759967.0,141.50394642176872,1,79.79426857225323,True
2019-12-17,773954.0,141.50394642176872,1,1.8404746521888393,True
2019-12-18,791543.0,141.50394642176872,1,2.272615685169921,True
2019-12-19,789042.0,141.50394642176872,1,-0.3159651465555302,True
2019-12-20,838386.0,141.50394642176872,1,6.253659501015152,True
2019-12-21,555854.0,64.98335916734693,0,-33.69951311209872,False
2019-12-22,465604.0,64.98335916734693,0,-16.236277871527417,False
2019-12-23,750447.0,64.98335916734693,0,61.17709469849915,False
2019-12-24,765639.0,64.98335916734693,0,2.0243934614969428,False
2019-12-25,492597.0,64.98335916734693,0,-35.66197646671604,False
2019-12-26,697407.0,64.98335916734693,0,41.577597914725416,False
2019-12-27,724014.0,64.98335916734693,0,3.815132340226013,False
2019-12-28,446785.0,64.98335916734693,0,-38.290557917388334,False
2019-12-29,394461.0,64.98335916734693,0,-11.711225757355326,False
2019-12-30,696345.0,64.98335916734693,0,76.53075969487477,False
2019-12-31,891594.0,64.98335916734693,0,28.03911854037868,False
2020-01-01,447279.0,51.37650362312925,0,-49.83378084643908,False
2020-01-02,713618.0,51.37650362312925,0,59.546502294988144,False
2020-01-03,759523.0,51.37650362312925,0,6.432713300393211,False
2020-01-04,431041.0,51.37650362312925,0,-43.24845988864063,False
2020-01-05,368683.0,51.37650362312925,0,-14.466837261420606,False
2020-01-06,771678.0,51.37650362312925,0,109.3066401217306,False
2020-01-07,785231.0,51.37650362312925,0,1.7563024992289566,False
2020-01-08,795130.0,51.37650362312925,0,1.2606481404835002,False
2020-01-09,800330.0,51.37650362312925,0,0.6539811100071624,False
2020-01-10,850735.0,51.37650362312925,0,6.298027063836176,False
2020-01-11,476384.0,54.924412716326536,0,-44.003244253498444,False
2020-01-12,407279.0,54.924412716326536,0,-14.506154698730434,False
2020-01-13,800119.0,54.924412716326536,0,96.4547644243872,False
2020-01-14,804890.0,54.924412716326536,0,0.5962863024125076,False
2020-01-15,801159.0,54.924412716326536,0,-0.4635416019580285,False
2020-01-16,814218.0,54.924412716326536,0,1.630013517915918,False
2020-01-17,862900.0,54.924412716326536,0,5.978988428160514,False
2020-01-18,492871.0,54.924412716326536,0,-42.88202572719898,False
2020-01-19,408840.0,54.924412716326536,0,-17.049288759127645,False
2020-01-20,806286.0,54.924412716326536,0,97.21309069562665,False
2020-01-21,809591.0,41.90798768095238,0,0.4099041779219714,False
2020-01-22,829945.0,41.90798768095238,0,2.514108976013807,False
2020-01-23,765947.0,41.90798768095238,0,-7.711113387031676,False
2020-01-24,605827.0,41.90798768095238,0,-20.90484067435475,False
2020-01-25,381448.0,41.90798768095238,0,-37.036810838737786,False
2020-01-26,351228.0,41.90798768095238,0,-7.922442901784777,False
2020-01-27,333062.0,41.90798768095238,0,-5.172138895532252,False
2020-01-28,591514.0,41.90798768095238,0,77.59876539503156,False
2020-01-29,625204.0,41.90798768095238,0,5.695554120443469,False
2020-01-30,687993.0,41.90798768095238,0,10.042961977210641,False
2020-01-31,697997.0,41.90798768095238,0,1.4540845619068765,False
2020-02-01,367747.0,56.904758231292526,0,-47.31395693677767,False
2020-02-02,337930.0,56.904758231292526,0,-8.108019915866072,False
2020-02-03,752950.0,56.904758231292526,0,122.81241677270441,False
2020-02-04,768948.0,56.904758231292526,0,2.1247094760608265,False
2020-02-05,774680.0,56.904758231292526,0,0.7454340215463207,False
2020-02-06,784810.0,56.904758231292526,0,1.30763670160583,False
2020-02-07,795399.0,56.904758231292526,0,1.3492437660070689,False
2020-02-08,406171.0,56.904758231292526,0,-48.93493705674762,False
2020-02-09,374316.0,56.904758231292526,0,-7.842755883605679,False
2020-02-10,769817.0,56.904758231292526,0,105.65965654687481,False
2020-02-11,775966.0,77.1804049047619,0,0.7987612640406816,False
2020-02-12,780105.0,77.1804049047619,0,0.5333996592634227,False
2020-02-13,783135.0,77.1804049047619,0,0.38840925260061887,False
2020-02-14,846273.0,77.1804049047619,0,8.0622114961022,False
2020-02-15,436071.0,77.1804049047619,0,-48.47159250029246,False
2020-02-16,360514.0,77.1804049047619,0,-17.326765595510818,False
2020-02-17,767802.0,77.1804049047619,0,112.97425342705138,False
2020-02-18,769620.0,77.1804049047619,0,0.23677979479084232,False
2020-02-19,776510.0,77.1804049047619,0,0.8952470050154648,False
2020-02-20,784648.0,77.1804049047619,0,1.0480225624911466,False
2020-02-21,823417.0,15.788269657142857,0,4.940941670659971,False
2020-02-22,431655.0,15.788269657142857,0,-47.57759434162763,False
2020-02-23,351785.0,15.788269657142857,0,-18.503202789264574,False
2020-02-24,758651.0,15.788269657142857,0,115.65757493923847,False
2020-02-25,768565.0,15.788269657142857,0,1.3067932422154538,False
2020-02-26,773562.0,15.788269657142857,0,0.6501727244930589,False
2020-02-27,778858.0,15.788269657142857,0,0.6846251496324784,False
2020-02-28,834993.0,15.788269657142857,0,7.207347167262834,False
2020-02-29,459328.0,15.788269657142857,0,-44.99019752261396,False
2020-03-01,383226.0,53.877811253061225,0,-16.568116901212203,False
2020-03-02,768480.0,53.877811253061225,0,100.5291916519234,False
2020-03-03,772986.0,53.877811253061225,0,0.5863522798251086,False
2020-03-04,773482.0,53.877811253061225,0,0.06416675075615608,False
2020-03-05,768796.0,53.877811253061225,0,-0.6058318099192994,False
2020-03-06,802830.0,53.877811253061225,0,4.426922096368857,False
2020-03-07,401519.0,53.877811253061225,0,-49.98704582539267,False
2020-03-08,354378.0,53.877811253061225,0,-11.74066482532583,False
2020-03-09,731499.0,53.877811253061225,0,106.41772344784384,False
2020-03-10,736158.0,53.877811253061225,0,0.6369113286552652,False
2020-03-11,726641.0,37.49815454829932,0,-1.2927931232153966,False
2020-03-12,714085.0,37.49815454829932,0,-1.727950941386458,False
2020-03-13,736063.0,37.49815454829932,0,3.077784857544974,False
2020-03-14,331113.0,37.49815454829932,0,-55.015671212926065,False
2020-03-15,275025.0,37.49815454829932,0,-16.939232225856426,False
2020-03-16,586271.0,37.49815454829932,0,113.17007544768659,False
2020-03-17,524986.0,37.49815454829932,0,-10.4533568946784,False
2022-01-01,384122.0,89.61354429319728,0,-26.831953614001137,False
2022-01-02,327878.0,89.61354429319728,0,-14.642223043720481,False
2022-01-03,494486.0,89.61354429319728,0,50.81402228877814,False
2022-01-04,503110.0,89.61354429319728,0,1.744033198108741,False
2022-01-05,508754.0,89.61354429319728,0,1.121822265508543,False
2022-01-06,506953.0,89.61354429319728,0,-0.35400213069577413,False
2022-01-07,519304.0,89.61354429319728,0,2.4363205267549537,False
2022-01-08,374793.0,89.61354429319728,0,-27.827823394389416,False
2022-01-09,336859.0,89.61354429319728,0,-10.121320302140113,False
2022-01-10,535564.0,89.61354429319728,0,58.98758827877539,False
2022-01-11,535507.0,48.86933938367347,0,-0.01064298571226141,False
2022-01-12,534945.0,48.86933938367347,0,-0.10494727426532124,False
2022-01-13,528262.0,48.86933938367347,0,-1.249287309910363,False
2022-01-14,535769.0,48.86933938367347,0,1.421075148316553,False
2022-01-15,366020.0,48.86933938367347,0,-31.683244084670815,False
2022-01-16,324608.0,48.86933938367347,0,-11.314135839571604,False
2022-01-17,516943.0,48.86933938367347,0,59.251466384069396,False
2022-01-18,318573.0,48.86933938367347,0,-38.373669824332666,False
2022-01-19,543777.0,48.86933938367347,0,70.69148986260605,False
2022-01-20,538186.0,48.86933938367347,0,-1.0281788306603645,False
2022-01-21,548248.0,61.84422342789115,0,1.8696138509734617,False
2022-01-22,298515.0,61.84422342789115,0,-45.55110096160861,False
2022-01-23,309614.0,61.84422342789115,0,3.718071118704258,False
2022-01-24,533153.0,61.84422342789115,0,72.19925455567255,False
2022-01-25,543378.0,61.84422342789115,0,1.9178359682867852,False
2022-01-26,549772.0,61.84422342789115,0,1.1767130800290015,False
2022-01-27,541508.0,61.84422342789115,0,-1.503168586250303,False
2022-01-28,555050.0,61.84422342789115,0,2.5007940787578287,False
2022-01-29,364472.0,61.84422342789115,0,-34.3352851094496,False
2022-01-30,330092.0,61.84422342789115,0,-9.432823371891397,False
2022-01-31,420403.0,61.84422342789115,0,27.359342243980468,False
2022-02-01,361490.0,121.57310244217688,1,-14.013458514806032,True
2022-02-02,310805.0,121.57310244217688,1,-14.021134747849185,True
2022-02-03,341320.0,121.57310244217688,1,9.81805312012356,True
2022-02-04,389174.0,121.57310244217688,1,14.020274229462082,True
2022-02-05,303702.0,121.57310244217688,1,-21.96241269971786,True
2022-02-06,280404.0,121.57310244217688,1,-7.67133571724915,True
2022-02-07,497134.0,121.57310244217688,1,77.29205004208212,True
2022-02-08,491720.0,121.57310244217688,1,-1.0890423909851288,True
2022-02-09,478719.0,121.57310244217688,1,-2.6439843813552466,True
2022-02-10,466654.0,121.57310244217688,1,-2.5202676309066474,True
2022-02-11,475395.0,108.49449543537415,1,1.8731222704616357,True
2022-02-12,321872.0,108.49449543537415,1,-32.29377675406767,True
2022-02-13,293346.0,108.49449543537415,1,-8.862529204155688,True
2022-02-14,472738.0,108.49449543537415,1,61.15372290741992,True
2022-02-15,464624.0,108.49449543537415,1,-1.7163841282063164,True
2022-02-16,465930.0,108.49449543537415,1,0.28108750301318874,True
2022-02-17,454532.0,108.49449543537415,1,-2.4462902152683874,True
2022-02-18,452013.0,108.49449543537415,1,-0.5541964042135694,True
2022-02-19,315236.0,108.49449543537415,1,-30.259527933931107,True
2022-02-20,276527.0,108.49449543537415,1,-12.279371645370452,True
2022-02-21,445209.0,113.13984759863945,1,61.000191663020246,True
2022-02-22,443064.0,113.13984759863945,1,-0.481796190103978,True
2022-02-23,444199.0,113.13984759863945,1,0.25617066608887296,True
2022-02-24,426701.0,113.13984759863945,1,-3.9392254372477176,True
2022-02-25,439683.0,113.13984759863945,1,3.042411430955161,True
2022-02-26,316990.0,113.13984759863945,1,-27.904876922692033,True
2022-02-27,285113.0,113.13984759863945,1,-10.056153190952399,True
2022-02-28,438438.0,113.13984759863945,1,53.776923535580636,True
2022-03-01,440949.0,115.98686140136054,1,0.5727149562765987,True
2022-03-02,449362.0,115.98686140136054,1,1.9079303955786164,True
2022-03-03,444163.0,115.98686140136054,1,-1.156973664884886,True
2022-03-04,441115.0,115.98686140136054,1,-0.6862345580338713,True
2022-03-05,315504.0,115.98686140136054,1,-28.475794294004963,True
2022-03-06,313930.0,115.98686140136054,1,-0.498884324762916,True
2022-03-07,468877.0,115.98686140136054,1,49.357181537285385,True
2022-03-08,455547.0,115.98686140136054,1,-2.842963079869565,True
2022-03-09,465100.0,115.98686140136054,1,2.097039383422561,True
2022-03-10,460586.0,115.98686140136054,1,-0.9705439690389173,True
2022-03-11,459742.0,74.30199589115647,0,-0.18324482289951982,False
2022-03-12,332483.0,74.30199589115647,0,-27.68052516411379,False
2022-03-13,313883.0,74.30199589115647,0,-5.5942709852834565,False
2022-03-14,457486.0,74.30199589115647,0,45.75048664629815,False
2022-03-15,460744.0,74.30199589115647,0,0.7121529401992621,False
2022-03-16,467035.0,74.30199589115647,0,1.3654003090653344,False
2022-03-17,462232.0,74.30199589115647,0,-1.0284025822475784,False
2022-03-18,476104.0,74.30199589115647,0,3.0010903615500517,False
2022-03-19,355472.0,74.30199589115647,0,-25.337321257540367,False
2022-03-20,321051.0,74.30199589115647,0,-9.683181797722462,False
2022-03-21,460091.0,95.67365835374149,0,43.3077610722284,False
2022-03-22,461100.0,95.67365835374149,0,0.21930444194735443,False
2022-03-23,475667.0,95.67365835374149,0,3.1591845586640632,False
2022-03-24,474450.0,95.67365835374149,0,-0.2558512572871319,False
2022-03-25,501295.0,95.67365835374149,0,5.65813046685637,False
2022-03-26,382398.0,95.67365835374149,0,-23.717970456517623,False
2022-03-27,345233.0,95.67365835374149,0,-9.718931584370216,False
2022-03-28,485451.0,95.67365835374149,0,40.61546839380941,False
2022-03-29,492905.0,95.67365835374149,0,1.5354793789692511,False
2022-03-30,513299.0,95.67365835374149,0,4.137511285136086,False
2022-03-31,523801.0,95.67365835374149,0,2.045980997430341,False
2022-04-01,569458.0,107.13889189115646,1,8.71647820450896,True
2022-04-02,418081.0,107.13889189115646,1,-26.582645252152048,True
2022-04-03,278908.0,107.13889189115646,1,-33.28852542928284,True
2022-04-04,503033.0,107.13889189115646,1,80.3580392100621,True
2022-04-05,511739.0,107.13889189115646,1,1.7307015643108992,True
2022-04-06,525366.0,107.13889189115646,1,2.6628808826374417,True
2022-04-07,529151.0,107.13889189115646,1,0.7204501242942918,True
2022-04-08,518972.0,107.13889189115646,1,-1.9236475032646583,True
2022-04-09,344656.0,107.13889189115646,1,-33.588709988207455,True
2022-04-10,323750.0,107.13889189115646,1,-6.065758321340697,True
2022-04-11,537838.0,85.28470616326531,0,66.12756756756757,False
2022-04-12,544292.0,85.28470616326531,0,1.199989587942829,False
2022-04-13,556019.0,85.28470616326531,0,2.1545420472834476,False
2022-04-14,554289.0,85.28470616326531,0,-0.311140446639413,False
2022-04-15,573700.0,85.28470616326531,0,3.501963777018857,False
2022-04-16,394937.0,85.28470616326531,0,-31.159665330312013,False
2022-04-17,350985.0,85.28470616326531,0,-11.128863590901839,False
2022-04-18,535712.0,85.28470616326531,0,52.6310241178398,False
2022-04-19,351636.0,85.28470616326531,0,-34.36099994026641,False
2022-04-20,579617.0,85.28470616326531,0,64.83437418239315,False
2022-04-21,585133.0,73.56809014285714,0,0.9516629084378225,False
2022-04-22,620060.0,73.56809014285714,0,5.969070279748356,False
2022-04-23,487018.0,73.56809014285714,0,-21.456310679611647,False
2022-04-24,432097.0,73.56809014285714,0,-11.27699592212198,False
2022-04-25,618202.0,73.56809014285714,0,43.07019025820591,False
2022-04-26,627617.0,73.56809014285714,0,1.5229649855548866,False
2022-04-27,641995.0,73.56809014285714,0,2.290887595460278,False
2022-04-28,648689.0,73.56809014285714,0,1.042687248343066,False
2022-04-29,661453.0,73.56809014285714,0,1.967660928426418,False
2022-04-30,466238.0,73.56809014285714,0,-29.513056861182886,False
2022-05-01,448064.0,99.65703436734694,0,-3.8980091712816245,False
2022-05-02,397241.0,99.65703436734694,0,-11.342799242965295,False
2022-05-03,460154.0,99.65703436734694,0,15.837489080935763,False
2022-05-04,396378.0,99.65703436734694,0,-13.85970783694155,False
2022-05-05,466693.0,99.65703436734694,0,17.739380086684942,False
2022-05-06,469890.0,99.65703436734694,0,0.6850327731506622,False
2022-05-07,397152.0,99.65703436734694,0,-15.479793143076037,False
2022-05-08,390036.0,99.65703436734694,0,-1.7917573120618813,False
2022-05-09,602885.0,99.65703436734694,0,54.57162928550186,False
2022-05-10,621592.0,99.65703436734694,0,3.1029134909642764,False
2022-05-11,633278.0,83.48866874829932,0,1.8800113257570805,False
2022-05-12,637041.0,83.48866874829932,0,0.5942098099097182,False
2022-05-13,673122.0,83.48866874829932,0,5.663842672606623,False
2022-05-14,499935.0,83.48866874829932,0,-25.728916897679767,False
2022-05-15,478755.0,83.48866874829932,0,-4.236550751597711,False
2022-05-16,405267.0,83.48866874829932,0,-15.349813578970451,False
2022-05-17,651016.0,83.48866874829932,0,60.63878874914563,False
2022-05-18,658858.0,83.48866874829932,0,1.204578689310254,False
2022-05-19,657689.0,83.48866874829932,0,-0.17742821670223563,False
2022-05-20,679283.0,83.48866874829932,0,3.2833147581911915,False
2022-05-21,478247.0,59.62111291836735,0,-29.59532330413097,False
2022-05-22,429182.0,59.62111291836735,0,-10.259342975491748,False
2022-05-23,642956.0,59.62111291836735,0,49.809637869248945,False
2022-05-24,657424.0,59.62111291836735,0,2.2502317421409845,False
2022-05-25,663317.0,59.62111291836735,0,0.8963773759400384,False
2022-05-26,679734.0,59.62111291836735,0,2.4749855649711883,False
2022-05-27,700310.0,59.62111291836735,0,3.0270664701191885,False
2022-05-28,518546.0,59.62111291836735,0,-25.954791449500934,False
2022-05-29,443070.0,59.62111291836735,0,-14.55531428262874,False
2022-05-30,659498.0,59.62111291836735,0,48.84736046222944,False
2022-05-31,675581.0,59.62111291836735,0,2.438673051320861,False
2022-06-01,705169.0,84.21539725170068,0,4.379637674831005,False
2022-06-02,695238.0,84.21539725170068,0,-1.4083148862187644,False
2022-06-03,726784.0,84.21539725170068,0,4.537438977731356,False
2022-06-04,531292.0,84.21539725170068,0,-26.898225607608317,False
2022-06-05,549304.0,84.21539725170068,0,3.3902260903608594,False
2022-06-06,511356.0,84.21539725170068,0,-6.908378602740928,False
2022-06-07,713666.0,84.21539725170068,0,39.563435258410976,False
2022-06-08,759559.0,84.21539725170068,0,6.430599187855379,False
2022-06-09,737789.0,84.21539725170068,0,-2.8661367977997787,False
2022-06-10,735659.0,84.21539725170068,0,-0.28870042790011263,False
2022-06-11,583225.0,77.4559070340136,0,-20.72074153921858,False
2022-06-12,472680.0,77.4559070340136,0,-18.95409147413091,False
2022-06-13,673289.0,77.4559070340136,0,42.440763307099935,False
2022-06-14,723036.0,77.4559070340136,0,7.388654797568361,False
2022-06-15,698464.0,77.4559070340136,0,-3.3984476568248323,False
2022-06-16,741274.0,77.4559070340136,0,6.12916342145049,False
2022-06-17,802630.0,77.4559070340136,0,8.277101314763492,False
2022-06-18,647121.0,77.4559070340136,0,-19.374929917894924,False
2022-06-19,620205.0,77.4559070340136,0,-4.159345779228307,False
2022-06-20,783527.0,77.4559070340136,0,26.333551003297305,False
2022-06-21,808775.0,79.39454221088435,0,3.222352260994188,False
2022-06-22,815760.0,79.39454221088435,0,0.8636518191091458,False
2022-06-23,822874.0,79.39454221088435,0,0.872070216730414,False
2022-06-24,853310.0,79.39454221088435,0,3.6987436715706146,False
2022-06-25,736750.0,79.39454221088435,0,-13.659748508748281,False
2022-06-26,653305.0,79.39454221088435,0,-11.326094333220226,False
2022-06-27,808646.0,79.39454221088435,0,23.777714849878695,False
2022-06-28,820265.0,79.39454221088435,0,1.4368462837879514,False
2022-06-29,839418.0,79.39454221088435,0,2.3349771110555695,False
2022-06-30,841371.0,79.39454221088435,0,0.23266120097495957,False
2022-07-01,891650.0,51.51447759863945,0,5.975841810568694,False
2022-07-02,751972.0,51.51447759863945,0,-15.6651152357988,False
2022-07-03,680400.0,51.51447759863945,0,-9.517907581665275,False
2022-07-04,819766.0,51.51447759863945,0,20.48295120517343,False
2022-07-05,840472.0,51.51447759863945,0,2.52584274048937,False
2022-07-06,860847.0,51.51447759863945,0,2.4242330500004794,False
2022-07-07,856415.0,51.51447759863945,0,-0.5148417779233694,False
2022-07-08,861944.0,51.51447759863945,0,0.6455982204889077,False
2022-07-09,642361.0,51.51447759863945,0,-25.47532090251803,False
2022-07-10,627709.0,51.51447759863945,0,-2.2809603945444956,False
2022-07-11,569625.0,59.65009521768707,0,-9.253332356235134,False
2022-07-12,879389.0,59.65009521768707,0,54.38033794162826,False
2022-07-13,829569.0,59.65009521768707,0,-5.665297155183879,False
2022-07-14,833509.0,59.65009521768707,0,0.4749454234668882,False
2022-07-15,854498.0,59.65009521768707,0,2.518149174154094,False
2022-07-16,538767.0,59.65009521768707,0,-36.94929654604224,False
2022-07-17,453522.0,59.65009521768707,0,-15.82223855581355,False
2022-07-18,722835.0,59.65009521768707,0,59.38256578512178,False
2022-07-19,741182.0,59.65009521768707,0,2.538200280838643,False
2022-07-20,756991.0,59.65009521768707,0,2.1329444050179225,False
2022-07-21,748079.0,84.53817279591837,0,-1.1772927287114432,False
2022-07-22,751963.0,84.53817279591837,0,0.5191965019737177,False
2022-07-23,513599.0,84.53817279591837,0,-31.69890007886026,False
2022-07-24,443463.0,84.53817279591837,0,-13.65578982825122,False
2022-07-25,730005.0,84.53817279591837,0,64.61463526833128,False
2022-07-26,757442.0,84.53817279591837,0,3.758467407757471,False
2022-07-27,753264.0,84.53817279591837,0,-0.5515933893288194,False
2022-07-28,749442.0,84.53817279591837,0,-0.5073918307525682,False
2022-07-29,767744.0,84.53817279591837,0,2.442083576847831,False
2022-07-30,547890.0,84.53817279591837,0,-28.636368372790933,False
2022-07-31,488080.0,84.53817279591837,0,-10.916424829801608,False
2022-08-01,751605.0,72.35984806802722,0,53.9921734141944,False
2022-08-02,767471.0,72.35984806802722,0,2.110949235303128,False
2022-08-03,774169.0,72.35984806802722,0,0.872736559427012,False
2022-08-04,791557.0,72.35984806802722,0,2.2460212175894334,False
2022-08-05,811079.0,72.35984806802722,0,2.466278486577722,False
2022-08-06,598319.0,72.35984806802722,0,-26.23172342028335,False
2022-08-07,543624.0,72.35984806802722,0,-9.141444613993544,False
2022-08-08,784684.0,72.35984806802722,0,44.34314894117995,False
2022-08-09,804742.0,72.35984806802722,0,2.5561882235396682,False
2022-08-10,820131.0,72.35984806802722,0,1.9122899016082107,False
2022-08-11,803945.0,54.700970115646264,0,-1.9735871464436783,False
2022-08-12,808600.0,54.700970115646264,0,0.5790197090596916,False
2022-08-13,577956.0,54.700970115646264,0,-28.523868414543653,False
2022-08-14,528083.0,54.700970115646264,0,-8.629203607195013,False
2022-08-15,759013.0,54.700970115646264,0,43.729868221472756,False
2022-08-16,785305.0,54.700970115646264,0,3.4639722903296866,False
2022-08-17,793036.0,54.700970115646264,0,0.9844582678067759,False
2022-08-18,800633.0,54.700970115646264,0,0.9579640772928277,False
2022-08-19,793871.0,54.700970115646264,0,-0.8445817247103249,False
2022-08-20,525957.0,54.700970115646264,0,-33.74780033531897,False
2022-08-21,471545.0,105.0167349047619,1,-10.345332413106012,True
2022-08-22,755653.0,105.0167349047619,1,60.25045329714025,True
2022-08-23,787602.0,105.0167349047619,1,4.227998830150881,True
2022-08-24,802428.0,105.0167349047619,1,1.8824228480882388,True
2022-08-25,790094.0,105.0167349047619,1,-1.5370849471852965,True
2022-08-26,810047.0,105.0167349047619,1,2.5253957124089066,True
2022-08-27,553750.0,105.0167349047619,1,-31.639769050437817,True
2022-08-28,489172.0,105.0167349047619,1,-11.661941309255075,True
2022-08-29,780307.0,105.0167349047619,1,59.515875806464805,True
2022-08-30,856196.0,105.0167349047619,1,9.725531105065066,True
2022-08-31,761028.0,105.0167349047619,1,-11.115211937453573,True
2022-09-01,798558.0,84.20799807482993,0,4.9314874091360705,False
2022-09-02,814539.0,84.20799807482993,0,2.001232221078486,False
2022-09-03,568826.0,84.20799807482993,0,-30.16589751994686,False
2022-09-04,524008.0,84.20799807482993,0,-7.8790350652044765,False
2022-09-05,805254.0,84.20799807482993,0,53.67208134226957,False
2022-09-06,840202.0,84.20799807482993,0,4.339997069247725,False
2022-09-07,868182.0,84.20799807482993,0,3.3301515587918162,False
2022-09-08,856578.0,84.20799807482993,0,-1.3365861075212315,False
2022-09-09,833971.0,84.20799807482993,0,-2.6392225810142222,False
2022-09-10,668768.0,84.20799807482993,0,-19.809201998630645,False
2022-09-11,501607.0,81.68283091156462,0,-24.99536461074693,False
2022-09-12,806858.0,81.68283091156462,0,60.854613272940774,False
2022-09-13,829769.0,81.68283091156462,0,2.839533102478997,False
2022-09-14,836409.0,81.68283091156462,0,0.8002227125862849,False
2022-09-15,859348.0,81.68283091156462,0,2.742557767790643,False
2022-09-16,568652.0,81.68283091156462,0,-33.82750643511127,False
2022-09-17,533350.0,81.68283091156462,0,-6.208014743639345,False
2022-09-18,471806.0,81.68283091156462,0,-11.539139401893694,False
2022-09-19,778140.0,81.68283091156462,0,64.92795767752,False
2022-09-20,815742.0,81.68283091156462,0,4.8322923895443015,False
2022-09-21,827163.0,70.44736818367348,0,1.400075023720726,False
2022-09-22,813604.0,70.44736818367348,0,-1.6392174214755695,False
2022-09-23,827692.0,70.44736818367348,0,1.731554908776256,False
2022-09-24,573138.0,70.44736818367348,0,-30.75467686047467,False
2022-09-25,491177.0,70.44736818367348,0,-14.300395367258844,False
2022-09-26,766919.0,70.44736818367348,0,56.1390293112259,False
2022-09-27,816282.0,70.44736818367348,0,6.436533714773018,False
2022-09-28,824940.0,70.44736818367348,0,1.0606628591589562,False
2022-09-29,819500.0,70.44736818367348,0,-0.6594418988047579,False
2022-09-30,827601.0,70.44736818367348,0,0.9885295912141601,False
2022-10-01,590936.0,120.0786407414966,1,-28.59650967072297,True
2022-10-02,527165.0,120.0786407414966,1,-10.791523955216809,True
2022-10-03,817930.0,120.0786407414966,1,55.15635522085116,True
2022-10-04,844298.0,120.0786407414966,1,3.2237477534752257,True
2022-10-05,857448.0,120.0786407414966,1,1.5575069465994185,True
2022-10-06,854323.0,120.0786407414966,1,-0.36445358785606174,True
2022-10-07,854918.0,120.0786407414966,1,0.06964578970716229,True
2022-10-08,605814.0,120.0786407414966,1,-29.137765259358204,True
2022-10-09,567566.0,120.0786407414966,1,-6.313488958657276,True
2022-10-10,499918.0,120.0786407414966,1,-11.91896625238298,True
2022-10-11,838679.0,123.77088654421769,1,67.76331318336206,True
2022-10-12,839675.0,123.77088654421769,1,0.11875818996303078,True
2022-10-13,846175.0,123.77088654421769,1,0.7741090302795683,True
2022-10-14,849097.0,123.77088654421769,1,0.34531863976128285,True
2022-10-15,562235.0,123.77088654421769,1,-33.78436150404489,True
2022-10-16,510313.0,123.77088654421769,1,-9.234928455183333,True
2022-10-17,818652.0,123.77088654421769,1,60.42154520852889,True
2022-10-18,845592.0,123.77088654421769,1,3.290775567640458,True
2022-10-19,864859.0,123.77088654421769,1,2.2785220295367115,True
2022-10-20,867448.0,123.77088654421769,1,0.2993551550021456,True
2022-10-21,885204.0,180.83779553741496,1,2.046923850190452,True
2022-10-22,634979.0,180.83779553741496,1,-28.26749540218978,True
2022-10-23,621157.0,180.83779553741496,1,-2.1767649008864853,True
2022-10-24,524771.0,180.83779553741496,1,-15.517171987114365,True
2022-10-25,760367.0,180.83779553741496,1,44.89501134780696,True
2022-10-26,772591.0,180.83779553741496,1,1.607644729453006,True
2022-10-27,793212.0,180.83779553741496,1,2.6690706984678902,True
2022-10-28,801795.0,180.83779553741496,1,1.0820562472579898,True
2022-10-29,560541.0,180.83779553741496,1,-30.089237273866765,True
2022-10-30,481098.0,180.83779553741496,1,-14.172558296360126,True
2022-10-31,783892.0,180.83779553741496,1,62.93811240121556,True
2022-11-01,828743.0,132.77931731292517,1,5.721578993024545,True
2022-11-02,828388.0,132.77931731292517,1,-0.04283595758878267,True
2022-11-03,834098.0,132.77931731292517,1,0.6892905256956849,True
2022-11-04,843407.0,132.77931731292517,1,1.1160559070996445,True
2022-11-05,573231.0,132.77931731292517,1,-32.033881625359996,True
2022-11-06,511113.0,132.77931731292517,1,-10.83646906744401,True
2022-11-07,794769.0,132.77931731292517,1,55.49770794325326,True
2022-11-08,767909.0,132.77931731292517,1,-3.379598348702584,True
2022-11-09,671906.0,132.77931731292517,1,-12.50187196660021,True
2022-11-10,642946.0,132.77931731292517,1,-4.310126714153473,True
2022-11-11,658670.0,143.27848672108846,1,2.445617516867671,True
2022-11-12,469400.0,143.27848672108846,1,-28.73517846569602,True
2022-11-13,422782.0,143.27848672108846,1,-9.931401789518535,True
2022-11-14,731619.0,143.27848672108846,1,73.04875798875071,True
2022-11-15,803527.0,143.27848672108846,1,9.828612980253393,True
2022-11-16,862729.0,143.27848672108846,1,7.367767355670685,True
2022-11-17,839062.0,143.27848672108846,1,-2.7432716415004,True
2022-11-18,494897.0,143.27848672108846,1,-41.01782704972934,True
2022-11-19,434733.0,143.27848672108846,1,-12.156873046310645,True
2022-11-20,460634.0,143.27848672108846,1,5.957909797507899,True
2022-11-21,735344.0,97.42999675510204,0,59.63736936483195,False
2022-11-22,815789.0,97.42999675510204,0,10.939777845470955,False
2022-11-23,834824.0,97.42999675510204,0,2.333323935478404,False
2022-11-24,835866.0,97.42999675510204,0,0.1248167278372403,False
2022-11-25,839437.0,97.42999675510204,0,0.4272215881492958,False
2022-11-26,624037.0,97.42999675510204,0,-25.660055489572176,False
2022-11-27,527519.0,97.42999675510204,0,-15.46671110847594,False
2022-11-28,483000.0,97.42999675510204,0,-8.43931687768592,False
2022-11-29,753437.0,97.42999675510204,0,55.99109730848861,False
2022-11-30,844596.0,97.42999675510204,0,12.099087249497975,False
2022-12-01,854484.0,185.45649997278912,1,1.1707372518932058,True
2022-12-02,867377.0,185.45649997278912,1,1.5088638289306733,True
2022-12-03,642541.0,185.45649997278912,1,-25.921369831111495,True
2022-12-04,548499.0,185.45649997278912,1,-14.635953192092021,True
2022-12-05,820673.0,185.45649997278912,1,49.62160368569497,True
2022-12-06,847795.0,185.45649997278912,1,3.304848581590969,True
2022-12-07,863929.0,185.45649997278912,1,1.9030543940457223,True
2022-12-08,859499.0,185.45649997278912,1,-0.512773619128426,True
2022-12-09,871235.0,185.45649997278912,1,1.365446614830268,True
2022-12-10,610277.0,185.45649997278912,1,-29.952653417275478,True
2022-12-11,580710.0,201.92327150340137,1,-4.844849142274743,True
2022-12-12,759713.0,201.92327150340137,1,30.824852335933596,True
2022-12-13,846144.0,201.92327150340137,1,11.376796237526543,True
2022-12-14,852375.0,201.92327150340137,1,0.7363994781030225,True
2022-12-15,850587.0,201.92327150340137,1,-0.20976682798063973,True
2022-12-16,851421.0,201.92327150340137,1,0.0980499349273023,True
2022-12-17,690120.0,201.92327150340137,1,-18.944916792045298,True
2022-12-18,639069.0,201.92327150340137,1,-7.397409146235434,True
2022-12-19,802435.0,201.92327150340137,1,25.563123856735338,True
2022-12-20,830584.0,201.92327150340137,1,3.5079476842361013,True
2022-12-21,835788.0,87.12915268027211,0,0.6265471042061987,False
2022-12-22,815604.0,87.12915268027211,0,-2.4149664747519672,False
2022-12-23,833264.0,87.12915268027211,0,2.165266477359107,False
2022-12-24,689708.0,87.12915268027211,0,-17.228153382361413,False
2022-12-25,684639.0,87.12915268027211,0,-0.7349487029293611,False
2022-12-26,550843.0,87.12915268027211,0,-19.54256184646215,False
2022-12-27,763265.0,87.12915268027211,0,38.563075141192684,False
2022-12-28,780389.0,87.12915268027211,0,2.2435196163848703,False
2022-12-29,774271.0,87.12915268027211,0,-0.7839679954484202,False
2022-12-30,780845.0,87.12915268027211,0,0.849056725616748,False
2022-12-31,721076.0,87.12915268027211,0,-7.654400040981246,False
2023-01-01,626393.0,100.50590273469388,1,-13.13079342538096,True
2023-01-02,487546.0,100.50590273469388,1,-22.166116160301918,True
2023-01-03,878989.0,100.50590273469388,1,80.28842406665217,True
2023-01-04,849870.0,100.50590273469388,1,-3.3127832088911235,True
2023-01-05,841678.0,100.50590273469388,1,-0.9639121277371876,True
2023-01-06,850529.0,100.50590273469388,1,1.0515898003749635,True
2023-01-07,626763.0,100.50590273469388,1,-26.30903825736689,True
2023-01-08,510886.0,100.50590273469388,1,-18.488168574086217,True
2023-01-09,848693.0,100.50590273469388,1,66.12179625200143,True
2023-01-10,879672.0,100.50590273469388,1,3.650200956058325,True
2023-01-11,902507.0,77.29546417687075,0,2.5958539091843313,False
2023-01-12,895280.0,77.29546417687075,0,-0.8007694123148057,False
2023-01-13,895628.0,77.29546417687075,0,0.03887052095434829,False
2023-01-14,604564.0,77.29546417687075,0,-32.49831403216514,False
2023-01-15,560712.0,77.29546417687075,0,-7.253491772583221,False
2023-01-16,852977.0,77.29546417687075,0,52.123906747135784,False
2023-01-17,898074.0,77.29546417687075,0,5.287012428236637,False
2023-01-18,911971.0,77.29546417687075,0,1.5474225954654086,False
2023-01-19,909453.0,77.29546417687075,0,-0.27610527089129144,False
2023-01-20,807821.0,77.29546417687075,0,-11.175068970029233,False
2023-01-21,528309.0,209.65401914285712,1,-34.600734568673005,True
2023-01-22,586085.0,209.65401914285712,1,10.936024182817249,True
2023-01-23,563332.0,209.65401914285712,1,-3.8822013871708028,True
2023-01-24,481934.0,209.65401914285712,1,-14.449383312149855,True
2023-01-25,702620.0,209.65401914285712,1,45.79174741769621,True
2023-01-26,724563.0,209.65401914285712,1,3.1230252483561483,True
2023-01-27,755777.0,209.65401914285712,1,4.307975980004497,True
2023-01-28,575155.0,209.65401914285712,1,-23.898848469852886,True
2023-01-29,504475.0,209.65401914285712,1,-12.288861263485495,True
2023-01-30,811320.0,209.65401914285712,1,60.82461965409585,True
2023-01-31,857505.0,209.65401914285712,1,5.6925750628605165,True
2023-02-01,594363.0,104.25021894557823,1,-30.686934770059647,True
2023-02-02,874190.0,104.25021894557823,1,47.08015135531654,True
2023-02-03,888943.0,104.25021894557823,1,1.6876193962410913,True
2023-02-04,599269.0,104.25021894557823,1,-32.58634130647297,True
2023-02-05,579003.0,104.25021894557823,1,-3.3817868102638426,True
2023-02-06,469537.0,104.25021894557823,1,-18.905946946734296,True
2023-02-07,874311.0,104.25021894557823,1,86.20705077555124,True
2023-02-08,888160.0,104.25021894557823,1,1.5839901362329822,True
2023-02-09,880869.0,104.25021894557823,1,-0.8209106467303218,True
2023-02-10,886257.0,104.25021894557823,1,0.6116687044271041,True
2023-02-11,633442.0,72.0078332707483,0,-28.52614986397851,False
2023-02-12,552917.0,72.0078332707483,0,-12.712292522440883,False
2023-02-13,871675.0,72.0078332707483,0,57.65024406918218,False
2023-02-14,920700.0,72.0078332707483,0,5.624229213869847,False
2023-02-15,907404.0,72.0078332707483,0,-1.4441186054089283,False
2023-02-16,899539.0,72.0078332707483,0,-0.866758356806896,False
2023-02-17,894771.0,72.0078332707483,0,-0.5300492807982726,False
2023-02-18,596459.0,72.0078332707483,0,-33.33948015749281,False
2023-02-19,544563.0,72.0078332707483,0,-8.700681857428593,False
2023-02-20,852721.0,72.0078332707483,0,56.58812662630404,False
2023-02-21,880255.0,75.36711462380953,0,3.2289576543793386,False
2023-02-22,893508.0,75.36711462380953,0,1.5055864493811466,False
2023-02-23,881149.0,75.36711462380953,0,-1.3831997027446863,False
2023-02-24,883416.0,75.36711462380953,0,0.2572777135308568,False
2023-02-25,628021.0,75.36711462380953,0,-28.909935975803013,False
2023-02-26,563949.0,75.36711462380953,0,-10.202206614110043,False
2023-02-27,837022.0,75.36711462380953,0,48.421577128428275,False
2023-02-28,878938.0,75.36711462380953,0,5.007753679114768,False
2023-03-01,921848.0,94.6432325510204,0,4.882028083892154,False
2023-03-02,918379.0,94.6432325510204,0,-0.37630932648332616,False
2023-03-03,912554.0,94.6432325510204,0,-0.6342697295996569,False
2023-03-04,748856.0,94.6432325510204,0,-17.938445286525507,False
2023-03-05,630819.0,94.6432325510204,0,-15.762309442669887,False
2023-03-06,904593.0,94.6432325510204,0,43.39977077418404,False
2023-03-07,939093.0,94.6432325510204,0,3.8138698840251894,False
2023-03-08,966573.0,94.6432325510204,0,2.9262277538007364,False
2023-03-09,945582.0,94.6432325510204,0,-2.1716931882020285,False
2023-03-10,944195.0,94.6432325510204,0,-0.14668214919488776,False
2023-03-11,673288.0,40.15426124285714,0,-28.6918486117804,False
2023-03-12,634160.0,40.15426124285714,0,-5.811480376896661,False
2023-03-13,910730.0,40.15426124285714,0,43.61202220259872,False
2023-03-14,961936.0,40.15426124285714,0,5.622522591767054,False
2023-03-15,989941.0,40.15426124285714,0,2.911316345370163,False
2023-03-16,1015697.0,40.15426124285714,0,2.6017712166684692,False
2023-03-17,1054416.0,40.15426124285714,0,3.8120620618156797,False
2023-03-18,833788.0,40.15426124285714,0,-20.924189314274443,False
2023-03-19,767206.0,40.15426124285714,0,-7.9854831204095085,False
2023-03-20,1001402.0,40.15426124285714,0,30.525830089962792,False
2023-03-21,1054744.0,76.53100774353742,0,5.326731921845562,False
2023-03-22,1079046.0,76.53100774353742,0,2.304066199949939,False
2023-03-23,961794.0,76.53100774353742,0,-10.866265200927483,False
2023-03-24,975882.0,76.53100774353742,0,1.4647627246582973,False
2023-03-25,636781.0,76.53100774353742,0,-34.74815602706065,False
2023-03-26,620839.0,76.53100774353742,0,-2.5035294708855904,False
2023-03-27,944259.0,76.53100774353742,0,52.094021155243155,False
2023-03-28,984035.0,76.53100774353742,0,4.212403588422253,False
2023-03-29,994897.0,76.53100774353742,0,1.1038225266377655,False
2023-03-30,997075.0,76.53100774353742,0,0.21891713413548786,False
2023-03-31,1021747.0,76.53100774353742,0,2.474437730361312,False
2023-04-01,616548.0,72.11749173809523,0,-39.65746902119604,False
2023-04-02,555377.0,72.11749173809523,0,-9.921530845935756,False
2023-04-03,932584.0,72.11749173809523,0,67.91908919526736,False
2023-04-04,969924.0,72.11749173809523,0,4.003928868605944,False
2023-04-05,974515.0,72.11749173809523,0,0.473336055196083,False
2023-04-06,989463.0,72.11749173809523,0,1.533891217682637,False
2023-04-07,982500.0,72.11749173809523,0,-0.7037150454337393,False
2023-04-08,671023.0,72.11749173809523,0,-31.70249363867684,False
2023-04-09,635718.0,72.11749173809523,0,-5.261369580476371,False
2023-04-10,962519.0,72.11749173809523,0,51.40659852324458,False
2023-04-11,993365.0,48.96482486394557,0,3.20471595885381,False
2023-04-12,1000157.0,48.96482486394557,0,0.6837365922898408,False
2023-04-13,991015.0,48.96482486394557,0,-0.9140564931305772,False
2023-04-14,998054.0,48.96482486394557,0,0.7102818827162016,False
2023-04-15,690497.0,48.96482486394557,0,-30.8156672885435,False
2023-04-16,620371.0,48.96482486394557,0,-10.155873233337731,False
2023-04-17,958748.0,48.96482486394557,0,54.54429688041511,False
2023-04-18,1002658.0,48.96482486394557,0,4.5799313271057684,False
2023-04-19,958771.0,48.96482486394557,0,-4.377065759212018,False
2023-04-20,830223.0,48.96482486394557,0,-13.407581163802407,False
2023-04-21,694096.0,65.76563482312925,0,-16.396438065435426,False
2023-04-22,641863.0,65.76563482312925,0,-7.525327908531388,False
2023-04-23,700040.0,65.76563482312925,0,9.063772175682349,False
2023-04-24,553558.0,65.76563482312925,0,-20.924804296897314,False
2023-04-25,733214.0,65.76563482312925,0,32.454774386785125,False
2023-04-26,792273.0,65.76563482312925,0,8.054810737383633,False
2023-04-27,824694.0,65.76563482312925,0,4.09215005433734,False
2023-04-28,833703.0,65.76563482312925,0,1.0924051830133452,False
2023-04-29,624222.0,65.76563482312925,0,-25.12657385183933,False
2023-04-30,617186.0,65.76563482312925,0,-1.127163092617689,False
2023-05-01,597218.0,81.78477297959184,0,-3.235329382066343,False
2023-05-02,956010.0,81.78477297959184,0,60.07722473200741,False
2023-05-03,973725.0,81.78477297959184,0,1.8530140898107783,False
2023-05-04,593541.0,81.78477297959184,0,-39.04428868520373,False
2023-05-05,907123.0,81.78477297959184,0,52.83240753376768,False
2023-05-06,644434.0,81.78477297959184,0,-28.958476413893152,False
2023-05-07,594872.0,81.78477297959184,0,-7.690779816086679,False
2023-05-08,951572.0,81.78477297959184,0,59.962479323283006,False
2023-05-09,985792.0,81.78477297959184,0,3.5961545736948874,False
2023-05-10,998967.0,81.78477297959184,0,1.3364888333441627,False
2023-05-11,991644.0,66.7563979387755,0,-0.7330572481373254,False
2023-05-12,1006380.0,66.7563979387755,0,1.4860171593838123,False
2023-05-13,686137.0,66.7563979387755,0,-31.821280232119076,False
2023-05-14,616356.0,66.7563979387755,0,-10.170126374178922,False
2023-05-15,966017.0,66.7563979387755,0,56.73036362102422,False
2023-05-16,996225.0,66.7563979387755,0,3.1270671220071655,False
2023-05-17,1009742.0,66.7563979387755,0,1.356822003061553,False
2023-05-18,987532.0,66.7563979387755,0,-2.199571771799136,False
2023-05-19,982049.0,66.7563979387755,0,-0.5552225143083955,False
2023-05-20,706463.0,66.7563979387755,0,-28.062347194488257,False
2023-05-21,615808.0,73.33472594557823,0,-12.832236083135285,False
2023-05-22,949730.0,73.33472594557823,0,54.22501818748702,False
2023-05-23,977576.0,73.33472594557823,0,2.9319911974982293,False
2023-05-24,987328.0,73.33472594557823,0,0.9975694984328598,False
2023-05-25,987817.0,73.33472594557823,0,0.049527613923650016,False
2023-05-26,1013310.0,73.33472594557823,0,2.5807411696700866,False
2023-05-27,778629.0,73.33472594557823,0,-23.159842496373273,False
2023-05-28,694956.0,73.33472594557823,0,-10.746196198703107,False
2023-05-29,1000758.0,73.33472594557823,0,44.00307357588107,False
2023-05-30,1037539.0,73.33472594557823,0,3.675314111903183,False
2023-05-31,1062437.0,73.33472594557823,0,2.3997170226854214,False
2023-06-01,1066494.0,69.99408934013606,0,0.38185793604703644,False
2023-06-02,1036793.0,69.99408934013606,0,-2.7849195588535935,False
2023-06-03,805948.0,69.99408934013606,0,-22.265293072001835,False
2023-06-04,764066.0,69.99408934013606,0,-5.1966131809992655,False
2023-06-05,612284.0,69.99408934013606,0,-19.865037837045495,False
2023-06-06,1004787.0,69.99408934013606,0,64.10472917796316,False
2023-06-07,1024177.0,69.99408934013606,0,1.9297622282135496,False
2023-06-08,1037516.0,69.99408934013606,0,1.3024115948708115,False
2023-06-09,1015105.0,69.99408934013606,0,-2.160063073726093,False
2023-06-10,721817.0,69.99408934013606,0,-28.892380591170376,False
2023-06-11,652468.0,42.96774919047619,0,-9.607559810866185,False
2023-06-12,974472.0,42.96774919047619,0,49.35169234353256,False
2023-06-13,1009998.0,42.96774919047619,0,3.6456665763613616,False
2023-06-14,1019490.0,42.96774919047619,0,0.9398038411957188,False
2023-06-15,1020952.0,42.96774919047619,0,0.14340503585126285,False
2023-06-16,1010429.0,42.96774919047619,0,-1.0307046756360738,False
2023-06-17,695391.0,42.96774919047619,0,-31.178637984460067,False
2023-06-18,626231.0,42.96774919047619,0,-9.94548390761456,False
2023-06-19,969621.0,42.96774919047619,0,54.83439816936561,False
2023-06-20,1007827.0,42.96774919047619,0,3.94030244806991,False
2023-06-21,1013529.0,62.346314013605436,0,0.5657717048660027,False
2023-06-22,1004625.0,62.346314013605436,0,-0.8785145762972735,False
2023-06-23,999902.0,62.346314013605436,0,-0.47012566878188444,False
2023-06-24,691806.0,62.346314013605436,0,-30.812619636724403,False
2023-06-25,609070.0,62.346314013605436,0,-11.959422150140353,False
2023-06-26,952527.0,62.346314013605436,0,56.3903984763656,False
2023-06-27,1050868.0,62.346314013605436,0,10.324221780589937,False
2023-06-28,998521.0,62.346314013605436,0,-4.9813106879265545,False
2023-06-29,649905.0,62.346314013605436,0,-34.91323667704535,False
2023-06-30,838300.0,62.346314013605436,0,28.988082873650754,False
2023-07-01,652366.0,88.3972285510204,0,-22.179887868304903,False
2023-07-02,596039.0,88.3972285510204,0,-8.63426358823115,False
2023-07-03,980461.0,88.3972285510204,0,64.49611518709347,False
2023-07-04,1030339.0,88.3972285510204,0,5.087198776901891,False
2023-07-05,1051752.0,88.3972285510204,0,2.0782480329289754,False
2023-07-06,1044334.0,88.3972285510204,0,-0.705299348135302,False
2023-07-07,1035585.0,88.3972285510204,0,-0.8377588013030346,False
2023-07-08,740502.0,88.3972285510204,0,-28.49432929213923,False
2023-07-09,656684.0,88.3972285510204,0,-11.319078138884164,False
2023-07-10,1020146.0,88.3972285510204,0,55.348082182602276,False
2023-07-11,1052462.0,78.76146248979592,0,3.1677818665171387,False
2023-07-12,1066871.0,78.76146248979592,0,1.3690755580723968,False
2023-07-13,1056816.0,78.76146248979592,0,-0.942475706997381,False
2023-07-14,1047647.0,78.76146248979592,0,-0.867606092262041,False
2023-07-15,752688.0,78.76146248979592,0,-28.15442606145009,False
2023-07-16,635384.0,78.76146248979592,0,-15.584677847926365,False
2023-07-17,1010685.0,78.76146248979592,0,59.066800548959364,False
2023-07-18,1057543.0,78.76146248979592,0,4.636261545387543,False
2023-07-19,615333.0,78.76146248979592,0,-41.81484819057003,False
2023-07-20,1034205.0,78.76146248979592,0,68.07240957335297,False
2023-07-21,1019548.0,69.87976365986395,0,-1.4172238579391871,False
2023-07-22,673765.0,69.87976365986395,0,-33.915323260896,False
2023-07-23,590939.0,69.87976365986395,0,-12.293010174170515,False
2023-07-24,998450.0,69.87976365986395,0,68.9599095676542,False
2023-07-25,1044158.0,69.87976365986395,0,4.577895738394511,False
2023-07-26,1061133.0,69.87976365986395,0,1.6257118175601715,False
2023-07-27,1050186.0,69.87976365986395,0,-1.0316331694518954,False
2023-07-28,1062381.0,69.87976365986395,0,1.1612228690917714,False
2023-07-29,768739.0,69.87976365986395,0,-27.63998979650427,False
2023-07-30,637795.0,69.87976365986395,0,-17.033609586608723,False
2023-07-31,1011351.0,69.87976365986395,0,58.56991666601337,False
2023-08-01,1059949.0,53.33639938095238,0,4.805255544316456,False
2023-08-02,1076477.0,53.33639938095238,0,1.5593203069204309,False
2023-08-03,1056405.0,53.33639938095238,0,-1.8646009157650356,False
2023-08-04,1050118.0,53.33639938095238,0,-0.5951316019897623,False
2023-08-05,748179.0,53.33639938095238,0,-28.752863963859298,False
2023-08-06,671219.0,53.33639938095238,0,-10.286308490347896,False
2023-08-07,1031481.0,53.33639938095238,0,53.67279531717666,False
2023-08-08,1068106.0,53.33639938095238,0,3.5507197902821197,False
2023-08-09,1085032.0,53.33639938095238,0,1.5846741802779896,False
2023-08-10,1082858.0,53.33639938095238,0,-0.20036275427821604,False
2023-08-11,1044056.0,90.78976514965987,0,-3.5832953166527792,False
2023-08-12,656259.0,90.78976514965987,0,-37.143314151731325,False
2023-08-13,657897.0,90.78976514965987,0,0.24959657696121962,False
2023-08-14,924742.0,90.78976514965987,0,40.56030047256638,False
2023-08-15,1074899.0,90.78976514965987,0,16.237718195994134,False
2023-08-16,1078518.0,90.78976514965987,0,0.33668279531380296,False
2023-08-17,1064994.0,90.78976514965987,0,-1.253942910549477,False
2023-08-18,1054196.0,90.78976514965987,0,-1.0139024257413642,False
2023-08-19,722966.0,90.78976514965987,0,-31.420153368064383,False
2023-08-20,639474.0,90.78976514965987,0,-11.548537552250037,False
2023-08-21,1015457.0,76.38225199319729,0,58.79566643835403,False
2023-08-22,1055882.0,76.38225199319729,0,3.9809662053637007,False
2023-08-23,1078017.0,76.38225199319729,0,2.0963516756607348,False
2023-08-24,1059998.0,76.38225199319729,0,-1.6714949764243037,False
2023-08-25,1077640.0,76.38225199319729,0,1.6643427629108754,False
2023-08-26,750291.0,76.38225199319729,0,-30.376470806577338,False
2023-08-27,663037.0,76.38225199319729,0,-11.629354477129539,False
2023-08-28,983441.0,76.38225199319729,0,48.323698375807076,False
2023-08-29,1073558.0,76.38225199319729,0,9.163437359231509,False
2023-08-30,1176751.0,76.38225199319729,0,9.612242654798342,False
2023-08-31,904604.0,76.38225199319729,0,-23.126982683677344,False
2023-09-01,963602.0,82.36212666666667,0,6.521969834314234,False
2023-09-02,724681.0,82.36212666666667,0,-24.79457286307002,False
2023-09-03,639923.0,82.36212666666667,0,-11.695904818809932,False
2023-09-04,1014383.0,82.36212666666667,0,58.51641525621052,False
2023-09-05,1076588.0,82.36212666666667,0,6.1322991414485495,False
2023-09-06,1092348.0,82.36212666666667,0,1.4638840484939353,False
2023-09-07,1090273.0,82.36212666666667,0,-0.18995777902279798,False
2023-09-08,1075198.0,82.36212666666667,0,-1.3826812183737491,False
2023-09-09,778550.0,82.36212666666667,0,-27.590081082740113,False
2023-09-10,714128.0,82.36212666666667,0,-8.274613062744852,False
2023-09-11,1048064.0,70.0458825170068,0,46.76136490937199,False
2023-09-12,1094691.0,70.0458825170068,0,4.448869534684907,False
2023-09-13,1107007.0,70.0458825170068,0,1.1250663429223318,False
2023-09-14,1093127.0,70.0458825170068,0,-1.2538312765863258,False
2023-09-15,1094866.0,70.0458825170068,0,0.15908490047360502,False
2023-09-16,819788.0,70.0458825170068,0,-25.124353117185116,False
2023-09-17,660673.0,70.0458825170068,0,-19.409286303288166,False
2023-09-18,1050379.0,70.0458825170068,0,58.98621557109189,False
2023-09-19,1102907.0,70.0458825170068,0,5.00086159376758,False
2023-09-20,1109097.0,70.0458825170068,0,0.5612440577491995,False
2023-09-21,1093946.0,90.69232617006803,0,-1.366066268324595,False
2023-09-22,1081647.0,90.69232617006803,0,-1.124278529287548,False
2023-09-23,727033.0,90.69232617006803,0,-32.784633064206716,False
2023-09-24,641382.0,90.69232617006803,0,-11.78089577777075,False
2023-09-25,1053074.0,90.69232617006803,0,64.18826845779894,False
2023-09-26,1100126.0,90.69232617006803,0,4.468062073510493,False
2023-09-27,1146982.0,90.69232617006803,0,4.259148497535747,False
2023-09-28,691399.0,90.69232617006803,0,-39.72015253944699,False
2023-09-29,1029364.0,90.69232617006803,0,48.881326122832114,False
2023-09-30,778170.0,90.69232617006803,0,-24.402835148693757,False
2023-10-01,699160.0,50.01875821088435,0,-10.153308403048179,False
2023-10-02,1071195.0,50.01875821088435,0,53.21171119629269,False
2023-10-03,1129601.0,50.01875821088435,0,5.452415293200574,False
2023-10-04,1141105.0,50.01875821088435,0,1.0184126961644058,False
2023-10-05,1141855.0,50.01875821088435,0,0.06572576581471701,False
2023-10-06,1150454.0,50.01875821088435,0,0.7530728507560092,False
2023-10-07,809552.0,50.01875821088435,0,-29.63195399381462,False
2023-10-08,744161.0,50.01875821088435,0,-8.077430480067992,False
2023-10-09,1110090.0,50.01875821088435,0,49.173364366044446,False
2023-10-10,1140050.0,50.01875821088435,0,2.6988802709690285,False
2023-10-11,1151387.0,86.39197934013605,0,0.9944300688566221,False
2023-10-12,1145226.0,86.39197934013605,0,-0.5350937608293305,False
2023-10-13,1213671.0,86.39197934013605,0,5.976549606802495,False
2023-10-14,792168.0,86.39197934013605,0,-34.72959311048876,False
2023-10-15,707760.0,86.39197934013605,0,-10.655315539128063,False
2023-10-16,1113346.0,86.39197934013605,0,57.30558381372217,False
2023-10-17,1174722.0,86.39197934013605,0,5.512751651328518,False
2023-10-18,1168557.0,86.39197934013605,0,-0.5248050176978047,False
2023-10-19,1162324.0,86.39197934013605,0,-0.5333928939709409,False
2023-10-20,1168207.0,86.39197934013605,0,0.5061411448098907,False
2023-10-21,781170.0,99.10527882312925,0,-33.13085780174233,False
2023-10-22,719681.0,99.10527882312925,0,-7.871398031158394,False
2023-10-23,1111900.0,99.10527882312925,0,54.4990071990229,False
2023-10-24,1160466.0,99.10527882312925,0,4.367838834427551,False
2023-10-25,1167693.0,99.10527882312925,0,0.6227670608186742,False
2023-10-26,1164619.0,99.10527882312925,0,-0.26325412587041574,False
2023-10-27,1166068.0,99.10527882312925,0,0.12441837201693229,False
2023-10-28,831122.0,99.10527882312925,0,-28.724396861932576,False
2023-10-29,704081.0,99.10527882312925,0,-15.285481553851298,False
2023-10-30,1101574.0,99.10527882312925,0,56.45557826443264,False
2023-10-31,1145063.0,99.10527882312925,0,3.9478963737343165,False
2023-11-01,1171142.0,85.26481097959183,0,2.27751660825648,False
2023-11-02,1164562.0,85.26481097959183,0,-0.5618447634872625,False
2023-11-03,1170150.0,85.26481097959183,0,0.4798370546179598,False
2023-11-04,818834.0,85.26481097959183,0,-30.023159424005474,False
2023-11-05,734367.0,85.26481097959183,0,-10.315521827378927,False
2023-11-06,1123548.0,85.26481097959183,0,52.9954368864614,False
2023-11-07,1176019.0,85.26481097959183,0,4.6701164525236205,False
2023-11-08,1204539.0,85.26481097959183,0,2.4251308864907895,False
2023-11-09,1211181.0,85.26481097959183,0,0.551414275502915,False
2023-11-10,1218667.0,85.26481097959183,0,0.6180744248795111,False
2023-11-11,889524.0,123.98848640816327,1,-27.00844447252613,True
2023-11-12,918163.0,123.98848640816327,1,3.219587105013466,True
2023-11-13,744161.0,123.98848640816327,1,-18.951101275045936,True
2023-11-14,1074282.0,123.98848640816327,1,44.36150241681571,True
2023-11-15,1137724.0,123.98848640816327,1,5.905525737190054,True
2023-11-16,1150747.0,123.98848640816327,1,1.1446537121481137,True
2023-11-17,1125108.0,123.98848640816327,1,-2.228031009422571,True
2023-11-18,790524.0,123.98848640816327,1,-29.7379451572649,True
2023-11-19,701200.0,123.98848640816327,1,-11.29934069047872,True
2023-11-20,1127727.0,123.98848640816327,1,60.8281517398745,True
2023-11-21,1176516.0,159.7772403197279,1,4.326313017246197,True
2023-11-22,1293834.0,159.7772403197279,1,9.971645094499348,True
2023-11-23,1195195.0,159.7772403197279,1,-7.623775538438471,True
2023-11-24,1211273.0,159.7772403197279,1,1.3452198176866492,True
2023-11-25,833829.0,159.7772403197279,1,-31.160935643740096,True
2023-11-26,745901.0,159.7772403197279,1,-10.545087781787387,True
2023-11-27,1135640.0,159.7772403197279,1,52.25076786329552,True
2023-11-28,1179215.0,159.7772403197279,1,3.8370434292557487,True
2023-11-29,1209104.0,159.7772403197279,1,2.534652289870798,True
2023-11-30,1190554.0,159.7772403197279,1,-1.5341939154944528,True
2023-12-01,1215901.0,128.41646424489795,1,2.129008847981706,True
2023-12-02,906550.0,128.41646424489795,1,-25.442120698971383,True
2023-12-03,822742.0,128.41646424489795,1,-9.244718989575862,True
2023-12-04,1143015.0,128.41646424489795,1,38.92751312075961,True
2023-12-05,1172418.0,128.41646424489795,1,2.572407186257397,True
2023-12-06,1197616.0,128.41646424489795,1,2.14923346451521,True
2023-12-07,1198713.0,128.41646424489795,1,0.09159864263670325,True
2023-12-08,1322400.0,128.41646424489795,1,10.318316394332916,True
2023-12-09,921973.0,128.41646424489795,1,-30.280323653962494,True
2023-12-10,883857.0,128.41646424489795,1,-4.134177465066768,True
2023-12-11,1087409.0,118.16454644897959,1,23.02996978017937,True
2023-12-12,1168643.0,118.16454644897959,1,7.470418214305741,True
2023-12-13,1168765.0,118.16454644897959,1,0.010439458414590597,True
2023-12-14,1152341.0,118.16454644897959,1,-1.4052439968684882,True
2023-12-15,1169043.0,118.16454644897959,1,1.449397357205906,True
2023-12-16,856589.0,118.16454644897959,1,-26.727331672145503,True
2023-12-17,818553.0,118.16454644897959,1,-4.440402573462887,True
2023-12-18,1118995.0,118.16454644897959,1,36.704037490547336,True
2023-12-19,1142837.0,118.16454644897959,1,2.1306618885696516,True
2023-12-20,1159487.0,118.16454644897959,1,1.4569006778744509,True
2023-12-21,1134571.0,165.6802241632653,1,-2.148881358738819,True
2023-12-22,1118145.0,165.6802241632653,1,-1.4477718891105051,True
2023-12-23,924698.0,165.6802241632653,1,-17.30070786883633,True
2023-12-24,968675.0,165.6802241632653,1,4.755822982206093,True
2023-12-25,845671.0,165.6802241632653,1,-12.698170180917234,True
2023-12-26,1005940.0,165.6802241632653,1,18.95169634526903,True
2023-12-27,1046799.0,165.6802241632653,1,4.061773067976215,True
2023-12-28,1039918.0,165.6802241632653,1,-0.6573372729626215,True
2023-12-29,1034234.0,165.6802241632653,1,-0.546581557392023,True
2023-12-30,826495.0,165.6802241632653,1,-20.086266744276436,True
2023-12-31,1078119.0,165.6802241632653,1,30.444709284387695,True
2024-01-01,781498.0,107.52131348979593,1,-27.512825578623513,True
2024-01-02,1122204.0,107.52131348979593,1,43.59652871792379,True
2024-01-03,1143956.0,107.52131348979593,1,1.9383285035519338,True
2024-01-04,1132098.0,107.52131348979593,1,-1.0365783299357667,True
2024-01-05,1135152.0,107.52131348979593,1,0.26976463168382203,True
2024-01-06,766317.0,107.52131348979593,1,-32.49212440272316,True
2024-01-07,672251.0,107.52131348979593,1,-12.275076763271597,True
2024-01-08,1138841.0,107.52131348979593,1,69.40711133192809,True
2024-01-09,1182531.0,107.52131348979593,1,3.8363564360608615,True
2024-01-10,1186733.0,107.52131348979593,1,0.35533952175461625,True
2024-01-11,1182915.0,113.18997809319727,1,-0.32172358904656306,True
2024-01-12,1201088.0,113.18997809319727,1,1.536289589700024,True
2024-01-13,842384.0,113.18997809319727,1,-29.8649224702936,True
2024-01-14,742263.0,113.18997809319727,1,-11.885434671123862,True
2024-01-15,1142744.0,113.18997809319727,1,53.95405671574631,True
2024-01-16,1186941.0,113.18997809319727,1,3.867620394419058,True
2024-01-17,1201447.0,113.18997809319727,1,1.2221331978590433,True
2024-01-18,1190563.0,113.18997809319727,1,-0.9059076263871813,True
2024-01-19,1201116.0,113.18997809319727,1,0.8863873646333786,True
2024-01-20,826123.0,113.18997809319727,1,-31.220381711674804,True
2024-01-21,737239.0,83.8511877414966,0,-10.759172665571592,False
2024-01-22,1166939.0,83.8511877414966,0,58.28503375431848,False
2024-01-23,1224781.0,83.8511877414966,0,4.956728672192812,False
2024-01-24,1310316.0,83.8511877414966,0,6.983697493674379,False
2024-01-25,831545.0,83.8511877414966,0,-36.53859069110047,False
2024-01-26,1136469.0,83.8511877414966,0,36.669572903450806,False
2024-01-27,813930.0,83.8511877414966,0,-28.380800532174653,False
2024-01-28,725280.0,83.8511877414966,0,-10.891600014743286,False
2024-01-29,1174516.0,83.8511877414966,0,61.93966468122656,False
2024-01-30,1207918.0,83.8511877414966,0,2.8438948468986425,False
2024-01-31,1243151.0,83.8511877414966,0,2.916837070066025,False
2024-02-01,835404.0,50.28788770068027,0,-32.799474882777716,False
2024-02-02,1179876.0,50.28788770068027,0,41.23418130629013,False
2024-02-03,883661.0,50.28788770068027,0,-25.10560431774187,False
2024-02-04,774459.0,50.28788770068027,0,-12.357906482236968,False
2024-02-05,1201051.0,50.28788770068027,0,55.082580226971345,False
2024-02-06,1247118.0,50.28788770068027,0,3.8355573576809077,False
2024-02-07,1281499.0,50.28788770068027,0,2.7568361614538572,False
2024-02-08,1186316.0,50.28788770068027,0,-7.42747360708046,False
2024-02-09,1013495.0,50.28788770068027,0,-14.567872303838103,False
2024-02-10,943751.0,50.28788770068027,0,-6.881533702682308,False
2024-02-11,943767.0,49.924346197278915,0,0.00169536244198909,False
2024-02-12,801535.0,49.924346197278915,0,-15.070668925698827,False
2024-02-13,1037424.0,49.924346197278915,0,29.42965684592689,False
2024-02-14,1100044.0,49.924346197278915,0,6.036104813461041,False
2024-02-15,1105480.0,49.924346197278915,0,0.4941620516997425,False
2024-02-16,1089910.0,49.924346197278915,0,-1.4084379635995181,False
2024-02-17,773517.0,49.924346197278915,0,-29.029277646778173,False
2024-02-18,718517.0,49.924346197278915,0,-7.110380250207815,False
2024-02-19,1172233.0,49.924346197278915,0,63.146174690369186,False
2024-02-20,1214761.0,49.924346197278915,0,3.627947686168187,False
2024-02-21,1237026.0,24.339047052380952,0,1.8328708280888284,False
2024-02-22,1226227.0,24.339047052380952,0,-0.8729808427632046,False
2024-02-23,1219986.0,24.339047052380952,0,-0.5089595972034511,False
2024-02-24,922117.0,24.339047052380952,0,-24.415771984268673,False
2024-02-25,809784.0,24.339047052380952,0,-12.182076677905297,False
2024-02-26,1196823.0,24.339047052380952,0,47.795338016063546,False
2024-02-27,1237887.0,24.339047052380952,0,3.4310837943455352,False
2024-02-28,1261353.0,24.339047052380952,0,1.895649602912064,False
2024-02-29,1259911.0,24.339047052380952,0,-0.11432168473060056,False
2024-03-01,1259771.0,62.74878733129252,0,-0.011111895999005306,False
2024-03-02,939333.0,62.74878733129252,0,-25.4362102318596,False
2024-03-03,877445.0,62.74878733129252,0,-6.588504822038621,False
2024-03-04,1234452.0,62.74878733129252,0,40.68710859370104,False
2024-03-05,1284978.0,62.74878733129252,0,4.092990249924666,False
2024-03-06,1310993.0,62.74878733129252,0,2.0245482802040193,False
2024-03-07,1297272.0,62.74878733129252,0,-1.0466112328593624,False
2024-03-08,1296072.0,62.74878733129252,0,-0.09250180378517214,False
2024-03-09,943384.0,62.74878733129252,0,-27.212068465332173,False
2024-03-10,876197.0,62.74878733129252,0,-7.121914300009324,False
2024-03-11,1271190.0,18.18581882585034,0,45.080387173204194,False
2024-03-12,1201385.0,18.18581882585034,0,-5.491311290995049,False
2024-03-13,1229434.0,18.18581882585034,0,2.3347220083486997,False
2024-03-14,1229474.0,18.18581882585034,0,0.003253529673008515,False
2024-03-15,1210601.0,18.18581882585034,0,-1.5350466947654073,False
2024-03-16,752583.0,18.18581882585034,0,-37.833935375900076,False
2024-03-17,685722.0,18.18581882585034,0,-8.884202805537733,False
2024-03-18,1201166.0,18.18581882585034,0,75.16807102586762,False
2024-03-19,1220720.0,18.18581882585034,0,1.6279182061430308,False
2024-03-20,1232810.0,18.18581882585034,0,0.9903991087227171,False
2024-03-21,1222896.0,53.628436045578226,0,-0.8041790705785923,False
2024-03-22,1242631.0,53.628436045578226,0,1.6137921785662979,False
2024-03-23,794620.0,53.628436045578226,0,-36.05342213416534,False
2024-03-24,710706.0,53.628436045578226,0,-10.560267800961466,False
2024-03-25,1196871.0,53.628436045578226,0,68.40592312432989,False
2024-03-26,1238649.0,53.628436045578226,0,3.4906017440476056,False
2024-03-27,1269853.0,53.628436045578226,0,2.519196317923811,False
2024-03-28,762614.0,53.628436045578226,0,-39.94470226081287,False
2024-03-29,1156669.0,53.628436045578226,0,51.67161893172694,False
2024-03-30,802919.0,53.628436045578226,0,-30.58351179118659,False
2024-03-31,717894.0,53.628436045578226,0,-10.589486610729104,False
2024-04-01,1199962.0,49.24906732585034,0,67.1503035267045,False
2024-04-02,1233094.0,49.24906732585034,0,2.7610874344354164,False
2024-04-03,1259527.0,49.24906732585034,0,2.1436321967343908,False
2024-04-04,1239449.0,49.24906732585034,0,-1.5940904799976452,False
2024-04-05,1263654.0,49.24906732585034,0,1.9528839024437472,False
2024-04-06,832922.0,49.24906732585034,0,-34.08622930010905,False
2024-04-07,761318.0,49.24906732585034,0,-8.596723342641932,False
2024-04-08,1015461.0,49.24906732585034,0,33.38197704507184,False
2024-04-09,978445.0,49.24906732585034,0,-3.6452409299815525,False
2024-04-10,906374.0,49.24906732585034,0,-7.365871357102338,False
2024-04-11,887898.0,72.43296429931974,0,-2.038452117999856,False
2024-04-12,905762.0,72.43296429931974,0,2.0119428132510775,False
2024-04-13,733212.0,72.43296429931974,0,-19.050258235607142,False
2024-04-14,707225.0,72.43296429931974,0,-3.5442682334713593,False
2024-04-15,1113139.0,72.43296429931974,0,57.39531266570046,False
2024-04-16,1177611.0,72.43296429931974,0,5.791909186543642,False
2024-04-17,1209665.0,72.43296429931974,0,2.721951476336404,False
2024-04-18,1207946.0,72.43296429931974,0,-0.14210545894938198,False
2024-04-19,1223825.0,72.43296429931974,0,1.3145455177632215,False
2024-04-20,841079.0,72.43296429931974,0,-31.274569485016237,False
2024-04-21,758808.0,63.07408566258503,0,-9.781601966045994,False
2024-04-22,1206407.0,63.07408566258503,0,58.98712190699096,False
2024-04-23,1244656.0,63.07408566258503,0,3.170488898025292,False
2024-04-24,1251556.0,63.07408566258503,0,0.5543700428070064,False
2024-04-25,1245544.0,63.07408566258503,0,-0.48036204532597715,False
2024-04-26,1262763.0,63.07408566258503,0,1.3824481511692799,False
2024-04-27,898671.0,63.07408566258503,0,-28.832963905340904,False
2024-04-28,791116.0,63.07408566258503,0,-11.968228639847068,False
2024-04-29,1222069.0,63.07408566258503,0,54.47405942996981,False
2024-04-30,1287830.0,63.07408566258503,0,5.3811200513228075,False
2024-05-01,835179.0,83.16482823809524,0,-35.14835032574175,False
2024-05-02,1272269.0,83.16482823809524,0,52.334888688532644,False
2024-05-03,1277380.0,83.16482823809524,0,0.4017232204824639,False
2024-05-04,911452.0,83.16482823809524,0,-28.646761339617033,False
2024-05-05,829972.0,83.16482823809524,0,-8.939582117324886,False
2024-05-06,1244194.0,83.16482823809524,0,49.90794870188391,False
2024-05-07,1264734.0,83.16482823809524,0,1.6508679514609437,False
2024-05-08,1288788.0,83.16482823809524,0,1.9019019019018923,False
2024-05-09,1280827.0,83.16482823809524,0,-0.6177121450541168,False
2024-05-10,1298232.0,83.16482823809524,0,1.358887656178398,False
2024-05-11,875021.0,89.25527410884354,0,-32.599026984391074,False
2024-05-12,839507.0,89.25527410884354,0,-4.058645449652065,False
2024-05-13,1245084.0,89.25527410884354,0,48.31133034030688,False
2024-05-14,1278942.0,89.25527410884354,0,2.719334599111378,False
2024-05-15,1284442.0,89.25527410884354,0,0.43004295738195975,False
2024-05-16,1280140.0,89.25527410884354,0,-0.3349314332605102,False
2024-05-17,1285164.0,89.25527410884354,0,0.392457075007413,False
2024-05-18,885904.0,89.25527410884354,0,-31.066852168283575,False
2024-05-19,803073.0,89.25527410884354,0,-9.349884411855014,False
2024-05-20,1229102.0,89.25527410884354,0,53.04984727415813,False
2024-05-21,1280513.0,91.00263984353741,0,4.182809888845673,False
2024-05-22,790224.0,91.00263984353741,0,-38.28848281899519,False
2024-05-23,1233655.0,91.00263984353741,0,56.114595355241036,False
2024-05-24,1288547.0,91.00263984353741,0,4.449542213990143,False
2024-05-25,955143.0,91.00263984353741,0,-25.874415135808004,False
2024-05-26,877566.0,91.00263984353741,0,-8.122029895000015,False
2024-05-27,1267910.0,91.00263984353741,0,44.48030119671911,False
2024-05-28,1313412.0,91.00263984353741,0,3.5887405257470917,False
2024-05-29,1351074.0,91.00263984353741,0,2.8674932161423916,False
2024-05-30,1333911.0,91.00263984353741,0,-1.2703227210352663,False
2024-05-31,1299732.0,91.00263984353741,0,-2.562314877079508,False
2024-06-01,1017523.0,84.79549390476191,0,-21.7128608051506,False
2024-06-02,952813.0,84.79549390476191,0,-6.359561405491576,False
2024-06-03,784222.0,84.79549390476191,0,-17.69402810415055,False
2024-06-04,1263289.0,84.79549390476191,0,61.08818676344199,False
2024-06-05,1258686.0,84.79549390476191,0,-0.3643663484760862,False
2024-06-06,1240745.0,84.79549390476191,0,-1.42537535175572,False
2024-06-07,1254757.0,84.79549390476191,0,1.129321496359048,False
2024-06-08,910124.0,84.79549390476191,0,-27.466114952935104,False
2024-06-09,846366.0,84.79549390476191,0,-7.005419041800898,False
2024-06-10,1254913.0,84.79549390476191,0,48.27072448562441,False
2024-06-11,1298307.0,72.24036428571428,0,3.4579289560312088,False
2024-06-12,1298646.0,72.24036428571428,0,0.02611092753870281,False
2024-06-13,1297841.0,72.24036428571428,0,-0.061987639433691566,False
2024-06-14,1296195.0,72.24036428571428,0,-0.1268260133560295,False
2024-06-15,892757.0,72.24036428571428,0,-31.124792180188944,False
2024-06-16,840385.0,72.24036428571428,0,-5.866321966671784,False
2024-06-17,798117.0,72.24036428571428,0,-5.029599528787399,False
2024-06-18,1200142.0,72.24036428571428,0,50.371687359121545,False
2024-06-19,1257194.0,72.24036428571428,0,4.7537708037882265,False
2024-06-20,1245108.0,72.24036428571428,0,-0.9613472542821522,False
2024-06-21,1237274.0,79.01115085714287,0,-0.6291823681158548,False
2024-06-22,886953.0,79.01115085714287,0,-28.31393854554448,False
2024-06-23,795952.0,79.01115085714287,0,-10.259957404732834,False
2024-06-24,1222911.0,79.01115085714287,0,53.64129997788811,False
2024-06-25,1259975.0,79.01115085714287,0,3.030801096727398,False
2024-06-26,1273879.0,79.01115085714287,0,1.1035139586102805,False
2024-06-27,1263233.0,79.01115085714287,0,-0.8357151660401074,False
2024-06-28,1271132.0,79.01115085714287,0,0.6253003206851071,False
2024-06-29,928493.0,79.01115085714287,0,-26.95542241089045,False
2024-06-30,818469.0,79.01115085714287,0,-11.84973930875085,False
2024-07-01,1270229.0,66.79657186394557,0,55.195737407281165,False
2024-07-02,1304068.0,66.79657186394557,0,2.6640078285096624,False
2024-07-03,1326594.0,66.79657186394557,0,1.7273639104709249,False
2024-07-04,1320439.0,66.79657186394557,0,-0.46397013705775647,False
2024-07-05,1347173.0,66.79657186394557,0,2.024629687550883,False
2024-07-06,966316.0,66.79657186394557,0,-28.270830843551643,False
2024-07-07,929413.0,66.79657186394557,0,-3.8189370764842967,False
2024-07-08,792105.0,66.79657186394557,0,-14.773625933788315,False
2024-07-09,1308750.0,66.79657186394557,0,65.22430738349084,False
2024-07-10,1331851.0,66.79657186394557,0,1.7651193887296968,False
2024-07-11,1329944.0,50.84913105442177,0,-0.14318418501769736,False
2024-07-12,1309417.0,50.84913105442177,0,-1.5434484459496023,False
2024-07-13,936338.0,50.84913105442177,0,-28.491993001465545,False
2024-07-14,821808.0,50.84913105442177,0,-12.231694110460111,False
2024-07-15,1275120.0,50.84913105442177,0,55.16032942001053,False
2024-07-16,1313698.0,50.84913105442177,0,3.025440742832042,False
2024-07-17,1332695.0,50.84913105442177,0,1.4460705580734645,False
2024-07-18,1310815.0,50.84913105442177,0,-1.6417860050499167,False
2024-07-19,1310717.0,50.84913105442177,0,-0.007476264766581586,False
2024-07-20,952258.0,50.84913105442177,0,-27.34831393809648,False
2024-07-21,810809.0,29.09590187414966,0,-14.854062659489342,False
2024-07-22,1275879.0,29.09590187414966,0,57.3587614345672,False
2024-07-23,1312634.0,29.09590187414966,0,2.8807590688458617,False
2024-07-24,1317557.0,29.09590187414966,0,0.3750474237296908,False
2024-07-25,1316247.0,29.09590187414966,0,-0.09942643847666854,False
2024-07-26,1320296.0,29.09590187414966,0,0.3076170354044505,False
2024-07-27,954306.0,29.09590187414966,0,-27.72029908444773,False
2024-07-28,822630.0,29.09590187414966,0,-13.798089920843005,False
2024-07-29,1262153.0,29.09590187414966,0,53.42900210301107,False
2024-07-30,1312479.0,29.09590187414966,0,3.987313740885612,False
2024-07-31,1334093.0,29.09590187414966,0,1.6468073012977813,False
2024-08-01,1328117.0,79.1709315510204,0,-0.4479447834596195,False
2024-08-02,1326853.0,79.1709315510204,0,-0.09517233797925462,False
2024-08-03,938496.0,79.1709315510204,0,-29.269029802095638,False
2024-08-04,822059.0,79.1709315510204,0,-12.406765718767044,False
2024-08-05,1282200.0,79.1709315510204,0,55.97420623093963,False
2024-08-06,1334028.0,79.1709315510204,0,4.042115114646694,False
2024-08-07,1354834.0,79.1709315510204,0,1.5596374288995518,False
2024-08-08,1355787.0,79.1709315510204,0,0.0703407207082174,False
2024-08-09,1341802.0,79.1709315510204,0,-1.0315042112072126,False
2024-08-10,965260.0,79.1709315510204,0,-28.062411592768534,False
2024-08-11,822454.0,74.87110336054421,0,-14.794563122889171,False
2024-08-12,1313142.0,74.87110336054421,0,59.66145219063923,False
2024-08-13,1341258.0,74.87110336054421,0,2.1411241130052883,False
2024-08-14,1345528.0,74.87110336054421,0,0.31835784017690827,False
2024-08-15,1331186.0,74.87110336054421,0,-1.065901267011904,False
2024-08-16,1326736.0,74.87110336054421,0,-0.3342883714221756,False
2024-08-17,921888.0,74.87110336054421,0,-30.51458617238094,False
2024-08-18,841496.0,74.87110336054421,0,-8.720365163664134,False
2024-08-19,1283233.0,74.87110336054421,0,52.494248338673025,False
2024-08-20,1307609.0,74.87110336054421,0,1.8995770838187598,False
2024-08-21,1328214.0,130.33297814285714,1,1.5757768568432917,True
2024-08-22,1313971.0,130.33297814285714,1,-1.0723422580999786,True
2024-08-23,1322357.0,130.33297814285714,1,0.6382180428639694,True
2024-08-24,996748.0,130.33297814285714,1,-24.623380826811513,True
2024-08-25,819472.0,130.33297814285714,1,-17.785438245173303,True
2024-08-26,1260373.0,130.33297814285714,1,53.80305855477674,True
2024-08-27,1300808.0,130.33297814285714,1,3.2081772618105964,True
2024-08-28,1316137.0,130.33297814285714,1,1.1784214119224368,True
2024-08-29,1304212.0,130.33297814285714,1,-0.9060606912502323,True
2024-08-30,1350324.0,130.33297814285714,1,3.5356215093865107,True
2024-08-31,1116095.0,130.33297814285714,1,-17.346133224322458,True
2024-09-01,800423.0,78.45185236734693,0,-28.283613850075483,False
2024-09-02,1211800.0,78.45185236734693,0,51.394949920229685,False
2024-09-03,1273086.0,78.45185236734693,0,5.057435220333395,False
2024-09-04,1332366.0,78.45185236734693,0,4.6564018455940825,False
2024-09-05,1311931.0,78.45185236734693,0,-1.5337377267207408,False
2024-09-06,1307291.0,78.45185236734693,0,-0.3536771369835767,False
2024-09-07,952852.0,78.45185236734693,0,-27.112479164929614,False
2024-09-08,864635.0,78.45185236734693,0,-9.258205891366133,False
2024-09-09,1293219.0,78.45185236734693,0,49.56819929796967,False
2024-09-10,1321302.0,78.45185236734693,0,2.171557949581615,False
2024-09-11,1352606.0,97.28438293877552,0,2.3691782802114814,False
2024-09-12,1325894.0,97.28438293877552,0,-1.97485446611948,False
2024-09-13,1326373.0,97.28438293877552,0,0.03612656818721138,False
2024-09-14,999430.0,97.28438293877552,0,-24.649401035756913,False
2024-09-15,978058.0,97.28438293877552,0,-2.1384188987722985,False
2024-09-16,922142.0,97.28438293877552,0,-5.717043365526376,False
2024-09-17,949009.0,97.28438293877552,0,2.913542599729757,False
2024-09-18,1338369.0,97.28438293877552,0,41.02806190457624,False
2024-09-19,1355607.0,97.28438293877552,0,1.2879856003837453,False
2024-09-20,1350452.0,97.28438293877552,0,-0.38027245359458783,False
2024-09-21,905765.0,66.49110185034014,0,-32.92875274352587,False
2024-09-22,813900.0,66.49110185034014,0,-10.142255441532843,False
2024-09-23,1256089.0,66.49110185034014,0,54.329647376827616,False
2024-09-24,1303483.0,66.49110185034014,0,3.7731402790725843,False
2024-09-25,1312839.0,66.49110185034014,0,0.7177692382639433,False
2024-09-26,1320460.0,66.49110185034014,0,0.5804976847884724,False
2024-09-27,1318980.0,66.49110185034014,0,-0.11208215318904147,False
2024-09-28,911066.0,66.49110185034014,0,-30.92647348708851,False
2024-09-29,810320.0,66.49110185034014,0,-11.058035312480108,False
2024-09-30,1267219.0,66.49110185034014,0,56.385008391746474,False
2024-10-01,1341628.0,116.30543674829933,1,5.8718343080398805,True
2024-10-02,1350997.0,116.30543674829933,1,0.6983306848098003,True
2024-10-03,1364476.0,116.30543674829933,1,0.9977076188918188,True
2024-10-04,1387992.0,116.30543674829933,1,1.7234454838340962,True
2024-10-05,992669.0,116.30543674829933,1,-28.48164830921216,True
2024-10-06,922105.0,116.30543674829933,1,-7.108512505175446,True
2024-10-07,1316940.0,116.30543674829933,1,42.818876375250106,True
2024-10-08,1354280.0,116.30543674829933,1,2.8353607605509756,True
2024-10-09,1358699.0,116.30543674829933,1,0.32629884514281393,True
2024-10-10,1354128.0,116.30543674829933,1,-0.33642477104935953,True
2024-10-11,1375511.0,103.8112939659864,1,1.5790973969964428,True
2024-10-12,961849.0,103.8112939659864,1,-30.073332746884617,True
2024-10-13,881060.0,103.8112939659864,1,-8.399343348072307,True
2024-10-14,1309936.0,103.8112939659864,1,48.67727510044719,True
2024-10-15,1340097.0,103.8112939659864,1,2.3024788997324963,True
2024-10-16,1381771.0,103.8112939659864,1,3.1097748894296506,True
2024-10-17,1367105.0,103.8112939659864,1,-1.0613915040914912,True
2024-10-18,1370553.0,103.8112939659864,1,0.2522117906086141,True
2024-10-19,929095.0,103.8112939659864,1,-32.210210039305295,True
2024-10-20,848602.0,103.8112939659864,1,-8.663591990054842,True
2024-10-21,1304733.0,63.24336534693877,0,53.75087496847757,False
2024-10-22,1340988.0,63.24336534693877,0,2.778729441196015,False
2024-10-23,1354280.0,63.24336534693877,0,0.9912094664531024,False
2024-10-24,1348256.0,63.24336534693877,0,-0.444812003426176,False
2024-10-25,1359611.0,63.24336534693877,0,0.842199107587871,False
2024-10-26,1031709.0,63.24336534693877,0,-24.117339444885346,False
2024-10-27,854247.0,63.24336534693877,0,-17.20078045262763,False
2024-10-28,1277342.0,63.24336534693877,0,49.52841508369359,False
2024-10-29,1338335.0,63.24336534693877,0,4.774993697850682,False
2024-10-30,1354313.0,63.24336534693877,0,1.193871489574727,False
2024-10-31,960237.0,63.24336534693877,0,-29.097852564362892,False
2024-11-01,1161225.0,116.99588891836734,1,20.931082638973496,True
2024-11-02,917139.0,116.99588891836734,1,-21.019699024736806,True
2024-11-03,869746.0,116.99588891836734,1,-5.167482791594291,True
2024-11-04,1290557.0,116.99588891836734,1,48.38320613144526,True
2024-11-05,1340666.0,116.99588891836734,1,3.8827421028284625,True
2024-11-06,1358741.0,116.99588891836734,1,1.348210516265791,True
2024-11-07,1362984.0,116.99588891836734,1,0.312274377530386,True
2024-11-08,1385431.0,116.99588891836734,1,1.6469012108726089,True
2024-11-09,994799.0,116.99588891836734,1,-28.195702276042624,True
2024-11-10,883307.0,116.99588891836734,1,-11.207490156302935,True
2024-11-11,1349567.0,135.52623768027212,1,52.78572455556223,True
2024-11-12,1359054.0,135.52623768027212,1,0.7029662106438517,True
2024-11-13,1375739.0,135.52623768027212,1,1.2276922035474591,True
2024-11-14,1373662.0,135.52623768027212,1,-0.15097340411226456,True
2024-11-15,1386928.0,135.52623768027212,1,0.9657397525737688,True
2024-11-16,940626.0,135.52623768027212,1,-32.17917584762871,True
2024-11-17,858050.0,135.52623768027212,1,-8.778834520840373,True
2024-11-18,1342401.0,135.52623768027212,1,56.447875997902216,True
2024-11-19,1384279.0,135.52623768027212,1,3.1196341480675294,True
2024-11-20,1406235.0,135.52623768027212,1,1.5860964444306402,True
2024-11-21,1408907.0,254.20410569387752,1,0.1900109156719898,True
2024-11-22,1417264.0,254.20410569387752,1,0.593154835627896,True
2024-11-23,1022412.0,254.20410569387752,1,-27.86015872836677,True
2024-11-24,874200.0,254.20410569387752,1,-14.49630872877079,True
2024-11-25,1335672.0,254.20410569387752,1,52.78792038435141,True
2024-11-26,1367385.0,254.20410569387752,1,2.37431045945411,True
2024-11-27,1370268.0,254.20410569387752,1,0.2108403997411079,True
2024-11-28,1375868.0,254.20410569387752,1,0.40867917808780074,True
2024-11-29,1399687.0,254.20410569387752,1,1.731198050975813,True
2024-11-30,1031799.0,254.20410569387752,1,-26.283590545600553,True
2024-12-01,924408.0,107.12139329251701,1,-10.408131816371213,True
2024-12-02,1318990.0,107.12139329251701,1,42.68483180586926,True
2024-12-03,1360502.0,107.12139329251701,1,3.147256613014493,True
2024-12-04,1388537.0,107.12139329251701,1,2.060636441548791,True
2024-12-05,1362407.0,107.12139329251701,1,-1.8818367821671345,True
2024-12-06,1387884.0,107.12139329251701,1,1.8699991999453935,True
2024-12-07,1041847.0,107.12139329251701,1,-24.932703309498482,True
2024-12-08,933861.0,107.12139329251701,1,-10.364861635153721,True
2024-12-09,1324469.0,107.12139329251701,1,41.8272098310134,True
2024-12-10,1385901.0,107.12139329251701,1,4.638236153507558,True
2024-12-11,1335033.0,117.86274876190477,1,-3.670392040989945,True
2024-12-12,1362235.0,117.86274876190477,1,2.0375526297851776,True
2024-12-13,1334535.0,117.86274876190477,1,-2.03342301438445,True
2024-12-14,1025879.0,117.86274876190477,1,-23.128355569542947,True
2024-12-15,897533.0,117.86274876190477,1,-12.510832174164788,True
2024-12-16,1295183.0,117.86274876190477,1,44.30477765162952,True
2024-12-17,1331075.0,117.86274876190477,1,2.771191406928586,True
2024-12-18,1363305.0,117.86274876190477,1,2.4213511635332363,True
2024-12-19,1314963.0,117.86274876190477,1,-3.5459416638243146,True
2024-12-20,1401963.0,117.86274876190477,1,6.616155739743257,True
2024-12-21,1055754.0,95.42751856802721,0,-24.69458894421608,False
2024-12-22,1005680.0,95.42751856802721,0,-4.742960954919417,False
2024-12-23,1288975.0,95.42751856802721,0,28.16949725558826,False
2024-12-24,1325937.0,95.42751856802721,0,2.8675497973195796,False
2024-12-25,1039853.0,95.42751856802721,0,-21.57598739608292,False
2024-12-26,1202576.0,95.42751856802721,0,15.648654184774191,False
2024-12-27,1165584.0,95.42751856802721,0,-3.076063383935823,False
2024-12-28,916160.0,95.42751856802721,0,-21.399058326126642,False
2024-12-29,813511.0,95.42751856802721,0,-11.204265630457567,False
2024-12-30,1165458.0,95.42751856802721,0,43.2627217087415,False
2024-12-31,1630790.0,95.42751856802721,0,39.92696433505112,False
2025-01-01,942015.0,81.177075907483,0,-42.23566492313541,False
2025-01-02,1252021.0,81.177075907483,0,32.908817800141186,False
2025-01-03,1239155.0,81.177075907483,0,-1.0276185463342857,False
2025-01-04,847718.0,81.177075907483,0,-31.58902639298554,False
2025-01-05,784506.0,81.177075907483,0,-7.456724995812292,False
2025-01-06,1313038.0,81.177075907483,0,67.37131392239193,False
2025-01-07,1351553.0,81.177075907483,0,2.933273827566296,False
2025-01-08,1380360.0,81.177075907483,0,2.131399952499091,False
2025-01-09,1372999.0,81.177075907483,0,-0.533266684053435,False
2025-01-10,1371047.0,81.177075907483,0,-0.1421705332633194,False
2025-01-11,962410.0,146.2807126734694,1,-29.804740464768898,True
2025-01-12,886350.0,146.2807126734694,1,-7.9030766513232376,True
2025-01-13,1342040.0,146.2807126734694,1,51.41197044057088,True
2025-01-14,1353230.0,146.2807126734694,1,0.8338052517063543,True
2025-01-15,1384693.0,146.2807126734694,1,2.3250297436503864,True
2025-01-16,1381865.0,146.2807126734694,1,-0.2042329960503908,True
2025-01-17,1386568.0,146.2807126734694,1,0.34033715305039625,True
2025-01-18,954264.0,146.2807126734694,1,-31.1779876645069,True
2025-01-19,873763.0,146.2807126734694,1,-8.435925488124884,True
2025-01-20,1352536.0,146.2807126734694,1,54.79437788050077,True
2025-01-21,1383500.0,151.11660361904762,1,2.28932908255306,True
2025-01-22,1404571.0,151.11660361904762,1,1.5230213227322098,True
2025-01-23,1395047.0,151.11660361904762,1,-0.6780718098266303,True
2025-01-24,1367060.0,151.11660361904762,1,-2.0061689677838834,True
2025-01-25,960061.0,151.11660361904762,1,-29.771846151595394,True
2025-01-26,861753.0,151.11660361904762,1,-10.2397660148678,True
2025-01-27,1210615.0,151.11660361904762,1,40.482829766766116,True
2025-01-28,1151197.0,151.11660361904762,1,-4.908083907765892,True
2025-01-29,1027323.0,151.11660361904762,1,-10.76045194697346,True
2025-01-30,889127.0,151.11660361904762,1,-13.452049647481857,True
2025-01-31,994205.0,151.11660361904762,1,11.818109223991623,True
2025-02-01,851326.0,65.99874024353741,0,-14.371180993859412,False
2025-02-02,810356.0,65.99874024353741,0,-4.812492511681777,False
2025-02-03,1256400.0,65.99874024353741,0,55.04296876928165,False
2025-02-04,1323279.0,65.99874024353741,0,5.323065902578805,False
2025-02-05,1336229.0,65.99874024353741,0,0.9786296011649931,False
2025-02-06,1336871.0,65.99874024353741,0,0.048045656844752926,False
2025-02-07,1363913.0,65.99874024353741,0,2.0227830508702693,False
2025-02-08,1012009.0,65.99874024353741,0,-25.80105915846539,False
2025-02-09,946257.0,65.99874024353741,0,-6.497175420376699,False
2025-02-10,1405791.0,65.99874024353741,0,48.563339557857965,False
2025-02-11,957964.0,77.60862182312925,0,-31.85587331260479,False
2025-02-12,1444800.0,77.60862182312925,0,50.819863794464084,False
2025-02-13,1413902.0,77.60862182312925,0,-2.1385658914728656,False
2025-02-14,1435823.0,77.60862182312925,0,1.5503903382271256,False
2025-02-15,998854.0,77.60862182312925,0,-30.433347285842338,False
2025-02-16,851574.0,77.60862182312925,0,-14.744897652710009,False
2025-02-17,1353624.0,77.60862182312925,0,58.95553410508072,False
2025-02-18,1423471.0,77.60862182312925,0,5.160000118201213,False
2025-02-19,1433723.0,77.60862182312925,0,0.7202113706566537,False
2025-02-20,1423011.0,77.60862182312925,0,-0.7471457178269469,False
2025-02-21,1403852.0,98.01058131972789,0,-1.3463704778107877,False
2025-02-22,971651.0,98.01058131972789,0,-30.786792339933267,False
2025-02-23,872727.0,98.01058131972789,0,-10.181021786629152,False
2025-02-24,1360557.0,98.01058131972789,0,55.897204967876554,False
2025-02-25,1417420.0,98.01058131972789,0,4.179391234619345,False
2025-02-26,1435516.0,98.01058131972789,0,1.2766858094283906,False
2025-02-27,1418614.0,98.01058131972789,0,-1.1774163436701457,False
2025-02-28,1449543.0,98.01058131972789,0,2.180226615555747,False
2025-03-01,943822.0,90.63539259659865,0,-34.88830617649838,False
2025-03-02,705321.0,90.63539259659865,0,-25.26970127841902,False
2025-03-03,1305936.0,90.63539259659865,0,85.15484439000114,False
2025-03-04,1352122.0,90.63539259659865,0,3.5366204775731713,False
2025-03-05,1368301.0,90.63539259659865,0,1.1965636236966892,False
2025-03-06,1354861.0,90.63539259659865,0,-0.9822400188262637,False
2025-03-07,1368784.0,90.63539259659865,0,1.0276330929888777,False
2025-03-08,834804.0,90.63539259659865,0,-39.01126839589008,False
2025-03-09,775429.0,90.63539259659865,0,-7.1124479518545725,False
2025-03-10,1338204.0,90.63539259659865,0,72.5759547295755,False
2025-03-11,1374251.0,83.3616614217687,0,2.6936849688089515,False
2025-03-12,1381118.0,83.3616614217687,0,0.49969037679433725,False
2025-03-13,1376796.0,83.3616614217687,0,-0.3129348831888423,False
2025-03-14,1395045.0,83.3616614217687,0,1.3254686968875662,False
2025-03-15,895736.0,83.3616614217687,0,-35.79160528871829,False
2025-03-16,783166.0,83.3616614217687,0,-12.567318942188322,False
2025-03-17,1285537.0,83.3616614217687,0,64.14617079903877,False
2025-03-18,799286.0,83.3616614217687,0,-37.82473783329456,False
2025-03-19,1383358.0,83.3616614217687,0,73.07421874022566,False
2025-03-20,1373692.0,83.3616614217687,0,-0.6987345285891289,False
2025-03-21,1388607.0,88.22761736666666,0,1.085760126724189,False
2025-03-22,902084.0,88.22761736666666,0,-35.03676706224296,False
2025-03-23,773432.0,88.22761736666666,0,-14.26164303989429,False
2025-03-24,1335103.0,88.22761736666666,0,72.62060530208214,False
2025-03-25,1370543.0,88.22761736666666,0,2.654476845606668,False
2025-03-26,1386447.0,88.22761736666666,0,1.1604159811111403,False
2025-03-27,1334549.0,88.22761736666666,0,-3.7432372099330147,False
2025-03-28,1292026.0,88.22761736666666,0,-3.186319872855925,False
2025-03-29,832276.0,88.22761736666666,0,-35.583649245448626,False
2025-03-30,805928.0,88.22761736666666,0,-3.1657767375245727,False
2025-03-31,866197.0,88.22761736666666,0,7.4782114531323,False
2025-04-01,843998.0,117.54037842857143,1,-2.5628119238464198,True
2025-04-02,1030454.0,117.54037842857143,1,22.091995478662273,True
2025-04-03,1062955.0,117.54037842857143,1,3.1540466629272235,True
2025-04-04,1056310.0,117.54037842857143,1,-0.6251440559572163,True
2025-04-05,818068.0,117.54037842857143,1,-22.554174437428408,True
2025-04-06,804557.0,117.54037842857143,1,-1.651574196766037,True
2025-04-07,1326675.0,117.54037842857143,1,64.89509133597744,True
2025-04-08,1380648.0,117.54037842857143,1,4.06829102832269,True
2025-04-09,1390710.0,117.54037842857143,1,0.7287882211830965,True
2025-04-10,1394630.0,117.54037842857143,1,0.2818704115164161,True
2025-04-11,1398427.0,91.22278857142857,0,0.2722585918845777,False
2025-04-12,967707.0,91.22278857142857,0,-30.80032064598295,False
2025-04-13,885500.0,91.22278857142857,0,-8.49503000391647,False
2025-04-14,1369469.0,91.22278857142857,0,54.65488424618859,False
2025-04-15,1422215.0,91.22278857142857,0,3.851565825878489,False
2025-04-16,1470778.0,91.22278857142857,0,3.4146032772822688,False
2025-04-17,1434987.0,91.22278857142857,0,-2.4334739845170428,False
2025-04-18,1449115.0,91.22278857142857,0,0.984538535889179,False
2025-04-19,1020364.0,91.22278857142857,0,-29.587092811819627,False
2025-04-20,915084.0,91.22278857142857,0,-10.31788655813024,False
2025-04-21,1363260.0,82.69713346938775,0,48.97648740443501,False
2025-04-22,1406570.0,82.69713346938775,0,3.176943503073515,False
2025-04-23,1400777.0,82.69713346938775,0,-0.4118529472404542,False
2025-04-24,1416213.0,82.69713346938775,0,1.1019598408597453,False
2025-04-25,1419266.0,82.69713346938775,0,0.21557491704990994,False
2025-04-26,1017446.0,82.69713346938775,0,-28.31181751694185,False
2025-04-27,855471.0,82.69713346938775,0,-15.919763800732422,False
2025-04-28,1363325.0,82.69713346938775,0,59.36542559595826,False
2025-04-29,1403328.0,82.69713346938775,0,2.9342233143234475,False
2025-04-30,1491793.0,82.69713346938775,0,6.303943197883877,False
2025-05-01,940886.0,79.1530738707483,0,-36.92918521537506,False
2025-05-02,1338485.0,79.1530738707483,0,42.257935605376204,False
2025-05-03,963174.0,79.1530738707483,0,-28.039985506001187,False
2025-05-04,843152.0,79.1530738707483,0,-12.461092180644407,False
2025-05-05,1384798.0,79.1530738707483,0,64.24061142000494,False
2025-05-06,1416183.0,79.1530738707483,0,2.2663955320559426,False
2025-05-07,1426151.0,79.1530738707483,0,0.7038638368064065,False
2025-05-08,1415069.0,79.1530738707483,0,-0.7770565669413698,False
2025-05-09,1432278.0,79.1530738707483,0,1.2161244434016893,False
2025-05-10,1031214.0,79.1530738707483,0,-28.001826461064127,False
2025-05-11,954453.0,78.00728923129252,0,-7.443750763663026,False
2025-05-12,841830.0,78.00728923129252,0,-11.799742889382713,False
2025-05-13,1399086.0,78.00728923129252,0,66.19578774812015,False
2025-05-14,1414024.0,78.00728923129252,0,1.067697053647887,False
2025-05-15,1402487.0,78.00728923129252,0,-0.8158984571690397,False
2025-05-16,1380966.0,78.00728923129252,0,-1.5344883767193562,False
2025-05-17,921413.0,78.00728923129252,0,-33.27764767561258,False
2025-05-18,819583.0,78.00728923129252,0,-11.051504591317896,False
2025-05-19,1340552.0,78.00728923129252,0,63.565130072244045,False
2025-05-20,1403845.0,78.00728923129252,0,4.72141326856399,False
2025-05-21,1435467.0,94.18280646258503,0,2.252527878790045,False
2025-05-22,1424329.0,94.18280646258503,0,-0.7759147371552255,False
2025-05-23,1443633.0,94.18280646258503,0,1.355304848809502,False
2025-05-24,1071421.0,94.18280646258503,0,-25.783007177031834,False
2025-05-25,896353.0,94.18280646258503,0,-16.339795467887974,False
2025-05-26,1292313.0,94.18280646258503,0,44.17456069204877,False
2025-05-27,1317741.0,94.18280646258503,0,1.9676347757857426,False
2025-05-28,1443630.0,94.18280646258503,0,9.553394786987734,False
2025-05-29,1473886.0,94.18280646258503,0,2.0958278783344664,False
2025-05-30,1473370.0,94.18280646258503,0,-0.0350094919145727,False
2025-05-31,1095103.0,94.18280646258503,0,-25.673591833687393,False
2025-06-01,1058669.0,79.26005174829932,0,-3.326992986047883,False
2025-06-02,868839.0,79.26005174829932,0,-17.931005819571556,False
2025-06-03,1400316.0,79.26005174829932,0,61.17094191213792,False
2025-06-04,1421234.0,79.26005174829932,0,1.4938056838599278,False
2025-06-05,1390639.0,79.26005174829932,0,-2.1527067323185323,False
2025-06-06,1266706.0,79.26005174829932,0,-8.91194623478847,False
2025-06-07,906253.0,79.26005174829932,0,-28.455932157896147,False
2025-06-08,921954.0,79.26005174829932,0,1.7325184026977025,False
2025-06-09,1253377.0,79.26005174829932,0,35.94788894022911,False
2025-06-10,1428641.0,79.26005174829932,0,13.983342601627434,False
2025-06-11,1426918.0,59.97165253741497,0,-0.12060412657903807,False
2025-06-12,1402379.0,59.97165253741497,0,-1.7197204043960523,False
2025-06-13,1386122.0,59.97165253741497,0,-1.1592443982689438,False
2025-06-14,947613.0,59.97165253741497,0,-31.63567131897481,False
2025-06-15,850238.0,59.97165253741497,0,-10.275819348193826,False
2025-06-16,1360401.0,59.97165253741497,0,60.00237580536274,False
2025-06-17,1415246.0,59.97165253741497,0,4.031531879203265,False
2025-06-18,1423971.0,59.97165253741497,0,0.6165005942429858,False
2025-06-19,1402919.0,59.97165253741497,0,-1.4784008944002336,False
2025-06-20,1391857.0,59.97165253741497,0,-0.788498837067575,False
2025-06-21,959675.0,44.50165885714286,0,-31.050747310966575,False
2025-06-22,879335.0,44.50165885714286,0,-8.37158413004403,False
2025-06-23,1372407.0,44.50165885714286,0,56.0732826510943,False
2025-06-24,1404132.0,44.50165885714286,0,2.311632045012879,False
2025-06-25,1429160.0,44.50165885714286,0,1.7824535015226406,False
2025-06-26,1433087.0,44.50165885714286,0,0.2747767919617061,False
2025-06-27,896072.0,44.50165885714286,0,-37.47260284965254,False
2025-06-28,941264.0,44.50165885714286,0,5.043344731226962,False
2025-06-29,838880.0,44.50165885714286,0,-10.877288412177666,False
2025-06-30,1351524.0,44.50165885714286,0,61.11052832347892,False
2025-07-01,1407300.0,47.93869314285714,0,4.126896747671527,False
2025-07-02,1416702.0,47.93869314285714,0,0.6680878277552704,False
2025-07-03,1411164.0,47.93869314285714,0,-0.3909078973559743,False
2025-07-04,1413503.0,47.93869314285714,0,0.1657496931610991,False
2025-07-05,975444.0,47.93869314285714,0,-30.991020181775355,False
2025-07-06,870615.0,47.93869314285714,0,-10.746798381044941,False
2025-07-07,1395749.0,47.93869314285714,0,60.31759158755592,False
2025-07-08,1443629.0,47.93869314285714,0,3.430416213803489,False
2025-07-09,1462081.0,47.93869314285714,0,1.2781677286892945,False
2025-07-10,1451518.0,47.93869314285714,0,-0.7224633929310387,False
2025-07-11,1449588.0,48.05056607482993,0,-0.13296424846264143,False
2025-07-12,1007940.0,48.05056607482993,0,-30.467139628639305,False
2025-07-13,891380.0,48.05056607482993,0,-11.56418040756394,False
2025-07-14,1401835.0,48.05056607482993,0,57.26570037469991,False
2025-07-15,1454232.0,48.05056607482993,0,3.737743743022537,False
2025-07-16,1467727.0,48.05056607482993,0,0.9279812299550549,False
2025-07-17,1441514.0,48.05056607482993,0,-1.7859588329437237,False
2025-07-18,1448220.0,48.05056607482993,0,0.4652053327265593,False
2025-07-19,981886.0,48.05056607482993,0,-32.200494400022095,False
2025-07-20,852943.0,48.05056607482993,0,-13.132176240418946,False
2025-07-21,1389447.0,28.25717826530612,0,62.90033448894006,False
2025-07-22,1417145.0,28.25717826530612,0,1.9934549500628673,False
2025-07-23,1453623.0,28.25717826530612,0,2.574048527144357,False
2025-07-24,1448108.0,28.25717826530612,0,-0.3793968587453511,False
2025-07-25,1452612.0,28.25717826530612,0,0.3110265256458744,False
2025-07-26,1016290.0,28.25717826530612,0,-30.037064267677817,False
2025-07-27,845468.0,28.25717826530612,0,-16.808391305631265,False
2025-07-28,1376686.0,28.25717826530612,0,62.831236664190726,False
2025-07-29,1408583.0,28.25717826530612,0,2.3169408274653858,False
2025-07-30,1432932.0,28.25717826530612,0,1.7286166310398476,False
2025-07-31,1418244.0,28.25717826530612,0,-1.0250311947810453,False
2025-08-01,1427891.0,82.278120292517,0,0.6802073550108423,False
2025-08-02,986624.0,82.278120292517,0,-30.90340929384666,False
2025-08-03,880572.0,82.278120292517,0,-10.748978334198235,False
2025-08-04,1387859.0,82.278120292517,0,57.60880427721982,False
2025-08-05,1450820.0,82.278120292517,0,4.536555946965803,False
2025-08-06,1468058.0,82.278120292517,0,1.1881556636936352,False
2025-08-07,1460071.0,82.278120292517,0,-0.5440520742368449,False
2025-08-08,1456886.0,82.278120292517,0,-0.2181400767496955,False
2025-08-09,1014367.0,82.278120292517,0,-30.37430519615124,False
2025-08-10,909733.0,82.278120292517,0,-10.315201500048799,False
2025-08-11,1430509.0,86.75507489795919,0,57.244927907419,False
2025-08-12,1469024.0,86.75507489795919,0,2.6923983001854612,False
2025-08-13,1482600.0,86.75507489795919,0,0.9241510009366793,False
2025-08-14,1449657.0,86.75507489795919,0,-2.221974908943747,False
2025-08-15,1467236.0,86.75507489795919,0,1.2126316777003154,False
2025-08-16,1019681.0,86.75507489795919,0,-30.503272820459692,False
2025-08-17,891028.0,86.75507489795919,0,-12.616985115933321,False
2025-08-18,1399560.0,86.75507489795919,0,57.072505016677354,False
2025-08-19,1443993.0,86.75507489795919,0,3.17478350338678,False
2025-08-20,1464474.0,86.75507489795919,0,1.4183586762539724,False
2025-08-21,1423856.0,79.53705190476191,0,-2.773555556466012,False
2025-08-22,1439794.0,79.53705190476191,0,1.1193547662123216,False
2025-08-23,989492.0,79.53705190476191,0,-31.275446348574864,False
2025-08-24,864631.0,79.53705190476191,0,-12.618697270922862,False
2025-08-25,1392501.0,79.53705190476191,0,61.05147745107451,False
2025-08-26,1426951.0,79.53705190476191,0,2.4739659073853337,False
2025-08-27,1433527.0,79.53705190476191,0,0.4608427339130694,False
2025-08-28,1415501.0,79.53705190476191,0,-1.2574580039301675,False
2025-08-29,1437027.0,79.53705190476191,0,1.5207336483690215,False
2025-08-30,1106287.0,79.53705190476191,0,-23.01557312423497,False
2025-08-31,1146582.0,79.53705190476191,0,3.6423640520045986,False
2025-09-01,819062.0,124.0499388027211,1,-28.56489985016335,True
2025-09-02,1389651.0,124.0499388027211,1,69.66371288132034,True
2025-09-03,1402406.0,124.0499388027211,1,0.9178563538615014,True
2025-09-04,1438463.0,124.0499388027211,1,2.571081412943177,True
2025-09-05,910304.0,124.0499388027211,1,-36.71689852293733,True
2025-09-06,917600.0,124.0499388027211,1,0.8014904910886855,True
2025-09-07,828895.0,124.0499388027211,1,-9.667066259808198,True
2025-09-08,1377414.0,124.0499388027211,1,66.17472659383878,True
2025-09-09,1427385.0,124.0499388027211,1,3.627885298102096,True
2025-09-10,1439522.0,124.0499388027211,1,0.8502961709699886,True
2025-09-11,1425193.0,100.37853253061223,1,-0.9953998618986049,True
2025-09-12,1428802.0,100.37853253061223,1,0.25322886093321895,True
2025-09-13,990377.0,100.37853253061223,1,-30.68479747368774,True
2025-09-14,964581.0,100.37853253061223,1,-2.604664688295466,True
2025-09-15,948717.0,100.37853253061223,1,-1.6446519265878146,True
2025-09-16,871837.0,100.37853253061223,1,-8.103575671143236,True
2025-09-17,1398060.0,100.37853253061223,1,60.35795681991014,True
2025-09-18,1400326.0,100.37853253061223,1,0.1620817418422682,True
2025-09-19,1361668.0,100.37853253061223,1,-2.760642878872488,True
2025-09-20,935902.0,100.37853253061223,1,-31.267974278605358,True
2025-09-21,788071.0,66.83520720408164,0,-15.795564065468392,False
2025-09-22,1356448.0,66.83520720408164,0,72.12256256098752,False
2025-09-23,1397824.0,66.83520720408164,0,3.0503196584019454,False
2025-09-24,1415575.0,66.83520720408164,0,1.269902362529196,False
2025-09-25,1412531.0,66.83520720408164,0,-0.21503629267258795,False
2025-09-26,1400040.0,66.83520720408164,0,-0.8842991764428487,False
2025-09-27,937096.0,66.83520720408164,0,-33.066483814748146,False
2025-09-28,816506.0,66.83520720408164,0,-12.868478789793148,False
2025-09-29,1350847.0,66.83520720408164,0,65.44238499165958,False
2025-09-30,1400381.0,66.83520720408164,0,3.6668845546534934,False
2025-10-01,1425853.0,95.97153691836735,0,1.8189335616521474,False
2025-10-02,1437270.0,95.97153691836735,0,0.8007136780579849,False
2025-10-03,1455569.0,95.97153691836735,0,1.2731776214629065,False
2025-10-04,1061700.0,95.97153691836735,0,-27.059452351623314,False
2025-10-05,930728.0,95.97153691836735,0,-12.336064801733071,False
2025-10-06,1388684.0,95.97153691836735,0,49.204063915558585,False
2025-10-07,1452024.0,95.97153691836735,0,4.561152861270101,False
2025-10-08,1476597.0,95.97153691836735,0,1.6923273995471222,False
2025-10-09,1430484.0,95.97153691836735,0,-3.122923858033033,False
2025-10-10,1476082.0,95.97153691836735,0,3.1875924512263065,False
2025-10-11,999682.0,102.39827517006803,1,-32.27462972924269,True
2025-10-12,865200.0,102.39827517006803,1,-13.452477887968373,True
2025-10-13,1397336.0,102.39827517006803,1,61.50439204808136,True
2025-10-14,1438715.0,102.39827517006803,1,2.961277745653157,True
2025-10-15,1459063.0,102.39827517006803,1,1.4143176376141264,True
2025-10-16,1459758.0,102.39827517006803,1,0.047633309870787066,True
2025-10-17,1456115.0,102.39827517006803,1,-0.2495619136870686,True
2025-10-18,996026.0,102.39827517006803,1,-31.59702358673594,True
2025-10-19,969668.0,102.39827517006803,1,-2.64631646161847,True
2025-10-20,865131.0,102.39827517006803,1,-10.780700198418424,True
2025-10-21,1301313.0,96.25991402721088,0,50.41802917708416,False
2025-10-22,1310631.0,96.25991402721088,0,0.7160460242847,False
2025-10-23,1287489.0,96.25991402721088,0,-1.765714377273242,False
2025-10-24,1320413.0,96.25991402721088,0,2.557225731637325,False
2025-10-25,901451.0,96.25991402721088,0,-31.72961793014761,False
2025-10-26,756848.0,96.25991402721088,0,-16.041138120652143,False
2025-10-27,1145396.0,96.25991402721088,0,51.33765300298079,False
2025-10-28,1206685.0,96.25991402721088,0,5.350900474595677,False
2025-10-29,1386967.0,96.25991402721088,0,14.940270244512854,False
2025-10-30,1392098.0,96.25991402721088,0,0.3699439135898652,False
2025-10-31,1412911.0,96.25991402721088,0,1.4950815244328952,False
2025-11-01,959714.0,128.23499733333333,1,-32.075410270002855,True
2025-11-02,845002.0,128.23499733333333,1,-11.952727583425894,True
2025-11-03,1358341.0,128.23499733333333,1,60.75003372773082,True
2025-11-04,1397487.0,128.23499733333333,1,2.8818978445029675,True
2025-11-05,1421204.0,128.23499733333333,1,1.6971177549415462,True
2025-11-06,1425279.0,128.23499733333333,1,0.2867287173410782,True
2025-11-07,1453055.0,128.23499733333333,1,1.9488114256927869,True
2025-11-08,999189.0,128.23499733333333,1,-31.235293915233765,True
2025-11-09,908391.0,128.23499733333333,1,-9.087169694622343,True
2025-11-10,1392927.0,128.23499733333333,1,53.340026486391864,True
2025-11-11,1441014.0,169.00212253741495,1,3.452226857545293,True
2025-11-12,1443608.0,169.00212253741495,1,0.18001213034710695,True
2025-11-13,1419150.0,169.00212253741495,1,-1.694227241744295,True
2025-11-14,1417086.0,169.00212253741495,1,-0.145439171334949,True
2025-11-15,952117.0,169.00212253741495,1,-32.811628934306036,True
2025-11-16,852609.0,169.00212253741495,1,-10.451236560212662,True
2025-11-17,1378478.0,169.00212253741495,1,61.67762714210148,True
2025-11-18,1441322.0,169.00212253741495,1,4.5589410930025664,True
2025-11-19,1450782.0,169.00212253741495,1,0.65634188612953,True
2025-11-20,1444193.0,169.00212253741495,1,-0.4541688551415679,True
2025-11-21,1427723.0,295.80907220408164,1,-1.1404292916528447,True
2025-11-22,993549.0,295.80907220408164,1,-30.41024064191723,True
2025-11-23,836083.0,295.80907220408164,1,-15.848840872468294,True
2025-11-24,1321763.0,295.80907220408164,1,58.08992647859124,True
2025-11-25,1411825.0,295.80907220408164,1,6.8137782643333145,True
2025-11-26,1435675.0,295.80907220408164,1,1.6893028526906662,True
2025-11-27,1417247.0,295.80907220408164,1,-1.283577411322201,True
2025-11-28,1401358.0,295.80907220408164,1,-1.1211172082212895,True
2025-11-29,998131.0,295.80907220408164,1,-28.77401777418761,True
2025-11-30,871813.0,295.80907220408164,1,-12.655453041734999,True
2025-12-01,1369421.0,68.12471627210884,0,57.07737783217273,False
2025-12-02,1422142.0,68.12471627210884,0,3.84987523924345,False
2025-12-03,1431912.0,68.12471627210884,0,0.6869918756354787,False
2025-12-04,1439686.0,68.12471627210884,0,0.5429104581845756,False
2025-12-05,1455033.0,68.12471627210884,0,1.0659963353120139,False
2025-12-06,1050952.0,68.12471627210884,0,-27.771260170731527,False
2025-12-07,966460.0,68.12471627210884,0,-8.039567934596437,False
2025-12-08,1398599.0,68.12471627210884,0,44.71359394077354,False
2025-12-09,1425662.0,68.12471627210884,0,1.9350078185384145,False
2025-12-10,1448706.0,68.12471627210884,0,1.6163719030176882,False
2025-12-11,1346786.0,141.05350530612247,1,-7.03524386590516,True
2025-12-12,1382121.0,141.05350530612247,1,2.623653646533297,True
2025-12-13,976082.0,141.05350530612247,1,-29.37796328975538,True
2025-12-14,941491.0,141.05350530612247,1,-3.543862093553618,True
2025-12-15,1354449.0,141.05350530612247,1,43.862129324656316,True
2025-12-16,1389868.0,141.05350530612247,1,2.6150117132501816,True
2025-12-17,1413124.0,141.05350530612247,1,1.6732524239712054,True
2025-12-18,1397932.0,141.05350530612247,1,-1.0750648916867833,True
2025-12-19,1404675.0,141.05350530612247,1,0.48235536492475806,True
2025-12-20,1053007.0,141.05350530612247,1,-25.035542029295033,True
2025-12-21,967087.0,118.36783291836734,1,-8.15948991792077,True
2025-12-22,1350673.0,118.36783291836734,1,39.66406331591676,True
2025-12-23,1380895.0,118.36783291836734,1,2.237551205954369,True
2025-12-24,1392293.0,118.36783291836734,1,0.825406710865062,True
2025-12-25,1016236.0,118.36783291836734,1,-27.009903806167234,True
2025-12-26,1181230.0,118.36783291836734,1,16.235795622276704,True
2025-12-27,977982.0,118.36783291836734,1,-17.206471220676754,True
2025-12-28,875847.0,118.36783291836734,1,-10.443443744363389,True
2025-12-29,1243458.0,118.36783291836734,1,41.97205676333879,True
2025-12-30,1279647.0,118.36783291836734,1,2.9103516162186427,True
2025-12-31,1708310.0,118.36783291836734,1,33.498535142894866,True
2026-01-01,972255.0,93.69871739387756,0,-43.08673484320762,False
2026-01-02,1207803.0,93.69871739387756,0,24.22697749047318,False
2026-01-03,925550.0,93.69871739387756,0,-23.369125594157325,False
2026-01-04,823426.0,93.69871739387756,0,-11.03387175193128,False
2026-01-05,1368889.0,93.69871739387756,0,66.2431110992366,False
2026-01-06,1414029.0,93.69871739387756,0,3.2975646674054726,False
2026-01-07,1433839.0,93.69871739387756,0,1.4009613664217602,False
2026-01-08,1402582.0,93.69871739387756,0,-2.1799518634937343,False
2026-01-09,1400187.0,93.69871739387756,0,-0.17075650478902693,False
2026-01-10,1043478.0,93.69871739387756,0,-25.475811445185535,False
2026-01-11,861719.0,29.047504910884353,0,-17.418575187977126,False
2026-01-12,1384229.0,29.047504910884353,0,60.63577569950298,False
2026-01-13,1443897.0,29.047504910884353,0,4.31055844083601,False
2026-01-14,1462397.0,29.047504910884353,0,1.2812548263484214,False
2026-01-15,1436378.0,29.047504910884353,0,-1.7792022275756825,False
2026-01-16,1467777.0,29.047504910884353,0,2.185984469269231,False
2026-01-17,973381.0,29.047504910884353,0,-33.68331837874554,False
2026-01-18,852932.0,29.047504910884353,0,-12.374291259023963,False
2026-01-19,1414254.0,29.047504910884353,0,65.81087355146718,False
2026-01-20,1460155.0,29.047504910884353,0,3.245598032602337,False
2026-01-21,1466431.0,39.9058160585034,0,0.4298173824011764,False
2026-01-22,1453205.0,39.9058160585034,0,-0.901917649040429,False
2026-01-23,1458972.0,39.9058160585034,0,0.3968469692851251,False
2026-01-24,973592.0,39.9058160585034,0,-33.26863024101902,False
2026-01-25,861592.0,39.9058160585034,0,-11.503792142909964,False
2026-01-26,1421353.0,39.9058160585034,0,64.96822161765661,False
2026-01-27,1462959.0,39.9058160585034,0,2.927210903976696,False
2026-01-28,1483084.0,39.9058160585034,0,1.3756366378005147,False
2026-01-29,1466486.0,39.9058160585034,0,-1.1191544106739726,False
2026-01-30,1544499.0,39.9058160585034,0,5.319723475028071,False
2026-01-31,1175536.0,39.9058160585034,0,-23.88884680404455,False
2026-02-01,1090899.0,42.91223167142857,0,-7.199864572416326,False
2026-02-02,841334.0,42.91223167142857,0,-22.877003278946994,False
2026-02-03,1067090.0,42.91223167142857,0,26.833100766164208,False
2026-02-04,1487475.0,42.91223167142857,0,39.39545867733742,False
2026-02-05,1506365.0,42.91223167142857,0,1.26993730987075,False
2026-02-06,1527835.0,42.91223167142857,0,1.4252853724030956,False
2026-02-07,1133762.0,42.91223167142857,0,-25.792903029450166,False
2026-02-08,988834.0,42.91223167142857,0,-12.782929750688421,False
2026-02-09,1515448.0,42.91223167142857,0,53.25605713395778,False
2026-02-10,1562571.0,42.91223167142857,0,3.1095095311749477,False
2026-02-11,1571052.0,131.71612301360543,1,0.5427593370157302,True
2026-02-12,1565410.0,131.71612301360543,1,-0.35912242242777115,True
2026-02-13,1583000.0,131.71612301360543,1,1.1236672820539084,True
2026-02-14,1114281.0,131.71612301360543,1,-29.609538850284267,True
2026-02-15,941912.0,131.71612301360543,1,-15.46907826661318,True
2026-02-16,1155597.0,131.71612301360543,1,22.6863019050612,True
2026-02-17,893050.0,131.71612301360543,1,-22.719598614395853,True
2026-02-18,809937.0,131.71612301360543,1,-9.306645764514865,True
2026-02-19,941332.0,131.71612301360543,1,16.222866716794027,True
2026-02-20,1016003.0,131.71612301360543,1,7.9324829071995895,True
2026-02-21,727445.0,79.78586009183674,0,-28.40129409066705,False
2026-02-22,681617.0,79.78586009183674,0,-6.2998577212022955,False
2026-02-23,1345256.0,79.78586009183674,0,97.36244841311176,False
2026-02-24,1371681.0,79.78586009183674,0,1.964310138739389,False
2026-02-25,1369631.0,79.78586009183674,0,-0.14945165822082274,False
2026-02-26,1406708.0,79.78586009183674,0,2.7070794980545765,False
2026-02-27,1422325.0,79.78586009183674,0,1.1101806487202825,False
2026-02-28,873670.0,79.78586009183674,0,-38.574517075914436,False
2026-03-01,900735.0,64.60223804013606,0,3.0978515915620397,False
2026-03-02,1406324.0,64.60223804013606,0,56.130715471254035,False
2026-03-03,1443507.0,64.60223804013606,0,2.643985312061803,False
2026-03-04,1456988.0,64.60223804013606,0,0.9339061050621877,False
2026-03-05,1457269.0,64.60223804013606,0,0.019286363374293458,False
2026-03-06,1454651.0,64.60223804013606,0,-0.17965111451626603,False
2026-03-07,938386.0,64.60223804013606,0,-35.490643460183925,False
2026-03-08,860286.0,64.60223804013606,0,-8.322801064807017,False
2026-03-09,1426457.0,64.60223804013606,0,65.81195090934875,False
2026-03-10,1477064.0,64.60223804013606,0,3.547741011471084,False
2026-03-11,1419737.0,33.24551019727891,0,-3.881145299052713,False
2026-03-12,1470952.0,33.24551019727891,0,3.6073582642419,False
2026-03-13,1474989.0,33.24551019727891,0,0.2744481125148912,False
2026-03-14,971577.0,33.24551019727891,0,-34.12988164657499,False
2026-03-15,849301.0,33.24551019727891,0,-12.585312332424504,False
2026-03-16,1425282.0,33.24551019727891,0,67.81824111828433,False
2026-03-17,1485712.0,33.24551019727891,0,4.239862707871134,False
2026-03-18,1404273.0,33.24551019727891,0,-5.481479586891669,False
2026-03-19,1191885.0,33.24551019727891,0,-15.12440956993405,False
2026-03-20,812309.0,33.24551019727891,0,-31.846696619220815,False
2026-03-21,904038.0,39.33623178367347,0,11.292377654316276,False
2026-03-22,936484.0,39.33623178367347,0,3.5890084266369415,False
2026-03-23,787308.0,39.33623178367347,0,-15.929369855758345,False
2026-03-24,1100132.0,39.33623178367347,0,39.73336991368055,False
2026-03-25,1196641.0,39.33623178367347,0,8.772492755414806,False
2026-03-26,1258338.0,39.33623178367347,0,5.155848746616565,False
2026-03-27,1251542.0,39.33623178367347,0,-0.5400774672623676,False
2026-03-28,862758.0,39.33623178367347,0,-31.064398957446095,False
2026-03-29,793483.0,39.33623178367347,0,-8.029482195470806,False
2026-03-30,1373696.0,39.33623178367347,0,73.12229751614086,False
2026-03-31,1441377.0,39.33623178367347,0,4.926927063920994,False
