date,ron95,ron97,diesel,diesel_eastmsia,ron95_budi95,ron95_skps,ron95_pct_chg,ron97_pct_chg,diesel_pct_chg
2019-01-01,2.2,2.5,2.18,2.18,1.99,2.05,0.0,0.0,0.0
2019-01-02,2.2,2.5,2.18,2.18,1.99,2.05,0.0,0.0,0.0
2019-01-03,2.2,2.5,2.18,2.18,1.99,2.05,0.0,0.0,0.0
2019-01-04,2.2,2.5,2.18,2.18,1.99,2.05,0.0,0.0,0.0
2019-01-05,1.93,2.23,2.04,2.04,1.99,2.05,-0.1227272727272728,-0.10799999999999998,-0.06422018348623859
2019-01-06,1.93,2.23,2.04,2.04,1.99,2.05,0.0,0.0,0.0
2019-01-07,1.93,2.23,2.04,2.04,1.99,2.05,0.0,0.0,0.0
2019-01-08,1.93,2.23,2.04,2.04,1.99,2.05,0.0,0.0,0.0
2019-01-09,1.93,2.23,2.04,2.04,1.99,2.05,0.0,0.0,0.0
2019-01-10,1.93,2.23,2.04,2.04,1.99,2.05,0.0,0.0,0.0
2019-01-11,1.93,2.23,2.04,2.04,1.99,2.05,0.0,0.0,0.0
2019-01-12,1.92,2.22,2.05,2.05,1.99,2.05,-0.005181347150259086,-0.004484304932735328,0.004901960784313708
2019-01-13,1.92,2.22,2.05,2.05,1.99,2.05,0.0,0.0,0.0
2019-01-14,1.92,2.22,2.05,2.05,1.99,2.05,0.0,0.0,0.0
2019-01-15,1.92,2.22,2.05,2.05,1.99,2.05,0.0,0.0,0.0
2019-01-16,1.92,2.22,2.05,2.05,1.99,2.05,0.0,0.0,0.0
2019-01-17,1.92,2.22,2.05,2.05,1.99,2.05,0.0,0.0,0.0
2019-01-18,1.92,2.22,2.05,2.05,1.99,2.05,0.0,0.0,0.0
2019-01-19,1.98,2.28,2.17,2.17,1.99,2.05,0.03125,0.02702702702702675,0.05853658536585371
2019-01-20,1.98,2.28,2.17,2.17,1.99,2.05,0.0,0.0,0.0
2019-01-21,1.98,2.28,2.17,2.17,1.99,2.05,0.0,0.0,0.0
2019-01-22,1.98,2.28,2.17,2.17,1.99,2.05,0.0,0.0,0.0
2019-01-23,1.98,2.28,2.17,2.17,1.99,2.05,0.0,0.0,0.0
2019-01-24,1.98,2.28,2.17,2.17,1.99,2.05,0.0,0.0,0.0
2019-01-25,1.98,2.28,2.17,2.17,1.99,2.05,0.0,0.0,0.0
2019-01-26,1.98,2.28,2.18,2.18,1.99,2.05,0.0,0.0,0.004608294930875667
2019-01-27,1.98,2.28,2.18,2.18,1.99,2.05,0.0,0.0,0.0
2019-01-28,1.98,2.28,2.18,2.18,1.99,2.05,0.0,0.0,0.0
2019-01-29,1.98,2.28,2.18,2.18,1.99,2.05,0.0,0.0,0.0
2019-01-30,1.98,2.28,2.18,2.18,1.99,2.05,0.0,0.0,0.0
2019-01-31,1.98,2.28,2.18,2.18,1.99,2.05,0.0,0.0,0.0
2019-02-01,1.98,2.28,2.18,2.18,1.99,2.05,0.0,0.0,0.0
2019-02-02,1.93,2.23,2.18,2.18,1.99,2.05,-0.025252525252525304,-0.021929824561403466,0.0
2019-02-03,1.93,2.23,2.18,2.18,1.99,2.05,0.0,0.0,0.0
2019-02-04,1.93,2.23,2.18,2.18,1.99,2.05,0.0,0.0,0.0
2019-02-05,1.93,2.23,2.18,2.18,1.99,2.05,0.0,0.0,0.0
2019-02-06,1.93,2.23,2.18,2.18,1.99,2.05,0.0,0.0,0.0
2019-02-07,1.93,2.23,2.18,2.18,1.99,2.05,0.0,0.0,0.0
2019-02-08,1.93,2.23,2.18,2.18,1.99,2.05,0.0,0.0,0.0
2019-02-09,1.97,2.27,2.18,2.18,1.99,2.05,0.020725388601036343,0.017937219730941756,0.0
2019-02-10,1.97,2.27,2.18,2.18,1.99,2.05,0.0,0.0,0.0
2019-02-11,1.97,2.27,2.18,2.18,1.99,2.05,0.0,0.0,0.0
2019-02-12,1.97,2.27,2.18,2.18,1.99,2.05,0.0,0.0,0.0
2019-02-13,1.97,2.27,2.18,2.18,1.99,2.05,0.0,0.0,0.0
2019-02-14,1.97,2.27,2.18,2.18,1.99,2.05,0.0,0.0,0.0
2019-02-15,1.97,2.27,2.18,2.18,1.99,2.05,0.0,0.0,0.0
2019-02-16,1.98,2.28,2.18,2.18,1.99,2.05,0.0050761421319796,0.004405286343612147,0.0
2019-02-17,1.98,2.28,2.18,2.18,1.99,2.05,0.0,0.0,0.0
2019-02-18,1.98,2.28,2.18,2.18,1.99,2.05,0.0,0.0,0.0
2019-02-19,1.98,2.28,2.18,2.18,1.99,2.05,0.0,0.0,0.0
2019-02-20,1.98,2.28,2.18,2.18,1.99,2.05,0.0,0.0,0.0
2019-02-21,1.98,2.28,2.18,2.18,1.99,2.05,0.0,0.0,0.0
2019-02-22,1.98,2.28,2.18,2.18,1.99,2.05,0.0,0.0,0.0
2019-02-23,2.08,2.38,2.18,2.18,1.99,2.05,0.05050505050505061,0.043859649122807154,0.0
2019-02-24,2.08,2.38,2.18,2.18,1.99,2.05,0.0,0.0,0.0
2019-02-25,2.08,2.38,2.18,2.18,1.99,2.05,0.0,0.0,0.0
2019-02-26,2.08,2.38,2.18,2.18,1.99,2.05,0.0,0.0,0.0
2019-02-27,2.08,2.38,2.18,2.18,1.99,2.05,0.0,0.0,0.0
2019-02-28,2.08,2.38,2.18,2.18,1.99,2.05,0.0,0.0,0.0
2019-03-01,2.08,2.38,2.18,2.18,1.99,2.05,0.0,0.0,0.0
2019-03-02,2.08,2.43,2.18,2.18,1.99,2.05,0.0,0.021008403361344685,0.0
2019-03-03,2.08,2.43,2.18,2.18,1.99,2.05,0.0,0.0,0.0
2019-03-04,2.08,2.43,2.18,2.18,1.99,2.05,0.0,0.0,0.0
2019-03-05,2.08,2.43,2.18,2.18,1.99,2.05,0.0,0.0,0.0
2019-03-06,2.08,2.43,2.18,2.18,1.99,2.05,0.0,0.0,0.0
2019-03-07,2.08,2.43,2.18,2.18,1.99,2.05,0.0,0.0,0.0
2019-03-08,2.08,2.43,2.18,2.18,1.99,2.05,0.0,0.0,0.0
2019-03-09,2.08,2.46,2.18,2.18,1.99,2.05,0.0,0.012345679012345512,0.0
2019-03-10,2.08,2.46,2.18,2.18,1.99,2.05,0.0,0.0,0.0
2019-03-11,2.08,2.46,2.18,2.18,1.99,2.05,0.0,0.0,0.0
2019-03-12,2.08,2.46,2.18,2.18,1.99,2.05,0.0,0.0,0.0
2019-03-13,2.08,2.46,2.18,2.18,1.99,2.05,0.0,0.0,0.0
2019-03-14,2.08,2.46,2.18,2.18,1.99,2.05,0.0,0.0,0.0
2019-03-15,2.08,2.46,2.18,2.18,1.99,2.05,0.0,0.0,0.0
2019-03-16,2.08,2.54,2.18,2.18,1.99,2.05,0.0,0.03252032520325199,0.0
2019-03-17,2.08,2.54,2.18,2.18,1.99,2.05,0.0,0.0,0.0
2019-03-18,2.08,2.54,2.18,2.18,1.99,2.05,0.0,0.0,0.0
2019-03-19,2.08,2.54,2.18,2.18,1.99,2.05,0.0,0.0,0.0
2019-03-20,2.08,2.54,2.18,2.18,1.99,2.05,0.0,0.0,0.0
2019-03-21,2.08,2.54,2.18,2.18,1.99,2.05,0.0,0.0,0.0
2019-03-22,2.08,2.54,2.18,2.18,1.99,2.05,0.0,0.0,0.0
2019-03-23,2.08,2.61,2.18,2.18,1.99,2.05,0.0,0.027559055118110187,0.0
2019-03-24,2.08,2.61,2.18,2.18,1.99,2.05,0.0,0.0,0.0
2019-03-25,2.08,2.61,2.18,2.18,1.99,2.05,0.0,0.0,0.0
2019-03-26,2.08,2.61,2.18,2.18,1.99,2.05,0.0,0.0,0.0
2019-03-27,2.08,2.61,2.18,2.18,1.99,2.05,0.0,0.0,0.0
2019-03-28,2.08,2.61,2.18,2.18,1.99,2.05,0.0,0.0,0.0
2019-03-29,2.08,2.61,2.18,2.18,1.99,2.05,0.0,0.0,0.0
2019-03-30,2.08,2.63,2.18,2.18,1.99,2.05,0.0,0.00766283524904221,0.0
2019-03-31,2.08,2.63,2.18,2.18,1.99,2.05,0.0,0.0,0.0
2019-04-01,2.08,2.63,2.18,2.18,1.99,2.05,0.0,0.0,0.0
2019-04-02,2.08,2.63,2.18,2.18,1.99,2.05,0.0,0.0,0.0
2019-04-03,2.08,2.63,2.18,2.18,1.99,2.05,0.0,0.0,0.0
2019-04-04,2.08,2.63,2.18,2.18,1.99,2.05,0.0,0.0,0.0
2019-04-05,2.08,2.63,2.18,2.18,1.99,2.05,0.0,0.0,0.0
2019-04-06,2.08,2.63,2.18,2.18,1.99,2.05,0.0,0.0,0.0
2019-04-07,2.08,2.63,2.18,2.18,1.99,2.05,0.0,0.0,0.0
2019-04-08,2.08,2.63,2.18,2.18,1.99,2.05,0.0,0.0,0.0
2019-04-09,2.08,2.63,2.18,2.18,1.99,2.05,0.0,0.0,0.0
2019-04-10,2.08,2.63,2.18,2.18,1.99,2.05,0.0,0.0,0.0
2019-04-11,2.08,2.63,2.18,2.18,1.99,2.05,0.0,0.0,0.0
2019-04-12,2.08,2.63,2.18,2.18,1.99,2.05,0.0,0.0,0.0
2019-04-13,2.08,2.68,2.18,2.18,1.99,2.05,0.0,0.019011406844106515,0.0
2019-04-14,2.08,2.68,2.18,2.18,1.99,2.05,0.0,0.0,0.0
2019-04-15,2.08,2.68,2.18,2.18,1.99,2.05,0.0,0.0,0.0
2019-04-16,2.08,2.68,2.18,2.18,1.99,2.05,0.0,0.0,0.0
2019-04-17,2.08,2.68,2.18,2.18,1.99,2.05,0.0,0.0,0.0
2019-04-18,2.08,2.68,2.18,2.18,1.99,2.05,0.0,0.0,0.0
2019-04-19,2.08,2.68,2.18,2.18,1.99,2.05,0.0,0.0,0.0
2019-04-20,2.08,2.8,2.18,2.18,1.99,2.05,0.0,0.04477611940298498,0.0
2019-04-21,2.08,2.8,2.18,2.18,1.99,2.05,0.0,0.0,0.0
2019-04-22,2.08,2.8,2.18,2.18,1.99,2.05,0.0,0.0,0.0
2019-04-23,2.08,2.8,2.18,2.18,1.99,2.05,0.0,0.0,0.0
2019-04-24,2.08,2.8,2.18,2.18,1.99,2.05,0.0,0.0,0.0
2019-04-25,2.08,2.8,2.18,2.18,1.99,2.05,0.0,0.0,0.0
2019-04-26,2.08,2.8,2.18,2.18,1.99,2.05,0.0,0.0,0.0
2019-04-27,2.08,2.81,2.18,2.18,1.99,2.05,0.0,0.0035714285714285587,0.0
2019-04-28,2.08,2.81,2.18,2.18,1.99,2.05,0.0,0.0,0.0
2019-04-29,2.08,2.81,2.18,2.18,1.99,2.05,0.0,0.0,0.0
2019-04-30,2.08,2.81,2.18,2.18,1.99,2.05,0.0,0.0,0.0
2019-05-01,2.08,2.81,2.18,2.18,1.99,2.05,0.0,0.0,0.0
2019-05-02,2.08,2.81,2.18,2.18,1.99,2.05,0.0,0.0,0.0
2019-05-03,2.08,2.81,2.18,2.18,1.99,2.05,0.0,0.0,0.0
2019-05-04,2.08,2.8,2.18,2.18,1.99,2.05,0.0,-0.003558718861210064,0.0
2019-05-05,2.08,2.8,2.18,2.18,1.99,2.05,0.0,0.0,0.0
2019-05-06,2.08,2.8,2.18,2.18,1.99,2.05,0.0,0.0,0.0
2019-05-07,2.08,2.8,2.18,2.18,1.99,2.05,0.0,0.0,0.0
2019-05-08,2.08,2.8,2.18,2.18,1.99,2.05,0.0,0.0,0.0
2019-05-09,2.08,2.8,2.18,2.18,1.99,2.05,0.0,0.0,0.0
2019-05-10,2.08,2.8,2.18,2.18,1.99,2.05,0.0,0.0,0.0
2019-05-11,2.08,2.7,2.18,2.18,1.99,2.05,0.0,-0.03571428571428559,0.0
2019-05-12,2.08,2.7,2.18,2.18,1.99,2.05,0.0,0.0,0.0
2019-05-13,2.08,2.7,2.18,2.18,1.99,2.05,0.0,0.0,0.0
2019-05-14,2.08,2.7,2.18,2.18,1.99,2.05,0.0,0.0,0.0
2019-05-15,2.08,2.7,2.18,2.18,1.99,2.05,0.0,0.0,0.0
2019-05-16,2.08,2.7,2.18,2.18,1.99,2.05,0.0,0.0,0.0
2019-05-17,2.08,2.7,2.18,2.18,1.99,2.05,0.0,0.0,0.0
2019-05-18,2.08,2.68,2.18,2.18,1.99,2.05,0.0,-0.007407407407407418,0.0
2019-05-19,2.08,2.68,2.18,2.18,1.99,2.05,0.0,0.0,0.0
2019-05-20,2.08,2.68,2.18,2.18,1.99,2.05,0.0,0.0,0.0
2019-05-21,2.08,2.68,2.18,2.18,1.99,2.05,0.0,0.0,0.0
2019-05-22,2.08,2.68,2.18,2.18,1.99,2.05,0.0,0.0,0.0
2019-05-23,2.08,2.68,2.18,2.18,1.99,2.05,0.0,0.0,0.0
2019-05-24,2.08,2.68,2.18,2.18,1.99,2.05,0.0,0.0,0.0
2019-05-25,2.08,2.76,2.18,2.18,1.99,2.05,0.0,0.02985074626865658,0.0
2019-05-26,2.08,2.76,2.18,2.18,1.99,2.05,0.0,0.0,0.0
2019-05-27,2.08,2.76,2.18,2.18,1.99,2.05,0.0,0.0,0.0
2019-05-28,2.08,2.76,2.18,2.18,1.99,2.05,0.0,0.0,0.0
2019-05-29,2.08,2.76,2.18,2.18,1.99,2.05,0.0,0.0,0.0
2019-05-30,2.08,2.76,2.18,2.18,1.99,2.05,0.0,0.0,0.0
2019-05-31,2.08,2.76,2.18,2.18,1.99,2.05,0.0,0.0,0.0
2019-06-01,2.08,2.63,2.18,2.18,1.99,2.05,0.0,-0.047101449275362306,0.0
2019-06-02,2.08,2.63,2.18,2.18,1.99,2.05,0.0,0.0,0.0
2019-06-03,2.08,2.63,2.18,2.18,1.99,2.05,0.0,0.0,0.0
2019-06-04,2.08,2.63,2.18,2.18,1.99,2.05,0.0,0.0,0.0
2019-06-05,2.08,2.63,2.18,2.18,1.99,2.05,0.0,0.0,0.0
2019-06-06,2.08,2.63,2.18,2.18,1.99,2.05,0.0,0.0,0.0
2019-06-07,2.08,2.63,2.18,2.18,1.99,2.05,0.0,0.0,0.0
2019-06-08,2.08,2.63,2.18,2.18,1.99,2.05,0.0,0.0,0.0
2019-06-09,2.08,2.63,2.18,2.18,1.99,2.05,0.0,0.0,0.0
2019-06-10,2.08,2.63,2.18,2.18,1.99,2.05,0.0,0.0,0.0
2019-06-11,2.08,2.63,2.18,2.18,1.99,2.05,0.0,0.0,0.0
2019-06-12,2.08,2.63,2.18,2.18,1.99,2.05,0.0,0.0,0.0
2019-06-13,2.08,2.63,2.18,2.18,1.99,2.05,0.0,0.0,0.0
2019-06-14,2.08,2.63,2.18,2.18,1.99,2.05,0.0,0.0,0.0
2019-06-15,2.08,2.41,2.18,2.18,1.99,2.05,0.0,-0.08365019011406838,0.0
2019-06-16,2.08,2.41,2.18,2.18,1.99,2.05,0.0,0.0,0.0
2019-06-17,2.08,2.41,2.18,2.18,1.99,2.05,0.0,0.0,0.0
2019-06-18,2.08,2.41,2.18,2.18,1.99,2.05,0.0,0.0,0.0
2019-06-19,2.08,2.41,2.18,2.18,1.99,2.05,0.0,0.0,0.0
2019-06-20,2.08,2.41,2.18,2.18,1.99,2.05,0.0,0.0,0.0
2019-06-21,2.08,2.41,2.18,2.18,1.99,2.05,0.0,0.0,0.0
2019-06-22,2.08,2.38,2.18,2.18,1.99,2.05,0.0,-0.012448132780083054,0.0
2019-06-23,2.08,2.38,2.18,2.18,1.99,2.05,0.0,0.0,0.0
2019-06-24,2.08,2.38,2.18,2.18,1.99,2.05,0.0,0.0,0.0
2019-06-25,2.08,2.38,2.18,2.18,1.99,2.05,0.0,0.0,0.0
2019-06-26,2.08,2.38,2.18,2.18,1.99,2.05,0.0,0.0,0.0
2019-06-27,2.08,2.38,2.18,2.18,1.99,2.05,0.0,0.0,0.0
2019-06-28,2.08,2.38,2.18,2.18,1.99,2.05,0.0,0.0,0.0
2019-06-29,2.08,2.49,2.18,2.18,1.99,2.05,0.0,0.04621848739495804,0.0
2019-06-30,2.08,2.49,2.18,2.18,1.99,2.05,0.0,0.0,0.0
2019-07-01,2.08,2.49,2.18,2.18,1.99,2.05,0.0,0.0,0.0
2019-07-02,2.08,2.49,2.18,2.18,1.99,2.05,0.0,0.0,0.0
2019-07-03,2.08,2.49,2.18,2.18,1.99,2.05,0.0,0.0,0.0
2019-07-04,2.08,2.49,2.18,2.18,1.99,2.05,0.0,0.0,0.0
2019-07-05,2.08,2.49,2.18,2.18,1.99,2.05,0.0,0.0,0.0
2019-07-06,2.08,2.53,2.18,2.18,1.99,2.05,0.0,0.016064257028112205,0.0
2019-07-07,2.08,2.53,2.18,2.18,1.99,2.05,0.0,0.0,0.0
2019-07-08,2.08,2.53,2.18,2.18,1.99,2.05,0.0,0.0,0.0
2019-07-09,2.08,2.53,2.18,2.18,1.99,2.05,0.0,0.0,0.0
2019-07-10,2.08,2.53,2.18,2.18,1.99,2.05,0.0,0.0,0.0
2019-07-11,2.08,2.53,2.18,2.18,1.99,2.05,0.0,0.0,0.0
2019-07-12,2.08,2.53,2.18,2.18,1.99,2.05,0.0,0.0,0.0
2019-07-13,2.08,2.57,2.18,2.18,1.99,2.05,0.0,0.015810276679841806,0.0
2019-07-14,2.08,2.57,2.18,2.18,1.99,2.05,0.0,0.0,0.0
2019-07-15,2.08,2.57,2.18,2.18,1.99,2.05,0.0,0.0,0.0
2019-07-16,2.08,2.57,2.18,2.18,1.99,2.05,0.0,0.0,0.0
2019-07-17,2.08,2.57,2.18,2.18,1.99,2.05,0.0,0.0,0.0
2019-07-18,2.08,2.57,2.18,2.18,1.99,2.05,0.0,0.0,0.0
2019-07-19,2.08,2.57,2.18,2.18,1.99,2.05,0.0,0.0,0.0
2019-07-20,2.08,2.67,2.18,2.18,1.99,2.05,0.0,0.03891050583657596,0.0
2019-07-21,2.08,2.67,2.18,2.18,1.99,2.05,0.0,0.0,0.0
2019-07-22,2.08,2.67,2.18,2.18,1.99,2.05,0.0,0.0,0.0
2019-07-23,2.08,2.67,2.18,2.18,1.99,2.05,0.0,0.0,0.0
2019-07-24,2.08,2.67,2.18,2.18,1.99,2.05,0.0,0.0,0.0
2019-07-25,2.08,2.67,2.18,2.18,1.99,2.05,0.0,0.0,0.0
2019-07-26,2.08,2.67,2.18,2.18,1.99,2.05,0.0,0.0,0.0
2019-07-27,2.08,2.56,2.18,2.18,1.99,2.05,0.0,-0.041198501872659166,0.0
2019-07-28,2.08,2.56,2.18,2.18,1.99,2.05,0.0,0.0,0.0
2019-07-29,2.08,2.56,2.18,2.18,1.99,2.05,0.0,0.0,0.0
2019-07-30,2.08,2.56,2.18,2.18,1.99,2.05,0.0,0.0,0.0
2019-07-31,2.08,2.56,2.18,2.18,1.99,2.05,0.0,0.0,0.0
2019-08-01,2.08,2.56,2.18,2.18,1.99,2.05,0.0,0.0,0.0
2019-08-02,2.08,2.56,2.18,2.18,1.99,2.05,0.0,0.0,0.0
2019-08-03,2.08,2.54,2.18,2.18,1.99,2.05,0.0,-0.0078125,0.0
2019-08-04,2.08,2.54,2.18,2.18,1.99,2.05,0.0,0.0,0.0
2019-08-05,2.08,2.54,2.18,2.18,1.99,2.05,0.0,0.0,0.0
2019-08-06,2.08,2.54,2.18,2.18,1.99,2.05,0.0,0.0,0.0
2019-08-07,2.08,2.54,2.18,2.18,1.99,2.05,0.0,0.0,0.0
2019-08-08,2.08,2.54,2.18,2.18,1.99,2.05,0.0,0.0,0.0
2019-08-09,2.08,2.54,2.18,2.18,1.99,2.05,0.0,0.0,0.0
2019-08-10,2.08,2.49,2.18,2.18,1.99,2.05,0.0,-0.019685039370078705,0.0
2019-08-11,2.08,2.49,2.18,2.18,1.99,2.05,0.0,0.0,0.0
2019-08-12,2.08,2.49,2.18,2.18,1.99,2.05,0.0,0.0,0.0
2019-08-13,2.08,2.49,2.18,2.18,1.99,2.05,0.0,0.0,0.0
2019-08-14,2.08,2.49,2.18,2.18,1.99,2.05,0.0,0.0,0.0
2019-08-15,2.08,2.49,2.18,2.18,1.99,2.05,0.0,0.0,0.0
2019-08-16,2.08,2.49,2.18,2.18,1.99,2.05,0.0,0.0,0.0
2019-08-17,2.08,2.49,2.18,2.18,1.99,2.05,0.0,0.0,0.0
2019-08-18,2.08,2.49,2.18,2.18,1.99,2.05,0.0,0.0,0.0
2019-08-19,2.08,2.49,2.18,2.18,1.99,2.05,0.0,0.0,0.0
2019-08-20,2.08,2.49,2.18,2.18,1.99,2.05,0.0,0.0,0.0
2019-08-21,2.08,2.49,2.18,2.18,1.99,2.05,0.0,0.0,0.0
2019-08-22,2.08,2.49,2.18,2.18,1.99,2.05,0.0,0.0,0.0
2019-08-23,2.08,2.49,2.18,2.18,1.99,2.05,0.0,0.0,0.0
2019-08-24,2.08,2.51,2.18,2.18,1.99,2.05,0.0,0.008032128514056103,0.0
2019-08-25,2.08,2.51,2.18,2.18,1.99,2.05,0.0,0.0,0.0
2019-08-26,2.08,2.51,2.18,2.18,1.99,2.05,0.0,0.0,0.0
2019-08-27,2.08,2.51,2.18,2.18,1.99,2.05,0.0,0.0,0.0
2019-08-28,2.08,2.51,2.18,2.18,1.99,2.05,0.0,0.0,0.0
2019-08-29,2.08,2.51,2.18,2.18,1.99,2.05,0.0,0.0,0.0
2019-08-30,2.08,2.51,2.18,2.18,1.99,2.05,0.0,0.0,0.0
2019-08-31,2.08,2.5,2.18,2.18,1.99,2.05,0.0,-0.003984063745019806,0.0
2019-09-01,2.08,2.5,2.18,2.18,1.99,2.05,0.0,0.0,0.0
2019-09-02,2.08,2.5,2.18,2.18,1.99,2.05,0.0,0.0,0.0
2019-09-03,2.08,2.5,2.18,2.18,1.99,2.05,0.0,0.0,0.0
2019-09-04,2.08,2.5,2.18,2.18,1.99,2.05,0.0,0.0,0.0
2019-09-05,2.08,2.5,2.18,2.18,1.99,2.05,0.0,0.0,0.0
2019-09-06,2.08,2.5,2.18,2.18,1.99,2.05,0.0,0.0,0.0
2019-09-07,2.08,2.5,2.18,2.18,1.99,2.05,0.0,0.0,0.0
2019-09-08,2.08,2.5,2.18,2.18,1.99,2.05,0.0,0.0,0.0
2019-09-09,2.08,2.5,2.18,2.18,1.99,2.05,0.0,0.0,0.0
2019-09-10,2.08,2.5,2.18,2.18,1.99,2.05,0.0,0.0,0.0
2019-09-11,2.08,2.5,2.18,2.18,1.99,2.05,0.0,0.0,0.0
2019-09-12,2.08,2.5,2.18,2.18,1.99,2.05,0.0,0.0,0.0
2019-09-13,2.08,2.5,2.18,2.18,1.99,2.05,0.0,0.0,0.0
2019-09-14,2.08,2.53,2.18,2.18,1.99,2.05,0.0,0.01200000000000001,0.0
2019-09-15,2.08,2.53,2.18,2.18,1.99,2.05,0.0,0.0,0.0
2019-09-16,2.08,2.53,2.18,2.18,1.99,2.05,0.0,0.0,0.0
2019-09-17,2.08,2.53,2.18,2.18,1.99,2.05,0.0,0.0,0.0
2019-09-18,2.08,2.53,2.18,2.18,1.99,2.05,0.0,0.0,0.0
2019-09-19,2.08,2.53,2.18,2.18,1.99,2.05,0.0,0.0,0.0
2019-09-20,2.08,2.53,2.18,2.18,1.99,2.05,0.0,0.0,0.0
2019-09-21,2.08,2.67,2.18,2.18,1.99,2.05,0.0,0.055335968379446765,0.0
2019-09-22,2.08,2.67,2.18,2.18,1.99,2.05,0.0,0.0,0.0
2019-09-23,2.08,2.67,2.18,2.18,1.99,2.05,0.0,0.0,0.0
2019-09-24,2.08,2.67,2.18,2.18,1.99,2.05,0.0,0.0,0.0
2019-09-25,2.08,2.67,2.18,2.18,1.99,2.05,0.0,0.0,0.0
2019-09-26,2.08,2.67,2.18,2.18,1.99,2.05,0.0,0.0,0.0
2019-09-27,2.08,2.67,2.18,2.18,1.99,2.05,0.0,0.0,0.0
2019-09-28,2.08,2.79,2.18,2.18,1.99,2.05,0.0,0.04494382022471921,0.0
2019-09-29,2.08,2.79,2.18,2.18,1.99,2.05,0.0,0.0,0.0
2019-09-30,2.08,2.79,2.18,2.18,1.99,2.05,0.0,0.0,0.0
2019-10-01,2.08,2.79,2.18,2.18,1.99,2.05,0.0,0.0,0.0
2019-10-02,2.08,2.79,2.18,2.18,1.99,2.05,0.0,0.0,0.0
2019-10-03,2.08,2.79,2.18,2.18,1.99,2.05,0.0,0.0,0.0
2019-10-04,2.08,2.79,2.18,2.18,1.99,2.05,0.0,0.0,0.0
2019-10-05,2.08,2.6,2.18,2.18,1.99,2.05,0.0,-0.06810035842293904,0.0
2019-10-06,2.08,2.6,2.18,2.18,1.99,2.05,0.0,0.0,0.0
2019-10-07,2.08,2.6,2.18,2.18,1.99,2.05,0.0,0.0,0.0
2019-10-08,2.08,2.6,2.18,2.18,1.99,2.05,0.0,0.0,0.0
2019-10-09,2.08,2.6,2.18,2.18,1.99,2.05,0.0,0.0,0.0
2019-10-10,2.08,2.6,2.18,2.18,1.99,2.05,0.0,0.0,0.0
2019-10-11,2.08,2.6,2.18,2.18,1.99,2.05,0.0,0.0,0.0
2019-10-12,2.08,2.67,2.18,2.18,1.99,2.05,0.0,0.026923076923076827,0.0
2019-10-13,2.08,2.67,2.18,2.18,1.99,2.05,0.0,0.0,0.0
2019-10-14,2.08,2.67,2.18,2.18,1.99,2.05,0.0,0.0,0.0
2019-10-15,2.08,2.67,2.18,2.18,1.99,2.05,0.0,0.0,0.0
2019-10-16,2.08,2.67,2.18,2.18,1.99,2.05,0.0,0.0,0.0
2019-10-17,2.08,2.67,2.18,2.18,1.99,2.05,0.0,0.0,0.0
2019-10-18,2.08,2.67,2.18,2.18,1.99,2.05,0.0,0.0,0.0
2019-10-19,2.08,2.68,2.18,2.18,1.99,2.05,0.0,0.0037453183520599342,0.0
2019-10-20,2.08,2.68,2.18,2.18,1.99,2.05,0.0,0.0,0.0
2019-10-21,2.08,2.68,2.18,2.18,1.99,2.05,0.0,0.0,0.0
2019-10-22,2.08,2.68,2.18,2.18,1.99,2.05,0.0,0.0,0.0
2019-10-23,2.08,2.68,2.18,2.18,1.99,2.05,0.0,0.0,0.0
2019-10-24,2.08,2.68,2.18,2.18,1.99,2.05,0.0,0.0,0.0
2019-10-25,2.08,2.68,2.18,2.18,1.99,2.05,0.0,0.0,0.0
2019-10-26,2.08,2.59,2.18,2.18,1.99,2.05,0.0,-0.03358208955223896,0.0
2019-10-27,2.08,2.59,2.18,2.18,1.99,2.05,0.0,0.0,0.0
2019-10-28,2.08,2.59,2.18,2.18,1.99,2.05,0.0,0.0,0.0
2019-10-29,2.08,2.59,2.18,2.18,1.99,2.05,0.0,0.0,0.0
2019-10-30,2.08,2.59,2.18,2.18,1.99,2.05,0.0,0.0,0.0
2019-10-31,2.08,2.59,2.18,2.18,1.99,2.05,0.0,0.0,0.0
2019-11-01,2.08,2.59,2.18,2.18,1.99,2.05,0.0,0.0,0.0
2019-11-02,2.08,2.56,2.18,2.18,1.99,2.05,0.0,-0.01158301158301156,0.0
2019-11-03,2.08,2.56,2.18,2.18,1.99,2.05,0.0,0.0,0.0
2019-11-04,2.08,2.56,2.18,2.18,1.99,2.05,0.0,0.0,0.0
2019-11-05,2.08,2.56,2.18,2.18,1.99,2.05,0.0,0.0,0.0
2019-11-06,2.08,2.56,2.18,2.18,1.99,2.05,0.0,0.0,0.0
2019-11-07,2.08,2.56,2.18,2.18,1.99,2.05,0.0,0.0,0.0
2019-11-08,2.08,2.56,2.18,2.18,1.99,2.05,0.0,0.0,0.0
2019-11-09,2.08,2.57,2.18,2.18,1.99,2.05,0.0,0.00390625,0.0
2019-11-10,2.08,2.57,2.18,2.18,1.99,2.05,0.0,0.0,0.0
2019-11-11,2.08,2.57,2.18,2.18,1.99,2.05,0.0,0.0,0.0
2019-11-12,2.08,2.57,2.18,2.18,1.99,2.05,0.0,0.0,0.0
2019-11-13,2.08,2.57,2.18,2.18,1.99,2.05,0.0,0.0,0.0
2019-11-14,2.08,2.57,2.18,2.18,1.99,2.05,0.0,0.0,0.0
2019-11-15,2.08,2.57,2.18,2.18,1.99,2.05,0.0,0.0,0.0
2019-11-16,2.08,2.7,2.18,2.18,1.99,2.05,0.0,0.05058365758754868,0.0
2019-11-17,2.08,2.7,2.18,2.18,1.99,2.05,0.0,0.0,0.0
2019-11-18,2.08,2.7,2.18,2.18,1.99,2.05,0.0,0.0,0.0
2019-11-19,2.08,2.7,2.18,2.18,1.99,2.05,0.0,0.0,0.0
2019-11-20,2.08,2.7,2.18,2.18,1.99,2.05,0.0,0.0,0.0
2019-11-21,2.08,2.7,2.18,2.18,1.99,2.05,0.0,0.0,0.0
2019-11-22,2.08,2.7,2.18,2.18,1.99,2.05,0.0,0.0,0.0
2019-11-23,2.08,2.66,2.18,2.18,1.99,2.05,0.0,-0.014814814814814836,0.0
2019-11-24,2.08,2.66,2.18,2.18,1.99,2.05,0.0,0.0,0.0
2019-11-25,2.08,2.66,2.18,2.18,1.99,2.05,0.0,0.0,0.0
2019-11-26,2.08,2.66,2.18,2.18,1.99,2.05,0.0,0.0,0.0
2019-11-27,2.08,2.66,2.18,2.18,1.99,2.05,0.0,0.0,0.0
2019-11-28,2.08,2.66,2.18,2.18,1.99,2.05,0.0,0.0,0.0
2019-11-29,2.08,2.66,2.18,2.18,1.99,2.05,0.0,0.0,0.0
2019-11-30,2.08,2.66,2.18,2.18,1.99,2.05,0.0,0.0,0.0
2019-12-01,2.08,2.66,2.18,2.18,1.99,2.05,0.0,0.0,0.0
2019-12-02,2.08,2.66,2.18,2.18,1.99,2.05,0.0,0.0,0.0
2019-12-03,2.08,2.66,2.18,2.18,1.99,2.05,0.0,0.0,0.0
2019-12-04,2.08,2.66,2.18,2.18,1.99,2.05,0.0,0.0,0.0
2019-12-05,2.08,2.66,2.18,2.18,1.99,2.05,0.0,0.0,0.0
2019-12-06,2.08,2.66,2.18,2.18,1.99,2.05,0.0,0.0,0.0
2019-12-07,2.08,2.64,2.18,2.18,1.99,2.05,0.0,-0.007518796992481258,0.0
2019-12-08,2.08,2.64,2.18,2.18,1.99,2.05,0.0,0.0,0.0
2019-12-09,2.08,2.64,2.18,2.18,1.99,2.05,0.0,0.0,0.0
2019-12-10,2.08,2.64,2.18,2.18,1.99,2.05,0.0,0.0,0.0
2019-12-11,2.08,2.64,2.18,2.18,1.99,2.05,0.0,0.0,0.0
2019-12-12,2.08,2.64,2.18,2.18,1.99,2.05,0.0,0.0,0.0
2019-12-13,2.08,2.64,2.18,2.18,1.99,2.05,0.0,0.0,0.0
2019-12-14,2.08,2.64,2.18,2.18,1.99,2.05,0.0,0.0,0.0
2019-12-15,2.08,2.64,2.18,2.18,1.99,2.05,0.0,0.0,0.0
2019-12-16,2.08,2.64,2.18,2.18,1.99,2.05,0.0,0.0,0.0
2019-12-17,2.08,2.64,2.18,2.18,1.99,2.05,0.0,0.0,0.0
2019-12-18,2.08,2.64,2.18,2.18,1.99,2.05,0.0,0.0,0.0
2019-12-19,2.08,2.64,2.18,2.18,1.99,2.05,0.0,0.0,0.0
2019-12-20,2.08,2.64,2.18,2.18,1.99,2.05,0.0,0.0,0.0
2019-12-21,2.08,2.58,2.18,2.18,1.99,2.05,0.0,-0.022727272727272707,0.0
2019-12-22,2.08,2.58,2.18,2.18,1.99,2.05,0.0,0.0,0.0
2019-12-23,2.08,2.58,2.18,2.18,1.99,2.05,0.0,0.0,0.0
2019-12-24,2.08,2.58,2.18,2.18,1.99,2.05,0.0,0.0,0.0
2019-12-25,2.08,2.58,2.18,2.18,1.99,2.05,0.0,0.0,0.0
2019-12-26,2.08,2.58,2.18,2.18,1.99,2.05,0.0,0.0,0.0
2019-12-27,2.08,2.58,2.18,2.18,1.99,2.05,0.0,0.0,0.0
2019-12-28,2.08,2.63,2.18,2.18,1.99,2.05,0.0,0.019379844961240345,0.0
2019-12-29,2.08,2.63,2.18,2.18,1.99,2.05,0.0,0.0,0.0
2019-12-30,2.08,2.63,2.18,2.18,1.99,2.05,0.0,0.0,0.0
2019-12-31,2.08,2.63,2.18,2.18,1.99,2.05,0.0,0.0,0.0
2020-01-01,2.08,2.63,2.18,2.18,1.99,2.05,0.0,0.0,0.0
2020-01-02,2.08,2.63,2.18,2.18,1.99,2.05,0.0,0.0,0.0
2020-01-03,2.08,2.63,2.18,2.18,1.99,2.05,0.0,0.0,0.0
2020-01-04,2.08,2.65,2.18,2.18,1.99,2.05,0.0,0.0076045627376426506,0.0
2020-01-05,2.08,2.65,2.18,2.18,1.99,2.05,0.0,0.0,0.0
2020-01-06,2.08,2.65,2.18,2.18,1.99,2.05,0.0,0.0,0.0
2020-01-07,2.08,2.65,2.18,2.18,1.99,2.05,0.0,0.0,0.0
2020-01-08,2.08,2.65,2.18,2.18,1.99,2.05,0.0,0.0,0.0
2020-01-09,2.08,2.65,2.18,2.18,1.99,2.05,0.0,0.0,0.0
2020-01-10,2.08,2.65,2.18,2.18,1.99,2.05,0.0,0.0,0.0
2020-01-11,2.08,2.62,2.18,2.18,1.99,2.05,0.0,-0.011320754716981019,0.0
2020-01-12,2.08,2.62,2.18,2.18,1.99,2.05,0.0,0.0,0.0
2020-01-13,2.08,2.62,2.18,2.18,1.99,2.05,0.0,0.0,0.0
2020-01-14,2.08,2.62,2.18,2.18,1.99,2.05,0.0,0.0,0.0
2020-01-15,2.08,2.62,2.18,2.18,1.99,2.05,0.0,0.0,0.0
2020-01-16,2.08,2.62,2.18,2.18,1.99,2.05,0.0,0.0,0.0
2020-01-17,2.08,2.62,2.18,2.18,1.99,2.05,0.0,0.0,0.0
2020-01-18,2.08,2.53,2.18,2.18,1.99,2.05,0.0,-0.03435114503816805,0.0
2020-01-19,2.08,2.53,2.18,2.18,1.99,2.05,0.0,0.0,0.0
2020-01-20,2.08,2.53,2.18,2.18,1.99,2.05,0.0,0.0,0.0
2020-01-21,2.08,2.53,2.18,2.18,1.99,2.05,0.0,0.0,0.0
2020-01-22,2.08,2.53,2.18,2.18,1.99,2.05,0.0,0.0,0.0
2020-01-23,2.08,2.53,2.18,2.18,1.99,2.05,0.0,0.0,0.0
2020-01-24,2.08,2.53,2.18,2.18,1.99,2.05,0.0,0.0,0.0
2020-01-25,2.08,2.49,2.18,2.18,1.99,2.05,0.0,-0.015810276679841695,0.0
2020-01-26,2.08,2.49,2.18,2.18,1.99,2.05,0.0,0.0,0.0
2020-01-27,2.08,2.49,2.18,2.18,1.99,2.05,0.0,0.0,0.0
2020-01-28,2.08,2.49,2.18,2.18,1.99,2.05,0.0,0.0,0.0
2020-01-29,2.08,2.49,2.18,2.18,1.99,2.05,0.0,0.0,0.0
2020-01-30,2.08,2.49,2.18,2.18,1.99,2.05,0.0,0.0,0.0
2020-01-31,2.08,2.49,2.18,2.18,1.99,2.05,0.0,0.0,0.0
2020-02-01,2.08,2.41,2.18,2.18,1.99,2.05,0.0,-0.032128514056224966,0.0
2020-02-02,2.08,2.41,2.18,2.18,1.99,2.05,0.0,0.0,0.0
2020-02-03,2.08,2.41,2.18,2.18,1.99,2.05,0.0,0.0,0.0
2020-02-04,2.08,2.41,2.18,2.18,1.99,2.05,0.0,0.0,0.0
2020-02-05,2.08,2.41,2.18,2.18,1.99,2.05,0.0,0.0,0.0
2020-02-06,2.08,2.41,2.18,2.18,1.99,2.05,0.0,0.0,0.0
2020-02-07,2.08,2.41,2.18,2.18,1.99,2.05,0.0,0.0,0.0
2020-02-08,2.04,2.34,2.08,2.08,1.99,2.05,-0.019230769230769273,-0.02904564315352709,-0.04587155963302758
2020-02-09,2.04,2.34,2.08,2.08,1.99,2.05,0.0,0.0,0.0
2020-02-10,2.04,2.34,2.08,2.08,1.99,2.05,0.0,0.0,0.0
2020-02-11,2.04,2.34,2.08,2.08,1.99,2.05,0.0,0.0,0.0
2020-02-12,2.04,2.34,2.08,2.08,1.99,2.05,0.0,0.0,0.0
2020-02-13,2.04,2.34,2.08,2.08,1.99,2.05,0.0,0.0,0.0
2020-02-14,2.04,2.34,2.08,2.08,1.99,2.05,0.0,0.0,0.0
2020-02-15,2.06,2.36,2.14,2.14,1.99,2.05,0.009803921568627416,0.008547008547008517,0.028846153846153966
2020-02-16,2.06,2.36,2.14,2.14,1.99,2.05,0.0,0.0,0.0
2020-02-17,2.06,2.36,2.14,2.14,1.99,2.05,0.0,0.0,0.0
2020-02-18,2.06,2.36,2.14,2.14,1.99,2.05,0.0,0.0,0.0
2020-02-19,2.06,2.36,2.14,2.14,1.99,2.05,0.0,0.0,0.0
2020-02-20,2.06,2.36,2.14,2.14,1.99,2.05,0.0,0.0,0.0
2020-02-21,2.06,2.36,2.14,2.14,1.99,2.05,0.0,0.0,0.0
2020-02-22,2.08,2.38,2.14,2.14,1.99,2.05,0.009708737864077666,0.008474576271186418,0.0
2020-02-23,2.08,2.38,2.14,2.14,1.99,2.05,0.0,0.0,0.0
2020-02-24,2.08,2.38,2.14,2.14,1.99,2.05,0.0,0.0,0.0
2020-02-25,2.08,2.38,2.14,2.14,1.99,2.05,0.0,0.0,0.0
2020-02-26,2.08,2.38,2.14,2.14,1.99,2.05,0.0,0.0,0.0
2020-02-27,2.08,2.38,2.14,2.14,1.99,2.05,0.0,0.0,0.0
2020-02-28,2.08,2.38,2.14,2.14,1.99,2.05,0.0,0.0,0.0
2020-02-29,2.08,2.4,2.13,2.13,1.99,2.05,0.0,0.008403361344537785,-0.004672897196261738
2020-03-01,2.08,2.4,2.13,2.13,1.99,2.05,0.0,0.0,0.0
2020-03-02,2.08,2.4,2.13,2.13,1.99,2.05,0.0,0.0,0.0
2020-03-03,2.08,2.4,2.13,2.13,1.99,2.05,0.0,0.0,0.0
2020-03-04,2.08,2.4,2.13,2.13,1.99,2.05,0.0,0.0,0.0
2020-03-05,2.08,2.4,2.13,2.13,1.99,2.05,0.0,0.0,0.0
2020-03-06,2.08,2.4,2.13,2.13,1.99,2.05,0.0,0.0,0.0
2020-03-07,1.89,2.19,1.96,1.96,1.99,2.05,-0.09134615384615397,-0.08750000000000002,-0.07981220657276988
2020-03-08,1.89,2.19,1.96,1.96,1.99,2.05,0.0,0.0,0.0
2020-03-09,1.89,2.19,1.96,1.96,1.99,2.05,0.0,0.0,0.0
2020-03-10,1.89,2.19,1.96,1.96,1.99,2.05,0.0,0.0,0.0
2020-03-11,1.89,2.19,1.96,1.96,1.99,2.05,0.0,0.0,0.0
2020-03-12,1.89,2.19,1.96,1.96,1.99,2.05,0.0,0.0,0.0
2020-03-13,1.89,2.19,1.96,1.96,1.99,2.05,0.0,0.0,0.0
2020-03-14,1.82,2.1,1.87,1.87,1.99,2.05,-0.03703703703703698,-0.041095890410958846,-0.04591836734693866
2020-03-15,1.82,2.1,1.87,1.87,1.99,2.05,0.0,0.0,0.0
2020-03-16,1.82,2.1,1.87,1.87,1.99,2.05,0.0,0.0,0.0
2020-03-17,1.82,2.1,1.87,1.87,1.99,2.05,0.0,0.0,0.0
2020-03-18,1.82,2.1,1.87,1.87,1.99,2.05,0.0,0.0,0.0
2020-03-19,1.82,2.1,1.87,1.87,1.99,2.05,0.0,0.0,0.0
2020-03-20,1.82,2.1,1.87,1.87,1.99,2.05,0.0,0.0,0.0
2020-03-21,1.44,1.74,1.75,1.75,1.99,2.05,-0.20879120879120883,-0.17142857142857149,-0.06417112299465244
2020-03-22,1.44,1.74,1.75,1.75,1.99,2.05,0.0,0.0,0.0
2020-03-23,1.44,1.74,1.75,1.75,1.99,2.05,0.0,0.0,0.0
2020-03-24,1.44,1.74,1.75,1.75,1.99,2.05,0.0,0.0,0.0
2020-03-25,1.44,1.74,1.75,1.75,1.99,2.05,0.0,0.0,0.0
2020-03-26,1.44,1.74,1.75,1.75,1.99,2.05,0.0,0.0,0.0
2020-03-27,1.44,1.74,1.75,1.75,1.99,2.05,0.0,0.0,0.0
2020-03-28,1.38,1.68,1.68,1.68,1.99,2.05,-0.04166666666666674,-0.034482758620689724,-0.040000000000000036
2020-03-29,1.38,1.68,1.68,1.68,1.99,2.05,0.0,0.0,0.0
2020-03-30,1.38,1.68,1.68,1.68,1.99,2.05,0.0,0.0,0.0
2020-03-31,1.38,1.68,1.68,1.68,1.99,2.05,0.0,0.0,0.0
2020-04-01,1.38,1.68,1.68,1.68,1.99,2.05,0.0,0.0,0.0
2020-04-02,1.38,1.68,1.68,1.68,1.99,2.05,0.0,0.0,0.0
2020-04-03,1.38,1.68,1.68,1.68,1.99,2.05,0.0,0.0,0.0
2020-04-04,1.3,1.6,1.58,1.58,1.99,2.05,-0.05797101449275355,-0.04761904761904756,-0.05952380952380942
2020-04-05,1.3,1.6,1.58,1.58,1.99,2.05,0.0,0.0,0.0
2020-04-06,1.3,1.6,1.58,1.58,1.99,2.05,0.0,0.0,0.0
2020-04-07,1.3,1.6,1.58,1.58,1.99,2.05,0.0,0.0,0.0
2020-04-08,1.3,1.6,1.58,1.58,1.99,2.05,0.0,0.0,0.0
2020-04-09,1.3,1.6,1.58,1.58,1.99,2.05,0.0,0.0,0.0
2020-04-10,1.3,1.6,1.58,1.58,1.99,2.05,0.0,0.0,0.0
2020-04-11,1.25,1.55,1.46,1.46,1.99,2.05,-0.03846153846153855,-0.03125,-0.07594936708860767
2020-04-12,1.25,1.55,1.46,1.46,1.99,2.05,0.0,0.0,0.0
2020-04-13,1.25,1.55,1.46,1.46,1.99,2.05,0.0,0.0,0.0
2020-04-14,1.25,1.55,1.46,1.46,1.99,2.05,0.0,0.0,0.0
2020-04-15,1.25,1.55,1.46,1.46,1.99,2.05,0.0,0.0,0.0
2020-04-16,1.25,1.55,1.46,1.46,1.99,2.05,0.0,0.0,0.0
2020-04-17,1.25,1.55,1.46,1.46,1.99,2.05,0.0,0.0,0.0
2020-04-18,1.25,1.55,1.43,1.43,1.99,2.05,0.0,0.0,-0.020547945205479423
2020-04-19,1.25,1.55,1.43,1.43,1.99,2.05,0.0,0.0,0.0
2020-04-20,1.25,1.55,1.43,1.43,1.99,2.05,0.0,0.0,0.0
2020-04-21,1.25,1.55,1.43,1.43,1.99,2.05,0.0,0.0,0.0
2020-04-22,1.25,1.55,1.43,1.43,1.99,2.05,0.0,0.0,0.0
2020-04-23,1.25,1.55,1.43,1.43,1.99,2.05,0.0,0.0,0.0
2020-04-24,1.25,1.55,1.43,1.43,1.99,2.05,0.0,0.0,0.0
2020-04-25,1.25,1.55,1.4,1.4,1.99,2.05,0.0,0.0,-0.020979020979021046
2020-04-26,1.25,1.55,1.4,1.4,1.99,2.05,0.0,0.0,0.0
2020-04-27,1.25,1.55,1.4,1.4,1.99,2.05,0.0,0.0,0.0
2020-04-28,1.25,1.55,1.4,1.4,1.99,2.05,0.0,0.0,0.0
2020-04-29,1.25,1.55,1.4,1.4,1.99,2.05,0.0,0.0,0.0
2020-04-30,1.25,1.55,1.4,1.4,1.99,2.05,0.0,0.0,0.0
2020-05-01,1.25,1.55,1.4,1.4,1.99,2.05,0.0,0.0,0.0
2020-05-02,1.25,1.55,1.4,1.4,1.99,2.05,0.0,0.0,0.0
2020-05-03,1.25,1.55,1.4,1.4,1.99,2.05,0.0,0.0,0.0
2020-05-04,1.25,1.55,1.4,1.4,1.99,2.05,0.0,0.0,0.0
2020-05-05,1.25,1.55,1.4,1.4,1.99,2.05,0.0,0.0,0.0
2020-05-06,1.25,1.55,1.4,1.4,1.99,2.05,0.0,0.0,0.0
2020-05-07,1.25,1.55,1.4,1.4,1.99,2.05,0.0,0.0,0.0
2020-05-08,1.25,1.55,1.4,1.4,1.99,2.05,0.0,0.0,0.0
2020-05-09,1.25,1.55,1.4,1.4,1.99,2.05,0.0,0.0,0.0
2020-05-10,1.25,1.55,1.4,1.4,1.99,2.05,0.0,0.0,0.0
2020-05-11,1.25,1.55,1.4,1.4,1.99,2.05,0.0,0.0,0.0
2020-05-12,1.25,1.55,1.4,1.4,1.99,2.05,0.0,0.0,0.0
2020-05-13,1.25,1.55,1.4,1.4,1.99,2.05,0.0,0.0,0.0
2020-05-14,1.25,1.55,1.4,1.4,1.99,2.05,0.0,0.0,0.0
2020-05-15,1.25,1.55,1.4,1.4,1.99,2.05,0.0,0.0,0.0
2020-05-16,1.31,1.61,1.45,1.45,1.99,2.05,0.04800000000000004,0.03870967741935494,0.03571428571428581
2020-05-17,1.31,1.61,1.45,1.45,1.99,2.05,0.0,0.0,0.0
2020-05-18,1.31,1.61,1.45,1.45,1.99,2.05,0.0,0.0,0.0
2020-05-19,1.31,1.61,1.45,1.45,1.99,2.05,0.0,0.0,0.0
2020-05-20,1.31,1.61,1.45,1.45,1.99,2.05,0.0,0.0,0.0
2020-05-21,1.31,1.61,1.45,1.45,1.99,2.05,0.0,0.0,0.0
2020-05-22,1.31,1.61,1.45,1.45,1.99,2.05,0.0,0.0,0.0
2020-05-23,1.38,1.68,1.51,1.51,1.99,2.05,0.05343511450381677,0.04347826086956519,0.04137931034482767
2020-05-24,1.38,1.68,1.51,1.51,1.99,2.05,0.0,0.0,0.0
2020-05-25,1.38,1.68,1.51,1.51,1.99,2.05,0.0,0.0,0.0
2020-05-26,1.38,1.68,1.51,1.51,1.99,2.05,0.0,0.0,0.0
2020-05-27,1.38,1.68,1.51,1.51,1.99,2.05,0.0,0.0,0.0
2020-05-28,1.38,1.68,1.51,1.51,1.99,2.05,0.0,0.0,0.0
2020-05-29,1.38,1.68,1.51,1.51,1.99,2.05,0.0,0.0,0.0
2020-05-30,1.43,1.73,1.61,1.61,1.99,2.05,0.03623188405797095,0.029761904761904878,0.06622516556291402
2020-05-31,1.43,1.73,1.61,1.61,1.99,2.05,0.0,0.0,0.0
2020-06-01,1.43,1.73,1.61,1.61,1.99,2.05,0.0,0.0,0.0
2020-06-02,1.43,1.73,1.61,1.61,1.99,2.05,0.0,0.0,0.0
2020-06-03,1.43,1.73,1.61,1.61,1.99,2.05,0.0,0.0,0.0
2020-06-04,1.43,1.73,1.61,1.61,1.99,2.05,0.0,0.0,0.0
2020-06-05,1.43,1.73,1.61,1.61,1.99,2.05,0.0,0.0,0.0
2020-06-06,1.48,1.78,1.63,1.63,1.99,2.05,0.034965034965035,0.028901734104046284,0.012422360248447006
2020-06-07,1.48,1.78,1.63,1.63,1.99,2.05,0.0,0.0,0.0
2020-06-08,1.48,1.78,1.63,1.63,1.99,2.05,0.0,0.0,0.0
2020-06-09,1.48,1.78,1.63,1.63,1.99,2.05,0.0,0.0,0.0
2020-06-10,1.48,1.78,1.63,1.63,1.99,2.05,0.0,0.0,0.0
2020-06-11,1.48,1.78,1.63,1.63,1.99,2.05,0.0,0.0,0.0
2020-06-12,1.48,1.78,1.63,1.63,1.99,2.05,0.0,0.0,0.0
2020-06-13,1.56,1.86,1.73,1.73,1.99,2.05,0.05405405405405417,0.04494382022471921,0.06134969325153383
2020-06-14,1.56,1.86,1.73,1.73,1.99,2.05,0.0,0.0,0.0
2020-06-15,1.56,1.86,1.73,1.73,1.99,2.05,0.0,0.0,0.0
2020-06-16,1.56,1.86,1.73,1.73,1.99,2.05,0.0,0.0,0.0
2020-06-17,1.56,1.86,1.73,1.73,1.99,2.05,0.0,0.0,0.0
2020-06-18,1.56,1.86,1.73,1.73,1.99,2.05,0.0,0.0,0.0
2020-06-19,1.56,1.86,1.73,1.73,1.99,2.05,0.0,0.0,0.0
2020-06-20,1.59,1.89,1.77,1.77,1.99,2.05,0.019230769230769162,0.016129032258064502,0.023121387283236983
2020-06-21,1.59,1.89,1.77,1.77,1.99,2.05,0.0,0.0,0.0
2020-06-22,1.59,1.89,1.77,1.77,1.99,2.05,0.0,0.0,0.0
2020-06-23,1.59,1.89,1.77,1.77,1.99,2.05,0.0,0.0,0.0
2020-06-24,1.59,1.89,1.77,1.77,1.99,2.05,0.0,0.0,0.0
2020-06-25,1.59,1.89,1.77,1.77,1.99,2.05,0.0,0.0,0.0
2020-06-26,1.59,1.89,1.77,1.77,1.99,2.05,0.0,0.0,0.0
2020-06-27,1.69,1.99,1.86,1.86,1.99,2.05,0.06289308176100628,0.05291005291005302,0.05084745762711873
2020-06-28,1.69,1.99,1.86,1.86,1.99,2.05,0.0,0.0,0.0
2020-06-29,1.69,1.99,1.86,1.86,1.99,2.05,0.0,0.0,0.0
2020-06-30,1.69,1.99,1.86,1.86,1.99,2.05,0.0,0.0,0.0
2020-07-01,1.69,1.99,1.86,1.86,1.99,2.05,0.0,0.0,0.0
2020-07-02,1.69,1.99,1.86,1.86,1.99,2.05,0.0,0.0,0.0
2020-07-03,1.69,1.99,1.86,1.86,1.99,2.05,0.0,0.0,0.0
2020-07-04,1.65,1.95,1.84,1.84,1.99,2.05,-0.023668639053254448,-0.02010050251256279,-0.010752688172043001
2020-07-05,1.65,1.95,1.84,1.84,1.99,2.05,0.0,0.0,0.0
2020-07-06,1.65,1.95,1.84,1.84,1.99,2.05,0.0,0.0,0.0
2020-07-07,1.65,1.95,1.84,1.84,1.99,2.05,0.0,0.0,0.0
2020-07-08,1.65,1.95,1.84,1.84,1.99,2.05,0.0,0.0,0.0
2020-07-09,1.65,1.95,1.84,1.84,1.99,2.05,0.0,0.0,0.0
2020-07-10,1.65,1.95,1.84,1.84,1.99,2.05,0.0,0.0,0.0
2020-07-11,1.72,2.02,1.87,1.87,1.99,2.05,0.042424242424242475,0.03589743589743599,0.016304347826086918
2020-07-12,1.72,2.02,1.87,1.87,1.99,2.05,0.0,0.0,0.0
2020-07-13,1.72,2.02,1.87,1.87,1.99,2.05,0.0,0.0,0.0
2020-07-14,1.72,2.02,1.87,1.87,1.99,2.05,0.0,0.0,0.0
2020-07-15,1.72,2.02,1.87,1.87,1.99,2.05,0.0,0.0,0.0
2020-07-16,1.72,2.02,1.87,1.87,1.99,2.05,0.0,0.0,0.0
2020-07-17,1.72,2.02,1.87,1.87,1.99,2.05,0.0,0.0,0.0
2020-07-18,1.72,2.02,1.87,1.87,1.99,2.05,0.0,0.0,0.0
2020-07-19,1.72,2.02,1.87,1.87,1.99,2.05,0.0,0.0,0.0
2020-07-20,1.72,2.02,1.87,1.87,1.99,2.05,0.0,0.0,0.0
2020-07-21,1.72,2.02,1.87,1.87,1.99,2.05,0.0,0.0,0.0
2020-07-22,1.72,2.02,1.87,1.87,1.99,2.05,0.0,0.0,0.0
2020-07-23,1.72,2.02,1.87,1.87,1.99,2.05,0.0,0.0,0.0
2020-07-24,1.72,2.02,1.87,1.87,1.99,2.05,0.0,0.0,0.0
2020-07-25,1.68,1.98,1.82,1.82,1.99,2.05,-0.023255813953488413,-0.01980198019801982,-0.0267379679144385
2020-07-26,1.68,1.98,1.82,1.82,1.99,2.05,0.0,0.0,0.0
2020-07-27,1.68,1.98,1.82,1.82,1.99,2.05,0.0,0.0,0.0
2020-07-28,1.68,1.98,1.82,1.82,1.99,2.05,0.0,0.0,0.0
2020-07-29,1.68,1.98,1.82,1.82,1.99,2.05,0.0,0.0,0.0
2020-07-30,1.68,1.98,1.82,1.82,1.99,2.05,0.0,0.0,0.0
2020-07-31,1.68,1.98,1.82,1.82,1.99,2.05,0.0,0.0,0.0
2020-08-01,1.68,1.98,1.83,1.83,1.99,2.05,0.0,0.0,0.005494505494505475
2020-08-02,1.68,1.98,1.83,1.83,1.99,2.05,0.0,0.0,0.0
2020-08-03,1.68,1.98,1.83,1.83,1.99,2.05,0.0,0.0,0.0
2020-08-04,1.68,1.98,1.83,1.83,1.99,2.05,0.0,0.0,0.0
2020-08-05,1.68,1.98,1.83,1.83,1.99,2.05,0.0,0.0,0.0
2020-08-06,1.68,1.98,1.83,1.83,1.99,2.05,0.0,0.0,0.0
2020-08-07,1.68,1.98,1.83,1.83,1.99,2.05,0.0,0.0,0.0
2020-08-08,1.63,1.93,1.79,1.79,1.99,2.05,-0.029761904761904767,-0.025252525252525304,-0.021857923497267784
2020-08-09,1.63,1.93,1.79,1.79,1.99,2.05,0.0,0.0,0.0
2020-08-10,1.63,1.93,1.79,1.79,1.99,2.05,0.0,0.0,0.0
2020-08-11,1.63,1.93,1.79,1.79,1.99,2.05,0.0,0.0,0.0
2020-08-12,1.63,1.93,1.79,1.79,1.99,2.05,0.0,0.0,0.0
2020-08-13,1.63,1.93,1.79,1.79,1.99,2.05,0.0,0.0,0.0
2020-08-14,1.63,1.93,1.79,1.79,1.99,2.05,0.0,0.0,0.0
2020-08-15,1.68,1.98,1.82,1.82,1.99,2.05,0.030674846625766916,0.02590673575129543,0.016759776536312776
2020-08-16,1.68,1.98,1.82,1.82,1.99,2.05,0.0,0.0,0.0
2020-08-17,1.68,1.98,1.82,1.82,1.99,2.05,0.0,0.0,0.0
2020-08-18,1.68,1.98,1.82,1.82,1.99,2.05,0.0,0.0,0.0
2020-08-19,1.68,1.98,1.82,1.82,1.99,2.05,0.0,0.0,0.0
2020-08-20,1.68,1.98,1.82,1.82,1.99,2.05,0.0,0.0,0.0
2020-08-21,1.68,1.98,1.82,1.82,1.99,2.05,0.0,0.0,0.0
2020-08-22,1.71,2.01,1.8,1.8,1.99,2.05,0.017857142857142794,0.015151515151515138,-0.01098901098901095
2020-08-23,1.71,2.01,1.8,1.8,1.99,2.05,0.0,0.0,0.0
2020-08-24,1.71,2.01,1.8,1.8,1.99,2.05,0.0,0.0,0.0
2020-08-25,1.71,2.01,1.8,1.8,1.99,2.05,0.0,0.0,0.0
2020-08-26,1.71,2.01,1.8,1.8,1.99,2.05,0.0,0.0,0.0
2020-08-27,1.71,2.01,1.8,1.8,1.99,2.05,0.0,0.0,0.0
2020-08-28,1.71,2.01,1.8,1.8,1.99,2.05,0.0,0.0,0.0
2020-08-29,1.72,2.02,1.78,1.78,1.99,2.05,0.005847953216374213,0.004975124378109541,-0.011111111111111072
2020-08-30,1.72,2.02,1.78,1.78,1.99,2.05,0.0,0.0,0.0
2020-08-31,1.72,2.02,1.78,1.78,1.99,2.05,0.0,0.0,0.0
2020-09-01,1.72,2.02,1.78,1.78,1.99,2.05,0.0,0.0,0.0
2020-09-02,1.72,2.02,1.78,1.78,1.99,2.05,0.0,0.0,0.0
2020-09-03,1.72,2.02,1.78,1.78,1.99,2.05,0.0,0.0,0.0
2020-09-04,1.72,2.02,1.78,1.78,1.99,2.05,0.0,0.0,0.0
2020-09-05,1.71,2.01,1.78,1.78,1.99,2.05,-0.005813953488372103,-0.004950495049505066,0.0
2020-09-06,1.71,2.01,1.78,1.78,1.99,2.05,0.0,0.0,0.0
2020-09-07,1.71,2.01,1.78,1.78,1.99,2.05,0.0,0.0,0.0
2020-09-08,1.71,2.01,1.78,1.78,1.99,2.05,0.0,0.0,0.0
2020-09-09,1.71,2.01,1.78,1.78,1.99,2.05,0.0,0.0,0.0
2020-09-10,1.71,2.01,1.78,1.78,1.99,2.05,0.0,0.0,0.0
2020-09-11,1.71,2.01,1.78,1.78,1.99,2.05,0.0,0.0,0.0
2020-09-12,1.66,1.96,1.72,1.72,1.99,2.05,-0.0292397660818714,-0.02487562189054715,-0.03370786516853941
2020-09-13,1.66,1.96,1.72,1.72,1.99,2.05,0.0,0.0,0.0
2020-09-14,1.66,1.96,1.72,1.72,1.99,2.05,0.0,0.0,0.0
2020-09-15,1.66,1.96,1.72,1.72,1.99,2.05,0.0,0.0,0.0
2020-09-16,1.66,1.96,1.72,1.72,1.99,2.05,0.0,0.0,0.0
2020-09-17,1.66,1.96,1.72,1.72,1.99,2.05,0.0,0.0,0.0
2020-09-18,1.66,1.96,1.72,1.72,1.99,2.05,0.0,0.0,0.0
2020-09-19,1.63,1.93,1.67,1.67,1.99,2.05,-0.01807228915662651,-0.015306122448979553,-0.029069767441860517
2020-09-20,1.63,1.93,1.67,1.67,1.99,2.05,0.0,0.0,0.0
2020-09-21,1.63,1.93,1.67,1.67,1.99,2.05,0.0,0.0,0.0
2020-09-22,1.63,1.93,1.67,1.67,1.99,2.05,0.0,0.0,0.0
2020-09-23,1.63,1.93,1.67,1.67,1.99,2.05,0.0,0.0,0.0
2020-09-24,1.63,1.93,1.67,1.67,1.99,2.05,0.0,0.0,0.0
2020-09-25,1.63,1.93,1.67,1.67,1.99,2.05,0.0,0.0,0.0
2020-09-26,1.68,1.98,1.71,1.71,1.99,2.05,0.030674846625766916,0.02590673575129543,0.0239520958083832
2020-09-27,1.68,1.98,1.71,1.71,1.99,2.05,0.0,0.0,0.0
2020-09-28,1.68,1.98,1.71,1.71,1.99,2.05,0.0,0.0,0.0
2020-09-29,1.68,1.98,1.71,1.71,1.99,2.05,0.0,0.0,0.0
2020-09-30,1.68,1.98,1.71,1.71,1.99,2.05,0.0,0.0,0.0
2020-10-01,1.68,1.98,1.71,1.71,1.99,2.05,0.0,0.0,0.0
2020-10-02,1.68,1.98,1.71,1.71,1.99,2.05,0.0,0.0,0.0
2020-10-03,1.71,2.01,1.7,1.7,1.99,2.05,0.017857142857142794,0.015151515151515138,-0.005847953216374324
2020-10-04,1.71,2.01,1.7,1.7,1.99,2.05,0.0,0.0,0.0
2020-10-05,1.71,2.01,1.7,1.7,1.99,2.05,0.0,0.0,0.0
2020-10-06,1.71,2.01,1.7,1.7,1.99,2.05,0.0,0.0,0.0
2020-10-07,1.71,2.01,1.7,1.7,1.99,2.05,0.0,0.0,0.0
2020-10-08,1.71,2.01,1.7,1.7,1.99,2.05,0.0,0.0,0.0
2020-10-09,1.71,2.01,1.7,1.7,1.99,2.05,0.0,0.0,0.0
2020-10-10,1.67,1.97,1.69,1.69,1.99,2.05,-0.023391812865497075,-0.01990049751243772,-0.00588235294117645
2020-10-11,1.67,1.97,1.69,1.69,1.99,2.05,0.0,0.0,0.0
2020-10-12,1.67,1.97,1.69,1.69,1.99,2.05,0.0,0.0,0.0
2020-10-13,1.67,1.97,1.69,1.69,1.99,2.05,0.0,0.0,0.0
2020-10-14,1.67,1.97,1.69,1.69,1.99,2.05,0.0,0.0,0.0
2020-10-15,1.67,1.97,1.69,1.69,1.99,2.05,0.0,0.0,0.0
2020-10-16,1.67,1.97,1.69,1.69,1.99,2.05,0.0,0.0,0.0
2020-10-17,1.68,1.98,1.74,1.74,1.99,2.05,0.0059880239520957446,0.0050761421319796,0.029585798816567976
2020-10-18,1.68,1.98,1.74,1.74,1.99,2.05,0.0,0.0,0.0
2020-10-19,1.68,1.98,1.74,1.74,1.99,2.05,0.0,0.0,0.0
2020-10-20,1.68,1.98,1.74,1.74,1.99,2.05,0.0,0.0,0.0
2020-10-21,1.68,1.98,1.74,1.74,1.99,2.05,0.0,0.0,0.0
2020-10-22,1.68,1.98,1.74,1.74,1.99,2.05,0.0,0.0,0.0
2020-10-23,1.68,1.98,1.74,1.74,1.99,2.05,0.0,0.0,0.0
2020-10-24,1.64,1.94,1.74,1.74,1.99,2.05,-0.023809523809523836,-0.02020202020202022,0.0
2020-10-25,1.64,1.94,1.74,1.74,1.99,2.05,0.0,0.0,0.0
2020-10-26,1.64,1.94,1.74,1.74,1.99,2.05,0.0,0.0,0.0
2020-10-27,1.64,1.94,1.74,1.74,1.99,2.05,0.0,0.0,0.0
2020-10-28,1.64,1.94,1.74,1.74,1.99,2.05,0.0,0.0,0.0
2020-10-29,1.64,1.94,1.74,1.74,1.99,2.05,0.0,0.0,0.0
2020-10-30,1.64,1.94,1.74,1.74,1.99,2.05,0.0,0.0,0.0
2020-10-31,1.64,1.94,1.74,1.74,1.99,2.05,0.0,0.0,0.0
2020-11-01,1.64,1.94,1.74,1.74,1.99,2.05,0.0,0.0,0.0
2020-11-02,1.64,1.94,1.74,1.74,1.99,2.05,0.0,0.0,0.0
2020-11-03,1.64,1.94,1.74,1.74,1.99,2.05,0.0,0.0,0.0
2020-11-04,1.64,1.94,1.74,1.74,1.99,2.05,0.0,0.0,0.0
2020-11-05,1.64,1.94,1.74,1.74,1.99,2.05,0.0,0.0,0.0
2020-11-06,1.64,1.94,1.74,1.74,1.99,2.05,0.0,0.0,0.0
2020-11-07,1.61,1.91,1.68,1.68,1.99,2.05,-0.018292682926829174,-0.015463917525773252,-0.034482758620689724
2020-11-08,1.61,1.91,1.68,1.68,1.99,2.05,0.0,0.0,0.0
2020-11-09,1.61,1.91,1.68,1.68,1.99,2.05,0.0,0.0,0.0
2020-11-10,1.61,1.91,1.68,1.68,1.99,2.05,0.0,0.0,0.0
2020-11-11,1.61,1.91,1.68,1.68,1.99,2.05,0.0,0.0,0.0
2020-11-12,1.61,1.91,1.68,1.68,1.99,2.05,0.0,0.0,0.0
2020-11-13,1.61,1.91,1.68,1.68,1.99,2.05,0.0,0.0,0.0
2020-11-14,1.62,1.92,1.74,1.74,1.99,2.05,0.006211180124223503,0.005235602094240788,0.03571428571428581
2020-11-15,1.62,1.92,1.74,1.74,1.99,2.05,0.0,0.0,0.0
2020-11-16,1.62,1.92,1.74,1.74,1.99,2.05,0.0,0.0,0.0
2020-11-17,1.62,1.92,1.74,1.74,1.99,2.05,0.0,0.0,0.0
2020-11-18,1.62,1.92,1.74,1.74,1.99,2.05,0.0,0.0,0.0
2020-11-19,1.62,1.92,1.74,1.74,1.99,2.05,0.0,0.0,0.0
2020-11-20,1.62,1.92,1.74,1.74,1.99,2.05,0.0,0.0,0.0
2020-11-21,1.64,1.94,1.81,1.81,1.99,2.05,0.012345679012345512,0.01041666666666674,0.04022988505747138
2020-11-22,1.64,1.94,1.81,1.81,1.99,2.05,0.0,0.0,0.0
2020-11-23,1.64,1.94,1.81,1.81,1.99,2.05,0.0,0.0,0.0
2020-11-24,1.64,1.94,1.81,1.81,1.99,2.05,0.0,0.0,0.0
2020-11-25,1.64,1.94,1.81,1.81,1.99,2.05,0.0,0.0,0.0
2020-11-26,1.64,1.94,1.81,1.81,1.99,2.05,0.0,0.0,0.0
2020-11-27,1.64,1.94,1.81,1.81,1.99,2.05,0.0,0.0,0.0
2020-11-28,1.67,1.97,1.85,1.85,1.99,2.05,0.018292682926829285,0.015463917525773141,0.022099447513812098
2020-11-29,1.67,1.97,1.85,1.85,1.99,2.05,0.0,0.0,0.0
2020-11-30,1.67,1.97,1.85,1.85,1.99,2.05,0.0,0.0,0.0
2020-12-01,1.67,1.97,1.85,1.85,1.99,2.05,0.0,0.0,0.0
2020-12-02,1.67,1.97,1.85,1.85,1.99,2.05,0.0,0.0,0.0
2020-12-03,1.67,1.97,1.85,1.85,1.99,2.05,0.0,0.0,0.0
2020-12-04,1.67,1.97,1.85,1.85,1.99,2.05,0.0,0.0,0.0
2020-12-05,1.7,2.0,1.9,1.9,1.99,2.05,0.017964071856287456,0.015228426395939021,0.027027027027026973
2020-12-06,1.7,2.0,1.9,1.9,1.99,2.05,0.0,0.0,0.0
2020-12-07,1.7,2.0,1.9,1.9,1.99,2.05,0.0,0.0,0.0
2020-12-08,1.7,2.0,1.9,1.9,1.99,2.05,0.0,0.0,0.0
2020-12-09,1.7,2.0,1.9,1.9,1.99,2.05,0.0,0.0,0.0
2020-12-10,1.7,2.0,1.9,1.9,1.99,2.05,0.0,0.0,0.0
2020-12-11,1.7,2.0,1.9,1.9,1.99,2.05,0.0,0.0,0.0
2020-12-12,1.73,2.03,1.93,1.93,1.99,2.05,0.01764705882352935,0.014999999999999902,0.015789473684210575
2020-12-13,1.73,2.03,1.93,1.93,1.99,2.05,0.0,0.0,0.0
2020-12-14,1.73,2.03,1.93,1.93,1.99,2.05,0.0,0.0,0.0
2020-12-15,1.73,2.03,1.93,1.93,1.99,2.05,0.0,0.0,0.0
2020-12-16,1.73,2.03,1.93,1.93,1.99,2.05,0.0,0.0,0.0
2020-12-17,1.73,2.03,1.93,1.93,1.99,2.05,0.0,0.0,0.0
2020-12-18,1.73,2.03,1.93,1.93,1.99,2.05,0.0,0.0,0.0
2020-12-19,1.78,2.08,1.96,1.96,1.99,2.05,0.028901734104046284,0.024630541871921263,0.015544041450777257
2020-12-20,1.78,2.08,1.96,1.96,1.99,2.05,0.0,0.0,0.0
2020-12-21,1.78,2.08,1.96,1.96,1.99,2.05,0.0,0.0,0.0
2020-12-22,1.78,2.08,1.96,1.96,1.99,2.05,0.0,0.0,0.0
2020-12-23,1.78,2.08,1.96,1.96,1.99,2.05,0.0,0.0,0.0
2020-12-24,1.78,2.08,1.96,1.96,1.99,2.05,0.0,0.0,0.0
2020-12-25,1.78,2.08,1.96,1.96,1.99,2.05,0.0,0.0,0.0
2020-12-26,1.8,2.1,1.98,1.98,1.99,2.05,0.011235955056179803,0.009615384615384581,0.010204081632652962
2020-12-27,1.8,2.1,1.98,1.98,1.99,2.05,0.0,0.0,0.0
2020-12-28,1.8,2.1,1.98,1.98,1.99,2.05,0.0,0.0,0.0
2020-12-29,1.8,2.1,1.98,1.98,1.99,2.05,0.0,0.0,0.0
2020-12-30,1.8,2.1,1.98,1.98,1.99,2.05,0.0,0.0,0.0
2020-12-31,1.8,2.1,1.98,1.98,1.99,2.05,0.0,0.0,0.0
2021-01-01,1.8,2.1,1.98,1.98,1.99,2.05,0.0,0.0,0.0
2021-01-02,1.84,2.14,2.01,2.01,1.99,2.05,0.022222222222222143,0.01904761904761898,0.015151515151515138
2021-01-03,1.84,2.14,2.01,2.01,1.99,2.05,0.0,0.0,0.0
2021-01-04,1.84,2.14,2.01,2.01,1.99,2.05,0.0,0.0,0.0
2021-01-05,1.84,2.14,2.01,2.01,1.99,2.05,0.0,0.0,0.0
2021-01-06,1.84,2.14,2.01,2.01,1.99,2.05,0.0,0.0,0.0
2021-01-07,1.84,2.14,2.01,2.01,1.99,2.05,0.0,0.0,0.0
2021-01-08,1.84,2.14,2.01,2.01,1.99,2.05,0.0,0.0,0.0
2021-01-09,1.84,2.14,2.02,2.02,1.99,2.05,0.0,0.0,0.004975124378109541
2021-01-10,1.84,2.14,2.02,2.02,1.99,2.05,0.0,0.0,0.0
2021-01-11,1.84,2.14,2.02,2.02,1.99,2.05,0.0,0.0,0.0
2021-01-12,1.84,2.14,2.02,2.02,1.99,2.05,0.0,0.0,0.0
2021-01-13,1.84,2.14,2.02,2.02,1.99,2.05,0.0,0.0,0.0
2021-01-14,1.84,2.14,2.02,2.02,1.99,2.05,0.0,0.0,0.0
2021-01-15,1.84,2.14,2.02,2.02,1.99,2.05,0.0,0.0,0.0
2021-01-16,1.89,2.19,2.05,2.05,1.99,2.05,0.02717391304347827,0.023364485981308247,0.014851485148514865
2021-01-17,1.89,2.19,2.05,2.05,1.99,2.05,0.0,0.0,0.0
2021-01-18,1.89,2.19,2.05,2.05,1.99,2.05,0.0,0.0,0.0
2021-01-19,1.89,2.19,2.05,2.05,1.99,2.05,0.0,0.0,0.0
2021-01-20,1.89,2.19,2.05,2.05,1.99,2.05,0.0,0.0,0.0
2021-01-21,1.89,2.19,2.05,2.05,1.99,2.05,0.0,0.0,0.0
2021-01-22,1.89,2.19,2.05,2.05,1.99,2.05,0.0,0.0,0.0
2021-01-23,1.9,2.2,2.09,2.09,1.99,2.05,0.005291005291005346,0.004566210045662267,0.019512195121951237
2021-01-24,1.9,2.2,2.09,2.09,1.99,2.05,0.0,0.0,0.0
2021-01-25,1.9,2.2,2.09,2.09,1.99,2.05,0.0,0.0,0.0
2021-01-26,1.9,2.2,2.09,2.09,1.99,2.05,0.0,0.0,0.0
2021-01-27,1.9,2.2,2.09,2.09,1.99,2.05,0.0,0.0,0.0
2021-01-28,1.9,2.2,2.09,2.09,1.99,2.05,0.0,0.0,0.0
2021-01-29,1.9,2.2,2.09,2.09,1.99,2.05,0.0,0.0,0.0
2021-01-30,1.9,2.2,2.07,2.07,1.99,2.05,0.0,0.0,-0.009569377990430672
2021-01-31,1.9,2.2,2.07,2.07,1.99,2.05,0.0,0.0,0.0
2021-02-01,1.9,2.2,2.07,2.07,1.99,2.05,0.0,0.0,0.0
2021-02-02,1.9,2.2,2.07,2.07,1.99,2.05,0.0,0.0,0.0
2021-02-03,1.9,2.2,2.07,2.07,1.99,2.05,0.0,0.0,0.0
2021-02-04,1.9,2.2,2.07,2.07,1.99,2.05,0.0,0.0,0.0
2021-02-05,1.9,2.2,2.07,2.07,1.99,2.05,0.0,0.0,0.0
2021-02-06,1.93,2.23,2.11,2.11,1.99,2.05,0.015789473684210575,0.013636363636363447,0.019323671497584627
2021-02-07,1.93,2.23,2.11,2.11,1.99,2.05,0.0,0.0,0.0
2021-02-08,1.93,2.23,2.11,2.11,1.99,2.05,0.0,0.0,0.0
2021-02-09,1.93,2.23,2.11,2.11,1.99,2.05,0.0,0.0,0.0
2021-02-10,1.93,2.23,2.11,2.11,1.99,2.05,0.0,0.0,0.0
2021-02-11,1.93,2.23,2.11,2.11,1.99,2.05,0.0,0.0,0.0
2021-02-12,1.93,2.23,2.11,2.11,1.99,2.05,0.0,0.0,0.0
2021-02-13,1.96,2.26,2.15,2.15,1.99,2.05,0.015544041450777257,0.013452914798206095,0.018957345971563955
2021-02-14,1.96,2.26,2.15,2.15,1.99,2.05,0.0,0.0,0.0
2021-02-15,1.96,2.26,2.15,2.15,1.99,2.05,0.0,0.0,0.0
2021-02-16,1.96,2.26,2.15,2.15,1.99,2.05,0.0,0.0,0.0
2021-02-17,1.96,2.26,2.15,2.15,1.99,2.05,0.0,0.0,0.0
2021-02-18,1.96,2.26,2.15,2.15,1.99,2.05,0.0,0.0,0.0
2021-02-19,1.96,2.26,2.15,2.15,1.99,2.05,0.0,0.0,0.0
2021-02-20,2.0,2.3,2.15,2.15,1.99,2.05,0.020408163265306145,0.017699115044247815,0.0
2021-02-21,2.0,2.3,2.15,2.15,1.99,2.05,0.0,0.0,0.0
2021-02-22,2.0,2.3,2.15,2.15,1.99,2.05,0.0,0.0,0.0
2021-02-23,2.0,2.3,2.15,2.15,1.99,2.05,0.0,0.0,0.0
2021-02-24,2.0,2.3,2.15,2.15,1.99,2.05,0.0,0.0,0.0
2021-02-25,2.0,2.3,2.15,2.15,1.99,2.05,0.0,0.0,0.0
2021-02-26,2.0,2.3,2.15,2.15,1.99,2.05,0.0,0.0,0.0
2021-02-27,2.05,2.35,2.15,2.15,1.99,2.05,0.02499999999999991,0.021739130434782705,0.0
2021-02-28,2.05,2.35,2.15,2.15,1.99,2.05,0.0,0.0,0.0
2021-03-01,2.05,2.35,2.15,2.15,1.99,2.05,0.0,0.0,0.0
2021-03-02,2.05,2.35,2.15,2.15,1.99,2.05,0.0,0.0,0.0
2021-03-03,2.05,2.35,2.15,2.15,1.99,2.05,0.0,0.0,0.0
2021-03-04,2.05,2.35,2.15,2.15,1.99,2.05,0.0,0.0,0.0
2021-03-05,2.05,2.35,2.15,2.15,1.99,2.05,0.0,0.0,0.0
2021-03-06,2.05,2.35,2.15,2.15,1.99,2.05,0.0,0.0,0.0
2021-03-07,2.05,2.35,2.15,2.15,1.99,2.05,0.0,0.0,0.0
2021-03-08,2.05,2.35,2.15,2.15,1.99,2.05,0.0,0.0,0.0
2021-03-09,2.05,2.35,2.15,2.15,1.99,2.05,0.0,0.0,0.0
2021-03-10,2.05,2.35,2.15,2.15,1.99,2.05,0.0,0.0,0.0
2021-03-11,2.05,2.4,2.15,2.15,1.99,2.05,0.0,0.02127659574468077,0.0
2021-03-12,2.05,2.4,2.15,2.15,1.99,2.05,0.0,0.0,0.0
2021-03-13,2.05,2.4,2.15,2.15,1.99,2.05,0.0,0.0,0.0
2021-03-14,2.05,2.4,2.15,2.15,1.99,2.05,0.0,0.0,0.0
2021-03-15,2.05,2.4,2.15,2.15,1.99,2.05,0.0,0.0,0.0
2021-03-16,2.05,2.4,2.15,2.15,1.99,2.05,0.0,0.0,0.0
2021-03-17,2.05,2.4,2.15,2.15,1.99,2.05,0.0,0.0,0.0
2021-03-18,2.05,2.47,2.15,2.15,1.99,2.05,0.0,0.029166666666666785,0.0
2021-03-19,2.05,2.47,2.15,2.15,1.99,2.05,0.0,0.0,0.0
2021-03-20,2.05,2.47,2.15,2.15,1.99,2.05,0.0,0.0,0.0
2021-03-21,2.05,2.47,2.15,2.15,1.99,2.05,0.0,0.0,0.0
2021-03-22,2.05,2.47,2.15,2.15,1.99,2.05,0.0,0.0,0.0
2021-03-23,2.05,2.47,2.15,2.15,1.99,2.05,0.0,0.0,0.0
2021-03-24,2.05,2.47,2.15,2.15,1.99,2.05,0.0,0.0,0.0
2021-03-25,2.05,2.5,2.15,2.15,1.99,2.05,0.0,0.012145748987854255,0.0
2021-03-26,2.05,2.5,2.15,2.15,1.99,2.05,0.0,0.0,0.0
2021-03-27,2.05,2.5,2.15,2.15,1.99,2.05,0.0,0.0,0.0
2021-03-28,2.05,2.5,2.15,2.15,1.99,2.05,0.0,0.0,0.0
2021-03-29,2.05,2.5,2.15,2.15,1.99,2.05,0.0,0.0,0.0
2021-03-30,2.05,2.5,2.15,2.15,1.99,2.05,0.0,0.0,0.0
2021-03-31,2.05,2.5,2.15,2.15,1.99,2.05,0.0,0.0,0.0
2021-04-01,2.05,2.52,2.15,2.15,1.99,2.05,0.0,0.008000000000000007,0.0
2021-04-02,2.05,2.52,2.15,2.15,1.99,2.05,0.0,0.0,0.0
2021-04-03,2.05,2.52,2.15,2.15,1.99,2.05,0.0,0.0,0.0
2021-04-04,2.05,2.52,2.15,2.15,1.99,2.05,0.0,0.0,0.0
2021-04-05,2.05,2.52,2.15,2.15,1.99,2.05,0.0,0.0,0.0
2021-04-06,2.05,2.52,2.15,2.15,1.99,2.05,0.0,0.0,0.0
2021-04-07,2.05,2.52,2.15,2.15,1.99,2.05,0.0,0.0,0.0
2021-04-08,2.05,2.54,2.15,2.15,1.99,2.05,0.0,0.007936507936507908,0.0
2021-04-09,2.05,2.54,2.15,2.15,1.99,2.05,0.0,0.0,0.0
2021-04-10,2.05,2.54,2.15,2.15,1.99,2.05,0.0,0.0,0.0
2021-04-11,2.05,2.54,2.15,2.15,1.99,2.05,0.0,0.0,0.0
2021-04-12,2.05,2.54,2.15,2.15,1.99,2.05,0.0,0.0,0.0
2021-04-13,2.05,2.54,2.15,2.15,1.99,2.05,0.0,0.0,0.0
2021-04-14,2.05,2.54,2.15,2.15,1.99,2.05,0.0,0.0,0.0
2021-04-15,2.05,2.54,2.15,2.15,1.99,2.05,0.0,0.0,0.0
2021-04-16,2.05,2.54,2.15,2.15,1.99,2.05,0.0,0.0,0.0
2021-04-17,2.05,2.54,2.15,2.15,1.99,2.05,0.0,0.0,0.0
2021-04-18,2.05,2.54,2.15,2.15,1.99,2.05,0.0,0.0,0.0
2021-04-19,2.05,2.54,2.15,2.15,1.99,2.05,0.0,0.0,0.0
2021-04-20,2.05,2.54,2.15,2.15,1.99,2.05,0.0,0.0,0.0
2021-04-21,2.05,2.54,2.15,2.15,1.99,2.05,0.0,0.0,0.0
2021-04-22,2.05,2.58,2.15,2.15,1.99,2.05,0.0,0.015748031496062964,0.0
2021-04-23,2.05,2.58,2.15,2.15,1.99,2.05,0.0,0.0,0.0
2021-04-24,2.05,2.58,2.15,2.15,1.99,2.05,0.0,0.0,0.0
2021-04-25,2.05,2.58,2.15,2.15,1.99,2.05,0.0,0.0,0.0
2021-04-26,2.05,2.58,2.15,2.15,1.99,2.05,0.0,0.0,0.0
2021-04-27,2.05,2.58,2.15,2.15,1.99,2.05,0.0,0.0,0.0
2021-04-28,2.05,2.58,2.15,2.15,1.99,2.05,0.0,0.0,0.0
2021-04-29,2.05,2.58,2.15,2.15,1.99,2.05,0.0,0.0,0.0
2021-04-30,2.05,2.58,2.15,2.15,1.99,2.05,0.0,0.0,0.0
2021-05-01,2.05,2.58,2.15,2.15,1.99,2.05,0.0,0.0,0.0
2021-05-02,2.05,2.58,2.15,2.15,1.99,2.05,0.0,0.0,0.0
2021-05-03,2.05,2.58,2.15,2.15,1.99,2.05,0.0,0.0,0.0
2021-05-04,2.05,2.58,2.15,2.15,1.99,2.05,0.0,0.0,0.0
2021-05-05,2.05,2.58,2.15,2.15,1.99,2.05,0.0,0.0,0.0
2021-05-06,2.05,2.6,2.15,2.15,1.99,2.05,0.0,0.007751937984496138,0.0
2021-05-07,2.05,2.6,2.15,2.15,1.99,2.05,0.0,0.0,0.0
2021-05-08,2.05,2.6,2.15,2.15,1.99,2.05,0.0,0.0,0.0
2021-05-09,2.05,2.6,2.15,2.15,1.99,2.05,0.0,0.0,0.0
2021-05-10,2.05,2.6,2.15,2.15,1.99,2.05,0.0,0.0,0.0
2021-05-11,2.05,2.6,2.15,2.15,1.99,2.05,0.0,0.0,0.0
2021-05-12,2.05,2.6,2.15,2.15,1.99,2.05,0.0,0.0,0.0
2021-05-13,2.05,2.6,2.15,2.15,1.99,2.05,0.0,0.0,0.0
2021-05-14,2.05,2.6,2.15,2.15,1.99,2.05,0.0,0.0,0.0
2021-05-15,2.05,2.6,2.15,2.15,1.99,2.05,0.0,0.0,0.0
2021-05-16,2.05,2.6,2.15,2.15,1.99,2.05,0.0,0.0,0.0
2021-05-17,2.05,2.6,2.15,2.15,1.99,2.05,0.0,0.0,0.0
2021-05-18,2.05,2.6,2.15,2.15,1.99,2.05,0.0,0.0,0.0
2021-05-19,2.05,2.6,2.15,2.15,1.99,2.05,0.0,0.0,0.0
2021-05-20,2.05,2.61,2.15,2.15,1.99,2.05,0.0,0.0038461538461538325,0.0
2021-05-21,2.05,2.61,2.15,2.15,1.99,2.05,0.0,0.0,0.0
2021-05-22,2.05,2.61,2.15,2.15,1.99,2.05,0.0,0.0,0.0
2021-05-23,2.05,2.61,2.15,2.15,1.99,2.05,0.0,0.0,0.0
2021-05-24,2.05,2.61,2.15,2.15,1.99,2.05,0.0,0.0,0.0
2021-05-25,2.05,2.61,2.15,2.15,1.99,2.05,0.0,0.0,0.0
2021-05-26,2.05,2.61,2.15,2.15,1.99,2.05,0.0,0.0,0.0
2021-05-27,2.05,2.61,2.15,2.15,1.99,2.05,0.0,0.0,0.0
2021-05-28,2.05,2.61,2.15,2.15,1.99,2.05,0.0,0.0,0.0
2021-05-29,2.05,2.61,2.15,2.15,1.99,2.05,0.0,0.0,0.0
2021-05-30,2.05,2.61,2.15,2.15,1.99,2.05,0.0,0.0,0.0
2021-05-31,2.05,2.61,2.15,2.15,1.99,2.05,0.0,0.0,0.0
2021-06-01,2.05,2.61,2.15,2.15,1.99,2.05,0.0,0.0,0.0
2021-06-02,2.05,2.61,2.15,2.15,1.99,2.05,0.0,0.0,0.0
2021-06-03,2.05,2.63,2.15,2.15,1.99,2.05,0.0,0.00766283524904221,0.0
2021-06-04,2.05,2.63,2.15,2.15,1.99,2.05,0.0,0.0,0.0
2021-06-05,2.05,2.63,2.15,2.15,1.99,2.05,0.0,0.0,0.0
2021-06-06,2.05,2.63,2.15,2.15,1.99,2.05,0.0,0.0,0.0
2021-06-07,2.05,2.63,2.15,2.15,1.99,2.05,0.0,0.0,0.0
2021-06-08,2.05,2.63,2.15,2.15,1.99,2.05,0.0,0.0,0.0
2021-06-09,2.05,2.63,2.15,2.15,1.99,2.05,0.0,0.0,0.0
2021-06-10,2.05,2.65,2.15,2.15,1.99,2.05,0.0,0.0076045627376426506,0.0
2021-06-11,2.05,2.65,2.15,2.15,1.99,2.05,0.0,0.0,0.0
2021-06-12,2.05,2.65,2.15,2.15,1.99,2.05,0.0,0.0,0.0
2021-06-13,2.05,2.65,2.15,2.15,1.99,2.05,0.0,0.0,0.0
2021-06-14,2.05,2.65,2.15,2.15,1.99,2.05,0.0,0.0,0.0
2021-06-15,2.05,2.65,2.15,2.15,1.99,2.05,0.0,0.0,0.0
2021-06-16,2.05,2.65,2.15,2.15,1.99,2.05,0.0,0.0,0.0
2021-06-17,2.05,2.67,2.15,2.15,1.99,2.05,0.0,0.007547169811320753,0.0
2021-06-18,2.05,2.67,2.15,2.15,1.99,2.05,0.0,0.0,0.0
2021-06-19,2.05,2.67,2.15,2.15,1.99,2.05,0.0,0.0,0.0
2021-06-20,2.05,2.67,2.15,2.15,1.99,2.05,0.0,0.0,0.0
2021-06-21,2.05,2.67,2.15,2.15,1.99,2.05,0.0,0.0,0.0
2021-06-22,2.05,2.67,2.15,2.15,1.99,2.05,0.0,0.0,0.0
2021-06-23,2.05,2.67,2.15,2.15,1.99,2.05,0.0,0.0,0.0
2021-06-24,2.05,2.67,2.15,2.15,1.99,2.05,0.0,0.0,0.0
2021-06-25,2.05,2.67,2.15,2.15,1.99,2.05,0.0,0.0,0.0
2021-06-26,2.05,2.67,2.15,2.15,1.99,2.05,0.0,0.0,0.0
2021-06-27,2.05,2.67,2.15,2.15,1.99,2.05,0.0,0.0,0.0
2021-06-28,2.05,2.67,2.15,2.15,1.99,2.05,0.0,0.0,0.0
2021-06-29,2.05,2.67,2.15,2.15,1.99,2.05,0.0,0.0,0.0
2021-06-30,2.05,2.67,2.15,2.15,1.99,2.05,0.0,0.0,0.0
2021-07-01,2.05,2.69,2.15,2.15,1.99,2.05,0.0,0.0074906367041198685,0.0
2021-07-02,2.05,2.69,2.15,2.15,1.99,2.05,0.0,0.0,0.0
2021-07-03,2.05,2.69,2.15,2.15,1.99,2.05,0.0,0.0,0.0
2021-07-04,2.05,2.69,2.15,2.15,1.99,2.05,0.0,0.0,0.0
2021-07-05,2.05,2.69,2.15,2.15,1.99,2.05,0.0,0.0,0.0
2021-07-06,2.05,2.69,2.15,2.15,1.99,2.05,0.0,0.0,0.0
2021-07-07,2.05,2.69,2.15,2.15,1.99,2.05,0.0,0.0,0.0
2021-07-08,2.05,2.7,2.15,2.15,1.99,2.05,0.0,0.003717472118959231,0.0
2021-07-09,2.05,2.7,2.15,2.15,1.99,2.05,0.0,0.0,0.0
2021-07-10,2.05,2.7,2.15,2.15,1.99,2.05,0.0,0.0,0.0
2021-07-11,2.05,2.7,2.15,2.15,1.99,2.05,0.0,0.0,0.0
2021-07-12,2.05,2.7,2.15,2.15,1.99,2.05,0.0,0.0,0.0
2021-07-13,2.05,2.7,2.15,2.15,1.99,2.05,0.0,0.0,0.0
2021-07-14,2.05,2.7,2.15,2.15,1.99,2.05,0.0,0.0,0.0
2021-07-15,2.05,2.73,2.15,2.15,1.99,2.05,0.0,0.011111111111111072,0.0
2021-07-16,2.05,2.73,2.15,2.15,1.99,2.05,0.0,0.0,0.0
2021-07-17,2.05,2.73,2.15,2.15,1.99,2.05,0.0,0.0,0.0
2021-07-18,2.05,2.73,2.15,2.15,1.99,2.05,0.0,0.0,0.0
2021-07-19,2.05,2.73,2.15,2.15,1.99,2.05,0.0,0.0,0.0
2021-07-20,2.05,2.73,2.15,2.15,1.99,2.05,0.0,0.0,0.0
2021-07-21,2.05,2.73,2.15,2.15,1.99,2.05,0.0,0.0,0.0
2021-07-22,2.05,2.73,2.15,2.15,1.99,2.05,0.0,0.0,0.0
2021-07-23,2.05,2.73,2.15,2.15,1.99,2.05,0.0,0.0,0.0
2021-07-24,2.05,2.73,2.15,2.15,1.99,2.05,0.0,0.0,0.0
2021-07-25,2.05,2.73,2.15,2.15,1.99,2.05,0.0,0.0,0.0
2021-07-26,2.05,2.73,2.15,2.15,1.99,2.05,0.0,0.0,0.0
2021-07-27,2.05,2.73,2.15,2.15,1.99,2.05,0.0,0.0,0.0
2021-07-28,2.05,2.74,2.15,2.15,1.99,2.05,0.0,0.00366300366300365,0.0
2021-07-29,2.05,2.74,2.15,2.15,1.99,2.05,0.0,0.0,0.0
2021-07-30,2.05,2.74,2.15,2.15,1.99,2.05,0.0,0.0,0.0
2021-07-31,2.05,2.74,2.15,2.15,1.99,2.05,0.0,0.0,0.0
2021-08-01,2.05,2.74,2.15,2.15,1.99,2.05,0.0,0.0,0.0
2021-08-02,2.05,2.74,2.15,2.15,1.99,2.05,0.0,0.0,0.0
2021-08-03,2.05,2.74,2.15,2.15,1.99,2.05,0.0,0.0,0.0
2021-08-04,2.05,2.74,2.15,2.15,1.99,2.05,0.0,0.0,0.0
2021-08-05,2.05,2.74,2.15,2.15,1.99,2.05,0.0,0.0,0.0
2021-08-06,2.05,2.74,2.15,2.15,1.99,2.05,0.0,0.0,0.0
2021-08-07,2.05,2.74,2.15,2.15,1.99,2.05,0.0,0.0,0.0
2021-08-08,2.05,2.74,2.15,2.15,1.99,2.05,0.0,0.0,0.0
2021-08-09,2.05,2.74,2.15,2.15,1.99,2.05,0.0,0.0,0.0
2021-08-10,2.05,2.74,2.15,2.15,1.99,2.05,0.0,0.0,0.0
2021-08-11,2.05,2.74,2.15,2.15,1.99,2.05,0.0,0.0,0.0
2021-08-12,2.05,2.74,2.15,2.15,1.99,2.05,0.0,0.0,0.0
2021-08-13,2.05,2.74,2.15,2.15,1.99,2.05,0.0,0.0,0.0
2021-08-14,2.05,2.74,2.15,2.15,1.99,2.05,0.0,0.0,0.0
2021-08-15,2.05,2.74,2.15,2.15,1.99,2.05,0.0,0.0,0.0
2021-08-16,2.05,2.74,2.15,2.15,1.99,2.05,0.0,0.0,0.0
2021-08-17,2.05,2.74,2.15,2.15,1.99,2.05,0.0,0.0,0.0
2021-08-18,2.05,2.74,2.15,2.15,1.99,2.05,0.0,0.0,0.0
2021-08-19,2.05,2.74,2.15,2.15,1.99,2.05,0.0,0.0,0.0
2021-08-20,2.05,2.74,2.15,2.15,1.99,2.05,0.0,0.0,0.0
2021-08-21,2.05,2.74,2.15,2.15,1.99,2.05,0.0,0.0,0.0
2021-08-22,2.05,2.74,2.15,2.15,1.99,2.05,0.0,0.0,0.0
2021-08-23,2.05,2.74,2.15,2.15,1.99,2.05,0.0,0.0,0.0
2021-08-24,2.05,2.74,2.15,2.15,1.99,2.05,0.0,0.0,0.0
2021-08-25,2.05,2.74,2.15,2.15,1.99,2.05,0.0,0.0,0.0
2021-08-26,2.05,2.72,2.15,2.15,1.99,2.05,0.0,-0.007299270072992692,0.0
2021-08-27,2.05,2.72,2.15,2.15,1.99,2.05,0.0,0.0,0.0
2021-08-28,2.05,2.72,2.15,2.15,1.99,2.05,0.0,0.0,0.0
2021-08-29,2.05,2.72,2.15,2.15,1.99,2.05,0.0,0.0,0.0
2021-08-30,2.05,2.72,2.15,2.15,1.99,2.05,0.0,0.0,0.0
2021-08-31,2.05,2.72,2.15,2.15,1.99,2.05,0.0,0.0,0.0
2021-09-01,2.05,2.72,2.15,2.15,1.99,2.05,0.0,0.0,0.0
2021-09-02,2.05,2.72,2.15,2.15,1.99,2.05,0.0,0.0,0.0
2021-09-03,2.05,2.72,2.15,2.15,1.99,2.05,0.0,0.0,0.0
2021-09-04,2.05,2.72,2.15,2.15,1.99,2.05,0.0,0.0,0.0
2021-09-05,2.05,2.72,2.15,2.15,1.99,2.05,0.0,0.0,0.0
2021-09-06,2.05,2.72,2.15,2.15,1.99,2.05,0.0,0.0,0.0
2021-09-07,2.05,2.72,2.15,2.15,1.99,2.05,0.0,0.0,0.0
2021-09-08,2.05,2.72,2.15,2.15,1.99,2.05,0.0,0.0,0.0
2021-09-09,2.05,2.73,2.15,2.15,1.99,2.05,0.0,0.003676470588235281,0.0
2021-09-10,2.05,2.73,2.15,2.15,1.99,2.05,0.0,0.0,0.0
2021-09-11,2.05,2.73,2.15,2.15,1.99,2.05,0.0,0.0,0.0
2021-09-12,2.05,2.73,2.15,2.15,1.99,2.05,0.0,0.0,0.0
2021-09-13,2.05,2.73,2.15,2.15,1.99,2.05,0.0,0.0,0.0
2021-09-14,2.05,2.73,2.15,2.15,1.99,2.05,0.0,0.0,0.0
2021-09-15,2.05,2.73,2.15,2.15,1.99,2.05,0.0,0.0,0.0
2021-09-16,2.05,2.73,2.15,2.15,1.99,2.05,0.0,0.0,0.0
2021-09-17,2.05,2.73,2.15,2.15,1.99,2.05,0.0,0.0,0.0
2021-09-18,2.05,2.73,2.15,2.15,1.99,2.05,0.0,0.0,0.0
2021-09-19,2.05,2.73,2.15,2.15,1.99,2.05,0.0,0.0,0.0
2021-09-20,2.05,2.73,2.15,2.15,1.99,2.05,0.0,0.0,0.0
2021-09-21,2.05,2.73,2.15,2.15,1.99,2.05,0.0,0.0,0.0
2021-09-22,2.05,2.73,2.15,2.15,1.99,2.05,0.0,0.0,0.0
2021-09-23,2.05,2.75,2.15,2.15,1.99,2.05,0.0,0.0073260073260073,0.0
2021-09-24,2.05,2.75,2.15,2.15,1.99,2.05,0.0,0.0,0.0
2021-09-25,2.05,2.75,2.15,2.15,1.99,2.05,0.0,0.0,0.0
2021-09-26,2.05,2.75,2.15,2.15,1.99,2.05,0.0,0.0,0.0
2021-09-27,2.05,2.75,2.15,2.15,1.99,2.05,0.0,0.0,0.0
2021-09-28,2.05,2.75,2.15,2.15,1.99,2.05,0.0,0.0,0.0
2021-09-29,2.05,2.75,2.15,2.15,1.99,2.05,0.0,0.0,0.0
2021-09-30,2.05,2.76,2.15,2.15,1.99,2.05,0.0,0.0036363636363636598,0.0
2021-10-01,2.05,2.76,2.15,2.15,1.99,2.05,0.0,0.0,0.0
2021-10-02,2.05,2.76,2.15,2.15,1.99,2.05,0.0,0.0,0.0
2021-10-03,2.05,2.76,2.15,2.15,1.99,2.05,0.0,0.0,0.0
2021-10-04,2.05,2.76,2.15,2.15,1.99,2.05,0.0,0.0,0.0
2021-10-05,2.05,2.76,2.15,2.15,1.99,2.05,0.0,0.0,0.0
2021-10-06,2.05,2.76,2.15,2.15,1.99,2.05,0.0,0.0,0.0
2021-10-07,2.05,2.77,2.15,2.15,1.99,2.05,0.0,0.0036231884057971175,0.0
2021-10-08,2.05,2.77,2.15,2.15,1.99,2.05,0.0,0.0,0.0
2021-10-09,2.05,2.77,2.15,2.15,1.99,2.05,0.0,0.0,0.0
2021-10-10,2.05,2.77,2.15,2.15,1.99,2.05,0.0,0.0,0.0
2021-10-11,2.05,2.77,2.15,2.15,1.99,2.05,0.0,0.0,0.0
2021-10-12,2.05,2.77,2.15,2.15,1.99,2.05,0.0,0.0,0.0
2021-10-13,2.05,2.77,2.15,2.15,1.99,2.05,0.0,0.0,0.0
2021-10-14,2.05,2.87,2.15,2.15,1.99,2.05,0.0,0.036101083032491044,0.0
2021-10-15,2.05,2.87,2.15,2.15,1.99,2.05,0.0,0.0,0.0
2021-10-16,2.05,2.87,2.15,2.15,1.99,2.05,0.0,0.0,0.0
2021-10-17,2.05,2.87,2.15,2.15,1.99,2.05,0.0,0.0,0.0
2021-10-18,2.05,2.87,2.15,2.15,1.99,2.05,0.0,0.0,0.0
2021-10-19,2.05,2.87,2.15,2.15,1.99,2.05,0.0,0.0,0.0
2021-10-20,2.05,2.87,2.15,2.15,1.99,2.05,0.0,0.0,0.0
2021-10-21,2.05,2.87,2.15,2.15,1.99,2.05,0.0,0.0,0.0
2021-10-22,2.05,2.87,2.15,2.15,1.99,2.05,0.0,0.0,0.0
2021-10-23,2.05,2.87,2.15,2.15,1.99,2.05,0.0,0.0,0.0
2021-10-24,2.05,2.87,2.15,2.15,1.99,2.05,0.0,0.0,0.0
2021-10-25,2.05,2.87,2.15,2.15,1.99,2.05,0.0,0.0,0.0
2021-10-26,2.05,2.87,2.15,2.15,1.99,2.05,0.0,0.0,0.0
2021-10-27,2.05,2.87,2.15,2.15,1.99,2.05,0.0,0.0,0.0
2021-10-28,2.05,2.97,2.15,2.15,1.99,2.05,0.0,0.03484320557491283,0.0
2021-10-29,2.05,2.97,2.15,2.15,1.99,2.05,0.0,0.0,0.0
2021-10-30,2.05,2.97,2.15,2.15,1.99,2.05,0.0,0.0,0.0
2021-10-31,2.05,2.97,2.15,2.15,1.99,2.05,0.0,0.0,0.0
2021-11-01,2.05,2.97,2.15,2.15,1.99,2.05,0.0,0.0,0.0
2021-11-02,2.05,2.97,2.15,2.15,1.99,2.05,0.0,0.0,0.0
2021-11-03,2.05,2.97,2.15,2.15,1.99,2.05,0.0,0.0,0.0
2021-11-04,2.05,3.06,2.15,2.15,1.99,2.05,0.0,0.030303030303030276,0.0
2021-11-05,2.05,3.06,2.15,2.15,1.99,2.05,0.0,0.0,0.0
2021-11-06,2.05,3.06,2.15,2.15,1.99,2.05,0.0,0.0,0.0
2021-11-07,2.05,3.06,2.15,2.15,1.99,2.05,0.0,0.0,0.0
2021-11-08,2.05,3.06,2.15,2.15,1.99,2.05,0.0,0.0,0.0
2021-11-09,2.05,3.06,2.15,2.15,1.99,2.05,0.0,0.0,0.0
2021-11-10,2.05,3.06,2.15,2.15,1.99,2.05,0.0,0.0,0.0
2021-11-11,2.05,3.08,2.15,2.15,1.99,2.05,0.0,0.006535947712418277,0.0
2021-11-12,2.05,3.08,2.15,2.15,1.99,2.05,0.0,0.0,0.0
2021-11-13,2.05,3.08,2.15,2.15,1.99,2.05,0.0,0.0,0.0
2021-11-14,2.05,3.08,2.15,2.15,1.99,2.05,0.0,0.0,0.0
2021-11-15,2.05,3.08,2.15,2.15,1.99,2.05,0.0,0.0,0.0
2021-11-16,2.05,3.08,2.15,2.15,1.99,2.05,0.0,0.0,0.0
2021-11-17,2.05,3.08,2.15,2.15,1.99,2.05,0.0,0.0,0.0
2021-11-18,2.05,3.08,2.15,2.15,1.99,2.05,0.0,0.0,0.0
2021-11-19,2.05,3.08,2.15,2.15,1.99,2.05,0.0,0.0,0.0
2021-11-20,2.05,3.08,2.15,2.15,1.99,2.05,0.0,0.0,0.0
2021-11-21,2.05,3.08,2.15,2.15,1.99,2.05,0.0,0.0,0.0
2021-11-22,2.05,3.08,2.15,2.15,1.99,2.05,0.0,0.0,0.0
2021-11-23,2.05,3.08,2.15,2.15,1.99,2.05,0.0,0.0,0.0
2021-11-24,2.05,3.08,2.15,2.15,1.99,2.05,0.0,0.0,0.0
2021-11-25,2.05,3.05,2.15,2.15,1.99,2.05,0.0,-0.009740259740259827,0.0
2021-11-26,2.05,3.05,2.15,2.15,1.99,2.05,0.0,0.0,0.0
2021-11-27,2.05,3.05,2.15,2.15,1.99,2.05,0.0,0.0,0.0
2021-11-28,2.05,3.05,2.15,2.15,1.99,2.05,0.0,0.0,0.0
2021-11-29,2.05,3.05,2.15,2.15,1.99,2.05,0.0,0.0,0.0
2021-11-30,2.05,3.05,2.15,2.15,1.99,2.05,0.0,0.0,0.0
2021-12-01,2.05,3.05,2.15,2.15,1.99,2.05,0.0,0.0,0.0
2021-12-02,2.05,3.02,2.15,2.15,1.99,2.05,0.0,-0.00983606557377048,0.0
2021-12-03,2.05,3.02,2.15,2.15,1.99,2.05,0.0,0.0,0.0
2021-12-04,2.05,3.02,2.15,2.15,1.99,2.05,0.0,0.0,0.0
2021-12-05,2.05,3.02,2.15,2.15,1.99,2.05,0.0,0.0,0.0
2021-12-06,2.05,3.02,2.15,2.15,1.99,2.05,0.0,0.0,0.0
2021-12-07,2.05,3.02,2.15,2.15,1.99,2.05,0.0,0.0,0.0
2021-12-08,2.05,3.02,2.15,2.15,1.99,2.05,0.0,0.0,0.0
2021-12-09,2.05,2.99,2.15,2.15,1.99,2.05,0.0,-0.009933774834437026,0.0
2021-12-10,2.05,2.99,2.15,2.15,1.99,2.05,0.0,0.0,0.0
2021-12-11,2.05,2.99,2.15,2.15,1.99,2.05,0.0,0.0,0.0
2021-12-12,2.05,2.99,2.15,2.15,1.99,2.05,0.0,0.0,0.0
2021-12-13,2.05,2.99,2.15,2.15,1.99,2.05,0.0,0.0,0.0
2021-12-14,2.05,2.99,2.15,2.15,1.99,2.05,0.0,0.0,0.0
2021-12-15,2.05,2.99,2.15,2.15,1.99,2.05,0.0,0.0,0.0
2021-12-16,2.05,3.0,2.15,2.15,1.99,2.05,0.0,0.0033444816053511683,0.0
2021-12-17,2.05,3.0,2.15,2.15,1.99,2.05,0.0,0.0,0.0
2021-12-18,2.05,3.0,2.15,2.15,1.99,2.05,0.0,0.0,0.0
2021-12-19,2.05,3.0,2.15,2.15,1.99,2.05,0.0,0.0,0.0
2021-12-20,2.05,3.0,2.15,2.15,1.99,2.05,0.0,0.0,0.0
2021-12-21,2.05,3.0,2.15,2.15,1.99,2.05,0.0,0.0,0.0
2021-12-22,2.05,3.0,2.15,2.15,1.99,2.05,0.0,0.0,0.0
2021-12-23,2.05,2.99,2.15,2.15,1.99,2.05,0.0,-0.0033333333333332993,0.0
2021-12-24,2.05,2.99,2.15,2.15,1.99,2.05,0.0,0.0,0.0
2021-12-25,2.05,2.99,2.15,2.15,1.99,2.05,0.0,0.0,0.0
2021-12-26,2.05,2.99,2.15,2.15,1.99,2.05,0.0,0.0,0.0
2021-12-27,2.05,2.99,2.15,2.15,1.99,2.05,0.0,0.0,0.0
2021-12-28,2.05,2.99,2.15,2.15,1.99,2.05,0.0,0.0,0.0
2021-12-29,2.05,2.99,2.15,2.15,1.99,2.05,0.0,0.0,0.0
2021-12-30,2.05,3.0,2.15,2.15,1.99,2.05,0.0,0.0033444816053511683,0.0
2021-12-31,2.05,3.0,2.15,2.15,1.99,2.05,0.0,0.0,0.0
2022-01-01,2.05,3.0,2.15,2.15,1.99,2.05,0.0,0.0,0.0
2022-01-02,2.05,3.0,2.15,2.15,1.99,2.05,0.0,0.0,0.0
2022-01-03,2.05,3.0,2.15,2.15,1.99,2.05,0.0,0.0,0.0
2022-01-04,2.05,3.0,2.15,2.15,1.99,2.05,0.0,0.0,0.0
2022-01-05,2.05,3.0,2.15,2.15,1.99,2.05,0.0,0.0,0.0
2022-01-06,2.05,3.03,2.15,2.15,1.99,2.05,0.0,0.010000000000000009,0.0
2022-01-07,2.05,3.03,2.15,2.15,1.99,2.05,0.0,0.0,0.0
2022-01-08,2.05,3.03,2.15,2.15,1.99,2.05,0.0,0.0,0.0
2022-01-09,2.05,3.03,2.15,2.15,1.99,2.05,0.0,0.0,0.0
2022-01-10,2.05,3.03,2.15,2.15,1.99,2.05,0.0,0.0,0.0
2022-01-11,2.05,3.03,2.15,2.15,1.99,2.05,0.0,0.0,0.0
2022-01-12,2.05,3.03,2.15,2.15,1.99,2.05,0.0,0.0,0.0
2022-01-13,2.05,3.07,2.15,2.15,1.99,2.05,0.0,0.013201320132013139,0.0
2022-01-14,2.05,3.07,2.15,2.15,1.99,2.05,0.0,0.0,0.0
2022-01-15,2.05,3.07,2.15,2.15,1.99,2.05,0.0,0.0,0.0
2022-01-16,2.05,3.07,2.15,2.15,1.99,2.05,0.0,0.0,0.0
2022-01-17,2.05,3.07,2.15,2.15,1.99,2.05,0.0,0.0,0.0
2022-01-18,2.05,3.07,2.15,2.15,1.99,2.05,0.0,0.0,0.0
2022-01-19,2.05,3.07,2.15,2.15,1.99,2.05,0.0,0.0,0.0
2022-01-20,2.05,3.07,2.15,2.15,1.99,2.05,0.0,0.0,0.0
2022-01-21,2.05,3.07,2.15,2.15,1.99,2.05,0.0,0.0,0.0
2022-01-22,2.05,3.07,2.15,2.15,1.99,2.05,0.0,0.0,0.0
2022-01-23,2.05,3.07,2.15,2.15,1.99,2.05,0.0,0.0,0.0
2022-01-24,2.05,3.07,2.15,2.15,1.99,2.05,0.0,0.0,0.0
2022-01-25,2.05,3.07,2.15,2.15,1.99,2.05,0.0,0.0,0.0
2022-01-26,2.05,3.07,2.15,2.15,1.99,2.05,0.0,0.0,0.0
2022-01-27,2.05,3.12,2.15,2.15,1.99,2.05,0.0,0.016286644951140072,0.0
2022-01-28,2.05,3.12,2.15,2.15,1.99,2.05,0.0,0.0,0.0
2022-01-29,2.05,3.12,2.15,2.15,1.99,2.05,0.0,0.0,0.0
2022-01-30,2.05,3.12,2.15,2.15,1.99,2.05,0.0,0.0,0.0
2022-01-31,2.05,3.12,2.15,2.15,1.99,2.05,0.0,0.0,0.0
2022-02-01,2.05,3.12,2.15,2.15,1.99,2.05,0.0,0.0,0.0
2022-02-02,2.05,3.12,2.15,2.15,1.99,2.05,0.0,0.0,0.0
2022-02-03,2.05,3.12,2.15,2.15,1.99,2.05,0.0,0.0,0.0
2022-02-04,2.05,3.12,2.15,2.15,1.99,2.05,0.0,0.0,0.0
2022-02-05,2.05,3.12,2.15,2.15,1.99,2.05,0.0,0.0,0.0
2022-02-06,2.05,3.12,2.15,2.15,1.99,2.05,0.0,0.0,0.0
2022-02-07,2.05,3.12,2.15,2.15,1.99,2.05,0.0,0.0,0.0
2022-02-08,2.05,3.12,2.15,2.15,1.99,2.05,0.0,0.0,0.0
2022-02-09,2.05,3.12,2.15,2.15,1.99,2.05,0.0,0.0,0.0
2022-02-10,2.05,3.21,2.15,2.15,1.99,2.05,0.0,0.028846153846153744,0.0
2022-02-11,2.05,3.21,2.15,2.15,1.99,2.05,0.0,0.0,0.0
2022-02-12,2.05,3.21,2.15,2.15,1.99,2.05,0.0,0.0,0.0
2022-02-13,2.05,3.21,2.15,2.15,1.99,2.05,0.0,0.0,0.0
2022-02-14,2.05,3.21,2.15,2.15,1.99,2.05,0.0,0.0,0.0
2022-02-15,2.05,3.21,2.15,2.15,1.99,2.05,0.0,0.0,0.0
2022-02-16,2.05,3.21,2.15,2.15,1.99,2.05,0.0,0.0,0.0
2022-02-17,2.05,3.27,2.15,2.15,1.99,2.05,0.0,0.01869158878504673,0.0
2022-02-18,2.05,3.27,2.15,2.15,1.99,2.05,0.0,0.0,0.0
2022-02-19,2.05,3.27,2.15,2.15,1.99,2.05,0.0,0.0,0.0
2022-02-20,2.05,3.27,2.15,2.15,1.99,2.05,0.0,0.0,0.0
2022-02-21,2.05,3.27,2.15,2.15,1.99,2.05,0.0,0.0,0.0
2022-02-22,2.05,3.27,2.15,2.15,1.99,2.05,0.0,0.0,0.0
2022-02-23,2.05,3.27,2.15,2.15,1.99,2.05,0.0,0.0,0.0
2022-02-24,2.05,3.29,2.15,2.15,1.99,2.05,0.0,0.006116207951070374,0.0
2022-02-25,2.05,3.29,2.15,2.15,1.99,2.05,0.0,0.0,0.0
2022-02-26,2.05,3.29,2.15,2.15,1.99,2.05,0.0,0.0,0.0
2022-02-27,2.05,3.29,2.15,2.15,1.99,2.05,0.0,0.0,0.0
2022-02-28,2.05,3.29,2.15,2.15,1.99,2.05,0.0,0.0,0.0
2022-03-01,2.05,3.29,2.15,2.15,1.99,2.05,0.0,0.0,0.0
2022-03-02,2.05,3.29,2.15,2.15,1.99,2.05,0.0,0.0,0.0
2022-03-03,2.05,3.45,2.15,2.15,1.99,2.05,0.0,0.04863221884498481,0.0
2022-03-04,2.05,3.45,2.15,2.15,1.99,2.05,0.0,0.0,0.0
2022-03-05,2.05,3.45,2.15,2.15,1.99,2.05,0.0,0.0,0.0
2022-03-06,2.05,3.45,2.15,2.15,1.99,2.05,0.0,0.0,0.0
2022-03-07,2.05,3.45,2.15,2.15,1.99,2.05,0.0,0.0,0.0
2022-03-08,2.05,3.45,2.15,2.15,1.99,2.05,0.0,0.0,0.0
2022-03-09,2.05,3.45,2.15,2.15,1.99,2.05,0.0,0.0,0.0
2022-03-10,2.05,3.75,2.15,2.15,1.99,2.05,0.0,0.08695652173913038,0.0
2022-03-11,2.05,3.75,2.15,2.15,1.99,2.05,0.0,0.0,0.0
2022-03-12,2.05,3.75,2.15,2.15,1.99,2.05,0.0,0.0,0.0
2022-03-13,2.05,3.75,2.15,2.15,1.99,2.05,0.0,0.0,0.0
2022-03-14,2.05,3.75,2.15,2.15,1.99,2.05,0.0,0.0,0.0
2022-03-15,2.05,3.75,2.15,2.15,1.99,2.05,0.0,0.0,0.0
2022-03-16,2.05,3.75,2.15,2.15,1.99,2.05,0.0,0.0,0.0
2022-03-17,2.05,4.0,2.15,2.15,1.99,2.05,0.0,0.06666666666666665,0.0
2022-03-18,2.05,4.0,2.15,2.15,1.99,2.05,0.0,0.0,0.0
2022-03-19,2.05,4.0,2.15,2.15,1.99,2.05,0.0,0.0,0.0
2022-03-20,2.05,4.0,2.15,2.15,1.99,2.05,0.0,0.0,0.0
2022-03-21,2.05,4.0,2.15,2.15,1.99,2.05,0.0,0.0,0.0
2022-03-22,2.05,4.0,2.15,2.15,1.99,2.05,0.0,0.0,0.0
2022-03-23,2.05,4.0,2.15,2.15,1.99,2.05,0.0,0.0,0.0
2022-03-24,2.05,3.83,2.15,2.15,1.99,2.05,0.0,-0.04249999999999998,0.0
2022-03-25,2.05,3.83,2.15,2.15,1.99,2.05,0.0,0.0,0.0
2022-03-26,2.05,3.83,2.15,2.15,1.99,2.05,0.0,0.0,0.0
2022-03-27,2.05,3.83,2.15,2.15,1.99,2.05,0.0,0.0,0.0
2022-03-28,2.05,3.83,2.15,2.15,1.99,2.05,0.0,0.0,0.0
2022-03-29,2.05,3.83,2.15,2.15,1.99,2.05,0.0,0.0,0.0
2022-03-30,2.05,3.83,2.15,2.15,1.99,2.05,0.0,0.0,0.0
2022-03-31,2.05,3.91,2.15,2.15,1.99,2.05,0.0,0.02088772845953013,0.0
2022-04-01,2.05,3.91,2.15,2.15,1.99,2.05,0.0,0.0,0.0
2022-04-02,2.05,3.91,2.15,2.15,1.99,2.05,0.0,0.0,0.0
2022-04-03,2.05,3.91,2.15,2.15,1.99,2.05,0.0,0.0,0.0
2022-04-04,2.05,3.91,2.15,2.15,1.99,2.05,0.0,0.0,0.0
2022-04-05,2.05,3.91,2.15,2.15,1.99,2.05,0.0,0.0,0.0
2022-04-06,2.05,3.91,2.15,2.15,1.99,2.05,0.0,0.0,0.0
2022-04-07,2.05,3.81,2.15,2.15,1.99,2.05,0.0,-0.025575447570332477,0.0
2022-04-08,2.05,3.81,2.15,2.15,1.99,2.05,0.0,0.0,0.0
2022-04-09,2.05,3.81,2.15,2.15,1.99,2.05,0.0,0.0,0.0
2022-04-10,2.05,3.81,2.15,2.15,1.99,2.05,0.0,0.0,0.0
2022-04-11,2.05,3.81,2.15,2.15,1.99,2.05,0.0,0.0,0.0
2022-04-12,2.05,3.81,2.15,2.15,1.99,2.05,0.0,0.0,0.0
2022-04-13,2.05,3.81,2.15,2.15,1.99,2.05,0.0,0.0,0.0
2022-04-14,2.05,3.81,2.15,2.15,1.99,2.05,0.0,0.0,0.0
2022-04-15,2.05,3.81,2.15,2.15,1.99,2.05,0.0,0.0,0.0
2022-04-16,2.05,3.81,2.15,2.15,1.99,2.05,0.0,0.0,0.0
2022-04-17,2.05,3.81,2.15,2.15,1.99,2.05,0.0,0.0,0.0
2022-04-18,2.05,3.81,2.15,2.15,1.99,2.05,0.0,0.0,0.0
2022-04-19,2.05,3.81,2.15,2.15,1.99,2.05,0.0,0.0,0.0
2022-04-20,2.05,3.81,2.15,2.15,1.99,2.05,0.0,0.0,0.0
2022-04-21,2.05,3.81,2.15,2.15,1.99,2.05,0.0,0.0,0.0
2022-04-22,2.05,3.81,2.15,2.15,1.99,2.05,0.0,0.0,0.0
2022-04-23,2.05,3.81,2.15,2.15,1.99,2.05,0.0,0.0,0.0
2022-04-24,2.05,3.81,2.15,2.15,1.99,2.05,0.0,0.0,0.0
2022-04-25,2.05,3.81,2.15,2.15,1.99,2.05,0.0,0.0,0.0
2022-04-26,2.05,3.81,2.15,2.15,1.99,2.05,0.0,0.0,0.0
2022-04-27,2.05,3.81,2.15,2.15,1.99,2.05,0.0,0.0,0.0
2022-04-28,2.05,3.94,2.15,2.15,1.99,2.05,0.0,0.034120734908136496,0.0
2022-04-29,2.05,3.94,2.15,2.15,1.99,2.05,0.0,0.0,0.0
2022-04-30,2.05,3.94,2.15,2.15,1.99,2.05,0.0,0.0,0.0
2022-05-01,2.05,3.94,2.15,2.15,1.99,2.05,0.0,0.0,0.0
2022-05-02,2.05,3.94,2.15,2.15,1.99,2.05,0.0,0.0,0.0
2022-05-03,2.05,3.94,2.15,2.15,1.99,2.05,0.0,0.0,0.0
2022-05-04,2.05,3.94,2.15,2.15,1.99,2.05,0.0,0.0,0.0
2022-05-05,2.05,3.94,2.15,2.15,1.99,2.05,0.0,0.0,0.0
2022-05-06,2.05,3.94,2.15,2.15,1.99,2.05,0.0,0.0,0.0
2022-05-07,2.05,3.94,2.15,2.15,1.99,2.05,0.0,0.0,0.0
2022-05-08,2.05,3.94,2.15,2.15,1.99,2.05,0.0,0.0,0.0
2022-05-09,2.05,3.94,2.15,2.15,1.99,2.05,0.0,0.0,0.0
2022-05-10,2.05,3.94,2.15,2.15,1.99,2.05,0.0,0.0,0.0
2022-05-11,2.05,3.94,2.15,2.15,1.99,2.05,0.0,0.0,0.0
2022-05-12,2.05,4.31,2.15,2.15,1.99,2.05,0.0,0.09390862944162426,0.0
2022-05-13,2.05,4.31,2.15,2.15,1.99,2.05,0.0,0.0,0.0
2022-05-14,2.05,4.31,2.15,2.15,1.99,2.05,0.0,0.0,0.0
2022-05-15,2.05,4.31,2.15,2.15,1.99,2.05,0.0,0.0,0.0
2022-05-16,2.05,4.31,2.15,2.15,1.99,2.05,0.0,0.0,0.0
2022-05-17,2.05,4.31,2.15,2.15,1.99,2.05,0.0,0.0,0.0
2022-05-18,2.05,4.31,2.15,2.15,1.99,2.05,0.0,0.0,0.0
2022-05-19,2.05,4.33,2.15,2.15,1.99,2.05,0.0,0.0046403712296985145,0.0
2022-05-20,2.05,4.33,2.15,2.15,1.99,2.05,0.0,0.0,0.0
2022-05-21,2.05,4.33,2.15,2.15,1.99,2.05,0.0,0.0,0.0
2022-05-22,2.05,4.33,2.15,2.15,1.99,2.05,0.0,0.0,0.0
2022-05-23,2.05,4.33,2.15,2.15,1.99,2.05,0.0,0.0,0.0
2022-05-24,2.05,4.33,2.15,2.15,1.99,2.05,0.0,0.0,0.0
2022-05-25,2.05,4.33,2.15,2.15,1.99,2.05,0.0,0.0,0.0
2022-05-26,2.05,4.7,2.15,2.15,1.99,2.05,0.0,0.08545034642032334,0.0
2022-05-27,2.05,4.7,2.15,2.15,1.99,2.05,0.0,0.0,0.0
2022-05-28,2.05,4.7,2.15,2.15,1.99,2.05,0.0,0.0,0.0
2022-05-29,2.05,4.7,2.15,2.15,1.99,2.05,0.0,0.0,0.0
2022-05-30,2.05,4.7,2.15,2.15,1.99,2.05,0.0,0.0,0.0
2022-05-31,2.05,4.7,2.15,2.15,1.99,2.05,0.0,0.0,0.0
2022-06-01,2.05,4.7,2.15,2.15,1.99,2.05,0.0,0.0,0.0
2022-06-02,2.05,4.7,2.15,2.15,1.99,2.05,0.0,0.0,0.0
2022-06-03,2.05,4.7,2.15,2.15,1.99,2.05,0.0,0.0,0.0
2022-06-04,2.05,4.7,2.15,2.15,1.99,2.05,0.0,0.0,0.0
2022-06-05,2.05,4.7,2.15,2.15,1.99,2.05,0.0,0.0,0.0
2022-06-06,2.05,4.7,2.15,2.15,1.99,2.05,0.0,0.0,0.0
2022-06-07,2.05,4.7,2.15,2.15,1.99,2.05,0.0,0.0,0.0
2022-06-08,2.05,4.7,2.15,2.15,1.99,2.05,0.0,0.0,0.0
2022-06-09,2.05,4.72,2.15,2.15,1.99,2.05,0.0,0.004255319148936065,0.0
2022-06-10,2.05,4.72,2.15,2.15,1.99,2.05,0.0,0.0,0.0
2022-06-11,2.05,4.72,2.15,2.15,1.99,2.05,0.0,0.0,0.0
2022-06-12,2.05,4.72,2.15,2.15,1.99,2.05,0.0,0.0,0.0
2022-06-13,2.05,4.72,2.15,2.15,1.99,2.05,0.0,0.0,0.0
2022-06-14,2.05,4.72,2.15,2.15,1.99,2.05,0.0,0.0,0.0
2022-06-15,2.05,4.72,2.15,2.15,1.99,2.05,0.0,0.0,0.0
2022-06-16,2.05,4.83,2.15,2.15,1.99,2.05,0.0,0.02330508474576276,0.0
2022-06-17,2.05,4.83,2.15,2.15,1.99,2.05,0.0,0.0,0.0
2022-06-18,2.05,4.83,2.15,2.15,1.99,2.05,0.0,0.0,0.0
2022-06-19,2.05,4.83,2.15,2.15,1.99,2.05,0.0,0.0,0.0
2022-06-20,2.05,4.83,2.15,2.15,1.99,2.05,0.0,0.0,0.0
2022-06-21,2.05,4.83,2.15,2.15,1.99,2.05,0.0,0.0,0.0
2022-06-22,2.05,4.83,2.15,2.15,1.99,2.05,0.0,0.0,0.0
2022-06-23,2.05,4.84,2.15,2.15,1.99,2.05,0.0,0.0020703933747412417,0.0
2022-06-24,2.05,4.84,2.15,2.15,1.99,2.05,0.0,0.0,0.0
2022-06-25,2.05,4.84,2.15,2.15,1.99,2.05,0.0,0.0,0.0
2022-06-26,2.05,4.84,2.15,2.15,1.99,2.05,0.0,0.0,0.0
2022-06-27,2.05,4.84,2.15,2.15,1.99,2.05,0.0,0.0,0.0
2022-06-28,2.05,4.84,2.15,2.15,1.99,2.05,0.0,0.0,0.0
2022-06-29,2.05,4.84,2.15,2.15,1.99,2.05,0.0,0.0,0.0
2022-06-30,2.05,4.84,2.15,2.15,1.99,2.05,0.0,0.0,0.0
2022-07-01,2.05,4.84,2.15,2.15,1.99,2.05,0.0,0.0,0.0
2022-07-02,2.05,4.84,2.15,2.15,1.99,2.05,0.0,0.0,0.0
2022-07-03,2.05,4.84,2.15,2.15,1.99,2.05,0.0,0.0,0.0
2022-07-04,2.05,4.84,2.15,2.15,1.99,2.05,0.0,0.0,0.0
2022-07-05,2.05,4.84,2.15,2.15,1.99,2.05,0.0,0.0,0.0
2022-07-06,2.05,4.84,2.15,2.15,1.99,2.05,0.0,0.0,0.0
2022-07-07,2.05,4.8,2.15,2.15,1.99,2.05,0.0,-0.008264462809917328,0.0
2022-07-08,2.05,4.8,2.15,2.15,1.99,2.05,0.0,0.0,0.0
2022-07-09,2.05,4.8,2.15,2.15,1.99,2.05,0.0,0.0,0.0
2022-07-10,2.05,4.8,2.15,2.15,1.99,2.05,0.0,0.0,0.0
2022-07-11,2.05,4.8,2.15,2.15,1.99,2.05,0.0,0.0,0.0
2022-07-12,2.05,4.8,2.15,2.15,1.99,2.05,0.0,0.0,0.0
2022-07-13,2.05,4.8,2.15,2.15,1.99,2.05,0.0,0.0,0.0
2022-07-14,2.05,4.75,2.15,2.15,1.99,2.05,0.0,-0.01041666666666663,0.0
2022-07-15,2.05,4.75,2.15,2.15,1.99,2.05,0.0,0.0,0.0
2022-07-16,2.05,4.75,2.15,2.15,1.99,2.05,0.0,0.0,0.0
2022-07-17,2.05,4.75,2.15,2.15,1.99,2.05,0.0,0.0,0.0
2022-07-18,2.05,4.75,2.15,2.15,1.99,2.05,0.0,0.0,0.0
2022-07-19,2.05,4.75,2.15,2.15,1.99,2.05,0.0,0.0,0.0
2022-07-20,2.05,4.75,2.15,2.15,1.99,2.05,0.0,0.0,0.0
2022-07-21,2.05,4.65,2.15,2.15,1.99,2.05,0.0,-0.021052631578947323,0.0
2022-07-22,2.05,4.65,2.15,2.15,1.99,2.05,0.0,0.0,0.0
2022-07-23,2.05,4.65,2.15,2.15,1.99,2.05,0.0,0.0,0.0
2022-07-24,2.05,4.65,2.15,2.15,1.99,2.05,0.0,0.0,0.0
2022-07-25,2.05,4.65,2.15,2.15,1.99,2.05,0.0,0.0,0.0
2022-07-26,2.05,4.65,2.15,2.15,1.99,2.05,0.0,0.0,0.0
2022-07-27,2.05,4.65,2.15,2.15,1.99,2.05,0.0,0.0,0.0
2022-07-28,2.05,4.55,2.15,2.15,1.99,2.05,0.0,-0.021505376344086113,0.0
2022-07-29,2.05,4.55,2.15,2.15,1.99,2.05,0.0,0.0,0.0
2022-07-30,2.05,4.55,2.15,2.15,1.99,2.05,0.0,0.0,0.0
2022-07-31,2.05,4.55,2.15,2.15,1.99,2.05,0.0,0.0,0.0
2022-08-01,2.05,4.55,2.15,2.15,1.99,2.05,0.0,0.0,0.0
2022-08-02,2.05,4.55,2.15,2.15,1.99,2.05,0.0,0.0,0.0
2022-08-03,2.05,4.55,2.15,2.15,1.99,2.05,0.0,0.0,0.0
2022-08-04,2.05,4.5,2.15,2.15,1.99,2.05,0.0,-0.01098901098901095,0.0
2022-08-05,2.05,4.5,2.15,2.15,1.99,2.05,0.0,0.0,0.0
2022-08-06,2.05,4.5,2.15,2.15,1.99,2.05,0.0,0.0,0.0
2022-08-07,2.05,4.5,2.15,2.15,1.99,2.05,0.0,0.0,0.0
2022-08-08,2.05,4.5,2.15,2.15,1.99,2.05,0.0,0.0,0.0
2022-08-09,2.05,4.5,2.15,2.15,1.99,2.05,0.0,0.0,0.0
2022-08-10,2.05,4.5,2.15,2.15,1.99,2.05,0.0,0.0,0.0
2022-08-11,2.05,4.4,2.15,2.15,1.99,2.05,0.0,-0.022222222222222143,0.0
2022-08-12,2.05,4.4,2.15,2.15,1.99,2.05,0.0,0.0,0.0
2022-08-13,2.05,4.4,2.15,2.15,1.99,2.05,0.0,0.0,0.0
2022-08-14,2.05,4.4,2.15,2.15,1.99,2.05,0.0,0.0,0.0
2022-08-15,2.05,4.4,2.15,2.15,1.99,2.05,0.0,0.0,0.0
2022-08-16,2.05,4.4,2.15,2.15,1.99,2.05,0.0,0.0,0.0
2022-08-17,2.05,4.4,2.15,2.15,1.99,2.05,0.0,0.0,0.0
2022-08-18,2.05,4.35,2.15,2.15,1.99,2.05,0.0,-0.011363636363636576,0.0
2022-08-19,2.05,4.35,2.15,2.15,1.99,2.05,0.0,0.0,0.0
2022-08-20,2.05,4.35,2.15,2.15,1.99,2.05,0.0,0.0,0.0
2022-08-21,2.05,4.35,2.15,2.15,1.99,2.05,0.0,0.0,0.0
2022-08-22,2.05,4.35,2.15,2.15,1.99,2.05,0.0,0.0,0.0
2022-08-23,2.05,4.35,2.15,2.15,1.99,2.05,0.0,0.0,0.0
2022-08-24,2.05,4.35,2.15,2.15,1.99,2.05,0.0,0.0,0.0
2022-08-25,2.05,4.3,2.15,2.15,1.99,2.05,0.0,-0.011494252873563204,0.0
2022-08-26,2.05,4.3,2.15,2.15,1.99,2.05,0.0,0.0,0.0
2022-08-27,2.05,4.3,2.15,2.15,1.99,2.05,0.0,0.0,0.0
2022-08-28,2.05,4.3,2.15,2.15,1.99,2.05,0.0,0.0,0.0
2022-08-29,2.05,4.3,2.15,2.15,1.99,2.05,0.0,0.0,0.0
2022-08-30,2.05,4.3,2.15,2.15,1.99,2.05,0.0,0.0,0.0
2022-08-31,2.05,4.3,2.15,2.15,1.99,2.05,0.0,0.0,0.0
2022-09-01,2.05,4.3,2.15,2.15,1.99,2.05,0.0,0.0,0.0
2022-09-02,2.05,4.3,2.15,2.15,1.99,2.05,0.0,0.0,0.0
2022-09-03,2.05,4.3,2.15,2.15,1.99,2.05,0.0,0.0,0.0
2022-09-04,2.05,4.3,2.15,2.15,1.99,2.05,0.0,0.0,0.0
2022-09-05,2.05,4.3,2.15,2.15,1.99,2.05,0.0,0.0,0.0
2022-09-06,2.05,4.3,2.15,2.15,1.99,2.05,0.0,0.0,0.0
2022-09-07,2.05,4.3,2.15,2.15,1.99,2.05,0.0,0.0,0.0
2022-09-08,2.05,4.2,2.15,2.15,1.99,2.05,0.0,-0.023255813953488302,0.0
2022-09-09,2.05,4.2,2.15,2.15,1.99,2.05,0.0,0.0,0.0
2022-09-10,2.05,4.2,2.15,2.15,1.99,2.05,0.0,0.0,0.0
2022-09-11,2.05,4.2,2.15,2.15,1.99,2.05,0.0,0.0,0.0
2022-09-12,2.05,4.2,2.15,2.15,1.99,2.05,0.0,0.0,0.0
2022-09-13,2.05,4.2,2.15,2.15,1.99,2.05,0.0,0.0,0.0
2022-09-14,2.05,4.15,2.15,2.15,1.99,2.05,0.0,-0.011904761904761862,0.0
2022-09-15,2.05,4.15,2.15,2.15,1.99,2.05,0.0,0.0,0.0
2022-09-16,2.05,4.15,2.15,2.15,1.99,2.05,0.0,0.0,0.0
2022-09-17,2.05,4.15,2.15,2.15,1.99,2.05,0.0,0.0,0.0
2022-09-18,2.05,4.15,2.15,2.15,1.99,2.05,0.0,0.0,0.0
2022-09-19,2.05,4.15,2.15,2.15,1.99,2.05,0.0,0.0,0.0
2022-09-20,2.05,4.15,2.15,2.15,1.99,2.05,0.0,0.0,0.0
2022-09-21,2.05,4.15,2.15,2.15,1.99,2.05,0.0,0.0,0.0
2022-09-22,2.05,4.05,2.15,2.15,1.99,2.05,0.0,-0.024096385542168752,0.0
2022-09-23,2.05,4.05,2.15,2.15,1.99,2.05,0.0,0.0,0.0
2022-09-24,2.05,4.05,2.15,2.15,1.99,2.05,0.0,0.0,0.0
2022-09-25,2.05,4.05,2.15,2.15,1.99,2.05,0.0,0.0,0.0
2022-09-26,2.05,4.05,2.15,2.15,1.99,2.05,0.0,0.0,0.0
2022-09-27,2.05,4.05,2.15,2.15,1.99,2.05,0.0,0.0,0.0
2022-09-28,2.05,4.05,2.15,2.15,1.99,2.05,0.0,0.0,0.0
2022-09-29,2.05,4.0,2.15,2.15,1.99,2.05,0.0,-0.012345679012345623,0.0
2022-09-30,2.05,4.0,2.15,2.15,1.99,2.05,0.0,0.0,0.0
2022-10-01,2.05,4.0,2.15,2.15,1.99,2.05,0.0,0.0,0.0
2022-10-02,2.05,4.0,2.15,2.15,1.99,2.05,0.0,0.0,0.0
2022-10-03,2.05,4.0,2.15,2.15,1.99,2.05,0.0,0.0,0.0
2022-10-04,2.05,4.0,2.15,2.15,1.99,2.05,0.0,0.0,0.0
2022-10-05,2.05,4.0,2.15,2.15,1.99,2.05,0.0,0.0,0.0
2022-10-06,2.05,3.95,2.15,2.15,1.99,2.05,0.0,-0.012499999999999956,0.0
2022-10-07,2.05,3.95,2.15,2.15,1.99,2.05,0.0,0.0,0.0
2022-10-08,2.05,3.95,2.15,2.15,1.99,2.05,0.0,0.0,0.0
2022-10-09,2.05,3.95,2.15,2.15,1.99,2.05,0.0,0.0,0.0
2022-10-10,2.05,3.95,2.15,2.15,1.99,2.05,0.0,0.0,0.0
2022-10-11,2.05,3.95,2.15,2.15,1.99,2.05,0.0,0.0,0.0
2022-10-12,2.05,3.95,2.15,2.15,1.99,2.05,0.0,0.0,0.0
2022-10-13,2.05,3.95,2.15,2.15,1.99,2.05,0.0,0.0,0.0
2022-10-14,2.05,3.95,2.15,2.15,1.99,2.05,0.0,0.0,0.0
2022-10-15,2.05,3.95,2.15,2.15,1.99,2.05,0.0,0.0,0.0
2022-10-16,2.05,3.95,2.15,2.15,1.99,2.05,0.0,0.0,0.0
2022-10-17,2.05,3.95,2.15,2.15,1.99,2.05,0.0,0.0,0.0
2022-10-18,2.05,3.95,2.15,2.15,1.99,2.05,0.0,0.0,0.0
2022-10-19,2.05,3.95,2.15,2.15,1.99,2.05,0.0,0.0,0.0
2022-10-20,2.05,3.95,2.15,2.15,1.99,2.05,0.0,0.0,0.0
2022-10-21,2.05,3.95,2.15,2.15,1.99,2.05,0.0,0.0,0.0
2022-10-22,2.05,3.95,2.15,2.15,1.99,2.05,0.0,0.0,0.0
2022-10-23,2.05,3.95,2.15,2.15,1.99,2.05,0.0,0.0,0.0
2022-10-24,2.05,3.95,2.15,2.15,1.99,2.05,0.0,0.0,0.0
2022-10-25,2.05,3.95,2.15,2.15,1.99,2.05,0.0,0.0,0.0
2022-10-26,2.05,3.95,2.15,2.15,1.99,2.05,0.0,0.0,0.0
2022-10-27,2.05,3.95,2.15,2.15,1.99,2.05,0.0,0.0,0.0
2022-10-28,2.05,3.95,2.15,2.15,1.99,2.05,0.0,0.0,0.0
2022-10-29,2.05,3.95,2.15,2.15,1.99,2.05,0.0,0.0,0.0
2022-10-30,2.05,3.95,2.15,2.15,1.99,2.05,0.0,0.0,0.0
2022-10-31,2.05,3.95,2.15,2.15,1.99,2.05,0.0,0.0,0.0
2022-11-01,2.05,3.95,2.15,2.15,1.99,2.05,0.0,0.0,0.0
2022-11-02,2.05,3.95,2.15,2.15,1.99,2.05,0.0,0.0,0.0
2022-11-03,2.05,3.95,2.15,2.15,1.99,2.05,0.0,0.0,0.0
2022-11-04,2.05,3.95,2.15,2.15,1.99,2.05,0.0,0.0,0.0
2022-11-05,2.05,3.95,2.15,2.15,1.99,2.05,0.0,0.0,0.0
2022-11-06,2.05,3.95,2.15,2.15,1.99,2.05,0.0,0.0,0.0
2022-11-07,2.05,3.95,2.15,2.15,1.99,2.05,0.0,0.0,0.0
2022-11-08,2.05,3.95,2.15,2.15,1.99,2.05,0.0,0.0,0.0
2022-11-09,2.05,3.95,2.15,2.15,1.99,2.05,0.0,0.0,0.0
2022-11-10,2.05,3.95,2.15,2.15,1.99,2.05,0.0,0.0,0.0
2022-11-11,2.05,3.95,2.15,2.15,1.99,2.05,0.0,0.0,0.0
2022-11-12,2.05,3.95,2.15,2.15,1.99,2.05,0.0,0.0,0.0
2022-11-13,2.05,3.95,2.15,2.15,1.99,2.05,0.0,0.0,0.0
2022-11-14,2.05,3.95,2.15,2.15,1.99,2.05,0.0,0.0,0.0
2022-11-15,2.05,3.95,2.15,2.15,1.99,2.05,0.0,0.0,0.0
2022-11-16,2.05,3.95,2.15,2.15,1.99,2.05,0.0,0.0,0.0
2022-11-17,2.05,3.95,2.15,2.15,1.99,2.05,0.0,0.0,0.0
2022-11-18,2.05,3.95,2.15,2.15,1.99,2.05,0.0,0.0,0.0
2022-11-19,2.05,3.95,2.15,2.15,1.99,2.05,0.0,0.0,0.0
2022-11-20,2.05,3.95,2.15,2.15,1.99,2.05,0.0,0.0,0.0
2022-11-21,2.05,3.95,2.15,2.15,1.99,2.05,0.0,0.0,0.0
2022-11-22,2.05,3.95,2.15,2.15,1.99,2.05,0.0,0.0,0.0
2022-11-23,2.05,3.95,2.15,2.15,1.99,2.05,0.0,0.0,0.0
2022-11-24,2.05,3.95,2.15,2.15,1.99,2.05,0.0,0.0,0.0
2022-11-25,2.05,3.95,2.15,2.15,1.99,2.05,0.0,0.0,0.0
2022-11-26,2.05,3.95,2.15,2.15,1.99,2.05,0.0,0.0,0.0
2022-11-27,2.05,3.95,2.15,2.15,1.99,2.05,0.0,0.0,0.0
2022-11-28,2.05,3.95,2.15,2.15,1.99,2.05,0.0,0.0,0.0
2022-11-29,2.05,3.95,2.15,2.15,1.99,2.05,0.0,0.0,0.0
2022-11-30,2.05,3.95,2.15,2.15,1.99,2.05,0.0,0.0,0.0
2022-12-01,2.05,3.85,2.15,2.15,1.99,2.05,0.0,-0.025316455696202556,0.0
2022-12-02,2.05,3.85,2.15,2.15,1.99,2.05,0.0,0.0,0.0
2022-12-03,2.05,3.85,2.15,2.15,1.99,2.05,0.0,0.0,0.0
2022-12-04,2.05,3.85,2.15,2.15,1.99,2.05,0.0,0.0,0.0
2022-12-05,2.05,3.85,2.15,2.15,1.99,2.05,0.0,0.0,0.0
2022-12-06,2.05,3.85,2.15,2.15,1.99,2.05,0.0,0.0,0.0
2022-12-07,2.05,3.85,2.15,2.15,1.99,2.05,0.0,0.0,0.0
2022-12-08,2.05,3.75,2.15,2.15,1.99,2.05,0.0,-0.025974025974025983,0.0
2022-12-09,2.05,3.75,2.15,2.15,1.99,2.05,0.0,0.0,0.0
2022-12-10,2.05,3.75,2.15,2.15,1.99,2.05,0.0,0.0,0.0
2022-12-11,2.05,3.75,2.15,2.15,1.99,2.05,0.0,0.0,0.0
2022-12-12,2.05,3.75,2.15,2.15,1.99,2.05,0.0,0.0,0.0
2022-12-13,2.05,3.75,2.15,2.15,1.99,2.05,0.0,0.0,0.0
2022-12-14,2.05,3.75,2.15,2.15,1.99,2.05,0.0,0.0,0.0
2022-12-15,2.05,3.55,2.15,2.15,1.99,2.05,0.0,-0.053333333333333344,0.0
2022-12-16,2.05,3.55,2.15,2.15,1.99,2.05,0.0,0.0,0.0
2022-12-17,2.05,3.55,2.15,2.15,1.99,2.05,0.0,0.0,0.0
2022-12-18,2.05,3.55,2.15,2.15,1.99,2.05,0.0,0.0,0.0
2022-12-19,2.05,3.55,2.15,2.15,1.99,2.05,0.0,0.0,0.0
2022-12-20,2.05,3.55,2.15,2.15,1.99,2.05,0.0,0.0,0.0
2022-12-21,2.05,3.55,2.15,2.15,1.99,2.05,0.0,0.0,0.0
2022-12-22,2.05,3.35,2.15,2.15,1.99,2.05,0.0,-0.05633802816901401,0.0
2022-12-23,2.05,3.35,2.15,2.15,1.99,2.05,0.0,0.0,0.0
2022-12-24,2.05,3.35,2.15,2.15,1.99,2.05,0.0,0.0,0.0
2022-12-25,2.05,3.35,2.15,2.15,1.99,2.05,0.0,0.0,0.0
2022-12-26,2.05,3.35,2.15,2.15,1.99,2.05,0.0,0.0,0.0
2022-12-27,2.05,3.35,2.15,2.15,1.99,2.05,0.0,0.0,0.0
2022-12-28,2.05,3.35,2.15,2.15,1.99,2.05,0.0,0.0,0.0
2022-12-29,2.05,3.35,2.15,2.15,1.99,2.05,0.0,0.0,0.0
2022-12-30,2.05,3.35,2.15,2.15,1.99,2.05,0.0,0.0,0.0
2022-12-31,2.05,3.35,2.15,2.15,1.99,2.05,0.0,0.0,0.0
2023-01-01,2.05,3.35,2.15,2.15,1.99,2.05,0.0,0.0,0.0
2023-01-02,2.05,3.35,2.15,2.15,1.99,2.05,0.0,0.0,0.0
2023-01-03,2.05,3.35,2.15,2.15,1.99,2.05,0.0,0.0,0.0
2023-01-04,2.05,3.35,2.15,2.15,1.99,2.05,0.0,0.0,0.0
2023-01-05,2.05,3.35,2.15,2.15,1.99,2.05,0.0,0.0,0.0
2023-01-06,2.05,3.35,2.15,2.15,1.99,2.05,0.0,0.0,0.0
2023-01-07,2.05,3.35,2.15,2.15,1.99,2.05,0.0,0.0,0.0
2023-01-08,2.05,3.35,2.15,2.15,1.99,2.05,0.0,0.0,0.0
2023-01-09,2.05,3.35,2.15,2.15,1.99,2.05,0.0,0.0,0.0
2023-01-10,2.05,3.35,2.15,2.15,1.99,2.05,0.0,0.0,0.0
2023-01-11,2.05,3.35,2.15,2.15,1.99,2.05,0.0,0.0,0.0
2023-01-12,2.05,3.35,2.15,2.15,1.99,2.05,0.0,0.0,0.0
2023-01-13,2.05,3.35,2.15,2.15,1.99,2.05,0.0,0.0,0.0
2023-01-14,2.05,3.35,2.15,2.15,1.99,2.05,0.0,0.0,0.0
2023-01-15,2.05,3.35,2.15,2.15,1.99,2.05,0.0,0.0,0.0
2023-01-16,2.05,3.35,2.15,2.15,1.99,2.05,0.0,0.0,0.0
2023-01-17,2.05,3.35,2.15,2.15,1.99,2.05,0.0,0.0,0.0
2023-01-18,2.05,3.35,2.15,2.15,1.99,2.05,0.0,0.0,0.0
2023-01-19,2.05,3.35,2.15,2.15,1.99,2.05,0.0,0.0,0.0
2023-01-20,2.05,3.35,2.15,2.15,1.99,2.05,0.0,0.0,0.0
2023-01-21,2.05,3.35,2.15,2.15,1.99,2.05,0.0,0.0,0.0
2023-01-22,2.05,3.35,2.15,2.15,1.99,2.05,0.0,0.0,0.0
2023-01-23,2.05,3.35,2.15,2.15,1.99,2.05,0.0,0.0,0.0
2023-01-24,2.05,3.35,2.15,2.15,1.99,2.05,0.0,0.0,0.0
2023-01-25,2.05,3.35,2.15,2.15,1.99,2.05,0.0,0.0,0.0
2023-01-26,2.05,3.35,2.15,2.15,1.99,2.05,0.0,0.0,0.0
2023-01-27,2.05,3.35,2.15,2.15,1.99,2.05,0.0,0.0,0.0
2023-01-28,2.05,3.35,2.15,2.15,1.99,2.05,0.0,0.0,0.0
2023-01-29,2.05,3.35,2.15,2.15,1.99,2.05,0.0,0.0,0.0
2023-01-30,2.05,3.35,2.15,2.15,1.99,2.05,0.0,0.0,0.0
2023-01-31,2.05,3.35,2.15,2.15,1.99,2.05,0.0,0.0,0.0
2023-02-01,2.05,3.35,2.15,2.15,1.99,2.05,0.0,0.0,0.0
2023-02-02,2.05,3.35,2.15,2.15,1.99,2.05,0.0,0.0,0.0
2023-02-03,2.05,3.35,2.15,2.15,1.99,2.05,0.0,0.0,0.0
2023-02-04,2.05,3.35,2.15,2.15,1.99,2.05,0.0,0.0,0.0
2023-02-05,2.05,3.35,2.15,2.15,1.99,2.05,0.0,0.0,0.0
2023-02-06,2.05,3.35,2.15,2.15,1.99,2.05,0.0,0.0,0.0
2023-02-07,2.05,3.35,2.15,2.15,1.99,2.05,0.0,0.0,0.0
2023-02-08,2.05,3.35,2.15,2.15,1.99,2.05,0.0,0.0,0.0
2023-02-09,2.05,3.35,2.15,2.15,1.99,2.05,0.0,0.0,0.0
2023-02-10,2.05,3.35,2.15,2.15,1.99,2.05,0.0,0.0,0.0
2023-02-11,2.05,3.35,2.15,2.15,1.99,2.05,0.0,0.0,0.0
2023-02-12,2.05,3.35,2.15,2.15,1.99,2.05,0.0,0.0,0.0
2023-02-13,2.05,3.35,2.15,2.15,1.99,2.05,0.0,0.0,0.0
2023-02-14,2.05,3.35,2.15,2.15,1.99,2.05,0.0,0.0,0.0
2023-02-15,2.05,3.35,2.15,2.15,1.99,2.05,0.0,0.0,0.0
2023-02-16,2.05,3.35,2.15,2.15,1.99,2.05,0.0,0.0,0.0
2023-02-17,2.05,3.35,2.15,2.15,1.99,2.05,0.0,0.0,0.0
2023-02-18,2.05,3.35,2.15,2.15,1.99,2.05,0.0,0.0,0.0
2023-02-19,2.05,3.35,2.15,2.15,1.99,2.05,0.0,0.0,0.0
2023-02-20,2.05,3.35,2.15,2.15,1.99,2.05,0.0,0.0,0.0
2023-02-21,2.05,3.35,2.15,2.15,1.99,2.05,0.0,0.0,0.0
2023-02-22,2.05,3.35,2.15,2.15,1.99,2.05,0.0,0.0,0.0
2023-02-23,2.05,3.35,2.15,2.15,1.99,2.05,0.0,0.0,0.0
2023-02-24,2.05,3.35,2.15,2.15,1.99,2.05,0.0,0.0,0.0
2023-02-25,2.05,3.35,2.15,2.15,1.99,2.05,0.0,0.0,0.0
2023-02-26,2.05,3.35,2.15,2.15,1.99,2.05,0.0,0.0,0.0
2023-02-27,2.05,3.35,2.15,2.15,1.99,2.05,0.0,0.0,0.0
2023-02-28,2.05,3.35,2.15,2.15,1.99,2.05,0.0,0.0,0.0
2023-03-01,2.05,3.35,2.15,2.15,1.99,2.05,0.0,0.0,0.0
2023-03-02,2.05,3.35,2.15,2.15,1.99,2.05,0.0,0.0,0.0
2023-03-03,2.05,3.35,2.15,2.15,1.99,2.05,0.0,0.0,0.0
2023-03-04,2.05,3.35,2.15,2.15,1.99,2.05,0.0,0.0,0.0
2023-03-05,2.05,3.35,2.15,2.15,1.99,2.05,0.0,0.0,0.0
2023-03-06,2.05,3.35,2.15,2.15,1.99,2.05,0.0,0.0,0.0
2023-03-07,2.05,3.35,2.15,2.15,1.99,2.05,0.0,0.0,0.0
2023-03-08,2.05,3.35,2.15,2.15,1.99,2.05,0.0,0.0,0.0
2023-03-09,2.05,3.35,2.15,2.15,1.99,2.05,0.0,0.0,0.0
2023-03-10,2.05,3.35,2.15,2.15,1.99,2.05,0.0,0.0,0.0
2023-03-11,2.05,3.35,2.15,2.15,1.99,2.05,0.0,0.0,0.0
2023-03-12,2.05,3.35,2.15,2.15,1.99,2.05,0.0,0.0,0.0
2023-03-13,2.05,3.35,2.15,2.15,1.99,2.05,0.0,0.0,0.0
2023-03-14,2.05,3.35,2.15,2.15,1.99,2.05,0.0,0.0,0.0
2023-03-15,2.05,3.35,2.15,2.15,1.99,2.05,0.0,0.0,0.0
2023-03-16,2.05,3.35,2.15,2.15,1.99,2.05,0.0,0.0,0.0
2023-03-17,2.05,3.35,2.15,2.15,1.99,2.05,0.0,0.0,0.0
2023-03-18,2.05,3.35,2.15,2.15,1.99,2.05,0.0,0.0,0.0
2023-03-19,2.05,3.35,2.15,2.15,1.99,2.05,0.0,0.0,0.0
2023-03-20,2.05,3.35,2.15,2.15,1.99,2.05,0.0,0.0,0.0
2023-03-21,2.05,3.35,2.15,2.15,1.99,2.05,0.0,0.0,0.0
2023-03-22,2.05,3.35,2.15,2.15,1.99,2.05,0.0,0.0,0.0
2023-03-23,2.05,3.35,2.15,2.15,1.99,2.05,0.0,0.0,0.0
2023-03-24,2.05,3.35,2.15,2.15,1.99,2.05,0.0,0.0,0.0
2023-03-25,2.05,3.35,2.15,2.15,1.99,2.05,0.0,0.0,0.0
2023-03-26,2.05,3.35,2.15,2.15,1.99,2.05,0.0,0.0,0.0
2023-03-27,2.05,3.35,2.15,2.15,1.99,2.05,0.0,0.0,0.0
2023-03-28,2.05,3.35,2.15,2.15,1.99,2.05,0.0,0.0,0.0
2023-03-29,2.05,3.35,2.15,2.15,1.99,2.05,0.0,0.0,0.0
2023-03-30,2.05,3.35,2.15,2.15,1.99,2.05,0.0,0.0,0.0
2023-03-31,2.05,3.35,2.15,2.15,1.99,2.05,0.0,0.0,0.0
2023-04-01,2.05,3.35,2.15,2.15,1.99,2.05,0.0,0.0,0.0
2023-04-02,2.05,3.35,2.15,2.15,1.99,2.05,0.0,0.0,0.0
2023-04-03,2.05,3.35,2.15,2.15,1.99,2.05,0.0,0.0,0.0
2023-04-04,2.05,3.35,2.15,2.15,1.99,2.05,0.0,0.0,0.0
2023-04-05,2.05,3.35,2.15,2.15,1.99,2.05,0.0,0.0,0.0
2023-04-06,2.05,3.35,2.15,2.15,1.99,2.05,0.0,0.0,0.0
2023-04-07,2.05,3.35,2.15,2.15,1.99,2.05,0.0,0.0,0.0
2023-04-08,2.05,3.35,2.15,2.15,1.99,2.05,0.0,0.0,0.0
2023-04-09,2.05,3.35,2.15,2.15,1.99,2.05,0.0,0.0,0.0
2023-04-10,2.05,3.35,2.15,2.15,1.99,2.05,0.0,0.0,0.0
2023-04-11,2.05,3.35,2.15,2.15,1.99,2.05,0.0,0.0,0.0
2023-04-12,2.05,3.35,2.15,2.15,1.99,2.05,0.0,0.0,0.0
2023-04-13,2.05,3.35,2.15,2.15,1.99,2.05,0.0,0.0,0.0
2023-04-14,2.05,3.35,2.15,2.15,1.99,2.05,0.0,0.0,0.0
2023-04-15,2.05,3.35,2.15,2.15,1.99,2.05,0.0,0.0,0.0
2023-04-16,2.05,3.35,2.15,2.15,1.99,2.05,0.0,0.0,0.0
2023-04-17,2.05,3.35,2.15,2.15,1.99,2.05,0.0,0.0,0.0
2023-04-18,2.05,3.35,2.15,2.15,1.99,2.05,0.0,0.0,0.0
2023-04-19,2.05,3.35,2.15,2.15,1.99,2.05,0.0,0.0,0.0
2023-04-20,2.05,3.35,2.15,2.15,1.99,2.05,0.0,0.0,0.0
2023-04-21,2.05,3.35,2.15,2.15,1.99,2.05,0.0,0.0,0.0
2023-04-22,2.05,3.35,2.15,2.15,1.99,2.05,0.0,0.0,0.0
2023-04-23,2.05,3.35,2.15,2.15,1.99,2.05,0.0,0.0,0.0
2023-04-24,2.05,3.35,2.15,2.15,1.99,2.05,0.0,0.0,0.0
2023-04-25,2.05,3.35,2.15,2.15,1.99,2.05,0.0,0.0,0.0
2023-04-26,2.05,3.35,2.15,2.15,1.99,2.05,0.0,0.0,0.0
2023-04-27,2.05,3.35,2.15,2.15,1.99,2.05,0.0,0.0,0.0
2023-04-28,2.05,3.35,2.15,2.15,1.99,2.05,0.0,0.0,0.0
2023-04-29,2.05,3.35,2.15,2.15,1.99,2.05,0.0,0.0,0.0
2023-04-30,2.05,3.35,2.15,2.15,1.99,2.05,0.0,0.0,0.0
2023-05-01,2.05,3.35,2.15,2.15,1.99,2.05,0.0,0.0,0.0
2023-05-02,2.05,3.35,2.15,2.15,1.99,2.05,0.0,0.0,0.0
2023-05-03,2.05,3.35,2.15,2.15,1.99,2.05,0.0,0.0,0.0
2023-05-04,2.05,3.35,2.15,2.15,1.99,2.05,0.0,0.0,0.0
2023-05-05,2.05,3.35,2.15,2.15,1.99,2.05,0.0,0.0,0.0
2023-05-06,2.05,3.35,2.15,2.15,1.99,2.05,0.0,0.0,0.0
2023-05-07,2.05,3.35,2.15,2.15,1.99,2.05,0.0,0.0,0.0
2023-05-08,2.05,3.35,2.15,2.15,1.99,2.05,0.0,0.0,0.0
2023-05-09,2.05,3.35,2.15,2.15,1.99,2.05,0.0,0.0,0.0
2023-05-10,2.05,3.35,2.15,2.15,1.99,2.05,0.0,0.0,0.0
2023-05-11,2.05,3.35,2.15,2.15,1.99,2.05,0.0,0.0,0.0
2023-05-12,2.05,3.35,2.15,2.15,1.99,2.05,0.0,0.0,0.0
2023-05-13,2.05,3.35,2.15,2.15,1.99,2.05,0.0,0.0,0.0
2023-05-14,2.05,3.35,2.15,2.15,1.99,2.05,0.0,0.0,0.0
2023-05-15,2.05,3.35,2.15,2.15,1.99,2.05,0.0,0.0,0.0
2023-05-16,2.05,3.35,2.15,2.15,1.99,2.05,0.0,0.0,0.0
2023-05-17,2.05,3.35,2.15,2.15,1.99,2.05,0.0,0.0,0.0
2023-05-18,2.05,3.35,2.15,2.15,1.99,2.05,0.0,0.0,0.0
2023-05-19,2.05,3.35,2.15,2.15,1.99,2.05,0.0,0.0,0.0
2023-05-20,2.05,3.35,2.15,2.15,1.99,2.05,0.0,0.0,0.0
2023-05-21,2.05,3.35,2.15,2.15,1.99,2.05,0.0,0.0,0.0
2023-05-22,2.05,3.35,2.15,2.15,1.99,2.05,0.0,0.0,0.0
2023-05-23,2.05,3.35,2.15,2.15,1.99,2.05,0.0,0.0,0.0
2023-05-24,2.05,3.35,2.15,2.15,1.99,2.05,0.0,0.0,0.0
2023-05-25,2.05,3.35,2.15,2.15,1.99,2.05,0.0,0.0,0.0
2023-05-26,2.05,3.35,2.15,2.15,1.99,2.05,0.0,0.0,0.0
2023-05-27,2.05,3.35,2.15,2.15,1.99,2.05,0.0,0.0,0.0
2023-05-28,2.05,3.35,2.15,2.15,1.99,2.05,0.0,0.0,0.0
2023-05-29,2.05,3.35,2.15,2.15,1.99,2.05,0.0,0.0,0.0
2023-05-30,2.05,3.35,2.15,2.15,1.99,2.05,0.0,0.0,0.0
2023-05-31,2.05,3.35,2.15,2.15,1.99,2.05,0.0,0.0,0.0
2023-06-01,2.05,3.37,2.15,2.15,1.99,2.05,0.0,0.005970149253731405,0.0
2023-06-02,2.05,3.37,2.15,2.15,1.99,2.05,0.0,0.0,0.0
2023-06-03,2.05,3.37,2.15,2.15,1.99,2.05,0.0,0.0,0.0
2023-06-04,2.05,3.37,2.15,2.15,1.99,2.05,0.0,0.0,0.0
2023-06-05,2.05,3.37,2.15,2.15,1.99,2.05,0.0,0.0,0.0
2023-06-06,2.05,3.37,2.15,2.15,1.99,2.05,0.0,0.0,0.0
2023-06-07,2.05,3.37,2.15,2.15,1.99,2.05,0.0,0.0,0.0
2023-06-08,2.05,3.37,2.15,2.15,1.99,2.05,0.0,0.0,0.0
2023-06-09,2.05,3.37,2.15,2.15,1.99,2.05,0.0,0.0,0.0
2023-06-10,2.05,3.37,2.15,2.15,1.99,2.05,0.0,0.0,0.0
2023-06-11,2.05,3.37,2.15,2.15,1.99,2.05,0.0,0.0,0.0
2023-06-12,2.05,3.37,2.15,2.15,1.99,2.05,0.0,0.0,0.0
2023-06-13,2.05,3.37,2.15,2.15,1.99,2.05,0.0,0.0,0.0
2023-06-14,2.05,3.37,2.15,2.15,1.99,2.05,0.0,0.0,0.0
2023-06-15,2.05,3.37,2.15,2.15,1.99,2.05,0.0,0.0,0.0
2023-06-16,2.05,3.37,2.15,2.15,1.99,2.05,0.0,0.0,0.0
2023-06-17,2.05,3.37,2.15,2.15,1.99,2.05,0.0,0.0,0.0
2023-06-18,2.05,3.37,2.15,2.15,1.99,2.05,0.0,0.0,0.0
2023-06-19,2.05,3.37,2.15,2.15,1.99,2.05,0.0,0.0,0.0
2023-06-20,2.05,3.37,2.15,2.15,1.99,2.05,0.0,0.0,0.0
2023-06-21,2.05,3.37,2.15,2.15,1.99,2.05,0.0,0.0,0.0
2023-06-22,2.05,3.37,2.15,2.15,1.99,2.05,0.0,0.0,0.0
2023-06-23,2.05,3.37,2.15,2.15,1.99,2.05,0.0,0.0,0.0
2023-06-24,2.05,3.37,2.15,2.15,1.99,2.05,0.0,0.0,0.0
2023-06-25,2.05,3.37,2.15,2.15,1.99,2.05,0.0,0.0,0.0
2023-06-26,2.05,3.37,2.15,2.15,1.99,2.05,0.0,0.0,0.0
2023-06-27,2.05,3.37,2.15,2.15,1.99,2.05,0.0,0.0,0.0
2023-06-28,2.05,3.37,2.15,2.15,1.99,2.05,0.0,0.0,0.0
2023-06-29,2.05,3.37,2.15,2.15,1.99,2.05,0.0,0.0,0.0
2023-06-30,2.05,3.37,2.15,2.15,1.99,2.05,0.0,0.0,0.0
2023-07-01,2.05,3.37,2.15,2.15,1.99,2.05,0.0,0.0,0.0
2023-07-02,2.05,3.37,2.15,2.15,1.99,2.05,0.0,0.0,0.0
2023-07-03,2.05,3.37,2.15,2.15,1.99,2.05,0.0,0.0,0.0
2023-07-04,2.05,3.37,2.15,2.15,1.99,2.05,0.0,0.0,0.0
2023-07-05,2.05,3.37,2.15,2.15,1.99,2.05,0.0,0.0,0.0
2023-07-06,2.05,3.37,2.15,2.15,1.99,2.05,0.0,0.0,0.0
2023-07-07,2.05,3.37,2.15,2.15,1.99,2.05,0.0,0.0,0.0
2023-07-08,2.05,3.37,2.15,2.15,1.99,2.05,0.0,0.0,0.0
2023-07-09,2.05,3.37,2.15,2.15,1.99,2.05,0.0,0.0,0.0
2023-07-10,2.05,3.37,2.15,2.15,1.99,2.05,0.0,0.0,0.0
2023-07-11,2.05,3.37,2.15,2.15,1.99,2.05,0.0,0.0,0.0
2023-07-12,2.05,3.37,2.15,2.15,1.99,2.05,0.0,0.0,0.0
2023-07-13,2.05,3.37,2.15,2.15,1.99,2.05,0.0,0.0,0.0
2023-07-14,2.05,3.37,2.15,2.15,1.99,2.05,0.0,0.0,0.0
2023-07-15,2.05,3.37,2.15,2.15,1.99,2.05,0.0,0.0,0.0
2023-07-16,2.05,3.37,2.15,2.15,1.99,2.05,0.0,0.0,0.0
2023-07-17,2.05,3.37,2.15,2.15,1.99,2.05,0.0,0.0,0.0
2023-07-18,2.05,3.37,2.15,2.15,1.99,2.05,0.0,0.0,0.0
2023-07-19,2.05,3.37,2.15,2.15,1.99,2.05,0.0,0.0,0.0
2023-07-20,2.05,3.37,2.15,2.15,1.99,2.05,0.0,0.0,0.0
2023-07-21,2.05,3.37,2.15,2.15,1.99,2.05,0.0,0.0,0.0
2023-07-22,2.05,3.37,2.15,2.15,1.99,2.05,0.0,0.0,0.0
2023-07-23,2.05,3.37,2.15,2.15,1.99,2.05,0.0,0.0,0.0
2023-07-24,2.05,3.37,2.15,2.15,1.99,2.05,0.0,0.0,0.0
2023-07-25,2.05,3.37,2.15,2.15,1.99,2.05,0.0,0.0,0.0
2023-07-26,2.05,3.37,2.15,2.15,1.99,2.05,0.0,0.0,0.0
2023-07-27,2.05,3.37,2.15,2.15,1.99,2.05,0.0,0.0,0.0
2023-07-28,2.05,3.37,2.15,2.15,1.99,2.05,0.0,0.0,0.0
2023-07-29,2.05,3.37,2.15,2.15,1.99,2.05,0.0,0.0,0.0
2023-07-30,2.05,3.37,2.15,2.15,1.99,2.05,0.0,0.0,0.0
2023-07-31,2.05,3.37,2.15,2.15,1.99,2.05,0.0,0.0,0.0
2023-08-01,2.05,3.37,2.15,2.15,1.99,2.05,0.0,0.0,0.0
2023-08-02,2.05,3.37,2.15,2.15,1.99,2.05,0.0,0.0,0.0
2023-08-03,2.05,3.37,2.15,2.15,1.99,2.05,0.0,0.0,0.0
2023-08-04,2.05,3.37,2.15,2.15,1.99,2.05,0.0,0.0,0.0
2023-08-05,2.05,3.37,2.15,2.15,1.99,2.05,0.0,0.0,0.0
2023-08-06,2.05,3.37,2.15,2.15,1.99,2.05,0.0,0.0,0.0
2023-08-07,2.05,3.37,2.15,2.15,1.99,2.05,0.0,0.0,0.0
2023-08-08,2.05,3.37,2.15,2.15,1.99,2.05,0.0,0.0,0.0
2023-08-09,2.05,3.37,2.15,2.15,1.99,2.05,0.0,0.0,0.0
2023-08-10,2.05,3.37,2.15,2.15,1.99,2.05,0.0,0.0,0.0
2023-08-11,2.05,3.37,2.15,2.15,1.99,2.05,0.0,0.0,0.0
2023-08-12,2.05,3.37,2.15,2.15,1.99,2.05,0.0,0.0,0.0
2023-08-13,2.05,3.37,2.15,2.15,1.99,2.05,0.0,0.0,0.0
2023-08-14,2.05,3.37,2.15,2.15,1.99,2.05,0.0,0.0,0.0
2023-08-15,2.05,3.37,2.15,2.15,1.99,2.05,0.0,0.0,0.0
2023-08-16,2.05,3.37,2.15,2.15,1.99,2.05,0.0,0.0,0.0
2023-08-17,2.05,3.37,2.15,2.15,1.99,2.05,0.0,0.0,0.0
2023-08-18,2.05,3.37,2.15,2.15,1.99,2.05,0.0,0.0,0.0
2023-08-19,2.05,3.37,2.15,2.15,1.99,2.05,0.0,0.0,0.0
2023-08-20,2.05,3.37,2.15,2.15,1.99,2.05,0.0,0.0,0.0
2023-08-21,2.05,3.37,2.15,2.15,1.99,2.05,0.0,0.0,0.0
2023-08-22,2.05,3.37,2.15,2.15,1.99,2.05,0.0,0.0,0.0
2023-08-23,2.05,3.37,2.15,2.15,1.99,2.05,0.0,0.0,0.0
2023-08-24,2.05,3.37,2.15,2.15,1.99,2.05,0.0,0.0,0.0
2023-08-25,2.05,3.37,2.15,2.15,1.99,2.05,0.0,0.0,0.0
2023-08-26,2.05,3.37,2.15,2.15,1.99,2.05,0.0,0.0,0.0
2023-08-27,2.05,3.37,2.15,2.15,1.99,2.05,0.0,0.0,0.0
2023-08-28,2.05,3.37,2.15,2.15,1.99,2.05,0.0,0.0,0.0
2023-08-29,2.05,3.37,2.15,2.15,1.99,2.05,0.0,0.0,0.0
2023-08-30,2.05,3.37,2.15,2.15,1.99,2.05,0.0,0.0,0.0
2023-08-31,2.05,3.37,2.15,2.15,1.99,2.05,0.0,0.0,0.0
2023-09-01,2.05,3.37,2.15,2.15,1.99,2.05,0.0,0.0,0.0
2023-09-02,2.05,3.37,2.15,2.15,1.99,2.05,0.0,0.0,0.0
2023-09-03,2.05,3.37,2.15,2.15,1.99,2.05,0.0,0.0,0.0
2023-09-04,2.05,3.37,2.15,2.15,1.99,2.05,0.0,0.0,0.0
2023-09-05,2.05,3.37,2.15,2.15,1.99,2.05,0.0,0.0,0.0
2023-09-06,2.05,3.37,2.15,2.15,1.99,2.05,0.0,0.0,0.0
2023-09-07,2.05,3.37,2.15,2.15,1.99,2.05,0.0,0.0,0.0
2023-09-08,2.05,3.37,2.15,2.15,1.99,2.05,0.0,0.0,0.0
2023-09-09,2.05,3.37,2.15,2.15,1.99,2.05,0.0,0.0,0.0
2023-09-10,2.05,3.37,2.15,2.15,1.99,2.05,0.0,0.0,0.0
2023-09-11,2.05,3.37,2.15,2.15,1.99,2.05,0.0,0.0,0.0
2023-09-12,2.05,3.37,2.15,2.15,1.99,2.05,0.0,0.0,0.0
2023-09-13,2.05,3.37,2.15,2.15,1.99,2.05,0.0,0.0,0.0
2023-09-14,2.05,3.37,2.15,2.15,1.99,2.05,0.0,0.0,0.0
2023-09-15,2.05,3.37,2.15,2.15,1.99,2.05,0.0,0.0,0.0
2023-09-16,2.05,3.37,2.15,2.15,1.99,2.05,0.0,0.0,0.0
2023-09-17,2.05,3.37,2.15,2.15,1.99,2.05,0.0,0.0,0.0
2023-09-18,2.05,3.37,2.15,2.15,1.99,2.05,0.0,0.0,0.0
2023-09-19,2.05,3.37,2.15,2.15,1.99,2.05,0.0,0.0,0.0
2023-09-20,2.05,3.37,2.15,2.15,1.99,2.05,0.0,0.0,0.0
2023-09-21,2.05,3.37,2.15,2.15,1.99,2.05,0.0,0.0,0.0
2023-09-22,2.05,3.37,2.15,2.15,1.99,2.05,0.0,0.0,0.0
2023-09-23,2.05,3.37,2.15,2.15,1.99,2.05,0.0,0.0,0.0
2023-09-24,2.05,3.37,2.15,2.15,1.99,2.05,0.0,0.0,0.0
2023-09-25,2.05,3.37,2.15,2.15,1.99,2.05,0.0,0.0,0.0
2023-09-26,2.05,3.37,2.15,2.15,1.99,2.05,0.0,0.0,0.0
2023-09-27,2.05,3.37,2.15,2.15,1.99,2.05,0.0,0.0,0.0
2023-09-28,2.05,3.37,2.15,2.15,1.99,2.05,0.0,0.0,0.0
2023-09-29,2.05,3.37,2.15,2.15,1.99,2.05,0.0,0.0,0.0
2023-09-30,2.05,3.37,2.15,2.15,1.99,2.05,0.0,0.0,0.0
2023-10-01,2.05,3.37,2.15,2.15,1.99,2.05,0.0,0.0,0.0
2023-10-02,2.05,3.37,2.15,2.15,1.99,2.05,0.0,0.0,0.0
2023-10-03,2.05,3.37,2.15,2.15,1.99,2.05,0.0,0.0,0.0
2023-10-04,2.05,3.37,2.15,2.15,1.99,2.05,0.0,0.0,0.0
2023-10-05,2.05,3.37,2.15,2.15,1.99,2.05,0.0,0.0,0.0
2023-10-06,2.05,3.37,2.15,2.15,1.99,2.05,0.0,0.0,0.0
2023-10-07,2.05,3.37,2.15,2.15,1.99,2.05,0.0,0.0,0.0
2023-10-08,2.05,3.37,2.15,2.15,1.99,2.05,0.0,0.0,0.0
2023-10-09,2.05,3.37,2.15,2.15,1.99,2.05,0.0,0.0,0.0
2023-10-10,2.05,3.37,2.15,2.15,1.99,2.05,0.0,0.0,0.0
2023-10-11,2.05,3.37,2.15,2.15,1.99,2.05,0.0,0.0,0.0
2023-10-12,2.05,3.37,2.15,2.15,1.99,2.05,0.0,0.0,0.0
2023-10-13,2.05,3.37,2.15,2.15,1.99,2.05,0.0,0.0,0.0
2023-10-14,2.05,3.37,2.15,2.15,1.99,2.05,0.0,0.0,0.0
2023-10-15,2.05,3.37,2.15,2.15,1.99,2.05,0.0,0.0,0.0
2023-10-16,2.05,3.37,2.15,2.15,1.99,2.05,0.0,0.0,0.0
2023-10-17,2.05,3.37,2.15,2.15,1.99,2.05,0.0,0.0,0.0
2023-10-18,2.05,3.37,2.15,2.15,1.99,2.05,0.0,0.0,0.0
2023-10-19,2.05,3.47,2.15,2.15,1.99,2.05,0.0,0.029673590504451175,0.0
2023-10-20,2.05,3.47,2.15,2.15,1.99,2.05,0.0,0.0,0.0
2023-10-21,2.05,3.47,2.15,2.15,1.99,2.05,0.0,0.0,0.0
2023-10-22,2.05,3.47,2.15,2.15,1.99,2.05,0.0,0.0,0.0
2023-10-23,2.05,3.47,2.15,2.15,1.99,2.05,0.0,0.0,0.0
2023-10-24,2.05,3.47,2.15,2.15,1.99,2.05,0.0,0.0,0.0
2023-10-25,2.05,3.47,2.15,2.15,1.99,2.05,0.0,0.0,0.0
2023-10-26,2.05,3.47,2.15,2.15,1.99,2.05,0.0,0.0,0.0
2023-10-27,2.05,3.47,2.15,2.15,1.99,2.05,0.0,0.0,0.0
2023-10-28,2.05,3.47,2.15,2.15,1.99,2.05,0.0,0.0,0.0
2023-10-29,2.05,3.47,2.15,2.15,1.99,2.05,0.0,0.0,0.0
2023-10-30,2.05,3.47,2.15,2.15,1.99,2.05,0.0,0.0,0.0
2023-10-31,2.05,3.47,2.15,2.15,1.99,2.05,0.0,0.0,0.0
2023-11-01,2.05,3.47,2.15,2.15,1.99,2.05,0.0,0.0,0.0
2023-11-02,2.05,3.47,2.15,2.15,1.99,2.05,0.0,0.0,0.0
2023-11-03,2.05,3.47,2.15,2.15,1.99,2.05,0.0,0.0,0.0
2023-11-04,2.05,3.47,2.15,2.15,1.99,2.05,0.0,0.0,0.0
2023-11-05,2.05,3.47,2.15,2.15,1.99,2.05,0.0,0.0,0.0
2023-11-06,2.05,3.47,2.15,2.15,1.99,2.05,0.0,0.0,0.0
2023-11-07,2.05,3.47,2.15,2.15,1.99,2.05,0.0,0.0,0.0
2023-11-08,2.05,3.47,2.15,2.15,1.99,2.05,0.0,0.0,0.0
2023-11-09,2.05,3.47,2.15,2.15,1.99,2.05,0.0,0.0,0.0
2023-11-10,2.05,3.47,2.15,2.15,1.99,2.05,0.0,0.0,0.0
2023-11-11,2.05,3.47,2.15,2.15,1.99,2.05,0.0,0.0,0.0
2023-11-12,2.05,3.47,2.15,2.15,1.99,2.05,0.0,0.0,0.0
2023-11-13,2.05,3.47,2.15,2.15,1.99,2.05,0.0,0.0,0.0
2023-11-14,2.05,3.47,2.15,2.15,1.99,2.05,0.0,0.0,0.0
2023-11-15,2.05,3.47,2.15,2.15,1.99,2.05,0.0,0.0,0.0
2023-11-16,2.05,3.47,2.15,2.15,1.99,2.05,0.0,0.0,0.0
2023-11-17,2.05,3.47,2.15,2.15,1.99,2.05,0.0,0.0,0.0
2023-11-18,2.05,3.47,2.15,2.15,1.99,2.05,0.0,0.0,0.0
2023-11-19,2.05,3.47,2.15,2.15,1.99,2.05,0.0,0.0,0.0
2023-11-20,2.05,3.47,2.15,2.15,1.99,2.05,0.0,0.0,0.0
2023-11-21,2.05,3.47,2.15,2.15,1.99,2.05,0.0,0.0,0.0
2023-11-22,2.05,3.47,2.15,2.15,1.99,2.05,0.0,0.0,0.0
2023-11-23,2.05,3.47,2.15,2.15,1.99,2.05,0.0,0.0,0.0
2023-11-24,2.05,3.47,2.15,2.15,1.99,2.05,0.0,0.0,0.0
2023-11-25,2.05,3.47,2.15,2.15,1.99,2.05,0.0,0.0,0.0
2023-11-26,2.05,3.47,2.15,2.15,1.99,2.05,0.0,0.0,0.0
2023-11-27,2.05,3.47,2.15,2.15,1.99,2.05,0.0,0.0,0.0
2023-11-28,2.05,3.47,2.15,2.15,1.99,2.05,0.0,0.0,0.0
2023-11-29,2.05,3.47,2.15,2.15,1.99,2.05,0.0,0.0,0.0
2023-11-30,2.05,3.47,2.15,2.15,1.99,2.05,0.0,0.0,0.0
2023-12-01,2.05,3.47,2.15,2.15,1.99,2.05,0.0,0.0,0.0
2023-12-02,2.05,3.47,2.15,2.15,1.99,2.05,0.0,0.0,0.0
2023-12-03,2.05,3.47,2.15,2.15,1.99,2.05,0.0,0.0,0.0
2023-12-04,2.05,3.47,2.15,2.15,1.99,2.05,0.0,0.0,0.0
2023-12-05,2.05,3.47,2.15,2.15,1.99,2.05,0.0,0.0,0.0
2023-12-06,2.05,3.47,2.15,2.15,1.99,2.05,0.0,0.0,0.0
2023-12-07,2.05,3.47,2.15,2.15,1.99,2.05,0.0,0.0,0.0
2023-12-08,2.05,3.47,2.15,2.15,1.99,2.05,0.0,0.0,0.0
2023-12-09,2.05,3.47,2.15,2.15,1.99,2.05,0.0,0.0,0.0
2023-12-10,2.05,3.47,2.15,2.15,1.99,2.05,0.0,0.0,0.0
2023-12-11,2.05,3.47,2.15,2.15,1.99,2.05,0.0,0.0,0.0
2023-12-12,2.05,3.47,2.15,2.15,1.99,2.05,0.0,0.0,0.0
2023-12-13,2.05,3.47,2.15,2.15,1.99,2.05,0.0,0.0,0.0
2023-12-14,2.05,3.47,2.15,2.15,1.99,2.05,0.0,0.0,0.0
2023-12-15,2.05,3.47,2.15,2.15,1.99,2.05,0.0,0.0,0.0
2023-12-16,2.05,3.47,2.15,2.15,1.99,2.05,0.0,0.0,0.0
2023-12-17,2.05,3.47,2.15,2.15,1.99,2.05,0.0,0.0,0.0
2023-12-18,2.05,3.47,2.15,2.15,1.99,2.05,0.0,0.0,0.0
2023-12-19,2.05,3.47,2.15,2.15,1.99,2.05,0.0,0.0,0.0
2023-12-20,2.05,3.47,2.15,2.15,1.99,2.05,0.0,0.0,0.0
2023-12-21,2.05,3.47,2.15,2.15,1.99,2.05,0.0,0.0,0.0
2023-12-22,2.05,3.47,2.15,2.15,1.99,2.05,0.0,0.0,0.0
2023-12-23,2.05,3.47,2.15,2.15,1.99,2.05,0.0,0.0,0.0
2023-12-24,2.05,3.47,2.15,2.15,1.99,2.05,0.0,0.0,0.0
2023-12-25,2.05,3.47,2.15,2.15,1.99,2.05,0.0,0.0,0.0
2023-12-26,2.05,3.47,2.15,2.15,1.99,2.05,0.0,0.0,0.0
2023-12-27,2.05,3.47,2.15,2.15,1.99,2.05,0.0,0.0,0.0
2023-12-28,2.05,3.47,2.15,2.15,1.99,2.05,0.0,0.0,0.0
2023-12-29,2.05,3.47,2.15,2.15,1.99,2.05,0.0,0.0,0.0
2023-12-30,2.05,3.47,2.15,2.15,1.99,2.05,0.0,0.0,0.0
2023-12-31,2.05,3.47,2.15,2.15,1.99,2.05,0.0,0.0,0.0
2024-01-01,2.05,3.47,2.15,2.15,1.99,2.05,0.0,0.0,0.0
2024-01-02,2.05,3.47,2.15,2.15,1.99,2.05,0.0,0.0,0.0
2024-01-03,2.05,3.47,2.15,2.15,1.99,2.05,0.0,0.0,0.0
2024-01-04,2.05,3.47,2.15,2.15,1.99,2.05,0.0,0.0,0.0
2024-01-05,2.05,3.47,2.15,2.15,1.99,2.05,0.0,0.0,0.0
2024-01-06,2.05,3.47,2.15,2.15,1.99,2.05,0.0,0.0,0.0
2024-01-07,2.05,3.47,2.15,2.15,1.99,2.05,0.0,0.0,0.0
2024-01-08,2.05,3.47,2.15,2.15,1.99,2.05,0.0,0.0,0.0
2024-01-09,2.05,3.47,2.15,2.15,1.99,2.05,0.0,0.0,0.0
2024-01-10,2.05,3.47,2.15,2.15,1.99,2.05,0.0,0.0,0.0
2024-01-11,2.05,3.47,2.15,2.15,1.99,2.05,0.0,0.0,0.0
2024-01-12,2.05,3.47,2.15,2.15,1.99,2.05,0.0,0.0,0.0
2024-01-13,2.05,3.47,2.15,2.15,1.99,2.05,0.0,0.0,0.0
2024-01-14,2.05,3.47,2.15,2.15,1.99,2.05,0.0,0.0,0.0
2024-01-15,2.05,3.47,2.15,2.15,1.99,2.05,0.0,0.0,0.0
2024-01-16,2.05,3.47,2.15,2.15,1.99,2.05,0.0,0.0,0.0
2024-01-17,2.05,3.47,2.15,2.15,1.99,2.05,0.0,0.0,0.0
2024-01-18,2.05,3.47,2.15,2.15,1.99,2.05,0.0,0.0,0.0
2024-01-19,2.05,3.47,2.15,2.15,1.99,2.05,0.0,0.0,0.0
2024-01-20,2.05,3.47,2.15,2.15,1.99,2.05,0.0,0.0,0.0
2024-01-21,2.05,3.47,2.15,2.15,1.99,2.05,0.0,0.0,0.0
2024-01-22,2.05,3.47,2.15,2.15,1.99,2.05,0.0,0.0,0.0
2024-01-23,2.05,3.47,2.15,2.15,1.99,2.05,0.0,0.0,0.0
2024-01-24,2.05,3.47,2.15,2.15,1.99,2.05,0.0,0.0,0.0
2024-01-25,2.05,3.47,2.15,2.15,1.99,2.05,0.0,0.0,0.0
2024-01-26,2.05,3.47,2.15,2.15,1.99,2.05,0.0,0.0,0.0
2024-01-27,2.05,3.47,2.15,2.15,1.99,2.05,0.0,0.0,0.0
2024-01-28,2.05,3.47,2.15,2.15,1.99,2.05,0.0,0.0,0.0
2024-01-29,2.05,3.47,2.15,2.15,1.99,2.05,0.0,0.0,0.0
2024-01-30,2.05,3.47,2.15,2.15,1.99,2.05,0.0,0.0,0.0
2024-01-31,2.05,3.47,2.15,2.15,1.99,2.05,0.0,0.0,0.0
2024-02-01,2.05,3.47,2.15,2.15,1.99,2.05,0.0,0.0,0.0
2024-02-02,2.05,3.47,2.15,2.15,1.99,2.05,0.0,0.0,0.0
2024-02-03,2.05,3.47,2.15,2.15,1.99,2.05,0.0,0.0,0.0
2024-02-04,2.05,3.47,2.15,2.15,1.99,2.05,0.0,0.0,0.0
2024-02-05,2.05,3.47,2.15,2.15,1.99,2.05,0.0,0.0,0.0
2024-02-06,2.05,3.47,2.15,2.15,1.99,2.05,0.0,0.0,0.0
2024-02-07,2.05,3.47,2.15,2.15,1.99,2.05,0.0,0.0,0.0
2024-02-08,2.05,3.47,2.15,2.15,1.99,2.05,0.0,0.0,0.0
2024-02-09,2.05,3.47,2.15,2.15,1.99,2.05,0.0,0.0,0.0
2024-02-10,2.05,3.47,2.15,2.15,1.99,2.05,0.0,0.0,0.0
2024-02-11,2.05,3.47,2.15,2.15,1.99,2.05,0.0,0.0,0.0
2024-02-12,2.05,3.47,2.15,2.15,1.99,2.05,0.0,0.0,0.0
2024-02-13,2.05,3.47,2.15,2.15,1.99,2.05,0.0,0.0,0.0
2024-02-14,2.05,3.47,2.15,2.15,1.99,2.05,0.0,0.0,0.0
2024-02-15,2.05,3.47,2.15,2.15,1.99,2.05,0.0,0.0,0.0
2024-02-16,2.05,3.47,2.15,2.15,1.99,2.05,0.0,0.0,0.0
2024-02-17,2.05,3.47,2.15,2.15,1.99,2.05,0.0,0.0,0.0
2024-02-18,2.05,3.47,2.15,2.15,1.99,2.05,0.0,0.0,0.0
2024-02-19,2.05,3.47,2.15,2.15,1.99,2.05,0.0,0.0,0.0
2024-02-20,2.05,3.47,2.15,2.15,1.99,2.05,0.0,0.0,0.0
2024-02-21,2.05,3.47,2.15,2.15,1.99,2.05,0.0,0.0,0.0
2024-02-22,2.05,3.47,2.15,2.15,1.99,2.05,0.0,0.0,0.0
2024-02-23,2.05,3.47,2.15,2.15,1.99,2.05,0.0,0.0,0.0
2024-02-24,2.05,3.47,2.15,2.15,1.99,2.05,0.0,0.0,0.0
2024-02-25,2.05,3.47,2.15,2.15,1.99,2.05,0.0,0.0,0.0
2024-02-26,2.05,3.47,2.15,2.15,1.99,2.05,0.0,0.0,0.0
2024-02-27,2.05,3.47,2.15,2.15,1.99,2.05,0.0,0.0,0.0
2024-02-28,2.05,3.47,2.15,2.15,1.99,2.05,0.0,0.0,0.0
2024-02-29,2.05,3.47,2.15,2.15,1.99,2.05,0.0,0.0,0.0
2024-03-01,2.05,3.47,2.15,2.15,1.99,2.05,0.0,0.0,0.0
2024-03-02,2.05,3.47,2.15,2.15,1.99,2.05,0.0,0.0,0.0
2024-03-03,2.05,3.47,2.15,2.15,1.99,2.05,0.0,0.0,0.0
2024-03-04,2.05,3.47,2.15,2.15,1.99,2.05,0.0,0.0,0.0
2024-03-05,2.05,3.47,2.15,2.15,1.99,2.05,0.0,0.0,0.0
2024-03-06,2.05,3.47,2.15,2.15,1.99,2.05,0.0,0.0,0.0
2024-03-07,2.05,3.47,2.15,2.15,1.99,2.05,0.0,0.0,0.0
2024-03-08,2.05,3.47,2.15,2.15,1.99,2.05,0.0,0.0,0.0
2024-03-09,2.05,3.47,2.15,2.15,1.99,2.05,0.0,0.0,0.0
2024-03-10,2.05,3.47,2.15,2.15,1.99,2.05,0.0,0.0,0.0
2024-03-11,2.05,3.47,2.15,2.15,1.99,2.05,0.0,0.0,0.0
2024-03-12,2.05,3.47,2.15,2.15,1.99,2.05,0.0,0.0,0.0
2024-03-13,2.05,3.47,2.15,2.15,1.99,2.05,0.0,0.0,0.0
2024-03-14,2.05,3.47,2.15,2.15,1.99,2.05,0.0,0.0,0.0
2024-03-15,2.05,3.47,2.15,2.15,1.99,2.05,0.0,0.0,0.0
2024-03-16,2.05,3.47,2.15,2.15,1.99,2.05,0.0,0.0,0.0
2024-03-17,2.05,3.47,2.15,2.15,1.99,2.05,0.0,0.0,0.0
2024-03-18,2.05,3.47,2.15,2.15,1.99,2.05,0.0,0.0,0.0
2024-03-19,2.05,3.47,2.15,2.15,1.99,2.05,0.0,0.0,0.0
2024-03-20,2.05,3.47,2.15,2.15,1.99,2.05,0.0,0.0,0.0
2024-03-21,2.05,3.47,2.15,2.15,1.99,2.05,0.0,0.0,0.0
2024-03-22,2.05,3.47,2.15,2.15,1.99,2.05,0.0,0.0,0.0
2024-03-23,2.05,3.47,2.15,2.15,1.99,2.05,0.0,0.0,0.0
2024-03-24,2.05,3.47,2.15,2.15,1.99,2.05,0.0,0.0,0.0
2024-03-25,2.05,3.47,2.15,2.15,1.99,2.05,0.0,0.0,0.0
2024-03-26,2.05,3.47,2.15,2.15,1.99,2.05,0.0,0.0,0.0
2024-03-27,2.05,3.47,2.15,2.15,1.99,2.05,0.0,0.0,0.0
2024-03-28,2.05,3.47,2.15,2.15,1.99,2.05,0.0,0.0,0.0
2024-03-29,2.05,3.47,2.15,2.15,1.99,2.05,0.0,0.0,0.0
2024-03-30,2.05,3.47,2.15,2.15,1.99,2.05,0.0,0.0,0.0
2024-03-31,2.05,3.47,2.15,2.15,1.99,2.05,0.0,0.0,0.0
2024-04-01,2.05,3.47,2.15,2.15,1.99,2.05,0.0,0.0,0.0
2024-04-02,2.05,3.47,2.15,2.15,1.99,2.05,0.0,0.0,0.0
2024-04-03,2.05,3.47,2.15,2.15,1.99,2.05,0.0,0.0,0.0
2024-04-04,2.05,3.47,2.15,2.15,1.99,2.05,0.0,0.0,0.0
2024-04-05,2.05,3.47,2.15,2.15,1.99,2.05,0.0,0.0,0.0
2024-04-06,2.05,3.47,2.15,2.15,1.99,2.05,0.0,0.0,0.0
2024-04-07,2.05,3.47,2.15,2.15,1.99,2.05,0.0,0.0,0.0
2024-04-08,2.05,3.47,2.15,2.15,1.99,2.05,0.0,0.0,0.0
2024-04-09,2.05,3.47,2.15,2.15,1.99,2.05,0.0,0.0,0.0
2024-04-10,2.05,3.47,2.15,2.15,1.99,2.05,0.0,0.0,0.0
2024-04-11,2.05,3.47,2.15,2.15,1.99,2.05,0.0,0.0,0.0
2024-04-12,2.05,3.47,2.15,2.15,1.99,2.05,0.0,0.0,0.0
2024-04-13,2.05,3.47,2.15,2.15,1.99,2.05,0.0,0.0,0.0
2024-04-14,2.05,3.47,2.15,2.15,1.99,2.05,0.0,0.0,0.0
2024-04-15,2.05,3.47,2.15,2.15,1.99,2.05,0.0,0.0,0.0
2024-04-16,2.05,3.47,2.15,2.15,1.99,2.05,0.0,0.0,0.0
2024-04-17,2.05,3.47,2.15,2.15,1.99,2.05,0.0,0.0,0.0
2024-04-18,2.05,3.47,2.15,2.15,1.99,2.05,0.0,0.0,0.0
2024-04-19,2.05,3.47,2.15,2.15,1.99,2.05,0.0,0.0,0.0
2024-04-20,2.05,3.47,2.15,2.15,1.99,2.05,0.0,0.0,0.0
2024-04-21,2.05,3.47,2.15,2.15,1.99,2.05,0.0,0.0,0.0
2024-04-22,2.05,3.47,2.15,2.15,1.99,2.05,0.0,0.0,0.0
2024-04-23,2.05,3.47,2.15,2.15,1.99,2.05,0.0,0.0,0.0
2024-04-24,2.05,3.47,2.15,2.15,1.99,2.05,0.0,0.0,0.0
2024-04-25,2.05,3.47,2.15,2.15,1.99,2.05,0.0,0.0,0.0
2024-04-26,2.05,3.47,2.15,2.15,1.99,2.05,0.0,0.0,0.0
2024-04-27,2.05,3.47,2.15,2.15,1.99,2.05,0.0,0.0,0.0
2024-04-28,2.05,3.47,2.15,2.15,1.99,2.05,0.0,0.0,0.0
2024-04-29,2.05,3.47,2.15,2.15,1.99,2.05,0.0,0.0,0.0
2024-04-30,2.05,3.47,2.15,2.15,1.99,2.05,0.0,0.0,0.0
2024-05-01,2.05,3.47,2.15,2.15,1.99,2.05,0.0,0.0,0.0
2024-05-02,2.05,3.47,2.15,2.15,1.99,2.05,0.0,0.0,0.0
2024-05-03,2.05,3.47,2.15,2.15,1.99,2.05,0.0,0.0,0.0
2024-05-04,2.05,3.47,2.15,2.15,1.99,2.05,0.0,0.0,0.0
2024-05-05,2.05,3.47,2.15,2.15,1.99,2.05,0.0,0.0,0.0
2024-05-06,2.05,3.47,2.15,2.15,1.99,2.05,0.0,0.0,0.0
2024-05-07,2.05,3.47,2.15,2.15,1.99,2.05,0.0,0.0,0.0
2024-05-08,2.05,3.47,2.15,2.15,1.99,2.05,0.0,0.0,0.0
2024-05-09,2.05,3.47,2.15,2.15,1.99,2.05,0.0,0.0,0.0
2024-05-10,2.05,3.47,2.15,2.15,1.99,2.05,0.0,0.0,0.0
2024-05-11,2.05,3.47,2.15,2.15,1.99,2.05,0.0,0.0,0.0
2024-05-12,2.05,3.47,2.15,2.15,1.99,2.05,0.0,0.0,0.0
2024-05-13,2.05,3.47,2.15,2.15,1.99,2.05,0.0,0.0,0.0
2024-05-14,2.05,3.47,2.15,2.15,1.99,2.05,0.0,0.0,0.0
2024-05-15,2.05,3.47,2.15,2.15,1.99,2.05,0.0,0.0,0.0
2024-05-16,2.05,3.47,2.15,2.15,1.99,2.05,0.0,0.0,0.0
2024-05-17,2.05,3.47,2.15,2.15,1.99,2.05,0.0,0.0,0.0
2024-05-18,2.05,3.47,2.15,2.15,1.99,2.05,0.0,0.0,0.0
2024-05-19,2.05,3.47,2.15,2.15,1.99,2.05,0.0,0.0,0.0
2024-05-20,2.05,3.47,2.15,2.15,1.99,2.05,0.0,0.0,0.0
2024-05-21,2.05,3.47,2.15,2.15,1.99,2.05,0.0,0.0,0.0
2024-05-22,2.05,3.47,2.15,2.15,1.99,2.05,0.0,0.0,0.0
2024-05-23,2.05,3.47,2.15,2.15,1.99,2.05,0.0,0.0,0.0
2024-05-24,2.05,3.47,2.15,2.15,1.99,2.05,0.0,0.0,0.0
2024-05-25,2.05,3.47,2.15,2.15,1.99,2.05,0.0,0.0,0.0
2024-05-26,2.05,3.47,2.15,2.15,1.99,2.05,0.0,0.0,0.0
2024-05-27,2.05,3.47,2.15,2.15,1.99,2.05,0.0,0.0,0.0
2024-05-28,2.05,3.47,2.15,2.15,1.99,2.05,0.0,0.0,0.0
2024-05-29,2.05,3.47,2.15,2.15,1.99,2.05,0.0,0.0,0.0
2024-05-30,2.05,3.47,2.15,2.15,1.99,2.05,0.0,0.0,0.0
2024-05-31,2.05,3.47,2.15,2.15,1.99,2.05,0.0,0.0,0.0
2024-06-01,2.05,3.47,2.15,2.15,1.99,2.05,0.0,0.0,0.0
2024-06-02,2.05,3.47,2.15,2.15,1.99,2.05,0.0,0.0,0.0
2024-06-03,2.05,3.47,2.15,2.15,1.99,2.05,0.0,0.0,0.0
2024-06-04,2.05,3.47,2.15,2.15,1.99,2.05,0.0,0.0,0.0
2024-06-05,2.05,3.47,2.15,2.15,1.99,2.05,0.0,0.0,0.0
2024-06-06,2.05,3.47,2.15,2.15,1.99,2.05,0.0,0.0,0.0
2024-06-07,2.05,3.47,2.15,2.15,1.99,2.05,0.0,0.0,0.0
2024-06-08,2.05,3.47,2.15,2.15,1.99,2.05,0.0,0.0,0.0
2024-06-09,2.05,3.47,2.15,2.15,1.99,2.05,0.0,0.0,0.0
2024-06-10,2.05,3.47,3.35,2.15,1.99,2.05,0.0,0.0,0.558139534883721
2024-06-11,2.05,3.47,3.35,2.15,1.99,2.05,0.0,0.0,0.0
2024-06-12,2.05,3.47,3.35,2.15,1.99,2.05,0.0,0.0,0.0
2024-06-13,2.05,3.47,3.35,2.15,1.99,2.05,0.0,0.0,0.0
2024-06-14,2.05,3.47,3.35,2.15,1.99,2.05,0.0,0.0,0.0
2024-06-15,2.05,3.47,3.35,2.15,1.99,2.05,0.0,0.0,0.0
2024-06-16,2.05,3.47,3.35,2.15,1.99,2.05,0.0,0.0,0.0
2024-06-17,2.05,3.47,3.35,2.15,1.99,2.05,0.0,0.0,0.0
2024-06-18,2.05,3.47,3.35,2.15,1.99,2.05,0.0,0.0,0.0
2024-06-19,2.05,3.47,3.35,2.15,1.99,2.05,0.0,0.0,0.0
2024-06-20,2.05,3.47,3.35,2.15,1.99,2.05,0.0,0.0,0.0
2024-06-21,2.05,3.47,3.35,2.15,1.99,2.05,0.0,0.0,0.0
2024-06-22,2.05,3.47,3.35,2.15,1.99,2.05,0.0,0.0,0.0
2024-06-23,2.05,3.47,3.35,2.15,1.99,2.05,0.0,0.0,0.0
2024-06-24,2.05,3.47,3.35,2.15,1.99,2.05,0.0,0.0,0.0
2024-06-25,2.05,3.47,3.35,2.15,1.99,2.05,0.0,0.0,0.0
2024-06-26,2.05,3.47,3.35,2.15,1.99,2.05,0.0,0.0,0.0
2024-06-27,2.05,3.47,3.35,2.15,1.99,2.05,0.0,0.0,0.0
2024-06-28,2.05,3.47,3.35,2.15,1.99,2.05,0.0,0.0,0.0
2024-06-29,2.05,3.47,3.35,2.15,1.99,2.05,0.0,0.0,0.0
2024-06-30,2.05,3.47,3.35,2.15,1.99,2.05,0.0,0.0,0.0
2024-07-01,2.05,3.47,3.35,2.15,1.99,2.05,0.0,0.0,0.0
2024-07-02,2.05,3.47,3.35,2.15,1.99,2.05,0.0,0.0,0.0
2024-07-03,2.05,3.47,3.35,2.15,1.99,2.05,0.0,0.0,0.0
2024-07-04,2.05,3.47,3.35,2.15,1.99,2.05,0.0,0.0,0.0
2024-07-05,2.05,3.47,3.35,2.15,1.99,2.05,0.0,0.0,0.0
2024-07-06,2.05,3.47,3.35,2.15,1.99,2.05,0.0,0.0,0.0
2024-07-07,2.05,3.47,3.35,2.15,1.99,2.05,0.0,0.0,0.0
2024-07-08,2.05,3.47,3.35,2.15,1.99,2.05,0.0,0.0,0.0
2024-07-09,2.05,3.47,3.35,2.15,1.99,2.05,0.0,0.0,0.0
2024-07-10,2.05,3.47,3.35,2.15,1.99,2.05,0.0,0.0,0.0
2024-07-11,2.05,3.47,3.35,2.15,1.99,2.05,0.0,0.0,0.0
2024-07-12,2.05,3.47,3.35,2.15,1.99,2.05,0.0,0.0,0.0
2024-07-13,2.05,3.47,3.35,2.15,1.99,2.05,0.0,0.0,0.0
2024-07-14,2.05,3.47,3.35,2.15,1.99,2.05,0.0,0.0,0.0
2024-07-15,2.05,3.47,3.35,2.15,1.99,2.05,0.0,0.0,0.0
2024-07-16,2.05,3.47,3.35,2.15,1.99,2.05,0.0,0.0,0.0
2024-07-17,2.05,3.47,3.35,2.15,1.99,2.05,0.0,0.0,0.0
2024-07-18,2.05,3.47,3.35,2.15,1.99,2.05,0.0,0.0,0.0
2024-07-19,2.05,3.47,3.35,2.15,1.99,2.05,0.0,0.0,0.0
2024-07-20,2.05,3.47,3.35,2.15,1.99,2.05,0.0,0.0,0.0
2024-07-21,2.05,3.47,3.35,2.15,1.99,2.05,0.0,0.0,0.0
2024-07-22,2.05,3.47,3.35,2.15,1.99,2.05,0.0,0.0,0.0
2024-07-23,2.05,3.47,3.35,2.15,1.99,2.05,0.0,0.0,0.0
2024-07-24,2.05,3.47,3.35,2.15,1.99,2.05,0.0,0.0,0.0
2024-07-25,2.05,3.47,3.35,2.15,1.99,2.05,0.0,0.0,0.0
2024-07-26,2.05,3.47,3.35,2.15,1.99,2.05,0.0,0.0,0.0
2024-07-27,2.05,3.47,3.35,2.15,1.99,2.05,0.0,0.0,0.0
2024-07-28,2.05,3.47,3.35,2.15,1.99,2.05,0.0,0.0,0.0
2024-07-29,2.05,3.47,3.35,2.15,1.99,2.05,0.0,0.0,0.0
2024-07-30,2.05,3.47,3.35,2.15,1.99,2.05,0.0,0.0,0.0
2024-07-31,2.05,3.47,3.35,2.15,1.99,2.05,0.0,0.0,0.0
2024-08-01,2.05,3.47,3.35,2.15,1.99,2.05,0.0,0.0,0.0
2024-08-02,2.05,3.47,3.35,2.15,1.99,2.05,0.0,0.0,0.0
2024-08-03,2.05,3.47,3.35,2.15,1.99,2.05,0.0,0.0,0.0
2024-08-04,2.05,3.47,3.35,2.15,1.99,2.05,0.0,0.0,0.0
2024-08-05,2.05,3.47,3.35,2.15,1.99,2.05,0.0,0.0,0.0
2024-08-06,2.05,3.47,3.35,2.15,1.99,2.05,0.0,0.0,0.0
2024-08-07,2.05,3.47,3.35,2.15,1.99,2.05,0.0,0.0,0.0
2024-08-08,2.05,3.47,3.3,2.15,1.99,2.05,0.0,0.0,-0.014925373134328401
2024-08-09,2.05,3.47,3.3,2.15,1.99,2.05,0.0,0.0,0.0
2024-08-10,2.05,3.47,3.3,2.15,1.99,2.05,0.0,0.0,0.0
2024-08-11,2.05,3.47,3.3,2.15,1.99,2.05,0.0,0.0,0.0
2024-08-12,2.05,3.47,3.3,2.15,1.99,2.05,0.0,0.0,0.0
2024-08-13,2.05,3.47,3.3,2.15,1.99,2.05,0.0,0.0,0.0
2024-08-14,2.05,3.47,3.3,2.15,1.99,2.05,0.0,0.0,0.0
2024-08-15,2.05,3.47,3.25,2.15,1.99,2.05,0.0,0.0,-0.015151515151515138
2024-08-16,2.05,3.47,3.25,2.15,1.99,2.05,0.0,0.0,0.0
2024-08-17,2.05,3.47,3.25,2.15,1.99,2.05,0.0,0.0,0.0
2024-08-18,2.05,3.47,3.25,2.15,1.99,2.05,0.0,0.0,0.0
2024-08-19,2.05,3.47,3.25,2.15,1.99,2.05,0.0,0.0,0.0
2024-08-20,2.05,3.47,3.25,2.15,1.99,2.05,0.0,0.0,0.0
2024-08-21,2.05,3.47,3.25,2.15,1.99,2.05,0.0,0.0,0.0
2024-08-22,2.05,3.47,3.23,2.15,1.99,2.05,0.0,0.0,-0.006153846153846176
2024-08-23,2.05,3.47,3.23,2.15,1.99,2.05,0.0,0.0,0.0
2024-08-24,2.05,3.47,3.23,2.15,1.99,2.05,0.0,0.0,0.0
2024-08-25,2.05,3.47,3.23,2.15,1.99,2.05,0.0,0.0,0.0
2024-08-26,2.05,3.47,3.23,2.15,1.99,2.05,0.0,0.0,0.0
2024-08-27,2.05,3.47,3.23,2.15,1.99,2.05,0.0,0.0,0.0
2024-08-28,2.05,3.47,3.23,2.15,1.99,2.05,0.0,0.0,0.0
2024-08-29,2.05,3.42,3.18,2.15,1.99,2.05,0.0,-0.014409221902017322,-0.015479876160990669
2024-08-30,2.05,3.42,3.18,2.15,1.99,2.05,0.0,0.0,0.0
2024-08-31,2.05,3.42,3.18,2.15,1.99,2.05,0.0,0.0,0.0
2024-09-01,2.05,3.42,3.18,2.15,1.99,2.05,0.0,0.0,0.0
2024-09-02,2.05,3.42,3.18,2.15,1.99,2.05,0.0,0.0,0.0
2024-09-03,2.05,3.42,3.18,2.15,1.99,2.05,0.0,0.0,0.0
2024-09-04,2.05,3.42,3.18,2.15,1.99,2.05,0.0,0.0,0.0
2024-09-05,2.05,3.4,3.16,2.15,1.99,2.05,0.0,-0.005847953216374324,-0.0062893081761006275
2024-09-06,2.05,3.4,3.16,2.15,1.99,2.05,0.0,0.0,0.0
2024-09-07,2.05,3.4,3.16,2.15,1.99,2.05,0.0,0.0,0.0
2024-09-08,2.05,3.4,3.16,2.15,1.99,2.05,0.0,0.0,0.0
2024-09-09,2.05,3.4,3.16,2.15,1.99,2.05,0.0,0.0,0.0
2024-09-10,2.05,3.4,3.16,2.15,1.99,2.05,0.0,0.0,0.0
2024-09-11,2.05,3.4,3.16,2.15,1.99,2.05,0.0,0.0,0.0
2024-09-12,2.05,3.25,3.01,2.15,1.99,2.05,0.0,-0.044117647058823484,-0.04746835443037989
2024-09-13,2.05,3.25,3.01,2.15,1.99,2.05,0.0,0.0,0.0
2024-09-14,2.05,3.25,3.01,2.15,1.99,2.05,0.0,0.0,0.0
2024-09-15,2.05,3.25,3.01,2.15,1.99,2.05,0.0,0.0,0.0
2024-09-16,2.05,3.25,3.01,2.15,1.99,2.05,0.0,0.0,0.0
2024-09-17,2.05,3.25,3.01,2.15,1.99,2.05,0.0,0.0,0.0
2024-09-18,2.05,3.25,3.01,2.15,1.99,2.05,0.0,0.0,0.0
2024-09-19,2.05,3.19,2.95,2.15,1.99,2.05,0.0,-0.01846153846153853,-0.019933554817275656
2024-09-20,2.05,3.19,2.95,2.15,1.99,2.05,0.0,0.0,0.0
2024-09-21,2.05,3.19,2.95,2.15,1.99,2.05,0.0,0.0,0.0
2024-09-22,2.05,3.19,2.95,2.15,1.99,2.05,0.0,0.0,0.0
2024-09-23,2.05,3.19,2.95,2.15,1.99,2.05,0.0,0.0,0.0
2024-09-24,2.05,3.19,2.95,2.15,1.99,2.05,0.0,0.0,0.0
2024-09-25,2.05,3.19,2.95,2.15,1.99,2.05,0.0,0.0,0.0
2024-09-26,2.05,3.19,2.95,2.15,1.99,2.05,0.0,0.0,0.0
2024-09-27,2.05,3.19,2.95,2.15,1.99,2.05,0.0,0.0,0.0
2024-09-28,2.05,3.19,2.95,2.15,1.99,2.05,0.0,0.0,0.0
2024-09-29,2.05,3.19,2.95,2.15,1.99,2.05,0.0,0.0,0.0
2024-09-30,2.05,3.19,2.95,2.15,1.99,2.05,0.0,0.0,0.0
2024-10-01,2.05,3.19,2.95,2.15,1.99,2.05,0.0,0.0,0.0
2024-10-02,2.05,3.19,2.95,2.15,1.99,2.05,0.0,0.0,0.0
2024-10-03,2.05,3.19,2.95,2.15,1.99,2.05,0.0,0.0,0.0
2024-10-04,2.05,3.19,2.95,2.15,1.99,2.05,0.0,0.0,0.0
2024-10-05,2.05,3.19,2.95,2.15,1.99,2.05,0.0,0.0,0.0
2024-10-06,2.05,3.19,2.95,2.15,1.99,2.05,0.0,0.0,0.0
2024-10-07,2.05,3.19,2.95,2.15,1.99,2.05,0.0,0.0,0.0
2024-10-08,2.05,3.19,2.95,2.15,1.99,2.05,0.0,0.0,0.0
2024-10-09,2.05,3.19,2.95,2.15,1.99,2.05,0.0,0.0,0.0
2024-10-10,2.05,3.19,2.95,2.15,1.99,2.05,0.0,0.0,0.0
2024-10-11,2.05,3.19,2.95,2.15,1.99,2.05,0.0,0.0,0.0
2024-10-12,2.05,3.19,2.95,2.15,1.99,2.05,0.0,0.0,0.0
2024-10-13,2.05,3.19,2.95,2.15,1.99,2.05,0.0,0.0,0.0
2024-10-14,2.05,3.19,2.95,2.15,1.99,2.05,0.0,0.0,0.0
2024-10-15,2.05,3.19,2.95,2.15,1.99,2.05,0.0,0.0,0.0
2024-10-16,2.05,3.19,2.95,2.15,1.99,2.05,0.0,0.0,0.0
2024-10-17,2.05,3.19,2.95,2.15,1.99,2.05,0.0,0.0,0.0
2024-10-18,2.05,3.19,2.95,2.15,1.99,2.05,0.0,0.0,0.0
2024-10-19,2.05,3.19,2.95,2.15,1.99,2.05,0.0,0.0,0.0
2024-10-20,2.05,3.19,2.95,2.15,1.99,2.05,0.0,0.0,0.0
2024-10-21,2.05,3.19,2.95,2.15,1.99,2.05,0.0,0.0,0.0
2024-10-22,2.05,3.19,2.95,2.15,1.99,2.05,0.0,0.0,0.0
2024-10-23,2.05,3.19,2.95,2.15,1.99,2.05,0.0,0.0,0.0
2024-10-24,2.05,3.19,2.95,2.15,1.99,2.05,0.0,0.0,0.0
2024-10-25,2.05,3.19,2.95,2.15,1.99,2.05,0.0,0.0,0.0
2024-10-26,2.05,3.19,2.95,2.15,1.99,2.05,0.0,0.0,0.0
2024-10-27,2.05,3.19,2.95,2.15,1.99,2.05,0.0,0.0,0.0
2024-10-28,2.05,3.19,2.95,2.15,1.99,2.05,0.0,0.0,0.0
2024-10-29,2.05,3.19,2.95,2.15,1.99,2.05,0.0,0.0,0.0
2024-10-30,2.05,3.19,2.95,2.15,1.99,2.05,0.0,0.0,0.0
2024-10-31,2.05,3.19,2.95,2.15,1.99,2.05,0.0,0.0,0.0
2024-11-01,2.05,3.19,2.95,2.15,1.99,2.05,0.0,0.0,0.0
2024-11-02,2.05,3.19,2.95,2.15,1.99,2.05,0.0,0.0,0.0
2024-11-03,2.05,3.19,2.95,2.15,1.99,2.05,0.0,0.0,0.0
2024-11-04,2.05,3.19,2.95,2.15,1.99,2.05,0.0,0.0,0.0
2024-11-05,2.05,3.19,2.95,2.15,1.99,2.05,0.0,0.0,0.0
2024-11-06,2.05,3.19,2.95,2.15,1.99,2.05,0.0,0.0,0.0
2024-11-07,2.05,3.19,2.95,2.15,1.99,2.05,0.0,0.0,0.0
2024-11-08,2.05,3.19,2.95,2.15,1.99,2.05,0.0,0.0,0.0
2024-11-09,2.05,3.19,2.95,2.15,1.99,2.05,0.0,0.0,0.0
2024-11-10,2.05,3.19,2.95,2.15,1.99,2.05,0.0,0.0,0.0
2024-11-11,2.05,3.19,2.95,2.15,1.99,2.05,0.0,0.0,0.0
2024-11-12,2.05,3.19,2.95,2.15,1.99,2.05,0.0,0.0,0.0
2024-11-13,2.05,3.19,2.95,2.15,1.99,2.05,0.0,0.0,0.0
2024-11-14,2.05,3.19,2.95,2.15,1.99,2.05,0.0,0.0,0.0
2024-11-15,2.05,3.19,2.95,2.15,1.99,2.05,0.0,0.0,0.0
2024-11-16,2.05,3.19,2.95,2.15,1.99,2.05,0.0,0.0,0.0
2024-11-17,2.05,3.19,2.95,2.15,1.99,2.05,0.0,0.0,0.0
2024-11-18,2.05,3.19,2.95,2.15,1.99,2.05,0.0,0.0,0.0
2024-11-19,2.05,3.19,2.95,2.15,1.99,2.05,0.0,0.0,0.0
2024-11-20,2.05,3.19,2.95,2.15,1.99,2.05,0.0,0.0,0.0
2024-11-21,2.05,3.19,2.95,2.15,1.99,2.05,0.0,0.0,0.0
2024-11-22,2.05,3.19,2.95,2.15,1.99,2.05,0.0,0.0,0.0
2024-11-23,2.05,3.19,2.95,2.15,1.99,2.05,0.0,0.0,0.0
2024-11-24,2.05,3.19,2.95,2.15,1.99,2.05,0.0,0.0,0.0
2024-11-25,2.05,3.19,2.95,2.15,1.99,2.05,0.0,0.0,0.0
2024-11-26,2.05,3.19,2.95,2.15,1.99,2.05,0.0,0.0,0.0
2024-11-27,2.05,3.19,2.95,2.15,1.99,2.05,0.0,0.0,0.0
2024-11-28,2.05,3.19,2.95,2.15,1.99,2.05,0.0,0.0,0.0
2024-11-29,2.05,3.19,2.95,2.15,1.99,2.05,0.0,0.0,0.0
2024-11-30,2.05,3.19,2.95,2.15,1.99,2.05,0.0,0.0,0.0
2024-12-01,2.05,3.19,2.95,2.15,1.99,2.05,0.0,0.0,0.0
2024-12-02,2.05,3.19,2.95,2.15,1.99,2.05,0.0,0.0,0.0
2024-12-03,2.05,3.19,2.95,2.15,1.99,2.05,0.0,0.0,0.0
2024-12-04,2.05,3.19,2.95,2.15,1.99,2.05,0.0,0.0,0.0
2024-12-05,2.05,3.19,2.95,2.15,1.99,2.05,0.0,0.0,0.0
2024-12-06,2.05,3.19,2.95,2.15,1.99,2.05,0.0,0.0,0.0
2024-12-07,2.05,3.19,2.95,2.15,1.99,2.05,0.0,0.0,0.0
2024-12-08,2.05,3.19,2.95,2.15,1.99,2.05,0.0,0.0,0.0
2024-12-09,2.05,3.19,2.95,2.15,1.99,2.05,0.0,0.0,0.0
2024-12-10,2.05,3.19,2.95,2.15,1.99,2.05,0.0,0.0,0.0
2024-12-11,2.05,3.19,2.95,2.15,1.99,2.05,0.0,0.0,0.0
2024-12-12,2.05,3.19,2.95,2.15,1.99,2.05,0.0,0.0,0.0
2024-12-13,2.05,3.19,2.95,2.15,1.99,2.05,0.0,0.0,0.0
2024-12-14,2.05,3.19,2.95,2.15,1.99,2.05,0.0,0.0,0.0
2024-12-15,2.05,3.19,2.95,2.15,1.99,2.05,0.0,0.0,0.0
2024-12-16,2.05,3.19,2.95,2.15,1.99,2.05,0.0,0.0,0.0
2024-12-17,2.05,3.19,2.95,2.15,1.99,2.05,0.0,0.0,0.0
2024-12-18,2.05,3.19,2.95,2.15,1.99,2.05,0.0,0.0,0.0
2024-12-19,2.05,3.22,2.95,2.15,1.99,2.05,0.0,0.009404388714733702,0.0
2024-12-20,2.05,3.22,2.95,2.15,1.99,2.05,0.0,0.0,0.0
2024-12-21,2.05,3.22,2.95,2.15,1.99,2.05,0.0,0.0,0.0
2024-12-22,2.05,3.22,2.95,2.15,1.99,2.05,0.0,0.0,0.0
2024-12-23,2.05,3.22,2.95,2.15,1.99,2.05,0.0,0.0,0.0
2024-12-24,2.05,3.22,2.95,2.15,1.99,2.05,0.0,0.0,0.0
2024-12-25,2.05,3.22,2.95,2.15,1.99,2.05,0.0,0.0,0.0
2024-12-26,2.05,3.25,2.95,2.15,1.99,2.05,0.0,0.009316770186335255,0.0
2024-12-27,2.05,3.25,2.95,2.15,1.99,2.05,0.0,0.0,0.0
2024-12-28,2.05,3.25,2.95,2.15,1.99,2.05,0.0,0.0,0.0
2024-12-29,2.05,3.25,2.95,2.15,1.99,2.05,0.0,0.0,0.0
2024-12-30,2.05,3.25,2.95,2.15,1.99,2.05,0.0,0.0,0.0
2024-12-31,2.05,3.25,2.95,2.15,1.99,2.05,0.0,0.0,0.0
2025-01-01,2.05,3.25,2.95,2.15,1.99,2.05,0.0,0.0,0.0
2025-01-02,2.05,3.28,2.98,2.15,1.99,2.05,0.0,0.009230769230769154,0.010169491525423568
2025-01-03,2.05,3.28,2.98,2.15,1.99,2.05,0.0,0.0,0.0
2025-01-04,2.05,3.28,2.98,2.15,1.99,2.05,0.0,0.0,0.0
2025-01-05,2.05,3.28,2.98,2.15,1.99,2.05,0.0,0.0,0.0
2025-01-06,2.05,3.28,2.98,2.15,1.99,2.05,0.0,0.0,0.0
2025-01-07,2.05,3.28,2.98,2.15,1.99,2.05,0.0,0.0,0.0
2025-01-08,2.05,3.28,2.98,2.15,1.99,2.05,0.0,0.0,0.0
2025-01-09,2.05,3.33,3.03,2.15,1.99,2.05,0.0,0.015243902439024515,0.016778523489932917
2025-01-10,2.05,3.33,3.03,2.15,1.99,2.05,0.0,0.0,0.0
2025-01-11,2.05,3.33,3.03,2.15,1.99,2.05,0.0,0.0,0.0
2025-01-12,2.05,3.33,3.03,2.15,1.99,2.05,0.0,0.0,0.0
2025-01-13,2.05,3.33,3.03,2.15,1.99,2.05,0.0,0.0,0.0
2025-01-14,2.05,3.33,3.03,2.15,1.99,2.05,0.0,0.0,0.0
2025-01-15,2.05,3.33,3.03,2.15,1.99,2.05,0.0,0.0,0.0
2025-01-16,2.05,3.38,3.08,2.15,1.99,2.05,0.0,0.01501501501501501,0.01650165016501659
2025-01-17,2.05,3.38,3.08,2.15,1.99,2.05,0.0,0.0,0.0
2025-01-18,2.05,3.38,3.08,2.15,1.99,2.05,0.0,0.0,0.0
2025-01-19,2.05,3.38,3.08,2.15,1.99,2.05,0.0,0.0,0.0
2025-01-20,2.05,3.38,3.08,2.15,1.99,2.05,0.0,0.0,0.0
2025-01-21,2.05,3.38,3.08,2.15,1.99,2.05,0.0,0.0,0.0
2025-01-22,2.05,3.38,3.08,2.15,1.99,2.05,0.0,0.0,0.0
2025-01-23,2.05,3.43,3.13,2.15,1.99,2.05,0.0,0.01479289940828421,0.016233766233766156
2025-01-24,2.05,3.43,3.13,2.15,1.99,2.05,0.0,0.0,0.0
2025-01-25,2.05,3.43,3.13,2.15,1.99,2.05,0.0,0.0,0.0
2025-01-26,2.05,3.43,3.13,2.15,1.99,2.05,0.0,0.0,0.0
2025-01-27,2.05,3.43,3.13,2.15,1.99,2.05,0.0,0.0,0.0
2025-01-28,2.05,3.43,3.13,2.15,1.99,2.05,0.0,0.0,0.0
2025-01-29,2.05,3.43,3.13,2.15,1.99,2.05,0.0,0.0,0.0
2025-01-30,2.05,3.43,3.18,2.15,1.99,2.05,0.0,0.0,0.015974440894568787
2025-01-31,2.05,3.43,3.18,2.15,1.99,2.05,0.0,0.0,0.0
2025-02-01,2.05,3.43,3.18,2.15,1.99,2.05,0.0,0.0,0.0
2025-02-02,2.05,3.43,3.18,2.15,1.99,2.05,0.0,0.0,0.0
2025-02-03,2.05,3.43,3.18,2.15,1.99,2.05,0.0,0.0,0.0
2025-02-04,2.05,3.43,3.18,2.15,1.99,2.05,0.0,0.0,0.0
2025-02-05,2.05,3.43,3.18,2.15,1.99,2.05,0.0,0.0,0.0
2025-02-06,2.05,3.43,3.18,2.15,1.99,2.05,0.0,0.0,0.0
2025-02-07,2.05,3.43,3.18,2.15,1.99,2.05,0.0,0.0,0.0
2025-02-08,2.05,3.43,3.18,2.15,1.99,2.05,0.0,0.0,0.0
2025-02-09,2.05,3.43,3.18,2.15,1.99,2.05,0.0,0.0,0.0
2025-02-10,2.05,3.43,3.18,2.15,1.99,2.05,0.0,0.0,0.0
2025-02-11,2.05,3.43,3.18,2.15,1.99,2.05,0.0,0.0,0.0
2025-02-12,2.05,3.43,3.18,2.15,1.99,2.05,0.0,0.0,0.0
2025-02-13,2.05,3.43,3.18,2.15,1.99,2.05,0.0,0.0,0.0
2025-02-14,2.05,3.43,3.18,2.15,1.99,2.05,0.0,0.0,0.0
2025-02-15,2.05,3.43,3.18,2.15,1.99,2.05,0.0,0.0,0.0
2025-02-16,2.05,3.43,3.18,2.15,1.99,2.05,0.0,0.0,0.0
2025-02-17,2.05,3.43,3.18,2.15,1.99,2.05,0.0,0.0,0.0
2025-02-18,2.05,3.43,3.18,2.15,1.99,2.05,0.0,0.0,0.0
2025-02-19,2.05,3.43,3.18,2.15,1.99,2.05,0.0,0.0,0.0
2025-02-20,2.05,3.43,3.18,2.15,1.99,2.05,0.0,0.0,0.0
2025-02-21,2.05,3.43,3.18,2.15,1.99,2.05,0.0,0.0,0.0
2025-02-22,2.05,3.43,3.18,2.15,1.99,2.05,0.0,0.0,0.0
2025-02-23,2.05,3.43,3.18,2.15,1.99,2.05,0.0,0.0,0.0
2025-02-24,2.05,3.43,3.18,2.15,1.99,2.05,0.0,0.0,0.0
2025-02-25,2.05,3.43,3.18,2.15,1.99,2.05,0.0,0.0,0.0
2025-02-26,2.05,3.43,3.18,2.15,1.99,2.05,0.0,0.0,0.0
2025-02-27,2.05,3.43,3.18,2.15,1.99,2.05,0.0,0.0,0.0
2025-02-28,2.05,3.43,3.18,2.15,1.99,2.05,0.0,0.0,0.0
2025-03-01,2.05,3.43,3.18,2.15,1.99,2.05,0.0,0.0,0.0
2025-03-02,2.05,3.43,3.18,2.15,1.99,2.05,0.0,0.0,0.0
2025-03-03,2.05,3.43,3.18,2.15,1.99,2.05,0.0,0.0,0.0
2025-03-04,2.05,3.43,3.18,2.15,1.99,2.05,0.0,0.0,0.0
2025-03-05,2.05,3.43,3.18,2.15,1.99,2.05,0.0,0.0,0.0
2025-03-06,2.05,3.38,3.13,2.15,1.99,2.05,0.0,-0.014577259475218707,-0.01572327044025168
2025-03-07,2.05,3.38,3.13,2.15,1.99,2.05,0.0,0.0,0.0
2025-03-08,2.05,3.38,3.13,2.15,1.99,2.05,0.0,0.0,0.0
2025-03-09,2.05,3.38,3.13,2.15,1.99,2.05,0.0,0.0,0.0
2025-03-10,2.05,3.38,3.13,2.15,1.99,2.05,0.0,0.0,0.0
2025-03-11,2.05,3.38,3.13,2.15,1.99,2.05,0.0,0.0,0.0
2025-03-12,2.05,3.38,3.13,2.15,1.99,2.05,0.0,0.0,0.0
2025-03-13,2.05,3.28,3.06,2.15,1.99,2.05,0.0,-0.029585798816568087,-0.022364217252396124
2025-03-14,2.05,3.28,3.06,2.15,1.99,2.05,0.0,0.0,0.0
2025-03-15,2.05,3.28,3.06,2.15,1.99,2.05,0.0,0.0,0.0
2025-03-16,2.05,3.28,3.06,2.15,1.99,2.05,0.0,0.0,0.0
2025-03-17,2.05,3.28,3.06,2.15,1.99,2.05,0.0,0.0,0.0
2025-03-18,2.05,3.28,3.06,2.15,1.99,2.05,0.0,0.0,0.0
2025-03-19,2.05,3.28,3.06,2.15,1.99,2.05,0.0,0.0,0.0
2025-03-20,2.05,3.28,3.03,2.15,1.99,2.05,0.0,0.0,-0.009803921568627527
2025-03-21,2.05,3.28,3.03,2.15,1.99,2.05,0.0,0.0,0.0
2025-03-22,2.05,3.28,3.03,2.15,1.99,2.05,0.0,0.0,0.0
2025-03-23,2.05,3.28,3.03,2.15,1.99,2.05,0.0,0.0,0.0
2025-03-24,2.05,3.28,3.03,2.15,1.99,2.05,0.0,0.0,0.0
2025-03-25,2.05,3.28,3.03,2.15,1.99,2.05,0.0,0.0,0.0
2025-03-26,2.05,3.28,3.03,2.15,1.99,2.05,0.0,0.0,0.0
2025-03-27,2.05,3.28,3.03,2.15,1.99,2.05,0.0,0.0,0.0
2025-03-28,2.05,3.28,3.03,2.15,1.99,2.05,0.0,0.0,0.0
2025-03-29,2.05,3.28,3.03,2.15,1.99,2.05,0.0,0.0,0.0
2025-03-30,2.05,3.28,3.03,2.15,1.99,2.05,0.0,0.0,0.0
2025-03-31,2.05,3.28,3.03,2.15,1.99,2.05,0.0,0.0,0.0
2025-04-01,2.05,3.28,3.03,2.15,1.99,2.05,0.0,0.0,0.0
2025-04-02,2.05,3.28,3.03,2.15,1.99,2.05,0.0,0.0,0.0
2025-04-03,2.05,3.33,3.03,2.15,1.99,2.05,0.0,0.015243902439024515,0.0
2025-04-04,2.05,3.33,3.03,2.15,1.99,2.05,0.0,0.0,0.0
2025-04-05,2.05,3.33,3.03,2.15,1.99,2.05,0.0,0.0,0.0
2025-04-06,2.05,3.33,3.03,2.15,1.99,2.05,0.0,0.0,0.0
2025-04-07,2.05,3.33,3.03,2.15,1.99,2.05,0.0,0.0,0.0
2025-04-08,2.05,3.33,3.03,2.15,1.99,2.05,0.0,0.0,0.0
2025-04-09,2.05,3.33,3.03,2.15,1.99,2.05,0.0,0.0,0.0
2025-04-10,2.05,3.28,2.98,2.15,1.99,2.05,0.0,-0.01501501501501512,-0.01650165016501648
2025-04-11,2.05,3.28,2.98,2.15,1.99,2.05,0.0,0.0,0.0
2025-04-12,2.05,3.28,2.98,2.15,1.99,2.05,0.0,0.0,0.0
2025-04-13,2.05,3.28,2.98,2.15,1.99,2.05,0.0,0.0,0.0
2025-04-14,2.05,3.28,2.98,2.15,1.99,2.05,0.0,0.0,0.0
2025-04-15,2.05,3.28,2.98,2.15,1.99,2.05,0.0,0.0,0.0
2025-04-16,2.05,3.28,2.98,2.15,1.99,2.05,0.0,0.0,0.0
2025-04-17,2.05,3.18,2.88,2.15,1.99,2.05,0.0,-0.030487804878048697,-0.033557046979865834
2025-04-18,2.05,3.18,2.88,2.15,1.99,2.05,0.0,0.0,0.0
2025-04-19,2.05,3.18,2.88,2.15,1.99,2.05,0.0,0.0,0.0
2025-04-20,2.05,3.18,2.88,2.15,1.99,2.05,0.0,0.0,0.0
2025-04-21,2.05,3.18,2.88,2.15,1.99,2.05,0.0,0.0,0.0
2025-04-22,2.05,3.18,2.88,2.15,1.99,2.05,0.0,0.0,0.0
2025-04-23,2.05,3.18,2.88,2.15,1.99,2.05,0.0,0.0,0.0
2025-04-24,2.05,3.18,2.88,2.15,1.99,2.05,0.0,0.0,0.0
2025-04-25,2.05,3.18,2.88,2.15,1.99,2.05,0.0,0.0,0.0
2025-04-26,2.05,3.18,2.88,2.15,1.99,2.05,0.0,0.0,0.0
2025-04-27,2.05,3.18,2.88,2.15,1.99,2.05,0.0,0.0,0.0
2025-04-28,2.05,3.18,2.88,2.15,1.99,2.05,0.0,0.0,0.0
2025-04-29,2.05,3.18,2.88,2.15,1.99,2.05,0.0,0.0,0.0
2025-04-30,2.05,3.18,2.88,2.15,1.99,2.05,0.0,0.0,0.0
2025-05-01,2.05,3.18,2.88,2.15,1.99,2.05,0.0,0.0,0.0
2025-05-02,2.05,3.18,2.88,2.15,1.99,2.05,0.0,0.0,0.0
2025-05-03,2.05,3.18,2.88,2.15,1.99,2.05,0.0,0.0,0.0
2025-05-04,2.05,3.18,2.88,2.15,1.99,2.05,0.0,0.0,0.0
2025-05-05,2.05,3.18,2.88,2.15,1.99,2.05,0.0,0.0,0.0
2025-05-06,2.05,3.18,2.88,2.15,1.99,2.05,0.0,0.0,0.0
2025-05-07,2.05,3.18,2.88,2.15,1.99,2.05,0.0,0.0,0.0
2025-05-08,2.05,3.1,2.8,2.15,1.99,2.05,0.0,-0.02515723270440251,-0.02777777777777779
2025-05-09,2.05,3.1,2.8,2.15,1.99,2.05,0.0,0.0,0.0
2025-05-10,2.05,3.1,2.8,2.15,1.99,2.05,0.0,0.0,0.0
2025-05-11,2.05,3.1,2.8,2.15,1.99,2.05,0.0,0.0,0.0
2025-05-12,2.05,3.1,2.8,2.15,1.99,2.05,0.0,0.0,0.0
2025-05-13,2.05,3.1,2.8,2.15,1.99,2.05,0.0,0.0,0.0
2025-05-14,2.05,3.1,2.8,2.15,1.99,2.05,0.0,0.0,0.0
2025-05-15,2.05,3.07,2.77,2.15,1.99,2.05,0.0,-0.00967741935483879,-0.010714285714285676
2025-05-16,2.05,3.07,2.77,2.15,1.99,2.05,0.0,0.0,0.0
2025-05-17,2.05,3.07,2.77,2.15,1.99,2.05,0.0,0.0,0.0
2025-05-18,2.05,3.07,2.77,2.15,1.99,2.05,0.0,0.0,0.0
2025-05-19,2.05,3.07,2.77,2.15,1.99,2.05,0.0,0.0,0.0
2025-05-20,2.05,3.07,2.77,2.15,1.99,2.05,0.0,0.0,0.0
2025-05-21,2.05,3.07,2.77,2.15,1.99,2.05,0.0,0.0,0.0
2025-05-22,2.05,3.1,2.8,2.15,1.99,2.05,0.0,0.009771986970684043,0.010830324909747224
2025-05-23,2.05,3.1,2.8,2.15,1.99,2.05,0.0,0.0,0.0
2025-05-24,2.05,3.1,2.8,2.15,1.99,2.05,0.0,0.0,0.0
2025-05-25,2.05,3.1,2.8,2.15,1.99,2.05,0.0,0.0,0.0
2025-05-26,2.05,3.1,2.8,2.15,1.99,2.05,0.0,0.0,0.0
2025-05-27,2.05,3.1,2.8,2.15,1.99,2.05,0.0,0.0,0.0
2025-05-28,2.05,3.1,2.8,2.15,1.99,2.05,0.0,0.0,0.0
2025-05-29,2.05,3.1,2.77,2.15,1.99,2.05,0.0,0.0,-0.010714285714285676
2025-05-30,2.05,3.1,2.77,2.15,1.99,2.05,0.0,0.0,0.0
2025-05-31,2.05,3.1,2.77,2.15,1.99,2.05,0.0,0.0,0.0
2025-06-01,2.05,3.1,2.77,2.15,1.99,2.05,0.0,0.0,0.0
2025-06-02,2.05,3.1,2.77,2.15,1.99,2.05,0.0,0.0,0.0
2025-06-03,2.05,3.1,2.77,2.15,1.99,2.05,0.0,0.0,0.0
2025-06-04,2.05,3.1,2.77,2.15,1.99,2.05,0.0,0.0,0.0
2025-06-05,2.05,3.07,2.74,2.15,1.99,2.05,0.0,-0.00967741935483879,-0.010830324909747224
2025-06-06,2.05,3.07,2.74,2.15,1.99,2.05,0.0,0.0,0.0
2025-06-07,2.05,3.07,2.74,2.15,1.99,2.05,0.0,0.0,0.0
2025-06-08,2.05,3.07,2.74,2.15,1.99,2.05,0.0,0.0,0.0
2025-06-09,2.05,3.07,2.74,2.15,1.99,2.05,0.0,0.0,0.0
2025-06-10,2.05,3.07,2.74,2.15,1.99,2.05,0.0,0.0,0.0
2025-06-11,2.05,3.07,2.74,2.15,1.99,2.05,0.0,0.0,0.0
2025-06-12,2.05,3.07,2.74,2.15,1.99,2.05,0.0,0.0,0.0
2025-06-13,2.05,3.07,2.74,2.15,1.99,2.05,0.0,0.0,0.0
2025-06-14,2.05,3.07,2.74,2.15,1.99,2.05,0.0,0.0,0.0
2025-06-15,2.05,3.07,2.74,2.15,1.99,2.05,0.0,0.0,0.0
2025-06-16,2.05,3.07,2.74,2.15,1.99,2.05,0.0,0.0,0.0
2025-06-17,2.05,3.07,2.74,2.15,1.99,2.05,0.0,0.0,0.0
2025-06-18,2.05,3.07,2.74,2.15,1.99,2.05,0.0,0.0,0.0
2025-06-19,2.05,3.14,2.81,2.15,1.99,2.05,0.0,0.0228013029315961,0.025547445255474477
2025-06-20,2.05,3.14,2.81,2.15,1.99,2.05,0.0,0.0,0.0
2025-06-21,2.05,3.14,2.81,2.15,1.99,2.05,0.0,0.0,0.0
2025-06-22,2.05,3.14,2.81,2.15,1.99,2.05,0.0,0.0,0.0
2025-06-23,2.05,3.14,2.81,2.15,1.99,2.05,0.0,0.0,0.0
2025-06-24,2.05,3.14,2.81,2.15,1.99,2.05,0.0,0.0,0.0
2025-06-25,2.05,3.14,2.81,2.15,1.99,2.05,0.0,0.0,0.0
2025-06-26,2.05,3.21,2.88,2.15,1.99,2.05,0.0,0.022292993630573132,0.02491103202846978
2025-06-27,2.05,3.21,2.88,2.15,1.99,2.05,0.0,0.0,0.0
2025-06-28,2.05,3.21,2.88,2.15,1.99,2.05,0.0,0.0,0.0
2025-06-29,2.05,3.21,2.88,2.15,1.99,2.05,0.0,0.0,0.0
2025-06-30,2.05,3.21,2.88,2.15,1.99,2.05,0.0,0.0,0.0
2025-07-01,2.05,3.21,2.88,2.15,1.99,2.05,0.0,0.0,0.0
2025-07-02,2.05,3.21,2.88,2.15,1.99,2.05,0.0,0.0,0.0
2025-07-03,2.05,3.18,2.85,2.15,1.99,2.05,0.0,-0.009345794392523255,-0.01041666666666663
2025-07-04,2.05,3.18,2.85,2.15,1.99,2.05,0.0,0.0,0.0
2025-07-05,2.05,3.18,2.85,2.15,1.99,2.05,0.0,0.0,0.0
2025-07-06,2.05,3.18,2.85,2.15,1.99,2.05,0.0,0.0,0.0
2025-07-07,2.05,3.18,2.85,2.15,1.99,2.05,0.0,0.0,0.0
2025-07-08,2.05,3.18,2.85,2.15,1.99,2.05,0.0,0.0,0.0
2025-07-09,2.05,3.18,2.85,2.15,1.99,2.05,0.0,0.0,0.0
2025-07-10,2.05,3.18,2.88,2.15,1.99,2.05,0.0,0.0,0.010526315789473717
2025-07-11,2.05,3.18,2.88,2.15,1.99,2.05,0.0,0.0,0.0
2025-07-12,2.05,3.18,2.88,2.15,1.99,2.05,0.0,0.0,0.0
2025-07-13,2.05,3.18,2.88,2.15,1.99,2.05,0.0,0.0,0.0
2025-07-14,2.05,3.18,2.88,2.15,1.99,2.05,0.0,0.0,0.0
2025-07-15,2.05,3.18,2.88,2.15,1.99,2.05,0.0,0.0,0.0
2025-07-16,2.05,3.18,2.88,2.15,1.99,2.05,0.0,0.0,0.0
2025-07-17,2.05,3.21,2.91,2.15,1.99,2.05,0.0,0.00943396226415083,0.01041666666666674
2025-07-18,2.05,3.21,2.91,2.15,1.99,2.05,0.0,0.0,0.0
2025-07-19,2.05,3.21,2.91,2.15,1.99,2.05,0.0,0.0,0.0
2025-07-20,2.05,3.21,2.91,2.15,1.99,2.05,0.0,0.0,0.0
2025-07-21,2.05,3.21,2.91,2.15,1.99,2.05,0.0,0.0,0.0
2025-07-22,2.05,3.21,2.91,2.15,1.99,2.05,0.0,0.0,0.0
2025-07-23,2.05,3.21,2.91,2.15,1.99,2.05,0.0,0.0,0.0
2025-07-24,2.05,3.21,2.91,2.15,1.99,2.05,0.0,0.0,0.0
2025-07-25,2.05,3.21,2.91,2.15,1.99,2.05,0.0,0.0,0.0
2025-07-26,2.05,3.21,2.91,2.15,1.99,2.05,0.0,0.0,0.0
2025-07-27,2.05,3.21,2.91,2.15,1.99,2.05,0.0,0.0,0.0
2025-07-28,2.05,3.21,2.91,2.15,1.99,2.05,0.0,0.0,0.0
2025-07-29,2.05,3.21,2.91,2.15,1.99,2.05,0.0,0.0,0.0
2025-07-30,2.05,3.21,2.91,2.15,1.99,2.05,0.0,0.0,0.0
2025-07-31,2.05,3.17,2.91,2.15,1.99,2.05,0.0,-0.012461059190031154,0.0
2025-08-01,2.05,3.17,2.91,2.15,1.99,2.05,0.0,0.0,0.0
2025-08-02,2.05,3.17,2.91,2.15,1.99,2.05,0.0,0.0,0.0
2025-08-03,2.05,3.17,2.91,2.15,1.99,2.05,0.0,0.0,0.0
2025-08-04,2.05,3.17,2.91,2.15,1.99,2.05,0.0,0.0,0.0
2025-08-05,2.05,3.17,2.91,2.15,1.99,2.05,0.0,0.0,0.0
2025-08-06,2.05,3.17,2.91,2.15,1.99,2.05,0.0,0.0,0.0
2025-08-07,2.05,3.17,2.94,2.15,1.99,2.05,0.0,0.0,0.010309278350515427
2025-08-08,2.05,3.17,2.94,2.15,1.99,2.05,0.0,0.0,0.0
2025-08-09,2.05,3.17,2.94,2.15,1.99,2.05,0.0,0.0,0.0
2025-08-10,2.05,3.17,2.94,2.15,1.99,2.05,0.0,0.0,0.0
2025-08-11,2.05,3.17,2.94,2.15,1.99,2.05,0.0,0.0,0.0
2025-08-12,2.05,3.17,2.94,2.15,1.99,2.05,0.0,0.0,0.0
2025-08-13,2.05,3.17,2.94,2.15,1.99,2.05,0.0,0.0,0.0
2025-08-14,2.05,3.13,2.9,2.15,1.99,2.05,0.0,-0.012618296529968487,-0.013605442176870763
2025-08-15,2.05,3.13,2.9,2.15,1.99,2.05,0.0,0.0,0.0
2025-08-16,2.05,3.13,2.9,2.15,1.99,2.05,0.0,0.0,0.0
2025-08-17,2.05,3.13,2.9,2.15,1.99,2.05,0.0,0.0,0.0
2025-08-18,2.05,3.13,2.9,2.15,1.99,2.05,0.0,0.0,0.0
2025-08-19,2.05,3.13,2.9,2.15,1.99,2.05,0.0,0.0,0.0
2025-08-20,2.05,3.13,2.9,2.15,1.99,2.05,0.0,0.0,0.0
2025-08-21,2.05,3.13,2.85,2.15,1.99,2.05,0.0,0.0,-0.01724137931034475
2025-08-22,2.05,3.13,2.85,2.15,1.99,2.05,0.0,0.0,0.0
2025-08-23,2.05,3.13,2.85,2.15,1.99,2.05,0.0,0.0,0.0
2025-08-24,2.05,3.13,2.85,2.15,1.99,2.05,0.0,0.0,0.0
2025-08-25,2.05,3.13,2.85,2.15,1.99,2.05,0.0,0.0,0.0
2025-08-26,2.05,3.13,2.85,2.15,1.99,2.05,0.0,0.0,0.0
2025-08-27,2.05,3.13,2.85,2.15,1.99,2.05,0.0,0.0,0.0
2025-08-28,2.05,3.16,2.88,2.15,1.99,2.05,0.0,0.009584664536741228,0.010526315789473717
2025-08-29,2.05,3.16,2.88,2.15,1.99,2.05,0.0,0.0,0.0
2025-08-30,2.05,3.16,2.88,2.15,1.99,2.05,0.0,0.0,0.0
2025-08-31,2.05,3.16,2.88,2.15,1.99,2.05,0.0,0.0,0.0
2025-09-01,2.05,3.16,2.88,2.15,1.99,2.05,0.0,0.0,0.0
2025-09-02,2.05,3.16,2.88,2.15,1.99,2.05,0.0,0.0,0.0
2025-09-03,2.05,3.16,2.88,2.15,1.99,2.05,0.0,0.0,0.0
2025-09-04,2.05,3.16,2.88,2.15,1.99,2.05,0.0,0.0,0.0
2025-09-05,2.05,3.16,2.88,2.15,1.99,2.05,0.0,0.0,0.0
2025-09-06,2.05,3.16,2.88,2.15,1.99,2.05,0.0,0.0,0.0
2025-09-07,2.05,3.16,2.88,2.15,1.99,2.05,0.0,0.0,0.0
2025-09-08,2.05,3.16,2.88,2.15,1.99,2.05,0.0,0.0,0.0
2025-09-09,2.05,3.16,2.88,2.15,1.99,2.05,0.0,0.0,0.0
2025-09-10,2.05,3.16,2.88,2.15,1.99,2.05,0.0,0.0,0.0
2025-09-11,2.05,3.18,2.9,2.15,1.99,2.05,0.0,0.006329113924050667,0.00694444444444442
2025-09-12,2.05,3.18,2.9,2.15,1.99,2.05,0.0,0.0,0.0
2025-09-13,2.05,3.18,2.9,2.15,1.99,2.05,0.0,0.0,0.0
2025-09-14,2.05,3.18,2.9,2.15,1.99,2.05,0.0,0.0,0.0
2025-09-15,2.05,3.18,2.9,2.15,1.99,2.05,0.0,0.0,0.0
2025-09-16,2.05,3.18,2.9,2.15,1.99,2.05,0.0,0.0,0.0
2025-09-17,2.05,3.18,2.9,2.15,1.99,2.05,0.0,0.0,0.0
2025-09-18,2.05,3.21,2.93,2.15,1.99,2.05,0.0,0.00943396226415083,0.010344827586207028
2025-09-19,2.05,3.21,2.93,2.15,1.99,2.05,0.0,0.0,0.0
2025-09-20,2.05,3.21,2.93,2.15,1.99,2.05,0.0,0.0,0.0
2025-09-21,2.05,3.21,2.93,2.15,1.99,2.05,0.0,0.0,0.0
2025-09-22,2.05,3.21,2.93,2.15,1.99,2.05,0.0,0.0,0.0
2025-09-23,2.05,3.21,2.93,2.15,1.99,2.05,0.0,0.0,0.0
2025-09-24,2.05,3.21,2.93,2.15,1.99,2.05,0.0,0.0,0.0
2025-09-25,2.05,3.21,2.93,2.15,1.99,2.05,0.0,0.0,0.0
2025-09-26,2.05,3.21,2.93,2.15,1.99,2.05,0.0,0.0,0.0
2025-09-27,2.05,3.21,2.93,2.15,1.99,2.05,0.0,0.0,0.0
2025-09-28,2.05,3.21,2.93,2.15,1.99,2.05,0.0,0.0,0.0
2025-09-29,2.05,3.21,2.93,2.15,1.99,2.05,0.0,0.0,0.0
2025-09-30,2.6,3.21,2.93,2.15,1.99,2.05,0.2682926829268295,0.0,0.0
2025-10-01,2.6,3.21,2.93,2.15,1.99,2.05,0.0,0.0,0.0
2025-10-02,2.6,3.21,2.93,2.15,1.99,2.05,0.0,0.0,0.0
2025-10-03,2.6,3.21,2.93,2.15,1.99,2.05,0.0,0.0,0.0
2025-10-04,2.6,3.21,2.93,2.15,1.99,2.05,0.0,0.0,0.0
2025-10-05,2.6,3.21,2.93,2.15,1.99,2.05,0.0,0.0,0.0
2025-10-06,2.6,3.21,2.93,2.15,1.99,2.05,0.0,0.0,0.0
2025-10-07,2.6,3.21,2.93,2.15,1.99,2.05,0.0,0.0,0.0
2025-10-08,2.6,3.21,2.93,2.15,1.99,2.05,0.0,0.0,0.0
2025-10-09,2.6,3.18,2.93,2.15,1.99,2.05,0.0,-0.009345794392523255,0.0
2025-10-10,2.6,3.18,2.93,2.15,1.99,2.05,0.0,0.0,0.0
2025-10-11,2.6,3.18,2.93,2.15,1.99,2.05,0.0,0.0,0.0
2025-10-12,2.6,3.18,2.93,2.15,1.99,2.05,0.0,0.0,0.0
2025-10-13,2.6,3.18,2.93,2.15,1.99,2.05,0.0,0.0,0.0
2025-10-14,2.6,3.18,2.93,2.15,1.99,2.05,0.0,0.0,0.0
2025-10-15,2.6,3.18,2.93,2.15,1.99,2.05,0.0,0.0,0.0
2025-10-16,2.6,3.18,2.93,2.15,1.99,2.05,0.0,0.0,0.0
2025-10-17,2.6,3.18,2.93,2.15,1.99,2.05,0.0,0.0,0.0
2025-10-18,2.6,3.18,2.93,2.15,1.99,2.05,0.0,0.0,0.0
2025-10-19,2.6,3.18,2.93,2.15,1.99,2.05,0.0,0.0,0.0
2025-10-20,2.6,3.18,2.93,2.15,1.99,2.05,0.0,0.0,0.0
2025-10-21,2.6,3.18,2.93,2.15,1.99,2.05,0.0,0.0,0.0
2025-10-22,2.6,3.18,2.93,2.15,1.99,2.05,0.0,0.0,0.0
2025-10-23,2.6,3.14,2.89,2.15,1.99,2.05,0.0,-0.012578616352201255,-0.013651877133105783
2025-10-24,2.6,3.14,2.89,2.15,1.99,2.05,0.0,0.0,0.0
2025-10-25,2.6,3.14,2.89,2.15,1.99,2.05,0.0,0.0,0.0
2025-10-26,2.6,3.14,2.89,2.15,1.99,2.05,0.0,0.0,0.0
2025-10-27,2.6,3.14,2.89,2.15,1.99,2.05,0.0,0.0,0.0
2025-10-28,2.6,3.14,2.89,2.15,1.99,2.05,0.0,0.0,0.0
2025-10-29,2.6,3.14,2.89,2.15,1.99,2.05,0.0,0.0,0.0
2025-10-30,2.6,3.2,2.95,2.15,1.99,2.05,0.0,0.019108280254777066,0.02076124567474058
2025-10-31,2.6,3.2,2.95,2.15,1.99,2.05,0.0,0.0,0.0
2025-11-01,2.6,3.2,2.95,2.15,1.99,2.05,0.0,0.0,0.0
2025-11-02,2.6,3.2,2.95,2.15,1.99,2.05,0.0,0.0,0.0
2025-11-03,2.6,3.2,2.95,2.15,1.99,2.05,0.0,0.0,0.0
2025-11-04,2.6,3.2,2.95,2.15,1.99,2.05,0.0,0.0,0.0
2025-11-05,2.6,3.2,2.95,2.15,1.99,2.05,0.0,0.0,0.0
2025-11-06,2.6,3.2,3.02,2.15,1.99,2.05,0.0,0.0,0.023728813559321882
2025-11-07,2.6,3.2,3.02,2.15,1.99,2.05,0.0,0.0,0.0
2025-11-08,2.6,3.2,3.02,2.15,1.99,2.05,0.0,0.0,0.0
2025-11-09,2.6,3.2,3.02,2.15,1.99,2.05,0.0,0.0,0.0
2025-11-10,2.6,3.2,3.02,2.15,1.99,2.05,0.0,0.0,0.0
2025-11-11,2.6,3.2,3.02,2.15,1.99,2.05,0.0,0.0,0.0
2025-11-12,2.6,3.2,3.02,2.15,1.99,2.05,0.0,0.0,0.0
2025-11-13,2.65,3.25,3.07,2.15,1.99,2.05,0.019230769230769162,0.015625,0.01655629139072845
2025-11-14,2.65,3.25,3.07,2.15,1.99,2.05,0.0,0.0,0.0
2025-11-15,2.65,3.25,3.07,2.15,1.99,2.05,0.0,0.0,0.0
2025-11-16,2.65,3.25,3.07,2.15,1.99,2.05,0.0,0.0,0.0
2025-11-17,2.65,3.25,3.07,2.15,1.99,2.05,0.0,0.0,0.0
2025-11-18,2.65,3.25,3.07,2.15,1.99,2.05,0.0,0.0,0.0
2025-11-19,2.65,3.25,3.07,2.15,1.99,2.05,0.0,0.0,0.0
2025-11-20,2.65,3.28,3.1,2.15,1.99,2.05,0.0,0.009230769230769154,0.009771986970684043
2025-11-21,2.65,3.28,3.1,2.15,1.99,2.05,0.0,0.0,0.0
2025-11-22,2.65,3.28,3.1,2.15,1.99,2.05,0.0,0.0,0.0
2025-11-23,2.65,3.28,3.1,2.15,1.99,2.05,0.0,0.0,0.0
2025-11-24,2.65,3.28,3.1,2.15,1.99,2.05,0.0,0.0,0.0
2025-11-25,2.65,3.28,3.1,2.15,1.99,2.05,0.0,0.0,0.0
2025-11-26,2.65,3.28,3.1,2.15,1.99,2.05,0.0,0.0,0.0
2025-11-27,2.63,3.26,3.08,2.15,1.99,2.05,-0.007547169811320753,-0.0060975609756097615,-0.006451612903225823
2025-11-28,2.63,3.26,3.08,2.15,1.99,2.05,0.0,0.0,0.0
2025-11-29,2.63,3.26,3.08,2.15,1.99,2.05,0.0,0.0,0.0
2025-11-30,2.63,3.26,3.08,2.15,1.99,2.05,0.0,0.0,0.0
2025-12-01,2.63,3.26,3.08,2.15,1.99,2.05,0.0,0.0,0.0
2025-12-02,2.63,3.26,3.08,2.15,1.99,2.05,0.0,0.0,0.0
2025-12-03,2.63,3.26,3.08,2.15,1.99,2.05,0.0,0.0,0.0
2025-12-04,2.66,3.29,3.08,2.15,1.99,2.05,0.011406844106463865,0.00920245398773023,0.0
2025-12-05,2.66,3.29,3.08,2.15,1.99,2.05,0.0,0.0,0.0
2025-12-06,2.66,3.29,3.08,2.15,1.99,2.05,0.0,0.0,0.0
2025-12-07,2.66,3.29,3.08,2.15,1.99,2.05,0.0,0.0,0.0
2025-12-08,2.66,3.29,3.08,2.15,1.99,2.05,0.0,0.0,0.0
2025-12-09,2.66,3.29,3.08,2.15,1.99,2.05,0.0,0.0,0.0
2025-12-10,2.66,3.29,3.08,2.15,1.99,2.05,0.0,0.0,0.0
2025-12-11,2.64,3.27,3.06,2.15,1.99,2.05,-0.007518796992481258,-0.006079027355623157,-0.006493506493506551
2025-12-12,2.64,3.27,3.06,2.15,1.99,2.05,0.0,0.0,0.0
2025-12-13,2.64,3.27,3.06,2.15,1.99,2.05,0.0,0.0,0.0
2025-12-14,2.64,3.27,3.06,2.15,1.99,2.05,0.0,0.0,0.0
2025-12-15,2.64,3.27,3.06,2.15,1.99,2.05,0.0,0.0,0.0
2025-12-16,2.64,3.27,3.06,2.15,1.99,2.05,0.0,0.0,0.0
2025-12-17,2.64,3.27,3.06,2.15,1.99,2.05,0.0,0.0,0.0
2025-12-18,2.62,3.24,3.02,2.15,1.99,2.05,-0.007575757575757569,-0.00917431192660545,-0.013071895424836666
2025-12-19,2.62,3.24,3.02,2.15,1.99,2.05,0.0,0.0,0.0
2025-12-20,2.62,3.24,3.02,2.15,1.99,2.05,0.0,0.0,0.0
2025-12-21,2.62,3.24,3.02,2.15,1.99,2.05,0.0,0.0,0.0
2025-12-22,2.62,3.24,3.02,2.15,1.99,2.05,0.0,0.0,0.0
2025-12-23,2.62,3.24,3.02,2.15,1.99,2.05,0.0,0.0,0.0
2025-12-24,2.62,3.24,3.02,2.15,1.99,2.05,0.0,0.0,0.0
2025-12-25,2.56,3.16,2.94,2.15,1.99,2.05,-0.022900763358778664,-0.024691358024691357,-0.026490066225165587
2025-12-26,2.56,3.16,2.94,2.15,1.99,2.05,0.0,0.0,0.0
2025-12-27,2.56,3.16,2.94,2.15,1.99,2.05,0.0,0.0,0.0
2025-12-28,2.56,3.16,2.94,2.15,1.99,2.05,0.0,0.0,0.0
2025-12-29,2.56,3.16,2.94,2.15,1.99,2.05,0.0,0.0,0.0
2025-12-30,2.56,3.16,2.94,2.15,1.99,2.05,0.0,0.0,0.0
2025-12-31,2.56,3.16,2.94,2.15,1.99,2.05,0.0,0.0,0.0
2026-01-01,2.56,3.16,2.94,2.15,1.99,2.05,0.0,0.0,0.0
2026-01-02,2.56,3.16,2.94,2.15,1.99,2.05,0.0,0.0,0.0
2026-01-03,2.56,3.16,2.94,2.15,1.99,2.05,0.0,0.0,0.0
2026-01-04,2.56,3.16,2.94,2.15,1.99,2.05,0.0,0.0,0.0
2026-01-05,2.56,3.16,2.94,2.15,1.99,2.05,0.0,0.0,0.0
2026-01-06,2.56,3.16,2.94,2.15,1.99,2.05,0.0,0.0,0.0
2026-01-07,2.56,3.16,2.94,2.15,1.99,2.05,0.0,0.0,0.0
2026-01-08,2.54,3.11,2.89,2.15,1.99,2.05,-0.0078125,-0.015822784810126667,-0.017006802721088343
2026-01-09,2.54,3.11,2.89,2.15,1.99,2.05,0.0,0.0,0.0
2026-01-10,2.54,3.11,2.89,2.15,1.99,2.05,0.0,0.0,0.0
2026-01-11,2.54,3.11,2.89,2.15,1.99,2.05,0.0,0.0,0.0
2026-01-12,2.54,3.11,2.89,2.15,1.99,2.05,0.0,0.0,0.0
2026-01-13,2.54,3.11,2.89,2.15,1.99,2.05,0.0,0.0,0.0
2026-01-14,2.54,3.11,2.89,2.15,1.99,2.05,0.0,0.0,0.0
2026-01-15,2.52,3.08,2.84,2.15,1.99,2.05,-0.007874015748031482,-0.009646302250803762,-0.01730103806228378
2026-01-16,2.52,3.08,2.84,2.15,1.99,2.05,0.0,0.0,0.0
2026-01-17,2.52,3.08,2.84,2.15,1.99,2.05,0.0,0.0,0.0
2026-01-18,2.52,3.08,2.84,2.15,1.99,2.05,0.0,0.0,0.0
2026-01-19,2.52,3.08,2.84,2.15,1.99,2.05,0.0,0.0,0.0
2026-01-20,2.52,3.08,2.84,2.15,1.99,2.05,0.0,0.0,0.0
2026-01-21,2.52,3.08,2.84,2.15,1.99,2.05,0.0,0.0,0.0
2026-01-22,2.54,3.1,2.88,2.15,1.99,2.05,0.007936507936507908,0.006493506493506551,0.014084507042253502
2026-01-23,2.54,3.1,2.88,2.15,1.99,2.05,0.0,0.0,0.0
2026-01-24,2.54,3.1,2.88,2.15,1.99,2.05,0.0,0.0,0.0
2026-01-25,2.54,3.1,2.88,2.15,1.99,2.05,0.0,0.0,0.0
2026-01-26,2.54,3.1,2.88,2.15,1.99,2.05,0.0,0.0,0.0
2026-01-27,2.54,3.1,2.88,2.15,1.99,2.05,0.0,0.0,0.0
2026-01-28,2.54,3.1,2.88,2.15,1.99,2.05,0.0,0.0,0.0
2026-01-29,2.54,3.1,2.92,2.15,1.99,2.05,0.0,0.0,0.01388888888888884
2026-01-30,2.54,3.1,2.92,2.15,1.99,2.05,0.0,0.0,0.0
2026-01-31,2.54,3.1,2.92,2.15,1.99,2.05,0.0,0.0,0.0
2026-02-01,2.54,3.1,2.92,2.15,1.99,2.05,0.0,0.0,0.0
2026-02-02,2.54,3.1,2.92,2.15,1.99,2.05,0.0,0.0,0.0
2026-02-03,2.54,3.1,2.92,2.15,1.99,2.05,0.0,0.0,0.0
2026-02-04,2.54,3.1,2.92,2.15,1.99,2.05,0.0,0.0,0.0
2026-02-05,2.54,3.1,2.96,2.15,1.99,2.05,0.0,0.0,0.013698630136986356
2026-02-06,2.54,3.1,2.96,2.15,1.99,2.05,0.0,0.0,0.0
2026-02-07,2.54,3.1,2.96,2.15,1.99,2.05,0.0,0.0,0.0
2026-02-08,2.54,3.1,2.96,2.15,1.99,2.05,0.0,0.0,0.0
2026-02-09,2.54,3.1,2.96,2.15,1.99,2.05,0.0,0.0,0.0
2026-02-10,2.54,3.1,2.96,2.15,1.99,2.05,0.0,0.0,0.0
2026-02-11,2.54,3.1,2.96,2.15,1.99,2.05,0.0,0.0,0.0
2026-02-12,2.54,3.1,2.99,2.15,1.99,2.05,0.0,0.0,0.01013513513513531
2026-02-13,2.54,3.1,2.99,2.15,1.99,2.05,0.0,0.0,0.0
2026-02-14,2.54,3.1,2.99,2.15,1.99,2.05,0.0,0.0,0.0
2026-02-15,2.54,3.1,2.99,2.15,1.99,2.05,0.0,0.0,0.0
2026-02-16,2.54,3.1,2.99,2.15,1.99,2.05,0.0,0.0,0.0
2026-02-17,2.54,3.1,2.99,2.15,1.99,2.05,0.0,0.0,0.0
2026-02-18,2.54,3.1,2.99,2.15,1.99,2.05,0.0,0.0,0.0
2026-02-19,2.54,3.1,2.99,2.15,1.99,2.05,0.0,0.0,0.0
2026-02-20,2.54,3.1,2.99,2.15,1.99,2.05,0.0,0.0,0.0
2026-02-21,2.54,3.1,2.99,2.15,1.99,2.05,0.0,0.0,0.0
2026-02-22,2.54,3.1,2.99,2.15,1.99,2.05,0.0,0.0,0.0
2026-02-23,2.54,3.1,2.99,2.15,1.99,2.05,0.0,0.0,0.0
2026-02-24,2.54,3.1,2.99,2.15,1.99,2.05,0.0,0.0,0.0
2026-02-25,2.54,3.1,2.99,2.15,1.99,2.05,0.0,0.0,0.0
2026-02-26,2.59,3.15,3.04,2.15,1.99,2.05,0.019685039370078705,0.016129032258064502,0.01672240802675584
2026-02-27,2.59,3.15,3.04,2.15,1.99,2.05,0.0,0.0,0.0
2026-02-28,2.59,3.15,3.04,2.15,1.99,2.05,0.0,0.0,0.0
2026-03-01,2.59,3.15,3.04,2.15,1.99,2.05,0.0,0.0,0.0
2026-03-02,2.59,3.15,3.04,2.15,1.99,2.05,0.0,0.0,0.0
2026-03-03,2.59,3.15,3.04,2.15,1.99,2.05,0.0,0.0,0.0
2026-03-04,2.59,3.15,3.04,2.15,1.99,2.05,0.0,0.0,0.0
2026-03-05,2.67,3.25,3.12,2.15,1.99,2.05,0.030888030888030826,0.031746031746031855,0.026315789473684292
2026-03-06,2.67,3.25,3.12,2.15,1.99,2.05,0.0,0.0,0.0
2026-03-07,2.67,3.25,3.12,2.15,1.99,2.05,0.0,0.0,0.0
2026-03-08,2.67,3.25,3.12,2.15,1.99,2.05,0.0,0.0,0.0
2026-03-09,2.67,3.25,3.12,2.15,1.99,2.05,0.0,0.0,0.0
2026-03-10,2.67,3.25,3.12,2.15,1.99,2.05,0.0,0.0,0.0
2026-03-11,2.67,3.25,3.12,2.15,1.99,2.05,0.0,0.0,0.0
2026-03-12,3.27,3.85,3.92,2.15,1.99,2.05,0.2247191011235956,0.18461538461538463,0.2564102564102564
2026-03-13,3.27,3.85,3.92,2.15,1.99,2.05,0.0,0.0,0.0
2026-03-14,3.27,3.85,3.92,2.15,1.99,2.05,0.0,0.0,0.0
2026-03-15,3.27,3.85,3.92,2.15,1.99,2.05,0.0,0.0,0.0
2026-03-16,3.27,3.85,3.92,2.15,1.99,2.05,0.0,0.0,0.0
2026-03-17,3.27,3.85,3.92,2.15,1.99,2.05,0.0,0.0,0.0
2026-03-18,3.27,3.85,3.92,2.15,1.99,2.05,0.0,0.0,0.0
2026-03-19,3.27,4.55,4.72,2.15,1.99,2.05,0.0,0.18181818181818166,0.20408163265306123
2026-03-20,3.27,4.55,4.72,2.15,1.99,2.05,0.0,0.0,0.0
2026-03-21,3.27,4.55,4.72,2.15,1.99,2.05,0.0,0.0,0.0
2026-03-22,3.27,4.55,4.72,2.15,1.99,2.05,0.0,0.0,0.0
2026-03-23,3.27,4.55,4.72,2.15,1.99,2.05,0.0,0.0,0.0
2026-03-24,3.27,4.55,4.72,2.15,1.99,2.05,0.0,0.0,0.0
2026-03-25,3.27,4.55,4.72,2.15,1.99,2.05,0.0,0.0,0.0
2026-03-26,3.87,5.15,5.52,2.15,1.99,2.05,0.1834862385321101,0.13186813186813207,0.1694915254237288
2026-03-27,3.87,5.15,5.52,2.15,1.99,2.05,0.0,0.0,0.0
2026-03-28,3.87,5.15,5.52,2.15,1.99,2.05,0.0,0.0,0.0
2026-03-29,3.87,5.15,5.52,2.15,1.99,2.05,0.0,0.0,0.0
2026-03-30,3.87,5.15,5.52,2.15,1.99,2.05,0.0,0.0,0.0
2026-03-31,3.87,5.15,5.52,2.15,1.99,2.05,0.0,0.0,0.0
2026-04-01,3.87,5.15,5.52,2.15,1.99,2.05,0.0,0.0,0.0
2026-04-02,3.87,4.95,6.02,2.15,1.99,2.05,0.0,-0.03883495145631066,0.0905797101449275
2026-04-03,3.87,4.95,6.02,2.15,1.99,2.05,0.0,0.0,0.0
2026-04-04,3.87,4.95,6.02,2.15,1.99,2.05,0.0,0.0,0.0
2026-04-05,3.87,4.95,6.02,2.15,1.99,2.05,0.0,0.0,0.0
2026-04-06,3.87,4.95,6.02,2.15,1.99,2.05,0.0,0.0,0.0
2026-04-07,3.87,4.95,6.02,2.15,1.99,2.05,0.0,0.0,0.0
2026-04-08,3.87,4.95,6.02,2.15,1.99,2.05,0.0,0.0,0.0
2026-04-09,4.27,5.35,6.72,2.15,1.99,2.05,0.1033591731266148,0.08080808080808066,0.11627906976744184
2026-04-10,4.27,5.35,6.72,2.15,1.99,2.05,0.0,0.0,0.0
2026-04-11,4.27,5.35,6.72,2.15,1.99,2.05,0.0,0.0,0.0
2026-04-12,4.27,5.35,6.72,2.15,1.99,2.05,0.0,0.0,0.0
2026-04-13,4.27,5.35,6.72,2.15,1.99,2.05,0.0,0.0,0.0
2026-04-14,4.27,5.35,6.72,2.15,1.99,2.05,0.0,0.0,0.0
2026-04-15,4.27,5.35,6.72,2.15,1.99,2.05,0.0,0.0,0.0
2026-04-16,4.02,5.1,5.97,2.15,1.99,2.05,-0.05854800936768145,-0.04672897196261683,-0.1116071428571429
2026-04-17,4.02,5.1,5.97,2.15,1.99,2.05,0.0,0.0,0.0
2026-04-18,4.02,5.1,5.97,2.15,1.99,2.05,0.0,0.0,0.0
2026-04-19,4.02,5.1,5.97,2.15,1.99,2.05,0.0,0.0,0.0
2026-04-20,4.02,5.1,5.97,2.15,1.99,2.05,0.0,0.0,0.0
2026-04-21,4.02,5.1,5.97,2.15,1.99,2.05,0.0,0.0,0.0
2026-04-22,4.02,5.1,5.97,2.15,1.99,2.05,0.0,0.0,0.0
2026-04-23,3.87,4.85,5.12,2.15,1.99,2.05,-0.03731343283582078,-0.0490196078431373,-0.1423785594639866
