date,is_public_holiday,is_school_holiday,is_holiday_any,days_to_next_public_hol,days_since_last_public_hol,days_to_next_school_hol,days_since_last_school_hol,day_of_week,month,is_weekend,dow_sin,dow_cos,month_sin,month_cos
2019-01-01,1,0,1,0,0,80,99,1,1,0,0.7818314824680298,0.6234898018587336,0.49999999999999994,0.8660254037844387
2019-01-02,0,0,0,19,1,79,99,2,1,0,0.9749279121818236,-0.22252093395631434,0.49999999999999994,0.8660254037844387
2019-01-03,0,0,0,18,2,78,99,3,1,0,0.43388373911755823,-0.900968867902419,0.49999999999999994,0.8660254037844387
2019-01-04,0,0,0,17,3,77,99,4,1,0,-0.433883739117558,-0.9009688679024191,0.49999999999999994,0.8660254037844387
2019-01-05,0,0,0,16,4,76,99,5,1,1,-0.9749279121818236,-0.2225209339563146,0.49999999999999994,0.8660254037844387
2019-01-06,0,0,0,15,5,75,99,6,1,1,-0.7818314824680299,0.6234898018587334,0.49999999999999994,0.8660254037844387
2019-01-07,0,0,0,14,6,74,99,0,1,0,0.0,1.0,0.49999999999999994,0.8660254037844387
2019-01-08,0,0,0,13,7,73,99,1,1,0,0.7818314824680298,0.6234898018587336,0.49999999999999994,0.8660254037844387
2019-01-09,0,0,0,12,8,72,99,2,1,0,0.9749279121818236,-0.22252093395631434,0.49999999999999994,0.8660254037844387
2019-01-10,0,0,0,11,9,71,99,3,1,0,0.43388373911755823,-0.900968867902419,0.49999999999999994,0.8660254037844387
2019-01-11,0,0,0,10,10,70,99,4,1,0,-0.433883739117558,-0.9009688679024191,0.49999999999999994,0.8660254037844387
2019-01-12,0,0,0,9,11,69,99,5,1,1,-0.9749279121818236,-0.2225209339563146,0.49999999999999994,0.8660254037844387
2019-01-13,0,0,0,8,12,68,99,6,1,1,-0.7818314824680299,0.6234898018587334,0.49999999999999994,0.8660254037844387
2019-01-14,0,0,0,7,13,67,99,0,1,0,0.0,1.0,0.49999999999999994,0.8660254037844387
2019-01-15,0,0,0,6,14,66,99,1,1,0,0.7818314824680298,0.6234898018587336,0.49999999999999994,0.8660254037844387
2019-01-16,0,0,0,5,15,65,99,2,1,0,0.9749279121818236,-0.22252093395631434,0.49999999999999994,0.8660254037844387
2019-01-17,0,0,0,4,16,64,99,3,1,0,0.43388373911755823,-0.900968867902419,0.49999999999999994,0.8660254037844387
2019-01-18,0,0,0,3,17,63,99,4,1,0,-0.433883739117558,-0.9009688679024191,0.49999999999999994,0.8660254037844387
2019-01-19,0,0,0,2,18,62,99,5,1,1,-0.9749279121818236,-0.2225209339563146,0.49999999999999994,0.8660254037844387
2019-01-20,0,0,0,1,19,61,99,6,1,1,-0.7818314824680299,0.6234898018587334,0.49999999999999994,0.8660254037844387
2019-01-21,1,0,1,0,0,60,99,0,1,0,0.0,1.0,0.49999999999999994,0.8660254037844387
2019-01-22,0,0,0,10,1,59,99,1,1,0,0.7818314824680298,0.6234898018587336,0.49999999999999994,0.8660254037844387
2019-01-23,0,0,0,9,2,58,99,2,1,0,0.9749279121818236,-0.22252093395631434,0.49999999999999994,0.8660254037844387
2019-01-24,0,0,0,8,3,57,99,3,1,0,0.43388373911755823,-0.900968867902419,0.49999999999999994,0.8660254037844387
2019-01-25,0,0,0,7,4,56,99,4,1,0,-0.433883739117558,-0.9009688679024191,0.49999999999999994,0.8660254037844387
2019-01-26,0,0,0,6,5,55,99,5,1,1,-0.9749279121818236,-0.2225209339563146,0.49999999999999994,0.8660254037844387
2019-01-27,0,0,0,5,6,54,99,6,1,1,-0.7818314824680299,0.6234898018587334,0.49999999999999994,0.8660254037844387
2019-01-28,0,0,0,4,7,53,99,0,1,0,0.0,1.0,0.49999999999999994,0.8660254037844387
2019-01-29,0,0,0,3,8,52,99,1,1,0,0.7818314824680298,0.6234898018587336,0.49999999999999994,0.8660254037844387
2019-01-30,0,0,0,2,9,51,99,2,1,0,0.9749279121818236,-0.22252093395631434,0.49999999999999994,0.8660254037844387
2019-01-31,0,0,0,1,10,50,99,3,1,0,0.43388373911755823,-0.900968867902419,0.49999999999999994,0.8660254037844387
2019-02-01,1,0,1,0,0,49,99,4,2,0,-0.433883739117558,-0.9009688679024191,0.8660254037844386,0.5000000000000001
2019-02-02,0,0,0,3,1,48,99,5,2,1,-0.9749279121818236,-0.2225209339563146,0.8660254037844386,0.5000000000000001
2019-02-03,0,0,0,2,2,47,99,6,2,1,-0.7818314824680299,0.6234898018587334,0.8660254037844386,0.5000000000000001
2019-02-04,0,0,0,1,3,46,99,0,2,0,0.0,1.0,0.8660254037844386,0.5000000000000001
2019-02-05,1,0,1,0,0,45,99,1,2,0,0.7818314824680298,0.6234898018587336,0.8660254037844386,0.5000000000000001
2019-02-06,1,0,1,0,0,44,99,2,2,0,0.9749279121818236,-0.22252093395631434,0.8660254037844386,0.5000000000000001
2019-02-07,0,0,0,83,1,43,99,3,2,0,0.43388373911755823,-0.900968867902419,0.8660254037844386,0.5000000000000001
2019-02-08,0,0,0,82,2,42,99,4,2,0,-0.433883739117558,-0.9009688679024191,0.8660254037844386,0.5000000000000001
2019-02-09,0,0,0,81,3,41,99,5,2,1,-0.9749279121818236,-0.2225209339563146,0.8660254037844386,0.5000000000000001
2019-02-10,0,0,0,80,4,40,99,6,2,1,-0.7818314824680299,0.6234898018587334,0.8660254037844386,0.5000000000000001
2019-02-11,0,0,0,79,5,39,99,0,2,0,0.0,1.0,0.8660254037844386,0.5000000000000001
2019-02-12,0,0,0,78,6,38,99,1,2,0,0.7818314824680298,0.6234898018587336,0.8660254037844386,0.5000000000000001
2019-02-13,0,0,0,77,7,37,99,2,2,0,0.9749279121818236,-0.22252093395631434,0.8660254037844386,0.5000000000000001
2019-02-14,0,0,0,76,8,36,99,3,2,0,0.43388373911755823,-0.900968867902419,0.8660254037844386,0.5000000000000001
2019-02-15,0,0,0,75,9,35,99,4,2,0,-0.433883739117558,-0.9009688679024191,0.8660254037844386,0.5000000000000001
2019-02-16,0,0,0,74,10,34,99,5,2,1,-0.9749279121818236,-0.2225209339563146,0.8660254037844386,0.5000000000000001
2019-02-17,0,0,0,73,11,33,99,6,2,1,-0.7818314824680299,0.6234898018587334,0.8660254037844386,0.5000000000000001
2019-02-18,0,0,0,72,12,32,99,0,2,0,0.0,1.0,0.8660254037844386,0.5000000000000001
2019-02-19,0,0,0,71,13,31,99,1,2,0,0.7818314824680298,0.6234898018587336,0.8660254037844386,0.5000000000000001
2019-02-20,0,0,0,70,14,30,99,2,2,0,0.9749279121818236,-0.22252093395631434,0.8660254037844386,0.5000000000000001
2019-02-21,0,0,0,69,15,29,99,3,2,0,0.43388373911755823,-0.900968867902419,0.8660254037844386,0.5000000000000001
2019-02-22,0,0,0,68,16,28,99,4,2,0,-0.433883739117558,-0.9009688679024191,0.8660254037844386,0.5000000000000001
2019-02-23,0,0,0,67,17,27,99,5,2,1,-0.9749279121818236,-0.2225209339563146,0.8660254037844386,0.5000000000000001
2019-02-24,0,0,0,66,18,26,99,6,2,1,-0.7818314824680299,0.6234898018587334,0.8660254037844386,0.5000000000000001
2019-02-25,0,0,0,65,19,25,99,0,2,0,0.0,1.0,0.8660254037844386,0.5000000000000001
2019-02-26,0,0,0,64,20,24,99,1,2,0,0.7818314824680298,0.6234898018587336,0.8660254037844386,0.5000000000000001
2019-02-27,0,0,0,63,21,23,99,2,2,0,0.9749279121818236,-0.22252093395631434,0.8660254037844386,0.5000000000000001
2019-02-28,0,0,0,62,22,22,99,3,2,0,0.43388373911755823,-0.900968867902419,0.8660254037844386,0.5000000000000001
2019-03-01,0,0,0,61,23,21,99,4,3,0,-0.433883739117558,-0.9009688679024191,1.0,6.123233995736766e-17
2019-03-02,0,0,0,60,24,20,99,5,3,1,-0.9749279121818236,-0.2225209339563146,1.0,6.123233995736766e-17
2019-03-03,0,0,0,59,25,19,99,6,3,1,-0.7818314824680299,0.6234898018587334,1.0,6.123233995736766e-17
2019-03-04,0,0,0,58,26,18,99,0,3,0,0.0,1.0,1.0,6.123233995736766e-17
2019-03-05,0,0,0,57,27,17,99,1,3,0,0.7818314824680298,0.6234898018587336,1.0,6.123233995736766e-17
2019-03-06,0,0,0,56,28,16,99,2,3,0,0.9749279121818236,-0.22252093395631434,1.0,6.123233995736766e-17
2019-03-07,0,0,0,55,29,15,99,3,3,0,0.43388373911755823,-0.900968867902419,1.0,6.123233995736766e-17
2019-03-08,0,0,0,54,30,14,99,4,3,0,-0.433883739117558,-0.9009688679024191,1.0,6.123233995736766e-17
2019-03-09,0,0,0,53,31,13,99,5,3,1,-0.9749279121818236,-0.2225209339563146,1.0,6.123233995736766e-17
2019-03-10,0,0,0,52,32,12,99,6,3,1,-0.7818314824680299,0.6234898018587334,1.0,6.123233995736766e-17
2019-03-11,0,0,0,51,33,11,99,0,3,0,0.0,1.0,1.0,6.123233995736766e-17
2019-03-12,0,0,0,50,34,10,99,1,3,0,0.7818314824680298,0.6234898018587336,1.0,6.123233995736766e-17
2019-03-13,0,0,0,49,35,9,99,2,3,0,0.9749279121818236,-0.22252093395631434,1.0,6.123233995736766e-17
2019-03-14,0,0,0,48,36,8,99,3,3,0,0.43388373911755823,-0.900968867902419,1.0,6.123233995736766e-17
2019-03-15,0,0,0,47,37,7,99,4,3,0,-0.433883739117558,-0.9009688679024191,1.0,6.123233995736766e-17
2019-03-16,0,0,0,46,38,6,99,5,3,1,-0.9749279121818236,-0.2225209339563146,1.0,6.123233995736766e-17
2019-03-17,0,0,0,45,39,5,99,6,3,1,-0.7818314824680299,0.6234898018587334,1.0,6.123233995736766e-17
2019-03-18,0,0,0,44,40,4,99,0,3,0,0.0,1.0,1.0,6.123233995736766e-17
2019-03-19,0,0,0,43,41,3,99,1,3,0,0.7818314824680298,0.6234898018587336,1.0,6.123233995736766e-17
2019-03-20,0,0,0,42,42,2,99,2,3,0,0.9749279121818236,-0.22252093395631434,1.0,6.123233995736766e-17
2019-03-21,0,0,0,41,43,1,99,3,3,0,0.43388373911755823,-0.900968867902419,1.0,6.123233995736766e-17
2019-03-22,0,1,1,40,44,0,0,4,3,0,-0.433883739117558,-0.9009688679024191,1.0,6.123233995736766e-17
2019-03-23,0,1,1,39,45,0,0,5,3,1,-0.9749279121818236,-0.2225209339563146,1.0,6.123233995736766e-17
2019-03-24,0,1,1,38,46,0,0,6,3,1,-0.7818314824680299,0.6234898018587334,1.0,6.123233995736766e-17
2019-03-25,0,1,1,37,47,0,0,0,3,0,0.0,1.0,1.0,6.123233995736766e-17
2019-03-26,0,1,1,36,48,0,0,1,3,0,0.7818314824680298,0.6234898018587336,1.0,6.123233995736766e-17
2019-03-27,0,1,1,35,49,0,0,2,3,0,0.9749279121818236,-0.22252093395631434,1.0,6.123233995736766e-17
2019-03-28,0,1,1,34,50,0,0,3,3,0,0.43388373911755823,-0.900968867902419,1.0,6.123233995736766e-17
2019-03-29,0,1,1,33,51,0,0,4,3,0,-0.433883739117558,-0.9009688679024191,1.0,6.123233995736766e-17
2019-03-30,0,1,1,32,52,0,0,5,3,1,-0.9749279121818236,-0.2225209339563146,1.0,6.123233995736766e-17
2019-03-31,0,1,1,31,53,0,0,6,3,1,-0.7818314824680299,0.6234898018587334,1.0,6.123233995736766e-17
2019-04-01,0,0,0,30,54,53,1,0,4,0,0.0,1.0,0.8660254037844387,-0.4999999999999998
2019-04-02,0,0,0,29,55,52,2,1,4,0,0.7818314824680298,0.6234898018587336,0.8660254037844387,-0.4999999999999998
2019-04-03,0,0,0,28,56,51,3,2,4,0,0.9749279121818236,-0.22252093395631434,0.8660254037844387,-0.4999999999999998
2019-04-04,0,0,0,27,57,50,4,3,4,0,0.43388373911755823,-0.900968867902419,0.8660254037844387,-0.4999999999999998
2019-04-05,0,0,0,26,58,49,5,4,4,0,-0.433883739117558,-0.9009688679024191,0.8660254037844387,-0.4999999999999998
2019-04-06,0,0,0,25,59,48,6,5,4,1,-0.9749279121818236,-0.2225209339563146,0.8660254037844387,-0.4999999999999998
2019-04-07,0,0,0,24,60,47,7,6,4,1,-0.7818314824680299,0.6234898018587334,0.8660254037844387,-0.4999999999999998
2019-04-08,0,0,0,23,61,46,8,0,4,0,0.0,1.0,0.8660254037844387,-0.4999999999999998
2019-04-09,0,0,0,22,62,45,9,1,4,0,0.7818314824680298,0.6234898018587336,0.8660254037844387,-0.4999999999999998
2019-04-10,0,0,0,21,63,44,10,2,4,0,0.9749279121818236,-0.22252093395631434,0.8660254037844387,-0.4999999999999998
2019-04-11,0,0,0,20,64,43,11,3,4,0,0.43388373911755823,-0.900968867902419,0.8660254037844387,-0.4999999999999998
2019-04-12,0,0,0,19,65,42,12,4,4,0,-0.433883739117558,-0.9009688679024191,0.8660254037844387,-0.4999999999999998
2019-04-13,0,0,0,18,66,41,13,5,4,1,-0.9749279121818236,-0.2225209339563146,0.8660254037844387,-0.4999999999999998
2019-04-14,0,0,0,17,67,40,14,6,4,1,-0.7818314824680299,0.6234898018587334,0.8660254037844387,-0.4999999999999998
2019-04-15,0,0,0,16,68,39,15,0,4,0,0.0,1.0,0.8660254037844387,-0.4999999999999998
2019-04-16,0,0,0,15,69,38,16,1,4,0,0.7818314824680298,0.6234898018587336,0.8660254037844387,-0.4999999999999998
2019-04-17,0,0,0,14,70,37,17,2,4,0,0.9749279121818236,-0.22252093395631434,0.8660254037844387,-0.4999999999999998
2019-04-18,0,0,0,13,71,36,18,3,4,0,0.43388373911755823,-0.900968867902419,0.8660254037844387,-0.4999999999999998
2019-04-19,0,0,0,12,72,35,19,4,4,0,-0.433883739117558,-0.9009688679024191,0.8660254037844387,-0.4999999999999998
2019-04-20,0,0,0,11,73,34,20,5,4,1,-0.9749279121818236,-0.2225209339563146,0.8660254037844387,-0.4999999999999998
2019-04-21,0,0,0,10,74,33,21,6,4,1,-0.7818314824680299,0.6234898018587334,0.8660254037844387,-0.4999999999999998
2019-04-22,0,0,0,9,75,32,22,0,4,0,0.0,1.0,0.8660254037844387,-0.4999999999999998
2019-04-23,0,0,0,8,76,31,23,1,4,0,0.7818314824680298,0.6234898018587336,0.8660254037844387,-0.4999999999999998
2019-04-24,0,0,0,7,77,30,24,2,4,0,0.9749279121818236,-0.22252093395631434,0.8660254037844387,-0.4999999999999998
2019-04-25,0,0,0,6,78,29,25,3,4,0,0.43388373911755823,-0.900968867902419,0.8660254037844387,-0.4999999999999998
2019-04-26,0,0,0,5,79,28,26,4,4,0,-0.433883739117558,-0.9009688679024191,0.8660254037844387,-0.4999999999999998
2019-04-27,0,0,0,4,80,27,27,5,4,1,-0.9749279121818236,-0.2225209339563146,0.8660254037844387,-0.4999999999999998
2019-04-28,0,0,0,3,81,26,28,6,4,1,-0.7818314824680299,0.6234898018587334,0.8660254037844387,-0.4999999999999998
2019-04-29,0,0,0,2,82,25,29,0,4,0,0.0,1.0,0.8660254037844387,-0.4999999999999998
2019-04-30,0,0,0,1,83,24,30,1,4,0,0.7818314824680298,0.6234898018587336,0.8660254037844387,-0.4999999999999998
2019-05-01,1,0,1,0,0,23,31,2,5,0,0.9749279121818236,-0.22252093395631434,0.49999999999999994,-0.8660254037844387
2019-05-02,0,0,0,17,1,22,32,3,5,0,0.43388373911755823,-0.900968867902419,0.49999999999999994,-0.8660254037844387
2019-05-03,0,0,0,16,2,21,33,4,5,0,-0.433883739117558,-0.9009688679024191,0.49999999999999994,-0.8660254037844387
2019-05-04,0,0,0,15,3,20,34,5,5,1,-0.9749279121818236,-0.2225209339563146,0.49999999999999994,-0.8660254037844387
2019-05-05,0,0,0,14,4,19,35,6,5,1,-0.7818314824680299,0.6234898018587334,0.49999999999999994,-0.8660254037844387
2019-05-06,0,0,0,13,5,18,36,0,5,0,0.0,1.0,0.49999999999999994,-0.8660254037844387
2019-05-07,0,0,0,12,6,17,37,1,5,0,0.7818314824680298,0.6234898018587336,0.49999999999999994,-0.8660254037844387
2019-05-08,0,0,0,11,7,16,38,2,5,0,0.9749279121818236,-0.22252093395631434,0.49999999999999994,-0.8660254037844387
2019-05-09,0,0,0,10,8,15,39,3,5,0,0.43388373911755823,-0.900968867902419,0.49999999999999994,-0.8660254037844387
2019-05-10,0,0,0,9,9,14,40,4,5,0,-0.433883739117558,-0.9009688679024191,0.49999999999999994,-0.8660254037844387
2019-05-11,0,0,0,8,10,13,41,5,5,1,-0.9749279121818236,-0.2225209339563146,0.49999999999999994,-0.8660254037844387
2019-05-12,0,0,0,7,11,12,42,6,5,1,-0.7818314824680299,0.6234898018587334,0.49999999999999994,-0.8660254037844387
2019-05-13,0,0,0,6,12,11,43,0,5,0,0.0,1.0,0.49999999999999994,-0.8660254037844387
2019-05-14,0,0,0,5,13,10,44,1,5,0,0.7818314824680298,0.6234898018587336,0.49999999999999994,-0.8660254037844387
2019-05-15,0,0,0,4,14,9,45,2,5,0,0.9749279121818236,-0.22252093395631434,0.49999999999999994,-0.8660254037844387
2019-05-16,0,0,0,3,15,8,46,3,5,0,0.43388373911755823,-0.900968867902419,0.49999999999999994,-0.8660254037844387
2019-05-17,0,0,0,2,16,7,47,4,5,0,-0.433883739117558,-0.9009688679024191,0.49999999999999994,-0.8660254037844387
2019-05-18,0,0,0,1,17,6,48,5,5,1,-0.9749279121818236,-0.2225209339563146,0.49999999999999994,-0.8660254037844387
2019-05-19,1,0,1,0,0,5,49,6,5,1,-0.7818314824680299,0.6234898018587334,0.49999999999999994,-0.8660254037844387
2019-05-20,0,0,0,16,1,4,50,0,5,0,0.0,1.0,0.49999999999999994,-0.8660254037844387
2019-05-21,0,0,0,15,2,3,51,1,5,0,0.7818314824680298,0.6234898018587336,0.49999999999999994,-0.8660254037844387
2019-05-22,0,0,0,14,3,2,52,2,5,0,0.9749279121818236,-0.22252093395631434,0.49999999999999994,-0.8660254037844387
2019-05-23,0,0,0,13,4,1,53,3,5,0,0.43388373911755823,-0.900968867902419,0.49999999999999994,-0.8660254037844387
2019-05-24,0,1,1,12,5,0,0,4,5,0,-0.433883739117558,-0.9009688679024191,0.49999999999999994,-0.8660254037844387
2019-05-25,0,1,1,11,6,0,0,5,5,1,-0.9749279121818236,-0.2225209339563146,0.49999999999999994,-0.8660254037844387
2019-05-26,0,1,1,10,7,0,0,6,5,1,-0.7818314824680299,0.6234898018587334,0.49999999999999994,-0.8660254037844387
2019-05-27,0,1,1,9,8,0,0,0,5,0,0.0,1.0,0.49999999999999994,-0.8660254037844387
2019-05-28,0,1,1,8,9,0,0,1,5,0,0.7818314824680298,0.6234898018587336,0.49999999999999994,-0.8660254037844387
2019-05-29,0,1,1,7,10,0,0,2,5,0,0.9749279121818236,-0.22252093395631434,0.49999999999999994,-0.8660254037844387
2019-05-30,0,1,1,6,11,0,0,3,5,0,0.43388373911755823,-0.900968867902419,0.49999999999999994,-0.8660254037844387
2019-05-31,0,1,1,5,12,0,0,4,5,0,-0.433883739117558,-0.9009688679024191,0.49999999999999994,-0.8660254037844387
2019-06-01,0,1,1,4,13,0,0,5,6,1,-0.9749279121818236,-0.2225209339563146,1.2246467991473532e-16,-1.0
2019-06-02,0,1,1,3,14,0,0,6,6,1,-0.7818314824680299,0.6234898018587334,1.2246467991473532e-16,-1.0
2019-06-03,0,1,1,2,15,0,0,0,6,0,0.0,1.0,1.2246467991473532e-16,-1.0
2019-06-04,0,1,1,1,16,0,0,1,6,0,0.7818314824680298,0.6234898018587336,1.2246467991473532e-16,-1.0
2019-06-05,1,1,1,0,0,0,0,2,6,0,0.9749279121818236,-0.22252093395631434,1.2246467991473532e-16,-1.0
2019-06-06,1,1,1,0,0,0,0,3,6,0,0.43388373911755823,-0.900968867902419,1.2246467991473532e-16,-1.0
2019-06-07,0,1,1,53,1,0,0,4,6,0,-0.433883739117558,-0.9009688679024191,1.2246467991473532e-16,-1.0
2019-06-08,0,1,1,52,2,0,0,5,6,1,-0.9749279121818236,-0.2225209339563146,1.2246467991473532e-16,-1.0
2019-06-09,0,1,1,51,3,0,0,6,6,1,-0.7818314824680299,0.6234898018587334,1.2246467991473532e-16,-1.0
2019-06-10,0,0,0,50,4,60,1,0,6,0,0.0,1.0,1.2246467991473532e-16,-1.0
2019-06-11,0,0,0,49,5,59,2,1,6,0,0.7818314824680298,0.6234898018587336,1.2246467991473532e-16,-1.0
2019-06-12,0,0,0,48,6,58,3,2,6,0,0.9749279121818236,-0.22252093395631434,1.2246467991473532e-16,-1.0
2019-06-13,0,0,0,47,7,57,4,3,6,0,0.43388373911755823,-0.900968867902419,1.2246467991473532e-16,-1.0
2019-06-14,0,0,0,46,8,56,5,4,6,0,-0.433883739117558,-0.9009688679024191,1.2246467991473532e-16,-1.0
2019-06-15,0,0,0,45,9,55,6,5,6,1,-0.9749279121818236,-0.2225209339563146,1.2246467991473532e-16,-1.0
2019-06-16,0,0,0,44,10,54,7,6,6,1,-0.7818314824680299,0.6234898018587334,1.2246467991473532e-16,-1.0
2019-06-17,0,0,0,43,11,53,8,0,6,0,0.0,1.0,1.2246467991473532e-16,-1.0
2019-06-18,0,0,0,42,12,52,9,1,6,0,0.7818314824680298,0.6234898018587336,1.2246467991473532e-16,-1.0
2019-06-19,0,0,0,41,13,51,10,2,6,0,0.9749279121818236,-0.22252093395631434,1.2246467991473532e-16,-1.0
2019-06-20,0,0,0,40,14,50,11,3,6,0,0.43388373911755823,-0.900968867902419,1.2246467991473532e-16,-1.0
2019-06-21,0,0,0,39,15,49,12,4,6,0,-0.433883739117558,-0.9009688679024191,1.2246467991473532e-16,-1.0
2019-06-22,0,0,0,38,16,48,13,5,6,1,-0.9749279121818236,-0.2225209339563146,1.2246467991473532e-16,-1.0
2019-06-23,0,0,0,37,17,47,14,6,6,1,-0.7818314824680299,0.6234898018587334,1.2246467991473532e-16,-1.0
2019-06-24,0,0,0,36,18,46,15,0,6,0,0.0,1.0,1.2246467991473532e-16,-1.0
2019-06-25,0,0,0,35,19,45,16,1,6,0,0.7818314824680298,0.6234898018587336,1.2246467991473532e-16,-1.0
2019-06-26,0,0,0,34,20,44,17,2,6,0,0.9749279121818236,-0.22252093395631434,1.2246467991473532e-16,-1.0
2019-06-27,0,0,0,33,21,43,18,3,6,0,0.43388373911755823,-0.900968867902419,1.2246467991473532e-16,-1.0
2019-06-28,0,0,0,32,22,42,19,4,6,0,-0.433883739117558,-0.9009688679024191,1.2246467991473532e-16,-1.0
2019-06-29,0,0,0,31,23,41,20,5,6,1,-0.9749279121818236,-0.2225209339563146,1.2246467991473532e-16,-1.0
2019-06-30,0,0,0,30,24,40,21,6,6,1,-0.7818314824680299,0.6234898018587334,1.2246467991473532e-16,-1.0
2019-07-01,0,0,0,29,25,39,22,0,7,0,0.0,1.0,-0.4999999999999997,-0.8660254037844388
2019-07-02,0,0,0,28,26,38,23,1,7,0,0.7818314824680298,0.6234898018587336,-0.4999999999999997,-0.8660254037844388
2019-07-03,0,0,0,27,27,37,24,2,7,0,0.9749279121818236,-0.22252093395631434,-0.4999999999999997,-0.8660254037844388
2019-07-04,0,0,0,26,28,36,25,3,7,0,0.43388373911755823,-0.900968867902419,-0.4999999999999997,-0.8660254037844388
2019-07-05,0,0,0,25,29,35,26,4,7,0,-0.433883739117558,-0.9009688679024191,-0.4999999999999997,-0.8660254037844388
2019-07-06,0,0,0,24,30,34,27,5,7,1,-0.9749279121818236,-0.2225209339563146,-0.4999999999999997,-0.8660254037844388
2019-07-07,0,0,0,23,31,33,28,6,7,1,-0.7818314824680299,0.6234898018587334,-0.4999999999999997,-0.8660254037844388
2019-07-08,0,0,0,22,32,32,29,0,7,0,0.0,1.0,-0.4999999999999997,-0.8660254037844388
2019-07-09,0,0,0,21,33,31,30,1,7,0,0.7818314824680298,0.6234898018587336,-0.4999999999999997,-0.8660254037844388
2019-07-10,0,0,0,20,34,30,31,2,7,0,0.9749279121818236,-0.22252093395631434,-0.4999999999999997,-0.8660254037844388
2019-07-11,0,0,0,19,35,29,32,3,7,0,0.43388373911755823,-0.900968867902419,-0.4999999999999997,-0.8660254037844388
2019-07-12,0,0,0,18,36,28,33,4,7,0,-0.433883739117558,-0.9009688679024191,-0.4999999999999997,-0.8660254037844388
2019-07-13,0,0,0,17,37,27,34,5,7,1,-0.9749279121818236,-0.2225209339563146,-0.4999999999999997,-0.8660254037844388
2019-07-14,0,0,0,16,38,26,35,6,7,1,-0.7818314824680299,0.6234898018587334,-0.4999999999999997,-0.8660254037844388
2019-07-15,0,0,0,15,39,25,36,0,7,0,0.0,1.0,-0.4999999999999997,-0.8660254037844388
2019-07-16,0,0,0,14,40,24,37,1,7,0,0.7818314824680298,0.6234898018587336,-0.4999999999999997,-0.8660254037844388
2019-07-17,0,0,0,13,41,23,38,2,7,0,0.9749279121818236,-0.22252093395631434,-0.4999999999999997,-0.8660254037844388
2019-07-18,0,0,0,12,42,22,39,3,7,0,0.43388373911755823,-0.900968867902419,-0.4999999999999997,-0.8660254037844388
2019-07-19,0,0,0,11,43,21,40,4,7,0,-0.433883739117558,-0.9009688679024191,-0.4999999999999997,-0.8660254037844388
2019-07-20,0,0,0,10,44,20,41,5,7,1,-0.9749279121818236,-0.2225209339563146,-0.4999999999999997,-0.8660254037844388
2019-07-21,0,0,0,9,45,19,42,6,7,1,-0.7818314824680299,0.6234898018587334,-0.4999999999999997,-0.8660254037844388
2019-07-22,0,0,0,8,46,18,43,0,7,0,0.0,1.0,-0.4999999999999997,-0.8660254037844388
2019-07-23,0,0,0,7,47,17,44,1,7,0,0.7818314824680298,0.6234898018587336,-0.4999999999999997,-0.8660254037844388
2019-07-24,0,0,0,6,48,16,45,2,7,0,0.9749279121818236,-0.22252093395631434,-0.4999999999999997,-0.8660254037844388
2019-07-25,0,0,0,5,49,15,46,3,7,0,0.43388373911755823,-0.900968867902419,-0.4999999999999997,-0.8660254037844388
2019-07-26,0,0,0,4,50,14,47,4,7,0,-0.433883739117558,-0.9009688679024191,-0.4999999999999997,-0.8660254037844388
2019-07-27,0,0,0,3,51,13,48,5,7,1,-0.9749279121818236,-0.2225209339563146,-0.4999999999999997,-0.8660254037844388
2019-07-28,0,0,0,2,52,12,49,6,7,1,-0.7818314824680299,0.6234898018587334,-0.4999999999999997,-0.8660254037844388
2019-07-29,0,0,0,1,53,11,50,0,7,0,0.0,1.0,-0.4999999999999997,-0.8660254037844388
2019-07-30,1,0,1,0,0,10,51,1,7,0,0.7818314824680298,0.6234898018587336,-0.4999999999999997,-0.8660254037844388
2019-07-31,0,0,0,11,1,9,52,2,7,0,0.9749279121818236,-0.22252093395631434,-0.4999999999999997,-0.8660254037844388
2019-08-01,0,0,0,10,2,8,53,3,8,0,0.43388373911755823,-0.900968867902419,-0.8660254037844385,-0.5000000000000004
2019-08-02,0,0,0,9,3,7,54,4,8,0,-0.433883739117558,-0.9009688679024191,-0.8660254037844385,-0.5000000000000004
2019-08-03,0,0,0,8,4,6,55,5,8,1,-0.9749279121818236,-0.2225209339563146,-0.8660254037844385,-0.5000000000000004
2019-08-04,0,0,0,7,5,5,56,6,8,1,-0.7818314824680299,0.6234898018587334,-0.8660254037844385,-0.5000000000000004
2019-08-05,0,0,0,6,6,4,57,0,8,0,0.0,1.0,-0.8660254037844385,-0.5000000000000004
2019-08-06,0,0,0,5,7,3,58,1,8,0,0.7818314824680298,0.6234898018587336,-0.8660254037844385,-0.5000000000000004
2019-08-07,0,0,0,4,8,2,59,2,8,0,0.9749279121818236,-0.22252093395631434,-0.8660254037844385,-0.5000000000000004
2019-08-08,0,0,0,3,9,1,60,3,8,0,0.43388373911755823,-0.900968867902419,-0.8660254037844385,-0.5000000000000004
2019-08-09,0,1,1,2,10,0,0,4,8,0,-0.433883739117558,-0.9009688679024191,-0.8660254037844385,-0.5000000000000004
2019-08-10,0,1,1,1,11,0,0,5,8,1,-0.9749279121818236,-0.2225209339563146,-0.8660254037844385,-0.5000000000000004
2019-08-11,1,1,1,0,0,0,0,6,8,1,-0.7818314824680299,0.6234898018587334,-0.8660254037844385,-0.5000000000000004
2019-08-12,1,1,1,0,0,0,0,0,8,0,0.0,1.0,-0.8660254037844385,-0.5000000000000004
2019-08-13,0,1,1,18,1,0,0,1,8,0,0.7818314824680298,0.6234898018587336,-0.8660254037844385,-0.5000000000000004
2019-08-14,0,1,1,17,2,0,0,2,8,0,0.9749279121818236,-0.22252093395631434,-0.8660254037844385,-0.5000000000000004
2019-08-15,0,1,1,16,3,0,0,3,8,0,0.43388373911755823,-0.900968867902419,-0.8660254037844385,-0.5000000000000004
2019-08-16,0,1,1,15,4,0,0,4,8,0,-0.433883739117558,-0.9009688679024191,-0.8660254037844385,-0.5000000000000004
2019-08-17,0,1,1,14,5,0,0,5,8,1,-0.9749279121818236,-0.2225209339563146,-0.8660254037844385,-0.5000000000000004
2019-08-18,0,1,1,13,6,0,0,6,8,1,-0.7818314824680299,0.6234898018587334,-0.8660254037844385,-0.5000000000000004
2019-08-19,0,0,0,12,7,95,1,0,8,0,0.0,1.0,-0.8660254037844385,-0.5000000000000004
2019-08-20,0,0,0,11,8,94,2,1,8,0,0.7818314824680298,0.6234898018587336,-0.8660254037844385,-0.5000000000000004
2019-08-21,0,0,0,10,9,93,3,2,8,0,0.9749279121818236,-0.22252093395631434,-0.8660254037844385,-0.5000000000000004
2019-08-22,0,0,0,9,10,92,4,3,8,0,0.43388373911755823,-0.900968867902419,-0.8660254037844385,-0.5000000000000004
2019-08-23,0,0,0,8,11,91,5,4,8,0,-0.433883739117558,-0.9009688679024191,-0.8660254037844385,-0.5000000000000004
2019-08-24,0,0,0,7,12,90,6,5,8,1,-0.9749279121818236,-0.2225209339563146,-0.8660254037844385,-0.5000000000000004
2019-08-25,0,0,0,6,13,89,7,6,8,1,-0.7818314824680299,0.6234898018587334,-0.8660254037844385,-0.5000000000000004
2019-08-26,0,0,0,5,14,88,8,0,8,0,0.0,1.0,-0.8660254037844385,-0.5000000000000004
2019-08-27,0,0,0,4,15,87,9,1,8,0,0.7818314824680298,0.6234898018587336,-0.8660254037844385,-0.5000000000000004
2019-08-28,0,0,0,3,16,86,10,2,8,0,0.9749279121818236,-0.22252093395631434,-0.8660254037844385,-0.5000000000000004
2019-08-29,0,0,0,2,17,85,11,3,8,0,0.43388373911755823,-0.900968867902419,-0.8660254037844385,-0.5000000000000004
2019-08-30,0,0,0,1,18,84,12,4,8,0,-0.433883739117558,-0.9009688679024191,-0.8660254037844385,-0.5000000000000004
2019-08-31,1,0,1,0,0,83,13,5,8,1,-0.9749279121818236,-0.2225209339563146,-0.8660254037844385,-0.5000000000000004
2019-09-01,1,0,1,0,0,82,14,6,9,1,-0.7818314824680299,0.6234898018587334,-1.0,-1.8369701987210297e-16
2019-09-02,0,0,0,7,1,81,15,0,9,0,0.0,1.0,-1.0,-1.8369701987210297e-16
2019-09-03,0,0,0,6,2,80,16,1,9,0,0.7818314824680298,0.6234898018587336,-1.0,-1.8369701987210297e-16
2019-09-04,0,0,0,5,3,79,17,2,9,0,0.9749279121818236,-0.22252093395631434,-1.0,-1.8369701987210297e-16
2019-09-05,0,0,0,4,4,78,18,3,9,0,0.43388373911755823,-0.900968867902419,-1.0,-1.8369701987210297e-16
2019-09-06,0,0,0,3,5,77,19,4,9,0,-0.433883739117558,-0.9009688679024191,-1.0,-1.8369701987210297e-16
2019-09-07,0,0,0,2,6,76,20,5,9,1,-0.9749279121818236,-0.2225209339563146,-1.0,-1.8369701987210297e-16
2019-09-08,0,0,0,1,7,75,21,6,9,1,-0.7818314824680299,0.6234898018587334,-1.0,-1.8369701987210297e-16
2019-09-09,1,0,1,0,0,74,22,0,9,0,0.0,1.0,-1.0,-1.8369701987210297e-16
2019-09-10,0,0,0,6,1,73,23,1,9,0,0.7818314824680298,0.6234898018587336,-1.0,-1.8369701987210297e-16
2019-09-11,0,0,0,5,2,72,24,2,9,0,0.9749279121818236,-0.22252093395631434,-1.0,-1.8369701987210297e-16
2019-09-12,0,0,0,4,3,71,25,3,9,0,0.43388373911755823,-0.900968867902419,-1.0,-1.8369701987210297e-16
2019-09-13,0,0,0,3,4,70,26,4,9,0,-0.433883739117558,-0.9009688679024191,-1.0,-1.8369701987210297e-16
2019-09-14,0,0,0,2,5,69,27,5,9,1,-0.9749279121818236,-0.2225209339563146,-1.0,-1.8369701987210297e-16
2019-09-15,0,0,0,1,6,68,28,6,9,1,-0.7818314824680299,0.6234898018587334,-1.0,-1.8369701987210297e-16
2019-09-16,1,0,1,0,0,67,29,0,9,0,0.0,1.0,-1.0,-1.8369701987210297e-16
2019-09-17,0,0,0,40,1,66,30,1,9,0,0.7818314824680298,0.6234898018587336,-1.0,-1.8369701987210297e-16
2019-09-18,0,0,0,39,2,65,31,2,9,0,0.9749279121818236,-0.22252093395631434,-1.0,-1.8369701987210297e-16
2019-09-19,0,0,0,38,3,64,32,3,9,0,0.43388373911755823,-0.900968867902419,-1.0,-1.8369701987210297e-16
2019-09-20,0,0,0,37,4,63,33,4,9,0,-0.433883739117558,-0.9009688679024191,-1.0,-1.8369701987210297e-16
2019-09-21,0,0,0,36,5,62,34,5,9,1,-0.9749279121818236,-0.2225209339563146,-1.0,-1.8369701987210297e-16
2019-09-22,0,0,0,35,6,61,35,6,9,1,-0.7818314824680299,0.6234898018587334,-1.0,-1.8369701987210297e-16
2019-09-23,0,0,0,34,7,60,36,0,9,0,0.0,1.0,-1.0,-1.8369701987210297e-16
2019-09-24,0,0,0,33,8,59,37,1,9,0,0.7818314824680298,0.6234898018587336,-1.0,-1.8369701987210297e-16
2019-09-25,0,0,0,32,9,58,38,2,9,0,0.9749279121818236,-0.22252093395631434,-1.0,-1.8369701987210297e-16
2019-09-26,0,0,0,31,10,57,39,3,9,0,0.43388373911755823,-0.900968867902419,-1.0,-1.8369701987210297e-16
2019-09-27,0,0,0,30,11,56,40,4,9,0,-0.433883739117558,-0.9009688679024191,-1.0,-1.8369701987210297e-16
2019-09-28,0,0,0,29,12,55,41,5,9,1,-0.9749279121818236,-0.2225209339563146,-1.0,-1.8369701987210297e-16
2019-09-29,0,0,0,28,13,54,42,6,9,1,-0.7818314824680299,0.6234898018587334,-1.0,-1.8369701987210297e-16
2019-09-30,0,0,0,27,14,53,43,0,9,0,0.0,1.0,-1.0,-1.8369701987210297e-16
2019-10-01,0,0,0,26,15,52,44,1,10,0,0.7818314824680298,0.6234898018587336,-0.8660254037844386,0.5000000000000001
2019-10-02,0,0,0,25,16,51,45,2,10,0,0.9749279121818236,-0.22252093395631434,-0.8660254037844386,0.5000000000000001
2019-10-03,0,0,0,24,17,50,46,3,10,0,0.43388373911755823,-0.900968867902419,-0.8660254037844386,0.5000000000000001
2019-10-04,0,0,0,23,18,49,47,4,10,0,-0.433883739117558,-0.9009688679024191,-0.8660254037844386,0.5000000000000001
2019-10-05,0,0,0,22,19,48,48,5,10,1,-0.9749279121818236,-0.2225209339563146,-0.8660254037844386,0.5000000000000001
2019-10-06,0,0,0,21,20,47,49,6,10,1,-0.7818314824680299,0.6234898018587334,-0.8660254037844386,0.5000000000000001
2019-10-07,0,0,0,20,21,46,50,0,10,0,0.0,1.0,-0.8660254037844386,0.5000000000000001
2019-10-08,0,0,0,19,22,45,51,1,10,0,0.7818314824680298,0.6234898018587336,-0.8660254037844386,0.5000000000000001
2019-10-09,0,0,0,18,23,44,52,2,10,0,0.9749279121818236,-0.22252093395631434,-0.8660254037844386,0.5000000000000001
2019-10-10,0,0,0,17,24,43,53,3,10,0,0.43388373911755823,-0.900968867902419,-0.8660254037844386,0.5000000000000001
2019-10-11,0,0,0,16,25,42,54,4,10,0,-0.433883739117558,-0.9009688679024191,-0.8660254037844386,0.5000000000000001
2019-10-12,0,0,0,15,26,41,55,5,10,1,-0.9749279121818236,-0.2225209339563146,-0.8660254037844386,0.5000000000000001
2019-10-13,0,0,0,14,27,40,56,6,10,1,-0.7818314824680299,0.6234898018587334,-0.8660254037844386,0.5000000000000001
2019-10-14,0,0,0,13,28,39,57,0,10,0,0.0,1.0,-0.8660254037844386,0.5000000000000001
2019-10-15,0,0,0,12,29,38,58,1,10,0,0.7818314824680298,0.6234898018587336,-0.8660254037844386,0.5000000000000001
2019-10-16,0,0,0,11,30,37,59,2,10,0,0.9749279121818236,-0.22252093395631434,-0.8660254037844386,0.5000000000000001
2019-10-17,0,0,0,10,31,36,60,3,10,0,0.43388373911755823,-0.900968867902419,-0.8660254037844386,0.5000000000000001
2019-10-18,0,0,0,9,32,35,61,4,10,0,-0.433883739117558,-0.9009688679024191,-0.8660254037844386,0.5000000000000001
2019-10-19,0,0,0,8,33,34,62,5,10,1,-0.9749279121818236,-0.2225209339563146,-0.8660254037844386,0.5000000000000001
2019-10-20,0,0,0,7,34,33,63,6,10,1,-0.7818314824680299,0.6234898018587334,-0.8660254037844386,0.5000000000000001
2019-10-21,0,0,0,6,35,32,64,0,10,0,0.0,1.0,-0.8660254037844386,0.5000000000000001
2019-10-22,0,0,0,5,36,31,65,1,10,0,0.7818314824680298,0.6234898018587336,-0.8660254037844386,0.5000000000000001
2019-10-23,0,0,0,4,37,30,66,2,10,0,0.9749279121818236,-0.22252093395631434,-0.8660254037844386,0.5000000000000001
2019-10-24,0,0,0,3,38,29,67,3,10,0,0.43388373911755823,-0.900968867902419,-0.8660254037844386,0.5000000000000001
2019-10-25,0,0,0,2,39,28,68,4,10,0,-0.433883739117558,-0.9009688679024191,-0.8660254037844386,0.5000000000000001
2019-10-26,0,0,0,1,40,27,69,5,10,1,-0.9749279121818236,-0.2225209339563146,-0.8660254037844386,0.5000000000000001
2019-10-27,1,0,1,0,0,26,70,6,10,1,-0.7818314824680299,0.6234898018587334,-0.8660254037844386,0.5000000000000001
2019-10-28,0,0,0,12,1,25,71,0,10,0,0.0,1.0,-0.8660254037844386,0.5000000000000001
2019-10-29,0,0,0,11,2,24,72,1,10,0,0.7818314824680298,0.6234898018587336,-0.8660254037844386,0.5000000000000001
2019-10-30,0,0,0,10,3,23,73,2,10,0,0.9749279121818236,-0.22252093395631434,-0.8660254037844386,0.5000000000000001
2019-10-31,0,0,0,9,4,22,74,3,10,0,0.43388373911755823,-0.900968867902419,-0.8660254037844386,0.5000000000000001
2019-11-01,0,0,0,8,5,21,75,4,11,0,-0.433883739117558,-0.9009688679024191,-0.5000000000000004,0.8660254037844384
2019-11-02,0,0,0,7,6,20,76,5,11,1,-0.9749279121818236,-0.2225209339563146,-0.5000000000000004,0.8660254037844384
2019-11-03,0,0,0,6,7,19,77,6,11,1,-0.7818314824680299,0.6234898018587334,-0.5000000000000004,0.8660254037844384
2019-11-04,0,0,0,5,8,18,78,0,11,0,0.0,1.0,-0.5000000000000004,0.8660254037844384
2019-11-05,0,0,0,4,9,17,79,1,11,0,0.7818314824680298,0.6234898018587336,-0.5000000000000004,0.8660254037844384
2019-11-06,0,0,0,3,10,16,80,2,11,0,0.9749279121818236,-0.22252093395631434,-0.5000000000000004,0.8660254037844384
2019-11-07,0,0,0,2,11,15,81,3,11,0,0.43388373911755823,-0.900968867902419,-0.5000000000000004,0.8660254037844384
2019-11-08,0,0,0,1,12,14,82,4,11,0,-0.433883739117558,-0.9009688679024191,-0.5000000000000004,0.8660254037844384
2019-11-09,1,0,1,0,0,13,83,5,11,1,-0.9749279121818236,-0.2225209339563146,-0.5000000000000004,0.8660254037844384
2019-11-10,0,0,0,45,1,12,84,6,11,1,-0.7818314824680299,0.6234898018587334,-0.5000000000000004,0.8660254037844384
2019-11-11,0,0,0,44,2,11,85,0,11,0,0.0,1.0,-0.5000000000000004,0.8660254037844384
2019-11-12,0,0,0,43,3,10,86,1,11,0,0.7818314824680298,0.6234898018587336,-0.5000000000000004,0.8660254037844384
2019-11-13,0,0,0,42,4,9,87,2,11,0,0.9749279121818236,-0.22252093395631434,-0.5000000000000004,0.8660254037844384
2019-11-14,0,0,0,41,5,8,88,3,11,0,0.43388373911755823,-0.900968867902419,-0.5000000000000004,0.8660254037844384
2019-11-15,0,0,0,40,6,7,89,4,11,0,-0.433883739117558,-0.9009688679024191,-0.5000000000000004,0.8660254037844384
2019-11-16,0,0,0,39,7,6,90,5,11,1,-0.9749279121818236,-0.2225209339563146,-0.5000000000000004,0.8660254037844384
2019-11-17,0,0,0,38,8,5,91,6,11,1,-0.7818314824680299,0.6234898018587334,-0.5000000000000004,0.8660254037844384
2019-11-18,0,0,0,37,9,4,92,0,11,0,0.0,1.0,-0.5000000000000004,0.8660254037844384
2019-11-19,0,0,0,36,10,3,93,1,11,0,0.7818314824680298,0.6234898018587336,-0.5000000000000004,0.8660254037844384
2019-11-20,0,0,0,35,11,2,94,2,11,0,0.9749279121818236,-0.22252093395631434,-0.5000000000000004,0.8660254037844384
2019-11-21,0,0,0,34,12,1,95,3,11,0,0.43388373911755823,-0.900968867902419,-0.5000000000000004,0.8660254037844384
2019-11-22,0,1,1,33,13,0,0,4,11,0,-0.433883739117558,-0.9009688679024191,-0.5000000000000004,0.8660254037844384
2019-11-23,0,1,1,32,14,0,0,5,11,1,-0.9749279121818236,-0.2225209339563146,-0.5000000000000004,0.8660254037844384
2019-11-24,0,1,1,31,15,0,0,6,11,1,-0.7818314824680299,0.6234898018587334,-0.5000000000000004,0.8660254037844384
2019-11-25,0,1,1,30,16,0,0,0,11,0,0.0,1.0,-0.5000000000000004,0.8660254037844384
2019-11-26,0,1,1,29,17,0,0,1,11,0,0.7818314824680298,0.6234898018587336,-0.5000000000000004,0.8660254037844384
2019-11-27,0,1,1,28,18,0,0,2,11,0,0.9749279121818236,-0.22252093395631434,-0.5000000000000004,0.8660254037844384
2019-11-28,0,1,1,27,19,0,0,3,11,0,0.43388373911755823,-0.900968867902419,-0.5000000000000004,0.8660254037844384
2019-11-29,0,1,1,26,20,0,0,4,11,0,-0.433883739117558,-0.9009688679024191,-0.5000000000000004,0.8660254037844384
2019-11-30,0,1,1,25,21,0,0,5,11,1,-0.9749279121818236,-0.2225209339563146,-0.5000000000000004,0.8660254037844384
2019-12-01,0,1,1,24,22,0,0,6,12,1,-0.7818314824680299,0.6234898018587334,-2.4492935982947064e-16,1.0
2019-12-02,0,1,1,23,23,0,0,0,12,0,0.0,1.0,-2.4492935982947064e-16,1.0
2019-12-03,0,1,1,22,24,0,0,1,12,0,0.7818314824680298,0.6234898018587336,-2.4492935982947064e-16,1.0
2019-12-04,0,1,1,21,25,0,0,2,12,0,0.9749279121818236,-0.22252093395631434,-2.4492935982947064e-16,1.0
2019-12-05,0,1,1,20,26,0,0,3,12,0,0.43388373911755823,-0.900968867902419,-2.4492935982947064e-16,1.0
2019-12-06,0,1,1,19,27,0,0,4,12,0,-0.433883739117558,-0.9009688679024191,-2.4492935982947064e-16,1.0
2019-12-07,0,1,1,18,28,0,0,5,12,1,-0.9749279121818236,-0.2225209339563146,-2.4492935982947064e-16,1.0
2019-12-08,0,1,1,17,29,0,0,6,12,1,-0.7818314824680299,0.6234898018587334,-2.4492935982947064e-16,1.0
2019-12-09,0,1,1,16,30,0,0,0,12,0,0.0,1.0,-2.4492935982947064e-16,1.0
2019-12-10,0,1,1,15,31,0,0,1,12,0,0.7818314824680298,0.6234898018587336,-2.4492935982947064e-16,1.0
2019-12-11,0,1,1,14,32,0,0,2,12,0,0.9749279121818236,-0.22252093395631434,-2.4492935982947064e-16,1.0
2019-12-12,0,1,1,13,33,0,0,3,12,0,0.43388373911755823,-0.900968867902419,-2.4492935982947064e-16,1.0
2019-12-13,0,1,1,12,34,0,0,4,12,0,-0.433883739117558,-0.9009688679024191,-2.4492935982947064e-16,1.0
2019-12-14,0,1,1,11,35,0,0,5,12,1,-0.9749279121818236,-0.2225209339563146,-2.4492935982947064e-16,1.0
2019-12-15,0,1,1,10,36,0,0,6,12,1,-0.7818314824680299,0.6234898018587334,-2.4492935982947064e-16,1.0
2019-12-16,0,1,1,9,37,0,0,0,12,0,0.0,1.0,-2.4492935982947064e-16,1.0
2019-12-17,0,1,1,8,38,0,0,1,12,0,0.7818314824680298,0.6234898018587336,-2.4492935982947064e-16,1.0
2019-12-18,0,1,1,7,39,0,0,2,12,0,0.9749279121818236,-0.22252093395631434,-2.4492935982947064e-16,1.0
2019-12-19,0,1,1,6,40,0,0,3,12,0,0.43388373911755823,-0.900968867902419,-2.4492935982947064e-16,1.0
2019-12-20,0,1,1,5,41,0,0,4,12,0,-0.433883739117558,-0.9009688679024191,-2.4492935982947064e-16,1.0
2019-12-21,0,1,1,4,42,0,0,5,12,1,-0.9749279121818236,-0.2225209339563146,-2.4492935982947064e-16,1.0
2019-12-22,0,1,1,3,43,0,0,6,12,1,-0.7818314824680299,0.6234898018587334,-2.4492935982947064e-16,1.0
2019-12-23,0,1,1,2,44,0,0,0,12,0,0.0,1.0,-2.4492935982947064e-16,1.0
2019-12-24,0,1,1,1,45,0,0,1,12,0,0.7818314824680298,0.6234898018587336,-2.4492935982947064e-16,1.0
2019-12-25,1,1,1,0,0,0,0,2,12,0,0.9749279121818236,-0.22252093395631434,-2.4492935982947064e-16,1.0
2019-12-26,0,1,1,6,1,0,0,3,12,0,0.43388373911755823,-0.900968867902419,-2.4492935982947064e-16,1.0
2019-12-27,0,1,1,5,2,0,0,4,12,0,-0.433883739117558,-0.9009688679024191,-2.4492935982947064e-16,1.0
2019-12-28,0,1,1,4,3,0,0,5,12,1,-0.9749279121818236,-0.2225209339563146,-2.4492935982947064e-16,1.0
2019-12-29,0,1,1,3,4,0,0,6,12,1,-0.7818314824680299,0.6234898018587334,-2.4492935982947064e-16,1.0
2019-12-30,0,1,1,2,5,0,0,0,12,0,0.0,1.0,-2.4492935982947064e-16,1.0
2019-12-31,0,1,1,1,6,0,0,1,12,0,0.7818314824680298,0.6234898018587336,-2.4492935982947064e-16,1.0
2020-01-01,1,0,1,0,0,72,1,2,1,0,0.9749279121818236,-0.22252093395631434,0.49999999999999994,0.8660254037844387
2020-01-02,0,0,0,23,1,71,2,3,1,0,0.43388373911755823,-0.900968867902419,0.49999999999999994,0.8660254037844387
2020-01-03,0,0,0,22,2,70,3,4,1,0,-0.433883739117558,-0.9009688679024191,0.49999999999999994,0.8660254037844387
2020-01-04,0,0,0,21,3,69,4,5,1,1,-0.9749279121818236,-0.2225209339563146,0.49999999999999994,0.8660254037844387
2020-01-05,0,0,0,20,4,68,5,6,1,1,-0.7818314824680299,0.6234898018587334,0.49999999999999994,0.8660254037844387
2020-01-06,0,0,0,19,5,67,6,0,1,0,0.0,1.0,0.49999999999999994,0.8660254037844387
2020-01-07,0,0,0,18,6,66,7,1,1,0,0.7818314824680298,0.6234898018587336,0.49999999999999994,0.8660254037844387
2020-01-08,0,0,0,17,7,65,8,2,1,0,0.9749279121818236,-0.22252093395631434,0.49999999999999994,0.8660254037844387
2020-01-09,0,0,0,16,8,64,9,3,1,0,0.43388373911755823,-0.900968867902419,0.49999999999999994,0.8660254037844387
2020-01-10,0,0,0,15,9,63,10,4,1,0,-0.433883739117558,-0.9009688679024191,0.49999999999999994,0.8660254037844387
2020-01-11,0,0,0,14,10,62,11,5,1,1,-0.9749279121818236,-0.2225209339563146,0.49999999999999994,0.8660254037844387
2020-01-12,0,0,0,13,11,61,12,6,1,1,-0.7818314824680299,0.6234898018587334,0.49999999999999994,0.8660254037844387
2020-01-13,0,0,0,12,12,60,13,0,1,0,0.0,1.0,0.49999999999999994,0.8660254037844387
2020-01-14,0,0,0,11,13,59,14,1,1,0,0.7818314824680298,0.6234898018587336,0.49999999999999994,0.8660254037844387
2020-01-15,0,0,0,10,14,58,15,2,1,0,0.9749279121818236,-0.22252093395631434,0.49999999999999994,0.8660254037844387
2020-01-16,0,0,0,9,15,57,16,3,1,0,0.43388373911755823,-0.900968867902419,0.49999999999999994,0.8660254037844387
2020-01-17,0,0,0,8,16,56,17,4,1,0,-0.433883739117558,-0.9009688679024191,0.49999999999999994,0.8660254037844387
2020-01-18,0,0,0,7,17,55,18,5,1,1,-0.9749279121818236,-0.2225209339563146,0.49999999999999994,0.8660254037844387
2020-01-19,0,0,0,6,18,54,19,6,1,1,-0.7818314824680299,0.6234898018587334,0.49999999999999994,0.8660254037844387
2020-01-20,0,0,0,5,19,53,20,0,1,0,0.0,1.0,0.49999999999999994,0.8660254037844387
2020-01-21,0,0,0,4,20,52,21,1,1,0,0.7818314824680298,0.6234898018587336,0.49999999999999994,0.8660254037844387
2020-01-22,0,0,0,3,21,51,22,2,1,0,0.9749279121818236,-0.22252093395631434,0.49999999999999994,0.8660254037844387
2020-01-23,0,0,0,2,22,50,23,3,1,0,0.43388373911755823,-0.900968867902419,0.49999999999999994,0.8660254037844387
2020-01-24,0,0,0,1,23,49,24,4,1,0,-0.433883739117558,-0.9009688679024191,0.49999999999999994,0.8660254037844387
2020-01-25,1,0,1,0,0,48,25,5,1,1,-0.9749279121818236,-0.2225209339563146,0.49999999999999994,0.8660254037844387
2020-01-26,1,0,1,0,0,47,26,6,1,1,-0.7818314824680299,0.6234898018587334,0.49999999999999994,0.8660254037844387
2020-01-27,0,0,0,12,1,46,27,0,1,0,0.0,1.0,0.49999999999999994,0.8660254037844387
2020-01-28,0,0,0,11,2,45,28,1,1,0,0.7818314824680298,0.6234898018587336,0.49999999999999994,0.8660254037844387
2020-01-29,0,0,0,10,3,44,29,2,1,0,0.9749279121818236,-0.22252093395631434,0.49999999999999994,0.8660254037844387
2020-01-30,0,0,0,9,4,43,30,3,1,0,0.43388373911755823,-0.900968867902419,0.49999999999999994,0.8660254037844387
2020-01-31,0,0,0,8,5,42,31,4,1,0,-0.433883739117558,-0.9009688679024191,0.49999999999999994,0.8660254037844387
2020-02-01,0,0,0,7,6,41,32,5,2,1,-0.9749279121818236,-0.2225209339563146,0.8660254037844386,0.5000000000000001
2020-02-02,0,0,0,6,7,40,33,6,2,1,-0.7818314824680299,0.6234898018587334,0.8660254037844386,0.5000000000000001
2020-02-03,0,0,0,5,8,39,34,0,2,0,0.0,1.0,0.8660254037844386,0.5000000000000001
2020-02-04,0,0,0,4,9,38,35,1,2,0,0.7818314824680298,0.6234898018587336,0.8660254037844386,0.5000000000000001
2020-02-05,0,0,0,3,10,37,36,2,2,0,0.9749279121818236,-0.22252093395631434,0.8660254037844386,0.5000000000000001
2020-02-06,0,0,0,2,11,36,37,3,2,0,0.43388373911755823,-0.900968867902419,0.8660254037844386,0.5000000000000001
2020-02-07,0,0,0,1,12,35,38,4,2,0,-0.433883739117558,-0.9009688679024191,0.8660254037844386,0.5000000000000001
2020-02-08,1,0,1,0,0,34,39,5,2,1,-0.9749279121818236,-0.2225209339563146,0.8660254037844386,0.5000000000000001
2020-02-09,0,0,0,82,1,33,40,6,2,1,-0.7818314824680299,0.6234898018587334,0.8660254037844386,0.5000000000000001
2020-02-10,0,0,0,81,2,32,41,0,2,0,0.0,1.0,0.8660254037844386,0.5000000000000001
2020-02-11,0,0,0,80,3,31,42,1,2,0,0.7818314824680298,0.6234898018587336,0.8660254037844386,0.5000000000000001
2020-02-12,0,0,0,79,4,30,43,2,2,0,0.9749279121818236,-0.22252093395631434,0.8660254037844386,0.5000000000000001
2020-02-13,0,0,0,78,5,29,44,3,2,0,0.43388373911755823,-0.900968867902419,0.8660254037844386,0.5000000000000001
2020-02-14,0,0,0,77,6,28,45,4,2,0,-0.433883739117558,-0.9009688679024191,0.8660254037844386,0.5000000000000001
2020-02-15,0,0,0,76,7,27,46,5,2,1,-0.9749279121818236,-0.2225209339563146,0.8660254037844386,0.5000000000000001
2020-02-16,0,0,0,75,8,26,47,6,2,1,-0.7818314824680299,0.6234898018587334,0.8660254037844386,0.5000000000000001
2020-02-17,0,0,0,74,9,25,48,0,2,0,0.0,1.0,0.8660254037844386,0.5000000000000001
2020-02-18,0,0,0,73,10,24,49,1,2,0,0.7818314824680298,0.6234898018587336,0.8660254037844386,0.5000000000000001
2020-02-19,0,0,0,72,11,23,50,2,2,0,0.9749279121818236,-0.22252093395631434,0.8660254037844386,0.5000000000000001
2020-02-20,0,0,0,71,12,22,51,3,2,0,0.43388373911755823,-0.900968867902419,0.8660254037844386,0.5000000000000001
2020-02-21,0,0,0,70,13,21,52,4,2,0,-0.433883739117558,-0.9009688679024191,0.8660254037844386,0.5000000000000001
2020-02-22,0,0,0,69,14,20,53,5,2,1,-0.9749279121818236,-0.2225209339563146,0.8660254037844386,0.5000000000000001
2020-02-23,0,0,0,68,15,19,54,6,2,1,-0.7818314824680299,0.6234898018587334,0.8660254037844386,0.5000000000000001
2020-02-24,0,0,0,67,16,18,55,0,2,0,0.0,1.0,0.8660254037844386,0.5000000000000001
2020-02-25,0,0,0,66,17,17,56,1,2,0,0.7818314824680298,0.6234898018587336,0.8660254037844386,0.5000000000000001
2020-02-26,0,0,0,65,18,16,57,2,2,0,0.9749279121818236,-0.22252093395631434,0.8660254037844386,0.5000000000000001
2020-02-27,0,0,0,64,19,15,58,3,2,0,0.43388373911755823,-0.900968867902419,0.8660254037844386,0.5000000000000001
2020-02-28,0,0,0,63,20,14,59,4,2,0,-0.433883739117558,-0.9009688679024191,0.8660254037844386,0.5000000000000001
2020-02-29,0,0,0,62,21,13,60,5,2,1,-0.9749279121818236,-0.2225209339563146,0.8660254037844386,0.5000000000000001
2020-03-01,0,0,0,61,22,12,61,6,3,1,-0.7818314824680299,0.6234898018587334,1.0,6.123233995736766e-17
2020-03-02,0,0,0,60,23,11,62,0,3,0,0.0,1.0,1.0,6.123233995736766e-17
2020-03-03,0,0,0,59,24,10,63,1,3,0,0.7818314824680298,0.6234898018587336,1.0,6.123233995736766e-17
2020-03-04,0,0,0,58,25,9,64,2,3,0,0.9749279121818236,-0.22252093395631434,1.0,6.123233995736766e-17
2020-03-05,0,0,0,57,26,8,65,3,3,0,0.43388373911755823,-0.900968867902419,1.0,6.123233995736766e-17
2020-03-06,0,0,0,56,27,7,66,4,3,0,-0.433883739117558,-0.9009688679024191,1.0,6.123233995736766e-17
2020-03-07,0,0,0,55,28,6,67,5,3,1,-0.9749279121818236,-0.2225209339563146,1.0,6.123233995736766e-17
2020-03-08,0,0,0,54,29,5,68,6,3,1,-0.7818314824680299,0.6234898018587334,1.0,6.123233995736766e-17
2020-03-09,0,0,0,53,30,4,69,0,3,0,0.0,1.0,1.0,6.123233995736766e-17
2020-03-10,0,0,0,52,31,3,70,1,3,0,0.7818314824680298,0.6234898018587336,1.0,6.123233995736766e-17
2020-03-11,0,0,0,51,32,2,71,2,3,0,0.9749279121818236,-0.22252093395631434,1.0,6.123233995736766e-17
2020-03-12,0,0,0,50,33,1,72,3,3,0,0.43388373911755823,-0.900968867902419,1.0,6.123233995736766e-17
2020-03-13,0,1,1,49,34,0,0,4,3,0,-0.433883739117558,-0.9009688679024191,1.0,6.123233995736766e-17
2020-03-14,0,1,1,48,35,0,0,5,3,1,-0.9749279121818236,-0.2225209339563146,1.0,6.123233995736766e-17
2020-03-15,0,1,1,47,36,0,0,6,3,1,-0.7818314824680299,0.6234898018587334,1.0,6.123233995736766e-17
2020-03-16,0,1,1,46,37,0,0,0,3,0,0.0,1.0,1.0,6.123233995736766e-17
2020-03-17,0,1,1,45,38,0,0,1,3,0,0.7818314824680298,0.6234898018587336,1.0,6.123233995736766e-17
2020-03-18,0,1,1,44,39,0,0,2,3,0,0.9749279121818236,-0.22252093395631434,1.0,6.123233995736766e-17
2020-03-19,0,1,1,43,40,0,0,3,3,0,0.43388373911755823,-0.900968867902419,1.0,6.123233995736766e-17
2020-03-20,0,1,1,42,41,0,0,4,3,0,-0.433883739117558,-0.9009688679024191,1.0,6.123233995736766e-17
2020-03-21,0,1,1,41,42,0,0,5,3,1,-0.9749279121818236,-0.2225209339563146,1.0,6.123233995736766e-17
2020-03-22,0,1,1,40,43,0,0,6,3,1,-0.7818314824680299,0.6234898018587334,1.0,6.123233995736766e-17
2020-03-23,0,0,0,39,44,60,1,0,3,0,0.0,1.0,1.0,6.123233995736766e-17
2020-03-24,0,0,0,38,45,59,2,1,3,0,0.7818314824680298,0.6234898018587336,1.0,6.123233995736766e-17
2020-03-25,0,0,0,37,46,58,3,2,3,0,0.9749279121818236,-0.22252093395631434,1.0,6.123233995736766e-17
2020-03-26,0,0,0,36,47,57,4,3,3,0,0.43388373911755823,-0.900968867902419,1.0,6.123233995736766e-17
2020-03-27,0,0,0,35,48,56,5,4,3,0,-0.433883739117558,-0.9009688679024191,1.0,6.123233995736766e-17
2020-03-28,0,0,0,34,49,55,6,5,3,1,-0.9749279121818236,-0.2225209339563146,1.0,6.123233995736766e-17
2020-03-29,0,0,0,33,50,54,7,6,3,1,-0.7818314824680299,0.6234898018587334,1.0,6.123233995736766e-17
2020-03-30,0,0,0,32,51,53,8,0,3,0,0.0,1.0,1.0,6.123233995736766e-17
2020-03-31,0,0,0,31,52,52,9,1,3,0,0.7818314824680298,0.6234898018587336,1.0,6.123233995736766e-17
2020-04-01,0,0,0,30,53,51,10,2,4,0,0.9749279121818236,-0.22252093395631434,0.8660254037844387,-0.4999999999999998
2020-04-02,0,0,0,29,54,50,11,3,4,0,0.43388373911755823,-0.900968867902419,0.8660254037844387,-0.4999999999999998
2020-04-03,0,0,0,28,55,49,12,4,4,0,-0.433883739117558,-0.9009688679024191,0.8660254037844387,-0.4999999999999998
2020-04-04,0,0,0,27,56,48,13,5,4,1,-0.9749279121818236,-0.2225209339563146,0.8660254037844387,-0.4999999999999998
2020-04-05,0,0,0,26,57,47,14,6,4,1,-0.7818314824680299,0.6234898018587334,0.8660254037844387,-0.4999999999999998
2020-04-06,0,0,0,25,58,46,15,0,4,0,0.0,1.0,0.8660254037844387,-0.4999999999999998
2020-04-07,0,0,0,24,59,45,16,1,4,0,0.7818314824680298,0.6234898018587336,0.8660254037844387,-0.4999999999999998
2020-04-08,0,0,0,23,60,44,17,2,4,0,0.9749279121818236,-0.22252093395631434,0.8660254037844387,-0.4999999999999998
2020-04-09,0,0,0,22,61,43,18,3,4,0,0.43388373911755823,-0.900968867902419,0.8660254037844387,-0.4999999999999998
2020-04-10,0,0,0,21,62,42,19,4,4,0,-0.433883739117558,-0.9009688679024191,0.8660254037844387,-0.4999999999999998
2020-04-11,0,0,0,20,63,41,20,5,4,1,-0.9749279121818236,-0.2225209339563146,0.8660254037844387,-0.4999999999999998
2020-04-12,0,0,0,19,64,40,21,6,4,1,-0.7818314824680299,0.6234898018587334,0.8660254037844387,-0.4999999999999998
2020-04-13,0,0,0,18,65,39,22,0,4,0,0.0,1.0,0.8660254037844387,-0.4999999999999998
2020-04-14,0,0,0,17,66,38,23,1,4,0,0.7818314824680298,0.6234898018587336,0.8660254037844387,-0.4999999999999998
2020-04-15,0,0,0,16,67,37,24,2,4,0,0.9749279121818236,-0.22252093395631434,0.8660254037844387,-0.4999999999999998
2020-04-16,0,0,0,15,68,36,25,3,4,0,0.43388373911755823,-0.900968867902419,0.8660254037844387,-0.4999999999999998
2020-04-17,0,0,0,14,69,35,26,4,4,0,-0.433883739117558,-0.9009688679024191,0.8660254037844387,-0.4999999999999998
2020-04-18,0,0,0,13,70,34,27,5,4,1,-0.9749279121818236,-0.2225209339563146,0.8660254037844387,-0.4999999999999998
2020-04-19,0,0,0,12,71,33,28,6,4,1,-0.7818314824680299,0.6234898018587334,0.8660254037844387,-0.4999999999999998
2020-04-20,0,0,0,11,72,32,29,0,4,0,0.0,1.0,0.8660254037844387,-0.4999999999999998
2020-04-21,0,0,0,10,73,31,30,1,4,0,0.7818314824680298,0.6234898018587336,0.8660254037844387,-0.4999999999999998
2020-04-22,0,0,0,9,74,30,31,2,4,0,0.9749279121818236,-0.22252093395631434,0.8660254037844387,-0.4999999999999998
2020-04-23,0,0,0,8,75,29,32,3,4,0,0.43388373911755823,-0.900968867902419,0.8660254037844387,-0.4999999999999998
2020-04-24,0,0,0,7,76,28,33,4,4,0,-0.433883739117558,-0.9009688679024191,0.8660254037844387,-0.4999999999999998
2020-04-25,0,0,0,6,77,27,34,5,4,1,-0.9749279121818236,-0.2225209339563146,0.8660254037844387,-0.4999999999999998
2020-04-26,0,0,0,5,78,26,35,6,4,1,-0.7818314824680299,0.6234898018587334,0.8660254037844387,-0.4999999999999998
2020-04-27,0,0,0,4,79,25,36,0,4,0,0.0,1.0,0.8660254037844387,-0.4999999999999998
2020-04-28,0,0,0,3,80,24,37,1,4,0,0.7818314824680298,0.6234898018587336,0.8660254037844387,-0.4999999999999998
2020-04-29,0,0,0,2,81,23,38,2,4,0,0.9749279121818236,-0.22252093395631434,0.8660254037844387,-0.4999999999999998
2020-04-30,0,0,0,1,82,22,39,3,4,0,0.43388373911755823,-0.900968867902419,0.8660254037844387,-0.4999999999999998
2020-05-01,1,0,1,0,0,21,40,4,5,0,-0.433883739117558,-0.9009688679024191,0.49999999999999994,-0.8660254037844387
2020-05-02,0,0,0,5,1,20,41,5,5,1,-0.9749279121818236,-0.2225209339563146,0.49999999999999994,-0.8660254037844387
2020-05-03,0,0,0,4,2,19,42,6,5,1,-0.7818314824680299,0.6234898018587334,0.49999999999999994,-0.8660254037844387
2020-05-04,0,0,0,3,3,18,43,0,5,0,0.0,1.0,0.49999999999999994,-0.8660254037844387
2020-05-05,0,0,0,2,4,17,44,1,5,0,0.7818314824680298,0.6234898018587336,0.49999999999999994,-0.8660254037844387
2020-05-06,0,0,0,1,5,16,45,2,5,0,0.9749279121818236,-0.22252093395631434,0.49999999999999994,-0.8660254037844387
2020-05-07,1,0,1,0,0,15,46,3,5,0,0.43388373911755823,-0.900968867902419,0.49999999999999994,-0.8660254037844387
2020-05-08,0,0,0,16,1,14,47,4,5,0,-0.433883739117558,-0.9009688679024191,0.49999999999999994,-0.8660254037844387
2020-05-09,0,0,0,15,2,13,48,5,5,1,-0.9749279121818236,-0.2225209339563146,0.49999999999999994,-0.8660254037844387
2020-05-10,0,0,0,14,3,12,49,6,5,1,-0.7818314824680299,0.6234898018587334,0.49999999999999994,-0.8660254037844387
2020-05-11,0,0,0,13,4,11,50,0,5,0,0.0,1.0,0.49999999999999994,-0.8660254037844387
2020-05-12,0,0,0,12,5,10,51,1,5,0,0.7818314824680298,0.6234898018587336,0.49999999999999994,-0.8660254037844387
2020-05-13,0,0,0,11,6,9,52,2,5,0,0.9749279121818236,-0.22252093395631434,0.49999999999999994,-0.8660254037844387
2020-05-14,0,0,0,10,7,8,53,3,5,0,0.43388373911755823,-0.900968867902419,0.49999999999999994,-0.8660254037844387
2020-05-15,0,0,0,9,8,7,54,4,5,0,-0.433883739117558,-0.9009688679024191,0.49999999999999994,-0.8660254037844387
2020-05-16,0,0,0,8,9,6,55,5,5,1,-0.9749279121818236,-0.2225209339563146,0.49999999999999994,-0.8660254037844387
2020-05-17,0,0,0,7,10,5,56,6,5,1,-0.7818314824680299,0.6234898018587334,0.49999999999999994,-0.8660254037844387
2020-05-18,0,0,0,6,11,4,57,0,5,0,0.0,1.0,0.49999999999999994,-0.8660254037844387
2020-05-19,0,0,0,5,12,3,58,1,5,0,0.7818314824680298,0.6234898018587336,0.49999999999999994,-0.8660254037844387
2020-05-20,0,0,0,4,13,2,59,2,5,0,0.9749279121818236,-0.22252093395631434,0.49999999999999994,-0.8660254037844387
2020-05-21,0,0,0,3,14,1,60,3,5,0,0.43388373911755823,-0.900968867902419,0.49999999999999994,-0.8660254037844387
2020-05-22,0,1,1,2,15,0,0,4,5,0,-0.433883739117558,-0.9009688679024191,0.49999999999999994,-0.8660254037844387
2020-05-23,0,1,1,1,16,0,0,5,5,1,-0.9749279121818236,-0.2225209339563146,0.49999999999999994,-0.8660254037844387
2020-05-24,1,1,1,0,0,0,0,6,5,1,-0.7818314824680299,0.6234898018587334,0.49999999999999994,-0.8660254037844387
2020-05-25,1,1,1,0,0,0,0,0,5,0,0.0,1.0,0.49999999999999994,-0.8660254037844387
2020-05-26,0,1,1,11,1,0,0,1,5,0,0.7818314824680298,0.6234898018587336,0.49999999999999994,-0.8660254037844387
2020-05-27,0,1,1,10,2,0,0,2,5,0,0.9749279121818236,-0.22252093395631434,0.49999999999999994,-0.8660254037844387
2020-05-28,0,1,1,9,3,0,0,3,5,0,0.43388373911755823,-0.900968867902419,0.49999999999999994,-0.8660254037844387
2020-05-29,0,1,1,8,4,0,0,4,5,0,-0.433883739117558,-0.9009688679024191,0.49999999999999994,-0.8660254037844387
2020-05-30,0,1,1,7,5,0,0,5,5,1,-0.9749279121818236,-0.2225209339563146,0.49999999999999994,-0.8660254037844387
2020-05-31,0,1,1,6,6,0,0,6,5,1,-0.7818314824680299,0.6234898018587334,0.49999999999999994,-0.8660254037844387
2020-06-01,0,1,1,5,7,0,0,0,6,0,0.0,1.0,1.2246467991473532e-16,-1.0
2020-06-02,0,1,1,4,8,0,0,1,6,0,0.7818314824680298,0.6234898018587336,1.2246467991473532e-16,-1.0
2020-06-03,0,1,1,3,9,0,0,2,6,0,0.9749279121818236,-0.22252093395631434,1.2246467991473532e-16,-1.0
2020-06-04,0,1,1,2,10,0,0,3,6,0,0.43388373911755823,-0.900968867902419,1.2246467991473532e-16,-1.0
2020-06-05,0,1,1,1,11,0,0,4,6,0,-0.433883739117558,-0.9009688679024191,1.2246467991473532e-16,-1.0
2020-06-06,1,1,1,0,0,0,0,5,6,1,-0.9749279121818236,-0.2225209339563146,1.2246467991473532e-16,-1.0
2020-06-07,0,1,1,54,1,0,0,6,6,1,-0.7818314824680299,0.6234898018587334,1.2246467991473532e-16,-1.0
2020-06-08,0,0,0,53,2,73,1,0,6,0,0.0,1.0,1.2246467991473532e-16,-1.0
2020-06-09,0,0,0,52,3,72,2,1,6,0,0.7818314824680298,0.6234898018587336,1.2246467991473532e-16,-1.0
2020-06-10,0,0,0,51,4,71,3,2,6,0,0.9749279121818236,-0.22252093395631434,1.2246467991473532e-16,-1.0
2020-06-11,0,0,0,50,5,70,4,3,6,0,0.43388373911755823,-0.900968867902419,1.2246467991473532e-16,-1.0
2020-06-12,0,0,0,49,6,69,5,4,6,0,-0.433883739117558,-0.9009688679024191,1.2246467991473532e-16,-1.0
2020-06-13,0,0,0,48,7,68,6,5,6,1,-0.9749279121818236,-0.2225209339563146,1.2246467991473532e-16,-1.0
2020-06-14,0,0,0,47,8,67,7,6,6,1,-0.7818314824680299,0.6234898018587334,1.2246467991473532e-16,-1.0
2020-06-15,0,0,0,46,9,66,8,0,6,0,0.0,1.0,1.2246467991473532e-16,-1.0
2020-06-16,0,0,0,45,10,65,9,1,6,0,0.7818314824680298,0.6234898018587336,1.2246467991473532e-16,-1.0
2020-06-17,0,0,0,44,11,64,10,2,6,0,0.9749279121818236,-0.22252093395631434,1.2246467991473532e-16,-1.0
2020-06-18,0,0,0,43,12,63,11,3,6,0,0.43388373911755823,-0.900968867902419,1.2246467991473532e-16,-1.0
2020-06-19,0,0,0,42,13,62,12,4,6,0,-0.433883739117558,-0.9009688679024191,1.2246467991473532e-16,-1.0
2020-06-20,0,0,0,41,14,61,13,5,6,1,-0.9749279121818236,-0.2225209339563146,1.2246467991473532e-16,-1.0
2020-06-21,0,0,0,40,15,60,14,6,6,1,-0.7818314824680299,0.6234898018587334,1.2246467991473532e-16,-1.0
2020-06-22,0,0,0,39,16,59,15,0,6,0,0.0,1.0,1.2246467991473532e-16,-1.0
2020-06-23,0,0,0,38,17,58,16,1,6,0,0.7818314824680298,0.6234898018587336,1.2246467991473532e-16,-1.0
2020-06-24,0,0,0,37,18,57,17,2,6,0,0.9749279121818236,-0.22252093395631434,1.2246467991473532e-16,-1.0
2020-06-25,0,0,0,36,19,56,18,3,6,0,0.43388373911755823,-0.900968867902419,1.2246467991473532e-16,-1.0
2020-06-26,0,0,0,35,20,55,19,4,6,0,-0.433883739117558,-0.9009688679024191,1.2246467991473532e-16,-1.0
2020-06-27,0,0,0,34,21,54,20,5,6,1,-0.9749279121818236,-0.2225209339563146,1.2246467991473532e-16,-1.0
2020-06-28,0,0,0,33,22,53,21,6,6,1,-0.7818314824680299,0.6234898018587334,1.2246467991473532e-16,-1.0
2020-06-29,0,0,0,32,23,52,22,0,6,0,0.0,1.0,1.2246467991473532e-16,-1.0
2020-06-30,0,0,0,31,24,51,23,1,6,0,0.7818314824680298,0.6234898018587336,1.2246467991473532e-16,-1.0
2020-07-01,0,0,0,30,25,50,24,2,7,0,0.9749279121818236,-0.22252093395631434,-0.4999999999999997,-0.8660254037844388
2020-07-02,0,0,0,29,26,49,25,3,7,0,0.43388373911755823,-0.900968867902419,-0.4999999999999997,-0.8660254037844388
2020-07-03,0,0,0,28,27,48,26,4,7,0,-0.433883739117558,-0.9009688679024191,-0.4999999999999997,-0.8660254037844388
2020-07-04,0,0,0,27,28,47,27,5,7,1,-0.9749279121818236,-0.2225209339563146,-0.4999999999999997,-0.8660254037844388
2020-07-05,0,0,0,26,29,46,28,6,7,1,-0.7818314824680299,0.6234898018587334,-0.4999999999999997,-0.8660254037844388
2020-07-06,0,0,0,25,30,45,29,0,7,0,0.0,1.0,-0.4999999999999997,-0.8660254037844388
2020-07-07,0,0,0,24,31,44,30,1,7,0,0.7818314824680298,0.6234898018587336,-0.4999999999999997,-0.8660254037844388
2020-07-08,0,0,0,23,32,43,31,2,7,0,0.9749279121818236,-0.22252093395631434,-0.4999999999999997,-0.8660254037844388
2020-07-09,0,0,0,22,33,42,32,3,7,0,0.43388373911755823,-0.900968867902419,-0.4999999999999997,-0.8660254037844388
2020-07-10,0,0,0,21,34,41,33,4,7,0,-0.433883739117558,-0.9009688679024191,-0.4999999999999997,-0.8660254037844388
2020-07-11,0,0,0,20,35,40,34,5,7,1,-0.9749279121818236,-0.2225209339563146,-0.4999999999999997,-0.8660254037844388
2020-07-12,0,0,0,19,36,39,35,6,7,1,-0.7818314824680299,0.6234898018587334,-0.4999999999999997,-0.8660254037844388
2020-07-13,0,0,0,18,37,38,36,0,7,0,0.0,1.0,-0.4999999999999997,-0.8660254037844388
2020-07-14,0,0,0,17,38,37,37,1,7,0,0.7818314824680298,0.6234898018587336,-0.4999999999999997,-0.8660254037844388
2020-07-15,0,0,0,16,39,36,38,2,7,0,0.9749279121818236,-0.22252093395631434,-0.4999999999999997,-0.8660254037844388
2020-07-16,0,0,0,15,40,35,39,3,7,0,0.43388373911755823,-0.900968867902419,-0.4999999999999997,-0.8660254037844388
2020-07-17,0,0,0,14,41,34,40,4,7,0,-0.433883739117558,-0.9009688679024191,-0.4999999999999997,-0.8660254037844388
2020-07-18,0,0,0,13,42,33,41,5,7,1,-0.9749279121818236,-0.2225209339563146,-0.4999999999999997,-0.8660254037844388
2020-07-19,0,0,0,12,43,32,42,6,7,1,-0.7818314824680299,0.6234898018587334,-0.4999999999999997,-0.8660254037844388
2020-07-20,0,0,0,11,44,31,43,0,7,0,0.0,1.0,-0.4999999999999997,-0.8660254037844388
2020-07-21,0,0,0,10,45,30,44,1,7,0,0.7818314824680298,0.6234898018587336,-0.4999999999999997,-0.8660254037844388
2020-07-22,0,0,0,9,46,29,45,2,7,0,0.9749279121818236,-0.22252093395631434,-0.4999999999999997,-0.8660254037844388
2020-07-23,0,0,0,8,47,28,46,3,7,0,0.43388373911755823,-0.900968867902419,-0.4999999999999997,-0.8660254037844388
2020-07-24,0,0,0,7,48,27,47,4,7,0,-0.433883739117558,-0.9009688679024191,-0.4999999999999997,-0.8660254037844388
2020-07-25,0,0,0,6,49,26,48,5,7,1,-0.9749279121818236,-0.2225209339563146,-0.4999999999999997,-0.8660254037844388
2020-07-26,0,0,0,5,50,25,49,6,7,1,-0.7818314824680299,0.6234898018587334,-0.4999999999999997,-0.8660254037844388
2020-07-27,0,0,0,4,51,24,50,0,7,0,0.0,1.0,-0.4999999999999997,-0.8660254037844388
2020-07-28,0,0,0,3,52,23,51,1,7,0,0.7818314824680298,0.6234898018587336,-0.4999999999999997,-0.8660254037844388
2020-07-29,0,0,0,2,53,22,52,2,7,0,0.9749279121818236,-0.22252093395631434,-0.4999999999999997,-0.8660254037844388
2020-07-30,0,0,0,1,54,21,53,3,7,0,0.43388373911755823,-0.900968867902419,-0.4999999999999997,-0.8660254037844388
2020-07-31,1,0,1,0,0,20,54,4,7,0,-0.433883739117558,-0.9009688679024191,-0.4999999999999997,-0.8660254037844388
2020-08-01,0,0,0,19,1,19,55,5,8,1,-0.9749279121818236,-0.2225209339563146,-0.8660254037844385,-0.5000000000000004
2020-08-02,0,0,0,18,2,18,56,6,8,1,-0.7818314824680299,0.6234898018587334,-0.8660254037844385,-0.5000000000000004
2020-08-03,0,0,0,17,3,17,57,0,8,0,0.0,1.0,-0.8660254037844385,-0.5000000000000004
2020-08-04,0,0,0,16,4,16,58,1,8,0,0.7818314824680298,0.6234898018587336,-0.8660254037844385,-0.5000000000000004
2020-08-05,0,0,0,15,5,15,59,2,8,0,0.9749279121818236,-0.22252093395631434,-0.8660254037844385,-0.5000000000000004
2020-08-06,0,0,0,14,6,14,60,3,8,0,0.43388373911755823,-0.900968867902419,-0.8660254037844385,-0.5000000000000004
2020-08-07,0,0,0,13,7,13,61,4,8,0,-0.433883739117558,-0.9009688679024191,-0.8660254037844385,-0.5000000000000004
2020-08-08,0,0,0,12,8,12,62,5,8,1,-0.9749279121818236,-0.2225209339563146,-0.8660254037844385,-0.5000000000000004
2020-08-09,0,0,0,11,9,11,63,6,8,1,-0.7818314824680299,0.6234898018587334,-0.8660254037844385,-0.5000000000000004
2020-08-10,0,0,0,10,10,10,64,0,8,0,0.0,1.0,-0.8660254037844385,-0.5000000000000004
2020-08-11,0,0,0,9,11,9,65,1,8,0,0.7818314824680298,0.6234898018587336,-0.8660254037844385,-0.5000000000000004
2020-08-12,0,0,0,8,12,8,66,2,8,0,0.9749279121818236,-0.22252093395631434,-0.8660254037844385,-0.5000000000000004
2020-08-13,0,0,0,7,13,7,67,3,8,0,0.43388373911755823,-0.900968867902419,-0.8660254037844385,-0.5000000000000004
2020-08-14,0,0,0,6,14,6,68,4,8,0,-0.433883739117558,-0.9009688679024191,-0.8660254037844385,-0.5000000000000004
2020-08-15,0,0,0,5,15,5,69,5,8,1,-0.9749279121818236,-0.2225209339563146,-0.8660254037844385,-0.5000000000000004
2020-08-16,0,0,0,4,16,4,70,6,8,1,-0.7818314824680299,0.6234898018587334,-0.8660254037844385,-0.5000000000000004
2020-08-17,0,0,0,3,17,3,71,0,8,0,0.0,1.0,-0.8660254037844385,-0.5000000000000004
2020-08-18,0,0,0,2,18,2,72,1,8,0,0.7818314824680298,0.6234898018587336,-0.8660254037844385,-0.5000000000000004
2020-08-19,0,0,0,1,19,1,73,2,8,0,0.9749279121818236,-0.22252093395631434,-0.8660254037844385,-0.5000000000000004
2020-08-20,1,1,1,0,0,0,0,3,8,0,0.43388373911755823,-0.900968867902419,-0.8660254037844385,-0.5000000000000004
2020-08-21,0,1,1,10,1,0,0,4,8,0,-0.433883739117558,-0.9009688679024191,-0.8660254037844385,-0.5000000000000004
2020-08-22,0,1,1,9,2,0,0,5,8,1,-0.9749279121818236,-0.2225209339563146,-0.8660254037844385,-0.5000000000000004
2020-08-23,0,1,1,8,3,0,0,6,8,1,-0.7818314824680299,0.6234898018587334,-0.8660254037844385,-0.5000000000000004
2020-08-24,0,1,1,7,4,0,0,0,8,0,0.0,1.0,-0.8660254037844385,-0.5000000000000004
2020-08-25,0,0,0,6,5,115,1,1,8,0,0.7818314824680298,0.6234898018587336,-0.8660254037844385,-0.5000000000000004
2020-08-26,0,0,0,5,6,114,2,2,8,0,0.9749279121818236,-0.22252093395631434,-0.8660254037844385,-0.5000000000000004
2020-08-27,0,0,0,4,7,113,3,3,8,0,0.43388373911755823,-0.900968867902419,-0.8660254037844385,-0.5000000000000004
2020-08-28,0,0,0,3,8,112,4,4,8,0,-0.433883739117558,-0.9009688679024191,-0.8660254037844385,-0.5000000000000004
2020-08-29,0,0,0,2,9,111,5,5,8,1,-0.9749279121818236,-0.2225209339563146,-0.8660254037844385,-0.5000000000000004
2020-08-30,0,0,0,1,10,110,6,6,8,1,-0.7818314824680299,0.6234898018587334,-0.8660254037844385,-0.5000000000000004
2020-08-31,1,0,1,0,0,109,7,0,8,0,0.0,1.0,-0.8660254037844385,-0.5000000000000004
2020-09-01,0,0,0,15,1,108,8,1,9,0,0.7818314824680298,0.6234898018587336,-1.0,-1.8369701987210297e-16
2020-09-02,0,0,0,14,2,107,9,2,9,0,0.9749279121818236,-0.22252093395631434,-1.0,-1.8369701987210297e-16
2020-09-03,0,0,0,13,3,106,10,3,9,0,0.43388373911755823,-0.900968867902419,-1.0,-1.8369701987210297e-16
2020-09-04,0,0,0,12,4,105,11,4,9,0,-0.433883739117558,-0.9009688679024191,-1.0,-1.8369701987210297e-16
2020-09-05,0,0,0,11,5,104,12,5,9,1,-0.9749279121818236,-0.2225209339563146,-1.0,-1.8369701987210297e-16
2020-09-06,0,0,0,10,6,103,13,6,9,1,-0.7818314824680299,0.6234898018587334,-1.0,-1.8369701987210297e-16
2020-09-07,0,0,0,9,7,102,14,0,9,0,0.0,1.0,-1.0,-1.8369701987210297e-16
2020-09-08,0,0,0,8,8,101,15,1,9,0,0.7818314824680298,0.6234898018587336,-1.0,-1.8369701987210297e-16
2020-09-09,0,0,0,7,9,100,16,2,9,0,0.9749279121818236,-0.22252093395631434,-1.0,-1.8369701987210297e-16
2020-09-10,0,0,0,6,10,99,17,3,9,0,0.43388373911755823,-0.900968867902419,-1.0,-1.8369701987210297e-16
2020-09-11,0,0,0,5,11,98,18,4,9,0,-0.433883739117558,-0.9009688679024191,-1.0,-1.8369701987210297e-16
2020-09-12,0,0,0,4,12,97,19,5,9,1,-0.9749279121818236,-0.2225209339563146,-1.0,-1.8369701987210297e-16
2020-09-13,0,0,0,3,13,96,20,6,9,1,-0.7818314824680299,0.6234898018587334,-1.0,-1.8369701987210297e-16
2020-09-14,0,0,0,2,14,95,21,0,9,0,0.0,1.0,-1.0,-1.8369701987210297e-16
2020-09-15,0,0,0,1,15,94,22,1,9,0,0.7818314824680298,0.6234898018587336,-1.0,-1.8369701987210297e-16
2020-09-16,1,0,1,0,0,93,23,2,9,0,0.9749279121818236,-0.22252093395631434,-1.0,-1.8369701987210297e-16
2020-09-17,0,0,0,42,1,92,24,3,9,0,0.43388373911755823,-0.900968867902419,-1.0,-1.8369701987210297e-16
2020-09-18,0,0,0,41,2,91,25,4,9,0,-0.433883739117558,-0.9009688679024191,-1.0,-1.8369701987210297e-16
2020-09-19,0,0,0,40,3,90,26,5,9,1,-0.9749279121818236,-0.2225209339563146,-1.0,-1.8369701987210297e-16
2020-09-20,0,0,0,39,4,89,27,6,9,1,-0.7818314824680299,0.6234898018587334,-1.0,-1.8369701987210297e-16
2020-09-21,0,0,0,38,5,88,28,0,9,0,0.0,1.0,-1.0,-1.8369701987210297e-16
2020-09-22,0,0,0,37,6,87,29,1,9,0,0.7818314824680298,0.6234898018587336,-1.0,-1.8369701987210297e-16
2020-09-23,0,0,0,36,7,86,30,2,9,0,0.9749279121818236,-0.22252093395631434,-1.0,-1.8369701987210297e-16
2020-09-24,0,0,0,35,8,85,31,3,9,0,0.43388373911755823,-0.900968867902419,-1.0,-1.8369701987210297e-16
2020-09-25,0,0,0,34,9,84,32,4,9,0,-0.433883739117558,-0.9009688679024191,-1.0,-1.8369701987210297e-16
2020-09-26,0,0,0,33,10,83,33,5,9,1,-0.9749279121818236,-0.2225209339563146,-1.0,-1.8369701987210297e-16
2020-09-27,0,0,0,32,11,82,34,6,9,1,-0.7818314824680299,0.6234898018587334,-1.0,-1.8369701987210297e-16
2020-09-28,0,0,0,31,12,81,35,0,9,0,0.0,1.0,-1.0,-1.8369701987210297e-16
2020-09-29,0,0,0,30,13,80,36,1,9,0,0.7818314824680298,0.6234898018587336,-1.0,-1.8369701987210297e-16
2020-09-30,0,0,0,29,14,79,37,2,9,0,0.9749279121818236,-0.22252093395631434,-1.0,-1.8369701987210297e-16
2020-10-01,0,0,0,28,15,78,38,3,10,0,0.43388373911755823,-0.900968867902419,-0.8660254037844386,0.5000000000000001
2020-10-02,0,0,0,27,16,77,39,4,10,0,-0.433883739117558,-0.9009688679024191,-0.8660254037844386,0.5000000000000001
2020-10-03,0,0,0,26,17,76,40,5,10,1,-0.9749279121818236,-0.2225209339563146,-0.8660254037844386,0.5000000000000001
2020-10-04,0,0,0,25,18,75,41,6,10,1,-0.7818314824680299,0.6234898018587334,-0.8660254037844386,0.5000000000000001
2020-10-05,0,0,0,24,19,74,42,0,10,0,0.0,1.0,-0.8660254037844386,0.5000000000000001
2020-10-06,0,0,0,23,20,73,43,1,10,0,0.7818314824680298,0.6234898018587336,-0.8660254037844386,0.5000000000000001
2020-10-07,0,0,0,22,21,72,44,2,10,0,0.9749279121818236,-0.22252093395631434,-0.8660254037844386,0.5000000000000001
2020-10-08,0,0,0,21,22,71,45,3,10,0,0.43388373911755823,-0.900968867902419,-0.8660254037844386,0.5000000000000001
2020-10-09,0,0,0,20,23,70,46,4,10,0,-0.433883739117558,-0.9009688679024191,-0.8660254037844386,0.5000000000000001
2020-10-10,0,0,0,19,24,69,47,5,10,1,-0.9749279121818236,-0.2225209339563146,-0.8660254037844386,0.5000000000000001
2020-10-11,0,0,0,18,25,68,48,6,10,1,-0.7818314824680299,0.6234898018587334,-0.8660254037844386,0.5000000000000001
2020-10-12,0,0,0,17,26,67,49,0,10,0,0.0,1.0,-0.8660254037844386,0.5000000000000001
2020-10-13,0,0,0,16,27,66,50,1,10,0,0.7818314824680298,0.6234898018587336,-0.8660254037844386,0.5000000000000001
2020-10-14,0,0,0,15,28,65,51,2,10,0,0.9749279121818236,-0.22252093395631434,-0.8660254037844386,0.5000000000000001
2020-10-15,0,0,0,14,29,64,52,3,10,0,0.43388373911755823,-0.900968867902419,-0.8660254037844386,0.5000000000000001
2020-10-16,0,0,0,13,30,63,53,4,10,0,-0.433883739117558,-0.9009688679024191,-0.8660254037844386,0.5000000000000001
2020-10-17,0,0,0,12,31,62,54,5,10,1,-0.9749279121818236,-0.2225209339563146,-0.8660254037844386,0.5000000000000001
2020-10-18,0,0,0,11,32,61,55,6,10,1,-0.7818314824680299,0.6234898018587334,-0.8660254037844386,0.5000000000000001
2020-10-19,0,0,0,10,33,60,56,0,10,0,0.0,1.0,-0.8660254037844386,0.5000000000000001
2020-10-20,0,0,0,9,34,59,57,1,10,0,0.7818314824680298,0.6234898018587336,-0.8660254037844386,0.5000000000000001
2020-10-21,0,0,0,8,35,58,58,2,10,0,0.9749279121818236,-0.22252093395631434,-0.8660254037844386,0.5000000000000001
2020-10-22,0,0,0,7,36,57,59,3,10,0,0.43388373911755823,-0.900968867902419,-0.8660254037844386,0.5000000000000001
2020-10-23,0,0,0,6,37,56,60,4,10,0,-0.433883739117558,-0.9009688679024191,-0.8660254037844386,0.5000000000000001
2020-10-24,0,0,0,5,38,55,61,5,10,1,-0.9749279121818236,-0.2225209339563146,-0.8660254037844386,0.5000000000000001
2020-10-25,0,0,0,4,39,54,62,6,10,1,-0.7818314824680299,0.6234898018587334,-0.8660254037844386,0.5000000000000001
2020-10-26,0,0,0,3,40,53,63,0,10,0,0.0,1.0,-0.8660254037844386,0.5000000000000001
2020-10-27,0,0,0,2,41,52,64,1,10,0,0.7818314824680298,0.6234898018587336,-0.8660254037844386,0.5000000000000001
2020-10-28,0,0,0,1,42,51,65,2,10,0,0.9749279121818236,-0.22252093395631434,-0.8660254037844386,0.5000000000000001
2020-10-29,1,0,1,0,0,50,66,3,10,0,0.43388373911755823,-0.900968867902419,-0.8660254037844386,0.5000000000000001
2020-10-30,0,0,0,15,1,49,67,4,10,0,-0.433883739117558,-0.9009688679024191,-0.8660254037844386,0.5000000000000001
2020-10-31,0,0,0,14,2,48,68,5,10,1,-0.9749279121818236,-0.2225209339563146,-0.8660254037844386,0.5000000000000001
2020-11-01,0,0,0,13,3,47,69,6,11,1,-0.7818314824680299,0.6234898018587334,-0.5000000000000004,0.8660254037844384
2020-11-02,0,0,0,12,4,46,70,0,11,0,0.0,1.0,-0.5000000000000004,0.8660254037844384
2020-11-03,0,0,0,11,5,45,71,1,11,0,0.7818314824680298,0.6234898018587336,-0.5000000000000004,0.8660254037844384
2020-11-04,0,0,0,10,6,44,72,2,11,0,0.9749279121818236,-0.22252093395631434,-0.5000000000000004,0.8660254037844384
2020-11-05,0,0,0,9,7,43,73,3,11,0,0.43388373911755823,-0.900968867902419,-0.5000000000000004,0.8660254037844384
2020-11-06,0,0,0,8,8,42,74,4,11,0,-0.433883739117558,-0.9009688679024191,-0.5000000000000004,0.8660254037844384
2020-11-07,0,0,0,7,9,41,75,5,11,1,-0.9749279121818236,-0.2225209339563146,-0.5000000000000004,0.8660254037844384
2020-11-08,0,0,0,6,10,40,76,6,11,1,-0.7818314824680299,0.6234898018587334,-0.5000000000000004,0.8660254037844384
2020-11-09,0,0,0,5,11,39,77,0,11,0,0.0,1.0,-0.5000000000000004,0.8660254037844384
2020-11-10,0,0,0,4,12,38,78,1,11,0,0.7818314824680298,0.6234898018587336,-0.5000000000000004,0.8660254037844384
2020-11-11,0,0,0,3,13,37,79,2,11,0,0.9749279121818236,-0.22252093395631434,-0.5000000000000004,0.8660254037844384
2020-11-12,0,0,0,2,14,36,80,3,11,0,0.43388373911755823,-0.900968867902419,-0.5000000000000004,0.8660254037844384
2020-11-13,0,0,0,1,15,35,81,4,11,0,-0.433883739117558,-0.9009688679024191,-0.5000000000000004,0.8660254037844384
2020-11-14,1,0,1,0,0,34,82,5,11,1,-0.9749279121818236,-0.2225209339563146,-0.5000000000000004,0.8660254037844384
2020-11-15,0,0,0,40,1,33,83,6,11,1,-0.7818314824680299,0.6234898018587334,-0.5000000000000004,0.8660254037844384
2020-11-16,0,0,0,39,2,32,84,0,11,0,0.0,1.0,-0.5000000000000004,0.8660254037844384
2020-11-17,0,0,0,38,3,31,85,1,11,0,0.7818314824680298,0.6234898018587336,-0.5000000000000004,0.8660254037844384
2020-11-18,0,0,0,37,4,30,86,2,11,0,0.9749279121818236,-0.22252093395631434,-0.5000000000000004,0.8660254037844384
2020-11-19,0,0,0,36,5,29,87,3,11,0,0.43388373911755823,-0.900968867902419,-0.5000000000000004,0.8660254037844384
2020-11-20,0,0,0,35,6,28,88,4,11,0,-0.433883739117558,-0.9009688679024191,-0.5000000000000004,0.8660254037844384
2020-11-21,0,0,0,34,7,27,89,5,11,1,-0.9749279121818236,-0.2225209339563146,-0.5000000000000004,0.8660254037844384
2020-11-22,0,0,0,33,8,26,90,6,11,1,-0.7818314824680299,0.6234898018587334,-0.5000000000000004,0.8660254037844384
2020-11-23,0,0,0,32,9,25,91,0,11,0,0.0,1.0,-0.5000000000000004,0.8660254037844384
2020-11-24,0,0,0,31,10,24,92,1,11,0,0.7818314824680298,0.6234898018587336,-0.5000000000000004,0.8660254037844384
2020-11-25,0,0,0,30,11,23,93,2,11,0,0.9749279121818236,-0.22252093395631434,-0.5000000000000004,0.8660254037844384
2020-11-26,0,0,0,29,12,22,94,3,11,0,0.43388373911755823,-0.900968867902419,-0.5000000000000004,0.8660254037844384
2020-11-27,0,0,0,28,13,21,95,4,11,0,-0.433883739117558,-0.9009688679024191,-0.5000000000000004,0.8660254037844384
2020-11-28,0,0,0,27,14,20,96,5,11,1,-0.9749279121818236,-0.2225209339563146,-0.5000000000000004,0.8660254037844384
2020-11-29,0,0,0,26,15,19,97,6,11,1,-0.7818314824680299,0.6234898018587334,-0.5000000000000004,0.8660254037844384
2020-11-30,0,0,0,25,16,18,98,0,11,0,0.0,1.0,-0.5000000000000004,0.8660254037844384
2020-12-01,0,0,0,24,17,17,99,1,12,0,0.7818314824680298,0.6234898018587336,-2.4492935982947064e-16,1.0
2020-12-02,0,0,0,23,18,16,100,2,12,0,0.9749279121818236,-0.22252093395631434,-2.4492935982947064e-16,1.0
2020-12-03,0,0,0,22,19,15,101,3,12,0,0.43388373911755823,-0.900968867902419,-2.4492935982947064e-16,1.0
2020-12-04,0,0,0,21,20,14,102,4,12,0,-0.433883739117558,-0.9009688679024191,-2.4492935982947064e-16,1.0
2020-12-05,0,0,0,20,21,13,103,5,12,1,-0.9749279121818236,-0.2225209339563146,-2.4492935982947064e-16,1.0
2020-12-06,0,0,0,19,22,12,104,6,12,1,-0.7818314824680299,0.6234898018587334,-2.4492935982947064e-16,1.0
2020-12-07,0,0,0,18,23,11,105,0,12,0,0.0,1.0,-2.4492935982947064e-16,1.0
2020-12-08,0,0,0,17,24,10,106,1,12,0,0.7818314824680298,0.6234898018587336,-2.4492935982947064e-16,1.0
2020-12-09,0,0,0,16,25,9,107,2,12,0,0.9749279121818236,-0.22252093395631434,-2.4492935982947064e-16,1.0
2020-12-10,0,0,0,15,26,8,108,3,12,0,0.43388373911755823,-0.900968867902419,-2.4492935982947064e-16,1.0
2020-12-11,0,0,0,14,27,7,109,4,12,0,-0.433883739117558,-0.9009688679024191,-2.4492935982947064e-16,1.0
2020-12-12,0,0,0,13,28,6,110,5,12,1,-0.9749279121818236,-0.2225209339563146,-2.4492935982947064e-16,1.0
2020-12-13,0,0,0,12,29,5,111,6,12,1,-0.7818314824680299,0.6234898018587334,-2.4492935982947064e-16,1.0
2020-12-14,0,0,0,11,30,4,112,0,12,0,0.0,1.0,-2.4492935982947064e-16,1.0
2020-12-15,0,0,0,10,31,3,113,1,12,0,0.7818314824680298,0.6234898018587336,-2.4492935982947064e-16,1.0
2020-12-16,0,0,0,9,32,2,114,2,12,0,0.9749279121818236,-0.22252093395631434,-2.4492935982947064e-16,1.0
2020-12-17,0,0,0,8,33,1,115,3,12,0,0.43388373911755823,-0.900968867902419,-2.4492935982947064e-16,1.0
2020-12-18,0,1,1,7,34,0,0,4,12,0,-0.433883739117558,-0.9009688679024191,-2.4492935982947064e-16,1.0
2020-12-19,0,1,1,6,35,0,0,5,12,1,-0.9749279121818236,-0.2225209339563146,-2.4492935982947064e-16,1.0
2020-12-20,0,1,1,5,36,0,0,6,12,1,-0.7818314824680299,0.6234898018587334,-2.4492935982947064e-16,1.0
2020-12-21,0,1,1,4,37,0,0,0,12,0,0.0,1.0,-2.4492935982947064e-16,1.0
2020-12-22,0,1,1,3,38,0,0,1,12,0,0.7818314824680298,0.6234898018587336,-2.4492935982947064e-16,1.0
2020-12-23,0,1,1,2,39,0,0,2,12,0,0.9749279121818236,-0.22252093395631434,-2.4492935982947064e-16,1.0
2020-12-24,0,1,1,1,40,0,0,3,12,0,0.43388373911755823,-0.900968867902419,-2.4492935982947064e-16,1.0
2020-12-25,1,1,1,0,0,0,0,4,12,0,-0.433883739117558,-0.9009688679024191,-2.4492935982947064e-16,1.0
2020-12-26,0,1,1,6,1,0,0,5,12,1,-0.9749279121818236,-0.2225209339563146,-2.4492935982947064e-16,1.0
2020-12-27,0,1,1,5,2,0,0,6,12,1,-0.7818314824680299,0.6234898018587334,-2.4492935982947064e-16,1.0
2020-12-28,0,1,1,4,3,0,0,0,12,0,0.0,1.0,-2.4492935982947064e-16,1.0
2020-12-29,0,1,1,3,4,0,0,1,12,0,0.7818314824680298,0.6234898018587336,-2.4492935982947064e-16,1.0
2020-12-30,0,1,1,2,5,0,0,2,12,0,0.9749279121818236,-0.22252093395631434,-2.4492935982947064e-16,1.0
2020-12-31,0,1,1,1,6,0,0,3,12,0,0.43388373911755823,-0.900968867902419,-2.4492935982947064e-16,1.0
2021-01-01,1,0,1,0,0,84,1,4,1,0,-0.433883739117558,-0.9009688679024191,0.49999999999999994,0.8660254037844387
2021-01-02,0,0,0,26,1,83,2,5,1,1,-0.9749279121818236,-0.2225209339563146,0.49999999999999994,0.8660254037844387
2021-01-03,0,0,0,25,2,82,3,6,1,1,-0.7818314824680299,0.6234898018587334,0.49999999999999994,0.8660254037844387
2021-01-04,0,0,0,24,3,81,4,0,1,0,0.0,1.0,0.49999999999999994,0.8660254037844387
2021-01-05,0,0,0,23,4,80,5,1,1,0,0.7818314824680298,0.6234898018587336,0.49999999999999994,0.8660254037844387
2021-01-06,0,0,0,22,5,79,6,2,1,0,0.9749279121818236,-0.22252093395631434,0.49999999999999994,0.8660254037844387
2021-01-07,0,0,0,21,6,78,7,3,1,0,0.43388373911755823,-0.900968867902419,0.49999999999999994,0.8660254037844387
2021-01-08,0,0,0,20,7,77,8,4,1,0,-0.433883739117558,-0.9009688679024191,0.49999999999999994,0.8660254037844387
2021-01-09,0,0,0,19,8,76,9,5,1,1,-0.9749279121818236,-0.2225209339563146,0.49999999999999994,0.8660254037844387
2021-01-10,0,0,0,18,9,75,10,6,1,1,-0.7818314824680299,0.6234898018587334,0.49999999999999994,0.8660254037844387
2021-01-11,0,0,0,17,10,74,11,0,1,0,0.0,1.0,0.49999999999999994,0.8660254037844387
2021-01-12,0,0,0,16,11,73,12,1,1,0,0.7818314824680298,0.6234898018587336,0.49999999999999994,0.8660254037844387
2021-01-13,0,0,0,15,12,72,13,2,1,0,0.9749279121818236,-0.22252093395631434,0.49999999999999994,0.8660254037844387
2021-01-14,0,0,0,14,13,71,14,3,1,0,0.43388373911755823,-0.900968867902419,0.49999999999999994,0.8660254037844387
2021-01-15,0,0,0,13,14,70,15,4,1,0,-0.433883739117558,-0.9009688679024191,0.49999999999999994,0.8660254037844387
2021-01-16,0,0,0,12,15,69,16,5,1,1,-0.9749279121818236,-0.2225209339563146,0.49999999999999994,0.8660254037844387
2021-01-17,0,0,0,11,16,68,17,6,1,1,-0.7818314824680299,0.6234898018587334,0.49999999999999994,0.8660254037844387
2021-01-18,0,0,0,10,17,67,18,0,1,0,0.0,1.0,0.49999999999999994,0.8660254037844387
2021-01-19,0,0,0,9,18,66,19,1,1,0,0.7818314824680298,0.6234898018587336,0.49999999999999994,0.8660254037844387
2021-01-20,0,0,0,8,19,65,20,2,1,0,0.9749279121818236,-0.22252093395631434,0.49999999999999994,0.8660254037844387
2021-01-21,0,0,0,7,20,64,21,3,1,0,0.43388373911755823,-0.900968867902419,0.49999999999999994,0.8660254037844387
2021-01-22,0,0,0,6,21,63,22,4,1,0,-0.433883739117558,-0.9009688679024191,0.49999999999999994,0.8660254037844387
2021-01-23,0,0,0,5,22,62,23,5,1,1,-0.9749279121818236,-0.2225209339563146,0.49999999999999994,0.8660254037844387
2021-01-24,0,0,0,4,23,61,24,6,1,1,-0.7818314824680299,0.6234898018587334,0.49999999999999994,0.8660254037844387
2021-01-25,0,0,0,3,24,60,25,0,1,0,0.0,1.0,0.49999999999999994,0.8660254037844387
2021-01-26,0,0,0,2,25,59,26,1,1,0,0.7818314824680298,0.6234898018587336,0.49999999999999994,0.8660254037844387
2021-01-27,0,0,0,1,26,58,27,2,1,0,0.9749279121818236,-0.22252093395631434,0.49999999999999994,0.8660254037844387
2021-01-28,1,0,1,0,0,57,28,3,1,0,0.43388373911755823,-0.900968867902419,0.49999999999999994,0.8660254037844387
2021-01-29,0,0,0,14,1,56,29,4,1,0,-0.433883739117558,-0.9009688679024191,0.49999999999999994,0.8660254037844387
2021-01-30,0,0,0,13,2,55,30,5,1,1,-0.9749279121818236,-0.2225209339563146,0.49999999999999994,0.8660254037844387
2021-01-31,0,0,0,12,3,54,31,6,1,1,-0.7818314824680299,0.6234898018587334,0.49999999999999994,0.8660254037844387
2021-02-01,0,0,0,11,4,53,32,0,2,0,0.0,1.0,0.8660254037844386,0.5000000000000001
2021-02-02,0,0,0,10,5,52,33,1,2,0,0.7818314824680298,0.6234898018587336,0.8660254037844386,0.5000000000000001
2021-02-03,0,0,0,9,6,51,34,2,2,0,0.9749279121818236,-0.22252093395631434,0.8660254037844386,0.5000000000000001
2021-02-04,0,0,0,8,7,50,35,3,2,0,0.43388373911755823,-0.900968867902419,0.8660254037844386,0.5000000000000001
2021-02-05,0,0,0,7,8,49,36,4,2,0,-0.433883739117558,-0.9009688679024191,0.8660254037844386,0.5000000000000001
2021-02-06,0,0,0,6,9,48,37,5,2,1,-0.9749279121818236,-0.2225209339563146,0.8660254037844386,0.5000000000000001
2021-02-07,0,0,0,5,10,47,38,6,2,1,-0.7818314824680299,0.6234898018587334,0.8660254037844386,0.5000000000000001
2021-02-08,0,0,0,4,11,46,39,0,2,0,0.0,1.0,0.8660254037844386,0.5000000000000001
2021-02-09,0,0,0,3,12,45,40,1,2,0,0.7818314824680298,0.6234898018587336,0.8660254037844386,0.5000000000000001
2021-02-10,0,0,0,2,13,44,41,2,2,0,0.9749279121818236,-0.22252093395631434,0.8660254037844386,0.5000000000000001
2021-02-11,0,0,0,1,14,43,42,3,2,0,0.43388373911755823,-0.900968867902419,0.8660254037844386,0.5000000000000001
2021-02-12,1,0,1,0,0,42,43,4,2,0,-0.433883739117558,-0.9009688679024191,0.8660254037844386,0.5000000000000001
2021-02-13,1,0,1,0,0,41,44,5,2,1,-0.9749279121818236,-0.2225209339563146,0.8660254037844386,0.5000000000000001
2021-02-14,0,0,0,76,1,40,45,6,2,1,-0.7818314824680299,0.6234898018587334,0.8660254037844386,0.5000000000000001
2021-02-15,0,0,0,75,2,39,46,0,2,0,0.0,1.0,0.8660254037844386,0.5000000000000001
2021-02-16,0,0,0,74,3,38,47,1,2,0,0.7818314824680298,0.6234898018587336,0.8660254037844386,0.5000000000000001
2021-02-17,0,0,0,73,4,37,48,2,2,0,0.9749279121818236,-0.22252093395631434,0.8660254037844386,0.5000000000000001
2021-02-18,0,0,0,72,5,36,49,3,2,0,0.43388373911755823,-0.900968867902419,0.8660254037844386,0.5000000000000001
2021-02-19,0,0,0,71,6,35,50,4,2,0,-0.433883739117558,-0.9009688679024191,0.8660254037844386,0.5000000000000001
2021-02-20,0,0,0,70,7,34,51,5,2,1,-0.9749279121818236,-0.2225209339563146,0.8660254037844386,0.5000000000000001
2021-02-21,0,0,0,69,8,33,52,6,2,1,-0.7818314824680299,0.6234898018587334,0.8660254037844386,0.5000000000000001
2021-02-22,0,0,0,68,9,32,53,0,2,0,0.0,1.0,0.8660254037844386,0.5000000000000001
2021-02-23,0,0,0,67,10,31,54,1,2,0,0.7818314824680298,0.6234898018587336,0.8660254037844386,0.5000000000000001
2021-02-24,0,0,0,66,11,30,55,2,2,0,0.9749279121818236,-0.22252093395631434,0.8660254037844386,0.5000000000000001
2021-02-25,0,0,0,65,12,29,56,3,2,0,0.43388373911755823,-0.900968867902419,0.8660254037844386,0.5000000000000001
2021-02-26,0,0,0,64,13,28,57,4,2,0,-0.433883739117558,-0.9009688679024191,0.8660254037844386,0.5000000000000001
2021-02-27,0,0,0,63,14,27,58,5,2,1,-0.9749279121818236,-0.2225209339563146,0.8660254037844386,0.5000000000000001
2021-02-28,0,0,0,62,15,26,59,6,2,1,-0.7818314824680299,0.6234898018587334,0.8660254037844386,0.5000000000000001
2021-03-01,0,0,0,61,16,25,60,0,3,0,0.0,1.0,1.0,6.123233995736766e-17
2021-03-02,0,0,0,60,17,24,61,1,3,0,0.7818314824680298,0.6234898018587336,1.0,6.123233995736766e-17
2021-03-03,0,0,0,59,18,23,62,2,3,0,0.9749279121818236,-0.22252093395631434,1.0,6.123233995736766e-17
2021-03-04,0,0,0,58,19,22,63,3,3,0,0.43388373911755823,-0.900968867902419,1.0,6.123233995736766e-17
2021-03-05,0,0,0,57,20,21,64,4,3,0,-0.433883739117558,-0.9009688679024191,1.0,6.123233995736766e-17
2021-03-06,0,0,0,56,21,20,65,5,3,1,-0.9749279121818236,-0.2225209339563146,1.0,6.123233995736766e-17
2021-03-07,0,0,0,55,22,19,66,6,3,1,-0.7818314824680299,0.6234898018587334,1.0,6.123233995736766e-17
2021-03-08,0,0,0,54,23,18,67,0,3,0,0.0,1.0,1.0,6.123233995736766e-17
2021-03-09,0,0,0,53,24,17,68,1,3,0,0.7818314824680298,0.6234898018587336,1.0,6.123233995736766e-17
2021-03-10,0,0,0,52,25,16,69,2,3,0,0.9749279121818236,-0.22252093395631434,1.0,6.123233995736766e-17
2021-03-11,0,0,0,51,26,15,70,3,3,0,0.43388373911755823,-0.900968867902419,1.0,6.123233995736766e-17
2021-03-12,0,0,0,50,27,14,71,4,3,0,-0.433883739117558,-0.9009688679024191,1.0,6.123233995736766e-17
2021-03-13,0,0,0,49,28,13,72,5,3,1,-0.9749279121818236,-0.2225209339563146,1.0,6.123233995736766e-17
2021-03-14,0,0,0,48,29,12,73,6,3,1,-0.7818314824680299,0.6234898018587334,1.0,6.123233995736766e-17
2021-03-15,0,0,0,47,30,11,74,0,3,0,0.0,1.0,1.0,6.123233995736766e-17
2021-03-16,0,0,0,46,31,10,75,1,3,0,0.7818314824680298,0.6234898018587336,1.0,6.123233995736766e-17
2021-03-17,0,0,0,45,32,9,76,2,3,0,0.9749279121818236,-0.22252093395631434,1.0,6.123233995736766e-17
2021-03-18,0,0,0,44,33,8,77,3,3,0,0.43388373911755823,-0.900968867902419,1.0,6.123233995736766e-17
2021-03-19,0,0,0,43,34,7,78,4,3,0,-0.433883739117558,-0.9009688679024191,1.0,6.123233995736766e-17
2021-03-20,0,0,0,42,35,6,79,5,3,1,-0.9749279121818236,-0.2225209339563146,1.0,6.123233995736766e-17
2021-03-21,0,0,0,41,36,5,80,6,3,1,-0.7818314824680299,0.6234898018587334,1.0,6.123233995736766e-17
2021-03-22,0,0,0,40,37,4,81,0,3,0,0.0,1.0,1.0,6.123233995736766e-17
2021-03-23,0,0,0,39,38,3,82,1,3,0,0.7818314824680298,0.6234898018587336,1.0,6.123233995736766e-17
2021-03-24,0,0,0,38,39,2,83,2,3,0,0.9749279121818236,-0.22252093395631434,1.0,6.123233995736766e-17
2021-03-25,0,0,0,37,40,1,84,3,3,0,0.43388373911755823,-0.900968867902419,1.0,6.123233995736766e-17
2021-03-26,0,1,1,36,41,0,0,4,3,0,-0.433883739117558,-0.9009688679024191,1.0,6.123233995736766e-17
2021-03-27,0,1,1,35,42,0,0,5,3,1,-0.9749279121818236,-0.2225209339563146,1.0,6.123233995736766e-17
2021-03-28,0,1,1,34,43,0,0,6,3,1,-0.7818314824680299,0.6234898018587334,1.0,6.123233995736766e-17
2021-03-29,0,1,1,33,44,0,0,0,3,0,0.0,1.0,1.0,6.123233995736766e-17
2021-03-30,0,1,1,32,45,0,0,1,3,0,0.7818314824680298,0.6234898018587336,1.0,6.123233995736766e-17
2021-03-31,0,1,1,31,46,0,0,2,3,0,0.9749279121818236,-0.22252093395631434,1.0,6.123233995736766e-17
2021-04-01,0,1,1,30,47,0,0,3,4,0,0.43388373911755823,-0.900968867902419,0.8660254037844387,-0.4999999999999998
2021-04-02,0,1,1,29,48,0,0,4,4,0,-0.433883739117558,-0.9009688679024191,0.8660254037844387,-0.4999999999999998
2021-04-03,0,1,1,28,49,0,0,5,4,1,-0.9749279121818236,-0.2225209339563146,0.8660254037844387,-0.4999999999999998
2021-04-04,0,1,1,27,50,0,0,6,4,1,-0.7818314824680299,0.6234898018587334,0.8660254037844387,-0.4999999999999998
2021-04-05,0,0,0,26,51,53,1,0,4,0,0.0,1.0,0.8660254037844387,-0.4999999999999998
2021-04-06,0,0,0,25,52,52,2,1,4,0,0.7818314824680298,0.6234898018587336,0.8660254037844387,-0.4999999999999998
2021-04-07,0,0,0,24,53,51,3,2,4,0,0.9749279121818236,-0.22252093395631434,0.8660254037844387,-0.4999999999999998
2021-04-08,0,0,0,23,54,50,4,3,4,0,0.43388373911755823,-0.900968867902419,0.8660254037844387,-0.4999999999999998
2021-04-09,0,0,0,22,55,49,5,4,4,0,-0.433883739117558,-0.9009688679024191,0.8660254037844387,-0.4999999999999998
2021-04-10,0,0,0,21,56,48,6,5,4,1,-0.9749279121818236,-0.2225209339563146,0.8660254037844387,-0.4999999999999998
2021-04-11,0,0,0,20,57,47,7,6,4,1,-0.7818314824680299,0.6234898018587334,0.8660254037844387,-0.4999999999999998
2021-04-12,0,0,0,19,58,46,8,0,4,0,0.0,1.0,0.8660254037844387,-0.4999999999999998
2021-04-13,0,0,0,18,59,45,9,1,4,0,0.7818314824680298,0.6234898018587336,0.8660254037844387,-0.4999999999999998
2021-04-14,0,0,0,17,60,44,10,2,4,0,0.9749279121818236,-0.22252093395631434,0.8660254037844387,-0.4999999999999998
2021-04-15,0,0,0,16,61,43,11,3,4,0,0.43388373911755823,-0.900968867902419,0.8660254037844387,-0.4999999999999998
2021-04-16,0,0,0,15,62,42,12,4,4,0,-0.433883739117558,-0.9009688679024191,0.8660254037844387,-0.4999999999999998
2021-04-17,0,0,0,14,63,41,13,5,4,1,-0.9749279121818236,-0.2225209339563146,0.8660254037844387,-0.4999999999999998
2021-04-18,0,0,0,13,64,40,14,6,4,1,-0.7818314824680299,0.6234898018587334,0.8660254037844387,-0.4999999999999998
2021-04-19,0,0,0,12,65,39,15,0,4,0,0.0,1.0,0.8660254037844387,-0.4999999999999998
2021-04-20,0,0,0,11,66,38,16,1,4,0,0.7818314824680298,0.6234898018587336,0.8660254037844387,-0.4999999999999998
2021-04-21,0,0,0,10,67,37,17,2,4,0,0.9749279121818236,-0.22252093395631434,0.8660254037844387,-0.4999999999999998
2021-04-22,0,0,0,9,68,36,18,3,4,0,0.43388373911755823,-0.900968867902419,0.8660254037844387,-0.4999999999999998
2021-04-23,0,0,0,8,69,35,19,4,4,0,-0.433883739117558,-0.9009688679024191,0.8660254037844387,-0.4999999999999998
2021-04-24,0,0,0,7,70,34,20,5,4,1,-0.9749279121818236,-0.2225209339563146,0.8660254037844387,-0.4999999999999998
2021-04-25,0,0,0,6,71,33,21,6,4,1,-0.7818314824680299,0.6234898018587334,0.8660254037844387,-0.4999999999999998
2021-04-26,0,0,0,5,72,32,22,0,4,0,0.0,1.0,0.8660254037844387,-0.4999999999999998
2021-04-27,0,0,0,4,73,31,23,1,4,0,0.7818314824680298,0.6234898018587336,0.8660254037844387,-0.4999999999999998
2021-04-28,0,0,0,3,74,30,24,2,4,0,0.9749279121818236,-0.22252093395631434,0.8660254037844387,-0.4999999999999998
2021-04-29,0,0,0,2,75,29,25,3,4,0,0.43388373911755823,-0.900968867902419,0.8660254037844387,-0.4999999999999998
2021-04-30,0,0,0,1,76,28,26,4,4,0,-0.433883739117558,-0.9009688679024191,0.8660254037844387,-0.4999999999999998
2021-05-01,1,0,1,0,0,27,27,5,5,1,-0.9749279121818236,-0.2225209339563146,0.49999999999999994,-0.8660254037844387
2021-05-02,0,0,0,11,1,26,28,6,5,1,-0.7818314824680299,0.6234898018587334,0.49999999999999994,-0.8660254037844387
2021-05-03,0,0,0,10,2,25,29,0,5,0,0.0,1.0,0.49999999999999994,-0.8660254037844387
2021-05-04,0,0,0,9,3,24,30,1,5,0,0.7818314824680298,0.6234898018587336,0.49999999999999994,-0.8660254037844387
2021-05-05,0,0,0,8,4,23,31,2,5,0,0.9749279121818236,-0.22252093395631434,0.49999999999999994,-0.8660254037844387
2021-05-06,0,0,0,7,5,22,32,3,5,0,0.43388373911755823,-0.900968867902419,0.49999999999999994,-0.8660254037844387
2021-05-07,0,0,0,6,6,21,33,4,5,0,-0.433883739117558,-0.9009688679024191,0.49999999999999994,-0.8660254037844387
2021-05-08,0,0,0,5,7,20,34,5,5,1,-0.9749279121818236,-0.2225209339563146,0.49999999999999994,-0.8660254037844387
2021-05-09,0,0,0,4,8,19,35,6,5,1,-0.7818314824680299,0.6234898018587334,0.49999999999999994,-0.8660254037844387
2021-05-10,0,0,0,3,9,18,36,0,5,0,0.0,1.0,0.49999999999999994,-0.8660254037844387
2021-05-11,0,0,0,2,10,17,37,1,5,0,0.7818314824680298,0.6234898018587336,0.49999999999999994,-0.8660254037844387
2021-05-12,0,0,0,1,11,16,38,2,5,0,0.9749279121818236,-0.22252093395631434,0.49999999999999994,-0.8660254037844387
2021-05-13,1,0,1,0,0,15,39,3,5,0,0.43388373911755823,-0.900968867902419,0.49999999999999994,-0.8660254037844387
2021-05-14,1,0,1,0,0,14,40,4,5,0,-0.433883739117558,-0.9009688679024191,0.49999999999999994,-0.8660254037844387
2021-05-15,0,0,0,11,1,13,41,5,5,1,-0.9749279121818236,-0.2225209339563146,0.49999999999999994,-0.8660254037844387
2021-05-16,0,0,0,10,2,12,42,6,5,1,-0.7818314824680299,0.6234898018587334,0.49999999999999994,-0.8660254037844387
2021-05-17,0,0,0,9,3,11,43,0,5,0,0.0,1.0,0.49999999999999994,-0.8660254037844387
2021-05-18,0,0,0,8,4,10,44,1,5,0,0.7818314824680298,0.6234898018587336,0.49999999999999994,-0.8660254037844387
2021-05-19,0,0,0,7,5,9,45,2,5,0,0.9749279121818236,-0.22252093395631434,0.49999999999999994,-0.8660254037844387
2021-05-20,0,0,0,6,6,8,46,3,5,0,0.43388373911755823,-0.900968867902419,0.49999999999999994,-0.8660254037844387
2021-05-21,0,0,0,5,7,7,47,4,5,0,-0.433883739117558,-0.9009688679024191,0.49999999999999994,-0.8660254037844387
2021-05-22,0,0,0,4,8,6,48,5,5,1,-0.9749279121818236,-0.2225209339563146,0.49999999999999994,-0.8660254037844387
2021-05-23,0,0,0,3,9,5,49,6,5,1,-0.7818314824680299,0.6234898018587334,0.49999999999999994,-0.8660254037844387
2021-05-24,0,0,0,2,10,4,50,0,5,0,0.0,1.0,0.49999999999999994,-0.8660254037844387
2021-05-25,0,0,0,1,11,3,51,1,5,0,0.7818314824680298,0.6234898018587336,0.49999999999999994,-0.8660254037844387
2021-05-26,1,0,1,0,0,2,52,2,5,0,0.9749279121818236,-0.22252093395631434,0.49999999999999994,-0.8660254037844387
2021-05-27,0,0,0,11,1,1,53,3,5,0,0.43388373911755823,-0.900968867902419,0.49999999999999994,-0.8660254037844387
2021-05-28,0,1,1,10,2,0,0,4,5,0,-0.433883739117558,-0.9009688679024191,0.49999999999999994,-0.8660254037844387
2021-05-29,0,1,1,9,3,0,0,5,5,1,-0.9749279121818236,-0.2225209339563146,0.49999999999999994,-0.8660254037844387
2021-05-30,0,1,1,8,4,0,0,6,5,1,-0.7818314824680299,0.6234898018587334,0.49999999999999994,-0.8660254037844387
2021-05-31,0,1,1,7,5,0,0,0,5,0,0.0,1.0,0.49999999999999994,-0.8660254037844387
2021-06-01,0,1,1,6,6,0,0,1,6,0,0.7818314824680298,0.6234898018587336,1.2246467991473532e-16,-1.0
2021-06-02,0,1,1,5,7,0,0,2,6,0,0.9749279121818236,-0.22252093395631434,1.2246467991473532e-16,-1.0
2021-06-03,0,1,1,4,8,0,0,3,6,0,0.43388373911755823,-0.900968867902419,1.2246467991473532e-16,-1.0
2021-06-04,0,1,1,3,9,0,0,4,6,0,-0.433883739117558,-0.9009688679024191,1.2246467991473532e-16,-1.0
2021-06-05,0,1,1,2,10,0,0,5,6,1,-0.9749279121818236,-0.2225209339563146,1.2246467991473532e-16,-1.0
2021-06-06,0,1,1,1,11,0,0,6,6,1,-0.7818314824680299,0.6234898018587334,1.2246467991473532e-16,-1.0
2021-06-07,1,1,1,0,0,0,0,0,6,0,0.0,1.0,1.2246467991473532e-16,-1.0
2021-06-08,0,1,1,42,1,0,0,1,6,0,0.7818314824680298,0.6234898018587336,1.2246467991473532e-16,-1.0
2021-06-09,0,1,1,41,2,0,0,2,6,0,0.9749279121818236,-0.22252093395631434,1.2246467991473532e-16,-1.0
2021-06-10,0,1,1,40,3,0,0,3,6,0,0.43388373911755823,-0.900968867902419,1.2246467991473532e-16,-1.0
2021-06-11,0,1,1,39,4,0,0,4,6,0,-0.433883739117558,-0.9009688679024191,1.2246467991473532e-16,-1.0
2021-06-12,0,1,1,38,5,0,0,5,6,1,-0.9749279121818236,-0.2225209339563146,1.2246467991473532e-16,-1.0
2021-06-13,0,1,1,37,6,0,0,6,6,1,-0.7818314824680299,0.6234898018587334,1.2246467991473532e-16,-1.0
2021-06-14,0,0,0,36,7,32,1,0,6,0,0.0,1.0,1.2246467991473532e-16,-1.0
2021-06-15,0,0,0,35,8,31,2,1,6,0,0.7818314824680298,0.6234898018587336,1.2246467991473532e-16,-1.0
2021-06-16,0,0,0,34,9,30,3,2,6,0,0.9749279121818236,-0.22252093395631434,1.2246467991473532e-16,-1.0
2021-06-17,0,0,0,33,10,29,4,3,6,0,0.43388373911755823,-0.900968867902419,1.2246467991473532e-16,-1.0
2021-06-18,0,0,0,32,11,28,5,4,6,0,-0.433883739117558,-0.9009688679024191,1.2246467991473532e-16,-1.0
2021-06-19,0,0,0,31,12,27,6,5,6,1,-0.9749279121818236,-0.2225209339563146,1.2246467991473532e-16,-1.0
2021-06-20,0,0,0,30,13,26,7,6,6,1,-0.7818314824680299,0.6234898018587334,1.2246467991473532e-16,-1.0
2021-06-21,0,0,0,29,14,25,8,0,6,0,0.0,1.0,1.2246467991473532e-16,-1.0
2021-06-22,0,0,0,28,15,24,9,1,6,0,0.7818314824680298,0.6234898018587336,1.2246467991473532e-16,-1.0
2021-06-23,0,0,0,27,16,23,10,2,6,0,0.9749279121818236,-0.22252093395631434,1.2246467991473532e-16,-1.0
2021-06-24,0,0,0,26,17,22,11,3,6,0,0.43388373911755823,-0.900968867902419,1.2246467991473532e-16,-1.0
2021-06-25,0,0,0,25,18,21,12,4,6,0,-0.433883739117558,-0.9009688679024191,1.2246467991473532e-16,-1.0
2021-06-26,0,0,0,24,19,20,13,5,6,1,-0.9749279121818236,-0.2225209339563146,1.2246467991473532e-16,-1.0
2021-06-27,0,0,0,23,20,19,14,6,6,1,-0.7818314824680299,0.6234898018587334,1.2246467991473532e-16,-1.0
2021-06-28,0,0,0,22,21,18,15,0,6,0,0.0,1.0,1.2246467991473532e-16,-1.0
2021-06-29,0,0,0,21,22,17,16,1,6,0,0.7818314824680298,0.6234898018587336,1.2246467991473532e-16,-1.0
2021-06-30,0,0,0,20,23,16,17,2,6,0,0.9749279121818236,-0.22252093395631434,1.2246467991473532e-16,-1.0
2021-07-01,0,0,0,19,24,15,18,3,7,0,0.43388373911755823,-0.900968867902419,-0.4999999999999997,-0.8660254037844388
2021-07-02,0,0,0,18,25,14,19,4,7,0,-0.433883739117558,-0.9009688679024191,-0.4999999999999997,-0.8660254037844388
2021-07-03,0,0,0,17,26,13,20,5,7,1,-0.9749279121818236,-0.2225209339563146,-0.4999999999999997,-0.8660254037844388
2021-07-04,0,0,0,16,27,12,21,6,7,1,-0.7818314824680299,0.6234898018587334,-0.4999999999999997,-0.8660254037844388
2021-07-05,0,0,0,15,28,11,22,0,7,0,0.0,1.0,-0.4999999999999997,-0.8660254037844388
2021-07-06,0,0,0,14,29,10,23,1,7,0,0.7818314824680298,0.6234898018587336,-0.4999999999999997,-0.8660254037844388
2021-07-07,0,0,0,13,30,9,24,2,7,0,0.9749279121818236,-0.22252093395631434,-0.4999999999999997,-0.8660254037844388
2021-07-08,0,0,0,12,31,8,25,3,7,0,0.43388373911755823,-0.900968867902419,-0.4999999999999997,-0.8660254037844388
2021-07-09,0,0,0,11,32,7,26,4,7,0,-0.433883739117558,-0.9009688679024191,-0.4999999999999997,-0.8660254037844388
2021-07-10,0,0,0,10,33,6,27,5,7,1,-0.9749279121818236,-0.2225209339563146,-0.4999999999999997,-0.8660254037844388
2021-07-11,0,0,0,9,34,5,28,6,7,1,-0.7818314824680299,0.6234898018587334,-0.4999999999999997,-0.8660254037844388
2021-07-12,0,0,0,8,35,4,29,0,7,0,0.0,1.0,-0.4999999999999997,-0.8660254037844388
2021-07-13,0,0,0,7,36,3,30,1,7,0,0.7818314824680298,0.6234898018587336,-0.4999999999999997,-0.8660254037844388
2021-07-14,0,0,0,6,37,2,31,2,7,0,0.9749279121818236,-0.22252093395631434,-0.4999999999999997,-0.8660254037844388
2021-07-15,0,0,0,5,38,1,32,3,7,0,0.43388373911755823,-0.900968867902419,-0.4999999999999997,-0.8660254037844388
2021-07-16,0,1,1,4,39,0,0,4,7,0,-0.433883739117558,-0.9009688679024191,-0.4999999999999997,-0.8660254037844388
2021-07-17,0,1,1,3,40,0,0,5,7,1,-0.9749279121818236,-0.2225209339563146,-0.4999999999999997,-0.8660254037844388
2021-07-18,0,1,1,2,41,0,0,6,7,1,-0.7818314824680299,0.6234898018587334,-0.4999999999999997,-0.8660254037844388
2021-07-19,0,1,1,1,42,0,0,0,7,0,0.0,1.0,-0.4999999999999997,-0.8660254037844388
2021-07-20,1,1,1,0,0,0,0,1,7,0,0.7818314824680298,0.6234898018587336,-0.4999999999999997,-0.8660254037844388
2021-07-21,0,1,1,20,1,0,0,2,7,0,0.9749279121818236,-0.22252093395631434,-0.4999999999999997,-0.8660254037844388
2021-07-22,0,1,1,19,2,0,0,3,7,0,0.43388373911755823,-0.900968867902419,-0.4999999999999997,-0.8660254037844388
2021-07-23,0,1,1,18,3,0,0,4,7,0,-0.433883739117558,-0.9009688679024191,-0.4999999999999997,-0.8660254037844388
2021-07-24,0,1,1,17,4,0,0,5,7,1,-0.9749279121818236,-0.2225209339563146,-0.4999999999999997,-0.8660254037844388
2021-07-25,0,1,1,16,5,0,0,6,7,1,-0.7818314824680299,0.6234898018587334,-0.4999999999999997,-0.8660254037844388
2021-07-26,0,0,0,15,6,46,1,0,7,0,0.0,1.0,-0.4999999999999997,-0.8660254037844388
2021-07-27,0,0,0,14,7,45,2,1,7,0,0.7818314824680298,0.6234898018587336,-0.4999999999999997,-0.8660254037844388
2021-07-28,0,0,0,13,8,44,3,2,7,0,0.9749279121818236,-0.22252093395631434,-0.4999999999999997,-0.8660254037844388
2021-07-29,0,0,0,12,9,43,4,3,7,0,0.43388373911755823,-0.900968867902419,-0.4999999999999997,-0.8660254037844388
2021-07-30,0,0,0,11,10,42,5,4,7,0,-0.433883739117558,-0.9009688679024191,-0.4999999999999997,-0.8660254037844388
2021-07-31,0,0,0,10,11,41,6,5,7,1,-0.9749279121818236,-0.2225209339563146,-0.4999999999999997,-0.8660254037844388
2021-08-01,0,0,0,9,12,40,7,6,8,1,-0.7818314824680299,0.6234898018587334,-0.8660254037844385,-0.5000000000000004
2021-08-02,0,0,0,8,13,39,8,0,8,0,0.0,1.0,-0.8660254037844385,-0.5000000000000004
2021-08-03,0,0,0,7,14,38,9,1,8,0,0.7818314824680298,0.6234898018587336,-0.8660254037844385,-0.5000000000000004
2021-08-04,0,0,0,6,15,37,10,2,8,0,0.9749279121818236,-0.22252093395631434,-0.8660254037844385,-0.5000000000000004
2021-08-05,0,0,0,5,16,36,11,3,8,0,0.43388373911755823,-0.900968867902419,-0.8660254037844385,-0.5000000000000004
2021-08-06,0,0,0,4,17,35,12,4,8,0,-0.433883739117558,-0.9009688679024191,-0.8660254037844385,-0.5000000000000004
2021-08-07,0,0,0,3,18,34,13,5,8,1,-0.9749279121818236,-0.2225209339563146,-0.8660254037844385,-0.5000000000000004
2021-08-08,0,0,0,2,19,33,14,6,8,1,-0.7818314824680299,0.6234898018587334,-0.8660254037844385,-0.5000000000000004
2021-08-09,0,0,0,1,20,32,15,0,8,0,0.0,1.0,-0.8660254037844385,-0.5000000000000004
2021-08-10,1,0,1,0,0,31,16,1,8,0,0.7818314824680298,0.6234898018587336,-0.8660254037844385,-0.5000000000000004
2021-08-11,0,0,0,20,1,30,17,2,8,0,0.9749279121818236,-0.22252093395631434,-0.8660254037844385,-0.5000000000000004
2021-08-12,0,0,0,19,2,29,18,3,8,0,0.43388373911755823,-0.900968867902419,-0.8660254037844385,-0.5000000000000004
2021-08-13,0,0,0,18,3,28,19,4,8,0,-0.433883739117558,-0.9009688679024191,-0.8660254037844385,-0.5000000000000004
2021-08-14,0,0,0,17,4,27,20,5,8,1,-0.9749279121818236,-0.2225209339563146,-0.8660254037844385,-0.5000000000000004
2021-08-15,0,0,0,16,5,26,21,6,8,1,-0.7818314824680299,0.6234898018587334,-0.8660254037844385,-0.5000000000000004
2021-08-16,0,0,0,15,6,25,22,0,8,0,0.0,1.0,-0.8660254037844385,-0.5000000000000004
2021-08-17,0,0,0,14,7,24,23,1,8,0,0.7818314824680298,0.6234898018587336,-0.8660254037844385,-0.5000000000000004
2021-08-18,0,0,0,13,8,23,24,2,8,0,0.9749279121818236,-0.22252093395631434,-0.8660254037844385,-0.5000000000000004
2021-08-19,0,0,0,12,9,22,25,3,8,0,0.43388373911755823,-0.900968867902419,-0.8660254037844385,-0.5000000000000004
2021-08-20,0,0,0,11,10,21,26,4,8,0,-0.433883739117558,-0.9009688679024191,-0.8660254037844385,-0.5000000000000004
2021-08-21,0,0,0,10,11,20,27,5,8,1,-0.9749279121818236,-0.2225209339563146,-0.8660254037844385,-0.5000000000000004
2021-08-22,0,0,0,9,12,19,28,6,8,1,-0.7818314824680299,0.6234898018587334,-0.8660254037844385,-0.5000000000000004
2021-08-23,0,0,0,8,13,18,29,0,8,0,0.0,1.0,-0.8660254037844385,-0.5000000000000004
2021-08-24,0,0,0,7,14,17,30,1,8,0,0.7818314824680298,0.6234898018587336,-0.8660254037844385,-0.5000000000000004
2021-08-25,0,0,0,6,15,16,31,2,8,0,0.9749279121818236,-0.22252093395631434,-0.8660254037844385,-0.5000000000000004
2021-08-26,0,0,0,5,16,15,32,3,8,0,0.43388373911755823,-0.900968867902419,-0.8660254037844385,-0.5000000000000004
2021-08-27,0,0,0,4,17,14,33,4,8,0,-0.433883739117558,-0.9009688679024191,-0.8660254037844385,-0.5000000000000004
2021-08-28,0,0,0,3,18,13,34,5,8,1,-0.9749279121818236,-0.2225209339563146,-0.8660254037844385,-0.5000000000000004
2021-08-29,0,0,0,2,19,12,35,6,8,1,-0.7818314824680299,0.6234898018587334,-0.8660254037844385,-0.5000000000000004
2021-08-30,0,0,0,1,20,11,36,0,8,0,0.0,1.0,-0.8660254037844385,-0.5000000000000004
2021-08-31,1,0,1,0,0,10,37,1,8,0,0.7818314824680298,0.6234898018587336,-0.8660254037844385,-0.5000000000000004
2021-09-01,0,0,0,15,1,9,38,2,9,0,0.9749279121818236,-0.22252093395631434,-1.0,-1.8369701987210297e-16
2021-09-02,0,0,0,14,2,8,39,3,9,0,0.43388373911755823,-0.900968867902419,-1.0,-1.8369701987210297e-16
2021-09-03,0,0,0,13,3,7,40,4,9,0,-0.433883739117558,-0.9009688679024191,-1.0,-1.8369701987210297e-16
2021-09-04,0,0,0,12,4,6,41,5,9,1,-0.9749279121818236,-0.2225209339563146,-1.0,-1.8369701987210297e-16
2021-09-05,0,0,0,11,5,5,42,6,9,1,-0.7818314824680299,0.6234898018587334,-1.0,-1.8369701987210297e-16
2021-09-06,0,0,0,10,6,4,43,0,9,0,0.0,1.0,-1.0,-1.8369701987210297e-16
2021-09-07,0,0,0,9,7,3,44,1,9,0,0.7818314824680298,0.6234898018587336,-1.0,-1.8369701987210297e-16
2021-09-08,0,0,0,8,8,2,45,2,9,0,0.9749279121818236,-0.22252093395631434,-1.0,-1.8369701987210297e-16
2021-09-09,0,0,0,7,9,1,46,3,9,0,0.43388373911755823,-0.900968867902419,-1.0,-1.8369701987210297e-16
2021-09-10,0,1,1,6,10,0,0,4,9,0,-0.433883739117558,-0.9009688679024191,-1.0,-1.8369701987210297e-16
2021-09-11,0,1,1,5,11,0,0,5,9,1,-0.9749279121818236,-0.2225209339563146,-1.0,-1.8369701987210297e-16
2021-09-12,0,1,1,4,12,0,0,6,9,1,-0.7818314824680299,0.6234898018587334,-1.0,-1.8369701987210297e-16
2021-09-13,0,1,1,3,13,0,0,0,9,0,0.0,1.0,-1.0,-1.8369701987210297e-16
2021-09-14,0,1,1,2,14,0,0,1,9,0,0.7818314824680298,0.6234898018587336,-1.0,-1.8369701987210297e-16
2021-09-15,0,1,1,1,15,0,0,2,9,0,0.9749279121818236,-0.22252093395631434,-1.0,-1.8369701987210297e-16
2021-09-16,1,1,1,0,0,0,0,3,9,0,0.43388373911755823,-0.900968867902419,-1.0,-1.8369701987210297e-16
2021-09-17,0,1,1,32,1,0,0,4,9,0,-0.433883739117558,-0.9009688679024191,-1.0,-1.8369701987210297e-16
2021-09-18,0,1,1,31,2,0,0,5,9,1,-0.9749279121818236,-0.2225209339563146,-1.0,-1.8369701987210297e-16
2021-09-19,0,1,1,30,3,0,0,6,9,1,-0.7818314824680299,0.6234898018587334,-1.0,-1.8369701987210297e-16
2021-09-20,0,0,0,29,4,81,1,0,9,0,0.0,1.0,-1.0,-1.8369701987210297e-16
2021-09-21,0,0,0,28,5,80,2,1,9,0,0.7818314824680298,0.6234898018587336,-1.0,-1.8369701987210297e-16
2021-09-22,0,0,0,27,6,79,3,2,9,0,0.9749279121818236,-0.22252093395631434,-1.0,-1.8369701987210297e-16
2021-09-23,0,0,0,26,7,78,4,3,9,0,0.43388373911755823,-0.900968867902419,-1.0,-1.8369701987210297e-16
2021-09-24,0,0,0,25,8,77,5,4,9,0,-0.433883739117558,-0.9009688679024191,-1.0,-1.8369701987210297e-16
2021-09-25,0,0,0,24,9,76,6,5,9,1,-0.9749279121818236,-0.2225209339563146,-1.0,-1.8369701987210297e-16
2021-09-26,0,0,0,23,10,75,7,6,9,1,-0.7818314824680299,0.6234898018587334,-1.0,-1.8369701987210297e-16
2021-09-27,0,0,0,22,11,74,8,0,9,0,0.0,1.0,-1.0,-1.8369701987210297e-16
2021-09-28,0,0,0,21,12,73,9,1,9,0,0.7818314824680298,0.6234898018587336,-1.0,-1.8369701987210297e-16
2021-09-29,0,0,0,20,13,72,10,2,9,0,0.9749279121818236,-0.22252093395631434,-1.0,-1.8369701987210297e-16
2021-09-30,0,0,0,19,14,71,11,3,9,0,0.43388373911755823,-0.900968867902419,-1.0,-1.8369701987210297e-16
2021-10-01,0,0,0,18,15,70,12,4,10,0,-0.433883739117558,-0.9009688679024191,-0.8660254037844386,0.5000000000000001
2021-10-02,0,0,0,17,16,69,13,5,10,1,-0.9749279121818236,-0.2225209339563146,-0.8660254037844386,0.5000000000000001
2021-10-03,0,0,0,16,17,68,14,6,10,1,-0.7818314824680299,0.6234898018587334,-0.8660254037844386,0.5000000000000001
2021-10-04,0,0,0,15,18,67,15,0,10,0,0.0,1.0,-0.8660254037844386,0.5000000000000001
2021-10-05,0,0,0,14,19,66,16,1,10,0,0.7818314824680298,0.6234898018587336,-0.8660254037844386,0.5000000000000001
2021-10-06,0,0,0,13,20,65,17,2,10,0,0.9749279121818236,-0.22252093395631434,-0.8660254037844386,0.5000000000000001
2021-10-07,0,0,0,12,21,64,18,3,10,0,0.43388373911755823,-0.900968867902419,-0.8660254037844386,0.5000000000000001
2021-10-08,0,0,0,11,22,63,19,4,10,0,-0.433883739117558,-0.9009688679024191,-0.8660254037844386,0.5000000000000001
2021-10-09,0,0,0,10,23,62,20,5,10,1,-0.9749279121818236,-0.2225209339563146,-0.8660254037844386,0.5000000000000001
2021-10-10,0,0,0,9,24,61,21,6,10,1,-0.7818314824680299,0.6234898018587334,-0.8660254037844386,0.5000000000000001
2021-10-11,0,0,0,8,25,60,22,0,10,0,0.0,1.0,-0.8660254037844386,0.5000000000000001
2021-10-12,0,0,0,7,26,59,23,1,10,0,0.7818314824680298,0.6234898018587336,-0.8660254037844386,0.5000000000000001
2021-10-13,0,0,0,6,27,58,24,2,10,0,0.9749279121818236,-0.22252093395631434,-0.8660254037844386,0.5000000000000001
2021-10-14,0,0,0,5,28,57,25,3,10,0,0.43388373911755823,-0.900968867902419,-0.8660254037844386,0.5000000000000001
2021-10-15,0,0,0,4,29,56,26,4,10,0,-0.433883739117558,-0.9009688679024191,-0.8660254037844386,0.5000000000000001
2021-10-16,0,0,0,3,30,55,27,5,10,1,-0.9749279121818236,-0.2225209339563146,-0.8660254037844386,0.5000000000000001
2021-10-17,0,0,0,2,31,54,28,6,10,1,-0.7818314824680299,0.6234898018587334,-0.8660254037844386,0.5000000000000001
2021-10-18,0,0,0,1,32,53,29,0,10,0,0.0,1.0,-0.8660254037844386,0.5000000000000001
2021-10-19,1,0,1,0,0,52,30,1,10,0,0.7818314824680298,0.6234898018587336,-0.8660254037844386,0.5000000000000001
2021-10-20,0,0,0,15,1,51,31,2,10,0,0.9749279121818236,-0.22252093395631434,-0.8660254037844386,0.5000000000000001
2021-10-21,0,0,0,14,2,50,32,3,10,0,0.43388373911755823,-0.900968867902419,-0.8660254037844386,0.5000000000000001
2021-10-22,0,0,0,13,3,49,33,4,10,0,-0.433883739117558,-0.9009688679024191,-0.8660254037844386,0.5000000000000001
2021-10-23,0,0,0,12,4,48,34,5,10,1,-0.9749279121818236,-0.2225209339563146,-0.8660254037844386,0.5000000000000001
2021-10-24,0,0,0,11,5,47,35,6,10,1,-0.7818314824680299,0.6234898018587334,-0.8660254037844386,0.5000000000000001
2021-10-25,0,0,0,10,6,46,36,0,10,0,0.0,1.0,-0.8660254037844386,0.5000000000000001
2021-10-26,0,0,0,9,7,45,37,1,10,0,0.7818314824680298,0.6234898018587336,-0.8660254037844386,0.5000000000000001
2021-10-27,0,0,0,8,8,44,38,2,10,0,0.9749279121818236,-0.22252093395631434,-0.8660254037844386,0.5000000000000001
2021-10-28,0,0,0,7,9,43,39,3,10,0,0.43388373911755823,-0.900968867902419,-0.8660254037844386,0.5000000000000001
2021-10-29,0,0,0,6,10,42,40,4,10,0,-0.433883739117558,-0.9009688679024191,-0.8660254037844386,0.5000000000000001
2021-10-30,0,0,0,5,11,41,41,5,10,1,-0.9749279121818236,-0.2225209339563146,-0.8660254037844386,0.5000000000000001
2021-10-31,0,0,0,4,12,40,42,6,10,1,-0.7818314824680299,0.6234898018587334,-0.8660254037844386,0.5000000000000001
2021-11-01,0,0,0,3,13,39,43,0,11,0,0.0,1.0,-0.5000000000000004,0.8660254037844384
2021-11-02,0,0,0,2,14,38,44,1,11,0,0.7818314824680298,0.6234898018587336,-0.5000000000000004,0.8660254037844384
2021-11-03,0,0,0,1,15,37,45,2,11,0,0.9749279121818236,-0.22252093395631434,-0.5000000000000004,0.8660254037844384
2021-11-04,1,0,1,0,0,36,46,3,11,0,0.43388373911755823,-0.900968867902419,-0.5000000000000004,0.8660254037844384
2021-11-05,0,0,0,50,1,35,47,4,11,0,-0.433883739117558,-0.9009688679024191,-0.5000000000000004,0.8660254037844384
2021-11-06,0,0,0,49,2,34,48,5,11,1,-0.9749279121818236,-0.2225209339563146,-0.5000000000000004,0.8660254037844384
2021-11-07,0,0,0,48,3,33,49,6,11,1,-0.7818314824680299,0.6234898018587334,-0.5000000000000004,0.8660254037844384
2021-11-08,0,0,0,47,4,32,50,0,11,0,0.0,1.0,-0.5000000000000004,0.8660254037844384
2021-11-09,0,0,0,46,5,31,51,1,11,0,0.7818314824680298,0.6234898018587336,-0.5000000000000004,0.8660254037844384
2021-11-10,0,0,0,45,6,30,52,2,11,0,0.9749279121818236,-0.22252093395631434,-0.5000000000000004,0.8660254037844384
2021-11-11,0,0,0,44,7,29,53,3,11,0,0.43388373911755823,-0.900968867902419,-0.5000000000000004,0.8660254037844384
2021-11-12,0,0,0,43,8,28,54,4,11,0,-0.433883739117558,-0.9009688679024191,-0.5000000000000004,0.8660254037844384
2021-11-13,0,0,0,42,9,27,55,5,11,1,-0.9749279121818236,-0.2225209339563146,-0.5000000000000004,0.8660254037844384
2021-11-14,0,0,0,41,10,26,56,6,11,1,-0.7818314824680299,0.6234898018587334,-0.5000000000000004,0.8660254037844384
2021-11-15,0,0,0,40,11,25,57,0,11,0,0.0,1.0,-0.5000000000000004,0.8660254037844384
2021-11-16,0,0,0,39,12,24,58,1,11,0,0.7818314824680298,0.6234898018587336,-0.5000000000000004,0.8660254037844384
2021-11-17,0,0,0,38,13,23,59,2,11,0,0.9749279121818236,-0.22252093395631434,-0.5000000000000004,0.8660254037844384
2021-11-18,0,0,0,37,14,22,60,3,11,0,0.43388373911755823,-0.900968867902419,-0.5000000000000004,0.8660254037844384
2021-11-19,0,0,0,36,15,21,61,4,11,0,-0.433883739117558,-0.9009688679024191,-0.5000000000000004,0.8660254037844384
2021-11-20,0,0,0,35,16,20,62,5,11,1,-0.9749279121818236,-0.2225209339563146,-0.5000000000000004,0.8660254037844384
2021-11-21,0,0,0,34,17,19,63,6,11,1,-0.7818314824680299,0.6234898018587334,-0.5000000000000004,0.8660254037844384
2021-11-22,0,0,0,33,18,18,64,0,11,0,0.0,1.0,-0.5000000000000004,0.8660254037844384
2021-11-23,0,0,0,32,19,17,65,1,11,0,0.7818314824680298,0.6234898018587336,-0.5000000000000004,0.8660254037844384
2021-11-24,0,0,0,31,20,16,66,2,11,0,0.9749279121818236,-0.22252093395631434,-0.5000000000000004,0.8660254037844384
2021-11-25,0,0,0,30,21,15,67,3,11,0,0.43388373911755823,-0.900968867902419,-0.5000000000000004,0.8660254037844384
2021-11-26,0,0,0,29,22,14,68,4,11,0,-0.433883739117558,-0.9009688679024191,-0.5000000000000004,0.8660254037844384
2021-11-27,0,0,0,28,23,13,69,5,11,1,-0.9749279121818236,-0.2225209339563146,-0.5000000000000004,0.8660254037844384
2021-11-28,0,0,0,27,24,12,70,6,11,1,-0.7818314824680299,0.6234898018587334,-0.5000000000000004,0.8660254037844384
2021-11-29,0,0,0,26,25,11,71,0,11,0,0.0,1.0,-0.5000000000000004,0.8660254037844384
2021-11-30,0,0,0,25,26,10,72,1,11,0,0.7818314824680298,0.6234898018587336,-0.5000000000000004,0.8660254037844384
2021-12-01,0,0,0,24,27,9,73,2,12,0,0.9749279121818236,-0.22252093395631434,-2.4492935982947064e-16,1.0
2021-12-02,0,0,0,23,28,8,74,3,12,0,0.43388373911755823,-0.900968867902419,-2.4492935982947064e-16,1.0
2021-12-03,0,0,0,22,29,7,75,4,12,0,-0.433883739117558,-0.9009688679024191,-2.4492935982947064e-16,1.0
2021-12-04,0,0,0,21,30,6,76,5,12,1,-0.9749279121818236,-0.2225209339563146,-2.4492935982947064e-16,1.0
2021-12-05,0,0,0,20,31,5,77,6,12,1,-0.7818314824680299,0.6234898018587334,-2.4492935982947064e-16,1.0
2021-12-06,0,0,0,19,32,4,78,0,12,0,0.0,1.0,-2.4492935982947064e-16,1.0
2021-12-07,0,0,0,18,33,3,79,1,12,0,0.7818314824680298,0.6234898018587336,-2.4492935982947064e-16,1.0
2021-12-08,0,0,0,17,34,2,80,2,12,0,0.9749279121818236,-0.22252093395631434,-2.4492935982947064e-16,1.0
2021-12-09,0,0,0,16,35,1,81,3,12,0,0.43388373911755823,-0.900968867902419,-2.4492935982947064e-16,1.0
2021-12-10,0,1,1,15,36,0,0,4,12,0,-0.433883739117558,-0.9009688679024191,-2.4492935982947064e-16,1.0
2021-12-11,0,1,1,14,37,0,0,5,12,1,-0.9749279121818236,-0.2225209339563146,-2.4492935982947064e-16,1.0
2021-12-12,0,1,1,13,38,0,0,6,12,1,-0.7818314824680299,0.6234898018587334,-2.4492935982947064e-16,1.0
2021-12-13,0,1,1,12,39,0,0,0,12,0,0.0,1.0,-2.4492935982947064e-16,1.0
2021-12-14,0,1,1,11,40,0,0,1,12,0,0.7818314824680298,0.6234898018587336,-2.4492935982947064e-16,1.0
2021-12-15,0,1,1,10,41,0,0,2,12,0,0.9749279121818236,-0.22252093395631434,-2.4492935982947064e-16,1.0
2021-12-16,0,1,1,9,42,0,0,3,12,0,0.43388373911755823,-0.900968867902419,-2.4492935982947064e-16,1.0
2021-12-17,0,1,1,8,43,0,0,4,12,0,-0.433883739117558,-0.9009688679024191,-2.4492935982947064e-16,1.0
2021-12-18,0,1,1,7,44,0,0,5,12,1,-0.9749279121818236,-0.2225209339563146,-2.4492935982947064e-16,1.0
2021-12-19,0,1,1,6,45,0,0,6,12,1,-0.7818314824680299,0.6234898018587334,-2.4492935982947064e-16,1.0
2021-12-20,0,1,1,5,46,0,0,0,12,0,0.0,1.0,-2.4492935982947064e-16,1.0
2021-12-21,0,1,1,4,47,0,0,1,12,0,0.7818314824680298,0.6234898018587336,-2.4492935982947064e-16,1.0
2021-12-22,0,1,1,3,48,0,0,2,12,0,0.9749279121818236,-0.22252093395631434,-2.4492935982947064e-16,1.0
2021-12-23,0,1,1,2,49,0,0,3,12,0,0.43388373911755823,-0.900968867902419,-2.4492935982947064e-16,1.0
2021-12-24,0,1,1,1,50,0,0,4,12,0,-0.433883739117558,-0.9009688679024191,-2.4492935982947064e-16,1.0
2021-12-25,1,1,1,0,0,0,0,5,12,1,-0.9749279121818236,-0.2225209339563146,-2.4492935982947064e-16,1.0
2021-12-26,0,1,1,37,1,0,0,6,12,1,-0.7818314824680299,0.6234898018587334,-2.4492935982947064e-16,1.0
2021-12-27,0,1,1,36,2,0,0,0,12,0,0.0,1.0,-2.4492935982947064e-16,1.0
2021-12-28,0,1,1,35,3,0,0,1,12,0,0.7818314824680298,0.6234898018587336,-2.4492935982947064e-16,1.0
2021-12-29,0,1,1,34,4,0,0,2,12,0,0.9749279121818236,-0.22252093395631434,-2.4492935982947064e-16,1.0
2021-12-30,0,1,1,33,5,0,0,3,12,0,0.43388373911755823,-0.900968867902419,-2.4492935982947064e-16,1.0
2021-12-31,0,1,1,32,6,0,0,4,12,0,-0.433883739117558,-0.9009688679024191,-2.4492935982947064e-16,1.0
2022-01-01,0,0,0,31,7,153,1,5,1,1,-0.9749279121818236,-0.2225209339563146,0.49999999999999994,0.8660254037844387
2022-01-02,0,0,0,30,8,152,2,6,1,1,-0.7818314824680299,0.6234898018587334,0.49999999999999994,0.8660254037844387
2022-01-03,0,0,0,29,9,151,3,0,1,0,0.0,1.0,0.49999999999999994,0.8660254037844387
2022-01-04,0,0,0,28,10,150,4,1,1,0,0.7818314824680298,0.6234898018587336,0.49999999999999994,0.8660254037844387
2022-01-05,0,0,0,27,11,149,5,2,1,0,0.9749279121818236,-0.22252093395631434,0.49999999999999994,0.8660254037844387
2022-01-06,0,0,0,26,12,148,6,3,1,0,0.43388373911755823,-0.900968867902419,0.49999999999999994,0.8660254037844387
2022-01-07,0,0,0,25,13,147,7,4,1,0,-0.433883739117558,-0.9009688679024191,0.49999999999999994,0.8660254037844387
2022-01-08,0,0,0,24,14,146,8,5,1,1,-0.9749279121818236,-0.2225209339563146,0.49999999999999994,0.8660254037844387
2022-01-09,0,0,0,23,15,145,9,6,1,1,-0.7818314824680299,0.6234898018587334,0.49999999999999994,0.8660254037844387
2022-01-10,0,0,0,22,16,144,10,0,1,0,0.0,1.0,0.49999999999999994,0.8660254037844387
2022-01-11,0,0,0,21,17,143,11,1,1,0,0.7818314824680298,0.6234898018587336,0.49999999999999994,0.8660254037844387
2022-01-12,0,0,0,20,18,142,12,2,1,0,0.9749279121818236,-0.22252093395631434,0.49999999999999994,0.8660254037844387
2022-01-13,0,0,0,19,19,141,13,3,1,0,0.43388373911755823,-0.900968867902419,0.49999999999999994,0.8660254037844387
2022-01-14,0,0,0,18,20,140,14,4,1,0,-0.433883739117558,-0.9009688679024191,0.49999999999999994,0.8660254037844387
2022-01-15,0,0,0,17,21,139,15,5,1,1,-0.9749279121818236,-0.2225209339563146,0.49999999999999994,0.8660254037844387
2022-01-16,0,0,0,16,22,138,16,6,1,1,-0.7818314824680299,0.6234898018587334,0.49999999999999994,0.8660254037844387
2022-01-17,0,0,0,15,23,137,17,0,1,0,0.0,1.0,0.49999999999999994,0.8660254037844387
2022-01-18,0,0,0,14,24,136,18,1,1,0,0.7818314824680298,0.6234898018587336,0.49999999999999994,0.8660254037844387
2022-01-19,0,0,0,13,25,135,19,2,1,0,0.9749279121818236,-0.22252093395631434,0.49999999999999994,0.8660254037844387
2022-01-20,0,0,0,12,26,134,20,3,1,0,0.43388373911755823,-0.900968867902419,0.49999999999999994,0.8660254037844387
2022-01-21,0,0,0,11,27,133,21,4,1,0,-0.433883739117558,-0.9009688679024191,0.49999999999999994,0.8660254037844387
2022-01-22,0,0,0,10,28,132,22,5,1,1,-0.9749279121818236,-0.2225209339563146,0.49999999999999994,0.8660254037844387
2022-01-23,0,0,0,9,29,131,23,6,1,1,-0.7818314824680299,0.6234898018587334,0.49999999999999994,0.8660254037844387
2022-01-24,0,0,0,8,30,130,24,0,1,0,0.0,1.0,0.49999999999999994,0.8660254037844387
2022-01-25,0,0,0,7,31,129,25,1,1,0,0.7818314824680298,0.6234898018587336,0.49999999999999994,0.8660254037844387
2022-01-26,0,0,0,6,32,128,26,2,1,0,0.9749279121818236,-0.22252093395631434,0.49999999999999994,0.8660254037844387
2022-01-27,0,0,0,5,33,127,27,3,1,0,0.43388373911755823,-0.900968867902419,0.49999999999999994,0.8660254037844387
2022-01-28,0,0,0,4,34,126,28,4,1,0,-0.433883739117558,-0.9009688679024191,0.49999999999999994,0.8660254037844387
2022-01-29,0,0,0,3,35,125,29,5,1,1,-0.9749279121818236,-0.2225209339563146,0.49999999999999994,0.8660254037844387
2022-01-30,0,0,0,2,36,124,30,6,1,1,-0.7818314824680299,0.6234898018587334,0.49999999999999994,0.8660254037844387
2022-01-31,0,0,0,1,37,123,31,0,1,0,0.0,1.0,0.49999999999999994,0.8660254037844387
2022-02-01,1,0,1,0,0,122,32,1,2,0,0.7818314824680298,0.6234898018587336,0.8660254037844386,0.5000000000000001
2022-02-02,1,0,1,0,0,121,33,2,2,0,0.9749279121818236,-0.22252093395631434,0.8660254037844386,0.5000000000000001
2022-02-03,0,0,0,87,1,120,34,3,2,0,0.43388373911755823,-0.900968867902419,0.8660254037844386,0.5000000000000001
2022-02-04,0,0,0,86,2,119,35,4,2,0,-0.433883739117558,-0.9009688679024191,0.8660254037844386,0.5000000000000001
2022-02-05,0,0,0,85,3,118,36,5,2,1,-0.9749279121818236,-0.2225209339563146,0.8660254037844386,0.5000000000000001
2022-02-06,0,0,0,84,4,117,37,6,2,1,-0.7818314824680299,0.6234898018587334,0.8660254037844386,0.5000000000000001
2022-02-07,0,0,0,83,5,116,38,0,2,0,0.0,1.0,0.8660254037844386,0.5000000000000001
2022-02-08,0,0,0,82,6,115,39,1,2,0,0.7818314824680298,0.6234898018587336,0.8660254037844386,0.5000000000000001
2022-02-09,0,0,0,81,7,114,40,2,2,0,0.9749279121818236,-0.22252093395631434,0.8660254037844386,0.5000000000000001
2022-02-10,0,0,0,80,8,113,41,3,2,0,0.43388373911755823,-0.900968867902419,0.8660254037844386,0.5000000000000001
2022-02-11,0,0,0,79,9,112,42,4,2,0,-0.433883739117558,-0.9009688679024191,0.8660254037844386,0.5000000000000001
2022-02-12,0,0,0,78,10,111,43,5,2,1,-0.9749279121818236,-0.2225209339563146,0.8660254037844386,0.5000000000000001
2022-02-13,0,0,0,77,11,110,44,6,2,1,-0.7818314824680299,0.6234898018587334,0.8660254037844386,0.5000000000000001
2022-02-14,0,0,0,76,12,109,45,0,2,0,0.0,1.0,0.8660254037844386,0.5000000000000001
2022-02-15,0,0,0,75,13,108,46,1,2,0,0.7818314824680298,0.6234898018587336,0.8660254037844386,0.5000000000000001
2022-02-16,0,0,0,74,14,107,47,2,2,0,0.9749279121818236,-0.22252093395631434,0.8660254037844386,0.5000000000000001
2022-02-17,0,0,0,73,15,106,48,3,2,0,0.43388373911755823,-0.900968867902419,0.8660254037844386,0.5000000000000001
2022-02-18,0,0,0,72,16,105,49,4,2,0,-0.433883739117558,-0.9009688679024191,0.8660254037844386,0.5000000000000001
2022-02-19,0,0,0,71,17,104,50,5,2,1,-0.9749279121818236,-0.2225209339563146,0.8660254037844386,0.5000000000000001
2022-02-20,0,0,0,70,18,103,51,6,2,1,-0.7818314824680299,0.6234898018587334,0.8660254037844386,0.5000000000000001
2022-02-21,0,0,0,69,19,102,52,0,2,0,0.0,1.0,0.8660254037844386,0.5000000000000001
2022-02-22,0,0,0,68,20,101,53,1,2,0,0.7818314824680298,0.6234898018587336,0.8660254037844386,0.5000000000000001
2022-02-23,0,0,0,67,21,100,54,2,2,0,0.9749279121818236,-0.22252093395631434,0.8660254037844386,0.5000000000000001
2022-02-24,0,0,0,66,22,99,55,3,2,0,0.43388373911755823,-0.900968867902419,0.8660254037844386,0.5000000000000001
2022-02-25,0,0,0,65,23,98,56,4,2,0,-0.433883739117558,-0.9009688679024191,0.8660254037844386,0.5000000000000001
2022-02-26,0,0,0,64,24,97,57,5,2,1,-0.9749279121818236,-0.2225209339563146,0.8660254037844386,0.5000000000000001
2022-02-27,0,0,0,63,25,96,58,6,2,1,-0.7818314824680299,0.6234898018587334,0.8660254037844386,0.5000000000000001
2022-02-28,0,0,0,62,26,95,59,0,2,0,0.0,1.0,0.8660254037844386,0.5000000000000001
2022-03-01,0,0,0,61,27,94,60,1,3,0,0.7818314824680298,0.6234898018587336,1.0,6.123233995736766e-17
2022-03-02,0,0,0,60,28,93,61,2,3,0,0.9749279121818236,-0.22252093395631434,1.0,6.123233995736766e-17
2022-03-03,0,0,0,59,29,92,62,3,3,0,0.43388373911755823,-0.900968867902419,1.0,6.123233995736766e-17
2022-03-04,0,0,0,58,30,91,63,4,3,0,-0.433883739117558,-0.9009688679024191,1.0,6.123233995736766e-17
2022-03-05,0,0,0,57,31,90,64,5,3,1,-0.9749279121818236,-0.2225209339563146,1.0,6.123233995736766e-17
2022-03-06,0,0,0,56,32,89,65,6,3,1,-0.7818314824680299,0.6234898018587334,1.0,6.123233995736766e-17
2022-03-07,0,0,0,55,33,88,66,0,3,0,0.0,1.0,1.0,6.123233995736766e-17
2022-03-08,0,0,0,54,34,87,67,1,3,0,0.7818314824680298,0.6234898018587336,1.0,6.123233995736766e-17
2022-03-09,0,0,0,53,35,86,68,2,3,0,0.9749279121818236,-0.22252093395631434,1.0,6.123233995736766e-17
2022-03-10,0,0,0,52,36,85,69,3,3,0,0.43388373911755823,-0.900968867902419,1.0,6.123233995736766e-17
2022-03-11,0,0,0,51,37,84,70,4,3,0,-0.433883739117558,-0.9009688679024191,1.0,6.123233995736766e-17
2022-03-12,0,0,0,50,38,83,71,5,3,1,-0.9749279121818236,-0.2225209339563146,1.0,6.123233995736766e-17
2022-03-13,0,0,0,49,39,82,72,6,3,1,-0.7818314824680299,0.6234898018587334,1.0,6.123233995736766e-17
2022-03-14,0,0,0,48,40,81,73,0,3,0,0.0,1.0,1.0,6.123233995736766e-17
2022-03-15,0,0,0,47,41,80,74,1,3,0,0.7818314824680298,0.6234898018587336,1.0,6.123233995736766e-17
2022-03-16,0,0,0,46,42,79,75,2,3,0,0.9749279121818236,-0.22252093395631434,1.0,6.123233995736766e-17
2022-03-17,0,0,0,45,43,78,76,3,3,0,0.43388373911755823,-0.900968867902419,1.0,6.123233995736766e-17
2022-03-18,0,0,0,44,44,77,77,4,3,0,-0.433883739117558,-0.9009688679024191,1.0,6.123233995736766e-17
2022-03-19,0,0,0,43,45,76,78,5,3,1,-0.9749279121818236,-0.2225209339563146,1.0,6.123233995736766e-17
2022-03-20,0,0,0,42,46,75,79,6,3,1,-0.7818314824680299,0.6234898018587334,1.0,6.123233995736766e-17
2022-03-21,0,0,0,41,47,74,80,0,3,0,0.0,1.0,1.0,6.123233995736766e-17
2022-03-22,0,0,0,40,48,73,81,1,3,0,0.7818314824680298,0.6234898018587336,1.0,6.123233995736766e-17
2022-03-23,0,0,0,39,49,72,82,2,3,0,0.9749279121818236,-0.22252093395631434,1.0,6.123233995736766e-17
2022-03-24,0,0,0,38,50,71,83,3,3,0,0.43388373911755823,-0.900968867902419,1.0,6.123233995736766e-17
2022-03-25,0,0,0,37,51,70,84,4,3,0,-0.433883739117558,-0.9009688679024191,1.0,6.123233995736766e-17
2022-03-26,0,0,0,36,52,69,85,5,3,1,-0.9749279121818236,-0.2225209339563146,1.0,6.123233995736766e-17
2022-03-27,0,0,0,35,53,68,86,6,3,1,-0.7818314824680299,0.6234898018587334,1.0,6.123233995736766e-17
2022-03-28,0,0,0,34,54,67,87,0,3,0,0.0,1.0,1.0,6.123233995736766e-17
2022-03-29,0,0,0,33,55,66,88,1,3,0,0.7818314824680298,0.6234898018587336,1.0,6.123233995736766e-17
2022-03-30,0,0,0,32,56,65,89,2,3,0,0.9749279121818236,-0.22252093395631434,1.0,6.123233995736766e-17
2022-03-31,0,0,0,31,57,64,90,3,3,0,0.43388373911755823,-0.900968867902419,1.0,6.123233995736766e-17
2022-04-01,0,0,0,30,58,63,91,4,4,0,-0.433883739117558,-0.9009688679024191,0.8660254037844387,-0.4999999999999998
2022-04-02,0,0,0,29,59,62,92,5,4,1,-0.9749279121818236,-0.2225209339563146,0.8660254037844387,-0.4999999999999998
2022-04-03,0,0,0,28,60,61,93,6,4,1,-0.7818314824680299,0.6234898018587334,0.8660254037844387,-0.4999999999999998
2022-04-04,0,0,0,27,61,60,94,0,4,0,0.0,1.0,0.8660254037844387,-0.4999999999999998
2022-04-05,0,0,0,26,62,59,95,1,4,0,0.7818314824680298,0.6234898018587336,0.8660254037844387,-0.4999999999999998
2022-04-06,0,0,0,25,63,58,96,2,4,0,0.9749279121818236,-0.22252093395631434,0.8660254037844387,-0.4999999999999998
2022-04-07,0,0,0,24,64,57,97,3,4,0,0.43388373911755823,-0.900968867902419,0.8660254037844387,-0.4999999999999998
2022-04-08,0,0,0,23,65,56,98,4,4,0,-0.433883739117558,-0.9009688679024191,0.8660254037844387,-0.4999999999999998
2022-04-09,0,0,0,22,66,55,99,5,4,1,-0.9749279121818236,-0.2225209339563146,0.8660254037844387,-0.4999999999999998
2022-04-10,0,0,0,21,67,54,100,6,4,1,-0.7818314824680299,0.6234898018587334,0.8660254037844387,-0.4999999999999998
2022-04-11,0,0,0,20,68,53,101,0,4,0,0.0,1.0,0.8660254037844387,-0.4999999999999998
2022-04-12,0,0,0,19,69,52,102,1,4,0,0.7818314824680298,0.6234898018587336,0.8660254037844387,-0.4999999999999998
2022-04-13,0,0,0,18,70,51,103,2,4,0,0.9749279121818236,-0.22252093395631434,0.8660254037844387,-0.4999999999999998
2022-04-14,0,0,0,17,71,50,104,3,4,0,0.43388373911755823,-0.900968867902419,0.8660254037844387,-0.4999999999999998
2022-04-15,0,0,0,16,72,49,105,4,4,0,-0.433883739117558,-0.9009688679024191,0.8660254037844387,-0.4999999999999998
2022-04-16,0,0,0,15,73,48,106,5,4,1,-0.9749279121818236,-0.2225209339563146,0.8660254037844387,-0.4999999999999998
2022-04-17,0,0,0,14,74,47,107,6,4,1,-0.7818314824680299,0.6234898018587334,0.8660254037844387,-0.4999999999999998
2022-04-18,0,0,0,13,75,46,108,0,4,0,0.0,1.0,0.8660254037844387,-0.4999999999999998
2022-04-19,0,0,0,12,76,45,109,1,4,0,0.7818314824680298,0.6234898018587336,0.8660254037844387,-0.4999999999999998
2022-04-20,0,0,0,11,77,44,110,2,4,0,0.9749279121818236,-0.22252093395631434,0.8660254037844387,-0.4999999999999998
2022-04-21,0,0,0,10,78,43,111,3,4,0,0.43388373911755823,-0.900968867902419,0.8660254037844387,-0.4999999999999998
2022-04-22,0,0,0,9,79,42,112,4,4,0,-0.433883739117558,-0.9009688679024191,0.8660254037844387,-0.4999999999999998
2022-04-23,0,0,0,8,80,41,113,5,4,1,-0.9749279121818236,-0.2225209339563146,0.8660254037844387,-0.4999999999999998
2022-04-24,0,0,0,7,81,40,114,6,4,1,-0.7818314824680299,0.6234898018587334,0.8660254037844387,-0.4999999999999998
2022-04-25,0,0,0,6,82,39,115,0,4,0,0.0,1.0,0.8660254037844387,-0.4999999999999998
2022-04-26,0,0,0,5,83,38,116,1,4,0,0.7818314824680298,0.6234898018587336,0.8660254037844387,-0.4999999999999998
2022-04-27,0,0,0,4,84,37,117,2,4,0,0.9749279121818236,-0.22252093395631434,0.8660254037844387,-0.4999999999999998
2022-04-28,0,0,0,3,85,36,118,3,4,0,0.43388373911755823,-0.900968867902419,0.8660254037844387,-0.4999999999999998
2022-04-29,0,0,0,2,86,35,119,4,4,0,-0.433883739117558,-0.9009688679024191,0.8660254037844387,-0.4999999999999998
2022-04-30,0,0,0,1,87,34,120,5,4,1,-0.9749279121818236,-0.2225209339563146,0.8660254037844387,-0.4999999999999998
2022-05-01,1,0,1,0,0,33,121,6,5,1,-0.7818314824680299,0.6234898018587334,0.49999999999999994,-0.8660254037844387
2022-05-02,0,0,0,1,1,32,122,0,5,0,0.0,1.0,0.49999999999999994,-0.8660254037844387
2022-05-03,1,0,1,0,0,31,123,1,5,0,0.7818314824680298,0.6234898018587336,0.49999999999999994,-0.8660254037844387
2022-05-04,1,0,1,0,0,30,124,2,5,0,0.9749279121818236,-0.22252093395631434,0.49999999999999994,-0.8660254037844387
2022-05-05,0,0,0,10,1,29,125,3,5,0,0.43388373911755823,-0.900968867902419,0.49999999999999994,-0.8660254037844387
2022-05-06,0,0,0,9,2,28,126,4,5,0,-0.433883739117558,-0.9009688679024191,0.49999999999999994,-0.8660254037844387
2022-05-07,0,0,0,8,3,27,127,5,5,1,-0.9749279121818236,-0.2225209339563146,0.49999999999999994,-0.8660254037844387
2022-05-08,0,0,0,7,4,26,128,6,5,1,-0.7818314824680299,0.6234898018587334,0.49999999999999994,-0.8660254037844387
2022-05-09,0,0,0,6,5,25,129,0,5,0,0.0,1.0,0.49999999999999994,-0.8660254037844387
2022-05-10,0,0,0,5,6,24,130,1,5,0,0.7818314824680298,0.6234898018587336,0.49999999999999994,-0.8660254037844387
2022-05-11,0,0,0,4,7,23,131,2,5,0,0.9749279121818236,-0.22252093395631434,0.49999999999999994,-0.8660254037844387
2022-05-12,0,0,0,3,8,22,132,3,5,0,0.43388373911755823,-0.900968867902419,0.49999999999999994,-0.8660254037844387
2022-05-13,0,0,0,2,9,21,133,4,5,0,-0.433883739117558,-0.9009688679024191,0.49999999999999994,-0.8660254037844387
2022-05-14,0,0,0,1,10,20,134,5,5,1,-0.9749279121818236,-0.2225209339563146,0.49999999999999994,-0.8660254037844387
2022-05-15,1,0,1,0,0,19,135,6,5,1,-0.7818314824680299,0.6234898018587334,0.49999999999999994,-0.8660254037844387
2022-05-16,0,0,0,21,1,18,136,0,5,0,0.0,1.0,0.49999999999999994,-0.8660254037844387
2022-05-17,0,0,0,20,2,17,137,1,5,0,0.7818314824680298,0.6234898018587336,0.49999999999999994,-0.8660254037844387
2022-05-18,0,0,0,19,3,16,138,2,5,0,0.9749279121818236,-0.22252093395631434,0.49999999999999994,-0.8660254037844387
2022-05-19,0,0,0,18,4,15,139,3,5,0,0.43388373911755823,-0.900968867902419,0.49999999999999994,-0.8660254037844387
2022-05-20,0,0,0,17,5,14,140,4,5,0,-0.433883739117558,-0.9009688679024191,0.49999999999999994,-0.8660254037844387
2022-05-21,0,0,0,16,6,13,141,5,5,1,-0.9749279121818236,-0.2225209339563146,0.49999999999999994,-0.8660254037844387
2022-05-22,0,0,0,15,7,12,142,6,5,1,-0.7818314824680299,0.6234898018587334,0.49999999999999994,-0.8660254037844387
2022-05-23,0,0,0,14,8,11,143,0,5,0,0.0,1.0,0.49999999999999994,-0.8660254037844387
2022-05-24,0,0,0,13,9,10,144,1,5,0,0.7818314824680298,0.6234898018587336,0.49999999999999994,-0.8660254037844387
2022-05-25,0,0,0,12,10,9,145,2,5,0,0.9749279121818236,-0.22252093395631434,0.49999999999999994,-0.8660254037844387
2022-05-26,0,0,0,11,11,8,146,3,5,0,0.43388373911755823,-0.900968867902419,0.49999999999999994,-0.8660254037844387
2022-05-27,0,0,0,10,12,7,147,4,5,0,-0.433883739117558,-0.9009688679024191,0.49999999999999994,-0.8660254037844387
2022-05-28,0,0,0,9,13,6,148,5,5,1,-0.9749279121818236,-0.2225209339563146,0.49999999999999994,-0.8660254037844387
2022-05-29,0,0,0,8,14,5,149,6,5,1,-0.7818314824680299,0.6234898018587334,0.49999999999999994,-0.8660254037844387
2022-05-30,0,0,0,7,15,4,150,0,5,0,0.0,1.0,0.49999999999999994,-0.8660254037844387
2022-05-31,0,0,0,6,16,3,151,1,5,0,0.7818314824680298,0.6234898018587336,0.49999999999999994,-0.8660254037844387
2022-06-01,0,0,0,5,17,2,152,2,6,0,0.9749279121818236,-0.22252093395631434,1.2246467991473532e-16,-1.0
2022-06-02,0,0,0,4,18,1,153,3,6,0,0.43388373911755823,-0.900968867902419,1.2246467991473532e-16,-1.0
2022-06-03,0,1,1,3,19,0,0,4,6,0,-0.433883739117558,-0.9009688679024191,1.2246467991473532e-16,-1.0
2022-06-04,0,1,1,2,20,0,0,5,6,1,-0.9749279121818236,-0.2225209339563146,1.2246467991473532e-16,-1.0
2022-06-05,0,1,1,1,21,0,0,6,6,1,-0.7818314824680299,0.6234898018587334,1.2246467991473532e-16,-1.0
2022-06-06,1,1,1,0,0,0,0,0,6,0,0.0,1.0,1.2246467991473532e-16,-1.0
2022-06-07,0,1,1,33,1,0,0,1,6,0,0.7818314824680298,0.6234898018587336,1.2246467991473532e-16,-1.0
2022-06-08,0,1,1,32,2,0,0,2,6,0,0.9749279121818236,-0.22252093395631434,1.2246467991473532e-16,-1.0
2022-06-09,0,1,1,31,3,0,0,3,6,0,0.43388373911755823,-0.900968867902419,1.2246467991473532e-16,-1.0
2022-06-10,0,1,1,30,4,0,0,4,6,0,-0.433883739117558,-0.9009688679024191,1.2246467991473532e-16,-1.0
2022-06-11,0,1,1,29,5,0,0,5,6,1,-0.9749279121818236,-0.2225209339563146,1.2246467991473532e-16,-1.0
2022-06-12,0,1,1,28,6,0,0,6,6,1,-0.7818314824680299,0.6234898018587334,1.2246467991473532e-16,-1.0
2022-06-13,0,0,0,27,7,81,1,0,6,0,0.0,1.0,1.2246467991473532e-16,-1.0
2022-06-14,0,0,0,26,8,80,2,1,6,0,0.7818314824680298,0.6234898018587336,1.2246467991473532e-16,-1.0
2022-06-15,0,0,0,25,9,79,3,2,6,0,0.9749279121818236,-0.22252093395631434,1.2246467991473532e-16,-1.0
2022-06-16,0,0,0,24,10,78,4,3,6,0,0.43388373911755823,-0.900968867902419,1.2246467991473532e-16,-1.0
2022-06-17,0,0,0,23,11,77,5,4,6,0,-0.433883739117558,-0.9009688679024191,1.2246467991473532e-16,-1.0
2022-06-18,0,0,0,22,12,76,6,5,6,1,-0.9749279121818236,-0.2225209339563146,1.2246467991473532e-16,-1.0
2022-06-19,0,0,0,21,13,75,7,6,6,1,-0.7818314824680299,0.6234898018587334,1.2246467991473532e-16,-1.0
2022-06-20,0,0,0,20,14,74,8,0,6,0,0.0,1.0,1.2246467991473532e-16,-1.0
2022-06-21,0,0,0,19,15,73,9,1,6,0,0.7818314824680298,0.6234898018587336,1.2246467991473532e-16,-1.0
2022-06-22,0,0,0,18,16,72,10,2,6,0,0.9749279121818236,-0.22252093395631434,1.2246467991473532e-16,-1.0
2022-06-23,0,0,0,17,17,71,11,3,6,0,0.43388373911755823,-0.900968867902419,1.2246467991473532e-16,-1.0
2022-06-24,0,0,0,16,18,70,12,4,6,0,-0.433883739117558,-0.9009688679024191,1.2246467991473532e-16,-1.0
2022-06-25,0,0,0,15,19,69,13,5,6,1,-0.9749279121818236,-0.2225209339563146,1.2246467991473532e-16,-1.0
2022-06-26,0,0,0,14,20,68,14,6,6,1,-0.7818314824680299,0.6234898018587334,1.2246467991473532e-16,-1.0
2022-06-27,0,0,0,13,21,67,15,0,6,0,0.0,1.0,1.2246467991473532e-16,-1.0
2022-06-28,0,0,0,12,22,66,16,1,6,0,0.7818314824680298,0.6234898018587336,1.2246467991473532e-16,-1.0
2022-06-29,0,0,0,11,23,65,17,2,6,0,0.9749279121818236,-0.22252093395631434,1.2246467991473532e-16,-1.0
2022-06-30,0,0,0,10,24,64,18,3,6,0,0.43388373911755823,-0.900968867902419,1.2246467991473532e-16,-1.0
2022-07-01,0,0,0,9,25,63,19,4,7,0,-0.433883739117558,-0.9009688679024191,-0.4999999999999997,-0.8660254037844388
2022-07-02,0,0,0,8,26,62,20,5,7,1,-0.9749279121818236,-0.2225209339563146,-0.4999999999999997,-0.8660254037844388
2022-07-03,0,0,0,7,27,61,21,6,7,1,-0.7818314824680299,0.6234898018587334,-0.4999999999999997,-0.8660254037844388
2022-07-04,0,0,0,6,28,60,22,0,7,0,0.0,1.0,-0.4999999999999997,-0.8660254037844388
2022-07-05,0,0,0,5,29,59,23,1,7,0,0.7818314824680298,0.6234898018587336,-0.4999999999999997,-0.8660254037844388
2022-07-06,0,0,0,4,30,58,24,2,7,0,0.9749279121818236,-0.22252093395631434,-0.4999999999999997,-0.8660254037844388
2022-07-07,0,0,0,3,31,57,25,3,7,0,0.43388373911755823,-0.900968867902419,-0.4999999999999997,-0.8660254037844388
2022-07-08,0,0,0,2,32,56,26,4,7,0,-0.433883739117558,-0.9009688679024191,-0.4999999999999997,-0.8660254037844388
2022-07-09,0,0,0,1,33,55,27,5,7,1,-0.9749279121818236,-0.2225209339563146,-0.4999999999999997,-0.8660254037844388
2022-07-10,1,0,1,0,0,54,28,6,7,1,-0.7818314824680299,0.6234898018587334,-0.4999999999999997,-0.8660254037844388
2022-07-11,0,0,0,19,1,53,29,0,7,0,0.0,1.0,-0.4999999999999997,-0.8660254037844388
2022-07-12,0,0,0,18,2,52,30,1,7,0,0.7818314824680298,0.6234898018587336,-0.4999999999999997,-0.8660254037844388
2022-07-13,0,0,0,17,3,51,31,2,7,0,0.9749279121818236,-0.22252093395631434,-0.4999999999999997,-0.8660254037844388
2022-07-14,0,0,0,16,4,50,32,3,7,0,0.43388373911755823,-0.900968867902419,-0.4999999999999997,-0.8660254037844388
2022-07-15,0,0,0,15,5,49,33,4,7,0,-0.433883739117558,-0.9009688679024191,-0.4999999999999997,-0.8660254037844388
2022-07-16,0,0,0,14,6,48,34,5,7,1,-0.9749279121818236,-0.2225209339563146,-0.4999999999999997,-0.8660254037844388
2022-07-17,0,0,0,13,7,47,35,6,7,1,-0.7818314824680299,0.6234898018587334,-0.4999999999999997,-0.8660254037844388
2022-07-18,0,0,0,12,8,46,36,0,7,0,0.0,1.0,-0.4999999999999997,-0.8660254037844388
2022-07-19,0,0,0,11,9,45,37,1,7,0,0.7818314824680298,0.6234898018587336,-0.4999999999999997,-0.8660254037844388
2022-07-20,0,0,0,10,10,44,38,2,7,0,0.9749279121818236,-0.22252093395631434,-0.4999999999999997,-0.8660254037844388
2022-07-21,0,0,0,9,11,43,39,3,7,0,0.43388373911755823,-0.900968867902419,-0.4999999999999997,-0.8660254037844388
2022-07-22,0,0,0,8,12,42,40,4,7,0,-0.433883739117558,-0.9009688679024191,-0.4999999999999997,-0.8660254037844388
2022-07-23,0,0,0,7,13,41,41,5,7,1,-0.9749279121818236,-0.2225209339563146,-0.4999999999999997,-0.8660254037844388
2022-07-24,0,0,0,6,14,40,42,6,7,1,-0.7818314824680299,0.6234898018587334,-0.4999999999999997,-0.8660254037844388
2022-07-25,0,0,0,5,15,39,43,0,7,0,0.0,1.0,-0.4999999999999997,-0.8660254037844388
2022-07-26,0,0,0,4,16,38,44,1,7,0,0.7818314824680298,0.6234898018587336,-0.4999999999999997,-0.8660254037844388
2022-07-27,0,0,0,3,17,37,45,2,7,0,0.9749279121818236,-0.22252093395631434,-0.4999999999999997,-0.8660254037844388
2022-07-28,0,0,0,2,18,36,46,3,7,0,0.43388373911755823,-0.900968867902419,-0.4999999999999997,-0.8660254037844388
2022-07-29,0,0,0,1,19,35,47,4,7,0,-0.433883739117558,-0.9009688679024191,-0.4999999999999997,-0.8660254037844388
2022-07-30,1,0,1,0,0,34,48,5,7,1,-0.9749279121818236,-0.2225209339563146,-0.4999999999999997,-0.8660254037844388
2022-07-31,0,0,0,31,1,33,49,6,7,1,-0.7818314824680299,0.6234898018587334,-0.4999999999999997,-0.8660254037844388
2022-08-01,0,0,0,30,2,32,50,0,8,0,0.0,1.0,-0.8660254037844385,-0.5000000000000004
2022-08-02,0,0,0,29,3,31,51,1,8,0,0.7818314824680298,0.6234898018587336,-0.8660254037844385,-0.5000000000000004
2022-08-03,0,0,0,28,4,30,52,2,8,0,0.9749279121818236,-0.22252093395631434,-0.8660254037844385,-0.5000000000000004
2022-08-04,0,0,0,27,5,29,53,3,8,0,0.43388373911755823,-0.900968867902419,-0.8660254037844385,-0.5000000000000004
2022-08-05,0,0,0,26,6,28,54,4,8,0,-0.433883739117558,-0.9009688679024191,-0.8660254037844385,-0.5000000000000004
2022-08-06,0,0,0,25,7,27,55,5,8,1,-0.9749279121818236,-0.2225209339563146,-0.8660254037844385,-0.5000000000000004
2022-08-07,0,0,0,24,8,26,56,6,8,1,-0.7818314824680299,0.6234898018587334,-0.8660254037844385,-0.5000000000000004
2022-08-08,0,0,0,23,9,25,57,0,8,0,0.0,1.0,-0.8660254037844385,-0.5000000000000004
2022-08-09,0,0,0,22,10,24,58,1,8,0,0.7818314824680298,0.6234898018587336,-0.8660254037844385,-0.5000000000000004
2022-08-10,0,0,0,21,11,23,59,2,8,0,0.9749279121818236,-0.22252093395631434,-0.8660254037844385,-0.5000000000000004
2022-08-11,0,0,0,20,12,22,60,3,8,0,0.43388373911755823,-0.900968867902419,-0.8660254037844385,-0.5000000000000004
2022-08-12,0,0,0,19,13,21,61,4,8,0,-0.433883739117558,-0.9009688679024191,-0.8660254037844385,-0.5000000000000004
2022-08-13,0,0,0,18,14,20,62,5,8,1,-0.9749279121818236,-0.2225209339563146,-0.8660254037844385,-0.5000000000000004
2022-08-14,0,0,0,17,15,19,63,6,8,1,-0.7818314824680299,0.6234898018587334,-0.8660254037844385,-0.5000000000000004
2022-08-15,0,0,0,16,16,18,64,0,8,0,0.0,1.0,-0.8660254037844385,-0.5000000000000004
2022-08-16,0,0,0,15,17,17,65,1,8,0,0.7818314824680298,0.6234898018587336,-0.8660254037844385,-0.5000000000000004
2022-08-17,0,0,0,14,18,16,66,2,8,0,0.9749279121818236,-0.22252093395631434,-0.8660254037844385,-0.5000000000000004
2022-08-18,0,0,0,13,19,15,67,3,8,0,0.43388373911755823,-0.900968867902419,-0.8660254037844385,-0.5000000000000004
2022-08-19,0,0,0,12,20,14,68,4,8,0,-0.433883739117558,-0.9009688679024191,-0.8660254037844385,-0.5000000000000004
2022-08-20,0,0,0,11,21,13,69,5,8,1,-0.9749279121818236,-0.2225209339563146,-0.8660254037844385,-0.5000000000000004
2022-08-21,0,0,0,10,22,12,70,6,8,1,-0.7818314824680299,0.6234898018587334,-0.8660254037844385,-0.5000000000000004
2022-08-22,0,0,0,9,23,11,71,0,8,0,0.0,1.0,-0.8660254037844385,-0.5000000000000004
2022-08-23,0,0,0,8,24,10,72,1,8,0,0.7818314824680298,0.6234898018587336,-0.8660254037844385,-0.5000000000000004
2022-08-24,0,0,0,7,25,9,73,2,8,0,0.9749279121818236,-0.22252093395631434,-0.8660254037844385,-0.5000000000000004
2022-08-25,0,0,0,6,26,8,74,3,8,0,0.43388373911755823,-0.900968867902419,-0.8660254037844385,-0.5000000000000004
2022-08-26,0,0,0,5,27,7,75,4,8,0,-0.433883739117558,-0.9009688679024191,-0.8660254037844385,-0.5000000000000004
2022-08-27,0,0,0,4,28,6,76,5,8,1,-0.9749279121818236,-0.2225209339563146,-0.8660254037844385,-0.5000000000000004
2022-08-28,0,0,0,3,29,5,77,6,8,1,-0.7818314824680299,0.6234898018587334,-0.8660254037844385,-0.5000000000000004
2022-08-29,0,0,0,2,30,4,78,0,8,0,0.0,1.0,-0.8660254037844385,-0.5000000000000004
2022-08-30,0,0,0,1,31,3,79,1,8,0,0.7818314824680298,0.6234898018587336,-0.8660254037844385,-0.5000000000000004
2022-08-31,1,0,1,0,0,2,80,2,8,0,0.9749279121818236,-0.22252093395631434,-0.8660254037844385,-0.5000000000000004
2022-09-01,0,0,0,15,1,1,81,3,9,0,0.43388373911755823,-0.900968867902419,-1.0,-1.8369701987210297e-16
2022-09-02,0,1,1,14,2,0,0,4,9,0,-0.433883739117558,-0.9009688679024191,-1.0,-1.8369701987210297e-16
2022-09-03,0,1,1,13,3,0,0,5,9,1,-0.9749279121818236,-0.2225209339563146,-1.0,-1.8369701987210297e-16
2022-09-04,0,1,1,12,4,0,0,6,9,1,-0.7818314824680299,0.6234898018587334,-1.0,-1.8369701987210297e-16
2022-09-05,0,1,1,11,5,0,0,0,9,0,0.0,1.0,-1.0,-1.8369701987210297e-16
2022-09-06,0,1,1,10,6,0,0,1,9,0,0.7818314824680298,0.6234898018587336,-1.0,-1.8369701987210297e-16
2022-09-07,0,1,1,9,7,0,0,2,9,0,0.9749279121818236,-0.22252093395631434,-1.0,-1.8369701987210297e-16
2022-09-08,0,1,1,8,8,0,0,3,9,0,0.43388373911755823,-0.900968867902419,-1.0,-1.8369701987210297e-16
2022-09-09,0,1,1,7,9,0,0,4,9,0,-0.433883739117558,-0.9009688679024191,-1.0,-1.8369701987210297e-16
2022-09-10,0,1,1,6,10,0,0,5,9,1,-0.9749279121818236,-0.2225209339563146,-1.0,-1.8369701987210297e-16
2022-09-11,0,1,1,5,11,0,0,6,9,1,-0.7818314824680299,0.6234898018587334,-1.0,-1.8369701987210297e-16
2022-09-12,0,0,0,4,12,88,1,0,9,0,0.0,1.0,-1.0,-1.8369701987210297e-16
2022-09-13,0,0,0,3,13,87,2,1,9,0,0.7818314824680298,0.6234898018587336,-1.0,-1.8369701987210297e-16
2022-09-14,0,0,0,2,14,86,3,2,9,0,0.9749279121818236,-0.22252093395631434,-1.0,-1.8369701987210297e-16
2022-09-15,0,0,0,1,15,85,4,3,9,0,0.43388373911755823,-0.900968867902419,-1.0,-1.8369701987210297e-16
2022-09-16,1,0,1,0,0,84,5,4,9,0,-0.433883739117558,-0.9009688679024191,-1.0,-1.8369701987210297e-16
2022-09-17,0,0,0,22,1,83,6,5,9,1,-0.9749279121818236,-0.2225209339563146,-1.0,-1.8369701987210297e-16
2022-09-18,0,0,0,21,2,82,7,6,9,1,-0.7818314824680299,0.6234898018587334,-1.0,-1.8369701987210297e-16
2022-09-19,0,0,0,20,3,81,8,0,9,0,0.0,1.0,-1.0,-1.8369701987210297e-16
2022-09-20,0,0,0,19,4,80,9,1,9,0,0.7818314824680298,0.6234898018587336,-1.0,-1.8369701987210297e-16
2022-09-21,0,0,0,18,5,79,10,2,9,0,0.9749279121818236,-0.22252093395631434,-1.0,-1.8369701987210297e-16
2022-09-22,0,0,0,17,6,78,11,3,9,0,0.43388373911755823,-0.900968867902419,-1.0,-1.8369701987210297e-16
2022-09-23,0,0,0,16,7,77,12,4,9,0,-0.433883739117558,-0.9009688679024191,-1.0,-1.8369701987210297e-16
2022-09-24,0,0,0,15,8,76,13,5,9,1,-0.9749279121818236,-0.2225209339563146,-1.0,-1.8369701987210297e-16
2022-09-25,0,0,0,14,9,75,14,6,9,1,-0.7818314824680299,0.6234898018587334,-1.0,-1.8369701987210297e-16
2022-09-26,0,0,0,13,10,74,15,0,9,0,0.0,1.0,-1.0,-1.8369701987210297e-16
2022-09-27,0,0,0,12,11,73,16,1,9,0,0.7818314824680298,0.6234898018587336,-1.0,-1.8369701987210297e-16
2022-09-28,0,0,0,11,12,72,17,2,9,0,0.9749279121818236,-0.22252093395631434,-1.0,-1.8369701987210297e-16
2022-09-29,0,0,0,10,13,71,18,3,9,0,0.43388373911755823,-0.900968867902419,-1.0,-1.8369701987210297e-16
2022-09-30,0,0,0,9,14,70,19,4,9,0,-0.433883739117558,-0.9009688679024191,-1.0,-1.8369701987210297e-16
2022-10-01,0,0,0,8,15,69,20,5,10,1,-0.9749279121818236,-0.2225209339563146,-0.8660254037844386,0.5000000000000001
2022-10-02,0,0,0,7,16,68,21,6,10,1,-0.7818314824680299,0.6234898018587334,-0.8660254037844386,0.5000000000000001
2022-10-03,0,0,0,6,17,67,22,0,10,0,0.0,1.0,-0.8660254037844386,0.5000000000000001
2022-10-04,0,0,0,5,18,66,23,1,10,0,0.7818314824680298,0.6234898018587336,-0.8660254037844386,0.5000000000000001
2022-10-05,0,0,0,4,19,65,24,2,10,0,0.9749279121818236,-0.22252093395631434,-0.8660254037844386,0.5000000000000001
2022-10-06,0,0,0,3,20,64,25,3,10,0,0.43388373911755823,-0.900968867902419,-0.8660254037844386,0.5000000000000001
2022-10-07,0,0,0,2,21,63,26,4,10,0,-0.433883739117558,-0.9009688679024191,-0.8660254037844386,0.5000000000000001
2022-10-08,0,0,0,1,22,62,27,5,10,1,-0.9749279121818236,-0.2225209339563146,-0.8660254037844386,0.5000000000000001
2022-10-09,1,0,1,0,0,61,28,6,10,1,-0.7818314824680299,0.6234898018587334,-0.8660254037844386,0.5000000000000001
2022-10-10,0,0,0,14,1,60,29,0,10,0,0.0,1.0,-0.8660254037844386,0.5000000000000001
2022-10-11,0,0,0,13,2,59,30,1,10,0,0.7818314824680298,0.6234898018587336,-0.8660254037844386,0.5000000000000001
2022-10-12,0,0,0,12,3,58,31,2,10,0,0.9749279121818236,-0.22252093395631434,-0.8660254037844386,0.5000000000000001
2022-10-13,0,0,0,11,4,57,32,3,10,0,0.43388373911755823,-0.900968867902419,-0.8660254037844386,0.5000000000000001
2022-10-14,0,0,0,10,5,56,33,4,10,0,-0.433883739117558,-0.9009688679024191,-0.8660254037844386,0.5000000000000001
2022-10-15,0,0,0,9,6,55,34,5,10,1,-0.9749279121818236,-0.2225209339563146,-0.8660254037844386,0.5000000000000001
2022-10-16,0,0,0,8,7,54,35,6,10,1,-0.7818314824680299,0.6234898018587334,-0.8660254037844386,0.5000000000000001
2022-10-17,0,0,0,7,8,53,36,0,10,0,0.0,1.0,-0.8660254037844386,0.5000000000000001
2022-10-18,0,0,0,6,9,52,37,1,10,0,0.7818314824680298,0.6234898018587336,-0.8660254037844386,0.5000000000000001
2022-10-19,0,0,0,5,10,51,38,2,10,0,0.9749279121818236,-0.22252093395631434,-0.8660254037844386,0.5000000000000001
2022-10-20,0,0,0,4,11,50,39,3,10,0,0.43388373911755823,-0.900968867902419,-0.8660254037844386,0.5000000000000001
2022-10-21,0,0,0,3,12,49,40,4,10,0,-0.433883739117558,-0.9009688679024191,-0.8660254037844386,0.5000000000000001
2022-10-22,0,0,0,2,13,48,41,5,10,1,-0.9749279121818236,-0.2225209339563146,-0.8660254037844386,0.5000000000000001
2022-10-23,0,0,0,1,14,47,42,6,10,1,-0.7818314824680299,0.6234898018587334,-0.8660254037844386,0.5000000000000001
2022-10-24,1,0,1,0,0,46,43,0,10,0,0.0,1.0,-0.8660254037844386,0.5000000000000001
2022-10-25,0,0,0,24,1,45,44,1,10,0,0.7818314824680298,0.6234898018587336,-0.8660254037844386,0.5000000000000001
2022-10-26,0,0,0,23,2,44,45,2,10,0,0.9749279121818236,-0.22252093395631434,-0.8660254037844386,0.5000000000000001
2022-10-27,0,0,0,22,3,43,46,3,10,0,0.43388373911755823,-0.900968867902419,-0.8660254037844386,0.5000000000000001
2022-10-28,0,0,0,21,4,42,47,4,10,0,-0.433883739117558,-0.9009688679024191,-0.8660254037844386,0.5000000000000001
2022-10-29,0,0,0,20,5,41,48,5,10,1,-0.9749279121818236,-0.2225209339563146,-0.8660254037844386,0.5000000000000001
2022-10-30,0,0,0,19,6,40,49,6,10,1,-0.7818314824680299,0.6234898018587334,-0.8660254037844386,0.5000000000000001
2022-10-31,0,0,0,18,7,39,50,0,10,0,0.0,1.0,-0.8660254037844386,0.5000000000000001
2022-11-01,0,0,0,17,8,38,51,1,11,0,0.7818314824680298,0.6234898018587336,-0.5000000000000004,0.8660254037844384
2022-11-02,0,0,0,16,9,37,52,2,11,0,0.9749279121818236,-0.22252093395631434,-0.5000000000000004,0.8660254037844384
2022-11-03,0,0,0,15,10,36,53,3,11,0,0.43388373911755823,-0.900968867902419,-0.5000000000000004,0.8660254037844384
2022-11-04,0,0,0,14,11,35,54,4,11,0,-0.433883739117558,-0.9009688679024191,-0.5000000000000004,0.8660254037844384
2022-11-05,0,0,0,13,12,34,55,5,11,1,-0.9749279121818236,-0.2225209339563146,-0.5000000000000004,0.8660254037844384
2022-11-06,0,0,0,12,13,33,56,6,11,1,-0.7818314824680299,0.6234898018587334,-0.5000000000000004,0.8660254037844384
2022-11-07,0,0,0,11,14,32,57,0,11,0,0.0,1.0,-0.5000000000000004,0.8660254037844384
2022-11-08,0,0,0,10,15,31,58,1,11,0,0.7818314824680298,0.6234898018587336,-0.5000000000000004,0.8660254037844384
2022-11-09,0,0,0,9,16,30,59,2,11,0,0.9749279121818236,-0.22252093395631434,-0.5000000000000004,0.8660254037844384
2022-11-10,0,0,0,8,17,29,60,3,11,0,0.43388373911755823,-0.900968867902419,-0.5000000000000004,0.8660254037844384
2022-11-11,0,0,0,7,18,28,61,4,11,0,-0.433883739117558,-0.9009688679024191,-0.5000000000000004,0.8660254037844384
2022-11-12,0,0,0,6,19,27,62,5,11,1,-0.9749279121818236,-0.2225209339563146,-0.5000000000000004,0.8660254037844384
2022-11-13,0,0,0,5,20,26,63,6,11,1,-0.7818314824680299,0.6234898018587334,-0.5000000000000004,0.8660254037844384
2022-11-14,0,0,0,4,21,25,64,0,11,0,0.0,1.0,-0.5000000000000004,0.8660254037844384
2022-11-15,0,0,0,3,22,24,65,1,11,0,0.7818314824680298,0.6234898018587336,-0.5000000000000004,0.8660254037844384
2022-11-16,0,0,0,2,23,23,66,2,11,0,0.9749279121818236,-0.22252093395631434,-0.5000000000000004,0.8660254037844384
2022-11-17,0,0,0,1,24,22,67,3,11,0,0.43388373911755823,-0.900968867902419,-0.5000000000000004,0.8660254037844384
2022-11-18,1,0,1,0,0,21,68,4,11,0,-0.433883739117558,-0.9009688679024191,-0.5000000000000004,0.8660254037844384
2022-11-19,1,0,1,0,0,20,69,5,11,1,-0.9749279121818236,-0.2225209339563146,-0.5000000000000004,0.8660254037844384
2022-11-20,0,0,0,8,1,19,70,6,11,1,-0.7818314824680299,0.6234898018587334,-0.5000000000000004,0.8660254037844384
2022-11-21,0,0,0,7,2,18,71,0,11,0,0.0,1.0,-0.5000000000000004,0.8660254037844384
2022-11-22,0,0,0,6,3,17,72,1,11,0,0.7818314824680298,0.6234898018587336,-0.5000000000000004,0.8660254037844384
2022-11-23,0,0,0,5,4,16,73,2,11,0,0.9749279121818236,-0.22252093395631434,-0.5000000000000004,0.8660254037844384
2022-11-24,0,0,0,4,5,15,74,3,11,0,0.43388373911755823,-0.900968867902419,-0.5000000000000004,0.8660254037844384
2022-11-25,0,0,0,3,6,14,75,4,11,0,-0.433883739117558,-0.9009688679024191,-0.5000000000000004,0.8660254037844384
2022-11-26,0,0,0,2,7,13,76,5,11,1,-0.9749279121818236,-0.2225209339563146,-0.5000000000000004,0.8660254037844384
2022-11-27,0,0,0,1,8,12,77,6,11,1,-0.7818314824680299,0.6234898018587334,-0.5000000000000004,0.8660254037844384
2022-11-28,1,0,1,0,0,11,78,0,11,0,0.0,1.0,-0.5000000000000004,0.8660254037844384
2022-11-29,0,0,0,26,1,10,79,1,11,0,0.7818314824680298,0.6234898018587336,-0.5000000000000004,0.8660254037844384
2022-11-30,0,0,0,25,2,9,80,2,11,0,0.9749279121818236,-0.22252093395631434,-0.5000000000000004,0.8660254037844384
2022-12-01,0,0,0,24,3,8,81,3,12,0,0.43388373911755823,-0.900968867902419,-2.4492935982947064e-16,1.0
2022-12-02,0,0,0,23,4,7,82,4,12,0,-0.433883739117558,-0.9009688679024191,-2.4492935982947064e-16,1.0
2022-12-03,0,0,0,22,5,6,83,5,12,1,-0.9749279121818236,-0.2225209339563146,-2.4492935982947064e-16,1.0
2022-12-04,0,0,0,21,6,5,84,6,12,1,-0.7818314824680299,0.6234898018587334,-2.4492935982947064e-16,1.0
2022-12-05,0,0,0,20,7,4,85,0,12,0,0.0,1.0,-2.4492935982947064e-16,1.0
2022-12-06,0,0,0,19,8,3,86,1,12,0,0.7818314824680298,0.6234898018587336,-2.4492935982947064e-16,1.0
2022-12-07,0,0,0,18,9,2,87,2,12,0,0.9749279121818236,-0.22252093395631434,-2.4492935982947064e-16,1.0
2022-12-08,0,0,0,17,10,1,88,3,12,0,0.43388373911755823,-0.900968867902419,-2.4492935982947064e-16,1.0
2022-12-09,0,1,1,16,11,0,0,4,12,0,-0.433883739117558,-0.9009688679024191,-2.4492935982947064e-16,1.0
2022-12-10,0,1,1,15,12,0,0,5,12,1,-0.9749279121818236,-0.2225209339563146,-2.4492935982947064e-16,1.0
2022-12-11,0,1,1,14,13,0,0,6,12,1,-0.7818314824680299,0.6234898018587334,-2.4492935982947064e-16,1.0
2022-12-12,0,1,1,13,14,0,0,0,12,0,0.0,1.0,-2.4492935982947064e-16,1.0
2022-12-13,0,1,1,12,15,0,0,1,12,0,0.7818314824680298,0.6234898018587336,-2.4492935982947064e-16,1.0
2022-12-14,0,1,1,11,16,0,0,2,12,0,0.9749279121818236,-0.22252093395631434,-2.4492935982947064e-16,1.0
2022-12-15,0,1,1,10,17,0,0,3,12,0,0.43388373911755823,-0.900968867902419,-2.4492935982947064e-16,1.0
2022-12-16,0,1,1,9,18,0,0,4,12,0,-0.433883739117558,-0.9009688679024191,-2.4492935982947064e-16,1.0
2022-12-17,0,1,1,8,19,0,0,5,12,1,-0.9749279121818236,-0.2225209339563146,-2.4492935982947064e-16,1.0
2022-12-18,0,1,1,7,20,0,0,6,12,1,-0.7818314824680299,0.6234898018587334,-2.4492935982947064e-16,1.0
2022-12-19,0,1,1,6,21,0,0,0,12,0,0.0,1.0,-2.4492935982947064e-16,1.0
2022-12-20,0,1,1,5,22,0,0,1,12,0,0.7818314824680298,0.6234898018587336,-2.4492935982947064e-16,1.0
2022-12-21,0,1,1,4,23,0,0,2,12,0,0.9749279121818236,-0.22252093395631434,-2.4492935982947064e-16,1.0
2022-12-22,0,1,1,3,24,0,0,3,12,0,0.43388373911755823,-0.900968867902419,-2.4492935982947064e-16,1.0
2022-12-23,0,1,1,2,25,0,0,4,12,0,-0.433883739117558,-0.9009688679024191,-2.4492935982947064e-16,1.0
2022-12-24,0,1,1,1,26,0,0,5,12,1,-0.9749279121818236,-0.2225209339563146,-2.4492935982947064e-16,1.0
2022-12-25,1,1,1,0,0,0,0,6,12,1,-0.7818314824680299,0.6234898018587334,-2.4492935982947064e-16,1.0
2022-12-26,0,1,1,6,1,0,0,0,12,0,0.0,1.0,-2.4492935982947064e-16,1.0
2022-12-27,0,1,1,5,2,0,0,1,12,0,0.7818314824680298,0.6234898018587336,-2.4492935982947064e-16,1.0
2022-12-28,0,1,1,4,3,0,0,2,12,0,0.9749279121818236,-0.22252093395631434,-2.4492935982947064e-16,1.0
2022-12-29,0,1,1,3,4,0,0,3,12,0,0.43388373911755823,-0.900968867902419,-2.4492935982947064e-16,1.0
2022-12-30,0,1,1,2,5,0,0,4,12,0,-0.433883739117558,-0.9009688679024191,-2.4492935982947064e-16,1.0
2022-12-31,0,1,1,1,6,0,0,5,12,1,-0.9749279121818236,-0.2225209339563146,-2.4492935982947064e-16,1.0
2023-01-01,1,0,1,0,0,47,1,6,1,1,-0.7818314824680299,0.6234898018587334,0.49999999999999994,0.8660254037844387
2023-01-02,0,0,0,20,1,46,2,0,1,0,0.0,1.0,0.49999999999999994,0.8660254037844387
2023-01-03,0,0,0,19,2,45,3,1,1,0,0.7818314824680298,0.6234898018587336,0.49999999999999994,0.8660254037844387
2023-01-04,0,0,0,18,3,44,4,2,1,0,0.9749279121818236,-0.22252093395631434,0.49999999999999994,0.8660254037844387
2023-01-05,0,0,0,17,4,43,5,3,1,0,0.43388373911755823,-0.900968867902419,0.49999999999999994,0.8660254037844387
2023-01-06,0,0,0,16,5,42,6,4,1,0,-0.433883739117558,-0.9009688679024191,0.49999999999999994,0.8660254037844387
2023-01-07,0,0,0,15,6,41,7,5,1,1,-0.9749279121818236,-0.2225209339563146,0.49999999999999994,0.8660254037844387
2023-01-08,0,0,0,14,7,40,8,6,1,1,-0.7818314824680299,0.6234898018587334,0.49999999999999994,0.8660254037844387
2023-01-09,0,0,0,13,8,39,9,0,1,0,0.0,1.0,0.49999999999999994,0.8660254037844387
2023-01-10,0,0,0,12,9,38,10,1,1,0,0.7818314824680298,0.6234898018587336,0.49999999999999994,0.8660254037844387
2023-01-11,0,0,0,11,10,37,11,2,1,0,0.9749279121818236,-0.22252093395631434,0.49999999999999994,0.8660254037844387
2023-01-12,0,0,0,10,11,36,12,3,1,0,0.43388373911755823,-0.900968867902419,0.49999999999999994,0.8660254037844387
2023-01-13,0,0,0,9,12,35,13,4,1,0,-0.433883739117558,-0.9009688679024191,0.49999999999999994,0.8660254037844387
2023-01-14,0,0,0,8,13,34,14,5,1,1,-0.9749279121818236,-0.2225209339563146,0.49999999999999994,0.8660254037844387
2023-01-15,0,0,0,7,14,33,15,6,1,1,-0.7818314824680299,0.6234898018587334,0.49999999999999994,0.8660254037844387
2023-01-16,0,0,0,6,15,32,16,0,1,0,0.0,1.0,0.49999999999999994,0.8660254037844387
2023-01-17,0,0,0,5,16,31,17,1,1,0,0.7818314824680298,0.6234898018587336,0.49999999999999994,0.8660254037844387
2023-01-18,0,0,0,4,17,30,18,2,1,0,0.9749279121818236,-0.22252093395631434,0.49999999999999994,0.8660254037844387
2023-01-19,0,0,0,3,18,29,19,3,1,0,0.43388373911755823,-0.900968867902419,0.49999999999999994,0.8660254037844387
2023-01-20,0,0,0,2,19,28,20,4,1,0,-0.433883739117558,-0.9009688679024191,0.49999999999999994,0.8660254037844387
2023-01-21,0,0,0,1,20,27,21,5,1,1,-0.9749279121818236,-0.2225209339563146,0.49999999999999994,0.8660254037844387
2023-01-22,1,0,1,0,0,26,22,6,1,1,-0.7818314824680299,0.6234898018587334,0.49999999999999994,0.8660254037844387
2023-01-23,1,0,1,0,0,25,23,0,1,0,0.0,1.0,0.49999999999999994,0.8660254037844387
2023-01-24,0,0,0,12,1,24,24,1,1,0,0.7818314824680298,0.6234898018587336,0.49999999999999994,0.8660254037844387
2023-01-25,0,0,0,11,2,23,25,2,1,0,0.9749279121818236,-0.22252093395631434,0.49999999999999994,0.8660254037844387
2023-01-26,0,0,0,10,3,22,26,3,1,0,0.43388373911755823,-0.900968867902419,0.49999999999999994,0.8660254037844387
2023-01-27,0,0,0,9,4,21,27,4,1,0,-0.433883739117558,-0.9009688679024191,0.49999999999999994,0.8660254037844387
2023-01-28,0,0,0,8,5,20,28,5,1,1,-0.9749279121818236,-0.2225209339563146,0.49999999999999994,0.8660254037844387
2023-01-29,0,0,0,7,6,19,29,6,1,1,-0.7818314824680299,0.6234898018587334,0.49999999999999994,0.8660254037844387
2023-01-30,0,0,0,6,7,18,30,0,1,0,0.0,1.0,0.49999999999999994,0.8660254037844387
2023-01-31,0,0,0,5,8,17,31,1,1,0,0.7818314824680298,0.6234898018587336,0.49999999999999994,0.8660254037844387
2023-02-01,0,0,0,4,9,16,32,2,2,0,0.9749279121818236,-0.22252093395631434,0.8660254037844386,0.5000000000000001
2023-02-02,0,0,0,3,10,15,33,3,2,0,0.43388373911755823,-0.900968867902419,0.8660254037844386,0.5000000000000001
2023-02-03,0,0,0,2,11,14,34,4,2,0,-0.433883739117558,-0.9009688679024191,0.8660254037844386,0.5000000000000001
2023-02-04,0,0,0,1,12,13,35,5,2,1,-0.9749279121818236,-0.2225209339563146,0.8660254037844386,0.5000000000000001
2023-02-05,1,0,1,0,0,12,36,6,2,1,-0.7818314824680299,0.6234898018587334,0.8660254037844386,0.5000000000000001
2023-02-06,0,0,0,74,1,11,37,0,2,0,0.0,1.0,0.8660254037844386,0.5000000000000001
2023-02-07,0,0,0,73,2,10,38,1,2,0,0.7818314824680298,0.6234898018587336,0.8660254037844386,0.5000000000000001
2023-02-08,0,0,0,72,3,9,39,2,2,0,0.9749279121818236,-0.22252093395631434,0.8660254037844386,0.5000000000000001
2023-02-09,0,0,0,71,4,8,40,3,2,0,0.43388373911755823,-0.900968867902419,0.8660254037844386,0.5000000000000001
2023-02-10,0,0,0,70,5,7,41,4,2,0,-0.433883739117558,-0.9009688679024191,0.8660254037844386,0.5000000000000001
2023-02-11,0,0,0,69,6,6,42,5,2,1,-0.9749279121818236,-0.2225209339563146,0.8660254037844386,0.5000000000000001
2023-02-12,0,0,0,68,7,5,43,6,2,1,-0.7818314824680299,0.6234898018587334,0.8660254037844386,0.5000000000000001
2023-02-13,0,0,0,67,8,4,44,0,2,0,0.0,1.0,0.8660254037844386,0.5000000000000001
2023-02-14,0,0,0,66,9,3,45,1,2,0,0.7818314824680298,0.6234898018587336,0.8660254037844386,0.5000000000000001
2023-02-15,0,0,0,65,10,2,46,2,2,0,0.9749279121818236,-0.22252093395631434,0.8660254037844386,0.5000000000000001
2023-02-16,0,0,0,64,11,1,47,3,2,0,0.43388373911755823,-0.900968867902419,0.8660254037844386,0.5000000000000001
2023-02-17,0,1,1,63,12,0,0,4,2,0,-0.433883739117558,-0.9009688679024191,0.8660254037844386,0.5000000000000001
2023-02-18,0,1,1,62,13,0,0,5,2,1,-0.9749279121818236,-0.2225209339563146,0.8660254037844386,0.5000000000000001
2023-02-19,0,1,1,61,14,0,0,6,2,1,-0.7818314824680299,0.6234898018587334,0.8660254037844386,0.5000000000000001
2023-02-20,0,1,1,60,15,0,0,0,2,0,0.0,1.0,0.8660254037844386,0.5000000000000001
2023-02-21,0,1,1,59,16,0,0,1,2,0,0.7818314824680298,0.6234898018587336,0.8660254037844386,0.5000000000000001
2023-02-22,0,1,1,58,17,0,0,2,2,0,0.9749279121818236,-0.22252093395631434,0.8660254037844386,0.5000000000000001
2023-02-23,0,1,1,57,18,0,0,3,2,0,0.43388373911755823,-0.900968867902419,0.8660254037844386,0.5000000000000001
2023-02-24,0,1,1,56,19,0,0,4,2,0,-0.433883739117558,-0.9009688679024191,0.8660254037844386,0.5000000000000001
2023-02-25,0,1,1,55,20,0,0,5,2,1,-0.9749279121818236,-0.2225209339563146,0.8660254037844386,0.5000000000000001
2023-02-26,0,1,1,54,21,0,0,6,2,1,-0.7818314824680299,0.6234898018587334,0.8660254037844386,0.5000000000000001
2023-02-27,0,1,1,53,22,0,0,0,2,0,0.0,1.0,0.8660254037844386,0.5000000000000001
2023-02-28,0,1,1,52,23,0,0,1,2,0,0.7818314824680298,0.6234898018587336,0.8660254037844386,0.5000000000000001
2023-03-01,0,1,1,51,24,0,0,2,3,0,0.9749279121818236,-0.22252093395631434,1.0,6.123233995736766e-17
2023-03-02,0,1,1,50,25,0,0,3,3,0,0.43388373911755823,-0.900968867902419,1.0,6.123233995736766e-17
2023-03-03,0,1,1,49,26,0,0,4,3,0,-0.433883739117558,-0.9009688679024191,1.0,6.123233995736766e-17
2023-03-04,0,1,1,48,27,0,0,5,3,1,-0.9749279121818236,-0.2225209339563146,1.0,6.123233995736766e-17
2023-03-05,0,1,1,47,28,0,0,6,3,1,-0.7818314824680299,0.6234898018587334,1.0,6.123233995736766e-17
2023-03-06,0,1,1,46,29,0,0,0,3,0,0.0,1.0,1.0,6.123233995736766e-17
2023-03-07,0,1,1,45,30,0,0,1,3,0,0.7818314824680298,0.6234898018587336,1.0,6.123233995736766e-17
2023-03-08,0,1,1,44,31,0,0,2,3,0,0.9749279121818236,-0.22252093395631434,1.0,6.123233995736766e-17
2023-03-09,0,1,1,43,32,0,0,3,3,0,0.43388373911755823,-0.900968867902419,1.0,6.123233995736766e-17
2023-03-10,0,1,1,42,33,0,0,4,3,0,-0.433883739117558,-0.9009688679024191,1.0,6.123233995736766e-17
2023-03-11,0,1,1,41,34,0,0,5,3,1,-0.9749279121818236,-0.2225209339563146,1.0,6.123233995736766e-17
2023-03-12,0,1,1,40,35,0,0,6,3,1,-0.7818314824680299,0.6234898018587334,1.0,6.123233995736766e-17
2023-03-13,0,0,0,39,36,39,1,0,3,0,0.0,1.0,1.0,6.123233995736766e-17
2023-03-14,0,0,0,38,37,38,2,1,3,0,0.7818314824680298,0.6234898018587336,1.0,6.123233995736766e-17
2023-03-15,0,0,0,37,38,37,3,2,3,0,0.9749279121818236,-0.22252093395631434,1.0,6.123233995736766e-17
2023-03-16,0,0,0,36,39,36,4,3,3,0,0.43388373911755823,-0.900968867902419,1.0,6.123233995736766e-17
2023-03-17,0,0,0,35,40,35,5,4,3,0,-0.433883739117558,-0.9009688679024191,1.0,6.123233995736766e-17
2023-03-18,0,0,0,34,41,34,6,5,3,1,-0.9749279121818236,-0.2225209339563146,1.0,6.123233995736766e-17
2023-03-19,0,0,0,33,42,33,7,6,3,1,-0.7818314824680299,0.6234898018587334,1.0,6.123233995736766e-17
2023-03-20,0,0,0,32,43,32,8,0,3,0,0.0,1.0,1.0,6.123233995736766e-17
2023-03-21,0,0,0,31,44,31,9,1,3,0,0.7818314824680298,0.6234898018587336,1.0,6.123233995736766e-17
2023-03-22,0,0,0,30,45,30,10,2,3,0,0.9749279121818236,-0.22252093395631434,1.0,6.123233995736766e-17
2023-03-23,0,0,0,29,46,29,11,3,3,0,0.43388373911755823,-0.900968867902419,1.0,6.123233995736766e-17
2023-03-24,0,0,0,28,47,28,12,4,3,0,-0.433883739117558,-0.9009688679024191,1.0,6.123233995736766e-17
2023-03-25,0,0,0,27,48,27,13,5,3,1,-0.9749279121818236,-0.2225209339563146,1.0,6.123233995736766e-17
2023-03-26,0,0,0,26,49,26,14,6,3,1,-0.7818314824680299,0.6234898018587334,1.0,6.123233995736766e-17
2023-03-27,0,0,0,25,50,25,15,0,3,0,0.0,1.0,1.0,6.123233995736766e-17
2023-03-28,0,0,0,24,51,24,16,1,3,0,0.7818314824680298,0.6234898018587336,1.0,6.123233995736766e-17
2023-03-29,0,0,0,23,52,23,17,2,3,0,0.9749279121818236,-0.22252093395631434,1.0,6.123233995736766e-17
2023-03-30,0,0,0,22,53,22,18,3,3,0,0.43388373911755823,-0.900968867902419,1.0,6.123233995736766e-17
2023-03-31,0,0,0,21,54,21,19,4,3,0,-0.433883739117558,-0.9009688679024191,1.0,6.123233995736766e-17
2023-04-01,0,0,0,20,55,20,20,5,4,1,-0.9749279121818236,-0.2225209339563146,0.8660254037844387,-0.4999999999999998
2023-04-02,0,0,0,19,56,19,21,6,4,1,-0.7818314824680299,0.6234898018587334,0.8660254037844387,-0.4999999999999998
2023-04-03,0,0,0,18,57,18,22,0,4,0,0.0,1.0,0.8660254037844387,-0.4999999999999998
2023-04-04,0,0,0,17,58,17,23,1,4,0,0.7818314824680298,0.6234898018587336,0.8660254037844387,-0.4999999999999998
2023-04-05,0,0,0,16,59,16,24,2,4,0,0.9749279121818236,-0.22252093395631434,0.8660254037844387,-0.4999999999999998
2023-04-06,0,0,0,15,60,15,25,3,4,0,0.43388373911755823,-0.900968867902419,0.8660254037844387,-0.4999999999999998
2023-04-07,0,0,0,14,61,14,26,4,4,0,-0.433883739117558,-0.9009688679024191,0.8660254037844387,-0.4999999999999998
2023-04-08,0,0,0,13,62,13,27,5,4,1,-0.9749279121818236,-0.2225209339563146,0.8660254037844387,-0.4999999999999998
2023-04-09,0,0,0,12,63,12,28,6,4,1,-0.7818314824680299,0.6234898018587334,0.8660254037844387,-0.4999999999999998
2023-04-10,0,0,0,11,64,11,29,0,4,0,0.0,1.0,0.8660254037844387,-0.4999999999999998
2023-04-11,0,0,0,10,65,10,30,1,4,0,0.7818314824680298,0.6234898018587336,0.8660254037844387,-0.4999999999999998
2023-04-12,0,0,0,9,66,9,31,2,4,0,0.9749279121818236,-0.22252093395631434,0.8660254037844387,-0.4999999999999998
2023-04-13,0,0,0,8,67,8,32,3,4,0,0.43388373911755823,-0.900968867902419,0.8660254037844387,-0.4999999999999998
2023-04-14,0,0,0,7,68,7,33,4,4,0,-0.433883739117558,-0.9009688679024191,0.8660254037844387,-0.4999999999999998
2023-04-15,0,0,0,6,69,6,34,5,4,1,-0.9749279121818236,-0.2225209339563146,0.8660254037844387,-0.4999999999999998
2023-04-16,0,0,0,5,70,5,35,6,4,1,-0.7818314824680299,0.6234898018587334,0.8660254037844387,-0.4999999999999998
2023-04-17,0,0,0,4,71,4,36,0,4,0,0.0,1.0,0.8660254037844387,-0.4999999999999998
2023-04-18,0,0,0,3,72,3,37,1,4,0,0.7818314824680298,0.6234898018587336,0.8660254037844387,-0.4999999999999998
2023-04-19,0,0,0,2,73,2,38,2,4,0,0.9749279121818236,-0.22252093395631434,0.8660254037844387,-0.4999999999999998
2023-04-20,0,0,0,1,74,1,39,3,4,0,0.43388373911755823,-0.900968867902419,0.8660254037844387,-0.4999999999999998
2023-04-21,1,1,1,0,0,0,0,4,4,0,-0.433883739117558,-0.9009688679024191,0.8660254037844387,-0.4999999999999998
2023-04-22,1,1,1,0,0,0,0,5,4,1,-0.9749279121818236,-0.2225209339563146,0.8660254037844387,-0.4999999999999998
2023-04-23,1,1,1,0,0,0,0,6,4,1,-0.7818314824680299,0.6234898018587334,0.8660254037844387,-0.4999999999999998
2023-04-24,0,1,1,7,1,0,0,0,4,0,0.0,1.0,0.8660254037844387,-0.4999999999999998
2023-04-25,0,1,1,6,2,0,0,1,4,0,0.7818314824680298,0.6234898018587336,0.8660254037844387,-0.4999999999999998
2023-04-26,0,1,1,5,3,0,0,2,4,0,0.9749279121818236,-0.22252093395631434,0.8660254037844387,-0.4999999999999998
2023-04-27,0,1,1,4,4,0,0,3,4,0,0.43388373911755823,-0.900968867902419,0.8660254037844387,-0.4999999999999998
2023-04-28,0,1,1,3,5,0,0,4,4,0,-0.433883739117558,-0.9009688679024191,0.8660254037844387,-0.4999999999999998
2023-04-29,0,1,1,2,6,0,0,5,4,1,-0.9749279121818236,-0.2225209339563146,0.8660254037844387,-0.4999999999999998
2023-04-30,0,1,1,1,7,0,0,6,4,1,-0.7818314824680299,0.6234898018587334,0.8660254037844387,-0.4999999999999998
2023-05-01,1,0,1,0,0,25,1,0,5,0,0.0,1.0,0.49999999999999994,-0.8660254037844387
2023-05-02,0,0,0,2,1,24,2,1,5,0,0.7818314824680298,0.6234898018587336,0.49999999999999994,-0.8660254037844387
2023-05-03,0,0,0,1,2,23,3,2,5,0,0.9749279121818236,-0.22252093395631434,0.49999999999999994,-0.8660254037844387
2023-05-04,1,0,1,0,0,22,4,3,5,0,0.43388373911755823,-0.900968867902419,0.49999999999999994,-0.8660254037844387
2023-05-05,0,0,0,31,1,21,5,4,5,0,-0.433883739117558,-0.9009688679024191,0.49999999999999994,-0.8660254037844387
2023-05-06,0,0,0,30,2,20,6,5,5,1,-0.9749279121818236,-0.2225209339563146,0.49999999999999994,-0.8660254037844387
2023-05-07,0,0,0,29,3,19,7,6,5,1,-0.7818314824680299,0.6234898018587334,0.49999999999999994,-0.8660254037844387
2023-05-08,0,0,0,28,4,18,8,0,5,0,0.0,1.0,0.49999999999999994,-0.8660254037844387
2023-05-09,0,0,0,27,5,17,9,1,5,0,0.7818314824680298,0.6234898018587336,0.49999999999999994,-0.8660254037844387
2023-05-10,0,0,0,26,6,16,10,2,5,0,0.9749279121818236,-0.22252093395631434,0.49999999999999994,-0.8660254037844387
2023-05-11,0,0,0,25,7,15,11,3,5,0,0.43388373911755823,-0.900968867902419,0.49999999999999994,-0.8660254037844387
2023-05-12,0,0,0,24,8,14,12,4,5,0,-0.433883739117558,-0.9009688679024191,0.49999999999999994,-0.8660254037844387
2023-05-13,0,0,0,23,9,13,13,5,5,1,-0.9749279121818236,-0.2225209339563146,0.49999999999999994,-0.8660254037844387
2023-05-14,0,0,0,22,10,12,14,6,5,1,-0.7818314824680299,0.6234898018587334,0.49999999999999994,-0.8660254037844387
2023-05-15,0,0,0,21,11,11,15,0,5,0,0.0,1.0,0.49999999999999994,-0.8660254037844387
2023-05-16,0,0,0,20,12,10,16,1,5,0,0.7818314824680298,0.6234898018587336,0.49999999999999994,-0.8660254037844387
2023-05-17,0,0,0,19,13,9,17,2,5,0,0.9749279121818236,-0.22252093395631434,0.49999999999999994,-0.8660254037844387
2023-05-18,0,0,0,18,14,8,18,3,5,0,0.43388373911755823,-0.900968867902419,0.49999999999999994,-0.8660254037844387
2023-05-19,0,0,0,17,15,7,19,4,5,0,-0.433883739117558,-0.9009688679024191,0.49999999999999994,-0.8660254037844387
2023-05-20,0,0,0,16,16,6,20,5,5,1,-0.9749279121818236,-0.2225209339563146,0.49999999999999994,-0.8660254037844387
2023-05-21,0,0,0,15,17,5,21,6,5,1,-0.7818314824680299,0.6234898018587334,0.49999999999999994,-0.8660254037844387
2023-05-22,0,0,0,14,18,4,22,0,5,0,0.0,1.0,0.49999999999999994,-0.8660254037844387
2023-05-23,0,0,0,13,19,3,23,1,5,0,0.7818314824680298,0.6234898018587336,0.49999999999999994,-0.8660254037844387
2023-05-24,0,0,0,12,20,2,24,2,5,0,0.9749279121818236,-0.22252093395631434,0.49999999999999994,-0.8660254037844387
2023-05-25,0,0,0,11,21,1,25,3,5,0,0.43388373911755823,-0.900968867902419,0.49999999999999994,-0.8660254037844387
2023-05-26,0,1,1,10,22,0,0,4,5,0,-0.433883739117558,-0.9009688679024191,0.49999999999999994,-0.8660254037844387
2023-05-27,0,1,1,9,23,0,0,5,5,1,-0.9749279121818236,-0.2225209339563146,0.49999999999999994,-0.8660254037844387
2023-05-28,0,1,1,8,24,0,0,6,5,1,-0.7818314824680299,0.6234898018587334,0.49999999999999994,-0.8660254037844387
2023-05-29,0,1,1,7,25,0,0,0,5,0,0.0,1.0,0.49999999999999994,-0.8660254037844387
2023-05-30,0,1,1,6,26,0,0,1,5,0,0.7818314824680298,0.6234898018587336,0.49999999999999994,-0.8660254037844387
2023-05-31,0,1,1,5,27,0,0,2,5,0,0.9749279121818236,-0.22252093395631434,0.49999999999999994,-0.8660254037844387
2023-06-01,0,1,1,4,28,0,0,3,6,0,0.43388373911755823,-0.900968867902419,1.2246467991473532e-16,-1.0
2023-06-02,0,1,1,3,29,0,0,4,6,0,-0.433883739117558,-0.9009688679024191,1.2246467991473532e-16,-1.0
2023-06-03,0,1,1,2,30,0,0,5,6,1,-0.9749279121818236,-0.2225209339563146,1.2246467991473532e-16,-1.0
2023-06-04,0,1,1,1,31,0,0,6,6,1,-0.7818314824680299,0.6234898018587334,1.2246467991473532e-16,-1.0
2023-06-05,1,0,1,0,0,81,1,0,6,0,0.0,1.0,1.2246467991473532e-16,-1.0
2023-06-06,0,0,0,23,1,80,2,1,6,0,0.7818314824680298,0.6234898018587336,1.2246467991473532e-16,-1.0
2023-06-07,0,0,0,22,2,79,3,2,6,0,0.9749279121818236,-0.22252093395631434,1.2246467991473532e-16,-1.0
2023-06-08,0,0,0,21,3,78,4,3,6,0,0.43388373911755823,-0.900968867902419,1.2246467991473532e-16,-1.0
2023-06-09,0,0,0,20,4,77,5,4,6,0,-0.433883739117558,-0.9009688679024191,1.2246467991473532e-16,-1.0
2023-06-10,0,0,0,19,5,76,6,5,6,1,-0.9749279121818236,-0.2225209339563146,1.2246467991473532e-16,-1.0
2023-06-11,0,0,0,18,6,75,7,6,6,1,-0.7818314824680299,0.6234898018587334,1.2246467991473532e-16,-1.0
2023-06-12,0,0,0,17,7,74,8,0,6,0,0.0,1.0,1.2246467991473532e-16,-1.0
2023-06-13,0,0,0,16,8,73,9,1,6,0,0.7818314824680298,0.6234898018587336,1.2246467991473532e-16,-1.0
2023-06-14,0,0,0,15,9,72,10,2,6,0,0.9749279121818236,-0.22252093395631434,1.2246467991473532e-16,-1.0
2023-06-15,0,0,0,14,10,71,11,3,6,0,0.43388373911755823,-0.900968867902419,1.2246467991473532e-16,-1.0
2023-06-16,0,0,0,13,11,70,12,4,6,0,-0.433883739117558,-0.9009688679024191,1.2246467991473532e-16,-1.0
2023-06-17,0,0,0,12,12,69,13,5,6,1,-0.9749279121818236,-0.2225209339563146,1.2246467991473532e-16,-1.0
2023-06-18,0,0,0,11,13,68,14,6,6,1,-0.7818314824680299,0.6234898018587334,1.2246467991473532e-16,-1.0
2023-06-19,0,0,0,10,14,67,15,0,6,0,0.0,1.0,1.2246467991473532e-16,-1.0
2023-06-20,0,0,0,9,15,66,16,1,6,0,0.7818314824680298,0.6234898018587336,1.2246467991473532e-16,-1.0
2023-06-21,0,0,0,8,16,65,17,2,6,0,0.9749279121818236,-0.22252093395631434,1.2246467991473532e-16,-1.0
2023-06-22,0,0,0,7,17,64,18,3,6,0,0.43388373911755823,-0.900968867902419,1.2246467991473532e-16,-1.0
2023-06-23,0,0,0,6,18,63,19,4,6,0,-0.433883739117558,-0.9009688679024191,1.2246467991473532e-16,-1.0
2023-06-24,0,0,0,5,19,62,20,5,6,1,-0.9749279121818236,-0.2225209339563146,1.2246467991473532e-16,-1.0
2023-06-25,0,0,0,4,20,61,21,6,6,1,-0.7818314824680299,0.6234898018587334,1.2246467991473532e-16,-1.0
2023-06-26,0,0,0,3,21,60,22,0,6,0,0.0,1.0,1.2246467991473532e-16,-1.0
2023-06-27,0,0,0,2,22,59,23,1,6,0,0.7818314824680298,0.6234898018587336,1.2246467991473532e-16,-1.0
2023-06-28,0,0,0,1,23,58,24,2,6,0,0.9749279121818236,-0.22252093395631434,1.2246467991473532e-16,-1.0
2023-06-29,1,0,1,0,0,57,25,3,6,0,0.43388373911755823,-0.900968867902419,1.2246467991473532e-16,-1.0
2023-06-30,0,0,0,19,1,56,26,4,6,0,-0.433883739117558,-0.9009688679024191,1.2246467991473532e-16,-1.0
2023-07-01,0,0,0,18,2,55,27,5,7,1,-0.9749279121818236,-0.2225209339563146,-0.4999999999999997,-0.8660254037844388
2023-07-02,0,0,0,17,3,54,28,6,7,1,-0.7818314824680299,0.6234898018587334,-0.4999999999999997,-0.8660254037844388
2023-07-03,0,0,0,16,4,53,29,0,7,0,0.0,1.0,-0.4999999999999997,-0.8660254037844388
2023-07-04,0,0,0,15,5,52,30,1,7,0,0.7818314824680298,0.6234898018587336,-0.4999999999999997,-0.8660254037844388
2023-07-05,0,0,0,14,6,51,31,2,7,0,0.9749279121818236,-0.22252093395631434,-0.4999999999999997,-0.8660254037844388
2023-07-06,0,0,0,13,7,50,32,3,7,0,0.43388373911755823,-0.900968867902419,-0.4999999999999997,-0.8660254037844388
2023-07-07,0,0,0,12,8,49,33,4,7,0,-0.433883739117558,-0.9009688679024191,-0.4999999999999997,-0.8660254037844388
2023-07-08,0,0,0,11,9,48,34,5,7,1,-0.9749279121818236,-0.2225209339563146,-0.4999999999999997,-0.8660254037844388
2023-07-09,0,0,0,10,10,47,35,6,7,1,-0.7818314824680299,0.6234898018587334,-0.4999999999999997,-0.8660254037844388
2023-07-10,0,0,0,9,11,46,36,0,7,0,0.0,1.0,-0.4999999999999997,-0.8660254037844388
2023-07-11,0,0,0,8,12,45,37,1,7,0,0.7818314824680298,0.6234898018587336,-0.4999999999999997,-0.8660254037844388
2023-07-12,0,0,0,7,13,44,38,2,7,0,0.9749279121818236,-0.22252093395631434,-0.4999999999999997,-0.8660254037844388
2023-07-13,0,0,0,6,14,43,39,3,7,0,0.43388373911755823,-0.900968867902419,-0.4999999999999997,-0.8660254037844388
2023-07-14,0,0,0,5,15,42,40,4,7,0,-0.433883739117558,-0.9009688679024191,-0.4999999999999997,-0.8660254037844388
2023-07-15,0,0,0,4,16,41,41,5,7,1,-0.9749279121818236,-0.2225209339563146,-0.4999999999999997,-0.8660254037844388
2023-07-16,0,0,0,3,17,40,42,6,7,1,-0.7818314824680299,0.6234898018587334,-0.4999999999999997,-0.8660254037844388
2023-07-17,0,0,0,2,18,39,43,0,7,0,0.0,1.0,-0.4999999999999997,-0.8660254037844388
2023-07-18,0,0,0,1,19,38,44,1,7,0,0.7818314824680298,0.6234898018587336,-0.4999999999999997,-0.8660254037844388
2023-07-19,1,0,1,0,0,37,45,2,7,0,0.9749279121818236,-0.22252093395631434,-0.4999999999999997,-0.8660254037844388
2023-07-20,0,0,0,42,1,36,46,3,7,0,0.43388373911755823,-0.900968867902419,-0.4999999999999997,-0.8660254037844388
2023-07-21,0,0,0,41,2,35,47,4,7,0,-0.433883739117558,-0.9009688679024191,-0.4999999999999997,-0.8660254037844388
2023-07-22,0,0,0,40,3,34,48,5,7,1,-0.9749279121818236,-0.2225209339563146,-0.4999999999999997,-0.8660254037844388
2023-07-23,0,0,0,39,4,33,49,6,7,1,-0.7818314824680299,0.6234898018587334,-0.4999999999999997,-0.8660254037844388
2023-07-24,0,0,0,38,5,32,50,0,7,0,0.0,1.0,-0.4999999999999997,-0.8660254037844388
2023-07-25,0,0,0,37,6,31,51,1,7,0,0.7818314824680298,0.6234898018587336,-0.4999999999999997,-0.8660254037844388
2023-07-26,0,0,0,36,7,30,52,2,7,0,0.9749279121818236,-0.22252093395631434,-0.4999999999999997,-0.8660254037844388
2023-07-27,0,0,0,35,8,29,53,3,7,0,0.43388373911755823,-0.900968867902419,-0.4999999999999997,-0.8660254037844388
2023-07-28,0,0,0,34,9,28,54,4,7,0,-0.433883739117558,-0.9009688679024191,-0.4999999999999997,-0.8660254037844388
2023-07-29,0,0,0,33,10,27,55,5,7,1,-0.9749279121818236,-0.2225209339563146,-0.4999999999999997,-0.8660254037844388
2023-07-30,0,0,0,32,11,26,56,6,7,1,-0.7818314824680299,0.6234898018587334,-0.4999999999999997,-0.8660254037844388
2023-07-31,0,0,0,31,12,25,57,0,7,0,0.0,1.0,-0.4999999999999997,-0.8660254037844388
2023-08-01,0,0,0,30,13,24,58,1,8,0,0.7818314824680298,0.6234898018587336,-0.8660254037844385,-0.5000000000000004
2023-08-02,0,0,0,29,14,23,59,2,8,0,0.9749279121818236,-0.22252093395631434,-0.8660254037844385,-0.5000000000000004
2023-08-03,0,0,0,28,15,22,60,3,8,0,0.43388373911755823,-0.900968867902419,-0.8660254037844385,-0.5000000000000004
2023-08-04,0,0,0,27,16,21,61,4,8,0,-0.433883739117558,-0.9009688679024191,-0.8660254037844385,-0.5000000000000004
2023-08-05,0,0,0,26,17,20,62,5,8,1,-0.9749279121818236,-0.2225209339563146,-0.8660254037844385,-0.5000000000000004
2023-08-06,0,0,0,25,18,19,63,6,8,1,-0.7818314824680299,0.6234898018587334,-0.8660254037844385,-0.5000000000000004
2023-08-07,0,0,0,24,19,18,64,0,8,0,0.0,1.0,-0.8660254037844385,-0.5000000000000004
2023-08-08,0,0,0,23,20,17,65,1,8,0,0.7818314824680298,0.6234898018587336,-0.8660254037844385,-0.5000000000000004
2023-08-09,0,0,0,22,21,16,66,2,8,0,0.9749279121818236,-0.22252093395631434,-0.8660254037844385,-0.5000000000000004
2023-08-10,0,0,0,21,22,15,67,3,8,0,0.43388373911755823,-0.900968867902419,-0.8660254037844385,-0.5000000000000004
2023-08-11,0,0,0,20,23,14,68,4,8,0,-0.433883739117558,-0.9009688679024191,-0.8660254037844385,-0.5000000000000004
2023-08-12,0,0,0,19,24,13,69,5,8,1,-0.9749279121818236,-0.2225209339563146,-0.8660254037844385,-0.5000000000000004
2023-08-13,0,0,0,18,25,12,70,6,8,1,-0.7818314824680299,0.6234898018587334,-0.8660254037844385,-0.5000000000000004
2023-08-14,0,0,0,17,26,11,71,0,8,0,0.0,1.0,-0.8660254037844385,-0.5000000000000004
2023-08-15,0,0,0,16,27,10,72,1,8,0,0.7818314824680298,0.6234898018587336,-0.8660254037844385,-0.5000000000000004
2023-08-16,0,0,0,15,28,9,73,2,8,0,0.9749279121818236,-0.22252093395631434,-0.8660254037844385,-0.5000000000000004
2023-08-17,0,0,0,14,29,8,74,3,8,0,0.43388373911755823,-0.900968867902419,-0.8660254037844385,-0.5000000000000004
2023-08-18,0,0,0,13,30,7,75,4,8,0,-0.433883739117558,-0.9009688679024191,-0.8660254037844385,-0.5000000000000004
2023-08-19,0,0,0,12,31,6,76,5,8,1,-0.9749279121818236,-0.2225209339563146,-0.8660254037844385,-0.5000000000000004
2023-08-20,0,0,0,11,32,5,77,6,8,1,-0.7818314824680299,0.6234898018587334,-0.8660254037844385,-0.5000000000000004
2023-08-21,0,0,0,10,33,4,78,0,8,0,0.0,1.0,-0.8660254037844385,-0.5000000000000004
2023-08-22,0,0,0,9,34,3,79,1,8,0,0.7818314824680298,0.6234898018587336,-0.8660254037844385,-0.5000000000000004
2023-08-23,0,0,0,8,35,2,80,2,8,0,0.9749279121818236,-0.22252093395631434,-0.8660254037844385,-0.5000000000000004
2023-08-24,0,0,0,7,36,1,81,3,8,0,0.43388373911755823,-0.900968867902419,-0.8660254037844385,-0.5000000000000004
2023-08-25,0,1,1,6,37,0,0,4,8,0,-0.433883739117558,-0.9009688679024191,-0.8660254037844385,-0.5000000000000004
2023-08-26,0,1,1,5,38,0,0,5,8,1,-0.9749279121818236,-0.2225209339563146,-0.8660254037844385,-0.5000000000000004
2023-08-27,0,1,1,4,39,0,0,6,8,1,-0.7818314824680299,0.6234898018587334,-0.8660254037844385,-0.5000000000000004
2023-08-28,0,1,1,3,40,0,0,0,8,0,0.0,1.0,-0.8660254037844385,-0.5000000000000004
2023-08-29,0,1,1,2,41,0,0,1,8,0,0.7818314824680298,0.6234898018587336,-0.8660254037844385,-0.5000000000000004
2023-08-30,0,1,1,1,42,0,0,2,8,0,0.9749279121818236,-0.22252093395631434,-0.8660254037844385,-0.5000000000000004
2023-08-31,1,1,1,0,0,0,0,3,8,0,0.43388373911755823,-0.900968867902419,-0.8660254037844385,-0.5000000000000004
2023-09-01,0,1,1,15,1,0,0,4,9,0,-0.433883739117558,-0.9009688679024191,-1.0,-1.8369701987210297e-16
2023-09-02,0,1,1,14,2,0,0,5,9,1,-0.9749279121818236,-0.2225209339563146,-1.0,-1.8369701987210297e-16
2023-09-03,0,1,1,13,3,0,0,6,9,1,-0.7818314824680299,0.6234898018587334,-1.0,-1.8369701987210297e-16
2023-09-04,0,0,0,12,4,102,1,0,9,0,0.0,1.0,-1.0,-1.8369701987210297e-16
2023-09-05,0,0,0,11,5,101,2,1,9,0,0.7818314824680298,0.6234898018587336,-1.0,-1.8369701987210297e-16
2023-09-06,0,0,0,10,6,100,3,2,9,0,0.9749279121818236,-0.22252093395631434,-1.0,-1.8369701987210297e-16
2023-09-07,0,0,0,9,7,99,4,3,9,0,0.43388373911755823,-0.900968867902419,-1.0,-1.8369701987210297e-16
2023-09-08,0,0,0,8,8,98,5,4,9,0,-0.433883739117558,-0.9009688679024191,-1.0,-1.8369701987210297e-16
2023-09-09,0,0,0,7,9,97,6,5,9,1,-0.9749279121818236,-0.2225209339563146,-1.0,-1.8369701987210297e-16
2023-09-10,0,0,0,6,10,96,7,6,9,1,-0.7818314824680299,0.6234898018587334,-1.0,-1.8369701987210297e-16
2023-09-11,0,0,0,5,11,95,8,0,9,0,0.0,1.0,-1.0,-1.8369701987210297e-16
2023-09-12,0,0,0,4,12,94,9,1,9,0,0.7818314824680298,0.6234898018587336,-1.0,-1.8369701987210297e-16
2023-09-13,0,0,0,3,13,93,10,2,9,0,0.9749279121818236,-0.22252093395631434,-1.0,-1.8369701987210297e-16
2023-09-14,0,0,0,2,14,92,11,3,9,0,0.43388373911755823,-0.900968867902419,-1.0,-1.8369701987210297e-16
2023-09-15,0,0,0,1,15,91,12,4,9,0,-0.433883739117558,-0.9009688679024191,-1.0,-1.8369701987210297e-16
2023-09-16,1,0,1,0,0,90,13,5,9,1,-0.9749279121818236,-0.2225209339563146,-1.0,-1.8369701987210297e-16
2023-09-17,0,0,0,11,1,89,14,6,9,1,-0.7818314824680299,0.6234898018587334,-1.0,-1.8369701987210297e-16
2023-09-18,0,0,0,10,2,88,15,0,9,0,0.0,1.0,-1.0,-1.8369701987210297e-16
2023-09-19,0,0,0,9,3,87,16,1,9,0,0.7818314824680298,0.6234898018587336,-1.0,-1.8369701987210297e-16
2023-09-20,0,0,0,8,4,86,17,2,9,0,0.9749279121818236,-0.22252093395631434,-1.0,-1.8369701987210297e-16
2023-09-21,0,0,0,7,5,85,18,3,9,0,0.43388373911755823,-0.900968867902419,-1.0,-1.8369701987210297e-16
2023-09-22,0,0,0,6,6,84,19,4,9,0,-0.433883739117558,-0.9009688679024191,-1.0,-1.8369701987210297e-16
2023-09-23,0,0,0,5,7,83,20,5,9,1,-0.9749279121818236,-0.2225209339563146,-1.0,-1.8369701987210297e-16
2023-09-24,0,0,0,4,8,82,21,6,9,1,-0.7818314824680299,0.6234898018587334,-1.0,-1.8369701987210297e-16
2023-09-25,0,0,0,3,9,81,22,0,9,0,0.0,1.0,-1.0,-1.8369701987210297e-16
2023-09-26,0,0,0,2,10,80,23,1,9,0,0.7818314824680298,0.6234898018587336,-1.0,-1.8369701987210297e-16
2023-09-27,0,0,0,1,11,79,24,2,9,0,0.9749279121818236,-0.22252093395631434,-1.0,-1.8369701987210297e-16
2023-09-28,1,0,1,0,0,78,25,3,9,0,0.43388373911755823,-0.900968867902419,-1.0,-1.8369701987210297e-16
2023-09-29,0,0,0,44,1,77,26,4,9,0,-0.433883739117558,-0.9009688679024191,-1.0,-1.8369701987210297e-16
2023-09-30,0,0,0,43,2,76,27,5,9,1,-0.9749279121818236,-0.2225209339563146,-1.0,-1.8369701987210297e-16
2023-10-01,0,0,0,42,3,75,28,6,10,1,-0.7818314824680299,0.6234898018587334,-0.8660254037844386,0.5000000000000001
2023-10-02,0,0,0,41,4,74,29,0,10,0,0.0,1.0,-0.8660254037844386,0.5000000000000001
2023-10-03,0,0,0,40,5,73,30,1,10,0,0.7818314824680298,0.6234898018587336,-0.8660254037844386,0.5000000000000001
2023-10-04,0,0,0,39,6,72,31,2,10,0,0.9749279121818236,-0.22252093395631434,-0.8660254037844386,0.5000000000000001
2023-10-05,0,0,0,38,7,71,32,3,10,0,0.43388373911755823,-0.900968867902419,-0.8660254037844386,0.5000000000000001
2023-10-06,0,0,0,37,8,70,33,4,10,0,-0.433883739117558,-0.9009688679024191,-0.8660254037844386,0.5000000000000001
2023-10-07,0,0,0,36,9,69,34,5,10,1,-0.9749279121818236,-0.2225209339563146,-0.8660254037844386,0.5000000000000001
2023-10-08,0,0,0,35,10,68,35,6,10,1,-0.7818314824680299,0.6234898018587334,-0.8660254037844386,0.5000000000000001
2023-10-09,0,0,0,34,11,67,36,0,10,0,0.0,1.0,-0.8660254037844386,0.5000000000000001
2023-10-10,0,0,0,33,12,66,37,1,10,0,0.7818314824680298,0.6234898018587336,-0.8660254037844386,0.5000000000000001
2023-10-11,0,0,0,32,13,65,38,2,10,0,0.9749279121818236,-0.22252093395631434,-0.8660254037844386,0.5000000000000001
2023-10-12,0,0,0,31,14,64,39,3,10,0,0.43388373911755823,-0.900968867902419,-0.8660254037844386,0.5000000000000001
2023-10-13,0,0,0,30,15,63,40,4,10,0,-0.433883739117558,-0.9009688679024191,-0.8660254037844386,0.5000000000000001
2023-10-14,0,0,0,29,16,62,41,5,10,1,-0.9749279121818236,-0.2225209339563146,-0.8660254037844386,0.5000000000000001
2023-10-15,0,0,0,28,17,61,42,6,10,1,-0.7818314824680299,0.6234898018587334,-0.8660254037844386,0.5000000000000001
2023-10-16,0,0,0,27,18,60,43,0,10,0,0.0,1.0,-0.8660254037844386,0.5000000000000001
2023-10-17,0,0,0,26,19,59,44,1,10,0,0.7818314824680298,0.6234898018587336,-0.8660254037844386,0.5000000000000001
2023-10-18,0,0,0,25,20,58,45,2,10,0,0.9749279121818236,-0.22252093395631434,-0.8660254037844386,0.5000000000000001
2023-10-19,0,0,0,24,21,57,46,3,10,0,0.43388373911755823,-0.900968867902419,-0.8660254037844386,0.5000000000000001
2023-10-20,0,0,0,23,22,56,47,4,10,0,-0.433883739117558,-0.9009688679024191,-0.8660254037844386,0.5000000000000001
2023-10-21,0,0,0,22,23,55,48,5,10,1,-0.9749279121818236,-0.2225209339563146,-0.8660254037844386,0.5000000000000001
2023-10-22,0,0,0,21,24,54,49,6,10,1,-0.7818314824680299,0.6234898018587334,-0.8660254037844386,0.5000000000000001
2023-10-23,0,0,0,20,25,53,50,0,10,0,0.0,1.0,-0.8660254037844386,0.5000000000000001
2023-10-24,0,0,0,19,26,52,51,1,10,0,0.7818314824680298,0.6234898018587336,-0.8660254037844386,0.5000000000000001
2023-10-25,0,0,0,18,27,51,52,2,10,0,0.9749279121818236,-0.22252093395631434,-0.8660254037844386,0.5000000000000001
2023-10-26,0,0,0,17,28,50,53,3,10,0,0.43388373911755823,-0.900968867902419,-0.8660254037844386,0.5000000000000001
2023-10-27,0,0,0,16,29,49,54,4,10,0,-0.433883739117558,-0.9009688679024191,-0.8660254037844386,0.5000000000000001
2023-10-28,0,0,0,15,30,48,55,5,10,1,-0.9749279121818236,-0.2225209339563146,-0.8660254037844386,0.5000000000000001
2023-10-29,0,0,0,14,31,47,56,6,10,1,-0.7818314824680299,0.6234898018587334,-0.8660254037844386,0.5000000000000001
2023-10-30,0,0,0,13,32,46,57,0,10,0,0.0,1.0,-0.8660254037844386,0.5000000000000001
2023-10-31,0,0,0,12,33,45,58,1,10,0,0.7818314824680298,0.6234898018587336,-0.8660254037844386,0.5000000000000001
2023-11-01,0,0,0,11,34,44,59,2,11,0,0.9749279121818236,-0.22252093395631434,-0.5000000000000004,0.8660254037844384
2023-11-02,0,0,0,10,35,43,60,3,11,0,0.43388373911755823,-0.900968867902419,-0.5000000000000004,0.8660254037844384
2023-11-03,0,0,0,9,36,42,61,4,11,0,-0.433883739117558,-0.9009688679024191,-0.5000000000000004,0.8660254037844384
2023-11-04,0,0,0,8,37,41,62,5,11,1,-0.9749279121818236,-0.2225209339563146,-0.5000000000000004,0.8660254037844384
2023-11-05,0,0,0,7,38,40,63,6,11,1,-0.7818314824680299,0.6234898018587334,-0.5000000000000004,0.8660254037844384
2023-11-06,0,0,0,6,39,39,64,0,11,0,0.0,1.0,-0.5000000000000004,0.8660254037844384
2023-11-07,0,0,0,5,40,38,65,1,11,0,0.7818314824680298,0.6234898018587336,-0.5000000000000004,0.8660254037844384
2023-11-08,0,0,0,4,41,37,66,2,11,0,0.9749279121818236,-0.22252093395631434,-0.5000000000000004,0.8660254037844384
2023-11-09,0,0,0,3,42,36,67,3,11,0,0.43388373911755823,-0.900968867902419,-0.5000000000000004,0.8660254037844384
2023-11-10,0,0,0,2,43,35,68,4,11,0,-0.433883739117558,-0.9009688679024191,-0.5000000000000004,0.8660254037844384
2023-11-11,0,0,0,1,44,34,69,5,11,1,-0.9749279121818236,-0.2225209339563146,-0.5000000000000004,0.8660254037844384
2023-11-12,1,0,1,0,0,33,70,6,11,1,-0.7818314824680299,0.6234898018587334,-0.5000000000000004,0.8660254037844384
2023-11-13,0,0,0,42,1,32,71,0,11,0,0.0,1.0,-0.5000000000000004,0.8660254037844384
2023-11-14,0,0,0,41,2,31,72,1,11,0,0.7818314824680298,0.6234898018587336,-0.5000000000000004,0.8660254037844384
2023-11-15,0,0,0,40,3,30,73,2,11,0,0.9749279121818236,-0.22252093395631434,-0.5000000000000004,0.8660254037844384
2023-11-16,0,0,0,39,4,29,74,3,11,0,0.43388373911755823,-0.900968867902419,-0.5000000000000004,0.8660254037844384
2023-11-17,0,0,0,38,5,28,75,4,11,0,-0.433883739117558,-0.9009688679024191,-0.5000000000000004,0.8660254037844384
2023-11-18,0,0,0,37,6,27,76,5,11,1,-0.9749279121818236,-0.2225209339563146,-0.5000000000000004,0.8660254037844384
2023-11-19,0,0,0,36,7,26,77,6,11,1,-0.7818314824680299,0.6234898018587334,-0.5000000000000004,0.8660254037844384
2023-11-20,0,0,0,35,8,25,78,0,11,0,0.0,1.0,-0.5000000000000004,0.8660254037844384
2023-11-21,0,0,0,34,9,24,79,1,11,0,0.7818314824680298,0.6234898018587336,-0.5000000000000004,0.8660254037844384
2023-11-22,0,0,0,33,10,23,80,2,11,0,0.9749279121818236,-0.22252093395631434,-0.5000000000000004,0.8660254037844384
2023-11-23,0,0,0,32,11,22,81,3,11,0,0.43388373911755823,-0.900968867902419,-0.5000000000000004,0.8660254037844384
2023-11-24,0,0,0,31,12,21,82,4,11,0,-0.433883739117558,-0.9009688679024191,-0.5000000000000004,0.8660254037844384
2023-11-25,0,0,0,30,13,20,83,5,11,1,-0.9749279121818236,-0.2225209339563146,-0.5000000000000004,0.8660254037844384
2023-11-26,0,0,0,29,14,19,84,6,11,1,-0.7818314824680299,0.6234898018587334,-0.5000000000000004,0.8660254037844384
2023-11-27,0,0,0,28,15,18,85,0,11,0,0.0,1.0,-0.5000000000000004,0.8660254037844384
2023-11-28,0,0,0,27,16,17,86,1,11,0,0.7818314824680298,0.6234898018587336,-0.5000000000000004,0.8660254037844384
2023-11-29,0,0,0,26,17,16,87,2,11,0,0.9749279121818236,-0.22252093395631434,-0.5000000000000004,0.8660254037844384
2023-11-30,0,0,0,25,18,15,88,3,11,0,0.43388373911755823,-0.900968867902419,-0.5000000000000004,0.8660254037844384
2023-12-01,0,0,0,24,19,14,89,4,12,0,-0.433883739117558,-0.9009688679024191,-2.4492935982947064e-16,1.0
2023-12-02,0,0,0,23,20,13,90,5,12,1,-0.9749279121818236,-0.2225209339563146,-2.4492935982947064e-16,1.0
2023-12-03,0,0,0,22,21,12,91,6,12,1,-0.7818314824680299,0.6234898018587334,-2.4492935982947064e-16,1.0
2023-12-04,0,0,0,21,22,11,92,0,12,0,0.0,1.0,-2.4492935982947064e-16,1.0
2023-12-05,0,0,0,20,23,10,93,1,12,0,0.7818314824680298,0.6234898018587336,-2.4492935982947064e-16,1.0
2023-12-06,0,0,0,19,24,9,94,2,12,0,0.9749279121818236,-0.22252093395631434,-2.4492935982947064e-16,1.0
2023-12-07,0,0,0,18,25,8,95,3,12,0,0.43388373911755823,-0.900968867902419,-2.4492935982947064e-16,1.0
2023-12-08,0,0,0,17,26,7,96,4,12,0,-0.433883739117558,-0.9009688679024191,-2.4492935982947064e-16,1.0
2023-12-09,0,0,0,16,27,6,97,5,12,1,-0.9749279121818236,-0.2225209339563146,-2.4492935982947064e-16,1.0
2023-12-10,0,0,0,15,28,5,98,6,12,1,-0.7818314824680299,0.6234898018587334,-2.4492935982947064e-16,1.0
2023-12-11,0,0,0,14,29,4,99,0,12,0,0.0,1.0,-2.4492935982947064e-16,1.0
2023-12-12,0,0,0,13,30,3,100,1,12,0,0.7818314824680298,0.6234898018587336,-2.4492935982947064e-16,1.0
2023-12-13,0,0,0,12,31,2,101,2,12,0,0.9749279121818236,-0.22252093395631434,-2.4492935982947064e-16,1.0
2023-12-14,0,0,0,11,32,1,102,3,12,0,0.43388373911755823,-0.900968867902419,-2.4492935982947064e-16,1.0
2023-12-15,0,1,1,10,33,0,0,4,12,0,-0.433883739117558,-0.9009688679024191,-2.4492935982947064e-16,1.0
2023-12-16,0,1,1,9,34,0,0,5,12,1,-0.9749279121818236,-0.2225209339563146,-2.4492935982947064e-16,1.0
2023-12-17,0,1,1,8,35,0,0,6,12,1,-0.7818314824680299,0.6234898018587334,-2.4492935982947064e-16,1.0
2023-12-18,0,1,1,7,36,0,0,0,12,0,0.0,1.0,-2.4492935982947064e-16,1.0
2023-12-19,0,1,1,6,37,0,0,1,12,0,0.7818314824680298,0.6234898018587336,-2.4492935982947064e-16,1.0
2023-12-20,0,1,1,5,38,0,0,2,12,0,0.9749279121818236,-0.22252093395631434,-2.4492935982947064e-16,1.0
2023-12-21,0,1,1,4,39,0,0,3,12,0,0.43388373911755823,-0.900968867902419,-2.4492935982947064e-16,1.0
2023-12-22,0,1,1,3,40,0,0,4,12,0,-0.433883739117558,-0.9009688679024191,-2.4492935982947064e-16,1.0
2023-12-23,0,1,1,2,41,0,0,5,12,1,-0.9749279121818236,-0.2225209339563146,-2.4492935982947064e-16,1.0
2023-12-24,0,1,1,1,42,0,0,6,12,1,-0.7818314824680299,0.6234898018587334,-2.4492935982947064e-16,1.0
2023-12-25,1,1,1,0,0,0,0,0,12,0,0.0,1.0,-2.4492935982947064e-16,1.0
2023-12-26,0,1,1,6,1,0,0,1,12,0,0.7818314824680298,0.6234898018587336,-2.4492935982947064e-16,1.0
2023-12-27,0,1,1,5,2,0,0,2,12,0,0.9749279121818236,-0.22252093395631434,-2.4492935982947064e-16,1.0
2023-12-28,0,1,1,4,3,0,0,3,12,0,0.43388373911755823,-0.900968867902419,-2.4492935982947064e-16,1.0
2023-12-29,0,1,1,3,4,0,0,4,12,0,-0.433883739117558,-0.9009688679024191,-2.4492935982947064e-16,1.0
2023-12-30,0,1,1,2,5,0,0,5,12,1,-0.9749279121818236,-0.2225209339563146,-2.4492935982947064e-16,1.0
2023-12-31,0,1,1,1,6,0,0,6,12,1,-0.7818314824680299,0.6234898018587334,-2.4492935982947064e-16,1.0
2024-01-01,1,0,1,0,0,39,1,0,1,0,0.0,1.0,0.49999999999999994,0.8660254037844387
2024-01-02,0,0,0,23,1,38,2,1,1,0,0.7818314824680298,0.6234898018587336,0.49999999999999994,0.8660254037844387
2024-01-03,0,0,0,22,2,37,3,2,1,0,0.9749279121818236,-0.22252093395631434,0.49999999999999994,0.8660254037844387
2024-01-04,0,0,0,21,3,36,4,3,1,0,0.43388373911755823,-0.900968867902419,0.49999999999999994,0.8660254037844387
2024-01-05,0,0,0,20,4,35,5,4,1,0,-0.433883739117558,-0.9009688679024191,0.49999999999999994,0.8660254037844387
2024-01-06,0,0,0,19,5,34,6,5,1,1,-0.9749279121818236,-0.2225209339563146,0.49999999999999994,0.8660254037844387
2024-01-07,0,0,0,18,6,33,7,6,1,1,-0.7818314824680299,0.6234898018587334,0.49999999999999994,0.8660254037844387
2024-01-08,0,0,0,17,7,32,8,0,1,0,0.0,1.0,0.49999999999999994,0.8660254037844387
2024-01-09,0,0,0,16,8,31,9,1,1,0,0.7818314824680298,0.6234898018587336,0.49999999999999994,0.8660254037844387
2024-01-10,0,0,0,15,9,30,10,2,1,0,0.9749279121818236,-0.22252093395631434,0.49999999999999994,0.8660254037844387
2024-01-11,0,0,0,14,10,29,11,3,1,0,0.43388373911755823,-0.900968867902419,0.49999999999999994,0.8660254037844387
2024-01-12,0,0,0,13,11,28,12,4,1,0,-0.433883739117558,-0.9009688679024191,0.49999999999999994,0.8660254037844387
2024-01-13,0,0,0,12,12,27,13,5,1,1,-0.9749279121818236,-0.2225209339563146,0.49999999999999994,0.8660254037844387
2024-01-14,0,0,0,11,13,26,14,6,1,1,-0.7818314824680299,0.6234898018587334,0.49999999999999994,0.8660254037844387
2024-01-15,0,0,0,10,14,25,15,0,1,0,0.0,1.0,0.49999999999999994,0.8660254037844387
2024-01-16,0,0,0,9,15,24,16,1,1,0,0.7818314824680298,0.6234898018587336,0.49999999999999994,0.8660254037844387
2024-01-17,0,0,0,8,16,23,17,2,1,0,0.9749279121818236,-0.22252093395631434,0.49999999999999994,0.8660254037844387
2024-01-18,0,0,0,7,17,22,18,3,1,0,0.43388373911755823,-0.900968867902419,0.49999999999999994,0.8660254037844387
2024-01-19,0,0,0,6,18,21,19,4,1,0,-0.433883739117558,-0.9009688679024191,0.49999999999999994,0.8660254037844387
2024-01-20,0,0,0,5,19,20,20,5,1,1,-0.9749279121818236,-0.2225209339563146,0.49999999999999994,0.8660254037844387
2024-01-21,0,0,0,4,20,19,21,6,1,1,-0.7818314824680299,0.6234898018587334,0.49999999999999994,0.8660254037844387
2024-01-22,0,0,0,3,21,18,22,0,1,0,0.0,1.0,0.49999999999999994,0.8660254037844387
2024-01-23,0,0,0,2,22,17,23,1,1,0,0.7818314824680298,0.6234898018587336,0.49999999999999994,0.8660254037844387
2024-01-24,0,0,0,1,23,16,24,2,1,0,0.9749279121818236,-0.22252093395631434,0.49999999999999994,0.8660254037844387
2024-01-25,1,0,1,0,0,15,25,3,1,0,0.43388373911755823,-0.900968867902419,0.49999999999999994,0.8660254037844387
2024-01-26,0,0,0,6,1,14,26,4,1,0,-0.433883739117558,-0.9009688679024191,0.49999999999999994,0.8660254037844387
2024-01-27,0,0,0,5,2,13,27,5,1,1,-0.9749279121818236,-0.2225209339563146,0.49999999999999994,0.8660254037844387
2024-01-28,0,0,0,4,3,12,28,6,1,1,-0.7818314824680299,0.6234898018587334,0.49999999999999994,0.8660254037844387
2024-01-29,0,0,0,3,4,11,29,0,1,0,0.0,1.0,0.49999999999999994,0.8660254037844387
2024-01-30,0,0,0,2,5,10,30,1,1,0,0.7818314824680298,0.6234898018587336,0.49999999999999994,0.8660254037844387
2024-01-31,0,0,0,1,6,9,31,2,1,0,0.9749279121818236,-0.22252093395631434,0.49999999999999994,0.8660254037844387
2024-02-01,1,0,1,0,0,8,32,3,2,0,0.43388373911755823,-0.900968867902419,0.8660254037844386,0.5000000000000001
2024-02-02,0,0,0,8,1,7,33,4,2,0,-0.433883739117558,-0.9009688679024191,0.8660254037844386,0.5000000000000001
2024-02-03,0,0,0,7,2,6,34,5,2,1,-0.9749279121818236,-0.2225209339563146,0.8660254037844386,0.5000000000000001
2024-02-04,0,0,0,6,3,5,35,6,2,1,-0.7818314824680299,0.6234898018587334,0.8660254037844386,0.5000000000000001
2024-02-05,0,0,0,5,4,4,36,0,2,0,0.0,1.0,0.8660254037844386,0.5000000000000001
2024-02-06,0,0,0,4,5,3,37,1,2,0,0.7818314824680298,0.6234898018587336,0.8660254037844386,0.5000000000000001
2024-02-07,0,0,0,3,6,2,38,2,2,0,0.9749279121818236,-0.22252093395631434,0.8660254037844386,0.5000000000000001
2024-02-08,0,0,0,2,7,1,39,3,2,0,0.43388373911755823,-0.900968867902419,0.8660254037844386,0.5000000000000001
2024-02-09,0,1,1,1,8,0,0,4,2,0,-0.433883739117558,-0.9009688679024191,0.8660254037844386,0.5000000000000001
2024-02-10,1,1,1,0,0,0,0,5,2,1,-0.9749279121818236,-0.2225209339563146,0.8660254037844386,0.5000000000000001
2024-02-11,1,1,1,0,0,0,0,6,2,1,-0.7818314824680299,0.6234898018587334,0.8660254037844386,0.5000000000000001
2024-02-12,0,1,1,58,1,0,0,0,2,0,0.0,1.0,0.8660254037844386,0.5000000000000001
2024-02-13,0,1,1,57,2,0,0,1,2,0,0.7818314824680298,0.6234898018587336,0.8660254037844386,0.5000000000000001
2024-02-14,0,1,1,56,3,0,0,2,2,0,0.9749279121818236,-0.22252093395631434,0.8660254037844386,0.5000000000000001
2024-02-15,0,1,1,55,4,0,0,3,2,0,0.43388373911755823,-0.900968867902419,0.8660254037844386,0.5000000000000001
2024-02-16,0,1,1,54,5,0,0,4,2,0,-0.433883739117558,-0.9009688679024191,0.8660254037844386,0.5000000000000001
2024-02-17,0,1,1,53,6,0,0,5,2,1,-0.9749279121818236,-0.2225209339563146,0.8660254037844386,0.5000000000000001
2024-02-18,0,1,1,52,7,0,0,6,2,1,-0.7818314824680299,0.6234898018587334,0.8660254037844386,0.5000000000000001
2024-02-19,0,1,1,51,8,0,0,0,2,0,0.0,1.0,0.8660254037844386,0.5000000000000001
2024-02-20,0,1,1,50,9,0,0,1,2,0,0.7818314824680298,0.6234898018587336,0.8660254037844386,0.5000000000000001
2024-02-21,0,1,1,49,10,0,0,2,2,0,0.9749279121818236,-0.22252093395631434,0.8660254037844386,0.5000000000000001
2024-02-22,0,1,1,48,11,0,0,3,2,0,0.43388373911755823,-0.900968867902419,0.8660254037844386,0.5000000000000001
2024-02-23,0,1,1,47,12,0,0,4,2,0,-0.433883739117558,-0.9009688679024191,0.8660254037844386,0.5000000000000001
2024-02-24,0,1,1,46,13,0,0,5,2,1,-0.9749279121818236,-0.2225209339563146,0.8660254037844386,0.5000000000000001
2024-02-25,0,1,1,45,14,0,0,6,2,1,-0.7818314824680299,0.6234898018587334,0.8660254037844386,0.5000000000000001
2024-02-26,0,1,1,44,15,0,0,0,2,0,0.0,1.0,0.8660254037844386,0.5000000000000001
2024-02-27,0,1,1,43,16,0,0,1,2,0,0.7818314824680298,0.6234898018587336,0.8660254037844386,0.5000000000000001
2024-02-28,0,1,1,42,17,0,0,2,2,0,0.9749279121818236,-0.22252093395631434,0.8660254037844386,0.5000000000000001
2024-02-29,0,1,1,41,18,0,0,3,2,0,0.43388373911755823,-0.900968867902419,0.8660254037844386,0.5000000000000001
2024-03-01,0,1,1,40,19,0,0,4,3,0,-0.433883739117558,-0.9009688679024191,1.0,6.123233995736766e-17
2024-03-02,0,1,1,39,20,0,0,5,3,1,-0.9749279121818236,-0.2225209339563146,1.0,6.123233995736766e-17
2024-03-03,0,1,1,38,21,0,0,6,3,1,-0.7818314824680299,0.6234898018587334,1.0,6.123233995736766e-17
2024-03-04,0,1,1,37,22,0,0,0,3,0,0.0,1.0,1.0,6.123233995736766e-17
2024-03-05,0,1,1,36,23,0,0,1,3,0,0.7818314824680298,0.6234898018587336,1.0,6.123233995736766e-17
2024-03-06,0,1,1,35,24,0,0,2,3,0,0.9749279121818236,-0.22252093395631434,1.0,6.123233995736766e-17
2024-03-07,0,1,1,34,25,0,0,3,3,0,0.43388373911755823,-0.900968867902419,1.0,6.123233995736766e-17
2024-03-08,0,1,1,33,26,0,0,4,3,0,-0.433883739117558,-0.9009688679024191,1.0,6.123233995736766e-17
2024-03-09,0,1,1,32,27,0,0,5,3,1,-0.9749279121818236,-0.2225209339563146,1.0,6.123233995736766e-17
2024-03-10,0,1,1,31,28,0,0,6,3,1,-0.7818314824680299,0.6234898018587334,1.0,6.123233995736766e-17
2024-03-11,0,0,0,30,29,74,1,0,3,0,0.0,1.0,1.0,6.123233995736766e-17
2024-03-12,0,0,0,29,30,73,2,1,3,0,0.7818314824680298,0.6234898018587336,1.0,6.123233995736766e-17
2024-03-13,0,0,0,28,31,72,3,2,3,0,0.9749279121818236,-0.22252093395631434,1.0,6.123233995736766e-17
2024-03-14,0,0,0,27,32,71,4,3,3,0,0.43388373911755823,-0.900968867902419,1.0,6.123233995736766e-17
2024-03-15,0,0,0,26,33,70,5,4,3,0,-0.433883739117558,-0.9009688679024191,1.0,6.123233995736766e-17
2024-03-16,0,0,0,25,34,69,6,5,3,1,-0.9749279121818236,-0.2225209339563146,1.0,6.123233995736766e-17
2024-03-17,0,0,0,24,35,68,7,6,3,1,-0.7818314824680299,0.6234898018587334,1.0,6.123233995736766e-17
2024-03-18,0,0,0,23,36,67,8,0,3,0,0.0,1.0,1.0,6.123233995736766e-17
2024-03-19,0,0,0,22,37,66,9,1,3,0,0.7818314824680298,0.6234898018587336,1.0,6.123233995736766e-17
2024-03-20,0,0,0,21,38,65,10,2,3,0,0.9749279121818236,-0.22252093395631434,1.0,6.123233995736766e-17
2024-03-21,0,0,0,20,39,64,11,3,3,0,0.43388373911755823,-0.900968867902419,1.0,6.123233995736766e-17
2024-03-22,0,0,0,19,40,63,12,4,3,0,-0.433883739117558,-0.9009688679024191,1.0,6.123233995736766e-17
2024-03-23,0,0,0,18,41,62,13,5,3,1,-0.9749279121818236,-0.2225209339563146,1.0,6.123233995736766e-17
2024-03-24,0,0,0,17,42,61,14,6,3,1,-0.7818314824680299,0.6234898018587334,1.0,6.123233995736766e-17
2024-03-25,0,0,0,16,43,60,15,0,3,0,0.0,1.0,1.0,6.123233995736766e-17
2024-03-26,0,0,0,15,44,59,16,1,3,0,0.7818314824680298,0.6234898018587336,1.0,6.123233995736766e-17
2024-03-27,0,0,0,14,45,58,17,2,3,0,0.9749279121818236,-0.22252093395631434,1.0,6.123233995736766e-17
2024-03-28,0,0,0,13,46,57,18,3,3,0,0.43388373911755823,-0.900968867902419,1.0,6.123233995736766e-17
2024-03-29,0,0,0,12,47,56,19,4,3,0,-0.433883739117558,-0.9009688679024191,1.0,6.123233995736766e-17
2024-03-30,0,0,0,11,48,55,20,5,3,1,-0.9749279121818236,-0.2225209339563146,1.0,6.123233995736766e-17
2024-03-31,0,0,0,10,49,54,21,6,3,1,-0.7818314824680299,0.6234898018587334,1.0,6.123233995736766e-17
2024-04-01,0,0,0,9,50,53,22,0,4,0,0.0,1.0,0.8660254037844387,-0.4999999999999998
2024-04-02,0,0,0,8,51,52,23,1,4,0,0.7818314824680298,0.6234898018587336,0.8660254037844387,-0.4999999999999998
2024-04-03,0,0,0,7,52,51,24,2,4,0,0.9749279121818236,-0.22252093395631434,0.8660254037844387,-0.4999999999999998
2024-04-04,0,0,0,6,53,50,25,3,4,0,0.43388373911755823,-0.900968867902419,0.8660254037844387,-0.4999999999999998
2024-04-05,0,0,0,5,54,49,26,4,4,0,-0.433883739117558,-0.9009688679024191,0.8660254037844387,-0.4999999999999998
2024-04-06,0,0,0,4,55,48,27,5,4,1,-0.9749279121818236,-0.2225209339563146,0.8660254037844387,-0.4999999999999998
2024-04-07,0,0,0,3,56,47,28,6,4,1,-0.7818314824680299,0.6234898018587334,0.8660254037844387,-0.4999999999999998
2024-04-08,0,0,0,2,57,46,29,0,4,0,0.0,1.0,0.8660254037844387,-0.4999999999999998
2024-04-09,0,0,0,1,58,45,30,1,4,0,0.7818314824680298,0.6234898018587336,0.8660254037844387,-0.4999999999999998
2024-04-10,1,0,1,0,0,44,31,2,4,0,0.9749279121818236,-0.22252093395631434,0.8660254037844387,-0.4999999999999998
2024-04-11,1,0,1,0,0,43,32,3,4,0,0.43388373911755823,-0.900968867902419,0.8660254037844387,-0.4999999999999998
2024-04-12,0,0,0,19,1,42,33,4,4,0,-0.433883739117558,-0.9009688679024191,0.8660254037844387,-0.4999999999999998
2024-04-13,0,0,0,18,2,41,34,5,4,1,-0.9749279121818236,-0.2225209339563146,0.8660254037844387,-0.4999999999999998
2024-04-14,0,0,0,17,3,40,35,6,4,1,-0.7818314824680299,0.6234898018587334,0.8660254037844387,-0.4999999999999998
2024-04-15,0,0,0,16,4,39,36,0,4,0,0.0,1.0,0.8660254037844387,-0.4999999999999998
2024-04-16,0,0,0,15,5,38,37,1,4,0,0.7818314824680298,0.6234898018587336,0.8660254037844387,-0.4999999999999998
2024-04-17,0,0,0,14,6,37,38,2,4,0,0.9749279121818236,-0.22252093395631434,0.8660254037844387,-0.4999999999999998
2024-04-18,0,0,0,13,7,36,39,3,4,0,0.43388373911755823,-0.900968867902419,0.8660254037844387,-0.4999999999999998
2024-04-19,0,0,0,12,8,35,40,4,4,0,-0.433883739117558,-0.9009688679024191,0.8660254037844387,-0.4999999999999998
2024-04-20,0,0,0,11,9,34,41,5,4,1,-0.9749279121818236,-0.2225209339563146,0.8660254037844387,-0.4999999999999998
2024-04-21,0,0,0,10,10,33,42,6,4,1,-0.7818314824680299,0.6234898018587334,0.8660254037844387,-0.4999999999999998
2024-04-22,0,0,0,9,11,32,43,0,4,0,0.0,1.0,0.8660254037844387,-0.4999999999999998
2024-04-23,0,0,0,8,12,31,44,1,4,0,0.7818314824680298,0.6234898018587336,0.8660254037844387,-0.4999999999999998
2024-04-24,0,0,0,7,13,30,45,2,4,0,0.9749279121818236,-0.22252093395631434,0.8660254037844387,-0.4999999999999998
2024-04-25,0,0,0,6,14,29,46,3,4,0,0.43388373911755823,-0.900968867902419,0.8660254037844387,-0.4999999999999998
2024-04-26,0,0,0,5,15,28,47,4,4,0,-0.433883739117558,-0.9009688679024191,0.8660254037844387,-0.4999999999999998
2024-04-27,0,0,0,4,16,27,48,5,4,1,-0.9749279121818236,-0.2225209339563146,0.8660254037844387,-0.4999999999999998
2024-04-28,0,0,0,3,17,26,49,6,4,1,-0.7818314824680299,0.6234898018587334,0.8660254037844387,-0.4999999999999998
2024-04-29,0,0,0,2,18,25,50,0,4,0,0.0,1.0,0.8660254037844387,-0.4999999999999998
2024-04-30,0,0,0,1,19,24,51,1,4,0,0.7818314824680298,0.6234898018587336,0.8660254037844387,-0.4999999999999998
2024-05-01,1,0,1,0,0,23,52,2,5,0,0.9749279121818236,-0.22252093395631434,0.49999999999999994,-0.8660254037844387
2024-05-02,0,0,0,20,1,22,53,3,5,0,0.43388373911755823,-0.900968867902419,0.49999999999999994,-0.8660254037844387
2024-05-03,0,0,0,19,2,21,54,4,5,0,-0.433883739117558,-0.9009688679024191,0.49999999999999994,-0.8660254037844387
2024-05-04,0,0,0,18,3,20,55,5,5,1,-0.9749279121818236,-0.2225209339563146,0.49999999999999994,-0.8660254037844387
2024-05-05,0,0,0,17,4,19,56,6,5,1,-0.7818314824680299,0.6234898018587334,0.49999999999999994,-0.8660254037844387
2024-05-06,0,0,0,16,5,18,57,0,5,0,0.0,1.0,0.49999999999999994,-0.8660254037844387
2024-05-07,0,0,0,15,6,17,58,1,5,0,0.7818314824680298,0.6234898018587336,0.49999999999999994,-0.8660254037844387
2024-05-08,0,0,0,14,7,16,59,2,5,0,0.9749279121818236,-0.22252093395631434,0.49999999999999994,-0.8660254037844387
2024-05-09,0,0,0,13,8,15,60,3,5,0,0.43388373911755823,-0.900968867902419,0.49999999999999994,-0.8660254037844387
2024-05-10,0,0,0,12,9,14,61,4,5,0,-0.433883739117558,-0.9009688679024191,0.49999999999999994,-0.8660254037844387
2024-05-11,0,0,0,11,10,13,62,5,5,1,-0.9749279121818236,-0.2225209339563146,0.49999999999999994,-0.8660254037844387
2024-05-12,0,0,0,10,11,12,63,6,5,1,-0.7818314824680299,0.6234898018587334,0.49999999999999994,-0.8660254037844387
2024-05-13,0,0,0,9,12,11,64,0,5,0,0.0,1.0,0.49999999999999994,-0.8660254037844387
2024-05-14,0,0,0,8,13,10,65,1,5,0,0.7818314824680298,0.6234898018587336,0.49999999999999994,-0.8660254037844387
2024-05-15,0,0,0,7,14,9,66,2,5,0,0.9749279121818236,-0.22252093395631434,0.49999999999999994,-0.8660254037844387
2024-05-16,0,0,0,6,15,8,67,3,5,0,0.43388373911755823,-0.900968867902419,0.49999999999999994,-0.8660254037844387
2024-05-17,0,0,0,5,16,7,68,4,5,0,-0.433883739117558,-0.9009688679024191,0.49999999999999994,-0.8660254037844387
2024-05-18,0,0,0,4,17,6,69,5,5,1,-0.9749279121818236,-0.2225209339563146,0.49999999999999994,-0.8660254037844387
2024-05-19,0,0,0,3,18,5,70,6,5,1,-0.7818314824680299,0.6234898018587334,0.49999999999999994,-0.8660254037844387
2024-05-20,0,0,0,2,19,4,71,0,5,0,0.0,1.0,0.49999999999999994,-0.8660254037844387
2024-05-21,0,0,0,1,20,3,72,1,5,0,0.7818314824680298,0.6234898018587336,0.49999999999999994,-0.8660254037844387
2024-05-22,1,0,1,0,0,2,73,2,5,0,0.9749279121818236,-0.22252093395631434,0.49999999999999994,-0.8660254037844387
2024-05-23,0,0,0,11,1,1,74,3,5,0,0.43388373911755823,-0.900968867902419,0.49999999999999994,-0.8660254037844387
2024-05-24,0,1,1,10,2,0,0,4,5,0,-0.433883739117558,-0.9009688679024191,0.49999999999999994,-0.8660254037844387
2024-05-25,0,1,1,9,3,0,0,5,5,1,-0.9749279121818236,-0.2225209339563146,0.49999999999999994,-0.8660254037844387
2024-05-26,0,1,1,8,4,0,0,6,5,1,-0.7818314824680299,0.6234898018587334,0.49999999999999994,-0.8660254037844387
2024-05-27,0,1,1,7,5,0,0,0,5,0,0.0,1.0,0.49999999999999994,-0.8660254037844387
2024-05-28,0,1,1,6,6,0,0,1,5,0,0.7818314824680298,0.6234898018587336,0.49999999999999994,-0.8660254037844387
2024-05-29,0,1,1,5,7,0,0,2,5,0,0.9749279121818236,-0.22252093395631434,0.49999999999999994,-0.8660254037844387
2024-05-30,0,1,1,4,8,0,0,3,5,0,0.43388373911755823,-0.900968867902419,0.49999999999999994,-0.8660254037844387
2024-05-31,0,1,1,3,9,0,0,4,5,0,-0.433883739117558,-0.9009688679024191,0.49999999999999994,-0.8660254037844387
2024-06-01,0,1,1,2,10,0,0,5,6,1,-0.9749279121818236,-0.2225209339563146,1.2246467991473532e-16,-1.0
2024-06-02,0,1,1,1,11,0,0,6,6,1,-0.7818314824680299,0.6234898018587334,1.2246467991473532e-16,-1.0
2024-06-03,1,0,1,0,0,102,1,0,6,0,0.0,1.0,1.2246467991473532e-16,-1.0
2024-06-04,0,0,0,13,1,101,2,1,6,0,0.7818314824680298,0.6234898018587336,1.2246467991473532e-16,-1.0
2024-06-05,0,0,0,12,2,100,3,2,6,0,0.9749279121818236,-0.22252093395631434,1.2246467991473532e-16,-1.0
2024-06-06,0,0,0,11,3,99,4,3,6,0,0.43388373911755823,-0.900968867902419,1.2246467991473532e-16,-1.0
2024-06-07,0,0,0,10,4,98,5,4,6,0,-0.433883739117558,-0.9009688679024191,1.2246467991473532e-16,-1.0
2024-06-08,0,0,0,9,5,97,6,5,6,1,-0.9749279121818236,-0.2225209339563146,1.2246467991473532e-16,-1.0
2024-06-09,0,0,0,8,6,96,7,6,6,1,-0.7818314824680299,0.6234898018587334,1.2246467991473532e-16,-1.0
2024-06-10,0,0,0,7,7,95,8,0,6,0,0.0,1.0,1.2246467991473532e-16,-1.0
2024-06-11,0,0,0,6,8,94,9,1,6,0,0.7818314824680298,0.6234898018587336,1.2246467991473532e-16,-1.0
2024-06-12,0,0,0,5,9,93,10,2,6,0,0.9749279121818236,-0.22252093395631434,1.2246467991473532e-16,-1.0
2024-06-13,0,0,0,4,10,92,11,3,6,0,0.43388373911755823,-0.900968867902419,1.2246467991473532e-16,-1.0
2024-06-14,0,0,0,3,11,91,12,4,6,0,-0.433883739117558,-0.9009688679024191,1.2246467991473532e-16,-1.0
2024-06-15,0,0,0,2,12,90,13,5,6,1,-0.9749279121818236,-0.2225209339563146,1.2246467991473532e-16,-1.0
2024-06-16,0,0,0,1,13,89,14,6,6,1,-0.7818314824680299,0.6234898018587334,1.2246467991473532e-16,-1.0
2024-06-17,1,0,1,0,0,88,15,0,6,0,0.0,1.0,1.2246467991473532e-16,-1.0
2024-06-18,0,0,0,19,1,87,16,1,6,0,0.7818314824680298,0.6234898018587336,1.2246467991473532e-16,-1.0
2024-06-19,0,0,0,18,2,86,17,2,6,0,0.9749279121818236,-0.22252093395631434,1.2246467991473532e-16,-1.0
2024-06-20,0,0,0,17,3,85,18,3,6,0,0.43388373911755823,-0.900968867902419,1.2246467991473532e-16,-1.0
2024-06-21,0,0,0,16,4,84,19,4,6,0,-0.433883739117558,-0.9009688679024191,1.2246467991473532e-16,-1.0
2024-06-22,0,0,0,15,5,83,20,5,6,1,-0.9749279121818236,-0.2225209339563146,1.2246467991473532e-16,-1.0
2024-06-23,0,0,0,14,6,82,21,6,6,1,-0.7818314824680299,0.6234898018587334,1.2246467991473532e-16,-1.0
2024-06-24,0,0,0,13,7,81,22,0,6,0,0.0,1.0,1.2246467991473532e-16,-1.0
2024-06-25,0,0,0,12,8,80,23,1,6,0,0.7818314824680298,0.6234898018587336,1.2246467991473532e-16,-1.0
2024-06-26,0,0,0,11,9,79,24,2,6,0,0.9749279121818236,-0.22252093395631434,1.2246467991473532e-16,-1.0
2024-06-27,0,0,0,10,10,78,25,3,6,0,0.43388373911755823,-0.900968867902419,1.2246467991473532e-16,-1.0
2024-06-28,0,0,0,9,11,77,26,4,6,0,-0.433883739117558,-0.9009688679024191,1.2246467991473532e-16,-1.0
2024-06-29,0,0,0,8,12,76,27,5,6,1,-0.9749279121818236,-0.2225209339563146,1.2246467991473532e-16,-1.0
2024-06-30,0,0,0,7,13,75,28,6,6,1,-0.7818314824680299,0.6234898018587334,1.2246467991473532e-16,-1.0
2024-07-01,0,0,0,6,14,74,29,0,7,0,0.0,1.0,-0.4999999999999997,-0.8660254037844388
2024-07-02,0,0,0,5,15,73,30,1,7,0,0.7818314824680298,0.6234898018587336,-0.4999999999999997,-0.8660254037844388
2024-07-03,0,0,0,4,16,72,31,2,7,0,0.9749279121818236,-0.22252093395631434,-0.4999999999999997,-0.8660254037844388
2024-07-04,0,0,0,3,17,71,32,3,7,0,0.43388373911755823,-0.900968867902419,-0.4999999999999997,-0.8660254037844388
2024-07-05,0,0,0,2,18,70,33,4,7,0,-0.433883739117558,-0.9009688679024191,-0.4999999999999997,-0.8660254037844388
2024-07-06,0,0,0,1,19,69,34,5,7,1,-0.9749279121818236,-0.2225209339563146,-0.4999999999999997,-0.8660254037844388
2024-07-07,1,0,1,0,0,68,35,6,7,1,-0.7818314824680299,0.6234898018587334,-0.4999999999999997,-0.8660254037844388
2024-07-08,0,0,0,12,1,67,36,0,7,0,0.0,1.0,-0.4999999999999997,-0.8660254037844388
2024-07-09,0,0,0,11,2,66,37,1,7,0,0.7818314824680298,0.6234898018587336,-0.4999999999999997,-0.8660254037844388
2024-07-10,0,0,0,10,3,65,38,2,7,0,0.9749279121818236,-0.22252093395631434,-0.4999999999999997,-0.8660254037844388
2024-07-11,0,0,0,9,4,64,39,3,7,0,0.43388373911755823,-0.900968867902419,-0.4999999999999997,-0.8660254037844388
2024-07-12,0,0,0,8,5,63,40,4,7,0,-0.433883739117558,-0.9009688679024191,-0.4999999999999997,-0.8660254037844388
2024-07-13,0,0,0,7,6,62,41,5,7,1,-0.9749279121818236,-0.2225209339563146,-0.4999999999999997,-0.8660254037844388
2024-07-14,0,0,0,6,7,61,42,6,7,1,-0.7818314824680299,0.6234898018587334,-0.4999999999999997,-0.8660254037844388
2024-07-15,0,0,0,5,8,60,43,0,7,0,0.0,1.0,-0.4999999999999997,-0.8660254037844388
2024-07-16,0,0,0,4,9,59,44,1,7,0,0.7818314824680298,0.6234898018587336,-0.4999999999999997,-0.8660254037844388
2024-07-17,0,0,0,3,10,58,45,2,7,0,0.9749279121818236,-0.22252093395631434,-0.4999999999999997,-0.8660254037844388
2024-07-18,0,0,0,2,11,57,46,3,7,0,0.43388373911755823,-0.900968867902419,-0.4999999999999997,-0.8660254037844388
2024-07-19,0,0,0,1,12,56,47,4,7,0,-0.433883739117558,-0.9009688679024191,-0.4999999999999997,-0.8660254037844388
2024-07-20,1,0,1,0,0,55,48,5,7,1,-0.9749279121818236,-0.2225209339563146,-0.4999999999999997,-0.8660254037844388
2024-07-21,0,0,0,41,1,54,49,6,7,1,-0.7818314824680299,0.6234898018587334,-0.4999999999999997,-0.8660254037844388
2024-07-22,0,0,0,40,2,53,50,0,7,0,0.0,1.0,-0.4999999999999997,-0.8660254037844388
2024-07-23,0,0,0,39,3,52,51,1,7,0,0.7818314824680298,0.6234898018587336,-0.4999999999999997,-0.8660254037844388
2024-07-24,0,0,0,38,4,51,52,2,7,0,0.9749279121818236,-0.22252093395631434,-0.4999999999999997,-0.8660254037844388
2024-07-25,0,0,0,37,5,50,53,3,7,0,0.43388373911755823,-0.900968867902419,-0.4999999999999997,-0.8660254037844388
2024-07-26,0,0,0,36,6,49,54,4,7,0,-0.433883739117558,-0.9009688679024191,-0.4999999999999997,-0.8660254037844388
2024-07-27,0,0,0,35,7,48,55,5,7,1,-0.9749279121818236,-0.2225209339563146,-0.4999999999999997,-0.8660254037844388
2024-07-28,0,0,0,34,8,47,56,6,7,1,-0.7818314824680299,0.6234898018587334,-0.4999999999999997,-0.8660254037844388
2024-07-29,0,0,0,33,9,46,57,0,7,0,0.0,1.0,-0.4999999999999997,-0.8660254037844388
2024-07-30,0,0,0,32,10,45,58,1,7,0,0.7818314824680298,0.6234898018587336,-0.4999999999999997,-0.8660254037844388
2024-07-31,0,0,0,31,11,44,59,2,7,0,0.9749279121818236,-0.22252093395631434,-0.4999999999999997,-0.8660254037844388
2024-08-01,0,0,0,30,12,43,60,3,8,0,0.43388373911755823,-0.900968867902419,-0.8660254037844385,-0.5000000000000004
2024-08-02,0,0,0,29,13,42,61,4,8,0,-0.433883739117558,-0.9009688679024191,-0.8660254037844385,-0.5000000000000004
2024-08-03,0,0,0,28,14,41,62,5,8,1,-0.9749279121818236,-0.2225209339563146,-0.8660254037844385,-0.5000000000000004
2024-08-04,0,0,0,27,15,40,63,6,8,1,-0.7818314824680299,0.6234898018587334,-0.8660254037844385,-0.5000000000000004
2024-08-05,0,0,0,26,16,39,64,0,8,0,0.0,1.0,-0.8660254037844385,-0.5000000000000004
2024-08-06,0,0,0,25,17,38,65,1,8,0,0.7818314824680298,0.6234898018587336,-0.8660254037844385,-0.5000000000000004
2024-08-07,0,0,0,24,18,37,66,2,8,0,0.9749279121818236,-0.22252093395631434,-0.8660254037844385,-0.5000000000000004
2024-08-08,0,0,0,23,19,36,67,3,8,0,0.43388373911755823,-0.900968867902419,-0.8660254037844385,-0.5000000000000004
2024-08-09,0,0,0,22,20,35,68,4,8,0,-0.433883739117558,-0.9009688679024191,-0.8660254037844385,-0.5000000000000004
2024-08-10,0,0,0,21,21,34,69,5,8,1,-0.9749279121818236,-0.2225209339563146,-0.8660254037844385,-0.5000000000000004
2024-08-11,0,0,0,20,22,33,70,6,8,1,-0.7818314824680299,0.6234898018587334,-0.8660254037844385,-0.5000000000000004
2024-08-12,0,0,0,19,23,32,71,0,8,0,0.0,1.0,-0.8660254037844385,-0.5000000000000004
2024-08-13,0,0,0,18,24,31,72,1,8,0,0.7818314824680298,0.6234898018587336,-0.8660254037844385,-0.5000000000000004
2024-08-14,0,0,0,17,25,30,73,2,8,0,0.9749279121818236,-0.22252093395631434,-0.8660254037844385,-0.5000000000000004
2024-08-15,0,0,0,16,26,29,74,3,8,0,0.43388373911755823,-0.900968867902419,-0.8660254037844385,-0.5000000000000004
2024-08-16,0,0,0,15,27,28,75,4,8,0,-0.433883739117558,-0.9009688679024191,-0.8660254037844385,-0.5000000000000004
2024-08-17,0,0,0,14,28,27,76,5,8,1,-0.9749279121818236,-0.2225209339563146,-0.8660254037844385,-0.5000000000000004
2024-08-18,0,0,0,13,29,26,77,6,8,1,-0.7818314824680299,0.6234898018587334,-0.8660254037844385,-0.5000000000000004
2024-08-19,0,0,0,12,30,25,78,0,8,0,0.0,1.0,-0.8660254037844385,-0.5000000000000004
2024-08-20,0,0,0,11,31,24,79,1,8,0,0.7818314824680298,0.6234898018587336,-0.8660254037844385,-0.5000000000000004
2024-08-21,0,0,0,10,32,23,80,2,8,0,0.9749279121818236,-0.22252093395631434,-0.8660254037844385,-0.5000000000000004
2024-08-22,0,0,0,9,33,22,81,3,8,0,0.43388373911755823,-0.900968867902419,-0.8660254037844385,-0.5000000000000004
2024-08-23,0,0,0,8,34,21,82,4,8,0,-0.433883739117558,-0.9009688679024191,-0.8660254037844385,-0.5000000000000004
2024-08-24,0,0,0,7,35,20,83,5,8,1,-0.9749279121818236,-0.2225209339563146,-0.8660254037844385,-0.5000000000000004
2024-08-25,0,0,0,6,36,19,84,6,8,1,-0.7818314824680299,0.6234898018587334,-0.8660254037844385,-0.5000000000000004
2024-08-26,0,0,0,5,37,18,85,0,8,0,0.0,1.0,-0.8660254037844385,-0.5000000000000004
2024-08-27,0,0,0,4,38,17,86,1,8,0,0.7818314824680298,0.6234898018587336,-0.8660254037844385,-0.5000000000000004
2024-08-28,0,0,0,3,39,16,87,2,8,0,0.9749279121818236,-0.22252093395631434,-0.8660254037844385,-0.5000000000000004
2024-08-29,0,0,0,2,40,15,88,3,8,0,0.43388373911755823,-0.900968867902419,-0.8660254037844385,-0.5000000000000004
2024-08-30,0,0,0,1,41,14,89,4,8,0,-0.433883739117558,-0.9009688679024191,-0.8660254037844385,-0.5000000000000004
2024-08-31,1,0,1,0,0,13,90,5,8,1,-0.9749279121818236,-0.2225209339563146,-0.8660254037844385,-0.5000000000000004
2024-09-01,0,0,0,15,1,12,91,6,9,1,-0.7818314824680299,0.6234898018587334,-1.0,-1.8369701987210297e-16
2024-09-02,0,0,0,14,2,11,92,0,9,0,0.0,1.0,-1.0,-1.8369701987210297e-16
2024-09-03,0,0,0,13,3,10,93,1,9,0,0.7818314824680298,0.6234898018587336,-1.0,-1.8369701987210297e-16
2024-09-04,0,0,0,12,4,9,94,2,9,0,0.9749279121818236,-0.22252093395631434,-1.0,-1.8369701987210297e-16
2024-09-05,0,0,0,11,5,8,95,3,9,0,0.43388373911755823,-0.900968867902419,-1.0,-1.8369701987210297e-16
2024-09-06,0,0,0,10,6,7,96,4,9,0,-0.433883739117558,-0.9009688679024191,-1.0,-1.8369701987210297e-16
2024-09-07,0,0,0,9,7,6,97,5,9,1,-0.9749279121818236,-0.2225209339563146,-1.0,-1.8369701987210297e-16
2024-09-08,0,0,0,8,8,5,98,6,9,1,-0.7818314824680299,0.6234898018587334,-1.0,-1.8369701987210297e-16
2024-09-09,0,0,0,7,9,4,99,0,9,0,0.0,1.0,-1.0,-1.8369701987210297e-16
2024-09-10,0,0,0,6,10,3,100,1,9,0,0.7818314824680298,0.6234898018587336,-1.0,-1.8369701987210297e-16
2024-09-11,0,0,0,5,11,2,101,2,9,0,0.9749279121818236,-0.22252093395631434,-1.0,-1.8369701987210297e-16
2024-09-12,0,0,0,4,12,1,102,3,9,0,0.43388373911755823,-0.900968867902419,-1.0,-1.8369701987210297e-16
2024-09-13,0,1,1,3,13,0,0,4,9,0,-0.433883739117558,-0.9009688679024191,-1.0,-1.8369701987210297e-16
2024-09-14,0,1,1,2,14,0,0,5,9,1,-0.9749279121818236,-0.2225209339563146,-1.0,-1.8369701987210297e-16
2024-09-15,0,1,1,1,15,0,0,6,9,1,-0.7818314824680299,0.6234898018587334,-1.0,-1.8369701987210297e-16
2024-09-16,1,1,1,0,0,0,0,0,9,0,0.0,1.0,-1.0,-1.8369701987210297e-16
2024-09-17,0,1,1,44,1,0,0,1,9,0,0.7818314824680298,0.6234898018587336,-1.0,-1.8369701987210297e-16
2024-09-18,0,1,1,43,2,0,0,2,9,0,0.9749279121818236,-0.22252093395631434,-1.0,-1.8369701987210297e-16
2024-09-19,0,1,1,42,3,0,0,3,9,0,0.43388373911755823,-0.900968867902419,-1.0,-1.8369701987210297e-16
2024-09-20,0,1,1,41,4,0,0,4,9,0,-0.433883739117558,-0.9009688679024191,-1.0,-1.8369701987210297e-16
2024-09-21,0,1,1,40,5,0,0,5,9,1,-0.9749279121818236,-0.2225209339563146,-1.0,-1.8369701987210297e-16
2024-09-22,0,1,1,39,6,0,0,6,9,1,-0.7818314824680299,0.6234898018587334,-1.0,-1.8369701987210297e-16
2024-09-23,0,0,0,38,7,88,1,0,9,0,0.0,1.0,-1.0,-1.8369701987210297e-16
2024-09-24,0,0,0,37,8,87,2,1,9,0,0.7818314824680298,0.6234898018587336,-1.0,-1.8369701987210297e-16
2024-09-25,0,0,0,36,9,86,3,2,9,0,0.9749279121818236,-0.22252093395631434,-1.0,-1.8369701987210297e-16
2024-09-26,0,0,0,35,10,85,4,3,9,0,0.43388373911755823,-0.900968867902419,-1.0,-1.8369701987210297e-16
2024-09-27,0,0,0,34,11,84,5,4,9,0,-0.433883739117558,-0.9009688679024191,-1.0,-1.8369701987210297e-16
2024-09-28,0,0,0,33,12,83,6,5,9,1,-0.9749279121818236,-0.2225209339563146,-1.0,-1.8369701987210297e-16
2024-09-29,0,0,0,32,13,82,7,6,9,1,-0.7818314824680299,0.6234898018587334,-1.0,-1.8369701987210297e-16
2024-09-30,0,0,0,31,14,81,8,0,9,0,0.0,1.0,-1.0,-1.8369701987210297e-16
2024-10-01,0,0,0,30,15,80,9,1,10,0,0.7818314824680298,0.6234898018587336,-0.8660254037844386,0.5000000000000001
2024-10-02,0,0,0,29,16,79,10,2,10,0,0.9749279121818236,-0.22252093395631434,-0.8660254037844386,0.5000000000000001
2024-10-03,0,0,0,28,17,78,11,3,10,0,0.43388373911755823,-0.900968867902419,-0.8660254037844386,0.5000000000000001
2024-10-04,0,0,0,27,18,77,12,4,10,0,-0.433883739117558,-0.9009688679024191,-0.8660254037844386,0.5000000000000001
2024-10-05,0,0,0,26,19,76,13,5,10,1,-0.9749279121818236,-0.2225209339563146,-0.8660254037844386,0.5000000000000001
2024-10-06,0,0,0,25,20,75,14,6,10,1,-0.7818314824680299,0.6234898018587334,-0.8660254037844386,0.5000000000000001
2024-10-07,0,0,0,24,21,74,15,0,10,0,0.0,1.0,-0.8660254037844386,0.5000000000000001
2024-10-08,0,0,0,23,22,73,16,1,10,0,0.7818314824680298,0.6234898018587336,-0.8660254037844386,0.5000000000000001
2024-10-09,0,0,0,22,23,72,17,2,10,0,0.9749279121818236,-0.22252093395631434,-0.8660254037844386,0.5000000000000001
2024-10-10,0,0,0,21,24,71,18,3,10,0,0.43388373911755823,-0.900968867902419,-0.8660254037844386,0.5000000000000001
2024-10-11,0,0,0,20,25,70,19,4,10,0,-0.433883739117558,-0.9009688679024191,-0.8660254037844386,0.5000000000000001
2024-10-12,0,0,0,19,26,69,20,5,10,1,-0.9749279121818236,-0.2225209339563146,-0.8660254037844386,0.5000000000000001
2024-10-13,0,0,0,18,27,68,21,6,10,1,-0.7818314824680299,0.6234898018587334,-0.8660254037844386,0.5000000000000001
2024-10-14,0,0,0,17,28,67,22,0,10,0,0.0,1.0,-0.8660254037844386,0.5000000000000001
2024-10-15,0,0,0,16,29,66,23,1,10,0,0.7818314824680298,0.6234898018587336,-0.8660254037844386,0.5000000000000001
2024-10-16,0,0,0,15,30,65,24,2,10,0,0.9749279121818236,-0.22252093395631434,-0.8660254037844386,0.5000000000000001
2024-10-17,0,0,0,14,31,64,25,3,10,0,0.43388373911755823,-0.900968867902419,-0.8660254037844386,0.5000000000000001
2024-10-18,0,0,0,13,32,63,26,4,10,0,-0.433883739117558,-0.9009688679024191,-0.8660254037844386,0.5000000000000001
2024-10-19,0,0,0,12,33,62,27,5,10,1,-0.9749279121818236,-0.2225209339563146,-0.8660254037844386,0.5000000000000001
2024-10-20,0,0,0,11,34,61,28,6,10,1,-0.7818314824680299,0.6234898018587334,-0.8660254037844386,0.5000000000000001
2024-10-21,0,0,0,10,35,60,29,0,10,0,0.0,1.0,-0.8660254037844386,0.5000000000000001
2024-10-22,0,0,0,9,36,59,30,1,10,0,0.7818314824680298,0.6234898018587336,-0.8660254037844386,0.5000000000000001
2024-10-23,0,0,0,8,37,58,31,2,10,0,0.9749279121818236,-0.22252093395631434,-0.8660254037844386,0.5000000000000001
2024-10-24,0,0,0,7,38,57,32,3,10,0,0.43388373911755823,-0.900968867902419,-0.8660254037844386,0.5000000000000001
2024-10-25,0,0,0,6,39,56,33,4,10,0,-0.433883739117558,-0.9009688679024191,-0.8660254037844386,0.5000000000000001
2024-10-26,0,0,0,5,40,55,34,5,10,1,-0.9749279121818236,-0.2225209339563146,-0.8660254037844386,0.5000000000000001
2024-10-27,0,0,0,4,41,54,35,6,10,1,-0.7818314824680299,0.6234898018587334,-0.8660254037844386,0.5000000000000001
2024-10-28,0,0,0,3,42,53,36,0,10,0,0.0,1.0,-0.8660254037844386,0.5000000000000001
2024-10-29,0,0,0,2,43,52,37,1,10,0,0.7818314824680298,0.6234898018587336,-0.8660254037844386,0.5000000000000001
2024-10-30,0,0,0,1,44,51,38,2,10,0,0.9749279121818236,-0.22252093395631434,-0.8660254037844386,0.5000000000000001
2024-10-31,1,0,1,0,0,50,39,3,10,0,0.43388373911755823,-0.900968867902419,-0.8660254037844386,0.5000000000000001
2024-11-01,0,0,0,54,1,49,40,4,11,0,-0.433883739117558,-0.9009688679024191,-0.5000000000000004,0.8660254037844384
2024-11-02,0,0,0,53,2,48,41,5,11,1,-0.9749279121818236,-0.2225209339563146,-0.5000000000000004,0.8660254037844384
2024-11-03,0,0,0,52,3,47,42,6,11,1,-0.7818314824680299,0.6234898018587334,-0.5000000000000004,0.8660254037844384
2024-11-04,0,0,0,51,4,46,43,0,11,0,0.0,1.0,-0.5000000000000004,0.8660254037844384
2024-11-05,0,0,0,50,5,45,44,1,11,0,0.7818314824680298,0.6234898018587336,-0.5000000000000004,0.8660254037844384
2024-11-06,0,0,0,49,6,44,45,2,11,0,0.9749279121818236,-0.22252093395631434,-0.5000000000000004,0.8660254037844384
2024-11-07,0,0,0,48,7,43,46,3,11,0,0.43388373911755823,-0.900968867902419,-0.5000000000000004,0.8660254037844384
2024-11-08,0,0,0,47,8,42,47,4,11,0,-0.433883739117558,-0.9009688679024191,-0.5000000000000004,0.8660254037844384
2024-11-09,0,0,0,46,9,41,48,5,11,1,-0.9749279121818236,-0.2225209339563146,-0.5000000000000004,0.8660254037844384
2024-11-10,0,0,0,45,10,40,49,6,11,1,-0.7818314824680299,0.6234898018587334,-0.5000000000000004,0.8660254037844384
2024-11-11,0,0,0,44,11,39,50,0,11,0,0.0,1.0,-0.5000000000000004,0.8660254037844384
2024-11-12,0,0,0,43,12,38,51,1,11,0,0.7818314824680298,0.6234898018587336,-0.5000000000000004,0.8660254037844384
2024-11-13,0,0,0,42,13,37,52,2,11,0,0.9749279121818236,-0.22252093395631434,-0.5000000000000004,0.8660254037844384
2024-11-14,0,0,0,41,14,36,53,3,11,0,0.43388373911755823,-0.900968867902419,-0.5000000000000004,0.8660254037844384
2024-11-15,0,0,0,40,15,35,54,4,11,0,-0.433883739117558,-0.9009688679024191,-0.5000000000000004,0.8660254037844384
2024-11-16,0,0,0,39,16,34,55,5,11,1,-0.9749279121818236,-0.2225209339563146,-0.5000000000000004,0.8660254037844384
2024-11-17,0,0,0,38,17,33,56,6,11,1,-0.7818314824680299,0.6234898018587334,-0.5000000000000004,0.8660254037844384
2024-11-18,0,0,0,37,18,32,57,0,11,0,0.0,1.0,-0.5000000000000004,0.8660254037844384
2024-11-19,0,0,0,36,19,31,58,1,11,0,0.7818314824680298,0.6234898018587336,-0.5000000000000004,0.8660254037844384
2024-11-20,0,0,0,35,20,30,59,2,11,0,0.9749279121818236,-0.22252093395631434,-0.5000000000000004,0.8660254037844384
2024-11-21,0,0,0,34,21,29,60,3,11,0,0.43388373911755823,-0.900968867902419,-0.5000000000000004,0.8660254037844384
2024-11-22,0,0,0,33,22,28,61,4,11,0,-0.433883739117558,-0.9009688679024191,-0.5000000000000004,0.8660254037844384
2024-11-23,0,0,0,32,23,27,62,5,11,1,-0.9749279121818236,-0.2225209339563146,-0.5000000000000004,0.8660254037844384
2024-11-24,0,0,0,31,24,26,63,6,11,1,-0.7818314824680299,0.6234898018587334,-0.5000000000000004,0.8660254037844384
2024-11-25,0,0,0,30,25,25,64,0,11,0,0.0,1.0,-0.5000000000000004,0.8660254037844384
2024-11-26,0,0,0,29,26,24,65,1,11,0,0.7818314824680298,0.6234898018587336,-0.5000000000000004,0.8660254037844384
2024-11-27,0,0,0,28,27,23,66,2,11,0,0.9749279121818236,-0.22252093395631434,-0.5000000000000004,0.8660254037844384
2024-11-28,0,0,0,27,28,22,67,3,11,0,0.43388373911755823,-0.900968867902419,-0.5000000000000004,0.8660254037844384
2024-11-29,0,0,0,26,29,21,68,4,11,0,-0.433883739117558,-0.9009688679024191,-0.5000000000000004,0.8660254037844384
2024-11-30,0,0,0,25,30,20,69,5,11,1,-0.9749279121818236,-0.2225209339563146,-0.5000000000000004,0.8660254037844384
2024-12-01,0,0,0,24,31,19,70,6,12,1,-0.7818314824680299,0.6234898018587334,-2.4492935982947064e-16,1.0
2024-12-02,0,0,0,23,32,18,71,0,12,0,0.0,1.0,-2.4492935982947064e-16,1.0
2024-12-03,0,0,0,22,33,17,72,1,12,0,0.7818314824680298,0.6234898018587336,-2.4492935982947064e-16,1.0
2024-12-04,0,0,0,21,34,16,73,2,12,0,0.9749279121818236,-0.22252093395631434,-2.4492935982947064e-16,1.0
2024-12-05,0,0,0,20,35,15,74,3,12,0,0.43388373911755823,-0.900968867902419,-2.4492935982947064e-16,1.0
2024-12-06,0,0,0,19,36,14,75,4,12,0,-0.433883739117558,-0.9009688679024191,-2.4492935982947064e-16,1.0
2024-12-07,0,0,0,18,37,13,76,5,12,1,-0.9749279121818236,-0.2225209339563146,-2.4492935982947064e-16,1.0
2024-12-08,0,0,0,17,38,12,77,6,12,1,-0.7818314824680299,0.6234898018587334,-2.4492935982947064e-16,1.0
2024-12-09,0,0,0,16,39,11,78,0,12,0,0.0,1.0,-2.4492935982947064e-16,1.0
2024-12-10,0,0,0,15,40,10,79,1,12,0,0.7818314824680298,0.6234898018587336,-2.4492935982947064e-16,1.0
2024-12-11,0,0,0,14,41,9,80,2,12,0,0.9749279121818236,-0.22252093395631434,-2.4492935982947064e-16,1.0
2024-12-12,0,0,0,13,42,8,81,3,12,0,0.43388373911755823,-0.900968867902419,-2.4492935982947064e-16,1.0
2024-12-13,0,0,0,12,43,7,82,4,12,0,-0.433883739117558,-0.9009688679024191,-2.4492935982947064e-16,1.0
2024-12-14,0,0,0,11,44,6,83,5,12,1,-0.9749279121818236,-0.2225209339563146,-2.4492935982947064e-16,1.0
2024-12-15,0,0,0,10,45,5,84,6,12,1,-0.7818314824680299,0.6234898018587334,-2.4492935982947064e-16,1.0
2024-12-16,0,0,0,9,46,4,85,0,12,0,0.0,1.0,-2.4492935982947064e-16,1.0
2024-12-17,0,0,0,8,47,3,86,1,12,0,0.7818314824680298,0.6234898018587336,-2.4492935982947064e-16,1.0
2024-12-18,0,0,0,7,48,2,87,2,12,0,0.9749279121818236,-0.22252093395631434,-2.4492935982947064e-16,1.0
2024-12-19,0,0,0,6,49,1,88,3,12,0,0.43388373911755823,-0.900968867902419,-2.4492935982947064e-16,1.0
2024-12-20,0,1,1,5,50,0,0,4,12,0,-0.433883739117558,-0.9009688679024191,-2.4492935982947064e-16,1.0
2024-12-21,0,1,1,4,51,0,0,5,12,1,-0.9749279121818236,-0.2225209339563146,-2.4492935982947064e-16,1.0
2024-12-22,0,1,1,3,52,0,0,6,12,1,-0.7818314824680299,0.6234898018587334,-2.4492935982947064e-16,1.0
2024-12-23,0,1,1,2,53,0,0,0,12,0,0.0,1.0,-2.4492935982947064e-16,1.0
2024-12-24,0,1,1,1,54,0,0,1,12,0,0.7818314824680298,0.6234898018587336,-2.4492935982947064e-16,1.0
2024-12-25,1,1,1,0,0,0,0,2,12,0,0.9749279121818236,-0.22252093395631434,-2.4492935982947064e-16,1.0
2024-12-26,0,1,1,6,1,0,0,3,12,0,0.43388373911755823,-0.900968867902419,-2.4492935982947064e-16,1.0
2024-12-27,0,1,1,5,2,0,0,4,12,0,-0.433883739117558,-0.9009688679024191,-2.4492935982947064e-16,1.0
2024-12-28,0,1,1,4,3,0,0,5,12,1,-0.9749279121818236,-0.2225209339563146,-2.4492935982947064e-16,1.0
2024-12-29,0,1,1,3,4,0,0,6,12,1,-0.7818314824680299,0.6234898018587334,-2.4492935982947064e-16,1.0
2024-12-30,0,0,0,2,5,18,1,0,12,0,0.0,1.0,-2.4492935982947064e-16,1.0
2024-12-31,0,0,0,1,6,17,2,1,12,0,0.7818314824680298,0.6234898018587336,-2.4492935982947064e-16,1.0
2025-01-01,1,0,1,0,0,16,3,2,1,0,0.9749279121818236,-0.22252093395631434,0.49999999999999994,0.8660254037844387
2025-01-02,0,0,0,27,1,15,4,3,1,0,0.43388373911755823,-0.900968867902419,0.49999999999999994,0.8660254037844387
2025-01-03,0,0,0,26,2,14,5,4,1,0,-0.433883739117558,-0.9009688679024191,0.49999999999999994,0.8660254037844387
2025-01-04,0,0,0,25,3,13,6,5,1,1,-0.9749279121818236,-0.2225209339563146,0.49999999999999994,0.8660254037844387
2025-01-05,0,0,0,24,4,12,7,6,1,1,-0.7818314824680299,0.6234898018587334,0.49999999999999994,0.8660254037844387
2025-01-06,0,0,0,23,5,11,8,0,1,0,0.0,1.0,0.49999999999999994,0.8660254037844387
2025-01-07,0,0,0,22,6,10,9,1,1,0,0.7818314824680298,0.6234898018587336,0.49999999999999994,0.8660254037844387
2025-01-08,0,0,0,21,7,9,10,2,1,0,0.9749279121818236,-0.22252093395631434,0.49999999999999994,0.8660254037844387
2025-01-09,0,0,0,20,8,8,11,3,1,0,0.43388373911755823,-0.900968867902419,0.49999999999999994,0.8660254037844387
2025-01-10,0,0,0,19,9,7,12,4,1,0,-0.433883739117558,-0.9009688679024191,0.49999999999999994,0.8660254037844387
2025-01-11,0,0,0,18,10,6,13,5,1,1,-0.9749279121818236,-0.2225209339563146,0.49999999999999994,0.8660254037844387
2025-01-12,0,0,0,17,11,5,14,6,1,1,-0.7818314824680299,0.6234898018587334,0.49999999999999994,0.8660254037844387
2025-01-13,0,0,0,16,12,4,15,0,1,0,0.0,1.0,0.49999999999999994,0.8660254037844387
2025-01-14,0,0,0,15,13,3,16,1,1,0,0.7818314824680298,0.6234898018587336,0.49999999999999994,0.8660254037844387
2025-01-15,0,0,0,14,14,2,17,2,1,0,0.9749279121818236,-0.22252093395631434,0.49999999999999994,0.8660254037844387
2025-01-16,0,0,0,13,15,1,18,3,1,0,0.43388373911755823,-0.900968867902419,0.49999999999999994,0.8660254037844387
2025-01-17,0,1,1,12,16,0,0,4,1,0,-0.433883739117558,-0.9009688679024191,0.49999999999999994,0.8660254037844387
2025-01-18,0,1,1,11,17,0,0,5,1,1,-0.9749279121818236,-0.2225209339563146,0.49999999999999994,0.8660254037844387
2025-01-19,0,1,1,10,18,0,0,6,1,1,-0.7818314824680299,0.6234898018587334,0.49999999999999994,0.8660254037844387
2025-01-20,0,1,1,9,19,0,0,0,1,0,0.0,1.0,0.49999999999999994,0.8660254037844387
2025-01-21,0,1,1,8,20,0,0,1,1,0,0.7818314824680298,0.6234898018587336,0.49999999999999994,0.8660254037844387
2025-01-22,0,1,1,7,21,0,0,2,1,0,0.9749279121818236,-0.22252093395631434,0.49999999999999994,0.8660254037844387
2025-01-23,0,1,1,6,22,0,0,3,1,0,0.43388373911755823,-0.900968867902419,0.49999999999999994,0.8660254037844387
2025-01-24,0,1,1,5,23,0,0,4,1,0,-0.433883739117558,-0.9009688679024191,0.49999999999999994,0.8660254037844387
2025-01-25,0,1,1,4,24,0,0,5,1,1,-0.9749279121818236,-0.2225209339563146,0.49999999999999994,0.8660254037844387
2025-01-26,0,1,1,3,25,0,0,6,1,1,-0.7818314824680299,0.6234898018587334,0.49999999999999994,0.8660254037844387
2025-01-27,0,1,1,2,26,0,0,0,1,0,0.0,1.0,0.49999999999999994,0.8660254037844387
2025-01-28,0,1,1,1,27,0,0,1,1,0,0.7818314824680298,0.6234898018587336,0.49999999999999994,0.8660254037844387
2025-01-29,1,1,1,0,0,0,0,2,1,0,0.9749279121818236,-0.22252093395631434,0.49999999999999994,0.8660254037844387
2025-01-30,1,1,1,0,0,0,0,3,1,0,0.43388373911755823,-0.900968867902419,0.49999999999999994,0.8660254037844387
2025-01-31,0,1,1,11,1,0,0,4,1,0,-0.433883739117558,-0.9009688679024191,0.49999999999999994,0.8660254037844387
2025-02-01,0,1,1,10,2,0,0,5,2,1,-0.9749279121818236,-0.2225209339563146,0.8660254037844386,0.5000000000000001
2025-02-02,0,1,1,9,3,0,0,6,2,1,-0.7818314824680299,0.6234898018587334,0.8660254037844386,0.5000000000000001
2025-02-03,0,1,1,8,4,0,0,0,2,0,0.0,1.0,0.8660254037844386,0.5000000000000001
2025-02-04,0,1,1,7,5,0,0,1,2,0,0.7818314824680298,0.6234898018587336,0.8660254037844386,0.5000000000000001
2025-02-05,0,1,1,6,6,0,0,2,2,0,0.9749279121818236,-0.22252093395631434,0.8660254037844386,0.5000000000000001
2025-02-06,0,1,1,5,7,0,0,3,2,0,0.43388373911755823,-0.900968867902419,0.8660254037844386,0.5000000000000001
2025-02-07,0,1,1,4,8,0,0,4,2,0,-0.433883739117558,-0.9009688679024191,0.8660254037844386,0.5000000000000001
2025-02-08,0,1,1,3,9,0,0,5,2,1,-0.9749279121818236,-0.2225209339563146,0.8660254037844386,0.5000000000000001
2025-02-09,0,1,1,2,10,0,0,6,2,1,-0.7818314824680299,0.6234898018587334,0.8660254037844386,0.5000000000000001
2025-02-10,0,1,1,1,11,0,0,0,2,0,0.0,1.0,0.8660254037844386,0.5000000000000001
2025-02-11,1,1,1,0,0,0,0,1,2,0,0.7818314824680298,0.6234898018587336,0.8660254037844386,0.5000000000000001
2025-02-12,0,1,1,47,1,0,0,2,2,0,0.9749279121818236,-0.22252093395631434,0.8660254037844386,0.5000000000000001
2025-02-13,0,1,1,46,2,0,0,3,2,0,0.43388373911755823,-0.900968867902419,0.8660254037844386,0.5000000000000001
2025-02-14,0,1,1,45,3,0,0,4,2,0,-0.433883739117558,-0.9009688679024191,0.8660254037844386,0.5000000000000001
2025-02-15,0,1,1,44,4,0,0,5,2,1,-0.9749279121818236,-0.2225209339563146,0.8660254037844386,0.5000000000000001
2025-02-16,0,1,1,43,5,0,0,6,2,1,-0.7818314824680299,0.6234898018587334,0.8660254037844386,0.5000000000000001
2025-02-17,0,0,0,42,6,41,1,0,2,0,0.0,1.0,0.8660254037844386,0.5000000000000001
2025-02-18,0,0,0,41,7,40,2,1,2,0,0.7818314824680298,0.6234898018587336,0.8660254037844386,0.5000000000000001
2025-02-19,0,0,0,40,8,39,3,2,2,0,0.9749279121818236,-0.22252093395631434,0.8660254037844386,0.5000000000000001
2025-02-20,0,0,0,39,9,38,4,3,2,0,0.43388373911755823,-0.900968867902419,0.8660254037844386,0.5000000000000001
2025-02-21,0,0,0,38,10,37,5,4,2,0,-0.433883739117558,-0.9009688679024191,0.8660254037844386,0.5000000000000001
2025-02-22,0,0,0,37,11,36,6,5,2,1,-0.9749279121818236,-0.2225209339563146,0.8660254037844386,0.5000000000000001
2025-02-23,0,0,0,36,12,35,7,6,2,1,-0.7818314824680299,0.6234898018587334,0.8660254037844386,0.5000000000000001
2025-02-24,0,0,0,35,13,34,8,0,2,0,0.0,1.0,0.8660254037844386,0.5000000000000001
2025-02-25,0,0,0,34,14,33,9,1,2,0,0.7818314824680298,0.6234898018587336,0.8660254037844386,0.5000000000000001
2025-02-26,0,0,0,33,15,32,10,2,2,0,0.9749279121818236,-0.22252093395631434,0.8660254037844386,0.5000000000000001
2025-02-27,0,0,0,32,16,31,11,3,2,0,0.43388373911755823,-0.900968867902419,0.8660254037844386,0.5000000000000001
2025-02-28,0,0,0,31,17,30,12,4,2,0,-0.433883739117558,-0.9009688679024191,0.8660254037844386,0.5000000000000001
2025-03-01,0,0,0,30,18,29,13,5,3,1,-0.9749279121818236,-0.2225209339563146,1.0,6.123233995736766e-17
2025-03-02,0,0,0,29,19,28,14,6,3,1,-0.7818314824680299,0.6234898018587334,1.0,6.123233995736766e-17
2025-03-03,0,0,0,28,20,27,15,0,3,0,0.0,1.0,1.0,6.123233995736766e-17
2025-03-04,0,0,0,27,21,26,16,1,3,0,0.7818314824680298,0.6234898018587336,1.0,6.123233995736766e-17
2025-03-05,0,0,0,26,22,25,17,2,3,0,0.9749279121818236,-0.22252093395631434,1.0,6.123233995736766e-17
2025-03-06,0,0,0,25,23,24,18,3,3,0,0.43388373911755823,-0.900968867902419,1.0,6.123233995736766e-17
2025-03-07,0,0,0,24,24,23,19,4,3,0,-0.433883739117558,-0.9009688679024191,1.0,6.123233995736766e-17
2025-03-08,0,0,0,23,25,22,20,5,3,1,-0.9749279121818236,-0.2225209339563146,1.0,6.123233995736766e-17
2025-03-09,0,0,0,22,26,21,21,6,3,1,-0.7818314824680299,0.6234898018587334,1.0,6.123233995736766e-17
2025-03-10,0,0,0,21,27,20,22,0,3,0,0.0,1.0,1.0,6.123233995736766e-17
2025-03-11,0,0,0,20,28,19,23,1,3,0,0.7818314824680298,0.6234898018587336,1.0,6.123233995736766e-17
2025-03-12,0,0,0,19,29,18,24,2,3,0,0.9749279121818236,-0.22252093395631434,1.0,6.123233995736766e-17
2025-03-13,0,0,0,18,30,17,25,3,3,0,0.43388373911755823,-0.900968867902419,1.0,6.123233995736766e-17
2025-03-14,0,0,0,17,31,16,26,4,3,0,-0.433883739117558,-0.9009688679024191,1.0,6.123233995736766e-17
2025-03-15,0,0,0,16,32,15,27,5,3,1,-0.9749279121818236,-0.2225209339563146,1.0,6.123233995736766e-17
2025-03-16,0,0,0,15,33,14,28,6,3,1,-0.7818314824680299,0.6234898018587334,1.0,6.123233995736766e-17
2025-03-17,0,0,0,14,34,13,29,0,3,0,0.0,1.0,1.0,6.123233995736766e-17
2025-03-18,0,0,0,13,35,12,30,1,3,0,0.7818314824680298,0.6234898018587336,1.0,6.123233995736766e-17
2025-03-19,0,0,0,12,36,11,31,2,3,0,0.9749279121818236,-0.22252093395631434,1.0,6.123233995736766e-17
2025-03-20,0,0,0,11,37,10,32,3,3,0,0.43388373911755823,-0.900968867902419,1.0,6.123233995736766e-17
2025-03-21,0,0,0,10,38,9,33,4,3,0,-0.433883739117558,-0.9009688679024191,1.0,6.123233995736766e-17
2025-03-22,0,0,0,9,39,8,34,5,3,1,-0.9749279121818236,-0.2225209339563146,1.0,6.123233995736766e-17
2025-03-23,0,0,0,8,40,7,35,6,3,1,-0.7818314824680299,0.6234898018587334,1.0,6.123233995736766e-17
2025-03-24,0,0,0,7,41,6,36,0,3,0,0.0,1.0,1.0,6.123233995736766e-17
2025-03-25,0,0,0,6,42,5,37,1,3,0,0.7818314824680298,0.6234898018587336,1.0,6.123233995736766e-17
2025-03-26,0,0,0,5,43,4,38,2,3,0,0.9749279121818236,-0.22252093395631434,1.0,6.123233995736766e-17
2025-03-27,0,0,0,4,44,3,39,3,3,0,0.43388373911755823,-0.900968867902419,1.0,6.123233995736766e-17
2025-03-28,0,0,0,3,45,2,40,4,3,0,-0.433883739117558,-0.9009688679024191,1.0,6.123233995736766e-17
2025-03-29,0,0,0,2,46,1,41,5,3,1,-0.9749279121818236,-0.2225209339563146,1.0,6.123233995736766e-17
2025-03-30,0,1,1,1,47,0,0,6,3,1,-0.7818314824680299,0.6234898018587334,1.0,6.123233995736766e-17
2025-03-31,1,1,1,0,0,0,0,0,3,0,0.0,1.0,1.0,6.123233995736766e-17
2025-04-01,1,1,1,0,0,0,0,1,4,0,0.7818314824680298,0.6234898018587336,0.8660254037844387,-0.4999999999999998
2025-04-02,0,1,1,29,1,0,0,2,4,0,0.9749279121818236,-0.22252093395631434,0.8660254037844387,-0.4999999999999998
2025-04-03,0,0,0,28,2,56,1,3,4,0,0.43388373911755823,-0.900968867902419,0.8660254037844387,-0.4999999999999998
2025-04-04,0,0,0,27,3,55,2,4,4,0,-0.433883739117558,-0.9009688679024191,0.8660254037844387,-0.4999999999999998
2025-04-05,0,0,0,26,4,54,3,5,4,1,-0.9749279121818236,-0.2225209339563146,0.8660254037844387,-0.4999999999999998
2025-04-06,0,0,0,25,5,53,4,6,4,1,-0.7818314824680299,0.6234898018587334,0.8660254037844387,-0.4999999999999998
2025-04-07,0,0,0,24,6,52,5,0,4,0,0.0,1.0,0.8660254037844387,-0.4999999999999998
2025-04-08,0,0,0,23,7,51,6,1,4,0,0.7818314824680298,0.6234898018587336,0.8660254037844387,-0.4999999999999998
2025-04-09,0,0,0,22,8,50,7,2,4,0,0.9749279121818236,-0.22252093395631434,0.8660254037844387,-0.4999999999999998
2025-04-10,0,0,0,21,9,49,8,3,4,0,0.43388373911755823,-0.900968867902419,0.8660254037844387,-0.4999999999999998
2025-04-11,0,0,0,20,10,48,9,4,4,0,-0.433883739117558,-0.9009688679024191,0.8660254037844387,-0.4999999999999998
2025-04-12,0,0,0,19,11,47,10,5,4,1,-0.9749279121818236,-0.2225209339563146,0.8660254037844387,-0.4999999999999998
2025-04-13,0,0,0,18,12,46,11,6,4,1,-0.7818314824680299,0.6234898018587334,0.8660254037844387,-0.4999999999999998
2025-04-14,0,0,0,17,13,45,12,0,4,0,0.0,1.0,0.8660254037844387,-0.4999999999999998
2025-04-15,0,0,0,16,14,44,13,1,4,0,0.7818314824680298,0.6234898018587336,0.8660254037844387,-0.4999999999999998
2025-04-16,0,0,0,15,15,43,14,2,4,0,0.9749279121818236,-0.22252093395631434,0.8660254037844387,-0.4999999999999998
2025-04-17,0,0,0,14,16,42,15,3,4,0,0.43388373911755823,-0.900968867902419,0.8660254037844387,-0.4999999999999998
2025-04-18,0,0,0,13,17,41,16,4,4,0,-0.433883739117558,-0.9009688679024191,0.8660254037844387,-0.4999999999999998
2025-04-19,0,0,0,12,18,40,17,5,4,1,-0.9749279121818236,-0.2225209339563146,0.8660254037844387,-0.4999999999999998
2025-04-20,0,0,0,11,19,39,18,6,4,1,-0.7818314824680299,0.6234898018587334,0.8660254037844387,-0.4999999999999998
2025-04-21,0,0,0,10,20,38,19,0,4,0,0.0,1.0,0.8660254037844387,-0.4999999999999998
2025-04-22,0,0,0,9,21,37,20,1,4,0,0.7818314824680298,0.6234898018587336,0.8660254037844387,-0.4999999999999998
2025-04-23,0,0,0,8,22,36,21,2,4,0,0.9749279121818236,-0.22252093395631434,0.8660254037844387,-0.4999999999999998
2025-04-24,0,0,0,7,23,35,22,3,4,0,0.43388373911755823,-0.900968867902419,0.8660254037844387,-0.4999999999999998
2025-04-25,0,0,0,6,24,34,23,4,4,0,-0.433883739117558,-0.9009688679024191,0.8660254037844387,-0.4999999999999998
2025-04-26,0,0,0,5,25,33,24,5,4,1,-0.9749279121818236,-0.2225209339563146,0.8660254037844387,-0.4999999999999998
2025-04-27,0,0,0,4,26,32,25,6,4,1,-0.7818314824680299,0.6234898018587334,0.8660254037844387,-0.4999999999999998
2025-04-28,0,0,0,3,27,31,26,0,4,0,0.0,1.0,0.8660254037844387,-0.4999999999999998
2025-04-29,0,0,0,2,28,30,27,1,4,0,0.7818314824680298,0.6234898018587336,0.8660254037844387,-0.4999999999999998
2025-04-30,0,0,0,1,29,29,28,2,4,0,0.9749279121818236,-0.22252093395631434,0.8660254037844387,-0.4999999999999998
2025-05-01,1,0,1,0,0,28,29,3,5,0,0.43388373911755823,-0.900968867902419,0.49999999999999994,-0.8660254037844387
2025-05-02,0,0,0,10,1,27,30,4,5,0,-0.433883739117558,-0.9009688679024191,0.49999999999999994,-0.8660254037844387
2025-05-03,0,0,0,9,2,26,31,5,5,1,-0.9749279121818236,-0.2225209339563146,0.49999999999999994,-0.8660254037844387
2025-05-04,0,0,0,8,3,25,32,6,5,1,-0.7818314824680299,0.6234898018587334,0.49999999999999994,-0.8660254037844387
2025-05-05,0,0,0,7,4,24,33,0,5,0,0.0,1.0,0.49999999999999994,-0.8660254037844387
2025-05-06,0,0,0,6,5,23,34,1,5,0,0.7818314824680298,0.6234898018587336,0.49999999999999994,-0.8660254037844387
2025-05-07,0,0,0,5,6,22,35,2,5,0,0.9749279121818236,-0.22252093395631434,0.49999999999999994,-0.8660254037844387
2025-05-08,0,0,0,4,7,21,36,3,5,0,0.43388373911755823,-0.900968867902419,0.49999999999999994,-0.8660254037844387
2025-05-09,0,0,0,3,8,20,37,4,5,0,-0.433883739117558,-0.9009688679024191,0.49999999999999994,-0.8660254037844387
2025-05-10,0,0,0,2,9,19,38,5,5,1,-0.9749279121818236,-0.2225209339563146,0.49999999999999994,-0.8660254037844387
2025-05-11,0,0,0,1,10,18,39,6,5,1,-0.7818314824680299,0.6234898018587334,0.49999999999999994,-0.8660254037844387
2025-05-12,1,0,1,0,0,17,40,0,5,0,0.0,1.0,0.49999999999999994,-0.8660254037844387
2025-05-13,0,0,0,20,1,16,41,1,5,0,0.7818314824680298,0.6234898018587336,0.49999999999999994,-0.8660254037844387
2025-05-14,0,0,0,19,2,15,42,2,5,0,0.9749279121818236,-0.22252093395631434,0.49999999999999994,-0.8660254037844387
2025-05-15,0,0,0,18,3,14,43,3,5,0,0.43388373911755823,-0.900968867902419,0.49999999999999994,-0.8660254037844387
2025-05-16,0,0,0,17,4,13,44,4,5,0,-0.433883739117558,-0.9009688679024191,0.49999999999999994,-0.8660254037844387
2025-05-17,0,0,0,16,5,12,45,5,5,1,-0.9749279121818236,-0.2225209339563146,0.49999999999999994,-0.8660254037844387
2025-05-18,0,0,0,15,6,11,46,6,5,1,-0.7818314824680299,0.6234898018587334,0.49999999999999994,-0.8660254037844387
2025-05-19,0,0,0,14,7,10,47,0,5,0,0.0,1.0,0.49999999999999994,-0.8660254037844387
2025-05-20,0,0,0,13,8,9,48,1,5,0,0.7818314824680298,0.6234898018587336,0.49999999999999994,-0.8660254037844387
2025-05-21,0,0,0,12,9,8,49,2,5,0,0.9749279121818236,-0.22252093395631434,0.49999999999999994,-0.8660254037844387
2025-05-22,0,0,0,11,10,7,50,3,5,0,0.43388373911755823,-0.900968867902419,0.49999999999999994,-0.8660254037844387
2025-05-23,0,0,0,10,11,6,51,4,5,0,-0.433883739117558,-0.9009688679024191,0.49999999999999994,-0.8660254037844387
2025-05-24,0,0,0,9,12,5,52,5,5,1,-0.9749279121818236,-0.2225209339563146,0.49999999999999994,-0.8660254037844387
2025-05-25,0,0,0,8,13,4,53,6,5,1,-0.7818314824680299,0.6234898018587334,0.49999999999999994,-0.8660254037844387
2025-05-26,0,0,0,7,14,3,54,0,5,0,0.0,1.0,0.49999999999999994,-0.8660254037844387
2025-05-27,0,0,0,6,15,2,55,1,5,0,0.7818314824680298,0.6234898018587336,0.49999999999999994,-0.8660254037844387
2025-05-28,0,0,0,5,16,1,56,2,5,0,0.9749279121818236,-0.22252093395631434,0.49999999999999994,-0.8660254037844387
2025-05-29,0,1,1,4,17,0,0,3,5,0,0.43388373911755823,-0.900968867902419,0.49999999999999994,-0.8660254037844387
2025-05-30,0,1,1,3,18,0,0,4,5,0,-0.433883739117558,-0.9009688679024191,0.49999999999999994,-0.8660254037844387
2025-05-31,0,1,1,2,19,0,0,5,5,1,-0.9749279121818236,-0.2225209339563146,0.49999999999999994,-0.8660254037844387
2025-06-01,0,1,1,1,20,0,0,6,6,1,-0.7818314824680299,0.6234898018587334,1.2246467991473532e-16,-1.0
2025-06-02,1,1,1,0,0,0,0,0,6,0,0.0,1.0,1.2246467991473532e-16,-1.0
2025-06-03,0,1,1,4,1,0,0,1,6,0,0.7818314824680298,0.6234898018587336,1.2246467991473532e-16,-1.0
2025-06-04,0,1,1,3,2,0,0,2,6,0,0.9749279121818236,-0.22252093395631434,1.2246467991473532e-16,-1.0
2025-06-05,0,1,1,2,3,0,0,3,6,0,0.43388373911755823,-0.900968867902419,1.2246467991473532e-16,-1.0
2025-06-06,0,1,1,1,4,0,0,4,6,0,-0.433883739117558,-0.9009688679024191,1.2246467991473532e-16,-1.0
2025-06-07,1,1,1,0,0,0,0,5,6,1,-0.9749279121818236,-0.2225209339563146,1.2246467991473532e-16,-1.0
2025-06-08,0,1,1,19,1,0,0,6,6,1,-0.7818314824680299,0.6234898018587334,1.2246467991473532e-16,-1.0
2025-06-09,0,1,1,18,2,0,0,0,6,0,0.0,1.0,1.2246467991473532e-16,-1.0
2025-06-10,0,0,0,17,3,94,1,1,6,0,0.7818314824680298,0.6234898018587336,1.2246467991473532e-16,-1.0
2025-06-11,0,0,0,16,4,93,2,2,6,0,0.9749279121818236,-0.22252093395631434,1.2246467991473532e-16,-1.0
2025-06-12,0,0,0,15,5,92,3,3,6,0,0.43388373911755823,-0.900968867902419,1.2246467991473532e-16,-1.0
2025-06-13,0,0,0,14,6,91,4,4,6,0,-0.433883739117558,-0.9009688679024191,1.2246467991473532e-16,-1.0
2025-06-14,0,0,0,13,7,90,5,5,6,1,-0.9749279121818236,-0.2225209339563146,1.2246467991473532e-16,-1.0
2025-06-15,0,0,0,12,8,89,6,6,6,1,-0.7818314824680299,0.6234898018587334,1.2246467991473532e-16,-1.0
2025-06-16,0,0,0,11,9,88,7,0,6,0,0.0,1.0,1.2246467991473532e-16,-1.0
2025-06-17,0,0,0,10,10,87,8,1,6,0,0.7818314824680298,0.6234898018587336,1.2246467991473532e-16,-1.0
2025-06-18,0,0,0,9,11,86,9,2,6,0,0.9749279121818236,-0.22252093395631434,1.2246467991473532e-16,-1.0
2025-06-19,0,0,0,8,12,85,10,3,6,0,0.43388373911755823,-0.900968867902419,1.2246467991473532e-16,-1.0
2025-06-20,0,0,0,7,13,84,11,4,6,0,-0.433883739117558,-0.9009688679024191,1.2246467991473532e-16,-1.0
2025-06-21,0,0,0,6,14,83,12,5,6,1,-0.9749279121818236,-0.2225209339563146,1.2246467991473532e-16,-1.0
2025-06-22,0,0,0,5,15,82,13,6,6,1,-0.7818314824680299,0.6234898018587334,1.2246467991473532e-16,-1.0
2025-06-23,0,0,0,4,16,81,14,0,6,0,0.0,1.0,1.2246467991473532e-16,-1.0
2025-06-24,0,0,0,3,17,80,15,1,6,0,0.7818314824680298,0.6234898018587336,1.2246467991473532e-16,-1.0
2025-06-25,0,0,0,2,18,79,16,2,6,0,0.9749279121818236,-0.22252093395631434,1.2246467991473532e-16,-1.0
2025-06-26,0,0,0,1,19,78,17,3,6,0,0.43388373911755823,-0.900968867902419,1.2246467991473532e-16,-1.0
2025-06-27,1,0,1,0,0,77,18,4,6,0,-0.433883739117558,-0.9009688679024191,1.2246467991473532e-16,-1.0
2025-06-28,0,0,0,64,1,76,19,5,6,1,-0.9749279121818236,-0.2225209339563146,1.2246467991473532e-16,-1.0
2025-06-29,0,0,0,63,2,75,20,6,6,1,-0.7818314824680299,0.6234898018587334,1.2246467991473532e-16,-1.0
2025-06-30,0,0,0,62,3,74,21,0,6,0,0.0,1.0,1.2246467991473532e-16,-1.0
2025-07-01,0,0,0,61,4,73,22,1,7,0,0.7818314824680298,0.6234898018587336,-0.4999999999999997,-0.8660254037844388
2025-07-02,0,0,0,60,5,72,23,2,7,0,0.9749279121818236,-0.22252093395631434,-0.4999999999999997,-0.8660254037844388
2025-07-03,0,0,0,59,6,71,24,3,7,0,0.43388373911755823,-0.900968867902419,-0.4999999999999997,-0.8660254037844388
2025-07-04,0,0,0,58,7,70,25,4,7,0,-0.433883739117558,-0.9009688679024191,-0.4999999999999997,-0.8660254037844388
2025-07-05,0,0,0,57,8,69,26,5,7,1,-0.9749279121818236,-0.2225209339563146,-0.4999999999999997,-0.8660254037844388
2025-07-06,0,0,0,56,9,68,27,6,7,1,-0.7818314824680299,0.6234898018587334,-0.4999999999999997,-0.8660254037844388
2025-07-07,0,0,0,55,10,67,28,0,7,0,0.0,1.0,-0.4999999999999997,-0.8660254037844388
2025-07-08,0,0,0,54,11,66,29,1,7,0,0.7818314824680298,0.6234898018587336,-0.4999999999999997,-0.8660254037844388
2025-07-09,0,0,0,53,12,65,30,2,7,0,0.9749279121818236,-0.22252093395631434,-0.4999999999999997,-0.8660254037844388
2025-07-10,0,0,0,52,13,64,31,3,7,0,0.43388373911755823,-0.900968867902419,-0.4999999999999997,-0.8660254037844388
2025-07-11,0,0,0,51,14,63,32,4,7,0,-0.433883739117558,-0.9009688679024191,-0.4999999999999997,-0.8660254037844388
2025-07-12,0,0,0,50,15,62,33,5,7,1,-0.9749279121818236,-0.2225209339563146,-0.4999999999999997,-0.8660254037844388
2025-07-13,0,0,0,49,16,61,34,6,7,1,-0.7818314824680299,0.6234898018587334,-0.4999999999999997,-0.8660254037844388
2025-07-14,0,0,0,48,17,60,35,0,7,0,0.0,1.0,-0.4999999999999997,-0.8660254037844388
2025-07-15,0,0,0,47,18,59,36,1,7,0,0.7818314824680298,0.6234898018587336,-0.4999999999999997,-0.8660254037844388
2025-07-16,0,0,0,46,19,58,37,2,7,0,0.9749279121818236,-0.22252093395631434,-0.4999999999999997,-0.8660254037844388
2025-07-17,0,0,0,45,20,57,38,3,7,0,0.43388373911755823,-0.900968867902419,-0.4999999999999997,-0.8660254037844388
2025-07-18,0,0,0,44,21,56,39,4,7,0,-0.433883739117558,-0.9009688679024191,-0.4999999999999997,-0.8660254037844388
2025-07-19,0,0,0,43,22,55,40,5,7,1,-0.9749279121818236,-0.2225209339563146,-0.4999999999999997,-0.8660254037844388
2025-07-20,0,0,0,42,23,54,41,6,7,1,-0.7818314824680299,0.6234898018587334,-0.4999999999999997,-0.8660254037844388
2025-07-21,0,0,0,41,24,53,42,0,7,0,0.0,1.0,-0.4999999999999997,-0.8660254037844388
2025-07-22,0,0,0,40,25,52,43,1,7,0,0.7818314824680298,0.6234898018587336,-0.4999999999999997,-0.8660254037844388
2025-07-23,0,0,0,39,26,51,44,2,7,0,0.9749279121818236,-0.22252093395631434,-0.4999999999999997,-0.8660254037844388
2025-07-24,0,0,0,38,27,50,45,3,7,0,0.43388373911755823,-0.900968867902419,-0.4999999999999997,-0.8660254037844388
2025-07-25,0,0,0,37,28,49,46,4,7,0,-0.433883739117558,-0.9009688679024191,-0.4999999999999997,-0.8660254037844388
2025-07-26,0,0,0,36,29,48,47,5,7,1,-0.9749279121818236,-0.2225209339563146,-0.4999999999999997,-0.8660254037844388
2025-07-27,0,0,0,35,30,47,48,6,7,1,-0.7818314824680299,0.6234898018587334,-0.4999999999999997,-0.8660254037844388
2025-07-28,0,0,0,34,31,46,49,0,7,0,0.0,1.0,-0.4999999999999997,-0.8660254037844388
2025-07-29,0,0,0,33,32,45,50,1,7,0,0.7818314824680298,0.6234898018587336,-0.4999999999999997,-0.8660254037844388
2025-07-30,0,0,0,32,33,44,51,2,7,0,0.9749279121818236,-0.22252093395631434,-0.4999999999999997,-0.8660254037844388
2025-07-31,0,0,0,31,34,43,52,3,7,0,0.43388373911755823,-0.900968867902419,-0.4999999999999997,-0.8660254037844388
2025-08-01,0,0,0,30,35,42,53,4,8,0,-0.433883739117558,-0.9009688679024191,-0.8660254037844385,-0.5000000000000004
2025-08-02,0,0,0,29,36,41,54,5,8,1,-0.9749279121818236,-0.2225209339563146,-0.8660254037844385,-0.5000000000000004
2025-08-03,0,0,0,28,37,40,55,6,8,1,-0.7818314824680299,0.6234898018587334,-0.8660254037844385,-0.5000000000000004
2025-08-04,0,0,0,27,38,39,56,0,8,0,0.0,1.0,-0.8660254037844385,-0.5000000000000004
2025-08-05,0,0,0,26,39,38,57,1,8,0,0.7818314824680298,0.6234898018587336,-0.8660254037844385,-0.5000000000000004
2025-08-06,0,0,0,25,40,37,58,2,8,0,0.9749279121818236,-0.22252093395631434,-0.8660254037844385,-0.5000000000000004
2025-08-07,0,0,0,24,41,36,59,3,8,0,0.43388373911755823,-0.900968867902419,-0.8660254037844385,-0.5000000000000004
2025-08-08,0,0,0,23,42,35,60,4,8,0,-0.433883739117558,-0.9009688679024191,-0.8660254037844385,-0.5000000000000004
2025-08-09,0,0,0,22,43,34,61,5,8,1,-0.9749279121818236,-0.2225209339563146,-0.8660254037844385,-0.5000000000000004
2025-08-10,0,0,0,21,44,33,62,6,8,1,-0.7818314824680299,0.6234898018587334,-0.8660254037844385,-0.5000000000000004
2025-08-11,0,0,0,20,45,32,63,0,8,0,0.0,1.0,-0.8660254037844385,-0.5000000000000004
2025-08-12,0,0,0,19,46,31,64,1,8,0,0.7818314824680298,0.6234898018587336,-0.8660254037844385,-0.5000000000000004
2025-08-13,0,0,0,18,47,30,65,2,8,0,0.9749279121818236,-0.22252093395631434,-0.8660254037844385,-0.5000000000000004
2025-08-14,0,0,0,17,48,29,66,3,8,0,0.43388373911755823,-0.900968867902419,-0.8660254037844385,-0.5000000000000004
2025-08-15,0,0,0,16,49,28,67,4,8,0,-0.433883739117558,-0.9009688679024191,-0.8660254037844385,-0.5000000000000004
2025-08-16,0,0,0,15,50,27,68,5,8,1,-0.9749279121818236,-0.2225209339563146,-0.8660254037844385,-0.5000000000000004
2025-08-17,0,0,0,14,51,26,69,6,8,1,-0.7818314824680299,0.6234898018587334,-0.8660254037844385,-0.5000000000000004
2025-08-18,0,0,0,13,52,25,70,0,8,0,0.0,1.0,-0.8660254037844385,-0.5000000000000004
2025-08-19,0,0,0,12,53,24,71,1,8,0,0.7818314824680298,0.6234898018587336,-0.8660254037844385,-0.5000000000000004
2025-08-20,0,0,0,11,54,23,72,2,8,0,0.9749279121818236,-0.22252093395631434,-0.8660254037844385,-0.5000000000000004
2025-08-21,0,0,0,10,55,22,73,3,8,0,0.43388373911755823,-0.900968867902419,-0.8660254037844385,-0.5000000000000004
2025-08-22,0,0,0,9,56,21,74,4,8,0,-0.433883739117558,-0.9009688679024191,-0.8660254037844385,-0.5000000000000004
2025-08-23,0,0,0,8,57,20,75,5,8,1,-0.9749279121818236,-0.2225209339563146,-0.8660254037844385,-0.5000000000000004
2025-08-24,0,0,0,7,58,19,76,6,8,1,-0.7818314824680299,0.6234898018587334,-0.8660254037844385,-0.5000000000000004
2025-08-25,0,0,0,6,59,18,77,0,8,0,0.0,1.0,-0.8660254037844385,-0.5000000000000004
2025-08-26,0,0,0,5,60,17,78,1,8,0,0.7818314824680298,0.6234898018587336,-0.8660254037844385,-0.5000000000000004
2025-08-27,0,0,0,4,61,16,79,2,8,0,0.9749279121818236,-0.22252093395631434,-0.8660254037844385,-0.5000000000000004
2025-08-28,0,0,0,3,62,15,80,3,8,0,0.43388373911755823,-0.900968867902419,-0.8660254037844385,-0.5000000000000004
2025-08-29,0,0,0,2,63,14,81,4,8,0,-0.433883739117558,-0.9009688679024191,-0.8660254037844385,-0.5000000000000004
2025-08-30,0,0,0,1,64,13,82,5,8,1,-0.9749279121818236,-0.2225209339563146,-0.8660254037844385,-0.5000000000000004
2025-08-31,1,0,1,0,0,12,83,6,8,1,-0.7818314824680299,0.6234898018587334,-0.8660254037844385,-0.5000000000000004
2025-09-01,0,0,0,4,1,11,84,0,9,0,0.0,1.0,-1.0,-1.8369701987210297e-16
2025-09-02,0,0,0,3,2,10,85,1,9,0,0.7818314824680298,0.6234898018587336,-1.0,-1.8369701987210297e-16
2025-09-03,0,0,0,2,3,9,86,2,9,0,0.9749279121818236,-0.22252093395631434,-1.0,-1.8369701987210297e-16
2025-09-04,0,0,0,1,4,8,87,3,9,0,0.43388373911755823,-0.900968867902419,-1.0,-1.8369701987210297e-16
2025-09-05,1,0,1,0,0,7,88,4,9,0,-0.433883739117558,-0.9009688679024191,-1.0,-1.8369701987210297e-16
2025-09-06,0,0,0,9,1,6,89,5,9,1,-0.9749279121818236,-0.2225209339563146,-1.0,-1.8369701987210297e-16
2025-09-07,0,0,0,8,2,5,90,6,9,1,-0.7818314824680299,0.6234898018587334,-1.0,-1.8369701987210297e-16
2025-09-08,0,0,0,7,3,4,91,0,9,0,0.0,1.0,-1.0,-1.8369701987210297e-16
2025-09-09,0,0,0,6,4,3,92,1,9,0,0.7818314824680298,0.6234898018587336,-1.0,-1.8369701987210297e-16
2025-09-10,0,0,0,5,5,2,93,2,9,0,0.9749279121818236,-0.22252093395631434,-1.0,-1.8369701987210297e-16
2025-09-11,0,0,0,4,6,1,94,3,9,0,0.43388373911755823,-0.900968867902419,-1.0,-1.8369701987210297e-16
2025-09-12,0,1,1,3,7,0,0,4,9,0,-0.433883739117558,-0.9009688679024191,-1.0,-1.8369701987210297e-16
2025-09-13,0,1,1,2,8,0,0,5,9,1,-0.9749279121818236,-0.2225209339563146,-1.0,-1.8369701987210297e-16
2025-09-14,0,1,1,1,9,0,0,6,9,1,-0.7818314824680299,0.6234898018587334,-1.0,-1.8369701987210297e-16
2025-09-15,1,1,1,0,0,0,0,0,9,0,0.0,1.0,-1.0,-1.8369701987210297e-16
2025-09-16,1,1,1,0,0,0,0,1,9,0,0.7818314824680298,0.6234898018587336,-1.0,-1.8369701987210297e-16
2025-09-17,0,1,1,33,1,0,0,2,9,0,0.9749279121818236,-0.22252093395631434,-1.0,-1.8369701987210297e-16
2025-09-18,0,1,1,32,2,0,0,3,9,0,0.43388373911755823,-0.900968867902419,-1.0,-1.8369701987210297e-16
2025-09-19,0,1,1,31,3,0,0,4,9,0,-0.433883739117558,-0.9009688679024191,-1.0,-1.8369701987210297e-16
2025-09-20,0,1,1,30,4,0,0,5,9,1,-0.9749279121818236,-0.2225209339563146,-1.0,-1.8369701987210297e-16
2025-09-21,0,1,1,29,5,0,0,6,9,1,-0.7818314824680299,0.6234898018587334,-1.0,-1.8369701987210297e-16
2025-09-22,0,0,0,28,6,88,1,0,9,0,0.0,1.0,-1.0,-1.8369701987210297e-16
2025-09-23,0,0,0,27,7,87,2,1,9,0,0.7818314824680298,0.6234898018587336,-1.0,-1.8369701987210297e-16
2025-09-24,0,0,0,26,8,86,3,2,9,0,0.9749279121818236,-0.22252093395631434,-1.0,-1.8369701987210297e-16
2025-09-25,0,0,0,25,9,85,4,3,9,0,0.43388373911755823,-0.900968867902419,-1.0,-1.8369701987210297e-16
2025-09-26,0,0,0,24,10,84,5,4,9,0,-0.433883739117558,-0.9009688679024191,-1.0,-1.8369701987210297e-16
2025-09-27,0,0,0,23,11,83,6,5,9,1,-0.9749279121818236,-0.2225209339563146,-1.0,-1.8369701987210297e-16
2025-09-28,0,0,0,22,12,82,7,6,9,1,-0.7818314824680299,0.6234898018587334,-1.0,-1.8369701987210297e-16
2025-09-29,0,0,0,21,13,81,8,0,9,0,0.0,1.0,-1.0,-1.8369701987210297e-16
2025-09-30,0,0,0,20,14,80,9,1,9,0,0.7818314824680298,0.6234898018587336,-1.0,-1.8369701987210297e-16
2025-10-01,0,0,0,19,15,79,10,2,10,0,0.9749279121818236,-0.22252093395631434,-0.8660254037844386,0.5000000000000001
2025-10-02,0,0,0,18,16,78,11,3,10,0,0.43388373911755823,-0.900968867902419,-0.8660254037844386,0.5000000000000001
2025-10-03,0,0,0,17,17,77,12,4,10,0,-0.433883739117558,-0.9009688679024191,-0.8660254037844386,0.5000000000000001
2025-10-04,0,0,0,16,18,76,13,5,10,1,-0.9749279121818236,-0.2225209339563146,-0.8660254037844386,0.5000000000000001
2025-10-05,0,0,0,15,19,75,14,6,10,1,-0.7818314824680299,0.6234898018587334,-0.8660254037844386,0.5000000000000001
2025-10-06,0,0,0,14,20,74,15,0,10,0,0.0,1.0,-0.8660254037844386,0.5000000000000001
2025-10-07,0,0,0,13,21,73,16,1,10,0,0.7818314824680298,0.6234898018587336,-0.8660254037844386,0.5000000000000001
2025-10-08,0,0,0,12,22,72,17,2,10,0,0.9749279121818236,-0.22252093395631434,-0.8660254037844386,0.5000000000000001
2025-10-09,0,0,0,11,23,71,18,3,10,0,0.43388373911755823,-0.900968867902419,-0.8660254037844386,0.5000000000000001
2025-10-10,0,0,0,10,24,70,19,4,10,0,-0.433883739117558,-0.9009688679024191,-0.8660254037844386,0.5000000000000001
2025-10-11,0,0,0,9,25,69,20,5,10,1,-0.9749279121818236,-0.2225209339563146,-0.8660254037844386,0.5000000000000001
2025-10-12,0,0,0,8,26,68,21,6,10,1,-0.7818314824680299,0.6234898018587334,-0.8660254037844386,0.5000000000000001
2025-10-13,0,0,0,7,27,67,22,0,10,0,0.0,1.0,-0.8660254037844386,0.5000000000000001
2025-10-14,0,0,0,6,28,66,23,1,10,0,0.7818314824680298,0.6234898018587336,-0.8660254037844386,0.5000000000000001
2025-10-15,0,0,0,5,29,65,24,2,10,0,0.9749279121818236,-0.22252093395631434,-0.8660254037844386,0.5000000000000001
2025-10-16,0,0,0,4,30,64,25,3,10,0,0.43388373911755823,-0.900968867902419,-0.8660254037844386,0.5000000000000001
2025-10-17,0,0,0,3,31,63,26,4,10,0,-0.433883739117558,-0.9009688679024191,-0.8660254037844386,0.5000000000000001
2025-10-18,0,0,0,2,32,62,27,5,10,1,-0.9749279121818236,-0.2225209339563146,-0.8660254037844386,0.5000000000000001
2025-10-19,0,0,0,1,33,61,28,6,10,1,-0.7818314824680299,0.6234898018587334,-0.8660254037844386,0.5000000000000001
2025-10-20,1,0,1,0,0,60,29,0,10,0,0.0,1.0,-0.8660254037844386,0.5000000000000001
2025-10-21,0,0,0,65,1,59,30,1,10,0,0.7818314824680298,0.6234898018587336,-0.8660254037844386,0.5000000000000001
2025-10-22,0,0,0,64,2,58,31,2,10,0,0.9749279121818236,-0.22252093395631434,-0.8660254037844386,0.5000000000000001
2025-10-23,0,0,0,63,3,57,32,3,10,0,0.43388373911755823,-0.900968867902419,-0.8660254037844386,0.5000000000000001
2025-10-24,0,0,0,62,4,56,33,4,10,0,-0.433883739117558,-0.9009688679024191,-0.8660254037844386,0.5000000000000001
2025-10-25,0,0,0,61,5,55,34,5,10,1,-0.9749279121818236,-0.2225209339563146,-0.8660254037844386,0.5000000000000001
2025-10-26,0,0,0,60,6,54,35,6,10,1,-0.7818314824680299,0.6234898018587334,-0.8660254037844386,0.5000000000000001
2025-10-27,0,0,0,59,7,53,36,0,10,0,0.0,1.0,-0.8660254037844386,0.5000000000000001
2025-10-28,0,0,0,58,8,52,37,1,10,0,0.7818314824680298,0.6234898018587336,-0.8660254037844386,0.5000000000000001
2025-10-29,0,0,0,57,9,51,38,2,10,0,0.9749279121818236,-0.22252093395631434,-0.8660254037844386,0.5000000000000001
2025-10-30,0,0,0,56,10,50,39,3,10,0,0.43388373911755823,-0.900968867902419,-0.8660254037844386,0.5000000000000001
2025-10-31,0,0,0,55,11,49,40,4,10,0,-0.433883739117558,-0.9009688679024191,-0.8660254037844386,0.5000000000000001
2025-11-01,0,0,0,54,12,48,41,5,11,1,-0.9749279121818236,-0.2225209339563146,-0.5000000000000004,0.8660254037844384
2025-11-02,0,0,0,53,13,47,42,6,11,1,-0.7818314824680299,0.6234898018587334,-0.5000000000000004,0.8660254037844384
2025-11-03,0,0,0,52,14,46,43,0,11,0,0.0,1.0,-0.5000000000000004,0.8660254037844384
2025-11-04,0,0,0,51,15,45,44,1,11,0,0.7818314824680298,0.6234898018587336,-0.5000000000000004,0.8660254037844384
2025-11-05,0,0,0,50,16,44,45,2,11,0,0.9749279121818236,-0.22252093395631434,-0.5000000000000004,0.8660254037844384
2025-11-06,0,0,0,49,17,43,46,3,11,0,0.43388373911755823,-0.900968867902419,-0.5000000000000004,0.8660254037844384
2025-11-07,0,0,0,48,18,42,47,4,11,0,-0.433883739117558,-0.9009688679024191,-0.5000000000000004,0.8660254037844384
2025-11-08,0,0,0,47,19,41,48,5,11,1,-0.9749279121818236,-0.2225209339563146,-0.5000000000000004,0.8660254037844384
2025-11-09,0,0,0,46,20,40,49,6,11,1,-0.7818314824680299,0.6234898018587334,-0.5000000000000004,0.8660254037844384
2025-11-10,0,0,0,45,21,39,50,0,11,0,0.0,1.0,-0.5000000000000004,0.8660254037844384
2025-11-11,0,0,0,44,22,38,51,1,11,0,0.7818314824680298,0.6234898018587336,-0.5000000000000004,0.8660254037844384
2025-11-12,0,0,0,43,23,37,52,2,11,0,0.9749279121818236,-0.22252093395631434,-0.5000000000000004,0.8660254037844384
2025-11-13,0,0,0,42,24,36,53,3,11,0,0.43388373911755823,-0.900968867902419,-0.5000000000000004,0.8660254037844384
2025-11-14,0,0,0,41,25,35,54,4,11,0,-0.433883739117558,-0.9009688679024191,-0.5000000000000004,0.8660254037844384
2025-11-15,0,0,0,40,26,34,55,5,11,1,-0.9749279121818236,-0.2225209339563146,-0.5000000000000004,0.8660254037844384
2025-11-16,0,0,0,39,27,33,56,6,11,1,-0.7818314824680299,0.6234898018587334,-0.5000000000000004,0.8660254037844384
2025-11-17,0,0,0,38,28,32,57,0,11,0,0.0,1.0,-0.5000000000000004,0.8660254037844384
2025-11-18,0,0,0,37,29,31,58,1,11,0,0.7818314824680298,0.6234898018587336,-0.5000000000000004,0.8660254037844384
2025-11-19,0,0,0,36,30,30,59,2,11,0,0.9749279121818236,-0.22252093395631434,-0.5000000000000004,0.8660254037844384
2025-11-20,0,0,0,35,31,29,60,3,11,0,0.43388373911755823,-0.900968867902419,-0.5000000000000004,0.8660254037844384
2025-11-21,0,0,0,34,32,28,61,4,11,0,-0.433883739117558,-0.9009688679024191,-0.5000000000000004,0.8660254037844384
2025-11-22,0,0,0,33,33,27,62,5,11,1,-0.9749279121818236,-0.2225209339563146,-0.5000000000000004,0.8660254037844384
2025-11-23,0,0,0,32,34,26,63,6,11,1,-0.7818314824680299,0.6234898018587334,-0.5000000000000004,0.8660254037844384
2025-11-24,0,0,0,31,35,25,64,0,11,0,0.0,1.0,-0.5000000000000004,0.8660254037844384
2025-11-25,0,0,0,30,36,24,65,1,11,0,0.7818314824680298,0.6234898018587336,-0.5000000000000004,0.8660254037844384
2025-11-26,0,0,0,29,37,23,66,2,11,0,0.9749279121818236,-0.22252093395631434,-0.5000000000000004,0.8660254037844384
2025-11-27,0,0,0,28,38,22,67,3,11,0,0.43388373911755823,-0.900968867902419,-0.5000000000000004,0.8660254037844384
2025-11-28,0,0,0,27,39,21,68,4,11,0,-0.433883739117558,-0.9009688679024191,-0.5000000000000004,0.8660254037844384
2025-11-29,0,0,0,26,40,20,69,5,11,1,-0.9749279121818236,-0.2225209339563146,-0.5000000000000004,0.8660254037844384
2025-11-30,0,0,0,25,41,19,70,6,11,1,-0.7818314824680299,0.6234898018587334,-0.5000000000000004,0.8660254037844384
2025-12-01,0,0,0,24,42,18,71,0,12,0,0.0,1.0,-2.4492935982947064e-16,1.0
2025-12-02,0,0,0,23,43,17,72,1,12,0,0.7818314824680298,0.6234898018587336,-2.4492935982947064e-16,1.0
2025-12-03,0,0,0,22,44,16,73,2,12,0,0.9749279121818236,-0.22252093395631434,-2.4492935982947064e-16,1.0
2025-12-04,0,0,0,21,45,15,74,3,12,0,0.43388373911755823,-0.900968867902419,-2.4492935982947064e-16,1.0
2025-12-05,0,0,0,20,46,14,75,4,12,0,-0.433883739117558,-0.9009688679024191,-2.4492935982947064e-16,1.0
2025-12-06,0,0,0,19,47,13,76,5,12,1,-0.9749279121818236,-0.2225209339563146,-2.4492935982947064e-16,1.0
2025-12-07,0,0,0,18,48,12,77,6,12,1,-0.7818314824680299,0.6234898018587334,-2.4492935982947064e-16,1.0
2025-12-08,0,0,0,17,49,11,78,0,12,0,0.0,1.0,-2.4492935982947064e-16,1.0
2025-12-09,0,0,0,16,50,10,79,1,12,0,0.7818314824680298,0.6234898018587336,-2.4492935982947064e-16,1.0
2025-12-10,0,0,0,15,51,9,80,2,12,0,0.9749279121818236,-0.22252093395631434,-2.4492935982947064e-16,1.0
2025-12-11,0,0,0,14,52,8,81,3,12,0,0.43388373911755823,-0.900968867902419,-2.4492935982947064e-16,1.0
2025-12-12,0,0,0,13,53,7,82,4,12,0,-0.433883739117558,-0.9009688679024191,-2.4492935982947064e-16,1.0
2025-12-13,0,0,0,12,54,6,83,5,12,1,-0.9749279121818236,-0.2225209339563146,-2.4492935982947064e-16,1.0
2025-12-14,0,0,0,11,55,5,84,6,12,1,-0.7818314824680299,0.6234898018587334,-2.4492935982947064e-16,1.0
2025-12-15,0,0,0,10,56,4,85,0,12,0,0.0,1.0,-2.4492935982947064e-16,1.0
2025-12-16,0,0,0,9,57,3,86,1,12,0,0.7818314824680298,0.6234898018587336,-2.4492935982947064e-16,1.0
2025-12-17,0,0,0,8,58,2,87,2,12,0,0.9749279121818236,-0.22252093395631434,-2.4492935982947064e-16,1.0
2025-12-18,0,0,0,7,59,1,88,3,12,0,0.43388373911755823,-0.900968867902419,-2.4492935982947064e-16,1.0
2025-12-19,0,1,1,6,60,0,0,4,12,0,-0.433883739117558,-0.9009688679024191,-2.4492935982947064e-16,1.0
2025-12-20,0,1,1,5,61,0,0,5,12,1,-0.9749279121818236,-0.2225209339563146,-2.4492935982947064e-16,1.0
2025-12-21,0,1,1,4,62,0,0,6,12,1,-0.7818314824680299,0.6234898018587334,-2.4492935982947064e-16,1.0
2025-12-22,0,1,1,3,63,0,0,0,12,0,0.0,1.0,-2.4492935982947064e-16,1.0
2025-12-23,0,1,1,2,64,0,0,1,12,0,0.7818314824680298,0.6234898018587336,-2.4492935982947064e-16,1.0
2025-12-24,0,1,1,1,65,0,0,2,12,0,0.9749279121818236,-0.22252093395631434,-2.4492935982947064e-16,1.0
2025-12-25,1,1,1,0,0,0,0,3,12,0,0.43388373911755823,-0.900968867902419,-2.4492935982947064e-16,1.0
2025-12-26,0,1,1,6,1,0,0,4,12,0,-0.433883739117558,-0.9009688679024191,-2.4492935982947064e-16,1.0
2025-12-27,0,1,1,5,2,0,0,5,12,1,-0.9749279121818236,-0.2225209339563146,-2.4492935982947064e-16,1.0
2025-12-28,0,1,1,4,3,0,0,6,12,1,-0.7818314824680299,0.6234898018587334,-2.4492935982947064e-16,1.0
2025-12-29,0,1,1,3,4,0,0,0,12,0,0.0,1.0,-2.4492935982947064e-16,1.0
2025-12-30,0,1,1,2,5,0,0,1,12,0,0.7818314824680298,0.6234898018587336,-2.4492935982947064e-16,1.0
2025-12-31,0,1,1,1,6,0,0,2,12,0,0.9749279121818236,-0.22252093395631434,-2.4492935982947064e-16,1.0
2026-01-01,1,0,1,0,0,10,1,3,1,0,0.43388373911755823,-0.900968867902419,0.49999999999999994,0.8660254037844387
2026-01-02,0,0,0,30,1,9,2,4,1,0,-0.433883739117558,-0.9009688679024191,0.49999999999999994,0.8660254037844387
2026-01-03,0,0,0,29,2,8,3,5,1,1,-0.9749279121818236,-0.2225209339563146,0.49999999999999994,0.8660254037844387
2026-01-04,0,0,0,28,3,7,4,6,1,1,-0.7818314824680299,0.6234898018587334,0.49999999999999994,0.8660254037844387
2026-01-05,0,0,0,27,4,6,5,0,1,0,0.0,1.0,0.49999999999999994,0.8660254037844387
2026-01-06,0,0,0,26,5,5,6,1,1,0,0.7818314824680298,0.6234898018587336,0.49999999999999994,0.8660254037844387
2026-01-07,0,0,0,25,6,4,7,2,1,0,0.9749279121818236,-0.22252093395631434,0.49999999999999994,0.8660254037844387
2026-01-08,0,0,0,24,7,3,8,3,1,0,0.43388373911755823,-0.900968867902419,0.49999999999999994,0.8660254037844387
2026-01-09,0,0,0,23,8,2,9,4,1,0,-0.433883739117558,-0.9009688679024191,0.49999999999999994,0.8660254037844387
2026-01-10,0,0,0,22,9,1,10,5,1,1,-0.9749279121818236,-0.2225209339563146,0.49999999999999994,0.8660254037844387
2026-01-11,0,1,1,21,10,0,0,6,1,1,-0.7818314824680299,0.6234898018587334,0.49999999999999994,0.8660254037844387
2026-01-12,0,1,1,20,11,0,0,0,1,0,0.0,1.0,0.49999999999999994,0.8660254037844387
2026-01-13,0,0,0,19,12,66,1,1,1,0,0.7818314824680298,0.6234898018587336,0.49999999999999994,0.8660254037844387
2026-01-14,0,0,0,18,13,65,2,2,1,0,0.9749279121818236,-0.22252093395631434,0.49999999999999994,0.8660254037844387
2026-01-15,0,0,0,17,14,64,3,3,1,0,0.43388373911755823,-0.900968867902419,0.49999999999999994,0.8660254037844387
2026-01-16,0,0,0,16,15,63,4,4,1,0,-0.433883739117558,-0.9009688679024191,0.49999999999999994,0.8660254037844387
2026-01-17,0,0,0,15,16,62,5,5,1,1,-0.9749279121818236,-0.2225209339563146,0.49999999999999994,0.8660254037844387
2026-01-18,0,0,0,14,17,61,6,6,1,1,-0.7818314824680299,0.6234898018587334,0.49999999999999994,0.8660254037844387
2026-01-19,0,0,0,13,18,60,7,0,1,0,0.0,1.0,0.49999999999999994,0.8660254037844387
2026-01-20,0,0,0,12,19,59,8,1,1,0,0.7818314824680298,0.6234898018587336,0.49999999999999994,0.8660254037844387
2026-01-21,0,0,0,11,20,58,9,2,1,0,0.9749279121818236,-0.22252093395631434,0.49999999999999994,0.8660254037844387
2026-01-22,0,0,0,10,21,57,10,3,1,0,0.43388373911755823,-0.900968867902419,0.49999999999999994,0.8660254037844387
2026-01-23,0,0,0,9,22,56,11,4,1,0,-0.433883739117558,-0.9009688679024191,0.49999999999999994,0.8660254037844387
2026-01-24,0,0,0,8,23,55,12,5,1,1,-0.9749279121818236,-0.2225209339563146,0.49999999999999994,0.8660254037844387
2026-01-25,0,0,0,7,24,54,13,6,1,1,-0.7818314824680299,0.6234898018587334,0.49999999999999994,0.8660254037844387
2026-01-26,0,0,0,6,25,53,14,0,1,0,0.0,1.0,0.49999999999999994,0.8660254037844387
2026-01-27,0,0,0,5,26,52,15,1,1,0,0.7818314824680298,0.6234898018587336,0.49999999999999994,0.8660254037844387
2026-01-28,0,0,0,4,27,51,16,2,1,0,0.9749279121818236,-0.22252093395631434,0.49999999999999994,0.8660254037844387
2026-01-29,0,0,0,3,28,50,17,3,1,0,0.43388373911755823,-0.900968867902419,0.49999999999999994,0.8660254037844387
2026-01-30,0,0,0,2,29,49,18,4,1,0,-0.433883739117558,-0.9009688679024191,0.49999999999999994,0.8660254037844387
2026-01-31,0,0,0,1,30,48,19,5,1,1,-0.9749279121818236,-0.2225209339563146,0.49999999999999994,0.8660254037844387
2026-02-01,1,0,1,0,0,47,20,6,2,1,-0.7818314824680299,0.6234898018587334,0.8660254037844386,0.5000000000000001
2026-02-02,1,0,1,0,0,46,21,0,2,0,0.0,1.0,0.8660254037844386,0.5000000000000001
2026-02-03,1,0,1,0,0,45,22,1,2,0,0.7818314824680298,0.6234898018587336,0.8660254037844386,0.5000000000000001
2026-02-04,0,0,0,13,1,44,23,2,2,0,0.9749279121818236,-0.22252093395631434,0.8660254037844386,0.5000000000000001
2026-02-05,0,0,0,12,2,43,24,3,2,0,0.43388373911755823,-0.900968867902419,0.8660254037844386,0.5000000000000001
2026-02-06,0,0,0,11,3,42,25,4,2,0,-0.433883739117558,-0.9009688679024191,0.8660254037844386,0.5000000000000001
2026-02-07,0,0,0,10,4,41,26,5,2,1,-0.9749279121818236,-0.2225209339563146,0.8660254037844386,0.5000000000000001
2026-02-08,0,0,0,9,5,40,27,6,2,1,-0.7818314824680299,0.6234898018587334,0.8660254037844386,0.5000000000000001
2026-02-09,0,0,0,8,6,39,28,0,2,0,0.0,1.0,0.8660254037844386,0.5000000000000001
2026-02-10,0,0,0,7,7,38,29,1,2,0,0.7818314824680298,0.6234898018587336,0.8660254037844386,0.5000000000000001
2026-02-11,0,0,0,6,8,37,30,2,2,0,0.9749279121818236,-0.22252093395631434,0.8660254037844386,0.5000000000000001
2026-02-12,0,0,0,5,9,36,31,3,2,0,0.43388373911755823,-0.900968867902419,0.8660254037844386,0.5000000000000001
2026-02-13,0,0,0,4,10,35,32,4,2,0,-0.433883739117558,-0.9009688679024191,0.8660254037844386,0.5000000000000001
2026-02-14,0,0,0,3,11,34,33,5,2,1,-0.9749279121818236,-0.2225209339563146,0.8660254037844386,0.5000000000000001
2026-02-15,0,0,0,2,12,33,34,6,2,1,-0.7818314824680299,0.6234898018587334,0.8660254037844386,0.5000000000000001
2026-02-16,0,0,0,1,13,32,35,0,2,0,0.0,1.0,0.8660254037844386,0.5000000000000001
2026-02-17,1,0,1,0,0,31,36,1,2,0,0.7818314824680298,0.6234898018587336,0.8660254037844386,0.5000000000000001
2026-02-18,1,0,1,0,0,30,37,2,2,0,0.9749279121818236,-0.22252093395631434,0.8660254037844386,0.5000000000000001
2026-02-19,0,0,0,30,1,29,38,3,2,0,0.43388373911755823,-0.900968867902419,0.8660254037844386,0.5000000000000001
2026-02-20,0,0,0,29,2,28,39,4,2,0,-0.433883739117558,-0.9009688679024191,0.8660254037844386,0.5000000000000001
2026-02-21,0,0,0,28,3,27,40,5,2,1,-0.9749279121818236,-0.2225209339563146,0.8660254037844386,0.5000000000000001
2026-02-22,0,0,0,27,4,26,41,6,2,1,-0.7818314824680299,0.6234898018587334,0.8660254037844386,0.5000000000000001
2026-02-23,0,0,0,26,5,25,42,0,2,0,0.0,1.0,0.8660254037844386,0.5000000000000001
2026-02-24,0,0,0,25,6,24,43,1,2,0,0.7818314824680298,0.6234898018587336,0.8660254037844386,0.5000000000000001
2026-02-25,0,0,0,24,7,23,44,2,2,0,0.9749279121818236,-0.22252093395631434,0.8660254037844386,0.5000000000000001
2026-02-26,0,0,0,23,8,22,45,3,2,0,0.43388373911755823,-0.900968867902419,0.8660254037844386,0.5000000000000001
2026-02-27,0,0,0,22,9,21,46,4,2,0,-0.433883739117558,-0.9009688679024191,0.8660254037844386,0.5000000000000001
2026-02-28,0,0,0,21,10,20,47,5,2,1,-0.9749279121818236,-0.2225209339563146,0.8660254037844386,0.5000000000000001
2026-03-01,0,0,0,20,11,19,48,6,3,1,-0.7818314824680299,0.6234898018587334,1.0,6.123233995736766e-17
2026-03-02,0,0,0,19,12,18,49,0,3,0,0.0,1.0,1.0,6.123233995736766e-17
2026-03-03,0,0,0,18,13,17,50,1,3,0,0.7818314824680298,0.6234898018587336,1.0,6.123233995736766e-17
2026-03-04,0,0,0,17,14,16,51,2,3,0,0.9749279121818236,-0.22252093395631434,1.0,6.123233995736766e-17
2026-03-05,0,0,0,16,15,15,52,3,3,0,0.43388373911755823,-0.900968867902419,1.0,6.123233995736766e-17
2026-03-06,0,0,0,15,16,14,53,4,3,0,-0.433883739117558,-0.9009688679024191,1.0,6.123233995736766e-17
2026-03-07,0,0,0,14,17,13,54,5,3,1,-0.9749279121818236,-0.2225209339563146,1.0,6.123233995736766e-17
2026-03-08,0,0,0,13,18,12,55,6,3,1,-0.7818314824680299,0.6234898018587334,1.0,6.123233995736766e-17
2026-03-09,0,0,0,12,19,11,56,0,3,0,0.0,1.0,1.0,6.123233995736766e-17
2026-03-10,0,0,0,11,20,10,57,1,3,0,0.7818314824680298,0.6234898018587336,1.0,6.123233995736766e-17
2026-03-11,0,0,0,10,21,9,58,2,3,0,0.9749279121818236,-0.22252093395631434,1.0,6.123233995736766e-17
2026-03-12,0,0,0,9,22,8,59,3,3,0,0.43388373911755823,-0.900968867902419,1.0,6.123233995736766e-17
2026-03-13,0,0,0,8,23,7,60,4,3,0,-0.433883739117558,-0.9009688679024191,1.0,6.123233995736766e-17
2026-03-14,0,0,0,7,24,6,61,5,3,1,-0.9749279121818236,-0.2225209339563146,1.0,6.123233995736766e-17
2026-03-15,0,0,0,6,25,5,62,6,3,1,-0.7818314824680299,0.6234898018587334,1.0,6.123233995736766e-17
2026-03-16,0,0,0,5,26,4,63,0,3,0,0.0,1.0,1.0,6.123233995736766e-17
2026-03-17,0,0,0,4,27,3,64,1,3,0,0.7818314824680298,0.6234898018587336,1.0,6.123233995736766e-17
2026-03-18,0,0,0,3,28,2,65,2,3,0,0.9749279121818236,-0.22252093395631434,1.0,6.123233995736766e-17
2026-03-19,0,0,0,2,29,1,66,3,3,0,0.43388373911755823,-0.900968867902419,1.0,6.123233995736766e-17
2026-03-20,0,1,1,1,30,0,0,4,3,0,-0.433883739117558,-0.9009688679024191,1.0,6.123233995736766e-17
2026-03-21,1,1,1,0,0,0,0,5,3,1,-0.9749279121818236,-0.2225209339563146,1.0,6.123233995736766e-17
2026-03-22,1,1,1,0,0,0,0,6,3,1,-0.7818314824680299,0.6234898018587334,1.0,6.123233995736766e-17
2026-03-23,0,1,1,39,1,0,0,0,3,0,0.0,1.0,1.0,6.123233995736766e-17
2026-03-24,0,1,1,38,2,0,0,1,3,0,0.7818314824680298,0.6234898018587336,1.0,6.123233995736766e-17
2026-03-25,0,1,1,37,3,0,0,2,3,0,0.9749279121818236,-0.22252093395631434,1.0,6.123233995736766e-17
2026-03-26,0,1,1,36,4,0,0,3,3,0,0.43388373911755823,-0.900968867902419,1.0,6.123233995736766e-17
2026-03-27,0,1,1,35,5,0,0,4,3,0,-0.433883739117558,-0.9009688679024191,1.0,6.123233995736766e-17
2026-03-28,0,1,1,34,6,0,0,5,3,1,-0.9749279121818236,-0.2225209339563146,1.0,6.123233995736766e-17
2026-03-29,0,1,1,33,7,0,0,6,3,1,-0.7818314824680299,0.6234898018587334,1.0,6.123233995736766e-17
2026-03-30,0,0,0,32,8,53,1,0,3,0,0.0,1.0,1.0,6.123233995736766e-17
2026-03-31,0,0,0,31,9,52,2,1,3,0,0.7818314824680298,0.6234898018587336,1.0,6.123233995736766e-17
2026-04-01,0,0,0,30,10,51,3,2,4,0,0.9749279121818236,-0.22252093395631434,0.8660254037844387,-0.4999999999999998
2026-04-02,0,0,0,29,11,50,4,3,4,0,0.43388373911755823,-0.900968867902419,0.8660254037844387,-0.4999999999999998
2026-04-03,0,0,0,28,12,49,5,4,4,0,-0.433883739117558,-0.9009688679024191,0.8660254037844387,-0.4999999999999998
2026-04-04,0,0,0,27,13,48,6,5,4,1,-0.9749279121818236,-0.2225209339563146,0.8660254037844387,-0.4999999999999998
2026-04-05,0,0,0,26,14,47,7,6,4,1,-0.7818314824680299,0.6234898018587334,0.8660254037844387,-0.4999999999999998
2026-04-06,0,0,0,25,15,46,8,0,4,0,0.0,1.0,0.8660254037844387,-0.4999999999999998
2026-04-07,0,0,0,24,16,45,9,1,4,0,0.7818314824680298,0.6234898018587336,0.8660254037844387,-0.4999999999999998
2026-04-08,0,0,0,23,17,44,10,2,4,0,0.9749279121818236,-0.22252093395631434,0.8660254037844387,-0.4999999999999998
2026-04-09,0,0,0,22,18,43,11,3,4,0,0.43388373911755823,-0.900968867902419,0.8660254037844387,-0.4999999999999998
2026-04-10,0,0,0,21,19,42,12,4,4,0,-0.433883739117558,-0.9009688679024191,0.8660254037844387,-0.4999999999999998
2026-04-11,0,0,0,20,20,41,13,5,4,1,-0.9749279121818236,-0.2225209339563146,0.8660254037844387,-0.4999999999999998
2026-04-12,0,0,0,19,21,40,14,6,4,1,-0.7818314824680299,0.6234898018587334,0.8660254037844387,-0.4999999999999998
2026-04-13,0,0,0,18,22,39,15,0,4,0,0.0,1.0,0.8660254037844387,-0.4999999999999998
2026-04-14,0,0,0,17,23,38,16,1,4,0,0.7818314824680298,0.6234898018587336,0.8660254037844387,-0.4999999999999998
2026-04-15,0,0,0,16,24,37,17,2,4,0,0.9749279121818236,-0.22252093395631434,0.8660254037844387,-0.4999999999999998
2026-04-16,0,0,0,15,25,36,18,3,4,0,0.43388373911755823,-0.900968867902419,0.8660254037844387,-0.4999999999999998
2026-04-17,0,0,0,14,26,35,19,4,4,0,-0.433883739117558,-0.9009688679024191,0.8660254037844387,-0.4999999999999998
2026-04-18,0,0,0,13,27,34,20,5,4,1,-0.9749279121818236,-0.2225209339563146,0.8660254037844387,-0.4999999999999998
2026-04-19,0,0,0,12,28,33,21,6,4,1,-0.7818314824680299,0.6234898018587334,0.8660254037844387,-0.4999999999999998
2026-04-20,0,0,0,11,29,32,22,0,4,0,0.0,1.0,0.8660254037844387,-0.4999999999999998
2026-04-21,0,0,0,10,30,31,23,1,4,0,0.7818314824680298,0.6234898018587336,0.8660254037844387,-0.4999999999999998
2026-04-22,0,0,0,9,31,30,24,2,4,0,0.9749279121818236,-0.22252093395631434,0.8660254037844387,-0.4999999999999998
2026-04-23,0,0,0,8,32,29,25,3,4,0,0.43388373911755823,-0.900968867902419,0.8660254037844387,-0.4999999999999998
2026-04-24,0,0,0,7,33,28,26,4,4,0,-0.433883739117558,-0.9009688679024191,0.8660254037844387,-0.4999999999999998
2026-04-25,0,0,0,6,34,27,27,5,4,1,-0.9749279121818236,-0.2225209339563146,0.8660254037844387,-0.4999999999999998
2026-04-26,0,0,0,5,35,26,28,6,4,1,-0.7818314824680299,0.6234898018587334,0.8660254037844387,-0.4999999999999998
2026-04-27,0,0,0,4,36,25,29,0,4,0,0.0,1.0,0.8660254037844387,-0.4999999999999998
2026-04-28,0,0,0,3,37,24,30,1,4,0,0.7818314824680298,0.6234898018587336,0.8660254037844387,-0.4999999999999998
2026-04-29,0,0,0,2,38,23,31,2,4,0,0.9749279121818236,-0.22252093395631434,0.8660254037844387,-0.4999999999999998
2026-04-30,0,0,0,1,39,22,32,3,4,0,0.43388373911755823,-0.900968867902419,0.8660254037844387,-0.4999999999999998
2026-05-01,1,0,1,0,0,21,33,4,5,0,-0.433883739117558,-0.9009688679024191,0.49999999999999994,-0.8660254037844387
2026-05-02,0,0,0,25,1,20,34,5,5,1,-0.9749279121818236,-0.2225209339563146,0.49999999999999994,-0.8660254037844387
2026-05-03,0,0,0,24,2,19,35,6,5,1,-0.7818314824680299,0.6234898018587334,0.49999999999999994,-0.8660254037844387
2026-05-04,0,0,0,23,3,18,36,0,5,0,0.0,1.0,0.49999999999999994,-0.8660254037844387
2026-05-05,0,0,0,22,4,17,37,1,5,0,0.7818314824680298,0.6234898018587336,0.49999999999999994,-0.8660254037844387
2026-05-06,0,0,0,21,5,16,38,2,5,0,0.9749279121818236,-0.22252093395631434,0.49999999999999994,-0.8660254037844387
2026-05-07,0,0,0,20,6,15,39,3,5,0,0.43388373911755823,-0.900968867902419,0.49999999999999994,-0.8660254037844387
2026-05-08,0,0,0,19,7,14,40,4,5,0,-0.433883739117558,-0.9009688679024191,0.49999999999999994,-0.8660254037844387
2026-05-09,0,0,0,18,8,13,41,5,5,1,-0.9749279121818236,-0.2225209339563146,0.49999999999999994,-0.8660254037844387
2026-05-10,0,0,0,17,9,12,42,6,5,1,-0.7818314824680299,0.6234898018587334,0.49999999999999994,-0.8660254037844387
2026-05-11,0,0,0,16,10,11,43,0,5,0,0.0,1.0,0.49999999999999994,-0.8660254037844387
2026-05-12,0,0,0,15,11,10,44,1,5,0,0.7818314824680298,0.6234898018587336,0.49999999999999994,-0.8660254037844387
2026-05-13,0,0,0,14,12,9,45,2,5,0,0.9749279121818236,-0.22252093395631434,0.49999999999999994,-0.8660254037844387
2026-05-14,0,0,0,13,13,8,46,3,5,0,0.43388373911755823,-0.900968867902419,0.49999999999999994,-0.8660254037844387
2026-05-15,0,0,0,12,14,7,47,4,5,0,-0.433883739117558,-0.9009688679024191,0.49999999999999994,-0.8660254037844387
2026-05-16,0,0,0,11,15,6,48,5,5,1,-0.9749279121818236,-0.2225209339563146,0.49999999999999994,-0.8660254037844387
2026-05-17,0,0,0,10,16,5,49,6,5,1,-0.7818314824680299,0.6234898018587334,0.49999999999999994,-0.8660254037844387
2026-05-18,0,0,0,9,17,4,50,0,5,0,0.0,1.0,0.49999999999999994,-0.8660254037844387
2026-05-19,0,0,0,8,18,3,51,1,5,0,0.7818314824680298,0.6234898018587336,0.49999999999999994,-0.8660254037844387
2026-05-20,0,0,0,7,19,2,52,2,5,0,0.9749279121818236,-0.22252093395631434,0.49999999999999994,-0.8660254037844387
2026-05-21,0,0,0,6,20,1,53,3,5,0,0.43388373911755823,-0.900968867902419,0.49999999999999994,-0.8660254037844387
2026-05-22,0,1,1,5,21,0,0,4,5,0,-0.433883739117558,-0.9009688679024191,0.49999999999999994,-0.8660254037844387
2026-05-23,0,1,1,4,22,0,0,5,5,1,-0.9749279121818236,-0.2225209339563146,0.49999999999999994,-0.8660254037844387
2026-05-24,0,1,1,3,23,0,0,6,5,1,-0.7818314824680299,0.6234898018587334,0.49999999999999994,-0.8660254037844387
2026-05-25,0,1,1,2,24,0,0,0,5,0,0.0,1.0,0.49999999999999994,-0.8660254037844387
2026-05-26,0,1,1,1,25,0,0,1,5,0,0.7818314824680298,0.6234898018587336,0.49999999999999994,-0.8660254037844387
2026-05-27,1,1,1,0,0,0,0,2,5,0,0.9749279121818236,-0.22252093395631434,0.49999999999999994,-0.8660254037844387
2026-05-28,0,1,1,3,1,0,0,3,5,0,0.43388373911755823,-0.900968867902419,0.49999999999999994,-0.8660254037844387
2026-05-29,0,1,1,2,2,0,0,4,5,0,-0.433883739117558,-0.9009688679024191,0.49999999999999994,-0.8660254037844387
2026-05-30,0,1,1,1,3,0,0,5,5,1,-0.9749279121818236,-0.2225209339563146,0.49999999999999994,-0.8660254037844387
2026-05-31,1,1,1,0,0,0,0,6,5,1,-0.7818314824680299,0.6234898018587334,0.49999999999999994,-0.8660254037844387
2026-06-01,1,1,1,0,0,0,0,0,6,0,0.0,1.0,1.2246467991473532e-16,-1.0
2026-06-02,0,1,1,15,1,0,0,1,6,0,0.7818314824680298,0.6234898018587336,1.2246467991473532e-16,-1.0
2026-06-03,0,1,1,14,2,0,0,2,6,0,0.9749279121818236,-0.22252093395631434,1.2246467991473532e-16,-1.0
2026-06-04,0,1,1,13,3,0,0,3,6,0,0.43388373911755823,-0.900968867902419,1.2246467991473532e-16,-1.0
2026-06-05,0,1,1,12,4,0,0,4,6,0,-0.433883739117558,-0.9009688679024191,1.2246467991473532e-16,-1.0
2026-06-06,0,1,1,11,5,0,0,5,6,1,-0.9749279121818236,-0.2225209339563146,1.2246467991473532e-16,-1.0
2026-06-07,0,1,1,10,6,0,0,6,6,1,-0.7818314824680299,0.6234898018587334,1.2246467991473532e-16,-1.0
2026-06-08,0,0,0,9,7,81,1,0,6,0,0.0,1.0,1.2246467991473532e-16,-1.0
2026-06-09,0,0,0,8,8,80,2,1,6,0,0.7818314824680298,0.6234898018587336,1.2246467991473532e-16,-1.0
2026-06-10,0,0,0,7,9,79,3,2,6,0,0.9749279121818236,-0.22252093395631434,1.2246467991473532e-16,-1.0
2026-06-11,0,0,0,6,10,78,4,3,6,0,0.43388373911755823,-0.900968867902419,1.2246467991473532e-16,-1.0
2026-06-12,0,0,0,5,11,77,5,4,6,0,-0.433883739117558,-0.9009688679024191,1.2246467991473532e-16,-1.0
2026-06-13,0,0,0,4,12,76,6,5,6,1,-0.9749279121818236,-0.2225209339563146,1.2246467991473532e-16,-1.0
2026-06-14,0,0,0,3,13,75,7,6,6,1,-0.7818314824680299,0.6234898018587334,1.2246467991473532e-16,-1.0
2026-06-15,0,0,0,2,14,74,8,0,6,0,0.0,1.0,1.2246467991473532e-16,-1.0
2026-06-16,0,0,0,1,15,73,9,1,6,0,0.7818314824680298,0.6234898018587336,1.2246467991473532e-16,-1.0
2026-06-17,1,0,1,0,0,72,10,2,6,0,0.9749279121818236,-0.22252093395631434,1.2246467991473532e-16,-1.0
2026-06-18,0,0,0,68,1,71,11,3,6,0,0.43388373911755823,-0.900968867902419,1.2246467991473532e-16,-1.0
2026-06-19,0,0,0,67,2,70,12,4,6,0,-0.433883739117558,-0.9009688679024191,1.2246467991473532e-16,-1.0
2026-06-20,0,0,0,66,3,69,13,5,6,1,-0.9749279121818236,-0.2225209339563146,1.2246467991473532e-16,-1.0
2026-06-21,0,0,0,65,4,68,14,6,6,1,-0.7818314824680299,0.6234898018587334,1.2246467991473532e-16,-1.0
2026-06-22,0,0,0,64,5,67,15,0,6,0,0.0,1.0,1.2246467991473532e-16,-1.0
2026-06-23,0,0,0,63,6,66,16,1,6,0,0.7818314824680298,0.6234898018587336,1.2246467991473532e-16,-1.0
2026-06-24,0,0,0,62,7,65,17,2,6,0,0.9749279121818236,-0.22252093395631434,1.2246467991473532e-16,-1.0
2026-06-25,0,0,0,61,8,64,18,3,6,0,0.43388373911755823,-0.900968867902419,1.2246467991473532e-16,-1.0
2026-06-26,0,0,0,60,9,63,19,4,6,0,-0.433883739117558,-0.9009688679024191,1.2246467991473532e-16,-1.0
2026-06-27,0,0,0,59,10,62,20,5,6,1,-0.9749279121818236,-0.2225209339563146,1.2246467991473532e-16,-1.0
2026-06-28,0,0,0,58,11,61,21,6,6,1,-0.7818314824680299,0.6234898018587334,1.2246467991473532e-16,-1.0
2026-06-29,0,0,0,57,12,60,22,0,6,0,0.0,1.0,1.2246467991473532e-16,-1.0
2026-06-30,0,0,0,56,13,59,23,1,6,0,0.7818314824680298,0.6234898018587336,1.2246467991473532e-16,-1.0
2026-07-01,0,0,0,55,14,58,24,2,7,0,0.9749279121818236,-0.22252093395631434,-0.4999999999999997,-0.8660254037844388
2026-07-02,0,0,0,54,15,57,25,3,7,0,0.43388373911755823,-0.900968867902419,-0.4999999999999997,-0.8660254037844388
2026-07-03,0,0,0,53,16,56,26,4,7,0,-0.433883739117558,-0.9009688679024191,-0.4999999999999997,-0.8660254037844388
2026-07-04,0,0,0,52,17,55,27,5,7,1,-0.9749279121818236,-0.2225209339563146,-0.4999999999999997,-0.8660254037844388
2026-07-05,0,0,0,51,18,54,28,6,7,1,-0.7818314824680299,0.6234898018587334,-0.4999999999999997,-0.8660254037844388
2026-07-06,0,0,0,50,19,53,29,0,7,0,0.0,1.0,-0.4999999999999997,-0.8660254037844388
2026-07-07,0,0,0,49,20,52,30,1,7,0,0.7818314824680298,0.6234898018587336,-0.4999999999999997,-0.8660254037844388
2026-07-08,0,0,0,48,21,51,31,2,7,0,0.9749279121818236,-0.22252093395631434,-0.4999999999999997,-0.8660254037844388
2026-07-09,0,0,0,47,22,50,32,3,7,0,0.43388373911755823,-0.900968867902419,-0.4999999999999997,-0.8660254037844388
2026-07-10,0,0,0,46,23,49,33,4,7,0,-0.433883739117558,-0.9009688679024191,-0.4999999999999997,-0.8660254037844388
2026-07-11,0,0,0,45,24,48,34,5,7,1,-0.9749279121818236,-0.2225209339563146,-0.4999999999999997,-0.8660254037844388
2026-07-12,0,0,0,44,25,47,35,6,7,1,-0.7818314824680299,0.6234898018587334,-0.4999999999999997,-0.8660254037844388
2026-07-13,0,0,0,43,26,46,36,0,7,0,0.0,1.0,-0.4999999999999997,-0.8660254037844388
2026-07-14,0,0,0,42,27,45,37,1,7,0,0.7818314824680298,0.6234898018587336,-0.4999999999999997,-0.8660254037844388
2026-07-15,0,0,0,41,28,44,38,2,7,0,0.9749279121818236,-0.22252093395631434,-0.4999999999999997,-0.8660254037844388
2026-07-16,0,0,0,40,29,43,39,3,7,0,0.43388373911755823,-0.900968867902419,-0.4999999999999997,-0.8660254037844388
2026-07-17,0,0,0,39,30,42,40,4,7,0,-0.433883739117558,-0.9009688679024191,-0.4999999999999997,-0.8660254037844388
2026-07-18,0,0,0,38,31,41,41,5,7,1,-0.9749279121818236,-0.2225209339563146,-0.4999999999999997,-0.8660254037844388
2026-07-19,0,0,0,37,32,40,42,6,7,1,-0.7818314824680299,0.6234898018587334,-0.4999999999999997,-0.8660254037844388
2026-07-20,0,0,0,36,33,39,43,0,7,0,0.0,1.0,-0.4999999999999997,-0.8660254037844388
2026-07-21,0,0,0,35,34,38,44,1,7,0,0.7818314824680298,0.6234898018587336,-0.4999999999999997,-0.8660254037844388
2026-07-22,0,0,0,34,35,37,45,2,7,0,0.9749279121818236,-0.22252093395631434,-0.4999999999999997,-0.8660254037844388
2026-07-23,0,0,0,33,36,36,46,3,7,0,0.43388373911755823,-0.900968867902419,-0.4999999999999997,-0.8660254037844388
2026-07-24,0,0,0,32,37,35,47,4,7,0,-0.433883739117558,-0.9009688679024191,-0.4999999999999997,-0.8660254037844388
2026-07-25,0,0,0,31,38,34,48,5,7,1,-0.9749279121818236,-0.2225209339563146,-0.4999999999999997,-0.8660254037844388
2026-07-26,0,0,0,30,39,33,49,6,7,1,-0.7818314824680299,0.6234898018587334,-0.4999999999999997,-0.8660254037844388
2026-07-27,0,0,0,29,40,32,50,0,7,0,0.0,1.0,-0.4999999999999997,-0.8660254037844388
2026-07-28,0,0,0,28,41,31,51,1,7,0,0.7818314824680298,0.6234898018587336,-0.4999999999999997,-0.8660254037844388
2026-07-29,0,0,0,27,42,30,52,2,7,0,0.9749279121818236,-0.22252093395631434,-0.4999999999999997,-0.8660254037844388
2026-07-30,0,0,0,26,43,29,53,3,7,0,0.43388373911755823,-0.900968867902419,-0.4999999999999997,-0.8660254037844388
2026-07-31,0,0,0,25,44,28,54,4,7,0,-0.433883739117558,-0.9009688679024191,-0.4999999999999997,-0.8660254037844388
2026-08-01,0,0,0,24,45,27,55,5,8,1,-0.9749279121818236,-0.2225209339563146,-0.8660254037844385,-0.5000000000000004
2026-08-02,0,0,0,23,46,26,56,6,8,1,-0.7818314824680299,0.6234898018587334,-0.8660254037844385,-0.5000000000000004
2026-08-03,0,0,0,22,47,25,57,0,8,0,0.0,1.0,-0.8660254037844385,-0.5000000000000004
2026-08-04,0,0,0,21,48,24,58,1,8,0,0.7818314824680298,0.6234898018587336,-0.8660254037844385,-0.5000000000000004
2026-08-05,0,0,0,20,49,23,59,2,8,0,0.9749279121818236,-0.22252093395631434,-0.8660254037844385,-0.5000000000000004
2026-08-06,0,0,0,19,50,22,60,3,8,0,0.43388373911755823,-0.900968867902419,-0.8660254037844385,-0.5000000000000004
2026-08-07,0,0,0,18,51,21,61,4,8,0,-0.433883739117558,-0.9009688679024191,-0.8660254037844385,-0.5000000000000004
2026-08-08,0,0,0,17,52,20,62,5,8,1,-0.9749279121818236,-0.2225209339563146,-0.8660254037844385,-0.5000000000000004
2026-08-09,0,0,0,16,53,19,63,6,8,1,-0.7818314824680299,0.6234898018587334,-0.8660254037844385,-0.5000000000000004
2026-08-10,0,0,0,15,54,18,64,0,8,0,0.0,1.0,-0.8660254037844385,-0.5000000000000004
2026-08-11,0,0,0,14,55,17,65,1,8,0,0.7818314824680298,0.6234898018587336,-0.8660254037844385,-0.5000000000000004
2026-08-12,0,0,0,13,56,16,66,2,8,0,0.9749279121818236,-0.22252093395631434,-0.8660254037844385,-0.5000000000000004
2026-08-13,0,0,0,12,57,15,67,3,8,0,0.43388373911755823,-0.900968867902419,-0.8660254037844385,-0.5000000000000004
2026-08-14,0,0,0,11,58,14,68,4,8,0,-0.433883739117558,-0.9009688679024191,-0.8660254037844385,-0.5000000000000004
2026-08-15,0,0,0,10,59,13,69,5,8,1,-0.9749279121818236,-0.2225209339563146,-0.8660254037844385,-0.5000000000000004
2026-08-16,0,0,0,9,60,12,70,6,8,1,-0.7818314824680299,0.6234898018587334,-0.8660254037844385,-0.5000000000000004
2026-08-17,0,0,0,8,61,11,71,0,8,0,0.0,1.0,-0.8660254037844385,-0.5000000000000004
2026-08-18,0,0,0,7,62,10,72,1,8,0,0.7818314824680298,0.6234898018587336,-0.8660254037844385,-0.5000000000000004
2026-08-19,0,0,0,6,63,9,73,2,8,0,0.9749279121818236,-0.22252093395631434,-0.8660254037844385,-0.5000000000000004
2026-08-20,0,0,0,5,64,8,74,3,8,0,0.43388373911755823,-0.900968867902419,-0.8660254037844385,-0.5000000000000004
2026-08-21,0,0,0,4,65,7,75,4,8,0,-0.433883739117558,-0.9009688679024191,-0.8660254037844385,-0.5000000000000004
2026-08-22,0,0,0,3,66,6,76,5,8,1,-0.9749279121818236,-0.2225209339563146,-0.8660254037844385,-0.5000000000000004
2026-08-23,0,0,0,2,67,5,77,6,8,1,-0.7818314824680299,0.6234898018587334,-0.8660254037844385,-0.5000000000000004
2026-08-24,0,0,0,1,68,4,78,0,8,0,0.0,1.0,-0.8660254037844385,-0.5000000000000004
2026-08-25,1,0,1,0,0,3,79,1,8,0,0.7818314824680298,0.6234898018587336,-0.8660254037844385,-0.5000000000000004
2026-08-26,0,0,0,5,1,2,80,2,8,0,0.9749279121818236,-0.22252093395631434,-0.8660254037844385,-0.5000000000000004
2026-08-27,0,0,0,4,2,1,81,3,8,0,0.43388373911755823,-0.900968867902419,-0.8660254037844385,-0.5000000000000004
2026-08-28,0,1,1,3,3,0,0,4,8,0,-0.433883739117558,-0.9009688679024191,-0.8660254037844385,-0.5000000000000004
2026-08-29,0,1,1,2,4,0,0,5,8,1,-0.9749279121818236,-0.2225209339563146,-0.8660254037844385,-0.5000000000000004
2026-08-30,0,1,1,1,5,0,0,6,8,1,-0.7818314824680299,0.6234898018587334,-0.8660254037844385,-0.5000000000000004
2026-08-31,1,1,1,0,0,0,0,0,8,0,0.0,1.0,-0.8660254037844385,-0.5000000000000004
2026-09-01,0,1,1,15,1,0,0,1,9,0,0.7818314824680298,0.6234898018587336,-1.0,-1.8369701987210297e-16
2026-09-02,0,1,1,14,2,0,0,2,9,0,0.9749279121818236,-0.22252093395631434,-1.0,-1.8369701987210297e-16
2026-09-03,0,1,1,13,3,0,0,3,9,0,0.43388373911755823,-0.900968867902419,-1.0,-1.8369701987210297e-16
2026-09-04,0,1,1,12,4,0,0,4,9,0,-0.433883739117558,-0.9009688679024191,-1.0,-1.8369701987210297e-16
2026-09-05,0,1,1,11,5,0,0,5,9,1,-0.9749279121818236,-0.2225209339563146,-1.0,-1.8369701987210297e-16
2026-09-06,0,1,1,10,6,0,0,6,9,1,-0.7818314824680299,0.6234898018587334,-1.0,-1.8369701987210297e-16
2026-09-07,0,0,0,9,7,88,1,0,9,0,0.0,1.0,-1.0,-1.8369701987210297e-16
2026-09-08,0,0,0,8,8,87,2,1,9,0,0.7818314824680298,0.6234898018587336,-1.0,-1.8369701987210297e-16
2026-09-09,0,0,0,7,9,86,3,2,9,0,0.9749279121818236,-0.22252093395631434,-1.0,-1.8369701987210297e-16
2026-09-10,0,0,0,6,10,85,4,3,9,0,0.43388373911755823,-0.900968867902419,-1.0,-1.8369701987210297e-16
2026-09-11,0,0,0,5,11,84,5,4,9,0,-0.433883739117558,-0.9009688679024191,-1.0,-1.8369701987210297e-16
2026-09-12,0,0,0,4,12,83,6,5,9,1,-0.9749279121818236,-0.2225209339563146,-1.0,-1.8369701987210297e-16
2026-09-13,0,0,0,3,13,82,7,6,9,1,-0.7818314824680299,0.6234898018587334,-1.0,-1.8369701987210297e-16
2026-09-14,0,0,0,2,14,81,8,0,9,0,0.0,1.0,-1.0,-1.8369701987210297e-16
2026-09-15,0,0,0,1,15,80,9,1,9,0,0.7818314824680298,0.6234898018587336,-1.0,-1.8369701987210297e-16
2026-09-16,1,0,1,0,0,79,10,2,9,0,0.9749279121818236,-0.22252093395631434,-1.0,-1.8369701987210297e-16
2026-09-17,0,0,0,52,1,78,11,3,9,0,0.43388373911755823,-0.900968867902419,-1.0,-1.8369701987210297e-16
2026-09-18,0,0,0,51,2,77,12,4,9,0,-0.433883739117558,-0.9009688679024191,-1.0,-1.8369701987210297e-16
2026-09-19,0,0,0,50,3,76,13,5,9,1,-0.9749279121818236,-0.2225209339563146,-1.0,-1.8369701987210297e-16
2026-09-20,0,0,0,49,4,75,14,6,9,1,-0.7818314824680299,0.6234898018587334,-1.0,-1.8369701987210297e-16
2026-09-21,0,0,0,48,5,74,15,0,9,0,0.0,1.0,-1.0,-1.8369701987210297e-16
2026-09-22,0,0,0,47,6,73,16,1,9,0,0.7818314824680298,0.6234898018587336,-1.0,-1.8369701987210297e-16
2026-09-23,0,0,0,46,7,72,17,2,9,0,0.9749279121818236,-0.22252093395631434,-1.0,-1.8369701987210297e-16
2026-09-24,0,0,0,45,8,71,18,3,9,0,0.43388373911755823,-0.900968867902419,-1.0,-1.8369701987210297e-16
2026-09-25,0,0,0,44,9,70,19,4,9,0,-0.433883739117558,-0.9009688679024191,-1.0,-1.8369701987210297e-16
2026-09-26,0,0,0,43,10,69,20,5,9,1,-0.9749279121818236,-0.2225209339563146,-1.0,-1.8369701987210297e-16
2026-09-27,0,0,0,42,11,68,21,6,9,1,-0.7818314824680299,0.6234898018587334,-1.0,-1.8369701987210297e-16
2026-09-28,0,0,0,41,12,67,22,0,9,0,0.0,1.0,-1.0,-1.8369701987210297e-16
2026-09-29,0,0,0,40,13,66,23,1,9,0,0.7818314824680298,0.6234898018587336,-1.0,-1.8369701987210297e-16
2026-09-30,0,0,0,39,14,65,24,2,9,0,0.9749279121818236,-0.22252093395631434,-1.0,-1.8369701987210297e-16
2026-10-01,0,0,0,38,15,64,25,3,10,0,0.43388373911755823,-0.900968867902419,-0.8660254037844386,0.5000000000000001
2026-10-02,0,0,0,37,16,63,26,4,10,0,-0.433883739117558,-0.9009688679024191,-0.8660254037844386,0.5000000000000001
2026-10-03,0,0,0,36,17,62,27,5,10,1,-0.9749279121818236,-0.2225209339563146,-0.8660254037844386,0.5000000000000001
2026-10-04,0,0,0,35,18,61,28,6,10,1,-0.7818314824680299,0.6234898018587334,-0.8660254037844386,0.5000000000000001
2026-10-05,0,0,0,34,19,60,29,0,10,0,0.0,1.0,-0.8660254037844386,0.5000000000000001
2026-10-06,0,0,0,33,20,59,30,1,10,0,0.7818314824680298,0.6234898018587336,-0.8660254037844386,0.5000000000000001
2026-10-07,0,0,0,32,21,58,31,2,10,0,0.9749279121818236,-0.22252093395631434,-0.8660254037844386,0.5000000000000001
2026-10-08,0,0,0,31,22,57,32,3,10,0,0.43388373911755823,-0.900968867902419,-0.8660254037844386,0.5000000000000001
2026-10-09,0,0,0,30,23,56,33,4,10,0,-0.433883739117558,-0.9009688679024191,-0.8660254037844386,0.5000000000000001
2026-10-10,0,0,0,29,24,55,34,5,10,1,-0.9749279121818236,-0.2225209339563146,-0.8660254037844386,0.5000000000000001
2026-10-11,0,0,0,28,25,54,35,6,10,1,-0.7818314824680299,0.6234898018587334,-0.8660254037844386,0.5000000000000001
2026-10-12,0,0,0,27,26,53,36,0,10,0,0.0,1.0,-0.8660254037844386,0.5000000000000001
2026-10-13,0,0,0,26,27,52,37,1,10,0,0.7818314824680298,0.6234898018587336,-0.8660254037844386,0.5000000000000001
2026-10-14,0,0,0,25,28,51,38,2,10,0,0.9749279121818236,-0.22252093395631434,-0.8660254037844386,0.5000000000000001
2026-10-15,0,0,0,24,29,50,39,3,10,0,0.43388373911755823,-0.900968867902419,-0.8660254037844386,0.5000000000000001
2026-10-16,0,0,0,23,30,49,40,4,10,0,-0.433883739117558,-0.9009688679024191,-0.8660254037844386,0.5000000000000001
2026-10-17,0,0,0,22,31,48,41,5,10,1,-0.9749279121818236,-0.2225209339563146,-0.8660254037844386,0.5000000000000001
2026-10-18,0,0,0,21,32,47,42,6,10,1,-0.7818314824680299,0.6234898018587334,-0.8660254037844386,0.5000000000000001
2026-10-19,0,0,0,20,33,46,43,0,10,0,0.0,1.0,-0.8660254037844386,0.5000000000000001
2026-10-20,0,0,0,19,34,45,44,1,10,0,0.7818314824680298,0.6234898018587336,-0.8660254037844386,0.5000000000000001
2026-10-21,0,0,0,18,35,44,45,2,10,0,0.9749279121818236,-0.22252093395631434,-0.8660254037844386,0.5000000000000001
2026-10-22,0,0,0,17,36,43,46,3,10,0,0.43388373911755823,-0.900968867902419,-0.8660254037844386,0.5000000000000001
2026-10-23,0,0,0,16,37,42,47,4,10,0,-0.433883739117558,-0.9009688679024191,-0.8660254037844386,0.5000000000000001
2026-10-24,0,0,0,15,38,41,48,5,10,1,-0.9749279121818236,-0.2225209339563146,-0.8660254037844386,0.5000000000000001
2026-10-25,0,0,0,14,39,40,49,6,10,1,-0.7818314824680299,0.6234898018587334,-0.8660254037844386,0.5000000000000001
2026-10-26,0,0,0,13,40,39,50,0,10,0,0.0,1.0,-0.8660254037844386,0.5000000000000001
2026-10-27,0,0,0,12,41,38,51,1,10,0,0.7818314824680298,0.6234898018587336,-0.8660254037844386,0.5000000000000001
2026-10-28,0,0,0,11,42,37,52,2,10,0,0.9749279121818236,-0.22252093395631434,-0.8660254037844386,0.5000000000000001
2026-10-29,0,0,0,10,43,36,53,3,10,0,0.43388373911755823,-0.900968867902419,-0.8660254037844386,0.5000000000000001
2026-10-30,0,0,0,9,44,35,54,4,10,0,-0.433883739117558,-0.9009688679024191,-0.8660254037844386,0.5000000000000001
2026-10-31,0,0,0,8,45,34,55,5,10,1,-0.9749279121818236,-0.2225209339563146,-0.8660254037844386,0.5000000000000001
2026-11-01,0,0,0,7,46,33,56,6,11,1,-0.7818314824680299,0.6234898018587334,-0.5000000000000004,0.8660254037844384
2026-11-02,0,0,0,6,47,32,57,0,11,0,0.0,1.0,-0.5000000000000004,0.8660254037844384
2026-11-03,0,0,0,5,48,31,58,1,11,0,0.7818314824680298,0.6234898018587336,-0.5000000000000004,0.8660254037844384
2026-11-04,0,0,0,4,49,30,59,2,11,0,0.9749279121818236,-0.22252093395631434,-0.5000000000000004,0.8660254037844384
2026-11-05,0,0,0,3,50,29,60,3,11,0,0.43388373911755823,-0.900968867902419,-0.5000000000000004,0.8660254037844384
2026-11-06,0,0,0,2,51,28,61,4,11,0,-0.433883739117558,-0.9009688679024191,-0.5000000000000004,0.8660254037844384
2026-11-07,0,0,0,1,52,27,62,5,11,1,-0.9749279121818236,-0.2225209339563146,-0.5000000000000004,0.8660254037844384
2026-11-08,1,0,1,0,0,26,63,6,11,1,-0.7818314824680299,0.6234898018587334,-0.5000000000000004,0.8660254037844384
2026-11-09,0,0,0,46,1,25,64,0,11,0,0.0,1.0,-0.5000000000000004,0.8660254037844384
2026-11-10,0,0,0,45,2,24,65,1,11,0,0.7818314824680298,0.6234898018587336,-0.5000000000000004,0.8660254037844384
2026-11-11,0,0,0,44,3,23,66,2,11,0,0.9749279121818236,-0.22252093395631434,-0.5000000000000004,0.8660254037844384
2026-11-12,0,0,0,43,4,22,67,3,11,0,0.43388373911755823,-0.900968867902419,-0.5000000000000004,0.8660254037844384
2026-11-13,0,0,0,42,5,21,68,4,11,0,-0.433883739117558,-0.9009688679024191,-0.5000000000000004,0.8660254037844384
2026-11-14,0,0,0,41,6,20,69,5,11,1,-0.9749279121818236,-0.2225209339563146,-0.5000000000000004,0.8660254037844384
2026-11-15,0,0,0,40,7,19,70,6,11,1,-0.7818314824680299,0.6234898018587334,-0.5000000000000004,0.8660254037844384
2026-11-16,0,0,0,39,8,18,71,0,11,0,0.0,1.0,-0.5000000000000004,0.8660254037844384
2026-11-17,0,0,0,38,9,17,72,1,11,0,0.7818314824680298,0.6234898018587336,-0.5000000000000004,0.8660254037844384
2026-11-18,0,0,0,37,10,16,73,2,11,0,0.9749279121818236,-0.22252093395631434,-0.5000000000000004,0.8660254037844384
2026-11-19,0,0,0,36,11,15,74,3,11,0,0.43388373911755823,-0.900968867902419,-0.5000000000000004,0.8660254037844384
2026-11-20,0,0,0,35,12,14,75,4,11,0,-0.433883739117558,-0.9009688679024191,-0.5000000000000004,0.8660254037844384
2026-11-21,0,0,0,34,13,13,76,5,11,1,-0.9749279121818236,-0.2225209339563146,-0.5000000000000004,0.8660254037844384
2026-11-22,0,0,0,33,14,12,77,6,11,1,-0.7818314824680299,0.6234898018587334,-0.5000000000000004,0.8660254037844384
2026-11-23,0,0,0,32,15,11,78,0,11,0,0.0,1.0,-0.5000000000000004,0.8660254037844384
2026-11-24,0,0,0,31,16,10,79,1,11,0,0.7818314824680298,0.6234898018587336,-0.5000000000000004,0.8660254037844384
2026-11-25,0,0,0,30,17,9,80,2,11,0,0.9749279121818236,-0.22252093395631434,-0.5000000000000004,0.8660254037844384
2026-11-26,0,0,0,29,18,8,81,3,11,0,0.43388373911755823,-0.900968867902419,-0.5000000000000004,0.8660254037844384
2026-11-27,0,0,0,28,19,7,82,4,11,0,-0.433883739117558,-0.9009688679024191,-0.5000000000000004,0.8660254037844384
2026-11-28,0,0,0,27,20,6,83,5,11,1,-0.9749279121818236,-0.2225209339563146,-0.5000000000000004,0.8660254037844384
2026-11-29,0,0,0,26,21,5,84,6,11,1,-0.7818314824680299,0.6234898018587334,-0.5000000000000004,0.8660254037844384
2026-11-30,0,0,0,25,22,4,85,0,11,0,0.0,1.0,-0.5000000000000004,0.8660254037844384
2026-12-01,0,0,0,24,23,3,86,1,12,0,0.7818314824680298,0.6234898018587336,-2.4492935982947064e-16,1.0
2026-12-02,0,0,0,23,24,2,87,2,12,0,0.9749279121818236,-0.22252093395631434,-2.4492935982947064e-16,1.0
2026-12-03,0,0,0,22,25,1,88,3,12,0,0.43388373911755823,-0.900968867902419,-2.4492935982947064e-16,1.0
2026-12-04,0,1,1,21,26,0,0,4,12,0,-0.433883739117558,-0.9009688679024191,-2.4492935982947064e-16,1.0
2026-12-05,0,1,1,20,27,0,0,5,12,1,-0.9749279121818236,-0.2225209339563146,-2.4492935982947064e-16,1.0
2026-12-06,0,1,1,19,28,0,0,6,12,1,-0.7818314824680299,0.6234898018587334,-2.4492935982947064e-16,1.0
2026-12-07,0,1,1,18,29,0,0,0,12,0,0.0,1.0,-2.4492935982947064e-16,1.0
2026-12-08,0,1,1,17,30,0,0,1,12,0,0.7818314824680298,0.6234898018587336,-2.4492935982947064e-16,1.0
2026-12-09,0,1,1,16,31,0,0,2,12,0,0.9749279121818236,-0.22252093395631434,-2.4492935982947064e-16,1.0
2026-12-10,0,1,1,15,32,0,0,3,12,0,0.43388373911755823,-0.900968867902419,-2.4492935982947064e-16,1.0
2026-12-11,0,1,1,14,33,0,0,4,12,0,-0.433883739117558,-0.9009688679024191,-2.4492935982947064e-16,1.0
2026-12-12,0,1,1,13,34,0,0,5,12,1,-0.9749279121818236,-0.2225209339563146,-2.4492935982947064e-16,1.0
2026-12-13,0,1,1,12,35,0,0,6,12,1,-0.7818314824680299,0.6234898018587334,-2.4492935982947064e-16,1.0
2026-12-14,0,1,1,11,36,0,0,0,12,0,0.0,1.0,-2.4492935982947064e-16,1.0
2026-12-15,0,1,1,10,37,0,0,1,12,0,0.7818314824680298,0.6234898018587336,-2.4492935982947064e-16,1.0
2026-12-16,0,1,1,9,38,0,0,2,12,0,0.9749279121818236,-0.22252093395631434,-2.4492935982947064e-16,1.0
2026-12-17,0,1,1,8,39,0,0,3,12,0,0.43388373911755823,-0.900968867902419,-2.4492935982947064e-16,1.0
2026-12-18,0,1,1,7,40,0,0,4,12,0,-0.433883739117558,-0.9009688679024191,-2.4492935982947064e-16,1.0
2026-12-19,0,1,1,6,41,0,0,5,12,1,-0.9749279121818236,-0.2225209339563146,-2.4492935982947064e-16,1.0
2026-12-20,0,1,1,5,42,0,0,6,12,1,-0.7818314824680299,0.6234898018587334,-2.4492935982947064e-16,1.0
2026-12-21,0,1,1,4,43,0,0,0,12,0,0.0,1.0,-2.4492935982947064e-16,1.0
2026-12-22,0,1,1,3,44,0,0,1,12,0,0.7818314824680298,0.6234898018587336,-2.4492935982947064e-16,1.0
2026-12-23,0,1,1,2,45,0,0,2,12,0,0.9749279121818236,-0.22252093395631434,-2.4492935982947064e-16,1.0
2026-12-24,0,1,1,1,46,0,0,3,12,0,0.43388373911755823,-0.900968867902419,-2.4492935982947064e-16,1.0
2026-12-25,1,1,1,0,0,0,0,4,12,0,-0.433883739117558,-0.9009688679024191,-2.4492935982947064e-16,1.0
2026-12-26,0,1,1,99,1,0,0,5,12,1,-0.9749279121818236,-0.2225209339563146,-2.4492935982947064e-16,1.0
2026-12-27,0,1,1,99,2,0,0,6,12,1,-0.7818314824680299,0.6234898018587334,-2.4492935982947064e-16,1.0
2026-12-28,0,1,1,99,3,0,0,0,12,0,0.0,1.0,-2.4492935982947064e-16,1.0
2026-12-29,0,1,1,99,4,0,0,1,12,0,0.7818314824680298,0.6234898018587336,-2.4492935982947064e-16,1.0
2026-12-30,0,1,1,99,5,0,0,2,12,0,0.9749279121818236,-0.22252093395631434,-2.4492935982947064e-16,1.0
2026-12-31,0,1,1,99,6,0,0,3,12,0,0.43388373911755823,-0.900968867902419,-2.4492935982947064e-16,1.0
