stop_id,stop_name,stop_lat,stop_lon,operator,route_id,nearest_grid_dist_km,density_per_km2,density_log
50500,Taman Wahyu,3.21451,101.672178,ktmb,,0.3947178627339129,6465.142578125,8.774335008479172
50600,BATU CAVES,3.237796,101.681215,ktmb,,0.37468773121029103,9461.38671875,9.15507992607563
52800,Angkasapuri,3.113212,101.673367,ktmb,,0.43848544151747765,8293.48828125,9.023346510697527
52900,Pantai Dalam,3.095607,101.669927,ktmb,,0.04366245440457322,6524.787109375,8.783516854704978
53000,PETALING,3.086485,101.664338,ktmb,,0.34931431165824817,6799.51953125,8.824754289900152
47300,PADANG BESAR,6.662205,100.319514,ktmb,,0.015506880380054485,2035.8896484375,7.619179241189164
54500,Bukit Badak,3.036147,101.470176,ktmb,,0.12321177442874212,3401.947509765625,8.13239724968774
54700,KLANG,3.043078,101.449543,ktmb,,0.45599603972159136,2253.89697265625,7.720859562492256
50400,Kampung Batu,3.204892,101.675584,ktmb,,0.28838343468438815,8328.1044921875,9.02751122544285
53600,SETIA JAYA,3.083373,101.61143,ktmb,,0.4130777618156266,7328.16455078125,8.899616811683803
53700,SUBANG JAYA,3.084554,101.587373,ktmb,,0.307688037937598,5905.00439453125,8.683724806382706
36700,Skudai,1.557728,103.668209,ktmb,,0.4679335720963999,2059.62255859375,7.630763429036091
400,BUKIT TENGAH,5.3646,100.42173,ktmb,,0.3671497175163207,6127.39990234375,8.720688967506566
600,BUKIT MERTAJAM,5.365998,100.447993,ktmb,,0.5761789442534375,4721.64013671875,8.460123273200876
5700,PADANG RENGAS,4.777932,100.857424,ktmb,,0.4335625401983402,500.9693298339844,6.218539021877057
6300,Kuala Kangsar,4.776524,100.932601,ktmb,,0.47405956626241935,2505.15234375,7.8265039252084385
7300,SUNGAI SIPUT,4.818757,101.071261,ktmb,,0.26198437690672466,2256.539306640625,7.722030696719018
8600,TASEK,4.65289,101.12028,ktmb,,0.12295053777340678,2653.175048828125,7.883889169321529
9000,IPOH,4.597526,101.07333,ktmb,,0.47695731381557416,4959.68798828125,8.509299717414772
1700,Nibong Tebal,5.16942,100.47965,ktmb,,0.22169681923740728,3503.8671875,8.16190790645404
1900,PARIT BUNTAR,5.130571,100.486575,ktmb,,0.20564736705284586,4457.1357421875,8.402485962604613
2600,BAGAN SERAI,5.028068,100.527197,ktmb,,0.11000777542872382,713.6326293945312,6.5717686056083515
1000,SIMPANG AMPAT,5.28599,100.48097,ktmb,,0.3593136618386584,2856.51416015625,7.957707351091946
3300,BUKIT MERAH,5.0419,100.64617,ktmb,,0.42875042803250446,203.5543670654297,5.320833793770728
4500,KAMUNTING,4.89589,100.7191,ktmb,,0.07503813894779218,4000.50341796875,8.294425423978609
4700,Taiping,4.852059,100.731489,ktmb,,0.43824243303428173,4371.20849609375,8.383023537110342
43100,Kobah,5.97233,100.44068,ktmb,,0.4812087645168014,589.0115966796875,6.380142192095901
44000,Alor Star,6.113136,100.369291,ktmb,,0.12140060873797467,3733.36669921875,8.225333524748159
43500,TOKAI,6.029316,100.408681,ktmb,,0.29092126044243244,909.7510375976561,6.814269575166263
44900,Kodiang,6.37066,100.30266,ktmb,,0.039154512308324695,485.2151184082031,6.186651156438079
45800,ARAU,6.431952,100.269002,ktmb,,0.3617666229486821,2376.62109375,7.773855726350673
46300,BUKIT KATRI,6.52375,100.25713,ktmb,,0.5869379166246351,725.6200561523436,6.588403722148162
50000,SENTUL,3.183581,101.688802,ktmb,,0.48164614040397863,5050.16796875,8.527374776468687
37400,HOLIDAY PLAZA,1.488583,103.759833,ktmb,,0.22933638787772687,6793.09765625,8.82380952251331
35500,SEDENAK,1.712253,103.522491,ktmb,,0.32376706413506595,187.3245391845703,5.238166746792903
37600,Woodlands,1.443716,103.769551,ktmb,,2.0423796997280337,5905.779296875,8.68385600362886
40500,TASEK GELUGOR,5.482175,100.497955,ktmb,,0.5332305558780078,1638.7247314453125,7.402283660050727
41400,SUNGAI PETANI,5.642978,100.489755,ktmb,,0.47328956111868314,3644.521484375,8.201254702625087
37500,JB SENTRAL,1.463147,103.764445,ktmb,,0.37436400446582396,5942.35546875,8.690029146593245
42400,GURUN,5.824291,100.477451,ktmb,,0.4338496513261143,1679.803955078125,7.427027502620671
68700,Jerantut,3.937265,102.357945,ktmb,,0.36714269028704816,3274.861572265625,8.094336188972015
69100,PADANG PIOL,4.0011,102.4022,ktmb,,0.3052103496651123,25.93156242370605,3.2932989231021366
69400,TEMBELING,4.3373,102.3006,ktmb,,0.2579453335899562,1.633746862411499,0.968407494834745
69600,Mela,4.10555,102.3154,ktmb,,0.5019421291573278,8.951952934265137,2.297768806711639
70000,SUNGAI LIK,4.0889,102.2087,ktmb,,0.3475090006054822,50.915863037109375,3.9496243896586414
70200,Krambit,4.117319,102.19952,ktmb,,0.5104301711705349,64.07891845703125,4.175600663543896
63700,Kemayan,3.135827,102.370571,ktmb,,0.1776410315750406,1998.4698486328125,7.60063734871972
64100,Mengkuang,5.330575,102.203137,ktmb,,0.2043764639066564,137.07089233398435,4.927767265817181
64400,Triang,3.246451,102.411322,ktmb,,0.11527163016400678,1691.4742431640625,7.433946786451466
71300,KUALA LIPIS,4.186634,102.053791,ktmb,,0.10912670503661336,2603.987548828125,7.865183174455555
8000,CHEMOR,4.81887,101.0713,ktmb,,0.25647825985435263,2256.539306640625,7.722030696719018
9400,LAHAT,4.54219,101.05266,ktmb,,0.359932640836051,1854.2125244140625,7.52575453689636
9700,BATU GAJAH,4.459894,101.0493,ktmb,,0.4690307718607204,703.2737426757812,6.557167119607837
10200,KOTA BHARU (PK),4.4026,101.07912,ktmb,,0.18484302998821522,142.0589141845703,4.963256532721127
10900,KAMPAR,4.302787,101.153512,ktmb,,0.12583347396291733,2378.354248046875,7.774584405500357
12900,SUNGKAI,4.006223,101.301512,ktmb,,0.31601957621127147,1653.376953125,7.411179753562459
14100,SLIM RIVER,3.827134,101.402164,ktmb,,0.19814753928158108,2061.864990234375,7.631851067514505
14600,BEHRANG,3.745477,101.450007,ktmb,,0.32287459107158245,1096.65625,7.00093250383632
15200,TANJUNG MALIM,3.685142,101.518165,ktmb,,0.2671400981324767,2509.88134765625,7.8283891050169325
17300,Serendah,3.376172,101.614532,ktmb,,0.4636149014644381,602.09619140625,6.402076705408399
17800,RAWANG,3.318955,101.575012,ktmb,,0.3610590809238837,3693.7587890625,8.21467055088947
11600,TAPAH ROAD,4.173861,101.189333,ktmb,,0.5134162162510139,593.252197265625,6.387303803777641
16100,KUALA KUBU BARU,3.553215,101.639591,ktmb,,0.3755766325263313,237.6829376220703,5.4751360503629165
18500,SUNGAI BULUH,3.206356,101.580128,ktmb,,0.3798031614838486,6835.38720703125,8.830014684970635
18600,KEPONG,3.202996,101.637381,ktmb,,0.15103149009566164,9543.494140625,9.163719737440092
18700,Segambut,3.186514,101.664032,ktmb,,0.31533440987169836,8306.0712890625,9.024862393608254
18800,Putra,3.165399,101.691101,ktmb,,0.5341908915881551,7587.3212890625,8.93436567189053
18900,Bank Negara,3.155105,101.693118,ktmb,,0.22169499707310195,7198.00146484375,8.881697609948064
19000,KUALA LUMPUR,3.139444,101.693333,ktmb,,0.2969027830656504,5520.30810546875,8.616370086825249
15400,KALUMPANG,3.5566,101.5612,ktmb,,0.31693195500774934,16.78849983215332,2.8785521716551377
19100,KL SENTRAL,3.134167,101.686111,ktmb,,0.3246679784757665,5211.45556640625,8.558806341640269
19300,Seputih,3.113612,101.681474,ktmb,,0.4300288850192845,6133.96435546875,8.72175954709859
19400,SALAK SELATAN,3.098413,101.705055,ktmb,,0.4091257188494304,7465.73779296875,8.91821347497368
19600,BANDAR TASEK (S),3.076229,101.711119,ktmb,,0.28071884117371254,7850.10107421875,8.968409065172034
19900,SERDANG,3.023404,101.716056,ktmb,,0.513519734451057,6814.796875,8.826998266862036
20400,KAJANG,2.983222,101.790669,ktmb,,0.6109527133951406,7483.8896484375,8.920641553717328
20500,UKM,2.939775,101.787623,ktmb,,0.3358985073238008,1965.7679443359373,7.5841468370197385
20900,BANGI,2.904467,101.785943,ktmb,,0.0866731432193501,3362.97119140625,8.120877457264923
21300,BATANG BENAR,2.829904,101.826655,ktmb,,0.18995114537559493,941.3250122070312,6.84835023864376
18100,KUANG,3.258267,101.554794,ktmb,,0.4728117467754442,1702.6654052734375,7.440537329700818
22400,Tiroi,2.741459,101.871914,ktmb,,0.5106024669036441,426.83059692382807,6.0587273156518355
22700,SEREMBAN,2.719169,101.940792,ktmb,,0.44333184897655825,3898.29248046875,8.268550400395576
23900,Rembau,2.593055,102.094653,ktmb,,0.2627424740774052,2581.71435546875,7.856596200634901
25100,Pulau Sebang (Tampin),2.46396,102.226308,ktmb,,0.2746962749793918,2472.880126953125,7.8135430986472265
21500,Nilai,2.802356,101.799303,ktmb,,0.4302005411910257,2003.797607421875,7.603298390716249
22000,LABU,2.754501,101.826656,ktmb,,0.16298011606768756,441.8001708984375,6.093118586783905
26400,Batang Melaka,2.473743,102.415698,ktmb,,0.5683771197362828,594.7825927734375,6.3898758232921775
27800,Gemas,2.579606,102.611682,ktmb,,0.10659589270689195,1418.5250244140625,7.258077604791847
28300,Batu Anam,2.580443,102.702269,ktmb,,0.20149582023321747,479.9767761230469,6.175818986451656
29100,Segamat,2.507074,102.813959,ktmb,,0.47664234508901915,1015.360595703125,6.923983482200911
29500,Genuang,2.48837,102.88443,ktmb,,0.2476356044938118,224.1475830078125,5.416756111659147
29900,TENANG,2.465,102.956944,ktmb,,0.5526115468246656,209.1770172119141,5.347950114748178
30500,Labis,2.383181,103.019587,ktmb,,0.4339418257825458,2425.0888671875,7.794035719990346
31300,Bekok,2.295713,103.129726,ktmb,,0.2037503107372477,382.63381958007807,5.949688502783363
32100,Paloh,2.186932,103.193987,ktmb,,0.06832645964216094,1715.8419189453125,7.4482417884849825
33200,Kluang,2.033666,103.31773,ktmb,,0.43221150419280946,4532.17822265625,8.419178566880134
33600,Mengkibol,1.975921,103.334342,ktmb,,0.3793517636920599,292.7206420898437,5.682629118642043
34200,Rengam,1.884852,103.403207,ktmb,,0.2502299215842098,519.9251708984375,6.25560640552347
34800,Layang-Layang,1.813828,103.475791,ktmb,,0.30564229902684104,1748.9140625,7.467321958568907
32400,Chamek,2.143042,103.238584,ktmb,,0.3701603157781523,170.65020751953125,5.145458728871985
36000,Kulai,1.663129,103.600489,ktmb,,0.2937661395039554,3708.16015625,8.218560756996814
36600,SENAI,1.663129,103.600489,ktmb,,0.2937661395039554,3708.16015625,8.218560756996814
36900,Kempas Bahru,1.535744,103.721801,ktmb,,0.2880496109121772,2511.86669921875,7.829179491655486
37100,Pasir gudang,1.444783,103.92152,ktmb,,0.22656622720364006,6547.732421875,8.78702678652337
76600,Pan Malayan,4.91299,101.977,ktmb,,0.14305299601518656,61.20967483520508,4.1305105316237825
76800,Sungai Koyan,4.963018,102.010637,ktmb,,0.12410702525051291,13.755391120910645,2.691608515729832
77000,Kampung Sg.Sirian,5.02507,102.03904,ktmb,,0.5128281395839799,13.19431972503662,2.652841865214508
72600,Dura,4.459419,101.940204,ktmb,,0.5291095786304828,8.483527183532713,2.2495563128411176
72700,Aur Gading,4.44072,101.95489,ktmb,,0.459764403910044,8.47863483428955,2.249040301075463
73100,Chegar Perah,4.49059,101.94379,ktmb,,0.39968791036194434,40.71215438842773,3.7307925584795525
78400,Sri Bintang,5.160115,102.08597,ktmb,,0.22106864702513618,34.955764770507805,3.582289426541233
53800,BATU TIGA,3.076091,101.559811,ktmb,,0.33607613588306234,5320.2763671875,8.579468472204082
54200,SHAH ALAM,3.056388,101.525302,ktmb,,0.4126668499610988,6507.72998046875,8.780899628684978
54400,PADANG JAWA,3.052532,101.492742,ktmb,,0.2452204334199368,4418.7255859375,8.393832888514888
55100,JALAN KASTAM,3.013128,101.402599,ktmb,,0.12136585532860748,4013.473876953125,8.29766157843035
55200,PEL. KLANG (S),2.999323,101.39179,ktmb,,0.533702028771157,3573.284912109375,8.181520410535732
53100,Jalan Templer,3.084013,101.656402,ktmb,,0.5161079007534358,6441.66552734375,8.770697635226146
53400,Kg.Datuk Harun,3.084828,101.632339,ktmb,,0.5014374960951884,7888.9306640625,8.973342625976528
53500,Seri Setia,3.083373,101.61143,ktmb,,0.4130777618156266,7328.16455078125,8.899616811683803
55500,PULAU INDAH,2.960352,101.346347,ktmb,,0.2746716372663109,2775.509033203125,7.928949674126081
54800,Teluk Pulai,3.04089,101.432153,ktmb,,0.6213422513049984,5418.50634765625,8.597760010517458
54900,Teluk Gadong,3.033932,101.424947,ktmb,,0.48115396132453303,5746.57470703125,8.656533254731418
55000,Kampung Raja Uda,3.020253,101.41023,ktmb,,0.11467424107820848,4317.44384765625,8.370650395893243
62500,SERTING,2.810356,102.404968,ktmb,,0.29803213845955423,2563.0576171875,7.849346289390067
85500,Bunut Susu,6.09638,102.17623,ktmb,,0.2150147953515314,909.4955444335936,6.813989005617627
100,BUTTERWORTH,5.393343,100.366201,ktmb,,0.4397097066499189,4964.23193359375,8.510215289102975
39600,Gelang Patah,1.439209,103.590013,ktmb,,0.48048416838057006,279.8741149902344,5.637906579597937
39700,Tanjung Pelepas,1.385313,103.559204,ktmb,,0.3007778546089449,91.64059448242189,4.528727430928684
16300,RASA,3.500586,101.634113,ktmb,,0.4242951211377563,1199.26025390625,7.090293690516611
16500,BATANG KALI,3.46838,101.637759,ktmb,,0.2817146660872062,1629.515869140625,7.3966517278656205
19205,Midvalley,3.119211,101.678865,ktmb,,0.17051375252964865,5935.74609375,8.688916466596845
23100,SUNGAI GADUT,2.660898,101.996158,ktmb,,0.21905558571292294,3611.20166015625,8.192072743586449
45600,KODIANG,6.37053,100.3023,ktmb,,0.06925617088924244,485.2151184082031,6.186651156438079
44400,ANAK BUKIT,6.183395,100.374874,ktmb,,0.5304026764324415,2022.112060546875,7.612392228884646
78500,Sri Mahligai,5.31332,101.77286,ktmb,,0.38800429328239555,0.6272146105766296,0.48686972523978633
78700,Sri Jaya,5.30785,102.00906,ktmb,,0.5163306708155717,97.57196044921876,4.590786844383074
78900,Kemubu,5.35271,102.31175,ktmb,,0.128246092429263,37.19979476928711,3.6428301430663463
79300,Dabong,5.377071,102.010175,ktmb,,0.2213949542313033,239.6273498535156,5.4832494706193655
79800,Kuala Gris,5.49379,102.08047,ktmb,,0.33558755790347417,4.804203987121582,1.7585824803591235
80000,Bukit Abu,5.37267,102.08513,ktmb,,0.2795220512374933,87.80232238769531,4.486412802670727
77200,Sungai Sirian,5.0337,102.04945,ktmb,,0.5375520925869731,14.39157485961914,2.7338202726751475
81700,Pahi,5.54847,102.23977,ktmb,,0.5167768430488413,259.7614440917969,5.56360598205219
60800,LONDAH,2.810356,102.404968,ktmb,,0.29803213845955423,2563.0576171875,7.849346289390067
61000,ROMPIN,2.810356,102.404968,ktmb,,0.29803213845955423,2563.0576171875,7.849346289390067
61800,Bahau,2.811299,102.403595,ktmb,,0.11529224209640243,2563.0576171875,7.849346289390067
64700,MENTRI,3.246451,102.411322,ktmb,,0.11527163016400678,1691.4742431640625,7.433946786451466
64900,Mengkarak,3.33114,102.418784,ktmb,,0.2801432275704954,943.2286376953124,6.8503683377680105
66100,Mentakab,3.483896,102.343041,ktmb,,0.3935907487082113,2169.79443359375,7.682848477967125
66600,Kerdau,3.577513,102.3697,ktmb,,0.1381816020659395,196.85820007324216,5.287550612882316
67100,SUNGAI DALAM,3.710453,102.366258,ktmb,,0.41108278167919743,1039.681396484375,6.947630966520142
67400,Kuala Krau,3.710453,102.366258,ktmb,,0.41108278167919743,1039.681396484375,6.947630966520142
18400,Kepong Sentral,3.208653,101.62849,ktmb,,0.38673859412741907,9510.1005859375,9.160214878174282
37405,DANGA CITY MALL,1.4753,103.7548,ktmb,,0.4370681192972568,4851.98583984375,8.487349431585947
22900,Senawang,2.690138,101.972336,ktmb,,0.45701618946907685,5065.91943359375,8.530488305131176
71800,Pdg.Tungku,4.23397,101.98883,ktmb,,0.4491525448304585,595.5491333007812,6.391161607468153
72000,KG TELANG,4.186634,102.053791,ktmb,,0.10912670503661336,2603.987548828125,7.865183174455555
72200,B.Betong,4.39984,101.92368,ktmb,,0.628783732718643,11.249601364135742,2.5054933947580387
72400,Kg.Berkam,4.20116,102.05187,ktmb,,0.31050842294865405,28.26044464111328,3.376236591686814
67900,Jenderak,3.807343,102.359165,ktmb,,0.4616222872684127,140.07379150390625,4.9492830974807935
68200,JERANSONG,3.937265,102.357945,ktmb,,0.36714269028704816,3274.861572265625,8.094336188972015
73500,Sungai Temau,4.49778,101.9474,ktmb,,0.4081250777267118,22.4235782623291,3.1537431331055945
74000,KUBANG RUSA,4.69314,102.00328,ktmb,,0.25636352428137676,191.31669616699216,5.259143472367089
74500,Teluk Gunong,4.63526,101.99271,ktmb,,0.2901783610106855,29.261802673339844,3.4098862793994305
74800,Merapoh,4.69314,102.00328,ktmb,,0.25636352428137676,191.31669616699216,5.259143472367089
75000,Mentara Baru,4.78934,102.01179,ktmb,,0.25795526579457234,70.4715576171875,4.269299574994506
75300,LAPAN TUPAI,4.878941,101.966634,ktmb,,0.32740691159514007,822.2935791015625,6.7133128552961505
76000,Gua Musang,4.878941,101.966634,ktmb,,0.32740691159514007,822.2935791015625,6.7133128552961505
82100,Kuala Krai,5.529884,102.202808,ktmb,,0.12664271004283734,1570.3311767578125,7.3596784223776055
77400,Limau Kasturi,5.08019,102.06936,ktmb,,0.16199288844872234,127.17577362060545,4.853402553310652
77800,Bertam Baru,5.142897,102.045598,ktmb,,0.3019045511042716,144.5952911376953,4.980830794152344
77900,Bertam,5.148,102.05066,ktmb,,0.38070965926927425,66.73680114746094,4.215629623768865
78100,Jerek Baru,5.1739,102.00993,ktmb,,0.4139605942172338,186.3511962890625,5.2329849105358965
78300,Sungai Tasin,5.19518,102.01353,ktmb,,0.2538965314367685,33.9359016418457,3.5535150007981913
84200,Bukit Panau,5.89126,102.15727,ktmb,,0.63827893619936,173.136962890625,5.159842132629482
84400,Sungai Keladi,5.9052,102.15896,ktmb,,0.3002010361951821,219.88819885253903,5.397656685968404
84600,To' Uban,5.98236,102.11687,ktmb,,0.5011290623797803,166.77565002441406,5.122627670418643
84800,Cicha Tinggi,6.0225,102.14004,ktmb,,0.4788943757062371,845.963623046875,6.741657745733157
85100,Pasir Mas,6.042713,102.142574,ktmb,,0.3738180879878305,4277.7138671875,8.361407745096498
80300,Kg Baru Bukit Abu,5.32983,102.1214,ktmb,,0.23428216329407217,20.59305191040039,3.0723715921281687
80500,Ulu Temiang,5.30765,102.15629,ktmb,,0.5723384395396363,66.89991760253906,4.218034821051971
80700,Kg.Baru Sg.Mengkuang,5.38989,102.14639,ktmb,,0.3706816257830955,13.51211929321289,2.674984113654105
81200,Manek Urai,5.39103,102.23263,ktmb,,0.5942499942525927,516.94775390625,6.249874375987806
85700,Wakaf Bahru,6.118313,102.200519,ktmb,,0.35351896148891765,3619.484130859375,8.194363033684171
86000,Kampung Kok Pasir,6.16321,102.20769,ktmb,,0.41297673106208593,923.8751831054688,6.829658791224308
86300,TUMPAT,6.19899,102.167621,ktmb,,0.45265687037723207,2521.273681640625,7.832916028337731
82400,Sungai Nal,5.58888,102.180094,ktmb,,0.31302692636665563,397.47271728515625,5.987639032361206
83100,Temangan,5.70241,102.15165,ktmb,,0.2045411349856899,362.3805236816406,5.895450559813772
83700,Tanah Merah,5.806077,102.146729,ktmb,,0.35114634417168794,3510.73388671875,8.163865179309733
52700,ABDULLAH HUKUM,3.11869,101.67293,ktmb,,0.4183013232318561,7703.421875,8.949549712492678
50300,Batu Kentonmen,3.198485,101.681138,ktmb,,0.4942953514985111,9044.9296875,9.110070177235084
20402,KAJANG 2,2.96264,101.79207,ktmb,,0.2858304154898641,3228.511962890625,8.08008630972039
1001828,PJ445 LRT TAMAN JAYA,3.103876,101.644993,rapidbus_kl,,0.0476305255676821,5764.9482421875,8.65972490177712
1006035,PJ84 PJ WALK,3.100201666,101.6452966,rapidbus_kl,,0.4024561357010307,5764.9482421875,8.65972490177712
1001979,PJ434 DEWAN SIVIK MBPJ,3.098113,101.645854,rapidbus_kl,,0.33135434535570285,6173.63720703125,8.728205407872444
1006036,PJ757 WISMA IEM,3.098985,101.646956,rapidbus_kl,,0.4762804735234152,6173.63720703125,8.728205407872444
1006206,PJ451 WISMA PERKESO,3.094789,101.646736,rapidbus_kl,,0.2490461493399047,6173.63720703125,8.728205407872444
1003674,PJ452 KOMPLEKS ARENA PJ,3.092533,101.645975,rapidbus_kl,,0.355977424473761,6173.63720703125,8.728205407872444
1002425,PJ453 PERPUSTAKAAN KOMUNITI PJ,3.0908059472778,101.64604883686,rapidbus_kl,,0.44476619579557897,7396.552734375,8.908904512924185
1003891,(M) PJ469 TERMINAL BAS,3.087051,101.647131,rapidbus_kl,,0.2829435495697829,7396.552734375,8.908904512924185
1001844,PJ455 MAHKAMAH SYARIAH,3.086795,101.650753,rapidbus_kl,,0.2423289061420955,6441.66552734375,8.770697635226146
1001000,PJ411 APT INAI COURT (OPP),3.085194,101.654585,rapidbus_kl,,0.28013398010941665,6441.66552734375,8.770697635226146
1000942,PJ737 FLAT TAMAN PERANSANG,3.0814378714851,101.64831904603,rapidbus_kl,,0.5112767991100579,9147.6552734375,9.121362182817565
1000528,PJ739 TAMAN DATO HARUN,3.083589507932,101.63527896574,rapidbus_kl,,0.4031883316405048,7888.9306640625,8.973342625976528
1003570,PJ741 DESA MENTARI FASA 4 (UTARA),3.0843778280735,101.62811647765,rapidbus_kl,,0.30168019349906466,8420.7275390625,9.038570257101735
1000840,PJ145 GERAI PJS 2C,3.081736,101.627329,rapidbus_kl,,0.33834931330545215,9434.435546875,9.15222761962801
1003149,PJ742 PJ SOUTH CITY,3.079994,101.627322,rapidbus_kl,,0.15323901789804442,9434.435546875,9.15222761962801
1002339,PJ147 PJCC,3.077964,101.627341,rapidbus_kl,,0.10827007263614977,9434.435546875,9.15222761962801
1002272,PJ148 PJS 4 (BARAT),3.0766227551742,101.62790886161,rapidbus_kl,,0.2365618770966083,9434.435546875,9.15222761962801
1001765,PJ149 PJS 4 (TIMUR),3.076324,101.629378,rapidbus_kl,,0.31483899810670785,9434.435546875,9.15222761962801
1006037,PJ137 TERMINAL TAMAN MEDAN,3.075537,101.633102,rapidbus_kl,,0.4998021248806874,8857.4306640625,9.089124901958158
1002554,PJ138 PJS 4 (TIMUR),3.076043,101.629572,rapidbus_kl,,0.3527252789412662,9434.435546875,9.15222761962801
1003446,PJ139 PJS 4 (BARAT),3.0763448090071,101.62789897956,rapidbus_kl,,0.2674735411442745,9434.435546875,9.15222761962801
1002851,PJ140 PJCC,3.078428,101.627186,rapidbus_kl,,0.08864733282999393,9434.435546875,9.15222761962801
1000839,PJ141 PJ SOUTH CITY,3.080845,101.627209,rapidbus_kl,,0.24581371322444123,9434.435546875,9.15222761962801
1003745,PJ143 SURAU MADRASATUL IMANIYA,3.083289,101.627176,rapidbus_kl,,0.42986374416886747,8420.7275390625,9.038570257101735
1003075,PJ730 FLAT DESA MENTARI,3.084916,101.627607,rapidbus_kl,,0.24345208619279882,8420.7275390625,9.038570257101735
1003685,PJ731 KTM KG DATO HARUN (UTARA),3.084208,101.633581,rapidbus_kl,,0.4359277225055614,7888.9306640625,8.973342625976528
1002254,PJ733 TAMAN MAJU JAYA,3.0831545080372,101.64062877884,rapidbus_kl,,0.6193794990214944,7396.552734375,8.908904512924185
1000943,PJ734 TAMAN PETALING UTAMA,3.081794,101.649809,rapidbus_kl,,0.4833080516032834,8022.9072265625,8.990180767581224
1000999,PJ412 APT INAI COURT,3.085098,101.654377,rapidbus_kl,,0.27395200195442376,6441.66552734375,8.770697635226146
1004161,PJ413 UITM PJ (OPP),3.086949,101.652272,rapidbus_kl,,0.07308300300207494,6441.66552734375,8.770697635226146
1001981,PJ415 TERMINAL BAS (OPP),3.086895,101.646789,rapidbus_kl,,0.2458423855735972,7396.552734375,8.908904512924185
1006205,PJ456 PERPUSTAKAAN KOMUNITI PJ (OPP),3.090344,101.64598,rapidbus_kl,,0.3943392256234962,7396.552734375,8.908904512924185
1006033,PJ460 KOMPLEKS ARENA PJ (OPP),3.09203,101.6455333,rapidbus_kl,,0.3911056872938636,6173.63720703125,8.728205407872444
1006034,PJ432 WISMA PERKESO (OPP),3.095074,101.646502,rapidbus_kl,,0.21646244895260258,6173.63720703125,8.728205407872444
1001509,PJ435 WISMA MCIS,3.101044,101.641252,rapidbus_kl,,0.47679337078011563,5764.9482421875,8.65972490177712
1001785,PJ437 LRT ASIA JAYA,3.1038828935882,101.63914593158,rapidbus_kl,,0.32192277898660465,5937.3740234375,8.689190641456827
1003320,PJ439 SK SRI PETALING (OPP),3.108625,101.639152,rapidbus_kl,,0.5017406870344423,6365.32958984375,8.758778379961429
1000484,PJ278 DIGITAL MALL SEKSYEN 14,3.110474,101.636336,rapidbus_kl,,0.17922819036195625,6365.32958984375,8.758778379961429
1005034,PJ302 QUILL 9,3.114216,101.632624,rapidbus_kl,,0.4671997118672155,6365.32958984375,8.758778379961429
1000944,PJ210 HOTEL LISA DE INN,3.118249,101.630639,rapidbus_kl,,0.3866470273723749,8429.44140625,9.039604410983337
1003538,PJ211 FLAT SEKSYEN 17 (SELATAN),3.118937,101.633375,rapidbus_kl,,0.3590901629285169,6567.5234375,8.790044343069445
1004190,PJ212 JAYA ONE MALL (OPP),3.118939,101.635496,rapidbus_kl,,0.18440633590981767,6567.5234375,8.790044343069445
1002675,PJ237 PUSAT ASASI UIA (SELATAN),3.118802,101.639562,rapidbus_kl,,0.4092705207685026,6567.5234375,8.790044343069445
1001955,PJ238 MASJID KOLEJ ISLAM,3.118732,101.640579,rapidbus_kl,,0.4824219339036297,6504.1494140625,8.780349359793119
1003407,PJ245 SMK SULTAN ABD SAMAD (TIMUR),3.118566,101.645001,rapidbus_kl,,0.21097591042300293,6504.1494140625,8.780349359793119
1001007,PJ247 MAHSA UNIVERSITY (TIMUR),3.1170217390042,101.6497825531,rapidbus_kl,,0.5134024538102205,6721.08203125,8.813153211609876
1002619,PJ248 PPUM MAIN GATE,3.1144523951478,101.65100238888,rapidbus_kl,,0.3384360512178533,6474.47802734375,8.775777710459483
1002617,PJ249 PPUM (UTARA),3.1132947310948,101.651397545,rapidbus_kl,,0.21580819014161443,6474.47802734375,8.775777710459483
1001729,PJ472 PJ CHURCH,3.107376541027,101.65380659344,rapidbus_kl,,0.4151718087066003,5587.9462890625,8.628546049107667
1003129,PJ474 SK LA SALLE (SELATAN),3.100103,101.652639,rapidbus_kl,,0.40671633018853065,5587.9462890625,8.628546049107667
1003339,PJ448 SMK (P) ASSUNTA (OPP),3.0988006231217,101.65038859623,rapidbus_kl,,0.4693998210299816,5486.8134765625,8.6102851813213
1000165,PJ133 SHERATON PJ,3.103207,101.640056,rapidbus_kl,,0.42692537582868695,5937.3740234375,8.689190641456827
1002556,PJ749 WISMA MCIS,3.1010266331046,101.64223527584,rapidbus_kl,,0.3995776793598071,5764.9482421875,8.65972490177712
1002012,PJ716 MENARA AMFIRST,3.118122,101.629172,rapidbus_kl,,0.29078211559390876,8429.44140625,9.039604410983337
1000836,PJ312 MEDAN SELERA SEKSYEN 19,3.118849,101.628699,rapidbus_kl,,0.19479870993942539,8429.44140625,9.039604410983337
1000980,PJ313 KOMERSIAL SEKSYEN 19,3.1182813451754,101.62627247048,rapidbus_kl,,0.29949455190112956,8429.44140625,9.039604410983337
1006038,PJ771 KOMERSIAL SS2 (PUBLIC BANK),3.120713,101.621792,rapidbus_kl,,0.24747285515299017,9036.0498046875,9.109088051083793
1001276,PJ347 KOMERSIAL SS2 (POH KONG),3.1172538268936,101.62088640147,rapidbus_kl,,0.3803252063209064,9036.0498046875,9.109088051083793
1900004,SS2,3.116222,101.622244,rapidbus_kl,,0.5468632373368697,9439.736328125,9.152789256958336
1000204,PJ712 BALAI POLIS SEAPARK,3.117036,101.623111,rapidbus_kl,,0.5429296489217597,9036.0498046875,9.109088051083793
1002865,PJ349 MEDAN SELERA SEKSYEN 19,3.119018,101.628689,rapidbus_kl,,0.17763900277601358,8429.44140625,9.039604410983337
1004179,PJ251 UNIVERSITY TOWER,3.113503,101.650419,rapidbus_kl,,0.31905147632107733,6474.47802734375,8.775777710459483
1003630,PJ252 SK SULTAN ALAM SHAH 2,3.112273,101.647177,rapidbus_kl,,0.2887906731958079,6337.9013671875,8.754460746482959
1002142,PJ253 GERAK BUDAYA,3.111712,101.646397,rapidbus_kl,,0.20561010320476486,6337.9013671875,8.754460746482959
1004272,PJ443 YAYASAN CANCERLINK,3.108473,101.645841,rapidbus_kl,,0.4250784467630548,6337.9013671875,8.754460746482959
1001830,PJ343 LRT TAMAN BAHAGIA,3.1107429326435,101.61301934275,rapidbus_kl,,0.24664079513513112,8745.314453125,9.076387685262624
1002952,PJ186 RUMAH NO 57,3.1078518701893,101.61127771644,rapidbus_kl,,0.45609623229205454,8438.150390625,9.04063691790509
1006208,PETRONAS/SHELL (OPP),3.10816,101.60637,rapidbus_kl,,0.5808506035299826,8274.6650390625,9.021074564274297
1006209,RUMAH NO 28,3.10945,101.60324,rapidbus_kl,,0.2950326242822891,8274.6650390625,9.021074564274297
1006210,KUARTERS PDRM,3.10943,101.60006,rapidbus_kl,,0.4331676788580772,8274.6650390625,9.021074564274297
1003347,PJ633 SMK KELANA JAYA,3.1090534541627,101.59607154107,rapidbus_kl,,0.3752850877899279,7739.39111328125,8.954207496738789
1001381,PJ331 HIGHPARK SUITES,3.1017526230211,101.60002442637,rapidbus_kl,,0.39042813728996156,7847.66162109375,8.968098302112493
1006211,PJ770 PANGSAPURI PKNS (OPP),3.102563,101.600384,rapidbus_kl,,0.3106109805318554,7847.66162109375,8.968098302112493
1006212,DATARAN GLOMAC,3.10455,101.6003233,rapidbus_kl,,0.3013254047165703,7847.66162109375,8.968098302112493
1002198,PJ506 PERUMAHAN PDRM (OPP),3.105075,101.600731,rapidbus_kl,,0.2838524756500144,7847.66162109375,8.968098302112493
1003137,PJ513 WISMA REHDA,3.1051840616149,101.60657921929,rapidbus_kl,,0.4368391650789674,7847.66162109375,8.968098302112493
1006213,RUMAH NO 24,3.10305,101.606737,rapidbus_kl,,0.43130810745448583,7847.66162109375,8.968098302112493
1000032,7 ELEVEN,3.1008293895738,101.60540618171,rapidbus_kl,,0.42651040357516967,7847.66162109375,8.968098302112493
1006214,RUMAH NO 159 (OPP),3.099316,101.60424,rapidbus_kl,,0.45779947770328555,7077.26171875,8.864783636592243
1006227,RUMAH NO 52,3.096950597,101.6049881,rapidbus_kl,,0.2863630493660497,7077.26171875,8.864783636592243
1006216,RUMAH NO 28,3.096366,101.6057627,rapidbus_kl,,0.33320258612306375,7077.26171875,8.864783636592243
1003501,YAYASAN TAIWAN BUDDIST (OPP),3.0961147309678,101.60702123187,rapidbus_kl,,0.46234334159806273,7077.26171875,8.864783636592243
1001910,PJ183 PERUMAHAN SS 5B,3.100139,101.607028,rapidbus_kl,,0.6079986888273679,7847.66162109375,8.968098302112493
1002914,PJ202 PERUMAHAN SS 3,3.101656,101.609481,rapidbus_kl,,0.3046101402479447,8438.150390625,9.04063691790509
1006217,PJ203 SMK SRI PERMATA,3.101638,101.613569,rapidbus_kl,,0.34854243617854164,8438.150390625,9.04063691790509
1003552,PJ340 PERUMAHAN SS 1,3.104662,101.616327,rapidbus_kl,,0.3754608971906934,8000.044921875,8.987327427366921
1002107,PJ341 SPG SS 1/32,3.108606,101.616488,rapidbus_kl,,0.5173090921456952,9439.736328125,9.152789256958336
1003411,PJ342 SMK TAMAN SEA (OPP),3.110045,101.616185,rapidbus_kl,,0.44013487565278114,9439.736328125,9.152789256958336
1006218,PJ187 RUMAH NO 107,3.104773,101.612841,rapidbus_kl,,0.21013322854094246,8438.150390625,9.04063691790509
1001134,PJ192 SMK SRI PERMATA (OPP),3.101495,101.614212,rapidbus_kl,,0.41360894643226265,8438.150390625,9.04063691790509
1002341,PJ194 PERUMAHAN SS 3,3.099624,101.610988,rapidbus_kl,,0.45973038958493634,8438.150390625,9.04063691790509
1000031,PJ195 KOMERSIAL SS 3,3.096785,101.610994,rapidbus_kl,,0.15475471813906694,7881.95751953125,8.972458432174559
1002879,RUMAH NO 1,3.0915189770129,101.61117726789,rapidbus_kl,,0.4334993332874249,7881.95751953125,8.972458432174559
1002192,PJ559 PJ ECO RECYCLE PLAZA,3.088571,101.614094,rapidbus_kl,,0.3565125624666321,7328.16455078125,8.899616811683803
1002167,PJ116 PUSAT KOMERSIAL PJ21,3.090166,101.614831,rapidbus_kl,,0.5249859998729091,7328.16455078125,8.899616811683803
1002969,PJ334 RUMAH NO 9,3.093237,101.616548,rapidbus_kl,,0.41509831921990237,7826.36865234375,8.965381672777912
1002933,PJ335 RUMAH NO 35,3.095271,101.617346,rapidbus_kl,,0.24890225183835366,7826.36865234375,8.965381672777912
1003551,PJ111 SPG SS 1/1D,3.095649,101.618487,rapidbus_kl,,0.1243925859917479,7826.36865234375,8.965381672777912
1004256,PJ112 WISMA SKPPK,3.092249,101.620683,rapidbus_kl,,0.37282574054994755,7826.36865234375,8.965381672777912
1002817,PJ699 PBMM SJKC SG WAY (OPP),3.0902357938885,101.62072133016,rapidbus_kl,,0.3726101475283228,8609.7138671875,9.060762505388707
1003626,PJ113 SJKC SUNGAI WAY,3.0881056103752,101.62077673948,rapidbus_kl,,0.17460367355981096,8609.7138671875,9.060762505388707
1000837,PJ326 SEKSYEN 51A,3.088626,101.625297,rapidbus_kl,,0.3376353969125685,8420.7275390625,9.038570257101735
1002331,PJ327 PADANG PERMAINAN,3.093704,101.627914,rapidbus_kl,,0.19046161798863825,5945.77783203125,8.690604811018392
1003205,(M) PJ318 SHELL SEKSYEN 51A,3.096406,101.630603,rapidbus_kl,,0.3179446308701088,5945.77783203125,8.690604811018392
1003403,PJ291 SMK SRI UTAMA,3.09848,101.632262,rapidbus_kl,,0.5586081542200262,5734.15673828125,8.654370359317516
1000813,PJ720 BANGUNAN O'CONNOR (OPP),3.100253969883,101.6321280802,rapidbus_kl,,0.6004608915142543,5937.3740234375,8.689190641456827
1000897,PJ747 SEKSYEN 51A (UTARA),3.101374,101.630668,rapidbus_kl,,0.40393199679518055,6208.09423828125,8.733770308940363
1003414,PJ296 SMK (P) SRI AMAN,3.103313,101.629204,rapidbus_kl,,0.15101743326985992,6208.09423828125,8.733770308940363
1006225,WISMA JAFER ZAIDI,3.106699,101.625504,rapidbus_kl,,0.42338017485043117,6208.09423828125,8.733770308940363
1000820,GALAXY OPTICARE,3.1087647307459,101.62376294212,rapidbus_kl,,0.5906300127480741,7488.5634765625,8.921265793980094
1003232,PJ308 SHELL SEAPARK,3.109686,101.623135,rapidbus_kl,,0.4760405991540858,9439.736328125,9.152789256958336
1006226,PJ309 HERBALINE SEAPARK,3.111494,101.621716,rapidbus_kl,,0.24574050814844356,9439.736328125,9.152789256958336
1002049,PJ711 PETRON SEAPARK (OPP),3.1140025601091,101.62057488852,rapidbus_kl,,0.24013341783876027,9439.736328125,9.152789256958336
1000639,PJ718 PETRON SEAPARK,3.111368,101.618785,rapidbus_kl,,0.11907769582674728,9439.736328125,9.152789256958336
1000909,(M) PJ530 HENTIAN BANDAR UTAMA,3.151359,101.613382,rapidbus_kl,,0.3560177270932153,7876.0029296875,8.971702771632607
1000248,PJ532 ONE UTAMA LDP,3.1504336534116,101.61652418032,rapidbus_kl,,0.5013294751077693,8751.19921875,9.077060287056948
1007490,PJ537 FIRST AVENUE,3.146518,101.615333,rapidbus_kl,,0.46961142063841516,9600.8759765625,9.169713772590315
1008182,SMK BANDAR UTAMA (OPP),3.142478,101.615635,rapidbus_kl,,0.5467380491308382,9314.01171875,9.139382541086427
1008183,PELANGI UTAMA CONDOMINIUM,3.141615,101.615396,rapidbus_kl,,0.625020737002903,9600.8759765625,9.169713772590315
1008184,DATARAN PELANGI UTAMA,3.139342,101.614173,rapidbus_kl,,0.4103880072941827,9276.419921875,9.135338761463926
1008185,SETERRA CONDOMINIUM,3.137411,101.613321,rapidbus_kl,,0.23284827906769662,9276.419921875,9.135338761463926
1008187,MASJID AL-MAMURIAH,3.135404,101.61252,rapidbus_kl,,0.2340352400881753,9276.419921875,9.135338761463926
1000036,(M) PJ726 JEJANTAS DAMANSARA UTAMA,3.1323850131623,101.62160934468,rapidbus_kl,,0.4625760616696768,9700.71484375,9.180057936881779
1001431,PJ723 JEJANTAS SS 22,3.1321518191064,101.62072174735,rapidbus_kl,,0.39881748916881016,9700.71484375,9.180057936881779
1007130,PJ818 SMK DAMANSARA JAYA (OPP),3.130083,101.616811,rapidbus_kl,,0.34158951500038043,9700.71484375,9.180057936881779
1007495,PJ508 ATRIA (OPP),3.128946,101.617086,rapidbus_kl,,0.2780865918782212,9700.71484375,9.180057936881779
1002486,PJ509 DAMANSARA JAYA (TENGAH),3.128182,101.620429,rapidbus_kl,,0.11320788472715211,9700.71484375,9.180057936881779
1001246,PJ510 KDU COLLEGE,3.126934,101.622458,rapidbus_kl,,0.37773447669206445,9700.71484375,9.180057936881779
1001248,PJ627 KDU DAMANSARA JAYA,3.1276560174203,101.62332487017,rapidbus_kl,,0.43291232095034277,9700.71484375,9.180057936881779
1002752,PJ581 PETRON SEAPARK,3.114403,101.621236,rapidbus_kl,,0.3165543332743773,9439.736328125,9.152789256958336
1004001,PJ626 BP SPECIALIST CENTRE,3.1156536983894,101.61411791892,rapidbus_kl,,0.5089408955853116,8745.314453125,9.076387685262624
1007496,PJ484 KDU (OPP),3.126847,101.622267,rapidbus_kl,,0.3655065255075796,9700.71484375,9.180057936881779
1007128,PJ490 ATRIA,3.128542,101.617477,rapidbus_kl,,0.2349638156276112,9700.71484375,9.180057936881779
1007129,SMK DAMANSARA JAYA,3.131484,101.616654,rapidbus_kl,,0.4451519669271503,9700.71484375,9.180057936881779
1007494,10 BOULEVARD,3.132784,101.613496,rapidbus_kl,,0.5132200545861582,8796.3720703125,9.082208327494387
1007493,BHP KAYU ARA,3.133002,101.611273,rapidbus_kl,,0.45385258216021596,9276.419921875,9.135338761463926
1007492,PETRON KAYU ARA,3.133325,101.611382,rapidbus_kl,,0.4181876202342645,9276.419921875,9.135338761463926
1007323,PJ780 MASJID KAYU ARA (OPP),3.135421,101.612393,rapidbus_kl,,0.2242566914023222,9276.419921875,9.135338761463926
1008186,SETERRA CONDOMINIUM (OPP),3.137216,101.61311,rapidbus_kl,,0.20708108444173348,9276.419921875,9.135338761463926
1007095,PJ781 PANGSAPURI PELANGI ARA (OPP),3.139109,101.613941,rapidbus_kl,,0.3741910121788699,9276.419921875,9.135338761463926
1007096,PJ782 SK BANDAR UTAMA DAMANSARA 2,3.14144,101.615209,rapidbus_kl,,0.6235358406407041,9600.8759765625,9.169713772590315
1007097,PJ783 SMK BANDAR UTAMA,3.142768,101.615573,rapidbus_kl,,0.5338247655707743,9314.01171875,9.139382541086427
1007491,PJ536 FIRST AVENUE (OPP),3.146433,101.615092,rapidbus_kl,,0.4413202677867526,9600.8759765625,9.169713772590315
1000990,PJ533 IKEA (BARAT),3.154912,101.610549,rapidbus_kl,,0.15079744298100475,7876.0029296875,8.971702771632607
1007098,PJ814 MRT MUTIARA DAMANSARA PINTU C,3.156489,101.607885,rapidbus_kl,,0.4819672019724657,7876.0029296875,8.971702771632607
1007471,PJ371 THE CURVE (OPP),3.157948,101.608719,rapidbus_kl,,0.5388892826410759,8936.6044921875,9.098022878367486
1007473,PJ372 LOTUS MUTIARA DAMANSARA (OPP),3.159688,101.611884,rapidbus_kl,,0.27552535124509747,8936.6044921875,9.098022878367486
1007474,PJ373 RITZE PERDANA,3.164513,101.611072,rapidbus_kl,,0.2708637331608206,8936.6044921875,9.098022878367486
1002810,PJ375 PERDANA SHOPPING CENTRE,3.16759,101.606371,rapidbus_kl,,0.49590715078967607,5245.50146484375,8.565316745801919
1007475,PJ817 PERDANA EXCLUSIVE CONDO,3.169401,101.605361,rapidbus_kl,,0.2939922333764332,5245.50146484375,8.565316745801919
1002036,PJ377 METROPOLITAN SQUARE,3.1660577576591,101.60797944856,rapidbus_kl,,0.5719338654876212,8936.6044921875,9.098022878367486
1003243,PJ644 SOPHEA RESIDENCE,3.189981,101.617612,rapidbus_kl,,0.38946689990484507,10005.96875,9.21103700427155
1007480,PJ21 BANDAR SRI DAMANSARA 8,3.189215,101.616229,rapidbus_kl,,0.4413931932849109,10005.96875,9.21103700427155
1002796,KOMERSIAL SRI DAMANSARA,3.187211,101.615129,rapidbus_kl,,0.43093504322363885,10607.7734375,9.269436620542669
1003869,(M) PJ22 KOMERSIAL BANDAR SRI DAMANSARA 7,3.185369,101.613436,rapidbus_kl,,0.3086567810347856,10607.7734375,9.269436620542669
1007482,PJ23 SJKC DESA JAYA,3.185389,101.606998,rapidbus_kl,,0.49077744973049925,8909.1123046875,9.094942124727453
1007484,PJ863 KOMERSIAL BANDAR SRI DAMANSARA,3.188383,101.605487,rapidbus_kl,,0.3199022170044522,8909.1123046875,9.094942124727453
1007486,PJ864 SD APARTMENT,3.189776,101.605382,rapidbus_kl,,0.40567741922158795,8909.1123046875,9.094942124727453
1007487,SK BANDAR SRI DAMANSARA,3.191209,101.605695,rapidbus_kl,,0.5528184245260589,8909.1123046875,9.094942124727453
1001217,PJ31 MEDAN SELERA SRI DAMANSARA,3.19341,101.607121,rapidbus_kl,,0.5098009879747446,7211.390625,8.883555746056656
1007105,PJ784 SPHERE DAMANSARA,3.198239,101.59916,rapidbus_kl,,0.5219078860941798,8882.732421875,9.09197706545616
1008657,PJ850 THE ZIZZ,3.198234,101.596464,rapidbus_kl,,0.3764841619754019,7035.87939453125,8.8589200830576
1002782,PJ49 APARTMENT LESTARI,3.197343,101.594348,rapidbus_kl,,0.2157593455899497,7035.87939453125,8.8589200830576
1002590,PJ52 APARTMENT IDAMAN,3.190686,101.592366,rapidbus_kl,,0.4701509698212893,5920.1640625,8.686288340727533
1000127,PJ53 APARTMENT IMPIAN,3.191978,101.588458,rapidbus_kl,,0.454236849716549,7074.1923828125,8.864349914058707
1000135,PJ54 APARTMENT PERMAI,3.194259,101.588235,rapidbus_kl,,0.2552690744537416,7074.1923828125,8.864349914058707
1007488,PJ55 RESIDENSI SUASANA DAMAI (OPP),3.194511,101.591378,rapidbus_kl,,0.36980137499606475,7035.87939453125,8.8589200830576
1002781,PJ62 APARTMENT LESTARI (OPP),3.197228,101.594008,rapidbus_kl,,0.21126310565630274,7035.87939453125,8.8589200830576
1001218,PJ32 MEDAN SELERA SRI DAMANSARA (OPP),3.193598,101.607479,rapidbus_kl,,0.46491664805951516,7211.390625,8.883555746056656
1008083,SK BANDAR SRI DAMANSARA (OPP),3.19075,101.60589,rapidbus_kl,,0.5246081831064459,8909.1123046875,9.094942124727453
1007485,MAYBANK SRI DAMANSARA (OPP),3.188177,101.605813,rapidbus_kl,,0.3438202937518865,8909.1123046875,9.094942124727453
1007483,PJ36 TAMAN CENTRAL SPINE SD,3.185258,101.607655,rapidbus_kl,,0.44774175316803366,10607.7734375,9.269436620542669
1003870,PJ37 BANDAR SRI DAMANSARA 7,3.185592,101.613301,rapidbus_kl,,0.28173984230533805,10607.7734375,9.269436620542669
1002795,KOMERSIAL SRI DAMANSARA (OPP),3.187535,101.614998,rapidbus_kl,,0.41917478668412755,10607.7734375,9.269436620542669
1007481,PJ38 BANDAR SRI DAMANSARA 8,3.189218,101.615927,rapidbus_kl,,0.4701917252750787,10005.96875,9.21103700427155
1003242,PJ643 SOPHEA RESIDENCE (OPP),3.190264,101.617323,rapidbus_kl,,0.433616358946054,10005.96875,9.21103700427155
1007321,PJ380 NEO DAMANSARA,3.164177,101.611665,rapidbus_kl,,0.23730819835383077,8936.6044921875,9.098022878367486
1007320,PJ381 LOTUS MUTIARA DAMANSARA,3.160333,101.612264,rapidbus_kl,,0.22488372945717225,8936.6044921875,9.098022878367486
1007472,PJ382 THE CURVE,3.157901,101.609333,rapidbus_kl,,0.5082402533404182,7876.0029296875,8.971702771632607
1007099,PJ809 MRT MUTIARA DAMANSARA PINTU B,3.155687,101.608187,rapidbus_kl,,0.4024942660906682,7876.0029296875,8.971702771632607
1007489,PJ822 OASIS BANDAR UTAMA,3.150327,101.610151,rapidbus_kl,,0.39970733999662583,7876.0029296875,8.971702771632607
1005696,PPJ191 KOMPLEKS PARCEL F,2.944757,101.708408,rapidbus_kl,,0.32397279425040804,3571.845947265625,8.181117741299222
1005702,SEKOLAH SULTAN ALAM SHAH,2.946936,101.710523,rapidbus_kl,,0.18720221598683698,3571.845947265625,8.181117741299222
1005625,PPJ276 KOMPLEKS PARCEL E (UTARA),2.944436,101.707934,rapidbus_kl,,0.3840059147830108,3571.845947265625,8.181117741299222
1005626,PPJ187 KOMPLEKS PARCEL E (BARAT),2.943665,101.705229,rapidbus_kl,,0.32234296039799004,1806.5645751953125,7.499735679643888
1005627,PPJ188 DATARAN PAHLAWAN,2.941926,101.704431,rapidbus_kl,,0.42304471652895725,1806.5645751953125,7.499735679643888
1005628,PPJ189 KOMPLEKS KERAJAAN PARCEL D,2.939138,101.701795,rapidbus_kl,,0.2601771045856777,1999.20703125,7.60100596980971
1005652,PPJ49 KEMENTERIAN KEWANGAN,2.927547,101.688711,rapidbus_kl,,0.30432361456117085,2137.709228515625,7.66795776179413
1005653,PPJ50 PERBENDAHARAAN 2 (SELATAN),2.925327,101.687956,rapidbus_kl,,0.4252018599655548,2137.709228515625,7.66795776179413
1005654,PPJ51 LEMBAGA PEMBIAYAAN PERUMAHAN (SELATAN),2.923217,101.687236,rapidbus_kl,,0.33006773184479404,3084.589599609375,8.034498036266537
1005655,PPJ52 MENARA USAHAWAN,2.920856,101.686418,rapidbus_kl,,0.05228833671473828,3084.589599609375,8.034498036266537
1005656,PPJ53 ISTANA KEHAKIMAN (UTARA),2.918378,101.685599,rapidbus_kl,,0.23794532025223816,3084.589599609375,8.034498036266537
1005657,PPJ54 ISTANA KEHAKIMAN (SELATAN),2.916473,101.684966,rapidbus_kl,,0.4611227445937214,3084.589599609375,8.034498036266537
1005658,PPJ55 KEMENTERIAN BELIA & SUKAN,2.914144,101.684242,rapidbus_kl,,0.3196850928094614,2283.43359375,7.733873392403995
1005659,PPJ376 GALERIA PJH,2.911057,101.683303,rapidbus_kl,,0.34656153201919593,2283.43359375,7.733873392403995
1005660,PPJ56 MOTOCROSS CIRCUIT (TIMUR),2.909816,101.682767,rapidbus_kl,,0.4616791178135524,2283.43359375,7.733873392403995
1005661,PPJ33 KEMENTERIAN PEMBANGUNAN LUAR BANDAR,2.904778,101.681029,rapidbus_kl,,0.364077917761476,1438.80517578125,7.272263088820552
1005662,PPJ34 DATARAN GEMILANG,2.903404,101.681176,rapidbus_kl,,0.3640410260195649,1438.80517578125,7.272263088820552
1008624,PPJ35 KEMENTERIAN WANITA & MASYARAKAT,2.902484,101.680169,rapidbus_kl,,0.2870686120793479,1438.80517578125,7.272263088820552
1008626,PPJ5 PRESINT 5 (BARAT),2.895592,101.673208,rapidbus_kl,,0.4030446836029948,1586.001953125,7.369601951228235
1008628,PPJ6 HERIOT-WATT UNIVERSITY P5 (OPP),2.897694,101.671086,rapidbus_kl,,0.3032745697762185,1586.001953125,7.369601951228235
1008630,PPJ7 KEMENTERIAN PELANCONGAN,2.898823,101.668346,rapidbus_kl,,0.40288614958867075,1586.001953125,7.369601951228235
1008632,PPJ8 APARTMENT 5R1 P5 (OPP),2.898637,101.666378,rapidbus_kl,,0.5048626599404324,1586.001953125,7.369601951228235
1008634,PPJ9 PRESINT 6 (SELATAN),2.897135,101.665762,rapidbus_kl,,0.4653516333017115,1586.001953125,7.369601951228235
1005700,PPJ11 KEMENTERIAN PENGAJIAN TINGGI,2.895867,101.667752,rapidbus_kl,,0.2094011073279835,1586.001953125,7.369601951228235
1008629,PPJ19 HERIOT-WATT UNIVERSITY P5,2.898268,101.670839,rapidbus_kl,,0.3463619700645608,1586.001953125,7.369601951228235
1008627,PPJ327 PRESINT 5 (BARAT),2.896024,101.673401,rapidbus_kl,,0.42934797326138463,1586.001953125,7.369601951228235
1005663,PPJ37 DATARAN GEMILANG,2.903986,101.679528,rapidbus_kl,,0.1808963211719882,1438.80517578125,7.272263088820552
1005664,PPJ38 KEMENTERIAN PEMBANGUNAN LUAR BANDAR (OPP),2.904962,101.680463,rapidbus_kl,,0.31327872353799235,1438.80517578125,7.272263088820552
1005665,PPJ39 MOTOCROSS CIRCUIT,2.909976,101.682162,rapidbus_kl,,0.5108567879842301,2283.43359375,7.733873392403995
1005666,PPJ40 GALERIA PJH,2.912047,101.682703,rapidbus_kl,,0.39387610085863417,2283.43359375,7.733873392403995
1005667,PPJ41 KEMENTERIAN PERTANIAN,2.914798,101.683859,rapidbus_kl,,0.4019751357741594,2283.43359375,7.733873392403995
1005668,PPJ42 PERBADANAN PUTRAJAYA (SELATAN),2.916673,101.684601,rapidbus_kl,,0.45477706089501585,3084.589599609375,8.034498036266537
1005669,PPJ43 PERBADANAN PUTRAJAYA (UTARA),2.918475,101.685189,rapidbus_kl,,0.245959314611809,3084.589599609375,8.034498036266537
1005670,PPJ44 JABATAN PENDAFTARAN NEGARA,2.920393,101.685857,rapidbus_kl,,0.04367957334277211,3084.589599609375,8.034498036266537
1005671,PPJ45 LEMBAGA PEMBIAYAAN PERUMAHAN (UTARA),2.922944,101.686688,rapidbus_kl,,0.28519102456312473,3084.589599609375,8.034498036266537
1005672,PPJ46 PERBENDAHARAAN 2 (UTARA),2.924972,101.687394,rapidbus_kl,,0.4389170146429738,2137.709228515625,7.66795776179413
1005673,PPJ47 MENARA PERKESO,2.927249,101.688175,rapidbus_kl,,0.27125778309912235,2137.709228515625,7.66795776179413
1005725,PPJ48 PUTRA SQUARE,2.934597,101.690497,rapidbus_kl,,0.5313432354970951,2152.18603515625,7.674703901042628
1000314,PPJ185 TAMAN BOTANI PUTRAJAYA,2.946054,101.697888,rapidbus_kl,,0.37379584116631065,1345.9332275390625,7.205585603941182
1000315,PPJ186 TAMAN PUTRA PERDANA (TIMUR),2.9474605297495,101.70363287265,rapidbus_kl,,0.24077593905586084,1806.5645751953125,7.499735679643888
1001201,PPJ190 KOMPLEKS B/ LAMAN PERDANA (TIMUR),2.938926,101.695456,rapidbus_kl,,0.22665599927641952,2152.18603515625,7.674703901042628
1005597,PPJ132 APARTMENT PRESINT 11B,2.957192,101.676781,rapidbus_kl,,0.40294065830528036,2099.674560546875,7.650013791439673
1005693,PPJ266 PERUMAHAN PRESINT 11 (ZON 6B),2.952946,101.677025,rapidbus_kl,,0.13338686445703357,2099.674560546875,7.650013791439673
1005682,PPJ101 PERUMAHAN PRESINT 11H,2.954007,101.674455,rapidbus_kl,,0.38542367694241936,2099.674560546875,7.650013791439673
1005683,PPJ102 SAUJANA ASTER CONDOMINIUM,2.956264,101.673701,rapidbus_kl,,0.535961676547195,2229.576904296875,7.7100155324751265
1005684,PPJ103 PERUMAHAN P11/1,2.955665,101.668883,rapidbus_kl,,0.2266601525304673,2229.576904296875,7.7100155324751265
1005685,PPJ104 PUSAT INTEGRASI GENIUS (OPP),2.959779,101.665001,rapidbus_kl,,0.48908414287115953,2860.88671875,7.959236378183496
1005686,PPJ105 PANGSAPURI PUTRA DAMAI,2.962036,101.664915,rapidbus_kl,,0.40706317119313234,2860.88671875,7.959236378183496
1005687,PPJ106 PRIMA PRESINT 11,2.964656,101.667984,rapidbus_kl,,0.33667246237580456,2378.683349609375,7.774722711431449
1005688,PPJ111 PERUMAHAN PRESINT 11C (BARAT),2.965627,101.670996,rapidbus_kl,,0.42411207425134834,2378.683349609375,7.774722711431449
1005689,PPJ112 PERUMAHAN PRESINT 11C (TIMUR),2.967795,101.675979,rapidbus_kl,,0.3623164705692628,2146.594482421875,7.672103649361781
1005690,PPJ114 BALAI POLIS PRESINT 11 (OPP),2.964662,101.679583,rapidbus_kl,,0.34126297011443385,1931.3720703125,7.566503579208226
1008577,PPJ128 PERUMAHAN P11A 1/3,2.957548,101.682785,rapidbus_kl,,0.5712746111688655,2245.1396484375,7.716968309873747
1008576,PPJ129 PERUMAHAN P11A 1/1,2.958563,101.686359,rapidbus_kl,,0.39165331707967355,1540.0498046875,7.340219154517183
1008592,PPJ74 PERUMAHAN P10/9,2.951926,101.686773,rapidbus_kl,,0.21100399903961642,2245.1396484375,7.716968309873747
1008593,PPJ75 KOMPLEKS SERI PERDANA,2.949071,101.687234,rapidbus_kl,,0.42076960484306075,2362.1953125,7.76776992823588
1008595,PPJ76 KOMPLEKS LANAI,2.944683,101.687606,rapidbus_kl,,0.1713089652689364,2362.1953125,7.76776992823588
1005592,PPJ69 KOMPLEKS LANAI,2.944801,101.687373,rapidbus_kl,,0.14231090719164563,2362.1953125,7.76776992823588
1005593,PPJ70 PRESINT 10 (BARAT),2.948226,101.687507,rapidbus_kl,,0.3421503131418266,2362.1953125,7.76776992823588
1005594,PPJ71 KOMPLEKS SERI PERDANA (BARAT),2.952559,101.686793,rapidbus_kl,,0.14555243289659886,2245.1396484375,7.716968309873747
1005595,PPJ130 PRESINT 11A5,2.958349,101.686405,rapidbus_kl,,0.415618972151788,1540.0498046875,7.340219154517183
1005596,PPJ131 PRESINT 11A2,2.957342,101.682833,rapidbus_kl,,0.550872004153137,2245.1396484375,7.716968309873747
1005717,HENTIAN P14,2.948214,101.723635,rapidbus_kl,,0.5470044480394209,3318.208740234375,8.107481702250421
1008543,PPJ206 SEKOLAH ARAB MODIN ANTARABANGSA,2.949377,101.725721,rapidbus_kl,,0.5033234227445086,1471.039794921875,7.2944043335170585
1008541,PPJ207 KOMPLEKS NASYRUL QURAN (TIMUR),2.950623,101.728451,rapidbus_kl,,0.3527618462725993,2860.69873046875,7.959170689190824
1005716,PPJ208 GERAI KOMUNITI P14,2.954283,101.727658,rapidbus_kl,,0.0658221334559243,2860.69873046875,7.959170689190824
1008539,PPJ209 APARTMENT P14,2.953839,101.724562,rapidbus_kl,,0.37261323347144737,2860.69873046875,7.959170689190824
1008537,PPJ210 KOMPLEKS MAKSAK,2.952303,101.723668,rapidbus_kl,,0.4813317283448532,2758.489990234375,7.922801155489166
1008535,PPJ211 PERUMAHAN P14G,2.952346,101.721164,rapidbus_kl,,0.23495799287699085,2758.489990234375,7.922801155489166
1008533,PPJ212 PERUMAHAN P14F 1,2.953612,101.718796,rapidbus_kl,,0.08872799154934112,2758.489990234375,7.922801155489166
1008531,PPJ213 PERUMAHAN P14B 2/5,2.952293,101.716448,rapidbus_kl,,0.38398760596401843,2758.489990234375,7.922801155489166
1008529,PPJ214 PERUMAHAN P14B 2,2.949997,101.717018,rapidbus_kl,,0.5052696652231361,2758.489990234375,7.922801155489166
1008527,PPJ 215 PERUMAHAN P14B 1,2.947447,101.718287,rapidbus_kl,,0.26771153968321043,3318.208740234375,8.107481702250421
1008546,PPJ374 PPA P15 12B,2.939484,101.721765,rapidbus_kl,,0.36050400192177673,1733.2330322265625,7.458320538291679
1008547,PPJ375 PPA P15 12B,2.941262,101.721572,rapidbus_kl,,0.5120862928944082,3318.208740234375,8.107481702250421
1008548,PPJ219 SURAU AL-FATIH P15,2.943072,101.721267,rapidbus_kl,,0.3208693320781165,3318.208740234375,8.107481702250421
1008549,PPJ203 P15 (UTARA),2.943287,101.719188,rapidbus_kl,,0.24085638527751357,3318.208740234375,8.107481702250421
1008239,PPJ235 ALAMANDA (UTARA),2.941358,101.712079,rapidbus_kl,,0.46062679047976196,3571.845947265625,8.181117741299222
1008525,PPJ274 SHAFTSBURY MALL,2.938818,101.712875,rapidbus_kl,,0.2641520435892779,3506.155517578125,8.162560594060913
1008526,PPJ192 PERUMAHAN P14A 1/1,2.947385,101.718099,rapidbus_kl,,0.2739510206941679,3318.208740234375,8.107481702250421
1008528,PPJ193 SURAU AL-MANAR P14,2.949495,101.717211,rapidbus_kl,,0.5244161289898032,3318.208740234375,8.107481702250421
1008530,PPJ194 PERUMAHAN P14C 2/2,2.951852,101.716089,rapidbus_kl,,0.4416881523261351,2758.489990234375,7.922801155489166
1008532,PPJ195 PERUMAHAN P14E 1/2,2.953871,101.718221,rapidbus_kl,,0.15183471580796395,2758.489990234375,7.922801155489166
1008534,PPJ196 PERUMAHAN P14E 2/2,2.952364,101.721649,rapidbus_kl,,0.2763998389761343,2758.489990234375,7.922801155489166
1008536,PPJ197 SMK PUTRAJAYA P14 (1),2.952613,101.723382,rapidbus_kl,,0.440418648365038,2758.489990234375,7.922801155489166
1008538,PPJ198 SK PUTRAJAYA P14 (1),2.954315,101.724788,rapidbus_kl,,0.35301706391662163,2860.69873046875,7.959170689190824
1005715,PPJ199 GERAI KOMUNITI P14 (OPP),2.954538,101.727515,rapidbus_kl,,0.09828194362573191,2860.69873046875,7.959170689190824
1008540,PPJ200 KOMPLEKS NASYRUL QURAN,2.950204,101.728384,rapidbus_kl,,0.39772497103217014,2860.69873046875,7.959170689190824
1008542,PPJ201 SEKOLAH ARAB MODIN ANTARABANGSA,2.948931,101.725644,rapidbus_kl,,0.4651449313271424,1471.039794921875,7.2944043335170585
1008636,PPJ12 APARTMENT 5R3 P5,2.896223,101.664215,rapidbus_kl,,0.34129753751573244,1168.6207275390625,7.064434810742606
1008635,PPJ14 PRESINT 6 (SELATAN),2.897006,101.665447,rapidbus_kl,,0.4921260598509375,1586.001953125,7.369601951228235
1008633,PPJ15 APARTMENT 5R1 P5,2.898928,101.666136,rapidbus_kl,,0.5467706614698093,1586.001953125,7.369601951228235
1008631,PPJ16 MARINA PUTRAJAYA,2.899133,101.668458,rapidbus_kl,,0.43168750599685674,1586.001953125,7.369601951228235
1005731,PPJ1 PICC P5,2.893569,101.675186,rapidbus_kl,,0.3662681347451402,1063.80859375,6.970550337812797
1005718,PPJ29 PICC MAIN ENTRANCE,2.895659,101.677529,rapidbus_kl,,0.05074035997855973,1063.80859375,6.970550337812797
1005719,PPJ20 APARTMENT 5R4,2.889199,101.675535,rapidbus_kl,,0.35392972128337014,897.007080078125,6.8001779525452
1008638,PPJ23 SK PUTRAJAYA P5 (1),2.888995,101.678403,rapidbus_kl,,0.2193114388004786,897.007080078125,6.8001779525452
1008637,PPJ26 APARTMENT 5R6 P5,2.890675,101.679819,rapidbus_kl,,0.45181071507344267,897.007080078125,6.8001779525452
1008625,PPJ36 KEMENTERIAN WANITA & MASYARAKAT,2.902493,101.679655,rapidbus_kl,,0.2383818770135172,1438.80517578125,7.272263088820552
1005694,PPJ58 PERUMAHAN PENJAWAT AWAM P8 8R2 (BARAT),2.929478,101.679985,rapidbus_kl,,0.24356929543886488,3125.490478515625,8.047666401589513
1005637,PPJ257 TAMARA RESIDENCE PRESINT 8,2.926193,101.680642,rapidbus_kl,,0.4153017498085335,3125.490478515625,8.047666401589513
1005639,PPJ61 APARTMENT PRESINT 8 FASA 4C,2.928911,101.679247,rapidbus_kl,,0.148854860937295,3125.490478515625,8.047666401589513
1005640,PPJ62 SK PUTRAJAYA PRESINT 8 (2) (BARAT),2.931536,101.680641,rapidbus_kl,,0.4330247636605808,3125.490478515625,8.047666401589513
1008606,PPJ63 P8N5 SHELL P8,2.933441,101.679263,rapidbus_kl,,0.43175910918969257,3567.96630859375,8.180031283432644
1005643,PPJ64 AURA RESIDENCE P8 (BARAT),2.936927,101.680256,rapidbus_kl,,0.26040657405310325,3567.96630859375,8.180031283432644
1005644,PPJ66 DEWAN SERBAGUNA PRESINT 8,2.938819,101.682512,rapidbus_kl,,0.45772415421876905,2208.697021484375,7.700610690762548
1005645,PPJ67 KOMPLEKS SEKOLAH PUTRAJAYA PRESINT 8,2.938337,101.685148,rapidbus_kl,,0.1854502033939298,2208.697021484375,7.700610690762548
1005646,PPJ68 KELAB TASIK PUTRAJAYA,2.939585,101.686555,rapidbus_kl,,0.2802108226306534,2208.697021484375,7.700610690762548
1008597,PPJ77 KELAB TASIK PUTRAJAYA,2.938752,101.686522,rapidbus_kl,,0.1879754219948134,2208.697021484375,7.700610690762548
1008599,PPJ78 P8N8 SMK PUTRAJAYA P8 (OPP),2.938203,101.684059,rapidbus_kl,,0.27326275873068484,2208.697021484375,7.700610690762548
1008601,PPJ79 P8N6 KOMERSIAL P8,2.938593,101.682229,rapidbus_kl,,0.47698995688852136,2208.697021484375,7.700610690762548
1008603,PPJ80 AURA RESIDENCE P8,2.936699,101.680434,rapidbus_kl,,0.2828415286336614,3567.96630859375,8.180031283432644
1008605,PPJ81 P8N4 SHELL P8,2.933167,101.679657,rapidbus_kl,,0.47647235234236596,3567.96630859375,8.180031283432644
1008607,PPJ82 SK PUTRAJAYA P8 2,2.931649,101.680886,rapidbus_kl,,0.461148222541933,3125.490478515625,8.047666401589513
1005749,PPJ352 KEMENTERIAN BELIA DAN SUKAN,2.913298,101.686814,rapidbus_kl,,0.14887922305388357,2283.43359375,7.733873392403995
1005729,PPJ177 KEMENTERIAN PENGANGKUTAN,2.913212,101.684406,rapidbus_kl,,0.24012824864068372,2283.43359375,7.733873392403995
1008568,PPJ305 TAMAN PANCARONA P18,2.913629,101.689197,rapidbus_kl,,0.36968241965753085,2283.43359375,7.733873392403995
1008566,PPJ319 PERUMAHAN P18K 1/1 (OPP),2.914018,101.692157,rapidbus_kl,,0.34474290278820474,1714.50537109375,7.447462993213889
1005726,PERUMAHAN P18H (OPP),2.914615,101.695677,rapidbus_kl,,0.30658820718112584,1714.50537109375,7.447462993213889
1008564,PPJ320 APARTMENT P18R4 BLOK C,2.915876,101.697253,rapidbus_kl,,0.5155135140193334,1714.50537109375,7.447462993213889
1005728,PPJ321 PERUMAHAN P18D,2.918613,101.697465,rapidbus_kl,,0.37771351102975875,2871.731689453125,7.963018664243311
1008560,PPJ294 SMK PUTRAJAYA P18 (1) (OPP),2.921438,101.693835,rapidbus_kl,,0.14068164587053317,2871.731689453125,7.963018664243311
1005613,PPJ183 SK PUTRAJAYA PRESINT 18 (OPP),2.924118,101.694102,rapidbus_kl,,0.41499884282183724,2871.731689453125,7.963018664243311
1005722,PPAM SELASIH,2.923976,101.700861,rapidbus_kl,,0.456855906986504,2151.6455078125,7.6744528334654625
1008557,PPJ287 SK PUTRAJAYA P17 1,2.923462,101.704754,rapidbus_kl,,0.39534980199003134,2151.6455078125,7.6744528334654625
1005634,PPJ282 PRESINT 17 (UTARA),2.926333,101.706829,rapidbus_kl,,0.5109203777535495,2632.350830078125,7.876012394098395
1005692,PPJ283 APARTMENT PRESINT 17 (RK1),2.927556,101.705905,rapidbus_kl,,0.35747557893698,2632.350830078125,7.876012394098395
1005617,PPJ184 KOMPLEKS TAMAN WARISAN,2.927041,101.699675,rapidbus_kl,,0.40703683300979776,2632.350830078125,7.876012394098395
1005618,PPJ227 SK PUTRAJAYA PRESINT 16 (2),2.928364,101.700162,rapidbus_kl,,0.3088608659882859,2632.350830078125,7.876012394098395
1005619,PPJ229 KOMERSIAL PRESINT 16,2.929671,101.701051,rapidbus_kl,,0.2310616591264399,2632.350830078125,7.876012394098395
1005620,PPJ230 PRESINT 16E RESIDENCE,2.932616,101.703548,rapidbus_kl,,0.435544819719134,2632.350830078125,7.876012394098395
1005621,PPJ231 SURAU AR-RAHMAN PRESINT 16 (OPP),2.932883,101.706906,rapidbus_kl,,0.6383441232766118,2632.350830078125,7.876012394098395
1005622,PPJ232 D'MUTIARA RESIDENCE,2.934551,101.708156,rapidbus_kl,,0.4442092089292689,3506.155517578125,8.162560594060913
1005623,PPJ233 PPAM SADERI,2.935685,101.709924,rapidbus_kl,,0.2141331533380159,3506.155517578125,8.162560594060913
1005624,PPJ234 ALAMANDA (SELATAN),2.940285,101.712628,rapidbus_kl,,0.387501194877248,3506.155517578125,8.162560594060913
1008551,PPJ222 P16N1 APARTMENT P16 BLOK A2,2.935545,101.710106,rapidbus_kl,,0.21306143465683228,3506.155517578125,8.162560594060913
1008553,PPJ224 P16N3 SURAU AR-RAHMAN,2.932627,101.707035,rapidbus_kl,,0.6285140320283691,2632.350830078125,7.876012394098395
1008554,PPJ225 P16N5 PERUMAHAN P16F,2.932469,101.703964,rapidbus_kl,,0.4295691525405194,2632.350830078125,7.876012394098395
1008556,PPJ226 P16N6 KOMERSIAL P16 (OPP),2.929656,101.701311,rapidbus_kl,,0.2047511426421461,2632.350830078125,7.876012394098395
1005629,PPJ236 KOMPLEKS TAMAN WARISAN,2.927127,101.699923,rapidbus_kl,,0.3782434897913556,2632.350830078125,7.876012394098395
1008558,PPJ286 APARTMENT RK2 P17,2.923285,101.704913,rapidbus_kl,,0.3884315106937308,2151.6455078125,7.6744528334654625
1005721,PPAM SELASIH (OPP),2.924217,101.700632,rapidbus_kl,,0.49285052106652694,2151.6455078125,7.6744528334654625
1005630,PPJ349 SK PUTRAJAYA PRESINT 18,2.923833,101.694185,rapidbus_kl,,0.38241912152009744,2871.731689453125,7.963018664243311
1008559,PPJ297 SMK PUTRAJAYA P18 (1),2.921772,101.693807,rapidbus_kl,,0.1735822065943951,2871.731689453125,7.963018664243311
1008562,PPJ298 PERUMAHAN P18D,2.919798,101.696975,rapidbus_kl,,0.274408316472923,2871.731689453125,7.963018664243311
1008563,PPJ300 APARTMENT P18R4 (OPP),2.916013,101.697548,rapidbus_kl,,0.5471154292182852,1714.50537109375,7.447462993213889
1005727,PERUMAHAN P18H,2.914374,101.695769,rapidbus_kl,,0.286731390137815,1714.50537109375,7.447462993213889
1008565,PPJ301 PERUMAHAN P18K 1/1,2.913951,101.692923,rapidbus_kl,,0.2776697164656112,1714.50537109375,7.447462993213889
1008567,PPJ302 APARTMENT P18R8,2.913304,101.690232,rapidbus_kl,,0.462603982574146,2283.43359375,7.733873392403995
1005584,(M) PPJ254 MRT PUTRAJAYA SENTRAL,2.932136,101.671763,rapidbus_kl,,0.44760516718020443,2717.951416015625,7.90800157614463
1005675,PPJ88 APARTMENT PUTRA HARMONI (SELATAN),2.936823,101.672706,rapidbus_kl,,0.34802036216725335,2729.399169921875,7.912203093579074
1000714,PPJ89 PANGSAPURI PUTRA HARMONI P9,2.939167,101.671713,rapidbus_kl,,0.33109396366852184,2729.399169921875,7.912203093579074
1005589,PPJ93 PERUMAHAN RAJAWALI P9B,2.942354,101.672834,rapidbus_kl,,0.49631626982160926,2956.837646484375,7.9922137555184545
1005590,PPJ90 PERUMAHAN P9 FASA 5&6 (SELATAN),2.944294,101.675795,rapidbus_kl,,0.26660667215376027,3292.92919921875,8.099836416644644
1005679,PPJ98 PERUMAHAN P9 FASA 5&6 (TIMUR),2.945218,101.677892,rapidbus_kl,,0.022276053300367856,3292.92919921875,8.099836416644644
1008516,PPJ136 P9N7 KOMERSIAL P9G/7,2.945928,101.678562,rapidbus_kl,,0.09149979519252444,3292.92919921875,8.099836416644644
1008518,PPJ137 PPA P9 FASA 2 (OPP),2.947126,101.680361,rapidbus_kl,,0.3313919256434953,3292.92919921875,8.099836416644644
1008521,PPJ138 P9N9 PERUMAHAN P9G/1,2.947157,101.682136,rapidbus_kl,,0.4960978333040905,2362.1953125,7.76776992823588
1008523,PPJ140 P9N11 PPA FASA 3 P9,2.944788,101.681533,rapidbus_kl,,0.40767258013888363,3292.92919921875,8.099836416644644
1005591,PPJ147 SK PUTRAJAYA P9 (1) (TIMUR),2.942957,101.679481,rapidbus_kl,,0.324049499554868,3292.92919921875,8.099836416644644
1008522,PPJ141 P9N12 PPA FASA 3 P9 (OPP),2.944885,101.681595,rapidbus_kl,,0.412774345829394,3292.92919921875,8.099836416644644
1008520,PPJ143 P9N10 PERUMAHAN P9G/1,2.947182,101.681664,rapidbus_kl,,0.4601385070917695,3292.92919921875,8.099836416644644
1008519,PPJ144 PPA P9 FASA 2,2.947068,101.680482,rapidbus_kl,,0.3389500076477384,3292.92919921875,8.099836416644644
1008517,PPJ145 P9N8 PERUMAHAN P9G/5,2.945945,101.679219,rapidbus_kl,,0.15613094979485875,3292.92919921875,8.099836416644644
1005601,PPJ146 PERUMAHAN  P9G,2.944782,101.678104,rapidbus_kl,,0.07360720854621823,3292.92919921875,8.099836416644644
1005602,PPJ91 PERUMAHAN P9 FASA 5&6 (SELATAN),2.944078,101.675649,rapidbus_kl,,0.29249764649460436,3292.92919921875,8.099836416644644
1005603,PPJ92 PERUMAHAN TEMPUA P9B,2.942339,101.672996,rapidbus_kl,,0.5106680776407209,2956.837646484375,7.9922137555184545
1005650,PPJ167 SK PUTRAJAYA PRESINT 9 (2),2.937819,101.673321,rapidbus_kl,,0.42308658601271876,2729.399169921875,7.912203093579074
1005651,PPJ168 CENDERAWASIH P9A,2.934715,101.672865,rapidbus_kl,,0.44966766973247585,2729.399169921875,7.912203093579074
1003903,KJ461 HENTIAN KAJANG,2.9570042504083,101.79171937538,rapidbus_kl,,0.48170723107810165,1580.0513916015625,7.365845342438011
1002571,KJ462 PLAZA PERABOT,2.961152,101.792062,rapidbus_kl,,0.2984896109807883,3228.511962890625,8.08008630972039
1003224,KJ463 SHELL,2.9646004641002,101.79096441243,rapidbus_kl,,0.48968324294936716,3228.511962890625,8.08008630972039
1006251,KJ451 SJK (T) WEST COUNTRY,2.965352,101.788903,rapidbus_kl,,0.4678730216608789,5129.63623046875,8.54298495200865
1006249,SENG HENG,2.965467,101.780922,rapidbus_kl,,0.5029421439873992,4473.24462890625,8.406092818451192
1006247,TASKA BESTARI SEK 8,2.968784,101.772868,rapidbus_kl,,0.4074791156346825,4385.0712890625,8.386189182621962
1006245,99 SPEEDMART SEK 7 (OPP),2.971535,101.773478,rapidbus_kl,,0.45004408435817217,4385.0712890625,8.386189182621962
1006312,PINTU 3 SK SEK 7,2.970502,101.774785,rapidbus_kl,,0.3478424370837898,6287.37646484375,8.746458202680076
1006313,JPJ BANGI (OPP),2.968574,101.775248,rapidbus_kl,,0.360256111609083,6287.37646484375,8.746458202680076
1006314,RUMAH NO 17,2.96817,101.777421,rapidbus_kl,,0.25582135417309443,6287.37646484375,8.746458202680076
1006315,PANGSAPURI SERI TANJUNG (OPP),2.968784,101.780438,rapidbus_kl,,0.33373835311682504,6287.37646484375,8.746458202680076
1006316,INTANA RIA (OPP),2.970096,101.78063,rapidbus_kl,,0.3034522707042581,6287.37646484375,8.746458202680076
1006241,SURAU AL ISLAH,2.972848,101.779703,rapidbus_kl,,0.33532704049503964,6287.37646484375,8.746458202680076
1006317,99 SPEEDMART KJG MEWAH,2.975796,101.780369,rapidbus_kl,,0.4267179578720087,6427.66162109375,8.768521649546642
1006239,JING AN MEMORIAL VILLAGE,2.977431,101.780722,rapidbus_kl,,0.344365922999638,6427.66162109375,8.768521649546642
1006237,TMN KOPERASI LLN (OPP),2.979689,101.780663,rapidbus_kl,,0.3223789599421214,6427.66162109375,8.768521649546642
1006235,TMN KAJANG INDAH,2.985456,101.779206,rapidbus_kl,,0.2307859997366676,7123.1357421875,8.871243698437386
1006233,FLAT SRI SAGA (OPP),2.988415,101.778013,rapidbus_kl,,0.1484420463872559,7123.1357421875,8.871243698437386
1006079,KJ172 WINNIE PLAZA (OPP),2.990825,101.78033,rapidbus_kl,,0.49489688861943404,7123.1357421875,8.871243698437386
1007233,KJ822 MRT STADIUM KAJANG,2.994009,101.78641,rapidbus_kl,,0.15755698607084084,5814.033203125,8.66820177484618
1008068,SMJKC YU HUA (OPP),2.996792,101.790922,rapidbus_kl,,0.4343276212893818,7438.63623046875,8.9145772328776
1004267,KJ506 PEJABAT AIR SELANGOR,2.992459,101.793035,rapidbus_kl,,0.3711065831313107,7438.63623046875,8.9145772328776
1001750,KJ507 KOMERSIAL BANDAR KAJANG,2.992967,101.790135,rapidbus_kl,,0.5102494410583902,5814.033203125,8.66820177484618
1004231,KJ508 PEKAN KAJANG,2.991911,101.787865,rapidbus_kl,,0.4291238416691819,5814.033203125,8.66820177484618
1006064,KJ644 WINNIE PLAZA,2.990711,101.780377,rapidbus_kl,,0.4871972249205908,7123.1357421875,8.871243698437386
1006232,FLAT SRI SAGA,2.988491,101.778122,rapidbus_kl,,0.15816229694611078,7123.1357421875,8.871243698437386
1006234,PEARL AVENUE,2.985275,101.779403,rapidbus_kl,,0.2601851835671671,7123.1357421875,8.871243698437386
1006236,TMN KOPERASI LLN,2.979613,101.78079,rapidbus_kl,,0.33322219837651557,6427.66162109375,8.768521649546642
1006238,TMN SRI KEJORA,2.977745,101.780896,rapidbus_kl,,0.34925183567210794,6427.66162109375,8.768521649546642
1006318,99 SPEEDMART KJG MEWAH (OPP),2.975737,101.780491,rapidbus_kl,,0.4404595198083775,6427.66162109375,8.768521649546642
1006240,SURAU AL ISLAH (OPP),2.972804,101.779891,rapidbus_kl,,0.34430062035748044,6287.37646484375,8.746458202680076
1006319,INTANA RIA,2.970123,101.780749,rapidbus_kl,,0.31625456250458794,6287.37646484375,8.746458202680076
1006320,PANGSAPURI SERI TANJUNG,2.968668,101.780551,rapidbus_kl,,0.3513070839300849,6287.37646484375,8.746458202680076
1006321,RUMAH NO 24,2.968032,101.777446,rapidbus_kl,,0.2702774561293141,6287.37646484375,8.746458202680076
1006322,JPJ BANGI,2.96836,101.77515,rapidbus_kl,,0.3829756924928909,6287.37646484375,8.746458202680076
1006323,PINTU 3 SK SEK 7 (OPP),2.970483,101.774694,rapidbus_kl,,0.35789429949477364,6287.37646484375,8.746458202680076
1006244,99 SPEEDMART SEK 7,2.971453,101.773123,rapidbus_kl,,0.4096437122683966,4385.0712890625,8.386189182621962
1006246,WISMA CK RAHIM,2.970108,101.772791,rapidbus_kl,,0.3578927126063336,4385.0712890625,8.386189182621962
1006248,SEK 4 TAMBAHAN,2.965731,101.781044,rapidbus_kl,,0.533974046735396,4473.24462890625,8.406092818451192
1006250,KJ450 REKO SENTRAL,2.965787,101.789334,rapidbus_kl,,0.5356291692521259,5129.63623046875,8.54298495200865
1003225,KJ208 SHELL (OPP),2.963936,101.791419,rapidbus_kl,,0.40727413459146183,3228.511962890625,8.08008630972039
1002572,KJ209 PLAZA PERABOT (OPP),2.960963,101.792391,rapidbus_kl,,0.2734433884432761,3228.511962890625,8.08008630972039
1003663,AJ356 SK TAMAN MELAWATI,3.2242819151825,101.74735161866,rapidbus_kl,,0.5283809623147627,4486.3974609375,8.409028182605109
1007533,AJ457 BUKIT MELAWATI (TIMUR),3.221104,101.748335,rapidbus_kl,,0.42350082781141296,4486.3974609375,8.409028182605109
1000664,AJ374 TAMAN MELAWATI A (UTARA),3.218451,101.748741,rapidbus_kl,,0.5107656551888567,4486.3974609375,8.409028182605109
1003472,AJ458 SMK TAMAN MELAWATI,3.214588,101.75088,rapidbus_kl,,0.3586920561069841,7156.89892578125,8.875971770771017
1003073,AJ377 SK TAMAN MELAWATI 2,3.2121756436093,101.75218881391,rapidbus_kl,,0.08140937040131502,7156.89892578125,8.875971770771017
1003885,AJ378 TELEKOM MELAWATI,3.210046,101.753108,rapidbus_kl,,0.22756040481164813,7156.89892578125,8.875971770771017
1000866,(M) AJ379 GIANT ULU KELANG (OPP),3.206217,101.752282,rapidbus_kl,,0.28319089112066353,13223.4990234375,9.489826374983476
1000182,AJ380 TASKA PASTI ILMI,3.203687,101.751966,rapidbus_kl,,0.10573389542230648,13223.4990234375,9.489826374983476
1006110,AJ294 TAMAN LEMBAH KERAMAT,3.201588,101.752967,rapidbus_kl,,0.24049094683344496,13223.4990234375,9.489826374983476
1001989,AJ383 MEDAN SELERA AU5 (OPP),3.201217,101.756264,rapidbus_kl,,0.4663482083664832,13223.4990234375,9.489826374983476
1003383,AJ384 SMK LEMBAH KERAMAT,3.1986372485529,101.75951060238,rapidbus_kl,,0.4068217951353896,8569.134765625,9.056038736745315
1003396,AJ385 SMK SERI KERAMAT,3.197506,101.759586,rapidbus_kl,,0.2967775096575672,8569.134765625,9.056038736745315
1000678,AJ386 FLAT AL-RIDHUAN,3.1955256897099,101.76477877917,rapidbus_kl,,0.39200304577213113,8569.134765625,9.056038736745315
1004167,AJ478 UKAY BISTARI,3.1971314777768,101.76771022437,rapidbus_kl,,0.2820948276226433,7297.1533203125,8.895376625314015
1004168,AJ387 UKAY SERING,3.1984630497507,101.772077683,rapidbus_kl,,0.43754416675168406,7297.1533203125,8.895376625314015
1000145,AJ388 APARTMENT SRI MELOR,3.203765,101.775552,rapidbus_kl,,0.2624891833202184,4998.7412109375,8.517141432264255
1001988,AJ389 UKAY PERDANA 4 RESIDENCE,3.206473,101.773497,rapidbus_kl,,0.5296156103739518,3467.67822265625,8.151528884713082
1001987,AJ390 SRI BAIDURI APARTMENT (UTARA),3.206235,101.772694,rapidbus_kl,,0.4423087509104811,3467.67822265625,8.151528884713082
1002172,AJ391 SRI BAIDURI APARTMENT (SELATAN),3.2052611101736,101.77209690289,rapidbus_kl,,0.32576777565438203,3467.67822265625,8.151528884713082
1000144,AJ392 APARTMENT SRI MELOR (OPP),3.2038106004179,101.77566994197,rapidbus_kl,,0.24948040045000427,4998.7412109375,8.517141432264255
1008202,PUSAT KOMERSIAL TIMUR,3.203264,101.777698,rapidbus_kl,,0.0592448586635535,4998.7412109375,8.517141432264255
1008203,PUSAT KOMERSIAL SELATAN,3.204523,101.778753,rapidbus_kl,,0.12654540197964137,4998.7412109375,8.517141432264255
1008204,CONDO SPRING VILLE,3.206662,101.779893,rapidbus_kl,,0.3911447860412204,4998.7412109375,8.517141432264255
1000803,AJ395 PANGSAPURI KAYANGAN (OPP),3.210224590556,101.77922229692,rapidbus_kl,,0.2524883477313001,3836.62744140625,8.252609600831
1006231,HENTIAN UKAY PERDANA,3.212225,101.778038,rapidbus_kl,,0.020738994272712728,3836.62744140625,8.252609600831
1000802,AJ396 PANGSAPURI KAYANGAN,3.2104389422711,101.77938110922,rapidbus_kl,,0.24472177738631243,3836.62744140625,8.252609600831
1002723,AJ397 PANGSAPURI SRI IMPIAN,3.2081186264782,101.78133917132,rapidbus_kl,,0.5820493932084247,3836.62744140625,8.252609600831
1000029,AJ398 PUSAT KOMERSIAL UP (OPP),3.204040093485,101.77916823741,rapidbus_kl,,0.1426837852065194,4998.7412109375,8.517141432264255
1004101,TNB UKAY PERDANA (OPP),3.201818,101.778567,rapidbus_kl,,0.2266713458032544,4998.7412109375,8.517141432264255
1006230,WARUNG TAMAN RIANA (OPP),3.19789,101.77715,rapidbus_kl,,0.2878588057467255,3962.263916015625,8.284823185980814
1006229,TAMAN RIANA,3.19917,101.77842,rapidbus_kl,,0.42106054494601924,3962.263916015625,8.284823185980814
1006228,PANGSAPURI INDAH,3.19684,101.77995,rapidbus_kl,,0.2757213583775322,3962.263916015625,8.284823185980814
1006108,AJ399 UKAY SERING,3.198177,101.772198,rapidbus_kl,,0.4224771570956161,7297.1533203125,8.895376625314015
1000677,AJ400 FLAT AL-RIDHUAN (OPP),3.1952724313484,101.76454264816,rapidbus_kl,,0.36595307672958244,8569.134765625,9.056038736745315
1003382,AJ344 SMK SERI KERAMAT (OPP),3.1971809646539,101.75946499323,rapidbus_kl,,0.2788088938915425,8569.134765625,9.056038736745315
1000042,AJ345 SMK LEMBAH KERAMAT (OPP),3.198614,101.759309,rapidbus_kl,,0.4156955292344774,8569.134765625,9.056038736745315
1000575,(M) AJ346 DEWAN SERBAGUNA AU5,3.2011059486184,101.75689181237,rapidbus_kl,,0.5303384984141865,13223.4990234375,9.489826374983476
1002870,AJ347 TAMAN LEMBAH KERAMAT,3.201432,101.752878,rapidbus_kl,,0.2578064132330617,13223.4990234375,9.489826374983476
1000181,AJ348 TASKA PASTI ILMI (OPP),3.2040785623068,101.75183927523,rapidbus_kl,,0.12501998813886733,13223.4990234375,9.489826374983476
1000865,AJ349 GIANT ULU KELANG,3.2068730797356,101.75225081977,rapidbus_kl,,0.3550211549680618,13223.4990234375,9.489826374983476
1000430,AJ473 TAMAN MELAWATI B,3.2107843167382,101.75265211885,rapidbus_kl,,0.14741214228725852,7156.89892578125,8.875971770771017
1003410,AJ351 SMK TAMAN MELAWATI,3.2148546138065,101.75039678309,rapidbus_kl,,0.4161542330632168,7156.89892578125,8.875971770771017
1002231,AJ352 TAMAN MELAWATI A (UTARA),3.2179314340885,101.74863097761,rapidbus_kl,,0.5275879877838926,4486.3974609375,8.409028182605109
1000663,AJ353 TAMAN MELAWATI A (UTARA),3.2216203339928,101.74813730306,rapidbus_kl,,0.41667661598673805,4486.3974609375,8.409028182605109
1006414,HENTIAN BANTING,2.811984,101.503445,rapidbus_kl,,0.05975490900890803,2461.74755859375,7.80903289940193
1006367,LG115 PEJABAT PERTANIAN,2.817882,101.518711,rapidbus_kl,,0.29803482810496096,1181.095458984375,7.075043955267162
1006369,LG116 JKR KUALA LANGAT,2.819277,101.521956,rapidbus_kl,,0.2924464200055019,1181.095458984375,7.075043955267162
1006371,LG117 KAFA INTEGRASI,2.820608,101.525184,rapidbus_kl,,0.3041900915975749,1085.893798828125,6.991079181178061
1006373,LG118 SMK BANTING (OPP),2.822258,101.529163,rapidbus_kl,,0.24715194786115335,1085.893798828125,6.991079181178061
1006375,LG119 AIMPOINT PLAZA (OPP),2.824055,101.533376,rapidbus_kl,,0.5152734229510837,859.782958984375,6.757842392492667
1006377,LG120 SMK SG MANGGIS,2.825598,101.536892,rapidbus_kl,,0.35769531334029764,1111.8359375,7.014666934749886
1006379,LG121 SJKT MANGGIS,2.826731,101.540579,rapidbus_kl,,0.49814401422824406,572.9725952148438,6.352581651651661
1006381,LG122 MAHKOTA INDUSTRIAL BANTING,2.830321,101.549008,rapidbus_kl,,0.4678755799263153,490.1832275390625,6.196817230360418
1006383,LG124 KG SG MANGGIS,2.833871,101.554631,rapidbus_kl,,0.4048081667987332,802.8930053710938,6.689466182426668
1006385,LG125 KG OLAK LEMPIT (BARAT),2.835663,101.560635,rapidbus_kl,,0.17207269811300202,384.3255310058594,5.954088512104525
1006387,LG126 TAMAN DESA IDAMAN 2,2.837151,101.567174,rapidbus_kl,,0.2676385503886821,271.80450439453125,5.608755437543149
1006388,"LG127 TAMAN DESA IDAMAN,KG OLAK LEMPIT",2.837348,101.573825,rapidbus_kl,,0.4553216484475925,391.7239074707031,5.973106839462733
1006390,LG129 PERUMAHAN TAMAN MERBAH,2.836944,101.582561,rapidbus_kl,,0.4099451299273706,743.5574340820312,6.612789993650972
1006392,LG130 SRA OLAK LEMPIT,2.836604,101.586811,rapidbus_kl,,0.08203898315184428,743.5574340820312,6.612789993650972
1006394,LG131 KG OLAK LEMPIT (TIMUR),2.835566,101.595052,rapidbus_kl,,0.17659958868080985,717.5899047851562,6.577290826132583
1006396,LG132 KOMPLEKS NIAGA,2.835158,101.597981,rapidbus_kl,,0.4338913351989152,717.5899047851562,6.577290826132583
1006398,LG133 TAMAN NURI INDAH,2.833833,101.606184,rapidbus_kl,,0.5121954739000891,626.8423461914064,6.442289093855622
1006400,PERUSAHAAN OLAK LEMPIT,2.826847,101.609873,rapidbus_kl,,0.2610732949880688,712.9969482421875,6.570878688159844
1006402,KOLEJ MARA BANTING,2.812737,101.624357,rapidbus_kl,,0.4019190925438402,428.5895080566406,6.062830120309456
1006404,LG145 GENTING SANYEN (OPP),2.802827,101.653231,rapidbus_kl,,0.10844254840143552,1103.609375,7.007247044666269
1002838,TAMAN LANGAT MURNI,2.799123,101.657588,rapidbus_kl,,0.5789708822143055,393.10101318359375,5.976607255077109
1006406,LG146 APARTMENT LANGAT UTAMA,2.796264,101.660854,rapidbus_kl,,0.10394037522776522,393.10101318359375,5.976607255077109
1006408,MITSUI,2.778686,101.678057,rapidbus_kl,,0.017182826934527672,161.89376831054688,5.093098260183495
1006409,KLIA 2,2.745307,101.684533,rapidbus_kl,,0.19104957869479977,440.13330078125,6.0893470991179095
1008290,KOMPLEKS TABUNG HAJI,2.788397,101.678793,rapidbus_kl,,0.17553456174328233,323.6954040527344,5.782887524566784
1006407,LG147 APARTMENT LANGAT UTAMA,2.798963,101.657267,rapidbus_kl,,0.5925600264585847,393.10101318359375,5.976607255077109
1006405,LG148 GENTING SANYEN,2.802627,101.653074,rapidbus_kl,,0.12611617518355236,1103.609375,7.007247044666269
1006403,TADOM HILL,2.812211,101.624274,rapidbus_kl,,0.404762615316296,428.5895080566406,6.062830120309456
1006399,LG9 TAMAN NURI INDAH,2.833607,101.605377,rapidbus_kl,,0.47341651038840943,626.8423461914064,6.442289093855622
1006397,LG10 KOMPLEKS NIAGA,2.834976,101.598232,rapidbus_kl,,0.46813900022354615,717.5899047851562,6.577290826132583
1006395,LG11 KG OLAK LEMPIT (TIMUR),2.835518,101.594453,rapidbus_kl,,0.17467596116296136,717.5899047851562,6.577290826132583
1006393,LG12 SK OLAK LEMPIT,2.836452,101.586649,rapidbus_kl,,0.08305854290099733,743.5574340820312,6.612789993650972
1006391,LG13 PERUMAHAN TAMAN MERBAH,2.836806,101.582108,rapidbus_kl,,0.46099508988343973,743.5574340820312,6.612789993650972
1006413,LG14 TAMAN MERBAH RIMBA,2.836925,101.579386,rapidbus_kl,,0.1641751483394189,391.7239074707031,5.973106839462733
1006389,"LG15 TAMAN DESA IDAMAN,KG OLAK LEMPIT",2.837193,101.574031,rapidbus_kl,,0.43166458966222765,391.7239074707031,5.973106839462733
1006386,LG17 KG OLAK LEMPIT (BARAT),2.835499,101.560656,rapidbus_kl,,0.18812114804171856,384.3255310058594,5.954088512104525
1006384,LG18 KG SG MANGGIS,2.833268,101.554115,rapidbus_kl,,0.44466423587570997,802.8930053710938,6.689466182426668
1006382,LG19 MAHKOTA INDUSTRIAL (OPP),2.831658,101.551535,rapidbus_kl,,0.3578781930119974,490.1832275390625,6.196817230360418
1006380,LG21 KOMPLEKS PENGHULU MANGGIS,2.826558,101.540526,rapidbus_kl,,0.5122746022580387,572.9725952148438,6.352581651651661
1006378,LG22 SMK SG MANGGIS (OPP),2.825643,101.537589,rapidbus_kl,,0.37616567954789354,1111.8359375,7.014666934749886
1006376,LG23 AIMPOINT PLAZA,2.823871,101.533347,rapidbus_kl,,0.5014356175450129,859.782958984375,6.757842392492667
1006374,LG25 SMK BANTING,2.821658,101.528247,rapidbus_kl,,0.1428125427509155,1085.893798828125,6.991079181178061
1006372,LG26 SMK TELOK DATOK,2.820041,101.524656,rapidbus_kl,,0.36449064226548955,1085.893798828125,6.991079181178061
1006370,LG27 TAMAN SRI TELOK DATOK,2.818938,101.521836,rapidbus_kl,,0.29942288794759087,1181.095458984375,7.075043955267162
1006368,LG28 PEJABAT PERTANIAN (OPP),2.817628,101.518756,rapidbus_kl,,0.32342100325298423,1181.095458984375,7.075043955267162
1006476,HENTIAN SELAYANG MUTIARA,3.260901,101.673262,rapidbus_kl,,0.42907494751151154,8530.1298828125,9.05147709159792
1006481,KG SELAYANG PERMAI,3.25942,101.666999,rapidbus_kl,,0.41231445470915296,8530.1298828125,9.05147709159792
1006479,SPG JLN MUTIARA 6,3.256476,101.661784,rapidbus_kl,,0.3088473460752129,10388.556640625,9.248556411443156
1006477,SELAYANG SEGAR 2,3.255054,101.659263,rapidbus_kl,,0.2639278763712289,10388.556640625,9.248556411443156
1007618,SL286 STADIUM SELAYANG,3.255335,101.656733,rapidbus_kl,,0.45890078641219223,9788.3564453125,9.18905099744072
1007614,SL266 SELAYANG 18 RESIDENCES,3.255311,101.654675,rapidbus_kl,,0.26123175351585604,9788.3564453125,9.18905099744072
1002068,SL267 MPS,3.253696,101.652835,rapidbus_kl,,0.010849726425204743,9788.3564453125,9.18905099744072
1000118,SL268 APT DAHLIA BLOK B,3.252464,101.650775,rapidbus_kl,,0.27742123355532056,9788.3564453125,9.18905099744072
1000116,SL272 APT DAHLIA BLOK A,3.252717,101.647661,rapidbus_kl,,0.3605090392448403,8005.93359375,8.988063144513827
1002653,SL527 PUNCAK TEMPLER,3.256829,101.647681,rapidbus_kl,,0.4852749491584293,8005.93359375,8.988063144513827
1001471,SL528 KI PARK SELAYANG,3.259302,101.651664,rapidbus_kl,,0.33909898550722173,6865.57275390625,8.834420389400442
1001851,SL278 MAJLIS PEPERIKSAAN MSIA,3.260836,101.652611,rapidbus_kl,,0.1427983755429009,6865.57275390625,8.834420389400442
1007621,PEJABAT TANAH DAERAH GOMBAK,3.262729,101.653016,rapidbus_kl,,0.07262221085386913,6865.57275390625,8.834420389400442
1003378,SL20 IPD GOMBAK (OPP),3.250183698747,101.64100340711,rapidbus_kl,,0.5614154034879862,8005.93359375,8.988063144513827
1002452,SL21 PANGSAPURI MERAK,3.246421,101.642195,rapidbus_kl,,0.2876546759042536,9606.6669921875,9.170316703728224
1001078,SL22 TAMAN BIDARA (UTARA),3.243248,101.643574,rapidbus_kl,,0.26590821185343333,9606.6669921875,9.170316703728224
1007620,SL515 SURAU FIRDAUS TAMAN BIDARA,3.241904,101.644135,rapidbus_kl,,0.3937649895301442,9606.6669921875,9.170316703728224
1004048,SL91 TAMAN SELAYANG JAYA,3.239014,101.646772,rapidbus_kl,,0.32425153777381166,9007.7587890625,9.105952581852161
1001179,SL510 TAMAN SELAYANG JAYA,3.236613,101.647045,rapidbus_kl,,0.2782944940815624,9007.7587890625,9.105952581852161
1003158,SL511 SELAYANG MALL (OPP),3.236374,101.644596,rapidbus_kl,,0.07890913744669002,9007.7587890625,9.105952581852161
1000931,SL24 HOSPITAL SELAYANG,3.241316,101.648081,rapidbus_kl,,0.5989508945944757,9606.6669921875,9.170316703728224
1000505,SL25 IDEAL CONVENTION CENTRE,3.244937,101.653269,rapidbus_kl,,0.06618526632402678,10276.0869140625,9.23767212473269
1003159,SL288 BULATAN BERINGIN SELAYANG,3.250878,101.657971,rapidbus_kl,,0.4842299101468631,10388.556640625,9.248556411443156
1003826,SL289 TAMAN SELAYANG SEGAR,3.251781,101.660001,rapidbus_kl,,0.2591513991029879,10388.556640625,9.248556411443156
1003516,SL290 TAMAN SELAYANG INDAH,3.249568,101.662934,rapidbus_kl,,0.4980247319454721,9751.357421875,9.185264321625136
1002097,SL37 SELAYANG BARU (BARAT),3.249922,101.664378,rapidbus_kl,,0.5493798521310066,10388.556640625,9.248556411443156
1002288,SL536 SELAYANG BARU (UTARA),3.250902,101.666458,rapidbus_kl,,0.4697378570357782,10022.1513671875,9.212652832895019
1001317,SL43 PERUMAHAN SELAYANG BARU,3.250014,101.670495,rapidbus_kl,,0.4276066516120414,10022.1513671875,9.212652832895019
1001336,SL44 BALAI POLIS SELAYANG BARU (OPP),3.248185,101.671422,rapidbus_kl,,0.3693596528763615,10405.802734375,9.250214980367886
1001636,SL83 KOMPLEKS SRI SIANTAN (OPP),3.2463647736084,101.67438233996,rapidbus_kl,,0.4062370876016123,8298.1328125,9.023906307904543
1001555,SL482 SMK TAMAN SELAYANG (OPP),3.2433294788351,101.67406081935,rapidbus_kl,,0.48690249531773083,8298.1328125,9.023906307904543
1003331,SL84 SMK SERI SELAYANG (OPP),3.2419046233919,101.67360488632,rapidbus_kl,,0.5932026894112188,10405.802734375,9.250214980367886
1001166,SL85 SK TAMAN SELAYANG (OPP),3.241390294951,101.67356789119,rapidbus_kl,,0.6294286138601197,10405.802734375,9.250214980367886
1002592,SL86 PETRONAS DATARAN SELAYANG,3.238351,101.673264,rapidbus_kl,,0.43228211437556724,8705.4404296875,9.07181831004555
1001874,SL87 MASJID AL-AMANIAH,3.2360780145787,101.67393897808,rapidbus_kl,,0.4554852865418671,9461.38671875,9.15507992607563
1001892,SL88 KOMPLEKS AMANIAH,3.235404,101.675139,rapidbus_kl,,0.36047508497175923,9461.38671875,9.15507992607563
1001444,SL89 PADANG AWAM BATU CAVES,3.235693,101.677353,rapidbus_kl,,0.1667860360418604,9461.38671875,9.15507992607563
1004263,SL485 PLAZA UMNO BATU CAVES,3.236009,101.679157,rapidbus_kl,,0.1823430644596142,9461.38671875,9.15507992607563
1000479,SL465 KOMERSIAL SRI GOMBAK,3.236141,101.698475,rapidbus_kl,,0.44461593457527565,9864.865234375,9.196836122099235
1003973,SL212 HAB BAS GREENWOOD (OPP),3.234304,101.706215,rapidbus_kl,,0.4792064915068373,11265.12109375,9.329555367998882
1001052,SL213 JEJANTAS SPG 3,3.233993,101.709501,rapidbus_kl,,0.3946908385849891,6670.9326171875,8.805664844645182
1008379,SL510 AYUMAN SUITES (OPP),3.234313,101.713826,rapidbus_kl,,0.42037694964844646,6670.9326171875,8.805664844645182
1001638,SL106 SK SG PUSU (OPP),3.236011,101.714303,rapidbus_kl,,0.3593475606689015,6670.9326171875,8.805664844645182
1003638,SL107 SK GOMBAK UTARA (OPP),3.238763,101.714013,rapidbus_kl,,0.3591548552369988,6670.9326171875,8.805664844645182
1007512,SL498 KG SG PUSU (UTARA),3.241288,101.713754,rapidbus_kl,,0.5367319317659964,3357.174560546875,8.119152819772655
1007513,SL499 KG SG CHINCIN (SELATAN),3.242534,101.713711,rapidbus_kl,,0.42122118888656557,3357.174560546875,8.119152819772655
1001255,SL108 KG SG CHINCHIN,3.245066,101.715124,rapidbus_kl,,0.43188802940947413,3357.174560546875,8.119152819772655
1003801,SL113 MASJID SG CHINCHIN,3.2450934959555,101.71631757995,rapidbus_kl,,0.3642877875377011,3324.210693359375,8.109288317506259
1001457,SL114 KG SG CHINCIN (TIMUR),3.243951,101.720037,rapidbus_kl,,0.17061298563739252,3324.210693359375,8.109288317506259
1003118,SL146 SK INTEGRASI GOMBAK,3.2451216968165,101.72282634143,rapidbus_kl,,0.3615644184917171,3324.210693359375,8.109288317506259
1001696,SL147 KUARTERS INSTITUT PENDIDIKAN,3.245128,101.724581,rapidbus_kl,,0.37166099012365594,5153.47021484375,8.547619620043413
1003361,SL148 INTERNATIONAL ISLAMIC SCHOOL,3.2469294895777,101.72816557199,rapidbus_kl,,0.17045855389190395,5153.47021484375,8.547619620043413
1008656,PINTU UTAMA UIA,3.248593,101.732684,rapidbus_kl,,0.5304896414654674,3951.8369140625,8.282188806200367
1001321,KL153 FLAT TAMAN MELATI A9,3.226889,101.725241,rapidbus_kl,,0.36199756397583227,5793.51708984375,8.664667420091652
1001801,SL311 LRT GOMBAK,3.231094,101.724291,rapidbus_kl,,0.4794847808692291,5793.51708984375,8.664667420091652
1001322,KL198 FLAT TAMAN MELATI E6,3.227109,101.725318,rapidbus_kl,,0.3413362498542439,5793.51708984375,8.664667420091652
1003362,SL163 KOLEJ VOKASIONAL GOMBAK,3.246681237351,101.72831266652,rapidbus_kl,,0.14731858568201225,5153.47021484375,8.547619620043413
1001697,SL164 KUARTERS GURU BATU 8,3.244887,101.725061,rapidbus_kl,,0.32241157498139217,5153.47021484375,8.547619620043413
1003117,SL165 SBP INTEGRASI GOMBAK,3.2442038128716,101.72203012305,rapidbus_kl,,0.30331999968131074,3324.210693359375,8.109288317506259
1003164,SL166 KG SG CHINCIN (TIMUR),3.243757,101.720204,rapidbus_kl,,0.19702597261803023,3324.210693359375,8.109288317506259
1002869,SL167 MASJID SG CHINCHIN (OPP),3.244645495729,101.71670083534,rapidbus_kl,,0.33125825575062906,3324.210693359375,8.109288317506259
1001256,SL168 KG SG CHINCHIN,3.244675,101.714887,rapidbus_kl,,0.41215101211233496,3357.174560546875,8.119152819772655
1001456,SL169 KG SG CHINCHIN (UTARA),3.242955,101.713955,rapidbus_kl,,0.4063787805531844,3357.174560546875,8.119152819772655
1000265,SL500 KG GOMBAK UTARA,3.241485,101.714034,rapidbus_kl,,0.5354421695249789,3357.174560546875,8.119152819772655
1003639,SL170 SK GOMBAK UTARA,3.2394194168769,101.71426129667,rapidbus_kl,,0.4233845232846355,6670.9326171875,8.805664844645182
1003654,SL171 SK SG PUSU,3.237334,101.714453,rapidbus_kl,,0.35672188677537775,6670.9326171875,8.805664844645182
1001949,SL172 AYUMAN SUITES,3.234067467189,101.71410370288,rapidbus_kl,,0.46137918131348615,6670.9326171875,8.805664844645182
1001051,SL214 JEJANTAS SPG 3,3.233572,101.709758,rapidbus_kl,,0.42412693894322917,6670.9326171875,8.805664844645182
1003974,SL215 HAB BAS GREENWOOD,3.234012,101.706193,rapidbus_kl,,0.49897945729993487,11265.12109375,9.329555367998882
1008342,SL234 HENTIAN GREENWOOD,3.234798,101.704505,rapidbus_kl,,0.30934683535881713,11265.12109375,9.329555367998882
1006472,BANJARIA COURT,3.235857,101.698832,rapidbus_kl,,0.4734928556159984,11265.12109375,9.329555367998882
1006473,GIANT BATU CAVES,3.235583,101.692558,rapidbus_kl,,0.27995706102628004,9864.865234375,9.196836122099235
1001708,SL494 PLAZA UMNO BATU CAVES,3.235775,101.679588,rapidbus_kl,,0.23582798708545943,9461.38671875,9.15507992607563
1001445,SL28 PADANG AWAM BATU CAVES (OPP),3.235465,101.677474,rapidbus_kl,,0.18654950427344033,9461.38671875,9.15507992607563
1001728,SL29 KOMPLEKS AMANIAH (OPP),3.235101,101.675116,rapidbus_kl,,0.3811074227764638,9461.38671875,9.15507992607563
1002356,SL30 KOMERSIAL TAMAN SELAYANG,3.2359674149813,101.67359839481,rapidbus_kl,,0.4627393519704305,8705.4404296875,9.07181831004555
1007547,SL483 DATARAN SELAYANG (OPP),3.23787,101.67325,rapidbus_kl,,0.41639488836825883,8705.4404296875,9.07181831004555
1003330,SL31 SK TMN SELAYANG,3.241483,101.673317,rapidbus_kl,,0.6026502862162811,10405.802734375,9.250214980367886
1008344,SL443 SMK SERI SELAYANG,3.241907,101.673347,rapidbus_kl,,0.5717833473955176,10405.802734375,9.250214980367886
1001167,SL32 SMK TAMAN SELAYANG,3.24367,101.673877,rapidbus_kl,,0.48868832425020614,8298.1328125,9.023906307904543
1001635,SL33 KOMPLEKS SRI SIANTAN,3.2462734187942,101.67408086665,rapidbus_kl,,0.4363159084105265,8298.1328125,9.023906307904543
1000198,SL45 BALAI POLIS SELAYANG BARU,3.248103,101.671316,rapidbus_kl,,0.3552885264865961,10405.802734375,9.250214980367886
1002098,SL46 PERUMAHAN SELAYANG BARU,3.251207,101.669677,rapidbus_kl,,0.28298296870250556,10022.1513671875,9.212652832895019
1000007,SL51 SELAYANG BARU (UTARA),3.250971,101.666894,rapidbus_kl,,0.4296648923925228,10022.1513671875,9.212652832895019
1003138,SL52 SELAYANG BARU (BARAT),3.249764,101.664336,rapidbus_kl,,0.5602384862439003,10388.556640625,9.248556411443156
1007619,SL291 TAMAN SELAYANG INDAH,3.249575,101.662586,rapidbus_kl,,0.4855838891475232,9751.357421875,9.185264321625136
1001067,SL292 TAMAN SELAYANG SEGAR,3.251495,101.659824,rapidbus_kl,,0.29653216222439366,10388.556640625,9.248556411443156
1003160,SL293 BULATAN BERINGIN,3.250406,101.658164,rapidbus_kl,,0.5055878866057791,10388.556640625,9.248556411443156
1001842,SL26 MAGNA VILLE CONDOMINIUM,3.243914,101.652866,rapidbus_kl,,0.1672036160441289,10276.0869140625,9.23767212473269
1002194,SL27 KOMPLEKS SELAYANG CAPITOL,3.240852,101.647885,rapidbus_kl,,0.5567546192980612,9007.7587890625,9.105952581852161
1003157,SL100 SELAYANG MALL,3.236597,101.644088,rapidbus_kl,,0.07710957867964534,9007.7587890625,9.105952581852161
1007613,SL513 TAMAN SELAYANG JAYA,3.236372,101.645195,rapidbus_kl,,0.10429210668552318,9007.7587890625,9.105952581852161
1001178,SL514 TAMAN SELAYANG JAYA (BARAT),3.236617,101.646895,rapidbus_kl,,0.2618690428289159,9007.7587890625,9.105952581852161
1004047,SL99 TAMAN SELAYANG JAYA (UTARA),3.238926,101.646561,rapidbus_kl,,0.3003282793373128,9007.7587890625,9.105952581852161
1003245,SL516 SHELL TAMAN BIDARA,3.241402,101.644149,rapidbus_kl,,0.44902382677905295,9606.6669921875,9.170316703728224
1003434,SL17 TAMAN BIDARA (UTARA),3.243532,101.643183,rapidbus_kl,,0.2609232706761981,9606.6669921875,9.170316703728224
1000684,SL18 PANGSAPURI MERAK,3.246566,101.641694,rapidbus_kl,,0.34523697138484255,9606.6669921875,9.170316703728224
1001012,SL19 IPD GOMBAK,3.251437,101.641266,rapidbus_kl,,0.4491714023305509,8005.93359375,8.988063144513827
1001852,SL281 MAJLIS PEPERIKSAAN MSIA,3.260809,101.652854,rapidbus_kl,,0.14188943923489,6865.57275390625,8.834420389400442
1001472,SL525 KI PARK SELAYANG,3.259155,101.651905,rapidbus_kl,,0.34444647530835043,6865.57275390625,8.834420389400442
1002654,SL526 PUNCAK TEMPLER,3.256881,101.647885,rapidbus_kl,,0.5055445665204682,8005.93359375,8.988063144513827
1000117,SL273 APT DAHLIA BLOK A,3.252912082885,101.64790709688,rapidbus_kl,,0.3806193533040777,8005.93359375,8.988063144513827
1000119,SL276 APT DAHLIA BLOK B,3.252443,101.650597,rapidbus_kl,,0.2956708931765668,9788.3564453125,9.18905099744072
1002067,SL277 MPS,3.253944,101.652798,rapidbus_kl,,0.025235095809317723,9788.3564453125,9.18905099744072
1003162,SL282 SELAYANG 18 RESIDENCES (OPP),3.255524,101.654888,rapidbus_kl,,0.2946470977711159,9788.3564453125,9.18905099744072
1000959,SL283 DATARAN BANDAR BARU SELAYANG,3.255694,101.657104,rapidbus_kl,,0.508454185022072,10388.556640625,9.248556411443156
1006475,SELAYANG SEGAR 1,3.255075,101.658964,rapidbus_kl,,0.2934000617357255,10388.556640625,9.248556411443156
1006478,SPG JLN MUTIARA 5/7,3.256725,101.662055,rapidbus_kl,,0.342654398904974,10388.556640625,9.248556411443156
1006480,KG SELAYANG MUTIARA 4,3.259349,101.666583,rapidbus_kl,,0.45096566033254726,8530.1298828125,9.05147709159792
1007137,KL1174 MRT SEMANTAN PINTU B,3.151704,101.665622,rapidbus_kl,,0.49514193758233965,7948.27587890625,8.980836119085632
1009142,HONG LEONG PBD,3.146016,101.660931,rapidbus_kl,,0.07543007706078862,10032.705078125,9.2137052123584
1000966,AJ52 HUB SRI NILAM,3.1398527383616,101.7693091532,rapidbus_kl,,0.3094189790935992,16846.220703125,9.731940978741125
1008403,PERUMAHAN JLN WAWASAN 3/2,3.143354,101.769523,rapidbus_kl,,0.22947616476642377,16632.580078125,9.719178827317684
1006874,KOMERSIAL BANDAR BARU AMPANG,3.144269,101.768303,rapidbus_kl,,0.19101247505161847,16632.580078125,9.719178827317684
1006875,AMPANG PRIMA,3.145074,101.766307,rapidbus_kl,,0.3657115042927391,16632.580078125,9.719178827317684
1003422,AJ48 SPECTRUM MALL (OPP),3.145375,101.765176,rapidbus_kl,,0.4359624357855439,16649.69921875,9.72020748964694
1006876,AJ103 DEWAN KOMUNITI AMPANG,3.14467,101.763237,rapidbus_kl,,0.23576615300243042,16649.69921875,9.72020748964694
1006877,PLAZA AMPANG JAYA,3.14391,101.762358,rapidbus_kl,,0.20789211152264428,16649.69921875,9.72020748964694
1006878,MEWAH COURT,3.142431,101.761617,rapidbus_kl,,0.33450898242911425,16649.69921875,9.72020748964694
1006879,METRO VILLA (OPP),3.140876,101.760722,rapidbus_kl,,0.4257528597861709,16225.0673828125,9.694374325714321
1006880,AJ198 LRT CAHAYA,3.14022,101.758112,rapidbus_kl,,0.49293987181769594,16225.0673828125,9.694374325714321
1006881,SPG JLN CAHAYA 3,3.142144,101.755633,rapidbus_kl,,0.4726770323195137,17530.669921875,9.771764234181168
1006882,APARTMENT TAMAN NIRWANA (OPP),3.143996,101.755369,rapidbus_kl,,0.31483331275681237,17530.669921875,9.771764234181168
1001527,AJ440 GALAXY AMPANG,3.146583,101.756626,rapidbus_kl,,0.4318104677167802,17530.669921875,9.771764234181168
1006883,IPD AMPANG JAYA,3.148641,101.756975,rapidbus_kl,,0.5758427577073484,17530.669921875,9.771764234181168
1001783,AJ31 LRT AMPANG (OPP),3.151348,101.760686,rapidbus_kl,,0.2743434885528545,16459.330078125,9.708708527379024
1000602,AJ32 GIATMARA AMPANG JAYA,3.148583,101.764107,rapidbus_kl,,0.47391145587929995,16649.69921875,9.72020748964694
1000088,AJ61 AMPANG WATERFRONT (BARAT),3.147362,101.766674,rapidbus_kl,,0.3887052497108494,16632.580078125,9.719178827317684
1003505,AJ435 AMPANG WATERFRONT (TIMUR),3.146458,101.768487,rapidbus_kl,,0.1679533809270552,16632.580078125,9.719178827317684
1006885,PERUMAHAN JLN WAWASAN 1/2,3.143673,101.769793,rapidbus_kl,,0.19530602982227968,16632.580078125,9.719178827317684
1008070,AJ309 AMPANG WATERFRONT 2,3.144168,101.771472,rapidbus_kl,,0.25154325674409544,16632.580078125,9.719178827317684
1008071,AJ62 AMPANG WATERFRONT 2 (TIMUR),3.143442,101.773506,rapidbus_kl,,0.4877921091396516,16632.580078125,9.719178827317684
1003580,AJ310 TAMAN SRI AMPANG,3.143422,101.774898,rapidbus_kl,,0.40187416597527237,15195.611328125,9.628827743040643
1001284,AJ431 KOMERSIAL AMPANG,3.143416,101.778513,rapidbus_kl,,0.23214077267365488,15195.611328125,9.628827743040643
1006886,AJ128 AEON BIG AMPANG (OPP),3.140652,101.780257,rapidbus_kl,,0.4743292329690322,17193.10546875,9.752321898759428
1006887,RENJANA AMPANG (OPP),3.136576,101.780065,rapidbus_kl,,0.2451538495471492,17193.10546875,9.752321898759428
1006888,TAMAN DAGANG JAYA,3.133527,101.779228,rapidbus_kl,,0.4214327987361506,17193.10546875,9.752321898759428
1006889,KG TASIK PERMAI,3.130534,101.778774,rapidbus_kl,,0.22002747972898132,16667.47265625,9.72127434924672
1008072,SPG KG TASIK PERMAI,3.128767,101.778593,rapidbus_kl,,0.0751599425577578,16667.47265625,9.72127434924672
1003577,SPG TAMAN SRI BAYU,3.1256705025844,101.77714059886,rapidbus_kl,,0.35310957726294,16667.47265625,9.72127434924672
1002292,PASAR TASEK TAMBAHAN,3.1227395720654,101.77480384563,rapidbus_kl,,0.43142271435826773,8354.4189453125,9.030665582837901
1004109,TAMAN TASIK TAMBAHAN,3.121595,101.771667,rapidbus_kl,,0.26590365237556773,16369.9716796875,9.703265025945539
1001577,AJ153 TAMAN PUTRA AMPANG BARAT,3.120654,101.766083,rapidbus_kl,,0.3894918207246118,16369.9716796875,9.703265025945539
1002688,AJ428 PARAGON POINT (UTARA),3.120681,101.762941,rapidbus_kl,,0.19007868184687937,16535.1953125,9.713306912642842
1003220,AJ155 SMK PANDAN MEWAH,3.125219,101.762831,rapidbus_kl,,0.4301203763731746,16001.5654296875,9.680504327724407
1008069,AJ156 HOSPITAL AMPANG,3.12755,101.762898,rapidbus_kl,,0.2265099340496822,16001.5654296875,9.680504327724407
1001647,AJ337 APARTMENT PANDAN MEWAH,3.129739,101.762947,rapidbus_kl,,0.21818882897511044,16001.5654296875,9.680504327724407
1000682,AJ430 FLAT BAYU MURNI (OPP),3.133726,101.765691,rapidbus_kl,,0.5710576963436458,16846.220703125,9.731940978741125
1000080,AJ424 KG AMPANG CAMPURAN,3.13435,101.7674,rapidbus_kl,,0.3887551668635021,16846.220703125,9.731940978741125
1006893,AJ322 SMK BANDAR BARU AMPANG,3.137365,101.769085,rapidbus_kl,,0.06352975412286485,16846.220703125,9.731940978741125
1006906,SK TAMAN BUKIT TERATAI,3.110047,101.764171,rapidbus_kl,,0.3955924392168387,15994.1142578125,9.680038595703682
1006907,99 SPEEDMART BUKIT TERATAI,3.112181,101.765284,rapidbus_kl,,0.44807386621023226,15994.1142578125,9.680038595703682
1002909,TAMAN BUKIT TERATAI,3.115084,101.764094,rapidbus_kl,,0.4594053690937526,15994.1142578125,9.680038595703682
1003148,AJ254 TAMAN SERAYA (TIMUR),3.115468,101.763206,rapidbus_kl,,0.43452674883696674,15994.1142578125,9.680038595703682
1000362,AJ255 TAMAN SERAYA (BARAT),3.114939,101.761604,rapidbus_kl,,0.3199429680541652,15994.1142578125,9.680038595703682
1006905,DEWAN KOMUNITI TAMAN MUDA (OPP),3.116488,101.759597,rapidbus_kl,,0.4738386951921297,16535.1953125,9.713306912642842
1006903,PASAR TAMAN MUDA (OPP),3.119149,101.759349,rapidbus_kl,,0.2537844249422587,16535.1953125,9.713306912642842
1002045,AJ266 TAMAN MUDA (BARAT),3.119653,101.758107,rapidbus_kl,,0.3591129097473486,16535.1953125,9.713306912642842
1003925,AJ267 THE RESIDENT AMPANG SOUTH,3.1194839634373,101.75312412437,rapidbus_kl,,0.10626959116688635,16250.462890625,9.695938207744424
1006901,AJ168 TAMAN KENCANA (UTARA),3.120468,101.75124,rapidbus_kl,,0.18620328566303065,16250.462890625,9.695938207744424
1003350,AJ169 SMK PANDAN INDAH (OPP),3.122488,101.751166,rapidbus_kl,,0.30133581888448574,16250.462890625,9.695938207744424
1006899,AJ239 SK PANDAN INDAH,3.125026,101.751489,rapidbus_kl,,0.44339683232175775,15882.1796875,9.673015946967661
1006897,FLAT LEMBAH MAJU,3.125075,101.754399,rapidbus_kl,,0.44057608952442995,15882.1796875,9.673015946967661
1002721,AJ240 FLAT LEMBAH MAJU,3.125331,101.755151,rapidbus_kl,,0.45399736621839815,15882.1796875,9.673015946967661
1002968,AJ429 PANDAN INDAH,3.1278830000746,101.7564762555,rapidbus_kl,,0.4068545306529682,15882.1796875,9.673015946967661
1002238,AJ161 MENARA MPAJ,3.128996,101.753841,rapidbus_kl,,0.1062477362468333,15882.1796875,9.673015946967661
1006895,AJ228 MIDPOINT COMPLEX,3.131597,101.752703,rapidbus_kl,,0.3174347800894164,15882.1796875,9.673015946967661
1006908,APARTMENT DAHLIA (OPP),3.133901,101.751447,rapidbus_kl,,0.3896708613392527,16135.7265625,9.688853106043497
1006909,APARTMENT TULIP,3.1364,101.752944,rapidbus_kl,,0.07606711782291178,16135.7265625,9.688853106043497
1001793,AJ219 LRT CEMPAKA,3.1383158732406,101.75308018712,rapidbus_kl,,0.1382338620581117,16135.7265625,9.688853106043497
1003522,AJ225 PANGSAPURI DAHLIA,3.136262,101.752881,rapidbus_kl,,0.09143358749739881,16135.7265625,9.688853106043497
1000704,AJ226 PANGSAPURI DAHLIA,3.1342033330273,101.75151040436,rapidbus_kl,,0.3562763633633829,16135.7265625,9.688853106043497
1006894,AJ227 MIDPOINT COMPLEX (OPP),3.132262,101.752843,rapidbus_kl,,0.3905797213018827,15882.1796875,9.673015946967661
1001962,AJ172 MENARA MAXISEGAR,3.129223,101.753449,rapidbus_kl,,0.07913613090092618,15882.1796875,9.673015946967661
1002821,AJ173 RHB PANDAN INDAH,3.129258,101.754982,rapidbus_kl,,0.23620457046305662,15882.1796875,9.673015946967661
1003823,AJ233 PANDAN INDAH,3.127818,101.756666,rapidbus_kl,,0.42903928845279554,15882.1796875,9.673015946967661
1002722,AJ234 TAMAN LEMBAH MAJU (UTARA),3.126011,101.755607,rapidbus_kl,,0.42664176088729155,15882.1796875,9.673015946967661
1006896,AJ235 FLAT LEMBAH MAJU,3.125232,101.755296,rapidbus_kl,,0.4720738735419177,15882.1796875,9.673015946967661
1006898,SK PANDAN INDAH (OPP),3.124937,101.751655,rapidbus_kl,,0.44653479869623,15882.1796875,9.673015946967661
1003351,AJ165 SMK PANDAN INDAH,3.122964,101.751258,rapidbus_kl,,0.3378134929591706,16250.462890625,9.695938207744424
1006900,AJ333 FLAT PANDAN INDAH,3.121507,101.751328,rapidbus_kl,,0.2139897113748335,16250.462890625,9.695938207744424
1003924,AJ229 THE RESIDENT AMPANG SOUTH,3.119724,101.752015,rapidbus_kl,,0.1262901601068282,16250.462890625,9.695938207744424
1002044,AJ230 TAMAN MUDA (BARAT),3.119856,101.756687,rapidbus_kl,,0.4232839154081831,16250.462890625,9.695938207744424
1006902,PASAR TAMAN MUDA,3.119108,101.759486,rapidbus_kl,,0.2439760517977108,16535.1953125,9.713306912642842
1006904,DEWAN TAMAN MUDA,3.116562,101.759721,rapidbus_kl,,0.46101887894349225,16535.1953125,9.713306912642842
1001319,AJ427 TAMAN SERAYA (BARAT),3.114987,101.761285,rapidbus_kl,,0.3228753219008644,15994.1142578125,9.680038595703682
1003211,AJ334 TAMAN SERAYA (TIMUR),3.115575,101.762988,rapidbus_kl,,0.43356730390078435,15994.1142578125,9.680038595703682
1003012,AJ250 TAMAN BUKIT TERATAI,3.115151,101.764188,rapidbus_kl,,0.4719970554540572,15994.1142578125,9.680038595703682
1006910,99 SPEEDMART BUKIT TERATAI (OPP),3.111969,101.765629,rapidbus_kl,,0.4391940753078133,8620.208984375,9.061980607230922
1003343,KOMERSIAL BUKIT MAHKOTA,2.870537,101.813438,rapidbus_kl,,0.24340010086997124,2179.603271484375,7.687356847539144
1008190,BUKIT MAHKOTA CLUBHOUSE SEKSYEN 6,2.873758,101.808645,rapidbus_kl,,0.47084365932068256,2179.603271484375,7.687356847539144
1008191,PINTU A PERUMAHAN BUKIT MAHKOTA (OPP),2.877296,101.808991,rapidbus_kl,,0.2984318195863068,2253.8974609375,7.720859779034831
1006960,APARTMENT NURI (OPP),2.88132,101.807285,rapidbus_kl,,0.524885980146656,2253.8974609375,7.720859779034831
1006958,SEKSYEN 3 BANDAR BUKIT MAHKOTA,2.882819,101.801169,rapidbus_kl,,0.49228614436112456,1388.469970703125,7.236677637364372
1006956,BANYAN CLOSE,2.883335,101.794186,rapidbus_kl,,0.4191418345820475,2523.3984375,7.833758070750933
1006964,PUSAT KOMERSIAL BANDAR SRI PUTRA,2.88633,101.791166,rapidbus_kl,,0.3886044461926362,2523.3984375,7.833758070750933
1006954,MASJID BANDAR SERI PUTRA,2.887669,101.787822,rapidbus_kl,,0.18636126119330726,3173.884765625,8.0630266163768
1006949,SMK BANDAR SERI PUTRA (OPP),2.886316,101.78515,rapidbus_kl,,0.14898303225648096,3173.884765625,8.0630266163768
1006947,PANGSAPURI SERI MELATI (OPP),2.88767,101.779064,rapidbus_kl,,0.14317352094523278,4139.201171875,8.328499657879133
1006965,PANGSAPURI ACACIA (OPP),2.889175,101.777885,rapidbus_kl,,0.2325869489668224,4139.201171875,8.328499657879133
1006945,SK BANDAR SERI PUTRA (OPP),2.889084,101.775924,rapidbus_kl,,0.3137382576445111,4139.201171875,8.328499657879133
1006943,APARTMENT CAMELLIA,2.893537,101.773046,rapidbus_kl,,0.4377198254091043,2455.01806640625,7.806296645268581
1006941,TAMAN BANGI VILLA (OPP),2.898844,101.778912,rapidbus_kl,,0.3967995367898345,2974.4423828125,7.998148007030007
1006939,DEWAN BANGI,2.901213,101.781081,rapidbus_kl,,0.45067827635998636,2457.283935546875,7.807218798323193
1008058,DEWAN PEKAN BANGI,2.901426,101.780777,rapidbus_kl,,0.40953365342802983,2457.283935546875,7.807218798323193
1008059,SK BANGI,2.904556,101.784278,rapidbus_kl,,0.2365752796546548,3362.97119140625,8.120877457264923
1006935,KTM BANGI,2.90316,101.785349,rapidbus_kl,,0.1196230356032437,3362.97119140625,8.120877457264923
1006936,PASAR BANGI LAMA,2.900647,101.782894,rapidbus_kl,,0.507870358375664,3362.97119140625,8.120877457264923
1006938,DEWAN BANGI (OPP),2.901202,101.781252,rapidbus_kl,,0.46638098553757035,2457.283935546875,7.807218798323193
1006940,TAMAN BANGI VILLA,2.898779,101.779041,rapidbus_kl,,0.3941661446436911,2974.4423828125,7.998148007030007
1006942,TAMAN IMPIAN PUTRA,2.894693,101.774376,rapidbus_kl,,0.4013123312037096,2974.4423828125,7.998148007030007
1006944,SK BANDAR SERI PUTRA,2.889108,101.775718,rapidbus_kl,,0.3320730080970291,4139.201171875,8.328499657879133
1006946,PANGSAPURI ACACIA,2.889262,101.777987,rapidbus_kl,,0.24236229733848125,4139.201171875,8.328499657879133
1006950,PUSAT PERNIAGAAN SRI PUTRA,2.8871907,101.779635,rapidbus_kl,,0.19124305526580862,4139.201171875,8.328499657879133
1006948,SMK BANDAR SERI PUTRA,2.886552,101.784861,rapidbus_kl,,0.16514795923916234,3173.884765625,8.0630266163768
1006953,MASJID BANDAR SERI PUTRA (OPP),2.887891,101.78768,rapidbus_kl,,0.1824698628186729,3173.884765625,8.0630266163768
1006951,PUSAT KOMERSIAL BANDAR SRI PUTRA,2.886509,101.791356,rapidbus_kl,,0.36401345043498173,2523.3984375,7.833758070750933
1006955,BANYAN CLOSE,2.883463,101.794747,rapidbus_kl,,0.40299647648913883,2523.3984375,7.833758070750933
1006957,SEKSYEN 3 BANDAR BUKIT MAHKOTA,2.883064,101.801179,rapidbus_kl,,0.4868137766740371,1698.2501220703125,7.437942328064504
1006959,APARTMENT NURI,2.881568,101.807391,rapidbus_kl,,0.5308466829514765,2253.8974609375,7.720859779034831
1006961,SEKSYEN 5 BANDAR BUKIT MAHKOTA,2.873597,101.814896,rapidbus_kl,,0.5376145717403087,2179.603271484375,7.687356847539144
1007176,MRT BTHO,3.04907,101.774434,rapidbus_kl,,0.5608168155837621,5526.5634765625,8.617502396439974
1003179,APARTMENT NETIZEN,3.049629,101.772007,rapidbus_kl,,0.5314567311493462,8863.6943359375,9.089831738042177
1002469,PETRONAS CHERAS PERDANA (OPP),3.047857,101.768725,rapidbus_kl,,0.28756854123941245,8604.521484375,9.060159309293404
1002213,TAMAN CHERAS PERDANA FASA 2,3.0462601967292,101.76797590543,rapidbus_kl,,0.2015812521673096,8604.521484375,9.060159309293404
1006997,SMK CHERAS PERDANA (OPP),3.043947,101.766412,rapidbus_kl,,0.38817970406009356,8604.521484375,9.060159309293404
1006998,TAMAN CHERAS PERDANA FASA 3,3.041742,101.765086,rapidbus_kl,,0.5902874294035778,8770.7685546875,9.079293724635152
1006755,TAMAN CHERAS PERDANA FASA 7,3.037232,101.762309,rapidbus_kl,,0.1187868482610308,6507.6806640625,8.78089205169327
1006754,KJ334 AEON CHERAS SELATAN,3.033446,101.762818,rapidbus_kl,,0.4403737198833093,6507.6806640625,8.78089205169327
1000184,PUSAT KOMERSIAL C180,3.034846,101.766009,rapidbus_kl,,0.46838980307396255,7100.26806640625,8.868028647984453
1006999,PANGSAPURI SUAKASIH,3.03778,101.758212,rapidbus_kl,,0.3460682714768315,6507.6806640625,8.78089205169327
1008000,PERUMAHAN SUADAMAI,3.04998,101.754825,rapidbus_kl,,0.4697546395039174,9906.958984375,9.201093650953426
1008001,SK BTHO 2,3.052803,101.754999,rapidbus_kl,,0.2541146378732208,9906.958984375,9.201093650953426
1008002,SMK BTHO 2,3.054078,101.755786,rapidbus_kl,,0.3207241875213061,9906.958984375,9.201093650953426
1008004,PETRONAS BTHO 2,3.054724,101.757973,rapidbus_kl,,0.3795959692991907,9490.0234375,9.15810172957218
1006757,APARTMENT MINANG RIA,3.056474,101.757437,rapidbus_kl,,0.5205273875399025,9490.0234375,9.15810172957218
1008005,PANGSAPURI SERI MURNI,3.060348,101.757403,rapidbus_kl,,0.46868657500755495,7848.00244140625,8.968141725173554
1008006,SRA TAMAN TUN PERAK (OPP),3.062087,101.758338,rapidbus_kl,,0.3232935800638887,7848.00244140625,8.968141725173554
1008007,PANGSAPURI WIRA,3.063197,101.758677,rapidbus_kl,,0.3113303022126535,7848.00244140625,8.968141725173554
1002241,AJ276 PANDAN HEIGHT,3.112722443449,101.73863347999,rapidbus_kl,,0.2740526341364958,6301.26806640625,8.748664858132052
1002245,AJ277 PANDAN VISTA,3.115183,101.73894,rapidbus_kl,,0.4560836440055338,6301.26806640625,8.748664858132052
1002242,AJ278 PANDAN PERDANA DELUXE,3.116378,101.73961,rapidbus_kl,,0.5838659193254234,10931.4267578125,9.299488583773439
1002410,AJ470 PERDANA VILLA,3.118058,101.740585,rapidbus_kl,,0.5155944945401881,16239.595703125,9.695269294269838
1002247,AJ279 PANDAN PERDANA (BARAT),3.119833,101.741585,rapidbus_kl,,0.33913351204194325,16239.595703125,9.695269294269838
1008085,PLAZA PANDAN,3.119839,101.742327,rapidbus_kl,,0.25858737061597226,16239.595703125,9.695269294269838
1003125,AJ273 SK PANDAN PERDANA,3.115781,101.741784,rapidbus_kl,,0.5153766212399846,12625.84765625,9.44358059244549
1008086,STADIUM MPAJ,3.114366,101.741958,rapidbus_kl,,0.38646682401792465,12625.84765625,9.44358059244549
1008087,AJ274 KOMERSIAL PANDAN PERDANA,3.113278,101.744602,rapidbus_kl,,0.13283613600169564,12625.84765625,9.44358059244549
1003057,AJ331 TAMAN KENCANA (BARAT),3.119608,101.748577,rapidbus_kl,,0.45249005282914295,16239.595703125,9.695269294269838
1003990,AJ332 TAMAN KENCANA (TIMUR),3.11964,101.750297,rapidbus_kl,,0.3033761205278624,16250.462890625,9.695938207744424
1003825,AJ236 TAMAN LEMBAH MAJU,3.123595,101.755247,rapidbus_kl,,0.43801139973372377,16250.462890625,9.695938207744424
1003326,AJ237 SK TAMAN MUDA,3.1205083504751,101.75542940854,rapidbus_kl,,0.2792192238809677,16250.462890625,9.695938207744424
1001177,AJ231 TAMAN MUDA (TIMUR),3.1199889635163,101.75914666354,rapidbus_kl,,0.2382882267653115,16535.1953125,9.713306912642842
1001755,AJ242 KOMERSIAL TAMAN MUDA,3.121373,101.760082,rapidbus_kl,,0.16765969045824133,16535.1953125,9.713306912642842
1001651,AJ157 PANDAN MEWAH HEIGHTS,3.130923,101.762139,rapidbus_kl,,0.26100631124847806,16001.5654296875,9.680504327724407
1000992,AJ158 FLAT 610,3.130479,101.760369,rapidbus_kl,,0.21567005348541227,16001.5654296875,9.680504327724407
1003749,AJ159 SURAU MADRASATUL SOFWA,3.1298841668666,101.75896061054,rapidbus_kl,,0.28370555470873154,16001.5654296875,9.680504327724407
1000610,AJ160 APARTMENT BUNGA RAYA,3.1292473326086,101.7572669952,rapidbus_kl,,0.4456276259690285,16001.5654296875,9.680504327724407
1000728,AJ179 APARTMENT MERPATI,3.133868,101.75633771805,rapidbus_kl,,0.5216795781143718,16135.7265625,9.688853106043497
1000354,AJ223 APARTMENT MERPATI,3.134151,101.757526,rapidbus_kl,,0.5265459496593657,16225.0673828125,9.694374325714321
1000134,AJ423 APARTMENT NURI COURT,3.135695,101.756302,rapidbus_kl,,0.4063844653394581,16135.7265625,9.688853106043497
1000129,AJ224 APARTMENT KENARI COURT,3.136451,101.754541,rapidbus_kl,,0.1936175488513131,16135.7265625,9.688853106043497
1008088,KOMERSIAL PANDAN INDAH,3.133105,101.751201,rapidbus_kl,,0.48164265001047213,16135.7265625,9.688853106043497
1001334,AJ269 TAMAN MAJU JAYA,3.1304479736276,101.74298020593,rapidbus_kl,,0.2594334425893626,15528.4658203125,9.650494518919636
1002794,AJ270 CHERAS INDAH NIGHT MARKET,3.128708,101.742922,rapidbus_kl,,0.1844721982716273,15528.4658203125,9.650494518919636
1003776,AJ271 TAMAN CHERAS INDAH,3.124393,101.742457,rapidbus_kl,,0.5011904925604314,16239.595703125,9.695269294269838
1000009,AJ272 PANDAN PERDANA (TIMUR),3.12019,101.743645,rapidbus_kl,,0.10715094800013297,16239.595703125,9.695269294269838
1003537,AJ275 PANDAN PERDANA (SELATAN),3.1142465789033,101.74105738188,rapidbus_kl,,0.45943388116554773,12625.84765625,9.44358059244549
1009040,KJ884 KOMERSIAL SEKSYEN 4,2.964498,101.781744,rapidbus_kl,,0.5027441051573527,4473.24462890625,8.406092818451192
1009042,KJ885 SMK JALAN EMPAT,2.961828,101.781703,rapidbus_kl,,0.42146143749607706,4473.24462890625,8.406092818451192
1009054,JALAN 4/5D,2.960752,101.778165,rapidbus_kl,,0.15061345507911789,4473.24462890625,8.406092818451192
1009052,SURAU AL-KAUTHAR,2.957815,101.779375,rapidbus_kl,,0.4801364749440499,4600.60546875,8.43416053653129
1009050,PANGSAPURI ANGGUN (OPP),2.955564,101.779835,rapidbus_kl,,0.29338670892135127,4600.60546875,8.43416053653129
1009055,SURAU JUBLI PERAK AL-IKHWAN (OPP),2.953705,101.779201,rapidbus_kl,,0.14275408614269083,4600.60546875,8.43416053653129
1009044,KJ926 SK JALAN EMPAT (OPP),2.951478,101.779993,rapidbus_kl,,0.34207997169342236,4600.60546875,8.43416053653129
1009031,PERUMAHAN SEKSYEN 3,2.949072,101.781076,rapidbus_kl,,0.536940632335766,4966.12939453125,8.51059736560984
1009034,BANGI PERDANA SEKSYEN 3,2.944911,101.780992,rapidbus_kl,,0.34615452499558563,4966.12939453125,8.51059736560984
1009036,SURAU ABDUL RAHMAN  SEKSYEN 3,2.941271,101.781455,rapidbus_kl,,0.6057598744812643,4966.12939453125,8.51059736560984
1009038,PANGSAPURI DAMAI RESIDENCE,2.938449,101.780542,rapidbus_kl,,0.3287471603356651,3827.763916015625,8.250297292751055
1008154,KJ513 BANDAR BARU BANGI SEKSYEN 2 (SELATAN),2.939188,101.768608,rapidbus_kl,,0.25783815470669674,4551.7421875,8.42348500897863
1006190,KJ514 PANGSAPURI SRI CEMPAKA,2.941284,101.767344,rapidbus_kl,,0.522499836368188,5374.0361328125,8.589520575356989
1006191,KJ515 PETRONAS SEKSYEN 16,2.944432,101.765292,rapidbus_kl,,0.46206523901019764,5517.69775390625,8.615897197291602
1006198,KJ525 KOMPLEKS PENTADBIRAN HULU LANGAT,2.956146,101.757689,rapidbus_kl,,0.4767668648120666,3040.261962890625,8.020027827633974
1006086,MAHKAMAH SYARIAH BANGI,2.95919,101.75429,rapidbus_kl,,0.3560773928695933,5024.67041015625,8.522314138984761
1006087,PETRONAS SEKSYEN 9 BANGI,2.96132,101.75156,rapidbus_kl,,0.1728905853091098,5024.67041015625,8.522314138984761
1006089,KJ429 KOMERSIAL SEKSYEN 8 BANDAR BARU BANGI,2.962555,101.757129,rapidbus_kl,,0.4605714222861929,4322.60986328125,8.371845948805348
1006090,SEKSYEN 6 PUNCAK BANGI,2.96204,101.761169,rapidbus_kl,,0.010175618957838339,4322.60986328125,8.371845948805348
1006091,KJ516 BANDAR BARU BANGI SEKSYEN 2 (UTARA),2.944499,101.765586,rapidbus_kl,,0.45543532956958693,5374.0361328125,8.589520575356989
1008153,KJ519 PANGSAPURI SRI CEMPAKA,2.941203,101.767719,rapidbus_kl,,0.5026598019024134,4551.7421875,8.42348500897863
1006062,KJ520 BANDAR BARU BANGI SEKSYEN 2 (SELATAN),2.938104,101.769635,rapidbus_kl,,0.11361846972940091,4551.7421875,8.42348500897863
1009039,BANGI MUNAWWARAH,2.938383,101.780255,rapidbus_kl,,0.2972029493815457,3827.763916015625,8.250297292751055
1009037,SURAU ABDUL RAHMAN SEKSYEN 3 (OPP),2.941554,101.781346,rapidbus_kl,,0.5740687802970753,4966.12939453125,8.51059736560984
1009035,BANGI PERDANA SEKSYEN 3,2.944562,101.780898,rapidbus_kl,,0.34448953500433493,4966.12939453125,8.51059736560984
1009033,SURAU BANGI PERDANA,2.947434,101.780886,rapidbus_kl,,0.398829367992863,4966.12939453125,8.51059736560984
1009032,PERUMAHAN SEKSYEN 3,2.948703,101.780948,rapidbus_kl,,0.49685338675502766,4966.12939453125,8.51059736560984
1009045,KJ918 SK JALAN EMPAT,2.951387,101.779617,rapidbus_kl,,0.3236039093556735,4600.60546875,8.43416053653129
1009048,KJ920 SURAU JUBLI PERAK AL-IKHWAN,2.953822,101.779138,rapidbus_kl,,0.1359043643260092,4600.60546875,8.43416053653129
1009049,KJ921 PANGSAPURI ANGGUN,2.955532,101.779691,rapidbus_kl,,0.2794540099082406,4600.60546875,8.43416053653129
1009051,KJ922 PETRONAS UNIKEB 2,2.957885,101.779211,rapidbus_kl,,0.48172537684368066,4600.60546875,8.43416053653129
1009053,KJ923 JALAN 4/3,2.960731,101.778052,rapidbus_kl,,0.15114764339427963,4473.24462890625,8.406092818451192
1009043,KJ930 SMK JALAN EMPAT (OPP),2.961778,101.781593,rapidbus_kl,,0.4096984865722887,4473.24462890625,8.406092818451192
1009041,KJ931 KOMERSIAL SEKSYEN 4,2.964379,101.781638,rapidbus_kl,,0.48575061194375574,4473.24462890625,8.406092818451192
1006966,LOTUS RAWANG,3.302417,101.596916,rapidbus_kl,,0.2984193573307713,3317.7646484375,8.107347898822315
1006967,SL351 KG BT16 RAWANG (TIMUR),3.304136,101.595285,rapidbus_kl,,0.08896292821404114,3317.7646484375,8.107347898822315
1006969,DEWAN TAMAN KANCHING,3.303357,101.59175,rapidbus_kl,,0.31750947850669403,3317.7646484375,8.107347898822315
1006971,SAM RAWANG (OPP),3.302364,101.591669,rapidbus_kl,,0.358323456031191,3317.7646484375,8.107347898822315
1006973,TAMAN MAWAR,3.29979,101.590504,rapidbus_kl,,0.6316192645618641,3317.7646484375,8.107347898822315
1006974,PANGSAPURI TAMAN TUN TEJA (OPP),3.297112,101.592762,rapidbus_kl,,0.27638933994721027,1851.625732421875,7.524359226619758
1006976,MASJID TAMAN TUN TEJA,3.295099,101.591795,rapidbus_kl,,0.31150365088341303,1851.625732421875,7.524359226619758
1006975,SL439 PANGSAPURI TAMAN TUN TEJA,3.297165,101.592588,rapidbus_kl,,0.29466891950744567,1851.625732421875,7.524359226619758
1006972,SL440 TAMAN MAWAR,3.299724,101.590343,rapidbus_kl,,0.6378997950633045,2880.181884765625,7.965955865603253
1006970,SAM RAWANG,3.30249,101.591562,rapidbus_kl,,0.36345362082392496,3317.7646484375,8.107347898822315
1006977,SK TUN TEJA (OPP),3.303047,101.5897,rapidbus_kl,,0.39092850308773336,2880.181884765625,7.965955865603253
1006979,TAMAN MUHIBBAH,3.303312,101.587035,rapidbus_kl,,0.09987823362051221,2880.181884765625,7.965955865603253
1006982,PANGSAPURI BERINGN (OPP),3.30203,101.582813,rapidbus_kl,,0.4267642519828952,2880.181884765625,7.965955865603253
1006983,SURAU AL-RADHIYAH (OPP),3.301714,101.58152,rapidbus_kl,,0.45967825146221125,2905.129150390625,7.974577285809794
1006985,TAMAN BERSATU,3.305181,101.580505,rapidbus_kl,,0.32847622408079724,2905.129150390625,7.974577285809794
1006987,TAMAN BERSATU FASA 4,3.307201,101.582609,rapidbus_kl,,0.557285232804468,2880.181884765625,7.965955865603253
1001115,MEDAN SELERA RAWANG PERDANA (OPP),3.312536,101.585452,rapidbus_kl,,0.10183789239794663,3893.77197265625,8.26739041298552
1001825,KLINIK KESIHATAN RAWANG PERDANA,3.314829,101.596037,rapidbus_kl,,0.3453288425209793,3152.48876953125,8.056264664826157
1008404,RAWANG PERDANA 10,3.325326,101.590541,rapidbus_kl,,0.588465341748742,1225.758544921875,7.112130640441475
1008406,SL455 TAMAN BUKIT RAWANG JAYA,3.333579,101.587806,rapidbus_kl,,0.4262679538415364,2576.5009765625,7.854575594770772
1008408,SL458 BUKIT RAWANG JAYA,3.336924,101.587284,rapidbus_kl,,0.11618656751992526,2576.5009765625,7.854575594770772
1008411,SL459 FLAT BUKIT RAWANG JAYA (OPP),3.337127,101.585367,rapidbus_kl,,0.09809393312301215,2576.5009765625,7.854575594770772
1008413,SL460 SK BUKIT RAWANG JAYA (OPP),3.334956,101.582335,rapidbus_kl,,0.494768799106461,2576.5009765625,7.854575594770772
1008414,SL361 RAWANG MUTIARA BUSINESS CENTRE,3.328308,101.580438,rapidbus_kl,,0.2842159038387673,4347.6728515625,8.377625985937993
1008416,SL362 BANDAR BARU RAWANG,3.323878,101.576842,rapidbus_kl,,0.40291360189357367,3693.7587890625,8.21467055088947
1006996,SL365 TERMINAL BAS RAWANG,3.318382,101.578148,rapidbus_kl,,0.22772367107739294,3693.7587890625,8.21467055088947
1008415,SL360 RAWANG MUTIARA BUSINESS CENTRE,3.328476,101.580159,rapidbus_kl,,0.2508192931089974,4347.6728515625,8.377625985937993
1008412,SL451 SK BUKIT RAWANG JAYA,3.335183,101.582309,rapidbus_kl,,0.48580579208555513,2576.5009765625,7.854575594770772
1008410,SL452 FLAT BUKIT RAWANG JAYA,3.337331,101.585126,rapidbus_kl,,0.12772674514715518,2576.5009765625,7.854575594770772
1008409,SL453 BUKIT RAWANG JAYA,3.337111,101.587337,rapidbus_kl,,0.1207464614472223,2576.5009765625,7.854575594770772
1008407,SL454 TAMAN BUKIT RAWANG JAYA,3.332966,101.588352,rapidbus_kl,,0.513897831823868,2576.5009765625,7.854575594770772
1008405,RAWANG PERDANA 11,3.325448,101.590685,rapidbus_kl,,0.5674997959794656,1225.758544921875,7.112130640441475
1001118,SL449 KLINIK KESIHATAN RAWANG (OPP),3.314769,101.596208,rapidbus_kl,,0.3488716837182457,3152.48876953125,8.056264664826157
1001117,MEDAN SELERA RAWANG PERDANA,3.312261,101.585486,rapidbus_kl,,0.08703391816108522,3893.77197265625,8.26739041298552
1006990,SL367 SRJKC SAN YUK RAWANG,3.310477,101.582914,rapidbus_kl,,0.41112159624279454,3893.77197265625,8.26739041298552
1006988,TAMAN BERSATU FASA 4,3.307348,101.582972,rapidbus_kl,,0.5407685788663266,2880.181884765625,7.965955865603253
1006986,TAMAN BERSATU,3.305284,101.580808,rapidbus_kl,,0.36350490607975267,2905.129150390625,7.974577285809794
1006984,SURAU AL-RADHIYAH,3.301884,101.581372,rapidbus_kl,,0.4361492428169616,2905.129150390625,7.974577285809794
1006981,PANGSAPURI BERINGIN,3.302282,101.582953,rapidbus_kl,,0.4007203192465774,2880.181884765625,7.965955865603253
1006980,TAMAN MUHIBBAH,3.303433,101.587324,rapidbus_kl,,0.12437457522422407,2880.181884765625,7.965955865603253
1006978,SL445 SK TUN TEJA,3.303294,101.589414,rapidbus_kl,,0.35492366130377184,2880.181884765625,7.965955865603253
1006968,SL372 KG BT16 RAWANG,3.304371,101.595317,rapidbus_kl,,0.10679679661756179,3317.7646484375,8.107347898822315
1007013,SL558 MASJID SG BULOH,3.219001,101.596911,rapidbus_kl,,0.30263485192397055,4643.740234375,8.443490725975861
1007012,(M) SL559 UITM SG BULOH (OPP),3.219405,101.593238,rapidbus_kl,,0.18696008078341034,4643.740234375,8.443490725975861
1007010,SL560 KOLEJ SAINS KESIHATAN,3.221164,101.587473,rapidbus_kl,,0.15921424403403112,6375.0126953125,8.760298211577306
1007008,SL561 HOSPITAL SG BULOH UTAMA,3.220688,101.583769,rapidbus_kl,,0.2770404437441866,6375.0126953125,8.760298211577306
1007006,SL562 HOSPITAL SG BULOH PINTU C,3.21782,101.581653,rapidbus_kl,,0.5054515094741695,7108.5859375,8.86919928446293
1007004,SL563 SMK SIERRAMAS,3.214533,101.578955,rapidbus_kl,,0.29577608215336476,8398.3046875,9.035904206107721
1007002,SL564 STELLARS GROCER (OPP),3.211384,101.577404,rapidbus_kl,,0.09635773852920429,8398.3046875,9.035904206107721
1007000,SA995 MRT SG BULOH,3.206685,101.580838,rapidbus_kl,,0.46012264550965315,6835.38720703125,8.830014684970635
1007001,SL552 STELLARS GROCER,3.211823,101.577405,rapidbus_kl,,0.0637266515599977,8398.3046875,9.035904206107721
1007018,SL565 SK SG BULOH (OPP),3.214882,101.577572,rapidbus_kl,,0.3135144949354726,8398.3046875,9.035904206107721
1007019,SL566 KG MELAYU BT 13,3.217213,101.57548,rapidbus_kl,,0.4472943255588175,7108.5859375,8.86919928446293
1007020,SL567 KG MELAYU BT 13,3.219551,101.573378,rapidbus_kl,,0.43218606612954874,7716.0361328125,8.95118564868229
1007021,SL568 KG MELAYU BT 13,3.221636,101.571512,rapidbus_kl,,0.25346181735711704,7716.0361328125,8.95118564868229
1007022,SL569 KG MELAYU BT 13,3.224005,101.569396,rapidbus_kl,,0.3995223140616674,7716.0361328125,8.95118564868229
1007023,SL570 DATARAN VILLA PUTRA,3.226471,101.567315,rapidbus_kl,,0.3572449629586157,8182.8330078125,9.009915902708292
1007024,SL571 PERINDUSTRIAN BRP 8/YAMAHA,3.229368,101.565277,rapidbus_kl,,0.4523615903898522,7695.505859375,8.948521720353678
1007025,SL572 PERUMAHAN BRP 7,3.229163,101.558528,rapidbus_kl,,0.3056149966238567,7695.505859375,8.948521720353678
1007556,SK BUKIT RAHMAN PUTRA,3.228004,101.552355,rapidbus_kl,,0.1037652906086709,3839.697021484375,8.25340914512129
1007558,PINGGIRAN RAHMAN PUTRA,3.232163,101.547729,rapidbus_kl,,0.5157517509651266,984.418212890625,6.893066132677668
1007560,TAMAN MASGENUINE,3.235197,101.542681,rapidbus_kl,,0.2976375973206485,1583.29931640625,7.367897516900913
1007563,SL332 SURAU KG SETIA KUANG,3.240179,101.535205,rapidbus_kl,,0.36321222067069825,2478.635009765625,7.815866654846346
1007564,SL333 TAMAN TASIK BIRU,3.248346,101.529429,rapidbus_kl,,0.3664520750152455,1279.843994140625,7.15527451004686
1007567,SL334 KG MELAYU KUNDANG,3.253873,101.525621,rapidbus_kl,,0.25517675265082396,2232.22119140625,7.711200302647071
1007568,SL335 DEWAN KG MELAYU KUNDANG,3.255324,101.525148,rapidbus_kl,,0.35365397166966933,2232.22119140625,7.711200302647071
1007570,SL320 SK SERI KUNDANG,3.257792,101.521001,rapidbus_kl,,0.47620272254405704,1483.757080078125,7.30300645541676
1007572,SL321 TAMAN RAHMAT JAYA KUNDANG,3.261615,101.519144,rapidbus_kl,,0.07133487056170983,1028.880126953125,6.93719769285191
1007574,SL322 KUNDANG LAKES COUNTRY CLUB,3.263061,101.517741,rapidbus_kl,,0.23157398254822179,1028.880126953125,6.93719769285191
1007576,SURAU KG BARU KUNDANG,3.273021,101.514333,rapidbus_kl,,0.44835004691830155,1529.83203125,7.333566677849225
1007577,PASAR KG BARU KUNDANG,3.279485,101.514363,rapidbus_kl,,0.35515342585820947,2151.81982421875,7.674533807944596
1007579,BANDAR TASIK PUTERI 2,3.292002,101.497113,rapidbus_kl,,0.47230169344954365,881.6306762695312,6.78290685293837
1007581,SL305 BANDAR TASIK PUTERI,3.285734,101.477179,rapidbus_kl,,0.1709296480141175,2291.794921875,7.73752684225769
1007583,SL140 SK TASIK PUTERI 2,3.281142,101.474555,rapidbus_kl,,0.4582243171919661,2568.5458984375,7.8514844690622
1007586,SMK BANDAR TASIK PUTERI,3.286627,101.472814,rapidbus_kl,,0.3622609964695707,2542.717529296875,7.841381884213856
1007588,PINEWOOD COURT (OPP),3.286554,101.469121,rapidbus_kl,,0.07808104755628634,2542.717529296875,7.841381884213856
1007590,PANGSAPURI AZALEA (OPP),3.292071,101.471757,rapidbus_kl,,0.44346735165529994,1081.064208984375,6.986625800514816
1007592,SIMPANG TASIK PUTERI,3.304976,101.472788,rapidbus_kl,,0.38100924776676565,542.1319580078125,6.29735230699916
1007593,SL133 SPG OC 8/9 BATU ARANG,3.309494,101.473225,rapidbus_kl,,0.49635825225344266,1272.7490234375,7.149719817853618
1007595,SL149 PEJABAT TM BATU ARANG,3.312266,101.473134,rapidbus_kl,,0.3947222672452407,1272.7490234375,7.149719817853618
1007596,SMK TUANKU ABDUL RAHMAN,3.318176,101.472706,rapidbus_kl,,0.42694028535023487,1135.9376220703125,7.036093630390083
1007616,SK BATU ARANG,3.320912,101.471247,rapidbus_kl,,0.19275483407273336,1135.9376220703125,7.036093630390083
1007617,SMK TUANKU ABDUL RAHMAN (OPP),3.317991,101.473166,rapidbus_kl,,0.4805896874673697,1135.9376220703125,7.036093630390083
1007594,SJKT BATU ARANG,3.311014,101.473461,rapidbus_kl,,0.44662539140213176,1272.7490234375,7.149719817853618
1007591,SL190 SIMPANG TASIK PUTERI,3.304661,101.472862,rapidbus_kl,,0.377835273922437,542.1319580078125,6.29735230699916
1007589,PANGSAPURI AZALEA,3.292408,101.472296,rapidbus_kl,,0.4501628987402701,1081.064208984375,6.986625800514816
1007587,SL187 PINEWOOD COURT,3.286494,101.469644,rapidbus_kl,,0.06590194046452455,2542.717529296875,7.841381884213856
1007585,SL131 SMK BANDAR TASIK PUTERI,3.286567,101.473069,rapidbus_kl,,0.39123356282077243,2542.717529296875,7.841381884213856
1007584,SK TASIK PUTERI 2 (OPP),3.281414,101.474563,rapidbus_kl,,0.4757204964002222,2568.5458984375,7.8514844690622
1007582,BANDAR TASIK PUTERI 8,3.285609,101.476884,rapidbus_kl,,0.20003694778729594,2291.794921875,7.73752684225769
1007580,BANDAR TASIK PUTERI 2 (OPP),3.292109,101.496954,rapidbus_kl,,0.45229571217434095,881.6306762695312,6.78290685293837
1007578,SL402 PASAR KG BARU KUNDANG,3.279466,101.514562,rapidbus_kl,,0.37623409077019765,2151.81982421875,7.674533807944596
1007575,SL400 KG BARU KUNDANG,3.272512,101.514406,rapidbus_kl,,0.420781269029981,1529.83203125,7.333566677849225
1007573,SL324 TAMAN RAHMAT JAYA KUNDANG,3.261629,101.519313,rapidbus_kl,,0.05875739879378645,1028.880126953125,6.93719769285191
1007571,SL327 SK SERI KUNDANG (OPP),3.257952,101.521636,rapidbus_kl,,0.5128358522412277,1028.880126953125,6.93719769285191
1007569,SL328 DEWAN KG MELAYU KUNDANG,3.255247,101.525477,rapidbus_kl,,0.31785606889971674,2232.22119140625,7.711200302647071
1007566,SL329 KG MELAYU KUNDANG,3.254025,101.526136,rapidbus_kl,,0.19998631294588917,2232.22119140625,7.711200302647071
1007565,SL330 TAMAN TASIK BIRU,3.248641,101.52948,rapidbus_kl,,0.39832744887248744,1279.843994140625,7.15527451004686
1007562,SL331 KG SETIA KUANG,3.240554,101.535148,rapidbus_kl,,0.40481432127868927,2478.635009765625,7.815866654846346
1007561,(M) KOMERSIAL MASGENUINE SQUARE,3.236451,101.540735,rapidbus_kl,,0.43293992540746995,1583.29931640625,7.367897516900913
1007559,PINGGIRAN RAHMAN PUTRA,3.232423,101.547665,rapidbus_kl,,0.5327901492107264,984.418212890625,6.893066132677668
1007557,SK BUKIT RAHMAN PUTRA (OPP),3.228193,101.552937,rapidbus_kl,,0.06199984377179908,3839.697021484375,8.25340914512129
1007555,KOMERSIAL BRP 7,3.229409,101.558461,rapidbus_kl,,0.3181354522932155,7695.505859375,8.948521720353678
1007554,SL596 SPG BRP 8/2,3.230569,101.564936,rapidbus_kl,,0.45650131874410277,7695.505859375,8.948521720353678
1007553,SL597 TAMAN PERINDUSTRIAN BRP 8/DAIKIN,3.228646,101.565893,rapidbus_kl,,0.40981492049311413,8182.8330078125,9.009915902708292
1007552,SL598 TAMAN VILLA PUTRA,3.226541,101.567568,rapidbus_kl,,0.33224110818390373,8182.8330078125,9.009915902708292
1007551,SL607 SK SG BULOH,3.215013,101.577659,rapidbus_kl,,0.32699234067204014,8398.3046875,9.035904206107721
1007003,SL553 SK SG BULOH,3.214774,101.578807,rapidbus_kl,,0.315087033836956,8398.3046875,9.035904206107721
1007005,SL554 HOSPITAL SG BULOH PINTU C (OPP),3.217734,101.581396,rapidbus_kl,,0.4880946874590236,7108.5859375,8.86919928446293
1007007,SL555 HOSPITAL SG BULOH UTAMA (OPP),3.220775,101.583395,rapidbus_kl,,0.3194085170063355,6375.0126953125,8.760298211577306
1007009,SL556 KOLEJ SAINS KESIHATAN (OPP),3.221372,101.58745,rapidbus_kl,,0.17041113200999117,6375.0126953125,8.760298211577306
1007011,SL557 UITM SG BULOH,3.21966,101.593327,rapidbus_kl,,0.16286322883408647,4643.740234375,8.443490725975861
1001404,SL315 KEPONG INDUSTRIAL PARK,3.206837,101.607239,rapidbus_kl,,0.5622004308214684,9090.7783203125,9.115125802835388
1000499,SL316 TAMAN WANGSA PERMAI/COCOMART,3.208377,101.611257,rapidbus_kl,,0.4121478356966254,6294.11279296875,8.747528864184286
1003213,SL312 DESA AMAN PURI (SELATAN),3.208862,101.614937,rapidbus_kl,,0.5439748107968242,6294.11279296875,8.747528864184286
1007597,SL623 SK AMANPURI,3.216236,101.613845,rapidbus_kl,,0.5442640324931188,6294.11279296875,8.747528864184286
1007598,SL624 APARTMENT DESA SATU,3.214185,101.615035,rapidbus_kl,,0.4808507429752639,6294.11279296875,8.747528864184286
1000074,SL1 APARTMENT DESA DUA,3.212391,101.615622,rapidbus_kl,,0.44107128079522284,8614.427734375,9.061309797685983
1000547,SL2 DESA AMAN PURI (UTARA),3.211352,101.616918,rapidbus_kl,,0.3068402624853377,8614.427734375,9.061309797685983
1007600,SL628 PADANG BOLA TAMAN EHSAN,3.218822,101.621881,rapidbus_kl,,0.3107099639584738,6063.08984375,8.710139743134286
1007601,SL629 PASAR MODEN TAMAN EHSAN,3.220915,101.624777,rapidbus_kl,,0.35289388942271116,8435.4375,9.040315401325524
1007602,SL630 PERUMAHAN TAMAN EHSAN JLN E5/1,3.223003,101.627665,rapidbus_kl,,0.2889154784795714,8435.4375,9.040315401325524
1007604,SL631 PERUMAHAN TAMAN EHSAN JLN E5/1,3.224206,101.631003,rapidbus_kl,,0.5430977928035133,8435.4375,9.040315401325524
1007606,SL632 KG KEPONG ULU,3.224597,101.633144,rapidbus_kl,,0.5763206543188552,6440.287109375,8.770483660832902
1007608,SL633 SMK KEPONG (OPP),3.226353,101.635487,rapidbus_kl,,0.2796781237742946,6440.287109375,8.770483660832902
1000811,SL16 FRIM,3.227907,101.63771,rapidbus_kl,,0.18728892914838924,6440.287109375,8.770483660832902
1003234,SL634 KUARTERS FRIM,3.233569,101.640526,rapidbus_kl,,0.5963016148943466,9007.7587890625,9.105952581852161
1007611,SL523 SK SELAYANG UTAMA,3.235677,101.64116,rapidbus_kl,,0.4109322617864192,9007.7587890625,9.105952581852161
1000368,SL524 BOMBA BANDAR SELAYANG,3.254808,101.655816,rapidbus_kl,,0.34273092861916943,9788.3564453125,9.18905099744072
1007612,SL517 TAMAN SELAYANG (BARAT),3.235584,101.6414,rapidbus_kl,,0.3907261493773726,9007.7587890625,9.105952581852161
1007610,SL639 PARAGON UTAMA,3.233444,101.6408,rapidbus_kl,,0.5832298057939211,9007.7587890625,9.105952581852161
1000810,SL518 TAMAN KEPONG INDAH,3.227875,101.63797,rapidbus_kl,,0.21435942910053918,6440.287109375,8.770483660832902
1007609,SMK KEPONG,3.226183,101.635549,rapidbus_kl,,0.2958657499433919,6440.287109375,8.770483660832902
1007607,KG KEPONG ULU,3.224797,101.633742,rapidbus_kl,,0.5203150166464988,6440.287109375,8.770483660832902
1007605,PERUMAHAN TAMAN EHSAN JLN E5/2,3.223948,101.631299,rapidbus_kl,,0.5433285918663026,8435.4375,9.040315401325524
1007603,PERUMAHAN TAMAN EHSAN JLN E5/2,3.222961,101.627926,rapidbus_kl,,0.28289746912539593,8435.4375,9.040315401325524
1000641,SL6 TAMAN EHSAN (TIMUR),3.220164,101.624017,rapidbus_kl,,0.4338066689798929,8435.4375,9.040315401325524
1002312,SL7 TAMAN EHSAN (SELATAN),3.218421,101.621584,rapidbus_kl,,0.31401650772954515,6063.08984375,8.710139743134286
1000500,SL209 TAMAN WANGSA PERMAI/COCOMART (OPP),3.208317,101.611406,rapidbus_kl,,0.4191784720855168,6294.11279296875,8.747528864184286
1007599,SL616 MAS KIPARK DAMANSARA,3.207006,101.608651,rapidbus_kl,,0.4629223474320992,9090.7783203125,9.115125802835388
1008051,BANDAR BANTING BARU,2.817379,101.454654,rapidbus_kl,,0.38903927538839395,1571.8896484375,7.3606697470293785
1008052,KG SG RABA,2.820547,101.44684,rapidbus_kl,,0.25108708210769076,573.2079467773438,6.3529916073288195
1008053,KOLEJ MATRIKULASI SELANGOR,2.823137,101.444143,rapidbus_kl,,0.30638646190212765,573.2079467773438,6.3529916073288195
1008054,KG KATHONG,2.826557,101.440588,rapidbus_kl,,0.506282613880972,385.4415283203125,5.956980571512394
1008063,TAMAN DESA PERMATANG JAYA,2.829783,101.43741,rapidbus_kl,,0.17261810072926703,153.32833862304688,5.039082401760822
1008064,PEKAN PERMATANG PASIR,2.829783,101.43741,rapidbus_kl,,0.17261810072926703,153.32833862304688,5.039082401760822
1008065,PEKAN CHODOI,2.841812,101.441148,rapidbus_kl,,0.5533530868190298,372.5956115722656,5.9231739599587865
1008066,TAMAN CHODOI BESTARI,2.843904,101.444766,rapidbus_kl,,0.16944663201143476,372.5956115722656,5.9231739599587865
1008055,SM SAINS BANTING,2.827845,101.44786,rapidbus_kl,,0.37761055435912244,385.4415283203125,5.956980571512394
1008056,KUARTERS TUDM,2.824435,101.449289,rapidbus_kl,,0.6015905796101129,1571.8896484375,7.3606697470293785
1008057,REJIMEN TUDM,2.82063,101.450658,rapidbus_kl,,0.2519214574234707,1571.8896484375,7.3606697470293785
1008050,SK JUGRA,2.819281,101.456218,rapidbus_kl,,0.3878329701479035,1571.8896484375,7.3606697470293785
1008048,ILP KUALA LANGAT,2.81946,101.463326,rapidbus_kl,,0.2539669987779412,1308.4998779296875,7.177400570728738
1008046,IKBN KUALA LANGAT,2.819503,101.471632,rapidbus_kl,,0.24922636529688413,903.060302734375,6.8068960647319665
1008043,SPG JLN SERDANG BELAH,2.816309,101.479818,rapidbus_kl,,0.503239753443561,577.9177856445312,6.3611604737854615
1008044,MADINA SEAFOOD,2.812899,101.487983,rapidbus_kl,,0.21279865097235387,1512.80859375,7.322384001797783
1008040,KLINIK 1MALAYSIA BANTING,2.811715,101.490914,rapidbus_kl,,0.4095314880695466,2092.9892578125,7.646826261432844
1008036,PPD KUALA LANGAT,2.811896,101.495725,rapidbus_kl,,0.1285411687727158,2092.9892578125,7.646826261432844
1008067,AEON CREDIT BANTING,2.81267,101.498795,rapidbus_kl,,0.46233480267074956,2461.74755859375,7.80903289940193
1008037,INDAH PESONA,2.813592,101.502695,rapidbus_kl,,0.16952499639646265,2461.74755859375,7.80903289940193
1008024,ECONSAVE BANTING,2.812005,101.506457,rapidbus_kl,,0.39333386975167184,2461.74755859375,7.80903289940193
1008025,STESEN BAS BANTING,2.812327,101.502269,rapidbus_kl,,0.07681553032469436,2461.74755859375,7.80903289940193
1008026,SPG JLN KEMBOJA 15,2.807698,101.500398,rapidbus_kl,,0.5205022272923017,1221.4849853515625,7.108640939352592
1008027,IPD KUALA LANGAT (OPP),2.804882,101.494917,rapidbus_kl,,0.13120584282411038,2404.755859375,7.785619419804572
1008028,PEJABAT MDKL,2.803772,101.496001,rapidbus_kl,,0.15751115902518248,2404.755859375,7.785619419804572
1008029,MEDAN SELERA MDKL,2.803143,101.497806,rapidbus_kl,,0.36427094936744986,2404.755859375,7.785619419804572
1008030,TAMAN KEMUNING,2.80263,101.499276,rapidbus_kl,,0.4230484283645218,1221.4849853515625,7.108640939352592
1008031,KG SG LANG,2.797989,101.493662,rapidbus_kl,,0.30374744683963667,1376.62255859375,7.228114508825216
1008032,SHENG LEONG CYCLE,2.799865,101.492586,rapidbus_kl,,0.48561739452663166,2404.755859375,7.785619419804572
1008033,HOSPITAL BANTING,2.802581,101.493712,rapidbus_kl,,0.16204491343640076,2404.755859375,7.785619419804572
1008034,IPD KUALA LANGAT,2.805828,101.495044,rapidbus_kl,,0.23664778988592225,2404.755859375,7.785619419804572
1008060,SJKC CHOONG HUA,2.807198,101.498096,rapidbus_kl,,0.5469998377080949,2404.755859375,7.785619419804572
1008061,RESTORAN NAFIH,2.811125,101.501598,rapidbus_kl,,0.1810954156089927,2461.74755859375,7.80903289940193
1008062,7 ELEVEN BANTING,2.812761,101.500472,rapidbus_kl,,0.28172168859855806,2461.74755859375,7.80903289940193
1008035,MYCINEMA BANTING,2.812001,101.497041,rapidbus_kl,,0.2731490495762368,2092.9892578125,7.646826261432844
1008038,MASJID AT-TAQWA BANTING,2.81117,101.491958,rapidbus_kl,,0.3087188015590023,2092.9892578125,7.646826261432844
1008039,TAMAN MULIA,2.811816,101.490344,rapidbus_kl,,0.455699751394385,1512.80859375,7.322384001797783
1008041,TAMAN SERI PUTRA,2.813293,101.486708,rapidbus_kl,,0.14380047264659823,1512.80859375,7.322384001797783
1008042,SPG JLN SERDANG BELAH,2.815634,101.481094,rapidbus_kl,,0.529543193813151,551.6896362304688,6.314796607497262
1008045,IKBN KUALA LANGAT (OPP),2.819256,101.471548,rapidbus_kl,,0.2535566637856954,903.060302734375,6.8068960647319665
1008047,ILP KUALA LANGAT (OPP),2.81922,101.463654,rapidbus_kl,,0.29835904678518094,1308.4998779296875,7.177400570728738
1008049,SK JUGRA (OPP),2.819161,101.455971,rapidbus_kl,,0.3668753580326262,1571.8896484375,7.3606697470293785
1003078,SA786 HENTIAN BANDAR SEKSYEN 14,3.0724427493567,101.52135232628,rapidbus_kl,,0.29890488969617607,4547.896484375,8.422639951623026
1008399,SA855 WISMA MBSA (OPP),3.072952,101.520611,rapidbus_kl,,0.3041299217307577,4547.896484375,8.422639951623026
1008075,SA854 KOMPLEKS PKNS SHAH ALAM,3.072057,101.51693,rapidbus_kl,,0.34645623814743465,4547.896484375,8.422639951623026
1006643,SA856 WISMA MBSA,3.073127,101.519848,rapidbus_kl,,0.3027874585805781,4547.896484375,8.422639951623026
1000936,SA19 MARDHIYYAH HOTEL & SUITES,3.073544,101.522647,rapidbus_kl,,0.48647632554803333,4547.896484375,8.422639951623026
1006644,SA367 DATARAN KEMERDEKAAN,3.076122,101.524897,rapidbus_kl,,0.4447398584465737,6941.37646484375,8.845399424977806
1006645,MASJID NEGERI,3.080282,101.522521,rapidbus_kl,,0.36801526290788705,4459.5419921875,8.403025560542794
1006646,PLAZA SHAH ALAM,3.084918,101.524087,rapidbus_kl,,0.4886297077182753,4323.09619140625,8.371958424442802
1006648,SA48 KOMERSIAL SEKSYEN 9,3.0817,101.527199,rapidbus_kl,,0.3375337756720258,6941.37646484375,8.845399424977806
1008077,DEWAN JENJAROM (OPP),3.077527,101.529932,rapidbus_kl,,0.26190239978100277,6941.37646484375,8.845399424977806
1006649,PUSAT AKUATIK SEKSYEN 13,3.07289,101.537945,rapidbus_kl,,0.3332608107848439,7055.205078125,8.861662661624386
1006650,SA255 PUSAT KOMERSIAL WORLDWIDE (OPP),3.072882,101.540999,rapidbus_kl,,0.4832138251213118,6622.10791015625,8.798320011596433
1006654,AEON MALL SHAH ALAM,3.076201,101.549344,rapidbus_kl,,0.4875201470972815,4588.93896484375,8.431622005546517
1008079,MSU (OPP),3.080878,101.550824,rapidbus_kl,,0.33158693537789713,4588.93896484375,8.431622005546517
1006655,(M) SA237 PANGSAPURI PERDANA,3.085738,101.548798,rapidbus_kl,,0.48112129263563935,4877.5146484375,8.492596077195438
1006657,SA247 PUSAT KOMERSIAL SEKSYEN 13,3.089024,101.544988,rapidbus_kl,,0.2204081959871871,6159.34521484375,8.725888096328045
1006658,SA242 METIA RESIDENCES,3.090292,101.547757,rapidbus_kl,,0.5014843567718046,6159.34521484375,8.725888096328045
1006659,SA752 POLITEKNIK SSAAS,3.085087,101.554651,rapidbus_kl,,0.2939141632772132,4877.5146484375,8.492596077195438
1006660,CONDOMINIUM PRIMA U1,3.078767,101.555312,rapidbus_kl,,0.26601491814423334,4588.93896484375,8.431622005546517
1006661,SJ574 APARTMENT INDAHRIA,3.072656,101.556539,rapidbus_kl,,0.47307167444781667,5275.54443359375,8.571026699111176
1006662,KTM BATU 3,3.075738,101.559838,rapidbus_kl,,0.369799635928595,5320.2763671875,8.579468472204082
1001482,SJ573 KILANG GULA CSR,3.071667,101.556446,rapidbus_kl,,0.4158462929863151,5275.54443359375,8.571026699111176
1008216,SA132 AVENUE CREST (OPP),3.067927,101.556176,rapidbus_kl,,0.4556927221009993,5275.54443359375,8.571026699111176
1000643,SA133 KG KEBUN BUNGA (UTARA),3.064447,101.556596,rapidbus_kl,,0.48580521985092195,4548.7958984375,8.422837653452605
1001046,SA962 KG KEBUN BUNGA (SELATAN),3.0619621588086,101.55697246259,rapidbus_kl,,0.4505860845346814,4548.7958984375,8.422837653452605
1008218,SA946 MASJID FASTABIQUL,3.059446,101.556919,rapidbus_kl,,0.5324914712300781,4548.7958984375,8.422837653452605
1002506,SA961 SEKSYEN 22/PETRONAS,3.0575857155066,101.55630435158,rapidbus_kl,,0.5687018799134201,6023.7001953125,8.703622997006672
1008219,SA384 SEKSYEN 22,3.057551,101.555891,rapidbus_kl,,0.5363929334036676,6023.7001953125,8.703622997006672
1002507,SA385 KG KEBUN BUNGA/PETRONAS,3.0618238253554,101.55666669176,rapidbus_kl,,0.4174323986954499,4548.7958984375,8.422837653452605
1006666,SA131 KG KEBUN BUNGA/PETRON,3.064131,101.556343,rapidbus_kl,,0.4434026668404428,4548.7958984375,8.422837653452605
1006667,SA386 AVENUE CREST,3.068578,101.555871,rapidbus_kl,,0.38658108354184734,5275.54443359375,8.571026699111176
1006668,POLITEKNIK SSAAS (OPP),3.085034,101.554275,rapidbus_kl,,0.27330790362998886,4877.5146484375,8.492596077195438
1008080,MSU,3.08106,101.551028,rapidbus_kl,,0.3315488592126043,4588.93896484375,8.431622005546517
1006671,AEON MALL SHAH ALAM (OPP),3.076535,101.549554,rapidbus_kl,,0.447265878103286,4588.93896484375,8.431622005546517
1006651,SA254 PUSAT KOMERSIAL WORLDWIDE,3.072874,101.54119,rapidbus_kl,,0.46538108036375425,6622.10791015625,8.798320011596433
1006669,PUSAT AKUATIK,3.074305,101.537447,rapidbus_kl,,0.4523223269805677,7055.205078125,8.861662661624386
1008078,DEWAN JENJAROM,3.077083,101.529777,rapidbus_kl,,0.2775837245884739,6941.37646484375,8.845399424977806
1006670,SA22 SMA TENGKU AMPUAN JEMAAH,3.078832,101.526053,rapidbus_kl,,0.20708717953939326,6941.37646484375,8.845399424977806
1000212,SA368 BALAI POLIS SEKSYEN 11,3.076223,101.525138,rapidbus_kl,,0.41728860836683174,6941.37646484375,8.845399424977806
1004249,SA18 WISMA PKPS,3.0733481810602,101.52298177514,rapidbus_kl,,0.49866373378878703,4547.896484375,8.422639951623026
1006656,TERMINAL BAS SEMENTARA SEKSYEN 13,3.085102,101.546549,rapidbus_kl,,0.3101650390987295,6159.34521484375,8.725888096328045
1003358,SA498 MONFORT (OPP),3.091446,101.554254,rapidbus_kl,,0.4658529076885699,5593.4326171875,8.629527206700757
1002475,SA499 PANGSAPURI SRI MELEWAR (OPP),3.094844,101.555592,rapidbus_kl,,0.3038455056044708,5593.4326171875,8.629527206700757
1006799,KOMPLEKS SMS (OPP),3.098266,101.556849,rapidbus_kl,,0.5394822936387562,5593.4326171875,8.629527206700757
1006772,PANGSAPURI JAYA (OPP),3.099265,101.556041,rapidbus_kl,,0.5508762772635619,5593.4326171875,8.629527206700757
1006773,PANGSAPURI ILHAM,3.101328,101.551938,rapidbus_kl,,0.2904133251247398,5145.5439453125,8.546080689803665
1006774,SMK TTDI JAYA,3.104295,101.555493,rapidbus_kl,,0.2924421312266114,5145.5439453125,8.546080689803665
1006775,MASJID AL ITISAM,3.104895,101.557741,rapidbus_kl,,0.40983719529198676,3303.96875,8.103182296870434
1003305,SA502 SK TTDI JAYA,3.106748,101.557961,rapidbus_kl,,0.4944115239560458,3303.96875,8.103182296870434
1001454,SA503 SEKSYEN U8,3.110007,101.556793,rapidbus_kl,,0.48845748562018826,5277.69921875,8.57143498626345
1003583,(M) SA504 SPACE U8 MALL (OPP),3.111028,101.552936,rapidbus_kl,,0.11738975054714719,5277.69921875,8.57143498626345
1000374,SA505 BOMBA BUKIT JELUTONG (OPP),3.109506,101.54579,rapidbus_kl,,0.3163951128575435,4209.5615234375,8.345351296271025
1000024,SA506 BUKIT JELUTONG (TIMUR),3.108723,101.542355,rapidbus_kl,,0.4481340457266682,4209.5615234375,8.345351296271025
1006776,RADIA GALLERY,3.10161,101.537597,rapidbus_kl,,0.28109643084579555,3679.743896484375,8.210870156518068
1006786,RADIA RESIDENCE (OPP),3.099553,101.534339,rapidbus_kl,,0.5064852470527245,3256.435302734375,8.088695447783923
1006777,KOMERSIAL BUKIT JELUTONG,3.103535,101.527638,rapidbus_kl,,0.03907939031046351,4701.66455078125,8.455884552754627
1006779,SK BUKIT JELUTONG (OPP),3.106572,101.530935,rapidbus_kl,,0.4591228893672581,4701.66455078125,8.455884552754627
1006781,SMK BUKIT JELUTONG (OPP),3.108719,101.531197,rapidbus_kl,,0.5221609573557925,5404.7412109375,8.59521685497977
1007720,SA517 KOMERSIAL D'PANGKIN,3.114439,101.526866,rapidbus_kl,,0.2867032880153512,5404.7412109375,8.59521685497977
1006782,SMK BUKIT JELUTONG,3.10859,101.531283,rapidbus_kl,,0.5391087918222084,5404.7412109375,8.59521685497977
1006780,SK BUKIT JELUTONG,3.106441,101.531056,rapidbus_kl,,0.45940336155887146,4701.66455078125,8.455884552754627
1006778,PUSAT KOMERSIAL D'BAYU,3.103596,101.528472,rapidbus_kl,,0.06404138335831831,4701.66455078125,8.455884552754627
1006787,RADIA RESIDENCE,3.099815,101.534463,rapidbus_kl,,0.4804388516816314,3679.743896484375,8.210870156518068
1002788,SA507 BUKIT JELUTONG (TIMUR),3.108941,101.542117,rapidbus_kl,,0.44392305104840724,4209.5615234375,8.345351296271025
1000373,SA508 BOMBA BUKIT JELUTONG,3.10972,101.545546,rapidbus_kl,,0.2837327426690453,4209.5615234375,8.345351296271025
1003582,(M) SA509 SPACE U8 MALL,3.111287,101.552773,rapidbus_kl,,0.08998702730755584,5277.69921875,8.57143498626345
1001455,SA510 SEKSYEN U8,3.110506,101.556772,rapidbus_kl,,0.4626489454726934,5277.69921875,8.57143498626345
1002731,SA511 SK TTDI JAYA (OPP),3.106391,101.558471,rapidbus_kl,,0.42591934043221635,3303.96875,8.103182296870434
1006571,MASJID AL ITISAM (OPP),3.104756,101.557517,rapidbus_kl,,0.4292632113756735,3303.96875,8.103182296870434
1006572,SMK TTDI JAYA (OPP),3.104041,101.555373,rapidbus_kl,,0.2746849482929434,5145.5439453125,8.546080689803665
1006573,PANGSAPURI ILHAM (OPP),3.101305,101.552053,rapidbus_kl,,0.28829372427841443,5145.5439453125,8.546080689803665
1006570,PANGSAPURI JAYA,3.099353,101.556136,rapidbus_kl,,0.5651238117016208,5593.4326171875,8.629527206700757
1006800,KOMPLEKS SMS,3.09819,101.557103,rapidbus_kl,,0.5541307433657153,6052.4111328125,8.70837721574145
1002476,SA514 PANGSAPURI SRI MELEWAR,3.0947572622693,101.55584152941,rapidbus_kl,,0.3329774338223874,5593.4326171875,8.629527206700757
1003359,SA515 MONFORT,3.091436,101.554662,rapidbus_kl,,0.4832305217309671,5593.4326171875,8.629527206700757
1006566,SA985 BRUNSFIELD RIVERVIEW,3.080616,101.553383,rapidbus_kl,,0.21384254033557762,4588.93896484375,8.431622005546517
1000861,SA947 GIANT SEKSYEN 13,3.085394,101.54981,rapidbus_kl,,0.3927473097780516,4877.5146484375,8.492596077195438
1008221,PERUMAHAN PINGGIRAN USJ,3.052927,101.555519,rapidbus_kl,,0.3031489561612393,6023.7001953125,8.703622997006672
1003357,SJ587 KOLEJ VOKASIONAL SHAH ALAM,3.0477495997066,101.5533577906,rapidbus_kl,,0.2639810061035132,6302.76220703125,8.748901909860406
1002751,SJ588 SIME UEP,3.044406549994,101.55057678395,rapidbus_kl,,0.2830230383141851,6302.76220703125,8.748901909860406
1005063,PPR KG BARU HICOM,3.037035,101.543886,rapidbus_kl,,0.0775750493222337,4847.9716796875,8.48652193664439
1000651,SA127 TAMAN PERINDUSTRIAN SUBANG UTAMA,3.040397,101.546612,rapidbus_kl,,0.4318691195212446,4847.9716796875,8.48652193664439
1001752,SA128 TAMAN PERINDUSTRIAN (UTARA),3.044452,101.545823,rapidbus_kl,,0.17455731216593792,5749.904296875,8.65711239044766
1001566,SA462 SEKSYEN 20 (TIMUR),3.0551123911709,101.54269314337,rapidbus_kl,,0.25879444525970846,5344.91357421875,8.584087730129493
1006638,SA459 HOSPITAL KPJ,3.056779,101.540854,rapidbus_kl,,0.5337257081266642,5344.91357421875,8.584087730129493
1008222,PERUMAHAN SEKSYEN 20,3.056032,101.538522,rapidbus_kl,,0.35782918094704974,6481.46826171875,8.77685662140681
1008223,PERUMAHAN SEKSYEN 19,3.052536,101.536149,rapidbus_kl,,0.13547361560657611,6481.46826171875,8.77685662140681
1006637,SA446 HOTEL DE PALMA (OPP),3.050311,101.535464,rapidbus_kl,,0.39224369646794593,6481.46826171875,8.77685662140681
1000536,SA456 PUSAT PERNIAGAAN JUBLI PERAK,3.0490685211587,101.53708882392,rapidbus_kl,,0.4166015366368476,6048.10498046875,8.70766560296851
1008224,PUSAT PERNIAGAAN SURI PUTRI,3.051006,101.540037,rapidbus_kl,,0.5195825202171812,6481.46826171875,8.77685662140681
1003757,SA461 HENTIAN JUBLI PERAK,3.0521086003269,101.54180352842,rapidbus_kl,,0.35855904026543095,5344.91357421875,8.584087730129493
1001753,(M) SA129 TAMAN PERINDUSTRIAN (UTARA),3.043785,101.546307,rapidbus_kl,,0.26376821224094116,5749.904296875,8.65711239044766
1000302,SA130 BHP/MCD (SELATAN),3.040343,101.547071,rapidbus_kl,,0.4557257824267221,4847.9716796875,8.48652193664439
1002750,SJ589 SIME UEP,3.0444537728179,101.55031434331,rapidbus_kl,,0.3081216634975948,6302.76220703125,8.748901909860406
1003356,SJ638 SM TEKNIK VOKASIONAL (OPP),3.0478713452406,101.55306493489,rapidbus_kl,,0.27342491887934356,6302.76220703125,8.748901909860406
1000050,AISB,3.0511971457509,101.5551150906,rapidbus_kl,,0.37443401067863863,6023.7001953125,8.703622997006672
1008220,SJ585 TAMAN PERINDUSTRIAN LION,3.053458,101.555385,rapidbus_kl,,0.27603909554635375,6023.7001953125,8.703622997006672
1008217,KG KEBUN BUNGA SEKSYEN 22,3.065138,101.556186,rapidbus_kl,,0.4971593129372893,4548.7958984375,8.422837653452605
1006540,SJ533 LRT ALAM MEGAH,3.023277,101.572424,rapidbus_kl,,0.4479595590021113,6540.72802734375,8.785956633914623
1003297,SK HICOM,3.0271745077661,101.56998761079,rapidbus_kl,,0.18087870485624769,6979.94970703125,8.850940247680198
1008225,SA50 SRI IXORA APARTMENT,3.028091,101.568615,rapidbus_kl,,0.13009457926930057,6979.94970703125,8.850940247680198
1000443,SA120 TAMAN BUKIT SAGA,3.0314345209961,101.56936023913,rapidbus_kl,,0.29950605973345307,6979.94970703125,8.850940247680198
1000812,SA121 PROTON HICOM (TIMUR),3.034298,101.564048,rapidbus_kl,,0.43873717453893857,6346.109375,8.755754771708803
1001838,SA122 I-PARC,3.0351388518713,101.55991458153,rapidbus_kl,,0.2621714183423928,6346.109375,8.755754771708803
1000618,SA124 PROTON HICOM,3.0355074868275,101.55797791479,rapidbus_kl,,0.40334538937246883,6346.109375,8.755754771708803
1008226,METHODIST CAC,3.004453,101.545783,rapidbus_kl,,0.1544820581039691,4681.3818359375,8.451562198748896
1008227,SA178 PERUMAHAN ANGGERIK (UTARA),3.003629,101.548087,rapidbus_kl,,0.38933190010667756,4681.3818359375,8.451562198748896
1008228,SA179 SURAU AN-NAJIHIN,2.999948,101.550929,rapidbus_kl,,0.4769096084142812,4201.92724609375,8.343536524860948
1008229,SA180 PERUMAHAN ANGGERIK (TIMUR),2.994048,101.549682,rapidbus_kl,,0.3900667040586748,2675.275146484375,7.892181236023925
1002178,SA214 PANGSAPURI SRI KEMUNING (BARAT),2.990915,101.548514,rapidbus_kl,,0.6099668226876086,5232.53564453125,8.562842360111766
1000337,SA182 PANGSAPURI SRI NERVILLA,2.986482316293,101.54955156799,rapidbus_kl,,0.3795633309806921,2681.51904296875,7.894511573442843
1008230,SA183 SRI NERVILLIA,2.984285,101.549171,rapidbus_kl,,0.5194215177990885,2681.51904296875,7.894511573442843
1002661,SA188 KOTA KEMUNING INDUSTRIAL PARK,2.9819555182849,101.54712558236,rapidbus_kl,,0.45469971126766245,4551.53466796875,8.42343942672241
1003817,SA189 KEMUNING GREENVILLE (SELATAN),2.9803039831074,101.53789540224,rapidbus_kl,,0.2514969839694902,4269.13671875,8.359401124152713
1000495,SA190 GREENVILLE (UTARA),2.9840926966876,101.53583964718,rapidbus_kl,,0.3356665588905766,4039.039794921875,8.30400982113487
1000817,SA191 MERANTI TERRACE,2.9869113186898,101.53540642002,rapidbus_kl,,0.09556855099596195,4039.039794921875,8.30400982113487
1002798,SA193 SMK KOTA KEMUNING (UTARA),2.9859331922853,101.54094875077,rapidbus_kl,,0.42334085519991105,5232.53564453125,8.562842360111766
1008247,SA199 KOTA KEMUNING HILLS (SELATAN),2.986524,101.540134,rapidbus_kl,,0.4358022828379316,4039.039794921875,8.30400982113487
1000816,SA200 MERANTI TERRACE,2.9865863714949,101.53531996678,rapidbus_kl,,0.11710073312031566,4039.039794921875,8.30400982113487
1008246,SA221 SJKC CHUNG HUA KOTA KEMUNING,2.989023,101.532389,rapidbus_kl,,0.4798846639761596,4039.039794921875,8.30400982113487
1008231,SK BUKIT RIMAU,2.992453,101.527444,rapidbus_kl,,0.3337127465104999,5437.98095703125,8.601346998227504
1008232,SHAH ALAM BUDDIST SOCIETY,2.995721,101.526651,rapidbus_kl,,0.14451236469510123,5437.98095703125,8.601346998227504
1008498,SA169 CHINESE TAIPEI SCHOOL (OPP),2.998171,101.527441,rapidbus_kl,,0.31076038407110274,5437.98095703125,8.601346998227504
1008495,AEON BIG BUKIT RIMAU (OPP),2.999288,101.527879,rapidbus_kl,,0.4304708712290459,5437.98095703125,8.601346998227504
1008496,GEO BUKIT RIMAU,3.000737,101.526674,rapidbus_kl,,0.3623376325525496,5216.97412109375,8.559864506139292
1008497,PUSAT KOMERSIAL BUKIT RIMAU,2.998918,101.526166,rapidbus_kl,,0.43512675108105797,5437.98095703125,8.601346998227504
1008236,GAMUDA WALK MALL (OPP),3.000923,101.532826,rapidbus_kl,,0.49330894276909565,4467.09912109375,8.404718344610371
1001858,SA170 CANAL GARDEN,3.003345006784,101.53361888346,rapidbus_kl,,0.2955751002444623,4467.09912109375,8.404718344610371
1001567,SA171 KOTA KEMUNING BUSINESS PARK,3.0033833659642,101.53836641213,rapidbus_kl,,0.23856776397955143,4467.09912109375,8.404718344610371
1008237,SA894 KOTA KEMUNING CENTRAL LAKE,3.002597,101.540143,rapidbus_kl,,0.4509468458034647,4467.09912109375,8.404718344610371
1000619,SA130 PROTON HICOM (BARAT),3.0358864026082,101.55771576987,rapidbus_kl,,0.4143567731923526,6346.109375,8.755754771708803
1000912,SA137 SEKSYEN 26 (TIMUR),3.0351256496585,101.56147935984,rapidbus_kl,,0.21919581536384214,6346.109375,8.755754771708803
1000825,SA139 PROTON HICOM (TIMUR),3.034469,101.565662,rapidbus_kl,,0.5235190454955304,6547.00244140625,8.786915311338582
1000316,SA140 TAMAN BUKIT SAGA,3.0315394160238,101.56965452364,rapidbus_kl,,0.31024911789966675,6979.94970703125,8.850940247680198
1003298,SK HICOM (OPP),3.027013,101.570212,rapidbus_kl,,0.20540865592127686,6979.94970703125,8.850940247680198
1006519,PJ671 LRT LEMBAH SUBANG,3.112072,101.590682,rapidbus_kl,,0.43312671896939814,7739.39111328125,8.954207496738789
1006174,MENARA PRASARANA,3.113323,101.584889,rapidbus_kl,,0.2044922367561541,6796.74755859375,8.82434659490838
1006170,KL2324 LRT AWAN BESAR,3.061769,101.669737,rapidbus_kl,,0.038933342183294604,9382.69921875,9.146729337256744
1009056,PAVILION BUKIT JALIL,3.050022,101.673645,rapidbus_kl,,0.6126125352588468,5292.5224609375,8.574239174890991
1000972,SL162 HUB UIA,3.251168,101.741528,rapidbus_kl,,0.4443670612193108,1604.7587890625,7.381351689616617
1007531,SL152 UIAM (TIMUR),3.249705,101.738919,rapidbus_kl,,0.5386512195754204,5545.74658203125,8.620966833421432
1000414,(M) SL153 KENMS,3.249177,101.736809,rapidbus_kl,,0.42269533614621846,3951.8369140625,8.282188806200367
1000415,SL154 MAHALLAH SAFIYYAH,3.249358,101.734785,rapidbus_kl,,0.46742574486023475,3951.8369140625,8.282188806200367
1000408,SL155 UIAM (SELATAN),3.2495734449227,101.73377459816,rapidbus_kl,,0.5376960753344886,3951.8369140625,8.282188806200367
1000405,SL156 KAED UIAM,3.2506262572119,101.73125687949,rapidbus_kl,,0.5081344034008536,4547.73974609375,8.422605494698766
1000409,SL157 KULIYAH ENGINEERING UIAM,3.2542958679968,101.73214626876,rapidbus_kl,,0.4595576297432943,5545.74658203125,8.620966833421432
1000410,SL158 KULIYAH EDUCATION UIAM,3.2541942351661,101.73347022433,rapidbus_kl,,0.3124802125251798,5545.74658203125,8.620966833421432
1000413,SL159 UIAM (UTARA),3.254087,101.734346,rapidbus_kl,,0.21462269155343333,5545.74658203125,8.620966833421432
1000411,SL160 IRKHS,3.2530516598028,101.73595531626,rapidbus_kl,,0.08426462655008517,5545.74658203125,8.620966833421432
1000412,SL161 PERPUSTAKAAN UIAM,3.2522318220532,101.73856438337,rapidbus_kl,,0.3074776386340087,5545.74658203125,8.620966833421432
1003572,SL467 SHELL TAMAN MELATI,3.2336689399571,101.72446424633,rapidbus_kl,,0.5394721472552342,2637.2666015625,7.877877390173304
1003525,SL222 TAMAN PRIMA SRI GOMBAK,3.238024,101.699406,rapidbus_kl,,0.40348883511251427,11265.12109375,9.329555367998882
1000554,SL176 DEWAN BERINGIN GOMBAK,3.2399559167038,101.69941776228,rapidbus_kl,,0.5028559053700018,11265.12109375,9.329555367998882
1003881,SL235 URBAN 360 (OPP),3.240734,101.701382,rapidbus_kl,,0.44020308159197774,11265.12109375,9.329555367998882
1000216,SL236 PETRONAS SRI GOMBAK (OPP),3.240782,101.703325,rapidbus_kl,,0.4137471643374686,11265.12109375,9.329555367998882
1003500,(M) SL503 TAMAN SRI GOMBAK FASA 4 (BARAT),3.240822,101.707059,rapidbus_kl,,0.6199413578546539,11265.12109375,9.329555367998882
1002956,SL242 KOMERSIAL SERI GOMBAK FASA 5,3.241993,101.709589,rapidbus_kl,,0.42300276739839465,3357.174560546875,8.119152819772655
1003377,SL243 SMK HILLCREST (OPP),3.242916,101.707509,rapidbus_kl,,0.49977897926566495,3357.174560546875,8.119152819772655
1002583,SL245 KOMERSIAL TAMAN SRI GOMBAK,3.242964,101.703227,rapidbus_kl,,0.27491846313081614,8227.31640625,9.015336704852391
1001916,SL199 TAMAN SRI GOMBAK FASA 6,3.244748,101.702019,rapidbus_kl,,0.1243142121634714,8227.31640625,9.015336704852391
1001950,SL505 MASJID SRI GOMBAK (OPP),3.247365,101.703085,rapidbus_kl,,0.2174316121483354,8227.31640625,9.015336704852391
1003560,SL200 TASIK SRI GOMBAK FASA 8,3.248616,101.705428,rapidbus_kl,,0.45199113575260846,8227.31640625,9.015336704852391
1003796,SL201 PERUMAHAN TAMAN SRI GOMBAK (TIMUR),3.250064,101.703258,rapidbus_kl,,0.4116379540538044,5721.3271484375,8.65213084576764
1003556,SL202 TAMAN TASIK SRI GOMBAK,3.248729,101.701441,rapidbus_kl,,0.40306758368762835,8227.31640625,9.015336704852391
1003779,SL203 PERUMAHAN SRI GOMBAK FASA 9,3.2492518767276,101.69920552823,rapidbus_kl,,0.5929179756943179,8227.31640625,9.015336704852391
1003868,SL204 TAMAN SERI GOMBAK FASA 10,3.249353,101.697156,rapidbus_kl,,0.5226469110282348,7786.56640625,8.960283690346671
1003743,SL177 FLAT PINGGIRAN,3.250229363404,101.69428942392,rapidbus_kl,,0.3928521462686438,9145.029296875,9.121075107457457
1000895,SL179 KG MELAYU WIRA DAMAI,3.250272,101.691855,rapidbus_kl,,0.49121895705182156,9145.029296875,9.121075107457457
1000141,SL180 APARTMENT SAUJANA,3.251327,101.688986,rapidbus_kl,,0.4060613527237287,7321.23876953125,8.89867140302711
1000880,SL181 PANGSAPURI KENANGA (OPP),3.251065,101.685414,rapidbus_kl,,0.3126585461098721,7321.23876953125,8.89867140302711
1002132,SL294 HAB WIRA DAMAI,3.251574,101.684494,rapidbus_kl,,0.31071060103501136,7321.23876953125,8.89867140302711
1000881,SL182 PANGSAPURI KENANGA,3.251424,101.686069,rapidbus_kl,,0.25943685063558036,7321.23876953125,8.89867140302711
1002373,SL183 PANGSAPURI CEMPAKA,3.251457,101.689126,rapidbus_kl,,0.40864331700584056,7321.23876953125,8.89867140302711
1001532,SL184 KG MELAYU WIRA DAMAI,3.250418,101.691821,rapidbus_kl,,0.4809391369801373,9145.029296875,9.121075107457457
1003607,SL309 PANGSAPURI SAUJANA GOMBAK,3.250452,101.693143,rapidbus_kl,,0.4000673729894876,9145.029296875,9.121075107457457
1003754,SL192 FLAT TAMAN PINGGIRAN,3.250371,101.694328,rapidbus_kl,,0.3768135696971302,9145.029296875,9.121075107457457
1006884,SL193 TAMAN SRI GOMBAK FASA 10,3.249613,101.697395,rapidbus_kl,,0.5559593346330178,9145.029296875,9.121075107457457
1003862,SL194 PERUMAHAN SRI GOMBAK FASA 9,3.249295,101.699456,rapidbus_kl,,0.5775184533554019,8227.31640625,9.015336704852391
1003557,SL195 TAMAN TASIK SRI GOMBAK,3.248852,101.701464,rapidbus_kl,,0.4146021526472197,8227.31640625,9.015336704852391
1002447,SL196 PERUMAHAN TAMAN SRI GOMBAK (TIMUR),3.250062,101.703093,rapidbus_kl,,0.4105774650457,5721.3271484375,8.65213084576764
1003559,SL197 TASIK SRI GOMBAK FASA 8,3.248663,101.705594,rapidbus_kl,,0.4676093950567688,8227.31640625,9.015336704852391
1001951,SL504 MASJID SRI GOMBAK,3.247016,101.702752,rapidbus_kl,,0.1787489462341625,8227.31640625,9.015336704852391
1003439,SL198 TAMAN SRI GOMBAK,3.244994,101.702122,rapidbus_kl,,0.09993049884317556,8227.31640625,9.015336704852391
1001585,SL246 KOMERSIAL SRI GOMBAK,3.243098,101.703912,rapidbus_kl,,0.28054227507169616,8227.31640625,9.015336704852391
1003376,SL237 SMK HILLCREST,3.243059,101.707329,rapidbus_kl,,0.5081184022743523,3357.174560546875,8.119152819772655
1002928,SL238 KOMERSIAL SERI GOMBAK FASA 5,3.2421279003066,101.70974427442,rapidbus_kl,,0.4020895400031734,3357.174560546875,8.119152819772655
1000217,SL239 BALAIRAYA SERI GOMBAK,3.240744,101.708129,rapidbus_kl,,0.5345012602898107,6670.9326171875,8.805664844645182
1002474,SL248 PETRONAS SRI GOMBAK,3.240665,101.703324,rapidbus_kl,,0.4008058204698855,11265.12109375,9.329555367998882
1003882,(M) SL249 URBAN 360,3.240625,101.701315,rapidbus_kl,,0.43205939203319355,11265.12109375,9.329555367998882
1000555,SL207 DEWAN BERINGIN GOMBAK (OPP),3.2398217878281,101.69970258264,rapidbus_kl,,0.46903840625324067,11265.12109375,9.329555367998882
1003526,SL506 TAMAN PRIMA SRI GOMBAK,3.236721,101.699731,rapidbus_kl,,0.35591112836640687,11265.12109375,9.329555367998882
1003571,SL466 SHELL TAMAN MELATI (OPP),3.2357982099934,101.72384511285,rapidbus_kl,,0.4740288010841288,2637.2666015625,7.877877390173304
1001831,KL195 LRT TAMAN MELATI,3.2194566653583,101.72152529554,rapidbus_kl,,0.24062403568385501,13640.556640625,9.520876048098872
1000721,PERUMAHAN AWAM SRI LANGKAWI,3.219765,101.720774,rapidbus_kl,,0.15079425133988542,13640.556640625,9.520876048098872
1003746,KL934 SURAU NURUL MUSTAQIM,3.218971,101.719572,rapidbus_kl,,0.16077693554263908,13640.556640625,9.520876048098872
1001351,SL310 FLAT GOMBAK SETIA (OPP),3.220264,101.718291,rapidbus_kl,,0.14443367660095255,13640.556640625,9.520876048098872
1003346,SL208 SK GOMBAK SETIA,3.2190878112199,101.71513260641,rapidbus_kl,,0.45571628760432226,8658.17578125,9.06637482165173
1000558,SL317 GOMBAK SETIA,3.2215571702028,101.71316818781,rapidbus_kl,,0.2478836064603772,8658.17578125,9.06637482165173
1004217,SL318 GOMBAK SETIA,3.2248081385004,101.714120363,rapidbus_kl,,0.5419534474157576,7110.9638671875,8.869533696639145
1002973,SL103 KG TENGAH GOMBAK,3.227421,101.713756,rapidbus_kl,,0.3150734514386138,7110.9638671875,8.869533696639145
1000559,SL104 TAMAN BUKIT LELA,3.2289162687554,101.71345175665,rapidbus_kl,,0.24517590749794294,7110.9638671875,8.869533696639145
1001948,SL105 DEWAN DATIN ZALEHA,3.230144255576,101.71263315274,rapidbus_kl,,0.21822382931129022,7110.9638671875,8.869533696639145
1000848,SL233 GERAI MAKAN MPS,3.234336,101.704795,rapidbus_kl,,0.3699180133263844,11265.12109375,9.329555367998882
1002908,SL216 PADANG TAMAN GREENWOOD,3.232418,101.703919,rapidbus_kl,,0.42276122307379843,9151.34375,9.12176527301037
1003459,SL218 SMK SERI GOMBAK (OPP),3.230448,101.703496,rapidbus_kl,,0.1994567056240079,9151.34375,9.12176527301037
1002943,SL219 PERUMAHAN JLN BERJAYA 4,3.2289626367746,101.70285928536,rapidbus_kl,,0.0244550681572277,9151.34375,9.12176527301037
1002858,SL227 DEWAN MPS GOMBAK (OPP),3.227882,101.702275,rapidbus_kl,,0.11995065681334383,9151.34375,9.12176527301037
1001521,SL502 TAMAN GREENWOOD INDAH,3.224327,101.700559,rapidbus_kl,,0.5074724921415866,8646.8671875,9.065068001603983
1002938,KL939 KG LEMBAH MELEWAR (TIMUR),3.218263,101.700709,rapidbus_kl,,0.34264991397119327,8646.8671875,9.065068001603983
1001789,PERUMAHAN LEMBAH MELEWAR,3.2184703,101.6953999,rapidbus_kl,,0.23468242276356255,10027.6640625,9.213202677917353
1006202,KL2329 MASJID BILAL BIN RABAH,3.220886,101.694812,rapidbus_kl,,0.058034362246255,10027.6640625,9.213202677917353
1006203,(M) KL2330 BOMBA GOMBAK SELATAN,3.223161,101.696042,rapidbus_kl,,0.34546459126335094,10027.6640625,9.213202677917353
1000382,DEWAN KOMUNITI CHANGKAT DESA,3.22351,101.698533,rapidbus_kl,,0.5573208674623646,10027.6640625,9.213202677917353
1001520,SL223 TAMAN GREENWOOD INDAH,3.2245015235141,101.70050644971,rapidbus_kl,,0.527131511194042,8646.8671875,9.065068001603983
1002857,SL224 TAMAN GOMBAK (SELATAN),3.225944,101.701231,rapidbus_kl,,0.3638276908621661,9151.34375,9.12176527301037
1002942,SL226 DEWAN MPS GOMBAK,3.228312,101.702355,rapidbus_kl,,0.0791001382173243,9151.34375,9.12176527301037
1003458,SL229 SMK SERI GOMBAK (TIMUR),3.230689,101.703473,rapidbus_kl,,0.22427035424979852,9151.34375,9.12176527301037
1002218,SL230 PADANG TAMAN GREENWOOD,3.231905,101.703552,rapidbus_kl,,0.35782780390328195,9151.34375,9.12176527301037
1007532,SL231 PADANG TAMAN GREENWOOD,3.232677,101.703935,rapidbus_kl,,0.4510502629995079,9151.34375,9.12176527301037
1000847,SL232 TAMAN GREENWOOD (UTARA),3.234478,101.704747,rapidbus_kl,,0.3539015394924403,11265.12109375,9.329555367998882
1000557,SL109 DEWAN DATIN ZALEHA (OPP),3.2310483761213,101.71241813555,rapidbus_kl,,0.2865891043239198,7110.9638671875,8.869533696639145
1007550,SL490 KG TENGAH GOMBAK,3.229478,101.713428,rapidbus_kl,,0.2550234049294191,7110.9638671875,8.869533696639145
1003975,SL110 PANGSAPURI SRI HARMONIS,3.227791,101.713998,rapidbus_kl,,0.3232269780269041,7110.9638671875,8.869533696639145
1004218,SL111 KG TGH GOMBAK (SELATAN),3.2248201242582,101.71436258796,rapidbus_kl,,0.5571455126613264,7110.9638671875,8.869533696639145
1001548,SL112 MASJID BATU 6 (OPP),3.2225745425217,101.71386158276,rapidbus_kl,,0.37636613890192033,8658.17578125,9.06637482165173
1003449,SL173 GOMBAK SETIA,3.2200755856895,101.71301049725,rapidbus_kl,,0.1991422651487758,8658.17578125,9.06637482165173
1003345,SL210 SMK GOMBAK SETIA,3.219191,101.715016,rapidbus_kl,,0.43979975479660943,8658.17578125,9.06637482165173
1001648,KL932 APT MELATI IMPIAN,3.217985,101.717159,rapidbus_kl,,0.38149568146433477,13640.556640625,9.520876048098872
1000768,KL933 M3 MALL,3.217839,101.719101,rapidbus_kl,,0.29159575779447655,13640.556640625,9.520876048098872
1000772,KL1495 PERUMAHAN AWAM SRI LANGKAWI (OPP),3.219279,101.720216,rapidbus_kl,,0.14473420748508203,13640.556640625,9.520876048098872
1000786,KL1601 APT SRI TIOMAN,3.221334,101.720317,rapidbus_kl,,0.13054358240632435,13640.556640625,9.520876048098872
1001914,KL2070 SRA SALAHUDIN AL-AYUBI (OPP),3.223567,101.720227,rapidbus_kl,,0.3575031037910447,13640.556640625,9.520876048098872
1003217,KL196 TAMAN PERWIRA 1,3.225053,101.721701,rapidbus_kl,,0.47360705691072996,7019.6337890625,8.856608776286798
1003567,KL187 TAMAN CEMERLANG,3.2261977684552,101.7228477109,rapidbus_kl,,0.4603501524442816,7019.6337890625,8.856608776286798
1000795,KL2071 FLAT TAMAN MELATI BLOK D,3.2252130113178,101.72570519608,rapidbus_kl,,0.46363110647223255,5793.51708984375,8.664667420091652
1002951,KL200 PERUMAHAN JLN TAMAN MELATI 6,3.223533,101.724053,rapidbus_kl,,0.5513748213621884,14002.1591796875,9.547038238832943
1003687,KL1600 TAMAN MASTIKA,3.2197236941228,101.72341600977,rapidbus_kl,,0.4324691451260768,13640.556640625,9.520876048098872
1006109,BENGKEL GOODYEAR,3.195642,101.762172,rapidbus_kl,,0.10542184065661092,8569.134765625,9.056038736745315
1000868,AJ490 KOMERSIAL TAMAN PERMATA/MELAWATI MALL,3.208423,101.749562,rapidbus_kl,,0.5516804647366101,7156.89892578125,8.875971770771017
1002463,KL184 KOMERSIAL WANGSA MELAWATI,3.2098910357979,101.74393005706,rapidbus_kl,,0.254340836948013,11590.111328125,9.357993818546701
1003775,KL185 DATARAN WANGSA MAJU (OPP),3.2077061450607,101.74234003905,rapidbus_kl,,0.5054712864580699,14856.7861328125,9.606279325531732
1003152,KL189 SK WANGSA JAYA,3.205345,101.739778,rapidbus_kl,,0.42999640898330077,11656.4990234375,9.363704944911294
1003748,KL190 FLAT SEKSYEN 4 BLOK A4,3.2034258435614,101.74068300114,rapidbus_kl,,0.4344749702664714,14856.7861328125,9.606279325531732
1003877,KL191 FLAT SEKSYEN 4 BLOK C9,3.2015867858418,101.74208037185,rapidbus_kl,,0.3675092585691806,14856.7861328125,9.606279325531732
1000986,KL747 WANGSA WALK (TIMUR),3.199022,101.743877,rapidbus_kl,,0.4084628402870569,11860.58203125,9.381060055835366
1000459,KL819 AEON BIG WANGSA MAJU,3.196801,101.742384,rapidbus_kl,,0.2885960852276818,11860.58203125,9.381060055835366
1000450,KL2106 AEON BIG WANGSA MAJU,3.1953502937695,101.7421385335,rapidbus_kl,,0.2714836512846515,11860.58203125,9.381060055835366
1002626,(M) KL750 SHELL WANGSA MAJU,3.1964796609795,101.74469474394,rapidbus_kl,,0.1188281311044422,11860.58203125,9.381060055835366
1001827,KL746 LRT SRI RAMPAI,3.1988359275043,101.73752617997,rapidbus_kl,,0.40574106302311785,14967.9111328125,9.613730738149167
1004212,WANGSA 9 RESIDENCY,3.198697,101.739854,rapidbus_kl,,0.5414470916748173,14967.9111328125,9.613730738149167
1006106,KL1619 FLAT WANGSA MAJU (OPP),3.203335,101.740573,rapidbus_kl,,0.44757537494092914,14856.7861328125,9.606279325531732
1000679,KL1620 SK WANGSA JAYA (OPP),3.205318,101.739684,rapidbus_kl,,0.41925402389887395,11656.4990234375,9.363704944911294
1002462,KL1616 PETRONAS WANGSA MELAWATI,3.2099882301966,101.74359739819,rapidbus_kl,,0.25739907258111283,11590.111328125,9.357993818546701
1001368,AJ489 MELAWATI MALL,3.208921,101.748699,rapidbus_kl,,0.5766120187607652,11590.111328125,9.357993818546701
1006112,BENGKEL GOODYEAR (OPP),3.19573,101.76217,rapidbus_kl,,0.10795376256685016,8569.134765625,9.056038736745315
1000028,AJ393 PUSAT KOMERSIAL UP,3.2045303410982,101.77904879919,rapidbus_kl,,0.15275623782384715,4998.7412109375,8.517141432264255
1002724,AJ394 PANGSAPURI SRI IMPIAN (OPP),3.2080939606078,101.78105743062,rapidbus_kl,,0.5642809807347209,3836.62744140625,8.252609600831
1001822,KL812 LRT SETIAWANGSA,3.175839,101.735726,rapidbus_kl,,0.3288883802672619,11110.0498046875,9.315695370040663
1002812,AJ413 SRA AL-AZIZIAH (OPP),3.173119,101.737152,rapidbus_kl,,0.31672762411833394,9413.640625,9.150021269890091
1002332,AJ414 PANGSAPURI PKNS (OPP),3.173853,101.73771,rapidbus_kl,,0.4150607228171694,9413.640625,9.150021269890091
1001267,AJ479 TAMAN KERAMAT PERMAI BARAT,3.176344,101.738925,rapidbus_kl,,0.39976888626713514,11110.0498046875,9.315695370040663
1000048,KL431 SETIAWANGSA BUSINESS CENTRE,3.177623,101.742667,rapidbus_kl,,0.2468952909056673,13603.5556640625,9.518159990931156
1001180,KL2188 PANGSAPURI ATM SETIAWANGSA (OPP),3.1774984131365,101.74485486242,rapidbus_kl,,0.14242812319551543,13603.5556640625,9.518159990931156
1002471,KL448 AEON AU2 (OPP),3.178681,101.750687,rapidbus_kl,,0.24762177041359407,10720.546875,9.280010722255877
1008386,KL844 KELUMPUK EMBUN EMAS,3.182873,101.754693,rapidbus_kl,,0.4990729734806035,10720.546875,9.280010722255877
1001278,(M) KL2193 SRA AL-TABRANI (OPP),3.184113,101.756325,rapidbus_kl,,0.5023203681902753,9609.728515625,9.170635307168574
1001311,AJ475 AU3 (SELATAN),3.183246660916,101.75797894361,rapidbus_kl,,0.5602474261984323,5261.16796875,8.568298382175909
1000995,AJ9 FLAT UTM (OPP),3.1850311328965,101.75916097828,rapidbus_kl,,0.3253512057125564,5261.16796875,8.568298382175909
1001761,AJ10 LOJI IWK,3.1879037937925,101.76030871743,rapidbus_kl,,0.13867606510278935,5261.16796875,8.568298382175909
1002005,KL841 MENARA JENTAYU,3.1894930542881,101.75755925931,rapidbus_kl,,0.4895398538251191,5261.16796875,8.568298382175909
1001394,(M) KL842 KELUMPUK TEMPUA,3.1874273947893,101.75613448493,rapidbus_kl,,0.359335679851408,9609.728515625,9.170635307168574
1001391,KL843 KELUMPUK CEMPERLING,3.1826784756681,101.75495003077,rapidbus_kl,,0.49171351057685514,10720.546875,9.280010722255877
1001204,KL432 AEON SETIAWANGSA AU2,3.1782885883224,101.7503093569,rapidbus_kl,,0.29394575829471864,10720.546875,9.280010722255877
1002125,KL436 PANGSAPURI ATM SETIAWANGSA,3.177267936051,101.74508088429,rapidbus_kl,,0.17384421227413244,13603.5556640625,9.518159990931156
1002490,KL437 SETIAWANGSA BUSINESS PARK,3.1773107212048,101.74285342193,rapidbus_kl,,0.2499812401930593,13603.5556640625,9.518159990931156
1002214,KL438 MASJID MUADZ JABAL (OPP),3.1775515551234,101.73841975529,rapidbus_kl,,0.27534647043712873,11110.0498046875,9.315695370040663
1001800,KL2311 LRT DATO' KERAMAT,3.1651540374539,101.73160266377,rapidbus_kl,,0.5329954113329789,8657.27734375,9.06627106072403
1002279,KL2310 LRT DATO' KERAMAT/KUARTERS JUPEM,3.1665770326273,101.73054664706,rapidbus_kl,,0.5172897591315881,9826.693359375,9.192959532439524
1001778,KL2312 TAMAN DATUK KERAMAT (UTARA),3.1672333090085,101.73221518272,rapidbus_kl,,0.5709166099692796,9413.640625,9.150021269890091
1000577,KL2313 TAMAN TASIK KERAMAT/LRT JELATEK (OPP),3.1675551801753,101.73405017986,rapidbus_kl,,0.4011024516316925,9413.640625,9.150021269890091
1001803,AJ403 LRT JELATEK,3.1667630360073,101.73515681583,rapidbus_kl,,0.4240154670090681,9413.640625,9.150021269890091
1002603,KL2315 PPR DBKL JELATEK,3.1640898328424,101.73506421608,rapidbus_kl,,0.2590180325369742,9313.806640625,9.13936052497
1002412,KL2304 PERKESO,3.160401,101.734652,rapidbus_kl,,0.25780623273700815,9313.806640625,9.13936052497
1002700,KL217 WICKHAM RESIDENCE,3.156739,101.737119,rapidbus_kl,,0.34607391427591466,7652.99267578125,8.942982709071321
1002946,KL1661 SELANGOR POLO CLUB,3.153649,101.736958,rapidbus_kl,,0.07945156728844706,7652.99267578125,8.942982709071321
1001663,KL238 DESA PANDAN APARTMENT (UTARA),3.152978,101.737151,rapidbus_kl,,0.1318651621468273,7652.99267578125,8.942982709071321
1004097,KL220 MUTIARA UPPER EAST CONDOMINIUM,3.152319,101.737799,rapidbus_kl,,0.23434660880672806,7652.99267578125,8.942982709071321
1003635,KL1838 MENARA POLO/SK DESA PANDAN (OPP),3.150324,101.738504,rapidbus_kl,,0.45584143789710285,7652.99267578125,8.942982709071321
1002395,KL221 DESA PANDAN APARTMENT (BARAT),3.148355,101.740352,rapidbus_kl,,0.5605326969317601,13380.029296875,9.501593258740975
1001519,KL1840 DESA PANDAN CENTRAL (TIMUR),3.1469173482616,101.74002886123,rapidbus_kl,,0.4515558006855276,13380.029296875,9.501593258740975
1004151,(M) KL222 DESA PANDAN CENTRAL (TENGAH),3.146417,101.738195,rapidbus_kl,,0.24294108154948027,13380.029296875,9.501593258740975
1002773,KL1841 DESA PANDAN CENTRAL/PETRON,3.146749,101.736431,rapidbus_kl,,0.14949000020912087,13380.029296875,9.501593258740975
1000711,KL260 VILLA U THANT APARTMENT,3.148019,101.735784,rapidbus_kl,,0.293926336657066,13380.029296875,9.501593258740975
1000016,KL261 DESA PANDAN APARTMENT J3 (OPP),3.151633,101.736178,rapidbus_kl,,0.23555543378375132,7652.99267578125,8.942982709071321
1002699,KL262 KUARTERS KERAJAAN U-THANT,3.153668,101.736656,rapidbus_kl,,0.04603706393959512,7652.99267578125,8.942982709071321
1004200,KL263 RAINTREE RESIDENCE,3.155678,101.736961,rapidbus_kl,,0.2284504315818931,7652.99267578125,8.942982709071321
1000081,KL2269 KATANA II CONDOMINIUM,3.158092,101.738903,rapidbus_kl,,0.5327084843331248,9313.806640625,9.13936052497
1002432,AMPANG 971 (OPP),3.158457,101.740487,rapidbus_kl,,0.6077941139496598,13967.0859375,9.54453043051607
1006120,KL264 VILLA AMAN CONDOMINIUM,3.159471,101.740701,rapidbus_kl,,0.5197565768014848,13967.0859375,9.54453043051607
1000625,KL893 GLENEAGLES (OPP),3.160684,101.738818,rapidbus_kl,,0.3248580561364553,9313.806640625,9.13936052497
1002616,KL2314 PICASSO RESIDENCE,3.163502,101.734811,rapidbus_kl,,0.22447461690236067,9313.806640625,9.13936052497
1003762,KL2309 TAMAN DATO KERAMAT (SELATAN),3.165777,101.733961,rapidbus_kl,,0.4829431770303906,9313.806640625,9.13936052497
1001835,KL192 LRT WANGSA MAJU,3.204959,101.732321,rapidbus_kl,,0.4563995592555836,11656.4990234375,9.363704944911294
1000750,KL193 TAR VILLA,3.2069624635304,101.72975527444,rapidbus_kl,,0.41142178604513296,13638.251953125,9.520707087747306
1006115,KL2100 SURAU TMN BUNGA RAYA (OPP),3.213076,101.729456,rapidbus_kl,,0.20346917609199783,15213.19140625,9.629983916406857
1006116,UTAR PINTU 4 (OPP),3.214716,101.730167,rapidbus_kl,,0.38486582442165657,15213.19140625,9.629983916406857
1003847,KL163 UTAR MAIN GATE (OPP),3.214896,101.728557,rapidbus_kl,,0.3207206972696446,15213.19140625,9.629983916406857
1006117,UTAR PINTU 2 (OPP),3.213626,101.727132,rapidbus_kl,,0.19235022467185348,15213.19140625,9.629983916406857
1002558,KL980 SURAU AL-AMIN,3.214176,101.721755,rapidbus_kl,,0.33509133324612317,14295.7919921875,9.567790454870202
1008381,KL981 INDAH APARTMENT,3.211786,101.720964,rapidbus_kl,,0.15685455642714177,14295.7919921875,9.567790454870202
1008387,KL970 DANAU KOTA APARTMENT (OPP),3.208683,101.719969,rapidbus_kl,,0.3805427972085591,14295.7919921875,9.567790454870202
1007537,KL942 PV12 RESIDENCE,3.206814,101.717428,rapidbus_kl,,0.4162931602669949,10135.0732421875,9.223855947920754
1007538,KL1519 AEON BIG DANAU KOTA,3.204432,101.715764,rapidbus_kl,,0.43070751642369337,10135.0732421875,9.223855947920754
1007539,KL1520 PV15 PLATINUM,3.202479,101.716971,rapidbus_kl,,0.3225966206735586,10135.0732421875,9.223855947920754
1003849,KL1598 COLUMBIA HOSPITAL,3.200977,101.718495,rapidbus_kl,,0.33117647658241284,10135.0732421875,9.223855947920754
1007521,KL680 SETAPAK SENTRAL (SELATAN),3.202388,101.720442,rapidbus_kl,,0.17899470126647268,10135.0732421875,9.223855947920754
1006118,KL940 SETAPAK CENTRAL,3.204846,101.720942,rapidbus_kl,,0.19394100459353725,10135.0732421875,9.223855947920754
1008388,KL971 DANAU KOTA APARTMENT,3.208892,101.719771,rapidbus_kl,,0.35549528122405205,14295.7919921875,9.567790454870202
1008382,KL972 INDAH APARTMENT (OPP),3.212288,101.720757,rapidbus_kl,,0.132312799380068,14295.7919921875,9.567790454870202
1008380,KL973 VISTA WIRAJAYA,3.215423,101.722522,rapidbus_kl,,0.4943239056402446,14295.7919921875,9.567790454870202
1002545,UTAR PINTU 2,3.213774,101.727103,rapidbus_kl,,0.20853214833436598,15213.19140625,9.629983916406857
1003846,KL162 UTAR MAIN GATE,3.2152638066092,101.7292470894,rapidbus_kl,,0.3832547226174683,15213.19140625,9.629983916406857
1003489,UTAR PINTU 4,3.214897,101.730169,rapidbus_kl,,0.40052516523267334,15213.19140625,9.629983916406857
1008325,KL2101 SURAU TAMAN BUNGA RAYA,3.213066,101.729618,rapidbus_kl,,0.21823800734463167,15213.19140625,9.629983916406857
1003848,KL169 TAR VILLA,3.2074455955313,101.72952884294,rapidbus_kl,,0.4482169556980865,13638.251953125,9.520707087747306
1001834,KL170 LRT WANGSA MAJU,3.205606,101.731913,rapidbus_kl,,0.4893579931959972,13638.251953125,9.520707087747306
1006268,KL172 FLAT BLOK G9,3.209006,101.732225,rapidbus_kl,,0.5628024104391984,12659.64453125,9.446253605243486
1002266,KL173 PUSAT PENJAJA SEKSYEN 2,3.211222,101.733151,rapidbus_kl,,0.35709745323897135,12659.64453125,9.446253605243486
1000349,KL174 BLOK E10 (OPP),3.2118968009637,101.73527509179,rapidbus_kl,,0.11016491361358985,12659.64453125,9.446253605243486
1000345,KL175 BLOK C14,3.210641,101.737187,rapidbus_kl,,0.191204781472024,12659.64453125,9.446253605243486
1000344,KL176 HOSPITAL TENTERA TUANKU MIZAN,3.2091975809309,101.7380061917,rapidbus_kl,,0.3755131341291906,12659.64453125,9.446253605243486
1000341,KL177 BLOK A5,3.2070661975135,101.73854492429,rapidbus_kl,,0.4482121490347807,11656.4990234375,9.363704944911294
1000330,KL178 BLOK 5,3.2057653046191,101.73737386896,rapidbus_kl,,0.25648918036192764,11656.4990234375,9.363704944911294
1007524,KL725 RAMPAI COURT (SELATAN),3.192312,101.734184,rapidbus_kl,,0.41446982594385523,14967.9111328125,9.613730738149167
1003859,KL726 TAMAN MEGAN SETAPAK,3.194451,101.730545,rapidbus_kl,,0.310981006352234,14686.458984375,9.594749278329424
1003850,MASJID ABU UBAIDAH,3.194386,101.728885,rapidbus_kl,,0.1571823909553835,14686.458984375,9.594749278329424
1002273,KL713 TAMAN SETAPAK JAYA (UTARA),3.192257,101.727729,rapidbus_kl,,0.35197507232869346,14686.458984375,9.594749278329424
1002972,(M) KL717 TAMAN SRI RAMPAI (BARAT),3.1915695211838,101.72947181266,rapidbus_kl,,0.461348025703922,14686.458984375,9.594749278329424
1004237,KL714 SMK TAMAN SRI RAMPAI,3.191344,101.732723,rapidbus_kl,,0.5986639839871387,14967.9111328125,9.613730738149167
1001006,KL2088 ITBM WANGSA MAJU (TIMUR),3.189761,101.735855,rapidbus_kl,,0.30092747059148656,14128.552734375,9.556023821559398
1000751,KL2089 SRI LEDANG SEKSYEN 10,3.188151,101.736384,rapidbus_kl,,0.11963170712743752,14128.552734375,9.556023821559398
1003617,KL723 SURAU DARUL HUDA,3.1869766768342,101.73586989756,rapidbus_kl,,0.043798446503456955,14128.552734375,9.556023821559398
1000623,(M) KL724 ITBM WANGSA MAJU (OPP),3.18951233074,101.73506316042,rapidbus_kl,,0.3004811308415371,14128.552734375,9.556023821559398
1003603,KL820 WANGSA 118,3.195604,101.741666,rapidbus_kl,,0.324512186127611,11860.58203125,9.381060055835366
1000458,KL821 KOMERSIAL WANGSA DELIMA,3.197132,101.742443,rapidbus_kl,,0.3046578491875704,11860.58203125,9.381060055835366
1003206,KL824 SHELL WANGSA MAJU (OPP),3.196349955598,101.74497117936,rapidbus_kl,,0.1123525355590737,11860.58203125,9.381060055835366
1003681,AJ42 HENTIAN BUKIT INDAH,3.1477654134509,101.7768368781,rapidbus_kl,,0.2873324552430545,15195.611328125,9.628827743040643
1000794,AJ43 FLAT TAMAN KOSAS,3.147311,101.776135,rapidbus_kl,,0.2889170693319817,15195.611328125,9.628827743040643
1003349,AJ34 SMK TAMAN KOSAS,3.149586,101.772821,rapidbus_kl,,0.5862184393993729,13239.865234375,9.491063177384103
1000566,AJ117 DEWAN UDA JAYA,3.1507535800137,101.77176330116,rapidbus_kl,,0.411861370928036,13239.865234375,9.491063177384103
1003150,AJ118 SAR KAFA (OPP),3.1518162411025,101.77016472392,rapidbus_kl,,0.2245373866330251,13239.865234375,9.491063177384103
1002898,AJ119 TAMAN RASMI JAYA,3.152882,101.768627,rapidbus_kl,,0.14347213965083574,13239.865234375,9.491063177384103
1003989,AJ120 TAMAN AMPANG PRIMA,3.154346,101.767778,rapidbus_kl,,0.2110631191648691,13239.865234375,9.491063177384103
1003884,AJ306 TUDOR COURT APARTMENT (OPP),3.155404,101.767483,rapidbus_kl,,0.29694368947541244,13239.865234375,9.491063177384103
1004148,AJ121 TAMAN TAR,3.156597,101.767113,rapidbus_kl,,0.4188140778071772,13239.865234375,9.491063177384103
1003426,AJ122 AMPANG JAYA (SELATAN),3.156672,101.765637,rapidbus_kl,,0.54542443815491,13239.865234375,9.491063177384103
1002878,AJ123 AMPANG JAYA (TIMUR),3.156151,101.763226,rapidbus_kl,,0.3455672555403313,16459.330078125,9.708708527379024
1002808,AJ124 DEWAN MPAJ (OPP),3.158995,101.760701,rapidbus_kl,,0.3487880687188004,13492.9521484375,9.509996875044838
1001573,AJ125 AMPANG JAYA (UTARA),3.160621,101.760334,rapidbus_kl,,0.19178360706564793,13492.9521484375,9.509996875044838
1000539,AJ126 PEJABAT AHLI PARLIMEN AMPANG,3.160263,101.758386,rapidbus_kl,,0.37690998453907143,13492.9521484375,9.509996875044838
1007625,AJ480 KOJAYA AMPANG,3.159242,101.757478,rapidbus_kl,,0.5245765010935335,13492.9521484375,9.509996875044838
1007626,AJ461 SURAU AN-NAJAH,3.158941,101.755023,rapidbus_kl,,0.4204917493318488,14702.9697265625,9.595872785736065
1000084,AJ108 AMPANG POINT (OPP),3.1568585598718,101.75114580093,rapidbus_kl,,0.3976210614656511,18495.12890625,9.825316740860123
1000083,AJ182 AMPANG POINT,3.1573348926081,101.75083358372,rapidbus_kl,,0.46081551112920927,18495.12890625,9.825316740860123
1007627,AJ462 SURAU AN-NAJAH (OPP),3.159047,101.755102,rapidbus_kl,,0.41580641691226994,14702.9697265625,9.595872785736065
1007624,AJ464 KOJAYA AMPANG (OPP),3.159295,101.757344,rapidbus_kl,,0.5330779868130974,13492.9521484375,9.509996875044838
1000019,AJ465 PEJABAT AHLI PARLIMEN AMPANG (OPP),3.160374,101.758174,rapidbus_kl,,0.3908158815614831,13492.9521484375,9.509996875044838
1001574,AJ110 AMPANG JAYA (UTARA),3.160822,101.760381,rapidbus_kl,,0.170227395826194,13492.9521484375,9.509996875044838
1002807,AJ111 DEWAN MPAJ,3.158003,101.761077,rapidbus_kl,,0.4541384489383984,13492.9521484375,9.509996875044838
1003006,AJ304 AMPANG JAYA (TIMUR),3.156284,101.763194,rapidbus_kl,,0.35494347143927046,16459.330078125,9.708708527379024
1003038,AJ113 AMPANG JAYA (SELATAN),3.156816,101.765401,rapidbus_kl,,0.5732855133591699,16459.330078125,9.708708527379024
1004149,AJ114 TUDOR COURT APARTMENT,3.155569,101.767553,rapidbus_kl,,0.3028142535141705,13239.865234375,9.491063177384103
1000089,AJ115 TAMAN AMPANG PRIMA,3.154307,101.767913,rapidbus_kl,,0.19547174494011926,13239.865234375,9.491063177384103
1002897,AJ343 TAMAN RASMI JAYA,3.153109,101.768563,rapidbus_kl,,0.13381578463653818,13239.865234375,9.491063177384103
1003151,AJ116 SAR KAFA,3.1519495265955,101.77028774322,rapidbus_kl,,0.21497324343962035,13239.865234375,9.491063177384103
1003812,AJ35 TAMAN AMPANG INDAH,3.150746,101.772357,rapidbus_kl,,0.4543688689906031,13239.865234375,9.491063177384103
1002970,AJ36 TAMAN BUKIT INDAH (BARAT),3.152855,101.773653,rapidbus_kl,,0.46271866145334684,13239.865234375,9.491063177384103
1003435,AJ37 EMERALD CONDOMINIUM,3.155546,101.773785,rapidbus_kl,,0.5002613706256874,8459.955078125,9.043217339623679
1000609,AJ38 SK TAMAN BUKIT INDAH (OPP),3.157005,101.775765,rapidbus_kl,,0.4336274944439481,8459.955078125,9.043217339623679
1003436,AJ39 TAMAN REKREASI BUKIT INDAH,3.152697,101.778398,rapidbus_kl,,0.12874523018873668,8459.955078125,9.043217339623679
1003783,AJ40 TAMAN BUKIT INDAH (TIMUR),3.150916,101.778412,rapidbus_kl,,0.31991807612071405,8459.955078125,9.043217339623679
1000546,AJ29 APARTMENT CEMPAKA,3.1553037391852,101.75383692473,rapidbus_kl,,0.20072268907472093,18495.12890625,9.825316740860123
1003933,AJ30 TAMAN AHMAD RAZALI,3.1530076058383,101.75787275393,rapidbus_kl,,0.3839051830402938,16459.330078125,9.708708527379024
1004117,AJ420 TEMPLE NINE EMPORER (OPP),3.142033,101.764982,rapidbus_kl,,0.5597358274956108,16649.69921875,9.72020748964694
1000005,AJ49 MERDEKA PLACE,3.139046,101.764376,rapidbus_kl,,0.4100117376592879,16225.0673828125,9.694374325714321
1007640,AJ50 APARTMENT MERDEKA VILLA,3.136891,101.764566,rapidbus_kl,,0.36883564169611005,16225.0673828125,9.694374325714321
1001258,AJ328 KG BARU AMPANG,3.136188,101.764729,rapidbus_kl,,0.3989391341277138,16225.0673828125,9.694374325714321
1002863,AJ51 MERDEKA RIA INDUSTRIAL PARK,3.135057,101.765739,rapidbus_kl,,0.4826224269151986,16846.220703125,9.731940978741125
1003283,AJ418 SK AMPANG CAMPURAN (OPP),3.133742,101.768661,rapidbus_kl,,0.3854028271135893,16846.220703125,9.731940978741125
1003737,AJ147 KG AMPANG CAMPURAN,3.132094,101.769243,rapidbus_kl,,0.3737249762014856,16072.654296875,9.684936831565835
1001315,AJ148 APARTMENT MESRA VILLA,3.132015,101.771306,rapidbus_kl,,0.4103537012778754,16072.654296875,9.684936831565835
1003724,AJ149 SRI TAMAN BARU (UTARA),3.129224,101.772499,rapidbus_kl,,0.3280265094510806,16072.654296875,9.684936831565835
1003803,AJ142 SRI TAMAN BARU (TIMUR),3.128915,101.773578,rapidbus_kl,,0.4439468897408114,16072.654296875,9.684936831565835
1002797,AJ433 PETRONAS PERMAI JAYA,3.129316,101.775783,rapidbus_kl,,0.24506868754451888,16667.47265625,9.72127434924672
1001925,AJ417 DEWAN KEMAS,3.128506,101.777543,rapidbus_kl,,0.04954688285240128,16667.47265625,9.72127434924672
1002384,AJ84 PEKAN TASEK PERMAI,3.128045,101.780096,rapidbus_kl,,0.2544000069731738,16667.47265625,9.72127434924672
1001711,AJ85 KG TASEK PERMAI (SELATAN),3.129898,101.780878,rapidbus_kl,,0.3527379045251642,16667.47265625,9.72127434924672
1003479,AJ86 KG TASEK PERMAI/MADRASAH (UTARA),3.130855,101.780913,rapidbus_kl,,0.4067945127303933,16667.47265625,9.72127434924672
1003795,AJ87 KG INDAH PERMAI (BARAT),3.132767,101.781755,rapidbus_kl,,0.6173734032636522,16667.47265625,9.72127434924672
1001348,AJ88 KG INDAH PERMAI (UTARA),3.132952,101.783795,rapidbus_kl,,0.5341591712043988,13618.3671875,9.519248116619705
1003461,AJ89 KG INDAH PERMAI (TIMUR),3.133111,101.784786,rapidbus_kl,,0.4706673033667454,13618.3671875,9.519248116619705
1000716,AJ75 FLAT TAMAN MULIA JAYA (OPP),3.133322,101.787977,rapidbus_kl,,0.4601382653487007,13618.3671875,9.519248116619705
1000971,AJ76 HENTIAN TAMAN MULIA JAYA,3.1319488465415,101.78806435634,rapidbus_kl,,0.40878138493739996,7811.87255859375,8.963527980407644
1000717,AJ77 FLAT TAMAN MULIA JAYA,3.133246,101.788143,rapidbus_kl,,0.47568616040282247,13618.3671875,9.519248116619705
1003462,AJ78 KG INDAH PERMAI (TIMUR),3.133122,101.785073,rapidbus_kl,,0.4594645944357263,13618.3671875,9.519248116619705
1001349,AJ79 KG INDAH PERMAI (UTARA),3.132849,101.783992,rapidbus_kl,,0.5201472570397667,7811.87255859375,8.963527980407644
1003794,AJ80 KG INDAH PERMAI (BARAT),3.132666,101.781826,rapidbus_kl,,0.6148378224722876,16667.47265625,9.72127434924672
1002935,AJ81 KG TASEK PERMAI (UTARA),3.131083,101.781095,rapidbus_kl,,0.43800330385579556,16667.47265625,9.72127434924672
1001712,AJ82 KG TASEK PERMAI (SELATAN),3.129867,101.780974,rapidbus_kl,,0.3614964310903426,16667.47265625,9.72127434924672
1002385,AJ83 PEKAN TASEK PERMAI,3.127895,101.780201,rapidbus_kl,,0.270909718501505,16667.47265625,9.72127434924672
1000567,AJ432 DEWAN KEMAS PERMAI,3.128398,101.777535,rapidbus_kl,,0.05766880563888847,16667.47265625,9.72127434924672
1003252,AJ140 SEKOLAH AGAMA PERMAI,3.128969,101.77625,rapidbus_kl,,0.18659761856048396,16667.47265625,9.72127434924672
1003804,AJ141 SRI TAMAN BARU (TIMUR),3.128748,101.773474,rapidbus_kl,,0.4320215696334893,16072.654296875,9.684936831565835
1003723,AJ143 SRI TAMAN BARU (UTARA),3.129363,101.772317,rapidbus_kl,,0.3111145289023543,16072.654296875,9.684936831565835
1001316,AJ144 APARTMENT MESRA VILLA,3.131902,101.771246,rapidbus_kl,,0.39613198410452394,16072.654296875,9.684936831565835
1002894,AJ145 KG AMPANG CAMPURAN,3.131979,101.769332,rapidbus_kl,,0.3601062555267503,16072.654296875,9.684936831565835
1003282,AJ146 SK AMPANG CAMPURAN,3.1339208474838,101.76811485672,rapidbus_kl,,0.3876121371713967,16846.220703125,9.731940978741125
1002864,AJ57 MERDEKA RIA INDUSTRIAL PARK,3.135025,101.765976,rapidbus_kl,,0.4612726225704883,16846.220703125,9.731940978741125
1001301,AJ58 KG BARU AMPANG,3.1354147255888,101.76455982051,rapidbus_kl,,0.41171615590176186,16225.0673828125,9.694374325714321
1002816,AJ59 APARTMENT MERDEKA VILLA (OPP),3.137389,101.764128,rapidbus_kl,,0.3213833815576393,16225.0673828125,9.694374325714321
1000023,AJ60 MERDEKA PLACE,3.139103,101.764232,rapidbus_kl,,0.40009009738287366,16225.0673828125,9.694374325714321
1004118,AJ419 TEMPLE NINE EMPORER,3.141898,101.764807,rapidbus_kl,,0.5559678353204911,16649.69921875,9.72020748964694
1003421,AJ105 SPECTRUM MALL,3.144997,101.764705,rapidbus_kl,,0.38647398563232005,16649.69921875,9.72020748964694
1003210,AJ104 AMPANG WATERFRONT 1,3.147509,101.765774,rapidbus_kl,,0.482659521203634,16632.580078125,9.719178827317684
1003147,AJ426 SJKT AMPANG,3.148356,101.763863,rapidbus_kl,,0.43703702580797177,16649.69921875,9.72020748964694
1001782,AJ106 LRT AMPANG,3.1512231111515,101.76044748293,rapidbus_kl,,0.29477354666866107,16459.330078125,9.708708527379024
1003932,AJ325 FLAT TAMAN DATO AHMAD RAZALI,3.152752,101.757763,rapidbus_kl,,0.4027040097633171,16459.330078125,9.708708527379024
1000853,AJ63 AMPANG WATERFRONT 3,3.143428,101.777202,rapidbus_kl,,0.23494029372103573,15195.611328125,9.628827743040643
1003562,AJ64 SIMPANG LEMBAH JAYA,3.143476,101.780809,rapidbus_kl,,0.38694629428101357,15195.611328125,9.628827743040643
1007628,AJ311 KG LEMBAH JAYA UTARA,3.144753,101.786825,rapidbus_kl,,0.09762352182858902,9172.154296875,9.124036486132933
1001148,AJ65 APARTMENT DESA PERMAI (UTARA),3.147114,101.788099,rapidbus_kl,,0.278880872171762,9172.154296875,9.124036486132933
1000963,AJ66 HENTIAN LEMBAH JAYA UTARA,3.1494989114735,101.79111145871,rapidbus_kl,,0.5954690338842971,2503.261962890625,7.825749344515754
1001149,AJ67 APARTMENT DESA PERMAI (UTARA),3.146261,101.787794,rapidbus_kl,,0.19548015051103868,9172.154296875,9.124036486132933
1007629,AJ68 KG LEMBAH JAYA UTARA,3.144473,101.786796,rapidbus_kl,,0.12122405731996344,9172.154296875,9.124036486132933
1003563,AJ96 SIMPANG LEMBAH JAYA,3.1429451267456,101.78124187939,rapidbus_kl,,0.4602969159894157,15195.611328125,9.628827743040643
1001283,AJ97 KOMERSIAL AMPANG,3.143167,101.778132,rapidbus_kl,,0.25131708196475866,15195.611328125,9.628827743040643
1001093,AJ98 AMPANG WATERFRONT 3,3.143148,101.776899,rapidbus_kl,,0.27641402324116593,15195.611328125,9.628827743040643
1001254,AJ100 AMPANG WATERFRONT 2 (TIMUR),3.143197,101.773386,rapidbus_kl,,0.4891003738599645,16632.580078125,9.719178827317684
1003514,AJ101 AMPANG WATERFRONT (BARAT),3.144586,101.770723,rapidbus_kl,,0.15670834699939853,16632.580078125,9.719178827317684
1000447,AJ102 KOMERSIAL BANDAR BARU AMPANG,3.1462402069788,101.76847121536,rapidbus_kl,,0.15367857527319387,16632.580078125,9.719178827317684
1002604,AJ183 PPR HILIRAN AMPANG,3.150669,101.746244,rapidbus_kl,,0.38909554790391054,13165.3388671875,9.485418765748214
1000026,AJ184 RISDA ESTATES,3.150402,101.749057,rapidbus_kl,,0.5676317729714211,18495.12890625,9.825316740860123
1003237,AJ467 TAMAN ANGSANA HILIR,3.148681,101.750596,rapidbus_kl,,0.4450858794154281,17530.669921875,9.771764234181168
1001146,AJ448 PUSAT KOMERSIAL TAMAN CITY,3.147068,101.750625,rapidbus_kl,,0.3137267411992323,17530.669921875,9.771764234181168
1001535,AJ208 KG PANDAN DALAM (TIMUR),3.1458889584288,101.74995830536,rapidbus_kl,,0.3325841664153448,17530.669921875,9.771764234181168
1001876,AJ437 MASJID AL HIDAYAH,3.145886,101.748237,rapidbus_kl,,0.40904106648991967,17475.375,9.768605247840648
1006677,AJ214 KG PANDAN DALAM (UTARA),3.144899,101.745847,rapidbus_kl,,0.15169955241813662,17475.375,9.768605247840648
1001271,AJ215 KG PANDAN DALAM (SELATAN),3.141962,101.745855,rapidbus_kl,,0.4093021621382462,17475.375,9.768605247840648
1000791,AJ195 FLAT TAMAN BAKTI/LRT PANDAN INDAH (OPP),3.136207,101.745486,rapidbus_kl,,0.13983091505264492,15707.71484375,9.661970922922553
1000179,AJ196 AXIS ATRIUM (OPP),3.137571,101.747641,rapidbus_kl,,0.3438309120919699,15707.71484375,9.661970922922553
1003717,AJ210 SURAU AL-FALAH (OPP),3.139393,101.748089,rapidbus_kl,,0.46634702988649707,15707.71484375,9.661970922922553
1008475,AJ211 KG PANDAN DALAM,3.140819,101.746984,rapidbus_kl,,0.49355481700121795,15707.71484375,9.661970922922553
1001270,AJ212 KG PANDAN DALAM (SELATAN),3.141211,101.745734,rapidbus_kl,,0.47641545480599323,15707.71484375,9.661970922922553
1001877,AJ439 MASJID AL HIDAYAH (OPP),3.146045,101.747761,rapidbus_kl,,0.35969841370939054,17475.375,9.768605247840648
1001534,AJ209 KG PANDAN DALAM (TIMUR),3.146073,101.749865,rapidbus_kl,,0.34654189222097276,17530.669921875,9.771764234181168
1002936,AJ471 PUSAT KOMERSIAL TAMAN CITY,3.147418,101.750515,rapidbus_kl,,0.3472645851637812,17530.669921875,9.771764234181168
1002077,AJ466 TAMAN ANGSANA HILIR,3.148819,101.750501,rapidbus_kl,,0.46370419771302374,17530.669921875,9.771764234181168
1008476,AJ185 KIARA DUTA KONDOMINIUM,3.150109,101.752818,rapidbus_kl,,0.4050292911496384,18495.12890625,9.825316740860123
1000818,AJ186 DAGANG AVENUE,3.148957,101.755191,rapidbus_kl,,0.4676983747641144,17530.669921875,9.771764234181168
1008477,AJ107 APARTMENT CEMPAKA (OPP),3.154139,101.754928,rapidbus_kl,,0.22750096035732456,18495.12890625,9.825316740860123
1003322,AJ46 SK TAMAN KOSAS,3.148325,101.773321,rapidbus_kl,,0.5261327269931123,16632.580078125,9.719178827317684
1001165,AJ422 APARTMENT ASTARIA,3.146766,101.772187,rapidbus_kl,,0.32572511116445024,16632.580078125,9.719178827317684
1000020,AJ47 APARTMENT ASTARIA (OPP),3.146559,101.771882,rapidbus_kl,,0.28510716441597445,16632.580078125,9.719178827317684
1002347,AJ33 SK TAMAN KOSAS (OPP),3.148576,101.773337,rapidbus_kl,,0.5450896676601753,16632.580078125,9.719178827317684
1000353,AJ220 APARTMENT KEDIDI,3.136605,101.754181,rapidbus_kl,,0.15016417125767859,16135.7265625,9.688853106043497
1000352,AJ221 APARTMENT NURI COURT (OPP),3.135821,101.756281,rapidbus_kl,,0.3990873542268891,16135.7265625,9.688853106043497
1002683,AJ222 APARTMENT MERPATI (OPP),3.1339107787547,101.75761899907,rapidbus_kl,,0.5356802274830834,16225.0673828125,9.694374325714321
1003691,AJ444 PANDAN INDAH AUTOCITY,3.132979,101.760232,rapidbus_kl,,0.47017925840078484,16225.0673828125,9.694374325714321
1001652,AJ338 APARTMENT PANDAN MEWAH,3.130683,101.763221,rapidbus_kl,,0.3067560674231335,16001.5654296875,9.680504327724407
1000922,AJ131 HOSPITAL AMPANG (BARAT),3.1278323701852,101.76314571775,rapidbus_kl,,0.23395743388100154,16001.5654296875,9.680504327724407
1003221,AJ132 SMK PANDAN MEWAH,3.1255546299557,101.76305720276,rapidbus_kl,,0.40809174861092823,16001.5654296875,9.680504327724407
1002489,AJ249 PARAGON POINT (SELATAN),3.119658,101.763299,rapidbus_kl,,0.2426866281165769,16535.1953125,9.713306912642842
1008643,AJ342 TAMAN MELUR (BARAT),3.118146,101.763393,rapidbus_kl,,0.34698077633633717,16535.1953125,9.713306912642842
1008644,AJ404 TAMAN SERAYA (UTARA),3.116481,101.763662,rapidbus_kl,,0.513106848111098,16535.1953125,9.713306912642842
1002321,AJ251 PERUMAHAN TERATAI,3.114785,101.765283,rapidbus_kl,,0.539246633821688,15994.1142578125,9.680038595703682
1004285,AJ252 PERUMAHAN TAMAN MELUR 1,3.117204,101.767782,rapidbus_kl,,0.4094065166337861,16369.9716796875,9.703265025945539
1001996,AJ253 TAMAN MELUR (SELATAN),3.119658,101.769875,rapidbus_kl,,0.090397970424307,16369.9716796875,9.703265025945539
1001312,AJ445 TAMAN MELUR (UTARA),3.120937,101.770215,rapidbus_kl,,0.09093977379489528,16369.9716796875,9.703265025945539
1002323,AJ298 TAMAN REKREASI KG TASIK TAMBAHAN,3.1217719764344,101.77123592579,rapidbus_kl,,0.23746324617334164,16369.9716796875,9.703265025945539
1001252,AJ299 PASAR TASIK TAMBAHAN,3.123152,101.774828,rapidbus_kl,,0.4583351299587647,8354.4189453125,9.030665582837901
1003576,AJ300 TAMAN SERI BAYU,3.125271,101.776535,rapidbus_kl,,0.4161576665865312,16667.47265625,9.72127434924672
1001768,AJ340 KG TASIK TAMBAHAN (TIMUR),3.126855,101.770104,rapidbus_kl,,0.2185329420929589,16072.654296875,9.684936831565835
1001559,AJ416 KG TASIK TAMBAHAN (UTARA),3.126018,101.769023,rapidbus_kl,,0.3101019310101992,16072.654296875,9.684936831565835
1003509,AJ151 KG TASIK TAMBAHAN (BARAT),3.12346615344,101.76833017204,rapidbus_kl,,0.36648726119332065,16369.9716796875,9.703265025945539
1003876,AJ152 TAMAN PUTRA AMPANG (TIMUR),3.122185,101.768541,rapidbus_kl,,0.22811851632420568,16369.9716796875,9.703265025945539
1000640,AJ154 PUTERI PARK PLAZA,3.120411,101.764263,rapidbus_kl,,0.33457817790137073,16535.1953125,9.713306912642842
1000636,AJ177 STOR MPAJ,3.132183,101.762236,rapidbus_kl,,0.3971111809200288,16001.5654296875,9.680504327724407
1002320,AJ434 PANDAN INDAH AUTOCITY,3.132713,101.760186,rapidbus_kl,,0.4561934894940984,16001.5654296875,9.680504327724407
1000964,AJ468 HUB PANDAN INDAH,3.134093,101.753511,rapidbus_kl,,0.33902418199743534,16135.7265625,9.688853106043497
1000927,AJ162 HOSPITAL PANTAI AMPANG,3.1288426651762,101.7518377104,rapidbus_kl,,0.12019229036060532,15882.1796875,9.673015946967661
1000189,AJ163 BALAI POLIS PANDAN INDAH (OPP),3.127884,101.750843,rapidbus_kl,,0.24953148576396572,15882.1796875,9.673015946967661
1003307,AJ164 SK PANDAN INDAH,3.125424,101.751033,rapidbus_kl,,0.42487117372628835,15882.1796875,9.673015946967661
1007302,(M) AJ256 FLAT INTAN,3.111956,101.758202,rapidbus_kl,,0.33867536226686556,15994.1142578125,9.680038595703682
1001486,AJ257 TAMAN INDUSTRI BUKIT PERMAI,3.110905,101.756626,rapidbus_kl,,0.4322390432712625,15649.5048828125,9.658258456330516
1000874,AJ259 GLENVIEW VILLA,3.111358,101.753737,rapidbus_kl,,0.12170648999322836,15649.5048828125,9.658258456330516
1003418,AJ260 DATARAN MESTIKA,3.113255,101.755013,rapidbus_kl,,0.2667672457790455,15649.5048828125,9.658258456330516
1001262,AJ265 TAMAN MUDA (SELATAN),3.114418,101.758672,rapidbus_kl,,0.3863796831897007,15994.1142578125,9.680038595703682
1003306,AJ170 SK PANDAN INDAH,3.125210333429,101.75094395968,rapidbus_kl,,0.45042935923012645,15882.1796875,9.673015946967661
1003689,AJ171 KOMERSIAL PANDAN INDAH,3.129133,101.752023,rapidbus_kl,,0.10792758393469919,15882.1796875,9.673015946967661
1000110,AJ174 PANGSAPURI SRI INAI,3.129512,101.757193,rapidbus_kl,,0.4582978251006622,16001.5654296875,9.680504327724407
1003811,AJ175 PERUMAHAN PANDAN INDAH 4,3.1301713333459,101.75901428473,rapidbus_kl,,0.2942234836529703,16001.5654296875,9.680504327724407
1000854,TAMAN KOTA CHERAS FASA 1,3.060632,101.772207,rapidbus_kl,,0.33308400649942643,8528.7275390625,9.051312698482326
1002809,KJ38 TAMAN SUNTEX,3.0713270806228,101.76731929123,rapidbus_kl,,0.27095736778191387,9680.9599609375,9.178019635078726
1003288,KJ39 SK BT 9 (OPP),3.070484956708,101.76874376578,rapidbus_kl,,0.09348481299962082,9680.9599609375,9.178019635078726
1000193,KJ40 BALAI POLIS BT 9 (OPP),3.0689271880417,101.77057332421,rapidbus_kl,,0.19882384186772983,9680.9599609375,9.178019635078726
1000445,KJ53 POS MALAYSIA BT 9 (OPP),3.068602,101.772155,rapidbus_kl,,0.34969449108130723,9680.9599609375,9.178019635078726
1001543,KJ54 KLINIK KESIHATAN BT 9,3.0693118789177,101.77486220334,rapidbus_kl,,0.36068250665190743,4741.86572265625,8.464396814841418
1003964,KJ55 TAMAN SRI MELAKA,3.0697241728812,101.77690973813,rapidbus_kl,,0.1357315539639403,4741.86572265625,8.464396814841418
1003287,KJ56 KG BKT RAYA,3.0706363290665,101.78016330768,rapidbus_kl,,0.25069104020607197,4741.86572265625,8.464396814841418
1000251,KJ57 SK BUKIT RAYA,3.0725249701448,101.78255316506,rapidbus_kl,,0.4726576529797061,2818.2080078125,7.944211276193452
1004084,KJ59 IDAMAN VILLAS,3.0767741924285,101.78311995003,rapidbus_kl,,0.4111368532036696,1722.97607421875,7.452388573063967
1000188,KJ60 KG BUKIT RAYA (SELATAN),3.0779296183265,101.78399103623,rapidbus_kl,,0.2668623169527454,1722.97607421875,7.452388573063967
1000214,KJ61 BALAI RAYA KG BKT RAYA,3.0802980589387,101.78557158792,rapidbus_kl,,0.18785900445501705,1722.97607421875,7.452388573063967
1000592,KJ663 TAMAN LANGAT CERIA,3.0816778720529,101.78694626291,rapidbus_kl,,0.33460674485324526,1722.97607421875,7.452388573063967
1003970,TMN DESA PELANGI,3.0837781662312,101.78812664494,rapidbus_kl,,0.42251862680214597,1237.453857421875,7.1216189914100685
1003319,KJ64 SK SG SERAI,3.0871443597832,101.7908260931,rapidbus_kl,,0.4171906227420301,1228.2208251953125,7.114135772185148
1002393,KJ66 SAR SG SERAI,3.0918995188852,101.79453387377,rapidbus_kl,,0.3911485337333482,1557.805419921875,7.351675050442006
1001304,KJ67 KG SG SERAI,3.093904538643,101.79599037075,rapidbus_kl,,0.22956339564765466,1557.805419921875,7.351675050442006
1002803,KJ68 TAMAN BUKIT SEKAWAN,3.0953320125377,101.79737326028,rapidbus_kl,,0.3099607166811411,1557.805419921875,7.351675050442006
1004017,(M) KJ69 TAMAN LAGENDA SURIA,3.097554,101.799847,rapidbus_kl,,0.41546294959738966,2288.8837890625,7.736256348126327
1001429,KJ70 TAMAN CEMPAKA,3.1002102866708,101.8025700633,rapidbus_kl,,0.3954923018248797,2790.144287109375,7.934206929480385
1004063,KJ71 TAMAN SRI NANDING,3.1038224213823,101.80602434468,rapidbus_kl,,0.3451885545952595,2790.144287109375,7.934206929480385
1001841,KJ72 MADRASAH KG DUSUN,3.105598285681,101.80787759431,rapidbus_kl,,0.4270889385793677,1564.3536376953125,7.355867044026126
1000163,KJ73 KG SG MICHU,3.1088777925046,101.81095292433,rapidbus_kl,,0.3579802660922471,2291.351318359375,7.737333346349919
1000560,KJ74 DEWAN DATO NAZIR,3.1116603262093,101.81486800981,rapidbus_kl,,0.4045016732334197,2291.351318359375,7.737333346349919
1002439,KJ75 PERTUBUHAN PELADANG,3.1137830113678,101.81591572928,rapidbus_kl,,0.44888883469916224,2388.12451171875,7.778682264728139
1001458,KJ77 SMK ABDUL JALIL,3.1181307348531,101.81861147702,rapidbus_kl,,0.2761423095864791,1779.3306884765625,7.484554406074168
1002283,KJ78 KG RANTAU PANJANG,3.1206591729012,101.82041997814,rapidbus_kl,,0.09676364613484413,1779.3306884765625,7.484554406074168
1000667,KJ79 FELCRA SEMUNGKIS,3.1225786593045,101.82154211687,rapidbus_kl,,0.32419330829107346,1779.3306884765625,7.484554406074168
1001463,KJ80 KG SG SEMUNGKIS,3.1244447453413,101.822966975,rapidbus_kl,,0.584610316032133,1779.3306884765625,7.484554406074168
1002040,KJ81 TAMAN SRI KUNDANG,3.129497051371,101.829648795,rapidbus_kl,,0.20952184692503645,871.4716186523436,6.771330124782288
1000851,KJ82 BALAIRAYA KG BT 15,3.1307331492593,101.83123811104,rapidbus_kl,,0.42970535830169543,871.4716186523436,6.771330124782288
1001745,KJ83 KG DUSUN TUA,3.1342458069758,101.83246054503,rapidbus_kl,,0.5258787165744611,1310.3984375,7.17884935635405
1001289,KJ84 IKBN (OPP),3.1373223728962,101.83461000411,rapidbus_kl,,0.18396905504580927,1310.3984375,7.17884935635405
1003598,KJ85 SRA DUSUN TUA,3.1396687819175,101.83588315772,rapidbus_kl,,0.29033207626094615,1310.3984375,7.17884935635405
1008298,KJ86 MASJID AL-MUTTAQIN,3.145866,101.838494,rapidbus_kl,,0.2541448151820133,963.8676147460936,6.871990905136404
1003296,KJ87 SK DUSUN TUA,3.1506543794203,101.83897428427,rapidbus_kl,,0.4582729245156713,313.7439270019531,5.751759378066201
1001068,KJ88 BALAIRAYA BT 17 (OPP),3.1554004248416,101.84300821349,rapidbus_kl,,0.2534538616450231,451.855224609375,6.11557248192869
1002725,KJ89 PUSAT PERTANIAN BT 18,3.1624857994595,101.84686809498,rapidbus_kl,,0.25762400348032427,477.4573364257813,6.170567045843277
1002370,KJ90 TAMAN IMPIAN WARISAN BT 18,3.1649670822494,101.84780113481,rapidbus_kl,,0.4800755710279101,477.4573364257813,6.170567045843277
1008299,KJ91 SRA BT 18,3.168425,101.851184,rapidbus_kl,,0.29333332536949364,821.8065185546875,6.712721080152242
1001439,KJ92 KG KUALA PERDIK,3.1744888386773,101.85443133827,rapidbus_kl,,0.4830188524576846,821.8065185546875,6.712721080152242
1003302,KJ93 SK LUBOK KELUBI,3.1775714923531,101.85594797731,rapidbus_kl,,0.3612095554531003,317.3415222167969,5.763124775723004
1003599,KJ94 SRA KG KUALA PERDIK,3.1792697247434,101.85639512393,rapidbus_kl,,0.39053196333443363,317.3415222167969,5.763124775723004
1001930,KJ95 MASJID KG LUBOK KELUBI,3.1860449404394,101.85401100725,rapidbus_kl,,0.1676577772859701,308.75982666015625,5.7357972444940355
1001310,KJ96 KG PADANG,3.1884529595376,101.85325608727,rapidbus_kl,,0.15687800113404937,308.75982666015625,5.7357972444940355
1002441,PERUMAHAN JAB HUTAN,3.1963138264778,101.85593775419,rapidbus_kl,,0.34996452077703927,286.3302001953125,5.660632077743484
1001836,LUBUK MANGGIS,3.2083830789555,101.8608817634,rapidbus_kl,,0.4134926419982799,124.94352722167967,4.835833609828001
1003127,SEK KUALA PANGSUN,3.2112442522366,101.87084740041,rapidbus_kl,,0.1685706235034516,172.79202270507812,5.157859312497554
1004106,(M) TNB PANGSUN,3.2101995144815,101.87622584113,rapidbus_kl,,0.2812613646939247,194.54867553710935,5.275809328164571
1003126,SEK KUALA PANGSUN,3.2110521876297,101.87072687204,rapidbus_kl,,0.17111528940837134,172.79202270507812,5.157859312497554
1001448,KG ORANG ASLI,3.2082036874913,101.86059967108,rapidbus_kl,,0.43741098843859477,124.94352722167967,4.835833609828001
1002585,PONDOK PERMAI,3.2038985002409,101.85881740555,rapidbus_kl,,0.2705284811113718,92.81334686279295,4.541307136537937
1002442,PERUMAHAN JAB HUTAN,3.1961376920432,101.85613802957,rapidbus_kl,,0.36655677340654585,286.3302001953125,5.660632077743484
1004105,KJ108 KG PADANG,3.1887769258602,101.85351417498,rapidbus_kl,,0.1996555351332839,308.75982666015625,5.7357972444940355
1001934,KJ109 MASJID KG LUBOK KELUBI,3.1862372091969,101.85418699455,rapidbus_kl,,0.1695861013142811,308.75982666015625,5.7357972444940355
1003600,KJ110 SRA KG KUALA PERDIK,3.1791238943816,101.85658196228,rapidbus_kl,,0.40909499363423435,317.3415222167969,5.763124775723004
1003303,KJ111 SK LUBOK KELUBI (OPP),3.1773512607854,101.85616632487,rapidbus_kl,,0.392935305287147,317.3415222167969,5.763124775723004
1001438,KJ112 KG KUALA PERDIK,3.1749698250181,101.85502446953,rapidbus_kl,,0.48112906974176295,317.3415222167969,5.763124775723004
1001320,KJ113 SRA BT 18,3.168129,101.851242,rapidbus_kl,,0.3150746958658514,821.8065185546875,6.712721080152242
1002371,KJ134 SJKC CHONG HWA BT 18,3.164276,101.847754,rapidbus_kl,,0.4282370425054381,477.4573364257813,6.170567045843277
1002657,KJ135 PUSAT PERTANIAN BT 18,3.1629070221777,101.8472392572,rapidbus_kl,,0.3088078612634449,477.4573364257813,6.170567045843277
1002421,KJ136 BALAIRAYA BT 17,3.1548935062141,101.8430070433,rapidbus_kl,,0.21627582684510446,451.855224609375,6.11557248192869
1001684,KJ137 KS DUSUN TUA (OPP),3.1507738008015,101.83930337756,rapidbus_kl,,0.4738032986364058,313.7439270019531,5.751759378066201
1001879,KJ138 MASJID AL-MUTTAQIN (OPP),3.1454582772019,101.8386818012,rapidbus_kl,,0.2700798488614544,963.8676147460936,6.871990905136404
1000571,KJ139 SRA DUSUN TUA,3.139069173732,101.83584954701,rapidbus_kl,,0.22521726885839266,1310.3984375,7.17884935635405
1001288,KJ140 IKBN,3.1370349445907,101.83448455706,rapidbus_kl,,0.19604457351591137,1310.3984375,7.17884935635405
1001746,KJ141 KG DUSUN TUA,3.1337437088165,101.83257141607,rapidbus_kl,,0.5519904638918157,1310.3984375,7.17884935635405
1002682,KJ142 BALAIRAYA KG BT 15 (OPP),3.1303879207464,101.83115007063,rapidbus_kl,,0.4025877302977071,871.4716186523436,6.771330124782288
1002039,KJ143 TAMAN SRI KUNDANG,3.1292098558961,101.82951460733,rapidbus_kl,,0.18467593919838973,871.4716186523436,6.771330124782288
1001464,KJ144 KG SG SEMUNGKIS,3.1244860131703,101.82338430668,rapidbus_kl,,0.6187629169704774,1779.3306884765625,7.484554406074168
1002691,KJ145 SIMPANG FELCRA SEMUNGKIS,3.1228693535946,101.82193020899,rapidbus_kl,,0.3772125762923474,1779.3306884765625,7.484554406074168
1001840,KJ146 KG RANTAU PANJANG,3.1203737583382,101.8204902357,rapidbus_kl,,0.10085136817680485,1779.3306884765625,7.484554406074168
1001459,KJ147 SMK ABDUL JALIL (OPP),3.1178845659246,101.81868835002,rapidbus_kl,,0.2985834195565509,1779.3306884765625,7.484554406074168
1003976,KJ148 TAMAN INDAH JAYA,3.1158085314885,101.81696414859,rapidbus_kl,,0.5060709470315903,2388.12451171875,7.778682264728139
1002493,KJ149 PERTUBUHAN PELADANG (OPP),3.113643,101.816105,rapidbus_kl,,0.4233056914265244,2388.12451171875,7.778682264728139
1000561,KJ150 DEWAN DATO NAZIR (OPP),3.111908909242,101.81528682382,rapidbus_kl,,0.4486767024763655,2291.351318359375,7.737333346349919
1000164,KJ151 KG SG MICHU,3.1087448572071,101.81116444099,rapidbus_kl,,0.3713636083807261,2291.351318359375,7.737333346349919
1001356,KJ152 KG NANDING,3.1060723688691,101.80861263106,rapidbus_kl,,0.39038319752585204,1564.3536376953125,7.355867044026126
1002379,(M) KJ154 TAMAN SRI NANDING,3.1033235120799,101.80582551666,rapidbus_kl,,0.3264847042608807,2790.144287109375,7.934206929480385
1002496,KJ155 TAMAN DESA RAYA,3.0999169669295,101.80254118212,rapidbus_kl,,0.42826522516765203,2790.144287109375,7.934206929480385
1004064,(M) KJ156 TAMAN LAGENDA SURIA,3.0986745826138,101.8015116355,rapidbus_kl,,0.39438930800384486,2288.8837890625,7.736256348126327
1008297,KJ157 TAMAN BUKIT SEKAWAN,3.095118,101.797413,rapidbus_kl,,0.3159818895294153,1557.805419921875,7.351675050442006
1001303,KJ158 KG SG SERAI,3.0934597133715,101.79591176978,rapidbus_kl,,0.26292550344917953,1557.805419921875,7.351675050442006
1002392,PEMBINAAN HJ ARIFFIN,3.0886400874479,101.79239562579,rapidbus_kl,,0.2982290013077001,1228.2208251953125,7.114135772185148
1000215,KJ161 BALAI RAYA KG SG SERAI,3.0859196341464,101.7899665473,rapidbus_kl,,0.432522006237671,1237.453857421875,7.1216189914100685
1001465,KG SG SERAI,3.0837756801332,101.78834757149,rapidbus_kl,,0.4353756627458485,1237.453857421875,7.1216189914100685
1001612,KJ164 KOLEKSI ANGGERIK,3.0816525935469,101.78727909564,rapidbus_kl,,0.342377719790767,1722.97607421875,7.452388573063967
1003969,KJ165 TMN DESA PELANGI,3.0797332737136,101.78547665604,rapidbus_kl,,0.1389789554908127,1722.97607421875,7.452388573063967
1000591,KJ166 KG BUKIT RAYA,3.0776664221527,101.78419188827,rapidbus_kl,,0.25831101485935787,1722.97607421875,7.452388573063967
1004085,KJ170 IDAMAN VILLAS (OPP),3.0764997842872,101.7832031617,rapidbus_kl,,0.42075789855607243,1722.97607421875,7.452388573063967
1000252,KJ210 SK BUKIT RAYA (OPP),3.0720640075584,101.78257394712,rapidbus_kl,,0.4473404085060887,2818.2080078125,7.944211276193452
1000475,KJ256 LANGAT JAYA CONDOMINIUM,3.0701051471868,101.77929295802,rapidbus_kl,,0.15674133781108693,4741.86572265625,8.464396814841418
1003963,KJ257 TAMAN SRI MELAKA,3.0694391378586,101.77632489573,rapidbus_kl,,0.20746581630868985,4741.86572265625,8.464396814841418
1008296,KJ258 KLINIK KESIHATAN BT 9 (OPP),3.069073,101.774764,rapidbus_kl,,0.3805771442457312,4741.86572265625,8.464396814841418
1008295,KL259 POS MALAYSIA BT 9,3.068404,101.771965,rapidbus_kl,,0.3464853100665697,9680.9599609375,9.178019635078726
1000194,KJ50 BALAI POLIS BT 9,3.068623,101.770524,rapidbus_kl,,0.22517994575670555,9680.9599609375,9.178019635078726
1003289,KJ39 SK BT 9 (OPP),3.0698709985358,101.76915729009,rapidbus_kl,,0.07692742595627192,9680.9599609375,9.178019635078726
1000400,KJ52 TAMAN SUNTEX,3.0712014007753,101.76714752776,rapidbus_kl,,0.2841395082472593,9680.9599609375,9.178019635078726
1000532,HENTIAN PEKAN BERANANG,2.872432,101.870582,rapidbus_kl,,0.25003790467028136,668.2228393554688,6.5061170978719804
1000563,KJ600 KOMPLEKS PENGHULU MUKIM BERANANG,2.874542,101.872033,rapidbus_kl,,0.5333242827511391,668.2228393554688,6.5061170978719804
1002811,KJ601 KG MACHANG HILIR,2.8758368632738,101.87243549496,rapidbus_kl,,0.4530983378389899,1112.36474609375,7.015142011958866
1007631,KJ602 KG SESAPAN BUKIT REMBAU,2.878001,101.872035,rapidbus_kl,,0.28477072971380063,1112.36474609375,7.015142011958866
1001160,KJ603 JLN SASAPAN KELUBI,2.880919,101.871192,rapidbus_kl,,0.3001493403889551,1112.36474609375,7.015142011958866
1000402,KJ604 KG SESAPAN KELUBI (UTARA),2.885753,101.870429,rapidbus_kl,,0.17526216945815545,1540.16943359375,7.34029677969376
1003979,KJ605 TAMAN PERINDUSTRIAN MAHKOTA,2.889742,101.870479,rapidbus_kl,,0.3119084294827175,1540.16943359375,7.34029677969376
1001718,KJ606 TAMAN PKNS BERANANG,2.892359,101.870404,rapidbus_kl,,0.3520324067925455,3056.830810546875,8.025461058126139
1003451,KJ608 SEMENYIH PARKLANDS,2.896233,101.869003,rapidbus_kl,,0.11128107067796723,3056.830810546875,8.025461058126139
1001597,KJ609 KOLEJ PROFESIONAL MARA,2.903866,101.867111,rapidbus_kl,,0.27481576332068575,2490.756103515625,7.820743003334131
1001609,KJ610 KOLEJ TINGGI MARA JAPAN,2.905437,101.863768,rapidbus_kl,,0.33674526914796027,3397.7001953125,8.131148342014377
1000108,KJ612 PANGSAPURI BAIDURI BLOK H,2.903506,101.861686,rapidbus_kl,,0.05555122632233168,3397.7001953125,8.131148342014377
1001357,KJ615 KOLEJ TINGGI MARA JAPAN (OPP),2.905674,101.863736,rapidbus_kl,,0.3492886771206892,3397.7001953125,8.131148342014377
1003854,KJ616 PUSAT KEMAHIRAN MARA BERANANG,2.906414,101.866473,rapidbus_kl,,0.45498596261298513,2490.756103515625,7.820743003334131
1001717,KJ618 BANDAR TASIK KESUMA FASA 4,2.913774,101.863854,rapidbus_kl,,0.3449383841150043,2368.628662109375,7.770488539198896
1003313,KJ619 PELANGI SEMENYIH 2,2.915586,101.863078,rapidbus_kl,,0.4392087282295089,2368.628662109375,7.770488539198896
1001339,KJ620 TAMAN MUTIARA RINCHING,2.920237,101.861834,rapidbus_kl,,0.06790932775759843,2100.470458984375,7.6503925972368645
1003136,KJ621 SJKT LADANG RINCHING,2.9229456247946,101.86038142327,rapidbus_kl,,0.29725508661411976,2100.470458984375,7.6503925972368645
1007634,KJ622 SETIA ECOHILL MALL,2.925481,101.857485,rapidbus_kl,,0.5540020873006556,3485.17724609375,8.156561069908955
1003911,(M) KJ623 LOTUS SEMENYIH (OPP),2.930202,101.855492,rapidbus_kl,,0.32844490947425803,4074.706298828125,8.312799335521742
1004067,KJ624 SEKSYEN 4 SEMENYIH,2.932643,101.854028,rapidbus_kl,,0.45012171844206156,4074.706298828125,8.312799335521742
1000607,KJ626 KG SENTOSA,2.945764,101.847881,rapidbus_kl,,0.3682718420259112,3344.685791015625,8.115426971284268
1001314,KJ630 DEWAN KOMUNITI SEMENYIH,2.949037,101.846218,rapidbus_kl,,0.44159599862091353,3344.685791015625,8.115426971284268
1003316,KJ631 SK SEMENYIH,2.950391,101.845552,rapidbus_kl,,0.38871784748835475,4311.484375,8.369269438144645
1002747,KJ632 TAMAN SEMENYIH,2.952695,101.844579,rapidbus_kl,,0.11733313181391462,4311.484375,8.369269438144645
1001287,KJ633 TAMAN DESA SEMENYIH,2.955701,101.843763,rapidbus_kl,,0.23525417343579347,4311.484375,8.369269438144645
1004012,KJ634 TAMAN AIN ANN/VISTA VALLEY,2.958225,101.840598,rapidbus_kl,,0.6163611523793701,2916.820068359375,7.9785920645219415
1002190,KJ489 BANDAR TEKNOLOGI KAJANG,2.973824,101.830574,rapidbus_kl,,0.48024276078287464,3677.72998046875,8.210322857594377
1001552,KJ498 KLINIK KESIHATAN KAJANG (OPP),2.978002,101.825625,rapidbus_kl,,0.2676899128745209,2182.27392578125,7.6885808300251615
1007637,KJ499 TAMAN MAJU KAJANG,2.979664,101.820014,rapidbus_kl,,0.11232081580612344,3925.90771484375,8.275607554134764
1000954,KJ500 KAJANG PRIMA,2.983647,101.815753,rapidbus_kl,,0.5717447713074072,3838.0185546875,8.252972028197636
1003364,KJ501 KOLEJ VOKASIONAL KAJANG (OPP),2.985768,101.812394,rapidbus_kl,,0.1937697838983816,8241.1484375,9.017016321624963
1003978,KJ502 TAMAN DAMAI INDAH,2.987309,101.807557,rapidbus_kl,,0.4108066509654378,8241.1484375,9.017016321624963
1004094,KJ503 TAMAN ZAMRUD KAJANG,2.988045,101.803731,rapidbus_kl,,0.1400530565707886,7559.21826171875,8.93065533935455
1001363,KJ504 TAMAN LEMBAH MEWAH,2.990019,101.800207,rapidbus_kl,,0.44390583063962225,7559.21826171875,8.93065533935455
1002026,KJ505 KOMPLEKS METRO POINT,2.991966,101.794467,rapidbus_kl,,0.3839341841155047,7438.63623046875,8.9145772328776
1007638,KJ472 KOMERSIAL BANDAR KAJANG,2.993154,101.790179,rapidbus_kl,,0.5036843540787725,5814.033203125,8.66820177484618
1000923,KJ473 HOSPITAL KAJANG,2.992596,101.793436,rapidbus_kl,,0.3385357830178872,7438.63623046875,8.9145772328776
1003366,KJ479 KOMPLEKS METRO POINT (OPP),2.991985,101.795188,rapidbus_kl,,0.3874752305593314,7438.63623046875,8.9145772328776
1003543,KJ480 TAMAN SG JELOK,2.991094,101.799421,rapidbus_kl,,0.5911930166560069,7559.21826171875,8.93065533935455
1004093,KJ481 TAMAN ZAMRUD KAJANG,2.988403,101.803434,rapidbus_kl,,0.15758018976284507,7559.21826171875,8.93065533935455
1000295,KJ482 TAMAN RESTU 7,2.987562,101.807948,rapidbus_kl,,0.3704630069869949,8241.1484375,9.017016321624963
1003228,KJ483 KOLEJ VOKASIONAL KAJANG,2.985496,101.813125,rapidbus_kl,,0.27300133218909733,8241.1484375,9.017016321624963
1003365,KJ484 KAJANG PRIMA,2.984252,101.815141,rapidbus_kl,,0.534654914561816,8241.1484375,9.017016321624963
1001344,KJ485 TAMAN MAJU KAJANG,2.979789,101.820757,rapidbus_kl,,0.1741830924227444,3925.90771484375,8.275607554134764
1001553,KJ486 KLINIK KESIHATAN KAJANG,2.978033,101.826053,rapidbus_kl,,0.22174320447991167,2182.27392578125,7.6885808300251615
1003840,KJ487 BANDAR TEKNOLOGI KAJANG,2.974423,101.830391,rapidbus_kl,,0.5234076933659494,3677.72998046875,8.210322857594377
1004013,KJ571 TAMAN AIK ANN,2.957589,101.841979,rapidbus_kl,,0.5155762943879235,4311.484375,8.369269438144645
1002804,KJ572 TAMAN DESA SEMENYIH,2.955752,101.844018,rapidbus_kl,,0.23126217938503188,4311.484375,8.369269438144645
1002034,KJ573 TAMAN SEMENYIH,2.952188,101.844895,rapidbus_kl,,0.17713102963027133,4311.484375,8.369269438144645
1007636,KJ574 KOMPLEKS PENGHULU SEMENYIH,2.950108,101.845923,rapidbus_kl,,0.43146769322270767,4311.484375,8.369269438144645
1002765,KJ575 DEWAN KOMUNITI SEMENYIH,2.948903,101.846527,rapidbus_kl,,0.4437019109292902,3344.685791015625,8.115426971284268
1003440,KJ576 KG SENTOSA,2.945746,101.848093,rapidbus_kl,,0.3914999469397211,3344.685791015625,8.115426971284268
1001013,KJ577 PETRON SEMENYIH,2.938315,101.850961,rapidbus_kl,,0.256702899638758,2613.47412109375,7.868818255355349
1002552,KJ578 TAMAN PELANGI SEMENYIH,2.932952,101.854245,rapidbus_kl,,0.4825196146558657,2613.47412109375,7.868818255355349
1003912,(M) KJ579 LOTUS SEMENYIH,2.930099,101.855888,rapidbus_kl,,0.36249182726142354,4074.706298828125,8.312799335521742
1007635,KJ580 ECONSAVE RINCHING,2.926143,101.857491,rapidbus_kl,,0.5081951132662929,3485.17724609375,8.156561069908955
1002038,KJ581 ASCOTTE BOULEVARD,2.922809,101.860791,rapidbus_kl,,0.2708252055007845,2100.470458984375,7.6503925972368645
1002824,KJ582 TAMAN MUTIARA RINCHING,2.918906,101.862757,rapidbus_kl,,0.23716216534906487,2100.470458984375,7.6503925972368645
1007633,KJ583 PELANGI SEMENYIH 2,2.915968,101.863225,rapidbus_kl,,0.48444792320919244,2368.628662109375,7.770488539198896
1002831,KJ584 BANDAR TASIK KESUMA FASA 4,2.913912,101.864086,rapidbus_kl,,0.3749046292564,2368.628662109375,7.770488539198896
1000246,KJ585 PERUMAHAN BANDAR TASIK KESUMA,2.909734,101.865672,rapidbus_kl,,0.5068374717293992,3596.06884765625,8.187874583811658
1001598,KJ587 KOLEJ PROFESIONAL MARA (OPP),2.903684,101.867508,rapidbus_kl,,0.23054375792155984,2490.756103515625,7.820743003334131
1001226,KJ588 SEMENYIH PARKLANDS,2.896654,101.869219,rapidbus_kl,,0.14337778248816765,3056.830810546875,8.025461058126139
1007632,KJ589 PEJABAT PERTUBUHAN PELADANG,2.894309,101.869946,rapidbus_kl,,0.12961896384979063,3056.830810546875,8.025461058126139
1001328,KJ590 TAMAN PKNS BERANANG,2.891338,101.870877,rapidbus_kl,,0.4757719694170263,3056.830810546875,8.025461058126139
1001159,KJ592 KG SESAPAN KELUBI (UTARA),2.886038,101.870613,rapidbus_kl,,0.16309945772913764,1540.16943359375,7.34029677969376
1007630,KJ594 KG SESAPAN BUKIT REMBAU,2.878111,101.872158,rapidbus_kl,,0.29467282409275275,1112.36474609375,7.015142011958866
1001282,KJ595 KG MACHANG HILIR,2.875275,101.872535,rapidbus_kl,,0.5067574243373533,1112.36474609375,7.015142011958866
1009090,KJ596 SRA INTEGRASI PEKAN BERANANG (OPP),2.874105,101.871876,rapidbus_kl,,0.48273581699556994,668.2228393554688,6.5061170978719804
1001689,SJ595 KTM KOMUTER SERDANG (OPP),3.0241019628791,101.71621852279,rapidbus_kl,,0.5545026297117193,6814.796875,8.826998266862036
1003430,KJ706 KOMERSIAL TAMAN DESA SERDANG,3.009058,101.723533,rapidbus_kl,,0.5527827863959578,7675.94921875,8.945977510080217
1000686,KJ368 FLAT DESA SERDANG,3.009291,101.724774,rapidbus_kl,,0.4670827641192135,3860.755615234375,8.258877181658008
1003971,KJ369 SMK DESA SERDANG,3.009912,101.727534,rapidbus_kl,,0.24516556270346232,3860.755615234375,8.258877181658008
1003432,KJ371 PERUMAHAN DESA SERDANG,3.0097960786166,101.73089073857,rapidbus_kl,,0.4168767711526747,3860.755615234375,8.258877181658008
1000696,KJ372 APARTMENT DESA SERDANG,3.009809,101.733348,rapidbus_kl,,0.40960737720110474,5366.14013671875,8.588050482646223
1000780,KJ374 APARTMENT SERI PULAI,3.0089005184331,101.73698322375,rapidbus_kl,,0.3631882844321707,5366.14013671875,8.588050482646223
1000781,KJ379 APARTMENT SERI PULAI (OPP),3.008451251656,101.73717708492,rapidbus_kl,,0.4168145881292914,5366.14013671875,8.588050482646223
1000697,(M) KJ381 KOMERSIAL TAMAN BUDIMAN,3.011867,101.736529,rapidbus_kl,,0.03927100338441259,5366.14013671875,8.588050482646223
1001992,KJ383 PERUSAHAAN TAMING JAYA,3.015695,101.737231,rapidbus_kl,,0.41610094621729143,5366.14013671875,8.588050482646223
1001498,KJ384 TAMAN INDUSTRI TAMING JAYA,3.0184592175301,101.73995330274,rapidbus_kl,,0.4653171141899967,6888.607421875,8.837769384427215
1001668,KJ385 TAMAN INDUSTRI SELESA JAYA,3.019895,101.741538,rapidbus_kl,,0.3430547395502902,6619.42333984375,8.79791459550331
1000034,KJ386 KOMERSIAL TAMING JAYA,3.024178,101.741853,rapidbus_kl,,0.5165241396858316,6619.42333984375,8.79791459550331
1000489,KJ699 KOMERSIAL TAMING JAYA,3.025513,101.740462,rapidbus_kl,,0.582200694199073,7727.25146484375,8.952637914809612
1003241,KJ700 SHELL TAMING JAYA,3.025295,101.735395,rapidbus_kl,,0.3957458707709971,7936.517578125,8.979355857765425
1004066,KJ740 TAMAN BUKIT BELIMBING (OPP),3.024767364984,101.7337201298,rapidbus_kl,,0.5244268335157339,7936.517578125,8.979355857765425
1004260,KJ701 WISMA TANJUNG BALAI,3.024359,101.730258,rapidbus_kl,,0.5096672354271065,4573.6298828125,8.428281074505351
1003332,SJ597 SK TAMAN SG BESI INDAH,3.0267299620342,101.7227460587,rapidbus_kl,,0.41692554143744437,7962.9775390625,8.982683844871534
1003923,(M) SJ598 THE MINES (OPP),3.026619,101.719623,rapidbus_kl,,0.2370197749551082,7962.9775390625,8.982683844871534
1006173,KL1291 KM1 BUKIT JALIL,3.058376,101.674439,rapidbus_kl,,0.5648298966489277,7233.60009765625,8.886630364235437
1000044,KL2020 AFC (OPP),3.0560439806125,101.67321488454,rapidbus_kl,,0.47716784415024177,5292.5224609375,8.574239174890991
1008703,PAVILION BUKIT JALIL,3.050082,101.673986,rapidbus_kl,,0.5973444360967567,3998.997802734375,8.294049090785471
1003940,KL2026 AURORA PLACE,3.054211,101.669275,rapidbus_kl,,0.06160020427416173,5292.5224609375,8.574239174890991
1000160,KL1293 APARTMENT ARENA GREEN,3.053789,101.688308,rapidbus_kl,,0.22859886569597157,6738.7626953125,8.815779994875914
1001791,KL151 LRT BKT JALIL,3.058519,101.691519,rapidbus_kl,,0.5223418280756567,7336.9541015625,8.900815349998213
1000612,KL1320 ENDAH VILLA CONDOMINIUM,3.0647242316022,101.6918424036,rapidbus_kl,,0.42286823555549663,7336.9541015625,8.900815349998213
1000613,KL1321 APT SRI ENDAH (OPP),3.064294,101.691108,rapidbus_kl,,0.4574816274385974,7336.9541015625,8.900815349998213
1000574,KL2027 DEWAN SRI ENDAH,3.0642100414548,101.68781556643,rapidbus_kl,,0.2935060695538598,6926.61279296875,8.843270558519958
1002306,KL2028 FLAT SRI ENDAH,3.063841723806,101.68891143219,rapidbus_kl,,0.35436745708116374,6926.61279296875,8.843270558519958
1000103,KL1322 APT TAMAN SRI ENDAH,3.064179,101.690972,rapidbus_kl,,0.46373274169986606,7336.9541015625,8.900815349998213
1001580,KL2029 8 PETALING CONDOMINIUM,3.066401,101.690988,rapidbus_kl,,0.59894429763842,9967.970703125,9.207232618220612
1001564,KL2031 KOMERSIAL SRI PETALING,3.0668173856689,101.692536059,rapidbus_kl,,0.4602708326209198,9967.970703125,9.207232618220612
1003926,KL1313 BANK ISLAM SRI PETALING,3.068718,101.695328,rapidbus_kl,,0.2062255282312205,9967.970703125,9.207232618220612
1002884,"KL1306 ZON J, BANDAR BARU SRI PETALING (UTARA)",3.069572,101.696299,rapidbus_kl,,0.21244382967498346,9967.970703125,9.207232618220612
1002907,"KL1307 ZON H, BANDAR BARU SRI PETALING (UTARA)",3.069741,101.699385,rapidbus_kl,,0.39923305526537345,9631.94921875,9.172944711151287
1003024,"KL1308 ZON G, SRI PETALING (TIMUR)",3.0676795159265,101.70077002231,rapidbus_kl,,0.38657212588184753,9631.94921875,9.172944711151287
1000122,KL1310 ENDAH RIA CONDOMINIUM,3.064168,101.699606,rapidbus_kl,,0.4345378879302082,7753.17626953125,8.955986850695117
1000611,(M) KL1311 ENDAH PROMENADE,3.0639369330267,101.69740585285,rapidbus_kl,,0.3751277270210195,7336.9541015625,8.900815349998213
1000449,KL1312 ENDAH PARADE,3.063836,101.695435,rapidbus_kl,,0.216618914387824,7336.9541015625,8.900815349998213
1001792,KL149 LRT BKT JALIL,3.058047,101.691406,rapidbus_kl,,0.5708722742482855,7336.9541015625,8.900815349998213
1000161,KL1299 APARTMENT ARENA GREEN (OPP),3.0518229558133,101.68870475194,rapidbus_kl,,0.3467588928169801,6738.7626953125,8.815779994875914
1000984,KL1550 I SHOPPE TPM,3.047908,101.688859,rapidbus_kl,,0.40084937062434717,6669.15283203125,8.805398051995176
1001008,KL2007 ENTERPRISE 3 TPM,3.048086,101.691714,rapidbus_kl,,0.43539385635247235,8916.0302734375,9.095718241154069
1002031,KL2008 MAXIS TOC TPM,3.051657,101.697283,rapidbus_kl,,0.379549907322567,7604.91162109375,8.936681068790636
1004139,KL2009 TPM CARPARK,3.055012,101.702792,rapidbus_kl,,0.14098326590494287,8115.19775390625,9.001617066581124
1000176,KL1540 ASTRO TPM,3.052423,101.700636,rapidbus_kl,,0.29306415065646285,8115.19775390625,9.001617066581124
1002032,KL2010 MAXIS TOC TPM,3.051317,101.697391,rapidbus_kl,,0.4128206465033741,7604.91162109375,8.936681068790636
1004159,KL1542 ENTERPRISE 3 TPM,3.048593,101.692752,rapidbus_kl,,0.4075065512475053,8916.0302734375,9.095718241154069
1001978,KL1551 MAYBANK TPM,3.047402,101.688837,rapidbus_kl,,0.362305841664674,6669.15283203125,8.805398051995176
1001072,KL2018 CALVARY CONVENTION CENTRE,3.050626,101.679712,rapidbus_kl,,0.4005501728449468,3998.997802734375,8.294049090785471
1000111,KL2019 ANJUNG HIJAU GREENFIELDS,3.055941,101.675214,rapidbus_kl,,0.3864908982150827,3998.997802734375,8.294049090785471
1006172,KL1743 GREEN AVENUE CONDOMINIUM,3.058659,101.673981,rapidbus_kl,,0.5795977054998337,7233.60009765625,8.886630364235437
1005059,KL2014 APARTMENT SERI CERIA,3.049908,101.654281,rapidbus_kl,,0.45331083105237385,10150.3515625,9.225362134472073
1005058,KL2015 PPR PINGGIRAN BUKIT JALIL,3.047828,101.653974,rapidbus_kl,,0.2927029924188072,7306.40771484375,8.896643868078254
1005056,PARAGON HEIGHTS,3.046102,101.658877,rapidbus_kl,,0.2742431793505425,5792.91748046875,8.664563935989136
1005054,KL2016 TAMAN LTAT,3.048706,101.664286,rapidbus_kl,,0.4974290009637852,5792.91748046875,8.664563935989136
1006154,(M) SJ362 LRT ALAM SUTERA,3.054798,101.657387,rapidbus_kl,,0.44443560374691554,6621.255859375,8.798191355140144
1001806,SJ363 TRINITY GROUP,3.053037,101.653427,rapidbus_kl,,0.09749393713572879,10150.3515625,9.225362134472073
1006155,GIANT BK (OPP),3.049758,101.647706,rapidbus_kl,,0.5633039933440874,10166.109375,9.2269132180613
1006169,SJ396 SMK SEKSYEN 4 BK,3.045756,101.645926,rapidbus_kl,,0.15382479870924015,10315.3095703125,9.241481375305586
1000014,SJ390 PERUMAHAN BK 5,3.0431383416948,101.64181376715,rapidbus_kl,,0.3984182553419711,10315.3095703125,9.241481375305586
1003155,SJ391 SMK SEKSYEN 3 BK (OPP),3.039055,101.642649,rapidbus_kl,,0.30687205180967453,8267.1845703125,9.020170244005868
1000584,SJ392 PERUMAHAN HARMONY (OPP),3.037455,101.647072,rapidbus_kl,,0.2794518678687217,8267.1845703125,9.020170244005868
1002419,SJ393 PERUMAHAN PERMAI,3.0374772748177,101.6496461669,rapidbus_kl,,0.3657382882551929,5068.09326171875,8.530917236748307
1001698,SJ394 IPD SUBANG JAYA,3.038108,101.651419,rapidbus_kl,,0.20153812043812297,5068.09326171875,8.530917236748307
1000879,SJ366 KINRARA GOLF CLUB,3.0372347705665,101.6548361739,rapidbus_kl,,0.21384589530266412,5068.09326171875,8.530917236748307
1000907,SJ367 PERUMAHAN HENING (OPP),3.036455,101.658491,rapidbus_kl,,0.31418397861576325,6674.76123046875,8.806238518783944
1001849,(M) SJ368 PERUMAHAN MELODY (OPP),3.036294,101.662527,rapidbus_kl,,0.16681145637601905,6674.76123046875,8.806238518783944
1001995,SJ369 MELODY KINRARA (OPP),3.0360102430403,101.66516950768,rapidbus_kl,,0.4513262753246512,6674.76123046875,8.806238518783944
1003263,SJ370 SIMFONI KINRARA,3.03601,101.666517,rapidbus_kl,,0.36075957411104936,6975.75537109375,8.850339241133595
1002145,SJ371 PANGSAPURI ENGGANG (OPP),3.036118,101.672652,rapidbus_kl,,0.3572967433415377,6975.75537109375,8.850339241133595
1005055,PARAGON HEIGHTS (OPP),3.045751,101.658777,rapidbus_kl,,0.2770553453065946,5792.91748046875,8.664563935989136
1005057,KL2012 PPR PINGGIRAN BUKIT JALIL,3.047876,101.653822,rapidbus_kl,,0.29135174108455897,7306.40771484375,8.896643868078254
1006287,(M) SJ680 LRT IOI PUCHONG,3.048111,101.62074,rapidbus_kl,,0.3259622805322867,7669.3837890625,8.945121930796876
1006678,SJ447 SKYPOD RESIDENCE,3.043501,101.620776,rapidbus_kl,,0.25086487574687827,7669.3837890625,8.945121930796876
1002768,SJ449 SETIA WALK,3.0329749146266,101.61732496691,rapidbus_kl,,0.5211335433644861,9600.365234375,9.169660579258835
1002228,SJ435 WAWASAN 1,3.03177,101.619272,rapidbus_kl,,0.33755741477503237,10539.8818359375,9.263016484244297
1006584,APARTMENT KENANGA & AKASIA,3.027926,101.62056,rapidbus_kl,,0.1420200211334298,10539.8818359375,9.263016484244297
1003604,SJ463 PANGSAPURI SRI BEGONIA,3.0254122375688,101.62412802894,rapidbus_kl,,0.5609860292465569,6264.22412109375,8.742769640208866
1003495,SJ464 PANGSAPURI SRI CAMELIA,3.0231191404209,101.62368354651,rapidbus_kl,,0.5455420286764393,8261.26953125,9.019454590427497
1006586,SRI CASSIA & CASA PUTERI CONDOMINIUM,3.020775,101.627648,rapidbus_kl,,0.04973197902459636,8193.5859375,9.011228963665927
1002166,SJ427 PANGSAPURI PERMATA SARI,3.0239270800967,101.62774144612,rapidbus_kl,,0.3908009725534948,8193.5859375,9.011228963665927
1002139,SJ428 PANGSAPURI DESA TANJUNG (OPP),3.025521,101.627719,rapidbus_kl,,0.35973758614264595,6264.22412109375,8.742769640208866
1008196,SJ429 SK PUSAT BANDAR PUCHONG,3.027615,101.626983,rapidbus_kl,,0.16331772458013472,6264.22412109375,8.742769640208866
1002749,SJ440 KIARA APARTMENT,3.0292469225717,101.62607908965,rapidbus_kl,,0.21134497832134033,6264.22412109375,8.742769640208866
1002180,PANGSAPURI SRI SERAKA,3.0314962926377,101.62714074811,rapidbus_kl,,0.31726253025769263,6264.22412109375,8.742769640208866
1002162,SJ663 SRI PENAGA APARTMENT,3.034469,101.628047,rapidbus_kl,,0.2910844070297643,6169.0986328125,8.727470102640785
1004088,SJ421 TAMAN WAWASAN,3.0355825392924,101.62471921191,rapidbus_kl,,0.39227510398100535,6169.0986328125,8.727470102640785
1002767,SJ450 SETIA WALK (UTARA),3.0326915422174,101.61802903924,rapidbus_kl,,0.47100040128617,10539.8818359375,9.263016484244297
1003913,SJ516 LOTUS EXTRA PUCHONG,3.035177,101.616545,rapidbus_kl,,0.39841352459313517,9600.365234375,9.169660579258835
1001010,SJ610 IOI MALL PUCHONG,3.0435545736493,101.61873927724,rapidbus_kl,,0.22728064689679503,7669.3837890625,8.945121930796876
1002156,SJ275 PANGSAPURI MELUR,2.988061,101.594752,rapidbus_kl,,0.1102992953938258,4804.86474609375,8.477592273181664
1002143,SJ277 PANGSAPURI AMAN,2.990875,101.594811,rapidbus_kl,,0.422352381854663,4804.86474609375,8.477592273181664
1002153,SJ280 PANGSAPURI LILI (OPP),2.9928979198191,101.59486387577,rapidbus_kl,,0.28182545034832907,5084.705078125,8.53418895730213
1002141,SJ281 DESA IMPIANA,2.995276476385,101.59489289101,rapidbus_kl,,0.03779261424298348,5084.705078125,8.53418895730213
1006576,SJ282 LRT PUCHONG PRIMA,2.999823,101.596442,rapidbus_kl,,0.48301995602373077,7066.7373046875,8.86329566589652
1002514,SJ670 PUCHONG PRIMA SEKSYEN 2,3.002367,101.597387,rapidbus_kl,,0.34728457247788974,7066.7373046875,8.86329566589652
1001985,SJ283 FLAT PUCHONG PRIMA A14,3.0053918568915,101.59797615813,rapidbus_kl,,0.4186804861349266,7066.7373046875,8.86329566589652
1001742,SJ284 FLAT PUCHONG PRIMA A35,3.007689,101.597608,rapidbus_kl,,0.5519573990509856,7066.7373046875,8.86329566589652
1000432,SJ285 PERMAI COURT PUCHONG PERDANA (OPP),3.007936,101.599682,rapidbus_kl,,0.5845264216938788,9059.1357421875,9.111639381506189
1000338,SJ286 FLAT PUCHONG PERDANA (OPP),3.007926,101.601774,rapidbus_kl,,0.4793807242993613,9059.1357421875,9.111639381506189
1000849,SJ299 LRT PUCHONG PERDANA,3.008053,101.606129,rapidbus_kl,,0.5728246332955224,9059.1357421875,9.111639381506189
1002345,SJ303 BALAI MASYARAKAT PUCHONG PERDANA (OPP),3.005631,101.609175,rapidbus_kl,,0.31113896863015555,9184.404296875,9.125371013759981
1003258,SJ304 TAMAN PERINDUSTRIAN PUCHONG UTAMA (UTARA),3.003378,101.609309,rapidbus_kl,,0.21942722209714544,9184.404296875,9.125371013759981
1002344,SJ305 TAMAN PERINDUSTRIAN PUCHONG UTAMA (SELATAN),3.001535,101.609512,rapidbus_kl,,0.3128921861149509,9184.404296875,9.125371013759981
1002740,SJ674 TAMAN MAJU JAYA,2.998144,101.610977,rapidbus_kl,,0.30475109825102276,8771.0234375,9.079322781387834
1003980,SJ263 TAMAN PERINDUSTRIAN MAJU JAYA,2.995706,101.612192,rapidbus_kl,,0.10947392113268203,8771.0234375,9.079322781387834
1003030,SJ261 TAMAN PUCHONG UTAMA 6,2.993349,101.613126,rapidbus_kl,,0.310297656935517,8771.0234375,9.079322781387834
1002221,SJ238 TAMAN PUCHONG UTAMA 12,2.990369,101.612794,rapidbus_kl,,0.40357782681562804,6629.02099609375,8.79936325000653
1003648,SJ239 SK PUCHONG UTAMA 1 (OPP),2.988236,101.611677,rapidbus_kl,,0.13665499578568446,6629.02099609375,8.79936325000653
1002926,SJ240 TAMAN PUCHONG UTAMA 10 (TIMUR),2.986889,101.611272,rapidbus_kl,,0.02177302434114026,6629.02099609375,8.79936325000653
1002223,SJ241 TAMAN PUCHONG UTAMA 10 (TIMUR),2.985159,101.612343,rapidbus_kl,,0.24604192180143805,6629.02099609375,8.79936325000653
1003028,SJ242 TAMAN PUCHONG UTAMA 10 (SELATAN),2.984517,101.613113,rapidbus_kl,,0.35250524183043863,6629.02099609375,8.79936325000653
1003819,SJ243 TAMAN PUCHONG UTAMA (SELATAN),2.985995,101.614797,rapidbus_kl,,0.4120930700398939,6629.02099609375,8.79936325000653
1004208,SJ244 TAMAN PUCHONG UTAMA 8,2.987493,101.615604,rapidbus_kl,,0.44417628835507944,8375.900390625,9.033233243265995
1002641,SJ237 TERMINAL PUCHONG UTAMA,2.990446,101.615552,rapidbus_kl,,0.583222478012081,8375.900390625,9.033233243265995
1003820,(M) SJ245 TAMAN PUCHONG UTAMA 8,2.987038,101.615507,rapidbus_kl,,0.45263614763455917,8375.900390625,9.033233243265995
1003027,SJ247 TAMAN PUCHONG UTAMA 10 (SELATAN),2.9843824266469,101.61310387347,rapidbus_kl,,0.3641516450600393,6629.02099609375,8.79936325000653
1002222,SJ248 TAMAN PUCHONG UTAMA 10 (TIMUR),2.985405,101.612348,rapidbus_kl,,0.22296328402325538,6629.02099609375,8.79936325000653
1002924,SJ249 TAMAN PUCHONG UTAMA 10 (TIMUR),2.986396,101.611857,rapidbus_kl,,0.10194958232870426,6629.02099609375,8.79936325000653
1003647,SJ256 SK PUCHONG UTAMA 1,2.988302,101.611422,rapidbus_kl,,0.13683362530339432,6629.02099609375,8.79936325000653
1002230,SJ259 TAMAN PUCHONG UTAMA 12,2.990412,101.612515,rapidbus_kl,,0.3958851370743476,6629.02099609375,8.79936325000653
1003029,SJ260 TAMAN PUCHONG UTAMA 6,2.993282,101.613019,rapidbus_kl,,0.3081494116043297,8771.0234375,9.079322781387834
1003998,SJ262 TAMAN PERINDUSTRIAN MAJU JAYA,2.995563,101.612445,rapidbus_kl,,0.13373122789258754,8771.0234375,9.079322781387834
1002346,SJ264 TAMAN PERINDUSTRIAN PUCHONG UTAMA (SELATAN),3.00158019011,101.60929615772,rapidbus_kl,,0.32446069823310414,9184.404296875,9.125371013759981
1001722,SJ265 TAMAN PERINDUSTRIAN PUCHONG UTAMA (UTARA),3.003265,101.609156,rapidbus_kl,,0.23865654871652012,9184.404296875,9.125371013759981
1008639,SJ266 BALAI MASYARAKAT PUCHONG PERDANA,3.005584,101.609054,rapidbus_kl,,0.3178361914296781,9184.404296875,9.125371013759981
1006575,(M) SJ267 LRT PUCHONG PERDANA,3.007707,101.605601,rapidbus_kl,,0.5314635769795127,6494.54052734375,8.778871147711797
1000339,SJ268 FLAT PUCHONG PERDANA,3.007673,101.601724,rapidbus_kl,,0.4558450096709885,6494.54052734375,8.778871147711797
1000433,SJ269 PERMAI COURT PUCHONG PERDANA,3.0077011483503,101.59945715149,rapidbus_kl,,0.5835630694856322,6494.54052734375,8.778871147711797
1001986,SJ271 FLAT PUCHONG PRIMA (SELATAN),3.005145,101.598267,rapidbus_kl,,0.437499530827878,7066.7373046875,8.86329566589652
1006574,PJ272 LRT PUCHONG PRIMA,2.999871,101.596714,rapidbus_kl,,0.4919935393032146,7066.7373046875,8.86329566589652
1003310,SJ273 SMK PUCHONG PERMAI,2.994193,101.595251,rapidbus_kl,,0.15499333363047776,5084.705078125,8.53418895730213
1002144,SJ274 PANGSAPURI LILI,2.992162,101.595106,rapidbus_kl,,0.3665550521389602,5084.705078125,8.53418895730213
1002154,SJ278 PANGSAPURI AMAN (OPP),2.990821,101.595118,rapidbus_kl,,0.4198136331254315,4804.86474609375,8.477592273181664
1002207,SJ279 PPMU PUCHONG PERDANA,2.989377,101.595088,rapidbus_kl,,0.26111655857734045,4804.86474609375,8.477592273181664
1008326,(M) KOMERSIAL TAMAN PUTRA PERMAI,2.977545,101.592466,rapidbus_kl,,0.27059061371912924,2449.355224609375,7.803988282665271
1008327,TAMAN PUTRA PRIMA 2B,2.974266,101.589378,rapidbus_kl,,0.551244396178265,2168.3837890625,7.682198438033946
1008329,SP242 CALISA RESIDENCE,2.975515,101.582665,rapidbus_kl,,0.5365223210500432,2563.132568359375,7.849375520432274
1008330,KOMERSIAL TAMAN PUTRA PERMAI,2.979677,101.591514,rapidbus_kl,,0.3560305796338636,2449.355224609375,7.803988282665271
1006583,TAMAN PUCHONG TEKALI,2.980366,101.594754,rapidbus_kl,,0.18067070095574742,2449.355224609375,7.803988282665271
1001939,SJ270 FLAT PUCHONG PRIMA (UTARA),3.007593,101.597938,rapidbus_kl,,0.5669048998731951,7066.7373046875,8.86329566589652
1002430,SJ669 PUCHONG PRIMA SEKSYEN 2,3.002474,101.597729,rapidbus_kl,,0.37706742768312884,7066.7373046875,8.86329566589652
1000025,SJ345 JEJANTAS TAMAN KINRARA,3.0640580865611,101.64927564385,rapidbus_kl,,0.46001926284020617,5846.6455078125,8.673794381913167
1008309,SJ654 TAMAN KINRARA SEKSYEN 1,3.062814,101.648076,rapidbus_kl,,0.396269889581454,9928.4111328125,9.203256453449224
1001396,SJ346 TAMAN PAIK SIONG,3.0614401901635,101.64642875202,rapidbus_kl,,0.21707782986626872,9928.4111328125,9.203256453449224
1001397,SJ347 TUDM KINRARA,3.0599994816712,101.64395831592,rapidbus_kl,,0.2418914756789693,9928.4111328125,9.203256453449224
1002150,SJ335 APARTMENT VISTA LAVENDER,3.061146,101.641451,rapidbus_kl,,0.3630477999813798,9928.4111328125,9.203256453449224
1001658,SJ319 TAMAN KINRARA SEKSYEN 4,3.065266,101.639744,rapidbus_kl,,0.5251420977305286,9974.5029296875,9.20788765950336
1002762,SJ320 PANGSAPURI SURIA (OPP),3.066261,101.639245,rapidbus_kl,,0.5693556839614814,8007.25732421875,8.98822845387274
1000733,SJ321 APARTMENT KINRARA (OPP),3.066318,101.636094,rapidbus_kl,,0.456099923557439,8007.25732421875,8.98822845387274
1001234,SJ322 TAMAN MAWAR,3.064822,101.632372,rapidbus_kl,,0.5273512932720668,9974.5029296875,9.20788765950336
1001030,SJ323 JASMINE COURT,3.063285,101.630505,rapidbus_kl,,0.3169722903450811,9265.0556640625,9.134113073303952
1003342,SJ324 SMK BATU 8,3.061794,101.628852,rapidbus_kl,,0.1087732190114493,9265.0556640625,9.134113073303952
1003622,(M) SJ310 APARTMENT SRI TANJUNG,3.060544,101.625614,rapidbus_kl,,0.3076601345810907,9265.0556640625,9.134113073303952
1000090,SJ326 PERUMAHAN BELATOK 5,3.059479,101.623288,rapidbus_kl,,0.503111421546649,6817.95849609375,8.827462025992928
1003718,SJ328 APARTMENT SRI ANGGERIK 2 (OPP),3.057133,101.621791,rapidbus_kl,,0.44899981689885826,8168.99365234375,9.008223410906837
1000092,SJ329 APARTMENT SRI ANGGERIK (OPP),3.054858,101.621059,rapidbus_kl,,0.20502748839577617,8168.99365234375,9.008223410906837
1006291,SJ738 TAMAN MUTIARA PUCHONG (TIMUR),3.0325314,101.6124081,rapidbus_kl,,0.4396894649360728,7895.5126953125,8.974176510022678
1006292,SJ739 TAMAN MUTIARA PUCHONG (BARAT),3.032042,101.610824,rapidbus_kl,,0.36907028309353035,7895.5126953125,8.974176510022678
1006293,SJ740 TAMAN PERINDUSTRIAN PUCHONG,3.030872,101.610645,rapidbus_kl,,0.24529973204483596,7895.5126953125,8.974176510022678
1006297,SJ741 TAMAN SRI PUCHONG (UTARA),3.029818,101.608907,rapidbus_kl,,0.28593919388786315,7895.5126953125,8.974176510022678
1006299,SJ742 SURAU ALHIDAYAH,3.028734,101.608024,rapidbus_kl,,0.35817438842944993,7895.5126953125,8.974176510022678
1006301,SJ743 TAMAN SRI PUCHONG (TENGAH),3.026987,101.607507,rapidbus_kl,,0.4595037058109454,7895.5126953125,8.974176510022678
1006303,SJ744 TAMAN SRI PUCHONG (SELATAN),3.023137,101.606801,rapidbus_kl,,0.5268379303631083,7158.177734375,8.876150411792157
1006305,SJ745 PANGSAPURI DESA IMPIAN (OPP),3.021732,101.607613,rapidbus_kl,,0.42947374772477187,9494.44140625,9.158567110449146
1006307,SJ746 POS LAJU PUCHONG (OPP),3.021601,101.610377,rapidbus_kl,,0.1634795520726721,9494.44140625,9.158567110449146
1006309,SJ747 KOMPLEKS INDUSTRI PUCHONG,3.022772,101.611011,rapidbus_kl,,0.2632163210900856,9494.44140625,9.158567110449146
1006311,SJ749 LRT PERINDUSTRIAN PUCHONG,3.022707,101.613332,rapidbus_kl,,0.3439691921944223,9494.44140625,9.158567110449146
1006308,SJ750 POS LAJU PUCHONG,3.021478,101.610378,rapidbus_kl,,0.15260870818108352,9494.44140625,9.158567110449146
1006306,SJ751 PANGSAPURI DESA IMPIAN,3.021649,101.607231,rapidbus_kl,,0.4667868939979602,9494.44140625,9.158567110449146
1006304,SJ752 TAMAN SRI PUCHONG (SELATAN),3.022975,101.606616,rapidbus_kl,,0.49968518420369074,7158.177734375,8.876150411792157
1006302,SJ753 TAMAN SRI PUCHONG (TENGAH),3.026812,101.607364,rapidbus_kl,,0.48228867119365737,7895.5126953125,8.974176510022678
1006300,SJ754 SURAU ALHIDAYAH (OPP),3.028994,101.607972,rapidbus_kl,,0.36495218040385624,7895.5126953125,8.974176510022678
1006298,SJ755 TAMAN SRI PUCHONG (UTARA),3.029936,101.608795,rapidbus_kl,,0.3027768882940626,7895.5126953125,8.974176510022678
1006296,SJ756 TAMAN PERINDUSTRIAN PUCHONG,3.030828,101.610509,rapidbus_kl,,0.2452406125017536,7895.5126953125,8.974176510022678
1006295,SJ757 TAMAN MUTIARA PUCHONG (BARAT),3.032191,101.610732,rapidbus_kl,,0.386892959149398,7895.5126953125,8.974176510022678
1006294,SJ758 TAMAN MUTIARA PUCHONG (TIMUR),3.032654,101.612265,rapidbus_kl,,0.44848709557155214,7895.5126953125,8.974176510022678
1006286,SJ735 LRT PUSAT BANDAR PUCHONG,3.033481,101.61616,rapidbus_kl,,0.5522018922574239,9600.365234375,9.169660579258835
1004199,SJ681 KOMERSIAL RAJAWALI,3.0525738384977,101.62219229894,rapidbus_kl,,0.31789426874728083,8168.99365234375,9.008223410906837
1001601,SJ682 KOLEJ PUTRA,3.054673,101.619448,rapidbus_kl,,0.10369942398786984,8168.99365234375,9.008223410906837
1000091,SJ306 APARTMENT SRI ANGGERIK,3.055012,101.620867,rapidbus_kl,,0.20003616045206232,8168.99365234375,9.008223410906837
1000147,SJ307 APARTMENT SRI ANGGERIK 2,3.0568067650048,101.62154402408,rapidbus_kl,,0.4036476443824788,8168.99365234375,9.008223410906837
1000148,SJ308 APARTMENT SRI ANGGERIK 2,3.058445,101.621545,rapidbus_kl,,0.4595136232922497,6817.95849609375,8.827462025992928
1002932,(M) SJ309 PERUMAHAN BELATOK 7,3.059481,101.622942,rapidbus_kl,,0.472078182554381,6817.95849609375,8.827462025992928
1003341,SJ313 SMK BATU 8 (OPP),3.061966,101.628941,rapidbus_kl,,0.11452999767680848,9265.0556640625,9.134113073303952
1001029,SJ314 JASMINE COURT (OPP),3.063283,101.630361,rapidbus_kl,,0.3024496143321203,9265.0556640625,9.134113073303952
1002805,SJ315 TAMAN MAWAR,3.064898,101.632245,rapidbus_kl,,0.5437455597598503,9974.5029296875,9.20788765950336
1000732,SJ316 APARTMENT KINRARA,3.066432,101.636847,rapidbus_kl,,0.4480338284914193,8007.25732421875,8.98822845387274
1002761,SJ317 PANGSAPURI SURIA,3.066359,101.639419,rapidbus_kl,,0.5722221303871616,8007.25732421875,8.98822845387274
1003618,SJ318 APARTMENT SRI SUNWAY,3.065094,101.639875,rapidbus_kl,,0.5235485775178796,9974.5029296875,9.20788765950336
1002151,SJ336 APARTMENT SURIA KINRARA,3.061628,101.641727,rapidbus_kl,,0.3211323296664614,9928.4111328125,9.203256453449224
1001269,SJ348 TUDM KINRARA (OPP),3.059714993532,101.64272805478,rapidbus_kl,,0.334338857752907,9928.4111328125,9.203256453449224
1004014,SJ338 KOMERSIAL PAIK SIONG,3.0613621064222,101.64556669176,rapidbus_kl,,0.13552375060088334,9928.4111328125,9.203256453449224
1002193,SJ339 KOMERSIAL TAMAN KINRARA,3.0626925917768,101.64745798043,rapidbus_kl,,0.3263384077160255,9928.4111328125,9.203256453449224
1006279,SJ683 LRT BANDAR PUTERI,3.017196,101.613015,rapidbus_kl,,0.40828264162949207,9494.44140625,9.158567110449146
1000587,SJ479 PERINDUSTRIAN BUKIT PUCHONG,3.0110111089595,101.61381731482,rapidbus_kl,,0.3090542940772065,9800.3984375,9.190280352182397
1001579,SJ480 KOI TROPIKA CONDOMINIUM,3.008317,101.615907,rapidbus_kl,,0.5848260062277737,10061.755859375,9.216596348422192
1001920,SJ481 KG PASIR PUCHONG,3.006318,101.618695,rapidbus_kl,,0.3020716372164258,9503.7666015625,9.159548699288322
1006280,"SJ704 SERI JATI, PUCHONG HARTAMAS",3.003995,101.619726,rapidbus_kl,,0.03151747547871654,9503.7666015625,9.159548699288322
1006282,SJ706 PANGSAPURI SERI JATI,3.004749,101.623019,rapidbus_kl,,0.3973831076051767,9503.7666015625,9.159548699288322
1006283,SJ711 KIM CREST,3.001958,101.625734,rapidbus_kl,,0.31374314938895687,7410.9443359375,8.910848077384808
1006284,SJ712 PUTERI HILLS,3.002701,101.627919,rapidbus_kl,,0.1166655189911897,7410.9443359375,8.910848077384808
1003606,SJ456 BANDAR PUTERI 10,3.0087854790176,101.62666521537,rapidbus_kl,,0.39215647566315676,8085.13525390625,8.997906176984673
1002503,SJ457 BANDAR PUTERI (TIMUR),3.011154,101.627192,rapidbus_kl,,0.1309620927943497,8085.13525390625,8.997906176984673
1003813,SJ459 BANDAR PUTERI (TENGAH),3.011532,101.625109,rapidbus_kl,,0.31769849779641157,8085.13525390625,8.997906176984673
1003841,SJ460 PETRONAS BANDAR PUTERI,3.013376,101.622359,rapidbus_kl,,0.34011321232647357,10061.755859375,9.216596348422192
1002693,SJ470 SERENA TERRACE HOUSE,3.016272,101.623947,rapidbus_kl,,0.637713384751982,8193.5859375,9.011228963665927
1005070,THE CUBE,3.017535,101.625856,rapidbus_kl,,0.3937316108205303,8193.5859375,9.011228963665927
1005071,PANGSAPURI SRI ALPINIA,3.018896,101.627373,rapidbus_kl,,0.17954946190011595,8193.5859375,9.011228963665927
1002138,SJ661 PANGSAPURI SRI PINANG/SJKC KHENG CHEE,3.022129,101.627758,rapidbus_kl,,0.19119058840560937,8193.5859375,9.011228963665927
1005072,SJ441 PERUMAHAN WAWASAN 2,3.032109,101.624603,rapidbus_kl,,0.5242538191861564,6264.22412109375,8.742769640208866
1006585,SJ452 HOSPITAL COLUMBIA PUCHONG,3.023342,101.622731,rapidbus_kl,,0.47748077160573776,8261.26953125,9.019454590427497
1000917,SJ478 GIANT BANDAR PUTERI PUCHONG (OPP),3.024572,101.617303,rapidbus_kl,,0.5268438937319371,8261.26953125,9.019454590427497
1000203,PJ429 IPD PJ,3.098077,101.641393,rapidbus_kl,,0.4614568856881219,6173.63720703125,8.728205407872444
1002848,PJ430 SEKSYEN 8 (SELATAN),3.096506,101.641083,rapidbus_kl,,0.40704114046279494,6173.63720703125,8.728205407872444
1001628,PJ464 BALAI BOMBA JLN PENCHALA (OPP),3.093375,101.640679,rapidbus_kl,,0.48932736913553104,6173.63720703125,8.728205407872444
1002958,PJ465 SEKSYEN 51 (UTARA),3.091156,101.640418,rapidbus_kl,,0.6472400819847616,7396.552734375,8.908904512924185
1001487,PJ466 SEKSYEN 4,3.089138,101.640615,rapidbus_kl,,0.49627946431331754,7396.552734375,8.908904512924185
1002270,PJ468 PASAR PJ OLD TOWN,3.087565,101.643974,rapidbus_kl,,0.0862420625338215,7396.552734375,8.908904512924185
1000369,KL1367 BOMBA KLANG LAMA (OPP),3.082215,101.660945,rapidbus_kl,,0.38675049963967784,8951.755859375,9.099716681120718
1002594,KL1368 TAMAN SERI SENTOSA (TIMUR),3.079737,101.661893,rapidbus_kl,,0.13093403124091038,8951.755859375,9.099716681120718
1000186,KL1369 AVENUE COURT,3.077789,101.658869,rapidbus_kl,,0.2851196926265897,8951.755859375,9.099716681120718
1000692,KL1370 APT SERI SENTOSA AC4 (OPP),3.077293,101.656362,rapidbus_kl,,0.41549171586692435,8022.9072265625,8.990180767581224
1000143,KL1371 APT SERI SENTOSA (OPP),3.076993,101.654873,rapidbus_kl,,0.29220117916925914,8022.9072265625,8.990180767581224
1000138,KL1381 APT PINANG 1A SERI SENTOSA,3.076273,101.653644,rapidbus_kl,,0.287058590021548,8022.9072265625,8.990180767581224
1000137,KL1382 APT PINANG BLOK 13,3.075151,101.653141,rapidbus_kl,,0.4009892836669434,8022.9072265625,8.990180767581224
1002296,KL1383 FLAT TAMAN SERI SENTOSA,3.073152578695,101.65191453151,rapidbus_kl,,0.3238952189607389,7805.2783203125,8.962683601769628
1000326,KL1372 1K TRICOURT,3.0711292077064,101.65163999894,rapidbus_kl,,0.16234588953929266,7805.2783203125,8.962683601769628
1000327,KL1373 SURAU NURUL IMAN (OPP),3.0711451758857,101.64981970302,rapidbus_kl,,0.35323706744945965,7805.2783203125,8.962683601769628
1000237,KL1374 BAYVIEW COURT ID,3.0716721193317,101.6484691135,rapidbus_kl,,0.4535156752037455,9466.9912109375,9.155672042342093
1003612,(M) PJ124 SRI MANJA SQUARE,3.0734890746854,101.64688810437,rapidbus_kl,,0.42686439961769024,9466.9912109375,9.155672042342093
1002949,(M) PJ126 HAB BAS SERI MANJA,3.074771,101.643962,rapidbus_kl,,0.44780560419297405,9147.6552734375,9.121362182817565
1001150,PJ768 SPG SRI MANJA 5,3.075261,101.645564,rapidbus_kl,,0.40298285872672823,9147.6552734375,9.121362182817565
1003750,PJ769 SURAU AL-ISLAH (OPP),3.077348,101.646284,rapidbus_kl,,0.24491723203933255,9147.6552734375,9.121362182817565
1002479,PJ129 PANGSAPURI PERMAI (OPP),3.079745,101.646488,rapidbus_kl,,0.23870491728092832,9147.6552734375,9.121362182817565
1002269,PJ416 PASAR PJ OLD TOWN (OPP),3.087244,101.644418,rapidbus_kl,,0.02556926001380605,7396.552734375,8.908904512924185
1000046,PJ751 PJ OLD TOWN SEKSYEN 2,3.087546,101.642545,rapidbus_kl,,0.23204929894377888,7396.552734375,8.908904512924185
1003502,PJ417 SEKSYEN 51 (SELATAN),3.088242,101.640685,rapidbus_kl,,0.45156498087341707,7396.552734375,8.908904512924185
1001627,PJ420 KOMPLEKS WAN KIEN,3.094208,101.640514,rapidbus_kl,,0.47135819986529726,6173.63720703125,8.728205407872444
1001603,(M) KS32 KOLEJ RAFFLESIA 2,3.197021,101.450414,rapidbus_kl,,0.3301415275588554,1970.2613525390625,7.586428897316625
1001588,KS33 FAKULTI PENDIDIKAN,3.1991880510639,101.4473818394,rapidbus_kl,,0.5219219531206643,1285.133056640625,7.159395364951307
1001586,KS34 FAKULTI FARMASI,3.2017856496153,101.44878222544,rapidbus_kl,,0.5083010447556444,1698.250244140625,7.437942399902256
1002548,KS359 PINTU MASUK UITM,3.212856,101.449552,rapidbus_kl,,0.3832516089540739,777.7234497070312,6.65765597604635
1002516,KS35 PUNCAK ALAM DRIVING RANGE,3.218375,101.445366,rapidbus_kl,,0.2431191423094344,710.7538452148438,6.567732128623137
1008306,KS36 PETRONAS PUNCAK ALAM 1 (OPP),3.220438,101.445703,rapidbus_kl,,0.12437067625144624,710.7538452148438,6.567732128623137
1000361,KS355 PUNCAK ALAM FOUNTAIN (TIMUR),3.222292,101.436844,rapidbus_kl,,0.21869918165418284,1787.9500732421875,7.489384175484966
1003071,KS343 PUNCAK ALAM FOUNTAIN (BARAT),3.222702,101.435852,rapidbus_kl,,0.2579016053492203,1787.9500732421875,7.489384175484966
1003786,(M) KS47 PUNCAK ALAM FASA 2,3.227762,101.431849,rapidbus_kl,,0.45022039783597073,2533.76123046875,7.837854722425004
1009088,"(M) KS1 PUNCAK BESTARI, PUNCAK ALAM",3.231187,101.427894,rapidbus_kl,,0.27097177027160047,2533.76123046875,7.837854722425004
1008503,KS2 MASJID PUNCAK ALAM (TIMUR),3.235128,101.426954,rapidbus_kl,,0.2422698067881367,1665.279052734375,7.418348307340538
1009084,KS8 LOTUS PUNCAK ALAM (OPP),3.238984,101.426512,rapidbus_kl,,0.2626057339735621,1665.279052734375,7.418348307340538
1003447,"KS9 KLINIK 1 MALAYSIA, PUNCAK ALAM",3.240252,101.426835,rapidbus_kl,,0.37220644766551625,1665.279052734375,7.418348307340538
1003041,KS10 PUNCAK ALAM FASA 3,3.241957,101.425942,rapidbus_kl,,0.44277234467685345,1947.820556640625,7.574979625818229
1006126,KS11 PUSAT NIAGA ASTANA,3.243252,101.425333,rapidbus_kl,,0.3744238976203985,1947.820556640625,7.574979625818229
1003729,KS12 SURAU HAJI ISMAIL (OPP),3.246031,101.427553,rapidbus_kl,,0.07930864614816456,1947.820556640625,7.574979625818229
1003730,KS14 SURAU HAJI ISMAIL,3.245881,101.427595,rapidbus_kl,,0.06273507416627998,1947.820556640625,7.574979625818229
1003836,KS15 PUSAT NIAGA ASTANA,3.243166,101.425497,rapidbus_kl,,0.36712018283727504,1947.820556640625,7.574979625818229
1003020,KS16 PUNCAK ALAM FASA 3,3.242167,101.425962,rapidbus_kl,,0.4214939480854705,1947.820556640625,7.574979625818229
1003448,"KS17 KLINIK 1 MALAYSIA, PUNCAK ALAM",3.240846,101.426662,rapidbus_kl,,0.4409321025276249,1665.279052734375,7.418348307340538
1009085,KS18 LOTUS PUNCAK ALAM,3.238838,101.426867,rapidbus_kl,,0.2272198209422069,1665.279052734375,7.418348307340538
1008504,KS3 LOTUS PUNCAK ALAM,3.235895,101.427156,rapidbus_kl,,0.15681117574962505,1665.279052734375,7.418348307340538
1009089,"KS23 PUNCAK BESTARI, PUNCAK ALAM",3.231074,101.428343,rapidbus_kl,,0.2627024336719838,2533.76123046875,7.837854722425004
1003787,(M) KS24 PUNCAK ALAM FASA 2,3.228419,101.431334,rapidbus_kl,,0.38121382308078755,2533.76123046875,7.837854722425004
1003072,KS344 PUNCAK ALAM FOUNTAIN (BARAT),3.223005,101.436045,rapidbus_kl,,0.28868304468124767,1787.9500732421875,7.489384175484966
1002648,KS353 PUNCAK ALAM FOUNTAIN (TIMUR),3.222634,101.437001,rapidbus_kl,,0.26026546370846987,1787.9500732421875,7.489384175484966
1008307,KS25 PETRONAS PUNCAK ALAM,3.220468,101.446085,rapidbus_kl,,0.16685476777018238,710.7538452148438,6.567732128623137
1003585,KS26 PUNCAK ALAM DRIVING RANGE,3.218445,101.445668,rapidbus_kl,,0.2501732299595723,710.7538452148438,6.567732128623137
1002549,KS356 PINTU MASUK UITM,3.212472,101.450369,rapidbus_kl,,0.2860786665698595,777.7234497070312,6.65765597604635
1001587,KS27 FAKULTI FARMASI (OPP),3.2018975909991,101.44896812115,rapidbus_kl,,0.4843221848958197,1698.250244140625,7.437942399902256
1001589,KS28 HOTEL UITM PUNCAK ALAM,3.1992125478186,101.44759943415,rapidbus_kl,,0.5387871060385615,1285.133056640625,7.159395364951307
1008304,KOLEJ DAHLIA 3 (OPP),3.197691,101.454316,rapidbus_kl,,0.29680625173854247,1970.2613525390625,7.586428897316625
1008305,KOLEJ CASUARINA 2,3.199111,101.454157,rapidbus_kl,,0.4332506457918199,1970.2613525390625,7.586428897316625
1000572,KS31 KOMPLEKS ANGSANA,3.2006289856591,101.45174512568,rapidbus_kl,,0.3706186209036454,1698.250244140625,7.437942399902256
1001584,KS358 KOLEJ RAFFLESIA 6,3.1991412518425,101.44942909171,rapidbus_kl,,0.5669162740222228,1970.2613525390625,7.586428897316625
1001091,SA21 SAMT TENGKU AMPUAN JEMAAH,3.078956,101.525796,rapidbus_kl,,0.23653277966659186,6941.37646484375,8.845399424977806
1000938,SA28 PERUMAHAN SEKSYEN 10,3.081103,101.527212,rapidbus_kl,,0.2730568184561752,6941.37646484375,8.845399424977806
1001976,SA29 PLAZA SHAH ALAM (OPP),3.084189,101.521877,rapidbus_kl,,0.41045481215130075,4688.7646484375,8.453137678611359
1003700,SA30 KUARTERS IPK SELANGOR,3.086192,101.517409,rapidbus_kl,,0.2609441200468364,4688.7646484375,8.453137678611359
1003465,SA322 PERUMAHAN JALAN TEPIAN 8,3.090228,101.513563,rapidbus_kl,,0.4338592542254526,4691.88427734375,8.45380265692311
1003719,SA323 KOMERSIAL SEKSYEN 8,3.091402,101.508714,rapidbus_kl,,0.5277915974921843,2629.178955078125,7.87480716661288
1003686,SA324 PANGSAPURI SEKSYEN 8 (BARAT),3.090217,101.505787,rapidbus_kl,,0.47222908408121683,5135.73388671875,8.544172725878159
1003079,SA45 PANGSAPURI PKNS SEKSYEN 8,3.088918,101.509158,rapidbus_kl,,0.309101992342635,4691.88427734375,8.45380265692311
1000556,SA349 SEKSYEN 6 (UTARA),3.088339,101.510258,rapidbus_kl,,0.17779503308267935,4691.88427734375,8.45380265692311
1000319,SA351 PANGSAPURI PKNS SEKSYEN 6 (OPP),3.086614,101.509767,rapidbus_kl,,0.17269971230463899,4691.88427734375,8.45380265692311
1000674,SA352 SK BANDAR ANGGERIK (OPP),3.086587,101.508471,rapidbus_kl,,0.3134197731357609,4691.88427734375,8.45380265692311
1000201,SA353 KOLEJ CENDANA UITM,3.084763,101.507069,rapidbus_kl,,0.5283809713971486,5135.73388671875,8.544172725878159
1006014,SA358 SRA SEKSYEN 3 (OPP),3.078769,101.508208,rapidbus_kl,,0.33772936382628593,5216.5693359375,8.559786927974221
1003312,SA361 SK RAJA MUDA,3.0768691961795,101.50980264463,rapidbus_kl,,0.2637409777244594,5216.5693359375,8.559786927974221
1004224,SA15 TAMAN TASIK SHAH ALAM,3.068967,101.515673,rapidbus_kl,,0.4631088487099105,4547.896484375,8.422639951623026
1003856,SA16 KOMPLEKS PKNS (OPP),3.071462,101.516276,rapidbus_kl,,0.385138690902245,4547.896484375,8.422639951623026
1003267,SA6 SIRIM,3.0687533794527,101.51497243083,rapidbus_kl,,0.45286325503601044,4735.357421875,8.463023642862092
1008104,SA967 SMK SEKSYEN 2,3.073193,101.509487,rapidbus_kl,,0.36550505286896157,4735.357421875,8.463023642862092
1000171,SA7 HUB SEKSYEN 2,3.0717952198749,101.50800645308,rapidbus_kl,,0.3913637699531205,4735.357421875,8.463023642862092
1000951,SA374 HOTEL UITM (OPP),3.066741,101.508294,rapidbus_kl,,0.524181459258382,4735.357421875,8.463023642862092
1001488,SA571 DEPOH BAS CITYLINER (OPP),3.058502,101.509235,rapidbus_kl,,0.4567717450583511,5205.69482421875,8.557700542691498
1002745,SA574 PANGSAPURI ANGGERIK INDAH (OPP),3.058528,101.505794,rapidbus_kl,,0.5083383384214842,5799.24853515625,8.665656046505447
1002275,SA577 PASAR MBSA SEKSYEN 16,3.05573,101.505784,rapidbus_kl,,0.38711393887240253,5294.77001953125,8.574663671358842
1008162,SA578 ALAM D16 (UTARA),3.0543316,101.504969,rapidbus_kl,,0.23691996655680786,5294.77001953125,8.574663671358842
1003355,SA579 SMK SEKSYEN 16 (OPP),3.054372,101.502845,rapidbus_kl,,0.06959304346675253,5294.77001953125,8.574663671358842
1001233,SA580 ALAM RESIDENTIALS (BARAT),3.053369,101.502356,rapidbus_kl,,0.07527846337583682,5294.77001953125,8.574663671358842
1003931,SA589 UITM SEKSYEN 17,3.048508,101.502452,rapidbus_kl,,0.3475633684636215,3739.9580078125,8.227097009428824
1006629,TERMINAL SEKSYEN 17,3.046956,101.503282,rapidbus_kl,,0.17589644787923783,3739.9580078125,8.227097009428824
1003348,SA560 UITM SEKSYEN 17,3.048480032769,101.50212995062,rapidbus_kl,,0.35162174491222087,3739.9580078125,8.227097009428824
1001232,SA561 ALAM RESIDENTIALS (BARAT),3.053708,101.502249,rapidbus_kl,,0.07424027546207941,5294.77001953125,8.574663671358842
1003354,SA564 SMK SEKSYEN 16,3.05449,101.503322,rapidbus_kl,,0.09379081822552356,5294.77001953125,8.574663671358842
1008161,SA565 ALAM D16 (UTARA),3.054492,101.505109,rapidbus_kl,,0.25706680383496955,5294.77001953125,8.574663671358842
1002274,SA566 PASAR MBSA SEKSYEN 16 (OPP),3.055537,101.505672,rapidbus_kl,,0.36483372179986834,5294.77001953125,8.574663671358842
1000027,SA569 PANGSAPURI ANGGERIK INDAH,3.058862,101.505793,rapidbus_kl,,0.47994772199521946,5799.24853515625,8.665656046505447
1000905,SA570 DEPOH BAS CITYLINER,3.058522,101.509093,rapidbus_kl,,0.4627922877480021,5205.69482421875,8.557700542691498
1000950,SA344 HOTEL UITM,3.067038,101.507952,rapidbus_kl,,0.5246201746638984,4735.357421875,8.463023642862092
1000172,SA14 HUB SEKSYEN 2,3.071829,101.507558,rapidbus_kl,,0.4389449430507465,4735.357421875,8.463023642862092
1006016,SA968 SMK SEKYEN 2 (OPP),3.07375,101.50965,rapidbus_kl,,0.4109882759881481,4735.357421875,8.463023642862092
1008106,SA216 KOTA KEMUNING CENTRAL LAKE,3.002302,101.539769,rapidbus_kl,,0.4226784465819162,4467.09912109375,8.404718344610371
1001568,SA217 KOTA KEMUNING BUSINESS PARK,3.003037,101.538284,rapidbus_kl,,0.23941917911532198,4467.09912109375,8.404718344610371
1000073,SA218 CANAL GARDEN,3.0035794423365,101.53399164189,rapidbus_kl,,0.25144697681477024,4467.09912109375,8.404718344610371
1008105,GAMUDA WALK MALL,3.000565,101.532836,rapidbus_kl,,0.5187717102903298,4467.09912109375,8.404718344610371
1008092,SA223 CHINESE TAIPEI SCHOOL KL,2.997926,101.52742,rapidbus_kl,,0.28439369391026753,5437.98095703125,8.601346998227504
1003831,SA224 PANGSAPURI KENANGAN,2.9970741404708,101.52563679744,rapidbus_kl,,0.3130957702530084,5437.98095703125,8.601346998227504
1003549,SA225 KEMUNING GREENHILLS,2.990884,101.520127,rapidbus_kl,,0.42688983725102236,3139.6806640625,8.052194827405073
1003734,SA226 PANGSAPURI KEMUNING AMAN (OPP),3.001531,101.519124,rapidbus_kl,,0.2519705372393888,3688.71875,8.213305514617524
1001483,SA228 SEKSYEN 32 (SELATAN),3.008187,101.520074,rapidbus_kl,,0.4366918944122445,4471.205078125,8.405636872040409
1002769,SA229 SEKSYEN 32 (UTARA),3.010165,101.519025,rapidbus_kl,,0.22214469452058608,4471.205078125,8.405636872040409
1001563,SA231 TAMAN SRI KEMUNING,3.014044,101.524419,rapidbus_kl,,0.4453431927204097,4292.5517578125,8.364869584963019
1001525,SA232 TAMAN SRI KEMUNING,3.016567,101.529192,rapidbus_kl,,0.4509143061226291,5272.4111328125,8.57043270592255
1000306,SA235 KOMERSIAL KEMUNING UTAMA,3.020068,101.535323,rapidbus_kl,,0.10996033167507581,5416.6611328125,8.597419475988504
1004282,SA409 TAMAN SRI MUDA SEKSYEN 25,3.0233761745892,101.53755291472,rapidbus_kl,,0.3594784424748205,5416.6611328125,8.597419475988504
1000322,SA410 BLOK 3P,3.026025,101.536114,rapidbus_kl,,0.30340168734091877,5166.32666015625,8.550110746756486
1004060,SA411 HAB TAMAN SRI MUDA,3.030417539279,101.53475959784,rapidbus_kl,,0.2484891415501798,5166.32666015625,8.550110746756486
1000350,SA417 MASJID TAMAN SRI MUDA (OPP),3.0344689960407,101.53423571493,rapidbus_kl,,0.36677734503367093,4066.1279296875,8.310692360954063
1002854,SA416 TAMAN SRI MUDA SEKSYEN 25,3.0369579197827,101.5340438258,rapidbus_kl,,0.2453248773999471,4066.1279296875,8.310692360954063
1002092,SA418 SEKSYEN 23,3.0422749410788,101.53389069821,rapidbus_kl,,0.4366495104308058,6048.10498046875,8.70766560296851
1000821,SA422 SEKSYEN 23 (UTARA),3.0466061746902,101.53185192979,rapidbus_kl,,0.45657854715277607,5746.36962890625,8.65649757328416
1000037,SA455 KOMERSIAL SEKSYEN 19,3.0484133024513,101.5341212997,rapidbus_kl,,0.40848884088369675,6048.10498046875,8.70766560296851
1008402,SJ463 KPJ HOSPITAL,3.057719,101.541924,rapidbus_kl,,0.530963392039051,5344.91357421875,8.584087730129493
1000740,SA464 SEKSYEN 20 (UTARA),3.059433681361,101.54137834258,rapidbus_kl,,0.4619856947378446,5705.21923828125,8.64931195344704
1003915,SA1 LOTUS EXTRA SHAH ALAM (OPP),3.0709296781301,101.53776620702,rapidbus_kl,,0.1777889408883325,7055.205078125,8.861662661624386
1000358,SA2 BULATAN KAYANGAN,3.0730095590396,101.53293127036,rapidbus_kl,,0.4678361664467652,7055.205078125,8.861662661624386
1003083,SA3 PERUMAHAN SEKSYEN 11 (OPP),3.0684856773854,101.52978798901,rapidbus_kl,,0.2988383388559702,6945.9970703125,8.846064768972985
1008398,VISTA ALAM APARTMENT,3.070032,101.525336,rapidbus_kl,,0.28967976600154816,6945.9970703125,8.846064768972985
1001730,SA24 PUSAT DAGANGAN SHAH ALAM,3.071078,101.525541,rapidbus_kl,,0.27379319966866245,6945.9970703125,8.846064768972985
1001731,SA23 PUSAT DAGANGAN SHAH ALAM,3.071533,101.525779,rapidbus_kl,,0.2678063689957158,6945.9970703125,8.846064768972985
1008397,VISTA ALAM APARTMENT (OPP),3.070078,101.525623,rapidbus_kl,,0.25740688326918876,6945.9970703125,8.846064768972985
1003082,SA26 PERUMAHAN SEKSYEN 11,3.068762814784,101.52967162586,rapidbus_kl,,0.2679844375327372,6945.9970703125,8.846064768972985
1000357,SA27 BULATAN KAYANGAN,3.0729560169804,101.53264935168,rapidbus_kl,,0.4894082425546945,7055.205078125,8.861662661624386
1003916,SA49 LOTUS EXTRA SHAH ALAM,3.0710976180483,101.53811056681,rapidbus_kl,,0.22006122319766291,7055.205078125,8.861662661624386
1000886,SA860 TIONG NAM INDUSTRIAL PARK,3.0625508447006,101.54119169714,rapidbus_kl,,0.3801188385488754,5705.21923828125,8.64931195344704
1008401,SA861 SEKSYEN 20 (UTARA),3.060224,101.541582,rapidbus_kl,,0.392153970592153,5705.21923828125,8.64931195344704
1001216,SA862 IPC SHAH ALAM,3.0568604919915,101.54252814457,rapidbus_kl,,0.41432806654286614,5344.91357421875,8.584087730129493
1003756,SA419 PUSAT PERNIAGAAN JUBLI 20 (SELATAN),3.049932,101.538945,rapidbus_kl,,0.5194501798360459,6481.46826171875,8.77685662140681
1000038,SA420 KOMERSIAL SEKSYEN 19,3.0480907154839,101.53487676562,rapidbus_kl,,0.3341192054040997,6048.10498046875,8.70766560296851
1001018,SA421 SEKSYEN 23 (UTARA),3.0470911746862,101.53213330859,rapidbus_kl,,0.4935272573628788,6048.10498046875,8.70766560296851
1001403,SA388 SEKSYEN 23 (SELATAN),3.0421692583941,101.53417316831,rapidbus_kl,,0.4284448342127449,6048.10498046875,8.70766560296851
1002424,SA389 TAMAN SRI MUDA SEKSYEN 25 (UTARA),3.036845111791,101.53437910361,rapidbus_kl,,0.20938322579013174,4066.1279296875,8.310692360954063
1000356,SA392 MASJID TAMAN SRI MUDA,3.0341453348034,101.53451741303,rapidbus_kl,,0.37912501272552424,4066.1279296875,8.310692360954063
1003610,SA405 HAB TAMAN SRI MUDA,3.030725793855,101.53499050045,rapidbus_kl,,0.26039344329003705,5166.32666015625,8.550110746756486
1000323,SA407 APARTMENT ANDORRA,3.0262633601803,101.5364683467,rapidbus_kl,,0.2775880586691808,5166.32666015625,8.550110746756486
1004269,SA408 KOMERSIAL SEKSYEN 25,3.0242097967076,101.53744126409,rapidbus_kl,,0.44202554196513877,5416.6611328125,8.597419475988504
1000305,SA142 KOMERSIAL KEMUNING UTAMA,3.020007,101.535805,rapidbus_kl,,0.06718888950969684,5416.6611328125,8.597419475988504
1002800,SA143 TAMAN SRI KEMUNING,3.016125,101.528701,rapidbus_kl,,0.457761195201667,4292.5517578125,8.364869584963019
1000626,SA144 PETRON BUKIT KEMUNING,3.0130003607684,101.5228871673,rapidbus_kl,,0.3808057960248005,4471.205078125,8.405636872040409
1002770,SA163 SEKSYEN 32 (UTARA),3.010146,101.519163,rapidbus_kl,,0.2204318830002505,4471.205078125,8.405636872040409
1001484,SA164 SEKSYEN 32 (SELATAN),3.008203,101.520187,rapidbus_kl,,0.4366773805129033,4471.205078125,8.405636872040409
1003755,SA166 PANGSAPURI KEMUNING AMAN,3.0016104135001,101.51929597588,rapidbus_kl,,0.24005707314578983,3688.71875,8.213305514617524
1003548,SA167 KEMUNING GREENHILLS,2.991068,101.520088,rapidbus_kl,,0.4465886465287647,3139.6806640625,8.052194827405073
1003832,SA168 BUKIT RIMAU (UTARA),2.9977309907699,101.52598821075,rapidbus_kl,,0.3347402175068583,5437.98095703125,8.601346998227504
1006551,SA1069 LRT GLENMARIE,3.095085,101.590224,rapidbus_kl,,0.4428280635800797,4959.935546875,8.509349620254346
1006552,SA964 EON GLENMARIE (OPP),3.092243,101.583826,rapidbus_kl,,0.443807682042274,4959.935546875,8.509349620254346
1006554,SA972 AUTO CITY GLENMARIE (TIMUR),3.089831,101.576363,rapidbus_kl,,0.3508240079658978,6531.9970703125,8.784621086396214
1006556,SA973 AUTO CITY GLENMARIE (BARAT),3.086647,101.571911,rapidbus_kl,,0.26301095427484106,4334.09228515625,8.374498177374726
1006558,SA974 BMW GLENMARIE,3.082586,101.567999,rapidbus_kl,,0.46135870728033895,3744.206298828125,8.228231980903574
1006560,SA975 SHELL MALAYSIA TRADING (OPP),3.081144,101.563663,rapidbus_kl,,0.37770229567281327,5320.2763671875,8.579468472204082
1006562,SA976 PETRONAS BT 3 (OPP),3.076595,101.559788,rapidbus_kl,,0.289427246017106,5320.2763671875,8.579468472204082
1006564,SA977 JEJANTAS KTM BATU TIGA,3.076135,101.557129,rapidbus_kl,,0.5421216087111664,5320.2763671875,8.579468472204082
1006568,SA115 EMIRA RESIDENCE,3.078771,101.547479,rapidbus_kl,,0.3215709004187253,6390.3154296875,8.762695383726903
1002681,SA252 PUSAT SEDAR DIRI,3.0824567568123,101.54001137817,rapidbus_kl,,0.5867961210137678,7061.21533203125,8.862514067673322
1006569,SA253 MBSA EXTREME PARK (TIMUR),3.086397,101.541254,rapidbus_kl,,0.37742475979295986,6159.34521484375,8.725888096328045
1001600,SA241 KOLEJ PTPL,3.0913824476921,101.54433875175,rapidbus_kl,,0.4494248584289928,5188.3701171875,8.554367604090885
1006567,SA990 BRUNSFIELD RIVERVIEW (OPP),3.080713,101.553239,rapidbus_kl,,0.22117615512963013,4588.93896484375,8.431622005546517
1006565,SA978 JEJANTAS KTM BATU TIGA,3.076272,101.557189,rapidbus_kl,,0.5284091765314463,5320.2763671875,8.579468472204082
1006563,SA979 PETRONAS BT 3,3.076618,101.559599,rapidbus_kl,,0.2996676558321996,5320.2763671875,8.579468472204082
1006561,SA980 SHELL MALAYSIA TRADING,3.081252,101.563412,rapidbus_kl,,0.36747332644695496,5320.2763671875,8.579468472204082
1006559,SA981 BMW GLENMARIE (OPP),3.082695,101.567745,rapidbus_kl,,0.48379059994208845,3744.206298828125,8.228231980903574
1006557,SA982 TEMASYA KASIH,3.086513,101.571496,rapidbus_kl,,0.2216852985882705,4334.09228515625,8.374498177374726
1006555,SA983 AUTO CITY GLENMARIE (TIMUR),3.089739,101.575704,rapidbus_kl,,0.3840890993298751,6531.9970703125,8.784621086396214
1006553,SA984 EON GLENMARIE,3.092256,101.583298,rapidbus_kl,,0.4805581189519457,4959.935546875,8.509349620254346
1006526,SJ693 LRT USJ 7,3.054758,101.592176,rapidbus_kl,,0.2898025596854542,6813.64208984375,8.826828824753532
1000545,SJ687 DEPOH METROBUS,3.0499695078056,101.59199178151,rapidbus_kl,,0.509421481871423,6813.64208984375,8.826828824753532
1006590,SJ549 LRT TAIPAN,3.0482,101.590702,rapidbus_kl,,0.5305407061916222,6798.474609375,8.824600624852028
1006591,SJ23 USJ 9 TAIPAN (UTARA),3.047218,101.588295,rapidbus_kl,,0.3028082537608942,7275.4111328125,8.892393043375964
1002112,SJ24 USJ 10 TAIPAN (UTARA),3.0489745864478,101.58623859651,rapidbus_kl,,0.39560288852399583,7275.4111328125,8.892393043375964
1008073,MENARA MPSJ,3.05191,101.583445,rapidbus_kl,,0.3726243652061533,7528.62255859375,8.926600194516888
1008074,SK SEAFIELD (OPP),3.056868,101.588342,rapidbus_kl,,0.4173350403287992,7528.62255859375,8.926600194516888
1002078,SJ67 MYDIN USJ,3.0580617790849,101.59636180943,rapidbus_kl,,0.48887628647742676,6978.5068359375,8.850733539383166
1003239,SJ68 TAMAN SUBANG PERMAI (UTARA),3.0581150204968,101.60135242851,rapidbus_kl,,0.47421324937456033,4677.9755859375,8.450834473057668
1004150,SJ71 REGALIA BUSINESS CENTRE,3.055776,101.604419,rapidbus_kl,,0.28032742753095385,7789.23583984375,8.960626413097636
1003292,SJ72 SJKC CHEE WEN,3.051151,101.602574,rapidbus_kl,,0.2915052870560729,7789.23583984375,8.960626413097636
1002187,SJ632 PUSAT INDUSTRI IKS USJ1,3.048505987434,101.60174838489,rapidbus_kl,,0.367158946490055,6985.5234375,8.851738349198909
1004306,SJ77 APARTMENT MERANTI,3.046148,101.601575,rapidbus_kl,,0.1696768179186499,6985.5234375,8.851738349198909
1002123,SJ78 PANGSAPURI ANGSANA,3.044505,101.601982,rapidbus_kl,,0.14506104894345337,6985.5234375,8.851738349198909
1002758,SJ81 APARTMENT ANGSANA (SELATAN),3.04299489717,101.60075002658,rapidbus_kl,,0.36108900553739276,6985.5234375,8.851738349198909
1001860,SJ690 ZON PERINDUSTRIAN USJ1,3.043026,101.596089,rapidbus_kl,,0.3140748436514946,6798.474609375,8.824600624852028
1004185,SJ725 GOODYEAR COURT 6 (SELATAN),3.042999,101.593605,rapidbus_kl,,0.2899548857923082,6798.474609375,8.824600624852028
1000882,SJ82 GOODYEAR COURT 7,3.042916,101.590921,rapidbus_kl,,0.4926108210387893,6798.474609375,8.824600624852028
1003867,SJ550 USJ 14 (TIMUR),3.0417448875508,101.58832216768,rapidbus_kl,,0.46869417261307783,7275.4111328125,8.892393043375964
1001529,(M) SJ544 GOODYEAR COURT 10,3.037925,101.590717,rapidbus_kl,,0.43934783986261494,6968.474609375,8.84929512205763
1008642,SJ688 SUBANG GOODYEAR 9,3.038409,101.592489,rapidbus_kl,,0.2752863775059531,6968.474609375,8.84929512205763
1000883,GOODYEAR COURT 9C (OPP),3.0401184450352,101.59252720938,rapidbus_kl,,0.40741777997404843,6968.474609375,8.84929512205763
1009083,SJ720 SUBANG PERDANA GOODYEAR COURT 6,3.043239,101.593236,rapidbus_kl,,0.2846286980519642,6798.474609375,8.824600624852028
1001859,SJ689 ZON PERINDUSTRIAN USJ1,3.043265,101.595543,rapidbus_kl,,0.2619490469589589,6798.474609375,8.824600624852028
1002364,SJ84 APARTMENT ANGSANA (SELATAN),3.043265,101.600073,rapidbus_kl,,0.39613957774108316,6985.5234375,8.851738349198909
1002122,SJ79 PANGSAPURI JATI1,3.044832,101.601621,rapidbus_kl,,0.15784415977176253,6985.5234375,8.851738349198909
1008641,SJ628 MEDAN SELERA USJ1,3.046581,101.601258,rapidbus_kl,,0.22507892416323358,6985.5234375,8.851738349198909
1003290,SJ80 PUSAT INDUSTRI IKS USJ1,3.048662,101.601492,rapidbus_kl,,0.39397765385218725,6985.5234375,8.851738349198909
1002802,SJ73 GRAND VILLE USJ 1,3.050822,101.602152,rapidbus_kl,,0.3364777120782777,7789.23583984375,8.960626413097636
1002960,SJ74 REGALIA BUSINESS PARK (OPP),3.056047,101.604231,rapidbus_kl,,0.29417138325505165,7789.23583984375,8.960626413097636
1003238,SJ69 TAMAN SUBANG PERMAI,3.057852,101.601312,rapidbus_kl,,0.48965151645104665,7789.23583984375,8.960626413097636
1002079,SJ70 MYDIN USJ (OPP),3.0578136092905,101.59638897418,rapidbus_kl,,0.4943341438494466,6813.64208984375,8.826828824753532
1006527,USJ SENTRAL,3.057809,101.594744,rapidbus_kl,,0.45167277220932806,6813.64208984375,8.826828824753532
1001804,PJ585 LRT KELANA JAYA,3.112745,101.604492,rapidbus_kl,,0.18978687626795243,8274.6650390625,9.021074564274297
1001508,PJ602 KJMC,3.1087558931513,101.59568537163,rapidbus_kl,,0.3897367506383995,7739.39111328125,8.954207496738789
1002237,PJ577 KAMPUNG CHEMPAKA,3.113921,101.598656,rapidbus_kl,,0.49624856989003674,7739.39111328125,8.954207496738789
1001308,PJ5 PRIMA AVENUE (SELATAN),3.115683,101.596143,rapidbus_kl,,0.4361168444509515,7739.39111328125,8.954207496738789
1000512,PJ6 PRIMA AVENUE,3.116863,101.593509,rapidbus_kl,,0.4127692333760485,8862.6201171875,9.089710551253196
1000513,PJ7 DATARAN PRIMA CONDOMINIUM (OPP),3.1193529068692,101.59394979521,rapidbus_kl,,0.13761604392944335,8862.6201171875,9.089710551253196
1008361,PJ583 LRT DAMANSARA IDAMAN/AMAN SURIA,3.123059,101.594947,rapidbus_kl,,0.29656016692188697,8862.6201171875,9.089710551253196
1003475,PJ8 TAMAN BUKIT MAYANG MAS,3.125821,101.595688,rapidbus_kl,,0.3480544391914261,6956.419921875,8.84756398372188
1003367,PJ515 SMK TROPICANA,3.128849,101.598469,rapidbus_kl,,0.43160611448104275,6956.419921875,8.84756398372188
1000236,PJ516 BAYU PUTERI APARTMENT,3.131948,101.597387,rapidbus_kl,,0.47261478911654714,6956.419921875,8.84756398372188
1000706,PJ522 MERCHANT SQUARE,3.132558,101.600964,rapidbus_kl,,0.47566716080150107,8831.4619140625,9.086189067201643
1008362,PJ523 PANGSAPURI DAMAI/ASRAMA TROPICANA,3.131928,101.600343,rapidbus_kl,,0.45441095148905347,8831.4619140625,9.086189067201643
1002163,PJ524 PANGSAPURI PERMAI,3.131907,101.599544,rapidbus_kl,,0.5132308450933372,8831.4619140625,9.086189067201643
1001031,PJ525 KOMERSIAL MUTIARA TROPICANA,3.129197,101.599082,rapidbus_kl,,0.428605170617674,8831.4619140625,9.086189067201643
1007087,PJ805 MUTIARA TROPICANA,3.128731,101.599738,rapidbus_kl,,0.3528873175492134,8831.4619140625,9.086189067201643
1002735,PJ584 TAMAN BUKIT MAYANG EMAS,3.125703,101.595933,rapidbus_kl,,0.3705083591716706,6956.419921875,8.84756398372188
1000075,PJ2 LRT DAMANSARA IDAMAN/AMAN SURIA,3.122985,101.595167,rapidbus_kl,,0.2928346481045456,8862.6201171875,9.089710551253196
1000524,PJ3 DATARAN PRIMA KONDOMINIUM,3.119748,101.594318,rapidbus_kl,,0.0799799289445418,8862.6201171875,9.089710551253196
1001221,PJ4 PRIMA AVENUE,3.1160534316871,101.59537958923,rapidbus_kl,,0.4502079058031755,7739.39111328125,8.954207496738789
1002638,PJ578 KOMERSIAL SS25,3.1141344916511,101.59883809279,rapidbus_kl,,0.5069920783667887,8274.6650390625,9.021074564274297
1001805,PJ603 LRT KELANA JAYA,3.113161,101.605368,rapidbus_kl,,0.29741676473254997,8274.6650390625,9.021074564274297
1001169,PJ162 TAMAN MEGAH,3.1122163182399,101.61043199238,rapidbus_kl,,0.09197324779734965,8745.314453125,9.076387685262624
1001382,PJ686 KELANA PUTRI CONDOMINIUM,3.107979,101.594668,rapidbus_kl,,0.4565003525209398,7739.39111328125,8.954207496738789
1001383,PJ576 KELANA SQUARE (OPP),3.105645,101.593347,rapidbus_kl,,0.2514419640299648,6123.51904296875,8.72005550873285
1001639,PJ571 KELANA MAHKOTA (OPP),3.102293,101.592935,rapidbus_kl,,0.24440526761701933,6123.51904296875,8.72005550873285
1001380,PJ759 KELANA CENTRE POINT,3.100129,101.591595,rapidbus_kl,,0.5217244101346821,6123.51904296875,8.72005550873285
1002564,PJ572 GLOMAC BOULEVARD,3.099194,101.591024,rapidbus_kl,,0.5766702393864106,4033.673828125,8.302680741779918
1002565,PLAZA GLOMAC,3.098298,101.590467,rapidbus_kl,,0.5581106325819655,4033.673828125,8.302680741779918
1002677,PJ684 KELANA BUSINESS CENTRE/ LRT GLENMARIE,3.09554848443,101.59132640398,rapidbus_kl,,0.36187780921954793,4033.673828125,8.302680741779918
1003198,PJ566 SHANG VILLA CONDOMINIUM,3.095784,101.592904,rapidbus_kl,,0.19083471349799877,4033.673828125,8.302680741779918
1004228,PJ567 STADIUM KELANA JAYA,3.0975678577552,101.59424632297,rapidbus_kl,,0.2420825202945274,4033.673828125,8.302680741779918
1001581,PJ695 KELANA JAYA PARK (SELATAN),3.097537,101.595533,rapidbus_kl,,0.2582733706252418,4033.673828125,8.302680741779918
1002567,PJ685 PLAZA KELANA JAYA,3.096758,101.597172,rapidbus_kl,,0.3238492145584027,4033.673828125,8.302680741779918
1002200,PJ632 TAMAN BANDARAN KELANA JAYA,3.102059,101.597172,rapidbus_kl,,0.3435138581291041,6123.51904296875,8.72005550873285
1000043,PJ672 PUSAT DAGANGAN ARA DAMANSARA,3.114518,101.590912,rapidbus_kl,,0.48929170627948276,7739.39111328125,8.954207496738789
1003573,PJ673 CANTARA RESIDENCES,3.117171,101.590878,rapidbus_kl,,0.5472501809069157,8862.6201171875,9.089710551253196
1003829,TAIPAN 1 ARA DAMANSARA,3.120467,101.589031,rapidbus_kl,,0.30886880443200015,7716.1943359375,8.951206148975496
1004021,PJ674 MAISSON RESIDENCE,3.122986,101.587437,rapidbus_kl,,0.3146286374477442,7716.1943359375,8.951206148975496
1004022,PJ408 ARA VISTA (OPP),3.122443,101.583219,rapidbus_kl,,0.4049476192489943,7716.1943359375,8.951206148975496
1001075,PJ676 DATARAN ARA DAMANSARA,3.121785,101.578716,rapidbus_kl,,0.17614745246127517,6952.4736328125,8.846996616981153
1002461,PJ404 KOMERSIAL ARA DAMANSARA,3.123713,101.574516,rapidbus_kl,,0.5261774409990555,6952.4736328125,8.846996616981153
1006587,PJ677 SIERA PARK,3.123183,101.571022,rapidbus_kl,,0.3466051802845483,4118.23583984375,8.323422949374734
1000151,PJ405 APARTMENT SRI MERANTI,3.119272,101.571041,rapidbus_kl,,0.20594650494723662,4118.23583984375,8.323422949374734
1008482,PJ678 PANGSAPURI SERI JATI,3.117423,101.571946,rapidbus_kl,,0.4238661631183185,4118.23583984375,8.323422949374734
1005073,OASIS SQUARE,3.115064,101.573519,rapidbus_kl,,0.5484750297854439,3972.7822265625,8.287473622053719
1005074,SIME DARBY GUTHRIE,3.113704,101.571363,rapidbus_kl,,0.2674511289061227,3972.7822265625,8.287473622053719
1005075,SIME DARBY MOTORS CITY,3.115117,101.570265,rapidbus_kl,,0.3457034150887643,3972.7822265625,8.287473622053719
1006520,PJ775 LOTUS ARA DAMANSARA,3.116702,101.576619,rapidbus_kl,,0.437465823375556,6952.4736328125,8.846996616981153
1003558,PJ680 H2O RESIDENCE,3.116426,101.578068,rapidbus_kl,,0.4440831364507081,6952.4736328125,8.846996616981153
1004142,PJ401 OASIS ARA DAMANSARA (TIMUR),3.113588,101.576466,rapidbus_kl,,0.23219573148336659,6036.421875,8.705732357918514
1006506,PJ772 OASIS CORPORATE PARK,3.111548,101.576428,rapidbus_kl,,0.17564626418730594,6036.421875,8.705732357918514
1006521,PJ776 OASIS GALLERY (OPP),3.110341,101.580707,rapidbus_kl,,0.36545133908138017,6036.421875,8.705732357918514
1006175,PJ774 CITTA MALL,3.111718,101.579525,rapidbus_kl,,0.18318469726861475,6036.421875,8.705732357918514
1000544,PJ563 DEPOH SUBANG RAPIDKL,3.1136294683493,101.5835816675,rapidbus_kl,,0.3424881835047443,6796.74755859375,8.82434659490838
1000797,PJ564 PPR LEMBAH SUBANG BLOK E,3.115394,101.585498,rapidbus_kl,,0.37744856280034983,6796.74755859375,8.82434659490838
1000796,PJ565 PPR LEMBAH SUBANG BLOK B,3.114273,101.587679,rapidbus_kl,,0.2906196820549447,6796.74755859375,8.82434659490838
1000903,D'AMAN RIA CONDOMINIUM,3.1131660564228,101.58984012264,rapidbus_kl,,0.4164346922883879,6796.74755859375,8.82434659490838
1001784,PJ436 LRT ASIA JAYA,3.1045478035286,101.6384299877,rapidbus_kl,,0.25782626311890855,5937.3740234375,8.689190641456827
1001578,PJ267 PLAZA 33,3.1104344949151,101.6388356904,rapidbus_kl,,0.34068949687267813,6365.32958984375,8.758778379961429
1000471,PJ268 PJ MIDTOWN,3.113255,101.641136,rapidbus_kl,,0.4042772341715095,6337.9013671875,8.754460746482959
1000650,PJ269 NISSAN SERVICE PJ,3.116491,101.643032,rapidbus_kl,,0.46927253828627097,6504.1494140625,8.780349359793119
1000467,PJ239 PUSAT ASASI UIA,3.119615,101.643201,rapidbus_kl,,0.1774622127871047,6504.1494140625,8.780349359793119
1000603,PJ619 EASTIN HOTEL,3.127502,101.645319,rapidbus_kl,,0.1610662608473673,4099.802734375,8.31893802240021
1007136,(M) PJ823 MRT PHILEO DAMANSARA PINTU A,3.128421,101.642747,rapidbus_kl,,0.20710324372797292,4099.802734375,8.31893802240021
1001707,PJ620 KG SERI DAMANSARA,3.131587,101.631946,rapidbus_kl,,0.5474333352095222,9314.7099609375,9.139457497086504
1005765,PERUMAHAN SEKSYEN 17/26,3.128111,101.630067,rapidbus_kl,,0.24914678553821804,9314.7099609375,9.139457497086504
1005766,PERUMAHAN SEKSYEN 17/21I,3.126167,101.629825,rapidbus_kl,,0.3569563869436579,9314.7099609375,9.139457497086504
1005768,THE HUB SS2,3.123977,101.629384,rapidbus_kl,,0.42809942476877105,8429.44140625,9.039604410983337
1005767,PANGSAPURI DAMANSARA BISTARI,3.122104,101.629143,rapidbus_kl,,0.23183116609985235,8429.44140625,9.039604410983337
1005769,KOMERSIAL SEKSYEN 17/45,3.119964,101.629679,rapidbus_kl,,0.20209016356245624,8429.44140625,9.039604410983337
1008646,PJ713 MENARA AM FIRST,3.118036,101.629488,rapidbus_kl,,0.3170813664889902,8429.44140625,9.039604410983337
1001077,PJ246 MAHSA AVENUE,3.118239,101.648064,rapidbus_kl,,0.45610242843921306,6504.1494140625,8.780349359793119
1008434,PJ254 CONDOMINIUM EHSAN RIA,3.109897,101.644861,rapidbus_kl,,0.24508314613720864,6337.9013671875,8.754460746482959
1003857,PJ441 TASIK TAMAN JAYA,3.103962,101.648321,rapidbus_kl,,0.4157114837239994,5764.9482421875,8.65972490177712
1002264,PJ216 FLAT SEKSYEN 17 (BARAT),3.119946,101.632172,rapidbus_kl,,0.4557541956556413,6567.5234375,8.790044343069445
1003656,PJ217 SK SRI DAMAI (SELATAN),3.121187,101.633846,rapidbus_kl,,0.28027531719234483,6567.5234375,8.790044343069445
1000900,PJ219 APARTMENT HAPPY MANSION,3.123407,101.634071,rapidbus_kl,,0.4111682905293713,6567.5234375,8.790044343069445
1000898,PJ220 APARTMENT HAPPY,3.1247054658715,101.63456155161,rapidbus_kl,,0.48724282173413985,7063.59033203125,8.86285030787919
1000899,(M) PJ707 SEVENTEEN MALL,3.128136,101.635306,rapidbus_kl,,0.12506202044896106,7063.59033203125,8.86285030787919
1002957,PJ232 APARTMENT HAPPY (OPP),3.125891,101.634963,rapidbus_kl,,0.348546272387629,7063.59033203125,8.86285030787919
1003202,PJ233 SHELL SEKSYEN 17 (OPP),3.124721,101.636739,rapidbus_kl,,0.4513089777448251,7063.59033203125,8.86285030787919
1002920,PJ236 PERUMAHAN SEKSYEN 16,3.1207204265,101.63841073829,rapidbus_kl,,0.24231338120341273,6567.5234375,8.790044343069445
1004188,PJ272 JAYA ONE MALL,3.118685,101.635364,rapidbus_kl,,0.2162252409457737,6567.5234375,8.790044343069445
1005062,PJ715 ATWATER,3.118495,101.632277,rapidbus_kl,,0.49012122594117796,6567.5234375,8.790044343069445
1001247,PJ274 SIN CHEW DAILY,3.117831,101.630547,rapidbus_kl,,0.40986939180326853,8429.44140625,9.039604410983337
1003264,PJ275 SIN CHEW MEDIA,3.116558,101.630662,rapidbus_kl,,0.5263588038347742,8429.44140625,9.039604410983337
1000600,PJ276 DUTCH LADY INDUSTRIES,3.114271,101.632923,rapidbus_kl,,0.44225249103760367,6365.32958984375,8.758778379961429
1000270,PJ277 SYMPHONY,3.110713,101.636488,rapidbus_kl,,0.15467733176616838,6365.32958984375,8.758778379961429
1003392,PJ440 SK SRI PETALING,3.108963,101.639094,rapidbus_kl,,0.46919062893823343,6365.32958984375,8.758778379961429
1002029,(M) KL2147 MIDVALLEY NORTH COURT,3.119758,101.677393,rapidbus_kl,,0.09350290406961984,5935.74609375,8.688916466596845
1000838,KL1397 FLAT PKNS KERINCHI/KL GATEWAY,3.113292,101.662546,rapidbus_kl,,0.19691525049471031,6698.23974609375,8.809749328208492
1001833,KL1440 LRT UNIVERSITI (TIMUR),3.114012,101.662208,rapidbus_kl,,0.23938744311224514,6698.23974609375,8.809749328208492
1001897,KL1102 MASJID AR-RAHMAN UM,3.1171330559243,101.66247395852,rapidbus_kl,,0.3896264637768593,7516.390625,8.924974365372073
1000583,KL2137 FAKULTI UNDANG-UNDANG UM,3.118674,101.661071,rapidbus_kl,,0.19480923110020198,7516.390625,8.924974365372073
1001596,KL1103 KOLEJ KEDIAMAN PERTAMA UM,3.1181239305332,101.65932260272,rapidbus_kl,,0.33284024247551636,7516.390625,8.924974365372073
1000655,KL1104 JABATAN BIOPERUBATAN UM,3.119083,101.655587,rapidbus_kl,,0.3315558112922941,6721.08203125,8.813153211609876
1002427,KL1109 PERPUSTAKAAN UM,3.1211198097451,101.6535801967,rapidbus_kl,,0.10744145259163758,6721.08203125,8.813153211609876
1000578,(M) KL1107 DEWAN TUNKU CANSELOR UM,3.121867,101.657186,rapidbus_kl,,0.47913056303256424,7516.390625,8.924974365372073
1006747,KL1108 PUSAT ASASI SAINS UM,3.121738,101.658348,rapidbus_kl,,0.35407786965046933,7516.390625,8.924974365372073
1000226,KL1399 THE VERTICAL,3.1101911614985,101.66600163396,rapidbus_kl,,0.44987943631239624,8293.48828125,9.023346510697527
1000761,KL1400 FLAT SRI ANGKASA,3.109576,101.668172,rapidbus_kl,,0.31981982803780273,8293.48828125,9.023346510697527
1008483,CENTRIO PANTAI HILLPARK,3.108325,101.665709,rapidbus_kl,,0.599728829318474,8293.48828125,9.023346510697527
1008484,CONDOMINIUM ANDALUSIA,3.107632,101.662365,rapidbus_kl,,0.4490522985325957,4554.064453125,8.423994959566507
1008485,PANTAI HILLPARK PHASE 5,3.106502,101.661532,rapidbus_kl,,0.30758912552030676,4554.064453125,8.423994959566507
1008486,PUSAT KOMUNITI LEMBAH PANTAI,3.103629,101.661219,rapidbus_kl,,0.013898004040660399,4554.064453125,8.423994959566507
1008487,INWOOD RESIDENCES,3.102553,101.663576,rapidbus_kl,,0.29058982149909035,4554.064453125,8.423994959566507
1000312,KL1402 PANTAI MURNI,3.104087,101.666116,rapidbus_kl,,0.38675786577683785,5809.83544921875,8.667479634554697
1002251,KL1414 CENTRIO PANTAI HILLPARK,3.106853,101.666039,rapidbus_kl,,0.5233259228091168,5809.83544921875,8.667479634554697
1000453,KL1438 BANGSAR SOUTH,3.1089238252724,101.66799880187,rapidbus_kl,,0.39291032593761027,8293.48828125,9.023346510697527
1000227,KL1439 NEXUS BANGSAR SOUTH,3.1098943241081,101.66608889972,rapidbus_kl,,0.45799564680386157,8293.48828125,9.023346510697527
1001650,KL2134 FLAT PKNS KERINCHI,3.112272,101.662094,rapidbus_kl,,0.09606779336238566,6698.23974609375,8.809749328208492
1001410,KL1441 KL GATEWAY - LRT UNIVERSITI,3.1147478848012,101.66181039156,rapidbus_kl,,0.30273528800028954,6698.23974609375,8.809749328208492
1002618,PJ258 PPUM,3.114309,101.650787,rapidbus_kl,,0.3422411278790969,6474.47802734375,8.775777710459483
1001845,PJ260 MAHSA AVENUE (OPP),3.1179615157635,101.6480490315,rapidbus_kl,,0.4718512467631517,6504.1494140625,8.780349359793119
1003406,PJ263 SMK SULTAN ABD SAMAD,3.118222,101.645127,rapidbus_kl,,0.2514220678620164,6504.1494140625,8.780349359793119
1001395,PJ270 MASJID KOLEJ ISLAM (OPP),3.118476,101.641036,rapidbus_kl,,0.4490740833092502,6504.1494140625,8.780349359793119
1001610,PJ271 LEMBAGA FARMASI MALAYSIA,3.118512,101.639473,rapidbus_kl,,0.41587503760271843,6567.5234375,8.790044343069445
1003456,PJ310 HERBALINE SEAPARK (OPP),3.111492,101.622006,rapidbus_kl,,0.27695871741490824,9439.736328125,9.152789256958336
1003204,PJ307 SHELL SEAPARK (OPP),3.109781,101.623403,rapidbus_kl,,0.4954296061973505,9439.736328125,9.152789256958336
1001832,PJ297 LRT TAMAN PARAMOUNT,3.1047971484358,101.62324724698,rapidbus_kl,,0.4231824967705798,8000.044921875,8.987327427366921
1008645,PJ348 SEKSYEN 19,3.118055,101.625243,rapidbus_kl,,0.3963222766751176,8429.44140625,9.039604410983337
1001807,KL1100 LRT KERINCHI,3.115583,101.668292,rapidbus_kl,,0.41468269279618186,8293.48828125,9.023346510697527
1003761,KL1111 IPD PANTAI,3.1175978325419,101.6671213878,rapidbus_kl,,0.41587810418058385,7703.421875,8.949549712492678
1000366,KL1112 SK BANGSAR (OPP),3.1170278817151,101.67063325726,rapidbus_kl,,0.3944691642457588,7703.421875,8.949549712492678
1000096,KL1803 KTM ANGKASAPURI,3.1123947922969,101.67357475008,rapidbus_kl,,0.4445639690436191,8293.48828125,9.023346510697527
1003431,KL2139 PPR SRI PANTAI (BARAT),3.1068021310299,101.67335703473,rapidbus_kl,,0.5392246386563052,5809.83544921875,8.667479634554697
1001045,KL2140 KTM PANTAI DALAM,3.096744,101.670166,rapidbus_kl,,0.1611470347488788,6524.787109375,8.783516854704978
1002877,(M) KL1804 APARTMENT PANTAI INDAH,3.0957067611578,101.6690293346,rapidbus_kl,,0.06940779796624409,6524.787109375,8.783516854704978
1000261,KL1805 KG PANTAI DALAM,3.0986396465212,101.67039758065,rapidbus_kl,,0.36959649139341155,6524.787109375,8.783516854704978
1000762,KL1437 TAMAN BUKIT ANGKASA (TIMUR),3.1072314965482,101.67185354416,rapidbus_kl,,0.4619608967848726,5809.83544921875,8.667479634554697
1000763,KL2129 FLAT SRI ANGKASA 2,3.1075293605409,101.67092526173,rapidbus_kl,,0.44587145039230874,5809.83544921875,8.667479634554697
1008293,KLINIK KOMUNITI KERINCHI,3.108036,101.669355,rapidbus_kl,,0.4507755402515858,8293.48828125,9.023346510697527
1001654,(M) KL1413 PANTAI MURNI,3.104103,101.666017,rapidbus_kl,,0.39787125970875004,5809.83544921875,8.667479634554697
1008488,TAMAN BUKIT ANGKASA,3.108466,101.668927,rapidbus_kl,,0.4087906236714164,8293.48828125,9.023346510697527
1000910,KL1420 TAMAN BUKIT ANGKASA BLOK 6,3.1078394383843,101.67076523891,rapidbus_kl,,0.4732732249811543,5809.83544921875,8.667479634554697
1001719,KL1800 PPR SRI PANTAI (BARAT),3.1075135980947,101.67309675705,rapidbus_kl,,0.5721289053478893,5809.83544921875,8.667479634554697
1000095,KL1801 ANGKASAPURI,3.1125467042244,101.67320070486,rapidbus_kl,,0.4049723267678552,8293.48828125,9.023346510697527
1001706,KL1802 KUARTERS TNB (DAHLIA),3.116452747602,101.6718384715,rapidbus_kl,,0.5069631590780737,7703.421875,8.949549712492678
1000365,KL1099 SK BANGSAR,3.1167609772467,101.67034409462,rapidbus_kl,,0.41520742855125886,7703.421875,8.949549712492678
1001787,KL1117 LRT BANGSAR,3.1274797153797,101.6788029842,rapidbus_kl,,0.17219191800512332,6477.234375,8.776203279224983
1002917,KL1762 PUSAT KHIDMAT LEMBAH PANTAI,3.129266,101.674383,rapidbus_kl,,0.39646666514402956,6477.234375,8.776203279224983
1002948,KL1143 BANGSAR PARK (SELATAN),3.130798,101.673309,rapidbus_kl,,0.47222723539233047,8534.8798828125,9.052033721047119
1001531,KL1158 KOMERSIAL BANGSAR BARU,3.132373,101.673216,rapidbus_kl,,0.5700787052610151,8534.8798828125,9.052033721047119
1002890,KL1145 BANGSAR PARK (UTARA),3.1356016863173,101.67324332606,rapidbus_kl,,0.43853943850417343,9363.716796875,9.14470437383097
1002093,KL1160 TAMAN BANDARAYA,3.139263868803,101.67210240492,rapidbus_kl,,0.3701735671841448,9363.716796875,9.14470437383097
1000223,KL1136 BANGSAR SHOPPING CENTER (OPP),3.142399,101.667978,rapidbus_kl,,0.37994772813465816,9152.5048828125,9.121892132227591
1001657,KL1137 SRI PENAGA CONDOMINIUM,3.1422064106571,101.66458715895,rapidbus_kl,,0.514542515437347,10032.705078125,9.2137052123584
1000632,KL1162 DC MALL,3.145951,101.660649,rapidbus_kl,,0.0892988821595135,10032.705078125,9.2137052123584
1003214,KL1175 HP TOWERS,3.151841,101.663715,rapidbus_kl,,0.3464005143579178,9212.453125,9.128419991118841
1006702,KL2424 DAMANLELA CARPARK,3.149055,101.66251,rapidbus_kl,,0.4280624227747715,10032.705078125,9.2137052123584
1000224,KL1138 BANGSAR SHOPPING CENTER (TIMUR),3.143125,101.668006,rapidbus_kl,,0.3091914236522805,9152.5048828125,9.121892132227591
1003372,KL1148 SMK BUKIT BANDARAYA,3.1425084184586,101.67180830063,rapidbus_kl,,0.40698528941118667,9152.5048828125,9.121892132227591
1002918,KL1149 APT BANGSAR INDAH,3.1402867373031,101.67274448637,rapidbus_kl,,0.5000802894823453,9363.716796875,9.14470437383097
1002905,KL1150 RUMAH NO 164,3.1380614131037,101.67342031975,rapidbus_kl,,0.43971438606715046,9363.716796875,9.14470437383097
1002959,KL1153 BANGSAR PARK (SELATAN),3.130729,101.673479,rapidbus_kl,,0.48532129367156923,8534.8798828125,9.052033721047119
1000060,KL1154 PUSAT KHIDMAT LEMBAH PANTAI,3.129343,101.674519,rapidbus_kl,,0.3829124660903846,6477.234375,8.776203279224983
1000519,KL1142 DATARAN MAYBANK,3.126412,101.677303,rapidbus_kl,,0.2687637690342786,6477.234375,8.776203279224983
1001511,KL SENTRAL,3.133649,101.685557,rapidbus_kl,,0.38956717975585875,5211.45556640625,8.558806341640269
1009071,TAMAN BOTANI PERDANA,3.147367,101.686771,rapidbus_kl,,0.224439665413241,5017.009765625,8.520788673043446
1005051,PARLIMEN GATE 3,3.149496,101.678636,rapidbus_kl,,0.4605648352256733,4252.38037109375,8.355469327204101
1002080,KL113 HAB LEBUH PUDU,3.146744,101.698695,rapidbus_kl,,0.47980868663071785,6919.0,8.842171048611716
1004240,KL1939 MEDAN PASAR,3.148202,101.696375,rapidbus_kl,,0.3681007321257968,6919.0,8.842171048611716
1000383,KL117 BSN LEBUH AMPANG,3.1492454039518,101.69737177094,rapidbus_kl,,0.5264100914516119,6919.0,8.842171048611716
1003683,KL30 AMANAHRAYA,3.1519126007803,101.69799809706,rapidbus_kl,,0.43072474326270516,7198.00146484375,8.881697609948064
1000823,KL31 HENTIAN MUNSHI ABDULLAH,3.1532582998069,101.69848425418,rapidbus_kl,,0.43658944112586856,7198.00146484375,8.881697609948064
1002560,KL32 CAPSQUARE,3.1546522393082,101.69837470998,rapidbus_kl,,0.4327710852754859,7198.00146484375,8.881697609948064
1003415,KL1940 SOGO KL,3.1567788096169,101.69535839244,rapidbus_kl,,0.347597909746825,7198.00146484375,8.881697609948064
1001984,KL40 MEDAN MARA,3.157724,101.694556,rapidbus_kl,,0.44187717923057407,7198.00146484375,8.881697609948064
1003257,KL41 LRT SULTAN ISMAIL/WISMA SIME DARBY,3.162154,101.695526,rapidbus_kl,,0.10499691839135986,7587.3212890625,8.93436567189053
1002694,KL42 EDC HOTEL,3.165085,101.696133,rapidbus_kl,,0.3755066606515665,7587.3212890625,8.93436567189053
1001418,KL46 CHOWKIT/KFC (BARAT),3.167208,101.696275,rapidbus_kl,,0.4032424396283373,7349.15283203125,8.902476385464341
1002537,KL47 DAMAI HOSPITAL (OPP),3.169272,101.695689,rapidbus_kl,,0.1768782180786291,7349.15283203125,8.902476385464341
1002413,KL49 PERKIM/PUSRAWI,3.171001,101.693422,rapidbus_kl,,0.1443339117600201,7349.15283203125,8.902476385464341
1002022,KL578 TAMAN GOLDEN,3.174173,101.690357,rapidbus_kl,,0.6183839446488785,6006.07421875,8.700693090150894
1001710,KL579 SK SRI DHANDAYUTHAPANI,3.176318,101.688001,rapidbus_kl,,0.333093861482447,6443.83349609375,8.77103408045365
1005139,(M) KL1580 MRT SENTUL BARAT PINTU B,3.178238,101.685753,rapidbus_kl,,0.07926883035691032,6443.83349609375,8.77103408045365
1002529,KL580 RIVERCITY 3RD MILE,3.180075,101.683043,rapidbus_kl,,0.3852834840221481,6443.83349609375,8.77103408045365
1002530,KL581 BATU COMPLEX BUSINESS CENTRE,3.183872,101.681078,rapidbus_kl,,0.500742371328994,8295.583984375,9.023599140919684
1003385,KL583 SMK (P) JLN IPOH,3.187494,101.681611,rapidbus_kl,,0.412731091225239,8295.583984375,9.023599140919684
1001626,KL584 KOMPLEKS MUTIARA,3.188964,101.680933,rapidbus_kl,,0.3948388429460831,8295.583984375,9.023599140919684
1002533,KL585 MRT KENTOMEN PINTU B,3.194339,101.679474,rapidbus_kl,,0.21041318245269675,9044.9296875,9.110070177235084
1002534,KL586 KOMPLEKS MIKASA,3.198519,101.678381,rapidbus_kl,,0.34877951479661334,9044.9296875,9.110070177235084
1001253,KL1577 SK KAMPUNG BATU (OPP),3.201914,101.676269,rapidbus_kl,,0.2741048417007897,8328.1044921875,9.02751122544285
1001634,KL587 KOMERSIAL KOK LIAN,3.202668,101.673614,rapidbus_kl,,0.4634290689523056,6994.9130859375,8.853081412667597
1004086,KL565 KTM TAMAN WAHYU (OPP),3.214823,101.671769,rapidbus_kl,,0.3894770067339006,6465.142578125,8.774335008479172
1003909,(M) KL566 LOTUS SELAYANG,3.222303,101.671636,rapidbus_kl,,0.3097387914237008,5699.5107421875,8.648311053700997
1008667,KL2247 KOMERSIAL KIP,3.224288,101.671585,rapidbus_kl,,0.48444899682944476,5699.5107421875,8.648311053700997
1004214,KL567 TAMAN SRI SELAYANG,3.235105,101.671394,rapidbus_kl,,0.29803692000240606,8705.4404296875,9.07181831004555
1004213,KL569 TAMAN DESA BAKTI,3.242992,101.662831,rapidbus_kl,,0.3217503675795565,9751.357421875,9.185264321625136
1000427,SL531 SELAYANG PANDANG,3.244594,101.658687,rapidbus_kl,,0.29884345082909824,9751.357421875,9.185264321625136
1008666,SL532 SELAYANG PANDANG,3.245313,101.658162,rapidbus_kl,,0.34296983373117396,9751.357421875,9.185264321625136
1008665,SL533 POS MALAYSIA SELAYANG (OPP),3.244942,101.669029,rapidbus_kl,,0.08105462417483544,10405.802734375,9.250214980367886
1002191,SL55 GIANT SELAYANG,3.246598,101.671185,rapidbus_kl,,0.2210924641318369,10405.802734375,9.250214980367886
1008668,SL287 STADIUM MPS (BARAT),3.254584,101.656382,rapidbus_kl,,0.39576343543488807,9788.3564453125,9.18905099744072
1002289,SL34 GIANT SELAYANG,3.246619,101.671394,rapidbus_kl,,0.24143821912246535,10405.802734375,9.250214980367886
1002355,SL538 POS MALAYSIA SELAYANG,3.244932,101.669223,rapidbus_kl,,0.06710773530075229,10405.802734375,9.250214980367886
1000735,SL539 FLAT PASAR BORONG,3.241042,101.668447,rapidbus_kl,,0.4578712598701475,8705.4404296875,9.07181831004555
1004215,KL840 TAMAN SRI SELAYANG,3.235604,101.671683,rapidbus_kl,,0.2853445938345623,8705.4404296875,9.07181831004555
1001398,KL1498 KOMERSIAL KIP (OPP),3.224205,101.671929,rapidbus_kl,,0.4952435138288494,5699.5107421875,8.648311053700997
1004087,(M) KL1505 KTM TAMAN WAHYU,3.215039,101.672071,rapidbus_kl,,0.42930199885768006,6465.142578125,8.774335008479172
1001633,KL588 TAMAN KOK LIAN/ PPR PEKAN BATU,3.202983,101.672999,rapidbus_kl,,0.38873130728302596,6994.9130859375,8.853081412667597
1003379,KL598 SK KAMPUNG BATU,3.201994,101.676612,rapidbus_kl,,0.24310856735789485,8328.1044921875,9.02751122544285
1001966,KL599 TAMAN IMPIAN,3.200533,101.677558,rapidbus_kl,,0.3599401259198488,8328.1044921875,9.02751122544285
1000401,KL600 BATU KENTOMEN,3.197445,101.679383,rapidbus_kl,,0.27816416734439703,9044.9296875,9.110070177235084
1002536,KL601 TAMAN RAINBOW,3.194458,101.679934,rapidbus_kl,,0.24809174997336614,9044.9296875,9.110070177235084
1002535,KL602 TAMAN KAYA,3.191318,101.680711,rapidbus_kl,,0.5513623836156224,9044.9296875,9.110070177235084
1005100,KL1578 MRT JALAN IPOH PINTU B,3.189311,101.681467,rapidbus_kl,,0.46556445945027536,8295.583984375,9.023599140919684
1003386,KL603 SMK (P) JLN IPOH (OPP),3.187823,101.682087,rapidbus_kl,,0.4694022976461482,5050.16796875,8.527374776468687
1005102,KL604 BATU COMPLEX BUSINESS CENTRE,3.184283,101.681568,rapidbus_kl,,0.511217334612766,8295.583984375,9.023599140919684
1002532,KL605 TAMAN MILLION,3.182668,101.681709,rapidbus_kl,,0.6058818786053564,7469.35693359375,8.91869805926026
1001414,(M) KL606 RIVERWALK VILLAGE,3.180072,101.683532,rapidbus_kl,,0.335613960162135,6443.83349609375,8.77103408045365
1005118,KL607 MRT SENTUL BARAT PINTU C,3.179103,101.684876,rapidbus_kl,,0.1574678272532005,6443.83349609375,8.77103408045365
1000949,KL608 HOTEL TROPICANA,3.176957,101.687597,rapidbus_kl,,0.24927116630499488,6443.83349609375,8.77103408045365
1002528,KL609 SMK SENTUL UTAMA,3.174777,101.690071,rapidbus_kl,,0.6125265097300383,6443.83349609375,8.77103408045365
1002414,KL2249 PERKIM,3.171261,101.693485,rapidbus_kl,,0.15384934257417593,7349.15283203125,8.902476385464341
1000514,KL50 DAMAI HOSPITAL,3.169987,101.695148,rapidbus_kl,,0.07886998871020783,7349.15283203125,8.902476385464341
1003247,KL52 MONORAIL CHOWKIT,3.167932,101.697641,rapidbus_kl,,0.4377423239185961,7349.15283203125,8.902476385464341
1000477,KL69 PASAR CHOW KIT,3.1649075811687,101.69838214605,rapidbus_kl,,0.5258627441594531,7587.3212890625,8.93436567189053
1004169,KL70 SRI AMAR,3.1621045678315,101.69799859061,rapidbus_kl,,0.3792322408786921,7587.3212890625,8.93436567189053
1002359,KL71 KOMERSIAL TAR,3.1612475525248,101.69761374186,rapidbus_kl,,0.34910047057869237,7587.3212890625,8.93436567189053
1001853,KL35 MAJU JUNCTION,3.1592844970663,101.69672259083,rapidbus_kl,,0.3915383054546617,7587.3212890625,8.93436567189053
1001629,KL36 KOMPLEKS PERTAMA,3.157889,101.696133,rapidbus_kl,,0.4913397443906807,7198.00146484375,8.881697609948064
1000875,KL37 GLOBE KL,3.1551536529193,101.69640777292,rapidbus_kl,,0.25573955847825286,7198.00146484375,8.881697609948064
1000502,KL38 COLISEUM,3.1529928729368,101.69660138684,rapidbus_kl,,0.2394010061046016,7198.00146484375,8.881697609948064
1000521,KL114 DATARAN MERDEKA,3.149162,101.694376,rapidbus_kl,,0.41707380303545066,6919.0,8.842171048611716
1000047,KL1934 MUZIUM TEKSTIL NEGARA,3.147136,101.69481,rapidbus_kl,,0.19281474963121872,6919.0,8.842171048611716
1006277,KL103 MAYBANK,3.14694,101.69683,rapidbus_kl,,0.3015419626267735,6919.0,8.842171048611716
1003299,SKPK LELAKI JLN BATU,3.159643,101.694843,rapidbus_kl,,0.2729059852123622,7587.3212890625,8.93436567189053
1002415,KL47 PICOMS,3.1704199968614,101.6941562269,rapidbus_kl,,0.04737672924906727,7349.15283203125,8.902476385464341
1001329,KL610 IPD SENTUL,3.1743497157601,101.69253609468,rapidbus_kl,,0.492834234346769,7349.15283203125,8.902476385464341
1000784,KL2050 FLAT SRI TERENGGANU,3.1756642902018,101.69290146174,rapidbus_kl,,0.3906326679856344,7384.04052734375,8.9072116827424
1001523,KL2051 WISMA HEALTH LANE,3.178321,101.692506,rapidbus_kl,,0.23547649926367945,7384.04052734375,8.9072116827424
1003167,KL613 SENTUL BOULEVARD (BARAT),3.184357,101.691806,rapidbus_kl,,0.4323970007572474,7736.7724609375,8.953869129418122
1003375,KL615 SMK CONVENT SENTUL,3.185997,101.691514,rapidbus_kl,,0.3615086734965079,7736.7724609375,8.953869129418122
1002170,KL616 PASAR SENTUL,3.188646,101.691164,rapidbus_kl,,0.4174522801896832,7736.7724609375,8.953869129418122
1000769,KL617 SK SENTUL 2,3.1917899245568,101.69078824409,rapidbus_kl,,0.5832136577914927,11560.8916015625,9.35546976219305
1000637,KL2053 BHP SENTUL (OPP),3.194063,101.690715,rapidbus_kl,,0.4550497192009499,11560.8916015625,9.35546976219305
1003624,KL1500 SJKC SENTUL PENG MING (OPP),3.197294,101.690691,rapidbus_kl,,0.47986426605764165,11560.8916015625,9.35546976219305
1001162,SENTUL VILLAGE,3.203693,101.689151,rapidbus_kl,,0.3221790424221547,7278.93359375,8.892877019411491
1008375,KL618 DARUL HIDAYAH,3.205379,101.689185,rapidbus_kl,,0.3728369551855536,7278.93359375,8.892877019411491
1008373,KL619 RESIDENSI SKY AWANI (OPP),3.208922,101.689286,rapidbus_kl,,0.4870545343547932,8340.298828125,9.02897421801456
1001164,KL1502 SMK BATU MUDA,3.2110832416219,101.68918531876,rapidbus_kl,,0.34438023009676044,8340.298828125,9.02897421801456
1000174,KL620 ASRAMA PUTRI DESA VIEW,3.213965,101.689181,rapidbus_kl,,0.3868884586436739,8340.298828125,9.02897421801456
1003994,KL623 TAMAN KOPERASI POLIS,3.220585,101.689193,rapidbus_kl,,0.3273081986443581,7867.7216796875,8.970650898699605
1001590,(M) KL624 IIC/PICOMS,3.223146,101.689189,rapidbus_kl,,0.44562619762696537,7867.7216796875,8.970650898699605
1004270,(M) KL625 GIATMARA BATU MUDA,3.226716,101.689114,rapidbus_kl,,0.3902402698776411,8726.2119140625,9.074201229446986
1003042,KL626 TAMAN BATU MUDA (TIMUR),3.227983,101.688207,rapidbus_kl,,0.23345196685517547,8726.2119140625,9.074201229446986
1003008,KL627 TAMAN BATU MUDA,3.227896,101.686728,rapidbus_kl,,0.10882249461031823,8726.2119140625,9.074201229446986
1001365,SL260 BT CAVES INDUSTRIAL PARK 5 (BARAT),3.233728,101.684984,rapidbus_kl,,0.39869567335529377,8242.583984375,9.01719047790045
1002362,SL261 PERINDUSTRIAN BT CAVES,3.2337913290617,101.68775458091,rapidbus_kl,,0.4024013291227436,8242.583984375,9.01719047790045
1001168,SL263 FLAT TAMAN SRI BATU,3.233232,101.691834,rapidbus_kl,,0.5258809127153315,9864.865234375,9.196836122099235
1003594,SL264 SK TAMAN SAMUDERA,3.2331904405796,101.69387206424,rapidbus_kl,,0.440026495860386,9864.865234375,9.196836122099235
1000862,SL265 GIANT BT CAVES,3.2350275355261,101.69537303564,rapidbus_kl,,0.24486544079219646,9864.865234375,9.196836122099235
1001866,SL244 TAMAN SRI GOMBAK FASA 3,3.242985,101.705851,rapidbus_kl,,0.4234030159368284,8227.31640625,9.015336704852391
1002380,SL178 KG MELAYU WIRA DAMAI,3.250299,101.693129,rapidbus_kl,,0.416318759603699,9145.029296875,9.121075107457457
1001867,SL247 TAMAN SRI GOMBAK FASA 3,3.243095,101.706028,rapidbus_kl,,0.4312712377480488,8227.31640625,9.015336704852391
1003499,SL240 TAMAN SRI GOMBAK FASA 4,3.240708,101.707096,rapidbus_kl,,0.6124222406880488,6670.9326171875,8.805664844645182
1000863,SL250 GIANT BT CAVES (OPP),3.2352028016492,101.69553249615,rapidbus_kl,,0.23419447112373956,9864.865234375,9.196836122099235
1003592,SL251 METRO TABERNACLE (OPP),3.2330061496644,101.69459905086,rapidbus_kl,,0.45338721165520784,9864.865234375,9.196836122099235
1000579,SL252 HENTIAN SAMUDERA BARAT,3.2330736618946,101.69123161992,rapidbus_kl,,0.5807163021655536,9864.865234375,9.196836122099235
1001756,SL253 WISMA SBC (OPP),3.2330886112503,101.68943385203,rapidbus_kl,,0.5677096718864146,8242.583984375,9.01719047790045
1000002,SL254 PERINDUSTRIAN BT CAVES,3.2336025134884,101.68713320744,rapidbus_kl,,0.39930782870715603,8242.583984375,9.01719047790045
1001364,SL255 BT CAVES INDUSTRIAL PARK,3.2336008703877,101.68470559789,rapidbus_kl,,0.42349446073106944,8242.583984375,9.01719047790045
1001507,SL256 PERINDUSTRIAN SBC,3.23124128371,101.68455667137,rapidbus_kl,,0.33474017632055225,8726.2119140625,9.074201229446986
1001176,SL257 BT CAVES INDUSTRIAL PARK,3.2282417555763,101.6845945779,rapidbus_kl,,0.19223972930255304,8726.2119140625,9.074201229446986
1004103,KL631 TAMAN BATU MUDA (TENGAH),3.228024,101.68612,rapidbus_kl,,0.08202096976467912,8726.2119140625,9.074201229446986
1003009,KL632 TAMAN BATU MUDA (TIMUR),3.228132,101.688189,rapidbus_kl,,0.22601554982826405,8726.2119140625,9.074201229446986
1004271,(M) KL633 RAUDHATUL SAKINAH,3.226651,101.689353,rapidbus_kl,,0.4161595057901831,8726.2119140625,9.074201229446986
1001591,KL634 IIC/PICOMS (OPP),3.223155,101.689429,rapidbus_kl,,0.46614468068273573,7867.7216796875,8.970650898699605
1003996,KL636 TAMAN KOPERASI POLIS,3.220635,101.689417,rapidbus_kl,,0.35247769195689593,7867.7216796875,8.970650898699605
1002664,KL638 FIT CENTRE,3.215445230474,101.6894337101,rapidbus_kl,,0.5144819288185082,8340.298828125,9.02897421801456
1003373,KL639 SMK BATU MUDA (OPP),3.211631,101.689436,rapidbus_kl,,0.35731527454068784,8340.298828125,9.02897421801456
1008372,KL640 RESIDENSI SKY AWANI,3.209083,101.689499,rapidbus_kl,,0.49138366591214594,8340.298828125,9.02897421801456
1008374,KL1503 ONE MAXIM,3.205386,101.689431,rapidbus_kl,,0.39728675668018393,7278.93359375,8.892877019411491
1001163,CENTURA SENTUL,3.204097,101.689384,rapidbus_kl,,0.3501143569837506,7278.93359375,8.892877019411491
1008189,KL641 1 SENTUL CONDOMINIUM (OPP),3.200113,101.690415,rapidbus_kl,,0.6143514195637692,7278.93359375,8.892877019411491
1003625,KL642 SJKC PENG MING,3.196942,101.690959,rapidbus_kl,,0.43661745253972145,11560.8916015625,9.35546976219305
1000638,KL2063 SPG DATO SENU,3.1945987428565,101.69102565218,rapidbus_kl,,0.40527901033553443,11560.8916015625,9.35546976219305
1000770,KL643 MASJID AL-HIDAYAH SENTUL,3.1920734599953,101.6910158276,rapidbus_kl,,0.5431858703429276,11560.8916015625,9.35546976219305
1002171,KL644 PANGSAPURI SENTUL UTARA,3.190131,101.691354,rapidbus_kl,,0.49329547137185525,7736.7724609375,8.953869129418122
1003168,KL645 SENTUL BOULEVARD (UTARA),3.1860286814606,101.69248897523,rapidbus_kl,,0.26039159181463334,7736.7724609375,8.953869129418122
1003169,KL647 FENNEL SENTUL,3.183666,101.694169,rapidbus_kl,,0.38278048820621685,7736.7724609375,8.953869129418122
1008377,D6 SENTUL,3.180778,101.692479,rapidbus_kl,,0.32466121771101475,7384.04052734375,8.9072116827424
1000573,KL665 SJKC SENTUL KL,3.179894,101.692594,rapidbus_kl,,0.2548280371576087,7384.04052734375,8.9072116827424
1001524,KL665 SJKT SENTUL,3.1768647215315,101.69294053604,rapidbus_kl,,0.27785829846587284,7384.04052734375,8.9072116827424
1000785,KL666 PERUMAHAN AWAM SERI TERENGGANU,3.1751537428436,101.6931426527,rapidbus_kl,,0.4306921310846739,7384.04052734375,8.9072116827424
1000488,KL106 MENARA UAB/CIMB,3.1507023375653,101.69556669879,rapidbus_kl,,0.3560719386340403,7198.00146484375,8.881697609948064
1001183,KL107 LRT MASJID JAMEK,3.1495093326694,101.69651785383,rapidbus_kl,,0.5032223463623665,6919.0,8.842171048611716
1002041,(M) KL1580 PETRON SENTUL WEST,3.178511,101.685795,rapidbus_kl,,0.057051063924002915,6443.83349609375,8.77103408045365
1008365,KL594 MRT KG BATU,3.205422,101.675887,rapidbus_kl,,0.2920853496543803,8328.1044921875,9.02751122544285
1002614,KL593 PPR BATU MUDA BLOK G (OPP),3.206771,101.679318,rapidbus_kl,,0.37019680371252844,8328.1044921875,9.02751122544285
1002612,KL1571 PPR BATU MUDA (OPP),3.207703,101.680257,rapidbus_kl,,0.5106081982792606,8328.1044921875,9.02751122544285
1003445,KL2239 SK BATU MUDA (OPP),3.213402,101.684121,rapidbus_kl,,0.27810061761325716,8340.298828125,9.02897421801456
1002873,KL2240 PERUMAHAN TENTERA AMPAT TIN,3.214803,101.684633,rapidbus_kl,,0.35164206608075566,8340.298828125,9.02897421801456
1002872,KL2242 PERUMAHAN LOT BATU MUDA,3.216029,101.686414,rapidbus_kl,,0.43909603441070505,8340.298828125,9.02897421801456
1001944,KL2275 MASJID SAIDINA HAMZAH (OPP),3.217813,101.688308,rapidbus_kl,,0.3688542293947932,7867.7216796875,8.970650898699605
1004104,KL628 TAMAN BATU MUDA (TENGAH),3.227839,101.685253,rapidbus_kl,,0.150024352004675,8726.2119140625,9.074201229446986
1000843,KL629 HENTIAN BATU MUDA,3.2277684757764,101.68340687361,rapidbus_kl,,0.33394153978027347,8726.2119140625,9.074201229446986
1001491,SL491 KJCF (OPP),3.229023,101.682252,rapidbus_kl,,0.44484314511398826,8726.2119140625,9.074201229446986
1002018,SL492 AMARI BUSINESS PARK,3.231727805851,101.68238522469,rapidbus_kl,,0.541921999021445,8726.2119140625,9.074201229446986
1002755,SL493 NISSAN,3.2340012667277,101.6825853159,rapidbus_kl,,0.5319322374561207,8242.583984375,9.01719047790045
1000192,SL56 BALAI MUKIM BATU,3.2481543491642,101.67448658595,rapidbus_kl,,0.48747090991903946,8298.1328125,9.023906307904543
1003566,SL82 SIMPANG MASUK KG NAKHODA,3.250468,101.675729,rapidbus_kl,,0.43836127753589826,9144.84375,9.121054820100932
1001095,SL475 KG BARU SG TUA (BARAT),3.2527613196177,101.6780357229,rapidbus_kl,,0.11075454050574983,9144.84375,9.121054820100932
1001727,SL68 KG BARU SG TUA (TIMUR),3.254213053263,101.67988312992,rapidbus_kl,,0.2243358326320676,9144.84375,9.121054820100932
1002967,SL69 RUMAH NO 8970,3.2534652022462,101.68245624943,rapidbus_kl,,0.42231256080861695,7321.23876953125,8.89867140302711
1002966,SL70 RUMPUN NAKHODA RESIDENCE,3.2528137554167,101.68366997064,rapidbus_kl,,0.3047226983393446,7321.23876953125,8.89867140302711
1001781,SL71 LORONG NAKHODA 25,3.249419022952,101.67927903775,rapidbus_kl,,0.4700334489741657,8298.1328125,9.023906307904543
1001469,SL57 SRA SG TUA (OPP),3.252764,101.674759,rapidbus_kl,,0.36726044868221874,9144.84375,9.121054820100932
1003983,SL58 KG SG TUA BARU,3.256723,101.672816,rapidbus_kl,,0.48794894638526043,10022.1513671875,9.212652832895019
1001991,SL472 TAMAN SELAYANG MUTIARA,3.260413,101.673384,rapidbus_kl,,0.46104983531713783,8530.1298828125,9.05147709159792
1001425,SL60 KG BENDAHARA,3.261955,101.675879,rapidbus_kl,,0.22661825408448186,9074.2099609375,9.113301795056874
1000240,SL61 BDR BARU SELAYANG FASA 2A,3.263028,101.678498,rapidbus_kl,,0.12328813944200741,9074.2099609375,9.113301795056874
1003985,SL473 HAB TAMAN JASA UTAMA,3.268909,101.681395,rapidbus_kl,,0.42101387675436974,6693.02734375,8.80897096657769
1000241,SL62 BDR BARU SELAYANG FASA 2A,3.262902,101.678608,rapidbus_kl,,0.11907919326143167,9074.2099609375,9.113301795056874
1001426,SL63 KG BENDAHARA,3.261787,101.675915,rapidbus_kl,,0.22460402751433878,9074.2099609375,9.113301795056874
1001496,SL64 TAMAN SELAYANG MUTIARA,3.260214,101.673732,rapidbus_kl,,0.5053456458535573,8530.1298828125,9.05147709159792
1003984,SL65 KG SG TUA BARU,3.256445,101.673152,rapidbus_kl,,0.4967703099768709,10022.1513671875,9.212652832895019
1001470,SL66 SRA SG TUA,3.252986,101.674986,rapidbus_kl,,0.3362212725612794,9144.84375,9.121054820100932
1002449,SL75 AZMIDA TECHNICAL COLLEGE (OPP),3.249893,101.676544,rapidbus_kl,,0.45515292548412145,9144.84375,9.121054820100932
1001917,SL72 MASJID KG NAKHODA,3.249407,101.677987,rapidbus_kl,,0.4437527578475891,8298.1328125,9.023906307904543
1003261,SL73 KG LAKSAMANA (UTARA),3.250065,101.679948,rapidbus_kl,,0.46775004791276625,9144.84375,9.121054820100932
1001726,SL78 KG BARU SG TUA (TIMUR),3.2539201119329,101.67987988416,rapidbus_kl,,0.21880909279084962,9144.84375,9.121054820100932
1004264,SL67 WISMA YATI AHMAD,3.249807,101.675391,rapidbus_kl,,0.5204261319617903,9144.84375,9.121054820100932
1002584,SL481 BALAI MUKIM BATU (OPP),3.247876,101.674629,rapidbus_kl,,0.4560193044667061,8298.1328125,9.023906307904543
1002756,SL486 NISSAN (OPP),3.2339503068994,101.68282168319,rapidbus_kl,,0.5159526082665447,8242.583984375,9.01719047790045
1002019,SL487 AMARI BUSINESS PARK,3.2317086959154,101.68266378678,rapidbus_kl,,0.5164282691273867,8726.2119140625,9.074201229446986
1001505,SL488 KJCF,3.2292616919648,101.68245586758,rapidbus_kl,,0.4249975062431096,8726.2119140625,9.074201229446986
1001506,KL630 HENTIAN BATU MUDA,3.2279776751935,101.68351131053,rapidbus_kl,,0.31590432475659747,8726.2119140625,9.074201229446986
1001945,KL621 MASJID SAIDINA HAMZAH,3.217681304031,101.68854051147,rapidbus_kl,,0.3964995890878045,7867.7216796875,8.970650898699605
1002871,KL2244 PADANG BOLA BATU MUDA,3.215874,101.687073,rapidbus_kl,,0.4312805792512598,8340.298828125,9.02897421801456
1002874,KL2246 PERUMAHAN TENTERA AMPAT TIN (OPP),3.214984,101.684749,rapidbus_kl,,0.3630046855088807,8340.298828125,9.02897421801456
1003444,KL2276 SK BATU MUDA,3.213314,101.684033,rapidbus_kl,,0.28156624449823986,8340.298828125,9.02897421801456
1002613,KL591 PPR BATU MUDA BLOK A,3.208154,101.680684,rapidbus_kl,,0.5341696718448377,4833.0712890625,8.483444308581765
1002615,KL592 PPR BATU MUDA BLOK G,3.206943,101.679831,rapidbus_kl,,0.4137995729378233,8328.1044921875,9.02751122544285
1003170,KL607 SENTUL WEST,3.178841,101.686031,rapidbus_kl,,0.02628687542711245,6443.83349609375,8.77103408045365
1001170,(M) PASAR SENI (PLATFORM A7 - A8),3.142984,101.695636,rapidbus_kl,,0.2947067463683778,6919.0,8.842171048611716
1001810,KL105 LRT MASJID JAMEK,3.1494286865998,101.69618952231,rapidbus_kl,,0.48043517496322025,6919.0,8.842171048611716
1000520,KL1820 DATARAN MERDEKA,3.149957,101.693829,rapidbus_kl,,0.430009987479332,7198.00146484375,8.881697609948064
1000533,KL39 MENARA DBKL,3.153669,101.694597,rapidbus_kl,,0.009162374663666166,7198.00146484375,8.881697609948064
1003644,KL2052 SMK LA SALLE,3.179513,101.692342,rapidbus_kl,,0.26285853958698085,7384.04052734375,8.9072116827424
1002860,KL996 PERUMAHAN SENTUL IMPIAN,3.195374,101.691975,rapidbus_kl,,0.28957779170951314,11560.8916015625,9.35546976219305
1003788,KL1005 PADANG DATO SENU,3.1959661287747,101.69574646695,rapidbus_kl,,0.14288824506822012,11560.8916015625,9.35546976219305
1002372,KL1007 KOMERSIAL DATO SENU,3.193629,101.695757,rapidbus_kl,,0.23772287868353614,11560.8916015625,9.35546976219305
1002791,KL1013 TAMAN DATO SENU,3.193997,101.694054,rapidbus_kl,,0.16844875957294164,11560.8916015625,9.35546976219305
1003035,KL1014 PERUMAHAN SENTUL IMPIAN,3.195259,101.692095,rapidbus_kl,,0.2767731272858937,11560.8916015625,9.35546976219305
1003515,KL2065 CAPERS SENTUL,3.181731,101.693202,rapidbus_kl,,0.36519237810965455,7384.04052734375,8.9072116827424
1001673,KL108 KOTA RAYA,3.1452717451374,101.69818921129,rapidbus_kl,,0.40072026919899656,6919.0,8.842171048611716
1002017,KL536 MENARA TKSS,3.182464,101.676725,rapidbus_kl,,0.4336190573401373,7469.35693359375,8.91869805926026
1000827,KL537 TAMAN SEGAMBUT (BARAT),3.183037,101.674726,rapidbus_kl,,0.5726354418543514,8295.583984375,9.023599140919684
1004283,KL539 TEMPLE SEGAMBUT,3.183824,101.672461,rapidbus_kl,,0.48318237031531863,8560.7041015625,9.055054526607874
1001358,KL540 SJKC KHAI CHEE (OPP),3.184986,101.669835,rapidbus_kl,,0.2349072720364347,8560.7041015625,9.055054526607874
1003191,KL541 SMK SEGAMBUT (OPP),3.186952,101.666972,rapidbus_kl,,0.2902427220679639,8560.7041015625,9.055054526607874
1001688,KTM KOMUTER SEGAMBUT,3.1869616128388,101.6630455465,rapidbus_kl,,0.1998510920183276,8306.0712890625,9.024862393608254
1001582,KL1581 KG SEGAMBUT BAHAGIA (BARAT),3.186033,101.659412,rapidbus_kl,,0.2350915180073247,8306.0712890625,9.024862393608254
1003732,KL1583 SURAU IKHWANIAH,3.183908,101.655848,rapidbus_kl,,0.4802342335728071,9773.9541015625,9.187578689350214
1001192,KL1584 KLINIK KESIHATAN SEGAMBUT (OPP),3.182899,101.654918,rapidbus_kl,,0.5120664996424438,8079.17919921875,8.997169329390342
1001884,KL1586 MASJID AL-UBUDIAH (OPP),3.178675,101.652195,rapidbus_kl,,0.08051361771946697,8079.17919921875,8.997169329390342
1001021,KL1588 KG SEGAMBUT DALAM (SELATAN),3.175384,101.651265,rapidbus_kl,,0.4167894228829701,8079.17919921875,8.997169329390342
1001475,KL1589 IMPIAN VILLAS (OPP),3.174035,101.651114,rapidbus_kl,,0.449331621536445,6738.98974609375,8.81581368255412
1001120,RESIDENSI SEFINA,3.170731,101.64948,rapidbus_kl,,0.38310681090083515,6738.98974609375,8.81581368255412
1002061,KL1674 KIARA 1888,3.169728,101.649317,rapidbus_kl,,0.40688326362751903,6738.98974609375,8.81581368255412
1003109,KL1482 GARDEN INTERNATIONAL SCHOOL,3.166853,101.648723,rapidbus_kl,,0.6068925919610569,4750.77978515625,8.466274518461157
1003528,KL1483 FLORA MURNI RESIDENCE,3.165621,101.648498,rapidbus_kl,,0.5862275677245324,7387.09912109375,8.907625757728013
1007470,KL2338 PLAZA CRYSTELVILLE,3.163064,101.651408,rapidbus_kl,,0.1998196155294867,8827.787109375,9.085772923956547
1007112,KL1485 PLAZA PRISMA VILLE,3.161209,101.649637,rapidbus_kl,,0.37684592450256743,8827.787109375,9.085772923956547
1002059,KL1681 HAB DESA SRI HARTAMAS,3.164054,101.647807,rapidbus_kl,,0.4196881882090821,7387.09912109375,8.907625757728013
1003527,KL1484 LANAI KIARA (OPP),3.1655633159264,101.64832761076,rapidbus_kl,,0.5679524049089109,7387.09912109375,8.907625757728013
1003108,KL1683 GARDEN INTERNATIONAL SCHOOL,3.1670988581168,101.64858571175,rapidbus_kl,,0.57759726405826,4750.77978515625,8.466274518461157
1000466,KL1711 CASA KIARA,3.168954,101.649073,rapidbus_kl,,0.45665165411565006,6738.98974609375,8.81581368255412
1001119,TRINITY PENTAMONT,3.171021,101.649469,rapidbus_kl,,0.38858301894358793,6738.98974609375,8.81581368255412
1002052,KL1590 IMPIAN VILLAS,3.174135,101.651011,rapidbus_kl,,0.46441026150080533,6738.98974609375,8.81581368255412
1001020,KL542 KG SEGAMBUT DALAM (SELATAN),3.1753170345106,101.65111858399,rapidbus_kl,,0.4307757589255978,8079.17919921875,8.997169329390342
1001883,KL1712 KG SEGAMBUT DALAM,3.177714,101.651757,rapidbus_kl,,0.1727454088276392,8079.17919921875,8.997169329390342
1002996,KL1587 MASJID AL-UBUDIAH,3.178832,101.652123,rapidbus_kl,,0.08854051425069474,8079.17919921875,8.997169329390342
1003266,KL544 KLINIK KESIHATAN SEGAMBUT,3.182573,101.654268,rapidbus_kl,,0.4507907581297477,8079.17919921875,8.997169329390342
1003731,KL545 SURAU IKHWANIAH (OPP),3.183984,101.655761,rapidbus_kl,,0.4674759887053745,9773.9541015625,9.187578689350214
1002102,KL521 KG SEGAMBUT BAHAGIA (BARAT),3.185775,101.658265,rapidbus_kl,,0.3618978005724391,8306.0712890625,9.024862393608254
1001687,KTM KOMUTER SEGAMBUT,3.1871537493284,101.66283452467,rapidbus_kl,,0.17613566823808963,8306.0712890625,9.024862393608254
1003650,KL524 SMK SEGAMBUT,3.187137,101.667125,rapidbus_kl,,0.2729522442250389,8560.7041015625,9.055054526607874
1000293,KL533 SJKC KHAI CHEE,3.1857209970457,101.66926371486,rapidbus_kl,,0.1555965126845526,8560.7041015625,9.055054526607874
1003834,KL534 TAN CHONG MOTOR,3.184001,101.672747,rapidbus_kl,,0.4908012297673647,8560.7041015625,9.055054526607874
1000826,KL914 TAMAN SEGAMBUT (BARAT),3.183432,101.674414,rapidbus_kl,,0.5621855791810135,8295.583984375,9.023599140919684
1004132,KL535 MENARA TKSS (OPP),3.1832872879497,101.67625871322,rapidbus_kl,,0.46049266290372454,8295.583984375,9.023599140919684
1000828,KL941 TAMAN SEGAMBUT (TIMUR),3.1817756330587,101.67755753355,rapidbus_kl,,0.33876293316031086,7469.35693359375,8.91869805926026
1008256,KL1065 MASJID NEGARA,3.143403,101.692772,rapidbus_kl,,0.3009515469877653,6919.0,8.842171048611716
1000273,(M) KL104 LIN HO,3.147642,101.697527,rapidbus_kl,,0.4099555585863939,6919.0,8.842171048611716
1000195,SL174 BALAI POLIS GOMBAK,3.218599,101.713073,rapidbus_kl,,0.28607371423991323,8658.17578125,9.06637482165173
1002518,SL175 JABATAN VETERINAR,3.2169911607982,101.71313215002,rapidbus_kl,,0.434489455242609,8658.17578125,9.06637482165173
1000397,(M) KL904 BATU 5 GOMBAK,3.213358,101.711984,rapidbus_kl,,0.16349527266523806,13999.7177734375,9.546863876814408
1002599,KL905 PEJABAT POS GOMBAK,3.2124132258933,101.70913626109,rapidbus_kl,,0.23747073661676765,13999.7177734375,9.546863876814408
1003601,KL906 SRA ZAID HARITHAH,3.2109474795732,101.70654716807,rapidbus_kl,,0.42243305819159305,11297.046875,9.33238514684102
1002261,KL907 RESIDENSI INSPIRIA (OPP),3.2091960791286,101.70465763924,rapidbus_kl,,0.37478147392084216,11297.046875,9.33238514684102
1003575,KL908 JU XIAN MIOW,3.207334,101.702901,rapidbus_kl,,0.39850466504711746,13699.0078125,9.525151682071527
1003512,KL909 BATU 4 GOMBAK,3.2060788258643,101.70212970354,rapidbus_kl,,0.2732609697025138,13699.0078125,9.525151682071527
1001530,KL910 KL TRADERS SQUARE,3.203286,101.702583,rapidbus_kl,,0.06350764729525757,13699.0078125,9.525151682071527
1001592,KL911 MASJID ABI WAQQAS (OPP),3.201863,101.703035,rapidbus_kl,,0.21025997229143276,13699.0078125,9.525151682071527
1003623,KL912 SMJK CHONG HWA,3.198543,101.704126,rapidbus_kl,,0.3726546724430085,13601.501953125,9.518009021945808
1004182,KL1631 KG PUAH,3.196675,101.704633,rapidbus_kl,,0.23642752399669273,13601.501953125,9.518009021945808
1000589,KL913 DIAMOND SQUARE,3.194449527539,101.70554489156,rapidbus_kl,,0.31102628269380406,13601.501953125,9.518009021945808
1001281,KL691 GUAN YING TING (OPP),3.187681,101.703603,rapidbus_kl,,0.10112703391518761,8637.84765625,9.064024479783903
1000296,KL692 SRJKC CHONG HWA (OPP),3.183543,101.702285,rapidbus_kl,,0.39987844641338194,8637.84765625,9.064024479783903
1003561,KL693 TITIWANGSA (BARAT),3.1800513185029,101.70116164237,rapidbus_kl,,0.2426541320250527,6083.5244140625,8.713503845269832
1002557,KL694 SJKC CHIAO NAN (OPP),3.178573,101.700485,rapidbus_kl,,0.2706472046749511,6083.5244140625,8.713503845269832
1000916,KL55 HKL (BARAT),3.1715259723624,101.69899468628,rapidbus_kl,,0.45252234647394246,7989.36767578125,8.985992054695469
1002216,KL56 HKL (SELATAN),3.1693610445791,101.69854543866,rapidbus_kl,,0.4553313633051153,7349.15283203125,8.902476385464341
1000887,KL53 GRAND SEASONS HOTEL,3.1701675672584,101.69824199219,rapidbus_kl,,0.4071902664358603,7349.15283203125,8.902476385464341
1000915,KL54 HKL (OPP),3.1727016599494,101.69894622509,rapidbus_kl,,0.5087496254814142,7989.36767578125,8.985992054695469
1003871,KL668 HOSPITAL TAWAKAL,3.177278,101.699941,rapidbus_kl,,0.3686641857607411,6083.5244140625,8.713503845269832
1002217,KL669 SJKC CHIAO NAN,3.178777,101.700303,rapidbus_kl,,0.29015068462844973,6083.5244140625,8.713503845269832
1003428,KL670 TITIWANGSA (BARAT),3.1816966341743,101.70141734218,rapidbus_kl,,0.36747159745350827,6083.5244140625,8.713503845269832
1000822,KL671 SJK(C) CHONG HWA,3.184711,101.701744,rapidbus_kl,,0.29417017262345224,8637.84765625,9.064024479783903
1001330,KL673 GUAN YING TING,3.188411,101.704123,rapidbus_kl,,0.19934232955629963,8637.84765625,9.064024479783903
1001362,KL894 DIAMOND SQUARE (OPP),3.194427,101.705273,rapidbus_kl,,0.28385744789934564,13601.501953125,9.518009021945808
1003254,KL895 KG PUAH,3.1970065790856,101.70428098822,rapidbus_kl,,0.2328164862500568,13601.501953125,9.518009021945808
1007549,KL896 SMJK CHONG HWA (OPP),3.19866,101.703768,rapidbus_kl,,0.37281222003616454,13601.501953125,9.518009021945808
1001943,KL897 MASJID SAAD ABI WAQQAS,3.2016010338946,101.70281401041,rapidbus_kl,,0.23924521231122403,13699.0078125,9.525151682071527
1001324,KL898 KL TRADERS SQUARE (OPP),3.2033668937468,101.70222301152,rapidbus_kl,,0.08797947955538943,13699.0078125,9.525151682071527
1003511,KL899 BATU 4 GOMBAK,3.2057185727971,101.70167958187,rapidbus_kl,,0.25837297758784866,13699.0078125,9.525151682071527
1002260,KL900 RESIDENSI INSPIRIA,3.2087441442628,101.70369360198,rapidbus_kl,,0.38121906765238445,11297.046875,9.33238514684102
1001898,KL901 MASJID ZAID HARITHAH,3.211145,101.706347,rapidbus_kl,,0.3949188182046475,11297.046875,9.33238514684102
1004244,(M) KL902 PETRONAS JALAN GOMBAK,3.2125248686349,101.70820623726,rapidbus_kl,,0.3414206059849396,13999.7177734375,9.546863876814408
1000396,KL903 BATU 5 GOMBAK,3.213529,101.711619,rapidbus_kl,,0.16587869361011373,13999.7177734375,9.546863876814408
1003636,SL101 SK 1 & 2 GOMBAK,3.2169926405988,101.71288229656,rapidbus_kl,,0.4216995194878518,8658.17578125,9.06637482165173
1001899,SL102 MASJID AS SYAKIRIN,3.2186428972993,101.71282212336,rapidbus_kl,,0.263416114917144,8658.17578125,9.06637482165173
1003360,SBP INTEGRASI GOMBAK (OPP),3.2443281004462,101.72183234659,rapidbus_kl,,0.2775205259675693,3324.210693359375,8.109288317506259
1002104,KL57 NS PENYELIDIKAN PERUBATAN,3.1676749834573,101.69936041071,rapidbus_kl,,0.4988104598732851,7989.36767578125,8.985992054695469
1004138,KL58 MEDAN SELERA,3.168009,101.704354,rapidbus_kl,,0.3117137141702362,7989.36767578125,8.985992054695469
1003643,KL59 SK JLN RAJA MUDA,3.167985,101.707342,rapidbus_kl,,0.5112143391589847,7694.5498046875,8.948397493322593
1004274,KL60 YAYASAN SELANGOR,3.168012,101.708793,rapidbus_kl,,0.3819641046478759,7694.5498046875,8.948397493322593
1002016,KL61 SETIA SKY RESIDENCE,3.168117,101.710298,rapidbus_kl,,0.27669761934028025,7694.5498046875,8.948397493322593
1001999,KL210 MENARA CELCOM,3.1684458273791,101.71496998407,rapidbus_kl,,0.4675992968367949,7694.5498046875,8.948397493322593
1002629,KL211 PROTON EDAR,3.1709420067392,101.71686700305,rapidbus_kl,,0.30713786797792597,9260.263671875,9.133595783974885
1001869,KL212 UTM (SELATAN),3.1726511272452,101.71821161531,rapidbus_kl,,0.29137984128421085,9260.263671875,9.133595783974885
1002645,KL213 PULAPOL,3.1746299994927,101.71964238367,rapidbus_kl,,0.45819226021247483,6648.3203125,8.802269919779624
1001197,KL230 JPAM,3.1756218392977,101.72190048228,rapidbus_kl,,0.4326771340126898,6648.3203125,8.802269919779624
1002033,KL231 MINDEF SQUARE,3.1749683711778,101.72317478416,rapidbus_kl,,0.5795370721610774,6648.3203125,8.802269919779624
1002338,KL232 MARKAS LOGISTIK TENTERA,3.1732756877265,101.72576438369,rapidbus_kl,,0.3976572740922481,9826.693359375,9.192959532439524
1006094,KL233 GURNEY HEIGHT BLOK A,3.170212,101.729044,rapidbus_kl,,0.12726118293526587,9826.693359375,9.192959532439524
1007519,KL234 GURNEY HEIGHT BLOK C (OPP),3.169726,101.728824,rapidbus_kl,,0.126720314493084,9826.693359375,9.192959532439524
1003133,KL235 KG DATUK KERAMAT,3.168526,101.727852,rapidbus_kl,,0.2103751656576821,9826.693359375,9.192959532439524
1000259,AJ1 TAMAN KERAMAT (BARAT),3.168219,101.736894,rapidbus_kl,,0.254647752845716,9413.640625,9.150021269890091
1002887,AJ450 TAMAN KERAMAT (UTARA),3.167931,101.740122,rapidbus_kl,,0.5111233189989617,9413.640625,9.150021269890091
1000719,AJ451 FLAT TAMAN KERAMAT,3.169025,101.744321,rapidbus_kl,,0.15747642030662548,8584.103515625,9.05778383099039
1000698,AJ2 FLAT KERAMAT (OPP),3.1700787440494,101.74689493643,rapidbus_kl,,0.2594278905939505,8584.103515625,9.05778383099039
1003919,AJ3 PETRONAS AU2 TMN KERAMAT,3.1712527876539,101.75079445011,rapidbus_kl,,0.25324927376153267,8164.77294921875,9.007706667086744
1003062,AJ4 S.E.H (OPP),3.1739382945949,101.75297748463,rapidbus_kl,,0.39162456125445083,8164.77294921875,9.007706667086744
1003066,AJ5 MEDAN SELERA DESA KERAMAT,3.1765343179563,101.7533559133,rapidbus_kl,,0.25118238009364313,10720.546875,9.280010722255877
1000869,AJ6 GSK (OPP),3.178129791143,101.75457221573,rapidbus_kl,,0.19636606976658405,10720.546875,9.280010722255877
1003821,AJ7 GEOLOGI PETRONAS,3.1801207373274,101.75606951586,rapidbus_kl,,0.38181750269437986,10720.546875,9.280010722255877
1000800,AJ8 FLAT PKNS AU3 (OPP),3.1814831882915,101.75709215496,rapidbus_kl,,0.5526337324930785,5514.8662109375,8.61538398389415
1004143,AJ11 TRANSFORMER,3.1908805190146,101.76089970243,rapidbus_kl,,0.423989601258801,5261.16796875,8.568298382175909
1000529,AJ12 DEWAN BAHASA PUSTAKA,3.1929667398259,101.76095404518,rapidbus_kl,,0.2744099643775068,8569.134765625,9.056038736745315
1000066,AJ13 BENGKEL ALLY AZRAN,3.1948186532782,101.76092373513,rapidbus_kl,,0.07571979550597079,8569.134765625,9.056038736745315
1001882,AJ508 MASJID AR-RIDHUAN,3.1962070608269,101.7627837401,rapidbus_kl,,0.191651650273847,8569.134765625,9.056038736745315
1003640,AJ496 SK HULU KELANG,3.2000511262707,101.76123146744,rapidbus_kl,,0.41132247997637456,7460.86962890625,8.917561282294553
1003184,AJ493 SAUDI SCHOOL (OPP),3.202877,101.759261,rapidbus_kl,,0.24118447384255232,7460.86962890625,8.917561282294553
1004288,AJ492 KOMERSIAL MELAWATI/ZOO NEGARA,3.205882,101.756909,rapidbus_kl,,0.5026780548904002,13223.4990234375,9.489826374983476
1003827,AJ357 TADIKA WATI,3.225163,101.748794,rapidbus_kl,,0.6070797888060232,2084.474365234375,7.642751621657534
1000852,AJ358 TAMAN MELAWATI H,3.228459,101.748052,rapidbus_kl,,0.3864886226543132,3622.21533203125,8.195117123860134
1001259,AJ359 HENTIAN TAMAN MELAWATI,3.227956,101.745649,rapidbus_kl,,0.1476687410259684,3622.21533203125,8.195117123860134
1007534,SJK TAMIL TAMAN MELAWATI,3.216683,101.749693,rapidbus_kl,,0.548118111097864,4038.709716796875,8.303928116095696
1004287,AJ491 ZOO NEGARA,3.206681,101.756612,rapidbus_kl,,0.5239787705832836,13223.4990234375,9.489826374983476
1003139,AJ494 SAUDI SCHOOL,3.202718,101.759804,rapidbus_kl,,0.19730975686995145,7460.86962890625,8.917561282294553
1001294,AJ495 SK HULU KELANG (OPP),3.2009806766193,101.76111959249,rapidbus_kl,,0.3082943482308694,7460.86962890625,8.917561282294553
1001343,AJ509 FLAT TAMAN AL-RIDHUAN,3.1961349345231,101.76342348121,rapidbus_kl,,0.2542132329937557,8569.134765625,9.056038736745315
1000067,AJ14 BENGKEL ALLY AZRAN (OPP),3.1951745250322,101.76116759694,rapidbus_kl,,0.028443041661845025,8569.134765625,9.056038736745315
1000530,AJ15 DEWAN BAHASA PUSTAKA (OPP),3.1928988655788,101.76118007038,rapidbus_kl,,0.28009467325649107,8569.134765625,9.056038736745315
1004144,(M) AJ16 TRANSFORMER (OPP),3.1899810027823,101.76114303605,rapidbus_kl,,0.32240174428466606,5261.16796875,8.568298382175909
1001090,AJ17 LOJI IWK,3.1879299883652,101.76058368157,rapidbus_kl,,0.11968717470145278,5261.16796875,8.568298382175909
1000996,AJ18 FLAT UTM,3.1843791720355,101.75921960751,rapidbus_kl,,0.37579437833182594,5261.16796875,8.568298382175909
1000801,AJ19 FLAT PKNS AU3,3.1812679517238,101.75722310574,rapidbus_kl,,0.5274661374950179,5514.8662109375,8.61538398389415
1000870,AJ20 GSK,3.1779976442041,101.75473156694,rapidbus_kl,,0.21822273957430452,10720.546875,9.280010722255877
1003067,AJ21 SAPURA,3.1764620964573,101.75360792144,rapidbus_kl,,0.2657605528770056,10720.546875,9.280010722255877
1003063,AJ22 S.E.H,3.1742143133601,101.75321452058,rapidbus_kl,,0.423553830101951,8164.77294921875,9.007706667086744
1003918,AJ23 TEXAS INSTRUMENTS,3.1710148628736,101.75079394224,rapidbus_kl,,0.24483357255363297,8164.77294921875,9.007706667086744
1000720,AJ24 FLAT KERAMAT,3.1697727228996,101.74666665626,rapidbus_kl,,0.24217835435270568,8584.103515625,9.05778383099039
1000260,AJ25 FLAT TAMAN KERAMAT,3.168841,101.744319,rapidbus_kl,,0.17766106098383624,8584.103515625,9.05778383099039
1001777,AJ26 TAMAN KERAMAT (TIMUR),3.167886,101.741873,rapidbus_kl,,0.4119704021089075,8584.103515625,9.05778383099039
1003520,AJ27 TAMAN KERAMAT (UTARA),3.167756,101.740317,rapidbus_kl,,0.539877742536013,9413.640625,9.150021269890091
1000258,AJ28 DATUM JELATEK (BARAT),3.168095,101.736281,rapidbus_kl,,0.2582026576243746,9413.640625,9.150021269890091
1001878,KL203 SK DATOK KERAMAT 1,3.166581,101.730039,rapidbus_kl,,0.48730839216981026,9826.693359375,9.192959532439524
1003132,KL204 KG DATUK KERAMAT,3.168292,101.727745,rapidbus_kl,,0.23703766913212698,9826.693359375,9.192959532439524
1007520,KL1645 GURNEY HEIGHT (BLOK A),3.170199,101.728925,rapidbus_kl,,0.11458396618195081,9826.693359375,9.192959532439524
1001865,KL205 MARKAS LOGISTIK TENTERA DARAT,3.172908,101.725943,rapidbus_kl,,0.3531669439088376,9826.693359375,9.192959532439524
1006095,KL1641 KOMPLEKS SUKAN KEMENTERIAN,3.173586,101.724919,rapidbus_kl,,0.48468196692306503,9826.693359375,9.192959532439524
1001147,KL2254 MINDEF SQUARE (OPP),3.174128,101.724124,rapidbus_kl,,0.5895411212515279,9826.693359375,9.192959532439524
1004191,KL206 UTM KL,3.174422,101.719945,rapidbus_kl,,0.447161639025067,9260.263671875,9.133595783974885
1000985,KL207 UTM KL (SELATAN),3.172438,101.718406,rapidbus_kl,,0.2599666627627834,9260.263671875,9.133595783974885
1002628,KL208 SEMARAK RESIDENCE,3.1700591972816,101.71652378035,rapidbus_kl,,0.3419627058779838,9260.263671875,9.133595783974885
1003641,KL209 SK JLN GURNEY,3.1686462134804,101.71543749422,rapidbus_kl,,0.5005915728500333,9260.263671875,9.133595783974885
1002484,KL62 SETIA SKY RESIDENCE (OPP),3.167926,101.711238,rapidbus_kl,,0.27697406705201627,7694.5498046875,8.948397493322593
1004273,KL63 YAYASAN SELANGOR (OPP),3.1678324523453,101.70881962425,rapidbus_kl,,0.3941687234190695,7694.5498046875,8.948397493322593
1003642,KL64 SK JLN RAJA MUDA (OPP),3.167832,101.706461,rapidbus_kl,,0.48733587552659,7989.36767578125,8.985992054695469
1000945,KL65 MENARA ARINA UNITI,3.1678637715982,101.70450734947,rapidbus_kl,,0.33436330550315724,7989.36767578125,8.985992054695469
1000946,KL66 HOTEL PUTRA MUDA,3.1674947470273,101.6995491578,rapidbus_kl,,0.49530509720593846,7989.36767578125,8.985992054695469
1000355,AJ360 TAMAN MELAWATI E,3.225955,101.744082,rapidbus_kl,,0.31574760734711105,3622.21533203125,8.195117123860134
1002285,AJ361 KOMERSIAL TAMAN MELAWATI E,3.222248,101.741187,rapidbus_kl,,0.4284836630405461,4486.3974609375,8.409028182605109
1003835,AJ363 KG KLANG GATE,3.219578,101.739467,rapidbus_kl,,0.36917156143844443,12339.7490234375,9.420661994437175
1003099,AJ366 ISKL MELAWATI (OPP),3.219346,101.742543,rapidbus_kl,,0.2558681635209249,4486.3974609375,8.409028182605109
1000498,AJ367 MM RESIDENCY,3.215858,101.745914,rapidbus_kl,,0.4449576331927552,11590.111328125,9.357993818546701
1006121,KOMERSIAL TAMAN MELAWATI (OPP),3.212368,101.750343,rapidbus_kl,,0.28743094112289636,7156.89892578125,8.875971770771017
1000551,KL171 PERUMAHAN DESA SETAPAK,3.2044208918792,101.73338677173,rapidbus_kl,,0.32646727161345646,11656.4990234375,9.363704944911294
1006132,KL1617 DATARAN WANGSA MAJU,3.207986,101.742255,rapidbus_kl,,0.5238216902531058,11590.111328125,9.357993818546701
1006122,AJ368 KOMERSIAL TAMAN MELAWATI,3.212178,101.750447,rapidbus_kl,,0.274340203509288,7156.89892578125,8.875971770771017
1000543,AJ369 SERINI MELAWATI,3.212327,101.748373,rapidbus_kl,,0.42164364072507543,11590.111328125,9.357993818546701
1000497,AJ370 KK CLUB BERHAD,3.215675,101.745821,rapidbus_kl,,0.42234547377277315,11590.111328125,9.357993818546701
1003098,AJ371 KL INTERNATIONAL SCHOOL (TIMUR),3.220262,101.741434,rapidbus_kl,,0.3500167785801639,4486.3974609375,8.409028182605109
1002734,AJ372 KOMERSIAL TAMAN MELAWATI E,3.222237,101.740747,rapidbus_kl,,0.47150924077995743,4486.3974609375,8.409028182605109
1003069,AJ373 TAMAN MELAWATI I,3.225782,101.743698,rapidbus_kl,,0.34435987375094895,3622.21533203125,8.195117123860134
1000507,KL674 COURTS MEGASTORE SETAPAK,3.190798,101.707093,rapidbus_kl,,0.6193188122216879,9693.9052734375,9.179355796967595
1003187,KL675 TAMAN P.RAMLEE,3.1919098657668,101.70841657374,rapidbus_kl,,0.5009965579220049,14271.6728515625,9.566101998576954
1001417,KL676 KFC GENTING KLANG,3.195394,101.712216,rapidbus_kl,,0.1073213440640739,14271.6728515625,9.566101998576954
1002233,KL677 SRI PELANGI CONDOMINIUM (SELATAN),3.196398,101.713166,rapidbus_kl,,0.23910251770928542,14271.6728515625,9.566101998576954
1001335,KL678 SRI PELANGI CONDOMINIUM,3.197278,101.714029,rapidbus_kl,,0.371545233671293,14271.6728515625,9.566101998576954
1000285,KL679 PV128 SETAPAK,3.199125,101.716094,rapidbus_kl,,0.5657310803983913,11961.9462890625,9.389569342405956
1001199,KL681 STARPARC POINT,3.2043434187729,101.72286788476,rapidbus_kl,,0.37061594844528256,10135.0732421875,9.223855947920754
1001400,KL682 KEM WARDIEBURN,3.2060699282867,101.72534810808,rapidbus_kl,,0.3844838998217697,13638.251953125,9.520707087747306
1006114,TAMAN BUNGA RAYA/MALI'S CORNER,3.212388,101.729086,rapidbus_kl,,0.13420420804635294,15213.19140625,9.629983916406857
1000423,KL683 SETAPAK VOCATIONAL COLLEGE,3.2072988361143,101.72683128926,rapidbus_kl,,0.4125671324901879,13638.251953125,9.520707087747306
1002684,KL684 SMK PENDIDIKAN KHAS,3.2057756002926,101.7254901712,rapidbus_kl,,0.35109848780416686,13638.251953125,9.520707087747306
1000983,KL685 SETAPAK SENTRAL (OPP),3.202591,101.721147,rapidbus_kl,,0.21625581007530853,10135.0732421875,9.223855947920754
1002470,KL686 CIMB GENTING KLANG,3.200405,101.718379,rapidbus_kl,,0.3952548006667082,10135.0732421875,9.223855947920754
1000286,KL687 BHP GENTING KLANG,3.198915,101.716388,rapidbus_kl,,0.5264214222053706,11961.9462890625,9.389569342405956
1002551,KL688 SRI PELANGI CONDOMINIUM (OPP),3.197154,101.714344,rapidbus_kl,,0.3941255632552268,14271.6728515625,9.566101998576954
1001057,KL2250 BSN GENTING KLANG,3.195907,101.713108,rapidbus_kl,,0.2133998089645458,14271.6728515625,9.566101998576954
1001323,KL689 TAMAN GENTING SETAPAK,3.192969,101.710065,rapidbus_kl,,0.3022979174927442,14271.6728515625,9.566101998576954
1003186,KL690 COURTS MEGASTORE SETAPAK (OPP),3.1912368032815,101.70804716495,rapidbus_kl,,0.5828309188987294,9693.9052734375,9.179355796967595
1001760,AJ303 HAB BAS AU3,3.188704,101.759732,rapidbus_kl,,0.2466906830314492,5261.16796875,8.568298382175909
1006751,RESIDEN SETIAWANGSA,3.191819,101.757235,rapidbus_kl,,0.5989230097709758,8569.134765625,9.056038736745315
1006744,TAMAN WANGSA JAYA (OPP),3.197847,101.754801,rapidbus_kl,,0.34176365342014065,9517.861328125,9.161030512241526
1006742,APARTMENT PANGSA MURNI (OPP),3.199433,101.751926,rapidbus_kl,,0.4599084692563312,9517.861328125,9.161030512241526
1006136,KL749 SMK SEKSYEN 5 WANGSA MAJU,3.198094,101.746158,rapidbus_kl,,0.34524516860925514,11860.58203125,9.381060055835366
1006745,WANGSA WALK MALL,3.199117,101.741457,rapidbus_kl,,0.5382583364025785,11860.58203125,9.381060055835366
1006746,LRT SRI RAMPAI (OPP),3.198298,101.739574,rapidbus_kl,,0.48872924869771933,14967.9111328125,9.613730738149167
1007540,SEASONS GARDEN RESIDENCE,3.187656,101.734898,rapidbus_kl,,0.16300247177226074,14128.552734375,9.556023821559398
1004238,(M) KL715 WISMA FELCRA,3.191181,101.732972,rapidbus_kl,,0.5830975816778446,14128.552734375,9.556023821559398
1002971,KL716 PPR DESA REJANG,3.191421,101.729707,rapidbus_kl,,0.4867704641956237,14686.458984375,9.594749278329424
1003858,KL2092 MEDAN SELERA D'REJANG,3.192232,101.727618,rapidbus_kl,,0.3556852006209954,14686.458984375,9.594749278329424
1008285,MASJID ABU UBAIDAH (OPP),3.194319,101.728688,rapidbus_kl,,0.14914277988254315,14686.458984375,9.594749278329424
1001121,KL727 TASIK SRI RAMPAI,3.1956536168228,101.7289537066,rapidbus_kl,,0.11814858087118231,14686.458984375,9.594749278329424
1000833,KL826 RAMPAI BUSINESS PARK,3.1963632302061,101.7279387039,rapidbus_kl,,0.10526096971793016,14686.458984375,9.594749278329424
1003112,KL728 SRI UTAMA SCHOOLS,3.199081,101.725087,rapidbus_kl,,0.5144588113365477,14686.458984375,9.594749278329424
1003177,KL729 SRI UTAMA SCHOOLS,3.199107,101.724056,rapidbus_kl,,0.5933316359797451,14686.458984375,9.594749278329424
1002630,KL730 SETAPAK INDUSTRIAL AREA,3.198041,101.722664,rapidbus_kl,,0.4496117554203909,11961.9462890625,9.389569342405956
1001546,KL731 MEDAN MAKMUR SETAPAK,3.197398,101.719467,rapidbus_kl,,0.22066837341419265,11961.9462890625,9.389569342405956
1007525,KL732 MEDAN SELERA SETAPAK,3.198548,101.718396,rapidbus_kl,,0.37227013693345395,11961.9462890625,9.389569342405956
1006278,(M) KL67 CHOWKIT (SELATAN),3.166265,101.697543,rapidbus_kl,,0.5666922727957937,7349.15283203125,8.902476385464341
1007522,KL733 MEDAN SELERA SETAPAK,3.19905,101.718223,rapidbus_kl,,0.43127836612367726,11961.9462890625,9.389569342405956
1001544,KL734 MEDAN MAKMUR SETAPAK,3.197475,101.719786,rapidbus_kl,,0.22996240062111517,11961.9462890625,9.389569342405956
1003183,KL735 SETAPAK INDUSTRIAL AREA,3.198061,101.722498,rapidbus_kl,,0.4372469221109544,11961.9462890625,9.389569342405956
1003178,KL736 SRI UTAMA SCHOOLS (OPP),3.199442,101.724312,rapidbus_kl,,0.6003712683448338,14686.458984375,9.594749278329424
1003113,KOMERSIAL SETAPAK,3.199142,101.725334,rapidbus_kl,,0.5037515960593034,14686.458984375,9.594749278329424
1003851,KL1626 RAMPAI BUSINESS PARK,3.196866,101.727655,rapidbus_kl,,0.16372694214635733,14686.458984375,9.594749278329424
1000782,KL738 SRI RAMPAI PARK,3.196227,101.728528,rapidbus_kl,,0.11281630591764469,14686.458984375,9.594749278329424
1003394,KL748 SMK SEKSYEN 5 WANGSA MAJU (OPP),3.198281,101.745938,rapidbus_kl,,0.35222261250576103,11860.58203125,9.381060055835366
1006739,KOMPLEKS SUKAN SETIAWANGA,3.19961,101.750691,rapidbus_kl,,0.5224693200896301,13223.4990234375,9.489826374983476
1006743,KL837 TAMAN WANGSA JAYA,3.197776,101.755404,rapidbus_kl,,0.38091513189240117,9517.861328125,9.161030512241526
1006752,RESIDEN SETIAWANGSA (OPP),3.191817,101.757502,rapidbus_kl,,0.5773570288892029,8569.134765625,9.056038736745315
1000552,KL2104 SK WANGSA JAYA (OPP),3.205967,101.739273,rapidbus_kl,,0.4164481153838356,11656.4990234375,9.363704944911294
1007523,AJ295 PUSAT GEOLOGI PETRONAS (UTARA),3.180408,101.756545,rapidbus_kl,,0.4430456808031455,10720.546875,9.280010722255877
1000872,AJ476 PUSAT GEOLOGI PETRONAS,3.178677,101.756348,rapidbus_kl,,0.3810907010563758,10720.546875,9.280010722255877
1002656,AJ301 SR STELLA MARIS,3.173891,101.756515,rapidbus_kl,,0.5557615386531334,8164.77294921875,9.007706667086744
1001695,AJ503 KUALA AMPANG,3.163991,101.752746,rapidbus_kl,,0.2129420774941292,14702.9697265625,9.595872785736065
1000085,AJ507 KPJ AMPANG PUTERI,3.160189,101.750792,rapidbus_kl,,0.3162325457772758,14702.9697265625,9.595872785736065
1000087,AJ181 KPJ AMPANG PUTERI,3.159205,101.752133,rapidbus_kl,,0.3316810251614651,14702.9697265625,9.595872785736065
1000239,AJ106 AMPANG POINT (BARAT),3.159813,101.749811,rapidbus_kl,,0.427322579458483,14702.9697265625,9.595872785736065
1001694,AJ504 KUALA AMPANG,3.164426,101.752628,rapidbus_kl,,0.262430037701724,14702.9697265625,9.595872785736065
1002676,AJ502 PUSAT METHODIST AMPANG,3.167983,101.753465,rapidbus_kl,,0.2774054101995605,8164.77294921875,9.007706667086744
1001044,AJ513 JEJANTAS SR STELLA MARIS (OPP),3.173773,101.756054,rapidbus_kl,,0.5105151488825,8164.77294921875,9.007706667086744
1000871,AJ477 PUSAT GEOLOGI PETRONAS (OPP),3.178373,101.756184,rapidbus_kl,,0.3652122938682789,10720.546875,9.280010722255877
1001279,AJ452 AU3 (SELATAN),3.183141,101.757886,rapidbus_kl,,0.5758826574778907,5261.16796875,8.568298382175909
1001387,(M) KL845 KELUMPUK KUANG,3.187206,101.755806,rapidbus_kl,,0.32111513662863544,9609.728515625,9.170635307168574
1002006,KL838 MENARA JENTAYU (OPP),3.189648,101.757485,rapidbus_kl,,0.5059665186573292,5261.16796875,8.568298382175909
1001433,KL1325 WANGSA MELAWATI,3.212788,101.743085,rapidbus_kl,,0.18382684797855314,11590.111328125,9.357993818546701
1003413,KL1279 SMK WANGSA MELAWATI,3.215255,101.739444,rapidbus_kl,,0.5001341665517045,12659.64453125,9.446253605243486
1001606,KL167 TAR COLLEGE (OPP),3.214502,101.732568,rapidbus_kl,,0.4892656752503721,12659.64453125,9.446253605243486
1003958,KL168 TAMAN BUNGA RAYA (TIMUR),3.211289,101.729858,rapidbus_kl,,0.23297264577101498,15213.19140625,9.629983916406857
1000760,KL2080 PPR SUNGAI BONUS,3.1880822384405,101.72141951436,rapidbus_kl,,0.23218207204495792,9493.5732421875,9.158475676705763
1002366,KL2081 PASAR AIR PANAS (OPP),3.188891,101.719586,rapidbus_kl,,0.20098208409302898,9493.5732421875,9.158475676705763
1001772,KL706 KG BARU AIR PANAS,3.188806,101.716806,rapidbus_kl,,0.3629530122365226,9493.5732421875,9.158475676705763
1003101,KL2083 SK/SMK AIR PANAS (OPP),3.189187,101.715207,rapidbus_kl,,0.49774033139796214,9693.9052734375,9.179355796967595
1003733,KL707 APT RESOURCE SPRINGS,3.189817,101.713891,rapidbus_kl,,0.4223542930456304,9693.9052734375,9.179355796967595
1003772,KL708 CATHOLIC CHURCH,3.190929,101.712656,rapidbus_kl,,0.455213728433816,9693.9052734375,9.179355796967595
1006125,KL2084 TAMAN AIR PANAS (BARAT),3.191737,101.710246,rapidbus_kl,,0.4240810265396988,14271.6728515625,9.566101998576954
1001829,KL275 LRT TITIWANGSA,3.172876,101.695705,rapidbus_kl,,0.3004843311110217,7349.15283203125,8.902476385464341
1002839,KL2072 TAMAN AIR PANAS (BARAT),3.191752,101.710682,rapidbus_kl,,0.4123574724120012,14271.6728515625,9.566101998576954
1003773,KL2073 MEDAN SELERA AIR PANAS,3.191053,101.712693,rapidbus_kl,,0.4695752319000401,9693.9052734375,9.179355796967595
1003100,KL709 SURAU ALJAMIYYIAH (OPP),3.189987,101.713891,rapidbus_kl,,0.4361554954662883,9693.9052734375,9.179355796967595
1006096,KL2074 SK/SMK AIR PANAS,3.189339,101.715134,rapidbus_kl,,0.49888018296921893,9693.9052734375,9.179355796967595
1001773,KL2075 KG BARU AIR PANAS,3.188861,101.717082,rapidbus_kl,,0.3408220454135055,9493.5732421875,9.158475676705763
1002367,KL2077 PASAR AIR PANAS,3.189066,101.719201,rapidbus_kl,,0.22448223844670032,9493.5732421875,9.158475676705763
1000759,KL2078 PPR SERI SEMARAK,3.188785,101.721349,rapidbus_kl,,0.27246932904334065,9493.5732421875,9.158475676705763
1007445,KL869 LRT/MRT MALURI PINTU D,3.123475,101.728087,rapidbus_kl,,0.3405774970800702,8508.484375,9.048936629249956
1002526,KL870 MENARA PGRM,3.1229637746952,101.7291635278,rapidbus_kl,,0.31524902266723914,8508.484375,9.048936629249956
1001812,KL871 LRT PANDAN JAYA,3.129496211012,101.73893279273,rapidbus_kl,,0.30924566728603337,12590.138671875,9.440748565512253
1002689,AJ133 PUTERI PARK PLAZA,3.120543,101.763181,rapidbus_kl,,0.21490121166768855,16535.1953125,9.713306912642842
1001576,AJ134 TAMAN PUTRA AMPANG (BARAT),3.120943,101.766281,rapidbus_kl,,0.3712528784616851,16369.9716796875,9.703265025945539
1003034,AJ135 TAMAN PUTRA AMPANG (TIMUR),3.122004,101.768471,rapidbus_kl,,0.21537827839882576,16369.9716796875,9.703265025945539
1004219,AJ136 KG TASIK TAMBAHAN (BARAT),3.123602,101.768206,rapidbus_kl,,0.38575896624247574,16369.9716796875,9.703265025945539
1001558,AJ137 KG TASIK TAMBAHAN (UTARA),3.126253,101.769133,rapidbus_kl,,0.282133320344513,16072.654296875,9.684936831565835
1001767,AJ138 KG TASIK TAMBAHAN (TIMUR),3.127056,101.770154,rapidbus_kl,,0.19876961844550606,16072.654296875,9.684936831565835
1002705,AJ139 TIEN QUAN,3.128157,101.771621,rapidbus_kl,,0.23570196760685297,16072.654296875,9.684936831565835
1002464,KL2291 BANGUNAN RISDA,3.1593859465348,101.74428820361,rapidbus_kl,,0.30173694229556264,13967.0859375,9.54453043051607
1000540,KL2297 3 TOWERS KL,3.1602199601908,101.74166258221,rapidbus_kl,,0.38479586903897084,13967.0859375,9.54453043051607
1000888,KL2289 GREAT EASTERN,3.160795,101.737121,rapidbus_kl,,0.17288304929944465,9313.806640625,9.13936052497
1000918,KL2281 AMPWALK,3.160523699136,101.72890208857,rapidbus_kl,,0.20509195789681609,8657.27734375,9.06627106072403
1002627,KL611 ROZEL (OPP),3.160133,101.725327,rapidbus_kl,,0.3601152670999525,8657.27734375,9.06627106072403
1000492,KL91 UOB BANK/INTERCONTINENTAL HOTEL,3.160239,101.717371,rapidbus_kl,,0.31996464404291214,8685.42578125,9.069516831148485
1002014,KL93 MENARA ATLAN,3.159962,101.715857,rapidbus_kl,,0.47621135912510637,8685.42578125,9.069516831148485
1001518,KL94 KLCC (UTARA),3.158876,101.712331,rapidbus_kl,,0.37632697251408803,8414.931640625,9.037881812395192
1000094,KL97 WISMA SELANGOR DREDGING (OPP),3.159009,101.709716,rapidbus_kl,,0.3819268330506851,8414.931640625,9.037881812395192
1008252,KL98 MENARA BSN,3.158479,101.708767,rapidbus_kl,,0.48643439798579674,8414.931640625,9.037881812395192
1002712,KL99 BERJAYA CENTRAL PARK,3.156678,101.705536,rapidbus_kl,,0.43656205065691517,7361.8662109375,8.904204566748316
1001798,KL25 LRT DANG WANGI,3.1561054264763,101.70295484296,rapidbus_kl,,0.2619249057623257,7361.8662109375,8.904204566748316
1002823,KL26 SMK CONVENT BUKIT NANAS,3.1535001350222,101.70089871266,rapidbus_kl,,0.22572163400349066,7361.8662109375,8.904204566748316
1000049,KL27 MENARA AIA,3.1525886888518,101.69976608301,rapidbus_kl,,0.372838980375437,7361.8662109375,8.904204566748316
1001809,KL1937 LRT MASJID JAMEK,3.1497263604885,101.6968736699,rapidbus_kl,,0.5146635151367986,7198.00146484375,8.881697609948064
1001637,KL2308 KOLEJ RIMA,3.155932,101.700543,rapidbus_kl,,0.35817252001676086,7361.8662109375,8.904204566748316
1001797,KL2303 LRT DANG WANGI,3.1560940534389,101.70236111597,rapidbus_kl,,0.26781454932452325,7361.8662109375,8.904204566748316
1002711,KL2298 RENAISSANCE HOTEL,3.157121,101.705886,rapidbus_kl,,0.49920084491603844,7361.8662109375,8.904204566748316
1001963,KL2300 HOTEL MAYA,3.1587710184913,101.70862218886,rapidbus_kl,,0.46985670950640573,8414.931640625,9.037881812395192
1000542,KL2301 KLCC (OPP),3.159305986396,101.71229525013,rapidbus_kl,,0.3299471336332693,8414.931640625,9.037881812395192
1000939,KL2302 HOTEL CORUS,3.160017,101.715353,rapidbus_kl,,0.5102525834065189,8414.931640625,9.037881812395192
1000082,KL2306 LRT AMPANG PARK,3.1604236582484,101.71836717733,rapidbus_kl,,0.22866023138322775,8685.42578125,9.069516831148485
1002402,KL1543 ROZEL,3.160321,101.725454,rapidbus_kl,,0.3363686664683046,8657.27734375,9.06627106072403
1000947,KL2280 APARTMENT SUCASA,3.1607059392985,101.72856764843,rapidbus_kl,,0.16939448679510144,8657.27734375,9.06627106072403
1002119,KL2282 RUSSIAN EMBASSY,3.1608579974053,101.73125782716,rapidbus_kl,,0.3952343973628485,8657.27734375,9.06627106072403
1002834,KL2305 INSTITUT PENYELIDIKAN GETAH,3.160635,101.733321,rapidbus_kl,,0.3628580127611121,9313.806640625,9.13936052497
1003209,KL2279 GLENEAGLES,3.160867,101.739422,rapidbus_kl,,0.37730036416963014,9313.806640625,9.13936052497
1000284,KL2296 REI SERAYA,3.1605658394992,101.74104625212,rapidbus_kl,,0.42739197439236887,13967.0859375,9.54453043051607
1002825,KL2290 RISDA,3.1593259985748,101.74573889131,rapidbus_kl,,0.33239904499229656,13967.0859375,9.54453043051607
1000967,AJ54 HUB SRI NILAM,3.139297,101.769531,rapidbus_kl,,0.24619445692958322,16846.220703125,9.731940978741125
1008308,AJ150 PANGSAPURI PKNS,3.128109,101.771801,rapidbus_kl,,0.25638278463746156,16072.654296875,9.684936831565835
1008108,AJ178 MASJID AL-ADZIM,3.133591,101.756402,rapidbus_kl,,0.5482677716689779,16135.7265625,9.688853106043497
1001813,KL872 LRT PANDAN JAYA,3.129441,101.739512,rapidbus_kl,,0.37027621397859867,12590.138671875,9.440748565512253
1000968,(M) KL1818 HAB TITIWANGSA,3.1720151676225,101.69593158369,rapidbus_kl,,0.23239114787130866,7349.15283203125,8.902476385464341
1000758,KL1943 FLAT PKNS (OPP),3.166433,101.714857,rapidbus_kl,,0.5971974622589564,7694.5498046875,8.948397493322593
1004279,KL1949 INTERMARK MALL,3.161832,101.719627,rapidbus_kl,,0.028393188082079482,8685.42578125,9.069516831148485
1000077,KL96 MENARA AMBANK,3.1607922350002,101.71098241514,rapidbus_kl,,0.1466175371563571,8414.931640625,9.037881812395192
1002764,KL1945 MENARA PTPTN,3.162313,101.713241,rapidbus_kl,,0.22256346128519658,8414.931640625,9.037881812395192
1000757,KL1948 FLAT PKNS,3.1661583681554,101.71454310215,rapidbus_kl,,0.5822454403941283,8414.931640625,9.037881812395192
1003460,AJ90 KG INDAH PERMAI (SELATAN),3.133874,101.784943,rapidbus_kl,,0.3852414446656181,13618.3671875,9.519248116619705
1003466,AJ91 KG INDAH PERMAI (UTARA),3.135308,101.784468,rapidbus_kl,,0.2794757854202689,13618.3671875,9.519248116619705
1003791,AJ92 TAMAN SERI INTAN,3.137254,101.783508,rapidbus_kl,,0.3049852325023661,13618.3671875,9.519248116619705
1002743,AJ93 SRA LEMBAH JAYA (OPP),3.138877,101.783989,rapidbus_kl,,0.3205724941151251,13618.3671875,9.519248116619705
1003464,AJ94 TAMAN INDUSTRI LEMBAH JAYA,3.141011,101.784029,rapidbus_kl,,0.5015043548147055,13618.3671875,9.519248116619705
1001763,AJ95 KG LEMBAH JAYA SELATAN,3.141542,101.783126,rapidbus_kl,,0.5530995719144203,9172.154296875,9.124036486132933
1001764,AJ69 KG LEMBAH JAYA SELATAN,3.141654,101.78275725299,rapidbus_kl,,0.5704522932700022,9172.154296875,9.124036486132933
1003837,AJ70 TAMAN INDUSTRI LEMBAH JAYA,3.141055,101.784161,rapidbus_kl,,0.49879049125729463,13618.3671875,9.519248116619705
1002744,AJ71 SRA LEMBAH JAYA,3.138749,101.784149,rapidbus_kl,,0.2978096942216976,13618.3671875,9.519248116619705
1003792,AJ72 TAMAN SERI INTAN,3.137245,101.783673,rapidbus_kl,,0.2866388190997843,13618.3671875,9.519248116619705
1003467,AJ73 KG INDAH PERMAI (UTARA),3.135206,101.784627,rapidbus_kl,,0.27575608060038026,13618.3671875,9.519248116619705
1003463,AJ74 KG INDAH PERMAI (SELATAN),3.134196,101.784992,rapidbus_kl,,0.3501254460249742,13618.3671875,9.519248116619705
1008352,KL423 PRIMA ALAM DAMAI,3.055034,101.743311,rapidbus_kl,,0.20081040646189754,7864.939453125,8.970297255673165
1002505,KJ402 PETRONAS DAMAI PERDANA (OPP),3.0538129274333,101.74454990288,rapidbus_kl,,0.00788120838819496,7864.939453125,8.970297255673165
1002841,KJ404 DAMAI PERDANA FASA 1,3.0505668462573,101.74140096979,rapidbus_kl,,0.5001290131937443,7864.939453125,8.970297255673165
1003864,KJ406 DAMAI PERDANA FASA 2,3.0468347223618,101.73932428072,rapidbus_kl,,0.376050505180576,4767.55078125,8.469797718275466
1002840,KJ397 PERUMAHAN DAMAI PERDANA FASA 3,3.04890032051,101.73985161208,rapidbus_kl,,0.5567778534758439,4767.55078125,8.469797718275466
1003865,KJ398 PERUMAHAN DAMAI PERDANA,3.051568440242,101.7425530177,rapidbus_kl,,0.3311470016550262,7864.939453125,8.970297255673165
1002842,KJ401 PETRONAS DAMAI PERDANA,3.0541550642724,101.74435396928,rapidbus_kl,,0.05170231129711039,7864.939453125,8.970297255673165
1000041,KJ649 FLAT CHERAS UTAMA (OPP),3.052987,101.746953,rapidbus_kl,,0.27650949721013846,7864.939453125,8.970297255673165
1001702,KJ696 PERUMAHAN POLIS DESA BAIDURI,3.0515635256395,101.74764566064,rapidbus_kl,,0.4180573177189153,7864.939453125,8.970297255673165
1008345,KJ694 SK DESA BAIDURI,3.047272,101.750849,rapidbus_kl,,0.3086150742665904,7985.4541015625,8.985502148210742
1008346,KJ748 TAMAN KOPERASI MAJU JAYA,3.047791,101.753252,rapidbus_kl,,0.2666112781184634,7985.4541015625,8.985502148210742
1008347,VINA RESIDENCY,3.050291,101.753297,rapidbus_kl,,0.3869610658039401,9906.958984375,9.201093650953426
1008349,TAMAN SERI TAMING,3.054158,101.753483,rapidbus_kl,,0.07756400374550784,9906.958984375,9.201093650953426
1002348,KL2174 PADANG TAMAN DAHLIA,3.0556239954642,101.74940442408,rapidbus_kl,,0.44211939597522126,9906.958984375,9.201093650953426
1002655,KL1721 KOMERSIAL TAMAN BAHAGIA,3.0580440385937,101.74942357411,rapidbus_kl,,0.5934272168688969,10394.3798828125,9.249116744387477
1002674,KL405 TAMAN BUKIT ANGSANA,3.0619257054726,101.7494772773,rapidbus_kl,,0.3822557189531776,10394.3798828125,9.249116744387477
1003805,KL406 TAMAN SURIA JAYA,3.0645069017926,101.74946444951,rapidbus_kl,,0.4685224979411196,10394.3798828125,9.249116744387477
1003200,KL407 SRA AL-MUBARAQAH,3.0712757480315,101.74975334655,rapidbus_kl,,0.36395011919421383,6985.02880859375,8.85166754911919
1003595,KL408 FLAT TAMAN BUKIT CHERAS,3.0730924146011,101.74902176338,rapidbus_kl,,0.5248850623379189,6985.02880859375,8.85166754911919
1001770,KL409 PETRONAS TAMAN LENSENG (OPP),3.074003,101.746403,rapidbus_kl,,0.4470465465825042,13860.8203125,9.53689359979833
1001759,KL2175 MEDAN CONNAUGHT,3.075536,101.745859,rapidbus_kl,,0.38446261383089325,10655.263671875,9.273903136456306
1000435,KL755 TAMAN BUKIT HIJAU,3.086078,101.741526,rapidbus_kl,,0.3573642842362941,10705.646484375,9.278619994369796
1001747,KL1723 CHERAS LEISURE MALL (OPP),3.0884017837979,101.74109032768,rapidbus_kl,,0.41457562294213895,10705.646484375,9.278619994369796
1001036,KL1724 EKOCHERAS MALL,3.092809,101.739674,rapidbus_kl,,0.4781803553789618,8994.85546875,9.104519246781846
1007150,(M) KL799 MRT TAMAN MIDAH PINTU A,3.105244,101.731771,rapidbus_kl,,0.45909921423426725,10134.6630859375,9.22381548209746
1000819,KL801 VELODROM BUSINESS PARK,3.1102656106837,101.72978378843,rapidbus_kl,,0.28958051047802885,9875.2353515625,9.197886680837513
1000783,KL354 KOMPLEKS DARUL PUTERI (OPP),3.116736,101.727994,rapidbus_kl,,0.4093840339377777,8508.484375,9.048936629249956
1003671,KL355 STADIUM BADMINTON KL,3.119397,101.728157,rapidbus_kl,,0.11651058819716653,8508.484375,9.048936629249956
1001808,KL361 MRT MALURI PINTU B,3.123425,101.72776833333,rapidbus_kl,,0.33489286158139275,8508.484375,9.048936629249956
1001205,KL874 AEON MALURI (OPP),3.1250635680885,101.72670707363,rapidbus_kl,,0.43135920571883357,7923.162109375,8.977671865632274
1001526,KL362 JABATAN KESIHATAN DBKL,3.1266833333333,101.72353,rapidbus_kl,,0.494846614012198,7540.90673828125,8.928230312093644
1001644,KL363 SUNWAY MEDICAL VELOCITY (OPP),3.1280183333333,101.72146166667,rapidbus_kl,,0.22390614652328394,7540.90673828125,8.928230312093644
1001069,KL365 WARISAN CITYVIEW,3.1292066666667,101.71979,rapidbus_kl,,0.05572122561824351,7540.90673828125,8.928230312093644
1002293,KL1770 BALAI BOMBA PUDU,3.1333553884683,101.71437422505,rapidbus_kl,,0.5405614291974102,7206.275390625,8.882846265742199
1001846,KL1771 LRT PUDU/MAJESTIC,3.136303587433,101.71162064657,rapidbus_kl,,0.09601259841440962,7206.275390625,8.882846265742199
1000250,KL1772 FURAMA (OPP),3.139362,101.709657,rapidbus_kl,,0.30895833331717176,7206.275390625,8.882846265742199
1002054,KL121 MONOREL IMBI/TIMES SQUARE,3.143008,101.709679,rapidbus_kl,,0.31961504695907933,8614.2890625,9.061293701794368
1002566,KL122 PLAZA IMBI,3.143307,101.710739,rapidbus_kl,,0.24135818106414,8614.2890625,9.061293701794368
1006729,KL123 MONORAIL BUKIT BINTANG/SG WANG,3.145928,101.711388,rapidbus_kl,,0.058876534305969036,8614.2890625,9.061293701794368
1000958,KL86 MRT BUKIT BINTANG/HSBC,3.1477176043261,101.71085234878,rapidbus_kl,,0.25960520402022985,8614.2890625,9.061293701794368
1001998,KL9 WISMA BOUSTEAD,3.15019853231,101.70918482193,rapidbus_kl,,0.4566408614982072,8467.2099609375,9.044074426578632
1008254,KL11 WISMA MPL,3.150643,101.707128,rapidbus_kl,,0.5733919296863559,8467.2099609375,9.044074426578632
1000076,KL12 MENARA KL,3.150379,101.705928,rapidbus_kl,,0.5023259219086471,7361.8662109375,8.904204566748316
1004230,KL13 WISMA BUDIMAN,3.149205,101.701929,rapidbus_kl,,0.4352505855582483,7680.4443359375,8.946562873034988
1004247,KL14 MENARA OLYMPIA,3.1486697702403,101.700172348,rapidbus_kl,,0.4729098300064693,7680.4443359375,8.946562873034988
1001181,KL100 BACKHOME HOSTEL,3.1487247315043,101.69791779705,rapidbus_kl,,0.521903282424243,6919.0,8.842171048611716
1002081,(M) KL101 HUB LEBUH PUDU,3.1464756605009,101.69819178245,rapidbus_kl,,0.41761938791478276,6919.0,8.842171048611716
1000934,KL119 HOSPITAL TUNG SHIN,3.1452216666667,101.70462,rapidbus_kl,,0.1904017835026341,7680.4443359375,8.946562873034988
1000953,KL120 HOTEL SWISS GARDEN (OPP),3.144438,101.706043,rapidbus_kl,,0.36381610253779195,7680.4443359375,8.946562873034988
1003928,KL866 FURAMA,3.138532,101.710008,rapidbus_kl,,0.21200165803948268,7206.275390625,8.882846265742199
1001847,KL867 LRT PUDU/MAJESTIC (OPP),3.1365982275533,101.71170165741,rapidbus_kl,,0.07369600095073879,7206.275390625,8.882846265742199
1002286,KL803 PEJABAT POS PUDU,3.1338190533991,101.71407761968,rapidbus_kl,,0.4799518205825,7206.275390625,8.882846265742199
1000855,KL868 ALL SAINTS CHURCH,3.1303842695455,101.71871223005,rapidbus_kl,,0.20581799989105204,7540.90673828125,8.928230312093644
1001035,KL366 WARISAN CITYVIEW (OPP),3.128962,101.720501,rapidbus_kl,,0.10461719978421383,7540.90673828125,8.928230312093644
1000666,KL367 SUNWAY MEDICAL VELOCITY,3.127684,101.722349,rapidbus_kl,,0.3292024741454075,7540.90673828125,8.928230312093644
1008351,KL2208 SUNWAY VELOCITY MALL,3.126747,101.724088,rapidbus_kl,,0.4798781116914264,7923.162109375,8.977671865632274
1001206,KL368 AEON MALURI,3.1253230755966,101.72697999582,rapidbus_kl,,0.39500257159424806,7923.162109375,8.977671865632274
1000276,KL1702 STADIUM BADMINTON KL (OPP),3.119263,101.728402,rapidbus_kl,,0.13917718332949275,8508.484375,9.048936629249956
1002248,KL1703 KOMPLEKS DARUL PUTERI,3.116648,101.728274,rapidbus_kl,,0.420956203852952,8508.484375,9.048936629249956
1001723,KL1704 BHP CHERAS,3.1097296624857,101.730216195,rapidbus_kl,,0.36567332862000984,9875.2353515625,9.197886680837513
1003485,KL1705 TAMAN MIDAH (UTARA),3.102694,101.734135,rapidbus_kl,,0.2625234895045031,10479.4248046875,9.257264491851945
1007156,(M) KL756 MRT TAMAN MUTIARA PINTU B,3.091753,101.740472,rapidbus_kl,,0.6118193452160382,11669.0322265625,9.364779486764577
1001748,KL757 CHERAS LEISURE MALL,3.08921001753,101.74116607053,rapidbus_kl,,0.4470403241956863,10705.646484375,9.278619994369796
1000438,KL919 TAMAN BUKIT HIJAU,3.0855949503916,101.7419797396,rapidbus_kl,,0.3330813718836166,10705.646484375,9.278619994369796
1002538,KL2271 CHERAS SENTRAL MALL,3.0776377137889,101.74351194844,rapidbus_kl,,0.1715908491412587,10655.263671875,9.273903136456306
1001749,KL2171 CHERIA HEIGHTS APARTMENT,3.076049,101.745965,rapidbus_kl,,0.3372900293274737,10655.263671875,9.273903136456306
1000793,KL414 FLAT TAMAN BUKIT CHERAS,3.0728377748585,101.74941529683,rapidbus_kl,,0.472839333395627,6985.02880859375,8.85166754911919
1003201,KL415 SRA AL-MUBARAQAH (OPP),3.0705880555475,101.74992788236,rapidbus_kl,,0.3323621645482412,6985.02880859375,8.85166754911919
1001264,KL417 FLAT TAMAN SURIA JAYA,3.0645046273459,101.74968351158,rapidbus_kl,,0.44869061535692917,10394.3798828125,9.249116744387477
1002717,KL418 KOMERSIAL BUKIT ANGSANA,3.0619144229316,101.74963666248,rapidbus_kl,,0.36464030718886575,10394.3798828125,9.249116744387477
1004055,KL419 TAMAN SRI BAHAGIA,3.0583675852096,101.74964311019,rapidbus_kl,,0.550288796297419,10394.3798828125,9.249116744387477
1002633,KJ750 KOMERSIAL SERI TAMING,3.0549282265593,101.75012018081,rapidbus_kl,,0.33697167253696486,9906.958984375,9.201093650953426
1003578,KJ746 TAMAN SERI TAMING,3.0546658341278,101.75371023299,rapidbus_kl,,0.13467824273575985,9906.958984375,9.201093650953426
1008348,VINA RESIDENCY (OPP),3.050103,101.753539,rapidbus_kl,,0.41140199584616854,9906.958984375,9.201093650953426
1004065,KJ747 TAMAN KOPERASI MAJU JAYA,3.0476339957782,101.75339562669,rapidbus_kl,,0.25221448205768493,7985.4541015625,8.985502148210742
1003634,KJ749 SK DESA BAIDURI (OPP),3.047033223714,101.75132637022,rapidbus_kl,,0.2519313126713172,7985.4541015625,8.985502148210742
1002313,KJ707 PADANG AWAM DESA BAIDURI,3.046964,101.749108,rapidbus_kl,,0.45651724962591744,7985.4541015625,8.985502148210742
1001703,KJ708 PERUMAHAN CHERAS UTAMA,3.0487705643672,101.74804961155,rapidbus_kl,,0.5359456643481115,6265.62890625,8.742993834533372
1008319,KJ709 PERUMAHAN POLIS DESA BAIDURI (OPP),3.051603,101.747502,rapidbus_kl,,0.40256871518336884,7864.939453125,8.970297255673165
1000705,KJ710 FLAT CHERAS UTAMA,3.0531723292852,101.74671658709,rapidbus_kl,,0.24547326393557917,7864.939453125,8.970297255673165
1002786,KL421 PRIMA ALAM DAMAI (OPP),3.054896,101.742976,rapidbus_kl,,0.21924828554559467,7864.939453125,8.970297255673165
1007376,TAMAN DESA CHERAS,3.055729,101.737697,rapidbus_kl,,0.2724769637964922,5253.70556640625,8.566879252513239
1003991,AJ166 TAMAN KENCANA (TIMUR),3.119356,101.750688,rapidbus_kl,,0.2740883602814919,16250.462890625,9.695938207744424
1000701,AJ511 PANDAN PERDANA BUSINESS CENTRE,3.1216530000232,101.74651763891,rapidbus_kl,,0.2550224611805857,16239.595703125,9.695269294269838
1000234,AJ268 FLAT PANDAN PERDANA,3.124248,101.746728,rapidbus_kl,,0.4880592145341861,16239.595703125,9.695269294269838
1003244,AJ486 PANDAN JAYA,3.136666,101.742988,rapidbus_kl,,0.18306809517822256,15707.71484375,9.661970922922553
1002586,AJ487 FLAT PANDAN JAYA (TIMUR),3.1360560000095,101.74130364856,rapidbus_kl,,0.38160039806819956,15707.71484375,9.661970922922553
1000509,AJ488 FLAT M3 PANDAN JAYA,3.134528,101.737814,rapidbus_kl,,0.3330419250689178,14116.4716796875,9.555168435501947
1000465,KL394 CASARIA,3.132369,101.734785,rapidbus_kl,,0.43400824755820194,12590.138671875,9.440748565512253
1008137,KL395 KOMPLEKS MALURI (OPP),3.131161,101.734689,rapidbus_kl,,0.319193537164047,12590.138671875,9.440748565512253
1001302,KL379 WISMA SISTEM,3.12822,101.732537,rapidbus_kl,,0.41640209089838237,12590.138671875,9.440748565512253
1002460,KL372 KOMPLEKS KEDIAMAN AWAM,3.131462,101.729844,rapidbus_kl,,0.3697787372133182,7923.162109375,8.977671865632274
1001700,KL380 KUARTERS MRT (OPP),3.132807,101.724773,rapidbus_kl,,0.5703373491432764,7923.162109375,8.977671865632274
1007444,KL892 MRT COCHRANE PINTU A,3.133402,101.722553,rapidbus_kl,,0.5256654560946336,6921.0068359375,8.842461011761618
1001307,KL381 PLAZA ELEKTRONIK,3.135009,101.716743,rapidbus_kl,,0.39068478336869006,6921.0068359375,8.842461011761618
1000526,KL2228 KOMPLEKS E-MART (OPP),3.135016,101.715319,rapidbus_kl,,0.5069450987922579,7206.275390625,8.882846265742199
1000527,KL2197 SMK (P) BANDARAYA,3.140187,101.714044,rapidbus_kl,,0.4640544211911237,7206.275390625,8.882846265742199
1001744,KL2198 IMBI (UTARA),3.142599,101.712849,rapidbus_kl,,0.3601533369189784,8614.2890625,9.061293701794368
1002519,KL1826 MUZIUM TELEKOM,3.148182,101.698924,rapidbus_kl,,0.5394523491438508,7680.4443359375,8.946562873034988
1002011,KL118 MENARA MAYBANK,3.146474,101.699712,rapidbus_kl,,0.3746786049145667,7680.4443359375,8.946562873034988
1002287,KL382 KOMPLEKS E-MART,3.135202,101.714747,rapidbus_kl,,0.4410853782353139,7206.275390625,8.882846265742199
1001306,KL383 PLAZA ELEKTRONIK,3.1352373175407,101.71667896782,rapidbus_kl,,0.3822306874100547,6921.0068359375,8.842461011761618
1003344,KL389 MYTOWN,3.1338549894426,101.72203668074,rapidbus_kl,,0.45066606506798274,6921.0068359375,8.842461011761618
1001379,KL390 KUARTERS MRT,3.1329289754783,101.72535735838,rapidbus_kl,,0.542338944794647,8535.044921875,9.052053055605393
1003879,KL374 SPRM KL,3.131660999742,101.72994169739,rapidbus_kl,,0.3941214679008407,7923.162109375,8.977671865632274
1001968,KL376 PUSAT PERDAGANGAN MALURI,3.129633316856,101.73196900925,rapidbus_kl,,0.460562515341493,7923.162109375,8.977671865632274
1001607,KL377 WISMA SISTEM,3.128251,101.732786,rapidbus_kl,,0.3885465909858521,12590.138671875,9.440748565512253
1008138,KL391 WISMA MALURI,3.128875,101.733862,rapidbus_kl,,0.26545671833109485,12590.138671875,9.440748565512253
1008136,KL392 KOMPLEKS MALURI,3.131045,101.734541,rapidbus_kl,,0.3179622545092549,12590.138671875,9.440748565512253
1000464,KL393 CASARIA (OPP),3.132613,101.734663,rapidbus_kl,,0.4642447874203529,12590.138671875,9.440748565512253
1003839,AJ483 PERUMAHAN PANDAN JAYA,3.134906,101.737833,rapidbus_kl,,0.29922108826331406,14116.4716796875,9.555168435501947
1001263,AJ484 FLAT PANDAN JAYA M14,3.136199,101.740863,rapidbus_kl,,0.4245679837585197,15707.71484375,9.661970922922553
1000702,AJ505 FLAT PANDAN PERDANA (OPP),3.124361,101.747171,rapidbus_kl,,0.5243218580677562,16239.595703125,9.695269294269838
1000970,AJ191 HENTIAN TAMAN DAGANG,3.1463693045186,101.75933902636,rapidbus_kl,,0.2370946658732217,16649.69921875,9.72020748964694
1003907,AJ436 FLAT TAMAN DAGANG (TIMUR),3.148054,101.759248,rapidbus_kl,,0.36793340152951165,16649.69921875,9.72020748964694
1004129,AJ192 FLAT TAMAN DAGANG (BARAT),3.148531,101.757884,rapidbus_kl,,0.5094501608764923,16649.69921875,9.72020748964694
1000859,AJ193 GALAXY AMPANG (TIMUR),3.147265,101.756984,rapidbus_kl,,0.49618602285300184,17530.669921875,9.771764234181168
1001646,AJ206 FLAT TAMAN NIRWANA,3.145685,101.754666,rapidbus_kl,,0.196542587253307,17530.669921875,9.771764234181168
1003219,AJ207 TAMAN NIRWANA,3.145863,101.751783,rapidbus_kl,,0.1352504930137107,17530.669921875,9.771764234181168
1002035,AJ202 KG PANDAN DALAM (BARAT),3.145918,101.745392,rapidbus_kl,,0.10570840757936592,17475.375,9.768605247840648
1000565,AJ406 KG PANDAN LUAR (TIMUR),3.145176,101.743081,rapidbus_kl,,0.16889329846164242,17475.375,9.768605247840648
1002281,AJ407 KG PANDAN LUAR (BARAT),3.1455360414795,101.7414920637,rapidbus_kl,,0.3434274724231597,17475.375,9.768605247840648
1001880,KL883 FLAT DESA PANDAN (BARAT),3.145052,101.739166,rapidbus_kl,,0.3263317013789216,13380.029296875,9.501593258740975
1001868,KL884 TAMAN PERMAINAN DESA PANDAN,3.143511,101.737768,rapidbus_kl,,0.2707977557898393,13380.029296875,9.501593258740975
1002774,KL885 SRA AL-SUYUTI (OPP),3.142789,101.736838,rapidbus_kl,,0.29941844453854044,13380.029296875,9.501593258740975
1001273,KL886 DEWAN PANDAN BAIDURI,3.1432179175598,101.73569605145,rapidbus_kl,,0.2521171772233013,13380.029296875,9.501593258740975
1001557,KL239 FLAT DESA PANDAN (TIMUR),3.144502,101.733177,rapidbus_kl,,0.3559879206994084,13380.029296875,9.501593258740975
1000018,KL246 PUSAT DAGANG KG PANDAN,3.144288,101.73069,rapidbus_kl,,0.33255919239575293,3885.43115234375,8.265246573948529
1002472,(M) KL249 SMK AMINUDDIN BAKI (UTARA),3.14262,101.727902,rapidbus_kl,,0.311000765466643,3885.43115234375,8.265246573948529
1003107,KL250 SMK AMINUDDIN BAKI (SELATAN),3.141345,101.727492,rapidbus_kl,,0.45521408564681265,3885.43115234375,8.265246573948529
1001721,KL887 KOMPLEKS BELIA SUKAN,3.13835,101.726352,rapidbus_kl,,0.22359761708941572,8535.044921875,9.052053055605393
1000360,KL399 BULATAN KG PANDAN,3.1375968749824,101.72423788956,rapidbus_kl,,0.41237408984953905,8535.044921875,9.052053055605393
1002491,(M) KL890 PETRONAS JLN COCHRANE,3.136194,101.719181,rapidbus_kl,,0.10851218971909268,6921.0068359375,8.842461011761618
1000128,KL877 APARTMENT IXORA,3.137481,101.71912,rapidbus_kl,,0.06778821073683713,6921.0068359375,8.842461011761618
1000359,KL878 KOMERSIAL TREC,3.138696,101.721886,rapidbus_kl,,0.31230281124353226,6921.0068359375,8.842461011761618
1001720,KL253 KOMPLEKS BELIA SUKAN (OPP),3.138694,101.726234,rapidbus_kl,,0.25875651997085747,8535.044921875,9.052053055605393
1003106,KL254 SMK AMINUDDIN BAKI (UTARA),3.141048,101.72712,rapidbus_kl,,0.44960700681378735,8535.044921875,9.052053055605393
1000712,KL257 PUSAT PERDAGANGAN KG PANDAN,3.144584,101.731285,rapidbus_kl,,0.38531625924818785,3885.43115234375,8.265246573948529
1000713,KL258 FLAT DESA PANDAN (TIMUR),3.144756,101.733589,rapidbus_kl,,0.3044029546758678,13380.029296875,9.501593258740975
1002087,MASJID AR-RAHIMAH KG PANDAN,3.144281,101.738047,rapidbus_kl,,0.2361704994901582,13380.029296875,9.501593258740975
1001881,KL224 FLAT DESA PANDAN (BARAT),3.144985,101.738833,rapidbus_kl,,0.2908198497640113,13380.029296875,9.501593258740975
1002280,KL225 TNB DESA PANDAN,3.145917,101.739947,rapidbus_kl,,0.414262064966277,13380.029296875,9.501593258740975
1007639,AJ405 KG PANDAN LUAR (BARAT),3.145848,101.741004,rapidbus_kl,,0.40024157380939884,17475.375,9.768605247840648
1000564,AJ438 KG PANDAN LUAR (TIMUR),3.145382,101.743152,rapidbus_kl,,0.15892056122564308,17475.375,9.768605247840648
1001291,AJ203 KG PANDAN DALAM (BARAT),3.1461339656495,101.74603429546,rapidbus_kl,,0.17979006352284332,17475.375,9.768605247840648
1002205,AJ204 TAMAN NIRWANA,3.1461122367427,101.75176968915,rapidbus_kl,,0.1489446837652947,17530.669921875,9.771764234181168
1000541,AJ205 FLAT BLOK MAWAR,3.145967,101.754684,rapidbus_kl,,0.20557864442425033,17530.669921875,9.771764234181168
1003838,AJ324 GALAXY AMPANG (SELATAN),3.145682,101.755691,rapidbus_kl,,0.3094784598252946,17530.669921875,9.771764234181168
1004130,AJ188 FLAT TAMAN DAGANG (BARAT),3.148713,101.757684,rapidbus_kl,,0.5394930835564359,16649.69921875,9.72020748964694
1003908,AJ189 FLAT TAMAN DAGANG (TIMUR),3.148114,101.759413,rapidbus_kl,,0.3626644308354488,16649.69921875,9.72020748964694
1004241,KL891 WISMA INDAH,3.1337223802537,101.71838281705,rapidbus_kl,,0.39678505411470244,6921.0068359375,8.842461011761618
1002520,KJ712 CHERAS ZEN PARK,3.0784949256787,101.75010903326,rapidbus_kl,,0.3129897964460919,7234.69189453125,8.88678126608008
1002523,KJ702 PGA/CUEPACS,3.0763218861465,101.75597940914,rapidbus_kl,,0.43426499904598104,7234.69189453125,8.88678126608008
1003631,KJ41 SRK BATU 9,3.0676408187344,101.77353610581,rapidbus_kl,,0.5366138239927947,9680.9599609375,9.178019635078726
1003597,KJ42 SRA BATU 10,3.064788,101.775537,rapidbus_kl,,0.4002852270924363,3616.718017578125,8.19359872416112
1001495,KJ43 KILANG PAPAN,3.0620392931633,101.77498546239,rapidbus_kl,,0.3254628882216377,3616.718017578125,8.19359872416112
1001905,KJ717 MASJID BATU 10 CHERAS,3.059464,101.774237,rapidbus_kl,,0.5017388561242063,3616.718017578125,8.19359872416112
1003532,KJ720 SPG PEKAN BT 11,3.042845,101.774955,rapidbus_kl,,0.43577720680881854,5526.5634765625,8.617502396439974
1002659,KJ721 PUSAT FLORA CHERAS,3.039165,101.773322,rapidbus_kl,,0.4753351457583592,7100.26806640625,8.868028647984453
1003544,KJ722 SPG SG LONG,3.0362484782274,101.7718772234,rapidbus_kl,,0.27114888227019585,7100.26806640625,8.868028647984453
1002399,KJ723 PERABOT AL-QAMAR,3.030482756913,101.7698826228,rapidbus_kl,,0.1955049915215424,7503.79443359375,8.923297353098663
1000461,KJ184 TAMAN DESA BARU,3.0281435609237,101.77164616172,rapidbus_kl,,0.23882375543673068,7503.79443359375,8.923297353098663
1000614,KJ185 JALAN SARJAN MAT,3.025809,101.773917,rapidbus_kl,,0.551510948038764,4455.14404296875,8.402039106706011
1002083,KJ186 LOT 4291,3.024653,101.774385,rapidbus_kl,,0.6010917359363597,4455.14404296875,8.402039106706011
1003764,KJ187 MASJID SG SEKAMAT (OPP),3.0219241574636,101.77556894731,rapidbus_kl,,0.30988418092311143,5593.99658203125,8.629628009848833
1003226,KJ188 SHELL TAMAN DELIMA,3.0165904633369,101.77696140086,rapidbus_kl,,0.4384884091179958,5593.99658203125,8.629628009848833
1003763,KJ189 TAMAN MESRA,3.013138,101.778157,rapidbus_kl,,0.12026037489733149,4131.60400390625,8.326662996687926
1002836,KJ190 RTM KAJANG,3.0083430164605,101.78117899078,rapidbus_kl,,0.5515919846825602,4131.60400390625,8.326662996687926
1003391,KJ191 SMK SAAS,3.0058163904371,101.78223202472,rapidbus_kl,,0.5018052925272419,5337.0517578125,8.582616026023214
1001622,KJ642 KPJ KAJANG,2.9985519956914,101.78591191589,rapidbus_kl,,0.35062193033083777,5814.033203125,8.66820177484618
1000924,KJ643 KAJANG PLAZA MEDICAL CENTRE,2.995466,101.787812,rapidbus_kl,,0.17357916787452385,5814.033203125,8.66820177484618
1000890,KJ509 MASJID INDIA KAJANG,2.985971774422,101.78985371103,rapidbus_kl,,0.4188717998624765,7000.6318359375,8.853898520288984
1007267,KJ510 MRT KAJANG,2.982685,101.790098,rapidbus_kl,,0.6116003801817708,7200.388671875,8.882029157500659
1001332,KJ511 TAMAN HIJAU,2.9808280635305,101.78989943649,rapidbus_kl,,0.4665262382372544,7200.388671875,8.882029157500659
1001571,KJ512 TAMAN SRI REKO,2.979076,101.789857,rapidbus_kl,,0.4022169694494274,7200.388671875,8.882029157500659
1008354,KJ205 TAMAN SRI LANGAT 2,2.974815,101.789903,rapidbus_kl,,0.5967041887916135,7200.388671875,8.882029157500659
1003759,KJ206 SAVILLE KAJANG (OPP),2.971819,101.789861,rapidbus_kl,,0.4302702703048616,5923.79248046875,8.686900940996503
1002709,KJ464 REKO SENTRAL,2.967951949354,101.78986621205,rapidbus_kl,,0.4862226408798617,5923.79248046875,8.686900940996503
1003760,KJ465 SAVILLE KAJANG,2.972186,101.789639,rapidbus_kl,,0.42468586257893787,5923.79248046875,8.686900940996503
1001570,KJ466 TAMAN SRI LANGAT 2,2.9744122010283,101.78964985727,rapidbus_kl,,0.5830408398494433,5923.79248046875,8.686900940996503
1001569,KJ467 TAMAN SRI REKO,2.979072,101.789699,rapidbus_kl,,0.3847048453711386,7200.388671875,8.882029157500659
1001331,KJ468 TAMAN HIJAU,2.980756,101.789711,rapidbus_kl,,0.4443923176610677,7200.388671875,8.882029157500659
1001713,KJ469 MRT KAJANG (OPP),2.983779,101.789783,rapidbus_kl,,0.5375550558897733,7000.6318359375,8.853898520288984
1000889,KJ470 MASJID INDIA KAJANG (OPP),2.9856220682994,101.78960810767,rapidbus_kl,,0.40680929545164535,7000.6318359375,8.853898520288984
1001975,KJ471 MAYBANK PEKAN KAJANG,2.9916301133654,101.78740709961,rapidbus_kl,,0.44024770271453384,5814.033203125,8.66820177484618
1001621,KJ174 KPJ KAJANG (OPP),2.998689524376,101.78540274664,rapidbus_kl,,0.37585743618943485,5814.033203125,8.66820177484618
1002114,KJ731 MRT SG JERNIH (OPP),3.0019930341629,101.78287059044,rapidbus_kl,,0.4230380489768526,5337.0517578125,8.582616026023214
1003390,KJ175 SMK SAAS (OPP),3.0065794281647,101.78177838129,rapidbus_kl,,0.5318729500229612,3386.703369140625,8.127907498556581
1002835,KJ176 RTM KAJANG (OPP),3.008403,101.780929,rapidbus_kl,,0.5285888409894429,4131.60400390625,8.326662996687926
1004131,KJ178 TAMAN MESRA,3.011859,101.778823,rapidbus_kl,,0.103733666266604,4131.60400390625,8.326662996687926
1003427,KJ179 TAMAN DELIMA,3.0169964062436,101.77663152189,rapidbus_kl,,0.40621189097552834,5593.99658203125,8.629628009848833
1001947,KJ180 MASJID SG SEKAMAT,3.0211527891629,101.7755897582,rapidbus_kl,,0.2709877256009837,5593.99658203125,8.629628009848833
1002082,KJ181 LOT 4291 (OPP),3.0244245419599,101.7743101058,rapidbus_kl,,0.5991103340905248,5593.99658203125,8.629628009848833
1001290,KJ183 TAMAN DESA BARU,3.028564,101.770686,rapidbus_kl,,0.12422115959911328,7503.79443359375,8.923297353098663
1003429,KJ732 SPG SG LONG,3.0378604776776,101.77169943016,rapidbus_kl,,0.2503890282842517,7100.26806640625,8.868028647984453
1003531,KJ745 SPG PEKAN BT 11,3.0441457782445,101.77453773289,rapidbus_kl,,0.4008876225569427,5526.5634765625,8.617502396439974
1003442,KJ668 SPG CHERAS PERDANA,3.052127111611,101.77405009544,rapidbus_kl,,0.4656839116877844,6094.3564453125,8.71528252179891
1003930,KJ669 TM BATU 9,3.0596516312907,101.77347914223,rapidbus_kl,,0.5101805793616953,8528.7275390625,9.051312698482326
1001494,KJ47 KILANG PAPAN,3.0623694424205,101.77495509555,rapidbus_kl,,0.3303309463690096,3616.718017578125,8.19359872416112
1003596,KJ48 SMA BATU 10,3.0649291790561,101.77533345703,rapidbus_kl,,0.4270464889156242,3616.718017578125,8.19359872416112
1003141,KJ49 BEACONHOUSE SRI MURNI,3.0670395292406,101.77401522318,rapidbus_kl,,0.5732842942048809,4741.86572265625,8.464396814841418
1004122,KJ422 PLAZA TOL BATU 9,3.0748102158784,101.75898865489,rapidbus_kl,,0.5049351046952409,10340.126953125,9.243884131787405
1002525,KJ711 PGA/MAKTAB PDRM,3.076362716983,101.75457432726,rapidbus_kl,,0.3230643350446049,7234.69189453125,8.88678126608008
1004120,KL2225 WISMA INDAH,3.133487,101.718056,rapidbus_kl,,0.43436634737455915,6921.0068359375,8.842461011761618
1000948,KL1823 HOTEL SWISS GARDEN,3.1444128812936,101.705551839,rapidbus_kl,,0.31319265049277567,7680.4443359375,8.946562873034988
1005441,SJ604 MRT TAMAN EQUINE  PINTU B,2.989735,101.672318,rapidbus_kl,,0.4232794811054476,9564.3056640625,9.165897837878392
1005442,SJ205 AEON MALL TAMAN EQUINE,2.993277,101.674087,rapidbus_kl,,0.4872610757846728,9547.5458984375,9.164144159938033
1005443,SJ208 KOMERSIAL LP 2A,2.995022,101.671776,rapidbus_kl,,0.24745071361031198,11111.0830078125,9.315788354511795
1003898,SJ213 HENTIAN PUTRA PERMAI,2.995785,101.669025,rapidbus_kl,,0.07425710000856343,11111.0830078125,9.315788354511795
1005445,SJ839 PANGSAPURI SRI INDAH BLOK 11,2.999586,101.664784,rapidbus_kl,,0.6069879919715186,4713.13720703125,8.458321189358294
1006166,DESAMINIUM FLORA,3.007934,101.664758,rapidbus_kl,,0.6038763190238898,3603.863037109375,8.190039056517254
1006139,SMK TAMAN DESAMINIUM,3.008046,101.662853,rapidbus_kl,,0.4829678455759688,3603.863037109375,8.190039056517254
1006265,FLAT LESTARI PERDANA 2 (OPP),3.007937,101.666521,rapidbus_kl,,0.5728784366473229,7794.67626953125,8.961324534564032
1005448,SJ842 LESTARI PERDANA 8,3.0118,101.67181,rapidbus_kl,,0.24929746498606634,7794.67626953125,8.961324534564032
1005449,SJ843 PANGSAPURI CASA RIANA,3.014831,101.675238,rapidbus_kl,,0.4263555421045618,9724.9599609375,9.182553874251319
1006148,SJ702 PUJ 4 TAMAN PUNCAK JALIL,3.017892,101.674835,rapidbus_kl,,0.44258957823815676,9136.6630859375,9.120159951880977
1005451,SJ844 PERUMAHAN PUJ 5,3.021099,101.674193,rapidbus_kl,,0.42033392445588674,9136.6630859375,9.120159951880977
1005452,SJ845 PERUMAHAN PUJ 6 (BARAT),3.023122,101.674969,rapidbus_kl,,0.4445022333322095,9136.6630859375,9.120159951880977
1005453,SJ846 PERUMAHAN PUJ 6 (TIMUR),3.025522,101.679842,rapidbus_kl,,0.41782269141783396,7437.78759765625,8.914463157243887
1002146,SJ372 PANGSAPURI ENGGANG,3.035791,101.672771,rapidbus_kl,,0.38206179832879955,6975.75537109375,8.850339241133595
1003262,SJ373 SIMFONI KINRARA,3.035739,101.666748,rapidbus_kl,,0.3484870394550784,6975.75537109375,8.850339241133595
1001994,SJ379 MELODY KINRARA,3.035801,101.664132,rapidbus_kl,,0.3503923059736059,6674.76123046875,8.806238518783944
1001848,(M) SJ380 PERUMAHAN MELODY,3.036053,101.659926,rapidbus_kl,,0.18636349863641663,6674.76123046875,8.806238518783944
1000906,SJ381 PERUMAHAN HENING,3.036186,101.657467,rapidbus_kl,,0.43170991398486586,6674.76123046875,8.806238518783944
1000878,SJ382 KINRARA GOLF CLUB (OPP),3.0370217781682,101.65453904768,rapidbus_kl,,0.18032185586733984,5068.09326171875,8.530917236748307
1008501,SJ15 KEJURUTERAAN BOMBA KINRARA,3.041177,101.650167,rapidbus_kl,,0.5480653383074483,5068.09326171875,8.530917236748307
1008500,SJ395 KINRARA GOLF CLUB (BARAT),3.043648,101.648385,rapidbus_kl,,0.46574308904513434,10315.3095703125,9.241481375305586
1006167,(M) SJ398 LRT BK 5,3.050161,101.644297,rapidbus_kl,,0.40036112336983937,10166.109375,9.2269132180613
1002467,SJ399 PETRONAS BANDAR KINRARA,3.046616,101.641823,rapidbus_kl,,0.33420841308149124,10315.3095703125,9.241481375305586
1006146,SJ397 SMK SEKSYEN 4 BK (OPP),3.045966,101.645746,rapidbus_kl,,0.142851871976396,10315.3095703125,9.241481375305586
1008502,SJ364 PERUMAHAN BK 6A,3.041333,101.650483,rapidbus_kl,,0.5284045763222287,7306.40771484375,8.896643868078254
1005461,SJ854 PERUMAHAN PUJ 2,3.024405,101.679148,rapidbus_kl,,0.4640731805791426,9136.6630859375,9.120159951880977
1005462,SJ855 KOMERSIAL PUJ 3 (UTARA),3.022947,101.675264,rapidbus_kl,,0.4072922518939503,9136.6630859375,9.120159951880977
1005463,SJ856 KOMERSIAL PUJ 3 (BARAT),3.019979,101.674793,rapidbus_kl,,0.35021044271407525,9136.6630859375,9.120159951880977
1005464,(M) SJ703 TAMAN PUNCAK JALIL,3.017728,101.675129,rapidbus_kl,,0.4303301727149634,9136.6630859375,9.120159951880977
1005465,SJ857 PERUMAHAN PUJ 2,3.015328,101.675445,rapidbus_kl,,0.4532731065295879,9724.9599609375,9.182553874251319
1005466,SJ858 SJKC BUKIT SERDANG,3.011599,101.672646,rapidbus_kl,,0.34436722402822245,7794.67626953125,8.961324534564032
1006141,FLAT LESTARI PERDANA 2,3.007858,101.666824,rapidbus_kl,,0.5499920969572732,10355.912109375,9.245409412444442
1005469,SJ861 KOMERSIAL LP 3,2.999497,101.665089,rapidbus_kl,,0.6225742443319557,7599.06787109375,8.935912456641619
1006269,SJ217 TAMAN PUTRA PERMAI 9,2.996459,101.670133,rapidbus_kl,,0.1309928577228086,11111.0830078125,9.315788354511795
1000208,SJ218 EQUINE PARK,2.995113,101.672158,rapidbus_kl,,0.28793200454270046,11111.0830078125,9.315788354511795
1001032,SJ219 AEON JUSCO EQUINE PARK,2.993532,101.674266,rapidbus_kl,,0.4563169204795247,9547.5458984375,9.164144159938033
1003895,KL764 TERMINAL DESA PETALING,3.0850749895368,101.71177459136,rapidbus_kl,,0.23082090657793694,9500.4208984375,9.159196634660995
1002974,KL766 PANGARIA,3.083516,101.712125,rapidbus_kl,,0.40842536219664716,9500.4208984375,9.159196634660995
1003295,KL767 SK DESA PETALING,3.0835505662838,101.70947361441,rapidbus_kl,,0.43956212138270134,9500.4208984375,9.159196634660995
1001665,KL768 WINNER HEIGHTS,3.0837673897464,101.70702052462,rapidbus_kl,,0.5862078807467407,9799.677734375,9.190206818836336
1002715,KL2181 DESA PETALING (SELATAN),3.0831995834419,101.70446358875,rapidbus_kl,,0.4647932018438751,9799.677734375,9.190206818836336
1000274,KL769 SPARK SHOPPING COMPLEX,3.0839928417904,101.70157139165,rapidbus_kl,,0.37470874056921544,9799.677734375,9.190206818836336
1001664,KL770 VANTAGE POINT,3.0860635117633,101.70124417258,rapidbus_kl,,0.21756273418209968,9799.677734375,9.190206818836336
1000569,KL771 DESA PETALING (UTARA),3.086998,101.70402,rapidbus_kl,,0.12291943364862339,9799.677734375,9.190206818836336
1001004,KL772 DESA HILL VILLAS,3.0869527253263,101.70635447578,rapidbus_kl,,0.38203313142359224,9799.677734375,9.190206818836336
1002844,KL773 KG BARU SALAK SELATAN,3.086512,101.707511,rapidbus_kl,,0.4199471288366601,9500.4208984375,9.159196634660995
1002303,KL774 KG BARU SALAK SELATAN (TIMUR),3.0874378510546,101.70832627315,rapidbus_kl,,0.3269702248764391,9500.4208984375,9.159196634660995
1002267,KL775 PASAR PENJAJA SALAK SELATAN (OPP),3.089098,101.70671,rapidbus_kl,,0.47708598572554917,9799.677734375,9.190206818836336
1002904,KL1737 KG BARU SALAK SELATAN (TENGAH),3.089274,101.704232,rapidbus_kl,,0.28402170205800026,9799.677734375,9.190206818836336
1000196,KL1738 DEWAN KG SALAK SELATAN (OPP),3.0891354471041,101.70275403521,rapidbus_kl,,0.22887301648352346,9799.677734375,9.190206818836336
1001549,KL1740 KLINIK SALAK SELATAN (OPP),3.091178,101.701819,rapidbus_kl,,0.4713040029159711,9799.677734375,9.190206818836336
1000645,KL1812 MIDFIELDS SQUARE,3.094064,101.701528,rapidbus_kl,,0.21538292711805565,7465.73779296875,8.91821347497368
1001059,(M) KL1813 TAMAN SALAK JAYA,3.0959184006134,101.70253749544,rapidbus_kl,,0.06984904338412377,7465.73779296875,8.91821347497368
1000211,BALAI POLIS SALAK SELATAN,3.0996454542362,101.70423369884,rapidbus_kl,,0.47929303292420905,6505.81884765625,8.780605959497228
1001816,LRT SALAK SELATAN,3.1027874710133,101.70579134798,rapidbus_kl,,0.33669630918430266,6505.81884765625,8.780605959497228
1003278,KL1814 RAZAK MANSION,3.106972,101.706845,rapidbus_kl,,0.5644678613268951,6505.81884765625,8.780605959497228
1000391,KL1815 KG SRI INDAH,3.112053,101.706678,rapidbus_kl,,0.41768211988240866,4514.5791015625,8.415288719323378
1003481,KL1769 CHAN SOW LIN (BARAT),3.1223496873538,101.70835488179,rapidbus_kl,,0.38663855062900987,6741.74560546875,8.816222480819683
1001965,KL1488 SOUTHGATE (OPP),3.1253105210177,101.70992778671,rapidbus_kl,,0.40966471434874285,6909.13525390625,8.840744490217947
1004342,KL1821 PASAR SENI (PLATFORM A1 - A2),3.142834,101.6956,rapidbus_kl,,0.3086029616975917,6919.0,8.842171048611716
1001672,KL112 KOTA RAYA,3.1454957091436,101.69812709966,rapidbus_kl,,0.39359678059678865,6919.0,8.842171048611716
1005158,KL2511 FRASER BUSINESS PARK,3.129882,101.713681,rapidbus_kl,,0.2978499444199919,6909.13525390625,8.840744490217947
1003455,KL810 SOUTHGATE,3.124984,101.710078,rapidbus_kl,,0.4385197309330571,6909.13525390625,8.840744490217947
1003480,KL808 CHAN SOW LIN (BARAT),3.121516,101.70877,rapidbus_kl,,0.301219624225701,6741.74560546875,8.816222480819683
1005167,KL2513 DAMAI RESIDENCE,3.115787,101.707969,rapidbus_kl,,0.549783453734583,6245.92724609375,8.739844981210569
1000390,KL811 KG SRI INDAH,3.1120556256043,101.70700813411,rapidbus_kl,,0.45433402042531656,4514.5791015625,8.415288719323378
1002707,KL1789 RAZAK MANSION (OPP),3.106102,101.707047,rapidbus_kl,,0.5279576039404154,6505.81884765625,8.780605959497228
1002710,KL308 POS SALAK SELATAN,3.1032191397453,101.70609158932,rapidbus_kl,,0.35747245357041013,6505.81884765625,8.780605959497228
1001041,KL307 KTM SALAK SELATAN,3.0994650394322,101.70432453378,rapidbus_kl,,0.4765213492601906,7465.73779296875,8.91821347497368
1001061,(M) KL782 TAMAN SALAK JAYA,3.0959222281747,101.70297719884,rapidbus_kl,,0.0566000075071726,7465.73779296875,8.91821347497368
1001550,KL761 KLINIK SALAK SELATAN,3.0909961530594,101.70203455277,rapidbus_kl,,0.4459430450473411,9799.677734375,9.190206818836336
1000197,KL1739 DEWAN KG SALAK SELATAN,3.0893115697914,101.70283535922,rapidbus_kl,,0.24790981468394804,9799.677734375,9.190206818836336
1002902,KL1734 KG BARU SALAK SELATAN (TENGAH),3.0894225238011,101.70398850603,rapidbus_kl,,0.2860380961596419,9799.677734375,9.190206818836336
1002257,KL1735 PASAR PENJAJA SALAK SELATAN,3.0897005303433,101.70631841591,rapidbus_kl,,0.4768395279710452,9799.677734375,9.190206818836336
1002304,KL1736 KG BARU SALAK SELATAN (TIMUR),3.0874691903578,101.70855193115,rapidbus_kl,,0.30258644237748766,9500.4208984375,9.159196634660995
1001485,KL1731 KG BARU SALAK SELATAN (SELATAN),3.086356,101.707438,rapidbus_kl,,0.43087851594755644,9500.4208984375,9.159196634660995
1005240,KL1493 KG BARU SALAK SELATAN (SELATAN),3.086762,101.706322,rapidbus_kl,,0.37983663616323365,9799.677734375,9.190206818836336
1005241,(M) KL1492 DESA PETALING (UTARA),3.086831,101.703837,rapidbus_kl,,0.1060180403261647,9799.677734375,9.190206818836336
1001640,KL762 VANTAGE POINT (OPP),3.0859874673942,101.70142995203,rapidbus_kl,,0.20515651587748096,9799.677734375,9.190206818836336
1000275,KL763 SPARK SHOPPING COMPLEX (OPP),3.0840042832851,101.70201449643,rapidbus_kl,,0.35673625572169904,9799.677734375,9.190206818836336
1002716,REST ABC,3.0833798867118,101.70457194482,rapidbus_kl,,0.45099477572196767,9799.677734375,9.190206818836336
1001666,KL1730 WINNER HEIGHTS (OPP),3.0840151014898,101.70757756444,rapidbus_kl,,0.5316472134650194,9500.4208984375,9.159196634660995
1001911,KL1727 SK DESA PETALING (OPP),3.0838274320217,101.70941747285,rapidbus_kl,,0.4152968904268863,9500.4208984375,9.159196634660995
1002977,KL1728 PANGSARA,3.083686,101.711708,rapidbus_kl,,0.38120099438942134,9500.4208984375,9.159196634660995
1007457,(M) KL152 LRT BANDAR TASIK SELATAN,3.076112,101.712025,rapidbus_kl,,0.30572691419528775,7850.10107421875,8.968409065172034
1002602,KL1785 APARTMENT DESA TUN RAZAK (OPP),3.079192,101.718777,rapidbus_kl,,0.10208478994870629,9525.82421875,9.161866700686344
1001056,KL1784 KOMERSIAL DESA TUN RAZAK,3.0790213697886,101.71911493749,rapidbus_kl,,0.06007904993126699,9525.82421875,9.161866700686344
1002140,KL1786 PANGSAPURI DESA TUN RAZAK,3.0781815563023,101.71764474828,rapidbus_kl,,0.2243023160206601,9525.82421875,9.161866700686344
1007507,KL2001 TASIK HEIGHTS APARTMENT,3.075837,101.717979,rapidbus_kl,,0.3696608920555595,9525.82421875,9.161866700686344
1003058,KL137 ROYAL SQUADRON REGIMEN,3.074518,101.716962,rapidbus_kl,,0.5409712539218001,5474.21435546875,8.607986705602084
1003054,KL138 BANDAR TASIK SELATAN (UTARA),3.073647,101.714024,rapidbus_kl,,0.4731858593424466,8559.9970703125,9.054971942529193
1000894,KL139 DESA TASIK,3.072054,101.715227,rapidbus_kl,,0.4776788305487187,8559.9970703125,9.054971942529193
1007508,KL140 FLAT DESA TASIK (UTARA),3.069314851,101.7155556,rapidbus_kl,,0.4636622643746153,5474.21435546875,8.607986705602084
1000320,KL141 PERUMAHAN POLIS DESA TASIK (SELATAN),3.066838,101.713475,rapidbus_kl,,0.46842558516421184,8559.9970703125,9.054971942529193
1003309,KL1672 SK PENGKALAN TENTERA DARAT,3.062084,101.716452,rapidbus_kl,,0.3476473050423701,4814.3837890625,8.4795710280262
1007509,KL144 PANGSAPURI DESA TASIK,3.067521,101.713874,rapidbus_kl,,0.43428307074003264,8559.9970703125,9.054971942529193
1003896,KL145 FLAT DESA TASIK (UTARA),3.0698601321722,101.71570242832,rapidbus_kl,,0.4352980139468903,5474.21435546875,8.607986705602084
1002631,KL146 KOMERSIAL DESA TASIK,3.072228,101.714956,rapidbus_kl,,0.45817380511365635,8559.9970703125,9.054971942529193
1001076,KL147 BANDAR TASIK SELATAN (UTARA),3.073745,101.713694,rapidbus_kl,,0.4589323008037103,8559.9970703125,9.054971942529193
1003017,KL148 ROYAL SQUADRON REGIMEN,3.074595,101.716357,rapidbus_kl,,0.5846182013809961,9525.82421875,9.161866700686344
1001662,KL2003 TASIK HEIGHTS APARTMEN (OPP),3.075462,101.717977,rapidbus_kl,,0.4067945393187035,9525.82421875,9.161866700686344
1004189,KJ477 UTAR,3.0410139275918,101.79392934149,rapidbus_kl,,0.4430253233945751,7040.1162109375,8.859521989273924
1003231,KJ560 SHELL SG LONG (OPP),3.041406,101.789376,rapidbus_kl,,0.5651701079751282,6513.82666015625,8.781835882935805
1004039,KJ299 TAMAN RAKAN (TIMUR),3.035489,101.782583,rapidbus_kl,,0.4440672709812463,8599.4072265625,9.059564833046403
1001724,KJ300 TAMAN RAKAN (BARAT),3.034676,101.780743,rapidbus_kl,,0.4125343347828083,5660.81298828125,8.641499435857778
1004196,KJ303 INSTITUT VETERINAR (OPP),3.035442,101.775498,rapidbus_kl,,0.3246861259427723,5660.81298828125,8.641499435857778
1002368,KJ338 KOMERSIAL BT 11,3.0424610828368,101.77220148001,rapidbus_kl,,0.43881942988552797,8604.521484375,9.060159309293404
1002105,KJ341 PLAZA KASTURI (OPP),3.038189,101.769263,rapidbus_kl,,0.1279534789178902,7100.26806640625,8.868028647984453
1003253,KJ665 CHERAS SELATAN 118,3.0356302960955,101.76848442738,rapidbus_kl,,0.202460921393876,7100.26806640625,8.868028647984453
1001063,KJ666 JEJANTAS TAMAN SRI INDAH,3.032102,101.766107,rapidbus_kl,,0.5365425663109419,7503.79443359375,8.923297353098663
1003441,KJ667 SUSUR CHERAS JAYA,3.030769,101.763363,rapidbus_kl,,0.32474897372099265,8698.705078125,9.071044405001997
1001499,KJ704 SUSUR U-TURN CHERAS JAYA,3.027925,101.755947,rapidbus_kl,,0.34881601932670997,7759.82763671875,8.956844261706442
1003450,KJ705 SYMPHONY TOWER,3.0262187974836,101.75109805471,rapidbus_kl,,0.3463977925883105,7759.82763671875,8.956844261706442
1001050,KJ697 JEJANTAS KG BARU BALAKONG,3.0262016449352,101.74916224987,rapidbus_kl,,0.5040512465093372,7759.82763671875,8.956844261706442
1003053,KJ698 TAMAN TAMING JAYA,3.026726,101.745708,rapidbus_kl,,0.2574252168316213,7727.25146484375,8.952637914809612
1001690,(M) SJ596 KTM KOMUTER SERDANG,3.0228725970026,101.71645821695,rapidbus_kl,,0.44153468015415337,6814.796875,8.826998266862036
1004041,KL784 PANGSAPURI PERMAI,3.062202,101.706766,rapidbus_kl,,0.4276620804159133,7753.17626953125,8.955986850695117
1003961,KL785 TAMAN CASTLEFIELD,3.069518,101.705575,rapidbus_kl,,0.3116735843089378,9631.94921875,9.172944711151287
1000264,KL786 KG MALAYSIA RAYA,3.072861,101.704212,rapidbus_kl,,0.3075079208052845,9631.94921875,9.172944711151287
1001441,KL787 KG MALAYSIA TAMBAHAN,3.076938940479,101.70455603294,rapidbus_kl,,0.2715003185706164,8022.60009765625,8.990142490121668
1003574,KL2034 THE LEAFZ,3.0842370256986,101.69648240596,rapidbus_kl,,0.3803467805849068,9835.759765625,9.193881643706467
1004146,KL788 THE LEAFZ,3.085959,101.694689,rapidbus_kl,,0.1255951061642534,9835.759765625,9.193881643706467
1001055,KL1219 MRT KUCHAI (OPP),3.088911,101.692878,rapidbus_kl,,0.277721032578747,9835.759765625,9.193881643706467
1000051,KL1218 MRT KUCHAI/RESIDENSI FAR EAST,3.089248,101.693273,rapidbus_kl,,0.2812131986484203,9835.759765625,9.193881643706467
1000278,KL789 PLAZA SG BESI,3.089197,101.698388,rapidbus_kl,,0.4834517743005607,9835.759765625,9.193881643706467
1004193,KL807 TOYOTA SG BESI,3.1186642043651,101.70963517856,rapidbus_kl,,0.26478536674917214,6741.74560546875,8.816222480819683
1001492,KL2205 PERINDUSTRIAN TRISEGI,3.120341,101.710825,rapidbus_kl,,0.04789254844350212,6741.74560546875,8.816222480819683
1002521,KL2206 HYUNDAI SERVICES,3.123098,101.712808,rapidbus_kl,,0.3447025142256744,6741.74560546875,8.816222480819683
1002408,KL809 PERCETAKAN NASIONAL,3.1250592259839,101.71394316089,rapidbus_kl,,0.5078201340628656,6909.13525390625,8.840744490217947
1001794,KL2207 LRT CHAN SOW LIN,3.128826,101.715987,rapidbus_kl,,0.3993429522811132,7540.90673828125,8.928230312093644
1001795,KL2199 LRT CHAN SOW LIN,3.128099,101.716024,rapidbus_kl,,0.40172568531655806,7540.90673828125,8.928230312093644
1000504,KL2200 PERCETAKAN NASIONAL (OPP),3.124576,101.714053,rapidbus_kl,,0.5574642927555782,6741.74560546875,8.816222480819683
1002115,KL2201 HYUNDAI SERVICES (OPP),3.122441,101.712545,rapidbus_kl,,0.26710433032139436,6741.74560546875,8.816222480819683
1002066,KL2202 PERINDUSTRIAN TRISEGI,3.120338,101.711014,rapidbus_kl,,0.027589769431422117,6741.74560546875,8.816222480819683
1004194,KL805 TOYOTA SG BESI (OPP),3.118916,101.709987,rapidbus_kl,,0.21795429132704333,6741.74560546875,8.816222480819683
1001092,KL2180 PLAZA 63 (OPP),3.091876,101.701374,rapidbus_kl,,0.4293530910214887,7465.73779296875,8.91821347497368
1002573,KL1811 PLAZA SG BESI (OPP),3.089241,101.699132,rapidbus_kl,,0.48384273088617485,9799.677734375,9.190206818836336
1001158,KL795 KOMERSIAL TAMAN SALAK SELATAN,3.083649,101.697397,rapidbus_kl,,0.49343475402969306,9835.759765625,9.193881643706467
1001442,KL777 KG MALAYSIA TAMBAHAN,3.077373,101.704842,rapidbus_kl,,0.2630037230969758,8022.60009765625,8.990142490121668
1003962,KL780 TAMAN CASTLEFIELD,3.0690635889596,101.70600990163,rapidbus_kl,,0.3750163329680402,9631.94921875,9.172944711151287
1004040,KL781 MRT/LRT SUNGAI BESI,3.063572,101.707294,rapidbus_kl,,0.46936489850994473,8809.1904296875,9.083664333871138
1002832,KL2006 SELANGOR TURF CLUB,3.052781,101.707226,rapidbus_kl,,0.45958355192311195,6109.92919921875,8.717834119034762
1000180,SJ653 THE MINES WATERFRONT,3.0385903995674,101.70918458057,rapidbus_kl,,0.28399385734755533,3252.531494140625,8.087496298968293
1003922,SJ640 THE MINES,3.027064,101.718933,rapidbus_kl,,0.2009059494023628,7962.9775390625,8.982683844871534
1002515,SJ599 TAMAN SG BESI INDAH (SELATAN),3.027028,101.722764,rapidbus_kl,,0.40179511684489555,7962.9775390625,8.982683844871534
1004053,SJ641 APARTMENT SRI JASA,3.027148,101.726731,rapidbus_kl,,0.22149779372593803,9773.529296875,9.187535229921759
1004259,KJ670 WISMA TANJUNG BALAI (OPP),3.024934,101.730044,rapidbus_kl,,0.48568067151330935,9773.529296875,9.187535229921759
1003939,KJ671 TAMAN BUKIT BELIMBING,3.0245921417694,101.73224170392,rapidbus_kl,,0.641739090517658,7936.517578125,8.979355857765425
1001480,KJ672 TAMAN TAMING JAYA,3.0262877504306,101.73835993014,rapidbus_kl,,0.3603931043679277,7936.517578125,8.979355857765425
1001420,KJ673 KG BARU BALAKONG,3.026557,101.749516,rapidbus_kl,,0.44947637069068247,7759.82763671875,8.956844261706442
1000247,KJ703 SUSUR U-TURN CHERAS JAYA,3.028845,101.756126,rapidbus_kl,,0.3565629225290073,7759.82763671875,8.956844261706442
1001214,KJ693 AEON CHERAS SELATAN,3.032198,101.765559,rapidbus_kl,,0.5887472431298475,7503.79443359375,8.923297353098663
1002361,KJ336 PLAZA KASTURI,3.037993,101.768992,rapidbus_kl,,0.12055119366765578,7100.26806640625,8.868028647984453
1004268,KJ337 KOMERSIAL BT 11,3.042774,101.772202,rapidbus_kl,,0.4134427173380082,8604.521484375,9.060159309293404
1001019,KJ304 INSTITUT PENGURUSAN VETERINAR (OPP),3.035963,101.775405,rapidbus_kl,,0.3054192150053432,5660.81298828125,8.641499435857778
1001725,KJ330 TAMAN RAKAN (BARAT),3.034874,101.780544,rapidbus_kl,,0.38144246032262336,5660.81298828125,8.641499435857778
1004038,KJ331 TAMAN RAKAN (TIMUR),3.035554,101.782081,rapidbus_kl,,0.4927298186606614,5660.81298828125,8.641499435857778
1002852,KJ561 BANDAR MAHKOTA CHERAS,3.0432581370684,101.78683628257,rapidbus_kl,,0.24872172119308045,6513.82666015625,8.781835882935805
1002574,KJ562 BANDAR MAHKOTA CHERAS,3.047159,101.787929,rapidbus_kl,,0.2688861104958434,6513.82666015625,8.781835882935805
1002509,KJ214 PETRONAS MAHKOTA CHERAS,3.051484,101.786855,rapidbus_kl,,0.2608013529394282,8838.3916015625,9.086973329910595
1003861,KJ177 BMC MALL (OPP),3.055131564348,101.78603666817,rapidbus_kl,,0.15541039927802522,8838.3916015625,9.086973329910595
1003539,KJ751 PERUMAHAN MAHKOTA CHERAS,3.059332958966,101.78712366175,rapidbus_kl,,0.32087834717316577,6728.73828125,8.814291533509644
1004108,KJ195 PERUMAHAN MAHKOTA CHERAS SEKSYEN 3,3.060573851863,101.78935413478,rapidbus_kl,,0.3834168856446168,6728.73828125,8.814291533509644
1002733,KJ570 DEWAN SERBAGUNA MAHKOTA CHERAS,3.059726,101.793782,rapidbus_kl,,0.2768197322222257,6274.4697265625,8.744403618021062
1004116,KJ200 PERUMAHAN MAHKOTA CHERAS SEKSYEN 6,3.0542190282018,101.79389889672,rapidbus_kl,,0.09212339190577087,7152.82763671875,8.875402826254847
1000078,KJ213 KOMERSIAL MAHKOTA CHERAS,3.0500580155157,101.78892918697,rapidbus_kl,,0.5070293353527485,8838.3916015625,9.086973329910595
1003503,KJ289 BANDAR MAHKOTA CHERAS,3.047218,101.788243,rapidbus_kl,,0.2985020846198535,6513.82666015625,8.781835882935805
1003230,KJ329 SHELL SG LONG,3.0416829546868,101.78926018851,rapidbus_kl,,0.5330416903822299,6513.82666015625,8.781835882935805
1002698,KJ361 GREEN SEKSYEN 7,3.046017,101.794833,rapidbus_kl,,0.07227853826411627,5916.28271484375,8.685632621633918
1003033,KJ370 PERUMAHAN SG LONG SEKSYEN 7,3.0480528104061,101.79730241962,rapidbus_kl,,0.4208242549966665,5916.28271484375,8.685632621633918
1003052,KJ403 PERUMAHAN SEKYEN 7,3.049393,101.798878,rapidbus_kl,,0.629713076522284,4065.797607421875,8.310611140081239
1003399,KJ428 SMK SG LONG,3.0516163347533,101.80192181976,rapidbus_kl,,0.26170960940399624,8224.58203125,9.015004336807753
1000125,KJ437 APARTMENT GREEN ACRE,3.0477918709832,101.80540780986,rapidbus_kl,,0.3824669811332689,4065.797607421875,8.310611140081239
1003193,KJ438 SG LONG GOLF & COUNTRY CLUB,3.041695,101.801437,rapidbus_kl,,0.4452565199336264,4065.797607421875,8.310611140081239
1000531,KL1933 PASAR SENI (PLATFORM E1 - E3),3.141408,101.695443,rapidbus_kl,,0.45587815050314223,6919.0,8.842171048611716
1002640,KL1092 PUBLIC BANK,3.139119,101.695358,rapidbus_kl,,0.2421413423505785,5520.30810546875,8.616370086825249
1002495,KL2145 HOTEL PRESCOTT,3.136322,101.690915,rapidbus_kl,,0.4159553631005541,5520.30810546875,8.616370086825249
1004276,KL1080 BRICKFIELDS,3.1336400597905,101.68908163724,rapidbus_kl,,0.49545902346466786,5211.45556640625,8.558806341640269
1002023,KL1082 SK METHODIST,3.131473,101.689089,rapidbus_kl,,0.437093687090827,5574.7548828125,8.62618299215068
1002234,KL1083 PALM COURT,3.129818,101.687114,rapidbus_kl,,0.15267199403100756,5574.7548828125,8.62618299215068
1003301,KL1084 SMK LA SALLE,3.127033195959,101.68320063589,rapidbus_kl,,0.3886515376043477,5574.7548828125,8.62618299215068
1000205,KL1085 BALAI POLIS BRICKFIELDS,3.125382,101.682305,rapidbus_kl,,0.5762679919116296,5574.7548828125,8.62618299215068
1004210,KL278 KOMERSIAL TAMAN SEPUTEH,3.120092,101.679603,rapidbus_kl,,0.1907296031477497,5935.74609375,8.688916466596845
1000981,KL1179 MAZDA,3.1094981426141,101.678508753,rapidbus_kl,,0.29491226858295355,6133.96435546875,8.72175954709859
1000289,KL1180 BHP,3.1072844280663,101.67868293317,rapidbus_kl,,0.4021023526882287,7246.2294921875,8.888374535806383
1003216,KL1181 SHELL,3.105637,101.678384,rapidbus_kl,,0.2161351508083184,7246.2294921875,8.888374535806383
1004113,KL1182 THAM WAH WAN,3.1034073153277,101.67791957298,rapidbus_kl,,0.03812816264100695,7246.2294921875,8.888374535806383
1000493,KL1183 AVANTAS RESIDENCE,3.1001431566626,101.6765307254,rapidbus_kl,,0.42957574504783513,7246.2294921875,8.888374535806383
1003568,KL1184 TAMAN SHANGHAI (SELATAN),3.098404,101.676208,rapidbus_kl,,0.3824955504772074,7734.1748046875,8.953533361935714
1003004,KL1750 THE SCOTT GARDEN,3.0953143908189,101.67572573982,rapidbus_kl,,0.24348733401480538,7734.1748046875,8.953533361935714
1002263,KL1212 PASAR KLANG LAMA,3.0923666487538,101.67504495979,rapidbus_kl,,0.46548335488576115,7734.1748046875,8.953533361935714
1002575,KL1267 PLAZA PRIMA,3.0890109519977,101.67435542147,rapidbus_kl,,0.4497256406872371,10034.8916015625,9.21392310646769
1004262,KL1268 WISMA TEOH CHIN KEE,3.0866355709206,101.67388225873,rapidbus_kl,,0.4506719707131421,10034.8916015625,9.21392310646769
1002195,KL1269 PEARL POINT,3.0835904519984,101.67119037612,rapidbus_kl,,0.4274566504905469,8110.23193359375,9.001005038605882
1003077,KL1270 TAMAN YARL (UTARA),3.082005,101.668566,rapidbus_kl,,0.37912310411169375,9674.859375,9.177389338242744
1001906,KL1348 MASJID ABDUL RAHMAN,3.0797726835549,101.6655312482,rapidbus_kl,,0.46402140158030497,9674.859375,9.177389338242744
1002175,KL1349 PANGSAPURI SRI JATI,3.0776171979654,101.66383355433,rapidbus_kl,,0.31334929983511023,8951.755859375,9.099716681120718
1003579,KL1351 NEST RESIDENCE (OPP),3.0749481692745,101.66078147764,rapidbus_kl,,0.42594923480041463,8951.755859375,9.099716681120718
1003222,KL1352 SHELL TAMAN KUCHAI,3.0739527099007,101.65932732328,rapidbus_kl,,0.4473682692596592,9341.294921875,9.142307210021574
1002118,KL1353 OUG PARKLANE,3.070513914108,101.65676696837,rapidbus_kl,,0.4276994839877503,7805.2783203125,8.962683601769628
1003944,SJ352 BHPETROL BUKIT KUCHAI,3.058117,101.638599,rapidbus_kl,,0.5124297505628157,9974.5029296875,9.20788765950336
1004078,SJ353 BUKIT KUCHAI,3.0573787950817,101.63307641888,rapidbus_kl,,0.5356692479314025,11328.771484375,9.33518918474319
1004079,SJ354 BHPETROL,3.0569807544853,101.63001155169,rapidbus_kl,,0.4279812512186295,10751.9375,9.282934252042192
1001058,SJ358 KOMUNITI PUCHONG JAYA (OPP),3.0528842606685,101.62487388353,rapidbus_kl,,0.3512721986885361,10751.9375,9.282934252042192
1004141,SJ625 TRACTOR MALAYSIA,3.015995,101.610628,rapidbus_kl,,0.4403787633098368,9800.3984375,9.190280352182397
1001053,SJ601 JEJANTAS SK PUCHONG UTAMA 3,3.0014403214833,101.61194528657,rapidbus_kl,,0.26821174350741916,9184.404296875,9.125371013759981
1001048,SJ603 PUCHONG UTAMA 1 (PRESINT10),3.001928,101.611521,rapidbus_kl,,0.2048476981579112,9184.404296875,9.125371013759981
1004140,SJ605 TRACTORS MALAYSIA,3.0159634449745,101.61023858797,rapidbus_kl,,0.4457943788602781,9800.3984375,9.190280352182397
1001615,SJ677 KOMPLEKS RAKAN MUDA,3.0204021983635,101.61167012268,rapidbus_kl,,0.04672297432832314,9494.44140625,9.158567110449146
1005066,LRT PERINDUSTRIAN PUCHONG,3.022071,101.613639,rapidbus_kl,,0.32283940037026343,9494.44140625,9.158567110449146
1002662,SJ330 PUSAT IT KOMUNITI/TAMAN MERAK,3.053174,101.624554,rapidbus_kl,,0.37879447069061023,10751.9375,9.282934252042192
1003690,SJ331 TM KINRARA,3.056785,101.628304,rapidbus_kl,,0.34019017146871755,10751.9375,9.282934252042192
1004080,SJ332 APARTMENT SRI CEMPAKA,3.057354,101.630588,rapidbus_kl,,0.49858578899300077,10751.9375,9.282934252042192
1001241,SJ333 PERUMAHAN AMAN SARI,3.057626,101.632811,rapidbus_kl,,0.5757736280317676,11328.771484375,9.33518918474319
1003943,SJ334 TAMAN BUKIT KUCHAI,3.0584740354052,101.63895995946,rapidbus_kl,,0.5016545531378291,9974.5029296875,9.20788765950336
1000977,SJ340 JEJANTAS TAMAN KINRARA,3.0646661482707,101.64930516488,rapidbus_kl,,0.49319401138462443,5846.6455078125,8.673794381913167
1003533,KL1342 MENARA IIP (OPP),3.0689529989657,101.65504988486,rapidbus_kl,,0.28743717404995195,7805.2783203125,8.962683601769628
1001338,KL1343 OUG PARKLANE (OPP),3.0699834974841,101.65616583845,rapidbus_kl,,0.3640203335230166,7805.2783203125,8.962683601769628
1000437,KL1344 CALTEX TAMAN KUCHAI,3.0733168962789,101.65793524654,rapidbus_kl,,0.4893034984263983,9341.294921875,9.142307210021574
1001933,KL1345 MASJID JAMEK PETALING,3.0762449803645,101.66164947585,rapidbus_kl,,0.28208321991079505,8951.755859375,9.099716681120718
1001872,KL1346 PANGSAPURI SRI JATI (OPP),3.078180689134,101.6638491875,rapidbus_kl,,0.2955083025125616,8951.755859375,9.099716681120718
1002400,KL1347 MASJID ABDUL RAHMAN (OPP),3.080146371525,101.66530040274,rapidbus_kl,,0.4758171479219935,8951.755859375,9.099716681120718
1000730,KL1271 TAMAN YARL (UTARA),3.0823313189399,101.66828836662,rapidbus_kl,,0.42335235946316024,9674.859375,9.177389338242744
1000506,KL1272 PEARL POINT,3.084468,101.671892,rapidbus_kl,,0.38770696296747775,8110.23193359375,9.001005038605882
1002401,KL1274 ROZEL,3.087139,101.673633,rapidbus_kl,,0.4497351414282994,8110.23193359375,9.001005038605882
1003828,KL1275 PLAZA PRIMA (OPP),3.0905681300214,101.67420902381,rapidbus_kl,,0.5653059813930715,10034.8916015625,9.21392310646769
1004255,KL1276 VERVE SUITES,3.092457906865,101.67462926176,rapidbus_kl,,0.4913804954339353,7734.1748046875,8.953533361935714
1000072,KL1277 SCOTT GARDEN/AMBANK,3.0959619224579,101.67534789075,rapidbus_kl,,0.29154349168210714,7734.1748046875,8.953533361935714
1001474,KL1280 TAMAN SHANGHAI (SELATAN),3.099155,101.675978,rapidbus_kl,,0.4680713421038703,7734.1748046875,8.953533361935714
1003199,KL1281 SOUTHBANK RESIDENCE,3.101513,101.676822,rapidbus_kl,,0.27684990007725424,7246.2294921875,8.888374535806383
1004204,KL1282 3RD MILES SQUARE,3.103537,101.677629,rapidbus_kl,,0.03974103082767567,7246.2294921875,8.888374535806383
1001009,KL1283 SHELL (OPP),3.105557,101.678057,rapidbus_kl,,0.2015143372425618,7246.2294921875,8.888374535806383
1004229,KL1284 WISMA BUDDHIST,3.108093,101.678386,rapidbus_kl,,0.44678096892256397,6133.96435546875,8.72175954709859
1001346,KL1395 SAVILLE RESIDENCE (OPP),3.110688,101.678065,rapidbus_kl,,0.15605178443350656,6133.96435546875,8.72175954709859
1004209,KL1535 MIDVALLEY,3.119766,101.679256,rapidbus_kl,,0.1654218893971711,5935.74609375,8.688916466596845
1000206,KL1086 IPD BRICKFIELDS,3.126168,101.682412,rapidbus_kl,,0.5138011602685542,5574.7548828125,8.62618299215068
1001512,KL1079 KL SENTRAL,3.132961,101.687618,rapidbus_kl,,0.48292584004970873,5211.45556640625,8.558806341640269
1004275,KL1090 SENTRAL EXHIBITION MALL,3.134408,101.688902,rapidbus_kl,,0.41861011626203176,5211.45556640625,8.558806341640269
1003588,KL1925 JABATAN WARISAN NEGARA,3.138258,101.694216,rapidbus_kl,,0.1368025507878462,5520.30810546875,8.616370086825249
1002639,KL1091 PUBLIC BANK (OPP),3.138761,101.695062,rapidbus_kl,,0.19396192082667957,5520.30810546875,8.616370086825249
1001921,SJ300 MASJID PUCHONG PERDANA,3.009608,101.608224,rapidbus_kl,,0.4343335123024361,9800.3984375,9.190280352182397
1000745,SJ301 FLAT PUCHONG INDAH,3.010214,101.609935,rapidbus_kl,,0.2540153457250242,9800.3984375,9.190280352182397
1002155,SJ609 SETIA WALK (SELATAN),3.029122,101.614638,rapidbus_kl,,0.37851063085618164,7895.5126953125,8.974176510022678
1003510,SJ611 SETIAWALK MALL,3.0288195079409,101.61521542686,rapidbus_kl,,0.44043075766287504,7895.5126953125,8.974176510022678
1000070,SJ667 TAMAN INDUSTRI PUCHONG,3.0227373948343,101.61417436779,rapidbus_kl,,0.4147935502539489,9494.44140625,9.158567110449146
1003977,SJ623 FLAT PUCHONG INDAH,3.0099794568679,101.61026827472,rapidbus_kl,,0.2580936163795341,9800.3984375,9.190280352182397
1001940,(M) SJ302 MASJID PUCHONG PERDANA (OPP),3.009161,101.608268,rapidbus_kl,,0.46391894984460996,9800.3984375,9.190280352182397
1004343,(M) KL2213 PASAR SENI (PLATFORM C1 - C3),3.142446,101.695523,rapidbus_kl,,0.3464408683158629,6919.0,8.842171048611716
1001325,KL1365 SKYVILLE 8 (OPP),3.082078,101.664858,rapidbus_kl,,0.5453905344926663,8951.755859375,9.099716681120718
1003260,KL1798 BINASTRALAND,3.083261,101.661574,rapidbus_kl,,0.42656909494729506,6799.51953125,8.824754289900152
1000321,BLOK 34 TADIKA KEMAS,3.071845481033,101.65218433374,rapidbus_kl,,0.17843752924150544,7805.2783203125,8.962683601769628
1000893,PJ127 HENTIAN BAS SERI MANJA,3.074811,101.644139,rapidbus_kl,,0.4407832725167744,9147.6552734375,9.121362182817565
1003613,PJ123 SRI MANJA SQUARE,3.0731162271999,101.64739386559,rapidbus_kl,,0.4330211337042804,9466.9912109375,9.155672042342093
1000238,KL1385 BAYVIEW COURT ID (OPP),3.0719174345464,101.64871181365,rapidbus_kl,,0.4878708609883955,9466.9912109375,9.155672042342093
1000328,KL1386 SURAU NURUL IMAN,3.0714104396593,101.65006579652,rapidbus_kl,,0.3352316799144887,7805.2783203125,8.962683601769628
1003802,KL1387 1K TRICOURT (OPP),3.0713544553467,101.65141706912,rapidbus_kl,,0.1964169308697345,7805.2783203125,8.962683601769628
1002295,KL1378 FLAT TAMAN SERI SENTOSA,3.0732247440923,101.65150403197,rapidbus_kl,,0.3493874680707985,7805.2783203125,8.962683601769628
1000136,KL1379 APT PINANG BLOK 13 (BARAT),3.0750468306887,101.6528359622,rapidbus_kl,,0.41189178843677166,8022.9072265625,8.990180767581224
1000139,KL1380 APT PINANG 1A (UTARA),3.0763897833728,101.65370442534,rapidbus_kl,,0.27667069061329286,8022.9072265625,8.990180767581224
1000142,KL2159 APT SERI SENTOSA (UTARA),3.077075,101.654551,rapidbus_kl,,0.26008467860645673,8022.9072265625,8.990180767581224
1000263,KL1389 APT SERI SENTOSA AC4,3.077505,101.656498,rapidbus_kl,,0.4211088529269453,8022.9072265625,8.990180767581224
1000185,KL1390 AVENUE COURT,3.078045,101.659352,rapidbus_kl,,0.2248177972462563,8951.755859375,9.099716681120718
1002593,KL1391 TAMAN SERI SENTOSA (TIMUR),3.079507,101.661812,rapidbus_kl,,0.1047908765729027,8951.755859375,9.099716681120718
1000367,KL1392 BOMBA KLANG LAMA,3.081894,101.660886,rapidbus_kl,,0.35189883212647266,8951.755859375,9.099716681120718
1003259,KL1799 PETALZ RESIDENCE,3.083515,101.661221,rapidbus_kl,,0.3968148842025864,6799.51953125,8.824754289900152
1000633,KL1393 PETRON BT 5 3/4,3.083148,101.663188,rapidbus_kl,,0.4876740257980464,6799.51953125,8.824754289900152
1000200,KL1394 SKYVILLE 8,3.082038,101.665697,rapidbus_kl,,0.565528393045572,9674.859375,9.177389338242744
1006524,SJ63 LRT SUBANG JAYA,3.084555,101.587181,rapidbus_kl,,0.29957563199956133,5905.00439453125,8.683724806382706
1000456,SJ60 AEON BIG SUBANG JAYA,3.082119,101.587966,rapidbus_kl,,0.42028676805571374,7701.61328125,8.9493149374383
1001513,SJ637 CASA TIARA SUITE,3.082133,101.591204,rapidbus_kl,,0.5312700632856348,5780.82275390625,8.66247426729948
1002024,SJ64 SUBANG JAYA MEDICAL CENTRE,3.079771,101.593222,rapidbus_kl,,0.18899382440187443,5780.82275390625,8.66247426729948
1003280,SJ2 SIME DARBY HEALTH CARE,3.077851,101.593269,rapidbus_kl,,0.17686653430908544,5780.82275390625,8.66247426729948
1000523,PJ229 KOMPLEKS 3C (OPP),3.073384,101.601469,rapidbus_kl,,0.3669852469366884,5530.28125,8.618174758457794
1003708,PJ294 SUNWAY CLIO (OPP),3.0737225504127,101.60355896913,rapidbus_kl,,0.37443900657358653,5530.28125,8.618174758457794
1008430,PJ561 SUNWAY PYRAMID (OPP),3.074113,101.605891,rapidbus_kl,,0.5272684161621345,5530.28125,8.618174758457794
1001873,(M) PJ614 MASJID AL-HUSNA,3.074256,101.608951,rapidbus_kl,,0.49737073300217005,6199.54345703125,8.732392221551644
1000729,PJ164 ARENA SELERA LINDUNGAN,3.076672,101.616129,rapidbus_kl,,0.4477469125668265,8553.9814453125,9.054269017453398
1001435,PJ165 KOMERSIAL LINDUNGAN,3.078261,101.615607,rapidbus_kl,,0.44480473499965084,8553.9814453125,9.054269017453398
1001434,PJ167 KAMPUNG LINDUNGAN,3.079886,101.615617,rapidbus_kl,,0.45810866344607887,8553.9814453125,9.054269017453398
1001670,PJ168 PETRONAS DESA MENTARI (OPP),3.081834,101.618196,rapidbus_kl,,0.37589641137011587,8553.9814453125,9.054269017453398
1000550,PJ169 TAMAN DESARIA,3.082724,101.620879,rapidbus_kl,,0.46471040899210153,8553.9814453125,9.054269017453398
1001409,(M) PJ170 MENARA ANN JOO (OPP),3.084266,101.623261,rapidbus_kl,,0.514718469364784,8609.7138671875,9.060762505388707
1001122,KL2155 SEKSYEN 18 (TIMUR),3.082454,101.658486,rapidbus_kl,,0.5135909114064854,8951.755859375,9.099716681120718
1002021,KL2154 SEKSYEN 18,3.082399,101.659428,rapidbus_kl,,0.45334871129102006,8951.755859375,9.099716681120718
1000429,PJ736 TAMAN PETALING UTAMA,3.081432,101.653433,rapidbus_kl,,0.3036724943740758,8022.9072265625,8.990180767581224
1001257,(M) PJ153 MENARA ANN JOO,3.083862,101.622918,rapidbus_kl,,0.5152136881420815,8609.7138671875,9.060762505388707
1000549,PJ157 TAMAN DESARIA (BARAT),3.081729,101.618498,rapidbus_kl,,0.35245414514241447,8553.9814453125,9.054269017453398
1001669,PJ358 KONTENA NASIONAL,3.081148,101.615187,rapidbus_kl,,0.5120740567031542,7240.58544921875,8.887595446104836
1001437,PJ622 PERUMAHAN PJS 6,3.079853,101.613795,rapidbus_kl,,0.3080826313642486,7240.58544921875,8.887595446104836
1003709,(M) PJ615 SUNWAY PYRAMID,3.073588,101.605895,rapidbus_kl,,0.48345457006664094,5530.28125,8.618174758457794
1000522,PJ617 KOMPLEKS 3C,3.072993,101.600748,rapidbus_kl,,0.3741902179740304,5530.28125,8.618174758457794
1003140,SJ54 SERI KUALA LUMPUR,3.076459,101.592849,rapidbus_kl,,0.31933368078886554,5780.82275390625,8.66247426729948
1003279,SJ55 SUBANG JAYA MEDICAL CENTRE,3.079767,101.592874,rapidbus_kl,,0.22088182030510037,5780.82275390625,8.66247426729948
1002020,SJ56 KOMERSIAL SS15,3.0818374454544,101.59082467831,rapidbus_kl,,0.5403530113186192,5780.82275390625,8.66247426729948
1000457,SJ57 AEON BIG SUBANG JAYA (OPP),3.081844,101.588307,rapidbus_kl,,0.41295535466286826,7701.61328125,8.9493149374383
1003695,(M) SJ58 SUBANG PARADE (OPP),3.0812978955176,101.58560231839,rapidbus_kl,,0.2922661102188584,7701.61328125,8.9493149374383
1000646,(M) SJ49 PETRON SS 17,3.079421,101.581514,rapidbus_kl,,0.4063757866382093,7502.94140625,8.92318368232002
1003087,SJ47 PERUMAHAN SS 19,3.078881,101.577188,rapidbus_kl,,0.08216089039368615,7502.94140625,8.92318368232002
1002351,SJ48 WISMA CONSPLANT,3.080169,101.582523,rapidbus_kl,,0.4428366895978359,7701.61328125,8.9493149374383
1000364,KL1185 BALAI BOMBA TAMAN DESA,3.096833,101.677511,rapidbus_kl,,0.16377073224604474,7734.1748046875,8.953533361935714
1002219,KL1186 PERUMAHAN TAMAN DESA,3.099941,101.679635,rapidbus_kl,,0.4645678387766682,7246.2294921875,8.888374535806383
1000652,KL1187 FABER HEIGHTS,3.102058,101.680727,rapidbus_kl,,0.3644170302953928,7246.2294921875,8.888374535806383
1003880,KL1188 WISMA TELEKOM TAMAN DESA,3.103578,101.682278,rapidbus_kl,,0.44138997288826354,6973.25634765625,8.849980984182112
1001667,KL1189 KONDOMINIUM DESARINA,3.106434,101.683769,rapidbus_kl,,0.40609988888966364,6973.25634765625,8.849980984182112
1002111,KL1190 OBD GARDEN TOWER,3.108738,101.685547,rapidbus_kl,,0.38009728158466416,7277.1064453125,8.89262600369204
1002940,KL1191 PERUMAHAN TAMAN DESA,3.108481,101.688597,rapidbus_kl,,0.47790862299243336,7277.1064453125,8.89262600369204
1003662,KL1192 SMK DESA PERDANA,3.106388,101.689895,rapidbus_kl,,0.49985722327018534,6973.25634765625,8.849980984182112
1001912,KL1204 MASJID AL-MUHSININ,3.104172,101.688755,rapidbus_kl,,0.2821049136759658,6973.25634765625,8.849980984182112
1003408,KL2037 SMK TAMAN DESA,3.103311,101.687281,rapidbus_kl,,0.12449614315913018,6973.25634765625,8.849980984182112
1000653,KL1205 FABER TOWERS (OPP),3.101496,101.685088,rapidbus_kl,,0.28189095250710033,6973.25634765625,8.849980984182112
1003203,KL1206 SHELL TAMAN DANAU DESA,3.100554,101.686391,rapidbus_kl,,0.35574717262750477,6973.25634765625,8.849980984182112
1003190,KL1207 KONDOMINIUM DANAU IDAMAN,3.099161,101.686357,rapidbus_kl,,0.4164999968070006,6637.345703125,8.800618070334048
1000106,KL1208 APARTMENT ABADI INDAH,3.096424,101.685293,rapidbus_kl,,0.15434687605000055,6637.345703125,8.800618070334048
1000162,KL1209 TAMAN DESA (SELATAN),3.096107,101.682037,rapidbus_kl,,0.4639264387548452,7734.1748046875,8.953533361935714
1003873,KL1210 TAMAN DESA MEDICAL CENTRE,3.096435,101.677744,rapidbus_kl,,0.11481638385104927,7734.1748046875,8.953533361935714
1002606,KL1360 LRT MUHIBBAH,3.062023,101.662001,rapidbus_kl,,0.08370311358359306,8007.15234375,8.988215344758908
1001560,KL1355 KOMERSIAL TAMAN BUKIT OUG,3.062029,101.664236,rapidbus_kl,,0.3316533541086099,8007.15234375,8.988215344758908
1001079,KL1356 BUKIT OUG CONDOMINIUM,3.062137,101.667713,rapidbus_kl,,0.20771582861774232,9382.69921875,9.146729337256744
1000307,KL2163 BUKIT OUG CONDOMINIUM,3.062544,101.669045,rapidbus_kl,,0.07867273276460669,9382.69921875,9.146729337256744
1000808,KL1745 FORTUNA COURT CONDOMINIUM,3.0660668832474,101.66856023851,rapidbus_kl,,0.4572538471842981,9382.69921875,9.146729337256744
1008145,UNION HEIGHTS CONDO (OPP),3.072295,101.668466,rapidbus_kl,,0.2428883661615504,9569.63671875,9.166455015018537
1000287,KL1246 BHP (OPP),3.074173,101.671395,rapidbus_kl,,0.4636004024084641,9569.63671875,9.166455015018537
1002891,KL2149 TAMAN OUG (UTARA),3.076692,101.675484,rapidbus_kl,,0.3539956930957672,9813.453125,9.191611386869905
1001236,KL2150 PERUMAHAN HUJAN EMAS,3.074126,101.677774,rapidbus_kl,,0.412739847165699,9457.044921875,9.15462097280927
1003901,KL2151 TAMAN OUG (SELATAN),3.072543,101.677159,rapidbus_kl,,0.2509233618968316,9457.044921875,9.15462097280927
1004111,KL2152 SJKC YOKE NAM,3.074812,101.676816,rapidbus_kl,,0.45462931584277927,9813.453125,9.191611386869905
1002941,PERUMAHAN HUJAN EMAS 3,3.077156,101.675344,rapidbus_kl,,0.3361501460869393,9813.453125,9.191611386869905
1002896,PERUMAHAN HUJAN EMAS 1,3.078426,101.674323,rapidbus_kl,,0.40060212370750853,9813.453125,9.191611386869905
1002569,KL1249 OUG PLAZA (OPP),3.081988,101.670445,rapidbus_kl,,0.3725343807642052,9674.859375,9.177389338242744
1002570,KL1250 OUG PLAZA,3.0823070670119,101.67066982744,rapidbus_kl,,0.4135085108868978,9674.859375,9.177389338242744
1003144,KL1243 SK SERI MEGA,3.077568,101.670605,rapidbus_kl,,0.17366293651706838,9674.859375,9.177389338242744
1001235,KL1245 TAMAN YARL (TIMUR),3.075363,101.670712,rapidbus_kl,,0.39695489622770186,9674.859375,9.177389338242744
1002753,KOMERSIAL HUJAN EMAS 8,3.071426,101.677384,rapidbus_kl,,0.12682368561180463,9457.044921875,9.15462097280927
1008144,UNION HEIGHTS CONDO,3.072134,101.668551,rapidbus_kl,,0.22267890059121143,9569.63671875,9.166455015018537
1000807,KL1744 FORTUNA COURT CONDOMINIUM,3.065997722986,101.6690883904,rapidbus_kl,,0.43868903369664386,9382.69921875,9.146729337256744
1000308,KL2162 KIARA RESIDENCE 2,3.062922,101.669177,rapidbus_kl,,0.10355768976857523,9382.69921875,9.146729337256744
1000309,KL1357 BUKIT OUG CONDOMINIUM (OPP),3.061792,101.666848,rapidbus_kl,,0.3054023081869721,9382.69921875,9.146729337256744
1006611,KL424 ARKED ESPLANADE,3.060988,101.676295,rapidbus_kl,,0.21736270624823634,7233.60009765625,8.886630364235437
1006613,KL571 TAMAN ESPLANADE (BARAT),3.060309,101.678176,rapidbus_kl,,0.19941487468140995,7233.60009765625,8.886630364235437
1006615,KL572 TAMAN ESPLANADE (TIMUR),3.059633,101.680948,rapidbus_kl,,0.4330933268706092,7233.60009765625,8.886630364235437
1006619,COVILLEA CONDOMINIUM,3.058765,101.685124,rapidbus_kl,,0.38959503896039693,6926.61279296875,8.843270558519958
1002658,KL576 IMU BUKIT JALIL,3.059171,101.687342,rapidbus_kl,,0.3458277430692788,6926.61279296875,8.843270558519958
1003146,KL1327 SMK SRI PETALING,3.066578,101.688183,rapidbus_kl,,0.47780399400844215,10077.4521484375,9.218154973131693
1002204,KL1328 BANDAR BARU SRI PETALING,3.0670949316121,101.68613487437,rapidbus_kl,,0.3696013087424775,10077.4521484375,9.218154973131693
1003619,KL1240 PERUMAHAN JALAN PERISA,3.0725999211481,101.68239640296,rapidbus_kl,,0.4919076163413681,10077.4521484375,9.218154973131693
1001238,KL1241 TAMAN BANDARAYA,3.077603,101.681197,rapidbus_kl,,0.3859633672281439,9813.453125,9.191611386869905
1002117,(M) KL1242 TAMAN BUKIT INDAH,3.0813230868955,101.68091284237,rapidbus_kl,,0.43880865636422256,9813.453125,9.191611386869905
1003765,KL1251 TAMAN GEMBIRA,3.084113,101.682045,rapidbus_kl,,0.565030505241188,10034.8916015625,9.21392310646769
1003497,KL1252 TAMAN GEMBIRA (UTARA),3.085075,101.681929,rapidbus_kl,,0.4983903517075185,10034.8916015625,9.21392310646769
1001154,KL1253 TAMAN CONTINENTAL,3.087849,101.681617,rapidbus_kl,,0.4196281048921087,10034.8916015625,9.21392310646769
1001377,KL1254 TAMAN CONTINENTAL (TENGAH),3.088722,101.681392,rapidbus_kl,,0.42676589973038737,10034.8916015625,9.21392310646769
1001155,KL1531 TAMAN CONTINENTAL (UTARA),3.0899787628094,101.68087230078,rapidbus_kl,,0.459749434962585,10034.8916015625,9.21392310646769
1001370,KL1266 KUCHAI BUSINESS PARK,3.091183,101.676011,rapidbus_kl,,0.5025369676130643,10034.8916015625,9.21392310646769
1000416,KL1213 KUCHAI BUSINESS CENTRE,3.0913213800017,101.67659427669,rapidbus_kl,,0.4784683477905029,7734.1748046875,8.953533361935714
1002833,KL1214 TAMAN LIEN HO,3.090819,101.679588,rapidbus_kl,,0.45495328131871354,10034.8916015625,9.21392310646769
1003474,KL1751 TAMAN CONTINENTAL,3.090276,101.681048,rapidbus_kl,,0.4969198128702938,10034.8916015625,9.21392310646769
1003682,KL1255 KOMERSIAL TAMAN CONTINENTAL,3.0886429685409,101.68209010132,rapidbus_kl,,0.49332362756064235,10335.6904296875,9.243455022329337
1003498,KL1256 TAMAN GEMBIRA,3.0851898111191,101.68207112473,rapidbus_kl,,0.5071139256693021,10034.8916015625,9.21392310646769
1003766,KL1257 KOMERSIAL TAMAN GEMBIRA,3.0838850004781,101.68221812928,rapidbus_kl,,0.571722308773019,10335.6904296875,9.243455022329337
1001136,(M) KL1226 TAMAN BUKIT INDAH,3.080661,101.681185,rapidbus_kl,,0.42055984240136557,9813.453125,9.191611386869905
1003620,KL1237 PERUMAHAN SRI PETALING,3.0726025816592,101.68262116566,rapidbus_kl,,0.4705154217335895,10077.4521484375,9.218154973131693
1002663,(M) KL1238 PERUMAHAN SRI PETALING,3.070787,101.683416,rapidbus_kl,,0.3173106018272321,10077.4521484375,9.218154973131693
1004126,KL577 IMU BUKIT JALIL (OPP),3.059003,101.687388,rapidbus_kl,,0.36511750950285876,6926.61279296875,8.843270558519958
1006616,KL1288 TAMAN ESPLANADE,3.059451,101.680901,rapidbus_kl,,0.44217863027841425,7233.60009765625,8.886630364235437
1006614,KL1289 TAMAN ESPLANADE,3.060112,101.678101,rapidbus_kl,,0.2201813775012155,7233.60009765625,8.886630364235437
1006612,KL1290 ARKED ESPLANAD (OPP),3.060823,101.676138,rapidbus_kl,,0.24214360334829152,7233.60009765625,8.886630364235437
1004347,KL2214 PASAR SENI (PLATFORM B1 - B2),3.142615,101.695304,rapidbus_kl,,0.3216742732031241,6919.0,8.842171048611716
1000857,KL2144 TM BRICKFIELDS,3.1374677062962,101.69324504902,rapidbus_kl,,0.15456406882258997,5520.30810546875,8.616370086825249
1003608,KL1760 SUASANA SENTRAL LOFT,3.1303212241286,101.68364204616,rapidbus_kl,,0.33813551677210796,5574.7548828125,8.62618299215068
1002086,KL1095 BANGSAR UTAMA,3.129203160217,101.68065981755,rapidbus_kl,,0.3087496842056169,6477.234375,8.776203279224983
1001788,KL1096 LRT BANGSAR (OPP),3.1273688525384,101.67914951654,rapidbus_kl,,0.20576982618725634,6477.234375,8.776203279224983
1002600,KL1097 PPR ABDULLAH HUKUM,3.1231698334516,101.67654695028,rapidbus_kl,,0.34179259249607225,5935.74609375,8.688916466596845
1004110,KL1098 LRT ABDULLAH HUKUM,3.1180320477095,101.67260077298,rapidbus_kl,,0.4273083433278799,7703.421875,8.949549712492678
1008143,KL1191 IPD PANTAI,3.117224,101.667171,rapidbus_kl,,0.44470442055954734,7703.421875,8.949549712492678
1002621,PJ596 KWSP FEDERAL,3.1100056269729,101.65318137013,rapidbus_kl,,0.2329193050878796,6474.47802734375,8.775777710459483
1000166,PJ750 PJ8 TOWER,3.1022385629392,101.63926132215,rapidbus_kl,,0.374264589335167,5937.3740234375,8.689190641456827
1001735,PJ598 FORD,3.0918510958133,101.63232647758,rapidbus_kl,,0.5890265077120892,5734.15673828125,8.654370359317516
1003174,PJ600 KTM SERI SETIA,3.0844706972703,101.62004709521,rapidbus_kl,,0.2950691091810789,8609.7138671875,9.060762505388707
1002064,PJ744 KTM SETIA JAYA,3.0837013581979,101.61282004095,rapidbus_kl,,0.41453784466535565,7328.16455078125,8.899616811683803
1000387,PJ606 BT10/MENTARI COURT,3.0831411956406,101.60818132555,rapidbus_kl,,0.5551851393984065,7328.16455078125,8.899616811683803
1003553,SJ590 ISOLA RESIDENCE,3.0823055709786,101.57980988495,rapidbus_kl,,0.4477735546035864,7502.94140625,8.92318368232002
1000393,SA917 SPG BT 3 KE KLANG,3.0751295078554,101.55608246282,rapidbus_kl,,0.5344909467116373,4588.93896484375,8.431622005546517
1000394,SA915 JEJANTAS SHELL BT 3 (OPP),3.0733105706958,101.54917571463,rapidbus_kl,,0.5253903300787692,5275.54443359375,8.571026699111176
1004166,SA8 UITM PINTU UTAMA,3.0708541927405,101.50433564815,rapidbus_kl,,0.1649327622506906,6310.1181640625,8.750068144917513
1000170,SA9 APARTMENT BAIDURI,3.073911,101.501054,rapidbus_kl,,0.44012830714411527,6310.1181640625,8.750068144917513
1004172,SA10 UNISEL PINTU UTAMA,3.0779166340311,101.49615087009,rapidbus_kl,,0.19723055613962165,4730.009765625,8.461893939806782
1002457,SA34 UNISEL,3.077464,101.494395,rapidbus_kl,,0.1445326605791656,4730.009765625,8.461893939806782
1002458,SA35 PETRONAS SEKSYEN 7,3.075333,101.493305,rapidbus_kl,,0.40560456114119026,4730.009765625,8.461893939806782
1001556,SA36 HOSPITAL SHAH ALAM (OPP),3.070554,101.491641,rapidbus_kl,,0.32701473762728683,5134.0478515625,8.54384444102664
1008163,SA788 UITM SHAH ALAM (BARAT),3.068427,101.491554,rapidbus_kl,,0.4025764734396546,5134.0478515625,8.54384444102664
1002232,SA263 WISMA TAMING SARI UITM,3.065559,101.495098,rapidbus_kl,,0.3906636809800772,5425.4677734375,8.599043699130299
1009247,SA264 KOLEJ PERINDU,3.066089,101.501251,rapidbus_kl,,0.4822452844484948,5799.24853515625,8.665656046505447
1001595,SA265 KOLEJ CEMPAKA,3.067325,101.501884,rapidbus_kl,,0.3624022589218309,6310.1181640625,8.750068144917513
1001605,SA266 KOLEJ SEROJA,3.067819,101.505616,rapidbus_kl,,0.41629874285402324,6310.1181640625,8.750068144917513
1000660,SA268 FAKULTI SAINS,3.071291,101.500812,rapidbus_kl,,0.25305998329054863,6310.1181640625,8.750068144917513
1001594,SA269 FAKULTI SAINS KOMPUTER,3.072465,101.499726,rapidbus_kl,,0.4211262779673032,6310.1181640625,8.750068144917513
1002667,SA271 DATARAN CENDEKIA,3.070673,101.496983,rapidbus_kl,,0.2680091839108556,5134.0478515625,8.54384444102664
1000656,SA272 PUSAT KESIHATAN UITM,3.068102,101.493183,rapidbus_kl,,0.3006952370425786,5134.0478515625,8.54384444102664
1001025,SA38 UITM SHAH ALAM (BARAT),3.0684281682022,101.4911058313,rapidbus_kl,,0.4449257439883215,5134.0478515625,8.54384444102664
1006015,SA39 HOSPITAL SHAH ALAM,3.0727,101.49166666667,rapidbus_kl,,0.41146549583502967,5134.0478515625,8.54384444102664
1002456,SA40 TASIK SEKSYEN 7,3.075836,101.493231,rapidbus_kl,,0.35712443747111805,4730.009765625,8.461893939806782
1002459,SA41 UNISEL (OPP),3.077472,101.494058,rapidbus_kl,,0.15361596895312543,4730.009765625,8.461893939806782
1004173,SA11 UNISEL (OPP),3.078164626069,101.49642595216,rapidbus_kl,,0.2147471328235967,4730.009765625,8.461893939806782
1002126,SA12 APARTMENT BAIDURI (OPP),3.0734091801059,101.501787709,rapidbus_kl,,0.355545134945415,6310.1181640625,8.750068144917513
1004165,SA13 UITM PINTU UTAMA (OPP),3.0716639153868,101.5037935867,rapidbus_kl,,0.1694625598173786,6310.1181640625,8.750068144917513
1008076,SHAH ALAM WALK,3.073295,101.516828,rapidbus_kl,,0.44271186462375306,4547.896484375,8.422639951623026
1000395,SA914 JEJANTAS PETRON BT 3,3.0735089041891,101.54853587064,rapidbus_kl,,0.5575461517167489,6622.10791015625,8.798320011596433
1000392,SA916 SPG BT 3 KE KL,3.075421856924,101.55598314485,rapidbus_kl,,0.5029212645448762,4588.93896484375,8.431622005546517
1003554,SA918 ISOLA RESIDENCE (OPP),3.0827360042424,101.58028336598,rapidbus_kl,,0.5152734170207265,7502.94140625,8.92318368232002
1000388,PJ605 BT 10/MENTARI COURT (OPP),3.0834860825516,101.60729171619,rapidbus_kl,,0.5942545839313916,7328.16455078125,8.899616811683803
1002063,PJ611 KTM SETIA JAYA (OPP),3.083955190297,101.61260155183,rapidbus_kl,,0.3788625161465397,7328.16455078125,8.899616811683803
1003173,PJ601 PLAZA SERI SETIA,3.0845601901256,101.61833988511,rapidbus_kl,,0.3126918184429539,8609.7138671875,9.060762505388707
1001734,PJ599 HIGHWAY CENTER,3.0919462531599,101.63208087033,rapidbus_kl,,0.6022874841024674,5945.77783203125,8.690604811018392
1000671,PJ442 FINAS,3.109654,101.643371,rapidbus_kl,,0.301809166920692,6337.9013671875,8.754460746482959
1002620,PJ597 PPUM FEDERAL,3.110181,101.652903,rapidbus_kl,,0.2115565463143203,6474.47802734375,8.775777710459483
1004178,KL1110 STADIUM HOKI KL,3.118467,101.665014,rapidbus_kl,,0.4708506884256215,7516.390625,8.924974365372073
1001575,KL1113 BALAI ISLAM TNB,3.1183379924799,101.67225279065,rapidbus_kl,,0.3759095926510398,7703.421875,8.949549712492678
1004098,KL1114 HQ TNB,3.120784,101.673917,rapidbus_kl,,0.4459119183856328,5935.74609375,8.688916466596845
1002106,KL1115 APARTMENT PUTRA RIA (OPP),3.1233380951033,101.67633743443,rapidbus_kl,,0.3691092299604192,5935.74609375,8.688916466596845
1003609,KL1075 SUASANA SENTRAL LOFT,3.130377,101.684025,rapidbus_kl,,0.3061519927733834,5574.7548828125,8.62618299215068
1004348,(M) PASAR SENI (PLATFORM B3 - B4),3.1424,101.695304,rapidbus_kl,,0.3448802750163588,6919.0,8.842171048611716
1003335,SK BRICKFIELDS 2,3.1307549061485,101.68823724022,rapidbus_kl,,0.31367594193645104,5574.7548828125,8.62618299215068
1001870,SA329 MELEWAR,3.072020407318,101.54825572318,rapidbus_kl,,0.4450852274896411,6622.10791015625,8.798320011596433
1000884,SA330 GOOD YEAR,3.0663936874059,101.54415471163,rapidbus_kl,,0.4498763006537429,6622.10791015625,8.798320011596433
1003084,SA332 KOMERSIAL SEKSYEN 15,3.0646692061697,101.5392065515,rapidbus_kl,,0.43642125049336494,6522.19775390625,8.783119987741017
1001318,SA333 MEDAN SELERA SEKSYEN 15,3.06453,101.5371,rapidbus_kl,,0.2879569247231932,6522.19775390625,8.783119987741017
1000098,SA334 DATARAN OTOMOBIL (TIMUR),3.0642308726001,101.53277382575,rapidbus_kl,,0.4538283508135488,6522.19775390625,8.783119987741017
1000670,SA335 KOMPLEKS FELDA,3.0629043501761,101.52477526271,rapidbus_kl,,0.36051045892759276,6444.47021484375,8.771132870794792
1006021,SA933 BALAI POLIS SHAH ALAM (OPP),3.0596833333333,101.52193333333,rapidbus_kl,,0.373282855365877,6101.36669921875,8.716431958393759
1003090,SA934 SMK SEKSYEN 18 (OPP),3.0518101114951,101.52435336625,rapidbus_kl,,0.4506099910706718,6507.72998046875,8.780899628684978
1003091,SA935 SEKYEN 19 (UTARA),3.0491676178905,101.52511848214,rapidbus_kl,,0.5200509681474812,5746.36962890625,8.65649757328416
1000734,SA425 SEKSYEN 23 (BARAT),3.0485635236283,101.52802579656,rapidbus_kl,,0.35010418620268524,5746.36962890625,8.65649757328416
1002229,SA454 SEKSYEN 19 (SELATAN),3.0486761746484,101.53037420389,rapidbus_kl,,0.45369008472368333,5746.36962890625,8.65649757328416
1002939,SA406 SMK TAMAN SRI MUDA (TIMUR),3.025614219765,101.54145433917,rapidbus_kl,,0.4922202941607407,4177.54052734375,8.337717308411747
1002579,SA423 SEKSYEN 19 (SELATAN),3.0484295998569,101.5301843593,rapidbus_kl,,0.4191072635554563,5746.36962890625,8.65649757328416
1003085,SA936 PERUMAHAN SEKSYEN 18,3.0491453477665,101.52477282481,rapidbus_kl,,0.5419534612205928,5746.36962890625,8.65649757328416
1003092,SA937 SMK SEKSYEN 18,3.0514617127451,101.52414670748,rapidbus_kl,,0.4898444591547866,6507.72998046875,8.780899628684978
1000209,SA938 BALAI POLIS SEKSYEN 15,3.0596818439679,101.52167521309,rapidbus_kl,,0.35396363636174005,6101.36669921875,8.716431958393759
1000183,SA379 DATARAN OTOMOBIL,3.0632816863432,101.52574738906,rapidbus_kl,,0.2752205243325326,6444.47021484375,8.771132870794792
1002088,SA380 NAZA WAREHOUSE (OPP),3.0640297179382,101.53036775848,rapidbus_kl,,0.34774485310280784,6444.47021484375,8.771132870794792
1001473,SA382 PERINDUSTRIAN SEKSYEN 15,3.064917067079,101.53874917958,rapidbus_kl,,0.41988378876595633,6522.19775390625,8.783119987741017
1001423,SA134 SEKSYEN 26 (BARAT),3.037322,101.550641,rapidbus_kl,,0.25403103944648237,6324.17431640625,8.75229287312208
1002513,SA135 KG BARU HICOM,3.036661,101.552948,rapidbus_kl,,0.047114863751454614,6324.17431640625,8.75229287312208
1000431,SA93 FLAT TAMAN BUNGA RAYA (BARAT),3.017882,101.560618,rapidbus_kl,,0.2904580847652095,5916.13720703125,8.685608031022216
1000169,SA96 HICOM INDUSTRIAL,3.013161,101.560615,rapidbus_kl,,0.1389961872762989,6571.23876953125,8.790609809831832
1000304,SA100 BHP ALAM MEGAH (OPP),3.0097239567949,101.5626914035,rapidbus_kl,,0.3073614489848421,6571.23876953125,8.790609809831832
1002931,SA103 TAMAN REKREASI ALAM MEGAH,3.0080346522118,101.56458353826,rapidbus_kl,,0.5828763170897041,6571.23876953125,8.790609809831832
1006549,SA104 SK TAMAN ALAM MEGAH (OPP),3.006656,101.565798,rapidbus_kl,,0.53013382177045,4364.13818359375,8.381405124953323
1004107,SA70 SMK ALAM MEGAH 2,3.003917,101.565313,rapidbus_kl,,0.45158919514522755,5890.06689453125,8.681192396835122
1006103,SA71 FLAT TAMAN ALAM MEGAH,3.003814,101.563061,rapidbus_kl,,0.20126631000678305,5890.06689453125,8.681192396835122
1000064,SA72 TAMAN ALAM MEGAH (SELATAN),3.003839,101.561253,rapidbus_kl,,0.009881895332647776,5890.06689453125,8.681192396835122
1000644,SJ522 PANGSAPURI SRI MUTIARA (OPP),2.994443,101.561186,rapidbus_kl,,0.10851853041555275,5398.896484375,8.594135062808443
1002690,SJ523 KOMERSIAL PUTRA HEIGHTS (OPP),2.991568,101.561166,rapidbus_kl,,0.42807453999917283,5398.896484375,8.594135062808443
1002103,SJ524 TAMAN PUTRA PERMAI SEKSYEN 9,2.990269,101.563929,rapidbus_kl,,0.4625879187910698,3422.57958984375,8.138441946383114
1000231,SJ531 GIANT PUTRA HEIGHTS (OPP),2.990248,101.572408,rapidbus_kl,,0.4714082858405626,3874.448486328125,8.262416673497533
1006550,SJ705 LRT PUTRA HEIGHT,2.995283,101.575734,rapidbus_kl,,0.24278269784766068,3800.58447265625,8.243173225296594
1006510,SJ518 GIANT PUTRA HEIGHTS,2.989968,101.572613,rapidbus_kl,,0.46484928471160086,3874.448486328125,8.262416673497533
1006511,SJ519 TAMAN PUTRA PERMAI SEKSYEN 10,2.989953,101.564102,rapidbus_kl,,0.449589458210239,3422.57958984375,8.138441946383114
1000709,SJ520 KOMERSIAL PUTRA HEIGHTS,2.991562,101.560907,rapidbus_kl,,0.43032600690709705,5398.896484375,8.594135062808443
1000708,SJ521 PANGSAPURI SRI MUTIARA,2.994181,101.560901,rapidbus_kl,,0.14276956429067253,5398.896484375,8.594135062808443
1000063,SA77 TAMAN ALAM MEGAH (SELATAN),3.004108,101.561252,rapidbus_kl,,0.03978702525976477,5890.06689453125,8.681192396835122
1000737,SA78 FLAT TAMAN ALAM MEGAH,3.0040748096969,101.56364617404,rapidbus_kl,,0.2685569509012605,5890.06689453125,8.681192396835122
1003281,SA80 SK TAMAN ALAM MEGAH,3.0063060959548,101.56588768468,rapidbus_kl,,0.49914017229248,4364.13818359375,8.381405124953323
1006104,SA81 TAMAN REKREASI ALAM MEGAH,3.008067,101.564309,rapidbus_kl,,0.5611388518642383,6571.23876953125,8.790609809831832
1000303,SA83 BHP ALAM MEGAH,3.0094254920673,101.56151920393,rapidbus_kl,,0.29707235164073487,6571.23876953125,8.790609809831832
1001202,SA86 TAMAN ALAM MEGAH,3.0114800329119,101.56033284097,rapidbus_kl,,0.12192675075003073,6571.23876953125,8.790609809831832
1006577,SA87 HICOM INDUSTRIAL (TIMUR),3.013682,101.560309,rapidbus_kl,,0.20615809431468726,6571.23876953125,8.790609809831832
1001196,SA89 KOBAKIN,3.0164495299106,101.56031059654,rapidbus_kl,,0.45330190659777964,5916.13720703125,8.685608031022216
1004095,SA90 CLARIANT,3.0181558725758,101.56033352203,rapidbus_kl,,0.2712096312129165,5916.13720703125,8.685608031022216
1002390,(M) SA91 SEKSYEN 26 (SELATAN),3.0238781432019,101.56151412936,rapidbus_kl,,0.3859961955392924,5916.13720703125,8.685608031022216
1001094,SA51 FLAT PROTON (BARAT),3.0236288779962,101.5665102546,rapidbus_kl,,0.4939382555662397,6540.72802734375,8.785956633914623
1001424,SA125 KG BARU HICOM,3.036568,101.551422,rapidbus_kl,,0.175545398293811,6324.17431640625,8.75229287312208
1000594,DUSUN,3.2148514371484,101.4422766736,rapidbus_kl,,0.4003553300004201,691.3412475585938,6.540078966377997
1003443,SPG FELDA BKT CHERAKAH,3.2012830773167,101.43840573021,rapidbus_kl,,0.3640853671553603,706.556396484375,6.561817338685939
1004057,TMN SRI JAYA/SURAU,3.1899161087807,101.4333455986,rapidbus_kl,,0.4507261762142341,455.7952270507813,6.1242352096243
1001251,KEDAI A/COND (OPP),3.185122841313,101.43364303644,rapidbus_kl,,0.36232322267284645,455.7952270507813,6.1242352096243
1002302,PDG BKT CHERAKAH,3.1763786811246,101.43453536885,rapidbus_kl,,0.3252076352788347,570.9052734375,6.3489733717871335
1003496,SPG JLN REBUNG,3.1714848097688,101.43501490102,rapidbus_kl,,0.18136520929823624,1172.5667724609375,7.067802913937285
1003513,SPG KG/SEK UGAMA,3.1670067393269,101.43551235216,rapidbus_kl,,0.3879222569109105,1172.5667724609375,7.067802913937285
1001112,JLN ISKANDAR/SURAU,3.1613156497938,101.43615820796,rapidbus_kl,,0.08598496356196941,1960.3583984375,7.58139257259639
1000399,BT 7 1/2~KLINIK ANUR,3.1509463975748,101.4375598591,rapidbus_kl,,0.34403732358633465,2432.0126953125,7.796885560736412
1004006,TAMAN MERU/REST MAIMUN,3.1461038924472,101.43820311329,rapidbus_kl,,0.22995352200167563,2667.599609375,7.889309122930059
1003384,SMK MERU,3.1397620183958,101.4390489305,rapidbus_kl,,0.4304701135142494,3501.4619140625,8.161221404222704
1002378,BSN PEKAN MERU,3.1332519356789,101.43989998262,rapidbus_kl,,0.5880360730602929,3501.4619140625,8.161221404222704
1001528,KLINIK FITRAH,3.1304910959162,101.44020133771,rapidbus_kl,,0.4795632587196777,3271.75537109375,8.093387530214999
1001374,KEDAI YAMAHA,3.1289242059819,101.44040118999,rapidbus_kl,,0.46135293882356704,3271.75537109375,8.093387530214999
1000978,HYRAX OIL,3.1234604922344,101.44101399812,rapidbus_kl,,0.5211146288396984,3582.0927734375,8.183981609639993
1001493,KILANG KOMPONEN,3.1197726835588,101.44124891565,rapidbus_kl,,0.37704333937382845,3582.0927734375,8.183981609639993
1000069,PROTON,3.1137116204992,101.44168551643,rapidbus_kl,,0.36914347486213456,3393.138916015625,8.129805374837423
1001514,KLANG SENTRAL,3.1093018865614,101.4374588484,rapidbus_kl,,0.33718822647444335,2842.62939453125,7.952836471085615
1006610,GIANT KLANG SENTRAL,3.106533,101.440758,rapidbus_kl,,0.5254620360075863,2919.551513671875,7.979527751972939
1003189,MAYBANK SETIA ALAM,3.102432762302,101.44266248694,rapidbus_kl,,0.25870340642541134,2919.551513671875,7.979527751972939
1006606,SA825 SETIA AVENUE (UTARA),3.108273,101.446044,rapidbus_kl,,0.45370441756637636,3393.138916015625,8.129805374837423
1006604,SA820 SETIA CITY MALL,3.108275,101.460627,rapidbus_kl,,0.42909398206124894,3122.969970703125,8.046859898462392
1006592,DEWAN SRI GADING,3.100367,101.465542,rapidbus_kl,,0.585516726339375,3629.6337890625,8.1971625095564
1006593,SA785 DAMAI 15 RESIDENCE,3.097073,101.462381,rapidbus_kl,,0.22292062356242778,3646.759521484375,8.20186842837563
1006594,PANGSAPURI SEMARAK,3.094706,101.460604,rapidbus_kl,,0.1067074137216822,3646.759521484375,8.20186842837563
1006595,SA798 SMK SETIA ALAM,3.094599,101.45717,rapidbus_kl,,0.46200867868119255,3646.759521484375,8.20186842837563
1006596,SA799 SK SETIA ALAM,3.094644,101.454304,rapidbus_kl,,0.17642852055787514,2942.374267578125,7.987311912277625
1006600,DATARAN SETIA PRIMA,3.094069,101.445266,rapidbus_kl,,0.16797215398782064,2228.975341796875,7.7097458069028395
1000242,BDR BKT RAJA,3.0889279986881,101.44504833276,rapidbus_kl,,0.211505391493206,2663.344970703125,7.887713516783898
1000244,BDR BKT RAJA/JOTUN,3.0845677626079,101.44625300471,rapidbus_kl,,0.3356192283023336,2663.344970703125,7.887713516783898
1001345,KEDAI PSM,3.0800963976163,101.44752807055,rapidbus_kl,,0.3596435503830497,3347.700439453125,8.116327621033923
1001297,BD190 MUTIARA BUKIT RAJA,3.075432,101.448896,rapidbus_kl,,0.5791369523360311,2017.5732421875,7.610146225088001
1002428,PERS BKT RAJA,3.0645293765524,101.47200490899,rapidbus_kl,,0.382474430950153,4236.01025390625,8.351613170710072
1003833,TAMCO,3.0661158582544,101.47549406164,rapidbus_kl,,0.5228530118679677,4088.6328125,8.316210468111795
1000335,SA283 MASJID SEKSYEN 7,3.070857,101.481785,rapidbus_kl,,0.4323443074244185,4319.17236328125,8.371050579349912
1000266,SA285 PANGSAPURI NILAM SARI (OPP),3.074961,101.487219,rapidbus_kl,,0.4348704512021197,3877.1318359375,8.263108831082796
1003855,SA300 TASIK SEKSYEN 7,3.075552,101.490161,rapidbus_kl,,0.5613237462054599,3877.1318359375,8.263108831082796
1000333,SA301 PANGSAPURI NILAM SARI,3.075098,101.490009,rapidbus_kl,,0.5823775632698537,3877.1318359375,8.263108831082796
1000331,SA302 PANGSAPURI NILAM SARI (UTARA),3.0746018567432,101.48718981095,rapidbus_kl,,0.47293995338230227,3877.1318359375,8.263108831082796
1003315,SA303 SK SEKSYEN 7 (UTARA),3.0729698842367,101.48506489209,rapidbus_kl,,0.3128797238208345,4775.15234375,8.471390552333816
1000336,SA310 MASJID SEKSYEN 7 (OPP),3.070612,101.481918,rapidbus_kl,,0.4448625487460973,4319.17236328125,8.371050579349912
1000325,SA311 PANGSAPURI PKNS SEKSYEN 7 (BARAT),3.0690223949782,101.48118951544,rapidbus_kl,,0.3951401235105995,4319.17236328125,8.371050579349912
1000691,SA312 PANGSAPURI PKNS SEKSYEN 7 (SELATAN),3.067552,101.483797,rapidbus_kl,,0.41909512463826787,4775.15234375,8.471390552333816
1003096,MIDLANDS CONVENTION CENTRE,3.067597,101.487577,rapidbus_kl,,0.34646710368779965,4775.15234375,8.471390552333816
1001026,SA316 KOMERSIAL SEKSYEN 7 (UTARA),3.067662,101.489845,rapidbus_kl,,0.5031993653944774,4775.15234375,8.471390552333816
1008214,SA865 PUSAT KOMERSIAL SEKSYEN 7 (TIMUR),3.066674,101.491487,rapidbus_kl,,0.5397981525654163,5134.0478515625,8.54384444102664
1001210,JUSCO,3.0638130280901,101.47202582697,rapidbus_kl,,0.33250512662229964,4236.01025390625,8.351613170710072
1003059,BD145 MUTIARA BUKIT RAJA,3.075351,101.448611,rapidbus_kl,,0.5855766930352863,3347.700439453125,8.116327621033923
1003025,RUMAH TERES,3.0803488254956,101.44715632192,rapidbus_kl,,0.33651506239173157,3347.700439453125,8.116327621033923
1000243,BDR BKT RAJA,3.0858185234795,101.44560139565,rapidbus_kl,,0.18048150276049776,2663.344970703125,7.887713516783898
1000245,BDR ELLIS,3.0894485022433,101.44454655852,rapidbus_kl,,0.26300419496312416,2663.344970703125,7.887713516783898
1003188,MAYBANK SETIA ALAM (OPP),3.1016067455821,101.44236284459,rapidbus_kl,,0.3428835886835273,2919.551513671875,7.979527751972939
1006609,GIANT KLANG SENTRAL (OPP),3.106302,101.440644,rapidbus_kl,,0.5213302504421976,2919.551513671875,7.979527751972939
1006703,(M) SA821 SETIA CITY MALL,3.108084,101.46054,rapidbus_kl,,0.45165236059229447,3122.969970703125,8.046859898462392
1000068,PROTON (OPP),3.1134794290864,101.44136018059,rapidbus_kl,,0.39004043769607544,3393.138916015625,8.129805374837423
1003218,SHELL,3.1190235234489,101.44107169953,rapidbus_kl,,0.4195111172407479,3582.0927734375,8.183981609639993
1000814,FUTSAL,3.1263904263026,101.44043468936,rapidbus_kl,,0.5300774595993094,3615.2939453125,8.193205008394179
1001373,KEDAI YAMAHA,3.1279722526513,101.44027659633,rapidbus_kl,,0.4554046942838242,3271.75537109375,8.093387530214999
1000292,BHP,3.1297151116215,101.44005031291,rapidbus_kl,,0.4354157978499728,3271.75537109375,8.093387530214999
1001936,MASJID MERU,3.1348299672687,101.43935227522,rapidbus_kl,,0.4259837563638474,3501.4619140625,8.161221404222704
1003318,SK SG BINJAI,3.137518097912,101.43892723284,rapidbus_kl,,0.30119390085381015,3501.4619140625,8.161221404222704
1003122,SMK MERU (OPP),3.1387214810681,101.43885087517,rapidbus_kl,,0.3414466750737867,3501.4619140625,8.161221404222704
1004035,TMN PUTRA,3.141321303192,101.43856306439,rapidbus_kl,,0.5228478619264899,2667.599609375,7.889309122930059
1000398,BT 7 1/2~KLINIK ANUR,3.1511127497012,101.43718315581,rapidbus_kl,,0.3110476840961318,2432.0126953125,7.796885560736412
1003982,TMN ISKANDAR/SURAU,3.1610775262436,101.43582129823,rapidbus_kl,,0.12155020784293524,1960.3583984375,7.58139257259639
1003103,SEK AGAMA,3.1670299972394,101.4351776951,rapidbus_kl,,0.3949584433455643,1172.5667724609375,7.067802913937285
1001915,MASJID,3.1697549016181,101.4348917173,rapidbus_kl,,0.16776845506628457,1172.5667724609375,7.067802913937285
1002319,PDG,3.1765238647042,101.43421311831,rapidbus_kl,,0.3352684350584718,570.9052734375,6.3489733717871335
1001250,KEDAI A/COND,3.1855683004868,101.43327977911,rapidbus_kl,,0.3702729453927929,455.7952270507813,6.1242352096243
1004056,TMN SRI JAYA/SURAU,3.1896234450483,101.43303287474,rapidbus_kl,,0.4553093374110762,455.7952270507813,6.1242352096243
1000257,BENGKEL KERETA BKT CHERAKAH,3.2010524260599,101.43788829305,rapidbus_kl,,0.35083485985792057,706.556396484375,6.561817338685939
1000593,DUSUN,3.2148343734843,101.44185552726,rapidbus_kl,,0.4304055769697913,691.3412475585938,6.540078966377997
1003272,SA500 TTDI JAYAMAS 1,3.099764,101.557362,rapidbus_kl,,0.6186972690380669,3303.96875,8.103182296870434
1003334,SA501 TAMAN TTDI JAYA (UTARA),3.104289,101.558538,rapidbus_kl,,0.30697761982857574,3303.96875,8.103182296870434
1003555,SA519 SUNWAY KAYANGAN,3.126252,101.518945,rapidbus_kl,,0.28667441121919557,3220.963623046875,8.077746273495306
1001305,"SA531 KOLEJ JASMINE, UITM PUNCAK PERDANA (OPP)",3.131544,101.494232,rapidbus_kl,,0.31309106200668824,2948.227783203125,7.989298646660816
1000850,SA532 UITM PUNCAK PERDANA (BARAT),3.132841,101.491766,rapidbus_kl,,0.5520261461510838,2948.227783203125,7.989298646660816
1003705,SK PUNCAK PERDANA/CASA SURIA,3.141819,101.497592,rapidbus_kl,,0.5212163499965865,1556.9591064453125,7.351131978618516
1003693,DEWAN BAIDURI MBSA SUNWAY ALAM SURIA,3.138292,101.499047,rapidbus_kl,,0.45012409187553776,2906.985107421875,7.975215717396099
1003694,VILLA SURIA,3.136684,101.498108,rapidbus_kl,,0.3938949356213737,3659.122802734375,8.2052519784922
1003706,SA541 SUNWAY KAYANGAN,3.126772,101.518996,rapidbus_kl,,0.2294154586825416,3220.963623046875,8.077746273495306
1003707,PERUMAHAN SUNWAY KAYANGAN,3.129206,101.518539,rapidbus_kl,,0.12650441109114538,3220.963623046875,8.077746273495306
1003074,PANGSAPURI SUNWAY SINAR,3.131085,101.514359,rapidbus_kl,,0.43195804684891453,1590.88818359375,7.372676127501547
1000908,SA512 TAMAN TTDI JAYA (UTARA),3.104206,101.558827,rapidbus_kl,,0.2737194718325663,3303.96875,8.103182296870434
1003273,SA513 TTDI JAYAMAS 1,3.099505,101.557621,rapidbus_kl,,0.6074257351407538,6052.4111328125,8.70837721574145
1002297,(M) KL2213 PASAR SENI (PLATFORM B5),3.142408,101.695313,rapidbus_kl,,0.3442489892050787,6919.0,8.842171048611716
1002696,PJ580 BHP SUNWAY MENTARI,3.078422,101.613815,rapidbus_kl,,0.2871754614842484,7240.58544921875,8.887595446104836
1001613,SJ65 KOMPLEKS 3K,3.0694781431665,101.59336344858,rapidbus_kl,,0.1709684986647277,7115.42236328125,8.870160401054875
1003080,SJ686 SEGI COLLEGE,3.0612070930232,101.59310291449,rapidbus_kl,,0.19105989944536242,6978.5068359375,8.850733539383166
1003703,SJ66 SUMMIT USJ,3.0597607939315,101.59255011466,rapidbus_kl,,0.3430085152078102,6978.5068359375,8.850733539383166
1000982,SJ36 USJ 10 TAIPAN (BARAT),3.048475,101.582982,rapidbus_kl,,0.4972699596149918,7275.4111328125,8.892393043375964
1003236,SJ37 USJ 9 (BARAT),3.043187,101.582999,rapidbus_kl,,0.4379006657271644,7275.4111328125,8.892393043375964
1004187,SJ28 USJ 9 (SELATAN),3.039514,101.584697,rapidbus_kl,,0.32056176207413295,6713.45947265625,8.812018610208279
1004184,SJ629 TAMAN PERINDUSTRIAN USJ1,3.048568,101.605762,rapidbus_kl,,0.4718251996752317,6985.5234375,8.851738349198909
1003291,SJ630 SJKC CHEE WEN (OPP),3.049619,101.602492,rapidbus_kl,,0.4617771992543566,7789.23583984375,8.960626413097636
1001938,SJ537 IPD SUBANG JAYA (OPP),3.045879,101.588305,rapidbus_kl,,0.2339403848196269,7275.4111328125,8.892393043375964
1006025,SJ546 LRT TAIPAN,3.0482,101.59038333333,rapidbus_kl,,0.5535821214431286,7275.4111328125,8.892393043375964
1006026,SJ692 BRT USJ 7,3.05345,101.5918,rapidbus_kl,,0.31080689514379983,6813.64208984375,8.826828824753532
1002508,SJ633 DA MEN MALL (OPP),3.058043,101.591806,rapidbus_kl,,0.5449149806372688,6978.5068359375,8.850733539383166
1003702,SJ634 SUMMIT USJ (OPP),3.059654,101.592127,rapidbus_kl,,0.3838567289215111,6978.5068359375,8.850733539383166
1002110,SJ695 FLAT SS13 (OPP),3.066269,101.592863,rapidbus_kl,,0.4991954116898231,7115.42236328125,8.870160401054875
1001758,SJ636 KOMPLEKS 3K (OPP),3.069686,101.592848,rapidbus_kl,,0.2090799991498359,7115.42236328125,8.870160401054875
1002624,PJ178 BRT MENTARI,3.076421,101.610095,rapidbus_kl,,0.28898737201627067,7240.58544921875,8.887595446104836
1008663,PJ179 SUNWAY MENTARI (BARAT),3.076606,101.611625,rapidbus_kl,,0.24203958350242955,7240.58544921875,8.887595446104836
1008664,PJ180 SUNWAY MENTARI (TIMUR),3.076579,101.613017,rapidbus_kl,,0.31112267394998616,7240.58544921875,8.887595446104836
1002065,(M) PJ560 ICON CITY,3.084379,101.614769,rapidbus_kl,,0.4930930549490001,7328.16455078125,8.899616811683803
1002922,SJ29 USJ 9 (SELATAN),3.039213,101.585062,rapidbus_kl,,0.27103052349829854,6713.45947265625,8.812018610208279
1003586,SJ30 ARCADIA APARTMENT (OPP),3.039745,101.577517,rapidbus_kl,,0.29924460871612246,7490.37158203125,8.921507181513043
1007719,SJ33 SMK USJ 12,3.043436,101.575196,rapidbus_kl,,0.37383355284120323,7521.45361328125,8.925647642088544
1002953,SJ34 USJ 11 (USJ 4/9),3.0470956032656,101.57615271307,rapidbus_kl,,0.27053818753106795,7521.45361328125,8.925647642088544
1004186,SJ40 USJ 5 (UTARA),3.056622,101.577414,rapidbus_kl,,0.3241637624686694,7190.70361328125,8.88068336469066
1002885,SJ41 PERUMAHAN USJ 3,3.0595845142612,101.57946916498,rapidbus_kl,,0.3270278799156739,7506.51416015625,8.923659685990405
1000787,(M) SJ45 PANGSAPURI SS19,3.067757044987,101.58007828518,rapidbus_kl,,0.3809221737537647,7894.86865234375,8.974094946266721
1002512,SJ51 BALAI BOMBA SS17 (SELATAN),3.0734869221947,101.58391769032,rapidbus_kl,,0.42846109559451667,7606.48095703125,8.936887378584457
1006525,SJ52 LRT SS15,3.076001,101.585977,rapidbus_kl,,0.30719133341401056,7701.61328125,8.9493149374383
1002947,SJ698 FIRST SUBANG,3.079366,101.585067,rapidbus_kl,,0.14809124736062942,7701.61328125,8.9493149374383
1003696,SJ59 SUBANG PARADE,3.081309,101.585004,rapidbus_kl,,0.316359592411077,7701.61328125,8.9493149374383
1000846,SJ697 INTI SUBANG JAYA (OPP),3.072972,101.592328,rapidbus_kl,,0.3786979904037071,7115.42236328125,8.870160401054875
1000617,SJ53 LRT SS15,3.076573,101.586316,rapidbus_kl,,0.24220519134689295,7701.61328125,8.9493149374383
1003086,SJ592 BALAI BOMBA SS17 (OPP),3.072939,101.584061,rapidbus_kl,,0.37108833318753626,7606.48095703125,8.936887378584457
1003666,SJ17 SS18,3.066983,101.580314,rapidbus_kl,,0.46548098713897973,7894.86865234375,8.974094946266721
1003587,SJ18 USJ 2,3.059481,101.579814,rapidbus_kl,,0.3579761201426814,7506.51416015625,8.923659685990405
1003780,SJ20 USJ 5 (SELATAN),3.053656,101.576694,rapidbus_kl,,0.13612095584712947,7190.70361328125,8.88068336469066
1001503,SJ25 USJ 11 PARK,3.0473865543074,101.57655345233,rapidbus_kl,,0.26621192409762207,7521.45361328125,8.925647642088544
1007718,SJ26 SMK USJ 12 (OPP),3.043682,101.575685,rapidbus_kl,,0.314000598294636,7521.45361328125,8.925647642088544
1000159,SJ27 ARCADIA APARTMENT,3.039971,101.577693,rapidbus_kl,,0.3220279813055446,7490.37158203125,8.921507181513043
1004344,(M) KL2212 PASAR SENI (PLATFORM D1 - D6),3.141834,101.695246,rapidbus_kl,,0.4051406785210093,6919.0,8.842171048611716
1008324,(M) PJ610 LRT ARA DAMANSARA (OPP),3.107109,101.585532,rapidbus_kl,,0.3818865248130759,6178.728515625,8.72902961997629
1003068,PJ608 DATARAN PHB,3.108999,101.582599,rapidbus_kl,,0.5309716115375993,6796.74755859375,8.82434659490838
1006589,SA908 OASIS ARA DAMANSARA (SELATAN),3.112881,101.571694,rapidbus_kl,,0.2506059860850318,3972.7822265625,8.287473622053719
1006523,SA906 BULATAN SUBANG AIRPORT,3.116964,101.563837,rapidbus_kl,,0.47952026635048256,3458.228271484375,8.148800800250406
1000104,SA899 AEROTREE,3.1243614699695,101.55938979012,rapidbus_kl,,0.48479699367780915,3458.228271484375,8.148800800250406
1003889,SA901 SUBANG SKYPARK,3.1311661554082,101.55533657899,rapidbus_kl,,0.37997590814156573,4099.93603515625,8.318970527893255
1007346,SA921 KG BARU SUBANG (SELATAN),3.138994,101.552405,rapidbus_kl,,0.2198883679584769,3733.66943359375,8.2254145885882
1002726,SA604 U5 (SELATAN),3.140191,101.546844,rapidbus_kl,,0.42710230244281655,3887.6171875,8.265808894623156
1001421,SA603 U5 (BARAT),3.146088,101.543611,rapidbus_kl,,0.1312028046317764,4743.96142578125,8.464838581565516
1003697,SA654 KOMERSIAL SUBANG PERDANA,3.149544,101.543415,rapidbus_kl,,0.47688554311433645,4743.96142578125,8.464838581565516
1002047,SA655 PEKAN BARU SUBANG,3.145205,101.538202,rapidbus_kl,,0.21804573176097192,6197.00048828125,8.731982017128145
1002383,SA656 KG MELAYU SUBANG (SELATAN),3.144174,101.536324,rapidbus_kl,,0.1384464311655768,6197.00048828125,8.731982017128145
1006785,SJKC SUBANG,3.142784,101.534938,rapidbus_kl,,0.3269790433119912,6197.00048828125,8.731982017128145
1002025,SA661 KG MELAYU SUBANG (BARAT),3.148488,101.530508,rapidbus_kl,,0.4465650964363267,5485.095703125,8.609972116318955
1001446,SA663 TAMAN SUBANG BARU,3.1525132249343,101.52914756618,rapidbus_kl,,0.19392573741820704,5026.79833984375,8.52273746147617
1004134,SA777 KG MELAYU SUBANG (UTARA),3.160127208192,101.53254664638,rapidbus_kl,,0.46512707794015473,7752.8818359375,8.955948879004298
1002581,SA690 APARTMENT JASMINE BLOK 4,3.163214,101.535467,rapidbus_kl,,0.15281009357534647,7752.8818359375,8.955948879004298
1008651,SA891 APARTMENT JASMIN (OPP),3.165103,101.534858,rapidbus_kl,,0.36959362291466386,7752.8818359375,8.955948879004298
1000062,SA691 KOMERSIAL PUTERI SUBANG,3.167557,101.533989,rapidbus_kl,,0.4051147315213465,8087.83984375,8.998240593557512
1004068,SA694 PERUMAHAN SUBANG GALAKSI,3.169365,101.534011,rapidbus_kl,,0.27468611902304224,8087.83984375,8.998240593557512
1003175,SA718 TAMAN SUBANG PELANGI (UTARA),3.174006,101.531931,rapidbus_kl,,0.5982928575204177,4090.84375,8.316750942080505
1002120,SA703 KOMERSIAL SUBANG U5,3.178706,101.535787,rapidbus_kl,,0.051594734162822425,8612.0927734375,9.061038740057937
1003699,SA721 APARTMENT SUBANG SURIA,3.184248,101.535235,rapidbus_kl,,0.3348141655754322,5439.53076171875,8.601631901583104
1002185,SA707 PANGSAPURI UTARID,3.182572,101.535168,rapidbus_kl,,0.4416058456904708,8612.0927734375,9.061038740057937
1002121,SA698 KOMERSIAL SUBANG U5,3.1786948145849,101.5359274709,rapidbus_kl,,0.03629081717412452,8612.0927734375,9.061038740057937
1002783,SA699 HAB BAS U5,3.177228,101.536335,rapidbus_kl,,0.16952557017248407,8612.0927734375,9.061038740057937
1002075,SA704 MUTIARA SUBANG,3.183078,101.535779,rapidbus_kl,,0.4484483821989821,5439.53076171875,8.601631901583104
1003176,SA723 TAMAN SUBANG PELANGI,3.174251,101.532089,rapidbus_kl,,0.6286029744166983,8087.83984375,8.998240593557512
1004069,SA686 PANGSAPURI SRI PELANGI,3.1690848350424,101.53428487918,rapidbus_kl,,0.2636665313503629,8087.83984375,8.998240593557512
1001522,SA687 TAMAN PUTERI SUBANG,3.167513,101.534259,rapidbus_kl,,0.3912861712822168,8087.83984375,8.998240593557512
1008650,SA688 APARTMENT JASMIN,3.165047,101.535131,rapidbus_kl,,0.3521498929531078,7752.8818359375,8.955948879004298
1002582,SA689 KOMERSIAL PINGGIRAN SUBANG,3.1625527984051,101.536002893,rapidbus_kl,,0.05893297959628981,7752.8818359375,8.955948879004298
1004133,SA749 KG MELAYU SUBANG (UTARA),3.159753,101.532064,rapidbus_kl,,0.5284123005577553,5612.86572265625,8.632994838334437
1001447,SA664 TAMAN SUBANG BARU,3.152921,101.529267,rapidbus_kl,,0.176043353260433,5026.79833984375,8.52273746147617
1001733,SA667 KG MELAYU SUBANG (BARAT),3.148669,101.530516,rapidbus_kl,,0.46269153228233845,5485.095703125,8.609972116318955
1002382,SA668 KG MELAYU SUBANG (SELATAN),3.144093,101.535883,rapidbus_kl,,0.15273027191986416,6197.00048828125,8.731982017128145
1002046,SA669 PEKAN BARU SUBANG,3.1454106605383,101.53798409554,rapidbus_kl,,0.1925772363496459,6197.00048828125,8.731982017128145
1003698,SA672 KOMERSIAL SUBANG PERDANA,3.149769,101.543583,rapidbus_kl,,0.45639740885937574,8066.15869140625,8.99555661641899
1008652,SA673 U5 (BARAT),3.145268,101.544585,rapidbus_kl,,0.016554146337595135,4743.96142578125,8.464838581565516
1002727,SA674 U5 (SELATAN),3.140041,101.547028,rapidbus_kl,,0.42643000427678635,3887.6171875,8.265808894623156
1007347,SA922 KG BARU SUBANG (SELATAN),3.138181,101.552859,rapidbus_kl,,0.12219893092917312,3733.66943359375,8.2254145885882
1008269,SA904 SUBANG SKYPARK TERMINAL (OPP),3.133476,101.554369,rapidbus_kl,,0.432351863130291,3733.66943359375,8.2254145885882
1003890,SA902 MALAYSIAN AIRLINE BERHAD,3.130825,101.555973,rapidbus_kl,,0.41037640592595004,4099.93603515625,8.318970527893255
1000105,SA900 AEROTREE (OPP),3.124724,101.559552,rapidbus_kl,,0.48575167118828744,3978.108642578125,8.288813114044663
1002473,SA905 PETRONAS SUBANG AIRPORT,3.1170923091616,101.56452590626,rapidbus_kl,,0.5186384852964829,3458.228271484375,8.148800800250406
1000157,SA907 OASIS ARA DAMANSARA (SELATAN),3.1139231503313,101.56986615583,rapidbus_kl,,0.2069596461249772,3972.7822265625,8.287473622053719
1003767,PJ607 OASIS RIO DAMANSARA/SYMPHONY,3.1093621466462,101.58280923832,rapidbus_kl,,0.4873228577115425,6796.74755859375,8.82434659490838
1006588,PJ609 LRT ARA DAMANSARA,3.107592,101.58608,rapidbus_kl,,0.4276041713490822,6178.728515625,8.72902961997629
1001907,PJ283 MASJID TUN ABDUL AZIZ,3.111807,101.633184,rapidbus_kl,,0.34176303204577896,6365.32958984375,8.758778379961429
1000419,PJ286 THE CREST (OPP),3.110708,101.630782,rapidbus_kl,,0.35303791224338116,7488.5634765625,8.921265793980094
1002881,PJ287 PERUMAHAN SEKSYEN 20 (TIMUR),3.110484,101.628414,rapidbus_kl,,0.18624710857445193,7488.5634765625,8.921265793980094
1002950,PJ288 PERUMAHAN SEKSYEN 20 (BARAT),3.109329,101.625887,rapidbus_kl,,0.3802352364960781,7488.5634765625,8.921265793980094
1006254,PJ346 PERUMAHAN SS2,3.117175,101.620643,rapidbus_kl,,0.37920677334613523,9036.0498046875,9.109088051083793
1002113,PJ67 OCBC,3.1330018226012,101.62049666244,rapidbus_kl,,0.46506485605132397,9804.263671875,9.190674629842052
1004277,PJ134 LAVELL GALLERY,3.135062,101.620776,rapidbus_kl,,0.2609105581275937,9804.263671875,9.190674629842052
1001837,PJ724 DAMANSARA UPTOWN (UTARA),3.137274,101.620646,rapidbus_kl,,0.11991516255721303,9804.263671875,9.190674629842052
1000297,(M) PJ208 BHP DAMANSARA UTAMA,3.1381528557811,101.62287967808,rapidbus_kl,,0.38485973306235755,9804.263671875,9.190674629842052
1002389,PJ383 PELANGI ASTANA,3.153593,101.603289,rapidbus_kl,,0.044922774734886255,7033.36083984375,8.858562111098847
1003240,PJ384 SHELL SUNWAY DAMANSARA,3.149862,101.600192,rapidbus_kl,,0.5276462533918486,7033.36083984375,8.858562111098847
1007091,PJ387 MRT SURIAN,3.149407,101.593449,rapidbus_kl,,0.4611996445520861,5294.16943359375,8.574550256313689
1000462,PJ388 CASA INDAH,3.149751,101.586405,rapidbus_kl,,0.4450246569796798,8119.3076171875,9.002123316328234
1007070,PJ395 MRT KOTA DAMANSARA,3.15011,101.578551,rapidbus_kl,,0.410859992300424,8666.55859375,9.067342437703621
1001047,PJ354 GUGUSAN SEROJA,3.153494,101.577674,rapidbus_kl,,0.039179956254735714,8666.55859375,9.067342437703621
1000789,PJ102 PANGSAPURI TERATAI,3.155115,101.577404,rapidbus_kl,,0.16206722886534028,8666.55859375,9.067342437703621
1000700,PJ103 PANGSAPURI TANJUNG,3.155381,101.575613,rapidbus_kl,,0.31349322787567696,8666.55859375,9.067342437703621
1000254,PJ104 PANGSAPURI CEMPAKA 6,3.156663,101.574355,rapidbus_kl,,0.5111178592231728,8666.55859375,9.067342437703621
1002759,PJ105 PANGSAPURI CEMPAKA 1,3.158097,101.574211,rapidbus_kl,,0.6047584879550848,8410.0517578125,9.037301805529582
1007063,SMK SEKSYEN 10 KD (OPP),3.169991,101.578117,rapidbus_kl,,0.05233562067775569,6090.9580078125,8.714724820986126
1002299,PJ70 KOMERSIAL NURI 7A,3.172511,101.576523,rapidbus_kl,,0.27955481901936935,6090.9580078125,8.714724820986126
1001277,PJ71 PANGSAPURI KASIA (OPP),3.170344,101.575523,rapidbus_kl,,0.2658358257560936,6090.9580078125,8.714724820986126
1003314,PJ72 SK SEKSYEN 7 KD (OPP),3.169023,101.575702,rapidbus_kl,,0.290617998720969,6090.9580078125,8.714724820986126
1003986,PJ73 PERUMAHAN SEKSYEN 7,3.167498,101.577208,rapidbus_kl,,0.33395268914183057,6090.9580078125,8.714724820986126
1004308,PJ801 KASTURI IDAMAN,3.176993,101.577412,rapidbus_kl,,0.20325382911995243,7658.64111328125,8.943720409584989
1003156,PJ63 PPR KOTA DAMANSARA,3.176733,101.577334,rapidbus_kl,,0.23343175421677248,7658.64111328125,8.943720409584989
1004026,PJ792 KOMERSIAL SEKSYEN 6 (TIMUR),3.161077,101.581512,rapidbus_kl,,0.4146099912406381,8410.0517578125,9.037301805529582
1000213,PJ97 BALAI POLIS TRAFIK KOTA DAMANSARA,3.159387,101.575426,rapidbus_kl,,0.40785745115422883,8410.0517578125,9.037301805529582
1002760,PJ98 PANGSAPURI CEMPAKA 1 (OPP),3.157974,101.574307,rapidbus_kl,,0.6077743199748256,8410.0517578125,9.037301805529582
1000699,PJ99 PANGSAPURI CEMPAKA 6 (OPP),3.1568518995607,101.57438028215,rapidbus_kl,,0.5225678448625628,8666.55859375,9.067342437703621
1000788,PJ100 SK SEKSYEN 6 KD,3.155491,101.575597,rapidbus_kl,,0.3221418060067969,8666.55859375,9.067342437703621
1000790,PJ101 PANGSAPURI TERATAI (OPP),3.155216,101.577493,rapidbus_kl,,0.1696297895578468,8666.55859375,9.067342437703621
1000892,PJ659 GUGUSAN SEROJA,3.154181,101.577979,rapidbus_kl,,0.04840706147427501,8666.55859375,9.067342437703621
1006281,PJ660 KOMERSIAL SEPAH PUTERI,3.156235,101.583059,rapidbus_kl,,0.4492520390283188,8119.3076171875,9.002123316328234
1007309,PJ92 PANGSAPURI SIANTAN (OPP),3.156251,101.584793,rapidbus_kl,,0.32168407302373786,8119.3076171875,9.002123316328234
1008655,PJ790 SRA SEKSYEN 5,3.160781,101.587662,rapidbus_kl,,0.21346445210360007,8063.74365234375,8.995257204851885
1001932,PJ665 MASJID KOTA DAMANSARA,3.161602,101.586886,rapidbus_kl,,0.08865210086084378,8063.74365234375,8.995257204851885
1000112,PJ89 PANGSAPURI CARLINA,3.158282,101.587221,rapidbus_kl,,0.4362520283961665,8063.74365234375,8.995257204851885
1000146,PJ91 PANGSAPURI SIANTAN,3.156103,101.585074,rapidbus_kl,,0.29237195702072155,8119.3076171875,9.002123316328234
1001194,PJ666 KOMERSIAL SEPAH PUTERI,3.156067,101.583167,rapidbus_kl,,0.4283712826465696,8119.3076171875,9.002123316328234
1000752,PJ355 GUGUSAN SEMARAK 4,3.153917,101.580029,rapidbus_kl,,0.23530106223869782,8666.55859375,9.067342437703621
1000724,PJ360 GUGUSAN MAWAR,3.151152,101.578658,rapidbus_kl,,0.30041383239454,8666.55859375,9.067342437703621
1000891,PJ668 GUGUSAN MATAHARI,3.150611,101.580394,rapidbus_kl,,0.44443369275057665,8666.55859375,9.067342437703621
1000463,PJ366 APARTMENT D'SHIRE VILLA,3.150244,101.583845,rapidbus_kl,,0.47252008237557985,8119.3076171875,9.002123316328234
1007078,PJ368 MRT SURIAN,3.149946,101.593092,rapidbus_kl,,0.4542427598120999,9093.1357421875,9.115385060839149
1002235,PJ369 PALM SPRING,3.1496319890538,101.59890295224,rapidbus_kl,,0.6389370776182747,7033.36083984375,8.858562111098847
1002388,(M) PJ370 PELANGI ASTANA (OPP),3.154399,101.603414,rapidbus_kl,,0.09087646368637392,7033.36083984375,8.858562111098847
1000991,PJ534 IKEA,3.1553025701426,101.61235366507,rapidbus_kl,,0.21171262014466968,7876.0029296875,8.971702771632607
1003194,PJ628 EMPIRE CITY,3.165622,101.615167,rapidbus_kl,,0.5864942590113025,8936.6044921875,9.098022878367486
1000249,PJ629 BANDAR UTAMA (OPP),3.149985,101.617426,rapidbus_kl,,0.482322052633628,8751.19921875,9.077060287056948
1007127,PJ722 SMK DAMANSARA UTAMA,3.137431,101.624474,rapidbus_kl,,0.38413748166621114,8995.2236328125,9.104560171909007
1001064,PJ630 JEJANTAS DAMANSARA UTAMA,3.135094,101.624479,rapidbus_kl,,0.44111872469545693,8995.2236328125,9.104560171909007
1000232,PJ208 KOMERSIAL SS 21/56B,3.137923,101.622136,rapidbus_kl,,0.29843595899875314,9804.263671875,9.190674629842052
1004278,PJ142 KOMERSIAL SS 21/1A,3.135276,101.621019,rapidbus_kl,,0.2565509933548882,9804.263671875,9.190674629842052
1000371,PJ710 BOMBA SS2,3.12595,101.623107,rapidbus_kl,,0.5000451836091442,9700.71484375,9.180057936881779
1003336,PJ298 KOMERSIAL SEKSYEN 20 (BARAT),3.109585,101.626109,rapidbus_kl,,0.3427122591975609,7488.5634765625,8.921265793980094
1001195,PJ299 KOMERSIAL SEKSYEN 20 (TIMUR),3.110812,101.628767,rapidbus_kl,,0.17003699010371162,7488.5634765625,8.921265793980094
1000518,PJ300 THE CREST,3.110499,101.631737,rapidbus_kl,,0.4593533988162554,7488.5634765625,8.921265793980094
1004135,PJ301 DATARAN 32,3.111774,101.632859,rapidbus_kl,,0.37803211373688983,6365.32958984375,8.758778379961429
1004340,(M) PASAR SENI (PLATFORM A6),3.1432,101.6956,rapidbus_kl,,0.27113727282262584,6919.0,8.842171048611716
1001539,KL1427 KTM PANTAI DALAM (SELATAN),3.094092,101.669557,rapidbus_kl,,0.14734596695816132,6524.787109375,8.783516854704978
1002301,KL1428 KG PANTAI DALAM,3.0903847466841,101.66955226582,rapidbus_kl,,0.36709460254055476,8110.23193359375,9.001005038605882
1003039,KL1429 GASING INDAH (TIMUR),3.087277,101.666279,rapidbus_kl,,0.36747820736234904,8110.23193359375,9.001005038605882
1000582,KL1430 SURAU NUR FAIZZIN,3.087008,101.664886,rapidbus_kl,,0.403849311020517,6799.51953125,8.824754289900152
1002498,KL1431 GASING INDAH (BARAT),3.086907,101.663973,rapidbus_kl,,0.3030247639243268,6799.51953125,8.824754289900152
1003809,PJ670 FLAT GASING INDAH,3.086365,101.662416,rapidbus_kl,,0.152171217961474,6799.51953125,8.824754289900152
1001082,PJ77 TAMAN GASING INDAH,3.085772,101.660652,rapidbus_kl,,0.16022106962875068,6799.51953125,8.824754289900152
1001081,PJ409 SEKSYEN 1A,3.086407,101.657494,rapidbus_kl,,0.42372937438753144,6799.51953125,8.824754289900152
1003550,PJ653 BUKIT GASING (BARAT),3.087083,101.655164,rapidbus_kl,,0.24957335659912339,6441.66552734375,8.770697635226146
1003646,PJ475 SK PETALING JAYA,3.088661,101.652184,rapidbus_kl,,0.19333481948734937,6441.66552734375,8.770697635226146
1001926,PJ476 MASJID SULTAN ABDUL AZIZ,3.091132,101.650668,rapidbus_kl,,0.5147517151116686,6441.66552734375,8.770697635226146
1003457,PJ477 CHURCH PJ,3.092105,101.648881,rapidbus_kl,,0.5799687577137151,5486.8134765625,8.6102851813213
1009134,PJ459 SELASIH COURT,3.089547,101.646593,rapidbus_kl,,0.353336092619148,7396.552734375,8.908904512924185
1009132,PJ470 UITM PJ,3.086965,101.651966,rapidbus_kl,,0.10633195727885242,6441.66552734375,8.770697635226146
1009133,PJ687 BUKIT GASING (BARAT),3.087266,101.655112,rapidbus_kl,,0.24464243455599444,6441.66552734375,8.770697635226146
1001080,PJ410 SEKSYEN 1A,3.086539,101.657477,rapidbus_kl,,0.42323927101327785,6799.51953125,8.824754289900152
1001083,PJ669 TAMAN GASING INDAH,3.086087,101.659741,rapidbus_kl,,0.20084020964780563,6799.51953125,8.824754289900152
1003810,PJ33 FLAT GASING INDAH (OPP),3.086441,101.662003,rapidbus_kl,,0.11000999583393288,6799.51953125,8.824754289900152
1002497,KL1432 GASING INDAH (BARAT),3.086921,101.663635,rapidbus_kl,,0.2654748447978639,6799.51953125,8.824754289900152
1000581,KL1433 SURAU NUR FAIZZIN (OPP),3.087158,101.664726,rapidbus_kl,,0.3860853965477252,6799.51953125,8.824754289900152
1003014,KL1434 GASING INDAH (TIMUR),3.087628,101.666903,rapidbus_kl,,0.3036595425532658,8110.23193359375,9.001005038605882
1002300,KL1435 KG PANTAI DALAM,3.0902041819077,101.66940543305,rapidbus_kl,,0.3475601813261383,8110.23193359375,9.001005038605882
1001538,KL1436 KTM PANTAI DALAM (SELATAN),3.0940226640488,101.66939499241,rapidbus_kl,,0.15642583467662738,6524.787109375,8.783516854704978
1001096,KL111 CENTRAL MARKET,3.144573,101.695534,rapidbus_kl,,0.14126124490958109,6919.0,8.842171048611716
1002595,PJ634 POS MALAYSIA,3.1011573713852,101.59766835737,rapidbus_kl,,0.44775337897059847,6123.51904296875,8.72005550873285
1001436,SJ553 USJ 7 (SELATAN),3.067665,101.615318,rapidbus_kl,,0.5456163541777542,6199.54345703125,8.732392221551644
1004119,SJ559 SUNWAY COURT (OPP),3.070607,101.615779,rapidbus_kl,,0.4229001871474556,7812.0576171875,8.963551666497583
1000460,SJ560 PERINDUSTRIAN PJS 7,3.072809,101.615806,rapidbus_kl,,0.49661488556064937,7812.0576171875,8.963551666497583
1006266,PJ171 SUNWAY MENTARI (TIMUR),3.076414,101.612759,rapidbus_kl,,0.3091441274832084,7240.58544921875,8.887595446104836
1008640,PJ172 SUNWAY MENTARI (BARAT),3.076414,101.611584,rapidbus_kl,,0.2624130096995922,7240.58544921875,8.887595446104836
1006267,PJ177 BRT MENTARI,3.076086,101.610318,rapidbus_kl,,0.313784862762747,7240.58544921875,8.887595446104836
1004221,PJ624 WESTERN DIGITAL,3.0911149549487,101.611083393,rapidbus_kl,,0.4486539868446586,7328.16455078125,8.899616811683803
1000311,KL1412 HAB PANTAI HILLPARK,3.1025691830965,101.66715103428,rapidbus_kl,,0.30025946237009216,5809.83544921875,8.667479634554697
1002252,KL2132 PANTAI HILLPARK (BARAT),3.1085908411426,101.66648304649,rapidbus_kl,,0.5189348691790169,8293.48828125,9.023346510697527
1000220,BANGKOK BANK 2,3.1456144709275,101.69708873125,rapidbus_kl,,0.27907812881425764,6919.0,8.842171048611716
1008294,KL109 CENTRAL MARKET (OPP),3.144052,101.695432,rapidbus_kl,,0.17866026077685,6919.0,8.842171048611716
1004345,(M) KL110 PASAR SENI (PLATFORM F1 - F2),3.1429,101.694761,rapidbus_kl,,0.28055956413556,6919.0,8.842171048611716
1002608,KL2130 PPR KERINCHI,3.108217,101.668853,rapidbus_kl,,0.43751037066035814,8293.48828125,9.023346510697527
1000831,KL2131 PANTAI HILLPARK,3.108328,101.666486,rapidbus_kl,,0.5409467668939889,8293.48828125,9.023346510697527
1000608,KL1401 KOMERSIAL PANTAI HILLPARK,3.1069976014096,101.66618255321,rapidbus_kl,,0.5224308241392291,5809.83544921875,8.667479634554697
1002030,KL2148 MID VALLEY (SELATAN),3.1163426908255,101.67610827826,rapidbus_kl,,0.49551067059444387,5935.74609375,8.688916466596845
1002921,KL1914 LUCKY GARDEN,3.127174,101.673442,rapidbus_kl,,0.4629290434261894,8534.8798828125,9.052033721047119
1002215,KL1761 BANGSAR VILLAGE (SELATAN),3.128631,101.670213,rapidbus_kl,,0.0711997699074734,8534.8798828125,9.052033721047119
1000228,KL1128 BANGSAR VILLAGE (BARAT),3.129766,101.670235,rapidbus_kl,,0.13416301082803941,8534.8798828125,9.052033721047119
1002357,KL1132 BANGSAR TELAWI (SELATAN),3.131005,101.670385,rapidbus_kl,,0.2660682332300305,8534.8798828125,9.052033721047119
1002944,KL1130 BANGSAR TELAWI (TENGAH),3.132621,101.670447,rapidbus_kl,,0.44097606655440175,8534.8798828125,9.052033721047119
1003504,KL1129 BANGSAR TELAWI (UTARA),3.134449,101.670509,rapidbus_kl,,0.3104661158772882,9363.716796875,9.14470437383097
1008142,KL1125 BANGSAR BARU (UTARA),3.136098,101.672078,rapidbus_kl,,0.2979103253160256,9363.716796875,9.14470437383097
1003371,KL1147 SMK BUKIT BANDARAYA,3.1423464464086,101.67167015656,rapidbus_kl,,0.41263392128948273,9152.5048828125,9.121892132227591
1000225,(M) KL1139 BANGSAR SHOPPING CENTER (OPP),3.143064,101.668125,rapidbus_kl,,0.30765330302211913,9152.5048828125,9.121892132227591
1002901,KL1908 TAMAN BUKIT PERSEKUTUAN,3.136686,101.674128,rapidbus_kl,,0.42292171402037626,6903.19189453125,8.839884027065766
1002886,KL1909 SPG LORONG LIMAU MANIS,3.1356095197175,101.67409697447,rapidbus_kl,,0.4546235519111266,6903.19189453125,8.839884027065766
1002883,KL1904 SPG LORONG MAAROF 4,3.1338672675405,101.67406068293,rapidbus_kl,,0.5578109118246019,6903.19189453125,8.839884027065766
1002964,KL1911 SPG LORONG MAAROF 2,3.1330625677242,101.67400864478,rapidbus_kl,,0.6230090985682739,6903.19189453125,8.839884027065766
1000061,KL1912 SPG LORONG MAAROF 2,3.1315362082785,101.6739672148,rapidbus_kl,,0.536858746959036,6477.234375,8.776203279224983
1000534,KL1157 FLAT SRI PAHANG,3.129604,101.674649,rapidbus_kl,,0.37497981145894815,6477.234375,8.776203279224983
1008686,RUMAH NO 18,3.095148,101.610208,rapidbus_kl,,0.11945374099467047,7881.95751953125,8.972458432174559
1008687,PJ209 PERUMAHAN SS 3,3.092885,101.607267,rapidbus_kl,,0.5242135971960691,7881.95751953125,8.972458432174559
1001341,PJ325 KEDAI HARDWARE,3.086796,101.622337,rapidbus_kl,,0.30746019293714305,8609.7138671875,9.060762505388707
1008688,MAZ INTERNATIONAL SCHOOL,3.104496,101.625818,rapidbus_kl,,0.2472945707593161,6208.09423828125,8.733770308940363
1008689,KOMERSIAL SS2 (VISION SPACE),3.119028,101.623668,rapidbus_kl,,0.47913583985855585,9036.0498046875,9.109088051083793
1006723,PANGSAPURI PAHLAWAN,3.060106,101.757615,rapidbus_kl,,0.4595901859989951,7848.00244140625,8.968141725173554
1006724,APARTMENT WAJA,3.057335,101.757667,rapidbus_kl,,0.5631494887239151,9490.0234375,9.15810172957218
1007180,PETRONAS BTHO 2 (OPP),3.054613,101.757834,rapidbus_kl,,0.3912049582190053,9490.0234375,9.15810172957218
1008003,SMK BTHO 2 (OPP),3.053884,101.755724,rapidbus_kl,,0.3121167277016123,9906.958984375,9.201093650953426
1007181,SK BTHO 2 (OPP),3.052596,101.755077,rapidbus_kl,,0.2720908513744006,9906.958984375,9.201093650953426
1007182,PERUMAHAN SUADAMAI,3.049777,101.754912,rapidbus_kl,,0.494260146821735,9906.958984375,9.201093650953426
1007183,KJ332 PANGSAPURI SUAKASIH (OPP),3.037933,101.758468,rapidbus_kl,,0.32298629645562715,6507.6806640625,8.78089205169327
1003022,TAMAN CHERAS PERDANA FASA 6,3.0391103631811,101.76329157858,rapidbus_kl,,0.31969283761630024,6507.6806640625,8.78089205169327
1003590,TAMAN CHERAS PERDANA FASA 5,3.041968,101.765046,rapidbus_kl,,0.5698849205298364,8770.7685546875,9.079293724635152
1003374,SMK CHERAS PERDANA,3.044012,101.766291,rapidbus_kl,,0.39751078936948353,8604.521484375,9.060159309293404
1002212,TAMAN CHERAS PERDANA FASA 4,3.046373,101.767875,rapidbus_kl,,0.21741424196147827,8604.521484375,9.060159309293404
1002468,PETRONAS CHERAS PERDANA,3.047227,101.76835,rapidbus_kl,,0.2434240519624397,8604.521484375,9.060159309293404
1003007,TAMAN MEGAH 2,3.049878,101.769909,rapidbus_kl,,0.43208788444316254,8863.6943359375,9.089831738042177
1003180,APARTMENT NETIZEN (OPP),3.0498368588427,101.77212185602,rapidbus_kl,,0.5184836335698734,8863.6943359375,9.089831738042177
1008435,SJ471 HOSPITAL COLUMBIA PUCHONG,3.023088,101.622295,rapidbus_kl,,0.4229768387567056,8261.26953125,9.019454590427497
1001545,AJ327 STOR MPAJ,3.132742,101.761534,rapidbus_kl,,0.44499028115159045,16001.5654296875,9.680504327724407
12000418,Setia Triangle,5.30294,100.26187,rapidbus_penang,,0.1132877219843579,5700.1728515625,8.648427196088267
12000427,Tingkat Kenari,5.31454,100.266,rapidbus_penang,,0.4816383559841028,3245.9140625,8.085460305014069
12000512,Surau Gertak Sanggul,5.2823,100.1942,rapidbus_penang,,0.3969921466206419,924.8978271484376,6.830763890705851
12000513,Klinik Desa,5.28238,100.1976,rapidbus_penang,,0.5239285270282885,924.8978271484376,6.830763890705851
12000616,Masjid Makbul Teluk Kumbar,5.29419,100.22805,rapidbus_penang,,0.13722084178659913,3576.458740234375,8.182407978236041
12000847,KFC Jalan Mahsuri,5.32686,100.28667,rapidbus_penang,,0.21527076100800677,7392.5029296875,8.908356911065239
12000885,Sunshine Square,5.325499,100.2875,rapidbus_penang,,0.3871149627840217,7392.5029296875,8.908356911065239
12001442,Terminal Bas Ekpress Sg Nibong,5.3429400000000005,100.30106,rapidbus_penang,,0.34363850995362716,13274.052734375,9.493641818559876
12001847,Kompleks Bukit Jambul,5.332703,100.29074,rapidbus_penang,,0.6117286366269912,7488.4892578125,8.921255884308058
12002205,Klinik Rakyat,5.348064900000001,100.3037163,rapidbus_penang,,0.30748239106818853,13274.052734375,9.493641818559876
12001425,B Braun,5.3083800000000005,100.28226,rapidbus_penang,,0.6039093245572797,5795.2041015625,8.664958517030799
12001815,Fortune Court,5.3978,100.28845,rapidbus_penang,,0.3599399796578369,12255.3955078125,9.413803162005749
12001973,Lebuhraya Thean Teik,5.38875,100.27956,rapidbus_penang,,0.2597101581308065,12969.900390625,9.470463695920623
12000213,Mar Vista,5.4707300000000005,100.27724,rapidbus_penang,,0.08255842239645325,3753.44384765625,8.230695443416977
12000232,Moon Light Cafe,5.47812,100.26286,rapidbus_penang,,0.1915282500293404,1617.376953125,7.3891790452213675
12000833,Hospital Loh Guan Lye,5.41912,100.3182,rapidbus_penang,,0.2103111456042175,9831.1435546875,9.193412251900824
12001060,Komtar Utara,5.41513,100.32899,rapidbus_penang,,0.35900071820732127,12071.685546875,9.398700787012483
12001662,Chinese Swimming Club,5.46285,100.30404,rapidbus_penang,,0.15078318912692387,5689.3583984375,8.646528512559863
12001671,Harmony Residence,5.46546,100.28178,rapidbus_penang,,0.569092604385429,4400.77294921875,8.389762681750883
12001677,Tsunami Village,5.4662,100.27991,rapidbus_penang,,0.5081536767141879,4400.77294921875,8.389762681750883
12001832,Wisma MCA,5.41841,100.32954,rapidbus_penang,,0.28653822781010435,10608.943359375,9.269546893174835
12002230,Feringghi Villa,5.46537604,100.24112262,rapidbus_penang,,0.5298526712646885,1536.6148681640625,7.337987707890961
12002976,Hotel Angsana,5.4621399,100.220251,rapidbus_penang,,0.07421248040763277,619.6708984375,6.4308009872511915
12000753,Kampung Telok Manan,5.57533,100.36786,rapidbus_penang,,0.42543005242600496,964.5332641601561,6.87268055405619
12001716,Kuarters TUDM,5.45966,100.3832,rapidbus_penang,,0.43193656769420224,2138.689697265625,7.66841609622445
12001731,Masjid Jamek Teluk Air Tawar,5.4882,100.3838,rapidbus_penang,,0.29820649922191933,3202.3408203125,8.071949550539856
12002544,SK Bagan Jermal,5.431374,100.378297,rapidbus_penang,,0.2947831367314283,8415.5419921875,9.03795433311628
12002637,Hub Kuala Muda,5.5692459,100.3484233,rapidbus_penang,,0.4445090390853961,1525.680419921875,7.330850997081994
12000746,Padang SK Pulau Mertajam,5.57072,100.36244,rapidbus_penang,,0.1359844391056537,1491.001708984375,7.307873926194937
12000748,SK Pulau Mertajam,5.57275,100.36416,rapidbus_penang,,0.4135810282724931,1491.001708984375,7.307873926194937
12001110,Masjid Bakar Kapor,5.53999,100.37881,rapidbus_penang,,0.33798392701365576,1852.7572021484373,7.524969778622443
12001111,Bakar Kapor,5.544969999999999,100.37819,rapidbus_penang,,0.05819448637224042,800.6766357421875,6.686705329231673
12001113,Pasir Gebu,5.54724,100.37779,rapidbus_penang,,0.20320605425380536,800.6766357421875,6.686705329231673
12001714,Padang Golf TUDM,5.45589,100.38345,rapidbus_penang,,0.3907009881363828,1931.0252685546875,7.566324093648988
12001715,Kuarters TUDM,5.45942,100.38332,rapidbus_penang,,0.4391737276326345,2138.689697265625,7.66841609622445
12001728,SK Telok Air Tawar,5.48427,100.38366,rapidbus_penang,,0.4243026499854329,3202.3408203125,8.071949550539856
12001730,Klinik Desa Teluk Air Tawar,5.48784,100.38381,rapidbus_penang,,0.28282737361079663,3202.3408203125,8.071949550539856
12002549,Maybank Butterworth,5.3977580000000005,100.367789,rapidbus_penang,,0.3274259230047563,4964.23193359375,8.510215289102975
12000063,BHP Kampung Baru,5.40468,100.29051,rapidbus_penang,,0.4625799331441377,10460.4873046875,9.25545591725159
12000968,SK Padang Tembak,5.41019,100.29205,rapidbus_penang,,0.3506460839475928,6174.19140625,8.728295157979344
12001376,Jalan Sempadan,5.40766,100.28867,rapidbus_penang,,0.510685605317512,13805.87109375,9.532921652575762
12000460,Penjara P.Pinang(Hospital),5.41364,100.31312,rapidbus_penang,,0.26985944250334704,10967.4375,9.302777109213938
12001508,Pusat Perniagaan Desa Murni,5.4371,100.43021,rapidbus_penang,,0.25390956895249733,1752.61328125,7.469433670430536
12001547,Masjid Nyior Sebatang,5.46042,100.44818,rapidbus_penang,,0.4390287344457604,1102.4573974609375,7.006203618210197
12002361,Taman Pasir Indah,5.429739,100.432323,rapidbus_penang,,0.44835122883847206,1330.4847412109375,7.194049945339233
12002364,Pejabat Pos Penanti,5.405272,100.463646,rapidbus_penang,,0.3146573839437168,2346.26416015625,7.761005741778358
12000251,Hospital Kepala Batas,5.51273,100.43768,rapidbus_penang,,0.1738726134036675,2983.199462890625,8.001086803221929
12001851,Taman Perda Indah,5.510836,100.50481,rapidbus_penang,,0.2513450950815002,1231.45751953125,7.116765438411083
12001855,Kiosk Bertam,5.5181,100.44867,rapidbus_penang,,0.5205694088271255,1864.2884521484373,7.531170986149692
12001856,Kayangan,5.51812,100.45221,rapidbus_penang,,0.26709329223043415,1540.3236083984375,7.34039681223412
12001858,Masjid Kubang Menerong,5.51857,100.50645,rapidbus_penang,,0.44174684194347136,906.7271728515624,6.8109438630232155
12001863,MRSM Kepala Batas,5.519430000000001,100.47277,rapidbus_penang,,0.3694153566908755,1941.844482421875,7.5719084062470925
12001872,Taman Sri Menderung,5.51461,100.50602,rapidbus_penang,,0.44376798136324935,1231.45751953125,7.116765438411083
12002949,Bertam Putra 3,5.5181192,100.4811417,rapidbus_penang,,0.43899222330676013,1885.717529296875,7.542593841157008
12002950,Pusat Penjaja Bandar Putra Bertam,5.518487599999999,100.4811202,rapidbus_penang,,0.4144480424259415,1885.717529296875,7.542593841157008
12000059,Pejabat Pos Ayer Itam,5.4041,100.28008,rapidbus_penang,,0.24266356850561835,9246.7568359375,9.132136296874593
12000151,Kek Lok Si Temple,5.40238,100.27728,rapidbus_penang,,0.16785151511088128,9246.7568359375,9.132136296874593
12001066,Hotel Cititel,5.42143,100.3337,rapidbus_penang,,0.3038890950643065,9610.4580078125,9.170711208230815
12002243,Anggerik Villa,5.368602,100.3084,rapidbus_penang,,0.3744951157756829,12434.359375,9.428299256101363
12002245,Jalan Delima 6,5.383780000000001,100.3046,rapidbus_penang,,0.41191960341172096,13026.74609375,9.474836676933101
12001215,Sunway Wellesley,5.368530000000001,100.45774,rapidbus_penang,,0.4415671648704302,4056.9208984375,8.308426027449963
12001216,Pusat Perniagaan Permatang Rawa,5.36862,100.44489,rapidbus_penang,,0.20267194185801632,2721.009521484375,7.90912568117898
12001176,Pangsapuri Seri Pauh,5.36905,100.42337,rapidbus_penang,,0.4459524650431244,8077.42431640625,8.99695212215239
12001185,Masjid Permatang Janggus,5.40102,100.41706,rapidbus_penang,,0.4125126157852945,1552.86572265625,7.348501119637134
12001192,Shell Mak Mandin,5.41427,100.38765,rapidbus_penang,,0.2883433156119886,3904.241943359375,8.270075017680854
12002604,Kompleks Fareeda,5.405966200000001,100.4151894,rapidbus_penang,,0.5009323052867697,2684.674560546875,7.8956872083675975
12000391,Taman Limbungan Chain Ferry,5.40078,100.37832,rapidbus_penang,,0.33327973592901994,3701.80712890625,8.216846494465658
12000392,Pusat Perniagaan Chain Ferry I,5.40128,100.37952,rapidbus_penang,,0.32705195683239935,3701.80712890625,8.216846494465658
12001879,Hospital Seberang Jaya II,5.3931,100.4062,rapidbus_penang,,0.4455483744274633,3435.899169921875,8.142324939765993
12001881,Hospital Seberang Jaya,5.39454,100.40633,rapidbus_penang,,0.39028252164606597,3435.899169921875,8.142324939765993
12001996,Pangsapuri RPKN,5.395011,100.40444,rapidbus_penang,,0.1746123040074824,3435.899169921875,8.142324939765993
12002533,Taman Usahaniaga,5.362278,100.465059,rapidbus_penang,,0.42228534716869764,3388.84814453125,8.128540404247639
12002534,Taman Machang Bubok III,5.342005,100.50447,rapidbus_penang,,0.416556073403238,259.5816345214844,5.56291618838342
12000802,Cheruk Tokun,5.34746,100.4846,rapidbus_penang,,0.2914927518751579,3969.91162109375,8.286750974800416
12000840,SK Machang Bubok II,5.32764,100.50294,rapidbus_penang,,0.12347492247071128,3439.455810546875,8.14335924465564
12002540,Sentosa Residence,5.353794000000001,100.4714,rapidbus_penang,,0.20122514233215189,4184.16650390625,8.339301768011769
12002542,SJK(C) Jit Sin,5.363758,100.462845,rapidbus_penang,,0.2566393718374553,3388.84814453125,8.128540404247639
12000127,Peladang Sg.Petani,5.6192400000000005,100.47349,rapidbus_penang,,0.45172639614337634,4073.887939453125,8.312598525776139
12000133,DSOP Sungai Petani,5.63231,100.48248,rapidbus_penang,,0.5750557600757042,6419.453125,8.767243974411409
12001291,(M2) Terminal Jalan Petri,5.63977,100.48807,rapidbus_penang,,0.36029597139332653,4571.98974609375,8.42792248138433
12000276,Masjid Lama Sungai Bakap,5.221830000000001,100.49725,rapidbus_penang,,0.33453373931125324,1585.4046630859375,7.369225516614994
12000327,Taman Sukun Indah,5.31311,100.46412,rapidbus_penang,,0.3376771197874932,1939.6505126953125,7.570778511673914
12000336,Taman Pulasan Bukit Minyak,5.32445,100.44852,rapidbus_penang,,0.6253993502436388,2366.967041015625,7.76978707741701
12000887,Sunshine Square,5.3255300000000005,100.28769,rapidbus_penang,,0.39197487612021037,7392.5029296875,8.908356911065239
12001420,Sungai Tiram,5.30216,100.2761,rapidbus_penang,,0.2677783554839392,4337.3916015625,8.375258959687457
12001424,Kilang Clarion,5.30821,100.28236,rapidbus_penang,,0.6090765787998892,5795.2041015625,8.664958517030799
12000064,Maybank Air Itam,5.40482,100.28427,rapidbus_penang,,0.24934945022944047,13805.87109375,9.532921652575762
12000403,Jalan Damai,5.33871,100.47378,rapidbus_penang,,0.49235818383670404,4820.34912109375,8.480809068521626
12001272,SRJK Permatang Tinggi,5.29968,100.47754,rapidbus_penang,,0.4544974053885986,2578.929931640625,7.855517519268043
12001370,Taman Nirwana,5.32784,100.48575,rapidbus_penang,,0.11533729438518042,6090.54931640625,8.714657731699678
12001681,Muda Paper II,5.28447,100.51924,rapidbus_penang,,0.29308021788914385,1454.0672607421875,7.282807405851361
12002579,Bandar Tasek Mutiara,5.283273,100.49255,rapidbus_penang,,0.4797882957485344,1677.9906005859375,7.425948058840273
12002581,Taman Seri Impian,5.320972,100.480637,rapidbus_penang,,0.3074871947341447,5892.37841796875,8.681584697602082
12002583,Kilang Ayamas,5.325512000000001,100.485898,rapidbus_penang,,0.3621680023617592,6090.54931640625,8.714657731699678
12000056,SM Persendirian Jit Sin,5.36339,100.4632,rapidbus_penang,,0.2602457818592423,3388.84814453125,8.128540404247639
12000799,Taman Jaya,5.35426,100.47074,rapidbus_penang,,0.14008075587082933,4184.16650390625,8.339301768011769
12002593,Masjid Jamek Alma Jaya,5.322132,100.478377,rapidbus_penang,,0.19741949173288384,5892.37841796875,8.681584697602082
12002599,Kampung Tasek Junjung,5.297051000000001,100.52891,rapidbus_penang,,0.21242345394916065,896.647705078125,6.799777680724838
12000340,Balai Polis,5.33627,100.50874,rapidbus_penang,,0.2922008913411563,2727.772216796875,7.91160704957975
12000789,Kampung Janggus,5.3438300000000005,100.496,rapidbus_penang,,0.2361087305454675,2333.82470703125,7.755692095349734
12000796,Taman Bukit Indah,5.3501,100.47958,rapidbus_penang,,0.44572039040859757,3228.069091796875,8.079949167803088
12001094,Pejabat MPSP,5.36985,100.43394,rapidbus_penang,,0.2633440827404167,2493.916259765625,7.822010444402171
12001184,Shell Permatang To' Kandu,5.39384,100.41791,rapidbus_penang,,0.25503329980874856,2213.71142578125,7.70287739217749
12000350,(M3) Kilang Leader Steel,5.340330000000001,100.43884,rapidbus_penang,,0.46104579857847566,4142.7392578125,8.329353861547705
12000351,Balai Polis Bukit Tengah,5.34661,100.43484,rapidbus_penang,,0.20483276932459557,5006.271484375,8.51864643182569
12000355,Taman Indah,5.35732,100.42726,rapidbus_penang,,0.4035399057243631,3259.0302734375,8.089491760648157
12001264,SMK Simpang Empat,5.2792,100.47689,rapidbus_penang,,0.1241534765503395,3738.333251953125,8.226662599636878
12000177,(M2) Mydin Mall,5.36972,100.41517,rapidbus_penang,,0.4408769817854511,7018.12548828125,8.856393914940922
12000273,Balai Polis Sungai Bakap,5.21584,100.49724,rapidbus_penang,,0.5109258635248346,2364.915283203125,7.768920237981446
12000328,Taman Sukun Indah,5.31439,100.46295,rapidbus_penang,,0.3181494899413477,1939.6505126953125,7.570778511673914
12000918,Super-Rider Motor Sdn Bhd,5.18075,100.48394,rapidbus_penang,,0.33891791872967686,3154.246337890625,8.056821850498062
12001263,SMK Simpang Empat,5.27778,100.47687,rapidbus_penang,,0.15829913425130065,3738.333251953125,8.226662599636878
12001482,Perkampungan Jawi,5.21173,100.49705,rapidbus_penang,,0.276003755450182,2364.915283203125,7.768920237981446
12002338,RTC Jalan Simpang Empat,5.262094,100.472864,rapidbus_penang,,0.36330124600128366,3766.566650390625,8.234184621224228
12002348,Masjid Kampung Setol,5.372746,100.409622,rapidbus_penang,,0.31550426286020633,7018.12548828125,8.856393914940922
12000703,Masjid Permatang Kebun Sireh,5.36085,100.43733,rapidbus_penang,,0.18198710571579615,3525.579833984375,8.1680837946975
12000958,Taman Desa Damai,5.36532,100.44327,rapidbus_penang,,0.3881255288033732,4721.64013671875,8.460123273200876
12001453,Restoran Kampung Ku,5.366709999999999,100.31078,rapidbus_penang,,0.41544891475963297,12434.359375,9.428299256101363
12001498,SRJK Keong Hoe,5.34655,100.29575,rapidbus_penang,,0.18047257939801623,13277.513671875,9.493902494468088
12002314,Mutiara Vista,5.398549,100.320515,rapidbus_penang,,0.36324163060640047,11066.7470703125,9.311790488306748
12000296,(M3) Hotel Vistana,5.33655,100.2913,rapidbus_penang,,0.36827385476988284,13364.4619140625,9.50042918944698
12002214,Hub Padang Kawad,5.3560444,100.29454040000002,rapidbus_penang,,0.2551485130832376,9939.43359375,9.204365919800857
12003018,Desasiswa Indah Kembara,5.355855,100.29519,rapidbus_penang,,0.2435030137486751,9939.43359375,9.204365919800857
12003019,Jabatan Keselamatan,5.355061,100.297966,rapidbus_penang,,0.40189923065059713,9939.43359375,9.204365919800857
12003024,Dewan Budaya,5.356643,100.30398,rapidbus_penang,,0.3425458699592872,14027.7939453125,9.548867206843603
12003026,Desasiswa Harapan,5.354758,100.3004,rapidbus_penang,,0.30027172164960003,14027.7939453125,9.548867206843603
12000267,Jalan Besar,5.13523,100.46947,rapidbus_penang,,0.20648117179529163,1916.1634521484373,7.558602003964005
12002346,Bank Rakyat Perda,5.366926,100.435744,rapidbus_penang,,0.3921801035611171,2493.916259765625,7.822010444402171
12002347,Allagapas,5.36458,100.426927,rapidbus_penang,,0.2984198399323751,4358.02783203125,8.380004337175855
12001099,Permatang Batu,5.36439,100.43153,rapidbus_penang,,0.4752170786658753,4358.02783203125,8.380004337175855
12002015,Flat Boon Siew,5.45615,100.28251,rapidbus_penang,,0.4924995847894269,4857.1630859375,8.48841567959096
12000027,Dell,5.307167,100.29253,rapidbus_penang,,0.44273406539197785,5894.48974609375,8.681942887738437
12000030,Brady Technology,5.305717,100.29559,rapidbus_penang,,0.24548289466108844,5894.48974609375,8.681942887738437
12002049,Mini Circuits,5.294636,100.290985,rapidbus_penang,,0.4077182957991861,5195.359375,8.555713539178617
12002069,Jeti Pulau Jerejak,5.34301,100.31122,rapidbus_penang,,0.26764980536786415,7289.26318359375,8.894294926352929
12000013,Intel PG12,5.328467,100.30004,rapidbus_penang,,0.31999827082625054,6132.75439453125,8.721562303854846
12000874,Dynacraft Industries,5.305075,100.27721,rapidbus_penang,,0.16678115729493667,4337.3916015625,8.375258959687457
12000807,Pepper Estate,5.454606,100.29941,rapidbus_penang,,0.39961119753912805,8544.34375,9.053141822944186
12000812,Tenby School,5.458625,100.28201,rapidbus_penang,,0.5943280182485994,4400.77294921875,8.389762681750883
12001411,Menara KWSP,5.42341,100.3304,rapidbus_penang,,0.4316990731623065,10608.943359375,9.269546893174835
12000195,YGGS World,5.29422,100.27915,rapidbus_penang,,0.19071038592742343,4196.2021484375,8.342173427157613
12000196,Pasar Batu Maung,5.29516,100.27979,rapidbus_penang,,0.20941608920726218,4196.2021484375,8.342173427157613
12000240,Pejabat Pos Batu Maung,5.285419999999999,100.28663,rapidbus_penang,,0.1897092161600177,5561.70947265625,8.623840583771068
12000311,Taman Bukit Gambir,5.37312,100.29845,rapidbus_penang,,0.5230900052969893,8466.787109375,9.044024491335868
12000584,Masjid Jelutong,5.39272,100.31461,rapidbus_penang,,0.477820558870824,12141.8564453125,9.404496328972286
12000610,Kampung Kolam,5.41606,100.33669,rapidbus_penang,,0.4448439600463714,9693.0888671875,9.17927158359948
12001805,Klinik Kesihatan,5.320778,100.27966,rapidbus_penang,,0.19719016355148777,6168.66796875,8.727400301634562
12002304,Taman Sri Bayu,5.29714,100.2566,rapidbus_penang,,0.45062676014492936,2902.666748046875,7.973729613177487
12002312,SK Batu  Maung,5.2812222,100.2825437,rapidbus_penang,,0.49388980654094883,4355.81103515625,8.379495654774406
12000360,Chinese Recreation Club,5.42517,100.3191,rapidbus_penang,,0.40167191205626823,8737.2275390625,9.07546264934887
12000722,Flat Kelawei,5.4313,100.31533,rapidbus_penang,,0.5332958563751405,10663.2998046875,9.274656975181244
12000724,Pangsapuri Festival,5.43341,100.31219,rapidbus_penang,,0.4215319738305028,7345.861328125,8.902028470816452
12001655,Masjid Karwa,5.45482,100.30678,rapidbus_penang,,0.44391695485399546,8544.34375,9.053141822944186
12001659,Flat UDA,5.46192,100.30644,rapidbus_penang,,0.390464702074046,5689.3583984375,8.646528512559863
12001766,Teluk Bahang,5.45971,100.21782,rapidbus_penang,,0.32823059762465334,619.6708984375,6.4308009872511915
12003014,Masjid Terapung,5.4676422,100.2772938,rapidbus_penang,,0.3161271629573298,3753.44384765625,8.230695443416977
12000052,Wisma Persekutuan,5.419625,100.32334,rapidbus_penang,,0.42511621694050633,9831.1435546875,9.193412251900824
12000006,Pejabat Pos Macallum,5.40606,100.3319,rapidbus_penang,,0.5103410168642039,10713.4111328125,9.27934494912379
12001448,Jejantas Batu Uban,5.35418,100.30793,rapidbus_penang,,0.3706079794803635,10643.6640625,9.2728140185863
12002316,Gedung Height IV,5.316179,100.282016,rapidbus_penang,,0.6429771575087737,3952.473876953125,8.282349933914377
12000897,Hong Seng Estate,5.440930000000001,100.30298,rapidbus_penang,,0.4277674149318946,7764.4169921875,8.957435435646065
12002028,Lorong Lembah Permai 3,5.45394,100.28836,rapidbus_penang,,0.23455393271586905,4857.1630859375,8.48841567959096
12001495,Klinik Kesihatan Sg Dua,5.34375,100.29753,rapidbus_penang,,0.3752427029136116,13277.513671875,9.493902494468088
12001976,Desa Intan,5.392608,100.28696,rapidbus_penang,,0.32207861199480337,12255.3955078125,9.413803162005749
12002032,Evergreen Paper,5.41941,100.39243,rapidbus_penang,,0.2633127780363813,7513.29248046875,8.924562150112692
12000032,Petronas Tanah Liat,5.3755,100.46487,rapidbus_penang,,0.5396773232061551,2631.472412109375,7.875678764222686
12001554,Lubuk Meriam,5.47437,100.45741,rapidbus_penang,,0.6114295753385971,641.3329467773438,6.465106777946403
12002356,PPD Tengah Permatang Pasir,5.418114,100.437137,rapidbus_penang,,0.27426098063986964,1276.8570556640625,7.152939778653679
12000776,Klinik Kesihatan Kubang Semang,5.397869999999999,100.46471,rapidbus_penang,,0.47026808636719725,1426.9608154296875,7.264002702347752
12000778,SK Penanti,5.40285,100.46455,rapidbus_penang,,0.378819526776937,2346.26416015625,7.761005741778358
12001169,Permatang Pasir,5.41999,100.43668,rapidbus_penang,,0.0672509371389464,1276.8570556640625,7.152939778653679
12001172,Kampung Kota II,5.42361,100.43552,rapidbus_penang,,0.364131943948905,1276.8570556640625,7.152939778653679
12001438,SK Sungai Nibong,5.338830000000001,100.29911,rapidbus_penang,,0.4639980835816225,8221.1064453125,9.014581713775442
12002126,Lorong Nagasari23,5.36679,100.41381,rapidbus_penang,,0.4929368649255031,7018.12548828125,8.856393914940922
12002523,Taman Kota Permai II,5.339943,100.45622,rapidbus_penang,,0.4846459281883644,2780.037109375,7.930579198041016
12002280,SK Kongsi,5.34657,100.2305,rapidbus_penang,,0.31347163759176927,2840.443603515625,7.9520675131059795
12000640,Kampung Besar,5.48453,100.50382,rapidbus_penang,,0.30104284512490026,1317.2066650390625,7.184027504772627
12001525,Hadapan Stesen Minyak Shell,5.44855,100.41399,rapidbus_penang,,0.4619435491478756,1767.466796875,7.477868233730809
12001595,Pekan Maklom,5.45056,100.40128,rapidbus_penang,,0.39829687771991507,1377.1485595703125,7.228496253868905
12002611,SMK Kampung Selamat,5.4991742,100.5205353,rapidbus_penang,,0.4308904562092023,590.3639526367188,6.382431652968062
12002612,Balai Bomba Kampung Selamat,5.5002047,100.5214741,rapidbus_penang,,0.4463622590050334,1245.0130615234375,7.127704182056048
12002614,Taman Selesa,5.504220200000001,100.52572,rapidbus_penang,,0.24864352127003247,2088.333740234375,7.644600509559398
12002622,PUSAT PERNIAGAAN PADANG SERAI,5.5153426,100.5446671,rapidbus_penang,,0.36251307352189654,3992.65283203125,8.292461587822041
12002623,Klinik Kesihatan Padang Serai,5.510301999999999,100.5536579,rapidbus_penang,,0.21442868608520121,3763.99072265625,8.233500676129033
12000489,Pusat Komersial,5.48402,100.4897,rapidbus_penang,,0.5117570139469806,1362.6453857421875,7.217916823475027
12000491,Petronas Tasek Gelugor,5.48454,100.48759,rapidbus_penang,,0.319377535843509,1362.6453857421875,7.217916823475027
12000501,Tali Air Pokok Macang,5.48854,100.47059,rapidbus_penang,,0.19660536373721998,597.8218383789064,6.394964122119105
12000503,Dewan Seri Pokok Macang,5.4888900000000005,100.46867,rapidbus_penang,,0.22485631592215533,597.8218383789064,6.394964122119105
12000648,Kampung Selamat III,5.48874,100.50533,rapidbus_penang,,0.32450465102765164,1317.2066650390625,7.184027504772627
12001518,Taman Sungai Dua,5.44548,100.42498,rapidbus_penang,,0.3251013473351828,2523.135498046875,7.833653906073931
12001527,Petronas Sg.Lokan,5.44909,100.41186,rapidbus_penang,,0.41398631997200463,1767.466796875,7.477868233730809
12001537,Alor Merah,5.45068,100.40347,rapidbus_penang,,0.3468475680645024,1377.1485595703125,7.228496253868905
12001950,Renesas,5.311275,100.28414,rapidbus_penang,,0.25027547131346073,5795.2041015625,8.664958517030799
12001952,B. Braun,5.312558,100.28348,rapidbus_penang,,0.3111495238437551,5795.2041015625,8.664958517030799
12001967,UTIC Service,5.318922,100.29341,rapidbus_penang,,0.21093512766138917,7300.3125,8.895809405495934
12002043,B. Braun Medical,5.309883,100.28114,rapidbus_penang,,0.43274170074936574,3952.473876953125,8.282349933914377
12001951,Renesas,5.3113150000000005,100.28407,rapidbus_penang,,0.2560046129309796,5795.2041015625,8.664958517030799
12002274,Kuala Sg.Pinang 2,5.39091,100.19928,rapidbus_penang,,0.5857328520720959,421.80862426757807,6.046919651771911
12000376,Permatang Pak Elong,5.507999999999999,100.40022,rapidbus_penang,,0.5433553073959693,1658.1563720703125,7.414064542572125
12000385,Taman Aman Putra,5.51751,100.42488,rapidbus_penang,,0.46626996170834234,2595.634521484375,7.861971470717379
12000998,Taman Paya Keladi,5.53379,100.43171,rapidbus_penang,,0.5571485445153217,882.6701049804686,6.784083808575778
12000154,Klinik Desa,5.337969999999999,100.20715,rapidbus_penang,,0.4644597574399965,1369.4091796875,7.22286464553352
12000160,Surau Sungai Burung,5.3461300000000005,100.20839,rapidbus_penang,,0.32637125724846433,849.06103515625,6.745308152972607
12000176,Hadapan Balai Polis,5.36486,100.2158,rapidbus_penang,,0.5202980895086776,764.1934204101561,6.640128639006073
12000631,Hadapan Lrg Kpg Perlis 3,5.33141,100.20634,rapidbus_penang,,0.48078587102472004,324.47235107421875,5.78527751510442
12000651,Kg Pulau Betong,5.30359,100.1974,rapidbus_penang,,0.3124094950812783,484.8495178222656,6.185898941843391
12000653,Pekan Pulau Betong,5.30391,100.19952,rapidbus_penang,,0.37645153559969013,593.052978515625,6.386968504805749
12000661,Balai Bomba Balik Pulau,5.32599,100.21291,rapidbus_penang,,0.35776009829762867,826.4168090820312,6.718308569366072
12001565,(M1) SMK Seri Balik Pulau,5.3343,100.21234,rapidbus_penang,,0.3322225461839532,1369.4091796875,7.22286464553352
12001566,Pejabat Daerah dan Tanah,5.35066,100.23408,rapidbus_penang,,0.419243169180982,2129.67431640625,7.664193789074865
12001572,Taman Poket Jalan Chai,5.35418,100.22922,rapidbus_penang,,0.15204199612412184,2124.256591796875,7.661647823149816
12000762,Kuala Sg. Pinang,5.39048,100.19598,rapidbus_penang,,0.4081117273375596,644.4257202148438,6.469910130411728
12000977,Kem PLKN Sg.Pinang,5.39998,100.21115,rapidbus_penang,,0.41937045039672105,625.3045654296875,6.439836779030086
12000979,Jalan Haji Hamid Senawi,5.40042,100.20902,rapidbus_penang,,0.4450191841880677,625.3045654296875,6.439836779030086
12002631,TAMAN SELESA,5.5040867,100.52572,rapidbus_penang,,0.2459518768776633,2088.333740234375,7.644600509559398
12001209,Kompleks Fareeda,5.40604,100.41534,rapidbus_penang,,0.5194850474322092,2684.674560546875,7.8956872083675975
12000963,Lorong Padang Tembak,5.40683,100.29616,rapidbus_penang,,0.3843920032243945,10460.4873046875,9.25545591725159
12001379,Flat Padang Tembak,5.41063,100.29005,rapidbus_penang,,0.45067882833429035,4556.1650390625,8.424456007211655
12000628,Lorong Kampung Melayu,5.40372,100.28837,rapidbus_penang,,0.23475278315841056,13805.87109375,9.532921652575762
12003627,Hospital Pulau Pinang,5.417962999999999,100.310628,rapidbus_penang,,0.281398759182402,8204.3466796875,9.012541254878697
12001085,Kem Wataniah 509,5.422586,100.31718,rapidbus_penang,,0.3590717366343112,9831.1435546875,9.193412251900824
12002082,Taman Gedung Heights II,5.317312,100.27995,rapidbus_penang,,0.4121808049637916,6168.66796875,8.727400301634562
12001460,Taman Sri Tunas,5.320189,100.28914,rapidbus_penang,,0.32101348866674495,7163.62353515625,8.87691079668457
12002256,Pekan Bayan Lepas,5.294630000000001,100.25861,rapidbus_penang,,0.30507436837719937,6248.0205078125,8.740180011698781
12002616,Ideal Summer Skye Square,5.299314,100.266985,rapidbus_penang,,0.5201206182981685,4682.61328125,8.451825159663178
12000810,Perumahan Kastam,5.37447,100.30129,rapidbus_penang,,0.4853196759323787,12085.646484375,9.39985652584135
12002242,Dewan JKKK Bukit Gelugor,5.372677,100.3028,rapidbus_penang,,0.2516464584246084,12085.646484375,9.39985652584135
12001342,Pusat Perniagaan Raja Uda,5.41782,100.38021,rapidbus_penang,,0.3845139697247513,9110.541015625,9.117297132438779
12001344,Petron Bagan Lalang,5.42519,100.3827,rapidbus_penang,,0.5577724488238297,9451.01171875,9.153982878123
12001039,Madrasah Adiniah A-Islamiah,5.461915,100.4004,rapidbus_penang,,0.2791563495917246,647.2581176757812,6.4742889467866185
12001041,Surau Permatang Tok Jaya,5.4675,100.40022,rapidbus_penang,,0.4407570052930133,848.27978515625,6.744388678732121
12002382,Pekan Maklom II,5.452896,100.401896,rapidbus_penang,,0.14756675294865568,1377.1485595703125,7.228496253868905
12000111,Taman Sentral,5.42532,100.39706,rapidbus_penang,,0.46975212888010404,7222.9375,8.885155443342894
12001979,All Season Place,5.39689,100.29035,rapidbus_penang,,0.4825740923561023,12255.3955078125,9.413803162005749
12002617,South Homes,5.307133,100.270918,rapidbus_penang,,0.40415297002457323,5452.3046875,8.603977068571409
12000144,Taman Sri Genting,5.33832,100.22207,rapidbus_penang,,0.30776715652451814,3214.13623046875,8.075625009170183
12000147,Taman Seri Indah,5.343380000000001,100.22744,rapidbus_penang,,0.2325446610064246,2840.443603515625,7.9520675131059795
12000731,Taman Kota Permai,5.34397,100.45679,rapidbus_penang,,0.4580491807662022,2795.8310546875,7.936242289049278
12002514,Taman Lembah Permai,5.349429,100.457412,rapidbus_penang,,0.6160707363156208,3572.525146484375,8.181307823569478
12000148,Taman Seri Indah,5.34345,100.22733,rapidbus_penang,,0.22813246228969966,2840.443603515625,7.9520675131059795
12000242,Balai Polis,5.28793,100.2828,rapidbus_penang,,0.39337368401186396,5561.70947265625,8.623840583771068
12001131,Sekolah Memandu Damar Laut,5.27816,100.26537,rapidbus_penang,,0.4609193490662651,2485.44482421875,7.818609187769336
12001156,SJK(T) Bayan Lepas,5.29306,100.25668,rapidbus_penang,,0.4922779289007935,2902.666748046875,7.973729613177487
12000415,Klinik Kesihatan Bayan Lepas,5.299901,100.26219,rapidbus_penang,,0.4404920960981842,5700.1728515625,8.648427196088267
12000417,JPAM Bayan Lepas,5.301789,100.26192,rapidbus_penang,,0.23035962317831643,5700.1728515625,8.648427196088267
12000423,Pasar MBPP,5.306801,100.26429,rapidbus_penang,,0.47791071403535157,5700.1728515625,8.648427196088267
12000430,Kem Sungai Ara 2,5.317285,100.26814,rapidbus_penang,,0.38314182751951403,5433.54052734375,8.600530256394471
12000517,Kg. Nelayan Teluk Kumbar,5.2881,100.22796,rapidbus_penang,,0.11313117130619182,4812.15283203125,8.479107622805039
12000617,SK Seri Bayu,5.29434,100.23005,rapidbus_penang,,0.26485908638925365,3576.458740234375,8.182407978236041
12001447,JPJ Batu Uban,5.35184,100.30481,rapidbus_penang,,0.2984457544823316,14027.7939453125,9.548867206843603
12001776,Hotel Grand Lexis,5.28696,100.23383,rapidbus_penang,,0.26825556747105817,4627.02734375,8.439885996625845
12001837,Setia Welcome Center,5.32963,100.27883,rapidbus_penang,,0.1407291252743358,6422.8427734375,8.767771780457453
12001840,SRJK Min Sin,5.331169,100.281425,rapidbus_penang,,0.4724878224439815,6422.8427734375,8.767771780457453
12001842,Bukit Jambul Golf Club,5.33199,100.28419,rapidbus_penang,,0.4263536408469455,7392.5029296875,8.908356911065239
12002063,Bay Garden,5.336976,100.308266,rapidbus_penang,,0.33054030127218637,4477.4375,8.407029492252391
12000048,Petronas Farlim,5.38858,100.28429,rapidbus_penang,,0.27340549957368626,9491.078125,9.158212848137039
12000067,Balai Polis Kampung Baru,5.40526,100.29424,rapidbus_penang,,0.1721227001142344,10460.4873046875,9.25545591725159
12000849,Jalan Mahsuri,5.32695,100.28878,rapidbus_penang,,0.3443155159414304,7392.5029296875,8.908356911065239
12000206,Hotel Hard Rock,5.466819999999999,100.242,rapidbus_penang,,0.4916317986298638,3783.49267578125,8.238667121427294
12000217,Night Market,5.473763,100.24805,rapidbus_penang,,0.534521318029833,3783.49267578125,8.238667121427294
12000236,Sri Sayang,5.47896,100.25527,rapidbus_penang,,0.26156895381678796,3253.47314453125,8.087785681182805
12000361,Kolej MSU,5.426480000000001,100.31749,rapidbus_penang,,0.34263484936274385,8737.2275390625,9.07546264934887
12001083,Pangsapuri Sri Pinang,5.42086,100.31724,rapidbus_penang,,0.2639978244999391,9831.1435546875,9.193412251900824
12001084,Kem Wataniah 509,5.42258,100.31714,rapidbus_penang,,0.361920385004565,9831.1435546875,9.193412251900824
12001670,Menara Asas,5.46545,100.28374,rapidbus_penang,,0.46614740809907035,7077.80029296875,8.86485972218381
12001919,Love Lane,5.41834,100.3364,rapidbus_penang,,0.23153465694620742,9610.4580078125,9.170711208230815
12002971,Pejabat Pos Besar P.Pinang 1,5.4180154,100.3436892,rapidbus_penang,,0.2847680624291704,7632.78173828125,8.940338642155195
12000739,Dewan Bakau Tua,5.567819999999999,100.35953,rapidbus_penang,,0.34582950714352345,1491.001708984375,7.307873926194937
12001056,Kampung Penaga Dua,5.521438,100.38201,rapidbus_penang,,0.46710072828638305,1148.5606689453125,7.047135121362314
12001114,SMK Tok Labu,5.55056,100.3773,rapidbus_penang,,0.3612298273406355,965.5343017578124,6.873716788714739
12001711,SMK ST Mark,5.44981,100.38293,rapidbus_penang,,0.5718208562966315,1931.0252685546875,7.566324093648988
12000092,SK Bagan Jermal,5.4318800000000005,100.37853,rapidbus_penang,,0.3545884984539289,8415.5419921875,9.03795433311628
12000756,Taman Desa Kuala Muda,5.56752,100.35681,rapidbus_penang,,0.5380047977683384,1302.932861328125,7.173140254449551
12000757,Dewan Bakau Tua,5.56786,100.35959,rapidbus_penang,,0.33847580913884506,1491.001708984375,7.307873926194937
12001057,Pekan Penaga,5.52467,100.38145,rapidbus_penang,,0.599002064079192,2724.99609375,7.910589179295069
12001124,Masjid Permatang Bendahari,5.57896,100.37469,rapidbus_penang,,0.357807720777741,687.7821655273438,6.53492506068677
12001722,Kolej Vokasional Butterworth,5.47414,100.38322,rapidbus_penang,,0.5327722036985414,2080.801513671875,7.640988910178748
12001725,Taman Ratna,5.47749,100.38341,rapidbus_penang,,0.3441291801645963,3561.158935546875,8.178122082603439
12001732,Taman Air Tawar Indah 2,5.490819999999999,100.38428,rapidbus_penang,,0.4691999549377263,3202.3408203125,8.071949550539856
12002551,Tesco Bagan Ajam,5.439352,100.38134,rapidbus_penang,,0.45525612315028213,7607.6357421875,8.937039163061574
12000120,Taman Selat,5.40005,100.36809,rapidbus_penang,,0.44339448695528516,4653.07177734375,8.445497766464355
12000123,Pejabat Kesihatan SPU,5.40636,100.36949,rapidbus_penang,,0.2903805139021289,4653.07177734375,8.445497766464355
12000902,Simpang Lorong Murni 5,5.43602,100.43273,rapidbus_penang,,0.4071545458663882,1911.6729736328125,7.556257005340479
12000075,SMK Sri Mutiara,5.41031,100.30745,rapidbus_penang,,0.4645501699976453,10967.4375,9.302777109213938
12000461,Pasaraya Gama,5.413819,100.3281,rapidbus_penang,,0.1940455153619283,12071.685546875,9.398700787012483
12000966,PBA,5.40882,100.29327,rapidbus_penang,,0.3909106054698821,6174.19140625,8.728295157979344
12001378,Flat Padang Tembak,5.41046,100.29009,rapidbus_penang,,0.46187064602814026,4556.1650390625,8.424456007211655
12001822,Wisma Yatim,5.40404,100.29161,rapidbus_penang,,0.3306809871915789,10460.4873046875,9.25545591725159
12001920,Love Lane,5.418401,100.33614,rapidbus_penang,,0.22448063958412742,9610.4580078125,9.170711208230815
12000455,Padang Brown,5.412893,100.317986,rapidbus_penang,,0.198376167645008,11714.4384765625,9.368662778885295
12000459,Penang Times Square,5.41332,100.3262,rapidbus_penang,,0.23452066247509146,12071.685546875,9.398700787012483
12001556,Taman Pokok Sena Indah,5.47935,100.4575,rapidbus_penang,,0.42035755888659143,1087.423095703125,6.992485226550845
12002363,Masjid Al Muhtadin,5.407346,100.453356,rapidbus_penang,,0.4027885806078765,1125.81494140625,7.02715029594825
12002365,Shell Kubang Semang,5.394344,100.464442,rapidbus_penang,,0.372996944679344,1426.9608154296875,7.264002702347752
12001852,Taman Perda Indah,5.5109,100.50464,rapidbus_penang,,0.23176958703889217,1231.45751953125,7.116765438411083
12001864,MRSM Kepala Batas,5.51963,100.47281,rapidbus_penang,,0.36772874885805534,1941.844482421875,7.5719084062470925
12002089,Bertam Putra 1,5.517612000000001,100.486015,rapidbus_penang,,0.3129642994012885,1799.6719970703125,7.495915205919044
12000635,Kampung Pisang,5.39829,100.28194,rapidbus_penang,,0.5481595154008003,12634.9150390625,9.444298438178455
12001323,Jalan Pisang Embun,5.39853,100.28353,rapidbus_penang,,0.45877225022955126,12255.3955078125,9.413803162005749
12000860,Shell Green Lane,5.3855900000000005,100.30514,rapidbus_penang,,0.2969543729123172,13026.74609375,9.474836676933101
12000864,Persatuan Kanak-Kanak Sepastik,5.3891,100.30325,rapidbus_penang,,0.22724573566422981,13026.74609375,9.474836676933101
12000991,Apartmen Taman Seri Petani,5.40585,100.32143,rapidbus_penang,,0.3103628216441696,12200.109375,9.409282158964299
12000993,Jalan Patani.,5.409741,100.32274,rapidbus_penang,,0.43587521793202,11714.4384765625,9.368662778885295
12001456,Astaka Gelugor,5.37239,100.30944,rapidbus_penang,,0.29710703457667004,12434.359375,9.428299256101363
12001588,Penang Japanese School,5.40843,100.3176,rapidbus_penang,,0.461764350935878,11714.4384765625,9.368662778885295
12002002,Pasar Batu Lanchang II,5.39051,100.30661,rapidbus_penang,,0.5589028610670028,13026.74609375,9.474836676933101
12002222,Taman Free School,5.40456399,100.3086116,rapidbus_penang,,0.3057283681919951,11790.4619140625,9.375130981948224
12000019,Taman Tun Sardon,5.371651,100.30281,rapidbus_penang,,0.1377344458773709,12085.646484375,9.39985652584135
12001214,Taman Bandar Ampang Jajar,5.41415,100.40546,rapidbus_penang,,0.363444051304579,2854.8134765625,7.957112011999873
12001217,Permatang Rawa,5.36889,100.45274,rapidbus_penang,,0.1708960663990884,2983.831787109375,8.00129867151165
12001218,SMK Permatang Rawa,5.36891,100.44688,rapidbus_penang,,0.30453744499298185,2721.009521484375,7.90912568117898
12001219,Petronas Permatang Rawa,5.36903,100.4496,rapidbus_penang,,0.3982071882319484,2983.831787109375,8.00129867151165
12001092,Perda Timur,5.3695,100.441,rapidbus_penang,,0.40954858368958275,2721.009521484375,7.90912568117898
12001194,Taman Bagan,5.41458,100.38433,rapidbus_penang,,0.3495931264316633,3904.241943359375,8.270075017680854
12001199,Kampung Belah 2,5.3784,100.42046,rapidbus_penang,,0.10461193282702837,5182.91796875,8.553316413977512
12001220,Caltex Permatang Rawa,5.3686,100.44541,rapidbus_penang,,0.22180488556030983,2721.009521484375,7.90912568117898
12003015,KTM Bukit Mertajam,5.368924,100.448113,rapidbus_penang,,0.42459550081388614,2721.009521484375,7.90912568117898
12000913,Taman Mewah,5.3985,100.37189,rapidbus_penang,,0.42750407731456563,4964.23193359375,8.510215289102975
12001878,Pangsapuri B3,5.390969999999999,100.40536,rapidbus_penang,,0.5098484516108512,2569.921630859375,7.852019724832956
12001953,Kastam Seberang Jaya,5.39465,100.4,rapidbus_penang,,0.33390978584157327,3435.899169921875,8.142324939765993
12000180,Padang Kilat,5.381530000000001,100.39312,rapidbus_penang,,0.34896001891554373,2938.15869140625,7.985878659995689
12000393,Pusat Perniagaan Chain Ferry II,5.40244,100.38308,rapidbus_penang,,0.37992123465580924,2437.919189453125,7.799310265011476
12000788,Taman Remia,5.34326,100.49753,rapidbus_penang,,0.40493602976273674,2333.82470703125,7.755692095349734
12000790,Kampung Janggus,5.34441,100.4942,rapidbus_penang,,0.11971533916608458,2333.82470703125,7.755692095349734
12002981,Terminal UTC Ukir Square,5.6402774,100.4905475,rapidbus_penang,,0.570555327433312,5164.32080078125,8.5497224901344
12000126,Peladang Sg.Petani,5.61914,100.47372,rapidbus_penang,,0.47931933022044615,4073.887939453125,8.312598525776139
12000185,Masjid Jalan Baru,5.36774,100.41932,rapidbus_penang,,0.2990723832582429,8077.42431640625,8.99695212215239
12000275,Hospital Sungai Bakap,5.21959,100.49815,rapidbus_penang,,0.40555312484368666,1585.4046630859375,7.369225516614994
12000329,Taman Markisah,5.31616,100.46169,rapidbus_penang,,0.4558989222762308,1939.6505126953125,7.570778511673914
12000438,Public Bank,5.330747,100.27945,rapidbus_penang,,0.2795237892564086,6422.8427734375,8.767771780457453
12001016,Pangsapuri Green Garden,5.36604,100.27329,rapidbus_penang,,0.6016448878202623,3052.5576171875,8.024062621713103
12001433,Petronas Kampung Jawa,5.32956,100.29436,rapidbus_penang,,0.09336896002018893,7488.4892578125,8.921255884308058
12000068,CIMB Bank Ayer Itam,5.4053,100.28384,rapidbus_penang,,0.3175708073579046,13805.87109375,9.532921652575762
12000041,Hub Jalan Air Puteh,5.28661,100.54287,rapidbus_penang,,0.19683322629311073,531.1011352539064,6.276833575134922
12000598,Taman Alma Perpaduan,5.34585,100.47166,rapidbus_penang,,0.2349436008035159,6912.13818359375,8.841178964692944
12001266,Kg. Baru Simpang Empat,5.28653,100.47731,rapidbus_penang,,0.09107352178230843,2856.51416015625,7.957707351091946
12001682,Muda Paper III,5.28453,100.51734,rapidbus_penang,,0.3772205497723449,1454.0672607421875,7.282807405851361
12000046,SJKC Sin Ya,5.330019999999999,100.47829,rapidbus_penang,,0.14713462988199544,5486.154296875,8.610165057107379
12000798,Taman Sentosa,5.35331,100.47288,rapidbus_penang,,0.3682839447721103,4184.16650390625,8.339301768011769
12001358,Taman Seri Impian,5.31124,100.47958,rapidbus_penang,,0.2067083789986251,3005.72119140625,8.008605458838181
12001362,AEON Pintu Utama,5.31962,100.47699,rapidbus_penang,,0.13552943197072106,5892.37841796875,8.681584697602082
12001684,Kampung Hj. Abdullah,5.2847,100.51559,rapidbus_penang,,0.5154629810067665,1454.0672607421875,7.282807405851361
12002586,B Garden,5.346003,100.471931,rapidbus_penang,,0.26800258712508246,6912.13818359375,8.841178964692944
12002590,Pasar Awam Taman Selamat,5.327946,100.48588,rapidbus_penang,,0.09833976171573841,6090.54931640625,8.714657731699678
12000341,Chinese Temple,5.33916,100.5096,rapidbus_penang,,0.2943922612730481,2727.772216796875,7.91160704957975
12000787,Taman Remia,5.34314,100.49807,rapidbus_penang,,0.46166843159211624,2333.82470703125,7.755692095349734
12000805,Pangsapuri Taman Chai Leng,5.384123000000001,100.39255,rapidbus_penang,,0.39877171007789175,2659.260986328125,7.886179512123716
12001178,Politeknik Seberang Perai,5.37299,100.42214,rapidbus_penang,,0.4024938246337802,8077.42431640625,8.99695212215239
12000917,Balai Polis Lama Bukit Panchor,5.177230000000001,100.48228,rapidbus_penang,,0.47097862746821,3154.246337890625,8.056821850498062
12001258,Taman Tangling,5.26822,100.476,rapidbus_penang,,0.3235619896036936,3111.333251953125,8.043127965668164
12001259,Taman Belibis,5.26949,100.47668,rapidbus_penang,,0.17134627534323027,3111.333251953125,8.043127965668164
12001483,Perkampungan Jawi,5.21248,100.49722,rapidbus_penang,,0.2953241318266028,2364.915283203125,7.768920237981446
12002326,Essex,5.304322,100.472292,rapidbus_penang,,0.3066088040493795,2225.85693359375,7.708346423430755
12002331,Premium Outlet,5.250563,100.475252,rapidbus_penang,,0.46111770707539795,1770.2935791015625,7.479465394288148
12002332,JKR Jawi,5.207808999999999,100.497725,rapidbus_penang,,0.5698696322894616,1912.0086669921875,7.556432500006147
12000183,Taman Bunga Raya,5.36632,100.42163,rapidbus_penang,,0.5088059068344447,8077.42431640625,8.99695212215239
12000278,Taman Penyu,5.2304900000000005,100.49232,rapidbus_penang,,0.3165701826197027,2382.4921875,7.7763219968966935
12000343,Pejabat Veterinar,5.33632,100.44294,rapidbus_penang,,0.20073290278909567,2795.17431640625,7.936007446333888
12000347,Masjid Balik Bukit,5.354080000000001,100.42859,rapidbus_penang,,0.08311624983874706,3259.0302734375,8.089491760648157
12001253,Taman Perdana,5.26818,100.47571,rapidbus_penang,,0.34862947229323904,3111.333251953125,8.043127965668164
12001254,Balai Polis Simpang Empat,5.2836,100.47659,rapidbus_penang,,0.4142512571008319,2856.51416015625,7.957707351091946
12001257,Taman IKS Perda,5.26508,100.47411,rapidbus_penang,,0.5372534314042351,2964.32568359375,7.994742148095596
12001596,Masjid Sungai Rambai,5.36436,100.45317,rapidbus_penang,,0.2546869037595422,3654.68115234375,8.204037716611033
12002339,Kampung Tengah Kebun Sireh,5.353937999999999,100.435063,rapidbus_penang,,0.13301895217393783,4042.85400390625,8.304953477586162
12001499,Tesco Sungai Dua,5.35025,100.29694,rapidbus_penang,,0.46858706333500116,9939.43359375,9.204365919800857
12002977,Taman Alor Vista I,5.341661,100.269612,rapidbus_penang,,0.41764407478606175,4641.98291015625,8.44311230723698
12003025,Kompleks Eureka,5.354763,100.30273,rapidbus_penang,,0.11449246848692776,14027.7939453125,9.548867206843603
12000266,Jalan Besar,5.131538,100.471214,rapidbus_penang,,0.3587821647076571,1699.580078125,7.438724694267646
12002165,Mydin Mall,5.128312,100.4821847,rapidbus_penang,,0.45281682088046166,4457.1357421875,8.402485962604613
12000270,Taman Fajar,5.1477900000000005,100.47102,rapidbus_penang,,0.30815932177779826,2466.3154296875,7.810885967978022
12000028,ASE,5.308572,100.29408,rapidbus_penang,,0.3944137398070814,6227.68603515625,8.736920680252297
12002007,SAM Engineering & Equipment,5.29565,100.28665,rapidbus_penang,,0.05135527580756469,6578.75146484375,8.791752252305667
12002010,Elsoft Research,5.292789,100.28856,rapidbus_penang,,0.38835639092299684,6578.75146484375,8.791752252305667
12002051,Motorola,5.297999999999999,100.29277,rapidbus_penang,,0.3504211881060747,5195.359375,8.555713539178617
12000014,GUH Holdings,5.328583,100.30004,rapidbus_penang,,0.31898734354919467,6132.75439453125,8.721562303854846
12002206,Hill Top,5.4781326,100.2650227,rapidbus_penang,,0.42324036930802866,1617.376953125,7.3891790452213675
12001412,The Mansion,5.42345,100.33253,rapidbus_penang,,0.5322505011590296,9610.4580078125,9.170711208230815
12001415,Feruni,5.42541,100.32504,rapidbus_penang,,0.4892045884815661,6316.47802734375,8.751075361194369
12000204,Apartment Baiduri,5.46443,100.23876,rapidbus_penang,,0.3811717581498024,850.7350463867188,6.747275500046156
12000225,Feringghi Plaza,5.47743,100.2538,rapidbus_penang,,0.17640216609669762,3253.47314453125,8.087785681182805
12000227,Mount Pleasure,5.47754,100.27243,rapidbus_penang,,0.34266093099507816,2158.04443359375,7.677421010939319
12000231,Moon Light Café,5.47801,100.26288,rapidbus_penang,,0.19834559910294908,1617.376953125,7.3891790452213675
12000234,Double Tree Resort,5.47825,100.26897,rapidbus_penang,,0.08772848792786442,2158.04443359375,7.677421010939319
12001915,Hotel Armenian,5.415494,100.335,rapidbus_penang,,0.4036698899612705,9693.0888671875,9.17927158359948
12001942,Kompleks Makanan,5.33636,100.29348,rapidbus_penang,,0.14623040495125222,13364.4619140625,9.50042918944698
12002993,Presgrave Corner,5.41122,100.330436,rapidbus_penang,,0.2949957505614988,12071.685546875,9.398700787012483
12000198,SJKC Weng Khai,5.29526,100.27976,rapidbus_penang,,0.2048814512274664,4196.2021484375,8.342173427157613
12000308,Petronas,5.362509999999999,100.29554,rapidbus_penang,,0.11608263415544498,8144.03662109375,9.005164017170145
12000568,Taman Dato Syed Abbas,5.39451,100.31638,rapidbus_penang,,0.3686331940898418,11066.7470703125,9.311790488306748
12001139,Kampung Batu Lima,5.280432,100.28036,rapidbus_penang,,0.3289137855525649,4290.07470703125,8.364292495008053
12001141,Taman Gembira,5.28062,100.27474,rapidbus_penang,,0.4085489177233907,4290.07470703125,8.364292495008053
12001838,SPICE,5.33071,100.28059,rapidbus_penang,,0.36758274448670963,6422.8427734375,8.767771780457453
12000718,Sri Pangkor Kondominium,5.42875,100.31974,rapidbus_penang,,0.017385607868382277,8737.2275390625,9.07546264934887
12000972,Gleneagles II,5.427282,100.31952,rapidbus_penang,,0.16340333849908587,8737.2275390625,9.07546264934887
12001754,SMK Teluk Bahang,5.45075,100.21473,rapidbus_penang,,0.5096181799881636,1566.9765625,7.3575412534134355
12002223,Dewan Teluk Bahang,5.45713881,100.21489682,rapidbus_penang,,0.5522335290116497,1566.9765625,7.3575412534134355
12002250,HILLTOP,5.47794445,100.2650168,rapidbus_penang,,0.42649566483952867,1617.376953125,7.3891790452213675
12000081,Sekolah Ikthisas Tentera Udara,5.45918,100.28918,rapidbus_penang,,0.4576564930834317,7077.80029296875,8.86485972218381
12000576,SJK(C) MOH GHEE Cawangan,5.40042,100.3222,rapidbus_penang,,0.4701641221338261,12200.109375,9.409282158964299
12001435,SRJK Kwang Hwa,5.33615,100.29726,rapidbus_penang,,0.3140365356360617,13364.4619140625,9.50042918944698
12001439,Masjid Jamek Sg Nibong,5.340112,100.29935,rapidbus_penang,,0.5189352823483261,8221.1064453125,9.014581713775442
12001457,KTM Motor,5.3727800000000006,100.30903,rapidbus_penang,,0.3597626027863812,12434.359375,9.428299256101363
12000894,Kwang Tung & Teng Chow Association,5.43515,100.30302,rapidbus_penang,,0.21530378623790253,7764.4169921875,8.957435435646065
12001564,Petron Jalan Sungai Kelian,5.46497,100.29183,rapidbus_penang,,0.44257494832181793,4720.15478515625,8.45980870652783
12000078,Taman Pantai Jerejak,5.340268,100.30331,rapidbus_penang,,0.35677109197475787,8221.1064453125,9.014581713775442
12001445,Taman Century,5.3477,100.30336,rapidbus_penang,,0.25858369823274074,13274.052734375,9.493641818559876
12000869,SMK Convent Green Lane,5.39722,100.30376,rapidbus_penang,,0.22118895250126247,8991.873046875,9.104187658932297
12002048,SMK Georgetown,5.3992,100.29881,rapidbus_penang,,0.6193520869689857,8991.873046875,9.104187658932297
12001594,Pekan Maklom,5.45055,100.40147,rapidbus_penang,,0.39019778677462086,1377.1485595703125,7.228496253868905
12000039,Masjid Kubang Semang,5.39912,100.46474,rapidbus_penang,,0.5646726208741717,1426.9608154296875,7.264002702347752
12001338,Kolej Matrikulasi Kepala Batas,5.49712,100.43635,rapidbus_penang,,0.1897071825236197,1559.419921875,7.352710244710064
12001540,Masjid Al Marbawi,5.452975,100.436775,rapidbus_penang,,0.10398086546433553,2876.994873046875,7.964849106016565
12001548,Masjid Nyior Sebatang,5.46106,100.44891,rapidbus_penang,,0.457826649198019,889.6023559570312,6.791898038243446
12001550,Nyior Sebatang,5.46652,100.45462,rapidbus_penang,,0.47256883573826175,798.5241088867188,6.684016686774603
12001557,Taman Pokok Sena Indah,5.47957,100.45745,rapidbus_penang,,0.4303330268639315,1087.423095703125,6.992485226550845
12002359,Masjid Jamek Pongsu Seribu,5.497138,100.442742,rapidbus_penang,,0.2795470295343152,1700.1961669921875,7.4390869102569
12000535,SMK Dato Haji Ahmad Badawi,5.50721,100.42981,rapidbus_penang,,0.4381066402780471,3239.710693359375,8.083547934535002
12000772,Taman Guru,5.38209,100.46393,rapidbus_penang,,0.4753591360676605,2631.472412109375,7.875678764222686
12001168,Pejabat Pelajaran,5.4176,100.43729,rapidbus_penang,,0.3337221236002705,1276.8570556640625,7.152939778653679
12001337,JPS Pokok Sena,5.497099,100.430435,rapidbus_penang,,0.3357165284696905,1447.7764892578125,7.278474678702726
12001771,Masjid Sungai Batu,5.28632,100.241,rapidbus_penang,,0.40569326074698886,3071.06640625,8.030105710651766
12002305,Saujana Height,5.291580000000001,100.25035,rapidbus_penang,,0.5125972300284231,2902.666748046875,7.973729613177487
12002307,Pekan Teluk Kumbar,5.28745,100.23263,rapidbus_penang,,0.4028362750135893,4627.02734375,8.439885996625845
12001449,Jejantas Batu Uban,5.3545,100.30856,rapidbus_penang,,0.30921861343296186,10643.6640625,9.2728140185863
12001282,Pusat Perniagaan Juru Evenue,5.32564,100.43532,rapidbus_penang,,0.3608267237464037,1940.2401123046875,7.571082280981638
12002125,Padang Permainan Taman Nagasari,5.36497,100.41395,rapidbus_penang,,0.43862374123822917,5814.88232421875,8.668347785896344
12002127,Padang Permainan Taman Nagasari,5.3649,100.41395,rapidbus_penang,,0.4329605893314041,5814.88232421875,8.668347785896344
12002129,Warung Bonda,5.3612,100.41079,rapidbus_penang,,0.11063763780321487,5814.88232421875,8.668347785896344
12002130,Nashmir Car Park,5.340143,100.42792,rapidbus_penang,,0.34019905076216084,3287.14794921875,8.098079751884779
12002585,Pusat Perniagaan Desa Wawasa,5.358213,100.447397,rapidbus_penang,,0.531306166695577,4721.64013671875,8.460123273200876
12001025,JKR Paya Terubong,5.38604,100.27467,rapidbus_penang,,0.37764347769584716,12969.900390625,9.470463695920623
12001886,SRJK Chong Teik,5.35127,100.23708,rapidbus_penang,,0.2907033112007662,2129.67431640625,7.664193789074865
12000500,Tali Air Pokok Macang,5.48851,100.47104,rapidbus_penang,,0.22620586064289888,597.8218383789064,6.394964122119105
12000642,Kampung Selamat I,5.493930000000001,100.50885,rapidbus_penang,,0.3128523376438593,845.9546508789062,6.741647152343727
12001591,Pekan Sungai Puyu,5.44873,100.39698,rapidbus_penang,,0.4540112069759082,6177.90185546875,8.728895841372568
12001592,(M3) Taman Seri Pinang,5.449669999999999,100.39922,rapidbus_penang,,0.6109353716219176,1377.1485595703125,7.228496253868905
12000504,Pejabat Veterinar,5.48891,100.46059,rapidbus_penang,,0.21581961465897026,1482.3311767578125,7.302045632619982
12000649,Kampung Selamat II,5.49319,100.50822,rapidbus_penang,,0.4168438741698764,845.9546508789062,6.741647152343727
12001963,Cincaria Sdn. Bhd,5.314344,100.29616,rapidbus_penang,,0.3060499105940113,6227.68603515625,8.736920680252297
12002277,Jalan Sungai Rusa 2,5.3786614,100.2140788,rapidbus_penang,,0.3133619173820458,846.890380859375,6.742751359581583
12000259,Bertam Indah,5.5251,100.43509,rapidbus_penang,,0.4256902473839529,1977.9788818359373,7.590336274416744
12000387,Balai Polis Trafik Kepala Batas,5.52289,100.42712,rapidbus_penang,,0.2887783750495306,2595.634521484375,7.861971470717379
12000708,Lahar Ikan Mati,5.53074,100.42953,rapidbus_penang,,0.2843480495923239,1630.88525390625,7.397491222945717
12002546,Pasar Awam Kepala Batas,5.515288,100.415881,rapidbus_penang,,0.5429975776954878,1895.429443359375,7.547728156829909
12000140,Pekan Kongsi,5.35078,100.23511,rapidbus_penang,,0.3535476189820136,2129.67431640625,7.664193789074865
12000167,SK Sg. Korok,5.3537,100.20965,rapidbus_penang,,0.1771805148532558,565.0693359375,6.338716572356828
12000171,Hadapan Masjid Jalan Baru,5.35715,100.2104,rapidbus_penang,,0.38956789118428725,565.0693359375,6.338716572356828
12000629,Lrg Kpg Perlis 3,5.31961,100.20483,rapidbus_penang,,0.2300918950420824,321.62014770507807,5.776475617879424
12000652,Kampung Pulau Betong 2,5.30379,100.19846,rapidbus_penang,,0.42928608635008964,484.8495178222656,6.185898941843391
12000660,Kampung Terang,5.32126,100.21199,rapidbus_penang,,0.12453640509803897,413.118408203125,6.026151943084684
12000736,Kg. Sungai Korok,5.352930000000001,100.20356,rapidbus_penang,,0.11574298875181699,1038.869384765625,6.946850392676622
12001569,Taman Impian,5.35206,100.23124,rapidbus_penang,,0.413186322508831,2124.256591796875,7.661647823149816
12001574,Pejabat Agama Daerah,5.35669,100.22716,rapidbus_penang,,0.3374446930794558,2124.256591796875,7.661647823149816
12002258,Titi Sungai Korok,5.352684,100.2055337,rapidbus_penang,,0.3130887444697331,1038.869384765625,6.946850392676622
12000985,Pusat Falak Sheik Tahir,5.4116800000000005,100.19652,rapidbus_penang,,0.21907482554020022,367.8627014160156,5.910424491917089
12000986,Hub Pantai Acheh,5.41632,100.19727,rapidbus_penang,,0.5440612858958758,319.0924072265625,5.768609726690003
12001614,Sekolah Agama Sungai Rusa,5.384957,100.21305,rapidbus_penang,,0.30925236508444426,618.8452758789064,6.429469891861076
12001618,Kampung Sungai Rusa,5.38703,100.21226,rapidbus_penang,,0.1120121823518259,618.8452758789064,6.429469891861076
12001619,Madrasah Tahfiz - Irfanratul,5.39123,100.21046,rapidbus_penang,,0.46928071100921326,618.8452758789064,6.429469891861076
12002345,TM Point Perda,5.368551999999999,100.436851,rapidbus_penang,,0.21778814966157148,2493.916259765625,7.822010444402171
12002969,Jalan Perda Barat I,5.366708900000001,100.4340636,rapidbus_penang,,0.4780827440962772,2493.916259765625,7.822010444402171
12002970,Jalan Perda Barat II,5.3677931,100.4322504,rapidbus_penang,,0.5302227744605041,2493.916259765625,7.822010444402171
12000626,Makam Shaikh Omar,5.40091,100.28718,rapidbus_penang,,0.33218456737599256,13805.87109375,9.532921652575762
12002300,Klinik Kesihatan  Air Itam,5.40604,100.28224,rapidbus_penang,,0.5117091326064098,13805.87109375,9.532921652575762
12000872,SMK Penang Free,5.40292,100.30405,rapidbus_penang,,0.1557974975595422,10641.908203125,9.27264905290989
12000865,Gembira Parade,5.389128,100.30334,rapidbus_penang,,0.23212492005302188,13026.74609375,9.474836676933101
12000051,Kolej MSU,5.41477,100.31888,rapidbus_penang,,0.3086919088074673,11714.4384765625,9.368662778885295
12000937,(M3) SMK Abdullah Munshi,5.40857,100.31331,rapidbus_penang,,0.45239090411666044,10967.4375,9.302777109213938
12002208,Pasar Jalan Anson,5.416127599999999,100.3209253,rapidbus_penang,,0.47359740805267353,11714.4384765625,9.368662778885295
12001383,Palm / Nipah Court,5.45043,100.30725,rapidbus_penang,,0.5764584997249602,6421.53662109375,8.767568430967588
12001341,Pusat Perniagaan Raja Uda,5.4164,100.37955,rapidbus_penang,,0.4818777050314077,9110.541015625,9.117297132438779
12001345,Taman Anggerik,5.42596,100.38276,rapidbus_penang,,0.49545503792406925,9451.01171875,9.153982878123
12001524,Shell Sg. Lokan,5.44853,100.41405,rapidbus_penang,,0.46467263859755775,1767.466796875,7.477868233730809
12000109,Taman Carissa Villa,5.4235,100.39725,rapidbus_penang,,0.4524347704756598,7513.29248046875,8.924562150112692
12000113,Pusat Perniagaan Taman Mesra,5.43041,100.397,rapidbus_penang,,0.32504017789484096,7222.9375,8.885155443342894
12002386,Pejabat Agama Daerah SPU,5.4895011,100.3971242,rapidbus_penang,,0.38908082345261347,1486.9349365234375,7.305144488982372
12002024,SMK Tun Hussein Onn,5.38805,100.40646,rapidbus_penang,,0.4067570199586742,2569.921630859375,7.852019724832956
12000135,Kolej Kemahiran Tinggi Mara Balik Pulau,5.33228,100.21707,rapidbus_penang,,0.48110249413973133,1534.0958251953125,7.336348084910161
12000149,SK Kongsi,5.34619,100.23028,rapidbus_penang,,0.27545046656044847,2840.443603515625,7.9520675131059795
12002313,Pejabat Pos B.Pulau,5.3492573,100.2335378,rapidbus_penang,,0.5220135401942558,2130.316650390625,7.664495213453397
12000241,Institut Penyelidikan Perikanan,5.28554,100.28662,rapidbus_penang,,0.17646304933300264,5561.70947265625,8.623840583771068
12000312,Jalan Permai 1,5.37326,100.29838,rapidbus_penang,,0.5259739574814074,8466.787109375,9.044024491335868
12001147,Kampung Binjai,5.2834,100.25713,rapidbus_penang,,0.6130411115627828,3944.926025390625,8.280438939673596
12001148,Muzium Perang,5.28372,100.28618,rapidbus_penang,,0.37408564169992764,5561.70947265625,8.623840583771068
12001076,Kampung Dodol,5.40492,100.31538,rapidbus_penang,,0.47537953766892477,11790.4619140625,9.375130981948224
12002278,Klinik Comfort,5.397133,100.314648,rapidbus_penang,,0.42183900192259105,12141.8564453125,9.404496328972286
12000246,Kampung Sungai Ara,5.32355,100.27444,rapidbus_penang,,0.5191404198044838,6168.66796875,8.727400301634562
12000410,SK Bayan Lepas,5.29676,100.25974,rapidbus_penang,,0.2241495723865622,6248.0205078125,8.740180011698781
12000413,Bayu Mutiara,5.297193,100.25646,rapidbus_penang,,0.43926466048774887,2902.666748046875,7.973729613177487
12000432,SMK Sungai Ara,5.31967,100.27074,rapidbus_penang,,0.15266779838243916,5433.54052734375,8.600530256394471
12000509,Gertak Sanggul,5.27927,100.20471,rapidbus_penang,,0.20684688286559336,565.4656372070312,6.339416420564794
12000514,Taman Pasir Belanda,5.284813,100.21954,rapidbus_penang,,0.2525149501023475,2825.69970703125,7.946865128857751
12000522,Balai Polis Teluk Kumbar,5.28742,100.23045,rapidbus_penang,,0.28302242887635637,4812.15283203125,8.479107622805039
12001492,Terminal Ekspress Sg Nibong,5.342442,100.29952,rapidbus_penang,,0.5008018439079507,13274.052734375,9.493641818559876
12001500,Tesco Sungai Dua,5.35118,100.29788,rapidbus_penang,,0.4635887641413651,9939.43359375,9.204365919800857
12001504,USM,5.352876999999999,100.30185,rapidbus_penang,,0.15284760089404467,14027.7939453125,9.548867206843603
12001955,Krystal Point Corporate Park,5.330701,100.298996,rapidbus_penang,,0.4852183403233247,6132.75439453125,8.721562303854846
12002012,Lintang Kg. Masjid,5.288959999999999,100.22724,rapidbus_penang,,0.22168395280556738,4812.15283203125,8.479107622805039
12002059,Queensbay Mall,5.331947,100.30791,rapidbus_penang,,0.5129011895210595,2884.845947265625,7.967573358583249
12000071,Masjid Negeri P.Pinang,5.407769999999999,100.29997,rapidbus_penang,,0.5533265081775525,10641.908203125,9.27264905290989
12000839,St. Christoper School,5.42288,100.30614,rapidbus_penang,,0.44984795779906117,5247.35107421875,8.56566922515068
12001011,Apartmen Taman Bendera,5.3396,100.27426,rapidbus_penang,,0.4920965652118969,8643.3525390625,9.064661501045759
12001020,Oriental Garden,5.37547,100.27576,rapidbus_penang,,0.43591124438248274,6191.44482421875,8.731085251225918
12001355,(M2) SK Jalan Residensi,5.42026,100.31155,rapidbus_penang,,0.03754892272864765,8204.3466796875,9.012541254878697
12001368,Heritage Club,5.41869,100.30466,rapidbus_penang,,0.27226788087623915,5247.35107421875,8.56566922515068
12001422,Sungai Tiram,5.302697,100.27651,rapidbus_penang,,0.19482669550488224,4337.3916015625,8.375258959687457
12001432,Taman Mahsuri,5.32846,100.29336,rapidbus_penang,,0.1391891836848912,7488.4892578125,8.921255884308058
12001814,Pasaraya Sunshine Farlim,5.39577,100.28657,rapidbus_penang,,0.0529147485202539,12255.3955078125,9.413803162005749
12000205,Apartment Baiduri,5.46459,100.23866,rapidbus_penang,,0.38582820465799084,850.7350463867188,6.747275500046156
12000221,Long Beach,5.4749,100.25005,rapidbus_penang,,0.5328618961261555,3253.47314453125,8.087785681182805
12000237,Basket Ball Court,5.48026,100.26052,rapidbus_penang,,0.18629776143144397,1617.376953125,7.3891790452213675
12000828,Masjid Simpang Enam,5.414540000000001,100.32774,rapidbus_penang,,0.27384442991685215,12071.685546875,9.398700787012483
12000832,Tropicana Hotel,5.418019999999999,100.32038,rapidbus_penang,,0.28074310441283656,9831.1435546875,9.193412251900824
12001917,Little India,5.41647,100.33854,rapidbus_penang,,0.5068433730813047,9610.4580078125,9.170711208230815
12002057,Church Street Pier,5.41664,100.34413,rapidbus_penang,,0.4229492615341439,7632.78173828125,8.940338642155195
12002204,By The Sea,5.4691428,100.2443992,rapidbus_penang,,0.14312052997804608,3783.49267578125,8.238667121427294
12002253,Moon Light Bay,5.47848702,100.2616271,rapidbus_penang,,0.05101114514089926,1617.376953125,7.3891790452213675
12002972,Swettenham Pier Cruise Terminal,5.4185041,100.3450813,rapidbus_penang,,0.21972644399907348,7632.78173828125,8.940338642155195
12000602,SJKC Chung Hwa Pusat,5.41634,100.37329,rapidbus_penang,,0.6114756295514409,5804.0234375,8.666478931591541
12000604,Masjid Kubang Buaya,5.41944,100.37469,rapidbus_penang,,0.37329435426896473,9110.541015625,9.117297132438779
12001116,Tali Air Permatang Bendahari,5.55865,100.3771,rapidbus_penang,,0.3923321273726296,423.218994140625,6.05024981750869
12001121,Kampung Sungai Kedak,5.567830000000001,100.37629,rapidbus_penang,,0.3393115378700998,385.314453125,5.956651683222923
12001122,Permatang Bendahari,5.57297,100.37571,rapidbus_penang,,0.3744535711316634,385.314453125,5.956651683222923
12001717,(M3) Pangkalan TUDM,5.463769999999999,100.38248,rapidbus_penang,,0.4574612119299068,2138.689697265625,7.66841609622445
12001720,SK Taman Senangan,5.471480000000001,100.38296,rapidbus_penang,,0.3828312108891898,2080.801513671875,7.640988910178748
12002322,(M1) Penang Sentral,5.3948602,100.3653495,rapidbus_penang,,0.4580686003114365,3136.94482421875,8.051323350034107
12000096,Pejabat Pos Bagan Ajam,5.43869,100.3811,rapidbus_penang,,0.3951075305600428,7607.6357421875,8.937039163061574
12001052,Permatang Berah,5.51375,100.38306,rapidbus_penang,,0.39870590633825237,568.5228881835938,6.344798972042054
12001710,SMK ST Mark,5.44958,100.383,rapidbus_penang,,0.5862472015370227,5882.95556640625,8.679984530096323
12001721,SK Taman Senangan,5.47172,100.38309,rapidbus_penang,,0.3785624480891616,2080.801513671875,7.640988910178748
12001726,Masjid Jamek Daerah SPU,5.479248999999999,100.383484,rapidbus_penang,,0.31110113773586645,3561.158935546875,8.178122082603439
12000007,Container Hotel,5.41415,100.34042,rapidbus_penang,,0.5149443507660305,7026.83056640625,8.857633340650732
12001019,Surau Al Muttaqin,5.37176,100.27534,rapidbus_penang,,0.32194901518291885,6768.25146484375,8.820145793300597
12001374,Nasi Kandar Salam,5.405191,100.28876,rapidbus_penang,,0.3207756904586573,13805.87109375,9.532921652575762
12001916,Restoran Kapitan,5.41602,100.33892,rapidbus_penang,,0.5281863068026309,9693.0888671875,9.17927158359948
12001510,Desa Murni,5.4404900000000005,100.42953,rapidbus_penang,,0.4187906868169875,1752.61328125,7.469433670430536
12001553,Simpang Lahar Yooi,5.4691,100.45682,rapidbus_penang,,0.45623398793078546,798.5241088867188,6.684016686774603
12002119,IPD Seberang Prai Utara,5.5140447,100.4395871,rapidbus_penang,,0.4289626999637843,2983.199462890625,8.001086803221929
12002201,(M1) The Summit,5.3657975,100.462624,rapidbus_penang,,0.4401142503092985,3388.84814453125,8.128540404247639
12000252,Hospital Kepala Batas,5.51283,100.43711,rapidbus_penang,,0.12632626246432602,2983.199462890625,8.001086803221929
12001849,(M2) Taman Sepadu,5.487509999999999,100.49526,rapidbus_penang,,0.08868463241584945,1470.5037841796875,7.294040139317986
12001853,Taman Seri Menerong,5.513803,100.50583,rapidbus_penang,,0.3749108167581595,1231.45751953125,7.116765438411083
12002072,MPC,5.5153300000000005,100.4457,rapidbus_penang,,0.3815775495246553,1627.449462890625,7.395383591315276
12002075,Sunshine Bertam,5.51561,100.44977,rapidbus_penang,,0.5244315576657,787.603271484375,6.670263369906105
12002574,Midtown PERDA,5.502243,100.501664,rapidbus_penang,,0.2174814270678634,958.2037963867188,6.866103561573194
12000623,Medan Niaga Kampung Melayu,5.39941,100.28599,rapidbus_penang,,0.4449469358155097,12255.3955078125,9.413803162005749
12000809,Perumahan Kastam,5.37408,100.30198,rapidbus_penang,,0.4203048148364913,12085.646484375,9.39985652584135
12001212,Kawasan Industri Mak Mandin,5.4134400000000005,100.39491,rapidbus_penang,,0.15511819718247533,3799.333251953125,8.242844039751644
12002372,Shell Mak Mandin,5.414322,100.388326,rapidbus_penang,,0.3388039829961756,3904.241943359375,8.270075017680854
12001189,Kawasan Industri Mak Mandin,5.41246,100.39816,rapidbus_penang,,0.39818408051985044,3799.333251953125,8.242844039751644
12001190,Taman Ampang Jajar,5.41376,100.40154,rapidbus_penang,,0.24075361180218674,2854.8134765625,7.957112011999873
12001193,Taman Bagan II,5.414540000000001,100.38274,rapidbus_penang,,0.47492128876518125,3904.241943359375,8.270075017680854
12001201,Kampung Pertama,5.38516,100.41869,rapidbus_penang,,0.23562424273942995,4516.29296875,8.415668192694577
12002370,Taman Bagan III,5.414457,100.380917,rapidbus_penang,,0.424258134945811,6323.03515625,8.752112757493228
12001067,(M2) Megamall - Pacific,5.37879,100.39794,rapidbus_penang,,0.3716704222455425,2938.15869140625,7.985878659995689
12002020,Pangsapuri D18,5.39595,100.40404,rapidbus_penang,,0.13780262876928728,3435.899169921875,8.142324939765993
12000179,Kuil Sri Muniswara,5.380380000000001,100.39541,rapidbus_penang,,0.2030428976813823,2938.15869140625,7.985878659995689
12002529,Poliklinik Famili,5.391042,100.401315,rapidbus_penang,,0.4745176794511619,2569.921630859375,7.852019724832956
12002530,Hotel Blanket,5.394853,100.40001,rapidbus_penang,,0.32778369345329866,3435.899169921875,8.142324939765993
12000803,Taman Tenang,5.35147,100.47639,rapidbus_penang,,0.3046921815593852,3228.069091796875,8.079949167803088
12002021,Lintang Tenggiri,5.396186,100.402794,rapidbus_penang,,0.08658995496097628,3435.899169921875,8.142324939765993
12002541,SK Convent Bukit Mertajam,5.359338,100.465325,rapidbus_penang,,0.5447611257476569,3388.84814453125,8.128540404247639
12000134,MSU,5.63274,100.48289,rapidbus_penang,,0.5788221418777417,6419.453125,8.767243974411409
12002979,CP1,5.458735099999999,100.4193436,rapidbus_penang,,0.3732684757827664,581.0315551757812,6.3665246647767555
12000284,Kilang Silitech,5.256390000000001,100.4724,rapidbus_penang,,0.42832224381860434,1124.1080322265625,7.025634338673899
12000337,Klinik Kesihatan Bukit Minyak,5.32642,100.44798,rapidbus_penang,,0.4567158192046792,2416.326171875,7.790417320657428
12000846,Jalan Mahsuri,5.32677,100.28886,rapidbus_penang,,0.36332882622898205,7392.5029296875,8.908356911065239
12001005,Flat 88,5.33592,100.27525,rapidbus_penang,,0.32229872455749115,8643.3525390625,9.064661501045759
12001010,Apartmen Taman Bendera,5.339542,100.27439,rapidbus_penang,,0.476598707054832,8643.3525390625,9.064661501045759
12001896,Komplek Masyarakat Penyayang,5.41817,100.30575,rapidbus_penang,,0.40102241899950575,5247.35107421875,8.56566922515068
12000044,Pekan Junjung,5.297969999999999,100.53416,rapidbus_penang,,0.3662319228379582,1099.3360595703125,7.003370920828465
12001271,Taman Perwira,5.29726,100.47861,rapidbus_penang,,0.21886897598259275,2438.5361328125,7.799563190711072
12000042,SK. Permatang Tiong,5.289569999999999,100.53738,rapidbus_penang,,0.3034932604794155,539.1088256835938,6.291770648297763
12000047,SK Alma,5.33201,100.47456,rapidbus_penang,,0.5191000759539776,5486.154296875,8.610165057107379
12000404,SM Sains Tun Syed Sheh Shahabudin,5.34162,100.47417,rapidbus_penang,,0.5918344200550304,5417.52197265625,8.597578358472711
12001686,Taman Puteri Gunung,5.285069999999999,100.50108,rapidbus_penang,,0.3024327668412735,1791.6173095703125,7.491432015001997
12001893,JPA Bukit Mertajam,5.35942,100.46595,rapidbus_penang,,0.4994794140628589,1071.3009033203125,6.97756199563954
12002587,AADK Bukit Mertajam,5.343323000000001,100.471626,rapidbus_penang,,0.3246070790284793,6912.13818359375,8.841178964692944
12000786,Taman Machang Bubok,5.34236,100.50032,rapidbus_penang,,0.4451482285006822,259.5816345214844,5.56291618838342
12000797,Gereja St Anne,5.351255,100.47725,rapidbus_penang,,0.2870899292197716,3228.069091796875,8.079949167803088
12000806,Petronas Taman Chai Leng,5.386939,100.39364,rapidbus_penang,,0.10561703131644515,2659.260986328125,7.886179512123716
12001180,UITM,5.38391,100.41908,rapidbus_penang,,0.35724461744774855,4516.29296875,8.415668192694577
12001808,Pasar Awam,5.392678,100.401474,rapidbus_penang,,0.3438618792687579,3435.899169921875,8.142324939765993
12002528,Padang Sony,5.38697,100.3988,rapidbus_penang,,0.45586222643417207,2569.921630859375,7.852019724832956
12000920,Taman Sintar,5.18508,100.48657,rapidbus_penang,,0.2255887506429182,2131.740478515625,7.665163041362299
12000921,Taman Jawi Ria,5.19303,100.49092,rapidbus_penang,,0.48474158331063394,2285.907470703125,7.734955734394999
12000925,Taman Jawi Jaya,5.20034,100.49492,rapidbus_penang,,0.3810279026734806,1912.0086669921875,7.556432500006147
12001256,Menara Kerjaya Simpang Empat,5.2649300000000006,100.47425,rapidbus_penang,,0.5147606270011917,2964.32568359375,7.994742148095596
12001485,Taman Gamelan,5.23077,100.49233,rapidbus_penang,,0.3356766217456824,2382.4921875,7.7763219968966935
12000184,SK Jalan Baru,5.36751,100.4194,rapidbus_penang,,0.3238610770303509,8077.42431640625,8.99695212215239
12000330,Taman Markisah,5.31745,100.46007,rapidbus_penang,,0.35480995904131396,2517.419677734375,7.831386871778317
12000333,Taman Perindustrian Bukit Minyak 2,5.32134,100.45284,rapidbus_penang,,0.10299616175869025,2654.226318359375,7.884285172363034
12000346,Taman Tanah Aman,5.35248,100.43186,rapidbus_penang,,0.4588857297013209,3259.0302734375,8.089491760648157
12001277,Kawasan Perusahaan Permatang Tinggi,5.30701,100.4694,rapidbus_penang,,0.3630403248907417,2225.85693359375,7.708346423430755
12002340,SK Kebun Sireh,5.358292,100.436352,rapidbus_penang,,0.4217499927172758,3525.579833984375,8.1680837946975
12001505,USM,5.35307,100.30315,rapidbus_penang,,0.07993694721995025,14027.7939453125,9.548867206843603
12003136,SMJK Phor Tay,5.3437038,100.2959125,rapidbus_penang,,0.2407294813749828,13277.513671875,9.493902494468088
12000440,Kampung Dato Keramat,5.15095,100.47223,rapidbus_penang,,0.42765178341278737,1342.1817626953125,7.202796528166177
12002988,(M1) Hub Lebuh Carnavon,5.4126216,100.3319975,rapidbus_penang,,0.45573276821640196,12071.685546875,9.398700787012483
12002219,Lembah Permai,5.45745757,100.28921211,rapidbus_penang,,0.526761010404638,4857.1630859375,8.48841567959096
12001981,Batu Uban Highway,5.351251,100.30986,rapidbus_penang,,0.31763895702575184,10643.6640625,9.2728140185863
12002004,Kobe Precision Technology,5.302061,100.291214,rapidbus_penang,,0.41762807362032245,5894.48974609375,8.681942887738437
12002006,K.K Chong Engineering,5.300322,100.286674,rapidbus_penang,,0.3840819035472813,5117.048828125,8.540528557144134
12002064,Gold Coast Kondominium,5.339738,100.30965,rapidbus_penang,,0.3442174309298919,4477.4375,8.407029492252391
12000478,Jalan Evergreen,5.4533,100.30272,rapidbus_penang,,0.054569745509548545,8544.34375,9.053141822944186
12000814,Sekolah Kebangsaan Pendidikan Khas,5.45905,100.28022,rapidbus_penang,,0.4228524621409024,4400.77294921875,8.389762681750883
12000895,Chinese Cemetery,5.4371,100.30277,rapidbus_penang,,0.016295412643449712,7764.4169921875,8.957435435646065
12001563,Petron Jalan Sungai Kelian,5.464930000000001,100.2915,rapidbus_penang,,0.4654385916867614,4720.15478515625,8.45980870652783
12000218,Night Market,5.473932,100.248422,rapidbus_penang,,0.5773640029905361,3783.49267578125,8.238667121427294
12000193,LSS Electric,5.2919,100.27847,rapidbus_penang,,0.3958328391040205,4196.2021484375,8.342173427157613
12000194,Jalan Baru Batu Maung,5.29231,100.27854,rapidbus_penang,,0.3523010752817165,4196.2021484375,8.342173427157613
12000244,Hub Batu Maung,5.28965,100.28014,rapidbus_penang,,0.37691248151135537,4971.87841796875,8.51175410998811
12000419,(M3) Taman Rajawali 2,5.30428,100.26281,rapidbus_penang,,0.1825329754263886,5700.1728515625,8.648427196088267
12000429,Kem Sungai Ara,5.31706,100.2681,rapidbus_penang,,0.40777895908497624,5433.54052734375,8.600530256394471
12000571,Shell Jelutong,5.39617,100.3181,rapidbus_penang,,0.18429218334011885,11066.7470703125,9.311790488306748
12000573,Maybank Jelutong,5.397714,100.31982,rapidbus_penang,,0.25677575961114135,11066.7470703125,9.311790488306748
12001134,Sekolah Memandu Damar Laut,5.27866,100.26476,rapidbus_penang,,0.38881146346765466,2485.44482421875,7.818609187769336
12001151,Southbay Residence,5.283968,100.28633,rapidbus_penang,,0.3465442224221732,5561.70947265625,8.623840583771068
12001158,SJK Tamil Bayan Lepas,5.29338,100.25681,rapidbus_penang,,0.48698758509162005,2902.666748046875,7.973729613177487
12000358,SK Pykett Methodist,5.42197,100.32365,rapidbus_penang,,0.4822012551476008,9831.1435546875,9.193412251900824
12000723,Sleeping Buddha,5.4320900000000005,100.31404,rapidbus_penang,,0.4830380659980021,10663.2998046875,9.274656975181244
12001644,Balai Bomba Bagan Jermal,5.44088,100.30719,rapidbus_penang,,0.6165619806088775,7345.861328125,8.902028470816452
12001663,Mercure Penang Beach Hotel,5.46354,100.30138,rapidbus_penang,,0.23483186239631054,5689.3583984375,8.646528512559863
12001673,Infinity,5.46576,100.28574,rapidbus_penang,,0.41267950681782506,7077.80029296875,8.86485972218381
12001756,Klinik Kesihatan Teluk Bahang,5.45571,100.21466,rapidbus_penang,,0.43588602961232886,1566.9765625,7.3575412534134355
12001761,Aseania Court,5.45757,100.2078,rapidbus_penang,,0.5711484069547501,1566.9765625,7.3575412534134355
12001762,Pasar Teluk Bahang,5.45759,100.21274,rapidbus_penang,,0.457731090036755,1566.9765625,7.3575412534134355
12002210,Moon Light Bay,5.4785998,100.2613588,rapidbus_penang,,0.020632383921904345,1617.376953125,7.3891790452213675
12002251,Feringghi Villa,5.46523363,100.2410851,rapidbus_penang,,0.5221095482996749,1536.6148681640625,7.337987707890961
12002975,Hotel Angsana,5.461570099999999,100.2199492,rapidbus_penang,,0.0700198550531809,619.6708984375,6.4308009872511915
12000808,Hotel Royal,5.422333999999999,100.3258,rapidbus_penang,,0.3167417393895641,10608.943359375,9.269546893174835
12000483,Jalan Gajah I,5.4623,100.30374,rapidbus_penang,,0.09430199927987204,5689.3583984375,8.646528512559863
12000842,Jalan Magazine,5.411939,100.333,rapidbus_penang,,0.3600880892936355,9693.0888671875,9.17927158359948
12001069,Asrama Munshi,5.392361,100.31354,rapidbus_penang,,0.42396866312420345,12141.8564453125,9.404496328972286
12001459,Recsam,5.37671,100.30803,rapidbus_penang,,0.422499638828599,13606.791015625,9.518397776493412
12001503,USM,5.3528400000000005,100.30186,rapidbus_penang,,0.15465474691506034,14027.7939453125,9.548867206843603
12000896,Chinese Cemetery,5.43729,100.30267,rapidbus_penang,,0.035641792967650195,7764.4169921875,8.957435435646065
12000519,SKJK Poi Eng,5.28233,100.19604,rapidbus_penang,,0.42950762614086296,924.8978271484376,6.830763890705851
12000523,Kg. Nelayan Teluk Kumbar,5.28805,100.22803,rapidbus_penang,,0.10820294174377697,4812.15283203125,8.479107622805039
12000618,Flat Kg. Suluk,5.28822,100.22223,rapidbus_penang,,0.31916991620779483,2825.69970703125,7.946865128857751
12001018,(M1) Hub Paya Terubong - Petronas,5.371595,100.274925,rapidbus_penang,,0.35612543631826726,6768.25146484375,8.820145793300597
12001640,Balai Polis Jelutong,5.3914,100.31242,rapidbus_penang,,0.4650661750989239,12141.8564453125,9.404496328972286
12001038,Masjid Permatang Tok Jaya,5.457417,100.40129,rapidbus_penang,,0.44570168028640544,1377.1485595703125,7.228496253868905
12001045,Persimpang Jalan Haji Murshid,5.47717,100.40144,rapidbus_penang,,0.2399470577621,1825.6153564453125,7.510220001342195
12002376,Astaka Mak Mandin,5.416078,100.385958,rapidbus_penang,,0.4453375898677524,3904.241943359375,8.270075017680854
12002384,Masjid Pekan Darat,5.475678,100.401353,rapidbus_penang,,0.38293515707152753,1825.6153564453125,7.510220001342195
12000031,SM Islam Al-Masriyah,5.37331,100.46436,rapidbus_penang,,0.471236221367065,4056.9208984375,8.308426027449963
12000034,Kolej Komuniti Bkt Mertajam,5.38,100.46451,rapidbus_penang,,0.38677227555210997,2631.472412109375,7.875678764222686
12001506,Taman Desa Murni,5.43508,100.43078,rapidbus_penang,,0.38745328057917333,1752.61328125,7.469433670430536
12002353,Masjid Al Muhtadin,5.4073150000000005,100.453327,rapidbus_penang,,0.3989884484082204,1125.81494140625,7.02715029594825
12002354,Madrasah Al Nur,5.409257,100.448291,rapidbus_penang,,0.516986375162494,1452.7132568359375,7.281876428766042
12000475,Taman Bertam Ria,5.51,100.43351,rapidbus_penang,,0.38159924647058807,2983.199462890625,8.001086803221929
12001173,Kampung Kota I,5.42597,100.4346,rapidbus_penang,,0.3590459089607331,1330.4847412109375,7.194049945339233
12001328,SMKA Al Irshad,5.48998,100.45747,rapidbus_penang,,0.5279636107879108,1482.3311767578125,7.302045632619982
12001332,Taman Koskam,5.49377,100.45107,rapidbus_penang,,0.27439703333974735,1517.9669189453125,7.325785724179107
12000579,Peugeot Center,5.40105,100.32306,rapidbus_penang,,0.4881667023620518,12200.109375,9.409282158964299
12002123,Kilang Punch,5.36104,100.41064,rapidbus_penang,,0.1342335090329903,5814.88232421875,8.668347785896344
12002511,Asrama Mattel,5.343304,100.42628,rapidbus_penang,,0.2966699682893005,3482.41162109375,8.155767443427433
12002521,Taman Perusahaan Ringan Juru,5.316523999999999,100.43231,rapidbus_penang,,0.61451140373226,2046.42333984375,7.624337374168545
12001031,Desa Permata,5.39341,100.27625,rapidbus_penang,,0.2895212056407771,12634.9150390625,9.444298438178455
12002115,Terminal Bas Balik Pulau,5.351447900000001,100.2398239,rapidbus_penang,,0.47129983096938827,2129.67431640625,7.664193789074865
12002281,AADK Pekan Kongsi,5.35041,100.23451,rapidbus_penang,,0.4183760164169239,2129.67431640625,7.664193789074865
12000492,Permatang Berangan C,5.484716000000001,100.48724,rapidbus_penang,,0.28516786584986337,1362.6453857421875,7.217916823475027
12000643,SK Kg Selamat,5.49828,100.51966,rapidbus_penang,,0.31848182586640406,590.3639526367188,6.382431652968062
12001521,Kampung Teluk Sungai Dua,5.4463,100.42209,rapidbus_penang,,0.29437637085416396,1964.54296875,7.583523806108583
12001529,Petronas Sg. Lokan,5.4491,100.41203,rapidbus_penang,,0.4185584946612375,1767.466796875,7.477868233730809
12000496,Kg Air Melintas Besar,5.48712,100.4778,rapidbus_penang,,0.013494216224253808,655.8793334960938,6.487500338749084
12000645,Kampung Master,5.47844,100.50137,rapidbus_penang,,0.1745933470815388,1582.33203125,7.367286785991818
12000647,Kampung Besar,5.48401,100.50388,rapidbus_penang,,0.3580198727973098,1317.2066650390625,7.184027504772627
12002553,Bandar Baru Perda,5.293231,100.23228,rapidbus_penang,,0.5022465779655851,2203.67138671875,7.698333745808175
12001961,Knowles Electronics,5.312894,100.298615,rapidbus_penang,,0.4554242706375826,6227.68603515625,8.736920680252297
12002225,Dewan JKKP Titi Teras,5.35991737,100.22315986,rapidbus_penang,,0.4634954254662706,764.1934204101561,6.640128639006073
12000099,Bagan Ajam,5.445209999999999,100.38213,rapidbus_penang,,0.4565921706593547,5882.95556640625,8.679984530096323
12000374,Permatang Binjal,5.50344,100.39402,rapidbus_penang,,0.07121721644025293,835.61376953125,6.72936251779119
12000377,Permatang Sintok,5.51075,100.40301,rapidbus_penang,,0.14864284506940467,1658.1563720703125,7.414064542572125
12000379,Taman Permatang Sintok,5.51296,100.40535,rapidbus_penang,,0.2864553573691728,1658.1563720703125,7.414064542572125
12000375,Permatang Pak Elong,5.5078,100.40002,rapidbus_penang,,0.552765164817126,784.71728515625,6.666597039629553
12000381,Pasar Permatang Manggis,5.51526,100.41605,rapidbus_penang,,0.5269336393196281,1895.429443359375,7.547728156829909
12000705,Kampung Datuk,5.5254900000000005,100.42802,rapidbus_penang,,0.36269771018456887,1630.88525390625,7.397491222945717
12000162,Kg Sungai Burung,5.3480300000000005,100.20872,rapidbus_penang,,0.40356112821058854,849.06103515625,6.745308152972607
12000164,Jalan Baru,5.35005,100.20906,rapidbus_penang,,0.47754374917118647,565.0693359375,6.338716572356828
12000175,Balai Polis,5.36471,100.21568,rapidbus_penang,,0.5215300635351761,764.1934204101561,6.640128639006073
12001580,Pejabat Kesihatan Barat Daya,5.36391,100.21857,rapidbus_penang,,0.2319987103044629,764.1934204101561,6.640128639006073
12001582,Pejabat Kesihatan Barat Daya,5.36428,100.21804,rapidbus_penang,,0.298044033962312,764.1934204101561,6.640128639006073
12001608,Kraf Batik Sungai Rusa,5.37743,100.21433,rapidbus_penang,,0.3712700570892149,846.890380859375,6.742751359581583
12001610,Jalan Sungai Rusa 1,5.380380000000001,100.21415,rapidbus_penang,,0.36870158961620453,846.890380859375,6.742751359581583
12001616,Kampung Sungai Rusa,5.386691000000001,100.212326,rapidbus_penang,,0.12690231340223007,618.8452758789064,6.429469891861076
12002550,Pekan Sg. Puyu,5.44872,100.39717,rapidbus_penang,,0.46573746626100726,6177.90185546875,8.728895841372568
12002630,TAMAN LAGENDA,5.5134471,100.5343487,rapidbus_penang,,0.2593360871150907,3526.826171875,8.168437144902338
12001195,Taman Cantik,5.414630000000001,100.38273,rapidbus_penang,,0.48164180167280624,3904.241943359375,8.270075017680854
12001208,Permatang Janggus,5.40447,100.41627,rapidbus_penang,,0.37537752902132815,1552.86572265625,7.348501119637134
12001033,SJK Kong Min II,5.3952860000000005,100.2767,rapidbus_penang,,0.1354284821163565,12634.9150390625,9.444298438178455
12001929,Protestant Cemetry,5.4228,100.33394,rapidbus_penang,,0.3682226792510185,9610.4580078125,9.170711208230815
12001934,Padang Kota Lama,5.41994,100.34257,rapidbus_penang,,0.22905004445138338,7632.78173828125,8.940338642155195
12001936,Dewan Sri Pinang,5.420669999999999,100.34076,rapidbus_penang,,0.42412605977480256,7632.78173828125,8.940338642155195
12001894,Hospital P.Pinang II,5.41561,100.31017,rapidbus_penang,,0.4099347599680771,10967.4375,9.302777109213938
12001785,Hentian Kampung Bukit,5.29662,100.23239,rapidbus_penang,,0.4477890626271439,2203.67138671875,7.698333745808175
12001786,Kampung Matahari Naik,5.29946,100.23202,rapidbus_penang,,0.6391922887874865,3576.458740234375,8.182407978236041
12002615,Ideal One Resident,5.301474,100.266912,rapidbus_penang,,0.3892462487894614,5452.3046875,8.603977068571409
12000470,Jalan Delima 5,5.380269999999999,100.30263,rapidbus_penang,,0.17194169690600897,14458.0830078125,9.579078077921288
12001349,Jalan Raja Uda I,5.4293,100.38386,rapidbus_penang,,0.2714936288216292,9451.01171875,9.153982878123
12001396,Jalan Siram II,5.41293,100.37854,rapidbus_penang,,0.11673355181038741,6323.03515625,8.752112757493228
12001907,Pusat Perniagaan Ong Yi How,5.43533,100.3891,rapidbus_penang,,0.37090853136329366,10263.7568359375,9.23647164051561
12001340,Pusat Perniagaan Raja Uda 2,5.41628,100.37971,rapidbus_penang,,0.5010229010897574,9110.541015625,9.117297132438779
12000110,Apartmen Centro View,5.4248,100.39699,rapidbus_penang,,0.5137405839787261,7222.9375,8.885155443342894
12000108,Taman Bagan Lalang,5.42154,100.3972,rapidbus_penang,,0.31547477151070513,7513.29248046875,8.924562150112692
12001939,Wisma Ong Hye Guon Thong,5.409269999999999,100.33018,rapidbus_penang,,0.40083830892510697,12071.685546875,9.398700787012483
12001980,Shineville Park,5.39926,100.29572,rapidbus_penang,,0.44549144095765175,7126.1220703125,8.871662795222807
12002023,SMK Georgetown,5.39906,100.29873,rapidbus_penang,,0.6122636565895921,7126.1220703125,8.871662795222807
12000136,SMK Pondok Upeh,5.336040000000001,100.2197,rapidbus_penang,,0.11675546348110248,3214.13623046875,8.075625009170183
12002142,SK Sungai Ara,5.32664,100.2719632,rapidbus_penang,,0.35285179999382543,4653.59423828125,8.445610019055042
12002213,Komtar II,5.4150168,100.3308924,rapidbus_penang,,0.46359905302192106,12071.685546875,9.398700787012483
12001079,Astaka Padang Brown,5.41409,100.31632,rapidbus_penang,,0.4245552488610471,11714.4384765625,9.368662778885295
12001081,YMCA,5.42074,100.31528,rapidbus_penang,,0.4475994451020868,8204.3466796875,9.012541254878697
12000287,Pejabat MPSP,5.35531,100.45097,rapidbus_penang,,0.27660562209621065,2672.1318359375,7.891006036261046
12002517,Pusat Perniagaan Juru,5.318611,100.44724,rapidbus_penang,,0.3561775837686996,2366.967041015625,7.76978707741701
12002518,Taman Perindustrian Beringin,5.31556,100.434065,rapidbus_penang,,0.4560009831144643,1575.331298828125,7.362855463318214
12000301,SMK Bukit Jambul,5.347928,100.291595,rapidbus_penang,,0.4328918681421771,13277.513671875,9.493902494468088
12001074,Klinik Kesihatan,5.40262,100.31514,rapidbus_penang,,0.4486305892552232,11790.4619140625,9.375130981948224
12001088,Taman Zainal Abidin,5.40909,100.3161,rapidbus_penang,,0.5093673064871713,11714.4384765625,9.368662778885295
12000079,Taman Pantai Jerejak,5.34052,100.3029,rapidbus_penang,,0.38212353726506665,8221.1064453125,9.014581713775442
12000510,Hub Gertak Sanggul,5.28146,100.19015,rapidbus_penang,,0.5265910577681666,216.7462921142578,5.383330587409711
12000511,Gertak Sanggul Seafood,5.28193,100.19132,rapidbus_penang,,0.505513338357921,924.8978271484376,6.830763890705851
12000613,SMK Teluk Kumbar 2,5.290398000000001,100.22214,rapidbus_penang,,0.464746510245655,2825.69970703125,7.946865128857751
12001774,Flat Taman Emas Sungai Batu,5.28641,100.23697,rapidbus_penang,,0.10941170374492323,4627.02734375,8.439885996625845
12001775,Restoran Sri Anjung Ikan Bakar,5.286649,100.23472,rapidbus_penang,,0.17611848389445053,4627.02734375,8.439885996625845
12002105,7-Eleven Teluk Kumbar,5.2934,100.23043,rapidbus_penang,,0.3574306602016555,3576.458740234375,8.182407978236041
12001418,The Star Publication,5.298109999999999,100.26985,rapidbus_penang,,0.3009206047739232,4682.61328125,8.451825159663178
12001843,Kompleks Bukit Jambul II,5.33242,100.29099,rapidbus_penang,,0.5698711594572817,7488.4892578125,8.921255884308058
12001971,Perumahan PDRM,5.38794,100.27821,rapidbus_penang,,0.1006343860630952,12969.900390625,9.470463695920623
12000219,Pantai Shamrock,5.47487,100.27669,rapidbus_penang,,0.45230359533011877,2161.85400390625,7.6791839266367745
12000224,Hotel Golden Sands,5.47606,100.2515,rapidbus_penang,,0.3377225899420678,3253.47314453125,8.087785681182805
12000367,Belissa Row,5.43251,100.31017,rapidbus_penang,,0.43481804148948944,10663.2998046875,9.274656975181244
12001653,Taman Batu Bukit,5.45231,100.30598,rapidbus_penang,,0.37503806603974965,8544.34375,9.053141822944186
12001664,Mercure Penang Beach Hotel,5.46386,100.30121,rapidbus_penang,,0.2732971319573106,5689.3583984375,8.646528512559863
12001667,Penang Swimming Club,5.46487,100.29629,rapidbus_penang,,0.3629131812190281,4720.15478515625,8.45980870652783
12001764,Hub Teluk Bahang,5.458819999999999,100.21611,rapidbus_penang,,0.5286458731809341,619.6708984375,6.4308009872511915
12001835,Transfer Road,5.420875,100.330605,rapidbus_penang,,0.30196375071352705,10608.943359375,9.269546893174835
12002114,(M1) JETTY B,5.4137915,100.3417782,rapidbus_penang,,0.36396227829980826,7026.83056640625,8.857633340650732
12001107,Dewan Bakar Kapor,5.537692,100.37945,rapidbus_penang,,0.18273410296472484,1852.7572021484373,7.524969778622443
12001109,Masjid Jamek Bakar Kapor,5.539971,100.37878,rapidbus_penang,,0.335001775489803,1852.7572021484373,7.524969778622443
12001112,Pasir Gebu,5.54709,100.37777,rapidbus_penang,,0.18674868767815547,800.6766357421875,6.686705329231673
12001118,Kampung Tok Oteh,5.5637300000000005,100.37672,rapidbus_penang,,0.22593464388034265,423.218994140625,6.05024981750869
12000601,SJKC Chung Hwa Pusat,5.41552,100.37302,rapidbus_penang,,0.5392393333463024,4927.14111328125,8.502717139803636
12000605,Masjid Kubang Buaya,5.419630000000001,100.37489,rapidbus_penang,,0.34623916078972794,9110.541015625,9.117297132438779
12001054,Permatang Pak Maras,5.51724,100.38268,rapidbus_penang,,0.5299770165128093,905.2489013671876,6.809313993883667
12001055,Kg Penaga Dua,5.5210300000000005,100.3821,rapidbus_penang,,0.46430821788655613,905.2489013671876,6.809313993883667
12001108,Dewan Bakar Kapor,5.53771,100.37949,rapidbus_penang,,0.18758771271048236,1852.7572021484373,7.524969778622443
12001117,Tali Air Permatang Bendahari,5.55866,100.37713,rapidbus_penang,,0.39049688848039643,423.218994140625,6.05024981750869
12001707,Bagan Ajam,5.44428,100.38211,rapidbus_penang,,0.4753437928833279,5882.95556640625,8.679984530096323
12001021,Oriental Garden,5.3757,100.27586,rapidbus_penang,,0.40847710613333826,6191.44482421875,8.731085251225918
12001061,Pasar Chowrasta,5.418131,100.331245,rapidbus_penang,,0.44764330257764207,10608.943359375,9.269546893174835
12002991,Desa Mawar,5.3989764000000005,100.2895542,rapidbus_penang,,0.5389695611712486,12255.3955078125,9.413803162005749
12000058,Pejabat Pos Ayer Itam,5.4038,100.27982,rapidbus_penang,,0.21081638855154014,9246.7568359375,9.132136296874593
12001522,Taman Seri Murni,5.44643,100.43057,rapidbus_penang,,0.31461070837256555,2523.135498046875,7.833653906073931
12001541,Taman Merbau Indah,5.453180000000001,100.43756,rapidbus_penang,,0.15830054850752975,2876.994873046875,7.964849106016565
12001551,SK Lahar Yooi,5.46787,100.45582,rapidbus_penang,,0.42837437830252645,798.5241088867188,6.684016686774603
12002117,(M2) Taman Merbau Jaya,5.4564473,100.4427227,rapidbus_penang,,0.3637902808088684,1404.417236328125,7.248089503040458
12000487,SK Tasek Gelugor,5.48298,100.49216,rapidbus_penang,,0.5292676749576019,1470.5037841796875,7.294040139317986
12000508,Pejabat Pos Tasek Gelugor,5.48184,100.49437,rapidbus_penang,,0.3443793044216225,1638.7247314453125,7.402283660050727
12001862,(M1) SMK Sains Kepala Batas,5.51931,100.46866,rapidbus_penang,,0.1599453510030252,1941.844482421875,7.5719084062470925
12001869,Kampung Pokok Jenerih,5.52158,100.5006,rapidbus_penang,,0.28714108501623103,906.7271728515624,6.8109438630232155
12002074,Bertam Walk,5.51553,100.44817,rapidbus_penang,,0.5518050363842961,1627.449462890625,7.395383591315276
12002567,Kampung Pokok Jenerih I,5.521622,100.502778,rapidbus_penang,,0.1348775037797048,906.7271728515624,6.8109438630232155
12002572,Bertam Putra 3,5.519909999999999,100.493445,rapidbus_penang,,0.1379815898278887,1032.4091796875,6.940618498809083
12002966,SMK Sains Kepala Batas,5.5189257000000005,100.4686695,rapidbus_penang,,0.19419962962489618,1941.844482421875,7.5719084062470925
12002967,Kolej Jururawat,5.518196,100.4621857,rapidbus_penang,,0.2678006983224257,1067.34228515625,6.973863459892975
12002997,Taman Tasek Gelugor Utama II,5.491105,100.49778,rapidbus_penang,,0.5702464502059211,1470.5037841796875,7.294040139317986
12000018,Flat Taman Tun Sardon,5.371519999999999,100.30283,rapidbus_penang,,0.1230357765996435,12085.646484375,9.39985652584135
12000022,Dewan JKKK,5.37275,100.30267,rapidbus_penang,,0.260862936220484,12085.646484375,9.39985652584135
12000313,SK Bukit Gelugor,5.37685,100.30202,rapidbus_penang,,0.2334288242248024,14458.0830078125,9.579078077921288
12000465,Jalan Delima 2,5.38001,100.30061,rapidbus_penang,,0.2912223895242287,14458.0830078125,9.579078077921288
12000468,Jalan Delima 5,5.38354,100.30242,rapidbus_penang,,0.3978330739734126,13026.74609375,9.474836676933101
12000934,SMK Abdullah Munshi,5.40854,100.31325,rapidbus_penang,,0.45198390598495064,10967.4375,9.302777109213938
12002221,Jalan Besi II,5.39201,100.29974,rapidbus_penang,,0.5168618325315075,8991.873046875,9.104187658932297
12001210,Taman Arowana,5.410480000000001,100.41197,rapidbus_penang,,0.19532421455851703,2335.12939453125,7.756250733908607
12001701,Maktab Wan Jah,5.41322,100.37374,rapidbus_penang,,0.4772186500490568,4927.14111328125,8.502717139803636
12001702,Pangsapuri Telaga Emas,5.4134400000000005,100.37468,rapidbus_penang,,0.3887106726957988,6323.03515625,8.752112757493228
12001191,PPR Ampang Jajar,5.41404,100.40542,rapidbus_penang,,0.3523435120445429,2854.8134765625,7.957112011999873
12001221,Kampung Permatang Rawa,5.36892,100.45022,rapidbus_penang,,0.3417648662712131,2983.831787109375,8.00129867151165
12002368,Gold Coin Mak Mandin,5.413702,100.393944,rapidbus_penang,,0.19336723737334682,3799.333251953125,8.242844039751644
12000190,(M3) GEM Megamall,5.38052,100.39569,rapidbus_penang,,0.23183668649372705,2938.15869140625,7.985878659995689
12000396,Stor TNB,5.40036,100.37676,rapidbus_penang,,0.398110136043054,3701.80712890625,8.216846494465658
12001830,Prudential,5.39674,100.39963,rapidbus_penang,,0.39242239844839966,3435.899169921875,8.142324939765993
12001877,Masjid Seberang Jaya,5.38675,100.40491,rapidbus_penang,,0.22380685054162264,2569.921630859375,7.852019724832956
12000909,SMK Convent Butterworth,5.39697,100.36834,rapidbus_penang,,0.22081401566328315,4964.23193359375,8.510215289102975
12000911,Harbour Place,5.39815,100.37133,rapidbus_penang,,0.36023223397338805,4964.23193359375,8.510215289102975
12002532,JPJ Seberang Jaya,5.399355,100.408847,rapidbus_penang,,0.5123476722614484,2726.2265625,7.911040460619324
12002535,SK Machang Bubok I,5.330297,100.503625,rapidbus_penang,,0.18905073945666495,3439.455810546875,8.14335924465564
12000784,Jalan Machang Bubok 2,5.34191,100.50079,rapidbus_penang,,0.45549014163501894,259.5816345214844,5.56291618838342
12000801,SK Juara,5.34657,100.48743,rapidbus_penang,,0.18308298102658463,3969.91162109375,8.286750974800416
12000804,SJK(C) Kim Sen,5.356240000000001,100.46761,rapidbus_penang,,0.3526435670774439,4184.16650390625,8.339301768011769
12002349,Econsave ChainFerry,5.400066000000001,100.376499,rapidbus_penang,,0.4386789875669952,3701.80712890625,8.216846494465658
12002536,Pusat Perniagaan Machang Bubok II,5.333046,100.504033,rapidbus_penang,,0.4656645045699588,4207.25732421875,8.344803903740557
12002538,Kampung Teluk Bukit,5.345768,100.489882,rapidbus_penang,,0.4040379186365463,3969.91162109375,8.286750974800416
12000596,Central Square,5.63629,100.48702,rapidbus_penang,,0.1226902099445779,4571.98974609375,8.42792248138433
12000541,Pusat Bandar,5.64414,100.48924,rapidbus_penang,,0.36007707371877673,3644.521484375,8.201254702625087
12000274,Kinik Kesihatan Sungai Bakap,5.2171400000000006,100.49754,rapidbus_penang,,0.48988409142338696,1585.4046630859375,7.369225516614994
12000066,SMK Chung Ling (P)(Kampung baru),5.40512,100.29399,rapidbus_penang,,0.16585780010313922,10460.4873046875,9.25545591725159
12001013,Simpang Tingkat Bukit Jambul,5.345861,100.27282,rapidbus_penang,,0.36176573805869555,4641.98291015625,8.44311230723698
12001366,SJK Ramakrishna,5.41292,100.30228,rapidbus_penang,,0.11667242629300315,8673.8642578125,9.068184957178227
12000061,Masjid Jamek Al-Qadrie,5.40437,100.28602,rapidbus_penang,,0.07345800075847103,13805.87109375,9.532921652575762
12000062,SRJK Kong Min Pusat,5.40454,100.28109,rapidbus_penang,,0.3621437144178737,9246.7568359375,9.132136296874593
12001683,Gerai Tasek,5.28456,100.51335,rapidbus_penang,,0.36444718260197706,1457.889892578125,7.285431077942345
12001689,Masjid Padang Lalang,5.28477,100.50929,rapidbus_penang,,0.3365340806283469,1457.889892578125,7.285431077942345
12001694,(M2) Pearl City Mall,5.2777,100.49188,rapidbus_penang,,0.3212544574856389,3489.67041015625,8.157849091349313
12002577,Masjid Jamek Tasik Junjung,5.296951,100.527839,rapidbus_penang,,0.17080388344803513,896.647705078125,6.799777680724838
12001267,Pusat Perniagan Simpang Empat,5.2889800000000005,100.47819,rapidbus_penang,,0.21304579872391008,2856.51416015625,7.957707351091946
12001687,Taman Tasek,5.28515,100.49751,rapidbus_penang,,0.38891910847569716,1677.9906005859375,7.425948058840273
12001695,(M3) Pearl City Mall,5.27789,100.49068,rapidbus_penang,,0.44260559637524594,3489.67041015625,8.157849091349313
12002596,Taman Tasek Indah,5.284905,100.50668,rapidbus_penang,,0.48201859770955624,1791.6173095703125,7.491432015001997
12002600,Pekan Junjung,5.298019999999999,100.534257,rapidbus_penang,,0.36394955930030903,1099.3360595703125,7.003370920828465
12000785,Taman Machang Bubok II,5.34196,100.50327,rapidbus_penang,,0.3863741508989124,259.5816345214844,5.56291618838342
12000792,Kampung Teluk Bukit,5.345993,100.48952,rapidbus_penang,,0.3676933905783448,3969.91162109375,8.286750974800416
12001091,Perda Utama,5.36954,100.44121,rapidbus_penang,,0.3859275943609545,2721.009521484375,7.90912568117898
12001182,Kampung Pertama Baru,5.39013,100.41805,rapidbus_penang,,0.37888337449406856,4516.29296875,8.415668192694577
12000353,Taman Tanah Aman,5.35289,100.43148,rapidbus_penang,,0.40596810529221794,3259.0302734375,8.089491760648157
12000354,Masjid Balik Bukit,5.35411,100.42886,rapidbus_penang,,0.11187820959828589,3259.0302734375,8.089491760648157
12001276,Taman Industri Ringan,5.30628,100.47027,rapidbus_penang,,0.29140654418282125,2225.85693359375,7.708346423430755
12000280,Kawasan Perindustrian Valdor,5.24421,100.48186,rapidbus_penang,,0.4568405586443082,922.2984008789062,6.827952476814455
12000344,Kampung Bersatu,5.34077,100.43801,rapidbus_penang,,0.45389177516697626,4142.7392578125,8.329353861547705
12000922,Masjid Daerah Jawi,5.1945,100.49156,rapidbus_penang,,0.3499352427416835,2285.907470703125,7.734955734394999
12002336,Masjid Lama Sungai Bakap,5.221641,100.497324,rapidbus_penang,,0.33265162377481494,1585.4046630859375,7.369225516614994
12000961,KTM BM,5.36529,100.44748,rapidbus_penang,,0.47957286384757597,4721.64013671875,8.460123273200876
12001501,Restoran Nasi Kandar Pelita,5.35202,100.29904,rapidbus_penang,,0.4702940012851129,14027.7939453125,9.548867206843603
12001911,Lebuh Carnavon,5.41477,100.33432,rapidbus_penang,,0.3672369258524655,9693.0888671875,9.17927158359948
12002990,Jalan Sungai Dua,5.3540041,100.3060846,rapidbus_penang,,0.35189902957167934,14027.7939453125,9.548867206843603
12002062,Bay Garden,5.33694,100.30833,rapidbus_penang,,0.3236321059741619,4477.4375,8.407029492252391
12003029,Taman Pekaka,5.351421,100.29286,rapidbus_penang,,0.32165533249344713,9939.43359375,9.204365919800857
12000269,Taman Seri Acheh,5.144709,100.46968,rapidbus_penang,,0.07944019221857902,2466.3154296875,7.810885967978022
12000914,Nibong Tebal,5.16746,100.47877,rapidbus_penang,,0.3421102512342397,3503.8671875,8.16190790645404
12002164,Taman Seri Semarak,5.1225,100.48666667,rapidbus_penang,,0.236195813487574,4191.876953125,8.341142400955526
12000268,Taman Suria,5.142930000000001,100.46883,rapidbus_penang,,0.2888244399713105,2466.3154296875,7.810885967978022
12000915,Hub Nibong Tebal,5.168019999999999,100.47897,rapidbus_penang,,0.29094475429467764,3503.8671875,8.16190790645404
12001369,Pasaraya Mydin,5.12812,100.48237,rapidbus_penang,,0.43534249877726006,4457.1357421875,8.402485962604613
12001102,Petron Permatang Batu,5.36447,100.4297,rapidbus_penang,,0.33077766873271464,4358.02783203125,8.380004337175855
12002108,Jambatan Pulau Pinang,5.355802,100.39232,rapidbus_penang,,0.3388482795379896,3190.000732421875,8.0680898558056
12002030,TAR Kolej II,5.4536,100.28648,rapidbus_penang,,0.030483563480172206,4857.1630859375,8.48841567959096
12002350,Masjid Permatang Batu,5.364658,100.428157,rapidbus_penang,,0.28750708524458984,4358.02783203125,8.380004337175855
12000025,Venture Electronics,5.301667,100.29407,rapidbus_penang,,0.238500164201202,5894.48974609375,8.681942887738437
12000026,Jabil Circuit,5.304328,100.29144,rapidbus_penang,,0.3538646505272711,5894.48974609375,8.681942887738437
12000609,Fastron,5.324989,100.29604,rapidbus_penang,,0.4482580718225591,7488.4892578125,8.921255884308058
12002003,MOX,5.292808,100.285736,rapidbus_penang,,0.2956124820147404,6578.75146484375,8.791752252305667
12002050,Pentamaster,5.295761,100.28863,rapidbus_penang,,0.2663212162898875,6578.75146484375,8.791752252305667
12002303,KWSP Queensbay,5.33692,100.30844,rapidbus_penang,,0.3115909487837504,4477.4375,8.407029492252391
12002974,Terminal Bas Bayan Baru,5.326959,100.2803228,rapidbus_penang,,0.3326525321438613,6422.8427734375,8.767771780457453
12002066,Putra Place,5.339915,100.30946,rapidbus_penang,,0.372000894287516,4477.4375,8.407029492252391
12002209,Straits Quay Marina Mall,5.457885900000001,100.3126561,rapidbus_penang,,0.4855090802560101,6421.53662109375,8.767568430967588
12000817,Kondominium Azuria,5.46375,100.28027,rapidbus_penang,,0.31971131593341073,4400.77294921875,8.389762681750883
12001927,Padang SMK Convent,5.421209999999999,100.33756,rapidbus_penang,,0.16976382411141883,9610.4580078125,9.170711208230815
12000202,Tropical Spice Garden,5.46338,100.22887,rapidbus_penang,,0.17868196709742495,220.55003356933597,5.400648449165848
12000220,Long Beach Food Court,5.474880000000001,100.25003,rapidbus_penang,,0.535966896174492,3253.47314453125,8.087785681182805
12000223,Golden Sands,5.47592,100.25143,rapidbus_penang,,0.35510788509576935,3253.47314453125,8.087785681182805
12000200,Kampung Naran,5.29889,100.2811,rapidbus_penang,,0.5228817546586514,4196.2021484375,8.342173427157613
12000243,Balai Polis Batu Maung,5.288130000000001,100.28227,rapidbus_penang,,0.4557353380194419,5561.70947265625,8.623840583771068
12000300,SMK Bukit Jambul,5.3478900000000005,100.29174,rapidbus_penang,,0.41795997755280445,13277.513671875,9.493902494468088
12000416,Kompleks Tabung Haji,5.30021,100.26228,rapidbus_penang,,0.4098487400238433,5700.1728515625,8.648427196088267
12000581,Bukit Dumbar,5.385280000000001,100.31048,rapidbus_penang,,0.21788983640341858,10559.2919921875,9.264856207653308
12001153,Jejantas SMK Bayan Lepas,5.28683,100.2565,rapidbus_penang,,0.3977966486293051,3155.7822265625,8.057308505045487
12001154,Kampung Seronok,5.29012,100.2568,rapidbus_penang,,0.5467283891814095,3155.7822265625,8.057308505045487
12002255,Pekan Bayan Lepas,5.29411,100.25772,rapidbus_penang,,0.41694275038768314,6248.0205078125,8.740180011698781
12001646,Masjid Bagan Jermal,5.4436,100.30578,rapidbus_penang,,0.37589860437472394,6444.388671875,8.771120219509186
12001650,Wisma Binjul,5.44843,100.30522,rapidbus_penang,,0.42105138084467836,6444.388671875,8.771120219509186
12001652,Island Plaza,5.45016,100.30523,rapidbus_penang,,0.4743010296152988,8544.34375,9.053141822944186
12001752,SMK Teluk Bahang,5.450542,100.214867,rapidbus_penang,,0.5362758121400444,1566.9765625,7.3575412534134355
12001757,Flat Hassan Abbas,5.45737,100.20986,rapidbus_penang,,0.4308946682086984,1566.9765625,7.3575412534134355
12002249,Tanjong Tokong,5.45684938,100.3072617,rapidbus_penang,,0.5600152041160882,6421.53662109375,8.767568430967588
12001070,Sunshine Jelutong,5.3939,100.31424,rapidbus_penang,,0.3715347040975186,12141.8564453125,9.404496328972286
12002315,Gedung Height III,5.31643,100.281049,rapidbus_penang,,0.5628773286414164,6168.66796875,8.727400301634562
12000900,Kompleks Institut Pendidikan,5.45006,100.30207,rapidbus_penang,,0.4208868757722626,8544.34375,9.053141822944186
12001410,SMKA (P) Al Mashoor,5.42333,100.33028,rapidbus_penang,,0.41640591658857895,10608.943359375,9.269546893174835
12002026,TAR Kolej II,5.45352,100.2863,rapidbus_penang,,0.026196095508851155,4857.1630859375,8.48841567959096
12000620,Jalan Kg. Suluk,5.29246,100.22298,rapidbus_penang,,0.4995700964982151,1614.2967529296875,7.38727396672125
12001978,Balai Polis,5.395105,100.28905,rapidbus_penang,,0.3119429798412711,12255.3955078125,9.413803162005749
12001043,SMK Permatang Tok Jaya,5.47319,100.40124,rapidbus_penang,,0.3598784699433575,848.27978515625,6.744388678732121
12002036,Flat Mak Mandin,5.41975,100.38697,rapidbus_penang,,0.10889289874723533,8304.1474609375,9.024630777571582
12001166,SK Permatang Pasir,5.41464,100.43781,rapidbus_penang,,0.33263358086526046,1254.7451171875,7.135484394259066
12001335,Taman Orkid,5.49599,100.44553,rapidbus_penang,,0.12267730623330347,1700.1961669921875,7.4390869102569
12001526,SK Sungai Dua,5.448580000000001,100.432,rapidbus_penang,,0.572756843830368,2523.135498046875,7.833653906073931
12001552,SK Lahar Yooi,5.468138,100.45597,rapidbus_penang,,0.42244825702465405,798.5241088867188,6.684016686774603
12001559,Pokok Sena,5.48456,100.45747,rapidbus_penang,,0.5037391721743664,1482.3311767578125,7.302045632619982
12001562,Klinik Kesihatan,5.44249,100.42988,rapidbus_penang,,0.3913676549859248,2523.135498046875,7.833653906073931
12002202,SK. Bukit Indera Muda,5.4074526,100.4571627,rapidbus_penang,,0.6116981441175523,2346.26416015625,7.761005741778358
12002357,Taman Pasir Indah,5.429722,100.43177,rapidbus_penang,,0.440065936598856,461.8855590820313,6.137479850925047
12000531,Taman Seri Indah,5.50159,100.42957,rapidbus_penang,,0.30199308731272684,3239.710693359375,8.083547934535002
12000533,Taman Seri Serdang,5.504441,100.42966,rapidbus_penang,,0.20772407803057452,3239.710693359375,8.083547934535002
12000770,Masjid Tanah Liat,5.37823,100.46494,rapidbus_penang,,0.41262035710789274,2631.472412109375,7.875678764222686
12000773,SK Tanah Liat,5.38503,100.46339,rapidbus_penang,,0.32906646433311293,2057.362060546875,7.629665829271668
12002139,Terminal Bas Ekspres Sg Nibong,5.342838700000001,100.3003478,rapidbus_penang,,0.40378784389907835,13274.052734375,9.493641818559876
12001280,Taman Sri Delima,5.3217,100.43407,rapidbus_penang,,0.2803415534839542,2046.42333984375,7.624337374168545
12002122,Kilang LB Aluminium,5.354435,100.401979,rapidbus_penang,,0.12870825301367367,3349.51953125,8.116870696750063
12002131,Medan Selera Seri Pelangi,5.3420000000000005,100.42726,rapidbus_penang,,0.3868215656054836,3482.41162109375,8.155767443427433
12002508,Petron Kawasan Perusahaan Perai,5.355105,100.414671,rapidbus_penang,,0.407639779800701,5429.72314453125,8.599827579849316
12002522,Surau An Nur Juru,5.315739,100.4356,rapidbus_penang,,0.4127850993812825,1575.331298828125,7.362855463318214
12002524,Taman Lembah Permai,5.348735,100.457046,rapidbus_penang,,0.5875115532519316,2795.8310546875,7.936242289049278
12002527,Sri Rambai,5.363582,100.444719,rapidbus_penang,,0.16730297438906666,4721.64013671875,8.460123273200876
12000138,Masjid Kongsi,5.348116,100.2321,rapidbus_penang,,0.5487573516772007,2130.316650390625,7.664495213453397
12001028,Ruby Court,5.39133,100.27552,rapidbus_penang,,0.5261972438021776,12634.9150390625,9.444298438178455
12002289,SRJK Kong Min,5.39503,100.27676,rapidbus_penang,,0.13503707306089738,12634.9150390625,9.444298438178455
12000089,Taman Bagan Jermal,5.4268,100.37694,rapidbus_penang,,0.24228781980426026,8415.5419921875,9.03795433311628
12000125,Public Mutual Bagan Luar,5.41006,100.37083,rapidbus_penang,,0.26397845658426466,4927.14111328125,8.502717139803636
12000505,Dewan Sri Pokok Macang,5.48895,100.46866,rapidbus_penang,,0.23132250280830466,597.8218383789064,6.394964122119105
12001536,Masjid Alor Merah,5.45055,100.40517,rapidbus_penang,,0.4345801636584126,1377.1485595703125,7.228496253868905
12002621,PEKAN PADANG SERAI,5.5137701,100.5521371,rapidbus_penang,,0.20641774170432658,3763.99072265625,8.233500676129033
12002624,Stesen Bas Padang Serai,5.5067888,100.5515862,rapidbus_penang,,0.3685571101393553,2356.048583984375,7.765165515360255
12000497,Masjid Pokok Macang,5.48778,100.4753,rapidbus_penang,,0.2997604120148456,655.8793334960938,6.487500338749084
12000502,Taman Sena Jaya 1,5.48887,100.45854,rapidbus_penang,,0.35973487003433063,1482.3311767578125,7.302045632619982
12000646,Taman Bakawali,5.48005,100.50438,rapidbus_penang,,0.2171142747410991,1582.33203125,7.367286785991818
12000650,Kampung Selamat I,5.49587,100.51321,rapidbus_penang,,0.22275726058164644,845.9546508789062,6.741647152343727
12002254,Apartment Bayan Permai,5.29525,100.26251,rapidbus_penang,,0.1407787509831332,6248.0205078125,8.740180011698781
12001931,Intel,5.327264,100.29819,rapidbus_penang,,0.43219538034741267,7488.4892578125,8.921255884308058
12001933,Mapa Glove,5.327569,100.29807,rapidbus_penang,,0.40779763147940146,7488.4892578125,8.921255884308058
12001965,Plexus Riverside,5.3169,100.2962,rapidbus_penang,,0.43009089860225547,7300.3125,8.895809405495934
12002095,TPC (M) Sdn. Bhd.,5.321028,100.29422,rapidbus_penang,,0.07894815020920694,7300.3125,8.895809405495934
12002273,Kuala Sg.Pinang 1,5.3905400000000006,100.1957,rapidbus_penang,,0.40374744565747406,644.4257202148438,6.469910130411728
12000257,Masjid At-Taqwa,5.5195300000000005,100.43649,rapidbus_penang,,0.10213955597091215,2949.77880859375,7.989824417404364
12000260,Taman Bertam Indah 2,5.5283,100.43481,rapidbus_penang,,0.1670111216244588,1977.9788818359373,7.590336274416744
12000380,Permatang Tok Loba,5.513406,100.40665,rapidbus_penang,,0.43863538155749376,1658.1563720703125,7.414064542572125
12000999,Kemas Kepala Batas,5.534548,100.4329,rapidbus_penang,,0.46575041381874677,1613.022216796875,7.386484613788983
12000258,SK/SMK Bertam Indah,5.52456,100.43502,rapidbus_penang,,0.48037775369954766,2949.77880859375,7.989824417404364
12000263,Masjid At-Taqwa Bertam,5.51972,100.43628,rapidbus_penang,,0.07755929857174296,2949.77880859375,7.989824417404364
12000384,Kompleks Kepala Batas,5.51738,100.4258,rapidbus_penang,,0.4109651529005835,2595.634521484375,7.861971470717379
12000386,Pasaraya Longwan,5.52086,100.42652,rapidbus_penang,,0.16220453238207483,2595.634521484375,7.861971470717379
12000152,Sungai Burung,5.33592,100.2069,rapidbus_penang,,0.45963402718620366,322.5661926269531,5.77940370700404
12000165,Kg Sungai Burung 3,5.351,100.20919,rapidbus_penang,,0.38145860770808865,565.0693359375,6.338716572356828
12000170,Masjid Jalan Baru,5.357080000000001,100.2104,rapidbus_penang,,0.38201915701780886,565.0693359375,6.338716572356828
12000657,Kampung Parit Lama 2,5.30966,100.20539,rapidbus_penang,,0.3842315458542505,426.5529479980469,6.058078135673614
12000665,Pemancar Pulau Betong,5.305,100.20146,rapidbus_penang,,0.2128636326277461,593.052978515625,6.386968504805749
12000734,Pondok Polis,5.35228,100.20797,rapidbus_penang,,0.3981908150613354,565.0693359375,6.338716572356828
12002257,Kampung Sg.Korok,5.3529602,100.2036215,rapidbus_penang,,0.1175245293346231,1038.869384765625,6.946850392676622
12000974,Pasar Sg. Pinang,5.39901,100.21339,rapidbus_penang,,0.4645160686629762,1147.4736328125,7.046189063931354
12000982,Surau Haji Hashim,5.40179,100.2048,rapidbus_penang,,0.30164951746348556,430.88589477539057,6.068161420890614
12001604,Taman Mutiara,5.37387,100.21514,rapidbus_penang,,0.5770009369120711,1091.785400390625,6.996485128909041
12001607,Kraf Batik Sungai Rusa,5.3771,100.21449,rapidbus_penang,,0.4029339690867316,846.890380859375,6.742751359581583
12002625,Klinik Kesihatan Padang Serai,5.510374099999999,100.5535426,rapidbus_penang,,0.20232508416744824,3763.99072265625,8.233500676129033
12002626,PEKAN PADANG SERAI,5.5134017,100.5527057,rapidbus_penang,,0.148416557651032,3763.99072265625,8.233500676129033
12002629,TAMAN MAHSURI,5.514880799999999,100.541596,rapidbus_penang,,0.45391847374640654,3992.65283203125,8.292461587822041
12000967,Kuartes PBA,5.409590000000001,100.29346,rapidbus_penang,,0.30385776706562195,6174.19140625,8.728295157979344
12000870,Restoran McDonald,5.401269999999999,100.30418,rapidbus_penang,,0.30923703627972804,10641.908203125,9.27264905290989
12001386,Tesco Tanjung Pinang II,5.45803,100.30851,rapidbus_penang,,0.5432474562721755,4782.0302734375,8.472829573042976
12000538,SMJK Heng Ee,5.40061,100.30887,rapidbus_penang,,0.437395039028922,11790.4619140625,9.375130981948224
12000938,Rumah P. Ramlee,5.40966,100.31485,rapidbus_penang,,0.4811154804429893,10967.4375,9.302777109213938
12000994,Jalan Patani.,5.409892,100.32281,rapidbus_penang,,0.43243312322411415,11714.4384765625,9.368662778885295
12002240,Jalan P.Ramlee I,5.406724,100.3116,rapidbus_penang,,0.3329403207152099,11790.4619140625,9.375130981948224
12001346,SJKC Kwang Hwa,5.427147,100.383125,rapidbus_penang,,0.3891191055775585,9451.01171875,9.153982878123
12001904,Taman Mesra Permai,5.43091,100.39318,rapidbus_penang,,0.28599856932963885,7222.9375,8.885155443342894
12000905,Pusat Perniagaan Desa Murni,5.43886,100.4311,rapidbus_penang,,0.40400582135388713,1752.61328125,7.469433670430536
12000929,Taman Dedap,5.43092,100.39354,rapidbus_penang,,0.2674714667575134,7222.9375,8.885155443342894
12002037,Flat Mak Mandin,5.41984,100.38737,rapidbus_penang,,0.13962969320532326,8304.1474609375,9.024630777571582
12002039,Taman Mak Mandin,5.42022,100.39313,rapidbus_penang,,0.16232009391767668,7513.29248046875,8.924562150112692
12000112,Taman Mesra,5.4284300000000005,100.39722,rapidbus_penang,,0.29407535410474767,7222.9375,8.885155443342894
12001584,Jejantas Jalan Sungai Pinang,5.3998800000000005,100.32544,rapidbus_penang,,0.5102373316034576,10713.4111328125,9.27934494912379
12001977,Pasar Farlim,5.39391,100.28861,rapidbus_penang,,0.3104071261018003,12255.3955078125,9.413803162005749
12002022,SK Batu Lanchang,5.39884,100.30117,rapidbus_penang,,0.426913899734615,8991.873046875,9.104187658932297
12002973,Jetty,5.414445300000001,100.3420128,rapidbus_penang,,0.38718927189978514,7026.83056640625,8.857633340650732
12001281,Petronas Tok Kangar,5.32455,100.43483,rapidbus_penang,,0.48571773572870763,2046.42333984375,7.624337374168545
12002111,Flat Macullum,5.4070800000000006,100.33167,rapidbus_penang,,0.5565644120843044,10713.4111328125,9.27934494912379
12000304,USM,5.356580999999999,100.29281,rapidbus_penang,,0.37095567745753577,9939.43359375,9.204365919800857
12000305,Lapang Sasar Bukit Gambir,5.35952,100.29309,rapidbus_penang,,0.3295021436675401,8144.03662109375,9.005164017170145
12001128,Permatang Damar Laut 2,5.2765,100.26765,rapidbus_penang,,0.3292570551637071,3463.202880859375,8.150237836344683
12001073,Klinik Kesihatan,5.40235,100.31497,rapidbus_penang,,0.44029680122510595,11790.4619140625,9.375130981948224
12001078,Stadium Bandaraya,5.41124,100.31603,rapidbus_penang,,0.40433766579930636,11714.4384765625,9.368662778885295
12001087,Harmony View,5.40007,100.31494,rapidbus_penang,,0.57823545098726,11790.4619140625,9.375130981948224
12001642,Mewah Court,5.39259,100.30614,rapidbus_penang,,0.4755666596323213,8991.873046875,9.104187658932297
12000408,Seri Bayu,5.295746,100.256454,rapidbus_penang,,0.39340406061226646,2902.666748046875,7.973729613177487
12000515,Taman Cahaya,5.28741,100.22129,rapidbus_penang,,0.19246320483137458,2825.69970703125,7.946865128857751
12000614,Jalan Kg. Suluk,5.29242,100.22269,rapidbus_penang,,0.4789487288275536,1614.2967529296875,7.38727396672125
12000851,(M2) Spice,5.32736,100.28051,rapidbus_penang,,0.32612561035590576,6422.8427734375,8.767771780457453
12000882,Masjid Bayan Baru,5.323671,100.28688,rapidbus_penang,,0.368514338585157,7163.62353515625,8.87691079668457
12001497,SRJK Keong Hoe,5.34654,100.29564,rapidbus_penang,,0.17115103107151466,13277.513671875,9.493902494468088
12001502,Apartmen Desa Universiti,5.35216,100.29911,rapidbus_penang,,0.4569873500001491,14027.7939453125,9.548867206843603
12000838,Kolej Disted-Stamford,5.422867,100.3085,rapidbus_penang,,0.4084970406898853,8204.3466796875,9.012541254878697
12001012,Pusat Agro Pelancongan,5.34165,100.27393,rapidbus_penang,,0.6084482657918683,5224.13720703125,8.56123633620713
12001017,Pangsapuri Green Garden,5.366619,100.27307,rapidbus_penang,,0.5721603196026801,2750.048583984375,7.919737421250046
12001354,Hospital P.Pinang I,5.4170300000000005,100.30933,rapidbus_penang,,0.43241540019112723,8204.3466796875,9.012541254878697
12001427,Snake Temple,5.314244,100.28605,rapidbus_penang,,0.24124895906824265,5795.2041015625,8.664958517030799
12000101,Sekolah St. Nicholas,5.43559,100.30415,rapidbus_penang,,0.21501226021956976,7764.4169921875,8.957435435646065
12000102,SMJK Phor Tay,5.437126999999999,100.30551,rapidbus_penang,,0.28715199297957655,7764.4169921875,8.957435435646065
12000208,Masjid Terapung,5.46871,100.27733,rapidbus_penang,,0.20058096008692058,3753.44384765625,8.230695443416977
12000230,Pantai Miami,5.47772,100.2674,rapidbus_penang,,0.2674022173947641,2158.04443359375,7.677421010939319
12000365,Hardware Pulau Tikus,5.43024,100.31296,rapidbus_penang,,0.2515757056247891,10663.2998046875,9.274656975181244
12000368,SMK/SK Convent Pulau Tikus,5.43267,100.30824,rapidbus_penang,,0.5486043733463232,10663.2998046875,9.274656975181244
12000831,Ayam Garam Macalister,5.41718,100.32225,rapidbus_penang,,0.46552000105261104,9831.1435546875,9.193412251900824
12001649,Starbucks,5.44693,100.30534,rapidbus_penang,,0.31668378776842304,6444.388671875,8.771120219509186
12001651,Island Plaza,5.450130000000001,100.30545,rapidbus_penang,,0.4906146706497317,8544.34375,9.053141822944186
12001660,Flat Uda,5.46212,100.30649,rapidbus_penang,,0.3955963673916567,5689.3583984375,8.646528512559863
12002056,Jejantas Terminal Feri,5.414516000000001,100.341866,rapidbus_penang,,0.4044966526304168,7026.83056640625,8.857633340650732
12002058,Pejabat Pos Besar P.Pinang,5.41721,100.34428,rapidbus_penang,,0.35815907840308514,7632.78173828125,8.940338642155195
12000600,Kampung Gajah,5.41406,100.37227,rapidbus_penang,,0.36983808431049886,4927.14111328125,8.502717139803636
12001051,Permatang Berah,5.5106720000000005,100.38333,rapidbus_penang,,0.35924520927848774,568.5228881835938,6.344798972042054
12001059,Pekan Penaga,5.52682,100.38098,rapidbus_penang,,0.4013030582373571,2724.99609375,7.910589179295069
12001106,SMK Sri Muda,5.53434,100.38035,rapidbus_penang,,0.4069610344840041,1852.7572021484373,7.524969778622443
12002545,Teluk Air Tawar Indah,5.490835,100.384217,rapidbus_penang,,0.47394763417763686,3202.3408203125,8.071949550539856
12000088,Taman Riang,5.42368,100.37624,rapidbus_penang,,0.4075404095708938,9110.541015625,9.117297132438779
12000094,Taman Bagan Ajam,5.43622,100.38041,rapidbus_penang,,0.29226501737295263,7607.6357421875,8.937039163061574
12000603,Wisma Peladang,5.41755,100.37396,rapidbus_penang,,0.5416844115615345,9110.541015625,9.117297132438779
12000758,Desa Kuala Muda,5.56899,100.35284,rapidbus_penang,,0.15888300919236698,1302.932861328125,7.173140254449551
12001105,SMK Sri Muda,5.53425,100.38048,rapidbus_penang,,0.42400625524340796,1852.7572021484373,7.524969778622443
12001119,Kampung Tok Oteh,5.56383,100.37674,rapidbus_penang,,0.2337957252131459,423.218994140625,6.05024981750869
12000117,Bagan Lalang,5.43722,100.39754,rapidbus_penang,,0.3276819700279105,7395.4736328125,8.908758629506428
12000119,Taman Industri Cengal,5.4403,100.39736,rapidbus_penang,,0.4716096717186039,7395.4736328125,8.908758629506428
12000539,Pangsapuri Capri,5.40638,100.3731,rapidbus_penang,,0.4869253819652907,4653.07177734375,8.445497766464355
12000904,Hub Desa Murni,5.43841,100.43275,rapidbus_penang,,0.41451756050246397,1911.6729736328125,7.556257005340479
12000076,Dhoby Ghaut,5.41246,100.30957,rapidbus_penang,,0.19058595014195193,10967.4375,9.302777109213938
12000962,Apartmen Rifle Court,5.40678,100.29602,rapidbus_penang,,0.3725708016383711,10460.4873046875,9.25545591725159
12000964,Villa Sri Melati Apartment,5.4073,100.29462,rapidbus_penang,,0.3947427254101378,10460.4873046875,9.25545591725159
12001022,Paya Terubong Cemetery,5.38044,100.27504,rapidbus_penang,,0.36972478440653705,6191.44482421875,8.731085251225918
12001375,Pejabat Pos Padang Tembak,5.4069400000000005,100.2884,rapidbus_penang,,0.4271689170036909,13805.87109375,9.532921652575762
12001974,Lebuhraya Thean Teik,5.38921,100.28046,rapidbus_penang,,0.3677073052203252,12969.900390625,9.470463695920623
12000057,Pekan Air Itam,5.40182,100.27837,rapidbus_penang,,0.22042565670830713,9246.7568359375,9.132136296874593
12000073,(M2) SMKA Al-Mashoor(Hentian Transit),5.40832,100.3037,rapidbus_penang,,0.4273826265788421,8673.8642578125,9.068184957178227
12001512,Taman Pengkalan Machang,5.44393,100.43013,rapidbus_penang,,0.2956024897175838,2523.135498046875,7.833653906073931
12001555,Lubuk Meriam,5.4747900000000005,100.45748,rapidbus_penang,,0.6066350864356581,1087.423095703125,6.992485226550845
12001558,Pokok Sena,5.48384,100.45754,rapidbus_penang,,0.5465076178946172,1482.3311767578125,7.302045632619982
12001560,(M2) Taman Sena Jaya,5.48776,100.45752,rapidbus_penang,,0.41961040521020354,1482.3311767578125,7.302045632619982
12000486,Kompleks Tasek Gelugor,5.48172,100.49468,rapidbus_penang,,0.330403084490747,1638.7247314453125,7.402283660050727
12001860,Masjid Abdullah Fahim,5.51905,100.46468,rapidbus_penang,,0.40896440120422484,1067.34228515625,6.973863459892975
12001923,Tesco Kepala Batas,5.51601,100.4439,rapidbus_penang,,0.44309978674406175,1627.449462890625,7.395383591315276
12002088,Bertam Putra 2,5.517096,100.490746,rapidbus_penang,,0.5627607617090946,1032.4091796875,6.940618498809083
12002568,(M3) Taman Bertam Putra,5.517558999999999,100.485954,rapidbus_penang,,0.319458406992364,1799.6719970703125,7.495915205919044
12002569,MIdtown PERDA,5.5026399,100.5016051,rapidbus_penang,,0.19053316189064295,958.2037963867188,6.866103561573194
12002576,Sunshine Bertam II,5.5166833,100.4501562,rapidbus_penang,,0.515433412263589,1540.3236083984375,7.34039681223412
12002952,Pasaraya Mydin Bertam,5.5178069,100.4772391,rapidbus_penang,,0.29973522091127336,1885.717529296875,7.542593841157008
12000285,Apartmen Green Lane Height,5.39361,100.29983,rapidbus_penang,,0.39635382967842536,8991.873046875,9.104187658932297
12000933,Flat Seri Hussain,5.40639,100.30955,rapidbus_penang,,0.34865710076801903,11790.4619140625,9.375130981948224
12001587,JKP Sungai Pinang,5.40643,100.31944,rapidbus_penang,,0.2984016792183992,12200.109375,9.409282158964299
12001798,Jalan Tembaga,5.38924,100.29984,rapidbus_penang,,0.4165054369453405,13026.74609375,9.474836676933101
12002246,Jalan Sir Ibrahim I,5.395454,100.3087,rapidbus_penang,,0.2822778270505008,12141.8564453125,9.404496328972286
12000024,Astaka Taman Tun Sardon,5.36916,100.305,rapidbus_penang,,0.2697148521767778,12085.646484375,9.39985652584135
12001205,Permatang Janggus,5.39928,100.41718,rapidbus_penang,,0.5052578055153829,2213.71142578125,7.70287739217749
12000395,Taman Chai Leng I,5.39042,100.38924,rapidbus_penang,,0.4972250608975034,4166.59375,8.335094109872829
12002989,Sunway Carnival Mall,5.398755,100.398741,rapidbus_penang,,0.5913198997574083,2442.95849609375,7.801374338188923
12001809,Pasar Awam,5.3929800000000006,100.4016,rapidbus_penang,,0.3076608674628876,3435.899169921875,8.142324939765993
12000130,Longwan,5.6241900000000005,100.47829,rapidbus_penang,,0.4215883969360277,6201.72412109375,8.73274384890649
12000597,Central Square,5.636909999999999,100.48814,rapidbus_penang,,0.2100732980694577,4571.98974609375,8.42792248138433
12002980,CP2,5.4314919,100.3770532,rapidbus_penang,,0.31948435132950126,8415.5419921875,9.03795433311628
12000187,(M3) Mydin Mall,5.36975,100.41549,rapidbus_penang,,0.4591440696740823,8077.42431640625,8.99695212215239
12000277,Taman Jelatik,5.22485,100.49545,rapidbus_penang,,0.4441816168593809,2382.4921875,7.7763219968966935
12000279,Taman Rebana,5.24192,100.4844,rapidbus_penang,,0.439472629278356,2775.62548828125,7.928991616232
12001426,Snake Temple,5.31388,100.28609,rapidbus_penang,,0.20053972415357454,5795.2041015625,8.664958517030799
12002211,(M1) Lapangan Terbang Antarabangsa Pulau Pinang,5.292606,100.2648269,rapidbus_penang,,0.5045475313300498,6248.0205078125,8.740180011698781
12001265,Balai Polis Simpang Empat,5.28365,100.47665,rapidbus_penang,,0.4067196759040933,2856.51416015625,7.957707351091946
12001357,Taman Impian Ria,5.309480000000001,100.47986,rapidbus_penang,,0.36072441661957777,3005.72119140625,8.008605458838181
12001361,AEON Pintu Utama,5.3192,100.47679,rapidbus_penang,,0.18400399109841925,5892.37841796875,8.681584697602082
12001363,Taman Sri Kijang,5.32134,100.47659,rapidbus_penang,,0.17916132490863224,5892.37841796875,8.681584697602082
12001680,Muda Paper I,5.28443,100.52026,rapidbus_penang,,0.3044321174913602,1454.0672607421875,7.282807405851361
12001690,Taman Tasek Indah,5.2848,100.5063,rapidbus_penang,,0.4525903015845672,1791.6173095703125,7.491432015001997
12001693,Taman Tasek Harmoni,5.28498,100.49889,rapidbus_penang,,0.5034330780341055,1791.6173095703125,7.491432015001997
12001698,SK Seri Tasek,5.28559,100.52179,rapidbus_penang,,0.2954596677537036,1454.0672607421875,7.282807405851361
12002582,Jessel Ball Sport Center,5.321427,100.483697,rapidbus_penang,,0.3041171807076751,4470.94091796875,8.405577803202213
12002594,Tesco Alma,5.315483,100.478198,rapidbus_penang,,0.37928979624085263,3005.72119140625,8.008605458838181
12002597,Muda Paper Mill,5.284538,100.519954,rapidbus_penang,,0.28601491660404493,1454.0672607421875,7.282807405851361
12000793,SK Juara,5.34658,100.48762,rapidbus_penang,,0.1993642392154249,3969.91162109375,8.286750974800416
12000794,Pusat Khidmat Rakyat,5.3474330000000005,100.484924,rapidbus_penang,,0.26795061157516314,3969.91162109375,8.286750974800416
12001093,Astaka Perda,5.36815,100.4277,rapidbus_penang,,0.2531970544417534,6377.447265625,8.760679971424375
12001183,Klinik Desa Kampung Pertama,5.39215,100.41782,rapidbus_penang,,0.41236418422951476,2213.71142578125,7.70287739217749
12000352,Petronas Bukit Tengah,5.349819999999999,100.43389,rapidbus_penang,,0.5091425718343066,4042.85400390625,8.304953477586162
12002324,Petron Bukit Minyak,5.330213,100.447696,rapidbus_penang,,0.38111394340885335,2416.326171875,7.790417320657428
12000332,Asia Machinery,5.31957,100.45676,rapidbus_penang,,0.43585524483911237,2654.226318359375,7.884285172363034
12000334,Taman Perindustrian Bukit Minyak,5.32183,100.45151,rapidbus_penang,,0.2212077953974554,2654.226318359375,7.884285172363034
12000335,Pusat Perniagaan Juru Jaya,5.32336,100.44897,rapidbus_penang,,0.5458894290358971,2654.226318359375,7.884285172363034
12000342,Makmal Veterinar,5.33479,100.4447,rapidbus_penang,,0.2553567187718754,2795.17431640625,7.936007446333888
12000345,Balai Polis Bukit Tengah,5.34774,100.4347,rapidbus_penang,,0.3101014300738203,5006.271484375,8.51864643182569
12000916,Pasaraya C-MART,5.17691,100.48184,rapidbus_penang,,0.4802862143252062,1859.897216796875,7.528814025023985
12000923,IPD Seberang Perai Selatan,5.19716,100.493,rapidbus_penang,,0.2613368539769337,2285.907470703125,7.734955734394999
12001261,Taman Cegar,5.27208,100.47677,rapidbus_penang,,0.22429751889299435,3111.333251953125,8.043127965668164
12001278,Taman Sukun,5.3103,100.46632,rapidbus_penang,,0.4121194851625829,2206.897705078125,7.69979607710189
12001481,Pusat Perniagaan Jawi Jaya,5.20528,100.49716,rapidbus_penang,,0.33222747357479765,1912.0086669921875,7.556432500006147
12000704,Masjid Permatang Kampung Sireh,5.36103,100.43723,rapidbus_penang,,0.15969834002026756,3525.579833984375,8.1680837946975
12002334,Masjid Daerah Jawi,5.194506,100.491577,rapidbus_penang,,0.34793999657644864,2285.907470703125,7.734955734394999
12000956,Masjid Padang Lalang,5.36508,100.44823,rapidbus_penang,,0.5234873446011143,4721.64013671875,8.460123273200876
12002323,Taman Limau Manis,5.35246,100.434163,rapidbus_penang,,0.27193062687201436,4042.85400390625,8.304953477586162
12002327,Taman Permatang Tinggi Indah,5.295154,100.47923,rapidbus_penang,,0.1483634910149675,2438.5361328125,7.799563190711072
12001937,Komtar,5.41378,100.33094,rapidbus_penang,,0.3842198101679152,12071.685546875,9.398700787012483
12001991,Lip Sin 2,5.34265,100.29459,rapidbus_penang,,0.30766089493666804,13277.513671875,9.493902494468088
12002113,(M1) JETTY A,5.414174,100.3422281,rapidbus_penang,,0.34926624798403394,7026.83056640625,8.857633340650732
12000297,Pangsapuri Golf View,5.33856,100.29256,rapidbus_penang,,0.27769540696477607,13364.4619140625,9.50042918944698
12003022,Pusat Sejahtera,5.35879,100.30251,rapidbus_penang,,0.3689742681171976,11285.98046875,9.331405169534177
12000441,Kampung Haji Osman,5.15941,100.47601,rapidbus_penang,,0.3646141057702341,2604.56787109375,7.865405923172824
12000939,Taman Harapan Baru,5.13093,100.47726,rapidbus_penang,,0.2530470874979455,3007.5849609375,8.009225134559978
12002162,Hentian Raya Parit Buntar,5.1181722,100.4872271,rapidbus_penang,,0.27206077557080227,4191.876953125,8.341142400955526
12001101,Permatang Batu,5.36426,100.43189,rapidbus_penang,,0.50209899715487,4358.02783203125,8.380004337175855
12000566,Pekan Jelutong,5.3879,100.3127,rapidbus_penang,,0.18445388835146811,10559.2919921875,9.264856207653308
12000029,SAM Engineering,5.304917,100.29403,rapidbus_penang,,0.14346254413519163,5894.48974609375,8.681942887738437
12000607,Broadcom,5.3234580000000005,100.30109,rapidbus_penang,,0.39400009942442915,4916.04345703125,8.500462705491909
12000608,Esquel Group,5.323992,100.29932,rapidbus_penang,,0.5626464744212653,4916.04345703125,8.500462705491909
12002052,Advantest Engineering,5.298522,100.29017,rapidbus_penang,,0.5546432994329464,6578.75146484375,8.791752252305667
12000875,Towa (M) Sdn. Bhd.,5.306497,100.27693,rapidbus_penang,,0.3243656420236523,4337.3916015625,8.375258959687457
12000876,Astaka Bukit Gedung,5.31614,100.28407,rapidbus_penang,,0.5115569612217082,5795.2041015625,8.664958517030799
12000901,Kompleks Institut Pendidikan,5.45032,100.30222,rapidbus_penang,,0.3891281166669146,8544.34375,9.053141822944186
12000207,Hotel Hard Rock,5.467280000000001,100.2423,rapidbus_penang,,0.43071823888684296,3783.49267578125,8.238667121427294
12000210,By The Sea,5.46956,100.24496,rapidbus_penang,,0.10401774251539758,3783.49267578125,8.238667121427294
12000212,Mar Vista,5.470619999999999,100.2772,rapidbus_penang,,0.0824387705860159,3753.44384765625,8.230695443416977
12001959,Lebuh Raya Gelugor II,5.38759,100.30667,rapidbus_penang,,0.4193502000313146,13026.74609375,9.474836676933101
12002078,Klinik Menara,5.302219999999999,100.26071,rapidbus_penang,,0.1803333305262549,5700.1728515625,8.648427196088267
12002309,Tadika Smart Reader,5.280193,100.279486,rapidbus_penang,,0.23653131962506754,4290.07470703125,8.364292495008053
12000309,SMK Bukit Gambir,5.37038,100.29667,rapidbus_penang,,0.2310877767968356,8466.787109375,9.044024491335868
12000426,Kem Sungai Ara 2,5.3137300000000005,100.26593,rapidbus_penang,,0.44395173457125847,3245.9140625,8.085460305014069
12000436,Masjid Al-huda Sungai Ara,5.32301,100.27192,rapidbus_penang,,0.38741924769065045,5433.54052734375,8.600530256394471
12000577,Peugeot Center,5.401017,100.32309,rapidbus_penang,,0.4930429216908055,12200.109375,9.409282158964299
12000850,I Avenue,5.32716,100.28524,rapidbus_penang,,0.20918874642399615,7392.5029296875,8.908356911065239
12001133,Permatang Damar Laut 2,5.27841,100.27075,rapidbus_penang,,0.13464322680007854,3463.202880859375,8.150237836344683
12001136,Hadapan Rumah Kedai,5.2799,100.27699,rapidbus_penang,,0.16390591538707738,4290.07470703125,8.364292495008053
12001803,SMK Raja Tun uda,5.32036,100.28318,rapidbus_penang,,0.3399133314836114,7163.62353515625,8.87691079668457
12000719,Gurney Hotel,5.429469999999999,100.31879,rapidbus_penang,,0.1187894893583203,8737.2275390625,9.07546264934887
12000727,Gurney Plaza,5.43594,100.30881,rapidbus_penang,,0.29848965763057295,7345.861328125,8.902028470816452
12001648,Caltex,5.44589,100.30502,rapidbus_penang,,0.23873690921401416,6444.388671875,8.771120219509186
12001654,Taman Batu Bukit,5.45289,100.30597,rapidbus_penang,,0.35129367696033265,8544.34375,9.053141822944186
12001672,Hotel Copthorne,5.46555,100.29173,rapidbus_penang,,0.4982970596982633,4720.15478515625,8.45980870652783
12001675,Hotel Flamingo,5.46612,100.2877,rapidbus_penang,,0.4766845283640097,7077.80029296875,8.86485972218381
12001750,Escape,5.4494,100.21493,rapidbus_penang,,0.6017758997799464,525.3721923828125,6.266008552595271
12001759,Jalan Hassan Abbas,5.45747,100.21137,rapidbus_penang,,0.41383918271117687,1566.9765625,7.3575412534134355
12001760,Pasar Teluk Bahang,5.45754,100.21301,rapidbus_penang,,0.46427921103987074,1566.9765625,7.3575412534134355
12002252,Aseania Court,5.45741751,100.2082558,rapidbus_penang,,0.5254611150725415,1566.9765625,7.3575412534134355
12000009,Apartment Sri Saujana,5.407058,100.3333,rapidbus_penang,,0.4918365543692758,7362.63525390625,8.904309010152105
12002081,Taman Gedung Heights II,5.31727,100.28004,rapidbus_penang,,0.42157578127979284,6168.66796875,8.727400301634562
12002317,Pangsapuri Mayang,5.31838,100.28491,rapidbus_penang,,0.27072933312491393,7163.62353515625,8.87691079668457
12000811,Tenby School,5.45849,100.28229,rapidbus_penang,,0.5930966923213892,7077.80029296875,8.86485972218381
12002018,Flat Permai Jaya,5.45504,100.28214,rapidbus_penang,,0.4769720989705648,4857.1630859375,8.48841567959096
12000520,Kawasan Perkelahan Tanjung Asam,5.2823400000000005,100.21153,rapidbus_penang,,0.40037462529041457,744.0196533203125,6.613410598327327
12000622,SK Seri Bayu,5.29429,100.23016,rapidbus_penang,,0.27823669169454096,3576.458740234375,8.182407978236041
12001493,Kampung Dua Bukit,5.34278,100.29931,rapidbus_penang,,0.49535318046200777,13274.052734375,9.493641818559876
12002001,(M2) Lintang Angsana,5.388977,100.28198,rapidbus_penang,,0.4967005667963624,12969.900390625,9.470463695920623
12000862,Persatuan Kanak - Kanak Sepastik,5.38894,100.30366,rapidbus_penang,,0.2222444525776741,13026.74609375,9.474836676933101
12001040,Surau Permatang Tok Jaya,5.46675,100.40012,rapidbus_penang,,0.511906779567603,848.27978515625,6.744388678732121
12001593,(M2) Taman Seri Pinang,5.44968,100.39957,rapidbus_penang,,0.5848355936144608,1377.1485595703125,7.228496253868905
12002033,Balai Polis Mak Mandin,5.419580000000001,100.3896,rapidbus_penang,,0.38237618112078586,8304.1474609375,9.024630777571582
12002387,Kedai Runcit Permatang Binjai,5.500845,100.395095,rapidbus_penang,,0.3279758379090732,835.61376953125,6.72936251779119
12000040,SK Penanti,5.40254,100.46455,rapidbus_penang,,0.3893497364425244,2346.26416015625,7.761005741778358
12001523,Pekan Sungai Dua,5.446587999999999,100.43059,rapidbus_penang,,0.32334589974561595,2523.135498046875,7.833653906073931
12001546,Lorong Haji Din,5.457902,100.44458,rapidbus_penang,,0.4616608925998567,1404.417236328125,7.248089503040458
12001561,Desa Murni,5.44057,100.42944,rapidbus_penang,,0.42278106118225756,1752.61328125,7.469433670430536
12001167,Klinik Desa,5.41528,100.43773,rapidbus_penang,,0.39139261931815167,1254.7451171875,7.135484394259066
12000326,(M2) Masjid Tok Lebai Hashim,5.33202,100.45079,rapidbus_penang,,0.43314270023762236,2611.04345703125,7.867888127712457
12000589,Pusat Perniagaan Taman Juru,5.31968,100.44816,rapidbus_penang,,0.4044239330246051,2366.967041015625,7.76978707741701
12000959,Pusat Borong Fama,5.36537,100.44286,rapidbus_penang,,0.4122251331861393,4721.64013671875,8.460123273200876
12002045,Desa Wawasan,5.35668,100.44814,rapidbus_penang,,0.5110887093627332,3751.232666015625,8.230106319401695
12002503,Pangsapuri Taman Pelangi,5.345024,100.425211,rapidbus_penang,,0.3026737350861566,3482.41162109375,8.155767443427433
12002505,Pusat Komersial Nagasari,5.361658,100.410934,rapidbus_penang,,0.05881839234415849,5814.88232421875,8.668347785896344
12002525,Mahkamah Bukit Mertajam,5.353875,100.45163,rapidbus_penang,,0.14307812039354442,2672.1318359375,7.891006036261046
12000150,Pejabat Pos Balik Pulau,5.34925,100.23331,rapidbus_penang,,0.5362695333883134,2130.316650390625,7.664495213453397
12001029,Permata Court Complex,5.39245,100.27588,rapidbus_penang,,0.39955962361346825,12634.9150390625,9.444298438178455
12001036,Klinik Desa Paya Terubong.,5.39799,100.27734,rapidbus_penang,,0.29314679639311214,12634.9150390625,9.444298438178455
12001787,PUSPAKOM,5.30122,100.23174,rapidbus_penang,,0.5083181045055841,1175.5166015625,7.070313319043209
12000093,Taman Bagan Ajam,5.43435,100.37948,rapidbus_penang,,0.34978558566336454,7607.6357421875,8.937039163061574
12000507,Taman Desa Sena,5.48904,100.46307,rapidbus_penang,,0.29652444239547654,1482.3311767578125,7.302045632619982
12001590,Masjid Jamek Sungai Puyu,5.447628,100.394684,rapidbus_penang,,0.24612282741059976,6177.90185546875,8.728895841372568
12001997,Taman Meranti,5.44303,100.38258,rapidbus_penang,,0.48522131552643244,5882.95556640625,8.679984530096323
12002613,Pusat Serenti Kampung Selamat,5.5017693,100.5230244,rapidbus_penang,,0.4400092384225643,1245.0130615234375,7.127704182056048
12002619,Taman Lagenda,5.514208,100.5350702,rapidbus_penang,,0.2698989710059461,3526.826171875,8.168437144902338
12000498,KEMAS Pokok Macang,5.48816,100.47266,rapidbus_penang,,0.36100707318294345,597.8218383789064,6.394964122119105
12001784,Hentian Kampung Bukit,5.29606,100.23228,rapidbus_penang,,0.44529657983437687,2203.67138671875,7.698333745808175
12002272,Kampung Sungai Pinang,5.395931200000001,100.2119596,rapidbus_penang,,0.09720385078436662,1147.4736328125,7.046189063931354
12002275,Surau Haji Hashim,5.40176,100.20456,rapidbus_penang,,0.286501437002487,430.88589477539057,6.068161420890614
12002276,Jalan Sungai Rusa 1,5.3803934,100.2139988,rapidbus_penang,,0.3549847574511897,846.890380859375,6.742751359581583
12000382,Permatang Manggis,5.515609,100.418015,rapidbus_penang,,0.4287104508720065,1895.429443359375,7.547728156829909
12000383,Taman Sepakat,5.51619,100.42226,rapidbus_penang,,0.5443290569232377,1895.429443359375,7.547728156829909
12000706,Kampung Datok,5.526,100.42808,rapidbus_penang,,0.3063429727966735,1630.88525390625,7.397491222945717
12000265,Taman Bertam,5.532030000000001,100.43365,rapidbus_penang,,0.4645285746679064,1977.9788818359373,7.590336274416744
12000378,Klinik Desa Permatang Sintok,5.51152,100.40382,rapidbus_penang,,0.11803091547916222,1658.1563720703125,7.414064542572125
12000707,Lahar Ikan Mati,5.53006,100.42935,rapidbus_penang,,0.21538821245541245,1630.88525390625,7.397491222945717
12002548,Taman Permatang Sintok,5.512908,100.405519,rapidbus_penang,,0.3023076916011164,1658.1563720703125,7.414064542572125
12000174,Sungai Korok 2,5.36175,100.21144,rapidbus_penang,,0.04265689883482191,638.7945556640625,6.461147118045112
12000630,Hadapan Lrg Kpg Perlis 2,5.32647,100.20576,rapidbus_penang,,0.4042404158438763,324.47235107421875,5.78527751510442
12000633,Lrg Kpg Perlis 12,5.31154,100.20353,rapidbus_penang,,0.09093818802625812,426.5529479980469,6.058078135673614
12000654,Hub Pulau Betong,5.304819999999999,100.19483,rapidbus_penang,,0.12206237057063002,484.8495178222656,6.185898941843391
12000655,Masjid Pulau Betong,5.30612,100.20284,rapidbus_penang,,0.26364664835505974,593.052978515625,6.386968504805749
12000656,Simpang Masjid Pulau Betong,5.306780000000001,100.20347,rapidbus_penang,,0.34243278794473075,593.052978515625,6.386968504805749
12000662,Taman Desa Genting,5.33115,100.21468,rapidbus_penang,,0.4641658342661124,826.4168090820312,6.718308569366072
12000735,Titi Sungai Korok,5.35259,100.20561,rapidbus_penang,,0.32492933364273874,1038.869384765625,6.946850392676622
12001568,Taman Impian,5.35195,100.23135,rapidbus_penang,,0.4296286410274691,2124.256591796875,7.661647823149816
12001575,SK Titi Teras,5.35885,100.22451,rapidbus_penang,,0.5210416863882157,494.5697326660156,6.20570807578754
12000975,SRJK Sin Min,5.39905,100.21344,rapidbus_penang,,0.4711716986248632,1147.4736328125,7.046189063931354
12000978,Jalan Haji Hamid Senawi,5.40036,100.20934,rapidbus_penang,,0.43219861402520193,625.3045654296875,6.439836779030086
12000983,Kampung Bukit Kecil,5.403519999999999,100.20106,rapidbus_penang,,0.20707920557225618,430.88589477539057,6.068161420890614
12001478,Simpang Bandar Baru Air Putih,5.370830000000001,100.21644,rapidbus_penang,,0.35096486457615733,1113.1712646484375,7.015866147134271
12001600,Kampung Permatang Pasir,5.36966,100.21644,rapidbus_penang,,0.35797859051666936,1113.1712646484375,7.015866147134271
12001603,Taman Mutiara,5.37352,100.21532,rapidbus_penang,,0.5675559758731935,1091.785400390625,6.996485128909041
12001620,Madrasah Tahfiz - Irfanratul,5.3921,100.21018,rapidbus_penang,,0.38735854845527246,1147.4736328125,7.046189063931354
12002628,PUSAT PERNIAGAAN PADANG SERAI,5.515278599999999,100.5453565,rapidbus_penang,,0.36544777888434704,3992.65283203125,8.292461587822041
12002633,Balai Bomba Kampung Selamat,5.500551799999999,100.5219998,rapidbus_penang,,0.4450182126178572,1245.0130615234375,7.127704182056048
12001030,Permata Court Complex,5.392462,100.27584,rapidbus_penang,,0.4009803745575224,12634.9150390625,9.444298438178455
12002287,Hotel Cititel,5.42168,100.33383,rapidbus_penang,,0.3024379637216062,9610.4580078125,9.170711208230815
12000868,SMK Convent Green Lane,5.396780000000001,100.30341,rapidbus_penang,,0.16112832425297047,8991.873046875,9.104187658932297
12000871,McDonald Green Lane,5.40146,100.30395,rapidbus_penang,,0.27918694642823083,10641.908203125,9.27264905290989
12000873,SMK Penang Free,5.403490000000001,100.3037,rapidbus_penang,,0.09145549225571789,10641.908203125,9.27264905290989
12000247,Apartment Bayan Permai,5.29562,100.26242,rapidbus_penang,,0.13154006175446442,6248.0205078125,8.740180011698781
12001585,Sungai Pinang,5.40265,100.32297,rapidbus_penang,,0.39440261639860036,12200.109375,9.409282158964299
12001780,SK Teluk Kumbar,5.29041,100.2326,rapidbus_penang,,0.547819428242494,4627.02734375,8.439885996625845
12000827,Masjid Simpang Enam,5.41438,100.32784,rapidbus_penang,,0.2554966686678832,12071.685546875,9.398700787012483
12001086,Wat Bhuparam,5.4259,100.31669,rapidbus_penang,,0.45054950040953723,8737.2275390625,9.07546264934887
12000936,Flat Seri Hussain,5.40632,100.3096,rapidbus_penang,,0.33911748068570097,11790.4619140625,9.375130981948224
12000990,Apartmen Taman Sri Pinang,5.405831,100.3215,rapidbus_penang,,0.31396162870192273,12200.109375,9.409282158964299
12001392,Jalan Siram I,5.4084,100.37763,rapidbus_penang,,0.4108127101332925,6323.03515625,8.752112757493228
12002380,Taman Cengkih,5.436338,100.397457,rapidbus_penang,,0.32876584194077635,7395.4736328125,8.908758629506428
12000587,Klinik Desa Juru,5.31629,100.44367,rapidbus_penang,,0.4698852330259115,2366.967041015625,7.76978707741701
12001799,Desa Wawasan,5.35668,100.44823,rapidbus_penang,,0.5188048694341585,3751.232666015625,8.230106319401695
12002513,Taman Cempedak,5.359499,100.444621,rapidbus_penang,,0.2874162371313116,4721.64013671875,8.460123273200876
12002515,Taman Kota Permai II,5.339307,100.456139,rapidbus_penang,,0.4340866109073992,2780.037109375,7.930579198041016
12002519,Taman Perusahaan Ringan Juru,5.317480000000001,100.43251,rapidbus_penang,,0.5273219825275959,2046.42333984375,7.624337374168545
12002520,Perodua Juru,5.334788,100.433795,rapidbus_penang,,0.372833244363088,4142.7392578125,8.329353861547705
12000435,SK Agama Sungai Ara,5.321918,100.27153,rapidbus_penang,,0.27264012709199614,5433.54052734375,8.600530256394471
12000414,Kampung Perlis,5.298158,100.261536,rapidbus_penang,,0.3064466739893723,6248.0205078125,8.740180011698781
12000848,Mayang Mall,5.32693,100.2843,rapidbus_penang,,0.2958972391627381,7392.5029296875,8.908356911065239
12000879,Pasaraya Giant,5.32071,100.28571,rapidbus_penang,,0.06805737028901881,7163.62353515625,8.87691079668457
12001779,Saujana Heights,5.28949,100.24884,rapidbus_penang,,0.5246943737877355,3155.7822265625,8.057308505045487
12001807,Klinik Kesihatan,5.321205,100.27917,rapidbus_penang,,0.1641578700912596,6168.66796875,8.727400301634562
12001845,Masjid Sungai Nibong Kecil,5.3326,100.28684,rapidbus_penang,,0.4330414230821351,7392.5029296875,8.908356911065239
12002013,Taman Kumbar Permai,5.29084,100.22771,rapidbus_penang,,0.41832558489440425,4812.15283203125,8.479107622805039
12000437,Kondominium Tunas Residensi,5.330318,100.27852,rapidbus_penang,,0.18670750914458653,6422.8427734375,8.767771780457453
12000835,Buddhist Society,5.4223,100.31149,rapidbus_penang,,0.2110806354435236,8204.3466796875,9.012541254878697
12001002,Kompleks Golden Triangle,5.331664,100.27662,rapidbus_penang,,0.354363911107875,6422.8427734375,8.767771780457453
12001014,Simpang Tingkat Bukit Jambul,5.346059,100.272514,rapidbus_penang,,0.3322641053879226,4641.98291015625,8.44311230723698
12001423,Dynacraft Industries Sdn. Bhd.,5.30481,100.27917,rapidbus_penang,,0.18208814223151482,4337.3916015625,8.375258959687457
12001812,Masjid Bandar Baru Air Itam,5.39384,100.2852,rapidbus_penang,,0.21034380060503866,12255.3955078125,9.413803162005749
12000105,Jalan Bagan Jermal(Gurney),5.439603,100.30738,rapidbus_penang,,0.5118249414704383,7345.861328125,8.902028470816452
12000203,Tropical Spice Garden,5.46341,100.22881,rapidbus_penang,,0.1776008326708947,220.55003356933597,5.400648449165848
12000215,Hotel Holiday Inn,5.47222,100.2467,rapidbus_penang,,0.3084036406067194,3783.49267578125,8.238667121427294
12000233,Double Tree Resort,5.47821,100.26893,rapidbus_penang,,0.09397442283882315,2158.04443359375,7.677421010939319
12000239,Kem Tentera,5.48085,100.25641,rapidbus_penang,,0.4517308872008613,3253.47314453125,8.087785681182805
12000363,Premier Centre,5.42833,100.31481,rapidbus_penang,,0.39688148015190416,10663.2998046875,9.274656975181244
12000371,(M1) Hospital Adventist,5.43375,100.30376,rapidbus_penang,,0.38225552451178707,7764.4169921875,8.957435435646065
12001645,Balai Bomba Bagan Jermal,5.44107,100.30725,rapidbus_penang,,0.6265041217730821,7345.861328125,8.902028470816452
12001647,Marina Bay,5.44366,100.30592,rapidbus_penang,,0.3856341584384994,6444.388671875,8.771120219509186
12001656,Masjid Karwa,5.455769999999999,100.30721,rapidbus_penang,,0.5003850925151032,6421.53662109375,8.767568430967588
12001657,Tesco Tanjung Pinang,5.45885,100.3079,rapidbus_penang,,0.5164753248411063,4782.0302734375,8.472829573042976
12001767,Jalan Teluk Bahang,5.46117,100.21923,rapidbus_penang,,0.10883229310908721,619.6708984375,6.4308009872511915
12001943,Balai Polis,5.418646,100.34356,rapidbus_penang,,0.22714795858960393,7632.78173828125,8.940338642155195
12000606,Taman Riang,5.42287,100.37588,rapidbus_penang,,0.35386099436102947,9110.541015625,9.117297132438779
12000742,Desa Kuala Muda,5.56895,100.35284,rapidbus_penang,,0.16332469511773076,1302.932861328125,7.173140254449551
12000747,SK Pulau Mertajam,5.5727400000000005,100.3642,rapidbus_penang,,0.4163469795824654,1491.001708984375,7.307873926194937
12001053,Permatang Pak Maras,5.516947,100.38269,rapidbus_penang,,0.5514360218701552,905.2489013671876,6.809313993883667
12001713,Bagan Lebai Tahir,5.45338,100.38323,rapidbus_penang,,0.33677051021064075,1931.0252685546875,7.566324093648988
12001724,Taman Teluk Molek,5.47741,100.3833,rapidbus_penang,,0.3588858568087361,3561.158935546875,8.178122082603439
12001727,SMK Telok Air Tawar,5.47954,100.38336,rapidbus_penang,,0.3316802268390377,3561.158935546875,8.178122082603439
12001729,SK Telok Air Tawar,5.48475,100.38359,rapidbus_penang,,0.3924122447294551,3202.3408203125,8.071949550539856
12002552,Balai Bomba Kuala Muda,5.5697410000000005,100.350214,rapidbus_penang,,0.3083584918668951,1302.932861328125,7.173140254449551
12000741,Bakau Tua,5.56893,100.36159,rapidbus_penang,,0.16956771695720863,1491.001708984375,7.307873926194937
12000750,Masjid Pulau Mertajam,5.57324,100.36513,rapidbus_penang,,0.5319448441629689,1491.001708984375,7.307873926194937
12000752,Pulau Mertajam,5.57404,100.36669,rapidbus_penang,,0.5145985221495357,851.9559326171875,6.748707884512607
12000754,Kampung Telok Manan,5.57561,100.36813,rapidbus_penang,,0.38441714967831053,964.5332641601561,6.87268055405619
12001733,Taman Air Tawar Indah,5.49306,100.38409,rapidbus_penang,,0.3547084442759357,2243.881591796875,7.7164080557105015
12002444,(M2) Pangkalan TUDM,5.4638947,100.3826764,rapidbus_penang,,0.44384028316574187,2138.689697265625,7.66841609622445
12000115,Taman Mesra Indah,5.43518,100.39709,rapidbus_penang,,0.34902291594738444,7395.4736328125,8.908758629506428
12000903,Simpang Lorong Murni 6,5.43724,100.43298,rapidbus_penang,,0.36234620854769006,1911.6729736328125,7.556257005340479
12000049,Klinik Kesihatan Bandar Baru Air Itam,5.38963,100.2851,rapidbus_penang,,0.3104413549802777,9491.078125,9.158212848137039
12001372,Flat 4E Farlim,5.3861300000000005,100.28323,rapidbus_penang,,0.3506941964937154,9491.078125,9.158212848137039
12001819,SMK Air Itam,5.39532,100.28632,rapidbus_penang,,0.013292898542513542,12255.3955078125,9.413803162005749
12001918,Masjid Kapitan Keling,5.417451,100.33745,rapidbus_penang,,0.3555519662597954,9610.4580078125,9.170711208230815
12001972,Perumahan PDRM,5.38801,100.27852,rapidbus_penang,,0.12280052573303642,12969.900390625,9.470463695920623
12001999,Lintang Angsana,5.3887,100.28208,rapidbus_penang,,0.49474559482524755,12969.900390625,9.470463695920623
12002099,Tingkat Paya Terubong 2 - 1,5.37092,100.2774,rapidbus_penang,,0.07998034634028976,6768.25146484375,8.820145793300597
12001507,Taman Desa Murni,5.43538,100.43078,rapidbus_penang,,0.3692824229445281,1752.61328125,7.469433670430536
12001511,Klinik Kesihatan,5.44226,100.42986,rapidbus_penang,,0.4117182076361781,2523.135498046875,7.833653906073931
12001530,SK Sungai Dua,5.4491,100.43259,rapidbus_penang,,0.5760458800902118,2936.29150390625,7.985243178539783
12001549,Nyior Sebatang,5.46622,100.45441,rapidbus_penang,,0.4887704787137064,889.6023559570312,6.791898038243446
12002362,Kampung Kepala Bukit,5.409221,100.4491042,rapidbus_penang,,0.528576372225137,1507.974853515625,7.319185794292102
12000250,Pejabat Tanah,5.51392,100.43542,rapidbus_penang,,0.2239015653074252,2983.199462890625,8.001086803221929
12000253,IPD Seberang Prai Utara,5.51394,100.43967,rapidbus_penang,,0.43119577335843134,2983.199462890625,8.001086803221929
12000255,Pejabat Tanah Kepala Batas,5.51499,100.43655,rapidbus_penang,,0.3248916970944833,2983.199462890625,8.001086803221929
12000488,SK Tasek Gelugor,5.48305,100.49185,rapidbus_penang,,0.5409836056770291,1470.5037841796875,7.294040139317986
12001871,Taman Sepadu,5.487509999999999,100.49512,rapidbus_penang,,0.07604304021187337,1470.5037841796875,7.294040139317986
12001873,Masjid Kubang Menderung,5.518669999999999,100.5064,rapidbus_penang,,0.43173918150271223,906.7271728515624,6.8109438630232155
12001875,Kampung Pokok Jenerih,5.52133,100.50013,rapidbus_penang,,0.32466852973269994,906.7271728515624,6.8109438630232155
12002090,Bertam Putra 4,5.51994,100.49356,rapidbus_penang,,0.12501965272537213,1032.4091796875,6.940618498809083
12002566,Klinik Kesihatan Tasek Gelugor,5.4846900000000005,100.491119,rapidbus_penang,,0.4667295269358791,1470.5037841796875,7.294040139317986
12003000,Klinik Kesihatan Tasek Gelugor,5.4845511,100.4911088,rapidbus_penang,,0.47661652202694865,1470.5037841796875,7.294040139317986
12000065,Tadika St. Paul,5.405069999999999,100.28191,rapidbus_penang,,0.4658291130143378,9246.7568359375,9.132136296874593
12000637,Kampung Pisang II,5.39923,100.27958,rapidbus_penang,,0.4622765733107698,12634.9150390625,9.444298438178455
12000016,Astaka Taman Tun Sardon,5.3690940000000005,100.30492,rapidbus_penang,,0.2661645942665697,12085.646484375,9.39985652584135
12000466,Jalan Delima,5.38019,100.30267,rapidbus_penang,,0.16240496764461956,14458.0830078125,9.579078077921288
12000467,Jalan Delima 3,5.3814,100.29879,rapidbus_penang,,0.5435827868415583,14458.0830078125,9.579078077921288
12000536,SMJK Heng Ee,5.40039,100.30877,rapidbus_penang,,0.46362836199629076,11790.4619140625,9.375130981948224
12001887,(M1) Tesco Tunku Kudin,5.377228,100.31506,rapidbus_penang,,0.4545217963315222,13606.791015625,9.518397776493412
12001960,(M2) Pasar Batu Lanchang I,5.38943,100.30688,rapidbus_penang,,0.5105111383475949,13026.74609375,9.474836676933101
12002244,Jalan Delima 4,5.3830800000000005,100.2996,rapidbus_penang,,0.5770254598709688,13026.74609375,9.474836676933101
12001213,PPR Ampang Jajar,5.41352,100.40059,rapidbus_penang,,0.3030319099599089,2854.8134765625,7.957112011999873
12001186,Permatang Janggus 2,5.4037,100.41655,rapidbus_penang,,0.3357954321787428,1552.86572265625,7.348501119637134
12001187,Taman Arowana Emas,5.40839,100.41389,rapidbus_penang,,0.5040916641710222,2335.12939453125,7.756250733908607
12001198,Petron Permatang Pauh,5.37611,100.42096,rapidbus_penang,,0.33079715087233846,5182.91796875,8.553316413977512
12002369,Pasaraya Billion,5.413703,100.37725,rapidbus_penang,,0.19459729831515266,6323.03515625,8.752112757493228
12002371,Pangsapuri Telaga Emas,5.413335,100.374728,rapidbus_penang,,0.3793827261193253,6323.03515625,8.752112757493228
12000191,Kompleks Chai Leng Park,5.38194,100.39278,rapidbus_penang,,0.40699380789101547,2938.15869140625,7.985878659995689
12002091,Dewan JKKK,5.40415,100.40063,rapidbus_penang,,0.25696736480697613,2681.4853515625,7.89449901374903
12002647,(M2) Pasar Seberang Jaya,5.3950938,100.3969954,rapidbus_penang,,0.2694695821172371,2442.95849609375,7.801374338188923
12000390,Taman Inderawasih,5.39072,100.38898,rapidbus_penang,,0.5048454881667555,4166.59375,8.335094109872829
12001993,Masjid Sembilang,5.40205,100.39852,rapidbus_penang,,0.4750720961262832,2522.3369140625,7.833337476809604
12000248,SK Kampung Baru I,5.34943,100.47122,rapidbus_penang,,0.4816426969198205,6912.13818359375,8.841178964692944
12002543,Sunway Carnival,5.398624,100.397254,rapidbus_penang,,0.4632603968164219,2442.95849609375,7.801374338188923
12002502,Dataran Jam Besar Sg.Petani,5.643604,100.488968,rapidbus_penang,,0.36210282821140954,3644.521484375,8.201254702625087
12000331,Kampung Permatang Tok Subuh,5.31906,100.45774,rapidbus_penang,,0.41683308540901504,2517.419677734375,7.831386871778317
12000880,Pasaraya Giant,5.32101,100.28599,rapidbus_penang,,0.07194597208055219,7163.62353515625,8.87691079668457
12001000,Kompleks Golden Triangle,5.331601999999999,100.276886,rapidbus_penang,,0.33699872318550034,6422.8427734375,8.767771780457453
12001419,Chung Shan Chinese School,5.29816,100.27025,rapidbus_penang,,0.3138383499447603,4682.61328125,8.451825159663178
12002291,Persimpangan Relau,5.35636,100.27222,rapidbus_penang,,0.4116410192658977,1995.441650390625,7.59912170012609
12000405,SMK Jalan Damai,5.3416,100.47388,rapidbus_penang,,0.6162907164731313,5417.52197265625,8.597578358472711
12000599,Pasar Awam Kampung Baru,5.3471,100.47245,rapidbus_penang,,0.3684840136748792,6912.13818359375,8.841178964692944
12001268,Pusat Perniagaan Simpang Empat,5.29097,100.47867,rapidbus_penang,,0.4401410454501278,2856.51416015625,7.957707351091946
12001270,Taman Permatang Tinggi Indah,5.29524,100.47903,rapidbus_penang,,0.12487014489580778,2438.5361328125,7.799563190711072
12001360,TESCO Alma,5.31597,100.4778,rapidbus_penang,,0.43234870192122243,3005.72119140625,8.008605458838181
12001688,Kampung Padang,5.28471,100.51138,rapidbus_penang,,0.26431783427044936,1457.889892578125,7.285431077942345
12001691,Taman Tasek,5.28489,100.49468,rapidbus_penang,,0.2441447957024814,1677.9906005859375,7.425948058840273
12001273,SRJK Permatang Tinggi,5.30021,100.47737,rapidbus_penang,,0.3982700901019897,2578.929931640625,7.855517519268043
12002592,Jessel Ball Sport Center,5.321332,100.483751,rapidbus_penang,,0.29475793797454813,4470.94091796875,8.405577803202213
12002595,Taman Mutiara Simpang Empat,5.28009,100.492424,rapidbus_penang,,0.2816695670455758,3489.67041015625,8.157849091349313
12001095,Perda Timur,5.37144,100.43858,rapidbus_penang,,0.2819612896483011,2493.916259765625,7.822010444402171
12001179,Taman Pauh Indah,5.37576,100.42125,rapidbus_penang,,0.38027821351051755,5182.91796875,8.553316413977512
12001262,Taman Tiong Mas,5.275869999999999,100.47706,rapidbus_penang,,0.3340010302158195,3738.333251953125,8.226662599636878
12001487,Taman Sri Aman,5.23365,100.49107,rapidbus_penang,,0.5450487632946847,3377.219482421875,8.125104069330993
12002333,Teck Land Motors,5.1806410000000005,100.484135,rapidbus_penang,,0.31470922821536185,3154.246337890625,8.056821850498062
12000272,Taman Jelatik,5.22461,100.49551,rapidbus_penang,,0.47167417302880466,2382.4921875,7.7763219968966935
12000348,Taman Kerjasama,5.357469999999999,100.42704,rapidbus_penang,,0.4248489068186955,3259.0302734375,8.089491760648157
12000702,SK Kebun Sireh,5.35775,100.43631,rapidbus_penang,,0.44480935367954716,4042.85400390625,8.304953477586162
12000954,Masjid Sungai Rambai,5.3643,100.45313,rapidbus_penang,,0.2475946449221469,3654.68115234375,8.204037716611033
12000957,Pusat Perniagaan Padang Lalang,5.3652,100.4464,rapidbus_penang,,0.4006923364444493,4721.64013671875,8.460123273200876
12001451,SK Sungai Gelugor,5.363169999999999,100.31125,rapidbus_penang,,0.12081122950367756,11146.9970703125,9.319015125802423
12003027,Hadapan INFORMM,5.355030999999999,100.29885,rapidbus_penang,,0.4721676296470257,14027.7939453125,9.548867206843603
12000537,Taman Hutchings,5.39763,100.30691,rapidbus_penang,,0.5059891618261904,8991.873046875,9.104187658932297
12002005,Kingdee Southeast Asia,5.299992,100.28868,rapidbus_penang,,0.49703410607853143,5117.048828125,8.540528557144134
12002008,ER Mekatron,5.298094,100.28541,rapidbus_penang,,0.3118627750744682,6578.75146484375,8.791752252305667
12002068,Jeti Pulau Jerejak,5.34299,100.31141,rapidbus_penang,,0.2704372261926392,7289.26318359375,8.894294926352929
12002070,AT Engineering,5.294347,100.28719,rapidbus_penang,,0.15809190423661018,6578.75146484375,8.791752252305667
12000288,Jalan Bintang,5.4570300000000005,100.30225,rapidbus_penang,,0.3720812078680215,8544.34375,9.053141822944186
12000815,SK Tanjung Bunga,5.46169,100.2798,rapidbus_penang,,0.2130513944184857,4400.77294921875,8.389762681750883
12000898,Hong Seng Estate,5.44099,100.30308,rapidbus_penang,,0.4347588533161719,7764.4169921875,8.957435435646065
12001414,Citibank,5.42364,100.32848,rapidbus_penang,,0.36378983300145795,10608.943359375,9.269546893174835
12001910,Lebuh Carnavon,5.41424,100.33328,rapidbus_penang,,0.4068961673953495,9693.0888671875,9.17927158359948
12001958,Lebuh Raya Gelugor I,5.38604,100.30952,rapidbus_penang,,0.22388921005437334,10559.2919921875,9.264856207653308
12002077,Setia Triangle,5.30187,100.2603,rapidbus_penang,,0.23401590868200262,5700.1728515625,8.648427196088267
12002079,Lengkok Kelicap,5.303669999999999,100.25817,rapidbus_penang,,0.341087497300633,5700.1728515625,8.648427196088267
12002310,Kampung Bukit Kecil,5.279669999999999,100.276522,rapidbus_penang,,0.18518574362543963,4290.07470703125,8.364292495008053
12000199,Kedai Kopi Kin Yuen,5.29633,100.28031,rapidbus_penang,,0.2838180957095865,4196.2021484375,8.342173427157613
12000302,Taman Pekaka,5.350857,100.291725,rapidbus_penang,,0.45122802028761866,9939.43359375,9.204365919800857
12000425,Taman Sri Bayan,5.30795,100.26495,rapidbus_penang,,0.6157186560119662,2662.563232421875,7.887420066425125
12000530,Jalan Gudrwara,5.4115,100.32819,rapidbus_penang,,0.07161090064075074,12071.685546875,9.398700787012483
12000580,Apartmen Desa Selatan,5.40331,100.32574,rapidbus_penang,,0.2458374202784489,10713.4111328125,9.27934494912379
12001129,Permatang Damar Laut,5.27776,100.26616,rapidbus_penang,,0.394669243146205,3463.202880859375,8.150237836344683
12000357,Penang Plaza,5.42085,100.32521,rapidbus_penang,,0.3034254856145783,10608.943359375,9.269546893174835
12000720,Evergreen Hotel,5.4303,100.31715,rapidbus_penang,,0.31973410344689274,8737.2275390625,9.07546264934887
12001758,Flat Hassan Abbas,5.45744,100.20961,rapidbus_penang,,0.44863752490369924,1566.9765625,7.3575412534134355
12002224,Klinik Kesihatan Teluk Bahang,5.45601815,100.21481635,rapidbus_penang,,0.4684769864247912,1566.9765625,7.3575412534134355
12000289,Jalan Bintang,5.45719,100.30215,rapidbus_penang,,0.3917818827558365,8544.34375,9.053141822944186
12000477,Jalan Evergreen,5.45319,100.30276,rapidbus_penang,,0.0646470956793733,8544.34375,9.053141822944186
12000572,Taman Cemerlang,5.39701,100.31896,rapidbus_penang,,0.19009934215922,11066.7470703125,9.311790488306748
12000611,Kampung Kolam,5.41614,100.33647,rapidbus_penang,,0.45171948574022935,9693.0888671875,9.17927158359948
12001071,Old Town Café,5.39527,100.31467,rapidbus_penang,,0.3789969610571258,12141.8564453125,9.404496328972286
12001583,Jejantas Jalan Sungai Pinang,5.39985,100.32578,rapidbus_penang,,0.49396931772218333,10713.4111328125,9.27934494912379
12002083,Taman Gedung Heights I,5.317419999999999,100.28243,rapidbus_penang,,0.5384082340814923,7163.62353515625,8.87691079668457
12000813,Sekolah Kebangsaan Pendidikan Khas,5.4589300000000005,100.28025,rapidbus_penang,,0.4355325702018976,4400.77294921875,8.389762681750883
12000818,Ambank,5.4646,100.28041,rapidbus_penang,,0.3930542734789925,4400.77294921875,8.389762681750883
12002019,Flat Boon Siew,5.45621,100.2824,rapidbus_penang,,0.5063492921953764,4857.1630859375,8.48841567959096
12002027,TAR Kolej I,5.45371,100.28502,rapidbus_penang,,0.13618078970212202,4857.1630859375,8.48841567959096
12000421,Taman Rajawali,5.306222,100.26411,rapidbus_penang,,0.41933546687789125,5700.1728515625,8.648427196088267
12001443,Tapak Pesta Sg Nibong,5.34478,100.30175,rapidbus_penang,,0.1472641494771846,13274.052734375,9.493641818559876
12001446,JPJ Batu Uban,5.35133,100.30429,rapidbus_penang,,0.3091137285849584,14027.7939453125,9.548867206843603
12002038,Taman Mak Mandin,5.4202,100.3933,rapidbus_penang,,0.1440513142853612,7513.29248046875,8.924562150112692
12002388,Tali Air Permatang Tok Gelam,5.486648000000001,100.400428,rapidbus_penang,,0.2796411305674948,1464.9466552734375,7.29025649384009
12002393,BGM Building,5.442262,100.397436,rapidbus_penang,,0.47201901522376355,6177.90185546875,8.728895841372568
12000033,Masjid Tanah Liat,5.3791,100.46474,rapidbus_penang,,0.38835758315322283,2631.472412109375,7.875678764222686
12000037,Permatang Tok Elong,5.38797,100.46302,rapidbus_penang,,0.21938120239568096,2057.362060546875,7.629665829271668
12000532,Taman Seri Serdang,5.503354,100.42944,rapidbus_penang,,0.1743081536235093,3239.710693359375,8.083547934535002
12001330,Kampung Baru,5.49271,100.45528,rapidbus_penang,,0.3988011910334299,1517.9669189453125,7.325785724179107
12002358,Ambank Desa Murni,5.437191,100.430124,rapidbus_penang,,0.244675261389141,1752.61328125,7.469433670430536
12002360,Pejabat Peladang Kepala Batas,5.496532,100.4322,rapidbus_penang,,0.46506154313989717,1559.419921875,7.352710244710064
12000769,Petronas,5.37556,100.46498,rapidbus_penang,,0.5444112088812534,2631.472412109375,7.875678764222686
12000774,Permatang Tok Elong,5.38819,100.46317,rapidbus_penang,,0.2456298096615282,2057.362060546875,7.629665829271668
12000777,Masjid Kubang Semang,5.39999,100.46487,rapidbus_penang,,0.5791757075209805,2346.26416015625,7.761005741778358
12001334,Taman Orkid Permai,5.49533,100.44675,rapidbus_penang,,0.24005263198584978,1700.1961669921875,7.4390869102569
12001339,Kolej Matrikulasi Kepala Batas,5.49717,100.43699,rapidbus_penang,,0.21146572214179843,1559.419921875,7.352710244710064
12001772,Flat Taman Emas Sungai Batu,5.2864,100.23682,rapidbus_penang,,0.0988184851694735,4627.02734375,8.439885996625845
12002106,7-Eleven Teluk Kumbar,5.293637,100.230385,rapidbus_penang,,0.33746467466381624,3576.458740234375,8.182407978236041
12002121,Kilang Trane,5.354658000000001,100.405614,rapidbus_penang,,0.31526208990746557,3349.51953125,8.116870696750063
12002506,Pangsapuri Nagasari Blok B,5.366281,100.413295,rapidbus_penang,,0.5126107038494662,7018.12548828125,8.856393914940922
12002512,Nashmir Car Park,5.339957,100.428081,rapidbus_penang,,0.32003657788004447,3287.14794921875,8.098079751884779
12001027,Pangsapuri Wisma Indah,5.38804,100.27461,rapidbus_penang,,0.3811562430639243,12969.900390625,9.470463695920623
12002288,BHP Kampung Baru,5.40456,100.29046,rapidbus_penang,,0.4652107027094068,10460.4873046875,9.25545591725159
12000090,Mahkamah Majistret,5.428,100.37727,rapidbus_penang,,0.10989257563358304,8415.5419921875,9.03795433311628
12000494,Taman Gelugor indah,5.48521,100.48479,rapidbus_penang,,0.26362944569456653,1362.6453857421875,7.217916823475027
12000641,Taman Sri Desa,5.48572,100.50391,rapidbus_penang,,0.1873112350913414,1317.2066650390625,7.184027504772627
12001516,Taman Sungai Dua Utama,5.44524,100.42712,rapidbus_penang,,0.09030932441873263,2523.135498046875,7.833653906073931
12000644,SMK Kg Selamat,5.49921,100.5209,rapidbus_penang,,0.44626027378149,590.3639526367188,6.382431652968062
12001517,Sungai Dua Utama,5.44524,100.42716,rapidbus_penang,,0.08599325115313268,2523.135498046875,7.833653906073931
12001534,Masjid Alor Merah,5.45047,100.40553,rapidbus_penang,,0.46555355525914527,1377.1485595703125,7.228496253868905
12002011,Western Digital,5.322353,100.29368,rapidbus_penang,,0.2373682940721703,7300.3125,8.895809405495934
12000261,Taman Bertam Indah,5.53241,100.43381,rapidbus_penang,,0.48838072682092754,1977.9788818359373,7.590336274416744
12000156,Masjid Sg. Burung,5.34161,100.20776,rapidbus_penang,,0.5731005506392357,849.06103515625,6.745308152972607
12000159,JPS,5.34406,100.20811,rapidbus_penang,,0.3789230984210115,849.06103515625,6.745308152972607
12000166,SK Sg. Korok,5.35348,100.20959,rapidbus_penang,,0.18617527835916636,565.0693359375,6.338716572356828
12000168,Sungai Korok,5.355230000000001,100.20995,rapidbus_penang,,0.21858021955170068,565.0693359375,6.338716572356828
12000169,Hadapan Koperasi Keluarga Haji Ismail,5.35577,100.21005,rapidbus_penang,,0.2609217640299078,565.0693359375,6.338716572356828
12000172,Sungai Korok,5.35966,100.211,rapidbus_penang,,0.2708961218298559,638.7945556640625,6.461147118045112
12000658,Kampung Parit Lama,5.31268,100.20744,rapidbus_penang,,0.4269727587242554,263.5481262207031,5.578023186432232
12000737,Kuala Jalan Baru,5.35325,100.20187,rapidbus_penang,,0.12849397459185963,1038.869384765625,6.946850392676622
12001570,Taman Poket Jalan Chai,5.35406,100.22939,rapidbus_penang,,0.1667529625727554,2124.256591796875,7.661647823149816
12000765,Balai Polis Sg. Pinang,5.39316,100.20988,rapidbus_penang,,0.29319709204661587,1147.4736328125,7.046189063931354
12000976,Kem PLKN Sg. Pinang,5.39993,100.2111,rapidbus_penang,,0.4251079466733165,625.3045654296875,6.439836779030086
12000984,Pulaza Balik Pulau,5.40989,100.19785,rapidbus_penang,,0.4362224796237138,367.8627014160156,5.910424491917089
12001601,Permatang Pasir,5.3712,100.2159,rapidbus_penang,,0.41692251094107263,1113.1712646484375,7.015866147134271
12001602,Permatang Pasir,5.37137,100.21582,rapidbus_penang,,0.4298539810782944,1113.1712646484375,7.015866147134271
12001606,Taman Sungai Rusa,5.37505,100.215004,rapidbus_penang,,0.5848371248258729,846.890380859375,6.742751359581583
12001622,Klinik Desa Sg. Pinang,5.3941300000000005,100.21104,rapidbus_penang,,0.14496064190069458,1147.4736328125,7.046189063931354
12001625,SK Sungai Pinang,5.39725,100.21291,rapidbus_penang,,0.27447231840177994,1147.4736328125,7.046189063931354
12001626,SK Sungai Pinang,5.397880000000001,100.21313,rapidbus_penang,,0.3440164854600773,1147.4736328125,7.046189063931354
12002627,Balai Polis Padang Serai,5.514320099999999,100.549994,rapidbus_penang,,0.40799854164609106,3763.99072265625,8.233500676129033
12002632,PUSAT SERENTI KG. SELAMAT,5.5019935,100.5233999,rapidbus_penang,,0.46544248221826123,1245.0130615234375,7.127704182056048
12001196,Taman Bagan,5.41467,100.38437,rapidbus_penang,,0.35497794620601786,3904.241943359375,8.270075017680854
12001377,Pejabat Pos Padang Tembak,5.40776,100.28855,rapidbus_penang,,0.5134683181786239,13805.87109375,9.532921652575762
12000624,Flat Kampung Melayu,5.399719999999999,100.28604,rapidbus_penang,,0.4487364739074568,13805.87109375,9.532921652575762
12000388,Apartment Villa Indah,5.42851,100.31058,rapidbus_penang,,0.07878794561241602,10663.2998046875,9.274656975181244
12000529,Persimpangan Jalan S.P Chelliah,5.407838,100.327675,rapidbus_penang,,0.45532833672300177,10713.4111328125,9.27934494912379
12001783,Bandar Baru Teluk Kumbar,5.294015,100.23231,rapidbus_penang,,0.46321135149915205,2203.67138671875,7.698333745808175
12001080,Koperasi Melayu Pulau Pinang,5.41742,100.31678,rapidbus_penang,,0.45532310562752676,9831.1435546875,9.193412251900824
12000472,Jalan Delima 2,5.383380000000001,100.30157,rapidbus_penang,,0.43795198850702793,13026.74609375,9.474836676933101
12001589,Penang Japanese School,5.40831,100.3176,rapidbus_penang,,0.4735461424862221,11714.4384765625,9.368662778885295
12001811,Taman Free School,5.40421,100.30882,rapidbus_penang,,0.2737762163522291,11790.4619140625,9.375130981948224
12001905,Pangsapuri Mesra Jaya,5.431207,100.39625,rapidbus_penang,,0.32967249723216485,7222.9375,8.885155443342894
12001906,SMK Chung Ling,5.43305,100.3909,rapidbus_penang,,0.606105670358707,7395.4736328125,8.908758629506428
12000114,Taman Dedap,5.43328,100.39697,rapidbus_penang,,0.49868998873792125,7395.4736328125,8.908758629506428
12001350,Jalan Raja Uda II,5.43066,100.38447,rapidbus_penang,,0.28966324758409406,9451.01171875,9.153982878123
12000853,Kilang Professinal,5.41937,100.38602,rapidbus_penang,,0.11914725121372968,8304.1474609375,9.024630777571582
12001044,Persimpang Jalan Haji Murshid,5.47716,100.40138,rapidbus_penang,,0.2453183780386929,1825.6153564453125,7.510220001342195
12002379,Taman Mesra,5.428419,100.397145,rapidbus_penang,,0.28599090384914166,7222.9375,8.885155443342894
12002381,BGM Building,5.4423580000000005,100.397383,rapidbus_penang,,0.4601687079398991,6177.90185546875,8.728895841372568
12001975,Tanjung Court,5.39251,100.28713,rapidbus_penang,,0.33760114330505475,12255.3955078125,9.413803162005749
12002635,Bukit Genting,5.3156147,100.2258985,rapidbus_penang,,0.4517545412270144,490.7556457519531,6.19798193814267
12002298,IPD Balik Pulau,5.34169,100.22559,rapidbus_penang,,0.4879171616555619,2840.443603515625,7.9520675131059795
12002618,South Homes,5.3072585,100.2707557,rapidbus_penang,,0.4111487058783012,5452.3046875,8.603977068571409
12002138,Hadapan SMPC,5.350936,100.408519,rapidbus_penang,,0.43509749991398866,5429.72314453125,8.599827579849316
12002067,Jeti Pulau Jerejak,5.34299,100.31129,rapidbus_penang,,0.26989067461214544,7289.26318359375,8.894294926352929
12001945,Hub Relau,5.341503,100.27212,rapidbus_penang,,0.5179711347062995,4641.98291015625,8.44311230723698
12000307,Petronas,5.362430000000001,100.29528,rapidbus_penang,,0.08625272903870435,8144.03662109375,9.005164017170145
12001142,Taman Gembira,5.28106,100.27381,rapidbus_penang,,0.5221897529957957,4290.07470703125,8.364292495008053
12001146,SMK Batu Maung,5.28286,100.2851,rapidbus_penang,,0.4743865733282759,4355.81103515625,8.379495654774406
12001643,Hospital Lam Wah Ee,5.3926300000000005,100.30407,rapidbus_penang,,0.33517216889918333,8991.873046875,9.104187658932297
12002279,Klinik Comfort,5.397587000000001,100.314845,rapidbus_penang,,0.465454535915634,12141.8564453125,9.404496328972286
12000424,SK Mutiara Perdana,5.307906,100.26483,rapidbus_penang,,0.6088403978183718,5700.1728515625,8.648427196088267
12000433,SK Agama Sungai Ara,5.32181,100.27155,rapidbus_penang,,0.267258945179282,5433.54052734375,8.600530256394471
12000615,Sekolah Agama Al-Itqan,5.29389,100.22424,rapidbus_penang,,0.441027819583479,3576.458740234375,8.182407978236041
12001444,(M3) Tapak Pesta Sg Nibong,5.34581,100.30273,rapidbus_penang,,0.048336313384709326,13274.052734375,9.493641818559876
12001494,SJKC Phor Tay,5.34373,100.29739,rapidbus_penang,,0.362990963375521,13277.513671875,9.493902494468088
12001496,(M1) Hadapan Depo Sungai Nibong,5.345187,100.29987,rapidbus_penang,,0.3382245331144493,13274.052734375,9.493641818559876
12001773,SMK Teluk Kumbar,5.2864,100.241,rapidbus_penang,,0.4039253290006905,3071.06640625,8.030105710651766
12001802,Giant Bayan Baru,5.32027,100.28436,rapidbus_penang,,0.2098461215003659,7163.62353515625,8.87691079668457
12001804,Hospital Pantai Mutiara,5.32054,100.28271,rapidbus_penang,,0.3921301088941942,7163.62353515625,8.87691079668457
12002103,Taman Bandar Perda,5.2918,100.22902,rapidbus_penang,,0.4203323457532846,3576.458740234375,8.182407978236041
12000069,Pasar Kampung Baru,5.40612,100.29637,rapidbus_penang,,0.32950604168024933,10460.4873046875,9.25545591725159
12001006,Flat 88,5.33689,100.27491,rapidbus_penang,,0.33352841977210373,8643.3525390625,9.064661501045759
12001023,Paya Terubong Cemetery,5.380875,100.27495,rapidbus_penang,,0.40454617548660327,6191.44482421875,8.731085251225918
12001367,Pejabat Agama Islam,5.413209999999999,100.30213,rapidbus_penang,,0.15253134322371187,8673.8642578125,9.068184957178227
12001816,Apartmen Desa Mawar,5.40085,100.29066,rapidbus_penang,,0.5409167033132513,10460.4873046875,9.25545591725159
12001817,Wisma Yatim,5.40347,100.29143,rapidbus_penang,,0.3504209902228332,10460.4873046875,9.25545591725159
12001841,Sungai Nibong Kecil,5.331930000000001,100.28465,rapidbus_penang,,0.39545222862097207,7392.5029296875,8.908356911065239
12001844,Masjid Al- Ittifaq,5.33245,100.28696,rapidbus_penang,,0.4188511817704237,7392.5029296875,8.908356911065239
12001969,Apartment Lone Pine,5.38657,100.27638,rapidbus_penang,,0.17940143798921354,12969.900390625,9.470463695920623
12000226,Mount Pleasure,5.47745,100.2731,rapidbus_penang,,0.41527152596480593,2158.04443359375,7.677421010939319
12000228,Hotel Rasa Sayang,5.47755,100.2538,rapidbus_penang,,0.165463609586061,3253.47314453125,8.087785681182805
12000829,Nasi Kandar Pelita,5.41614,100.32443,rapidbus_penang,,0.5936284984666405,12071.685546875,9.398700787012483
12001674,Hotel Copthorne,5.46595,100.29095,rapidbus_penang,,0.5886854102163154,4720.15478515625,8.45980870652783
12001678,TM Resort,5.46624,100.28647,rapidbus_penang,,0.4628230526078126,7077.80029296875,8.86485972218381
12001679,Hotel Flamingo,5.46635,100.28857,rapidbus_penang,,0.5200618318592923,4744.220703125,8.464893222738949
12000740,Kampung Bakau Tua,5.56869,100.36137,rapidbus_penang,,0.19247877041944242,1491.001708984375,7.307873926194937
12000743,Balai Polis Kuala Muda,5.56956,100.34885,rapidbus_penang,,0.45998997590064866,1302.932861328125,7.173140254449551
12001104,Kuarters Pendidikan,5.532595,100.38094,rapidbus_penang,,0.5429294739758336,2724.99609375,7.910589179295069
12001125,Klinik Desa Permatang Bendahari,5.57921,100.37458,rapidbus_penang,,0.3727430667371011,687.7821655273438,6.53492506068677
12001723,Taman Robina,5.47455,100.38317,rapidbus_penang,,0.5722019464247594,2080.801513671875,7.640988910178748
12001734,Hub Teluk Air Tawar,5.49381,100.38386,rapidbus_penang,,0.3191865983877916,2243.881591796875,7.7164080557105015
12000121,Taman Selat,5.4003,100.3683,rapidbus_penang,,0.4090875048761541,4653.07177734375,8.445497766464355
12000122,Jabatan Pertanian,5.40525,100.36934,rapidbus_penang,,0.16892637494988577,4653.07177734375,8.445497766464355
12000124,Dataran Pemuda Merdeka,5.40855,100.37041,rapidbus_penang,,0.4034352759668089,4927.14111328125,8.502717139803636
12000755,Kampung Telok Manan 2,5.57637,100.37019,rapidbus_penang,,0.2730580369749798,964.5332641601561,6.87268055405619
12001049,Titi Mukim,5.50101,100.38556,rapidbus_penang,,0.31410944868964236,893.0917358398436,6.7958083827054265
12001050,Kampung Permatang Berah,5.50882,100.38358,rapidbus_penang,,0.46796615040209594,568.5228881835938,6.344798972042054
12001123,Permatang Bendahari,5.57325,100.37571,rapidbus_penang,,0.39857602893054445,385.314453125,5.956651683222923
12001712,Bagan Lebai Tahir,5.45253,100.3833,rapidbus_penang,,0.3535662253383099,1931.0252685546875,7.566324093648988
12000070,Masjid Negeri P.Pinang(Hentian Transit),5.40765,100.29972,rapidbus_penang,,0.559677006966424,10641.908203125,9.27264905290989
12000072,Han Chiang College,5.40803,100.30364,rapidbus_penang,,0.45779548101033163,8673.8642578125,9.068184957178227
12000443,Pasar Jalan Kuantan,5.41218,100.32367,rapidbus_penang,,0.4525611926441591,11714.4384765625,9.368662778885295
12000449,SMK/SK Convent Dato Keramat,5.4127,100.31805,rapidbus_penang,,0.1830181052958146,11714.4384765625,9.368662778885295
12001970,Lone Pine Club,5.38659,100.27661,rapidbus_penang,,0.15467211576997023,12969.900390625,9.470463695920623
12002100,Tingkat Paya Terubong 2 - 2,5.37184,100.27757,rapidbus_penang,,0.1628239812287718,6768.25146484375,8.820145793300597
12002101,Tingkat Paya Terubong 2 - 3,5.37357,100.27785,rapidbus_penang,,0.3506908383833986,6768.25146484375,8.820145793300597
12002290,Pekan Paya Terubong,5.3787,100.27488,rapidbus_penang,,0.33617828580878434,6191.44482421875,8.731085251225918
12000445,Kampung Makam,5.412389,100.32112,rapidbus_penang,,0.17350843831213045,11714.4384765625,9.368662778885295
12000448,Dhoby Ghaut,5.41269,100.30969,rapidbus_penang,,0.18535103666701405,10967.4375,9.302777109213938
12000462,Pasaraya Gama,5.41384,100.32789,rapidbus_penang,,0.1953335038382139,12071.685546875,9.398700787012483
12001543,Taman Seri Merbau,5.45526,100.44108,rapidbus_penang,,0.42253014900321145,1404.417236328125,7.248089503040458
12002118,Taman Bertam Ria,5.5100614000000006,100.4345312,rapidbus_penang,,0.29450193904224276,2983.199462890625,8.001086803221929
12000402,Sunshine Bertam,5.51591,100.44924,rapidbus_penang,,0.5887263058172847,787.603271484375,6.670263369906105
12001284,Kompleks Dato Kailan,5.5154,100.43176,rapidbus_penang,,0.5630117480213018,3231.076904296875,8.080880214004209
12001857,Kayangan,5.51841,100.45284,rapidbus_penang,,0.22331131398996712,1540.3236083984375,7.34039681223412
12001924,Tesco Kepala Batas,5.51602,100.44413,rapidbus_penang,,0.440578286759464,1627.449462890625,7.395383591315276
12002073,MPC,5.51543,100.4457,rapidbus_penang,,0.3921137207170984,1627.449462890625,7.395383591315276
12002995,Taman Sepadu Jaya,5.49094,100.49801,rapidbus_penang,,0.5725158224243494,1470.5037841796875,7.294040139317986
12002999,Taman Tasek Gelugor Utama IV,5.496603,100.49957,rapidbus_penang,,0.3931616297423869,1222.3848876953125,7.109376794022763
12000291,Jalan Bukit Bendera,5.40637,100.28088,rapidbus_penang,,0.4387502934548597,9246.7568359375,9.132136296874593
12000627,Jalan Kampung Melayu,5.40359,100.28847,rapidbus_penang,,0.2464434075478972,13805.87109375,9.532921652575762
12001926,Muzium Pulau Pinang,5.42045,100.3391,rapidbus_penang,,0.31555317794386334,9610.4580078125,9.170711208230815
12001928,SMK ST. Xavier,5.42126,100.33701,rapidbus_penang,,0.12599578975170939,9610.4580078125,9.170711208230815
12001458,(M2) RECSAM,5.37593,100.3084,rapidbus_penang,,0.4448131319063435,13606.791015625,9.518397776493412
12001641,(M3) Flat Bata Merah,5.39265,100.30711,rapidbus_penang,,0.5519616514374449,12141.8564453125,9.404496328972286
12002241,Jalan Tembaga II,5.389405,100.3014,rapidbus_penang,,0.307913541173952,13026.74609375,9.474836676933101
12002247,Jalan Sir Ibrahim II,5.397041000000001,100.3091,rapidbus_penang,,0.2987361553777978,12141.8564453125,9.404496328972286
12002248,Jalan P.Ramlee I,5.406777,100.3115,rapidbus_penang,,0.33770592065599275,11790.4619140625,9.375130981948224
12001705,SJKC Chung Hwa 1,5.4138,100.37743,rapidbus_penang,,0.19830983043980077,6323.03515625,8.752112757493228
12002373,Pasar Malam Arowana,5.411667,100.409665,rapidbus_penang,,0.18142632899905453,2335.12939453125,7.756250733908607
12000907,Plaza Utama,5.3666,100.45826,rapidbus_penang,,0.5382096720999605,4056.9208984375,8.308426027449963
12001097,KPJ Perda,5.36934,100.43267,rapidbus_penang,,0.413982603388474,2493.916259765625,7.822010444402171
12001098,Perda Utama,5.3714,100.43951,rapidbus_penang,,0.377139223291354,2493.916259765625,7.822010444402171
12001188,Taman Arowana,5.41024,100.41253,rapidbus_penang,,0.24922008065192042,2335.12939453125,7.756250733908607
12001200,(M2) UITM Permatang Pauh,5.38223,100.41938,rapidbus_penang,,0.38758944913964544,5182.91796875,8.553316413977512
12001202,Kampung Batu Dua,5.38892,100.41814,rapidbus_penang,,0.25926283984963244,4516.29296875,8.415668192694577
12001203,Klinik Desa Kampung Pertama,5.39219,100.41777,rapidbus_penang,,0.4111249752900577,2213.71142578125,7.70287739217749
12000394,Taman Chai Leng II,5.38813,100.38871,rapidbus_penang,,0.2961895089501741,4166.59375,8.335094109872829
12000398,Pusat Perniagaan Chain Ferry II,5.40255,100.38273,rapidbus_penang,,0.4118456251471802,2437.919189453125,7.799310265011476
12000910,SMK Convent Butterworth,5.39717,100.36852,rapidbus_penang,,0.22770222407048368,4964.23193359375,8.510215289102975
12001880,Pangsapuri A1,5.39331,100.40557,rapidbus_penang,,0.37574731545633705,3435.899169921875,8.142324939765993
12001995,Pangsapuri RPKN,5.39495,100.40434,rapidbus_penang,,0.1659384658510733,3435.899169921875,8.142324939765993
12001388,SP Arena,5.38636,100.40236,rapidbus_penang,,0.10131529822797296,2569.921630859375,7.852019724832956
12001810,Shell Lintang Tenggiri,5.39543,100.40179,rapidbus_penang,,0.12468990056312987,3435.899169921875,8.142324939765993
12000249,SK Kampung Baru II,5.34995,100.47061,rapidbus_penang,,0.4375923512287231,4184.16650390625,8.339301768011769
12000590,Taman Tampoi Indah,5.34975,100.47315,rapidbus_penang,,0.5948117175945703,4184.16650390625,8.339301768011769
12000841,Pusat Perniagaan Machang Bubok,5.33765,100.50391,rapidbus_penang,,0.12677414388196692,4207.25732421875,8.344803903740557
12000906,Kamdar,5.36519,100.45875,rapidbus_penang,,0.44260160507925345,3388.84814453125,8.128540404247639
12000128,Tesco Bakar Arang,5.62185,100.47611,rapidbus_penang,,0.255633397567622,6201.72412109375,8.73274384890649
12000132,Pejabat Pos Bakar Arang,5.62901,100.48063,rapidbus_penang,,0.3016838319641842,5184.76611328125,8.553672865444346
12000856,Stesen KTM,5.64269,100.49057,rapidbus_penang,,0.5377014776921178,4919.4560546875,8.501156499232701
12000186,Kampung Jalan Baru,5.36897,100.41703,rapidbus_penang,,0.3252108407694384,8077.42431640625,8.99695212215239
12000189,Masjid Jamek Kampung Setol,5.37271,100.41006,rapidbus_penang,,0.28698841579509493,7018.12548828125,8.856393914940922
12000281,SJK Tamil Valdor,5.24596,100.48027,rapidbus_penang,,0.26753228376246996,922.2984008789062,6.827952476814455
12000349,DB Schenker,5.336880000000001,100.44261,rapidbus_penang,,0.21959932718734743,2795.17431640625,7.936007446333888
12001801,Jalan Tengah,5.31906,100.28724,rapidbus_penang,,0.18651233475143458,7163.62353515625,8.87691079668457
12002483,Krystal Point Corporate Park,5.33108,100.297092,rapidbus_penang,,0.37984228689538946,7488.4892578125,8.921255884308058
12000045,SJKC Sin Ya,5.32975,100.47796,rapidbus_penang,,0.11127965746067497,5486.154296875,8.610165057107379
12001371,Taman Alma Jaya,5.32842,100.48397,rapidbus_penang,,0.25504205900872284,6090.54931640625,8.714657731699678
12002578,Kampung Sepulau,5.2928,100.524289,rapidbus_penang,,0.4959472184937117,896.647705078125,6.799777680724838
12002580,Masjid Jamek Alma Jaya,5.322216,100.478458,rapidbus_penang,,0.20885338643590376,5892.37841796875,8.681584697602082
12001381,AEON Gate 5,5.32132,100.47987,rapidbus_penang,,0.23848369410588716,5892.37841796875,8.681584697602082
12001685,Petronas Bandar Tasek Mutiara,5.285,100.49319,rapidbus_penang,,0.2783178400161131,1677.9906005859375,7.425948058840273
12002589,Taman Sri Alma,5.328474,100.484109,rapidbus_penang,,0.23897770986773104,6090.54931640625,8.714657731699678
12002591,Kilang Ayamas,5.325418900000001,100.4859902,rapidbus_penang,,0.3715337722814909,6090.54931640625,8.714657731699678
12002601,Taman Alma,5.338741000000001,100.473841,rapidbus_penang,,0.4873761909919849,4820.34912109375,8.480809068521626
12000338,Pulau Mutiara Towel,5.3309,100.50749,rapidbus_penang,,0.48000164724911143,2411.7900390625,7.788539049432478
12000339,Bukit Teh,5.33427,100.50818,rapidbus_penang,,0.4619196816092668,2727.772216796875,7.91160704957975
12001181,Masjid Papan,5.38863,100.41821,rapidbus_penang,,0.22950259963113362,4516.29296875,8.415668192694577
12001279,Taman Sukun,5.31038,100.4664,rapidbus_penang,,0.40008997056325246,2206.897705078125,7.69979607710189
12002107,Hub Nibong Tebal,5.16784,100.4783,rapidbus_penang,,0.2896669191573687,3503.8671875,8.16190790645404
12002328,Shell Simpang Empat,5.289013,100.478244,rapidbus_penang,,0.21759538127877331,2856.51416015625,7.957707351091946
12000178,Kampung Setol,5.3709,100.41305,rapidbus_penang,,0.2064288649355585,7018.12548828125,8.856393914940922
12000919,(M2) Residensi Merbok,5.18444,100.48602,rapidbus_penang,,0.2950436183823437,2131.740478515625,7.665163041362299
12000926,Taman Jawi Jaya,5.20078,100.495,rapidbus_penang,,0.3334830429337444,1912.0086669921875,7.556432500006147
12001274,Taman Perusahaan Usaha Jaya,5.30354,100.47298,rapidbus_penang,,0.37684384422381,2225.85693359375,7.708346423430755
12001486,(M2) Taman Seri Aman,5.2334,100.49107,rapidbus_penang,,0.564869484418697,3377.219482421875,8.125104069330993
12002341,Kampung Gambir,5.36421,100.439053,rapidbus_penang,,0.3901700573828859,3525.579833984375,8.1680837946975
12002342,Kampung Padang Lalang,5.365346,100.446593,rapidbus_penang,,0.4255848490237783,4721.64013671875,8.460123273200876
12000294,Taman Bukit Jambul,5.334961,100.28913,rapidbus_penang,,0.3967334649932724,10502.20703125,9.259435921058515
12003017,Padang Kawad,5.356412000000001,100.29335,rapidbus_penang,,0.3259389796146305,9939.43359375,9.204365919800857
12003021,Desasiswa Bakti Fajar Permai Petas,5.357158,100.30099,rapidbus_penang,,0.4348193519115871,14027.7939453125,9.548867206843603
12003023,Kompleks Dewan Kuliah C23,5.35803,100.30411,rapidbus_penang,,0.4697055070140481,11285.98046875,9.331405169534177
12000271,Jalan Besar 2,5.15078,100.47204,rapidbus_penang,,0.4279264200421233,1342.1817626953125,7.202796528166177
12000940,Taman Harapan Baru,5.13098,100.47698,rapidbus_penang,,0.2687531868344618,3007.5849609375,8.009225134559978
12001100,Pusat Perniagaan Perda,5.36494,100.43456,rapidbus_penang,,0.368612813534629,3525.579833984375,8.1680837946975
12002220,Northam Hotel,5.42726713,100.32214503,rapidbus_penang,,0.3280721959547917,8737.2275390625,9.07546264934887
12002109,Jambatan Pulau Pinang,5.356566,100.39229,rapidbus_penang,,0.40308128747344396,3190.000732421875,8.0680898558056
12001989,E-Park Kondominium,5.352093,100.30987,rapidbus_penang,,0.2393410174753988,10643.6640625,9.2728140185863
12000480,Jalan Gajah II,5.45985,100.30281,rapidbus_penang,,0.24863433908664223,5689.3583984375,8.646528512559863
12000481,Jalan Gajah I,5.4623800000000005,100.30381,rapidbus_penang,,0.10427485781259115,5689.3583984375,8.646528512559863
12000826,Pasar Mini,5.46216,100.28994,rapidbus_penang,,0.4085779014201777,7077.80029296875,8.86485972218381
12001416,Wawasan Open University,5.42627,100.32352,rapidbus_penang,,0.5157462216767045,8737.2275390625,9.07546264934887
12001669,Pejabat Pos Tg.Bungah,5.465269999999999,100.28159,rapidbus_penang,,0.5393533396861717,4400.77294921875,8.389762681750883
12000222,Pantai Shamrock,5.47495,100.2763,rapidbus_penang,,0.4588722055628874,2161.85400390625,7.6791839266367745
12000229,Pantai Miami,5.47766,100.26751,rapidbus_penang,,0.259502213722301,2158.04443359375,7.677421010939319
12000235,Apartmen Sri Sayang,5.47886,100.2552,rapidbus_penang,,0.2530731087653312,3253.47314453125,8.087785681182805
12002311,Surau Kampung Binjai,5.281559,100.259136,rapidbus_penang,,0.39027602415867435,2485.44482421875,7.818609187769336
12000021,Dewan JKKK,5.372714,100.30266,rapidbus_penang,,0.2570020406108113,12085.646484375,9.39985652584135
12000245,Kampung Sungai Ara,5.32325,100.27466,rapidbus_penang,,0.4787693637150586,6168.66796875,8.727400301634562
12000299,Taman Lip Sin,5.3424,100.29269,rapidbus_penang,,0.39554067923066966,13277.513671875,9.493902494468088
12000306,The Palazzia,5.35975,100.29332,rapidbus_penang,,0.2947486090766545,8144.03662109375,9.005164017170145
12000411,SK Bayan Lepas,5.29714,100.26089,rapidbus_penang,,0.19569851962630302,6248.0205078125,8.740180011698781
12000431,SMK Sungai Ara,5.3194,100.27066,rapidbus_penang,,0.16433041556786843,5433.54052734375,8.600530256394471
12000567,Pekan Jelutong,5.389133999999999,100.31296,rapidbus_penang,,0.2963738838343703,10559.2919921875,9.264856207653308
12000852,SPICE Canopy,5.32785,100.27905,rapidbus_penang,,0.16054400690826462,6422.8427734375,8.767771780457453
12001135,Hadapan Desa Jelita,5.27911,100.27113,rapidbus_penang,,0.17590570800878616,3463.202880859375,8.150237836344683
12001145,Kampung Permatang Damar Laut,5.28152,100.25922,rapidbus_penang,,0.38125923302763093,2485.44482421875,7.818609187769336
12001149,Kampung Binjai,5.28381,100.25671,rapidbus_penang,,0.5558204248106619,3155.7822265625,8.057308505045487
12000356,TM Point,5.41825,100.32823,rapidbus_penang,,0.24343286396700106,10608.943359375,9.269546893174835
12000726,Gurney Paragon,5.43463,100.31057,rapidbus_penang,,0.28300095436549044,7345.861328125,8.902028470816452
12001658,Tesco Tanjung Pinang,5.4594,100.30772,rapidbus_penang,,0.49160976946029844,4782.0302734375,8.472829573042976
12001676,Grand Ocean Condominium,5.4661800000000005,100.27969,rapidbus_penang,,0.49601826102584046,4400.77294921875,8.389762681750883
12002200,SK Teluk Bahang,5.452978,100.2146176,rapidbus_penang,,0.38256831122628593,1566.9765625,7.3575412534134355
12000570,(M2) Hong Leong Bank Jelutong,5.39582,100.31751,rapidbus_penang,,0.23381695618748927,11066.7470703125,9.311790488306748
12000877,Pangsapuri Mayang,5.31841,100.28499,rapidbus_penang,,0.26314546209621203,7163.62353515625,8.87691079668457
12001450,Padang Bola USM,5.35994,100.31049,rapidbus_penang,,0.2527488347576484,11146.9970703125,9.319015125802423
12001452,SK Sg. Gelugor,5.36497,100.31097,rapidbus_penang,,0.32245135938072916,11146.9970703125,9.319015125802423
12000825,Jalan Loh Poh Heng,5.46207,100.29002,rapidbus_penang,,0.41734732463574653,7077.80029296875,8.86485972218381
12001413,(M3) SK Perempuan Island,5.42349,100.32843,rapidbus_penang,,0.34641808540933877,10608.943359375,9.269546893174835
12000518,Balai Polis Gertak Sanggul,5.28218,100.19328,rapidbus_penang,,0.4077521190827928,924.8978271484376,6.830763890705851
12000521,Taman Pasir Belanda,5.28457,100.21943,rapidbus_penang,,0.280003096535274,2825.69970703125,7.946865128857751
12000867,Hospital Lam Wah Ee,5.39392,100.30303,rapidbus_penang,,0.1669177694953176,8991.873046875,9.104187658932297
12002301,Shineville Park,5.3996,100.29581,rapidbus_penang,,0.48105605493742315,10460.4873046875,9.25545591725159
12001126,Masjid Permatang Tok Gelam,5.48979,100.39963,rapidbus_penang,,0.4720988916416656,1464.9466552734375,7.29025649384009
12002378,Taman Mak Mandin II,5.419927,100.395174,rapidbus_penang,,0.08513394721658733,7513.29248046875,8.924562150112692
12002391,Pekan Sg.Puyu,5.4488198,100.3975145,rapidbus_penang,,0.4984788505703044,6177.90185546875,8.728895841372568
12000036,SK Tanah Liat,5.38514,100.46336,rapidbus_penang,,0.3182540080087825,2057.362060546875,7.629665829271668
12000038,Klinik Kesihatan Kubang Semang,5.39703,100.46458,rapidbus_penang,,0.41000113795381443,1426.9608154296875,7.264002702347752
12000534,SMK Dato Haji Ahmad Badawi,5.507008,100.42974,rapidbus_penang,,0.41469471441662714,3239.710693359375,8.083547934535002
12001170,Permatang Pasir,5.42057,100.43648,rapidbus_penang,,0.030666547444358393,1276.8570556640625,7.152939778653679
12001542,Taman Seri Merbau,5.455008,100.44055,rapidbus_penang,,0.467809260814199,1404.417236328125,7.248089503040458
12001545,(M3) Taman Merbau Jaya,5.45655,100.44268,rapidbus_penang,,0.37588866073346106,1404.417236328125,7.248089503040458
12002352,Kampung Sungai Semambu,5.39205,100.464022,rapidbus_penang,,0.48409944046277165,1426.9608154296875,7.264002702347752
12000775,Sungai Semambu,5.39016,100.46347,rapidbus_penang,,0.4212423383246747,2057.362060546875,7.629665829271668
12000780,Kampung Petani,5.40645,100.45915,rapidbus_penang,,0.3796658542313667,2346.26416015625,7.761005741778358
12001175,Taman Ara Indah,5.41256,100.43789,rapidbus_penang,,0.1891613730541782,1254.7451171875,7.135484394259066
12002014,Taman Kumbar Permai,5.29087,100.22771,rapidbus_penang,,0.4216564965025023,4812.15283203125,8.479107622805039
12002104,Taman Bandar Perda,5.2918,100.22913,rapidbus_penang,,0.4240334322909778,3576.458740234375,8.182407978236041
12001434,SRJK Kwang Hwa,5.33561,100.29729,rapidbus_penang,,0.3415699186819805,13364.4619140625,9.50042918944698
12001440,Sungai Nibong Besar,5.3415300000000006,100.30033,rapidbus_penang,,0.5184407373512246,13274.052734375,9.493641818559876
12002128,Klinik Bersatu,5.362995300000001,100.4116378,rapidbus_penang,,0.11011785207897103,5814.88232421875,8.668347785896344
12002526,Kompleks Sukan & Rekreasi MPSP,5.35593,100.449103,rapidbus_penang,,0.4868004545842653,2672.1318359375,7.891006036261046
12002602,Kastam Perai,5.35679,100.4011559,rapidbus_penang,,0.39017226865460547,3349.51953125,8.116870696750063
12000143,SMK Pondok Upeh Balik Pulau,5.33659,100.22011,rapidbus_penang,,0.08010250299989297,3214.13623046875,8.075625009170183
12000145,Masjid Daerah Balik Pulau,5.33861,100.2222,rapidbus_penang,,0.3357986802537034,3214.13623046875,8.075625009170183
12002153,SK Sungai Ara,5.326485,100.272049,rapidbus_penang,,0.37146547064076485,4653.59423828125,8.445610019055042
12000095,Taman Molek,5.437790000000001,100.38075,rapidbus_penang,,0.32336516607497473,7607.6357421875,8.937039163061574
12000499,KEMAS Pokok Macang,5.48819,100.47298,rapidbus_penang,,0.3956221921679815,597.8218383789064,6.394964122119105
12001514,Masjid Sungai Dua,5.445198,100.427986,rapidbus_penang,,0.025529752037806844,2523.135498046875,7.833653906073931
12002620,TAMAN SERAI WANGI,5.5150543,100.5401127,rapidbus_penang,,0.5403118148875264,3526.826171875,8.168437144902338
12000493,Taman Gelugor Indah,5.48519,100.48454,rapidbus_penang,,0.28308793890300743,1362.6453857421875,7.217916823475027
12001513,Masjid Sungai Dua,5.44494,100.42854,rapidbus_penang,,0.08705333585696202,2523.135498046875,7.833653906073931
12001531,Masjid Sg Lokan,5.44991,100.40849,rapidbus_penang,,0.5250205007855322,625.5375366210938,6.440208687339537
12001968,PSDC,5.320034,100.29091,rapidbus_penang,,0.4088754713367213,7300.3125,8.895809405495934
12002094,AMD,5.322736,100.29578,rapidbus_penang,,0.28994098316173633,7300.3125,8.895809405495934
12000373,Permatang Binjal,5.50275,100.39319,rapidbus_penang,,0.19010150147999139,835.61376953125,6.72936251779119
12002547,Pekan Lama Kepala Batas,5.516294,100.423654,rapidbus_penang,,0.6428003985665485,797.6559448242188,6.6829302457995965
12000153,Klinik Desa Sg. Burung,5.33749,100.20715,rapidbus_penang,,0.4561243940306668,1369.4091796875,7.22286464553352
12000155,Jalan Sungai Burung,5.33939,100.20737,rapidbus_penang,,0.5002653941332493,1369.4091796875,7.22286464553352
12000158,Restoran,5.34334,100.20802,rapidbus_penang,,0.42564872758029004,849.06103515625,6.745308152972607
12000163,Kg Sungai Burung 2,5.34975,100.20902,rapidbus_penang,,0.5087018843855429,565.0693359375,6.338716572356828
12000632,SK Pulau Betong,5.30774,100.20289,rapidbus_penang,,0.44365667217234867,593.052978515625,6.386968504805749
12000659,Kampung Terang 2,5.318309999999999,100.21105,rapidbus_penang,,0.23531136168997316,413.118408203125,6.026151943084684
12000738,SJK Yeok Hua,5.35324,100.20163,rapidbus_penang,,0.15328755861772767,1038.869384765625,6.946850392676622
12001567,Hospital Balik Pulau,5.35091,100.23312,rapidbus_penang,,0.4688140681526185,2129.67431640625,7.664193789074865
12001576,SK Titi Teras,5.35886,100.22462,rapidbus_penang,,0.5115170161477907,494.5697326660156,6.20570807578754
12001577,Dewan JKKK Titi Teras,5.3602,100.22276,rapidbus_penang,,0.40936068753551175,764.1934204101561,6.640128639006073
12001578,(M3) Balai Bomba Air Putih,5.36203,100.22092,rapidbus_penang,,0.14814288610423706,764.1934204101561,6.640128639006073
12001579,(M1) Balai Bomba Air Putih,5.36216,100.22057,rapidbus_penang,,0.10960580313803887,764.1934204101561,6.640128639006073
12000761,Surau Al Hidayah,5.38857,100.19389,rapidbus_penang,,0.18222282784588473,644.4257202148438,6.469910130411728
12000763,Jalan Kuala Sg. Pinang,5.39312,100.20901,rapidbus_penang,,0.3559462971701752,1147.4736328125,7.046189063931354
12000764,Taman Jelita,5.39314,100.20311,rapidbus_penang,,0.25408103985988667,764.7752075195312,6.640888663903731
12000766,Pekan Kuala Sg. Pinang,5.393269999999999,100.20108,rapidbus_penang,,0.31354376470319184,764.7752075195312,6.640888663903731
12000989,Pusat Falak Sheik Tahir,5.41162,100.19654,rapidbus_penang,,0.22269126001790368,367.8627014160156,5.910424491917089
12001479,(M3) Bandar Baru Air Putih 2,5.37201,100.21986,rapidbus_penang,,0.1797856784603845,1113.1712646484375,7.015866147134271
12001480,(M2) Bandar Baru Air Putih 1,5.3727800000000006,100.21994,rapidbus_penang,,0.2657265874668821,1113.1712646484375,7.015866147134271
12001597,Taman Manggis Indah,5.36652,100.21696,rapidbus_penang,,0.521610462458545,1113.1712646484375,7.015866147134271
12001611,Masjid Jamek Sungai Rusa,5.382619999999999,100.2138,rapidbus_penang,,0.5146626726461966,846.890380859375,6.742751359581583
12001612,Masjid Jamek Sungai Rusa,5.38282,100.21384,rapidbus_penang,,0.5357530978438956,846.890380859375,6.742751359581583
12001613,Sekolah Agama Sungai Rusa,5.38467,100.21324,rapidbus_penang,,0.3472384480407252,618.8452758789064,6.429469891861076
12001621,Klinik Desa Sg. Pinang,5.39409,100.21107,rapidbus_penang,,0.14887295395382494,1147.4736328125,7.046189063931354
12002392,Bengkel Kimpalan Sungai Puyu,5.447873,100.396093,rapidbus_penang,,0.320202650735114,6177.90185546875,8.728895841372568
12001206,Permatang Janggus 2,5.39933,100.41722,rapidbus_penang,,0.5076974010501694,2213.71142578125,7.70287739217749
12001035,Klinik Desa Paya Terubong,5.397772,100.27714,rapidbus_penang,,0.27561986618922457,12634.9150390625,9.444298438178455
12001373,Restoran Nasi Kandar Salam,5.40502,100.28869,rapidbus_penang,,0.3048263260261099,13805.87109375,9.532921652575762
12000636,Kampung Pisang II,5.39888,100.28087,rapidbus_penang,,0.5051810992425296,12634.9150390625,9.444298438178455
12000638,Kampung Pisang,5.39927,100.27979,rapidbus_penang,,0.4760198535190143,12634.9150390625,9.444298438178455
12001324,Jalan Pisang Embun,5.39858,100.2836,rapidbus_penang,,0.4579804749391146,12255.3955078125,9.413803162005749
12000861,Shell Jalan Masjid Negeri,5.38664,100.30492,rapidbus_penang,,0.22723605414310924,13026.74609375,9.474836676933101
12003137,Jalan Sungai Dua II,5.354289,100.3054,rapidbus_penang,,0.281424088282466,14027.7939453125,9.548867206843603
12001382,Hadapan Medan Selera Downtown,5.45005,100.3083,rapidbus_penang,,0.5252478098032493,6421.53662109375,8.767568430967588
12000471,Jalan Delima 3,5.38215,100.29893,rapidbus_penang,,0.5810871127183357,14458.0830078125,9.579078077921288
12001586,JKP Sungai Pinang,5.40561,100.32009,rapidbus_penang,,0.21428440191284998,12200.109375,9.409282158964299
12002203,YMCA,5.4205548,100.3155555,rapidbus_penang,,0.44609245536186537,9831.1435546875,9.193412251900824
12001351,Jalan Raja Uda II,5.43119,100.38444,rapidbus_penang,,0.337235354140741,9451.01171875,9.153982878123
12001353,Medan Selera Raja Uda,5.43318,100.38511,rapidbus_penang,,0.45201131945595147,10263.7568359375,9.23647164051561
12000931,Taman Perindustrian Teras Jaya,5.43361,100.39079,rapidbus_penang,,0.5704924450245412,7395.4736328125,8.908758629506428
12001343,Petronas Bagan Lalang,5.42223,100.3817,rapidbus_penang,,0.4648463878440121,9110.541015625,9.117297132438779
12001393,Jalan Siram II,5.40909,100.37787,rapidbus_penang,,0.33290347377583407,6323.03515625,8.752112757493228
12001394,Taman Bagan,5.41009,100.37783,rapidbus_penang,,0.22187478360908236,6323.03515625,8.752112757493228
12002034,SJK Tamil Mak Mandin,5.41961,100.39109,rapidbus_penang,,0.39693327022731417,7513.29248046875,8.924562150112692
12002035,Pejabat Pos Mak Mandin,5.41972,100.38917,rapidbus_penang,,0.33243729172578956,8304.1474609375,9.024630777571582
12002377,Astaka Mak Mandin,5.415973200000001,100.3858366,rapidbus_penang,,0.43492259782477327,3904.241943359375,8.270075017680854
12002383,Masjid Permatang Tok Jaya,5.4571510000000005,100.401268,rapidbus_penang,,0.4198665265429678,1377.1485595703125,7.228496253868905
12002385,Kampung Paya,5.487664,100.400169,rapidbus_penang,,0.31085829362462086,1464.9466552734375,7.29025649384009
12000005,Pejabat Pos Macallum,5.406042,100.33189,rapidbus_penang,,0.5083784784616328,10713.4111328125,9.27934494912379
12000012,Apartment Sri Saujana,5.407129,100.33343,rapidbus_penang,,0.48844879580934336,7362.63525390625,8.904309010152105
12001990,Pangsapuri Ocean View I,5.39961,100.32716,rapidbus_penang,,0.46791821252460575,10713.4111328125,9.27934494912379
12002016,SJK Li Tek,5.405869999999999,100.33352,rapidbus_penang,,0.38323199529086277,7362.63525390625,8.904309010152105
12002025,Aeon Big,5.39034,100.4077,rapidbus_penang,,0.5343523735513132,4791.73291015625,8.474856072623888
12002092,Taman Sembilang,5.404719999999999,100.40275,rapidbus_penang,,0.10939814885295128,2681.4853515625,7.89449901374903
12002319,Balai Polis Jelutong,5.391295,100.3121711,rapidbus_penang,,0.4695442526278107,12141.8564453125,9.404496328972286
12000142,Masjid Jamek Kampung Paya,5.33486,100.21839,rapidbus_penang,,0.2803092036769982,3214.13623046875,8.075625009170183
12000586,Taman Pinang,5.31604,100.44067,rapidbus_penang,,0.6174426295030464,1919.0772705078125,7.560120709268169
12002504,Kilang FMS,5.355735,100.413023,rapidbus_penang,,0.29538979106131136,5429.72314453125,8.599827579849316
12002507,Kilang Flextronix,5.351346,100.415548,rapidbus_penang,,0.5205917598009229,6456.82373046875,8.773047656190176
12002516,(M3) Masjid Tok Lebai Hashim,5.331774,100.450832,rapidbus_penang,,0.4078015611721724,2611.04345703125,7.867888127712457
12001988,Tesco Tunku Kudin,5.37429,100.31522,rapidbus_penang,,0.6153720970673591,12434.359375,9.428299256101363
12001984,Jabatan Laut Wilayah Utara,5.37344,100.31519,rapidbus_penang,,0.5507237990125102,12434.359375,9.428299256101363
12001986,Mutiara Height,5.388264,100.31889,rapidbus_penang,,0.15203537016938967,7263.9580078125,8.890817795920576
12001947,Kompleks Makanan Ocean View,5.40073,100.32986,rapidbus_penang,,0.39884880312883053,10713.4111328125,9.27934494912379
12002076,(M1) Persiaran Kapal Singh,5.39849,100.33054,rapidbus_penang,,0.44847916800352267,7470.064453125,8.918792765046739
12000310,SMK Bukit Gambir,5.3704,100.29649,rapidbus_penang,,0.2111325249793972,8466.787109375,9.044024491335868
12001152,Jejantas SMK Bayan Lepas,5.28665,100.2562,rapidbus_penang,,0.3667617396131831,3155.7822265625,8.057308505045487
12001155,Masjid Kampung Seronok,5.29036,100.25675,rapidbus_penang,,0.5593877488274881,3155.7822265625,8.057308505045487
12001077,Taman Zainal Abidin,5.40831,100.31609,rapidbus_penang,,0.5705896106233941,11714.4384765625,9.368662778885295
12000420,Taman Nuri I,5.30467,100.26292,rapidbus_penang,,0.21134106833145755,5700.1728515625,8.648427196088267
12000612,Flat Kg. Suluk,5.288736,100.22212,rapidbus_penang,,0.33566651314869184,2825.69970703125,7.946865128857751
12000050,Klinik Kesihatan Bandar Baru Air Itam,5.38964,100.28497,rapidbus_penang,,0.31760821859935867,9491.078125,9.158212848137039
12001004,SK Seri Relau,5.333880000000001,100.27581,rapidbus_penang,,0.42575567849651696,8643.3525390625,9.064661501045759
12001800,Jalan Tengah,5.31882,100.2873,rapidbus_penang,,0.2122563015488227,7163.62353515625,8.87691079668457
12001998,Lintang Angsana II,5.388035,100.28272,rapidbus_penang,,0.40481116770202114,9491.078125,9.158212848137039
12000362,Sokka Gakai,5.42736,100.31622,rapidbus_penang,,0.4030842966315849,8737.2275390625,9.07546264934887
12000369,Midlands One Stop Centre,5.43289,100.30629,rapidbus_penang,,0.5927651742229714,7097.79931640625,8.86768093836332
12001397,Sri Bahari,5.42089,100.33248,rapidbus_penang,,0.4205905502968929,9610.4580078125,9.170711208230815
12001399,Pejabat Maritim,5.42175,100.33142,rapidbus_penang,,0.4152173068810209,10608.943359375,9.269546893174835
12001921,H.S. Sam Book Store,5.41933,100.33411,rapidbus_penang,,0.2659008629035909,9610.4580078125,9.170711208230815
12002318,Container Hotel,5.4142,100.34045,rapidbus_penang,,0.5144937680901169,7026.83056640625,8.857633340650732
12000751,Pulau Mertajam,5.57361,100.36615,rapidbus_penang,,0.5200094652592762,851.9559326171875,6.748707884512607
12001058,Balai Polis Penaga,5.524894000000001,100.38132,rapidbus_penang,,0.5707672531291828,2724.99609375,7.910589179295069
12001709,SMK Dato 'Onn,5.44791,100.38261,rapidbus_penang,,0.48904532537820167,5882.95556640625,8.679984530096323
12000091,Jabatan Pertahanan Awam,5.42831,100.37746,rapidbus_penang,,0.07033354150039126,8415.5419921875,9.03795433311628
12000098,Pasar Awam,5.44083,100.38148,rapidbus_penang,,0.5737286640750497,7607.6357421875,8.937039163061574
12000760,Balai Bomba Kuala Muda,5.56962,100.3511,rapidbus_penang,,0.21966986489306436,1302.932861328125,7.173140254449551
12001115,SMK Tok Labu,5.55065,100.37732,rapidbus_penang,,0.35098447170748037,965.5343017578124,6.873716788714739
12001120,Sungai Kedak,5.567819999999999,100.37632,rapidbus_penang,,0.3385102181854932,385.314453125,5.956651683222923
12001708,SK Bagan Ajam,5.44707,100.38253,rapidbus_penang,,0.4509055198656866,5882.95556640625,8.679984530096323
12000077,Masjid Jamek Sheikh Yusof(Hospital),5.41355,100.31131,rapidbus_penang,,0.1632022928827856,10967.4375,9.302777109213938
12000456,Penang Times Square,5.4131540000000005,100.32621,rapidbus_penang,,0.22326118140952156,12071.685546875,9.398700787012483
12000458,Stadium Bandaraya,5.41324,100.31458,rapidbus_penang,,0.39045506235290955,10967.4375,9.302777109213938
12001064,Penang Road,5.41925,100.33199,rapidbus_penang,,0.4692467370347497,10608.943359375,9.269546893174835
12001818,Desa Intan - 7D,5.39329,100.28532,rapidbus_penang,,0.25791556202471955,12255.3955078125,9.413803162005749
12001820,Fortune Court,5.39805,100.28878,rapidbus_penang,,0.405209106296826,12255.3955078125,9.413803162005749
12001821,SRJK Sin Kang,5.40045,100.2906,rapidbus_penang,,0.5736457055178613,10460.4873046875,9.25545591725159
12001922,Banana Boutique,5.419522,100.33361,rapidbus_penang,,0.3086763152462374,9610.4580078125,9.170711208230815
12002102,(M2) Tingkat Paya Terubong4,5.36975,100.27547,rapidbus_penang,,0.28078746184165876,6768.25146484375,8.820145793300597
12002112,Kampung Makam,5.41227,100.32089,rapidbus_penang,,0.14616845949851293,11714.4384765625,9.368662778885295
12002116,Terminal Komtar,5.4141808,100.3303132,rapidbus_penang,,0.35325534029459277,12071.685546875,9.398700787012483
12000074,SMK (L) Methodist,5.41018,100.30699,rapidbus_penang,,0.4981610514460744,8673.8642578125,9.068184957178227
12000453,Pasar Jalan Kuantan,5.412776999999999,100.32437,rapidbus_penang,,0.40007160348664106,12071.685546875,9.398700787012483
12002087,Bertam Putra 3,5.51699,100.49075,rapidbus_penang,,0.5702346342433112,1032.4091796875,6.940618498809083
12002573,Kampung Pokok Jenerih I,5.521623,100.502889,rapidbus_penang,,0.13415158977780725,906.7271728515624,6.8109438630232155
12002951,Pusat Penjaja Bandar Putra Bertam,5.5180364,100.477164,rapidbus_penang,,0.2774805207227472,1885.717529296875,7.542593841157008
12002996,Taman Tasek Gelugor Utama,5.489344,100.49723,rapidbus_penang,,0.3860337903184042,1470.5037841796875,7.294040139317986
12002998,Taman Tasek Gelugor Utama III,5.494029,100.49867,rapidbus_penang,,0.47797025582028,456.5050964355469,6.1257880244033585
12000290,Klinik Kesihatan Air Hitam,5.40581,100.2826,rapidbus_penang,,0.464421128387598,13805.87109375,9.532921652575762
12000293,Stesen Bukit Bendera,5.40786,100.27749,rapidbus_penang,,0.4594204826629667,9246.7568359375,9.132136296874593
12000625,SK Sri Aman,5.39993,100.28603,rapidbus_penang,,0.4254803092975501,13805.87109375,9.532921652575762
12001037,Ambank Paya Terubong,5.39975,100.27792,rapidbus_penang,,0.44480047752942664,9246.7568359375,9.132136296874593
12001935,Bank Negara Malaysia,5.42049,100.34087,rapidbus_penang,,0.4110947144010901,7632.78173828125,8.940338642155195
12000286,Jalan Besi I,5.3949,100.30194,rapidbus_penang,,0.12240665320539766,8991.873046875,9.104187658932297
12000866,Hospital Lam Wah Ee,5.39285,100.3026,rapidbus_penang,,0.28756037632914194,8991.873046875,9.104187658932297
12000935,Rumah P.Ramlee,5.40966,100.31549,rapidbus_penang,,0.5271702675978018,11714.4384765625,9.368662778885295
12000023,Anggerik Villa,5.36856,100.30825,rapidbus_penang,,0.3910326815481735,12434.359375,9.428299256101363
12000314,SK Bukit Gelugor,5.37725,100.30232,rapidbus_penang,,0.17939908230580387,14458.0830078125,9.579078077921288
12001211,Taman Ampang Jajar,5.41259,100.39809,rapidbus_penang,,0.39229198758851264,3799.333251953125,8.242844039751644
12002343,PBA Bukit Mertajam,5.366679,100.460003,rapidbus_penang,,0.437943833733603,4056.9208984375,8.308426027449963
12002374,(M3) Pusat Komersial Permatang Pauh,5.381354,100.419758,rapidbus_penang,,0.29017886320226743,5182.91796875,8.553316413977512
12002375,Masjid Perda,5.368787,100.430332,rapidbus_penang,,0.32305972215709494,6377.447265625,8.760679971424375
12001096,Masjid Perda,5.36871,100.43059,rapidbus_penang,,0.3516211522147054,6377.447265625,8.760679971424375
12001204,SK Tok Kandu,5.39449,100.4178,rapidbus_penang,,0.22266316973012756,2213.71142578125,7.70287739217749
12002320,Sunway Wellesley,5.368673,100.455235,rapidbus_penang,,0.32170555612939816,2983.831787109375,8.00129867151165
12002366,Nashmir Perda,5.3680010000000005,100.427843,rapidbus_penang,,0.2687529314099557,6377.447265625,8.760679971424375
12002367,Pasar Malam Arowana,5.411293,100.409977,rapidbus_penang,,0.1660512551611031,2335.12939453125,7.756250733908607
12000192,Taman Chai Leng,5.38361,100.38968,rapidbus_penang,,0.5416603178615876,4166.59375,8.335094109872829
12000397,Pusat Perniagaan Chain Ferry,5.40153,100.37983,rapidbus_penang,,0.3253110879371824,3701.80712890625,8.216846494465658
12001994,Taman Sembilang,5.403,100.39864,rapidbus_penang,,0.45680055311092954,2522.3369140625,7.833337476809604
12002093,Tesco Extra,5.40595,100.40421,rapidbus_penang,,0.28345018669976124,2681.4853515625,7.89449901374903
12000389,Public Bank Inderawasih,5.38858,100.38879,rapidbus_penang,,0.3267720160599702,4166.59375,8.335094109872829
12001876,Telekom Seberang Jaya,5.3865,100.40548,rapidbus_penang,,0.2911364211138927,2569.921630859375,7.852019724832956
12001957,Petronas Sunway,5.40021,100.39997,rapidbus_penang,,0.5112127831308013,2681.4853515625,7.89449901374903
12002531,Pangsapuri Lintang Tenggiri,5.395994,100.404116,rapidbus_penang,,0.1475046008789467,3435.899169921875,8.142324939765993
12002537,Klinik Bersatu,5.339956,100.503712,rapidbus_penang,,0.3313318687200906,4207.25732421875,8.344803903740557
12002539,Taman Bukit Indah,5.350002,100.479467,rapidbus_penang,,0.45075408569102743,3228.069091796875,8.079949167803088
12000129,Tesco Bakar Arang,5.62188,100.47648,rapidbus_penang,,0.22744464160946784,6201.72412109375,8.73274384890649
12000131,SMK Che Tom,5.62447,100.4788,rapidbus_penang,,0.46117738866159924,6201.72412109375,8.73274384890649
12000188,Medan Perniagaan Pauh Jaya,5.37137,100.41258,rapidbus_penang,,0.1814530593616242,7018.12548828125,8.856393914940922
12000060,Public Bank Air Putih,5.40431,100.28701,rapidbus_penang,,0.10469210489943107,13805.87109375,9.532921652575762
12001359,Taman Industri Impian,5.31216,100.47903,rapidbus_penang,,0.12360151440402117,3005.72119140625,8.008605458838181
12001692,Taman Puteri Gunung,5.28494,100.5027,rapidbus_penang,,0.2395483372031795,1791.6173095703125,7.491432015001997
12001696,Bandar Tasek Mutiara,5.2783,100.48369,rapidbus_penang,,0.2877955061229822,3469.20361328125,8.151968549398443
12001699,Pejabat Koperasi Tasek Junjung,5.29765,100.53179,rapidbus_penang,,0.49559546170458185,896.647705078125,6.799777680724838
12002588,Taman Selesa,5.3292507,100.4820585,rapidbus_penang,,0.46196823670502474,5486.154296875,8.610165057107379
12000800,Taman Kuari,5.3552,100.46913,rapidbus_penang,,0.1688308541159754,4184.16650390625,8.339301768011769
12001269,Taman Permatang Tinggi Indah,5.294630000000001,100.47935,rapidbus_penang,,0.18125780768211613,2438.5361328125,7.799563190711072
12001697,Pusat Perniagaan Tasek Mutiara,5.27834,100.48439,rapidbus_penang,,0.21089342455159463,3469.20361328125,8.151968549398443
12002329,Masjid Simpang Empat,5.282946,100.476674,rapidbus_penang,,0.480192408006269,2856.51416015625,7.957707351091946
12001177,SIRIM,5.37009,100.42318,rapidbus_penang,,0.3998739857870587,8077.42431640625,8.99695212215239
12000924,SK Jawi,5.19728,100.49322,rapidbus_penang,,0.25632041297372143,2285.907470703125,7.734955734394999
12001260,Taman Tempua,5.271780000000001,100.47683,rapidbus_penang,,0.19349859727185642,3111.333251953125,8.043127965668164
12001484,Lean Teik Trading,5.23714,100.4893,rapidbus_penang,,0.33783042706548294,1384.337890625,7.2336993532171565
12002325,Leeden Hercules,5.32153,100.452924,rapidbus_penang,,0.12377935548874798,2654.226318359375,7.884285172363034
12002330,Balai Bomba Sungai Bakap,5.261616,100.472897,rapidbus_penang,,0.3706175626680717,3766.566650390625,8.234184621224228
12000283,Silitech,5.25611,100.4723,rapidbus_penang,,0.3992068163704484,1124.1080322265625,7.025634338673899
12000323,Klinik Kesihatan Bukit Minyak,5.32721,100.44779,rapidbus_penang,,0.3942123600081566,2416.326171875,7.790417320657428
12000324,Taman Bukit Minyak,5.3289,100.44755,rapidbus_penang,,0.3289179627453471,2416.326171875,7.790417320657428
12001275,MDC Kuari,5.30505,100.4714,rapidbus_penang,,0.24771768684064893,2225.85693359375,7.708346423430755
12001488,Taman Rebana,5.24258,100.48367,rapidbus_penang,,0.42555167848660885,2775.62548828125,7.928991616232
12002335,Hospital Sungai Bakap,5.218885,100.497921,rapidbus_penang,,0.4069944054303644,1585.4046630859375,7.369225516614994
12002337,Oriental Polymer,5.251126999999999,100.474559,rapidbus_penang,,0.47251887482227894,1770.2935791015625,7.479465394288148
12000960,Pusat Perniagaan Padang Lalang,5.36565,100.44286,rapidbus_penang,,0.44006198537240404,4721.64013671875,8.460123273200876
12000955,Padang Lalang,5.364730000000001,100.44968,rapidbus_penang,,0.4636420159594261,3654.68115234375,8.204037716611033
12001454,BSN Gelugor,5.36943,100.31026,rapidbus_penang,,0.15506119579946792,12434.359375,9.428299256101363
12001462,Flat PPR Jalan Sungai,5.407030000000001,100.3247,rapidbus_penang,,0.5096783341397915,10713.4111328125,9.27934494912379
12001903,Apartmen Taman Sri Pinang,5.406219999999999,100.32298,rapidbus_penang,,0.4656610727484816,12200.109375,9.409282158964299
12001941,Pasar Lebuh Cecil,5.40688,100.32832,rapidbus_penang,,0.3508774859907471,10713.4111328125,9.27934494912379
12003020,Stor Pusat Kimia Universiti,5.356237999999999,100.30054,rapidbus_penang,,0.3817522917545835,14027.7939453125,9.548867206843603
12003028,Desasiswa Aman Damai,5.354976000000001,100.297,rapidbus_penang,,0.30030686880137275,9939.43359375,9.204365919800857
12002500,Petronas Nibong Tebal,5.1590569,100.4759619,rapidbus_penang,,0.4001334775820258,2604.56787109375,7.865405923172824
12002029,TAR Kolej I,5.4539800000000005,100.28435,rapidbus_penang,,0.21181789017050356,4857.1630859375,8.48841567959096
12002031,Lorong Lembah Permai 3,5.45452,100.28829,rapidbus_penang,,0.2415310325946208,4857.1630859375,8.48841567959096
12000565,Bukit Dumbar,5.38595,100.31157,rapidbus_penang,,0.13093689767431074,10559.2919921875,9.264856207653308
12002009,Microlead,5.291417,100.28672,rapidbus_penang,,0.4478022924067583,6578.75146484375,8.791752252305667
12002060,Hadapan Queensbay Mall,5.332325,100.30773,rapidbus_penang,,0.5566418404321801,2884.845947265625,7.967573358583249
12002994,Taman Tun Hussein Onn,5.3861454,100.4057448,rapidbus_penang,,0.33004683953040337,2569.921630859375,7.852019724832956
12000080,Sekolah Ikthisas Tentera Udara,5.45865,100.28951,rapidbus_penang,,0.5253643843049466,7077.80029296875,8.86485972218381
12000899,Pusat Penjagaan Kanak - Kanak,5.44589,100.30257,rapidbus_penang,,0.06509386845303274,6444.388671875,8.771120219509186
12000970,Gleneagles I,5.42659,100.31886,rapidbus_penang,,0.2531820756281535,8737.2275390625,9.07546264934887
12001668,Menara Asas,5.46519,100.28331,rapidbus_penang,,0.47454571504148707,7077.80029296875,8.86485972218381
12000214,Balai Polis Batu Feringghi,5.47115,100.24608,rapidbus_penang,,0.18467446316708402,3783.49267578125,8.238667121427294
12000216,Hotel Holiday Inn,5.47227,100.24691,rapidbus_penang,,0.32985972739181324,3783.49267578125,8.238667121427294
12000238,Basket Ball Court,5.4803,100.2605,rapidbus_penang,,0.1912655740164134,1617.376953125,7.3891790452213675
12002308,Jejantas SK Batu Maung,5.280986,100.282144,rapidbus_penang,,0.5181273769676875,4355.81103515625,8.379495654774406
12000303,Universiti Sains Malaysia,5.356380000000001,100.29297,rapidbus_penang,,0.3426328977998708,9939.43359375,9.204365919800857
12000582,(M3) Pejabat Pos Jelutong,5.38662,100.31258,rapidbus_penang,,0.1560373564616386,10559.2919921875,9.264856207653308
12001138,SK Permatang Damar Laut,5.280032,100.27171,rapidbus_penang,,0.27528580129032054,3463.202880859375,8.150237836344683
12000721,Masjid Jamek Al Munawer,5.4307300000000005,100.31622,rapidbus_penang,,0.4324866715969576,8737.2275390625,9.07546264934887
12001661,Chinese Swimming Club,5.46261,100.30429,rapidbus_penang,,0.1629375391286788,5689.3583984375,8.646528512559863
12001763,Hub Teluk Bahang,5.45841,100.21576,rapidbus_penang,,0.5881497164501623,619.6708984375,6.4308009872511915
12001765,Taman Negara,5.45899,100.20662,rapidbus_penang,,0.5351607541504618,442.04995727539057,6.0936825340603775
12003016,1926 Heritage Hotel,5.424169,100.320533,rapidbus_penang,,0.4302707092124256,9831.1435546875,9.193412251900824
12000482,Jalan Gajah II,5.46006,100.30282,rapidbus_penang,,0.22525718393932737,5689.3583984375,8.646528512559863
12000003,Flat Lebuh Noordin,5.41115,100.33395,rapidbus_penang,,0.27491528355898925,9693.0888671875,9.17927158359948
12000575,Maybank Jelutong,5.3979,100.31989,rapidbus_penang,,0.27819795174762246,11066.7470703125,9.311790488306748
12000888,Hub Pasaraya Giant,5.321734999999999,100.28442,rapidbus_penang,,0.25003280733643396,7163.62353515625,8.87691079668457
12001437,Ayamas Sg. Nibong,5.338055000000001,100.29855,rapidbus_penang,,0.4522932440247443,13364.4619140625,9.50042918944698
12001455,Maybank Gelugor,5.36971,100.31005,rapidbus_penang,,0.1543207292046417,12434.359375,9.428299256101363
12002017,SJK Li Tek,5.40604,100.33349,rapidbus_penang,,0.3976852152627857,7362.63525390625,8.904309010152105
12000816,Pangsapuri Azuria,5.46253,100.27991,rapidbus_penang,,0.2262006786696224,4400.77294921875,8.389762681750883
12002239,Lembah Permai,5.457399,100.288952,rapidbus_penang,,0.5040792696044821,4857.1630859375,8.48841567959096
12000619,SMK Teluk Kumbar 2,5.29035,100.2222,rapidbus_penang,,0.4646390624422199,2825.69970703125,7.946865128857751
12000621,Sekolah Agama Al-Itqan,5.29391,100.22448,rapidbus_penang,,0.41572710020654174,3576.458740234375,8.182407978236041
12002286,Pekan Paya Terubong,5.37904,100.27483,rapidbus_penang,,0.343183543176643,6191.44482421875,8.731085251225918
12001046,Klinik Desa,5.47872,100.40147,rapidbus_penang,,0.16011908212724948,1825.6153564453125,7.510220001342195
12001127,Ban Chuan Seng Rice & Oil Mills,5.49461,100.39783,rapidbus_penang,,0.37042614576623867,1215.3941650390625,7.1036461588820226
12002390,Sidee Frozen,5.4528550000000005,100.401901,rapidbus_penang,,0.15012682254454793,1377.1485595703125,7.228496253868905
12000035,Taman Guru,5.38252,100.46362,rapidbus_penang,,0.4945468542403416,2631.472412109375,7.875678764222686
12000779,Kampung Petani,5.40453,100.46207,rapidbus_penang,,0.1255657363909643,2346.26416015625,7.761005741778358
12001174,Pengkalan Tambang,5.42701,100.43426,rapidbus_penang,,0.2931704122694948,1330.4847412109375,7.194049945339233
12001329,(M3) SMKA Al Irshad,5.49015,100.4574,rapidbus_penang,,0.5457306739995184,1482.3311767578125,7.302045632619982
12001331,Taman Koskam,5.4935,100.45172,rapidbus_penang,,0.25092325202038157,1517.9669189453125,7.325785724179107
12001333,Taman Orkid Indah,5.49447,100.44875,rapidbus_penang,,0.4730062588743231,1517.9669189453125,7.325785724179107
12002355,Giat MARA Permatang Pauh,5.409745,100.439603,rapidbus_penang,,0.4532322601900198,1254.7451171875,7.135484394259066
12000256,Hospital Kepala Batas,5.51278,100.43723,rapidbus_penang,,0.13331263526035458,2983.199462890625,8.001086803221929
12000771,Kolej Komuniti Bkt Mertajam,5.38055,100.46454,rapidbus_penang,,0.4156197881941759,2631.472412109375,7.875678764222686
12000781,SK Indera Muda,5.40753,100.45715,rapidbus_penang,,0.6185540915185286,2346.26416015625,7.761005741778358
12000783,Giat MARA Permatang Pauh,5.4097800000000005,100.43955,rapidbus_penang,,0.44619403936628027,1254.7451171875,7.135484394259066
12001171,SK Agama Permatang Pasir,5.42162,100.43623,rapidbus_penang,,0.13380159833400623,1276.8570556640625,7.152939778653679
12001336,Masjid Pongsu Seribu,5.49707,100.44342,rapidbus_penang,,0.22440802373731913,1700.1961669921875,7.4390869102569
12002207,Sekolah Memandu Batu Uban,5.3524151,100.30504659999998,rapidbus_penang,,0.278681007943458,14027.7939453125,9.548867206843603
12002306,Teluk Kumbar Height,5.28865,100.2473,rapidbus_penang,,0.34762525092813623,3071.06640625,8.030105710651766
12001431,PSDC,5.32164,100.29028,rapidbus_penang,,0.4664946792756445,7163.62353515625,8.87691079668457
12000588,Taman Sentul,5.31639,100.44188,rapidbus_penang,,0.5385631630800916,2366.967041015625,7.76978707741701
12000732,Taman Kota Permai,5.34403,100.45668,rapidbus_penang,,0.4443078396874609,2795.8310546875,7.936242289049278
12001048,Medan Selera Taman Pelangi,5.34185,100.42742,rapidbus_penang,,0.4004034488968911,3482.41162109375,8.155767443427433
12002124,Klinik Bersatu,5.363021400000001,100.4115651,rapidbus_penang,,0.10998108566514886,5814.88232421875,8.668347785896344
12000141,Hub Pekan Genting,5.33336,100.21667,rapidbus_penang,,0.5248173173607419,3214.13623046875,8.075625009170183
12000146,IPD Barat Daya,5.34166,100.2254,rapidbus_penang,,0.5021121818764913,2840.443603515625,7.9520675131059795
12001782,SK Teluk Kumbar,5.29114,100.23249,rapidbus_penang,,0.6137879309048229,4627.02734375,8.439885996625845
12000097,Tesco Bagan Ajam,5.43996,100.38123,rapidbus_penang,,0.48667663504905484,7607.6357421875,8.937039163061574
12000484,Kampung Master,5.47878,100.50047,rapidbus_penang,,0.2707910927702816,1582.33203125,7.367286785991818
12000490,Pusat Komersial Tasek Gelugor,5.484312999999999,100.48904,rapidbus_penang,,0.436231374572923,1362.6453857421875,7.217916823475027
12000495,Kg Air Melintas Besar,5.48707,100.47806,rapidbus_penang,,0.015979026543438243,655.8793334960938,6.487500338749084
12000639,Taman Kemaju,5.4802480000000005,100.50426,rapidbus_penang,,0.22329374033291377,1582.33203125,7.367286785991818
12001533,Masjid Sungai Lokan,5.45003,100.40833,rapidbus_penang,,0.5249407378103339,625.5375366210938,6.440208687339537
12001539,Alor Merah,5.45075,100.40326,rapidbus_penang,,0.3357679681317445,1377.1485595703125,7.228496253868905
12000506,Taman Desa Sena,5.48897,100.4635,rapidbus_penang,,0.3256464891605349,1482.3311767578125,7.302045632619982
12001520,Sungai Dua,5.446280000000001,100.42215,rapidbus_penang,,0.29992663522696306,1964.54296875,7.583523806108583
12001930,ISO Tech,5.323867,100.29717,rapidbus_penang,,0.47876874821567267,7300.3125,8.895809405495934
12001949,B. Braun 2,5.309194000000001,100.28263,rapidbus_penang,,0.5136514796699423,5795.2041015625,8.664958517030799
12002044,Plexus Hillside,5.312353,100.2828,rapidbus_penang,,0.3831053072943762,5795.2041015625,8.664958517030799
12000157,Masjid Sungai Burung,5.34189,100.20783,rapidbus_penang,,0.5450933478733568,849.06103515625,6.745308152972607
12000161,Sungai Burung,5.34664,100.20849,rapidbus_penang,,0.3344256870796117,849.06103515625,6.745308152972607
12000173,Café Anjung Bagan,5.36121,100.21137,rapidbus_penang,,0.09804100624311297,638.7945556640625,6.461147118045112
12000634,(M2) Kampung Perlis 1,5.31566,100.2042,rapidbus_penang,,0.4223216187436493,426.5529479980469,6.058078135673614
12000663,Pekan Genting,5.332409999999999,100.21579,rapidbus_penang,,0.5847679505757859,1534.0958251953125,7.336348084910161
12000664,Kampung Pulau Betong,5.30357,100.19714,rapidbus_penang,,0.28382248204037835,484.8495178222656,6.185898941843391
12001573,Pejabat Agama Daerah,5.35651,100.22722,rapidbus_penang,,0.31641074624986876,2124.256591796875,7.661647823149816
12000767,SJK Yu Chye,5.39328,100.20184,rapidbus_penang,,0.26580634875886333,764.7752075195312,6.640888663903731
12000980,Jalan Haji Abd. Ghani Taib,5.40142,100.20657,rapidbus_penang,,0.48034550750764143,430.88589477539057,6.068161420890614
12000981,Jalan Haji Abd. Ghani Taib,5.40147,100.20661,rapidbus_penang,,0.481127032353479,430.88589477539057,6.068161420890614
12000987,Kampung Bukit Kecil,5.40369,100.20046,rapidbus_penang,,0.2719940643470913,430.88589477539057,6.068161420890614
12000988,Pulaza Balik Pulau,5.40903,100.1987,rapidbus_penang,,0.5683292797221176,367.8627014160156,5.910424491917089
12001599,Taman Manggis Indah,5.367482,100.21685,rapidbus_penang,,0.4450151560631353,1113.1712646484375,7.015866147134271
12001623,Kampung Sungai Pinang,5.396028,100.21213,rapidbus_penang,,0.11881398761734425,1147.4736328125,7.046189063931354
12002299,PBA Padang Tembak,5.40821,100.29369,rapidbus_penang,,0.44191281509022884,6174.19140625,8.728295157979344
12001207,Masjid Permatang Janggus,5.4019,100.41704,rapidbus_penang,,0.34867034999523155,1552.86572265625,7.348501119637134
12001026,Pangsapuri Wisma Indah,5.3878900000000005,100.2745,rapidbus_penang,,0.38868111765800006,12969.900390625,9.470463695920623
12000292,Pasukan Bomba & Penyelamat,5.40674,100.28011,rapidbus_penang,,0.41170231014616854,9246.7568359375,9.132136296874593
12001082,Pangsapuri Sri Pinang,5.420856,100.31727,rapidbus_penang,,0.2606523023815677,9831.1435546875,9.193412251900824
12003626,Wisma Perkeso,5.429089,100.313353,rapidbus_penang,,0.23586547414600734,10663.2998046875,9.274656975181244
12000830,Pusat Kegiatan Guru Kelawei,5.41622,100.32396,rapidbus_penang,,0.6351095316545043,12071.685546875,9.398700787012483
12001385,Hadapan Straits Quay Marina Mall,5.45791,100.31246,rapidbus_penang,,0.48156342129933544,6421.53662109375,8.767568430967588
12000469,Jalan Delima 4,5.38001,100.30026,rapidbus_penang,,0.32572568838680704,14458.0830078125,9.579078077921288
12000473,Jalan Delima,5.383719999999999,100.3047,rapidbus_penang,,0.42293410459624176,13026.74609375,9.474836676933101
12000116,Bagan Lalang,5.43627,100.39756,rapidbus_penang,,0.3417344454498818,7395.4736328125,8.908758629506428
12000118,Taman Cengal,5.4393400000000005,100.39755,rapidbus_penang,,0.41331122218208133,7395.4736328125,8.908758629506428
12000540,Pasar Awam,5.40639,100.37236,rapidbus_penang,,0.4250532810053428,4653.07177734375,8.445497766464355
12000930,Pangsapuri Mesra Jaya,5.431109999999999,100.39561,rapidbus_penang,,0.285970517530763,7222.9375,8.885155443342894
12000932,Pusat Perniagaan Ong Yi How,5.435219999999999,100.38886,rapidbus_penang,,0.3555749136119399,10263.7568359375,9.23647164051561
12001347,SJKC Kwang Hwa,5.4276800000000005,100.38346,rapidbus_penang,,0.3309348135681136,9451.01171875,9.153982878123
12001348,Jalan Raja Uda I,5.42909,100.38393,rapidbus_penang,,0.25953714882269574,9451.01171875,9.153982878123
12001352,Medan Selera Raja Uda,5.43315,100.38521,rapidbus_penang,,0.45227308098650093,10263.7568359375,9.23647164051561
12001395,Jalan Siram II,5.41204,100.37836,rapidbus_penang,,0.04935766407233501,6323.03515625,8.752112757493228
12000107,Bengkel MPSP Mak Mandin,5.42037,100.3968,rapidbus_penang,,0.24547843555397908,7513.29248046875,8.924562150112692
12001042,SMK Permatang Tok Jaya,5.472158,100.40104,rapidbus_penang,,0.2839284897909766,848.27978515625,6.744388678732121
12002634,Bukit Genting,5.315753599999999,100.2262096,rapidbus_penang,,0.4497179675725272,490.7556457519531,6.19798193814267
12000474,Komtar Timur,5.414579,100.33229,rapidbus_penang,,0.5187740702811589,9693.0888671875,9.17927158359948
12000859,Gereja St. George,5.419436,100.339455,rapidbus_penang,,0.3712134170497647,9610.4580078125,9.170711208230815
12002947,Pangsapuri Taman Pelangi,5.3453204,100.425329,rapidbus_penang,,0.2866415780779962,3482.41162109375,8.155767443427433
12001985,Mutiara Height,5.3881,100.31811,rapidbus_penang,,0.19840333530048346,7263.9580078125,8.890817795920576
12001987,Flat Macallum,5.40704,100.33189,rapidbus_penang,,0.57212179087272,10713.4111328125,9.27934494912379
12001946,Pangsapuri Ocean View,5.39816,100.32812,rapidbus_penang,,0.30585676653078875,7470.064453125,8.918792765046739
12001948,Summer Place,5.40109,100.33093,rapidbus_penang,,0.4458709176387693,10713.4111328125,9.27934494912379
12000298,(M2) Pangsapuri Golf View,5.340762000000001,100.29247,rapidbus_penang,,0.4711976186534034,13364.4619140625,9.50042918944698
12001130,Taman Desa Wangsa,5.2778,100.27061,rapidbus_penang,,0.1552263333251255,3463.202880859375,8.150237836344683
12001072,Harmony View,5.400284,100.31487,rapidbus_penang,,0.5560357323143384,11790.4619140625,9.375130981948224
12001075,Kampung Dodol,5.404419,100.31553,rapidbus_penang,,0.454785400431875,12200.109375,9.409282158964299
12001089,Stadium Bandaraya,5.41135,100.31609,rapidbus_penang,,0.3951752445594953,11714.4384765625,9.368662778885295
AG18,AMPANG,3.150318,101.760049,rapid_rail_kl,AG,0.40425202876129007,16459.330078125,9.708708527379024
AG17,CAHAYA,3.140575,101.756677,rapid_rail_kl,AG,0.570149877405526,16135.7265625,9.688853106043497
AG16,CEMPAKA,3.138324,101.752979,rapid_rail_kl,AG,0.1381099739109354,16135.7265625,9.688853106043497
AG15,PANDAN INDAH,3.134581,101.746509,rapid_rail_kl,AG,0.35094746054529374,15707.71484375,9.661970922922553
AG14,PANDAN JAYA,3.130141,101.739122,rapid_rail_kl,AG,0.3544382478180676,12590.138671875,9.440748565512253
AG13,MALURI,3.12329,101.727283,rapid_rail_kl,AG,0.3271242662976692,8508.484375,9.048936629249956
AG12,MIHARJA,3.120973,101.717922,rapid_rail_kl,AG,0.19450622297864917,8416.3447265625,9.038049704362269
AG11,CHAN SOW LIN,3.128105,101.715637,rapid_rail_kl,AG,0.4439494777116973,7540.90673828125,8.928230312093644
AG10,PUDU,3.134879,101.711957,rapid_rail_kl,AG,0.257407311606324,7206.275390625,8.882846265742199
AG9,HANG TUAH,3.140012,101.705984,rapid_rail_kl,AG,0.4712186273919135,6113.201171875,8.718369405389192
AG8,PLAZA RAKYAT,3.144049,101.702105,rapid_rail_kl,AG,0.17676926206159263,7680.4443359375,8.946562873034988
AG7,MASJID JAMEK,3.14927,101.696377,rapid_rail_kl,AG,0.47248867865627797,6919.0,8.842171048611716
AG6,BANDARAYA - UOB,3.155567,101.694485,rapid_rail_kl,AG,0.20231202571785634,7198.00146484375,8.881697609948064
AG5,SULTAN ISMAIL,3.161245,101.694109,rapid_rail_kl,AG,0.10706297558927197,7587.3212890625,8.93436567189053
AG4,PWTC,3.166333,101.693586,rapid_rail_kl,AG,0.4673993336081975,7349.15283203125,8.902476385464341
AG3,TITIWANGSA,3.173497,101.695367,rapid_rail_kl,AG,0.3533852765085095,7349.15283203125,8.902476385464341
AG2,SENTUL,3.178484,101.695542,rapid_rail_kl,AG,0.11051633955388541,7384.04052734375,8.9072116827424
AG1,SENTUL TIMUR,3.185897,101.695217,rapid_rail_kl,AG,0.14954125574497518,7736.7724609375,8.953869129418122
KJ37,PUTRA HEIGHTS,2.996227,101.575462,rapid_rail_kl,KJ,0.2870319967675676,3800.58447265625,8.243173225296594
KJ36,SUBANG ALAM,3.009421,101.572281,rapid_rail_kl,KJ,0.4212000276936704,6325.90283203125,8.75256611136043
KJ35,ALAM MEGAH,3.023151,101.572029,rapid_rail_kl,KJ,0.4076792757150294,6540.72802734375,8.785956633914623
KJ34,USJ 21,3.029881,101.581711,rapid_rail_kl,KJ,0.43972595381662116,7546.708984375,8.928999350415939
KJ33,WAWASAN,3.035062,101.588348,rapid_rail_kl,KJ,0.323756501769366,6713.45947265625,8.812018610208279
KJ32,TAIPAN,3.04815,101.590233,rapid_rail_kl,KJ,0.5366541707228123,7275.4111328125,8.892393043375964
KJ31,USJ 7,3.054956,101.592194,rapid_rail_kl,KJ,0.29722112624631364,6813.64208984375,8.826828824753532
KJ30,SS 18,3.067182,101.585945,rapid_rail_kl,KJ,0.3612867475046145,7606.48095703125,8.936887378584457
KJ29,SS 15,3.075972,101.585983,rapid_rail_kl,KJ,0.3103362004064584,7701.61328125,8.9493149374383
KJ28,SUBANG JAYA,3.08466,101.588127,rapid_rail_kl,KJ,0.3406974320697549,5905.00439453125,8.683724806382706
KJ27,CGC GLENMARIE,3.094732,101.590622,rapid_rail_kl,KJ,0.446338253727584,4033.673828125,8.302680741779918
KJ26,ARA DAMANSARA,3.108643,101.586372,rapid_rail_kl,KJ,0.3828105032924491,6796.74755859375,8.82434659490838
KJ25,LEMBAH SUBANG,3.112094,101.591034,rapid_rail_kl,KJ,0.39404364728457486,7739.39111328125,8.954207496738789
KJ24,KELANA JAYA,3.112497,101.6043,rapid_rail_kl,KJ,0.16036839272657086,8274.6650390625,9.021074564274297
KJ23,TAMAN BAHAGIA,3.11079,101.612856,rapid_rail_kl,KJ,0.22912947688094193,8745.314453125,9.076387685262624
KJ22,TAMAN PARAMOUNT,3.104716,101.623192,rapid_rail_kl,KJ,0.41486159486117746,8000.044921875,8.987327427366921
KJ21,ASIA JAYA,3.104343,101.637695,rapid_rail_kl,KJ,0.17349476679983789,5937.3740234375,8.689190641456827
KJ20,TAMAN JAYA,3.104086,101.645248,rapid_rail_kl,KJ,0.0827469863468326,5764.9482421875,8.65972490177712
KJ19,UNIVERSITI,3.114616,101.661639,rapid_rail_kl,KJ,0.2848977685313449,6698.23974609375,8.809749328208492
KJ18,KERINCHI,3.115506,101.668572,rapid_rail_kl,KJ,0.3967695675193385,8293.48828125,9.023346510697527
KJ17,ABDULLAH HUKUM,3.118735,101.672897,rapid_rail_kl,KJ,0.4127584772265719,7703.421875,8.949549712492678
KJ16,BANK RAKYAT BANGSAR,3.127588,101.679062,rapid_rail_kl,KJ,0.1813357505144909,6477.234375,8.776203279224983
KJ15,KL SENTRAL - REDONE,3.13442,101.68625,rapid_rail_kl,KJ,0.29617074602867355,5211.45556640625,8.558806341640269
KJ14,PASAR SENI,3.142439,101.69531,rapid_rail_kl,KJ,0.34082078498446905,6919.0,8.842171048611716
KJ13,MASJID JAMEK,3.149714,101.696815,rapid_rail_kl,KJ,0.5126786165775632,7198.00146484375,8.881697609948064
KJ12,DANG WANGI,3.156942,101.701975,rapid_rail_kl,KJ,0.3699789853359481,7361.8662109375,8.904204566748316
KJ11,KAMPUNG BARU - CBP COOPBANK PERTAMA,3.161386,101.706608,rapid_rail_kl,KJ,0.4171506758236302,8091.966796875,8.99875066679051
KJ10,KLCC,3.158935,101.713287,rapid_rail_kl,KJ,0.41681917050296874,8414.931640625,9.037881812395192
KJ9,AMPANG PARK,3.159894,101.719017,rapid_rail_kl,KJ,0.2514417407726367,8685.42578125,9.069516831148485
KJ8,DAMAI,3.164406,101.724489,rapid_rail_kl,KJ,0.4598726680347868,8657.27734375,9.06627106072403
KJ7,DATO' KERAMAT,3.16509,101.73184,rapid_rail_kl,KJ,0.5491232776365528,8657.27734375,9.06627106072403
KJ6,JELATEK,3.167204,101.735344,rapid_rail_kl,KJ,0.3711327294786486,9413.640625,9.150021269890091
KJ5,SETIAWANGSA,3.17576,101.73584,rapid_rail_kl,KJ,0.33558990256801297,11110.0498046875,9.315695370040663
KJ4,SRI RAMPAI,3.199176,101.73747,rapid_rail_kl,KJ,0.43940799683316584,14967.9111328125,9.613730738149167
KJ3,WANGSA MAJU,3.205751,101.731796,rapid_rail_kl,KJ,0.4847956087109389,13638.251953125,9.520707087747306
KJ2,TAMAN MELATI,3.219558,101.72197,rapid_rail_kl,KJ,0.28169278606682624,13640.556640625,9.520876048098872
KJ1,GOMBAK,3.231793,101.724427,rapid_rail_kl,KJ,0.5143293935487326,5793.51708984375,8.664667420091652
SP31,PUTRA HEIGHTS,2.996016,101.575521,rapid_rail_kl,PH,0.27419465485144306,3800.58447265625,8.243173225296594
SP29,PUCHONG PRIMA,2.999808,101.596692,rapid_rail_kl,PH,0.49699086126960595,7066.7373046875,8.86329566589652
SP28,PUCHONG PERDANA,3.007913,101.605021,rapid_rail_kl,PH,0.5185386777479666,6494.54052734375,8.778871147711797
SP27,BANDAR PUTERI,3.017111,101.612855,rapid_rail_kl,PH,0.4085390777673801,9494.44140625,9.158567110449146
SP26,TAMAN PERINDUSTRIAN PUCHONG,3.022814,101.613514,rapid_rail_kl,PH,0.36642926319039487,9494.44140625,9.158567110449146
SP25,PUSAT BANDAR PUCHONG,3.033194,101.616057,rapid_rail_kl,PH,0.5833847010381927,9600.365234375,9.169660579258835
SP24,IOI PUCHONG JAYA,3.048101,101.62095,rapid_rail_kl,PH,0.33484594774228954,7669.3837890625,8.945121930796876
SP22,KINRARA,3.050506,101.644294,rapid_rail_kl,PH,0.3621618284795029,10166.109375,9.2269132180613
SP21,ALAM SUTERA,3.0547,101.656468,rapid_rail_kl,PH,0.40827011108391686,10150.3515625,9.225362134472073
SP20,MUHIBBAH,3.062229,101.662552,rapid_rail_kl,PH,0.14551486613963496,8007.15234375,8.988215344758908
SP19,AWAN BESAR,3.062131,101.670555,rapid_rail_kl,PH,0.10806307037681856,9382.69921875,9.146729337256744
SP18,SRI PETALING,3.061445,101.687074,rapid_rail_kl,PH,0.11584606679493614,6926.61279296875,8.843270558519958
SP17,BUKIT JALIL,3.058196,101.692125,rapid_rail_kl,PH,0.5112199571302161,7336.9541015625,8.900815349998213
SP16,SUNGAI BESI,3.063842,101.708062,rapid_rail_kl,PH,0.40435886166929075,8809.1904296875,9.083664333871138
SP15,BANDAR TASIK SELATAN,3.076058,101.711107,rapid_rail_kl,PH,0.29977681898410413,7850.10107421875,8.968409065172034
SP14,BANDAR TUN RAZAK,3.089576,101.712466,rapid_rail_kl,PH,0.3083077063551738,9500.4208984375,9.159196634660995
SP13,SALAK SELATAN,3.102201,101.706179,rapid_rail_kl,PH,0.4011380913489285,6505.81884765625,8.780605959497228
SP12,CHERAS,3.112609,101.714178,rapid_rail_kl,PH,0.33035082499104895,6245.92724609375,8.739844981210569
SP11,CHAN SOW LIN,3.128105,101.715637,rapid_rail_kl,PH,0.4439494777116973,7540.90673828125,8.928230312093644
SP10,PUDU,3.134879,101.711957,rapid_rail_kl,PH,0.257407311606324,7206.275390625,8.882846265742199
SP9,HANG TUAH,3.140012,101.705984,rapid_rail_kl,PH,0.4712186273919135,6113.201171875,8.718369405389192
SP8,PLAZA RAKYAT,3.144049,101.702105,rapid_rail_kl,PH,0.17676926206159263,7680.4443359375,8.946562873034988
SP7,MASJID JAMEK,3.14927,101.696377,rapid_rail_kl,PH,0.47248867865627797,6919.0,8.842171048611716
SP6,BANDARAYA - UOB,3.155567,101.694485,rapid_rail_kl,PH,0.20231202571785634,7198.00146484375,8.881697609948064
SP5,SULTAN ISMAIL,3.161245,101.694109,rapid_rail_kl,PH,0.10706297558927197,7587.3212890625,8.93436567189053
SP4,PWTC,3.166333,101.693586,rapid_rail_kl,PH,0.4673993336081975,7349.15283203125,8.902476385464341
SP3,TITIWANGSA,3.173497,101.695367,rapid_rail_kl,PH,0.3533852765085095,7349.15283203125,8.902476385464341
SP2,SENTUL,3.178484,101.695542,rapid_rail_kl,PH,0.11051633955388541,7384.04052734375,8.9072116827424
SP1,SENTUL TIMUR,3.185897,101.695217,rapid_rail_kl,PH,0.14954125574497518,7736.7724609375,8.953869129418122
KG04,KWASA DAMANSARA,3.176146,101.572052,rapid_rail_kl,KGL,0.3987444978931101,3494.869384765625,8.15933737474041
KG05,KWASA SENTRAL,3.170112,101.564651,rapid_rail_kl,KGL,0.3791574887821926,1762.5648193359375,7.475092505074301
KG06,KOTA DAMANSARA,3.150134,101.57869,rapid_rail_kl,KGL,0.4111763113132816,8666.55859375,9.067342437703621
KG07,SURIAN,3.14948,101.593925,rapid_rail_kl,KGL,0.4576678059758639,5294.16943359375,8.574550256313689
KG08,MUTIARA DAMANSARA,3.155301,101.609077,rapid_rail_kl,KGL,0.29651573893087335,7876.0029296875,8.971702771632607
KG09,BANDAR UTAMA,3.14671,101.618599,rapid_rail_kl,KGL,0.18058230231766334,9314.01171875,9.139382541086427
KG10,TAMAN TUN DR ISMAIL,3.13613,101.630539,rapid_rail_kl,KGL,0.3098994140774608,8995.2236328125,9.104560171909007
KG12,PHILEO DAMANSARA,3.129864,101.642471,rapid_rail_kl,KGL,0.26518423522916623,4099.802734375,8.31893802240021
KG13,PUSAT BANDAR DAMANSARA,3.143444,101.662857,rapid_rail_kl,KGL,0.28279661908311726,10032.705078125,9.2137052123584
KG14,SEMANTAN,3.150977,101.665497,rapid_rail_kl,KGL,0.5485304031087672,7948.27587890625,8.980836119085632
KG15,MUZIUM NEGARA,3.137317,101.687336,rapid_rail_kl,KGL,0.12338278723983852,5211.45556640625,8.558806341640269
KG16,PASAR SENI,3.142293265,101.6955642,rapid_rail_kl,KGL,0.36401405329640574,6919.0,8.842171048611716
KG17,MERDEKA,3.141969,101.70205,rapid_rail_kl,KGL,0.3952649233705126,7680.4443359375,8.946562873034988
KG18A,BUKIT BINTANG,3.146503,101.710947,rapid_rail_kl,KGL,0.1253592454985978,8614.2890625,9.061293701794368
KG20,TUN RAZAK EXCHANGE,3.142403,101.720156,rapid_rail_kl,KGL,0.3411124287242191,6144.96337890625,8.723550784147823
KG21,COCHRANE,3.132829,101.722962,rapid_rail_kl,KGL,0.5886052987565603,7540.90673828125,8.928230312093644
KG22,MALURI,3.123623,101.727809,rapid_rail_kl,KGL,0.3567052995761102,8508.484375,9.048936629249956
KG23,TAMAN PERTAMA,3.112547,101.729371,rapid_rail_kl,KGL,0.16954238265714275,9875.2353515625,9.197886680837513
KG24,TAMAN MIDAH,3.104505,101.732186,rapid_rail_kl,KGL,0.45892921783582846,10479.4248046875,9.257264491851945
KG25,TAMAN MUTIARA,3.090989,101.740453,rapid_rail_kl,KGL,0.6315594555106655,10705.646484375,9.278619994369796
KG26,TAMAN CONNAUGHT,3.079172,101.74522,rapid_rail_kl,KGL,0.08487297142619808,10655.263671875,9.273903136456306
KG27,TAMAN SUNTEX,3.071578,101.763552,rapid_rail_kl,KGL,0.2864010132541367,11807.833984375,9.376603173104206
KG28,SRI RAYA,3.062273,101.772899,rapid_rail_kl,KGL,0.3688051231404563,8528.7275390625,9.051312698482326
KG29,BANDAR TUN HUSSEIN ONN,3.048223,101.775109,rapid_rail_kl,KGL,0.44105183038033685,5526.5634765625,8.617502396439974
KG30,BATU 11 CHERAS,3.041339,101.773383,rapid_rail_kl,KGL,0.6193939091380408,8604.521484375,9.060159309293404
KG31,BUKIT DUKUNG,3.026413,101.771072,rapid_rail_kl,KGL,0.3080240116591046,7503.79443359375,8.923297353098663
KG33,SUNGAI JERNIH,3.000948,101.783857,rapid_rail_kl,KGL,0.4094804189303708,5337.0517578125,8.582616026023214
KG34,STADIUM KAJANG,2.994514,101.786338,rapid_rail_kl,KGL,0.10087232154623361,5814.033203125,8.66820177484618
KG35,KAJANG,2.982778,101.790278,rapid_rail_kl,KGL,0.6330039975750262,7200.388671875,8.882029157500659
PY01,KWASA DAMANSARA,3.1763324,101.5721456,rapid_rail_kl,PYL,0.3914438231065162,3494.869384765625,8.15933737474041
PY03,KAMPUNG SELAMAT,3.197266,101.578499,rapid_rail_kl,PYL,0.2155528347240047,5721.412109375,8.652145692927647
PY04,SUNGAI BULOH,3.206429,101.581779,rapid_rail_kl,PYL,0.5221431619092665,6835.38720703125,8.830014684970635
PY05,DAMANSARA DAMAI,3.199892,101.592623,rapid_rail_kl,PYL,0.48103898951564206,7670.09033203125,8.945214039672944
PY06,SRI DAMANSARA BARAT,3.198197,101.608302,rapid_rail_kl,PYL,0.4501750853340388,7211.390625,8.883555746056656
PY07,SRI DAMANSARA SENTRAL,3.198815,101.621396,rapid_rail_kl,PYL,0.4281267639879205,9811.990234375,9.191462321033779
PY08,SRI DAMANSARA TIMUR,3.207832,101.628716,rapid_rail_kl,PYL,0.4624787648553118,8869.7451171875,9.090514075967974
PY09,METRO PRIMA,3.214438,101.639402,rapid_rail_kl,PYL,0.43706702618460724,9375.1689453125,9.145926530565772
PY10,KEPONG BARU,3.211663,101.648193,rapid_rail_kl,PYL,0.4035086090580862,9412.6767578125,9.149918885044038
PY11,JINJANG,3.209544,101.655829,rapid_rail_kl,PYL,0.42931283451185454,9445.0234375,9.153349131661962
PY12,SRI DELIMA,3.207108,101.665749,rapid_rail_kl,PYL,0.5661993045106815,6994.9130859375,8.853081412667597
PY13,KAMPUNG BATU,3.205521,101.675473,rapid_rail_kl,PYL,0.33518718443845197,8328.1044921875,9.02751122544285
PY14,KENTOMEN,3.19563,101.6797,rapid_rail_kl,PYL,0.19944634792734364,9044.9296875,9.110070177235084
PY15,JALAN IPOH,3.189319,101.681145,rapid_rail_kl,PYL,0.43621564499566784,8295.583984375,9.023599140919684
PY16,SENTUL BARAT,3.179369,101.684742,rapid_rail_kl,PYL,0.18097129288893557,6443.83349609375,8.77103408045365
PY17,TITIWANGSA,3.17408,101.69581,rapid_rail_kl,PYL,0.42950126705659736,7349.15283203125,8.902476385464341
PY18,HOSPITAL KUALA LUMPUR,3.17405,101.70239,rapid_rail_kl,PYL,0.4081901128891275,7989.36767578125,8.985992054695469
PY19,RAJA UDA,3.16794,101.71017,rapid_rail_kl,PYL,0.3003667406551648,7694.5498046875,8.948397493322593
PY20,AMPANG PARK,3.16225,101.71781,rapid_rail_kl,PYL,0.19770995520322487,8685.42578125,9.069516831148485
PY21,PERSIARAN KLCC,3.15712,101.71834,rapid_rail_kl,PYL,0.39930908938896165,7684.02294921875,8.947028642203598
PY22,CONLAY,3.15145,101.71801,rapid_rail_kl,PYL,0.30970416565725445,7684.02294921875,8.947028642203598
PY23,TUN RAZAK EXCHANGE,3.14289,101.72034,rapid_rail_kl,PYL,0.29327743144741497,6144.96337890625,8.723550784147823
PY24,CHAN SOW LIN,3.12839,101.71663,rapid_rail_kl,PYL,0.3302995982746874,7540.90673828125,8.928230312093644
PY27,KUCHAI,3.089546,101.694124,rapid_rail_kl,PYL,0.27851570918375823,9835.759765625,9.193881643706467
PY28,TAMAN NAGA EMAS,3.077688,101.699867,rapid_rail_kl,PYL,0.3585842112294226,8022.60009765625,8.990142490121668
PY29,SUNGAI BESI,3.063737,101.7084,rapid_rail_kl,PYL,0.36594841837954534,8809.1904296875,9.083664333871138
PY31,SERDANG RAYA UTARA,3.041674,101.704928,rapid_rail_kl,PYL,0.4723449336315614,10570.6376953125,9.265930004924353
PY32,SERDANG RAYA SELATAN,3.028463,101.707514,rapid_rail_kl,PYL,0.41602753923876445,8387.9345703125,9.034668803353785
PY33,SERDANG JAYA,3.0216,101.709,rapid_rail_kl,PYL,0.2823230246605488,10915.744140625,9.29805304922125
PY34,UPM,3.008489,101.705396,rapid_rail_kl,PYL,0.48535954384504976,7749.7568359375,8.955545773829332
PY36,TAMAN EQUINE,2.98942,101.67244,rapid_rail_kl,PYL,0.41006243909588064,9564.3056640625,9.165897837878392
PY37,PUTRA PERMAI,2.98339,101.66099,rapid_rail_kl,PYL,0.411712056022039,7495.62841796875,8.92220865417825
PY38,16 SIERRA,2.964974,101.654812,rapid_rail_kl,PYL,0.3842104032891101,2528.977783203125,7.835965800340372
PY39,CYBERJAYA UTARA,2.95,101.6573,rapid_rail_kl,PYL,0.6051902544194152,1981.317626953125,7.592021957828917
PY40,CYBERJAYA CITY CENTRE,2.9384,101.6659,rapid_rail_kl,PYL,0.43439376737056556,2729.399169921875,7.912203093579074
PY41,PUTRAJAYA SENTRAL,2.9313,101.6715,rapid_rail_kl,PYL,0.35455371605562713,2717.951416015625,7.90800157614463
MR1,KL SENTRAL,3.132852,101.687817,rapid_rail_kl,MR,0.4881724761765845,5574.7548828125,8.62618299215068
MR2,TUN SAMBANTHAN,3.13132,101.69085,rapid_rail_kl,MR,0.503421812353871,4714.078125,8.458520764389458
MR3,MAHARAJALELA,3.138743,101.699268,rapid_rail_kl,MR,0.4451110524069014,6113.201171875,8.718369405389192
MR4,HANG TUAH,3.140511,101.706029,rapid_rail_kl,MR,0.514480568689191,6113.201171875,8.718369405389192
MR5,IMBI,3.14283,101.70945,rapid_rail_kl,MR,0.35023192120990715,8614.2890625,9.061293701794368
MR6,BUKIT BINTANG,3.146022,101.7115,rapid_rail_kl,MR,0.07280531590067674,8614.2890625,9.061293701794368
MR7,RAJA CHULAN,3.150878,101.710432,rapid_rail_kl,MR,0.33202354602069356,8467.2099609375,9.044074426578632
MR8,BUKIT NANAS,3.156214,101.704809,rapid_rail_kl,MR,0.34527612139197233,7361.8662109375,8.904204566748316
MR9,MEDAN TUANKU,3.15935,101.69888,rapid_rail_kl,MR,0.5414876394115975,8091.966796875,8.99875066679051
MR10,CHOW KIT,3.167358,101.698379,rapid_rail_kl,MR,0.5415853187821075,7349.15283203125,8.902476385464341
MR11,TITIWANGSA,3.173192,101.696022,rapid_rail_kl,MR,0.34749008554989447,7349.15283203125,8.902476385464341
BRT1,SUNWAY-SETIA JAYA,3.0828,101.6123,rapid_rail_kl,BRT,0.46517596064635097,7240.58544921875,8.887595446104836
BRT2,MENTARI,3.0761,101.6101,rapid_rail_kl,BRT,0.3211457337803661,7240.58544921875,8.887595446104836
BRT3,SUNWAY LAGOON,3.0706,101.6107,rapid_rail_kl,BRT,0.06433358513203434,6199.54345703125,8.732392221551644
BRT4,SUNMED,3.0656,101.6087,rapid_rail_kl,BRT,0.48273827786229884,7910.99951171875,8.976135811588536
BRT5,SunU-Monash,3.0654,101.6016,rapid_rail_kl,BRT,0.3966809300671101,4677.9755859375,8.450834473057668
BRT6,SOUTH QUAY-USJ 1,3.0617,101.5969,rapid_rail_kl,BRT,0.260788303465963,6978.5068359375,8.850733539383166
BRT7,USJ7,3.0553,101.5919,rapid_rail_kl,BRT,0.344158895235578,6813.64208984375,8.826828824753532
