date,adm_level,adm_id,PCODE,n_pixels,rainfall_mm,rainfall_avg_mm,acc_1mo_mm,acc_1mo_avg_mm,acc_3mo_mm,acc_3mo_avg_mm,anomaly_rf,anomaly_1mo,anomaly_3mo,state_pcode
2019-01-01,1,1891,MY01,622,21.017685,100.24657,196.31993,337.89624,667.42285,888.2762,24.720697,58.711617,75.27603,MY01
2019-01-01,1,1892,MY02,290,95.94827,36.81517,239.77585,152.15115,745.0276,753.9038,241.41544,155.75822,98.83039,MY02
2019-01-01,1,1893,MY03,485,188.23505,107.75285,603.92163,464.76672,1437.2617,1349.7665,171.37929,129.62213,106.45833,MY03
2019-01-01,1,1894,MY04,9,31.333334,73.91482,211.22221,243.45926,900.7778,847.5741,46.04121,87.02522,106.24036,MY04
2019-01-01,1,37336,MY05,5,32.2,81.333336,181.4,295.64,775.00006,1041.6866,43.088802,62.00106,74.520874,MY05
2019-01-01,1,1895,MY06,53,13.773585,42.291195,123.35849,182.57108,557.6792,639.1962,39.697845,68.43192,87.34593,MY06
2019-01-01,1,1896,MY07,217,17.119816,57.937172,167.7235,243.20769,710.1982,798.98016,35.14587,69.588295,88.95719,MY07
2019-01-01,1,1897,MY08,1182,43.818104,103.77095,296.10406,431.99734,989.2471,1172.1661,44.881565,68.902954,84.46107,MY08
2019-01-01,1,1898,MY09,672,100.51935,70.50863,322.98956,262.27505,989.98663,937.49915,139.74475,122.71612,105.56897,MY09
2019-01-01,1,1899,MY10,42,52.11905,24.020636,149.40475,91.363495,538.2381,593.87225,196.82219,160.2316,90.71018,MY10
2019-01-01,1,1900,MY11,31,70.03226,40.83656,171.48387,134.51828,678.871,716.79675,163.69522,126.495155,94.74564,MY11
2019-01-01,1,1901,MY12,2407,56.78604,95.2145,255.23474,299.5567,750.2251,848.112,61.653793,85.44705,88.5259,MY12
2019-01-01,1,1902,MY13,4031,96.85487,133.04828,309.81766,399.57355,1087.1278,1116.8174,73.78207,77.81469,97.35344,MY13
2019-01-01,1,1904,MY15,416,149.39664,153.06058,710.8629,689.78687,1783.9037,1836.0808,97.68194,103.03346,97.165955,MY15
2019-01-01,1,1903,MY17,254,41.480316,77.026115,243.29135,263.56418,1031.5787,960.9765,56.665264,92.45141,107.3089,MY17
2019-01-11,1,1891,MY01,622,97.56753,82.84357,200.83441,312.61478,672.9196,905.41187,116.761566,64.806305,74.46296,MY01
2019-01-11,1,1892,MY02,290,9.648276,29.090115,157.58275,120.98391,664.6827,659.6484,42.969276,129.05042,100.75745,MY02
2019-01-11,1,1893,MY03,485,56.43505,71.02625,313.1773,356.11478,1354.771,1311.3802,80.80768,88.10974,103.29622,MY03
2019-01-11,1,1894,MY04,9,67.44444,62.774075,180.88889,229.46666,831.5556,821.5296,106.891075,79.281586,101.21303,MY04
2019-01-11,1,37336,MY05,5,28.6,75.026665,176.20001,273.39334,628.60004,993.2867,41.986004,65.08777,63.46875,MY05
2019-01-11,1,1895,MY06,53,28.339622,35.206917,88.43396,150.8937,502.71698,613.5465,82.92011,59.934402,82.08227,MY06
2019-01-11,1,1896,MY07,217,40.7788,46.906452,129.46542,203.2298,645.56226,772.98895,88.19482,64.57549,83.62101,MY07
2019-01-11,1,1897,MY08,1182,73.64467,79.529274,195.75296,353.06885,903.15485,1164.2456,93.03838,56.065464,77.67015,MY08
2019-01-11,1,1898,MY09,672,42.425594,55.39107,219.89732,225.0938,889.0298,881.5605,78.53081,97.741585,100.8425,MY09
2019-01-11,1,1899,MY10,42,8.833333,15.603969,96.54762,70.03889,488.85715,502.74127,67.13917,135.32666,97.26551,MY10
2019-01-11,1,1900,MY11,31,26.612904,30.363441,137.70967,116.527954,609.16125,615.6656,89.39431,117.429504,98.952034,MY11
2019-01-11,1,1901,MY12,2407,59.16701,90.80554,261.5264,292.5835,709.437,847.1312,66.9763,89.56357,83.8412,MY12
2019-01-11,1,1902,MY13,4031,105.08856,126.939926,310.00073,411.57568,1059.8884,1144.2448,83.4384,75.616684,92.65985,MY13
2019-01-11,1,1904,MY15,416,140.49278,100.32837,428.29327,515.87787,1753.31,1833.3256,138.13257,83.185196,95.64737,MY15
2019-01-11,1,1903,MY17,254,67.50394,62.917454,194.73228,239.52126,961.2716,937.1676,106.75303,81.68299,102.55835,MY17
2019-01-21,1,1891,MY01,622,35.13987,93.333336,153.72508,276.42346,648.14954,910.567,40.820206,56.4008,71.33826,MY01
2019-01-21,1,1892,MY02,290,6.551724,35.21701,112.14828,101.1223,532.4034,559.12036,28.723475,110.38988,95.26396,MY02
2019-01-21,1,1893,MY03,485,11.694845,83.37615,256.36496,262.15527,1263.7463,1254.7751,18.890667,97.8326,100.71212,MY03
2019-01-21,1,1894,MY04,9,46.22222,76.02963,145.0,212.71852,734.3334,790.22595,63.214184,68.8963,92.97149,MY04
2019-01-21,1,37336,MY05,5,101.6,71.62667,162.4,227.98666,656.3999,913.14667,139.11604,71.8496,72.03641,MY05
2019-01-21,1,1895,MY06,53,15.226415,35.906918,57.339622,113.40503,423.92453,569.14716,49.44497,52.649475,74.706375,MY06
2019-01-21,1,1896,MY07,217,20.580645,46.159447,78.47926,151.00307,561.7788,723.70984,50.0018,53.5113,77.7784,MY07
2019-01-21,1,1897,MY08,1182,22.500847,79.289116,139.96362,262.58936,819.6853,1124.4325,32.62681,54.173912,73.01767,MY08
2019-01-21,1,1898,MY09,672,30.358631,68.078224,173.30357,193.97792,767.10864,821.1684,48.384632,89.60973,93.45657,MY09
2019-01-21,1,1899,MY10,42,2.5714285,16.875397,63.52381,56.5,373.83337,403.3635,34.611614,111.42084,92.76867,MY10
2019-01-21,1,1900,MY11,31,22.161291,42.0129,118.80645,113.212906,482.2903,523.0882,57.77412,104.73175,92.27442,MY11
2019-01-21,1,1901,MY12,2407,168.91441,86.808975,284.86746,272.829,808.4873,827.4408,189.43074,104.333046,97.723145,MY12
2019-01-21,1,1902,MY13,4031,161.18358,138.74223,363.127,398.73044,1103.8618,1156.1351,115.612206,91.18139,95.498085,MY13
2019-01-21,1,1904,MY15,416,21.79327,100.6597,311.68268,354.04865,1665.5432,1785.6006,25.358078,88.20049,93.295135,MY15
2019-01-21,1,1903,MY17,254,48.14173,72.07441,157.12598,212.01797,862.819,896.6214,68.94861,74.706245,96.25093,MY17
2019-02-01,1,1891,MY01,622,5.3649516,47.915485,138.07234,224.09239,569.246,867.04315,19.587748,62.45181,65.85064,MY01
2019-02-01,1,1892,MY02,290,25.84138,23.372068,42.04138,87.6792,473.45862,488.11334,108.703316,50.757217,97.02812,MY02
2019-02-01,1,1893,MY03,485,9.971134,27.661375,78.10103,182.06378,1070.9299,1139.8756,45.837425,44.4239,93.97789,MY03
2019-02-01,1,1894,MY04,9,48.0,60.72963,161.66666,199.53333,647.11115,737.7074,80.63335,81.486305,87.801895,MY04
2019-02-01,1,37336,MY05,5,11.8,47.48,142.0,194.13333,565.8,836.67334,32.012196,73.819885,67.81728,MY05
2019-02-01,1,1895,MY06,53,8.264151,31.66415,51.830185,102.777985,361.92453,521.5383,36.177437,52.72894,69.686195,MY06
2019-02-01,1,1896,MY07,217,10.341014,36.584946,71.700455,129.65085,466.63596,663.7401,36.890785,56.96247,70.52605,MY07
2019-02-01,1,1897,MY08,1182,10.537225,44.38494,106.68274,203.20332,688.73773,1049.7896,31.461462,53.64119,65.77025,MY08
2019-02-01,1,1898,MY09,672,52.581844,39.38651,125.36607,162.8558,717.2917,750.56744,129.72826,77.66551,95.595924,MY09
2019-02-01,1,1899,MY10,42,6.3095236,11.595238,17.714285,44.074604,318.7143,332.28888,68.14921,46.285213,95.97538,MY10
2019-02-01,1,1900,MY11,31,56.322582,32.731182,105.09677,105.10753,484.09674,467.8344,162.52493,99.990234,103.43933,MY11
2019-02-01,1,1901,MY12,2407,18.64811,85.9525,246.72952,263.56702,757.3029,825.30426,26.000505,93.73061,91.810074,MY12
2019-02-01,1,1902,MY13,4031,96.51104,116.49151,362.7832,382.17368,1060.2476,1156.2256,83.554016,94.99179,91.734764,MY13
2019-02-01,1,1904,MY15,416,19.408653,34.4,181.6947,235.38806,1435.8269,1619.6406,61.950893,77.66388,88.68588,MY15
2019-02-01,1,1903,MY17,254,61.913387,51.30761,177.55905,186.29947,771.66534,812.93884,118.835434,95.43103,94.95396,MY17
2019-02-11,1,1891,MY01,622,49.13987,37.718487,89.64469,178.96732,540.66235,810.7472,126.73639,51.446472,66.89111,MY01
2019-02-11,1,1892,MY02,290,45.38276,37.9677,77.77586,96.556786,446.0138,435.2999,117.257286,81.50697,102.43333,MY02
2019-02-11,1,1893,MY03,485,66.11546,39.27237,87.78144,150.3099,1047.0721,1027.1053,160.6317,59.739555,101.93456,MY03
2019-02-11,1,1894,MY04,9,95.111115,60.64074,189.33334,197.4,659.66675,689.4482,152.5137,96.014496,95.7115,MY04
2019-02-11,1,37336,MY05,5,12.8,42.886665,126.200005,161.99333,457.6,755.4267,37.171097,78.56602,60.834267,MY05
2019-02-11,1,1895,MY06,53,50.90566,33.872326,74.396225,101.4434,363.8868,470.71823,143.81866,74.59009,77.54314,MY06
2019-02-11,1,1896,MY07,217,52.59447,34.02673,83.51613,116.77112,446.82028,599.3653,147.57698,72.690575,74.75947,MY07
2019-02-11,1,1897,MY08,1182,63.780033,35.62442,96.8181,159.29848,671.3731,966.7734,169.3071,61.97142,69.601944,MY08
2019-02-11,1,1898,MY09,672,68.19345,50.67262,151.13393,158.13734,700.0774,689.39044,131.47118,95.70704,101.53904,MY09
2019-02-11,1,1899,MY10,42,18.714285,20.009523,27.595238,48.48016,274.2857,276.06668,94.821014,60.948284,99.36635,MY10
2019-02-11,1,1900,MY11,31,53.677418,48.749462,132.16129,123.493546,464.41934,428.92365,109.16839,106.74566,108.18017,MY11
2019-02-11,1,1901,MY12,2407,22.126299,83.10173,209.68883,255.8632,698.1172,826.5783,30.789745,82.299385,84.55213,MY12
2019-02-11,1,1902,MY13,4031,138.79732,111.43038,396.49194,366.66412,1064.3538,1143.2156,123.504974,108.02548,93.13179,MY13
2019-02-11,1,1904,MY15,416,53.716347,43.64367,94.918274,178.70337,1376.9902,1459.5908,120.70707,54.39109,94.36016,MY15
2019-02-11,1,1903,MY17,254,73.09055,51.848164,183.14566,175.23018,739.9567,728.1035,137.3669,104.39188,101.61686,MY17
2019-02-21,1,1891,MY01,622,2.8520901,31.283012,57.35691,116.916985,462.8328,752.45807,21.64123,51.147026,61.763527,MY01
2019-02-21,1,1892,MY02,290,7.375862,30.14862,78.6,91.48839,418.93103,380.64804,35.210094,86.64255,109.926926,MY02
2019-02-21,1,1893,MY03,485,4.719588,36.91072,80.80618,103.84447,1001.56287,914.7802,23.191172,78.833755,109.43515,MY03
2019-02-21,1,1894,MY04,9,21.11111,57.477776,164.22223,178.84814,565.6666,644.93335,41.792637,92.04457,87.80387,MY04
2019-02-21,1,37336,MY05,5,3.2,30.04,27.800001,120.40667,408.59998,669.62,23.401825,26.154911,61.308586,MY05
2019-02-21,1,1895,MY06,53,2.962264,34.131447,62.132072,99.66792,282.83017,431.7547,20.347483,64.13815,65.902016,MY06
2019-02-21,1,1896,MY07,217,4.56682,32.873577,67.502304,103.48525,360.1567,540.5178,25.25988,66.83148,66.93763,MY07
2019-02-21,1,1897,MY08,1182,3.8087986,32.78522,78.12606,112.794586,583.1269,873.82434,23.312815,70.56866,66.92201,MY08
2019-02-21,1,1898,MY09,672,9.072917,43.837353,129.84822,133.89648,630.6071,623.81976,28.81589,97.08541,101.079384,MY09
2019-02-21,1,1899,MY10,42,3.6190476,17.827778,28.642855,49.43254,257.2619,226.13809,37.75684,61.806507,113.46546,MY10
2019-02-21,1,1900,MY11,31,14.709678,36.13871,124.70968,117.619354,415.19354,380.27957,47.910297,105.78239,109.06198,MY11
2019-02-21,1,1901,MY12,2407,9.037391,59.6462,49.8118,228.70042,619.29126,802.2227,21.71418,23.453873,77.338165,MY12
2019-02-21,1,1902,MY13,4031,58.775986,85.76123,294.08435,313.68314,1033.7075,1109.2164,70.267876,93.85007,93.22314,MY13
2019-02-21,1,1904,MY15,416,3.2884614,39.646553,76.41346,117.69022,1263.8821,1286.3788,18.564617,66.356926,98.25793,MY15
2019-02-21,1,1903,MY17,254,12.503937,48.08819,147.50787,151.24396,598.7914,647.5955,32.97143,97.60882,92.52154,MY17
2019-03-01,1,1891,MY01,622,14.517685,53.97701,66.50964,122.97851,400.90192,684.9671,33.09372,55.87629,58.82917,MY01
2019-03-01,1,1892,MY02,290,5.324138,48.941265,58.08276,117.05759,339.89996,356.88794,19.139593,51.68278,95.30573,MY02
2019-03-01,1,1893,MY03,485,8.272165,48.551823,79.107216,124.73492,761.1299,771.5654,24.78378,64.83005,98.65619,MY03
2019-03-01,1,1894,MY04,9,30.444445,64.35555,146.66667,182.47408,519.55554,625.4667,51.105415,80.90008,83.20115,MY04
2019-03-01,1,37336,MY05,5,19.8,33.64,35.8,106.566666,359.19998,596.34,64.18219,36.570065,60.56473,MY05
2019-03-01,1,1895,MY06,53,18.660378,44.93962,72.528305,112.9434,247.71698,398.29245,47.377968,65.73349,62.663452,MY06
2019-03-01,1,1896,MY07,217,19.539171,48.582336,76.70046,115.48264,316.12445,488.34116,45.797127,67.81098,65.09176,MY07
2019-03-01,1,1897,MY08,1182,11.6624365,48.703724,79.25127,117.113365,482.0381,752.314,31.026596,68.9943,64.31125,MY08
2019-03-01,1,1898,MY09,672,18.361607,63.67862,95.627975,158.18858,543.98364,583.31946,34.01584,61.66361,93.313866,MY09
2019-03-01,1,1899,MY10,42,7.6190476,35.734127,29.95238,73.57143,197.07141,209.00952,30.979055,44.484844,94.42169,MY10
2019-03-01,1,1900,MY11,31,7.7419353,53.53871,76.12903,138.42688,352.7097,378.05267,21.766684,56.56473,93.38394,MY11
2019-03-01,1,1901,MY12,2407,29.315746,65.63948,60.479435,208.3874,562.4437,771.5111,48.578705,30.685705,73.07606,MY12
2019-03-01,1,1902,MY13,4031,66.55792,97.78273,264.13123,294.97433,936.73206,1076.7216,69.62057,89.71809,87.05864,MY13
2019-03-01,1,1904,MY15,416,8.036057,43.607533,65.04086,126.89776,957.5985,1052.0726,26.819006,53.102386,91.06267,MY15
2019-03-01,1,1903,MY17,254,24.165354,57.666534,109.75984,157.60289,530.6102,607.46655,46.540554,70.57675,87.45135,MY17
2019-03-11,1,1891,MY01,622,13.011254,54.053535,30.381031,139.31355,320.86014,630.8956,30.499872,24.516777,51.24428,MY01
2019-03-11,1,1892,MY02,290,7.7172413,56.3977,20.417242,135.48758,255.77585,353.0283,20.712894,18.092163,72.83666,MY02
2019-03-11,1,1893,MY03,485,8.006186,54.274982,20.997938,139.73753,421.95667,646.1622,21.942116,17.962126,65.568405,MY03
2019-03-11,1,1894,MY04,9,23.11111,67.422226,74.66667,189.25555,444.88892,616.1222,38.815586,41.011272,72.43163,MY04
2019-03-11,1,37336,MY05,5,3.8,35.36,26.8,99.04,329.19998,534.4267,21.803766,30.565166,61.95466,MY05
2019-03-11,1,1895,MY06,53,18.0,49.16604,39.622643,128.2371,202.45282,380.57422,42.46203,33.491154,53.803604,MY06
2019-03-11,1,1896,MY07,217,21.142857,49.962673,45.248848,131.41858,258.2304,451.41953,47.564747,36.834316,57.672905,MY07
2019-03-11,1,1897,MY08,1182,14.542301,48.266552,30.013536,129.7555,322.58463,642.1228,36.68775,25.983011,50.62171,MY08
2019-03-11,1,1898,MY09,672,19.638393,69.668205,47.072918,177.18417,418.10416,560.41534,32.997166,28.58257,74.83068,MY09
2019-03-11,1,1899,MY10,42,3.142857,42.246826,14.380953,95.80873,138.5238,214.32777,17.234716,19.225471,65.43804,MY10
2019-03-11,1,1900,MY11,31,18.67742,57.896774,41.129032,147.57419,311.00003,387.5957,37.644886,30.233837,80.48994,MY11
2019-03-11,1,1901,MY12,2407,29.32281,70.492424,67.67595,195.7781,538.8911,744.22485,45.465233,36.19715,72.59384,MY12
2019-03-11,1,1902,MY13,4031,53.634583,107.51873,178.96849,291.06268,885.4612,1069.3025,52.11095,62.13836,82.88738,MY13
2019-03-11,1,1904,MY15,416,4.795673,46.1887,16.120192,129.44278,539.3317,824.02405,19.136398,15.709429,65.65934,MY15
2019-03-11,1,1903,MY17,254,21.059055,62.30643,57.728344,168.06116,435.6063,582.8126,38.717037,36.246346,74.95693,MY17
2019-03-21,1,1891,MY01,622,78.95499,71.5336,106.483925,179.56415,317.56592,572.9046,109.6969,60.40389,55.816467,MY01
2019-03-21,1,1892,MY02,290,52.013794,108.64667,65.055176,213.98563,255.80344,406.5963,50.16759,31.990763,63.36389,MY02
2019-03-21,1,1893,MY03,485,39.303093,87.73223,55.581444,190.55904,392.75256,556.5588,47.775288,30.978596,70.830086,MY03
2019-03-21,1,1894,MY04,9,80.77778,105.022224,134.33334,236.8,443.55557,628.36664,77.96405,57.623386,70.82084,MY04
2019-03-21,1,37336,MY05,5,35.0,51.226665,58.6,120.22667,248.8,468.62,71.140625,50.787903,53.587265,MY05
2019-03-21,1,1895,MY06,53,66.69811,67.32013,103.35849,161.42578,222.8302,374.49875,99.13991,65.1092,60.034508,MY06
2019-03-21,1,1896,MY07,217,60.308754,71.83978,100.99078,170.3848,246.97235,424.8731,84.993416,60.43328,58.615517,MY07
2019-03-21,1,1897,MY08,1182,48.40863,70.36802,74.61337,167.3383,292.70303,542.7222,70.863785,46.195984,54.35292,MY08
2019-03-21,1,1898,MY09,672,55.888393,110.57857,93.8884,243.9254,397.04016,571.7998,52.681385,39.726116,69.70186,MY09
2019-03-21,1,1899,MY10,42,59.142857,87.269844,69.90476,165.2508,162.07144,271.18332,69.516594,43.99672,60.49295,MY10
2019-03-21,1,1900,MY11,31,66.58064,103.42258,93.0,214.85806,336.5161,445.69034,66.02005,44.57421,75.77622,MY11
2019-03-21,1,1901,MY12,2407,45.19111,88.658165,103.829666,224.79007,438.5089,726.3195,53.589676,47.360474,60.645027,MY12
2019-03-21,1,1902,MY13,4031,87.55346,128.29604,207.74597,333.5975,864.95734,1046.0111,69.43452,62.83152,82.77337,MY13
2019-03-21,1,1904,MY15,416,33.02404,73.352486,45.85577,163.14871,433.95193,634.8876,48.529465,30.24452,68.59829,MY15
2019-03-21,1,1903,MY17,254,73.862206,94.027954,119.08662,214.00092,423.72046,577.2629,79.63631,56.660316,73.63005,MY17
2019-04-01,1,1891,MY01,622,50.26849,63.43151,142.23473,189.01865,346.81674,536.08954,80.76468,75.886894,65.02006,MY01
2019-04-01,1,1892,MY02,290,73.606895,75.855286,133.33792,240.89966,233.46207,445.63644,97.21924,56.257874,52.91673,MY02
2019-04-01,1,1893,MY03,485,28.441236,50.8367,75.75052,192.84392,232.95876,499.6426,59.891148,40.815266,47.153915,MY03
2019-04-01,1,1894,MY04,9,104.0,87.91482,207.88889,260.35925,516.2222,642.36664,117.31175,80.22667,80.51422,MY04
2019-04-01,1,37336,MY05,5,43.0,66.7,81.8,153.28667,259.6,453.98666,66.94561,54.837215,57.648735,MY05
2019-04-01,1,1895,MY06,53,44.037735,61.374844,128.73584,177.86101,253.09435,393.5824,73.88,73.13524,64.753075,MY06
2019-04-01,1,1896,MY07,217,64.36866,63.320583,145.82028,185.12305,294.22116,430.25653,101.53406,79.32772,68.74593,MY07
2019-04-01,1,1897,MY08,1182,47.46616,56.97307,110.41709,175.60764,296.35107,495.92435,84.659615,63.90488,60.158997,MY08
2019-04-01,1,1898,MY09,672,85.04315,84.50119,160.56995,264.74796,381.564,585.79236,100.60554,61.379498,65.43144,MY09
2019-04-01,1,1899,MY10,42,38.857143,61.23254,101.14285,190.7492,148.80952,308.39523,66.21691,54.2239,49.07845,MY10
2019-04-01,1,1900,MY11,31,69.67742,76.80968,154.93549,238.12903,336.16125,481.66345,91.28189,65.78214,70.10209,MY11
2019-04-01,1,1901,MY12,2407,31.130453,59.38622,105.64437,218.5368,412.85333,690.4913,56.115204,49.49716,60.080315,MY12
2019-04-01,1,1902,MY13,4031,55.782932,105.04043,196.97098,340.8552,823.88544,1018.0032,55.23691,58.397556,81.02472,MY13
2019-04-01,1,1904,MY15,416,31.733173,38.73838,69.55289,158.27957,316.28845,520.56537,83.98384,45.659653,61.131966,MY15
2019-04-01,1,1903,MY17,254,90.125984,80.4815,185.04724,236.81589,472.36612,580.71826,111.28254,78.59171,81.50098,MY17
2019-04-11,1,1891,MY01,622,59.31672,63.119667,188.54019,198.08478,308.56592,516.36566,94.41726,95.3002,60.143185,MY01
2019-04-11,1,1892,MY02,290,51.18276,82.64724,176.80345,267.1492,274.99655,499.19357,64.101,66.80286,55.53354,MY02
2019-04-11,1,1893,MY03,485,30.517527,51.60048,98.261856,190.16942,207.04124,480.21683,62.75128,52.908833,43.700306,MY03
2019-04-11,1,1894,MY04,9,54.444443,83.54074,239.22221,276.47778,503.22223,663.1333,67.137955,86.7643,76.065994,MY04
2019-04-11,1,37336,MY05,5,63.6,72.52,141.6,190.44667,294.6,451.48,88.49329,75.007675,65.63267,MY05
2019-04-11,1,1895,MY06,53,48.35849,57.52956,159.09433,186.22453,273.11322,415.90503,85.33322,85.812386,66.07505,MY06
2019-04-11,1,1896,MY07,217,53.1106,60.333027,177.78801,195.4934,306.55298,443.6831,88.94521,91.1691,69.4372,MY07
2019-04-11,1,1897,MY08,1182,39.77665,53.17992,135.65143,180.52101,262.48306,469.57498,76.96237,75.814285,56.36265,MY08
2019-04-11,1,1898,MY09,672,55.495537,79.67842,196.4271,274.75818,394.63394,610.0797,71.4415,72.000435,64.9727,MY09
2019-04-11,1,1899,MY10,42,44.714287,67.274605,142.7143,215.77698,184.69049,360.0659,68.78527,66.90656,51.960617,MY10
2019-04-11,1,1900,MY11,31,43.80645,76.553764,180.06451,256.786,353.35483,527.85376,59.845734,70.693054,67.25201,MY11
2019-04-11,1,1901,MY12,2407,25.319485,64.69916,101.64105,212.74355,379.00583,664.3848,43.500504,48.97553,57.366974,MY12
2019-04-11,1,1902,MY13,4031,120.88787,98.841194,264.22427,332.17767,839.68475,989.9045,121.23115,79.84641,84.901085,MY13
2019-04-11,1,1904,MY15,416,22.442308,37.471153,87.199524,149.56203,198.23798,457.70816,64.61399,59.65212,43.923576,MY15
2019-04-11,1,1903,MY17,254,55.062992,75.44948,219.05118,249.95892,459.92517,593.25024,74.65927,87.877365,77.714165,MY17
2019-04-21,1,1891,MY01,622,70.21061,74.879364,179.7958,201.43054,343.63666,497.91168,94.15524,89.51961,69.32364,MY01
2019-04-21,1,1892,MY02,290,69.63448,94.02793,194.42413,252.53046,338.0793,558.00446,75.3671,77.43711,60.937233,MY02
2019-04-21,1,1893,MY03,485,36.261856,60.419037,95.22062,162.85622,231.60826,457.2597,63.073166,59.70623,51.18514,MY03
2019-04-21,1,1894,MY04,9,99.22222,101.5963,257.66666,273.05185,556.2222,688.7,97.77283,94.46679,80.902725,MY04
2019-04-21,1,37336,MY05,5,100.6,75.62,207.2,214.84,293.6,455.47333,130.98486,96.52474,64.84632,MY05
2019-04-21,1,1895,MY06,53,53.11321,74.038994,145.50943,192.94339,311.0,454.0371,73.524734,76.036606,68.83975,MY06
2019-04-21,1,1896,MY07,217,58.42857,75.1808,175.90784,198.83441,344.40088,472.70444,79.106926,88.75235,73.14165,MY07
2019-04-21,1,1897,MY08,1182,61.16159,66.1976,148.4044,176.35059,301.14383,456.48346,92.92671,84.58997,66.33907,MY08
2019-04-21,1,1898,MY09,672,79.11012,94.073265,219.64882,258.25287,443.38544,636.07477,84.89689,85.335754,69.942764,MY09
2019-04-21,1,1899,MY10,42,58.11905,78.930954,141.69048,207.4381,240.2381,422.12143,75.20354,69.05093,57.41648,MY10
2019-04-21,1,1900,MY11,31,61.741936,89.59785,175.2258,242.96129,392.9355,575.4387,70.55333,72.68304,68.55771,MY11
2019-04-21,1,1901,MY12,2407,43.102203,66.917145,99.55214,191.00252,253.1936,644.49304,66.88558,53.34224,39.753098,MY12
2019-04-21,1,1902,MY13,4031,136.28578,105.20747,312.9566,309.0891,814.7869,956.3697,128.19981,101.23134,85.272804,MY13
2019-04-21,1,1904,MY15,416,33.00721,46.56338,87.18269,122.77292,209.4519,403.61185,73.709694,72.14572,52.483032,MY15
2019-04-21,1,1903,MY17,254,87.91732,91.92585,233.1063,247.85683,499.70078,613.1017,95.864334,94.16644,81.65336,MY17
2019-05-01,1,1891,MY01,622,41.524117,65.522934,171.05145,203.52197,379.7958,515.5191,65.97019,84.42825,73.92539,MY01
2019-05-01,1,1892,MY02,290,83.793106,88.571266,204.61035,265.24643,396.031,623.2037,94.89356,77.562675,63.837738,MY02
2019-05-01,1,1893,MY03,485,96.07011,71.053406,162.84949,183.07292,317.7072,500.65176,132.8936,89.247025,63.820053,MY03
2019-05-01,1,1894,MY04,9,65.666664,69.118515,219.33331,254.25555,573.8889,697.08887,95.3428,86.5298,82.45237,MY04
2019-05-01,1,37336,MY05,5,43.8,91.026665,208.0,239.16667,325.59998,499.02002,50.819218,87.23549,65.59263,MY05
2019-05-01,1,1895,MY06,53,23.433962,61.83522,124.905655,193.40378,326.1698,484.20816,42.54338,65.475395,67.69507,MY06
2019-05-01,1,1896,MY07,217,48.53456,65.49462,160.07373,201.00845,382.59442,501.61414,75.941345,80.12959,76.50683,MY07
2019-05-01,1,1897,MY08,1182,89.13621,66.59371,190.07445,185.97124,379.7428,478.69226,131.4867,102.148605,79.542885,MY08
2019-05-01,1,1898,MY09,672,106.958336,85.6753,241.564,259.42697,497.76193,682.3635,123.4717,93.244644,73.14353,MY09
2019-05-01,1,1899,MY10,42,62.261906,81.96587,165.09525,228.17143,296.1905,492.49207,77.342865,72.94858,60.541767,MY10
2019-05-01,1,1900,MY11,31,101.935486,78.27312,207.48387,244.42473,438.5484,620.98065,128.41537,85.189575,70.85657,MY11
2019-05-01,1,1901,MY12,2407,86.68924,78.25279,155.11093,209.8691,321.23474,636.79333,110.13353,74.51557,50.83174,MY12
2019-05-01,1,1902,MY13,4031,53.119324,106.98723,310.29297,311.0359,771.39514,946.8654,51.89817,99.76492,81.56564,MY13
2019-05-01,1,1904,MY15,416,80.16106,55.498158,135.61057,139.5327,270.20435,424.71002,140.76636,97.28633,64.044205,MY15
2019-05-01,1,1903,MY17,254,65.53937,71.333466,208.51968,238.70879,503.32675,633.12756,92.40949,87.61263,79.65911,MY17
2019-05-11,1,1891,MY01,622,51.94534,60.239174,163.68007,200.64148,382.6013,538.0398,87.28703,82.02628,71.37622,MY01
2019-05-11,1,1892,MY02,290,104.848274,86.15471,258.27585,268.7539,455.49652,671.3907,120.507515,96.172455,68.081436,MY02
2019-05-11,1,1893,MY03,485,99.42268,78.602615,231.75465,210.07504,351.01447,539.982,124.90361,110.080025,65.32591,MY03
2019-05-11,1,1894,MY04,9,90.111115,67.18519,255.0,237.9,568.8889,703.6333,131.75987,107.03994,80.98531,MY04
2019-05-11,1,37336,MY05,5,106.0,90.55333,250.4,257.2,418.8,546.6867,116.1655,97.406555,76.81896,MY05
2019-05-11,1,1895,MY06,53,51.981133,52.604404,128.5283,188.47862,327.2453,502.94025,98.918015,69.0145,65.41031,MY06
2019-05-11,1,1896,MY07,217,66.93088,62.936253,173.89401,203.61168,396.93088,530.5236,105.87996,85.754555,75.05381,MY07
2019-05-11,1,1897,MY08,1182,79.842636,70.69693,230.14043,203.48824,395.80542,513.7648,112.082,112.783554,77.2615,MY08
2019-05-11,1,1898,MY09,672,124.9003,86.511604,310.96875,266.26016,554.46875,718.2025,141.94954,116.48182,77.3599,MY09
2019-05-11,1,1899,MY10,42,81.190475,79.03968,201.57143,239.93651,358.6667,551.5222,102.55926,84.33672,65.3463,MY10
2019-05-11,1,1900,MY11,31,92.83871,76.70107,256.51614,244.57205,477.7097,648.93225,119.75205,104.78583,73.81647,MY11
2019-05-11,1,1901,MY12,2407,108.80473,89.18443,238.59618,234.35437,407.9132,642.87604,120.83179,101.77219,63.733368,MY12
2019-05-11,1,1902,MY13,4031,103.92533,92.38413,293.33044,304.57883,736.5232,927.8192,111.85121,96.366554,79.4927,MY13
2019-05-11,1,1904,MY15,416,73.92067,64.30168,187.08893,166.36322,290.40866,445.36804,113.87987,112.094604,65.59273,MY15
2019-05-11,1,1903,MY17,254,89.36614,69.94921,242.82285,233.20853,519.60236,651.2286,125.90679,104.036095,79.94202,MY17
2019-05-21,1,1891,MY01,622,48.562702,64.674065,142.03215,190.43617,428.3119,571.43085,76.8761,75.23282,75.17153,MY01
2019-05-21,1,1892,MY02,290,145.4862,89.738045,334.1276,264.46402,593.6069,730.9801,158.84453,125.852646,81.334656,MY02
2019-05-21,1,1893,MY03,485,89.890724,85.12997,285.3835,234.78598,436.18558,588.20123,105.282104,121.10112,74.37368,MY03
2019-05-21,1,1894,MY04,9,75.22222,65.92593,231.0,202.22963,623.0,712.0815,113.10705,113.88333,87.57722,MY04
2019-05-21,1,37336,MY05,5,39.6,97.14667,189.4,278.72665,455.19998,613.79333,43.662704,68.51665,74.370544,MY05
2019-05-21,1,1895,MY06,53,60.150944,63.36541,135.56604,177.80504,384.43396,532.1742,95.2981,76.89396,72.49677,MY06
2019-05-21,1,1896,MY07,217,58.72811,65.343475,174.19354,193.77435,451.09216,562.9935,90.59563,90.14923,80.29883,MY07
2019-05-21,1,1897,MY08,1182,54.205585,76.74769,223.18443,214.03833,446.20218,557.72723,72.42478,104.17557,80.18133,MY08
2019-05-21,1,1898,MY09,672,147.55357,93.11404,379.41223,265.30093,692.94946,767.4792,155.486,142.2164,90.35188,MY09
2019-05-21,1,1899,MY10,42,145.38095,79.9119,288.8333,240.91747,500.42856,613.6063,177.10231,119.48452,81.7044,MY10
2019-05-21,1,1900,MY11,31,143.96774,79.72473,338.74194,234.69893,606.9678,692.51825,175.82558,143.40572,87.73502,MY11
2019-05-21,1,1901,MY12,2407,71.78147,82.53491,267.27545,249.97214,470.65726,665.7647,87.715256,106.78636,70.91268,MY12
2019-05-21,1,1902,MY13,4031,83.76681,98.90276,240.81146,298.2741,761.51404,940.9607,85.43258,81.052574,81.03022,MY13
2019-05-21,1,1904,MY15,416,31.911058,73.64279,185.99278,193.44263,319.03125,479.36426,46.935078,96.24584,66.898254,MY15
2019-05-21,1,1903,MY17,254,90.86614,70.72913,245.77167,212.01181,597.9646,673.86957,126.590836,115.556694,88.81892,MY17
2019-06-01,1,1891,MY01,622,128.85692,56.38703,229.36496,181.30026,542.6511,573.8409,218.05406,125.79958,94.61169,MY01
2019-06-01,1,1892,MY02,290,89.35517,71.42195,339.68964,247.31471,677.6379,753.4608,123.466064,136.611,90.00305,MY02
2019-06-01,1,1893,MY03,485,104.94433,59.891685,294.25775,223.62425,532.8577,599.5411,169.42746,130.89502,88.9696,MY03
2019-06-01,1,1894,MY04,9,92.111115,53.974075,257.44446,187.08519,684.6666,701.7,164.66747,136.6292,97.58973,MY04
2019-06-01,1,37336,MY05,5,241.2,98.28667,386.8,285.98666,676.6,678.44,238.36572,134.64534,99.730774,MY05
2019-06-01,1,1895,MY06,53,123.754715,53.401257,235.8868,169.37106,489.52826,540.63586,220.46567,138.14607,90.633385,MY06
2019-06-01,1,1896,MY07,217,99.645164,47.51321,225.30415,175.79294,531.1981,561.92444,199.27399,127.38559,94.58017,MY07
2019-06-01,1,1897,MY08,1182,85.99154,52.93948,220.03976,200.3841,520.5313,561.96295,157.04582,109.570206,92.69236,MY08
2019-06-01,1,1898,MY09,672,81.36756,59.183186,353.8214,238.80884,755.9554,762.98376,134.56416,147.17326,99.08482,MY09
2019-06-01,1,1899,MY10,42,92.7381,79.06032,319.3095,238.0119,585.5476,656.93256,116.271385,133.45416,89.215675,MY10
2019-06-01,1,1900,MY11,31,68.51613,57.080647,305.32257,213.50645,667.74194,696.06024,118.420364,142.01987,95.96065,MY11
2019-06-01,1,1901,MY12,2407,109.47944,72.0851,290.06564,243.80444,550.821,672.2103,148.51047,118.59339,82.07509,MY12
2019-06-01,1,1902,MY13,4031,153.63408,89.24285,341.32623,280.52975,848.5902,932.42084,168.3248,121.29252,91.05731,MY13
2019-06-01,1,1904,MY15,416,91.66827,54.614502,197.5,192.55898,402.66345,490.37122,162.15561,102.50104,82.29453,MY15
2019-06-01,1,1903,MY17,254,98.444885,52.30656,278.6772,192.98491,672.2441,668.5096,180.51141,143.28223,100.55448,MY17
2019-06-11,1,1891,MY01,622,50.496784,46.796677,227.9164,167.85777,580.13666,566.58405,107.143524,134.74454,102.37106,MY01
2019-06-11,1,1892,MY02,290,61.393105,68.31609,296.23447,229.47609,731.3138,765.3792,90.55734,128.4713,95.578094,MY02
2019-06-11,1,1893,MY03,485,61.606186,60.65677,256.44122,205.67842,586.4577,605.9229,101.44603,124.094925,96.813805,MY03
2019-06-11,1,1894,MY04,9,56.77778,37.377777,224.11111,157.27777,718.3333,671.6556,145.77872,141.18454,106.89829,MY04
2019-06-11,1,37336,MY05,5,123.8,89.566666,404.59998,285.0,796.6,732.64667,136.20021,141.24138,108.669914,MY05
2019-06-11,1,1895,MY06,53,44.54717,39.643394,228.45282,156.41006,516.07544,531.1132,110.98433,144.63338,97.19504,MY06
2019-06-11,1,1896,MY07,217,37.262672,33.675114,195.63596,146.5318,547.318,545.63684,109.27614,132.40518,100.305305,MY07
2019-06-11,1,1897,MY08,1182,45.887478,45.69467,186.08461,175.38184,551.87646,559.39105,100.380325,105.9334,98.66855,MY08
2019-06-11,1,1898,MY09,672,41.136906,51.68735,270.05804,203.98457,777.4539,745.0029,81.38836,131.61644,104.32678,MY09
2019-06-11,1,1899,MY10,42,52.095238,75.69444,290.2143,234.66667,634.5,690.3802,70.75485,123.177025,91.96408,MY10
2019-06-11,1,1900,MY11,31,37.48387,49.230106,249.96774,186.03548,686.5484,687.39355,78.34001,133.46617,99.87794,MY11
2019-06-11,1,1901,MY12,2407,101.0536,71.30271,282.3145,225.92273,622.55176,673.0206,138.9906,124.420204,92.55644,MY12
2019-06-11,1,1902,MY13,4031,67.763084,70.809525,305.16397,258.95514,862.7187,895.7117,95.98145,117.506325,96.337006,MY13
2019-06-11,1,1904,MY15,416,60.146633,58.06298,183.72595,186.32028,458.01443,502.2455,103.304085,98.64399,91.28014,MY15
2019-06-11,1,1903,MY17,254,45.692913,36.95722,235.00395,159.99292,696.878,643.16034,120.82049,145.46318,108.28772,MY17
2019-06-21,1,1891,MY01,622,66.46784,45.842712,245.82153,149.02643,567.64954,540.8931,140.56654,162.84319,104.9014,MY01
2019-06-21,1,1892,MY02,290,64.444824,60.4177,215.1931,200.15575,743.7448,717.1502,106.15601,107.32973,103.68269,MY02
2019-06-21,1,1893,MY03,485,79.72784,58.909416,246.27835,179.45787,626.8825,577.1001,132.57489,136.22533,108.55221,MY03
2019-06-21,1,1894,MY04,9,69.22222,44.51852,218.11111,135.87038,706.7778,611.15186,149.8878,158.38043,115.51986,MY04
2019-06-21,1,37336,MY05,5,48.8,84.72,413.8,272.57333,810.39996,766.14,59.96433,150.87904,105.73955,MY05
2019-06-21,1,1895,MY06,53,87.528305,45.450314,255.83018,138.49496,536.9057,509.2434,183.40482,181.76959,105.37923,MY06
2019-06-21,1,1896,MY07,217,71.7788,40.85914,208.68665,122.04746,558.788,514.6562,167.42311,168.19434,108.49251,MY07
2019-06-21,1,1897,MY08,1182,71.92301,50.091568,203.80203,148.72572,575.39087,539.1146,139.62756,135.82765,106.667015,MY08
2019-06-21,1,1898,MY09,672,50.14137,52.045338,172.64584,162.91588,771.70685,686.46967,96.66236,105.79455,112.32696,MY09
2019-06-21,1,1899,MY10,42,77.54762,67.82143,222.38097,222.57619,652.9047,670.93176,113.35623,99.914215,97.33301,MY10
2019-06-21,1,1900,MY11,31,39.967743,51.253765,145.96774,157.56451,659.93555,635.22473,79.9373,92.866356,103.85971,MY11
2019-06-21,1,1901,MY12,2407,96.65185,73.26457,307.18488,216.65239,674.01245,657.6271,129.88232,140.84436,102.47279,MY12
2019-06-21,1,1902,MY13,4031,65.640785,71.88146,287.03793,231.93384,840.806,839.29706,91.88273,123.25716,100.178734,MY13
2019-06-21,1,1904,MY15,416,89.64183,56.46843,241.45673,169.14592,514.6322,485.36145,153.96819,141.52312,105.969215,MY15
2019-06-21,1,1903,MY17,254,58.06693,43.775196,202.20473,133.03897,681.08276,592.9076,129.30122,150.10597,114.747284,MY17
2019-07-01,1,1891,MY01,622,46.654343,60.187515,163.61897,152.8269,564.03546,537.6492,79.239624,106.83791,104.8625,MY01
2019-07-01,1,1892,MY02,290,50.49655,69.09046,176.33447,197.82425,720.6345,710.3854,74.90378,89.40473,101.43267,MY02
2019-07-01,1,1893,MY03,485,25.047422,61.536495,166.38144,181.10268,623.48865,587.79987,45.159306,92.08972,106.02038,MY03
2019-07-01,1,1894,MY04,9,62.88889,50.037037,188.88889,131.93333,665.6667,573.27405,123.35127,141.59363,115.97731,MY04
2019-07-01,1,37336,MY05,5,35.6,102.63333,208.20001,276.92,802.99994,802.0733,37.720657,75.62429,100.11481,MY05
2019-07-01,1,1895,MY06,53,74.0,66.208176,206.07547,151.30188,566.8679,514.0767,110.942314,135.04347,110.17021,MY06
2019-07-01,1,1896,MY07,217,49.10599,52.779724,158.14746,127.31398,543.5254,504.11536,93.64183,123.30327,107.740875,MY07
2019-07-01,1,1897,MY08,1182,33.797802,54.910774,151.60829,150.697,561.72253,537.05237,64.75931,100.5853,104.551254,MY08
2019-07-01,1,1898,MY09,672,35.82143,57.4875,127.0997,161.22018,722.4851,659.456,65.327354,79.47272,109.48582,MY09
2019-07-01,1,1899,MY10,42,51.166668,71.4746,180.80952,214.99048,665.2143,681.1738,73.44487,84.46253,97.674126,MY10
2019-07-01,1,1900,MY11,31,36.322582,65.389244,113.7742,165.87312,626.5806,623.8043,58.70582,69.51018,100.44153,MY11
2019-07-01,1,1901,MY12,2407,57.745743,63.17416,255.45119,207.74146,700.62775,661.415,92.03742,122.426155,105.88413,MY12
2019-07-01,1,1902,MY13,4031,26.592905,74.61027,159.99678,217.30125,811.61597,808.8669,39.68446,74.22215,100.337776,MY13
2019-07-01,1,1904,MY15,416,16.98077,61.0625,166.76924,175.5939,499.87982,507.68558,33.27269,95.11353,98.477486,MY15
2019-07-01,1,1903,MY17,254,54.40551,53.669292,158.16534,134.4017,645.36224,566.0954,101.25486,117.04688,113.87979,MY17
2019-07-11,1,1891,MY01,622,33.86013,50.75343,146.98232,156.78366,538.57874,525.2829,69.69998,93.941696,102.50731,MY01
2019-07-11,1,1892,MY02,290,104.83448,70.980576,219.77585,200.48874,774.28613,698.71875,144.556,109.38597,110.73829,MY02
2019-07-11,1,1893,MY03,485,63.993813,61.16323,168.76907,181.60913,656.965,597.3626,104.27818,93.11928,109.894775,MY03
2019-07-11,1,1894,MY04,9,28.88889,45.72222,161.0,140.27777,640.11115,535.45557,66.812706,114.26387,119.36432,MY04
2019-07-11,1,37336,MY05,5,41.2,93.96,125.59999,281.31332,780.6,823.5133,46.68553,45.614357,94.82044,MY05
2019-07-11,1,1895,MY06,53,28.471699,61.375473,190.0,173.03397,546.98114,517.9226,50.42781,109.52966,105.55695,MY06
2019-07-11,1,1896,MY07,217,29.207373,51.33487,150.09216,144.97374,519.62213,495.1172,60.721493,103.41288,104.89983,MY07
2019-07-11,1,1897,MY08,1182,43.284264,50.708096,149.00507,155.71043,565.2301,534.5805,86.6737,95.82767,105.68026,MY08
2019-07-11,1,1898,MY09,672,58.486607,59.738293,144.4494,169.27113,725.4762,639.51587,98.066536,85.756836,113.3372,MY09
2019-07-11,1,1899,MY10,42,113.0,68.46667,241.7143,207.7627,733.50006,682.3659,160.61705,115.9575,107.43915,MY10
2019-07-11,1,1900,MY11,31,78.741936,70.72581,155.03226,187.36882,661.5162,617.9764,110.585724,83.19033,106.98899,MY11
2019-07-11,1,1901,MY12,2407,70.243454,61.875114,224.64104,198.31384,745.55176,658.59094,112.51339,112.949036,113.10458,MY12
2019-07-11,1,1902,MY13,4031,30.57405,62.80213,122.80774,209.29387,721.3021,772.8278,52.467453,59.641342,93.375694,MY13
2019-07-11,1,1904,MY15,416,44.603367,54.889423,151.22597,172.42035,522.0409,525.1038,82.82492,88.054146,99.4222,MY15
2019-07-11,1,1903,MY17,254,29.46063,51.01811,141.93307,148.4626,619.7599,541.66406,61.516953,95.7452,114.28589,MY17
2019-07-21,1,1891,MY01,622,31.832798,56.407825,112.347275,167.34877,500.201,506.81137,59.980625,68.0871,98.708435,MY01
2019-07-21,1,1892,MY02,290,50.696552,76.98586,206.02757,217.0569,755.34827,681.67664,67.93433,95.03311,110.728714,MY02
2019-07-21,1,1893,MY03,485,36.96907,76.711136,126.01031,199.41086,657.6722,613.6547,51.36273,64.09166,107.11503,MY03
2019-07-21,1,1894,MY04,9,24.666666,57.68889,116.44444,153.44815,565.5556,491.54816,47.323643,76.64617,114.90438,MY04
2019-07-21,1,37336,MY05,5,171.4,100.6,248.2,297.19333,851.3999,848.49335,167.04546,83.78742,100.340546,MY05
2019-07-21,1,1895,MY06,53,31.490566,63.91698,133.96227,191.50063,525.3585,507.80063,52.94859,70.71848,103.42392,MY06
2019-07-21,1,1896,MY07,217,29.0553,56.167587,107.36866,160.28218,490.24884,476.104,55.6754,67.985954,102.94008,MY07
2019-07-21,1,1897,MY08,1182,35.76565,57.791004,112.84772,163.40987,539.83417,526.1739,64.92275,69.97673,102.57172,MY08
2019-07-21,1,1898,MY09,672,33.86905,68.79489,128.1771,186.02069,680.2351,614.2375,52.671738,69.71867,110.65788,MY09
2019-07-21,1,1899,MY10,42,46.309525,78.31746,210.4762,218.25873,721.6905,681.7524,61.58316,96.514114,105.815506,MY10
2019-07-21,1,1900,MY11,31,37.774193,75.752686,152.83871,211.86774,637.5484,604.13116,52.96937,72.7811,105.486046,MY11
2019-07-21,1,1901,MY12,2407,102.563774,72.620804,230.55298,197.67007,805.0133,664.2946,138.57596,116.224846,121.02493,MY12
2019-07-21,1,1902,MY13,4031,119.53088,72.95166,176.69785,210.36406,704.54724,740.572,159.754,84.36777,95.16817,MY13
2019-07-21,1,1904,MY15,416,41.365383,71.53814,102.949524,187.49007,530.39905,550.0786,60.578144,56.080566,96.454636,MY15
2019-07-21,1,1903,MY17,254,23.192913,60.83517,107.05905,165.52257,555.03546,510.57336,42.823483,65.71509,108.62382,MY17
2019-08-01,1,1891,MY01,622,36.18971,55.511578,101.882645,162.67284,494.86658,496.8,68.06914,63.74476,99.6147,MY01
2019-08-01,1,1892,MY02,290,46.775864,74.286896,202.3069,222.25333,718.331,667.3923,65.30192,91.222824,107.57575,MY02
2019-08-01,1,1893,MY03,485,60.34227,73.243576,161.30515,211.11794,621.9444,615.84485,83.51135,76.95111,100.98246,MY03
2019-08-01,1,1894,MY04,9,30.666666,45.407406,84.22222,148.81851,530.55554,467.83704,70.75679,58.004868,113.2643,MY04
2019-08-01,1,37336,MY05,5,84.2,90.753334,296.8,285.31332,891.8,848.22,93.15602,103.95664,105.10771,MY05
2019-08-01,1,1895,MY06,53,30.490566,65.99056,90.452835,191.28302,532.4151,511.956,49.99336,48.630203,103.9576,MY06
2019-08-01,1,1896,MY07,217,30.414747,51.19969,88.67742,158.70215,472.12903,461.80905,63.015915,57.224308,102.21075,MY07
2019-08-01,1,1897,MY08,1182,53.645515,56.565964,132.69543,165.06506,504.34348,516.1462,95.25639,80.966324,97.735245,MY08
2019-08-01,1,1898,MY09,672,41.822918,62.101486,134.17857,190.63467,615.0997,590.6637,69.77926,71.142075,104.10231,MY09
2019-08-01,1,1899,MY10,42,62.142857,85.75159,221.45238,232.53572,721.5714,685.5381,73.98532,95.33403,105.21815,MY10
2019-08-01,1,1900,MY11,31,42.580647,67.886024,159.09677,214.36452,578.19354,593.7441,65.28089,74.80552,97.4028,MY11
2019-08-01,1,1901,MY12,2407,63.815952,70.46361,236.62317,204.95952,782.1401,656.50543,91.1909,115.08083,118.99223,MY12
2019-08-01,1,1902,MY13,4031,27.122053,79.50311,177.22699,215.2569,678.55,713.0879,38.012867,82.73384,95.1903,MY13
2019-08-01,1,1904,MY15,416,76.80289,70.62925,162.77164,197.05681,527.0409,565.2097,108.163025,83.03191,93.306175,MY15
2019-08-01,1,1903,MY17,254,36.38189,45.00617,89.03543,156.85945,525.8779,484.24606,82.75357,58.09697,108.5094,MY17
2019-08-11,1,1891,MY01,622,23.681671,56.71688,91.70418,168.63628,466.60287,493.2777,46.472977,55.69353,94.64659,MY01
2019-08-11,1,1892,MY02,290,83.81035,79.21092,181.28276,230.48367,697.2931,660.4485,105.46179,79.106445,105.536804,MY02
2019-08-11,1,1893,MY03,485,81.53608,74.22522,178.84741,224.17993,604.05774,611.46747,109.22794,80.21968,98.798035,MY03
2019-08-11,1,1894,MY04,9,41.666668,55.65185,97.0,158.74815,482.11108,456.3037,76.941864,62.290775,105.594444,MY04
2019-08-11,1,37336,MY05,5,57.8,110.31333,313.4,301.66666,843.6,867.98,54.46031,103.826096,97.20727,MY05
2019-08-11,1,1895,MY06,53,35.962265,66.8478,97.9434,196.75534,516.39624,526.19934,57.01255,51.023876,98.15453,MY06
2019-08-11,1,1896,MY07,217,38.27189,54.398617,97.741936,161.7659,443.47003,453.27142,72.85,61.608482,97.86122,MY07
2019-08-11,1,1897,MY08,1182,52.46785,59.348648,141.87901,173.70561,476.9687,504.79788,89.30701,82.19049,94.54113,MY08
2019-08-11,1,1898,MY09,672,63.175594,68.251884,138.86757,199.14827,553.375,572.404,93.0701,70.4721,96.70439,MY09
2019-08-11,1,1899,MY10,42,68.85714,89.739685,177.30951,253.80873,709.2381,696.2381,77.95798,70.441795,101.85386,MY10
2019-08-11,1,1900,MY11,31,73.83871,73.93118,154.19354,217.5699,559.19354,590.9742,99.88284,71.525185,94.66745,MY11
2019-08-11,1,1901,MY12,2407,46.142918,82.194695,212.52264,225.2791,719.4783,649.5157,58.653706,94.46044,110.68921,MY12
2019-08-11,1,1902,MY13,4031,59.505085,90.199844,206.15802,242.65462,634.1297,710.9036,67.757545,85.26311,89.27594,MY13
2019-08-11,1,1904,MY15,416,56.408653,71.07716,174.57693,213.24455,509.52887,571.98517,80.7189,82.28243,89.17541,MY15
2019-08-11,1,1903,MY17,254,36.830708,54.195145,96.40551,160.03648,473.34256,468.492,70.66578,61.4443,101.02442,MY17
2019-08-21,1,1891,MY01,622,43.643085,68.89212,103.514465,181.12057,461.6833,497.4958,65.829865,58.303314,92.87307,MY01
2019-08-21,1,1892,MY02,290,80.32758,110.6223,210.91379,264.12012,632.13446,681.33276,73.79855,80.22952,92.83171,MY02
2019-08-21,1,1893,MY03,485,99.77526,108.56735,241.65363,256.03616,613.94226,634.90485,92.258255,94.49021,96.72411,MY03
2019-08-21,1,1894,MY04,9,47.0,68.4963,119.333336,169.55556,453.88885,458.87408,70.75186,71.228516,98.92531,MY04
2019-08-21,1,37336,MY05,5,54.0,119.32667,196.0,320.39334,858.0,890.16,47.455627,61.771393,96.40735,MY05
2019-08-21,1,1895,MY06,53,41.962265,79.16352,108.4151,212.00189,498.20758,541.9975,55.798836,52.264565,91.99449,MY06
2019-08-21,1,1896,MY07,217,54.147465,68.88756,122.83411,174.48587,438.88937,456.81552,80.050644,71.222374,96.11833,MY07
2019-08-21,1,1897,MY08,1182,67.66751,79.73246,173.78088,195.64706,490.43063,507.78265,85.76112,89.102165,96.616104,MY08
2019-08-21,1,1898,MY09,672,59.8125,96.10174,164.811,226.45511,465.63394,575.39166,64.10622,73.366714,81.08903,MY09
2019-08-21,1,1899,MY10,42,111.45238,126.86032,242.45238,302.3516,675.3096,743.1865,88.31495,80.51118,90.9278,MY10
2019-08-21,1,1900,MY11,31,59.419353,113.87204,175.83871,255.68925,474.64517,625.1215,54.192184,69.36945,76.11947,MY11
2019-08-21,1,1901,MY12,2407,122.409225,90.3213,232.3681,242.9796,770.106,657.30206,133.66292,95.720825,117.0321,MY12
2019-08-21,1,1902,MY13,4031,51.045647,109.75678,137.67279,279.45975,601.40857,721.7576,48.838634,50.155704,83.44028,MY13
2019-08-21,1,1904,MY15,416,98.94231,101.8976,232.15385,243.604,576.5601,600.24,97.2354,95.394226,96.087524,MY15
2019-08-21,1,1903,MY17,254,40.87008,67.97467,114.08268,167.17598,423.34647,465.73752,62.857533,69.16335,90.99476,MY17
2019-09-01,1,1891,MY01,622,22.33762,56.71104,89.66237,182.32004,355.16397,497.8198,44.2994,50.5351,71.62884,MY01
2019-09-01,1,1892,MY02,290,75.413795,101.656784,239.55173,291.49,618.1931,711.56757,75.39491,82.48229,86.9692,MY02
2019-09-01,1,1893,MY03,485,112.71753,97.2167,294.02887,280.00928,621.71545,672.2299,115.16467,104.91899,92.541016,MY03
2019-09-01,1,1894,MY04,9,55.0,73.844444,143.66667,197.99258,416.77777,478.74445,76.09921,73.23749,87.19021,MY04
2019-09-01,1,37336,MY05,5,34.6,108.32667,146.4,337.96667,651.39996,900.2,34.94323,44.14423,72.51436,MY05
2019-09-01,1,1895,MY06,53,33.735847,53.852203,111.66038,199.86353,408.18866,542.4484,65.818855,56.94541,75.47536,MY06
2019-09-01,1,1896,MY07,217,38.51152,51.788017,130.93088,175.07419,377.75574,461.09033,76.62096,75.48604,82.12051,MY07
2019-09-01,1,1897,MY08,1182,57.47039,65.868355,177.60574,204.94946,461.90945,520.71155,88.14991,86.97604,88.81476,MY08
2019-09-01,1,1898,MY09,672,77.62649,87.49117,200.6146,251.84479,461.89285,603.69965,89.33446,80.05402,76.70332,MY09
2019-09-01,1,1899,MY10,42,60.261906,103.12698,240.57141,319.727,642.8333,767.2532,60.35672,75.62396,83.88872,MY10
2019-09-01,1,1900,MY11,31,82.03226,101.14946,215.29031,288.9527,488.16132,669.1903,81.990295,74.940735,73.14868,MY11
2019-09-01,1,1901,MY12,2407,34.743664,79.03882,203.2958,251.55481,695.3702,664.2558,47.29203,81.18959,104.6491,MY12
2019-09-01,1,1902,MY13,4031,33.273132,91.97981,143.82387,291.93643,481.04764,724.4946,39.465054,50.119774,66.62799,MY13
2019-09-01,1,1904,MY15,416,75.08894,77.32724,230.4399,250.302,559.9808,622.9527,97.28122,92.22015,89.97187,MY15
2019-09-01,1,1903,MY17,254,51.54331,71.79449,129.2441,193.9643,376.4449,485.22546,73.62939,67.47145,77.81009,MY17
2019-09-11,1,1891,MY01,622,33.384243,52.188477,99.364944,177.79164,338.05145,503.21158,67.11884,57.09503,67.5017,MY01
2019-09-11,1,1892,MY02,290,110.12069,105.17735,265.86206,317.45642,666.9207,748.42883,104.4867,83.99959,89.18171,MY02
2019-09-11,1,1893,MY03,485,119.06392,109.31677,331.5567,315.10083,679.17316,720.8899,108.526436,105.14084,94.25302,MY03
2019-09-11,1,1894,MY04,9,33.666668,74.17778,135.66667,216.51852,393.66666,515.54443,48.83525,63.50109,76.58648,MY04
2019-09-11,1,37336,MY05,5,59.4,92.05333,148.0,319.70667,587.0,902.68665,66.35527,47.11945,65.22074,MY05
2019-09-11,1,1895,MY06,53,30.45283,49.4761,106.15094,182.49182,394.09436,552.2811,65.0796,59.28309,71.61455,MY06
2019-09-11,1,1896,MY07,217,28.073732,51.079723,120.73271,171.7553,368.56683,478.49493,58.976276,71.13377,77.263855,MY07
2019-09-11,1,1897,MY08,1182,54.14213,69.16802,179.28003,214.76884,470.16412,544.1849,79.740746,83.85175,86.521706,MY08
2019-09-11,1,1898,MY09,672,98.86012,93.22976,236.29912,276.82266,519.6161,645.24207,105.731834,85.6209,80.68012,MY09
2019-09-11,1,1899,MY10,42,103.64286,109.32937,275.35715,339.31665,694.381,800.8881,95.02621,81.42422,86.78388,MY10
2019-09-11,1,1900,MY11,31,94.51613,105.3086,235.96774,320.3301,545.19354,725.2688,90.21611,74.06869,75.34124,MY11
2019-09-11,1,1901,MY12,2407,67.486084,80.024,224.63898,249.38411,661.8026,672.97705,85.25368,90.27254,98.35179,MY12
2019-09-11,1,1902,MY13,4031,25.995535,82.27678,110.314316,284.01337,439.2801,735.96185,35.51407,39.8993,59.95991,MY13
2019-09-11,1,1904,MY15,416,99.22356,91.01819,273.25482,270.24304,599.0577,655.90796,108.54564,101.09422,91.398155,MY15
2019-09-11,1,1903,MY17,254,34.62992,72.45551,127.04331,212.22467,365.38187,520.72375,51.164753,60.786514,70.451805,MY17
2019-09-21,1,1891,MY01,622,32.350483,53.450428,88.07234,162.34995,303.93408,510.8193,63.901127,55.615402,59.891914,MY01
2019-09-21,1,1892,MY02,290,74.4069,100.18104,259.94138,307.01517,676.88275,788.1922,75.49545,84.91298,85.9669,MY02
2019-09-21,1,1893,MY03,485,81.259796,95.85189,313.04126,302.38538,680.7052,757.8324,85.531166,103.46662,89.889366,MY03
2019-09-21,1,1894,MY04,9,58.11111,74.9,146.77779,222.92223,382.55554,545.9259,78.987625,66.59192,70.34622,MY04
2019-09-21,1,37336,MY05,5,36.0,107.72667,130.0,308.10666,574.2,925.6933,36.371162,43.1163,62.23318,MY05
2019-09-21,1,1895,MY06,53,36.5283,49.02453,100.71698,152.35283,343.09433,555.85535,76.86935,67.18467,62.064903,MY06
2019-09-21,1,1896,MY07,217,30.534563,51.182026,97.11981,154.04977,327.3226,488.8178,63.248985,64.20619,67.2966,MY07
2019-09-21,1,1897,MY08,1182,47.714043,66.934296,159.32657,201.97067,445.95517,561.0276,73.28082,79.396065,79.67017,MY08
2019-09-21,1,1898,MY09,672,85.43006,90.53815,261.91666,271.25906,554.9048,683.73486,94.65336,96.61825,81.29468,MY09
2019-09-21,1,1899,MY10,42,82.666664,108.709526,246.57144,321.16586,699.50006,841.7762,77.09703,77.12991,83.19791,MY10
2019-09-21,1,1900,MY11,31,121.354836,104.110756,297.90323,310.56882,626.5806,778.1258,115.8042,95.98643,80.64868,MY11
2019-09-21,1,1901,MY12,2407,20.952639,84.56882,123.18239,243.63162,586.10345,684.2813,28.975082,51.555145,85.756485,MY12
2019-09-21,1,1902,MY13,4031,79.03175,91.88097,138.30042,266.13757,452.67108,755.96136,86.737114,52.85155,60.1438,MY13
2019-09-21,1,1904,MY15,416,59.58654,80.24119,233.89905,248.58662,569.00244,679.68066,75.769165,94.20806,83.83506,MY15
2019-09-21,1,1903,MY17,254,67.08268,73.14357,153.25592,217.39357,374.3976,550.0921,92.243904,71.16029,68.34859,MY17
2019-10-01,1,1891,MY01,622,53.58521,60.716667,119.31993,166.35558,310.86496,511.34845,89.14818,72.55085,61.172832,MY01
2019-10-01,1,1892,MY02,290,144.40689,128.83723,328.93448,334.19562,770.7931,847.93896,111.63328,98.44894,90.955284,MY02
2019-10-01,1,1893,MY03,485,60.620617,110.93746,260.94434,316.1061,716.2783,807.23334,56.600018,82.82133,88.801865,MY03
2019-10-01,1,1894,MY04,9,110.333336,74.54074,202.11111,223.61852,430.0,570.4296,144.99907,90.59245,75.59569,MY04
2019-10-01,1,37336,MY05,5,267.4,145.79333,362.8,345.57333,806.0,968.85333,180.64458,104.91386,83.27743,MY05
2019-10-01,1,1895,MY06,53,64.396225,56.19245,131.37735,154.69308,333.4906,545.8396,113.40652,85.39966,61.44994,MY06
2019-10-01,1,1896,MY07,217,67.81567,64.67404,126.423965,166.93579,346.03226,500.71213,104.50903,76.43782,69.41345,MY07
2019-10-01,1,1897,MY08,1182,61.911167,83.25429,163.76733,219.3566,474.0685,589.3711,75.81633,75.22281,80.600914,MY08
2019-10-01,1,1898,MY09,672,86.70536,108.90134,270.99554,292.66925,605.78876,735.14874,80.512985,92.718864,82.52243,MY09
2019-10-01,1,1899,MY10,42,152.38095,111.32619,338.6905,329.36508,800.71436,881.62775,135.29279,102.78899,90.87403,MY10
2019-10-01,1,1900,MY11,31,128.32259,131.70215,344.19354,341.12152,718.5806,844.4387,97.52779,100.88756,85.18338,MY11
2019-10-01,1,1901,MY12,2407,71.906105,89.68665,160.34482,254.27946,600.2638,710.7938,81.221695,63.770885,84.558395,MY12
2019-10-01,1,1902,MY13,4031,108.40833,109.59957,213.43562,283.75732,534.48645,790.9506,98.96052,75.64678,67.778885,MY13
2019-10-01,1,1904,MY15,416,54.942307,102.52812,213.7524,273.7875,606.964,721.1463,55.745705,78.46564,84.27558,MY15
2019-10-01,1,1903,MY17,254,95.96457,75.345406,197.67717,220.94449,415.95667,571.76825,125.66315,89.702194,72.98541,MY17
2019-10-11,1,1891,MY01,622,56.045017,66.89453,141.98071,181.06163,333.04984,527.48956,84.90913,78.99572,63.484783,MY01
2019-10-11,1,1892,MY02,290,154.54483,123.71195,373.3586,352.73022,820.5034,900.67035,123.95495,105.766464,91.14834,MY02
2019-10-11,1,1893,MY03,485,97.15464,111.44076,239.03506,318.2301,749.4392,857.51086,87.730995,75.49887,87.47011,MY03
2019-10-11,1,1894,MY04,9,138.0,91.51852,306.44446,240.95926,539.1111,616.22595,148.1581,126.624405,87.58666,MY04
2019-10-11,1,37336,MY05,5,95.8,125.9,399.2,379.42,860.6,1000.79333,77.00535,105.14542,86.06141,MY05
2019-10-11,1,1895,MY06,53,71.81132,62.514465,172.73584,167.73145,376.83017,546.97864,113.770164,102.89722,69.174805,MY06
2019-10-11,1,1896,MY07,217,82.04608,74.762215,180.3963,190.61829,398.87097,524.13947,109.13198,94.77453,76.326,MY07
2019-10-11,1,1897,MY08,1182,78.62013,90.534515,188.24535,240.7231,509.40436,629.1975,87.52871,78.64354,81.11107,MY08
2019-10-11,1,1898,MY09,672,158.19345,113.70873,330.32886,313.14822,705.4956,789.11914,137.47383,105.40019,89.46965,MY09
2019-10-11,1,1899,MY10,42,127.64286,105.381744,362.69046,325.41748,815.3571,918.54285,120.16739,111.28057,88.82719,MY10
2019-10-11,1,1900,MY11,31,194.2258,132.12259,443.90323,367.9355,834.06445,905.8355,145.29028,120.37021,92.12031,MY11
2019-10-11,1,1901,MY12,2407,52.867054,91.04505,145.7258,265.3005,582.88745,739.96375,60.24991,55.76231,78.91491,MY12
2019-10-11,1,1902,MY13,4031,111.86108,101.43054,299.30118,302.91107,615.7735,829.57904,109.800316,98.82762,74.38163,MY13
2019-10-11,1,1904,MY15,416,75.88461,105.780205,190.41345,288.54953,638.24524,772.0371,73.013596,66.56916,82.78179,MY15
2019-10-11,1,1903,MY17,254,143.20866,89.61339,306.25592,238.10236,529.7047,610.3635,156.6466,128.03493,86.892494,MY17
2019-10-21,1,1891,MY01,622,108.762054,87.83543,218.39227,215.44662,409.9791,558.9172,122.54164,101.33622,73.58866,MY01
2019-10-21,1,1892,MY02,290,126.12759,138.29356,425.0793,390.84277,895.93445,961.978,91.50976,108.649025,93.170105,MY02
2019-10-21,1,1893,MY03,485,105.389694,140.14343,263.16495,362.52164,817.8598,920.9432,76.055595,72.96576,88.8672,MY03
2019-10-21,1,1894,MY04,9,141.22223,109.68148,389.55557,275.74075,655.6667,668.2185,127.502914,140.5409,98.13555,MY04
2019-10-21,1,37336,MY05,5,150.4,151.51334,513.6,423.20667,839.6,1051.7067,99.28866,121.10973,79.92757,MY05
2019-10-21,1,1895,MY06,53,92.28302,81.04151,228.49057,199.74843,437.62265,564.10315,113.065216,114.03779,77.775475,MY06
2019-10-21,1,1896,MY07,217,102.87558,96.22012,252.73734,235.65637,472.69125,564.192,106.575226,107.097664,83.924446,MY07
2019-10-21,1,1897,MY08,1182,98.7978,119.2586,239.3291,293.0474,572.4365,690.66516,83.53369,81.97659,83.00495,MY08
2019-10-21,1,1898,MY09,672,145.4509,131.5936,390.3497,354.20367,817.0774,851.91785,110.14491,110.06283,95.93421,MY09
2019-10-21,1,1899,MY10,42,100.47619,118.20873,380.5,334.91666,869.52386,958.43414,85.60772,113.41015,90.77152,MY10
2019-10-21,1,1900,MY11,31,179.41936,137.94409,501.96777,401.76883,975.70966,968.02686,129.01503,124.6329,100.78958,MY11
2019-10-21,1,1901,MY12,2407,80.33444,105.43735,205.1076,286.16904,560.6581,772.7803,77.26955,72.16001,72.727234,MY12
2019-10-21,1,1902,MY13,4031,127.14017,128.2247,347.40958,339.25482,623.3828,884.8521,99.185936,102.368805,70.61655,MY13
2019-10-21,1,1904,MY15,416,88.96635,147.22516,219.79327,355.5335,685.84625,847.7241,61.728523,62.350178,81.01639,MY15
2019-10-21,1,1903,MY17,254,145.50787,115.23019,384.6811,280.18896,652.0197,664.75854,125.18309,136.6396,98.098,MY17
2019-11-01,1,1891,MY01,622,68.68971,90.76233,233.49678,245.49228,442.47906,594.1679,76.95063,95.211235,74.68342,MY01
2019-11-01,1,1892,MY02,290,77.3,94.10667,357.9724,356.11218,926.45856,981.7978,83.04184,100.51514,94.39204,MY02
2019-11-01,1,1893,MY03,485,119.610306,140.86804,322.15466,392.45224,877.12787,988.5676,85.426735,82.31295,88.783875,MY03
2019-11-01,1,1894,MY04,9,114.44444,113.91111,393.6667,315.1111,739.44446,736.7222,100.44852,124.54009,100.36701,MY04
2019-11-01,1,37336,MY05,5,79.0,118.433334,325.2,395.84665,834.4,1079.3867,68.05293,82.37565,77.407814,MY05
2019-11-01,1,1895,MY06,53,58.018867,78.1717,222.11319,221.72768,465.15094,576.2843,75.7696,100.17003,80.88141,MY06
2019-11-01,1,1896,MY07,217,87.43779,96.44455,272.35944,267.42688,529.7143,609.4369,91.1215,101.8106,87.02509,MY07
2019-11-01,1,1897,MY08,1182,123.47039,118.4152,300.88834,328.2083,642.2614,752.5144,104.09609,91.800934,85.44543,MY08
2019-11-01,1,1898,MY09,672,97.10119,109.46503,400.74554,354.76736,872.3557,899.2814,89.19859,112.779976,97.02242,MY09
2019-11-01,1,1899,MY10,42,74.333336,82.69127,302.4524,306.28174,881.71423,955.37384,90.46891,98.76981,92.33011,MY10
2019-11-01,1,1900,MY11,31,49.258064,87.62366,422.9032,357.69034,982.38715,987.7645,58.579056,117.980316,99.45834,MY11
2019-11-01,1,1901,MY12,2407,65.362274,85.590614,198.56377,282.073,562.2044,787.9073,77.6706,70.91011,71.53477,MY12
2019-11-01,1,1902,MY13,4031,89.62962,116.95605,328.63086,346.6113,685.8904,922.30505,77.593216,94.88628,74.50519,MY13
2019-11-01,1,1904,MY15,416,166.66586,196.62692,331.5168,449.6323,775.7091,973.7218,85.14035,74.019554,79.768234,MY15
2019-11-01,1,1903,MY17,254,133.79527,135.57756,422.51184,340.42114,749.4331,755.3299,98.73217,123.765396,99.22444,MY17
2019-11-11,1,1891,MY01,622,81.017685,90.405304,258.46945,269.00305,499.81512,627.8563,90.16028,96.15566,79.76773,MY01
2019-11-11,1,1892,MY02,290,76.97586,89.86529,280.40344,322.2655,919.62415,992.4522,86.41291,87.208534,92.69859,MY02
2019-11-11,1,1893,MY03,485,89.420616,149.43512,314.42062,430.4466,885.0123,1063.7775,61.13934,73.35472,83.27387,MY03
2019-11-11,1,1894,MY04,9,95.111115,106.03333,350.77777,329.62592,792.8889,787.1037,90.16312,106.321045,100.73036,MY04
2019-11-11,1,37336,MY05,5,77.6,123.46667,307.0,393.41333,854.19995,1092.54,64.29683,78.31063,78.28416,MY05
2019-11-11,1,1895,MY06,53,44.415092,80.44717,194.71698,239.66037,473.60376,589.88367,57.83117,81.630295,80.45334,MY06
2019-11-11,1,1896,MY07,217,66.0,94.90323,256.31335,287.5679,557.4424,649.94147,71.06878,89.31717,85.87674,MY07
2019-11-11,1,1897,MY08,1182,94.71235,113.58559,316.98053,351.2594,684.5059,806.75134,84.08472,90.37812,84.94054,MY08
2019-11-11,1,1898,MY09,672,98.52232,110.73661,341.0744,351.79523,907.7024,941.7661,89.44648,96.99525,96.4021,MY09
2019-11-11,1,1899,MY10,42,70.166664,74.97143,244.9762,275.87143,883.0238,940.6055,93.9919,89.00023,93.9106,MY10
2019-11-11,1,1900,MY11,31,93.22581,87.35376,321.90323,312.9215,1001.77423,1001.1871,106.35821,102.82514,100.05835,MY11
2019-11-11,1,1901,MY12,2407,50.594517,81.1002,196.29123,272.12814,566.65607,786.8128,64.56956,72.63471,72.195854,MY12
2019-11-11,1,1902,MY13,4031,88.45522,123.861374,305.225,369.0421,714.84045,955.96655,72.52384,82.93852,74.90796,MY13
2019-11-11,1,1904,MY15,416,99.97115,197.3787,355.60336,541.2308,819.27167,1100.0233,51.868675,66.01667,74.59315,MY15
2019-11-11,1,1903,MY17,254,119.91732,133.6025,399.2205,384.41022,832.5197,834.73724,90.12632,103.80325,99.73593,MY17
2019-11-21,1,1891,MY01,622,134.19453,88.1082,283.90192,269.27582,590.3665,647.0724,149.49762,105.33263,91.30375,MY01
2019-11-21,1,1892,MY02,290,47.106895,80.64724,201.38275,264.6192,886.4034,962.4771,60.838966,76.54601,92.136894,MY02
2019-11-21,1,1893,MY03,485,239.14021,140.81003,448.17114,431.1132,1024.3773,1096.0203,167.43718,103.91136,93.49304,MY03
2019-11-21,1,1894,MY04,9,90.22222,101.18519,299.77777,321.12964,836.11115,819.7926,89.67561,93.45295,101.97851,MY04
2019-11-21,1,37336,MY05,5,83.2,112.36667,239.8,354.26666,883.39996,1085.58,75.1491,68.1388,81.46124,MY05
2019-11-21,1,1895,MY06,53,58.339622,72.7195,160.77359,231.33836,489.98114,583.43964,81.49773,70.14248,84.11758,MY06
2019-11-21,1,1896,MY07,217,106.502304,90.14762,259.9401,281.4954,609.79724,671.20154,117.18875,92.47621,90.919235,MY07
2019-11-21,1,1897,MY08,1182,160.84433,121.22292,379.02707,353.22372,777.68274,848.24176,131.39003,107.20314,91.73048,MY08
2019-11-21,1,1898,MY09,672,91.11607,107.21855,286.73956,327.4202,939.006,952.88293,85.65079,87.76228,98.55129,MY09
2019-11-21,1,1899,MY10,42,22.309525,63.102383,166.80952,220.76508,793.881,876.84766,40.10069,76.10101,90.59172,MY10
2019-11-21,1,1900,MY11,31,38.225807,83.30215,180.70969,258.27957,980.58075,970.6172,48.95216,70.53706,101.021255,MY11
2019-11-21,1,1901,MY12,2407,62.79061,82.27668,178.7474,248.96748,507.03738,778.7682,77.673225,72.35076,65.3302,MY12
2019-11-21,1,1902,MY13,4031,138.32771,117.092415,316.41254,357.90985,802.1225,963.3022,117.3928,88.56539,83.3544,MY13
2019-11-21,1,1904,MY15,416,321.02405,200.47372,587.6611,594.4793,1041.3533,1198.5995,158.66946,98.86264,86.93533,MY15
2019-11-21,1,1903,MY17,254,120.314964,128.5941,374.02756,397.77414,911.96454,895.3567,93.802765,94.10424,101.84458,MY17
2019-12-01,1,1891,MY01,622,129.8746,121.56238,345.08682,300.0759,697.90356,711.92377,106.567696,114.75401,98.044395,MY01
2019-12-01,1,1892,MY02,290,33.627586,73.40747,157.71034,243.92,844.6171,934.2278,49.265186,65.366516,90.459114,MY02
2019-12-01,1,1893,MY03,485,138.3835,191.64027,466.94434,481.88544,1050.0432,1190.4437,72.91665,96.93129,88.25536,MY03
2019-12-01,1,1894,MY04,9,69.0,84.5963,254.33334,291.81482,850.11115,830.54443,82.5927,87.3721,102.3418,MY04
2019-12-01,1,37336,MY05,5,211.6,101.82,372.4,337.65332,1060.4,1079.0734,202.77103,110.14048,98.27749,MY05
2019-12-01,1,1895,MY06,53,61.18868,79.36981,163.94339,232.53648,517.43396,608.9572,78.45066,71.12314,85.092896,MY06
2019-12-01,1,1896,MY07,217,73.32719,101.22719,245.8295,286.27805,644.613,720.6407,73.735535,86.11343,89.522675,MY07
2019-12-01,1,1897,MY08,1182,122.45093,170.1559,378.0076,404.96442,842.6633,952.52936,72.764275,93.42459,88.52609,MY08
2019-12-01,1,1898,MY09,672,75.62649,103.90169,265.2649,321.85684,937.006,969.29346,74.03603,82.68601,96.686066,MY09
2019-12-01,1,1899,MY10,42,14.809524,53.54524,107.28571,191.61905,748.4285,827.26587,33.83627,57.10826,90.52738,MY10
2019-12-01,1,1900,MY11,31,28.451612,56.37312,159.90323,227.02902,927.0,925.8409,54.505318,71.07008,100.12453,MY11
2019-12-01,1,1901,MY12,2407,122.19942,93.11213,235.58455,256.489,594.49316,792.8415,129.64699,92.00561,75.13938,MY12
2019-12-01,1,1902,MY13,4031,181.36145,127.552,408.14438,368.5058,950.2108,998.8744,140.59497,110.61257,95.15243,MY13
2019-12-01,1,1904,MY15,416,175.56009,278.25793,596.5553,676.11035,1141.8245,1399.5302,63.744057,88.3198,81.651825,MY15
2019-12-01,1,1903,MY17,254,85.114174,98.6601,325.34647,360.8567,945.5354,922.2223,86.93236,90.29395,102.51429,MY17
2019-12-11,1,1891,MY01,622,235.98071,110.76683,500.04987,320.4374,900.5,770.5021,208.16043,155.19109,116.76307,MY01
2019-12-11,1,1892,MY02,290,43.272415,62.671036,124.0069,216.72575,777.7689,891.7215,71.33394,58.18309,87.29231,MY02
2019-12-11,1,1893,MY03,485,143.61237,190.32303,521.1361,522.7733,1074.5917,1271.4501,76.085434,99.68979,84.57767,MY03
2019-12-11,1,1894,MY04,9,129.0,79.26667,288.22223,265.04816,945.4445,835.63336,159.01898,108.58146,113.062904,MY04
2019-12-11,1,37336,MY05,5,162.0,96.62,456.8,310.80667,1163.0,1083.64,164.33772,146.2287,107.289825,MY05
2019-12-11,1,1895,MY06,53,94.15094,68.65472,213.67924,220.74402,581.1321,628.13586,134.61588,96.87045,92.576035,MY06
2019-12-11,1,1896,MY07,217,141.2258,89.14608,321.0553,280.5209,757.765,758.70703,155.318,114.19665,99.876656,MY07
2019-12-11,1,1897,MY08,1182,238.56769,163.70654,521.8629,455.08536,1027.0889,1047.0679,144.37358,114.514175,98.100975,MY08
2019-12-11,1,1898,MY09,672,104.54315,96.20109,271.2857,307.32132,942.68896,972.2648,108.24306,88.462006,96.97362,MY09
2019-12-11,1,1899,MY10,42,21.095238,38.76032,58.214287,155.40794,665.8809,756.69684,59.632195,39.40845,88.077156,MY10
2019-12-11,1,1900,MY11,31,52.258064,49.855915,118.935486,189.53117,884.74194,870.3882,104.37901,63.70983,101.6397,MY11
2019-12-11,1,1901,MY12,2407,153.47154,97.04548,338.46155,272.4343,680.47864,809.863,155.29501,123.79924,84.121956,MY12
2019-12-11,1,1902,MY13,4031,134.06227,116.0308,453.7514,360.67523,1058.2776,1032.6284,114.898254,125.45323,102.4719,MY13
2019-12-11,1,1904,MY15,416,240.36539,287.67484,736.9495,766.4065,1282.9663,1596.1868,83.835495,96.1814,80.43823,MY15
2019-12-11,1,1903,MY17,254,141.01575,90.019684,346.4449,317.2739,1051.9213,939.7865,153.66895,109.051605,111.8688,MY17
2019-12-21,1,1891,MY01,622,18.794212,131.52899,384.64954,363.8582,886.9437,848.5807,17.427956,105.63668,104.49437,MY01
2019-12-21,1,1892,MY02,290,13.693104,56.11908,90.59311,192.19759,717.0552,847.65955,30.584728,48.475803,84.6827,MY02
2019-12-21,1,1893,MY03,485,14.529897,178.34523,296.52576,560.30853,1007.8619,1353.9434,10.6519785,53.338264,74.53304,MY03
2019-12-21,1,1894,MY04,9,38.0,93.844444,236.0,257.7074,925.3333,854.57776,43.502697,91.737045,108.23144,MY04
2019-12-21,1,37336,MY05,5,118.4,116.68667,492.0,315.12668,1245.4,1092.6,101.40799,155.25104,113.92129,MY05
2019-12-21,1,1895,MY06,53,3.2641509,74.40692,158.60376,222.43144,547.8679,653.51825,10.407343,71.935425,83.95635,MY06
2019-12-21,1,1896,MY07,217,6.548387,100.39309,221.10136,290.76636,733.7789,807.9181,10.957443,76.44594,90.87986,MY07
2019-12-21,1,1897,MY08,1182,15.252115,170.92001,376.27072,504.78247,994.62695,1151.0536,11.5121155,74.79086,86.46891,MY08
2019-12-21,1,1898,MY09,672,49.50595,99.975746,229.6756,300.07852,906.7649,981.7024,51.922424,76.92301,92.40526,MY09
2019-12-21,1,1899,MY10,42,3.452381,31.405556,39.357143,123.71111,586.6666,679.3929,23.217283,34.462555,86.45131,MY10
2019-12-21,1,1900,MY11,31,10.580646,45.73441,91.29032,151.96344,773.9678,812.01184,30.710215,61.345703,95.34351,MY11
2019-12-21,1,1901,MY12,2407,76.87994,108.183395,352.5509,298.341,736.40594,833.47754,72.34271,117.87094,88.422874,MY12
2019-12-21,1,1902,MY13,4031,185.31754,150.32993,500.74124,393.91275,1164.5634,1091.0774,122.524704,126.779915,106.70445,MY13
2019-12-21,1,1904,MY15,416,4.6875,265.21008,420.61298,831.1429,1228.0673,1781.1556,3.5851736,50.901943,69.0347,MY15
2019-12-21,1,1903,MY17,254,48.259842,100.42848,274.38977,289.10828,1033.0984,967.0714,50.517506,94.995544,106.792404,MY17
2020-01-01,1,1891,MY01,622,39.403538,100.24657,294.17847,337.89624,872.7621,888.2762,42.19001,87.250435,98.26324,MY01
2020-01-01,1,1892,MY02,290,2.637931,36.81517,59.60345,152.15115,575.2862,753.9038,18.265932,41.10912,76.46374,MY02
2020-01-01,1,1893,MY03,485,18.816494,107.75285,176.95876,464.76672,966.05774,1349.7665,21.122742,38.733856,71.67713,MY03
2020-01-01,1,1894,MY04,9,29.333334,73.91482,196.33333,243.45926,844.3333,847.5741,43.506832,81.03274,99.61988,MY04
2020-01-01,1,37336,MY05,5,25.8,81.333336,306.19998,295.64,1003.8,1041.6866,35.675674,103.51249,96.380325,MY05
2020-01-01,1,1895,MY06,53,5.075472,42.291195,102.49056,182.57108,488.54718,639.1962,21.305176,57.306576,76.61442,MY06
2020-01-01,1,1896,MY07,217,12.963134,57.937172,160.73732,243.20769,678.92633,798.98016,28.541378,66.77364,85.067566,MY07
2020-01-01,1,1897,MY08,1182,29.036379,103.77095,282.8562,431.99734,961.75214,1172.1661,31.291788,65.87138,82.12538,MY08
2020-01-01,1,1898,MY09,672,14.997024,70.50863,169.04613,262.27505,835.0566,937.49915,26.483097,65.11873,89.13075,MY09
2020-01-01,1,1899,MY10,42,1.4523809,24.020636,26.0,91.363495,435.73813,593.87225,22.233768,32.169857,73.59468,MY10
2020-01-01,1,1900,MY11,31,8.903226,40.83656,71.741936,134.51828,654.54834,716.79675,30.332174,55.00493,91.37591,MY11
2020-01-01,1,1901,MY12,2407,77.59244,95.2145,307.9439,299.5567,742.0923,848.112,82.41566,102.7539,87.57259,MY12
2020-01-01,1,1902,MY13,4031,116.491196,133.04828,435.87103,399.57355,1172.6462,1116.8174,88.00631,108.97179,104.97664,MY13
2020-01-01,1,1904,MY15,416,28.882212,153.06058,273.9351,689.78687,1202.0072,1836.0808,21.436218,40.14686,65.55971,MY15
2020-01-01,1,1903,MY17,254,36.45669,77.026115,225.73228,263.56418,973.5905,960.9765,50.540848,85.91328,101.30583,MY17
2020-01-11,1,1891,MY01,622,15.96463,82.84357,74.162384,312.61478,832.68164,905.41187,23.865868,24.924025,92.011284,MY01
2020-01-11,1,1892,MY02,290,6.8448277,29.090115,23.175863,120.98391,427.5862,659.6484,34.745636,22.364653,65.08497,MY02
2020-01-11,1,1893,MY03,485,17.973196,71.02625,51.319588,356.11478,886.8763,1311.3802,30.217451,15.596035,67.752174,MY03
2020-01-11,1,1894,MY04,9,58.666668,62.774075,126.0,229.46666,765.0,821.5296,93.93955,55.87148,93.16061,MY04
2020-01-11,1,37336,MY05,5,75.6,75.026665,219.79999,273.39334,983.60004,993.2867,100.71642,80.749054,99.02967,MY05
2020-01-11,1,1895,MY06,53,7.264151,35.206917,15.603773,150.8937,424.00003,613.5465,30.50259,13.216552,69.35615,MY06
2020-01-11,1,1896,MY07,217,11.6082945,46.906452,31.119816,203.2298,608.48846,772.98895,31.996593,17.346132,78.855675,MY07
2020-01-11,1,1897,MY08,1182,18.680202,79.529274,62.968697,353.06885,901.81213,1164.2456,28.014204,18.98202,77.55531,MY08
2020-01-11,1,1898,MY09,672,38.980656,55.39107,103.48363,225.0938,715.84375,881.5605,72.82642,47.147568,81.30791,MY09
2020-01-11,1,1899,MY10,42,2.3095238,15.603969,7.214286,70.03889,310.40475,502.74127,35.476288,16.277275,62.119186,MY10
2020-01-11,1,1900,MY11,31,14.935484,30.363441,34.419357,116.527954,475.25806,615.6656,56.373142,32.43645,77.37791,MY11
2020-01-11,1,1901,MY12,2407,103.57873,90.80554,258.05112,292.5835,792.80396,847.1312,113.332405,88.39573,93.62454,MY12
2020-01-11,1,1902,MY13,4031,142.3746,126.939926,444.18332,411.57568,1203.1598,1144.2448,111.69826,107.827545,105.12642,MY13
2020-01-11,1,1904,MY15,416,25.540865,100.32837,59.110573,515.87787,1151.6635,1833.3256,28.99586,12.308177,62.919403,MY15
2020-01-11,1,1903,MY17,254,54.822834,62.917454,139.53937,239.52126,885.2047,937.1676,88.08168,59.111168,94.48475,MY17
2020-01-21,1,1891,MY01,622,39.811897,93.333336,95.18007,276.42346,763.73145,910.567,45.57142,35.597626,83.96233,MY01
2020-01-21,1,1892,MY02,290,14.986207,35.21701,24.468966,101.1223,316.44485,559.12036,49.695904,27.768871,56.981613,MY02
2020-01-21,1,1893,MY03,485,34.037113,83.37615,70.8268,262.15527,815.5237,1254.7751,44.171547,28.383043,65.13255,MY03
2020-01-21,1,1894,MY04,9,78.0,76.02963,166.0,212.71852,701.7778,790.22595,102.43166,78.54178,88.87761,MY04
2020-01-21,1,37336,MY05,5,12.4,71.62667,113.799995,227.98666,845.60004,913.14667,22.707499,50.99004,92.64315,MY05
2020-01-21,1,1895,MY06,53,31.301888,35.906918,43.64151,113.40503,363.0189,569.14716,88.74266,41.080612,64.09836,MY06
2020-01-21,1,1896,MY07,217,34.10599,46.159447,58.67742,151.00307,539.71893,723.70984,76.43944,40.818058,74.751144,MY07
2020-01-21,1,1897,MY08,1182,32.901863,79.289116,80.61845,262.58936,835.9162,1124.4325,44.9665,31.996208,74.45476,MY08
2020-01-21,1,1898,MY09,672,50.39137,68.078224,104.36905,193.97792,620.7842,821.1684,75.79736,54.96542,75.74535,MY09
2020-01-21,1,1899,MY10,42,2.452381,16.875397,6.214286,56.5,212.38095,403.3635,34.06741,18.234612,53.232216,MY10
2020-01-21,1,1900,MY11,31,14.354838,42.0129,38.19355,113.212906,310.19357,523.0882,41.16921,36.538776,59.685783,MY11
2020-01-21,1,1901,MY12,2407,23.99086,86.808975,205.16203,272.829,736.4603,827.4408,31.57737,75.64438,89.07063,MY12
2020-01-21,1,1902,MY13,4031,75.880424,138.74223,334.74622,398.73044,1151.9,1156.1351,56.267685,84.15175,99.63526,MY13
2020-01-21,1,1904,MY15,416,26.411058,100.6597,80.83414,354.04865,1089.1082,1785.6006,29.728514,23.90599,61.10286,MY15
2020-01-21,1,1903,MY17,254,80.48425,72.07441,171.76378,212.01797,820.181,896.6214,110.91133,81.45121,91.521904,MY17
2020-02-01,1,1891,MY01,622,75.376205,47.915485,131.15274,224.09239,770.41797,867.04315,151.89543,59.43137,88.91968,MY01
2020-02-01,1,1892,MY02,290,37.36207,23.372068,59.193104,87.6792,276.5069,488.11334,149.30907,69.26376,57.087666,MY02
2020-02-01,1,1893,MY03,485,78.35464,27.661375,130.36494,182.06378,774.268,1139.8756,255.20859,72.36299,68.065735,MY03
2020-02-01,1,1894,MY04,9,52.0,60.72963,188.66667,199.53333,639.3334,737.7074,86.71888,94.687096,86.75468,MY04
2020-02-01,1,37336,MY05,5,13.2,47.48,101.2,194.13333,779.80005,836.67334,34.679882,53.3311,93.24283,MY05
2020-02-01,1,1895,MY06,53,49.09434,31.66415,87.660385,102.777985,354.09433,521.5383,147.54015,85.97339,68.19909,MY06
2020-02-01,1,1896,MY07,217,58.880184,36.584946,104.59447,129.65085,511.16132,663.7401,153.61372,81.391594,77.18414,MY07
2020-02-01,1,1897,MY08,1182,66.67343,44.38494,118.25549,203.20332,779.11926,1049.7896,145.13216,59.199577,74.33893,MY08
2020-02-01,1,1898,MY09,672,39.434525,39.38651,128.80655,162.8558,563.11755,750.56744,100.10817,79.71517,75.19085,MY09
2020-02-01,1,1899,MY10,42,10.238095,11.595238,15.0,44.074604,148.2857,332.28888,91.8221,40.754276,45.446415,MY10
2020-02-01,1,1900,MY11,31,26.870968,32.731182,56.16129,105.10753,287.80646,467.8344,84.46851,55.546875,61.925793,MY11
2020-02-01,1,1901,MY12,2407,49.22642,85.9525,176.796,263.56702,720.32446,825.30426,59.620594,67.69111,87.35647,MY12
2020-02-01,1,1902,MY13,4031,77.301414,116.49151,295.55646,382.17368,1139.5718,1156.2256,67.74252,77.628334,98.56584,MY13
2020-02-01,1,1904,MY15,416,126.46394,34.4,178.41586,235.38806,1048.90625,1619.6406,333.66483,76.299904,64.87011,MY15
2020-02-01,1,1903,MY17,254,43.429134,51.30761,178.73622,186.29947,729.81494,812.93884,86.00815,96.04638,89.837395,MY17
2020-02-11,1,1891,MY01,622,87.696144,37.718487,202.88425,178.96732,777.09656,810.7472,216.99304,113.00064,95.87487,MY01
2020-02-11,1,1892,MY02,290,62.982758,37.9677,115.33103,96.556786,262.5138,435.2999,158.21828,118.48645,60.75718,MY02
2020-02-11,1,1893,MY03,485,82.00619,39.27237,194.39795,150.3099,766.8536,1027.1053,196.5248,128.38715,74.78438,MY03
2020-02-11,1,1894,MY04,9,130.44444,60.64074,260.44446,197.4,674.6667,689.4482,206.34206,131.14845,97.871475,MY04
2020-02-11,1,37336,MY05,5,7.0,42.886665,32.6,161.99333,709.2,755.4267,25.05917,22.515867,93.92095,MY05
2020-02-11,1,1895,MY06,53,77.64151,33.872326,158.03773,101.4434,387.32074,470.71823,212.59727,153.16847,82.46914,MY06
2020-02-11,1,1896,MY07,217,109.73733,34.02673,202.72351,116.77112,554.8986,599.3653,293.9968,170.5852,92.64242,MY07
2020-02-11,1,1897,MY08,1182,91.631134,35.62442,191.20642,159.29848,776.03796,966.7734,237.86464,119.420715,80.372444,MY08
2020-02-11,1,1898,MY09,672,84.846725,50.67262,174.67262,158.13734,549.44196,689.39044,161.38405,110.1358,79.84585,MY09
2020-02-11,1,1899,MY10,42,19.214285,20.009523,31.904762,48.48016,97.333336,276.06668,96.82026,69.006454,36.408916,MY10
2020-02-11,1,1900,MY11,31,99.548386,48.749462,140.7742,123.493546,294.12903,428.92365,194.51057,113.448654,68.93587,MY11
2020-02-11,1,1901,MY12,2407,57.637722,83.10173,130.85501,255.8632,727.3676,826.5783,71.09704,52.07902,88.069595,MY12
2020-02-11,1,1902,MY13,4031,96.10022,111.43038,249.28206,366.66412,1147.2169,1143.2156,86.8332,68.41717,100.34849,MY13
2020-02-11,1,1904,MY15,416,57.177883,43.64367,210.05289,178.70337,1006.113,1459.5908,127.82317,117.0653,69.03723,MY15
2020-02-11,1,1903,MY17,254,83.69292,51.848164,207.60631,175.23018,693.5906,728.1035,156.01721,117.96377,95.29221,MY17
2020-02-21,1,1891,MY01,622,5.5755625,31.283012,168.64792,116.916985,648.47754,752.45807,29.147423,142.43129,86.27244,MY01
2020-02-21,1,1892,MY02,290,2.6965518,30.14862,103.041374,91.48839,218.10344,380.64804,21.897165,111.97345,57.85157,MY02
2020-02-21,1,1893,MY03,485,4.597938,36.91072,164.95876,103.84447,532.31134,914.7802,22.900915,156.14828,58.417362,MY03
2020-02-21,1,1894,MY04,9,7.4444447,57.477776,189.88889,178.84814,591.8889,644.93335,19.918194,106.005356,91.83848,MY04
2020-02-21,1,37336,MY05,5,2.0,30.04,22.2,120.40667,628.0,669.62,19.977169,21.689438,93.830605,MY05
2020-02-21,1,1895,MY06,53,3.45283,34.131447,130.18869,99.66792,332.43396,431.7547,21.601118,129.15962,77.25938,MY06
2020-02-21,1,1896,MY07,217,5.511521,32.873577,174.12903,103.48525,453.90784,540.5178,27.754232,165.11833,84.123344,MY07
2020-02-21,1,1897,MY08,1182,4.075296,32.78522,162.37987,112.794586,619.26904,873.82434,24.018112,142.09471,71.03456,MY08
2020-02-21,1,1898,MY09,672,4.391369,43.837353,128.67262,133.89648,462.7173,623.81976,19.229889,96.23902,74.38018,MY09
2020-02-21,1,1899,MY10,42,2.952381,17.827778,32.404762,49.43254,77.97619,226.13809,34.836422,68.71764,35.898968,MY10
2020-02-21,1,1900,MY11,31,2.7741935,36.13871,129.19356,117.619354,258.67743,380.27957,18.897514,109.43913,68.43794,MY11
2020-02-21,1,1901,MY12,2407,13.238471,59.6462,120.102615,228.70042,677.8155,802.2227,28.212753,53.53119,84.58824,MY12
2020-02-21,1,1902,MY13,4031,46.28777,85.76123,219.6894,313.68314,1055.1769,1109.2164,56.508457,70.505585,95.149994,MY13
2020-02-21,1,1904,MY15,416,5.3100963,39.646553,188.95192,117.69022,690.39905,1286.3788,23.092705,158.08261,53.849346,MY15
2020-02-21,1,1903,MY17,254,7.7322836,48.08819,134.85434,151.24396,581.00793,647.5955,23.98327,89.51024,89.7965,MY17
2020-03-01,1,1891,MY01,622,40.117363,53.97701,133.38907,122.97851,558.7203,684.9671,76.499916,108.13461,81.70249,MY01
2020-03-01,1,1892,MY02,290,28.22069,48.941265,93.899994,117.05759,212.69655,356.88794,61.58678,81.02732,60.155792,MY02
2020-03-01,1,1893,MY03,485,23.36701,48.551823,109.97114,124.73492,417.29483,771.5654,52.971138,88.62003,54.379814,MY03
2020-03-01,1,1894,MY04,9,57.666668,64.35555,195.55556,182.47408,580.5556,625.4667,90.35566,106.97776,92.87653,MY04
2020-03-01,1,37336,MY05,5,31.4,33.64,40.4,106.566666,447.8,596.34,94.2029,40.69316,75.29849,MY05
2020-03-01,1,1895,MY06,53,36.037735,44.93962,117.13207,112.9434,307.28302,398.29245,82.1747,103.55142,77.43339,MY06
2020-03-01,1,1896,MY07,217,36.57143,48.582336,151.82028,115.48264,417.1521,488.34116,77.584206,130.16006,85.570015,MY07
2020-03-01,1,1897,MY08,1182,30.700508,48.703724,126.40694,117.113365,527.5186,752.314,66.47678,107.61061,70.31675,MY08
2020-03-01,1,1898,MY09,672,58.263393,63.67862,147.5015,158.18858,445.35416,583.31946,92.11512,93.45108,76.549255,MY09
2020-03-01,1,1899,MY10,42,21.547619,35.734127,43.714287,73.57143,84.71429,209.00952,65.17292,62.0,41.920696,MY10
2020-03-01,1,1900,MY11,31,26.096775,53.53871,128.41936,138.42688,256.3226,378.05267,53.121727,93.02256,68.22106,MY11
2020-03-01,1,1901,MY12,2407,43.461155,65.63948,114.33734,208.3874,599.0773,771.5111,68.6035,55.9252,77.79377,MY12
2020-03-01,1,1902,MY13,4031,135.93625,97.78273,278.32422,294.97433,1009.7517,1076.7216,137.12056,94.449486,93.80895,MY13
2020-03-01,1,1904,MY15,416,13.134615,43.607533,75.6226,126.89776,527.9736,1052.0726,37.30824,61.125065,50.419765,MY15
2020-03-01,1,1903,MY17,254,61.062992,57.666534,152.48819,157.60289,556.9567,607.46655,105.41988,96.854485,91.753044,MY17
2020-03-11,1,1891,MY01,622,14.418007,54.053535,60.11093,139.31355,337.15756,630.8956,32.882042,45.117683,53.807186,MY01
2020-03-11,1,1892,MY02,290,14.424138,56.3977,45.34138,135.48758,183.84827,353.0283,31.636587,35.833332,52.746742,MY02
2020-03-11,1,1893,MY03,485,19.26598,54.274982,47.230927,139.73753,292.94846,646.1622,40.937977,36.086647,45.756416,MY03
2020-03-11,1,1894,MY04,9,47.88889,67.422226,113.0,189.25555,499.44446,616.1222,73.028534,60.744728,81.21501,MY04
2020-03-11,1,37336,MY05,5,5.4,35.36,38.800003,99.04,291.19998,534.4267,25.768085,42.099197,54.91015,MY05
2020-03-11,1,1895,MY06,53,29.698112,49.16604,69.188675,128.2371,242.8302,380.57422,64.0588,55.681694,64.27562,MY06
2020-03-11,1,1896,MY07,217,31.451612,49.962673,73.53456,131.41858,307.37787,451.41953,66.32067,57.568817,68.44095,MY07
2020-03-11,1,1897,MY08,1182,27.362944,48.266552,62.13875,129.7555,316.31387,642.1228,60.7566,49.822643,49.65269,MY08
2020-03-11,1,1898,MY09,672,42.528275,69.668205,105.18304,177.18417,383.3393,560.41534,63.65263,60.47893,68.68213,MY09
2020-03-11,1,1899,MY10,42,4.452381,42.246826,28.952381,95.80873,68.07143,214.32777,20.006384,33.68,33.316086,MY10
2020-03-11,1,1900,MY11,31,26.967741,57.896774,55.838707,147.57419,231.03226,387.5957,50.825726,39.874836,60.120945,MY11
2020-03-11,1,1901,MY12,2407,17.993769,70.492424,74.6934,195.7781,463.59952,744.22485,30.458378,39.692272,62.54458,MY12
2020-03-11,1,1902,MY13,4031,80.71372,107.51873,262.93774,291.06268,956.4031,1069.3025,76.17729,90.50034,89.490906,MY13
2020-03-11,1,1904,MY15,416,12.28125,46.1887,30.725962,129.44278,299.8894,824.02405,33.75989,26.573357,36.776905,MY15
2020-03-11,1,1903,MY17,254,39.37008,62.30643,108.16535,168.06116,455.31104,582.8126,65.9225,65.39038,78.30914,MY17
2020-03-21,1,1891,MY01,622,53.094856,71.5336,107.630226,179.56415,371.4582,572.9046,75.907646,61.024975,65.14193,MY01
2020-03-21,1,1892,MY02,290,34.724136,108.64667,77.368965,213.98563,204.8793,406.5963,34.95407,37.61387,50.991543,MY02
2020-03-21,1,1893,MY03,485,42.4433,87.73223,85.07629,190.55904,320.86185,556.5588,51.161606,46.060917,58.02809,MY03
2020-03-21,1,1894,MY04,9,95.666664,105.022224,201.22223,236.8,557.11115,628.36664,91.496666,85.286285,88.749725,MY04
2020-03-21,1,37336,MY05,5,55.2,51.226665,92.0,120.22667,227.99998,468.62,107.06664,77.45954,49.195557,MY05
2020-03-21,1,1895,MY06,53,55.132076,67.32013,120.86792,161.42578,294.69812,374.49875,83.14708,75.630066,78.97209,MY06
2020-03-21,1,1896,MY07,217,53.640553,71.83978,121.66359,170.3848,354.47003,424.8731,76.31535,72.22039,83.62236,MY07
2020-03-21,1,1897,MY08,1182,46.912014,70.36802,104.975464,167.3383,347.9738,542.7222,68.87804,63.81371,64.44394,MY08
2020-03-21,1,1898,MY09,672,80.1131,110.57857,180.90477,243.9254,413.9464,571.7998,73.6409,74.68293,72.6329,MY09
2020-03-21,1,1899,MY10,42,28.809525,87.269844,54.809525,165.2508,93.42857,271.18332,36.64201,35.13025,35.638855,MY10
2020-03-21,1,1900,MY11,31,70.129036,103.42258,123.19355,214.85806,290.58066,445.69034,69.29279,58.30741,65.58398,MY11
2020-03-21,1,1901,MY12,2407,63.421688,88.658165,124.87662,224.79007,450.14127,726.3195,73.0547,56.51968,62.235622,MY12
2020-03-21,1,1902,MY13,4031,132.80104,128.29604,349.451,333.5975,903.8866,1046.0111,103.3797,104.6821,86.47735,MY13
2020-03-21,1,1904,MY15,416,29.838942,73.352486,55.254807,163.14871,325.04083,634.8876,44.46438,35.834236,51.57794,MY15
2020-03-21,1,1903,MY17,254,89.15354,94.027954,189.58661,214.00092,496.2047,577.2629,95.07774,88.85196,86.078766,MY17
2020-04-01,1,1891,MY01,622,68.56592,63.43151,136.07878,189.01865,400.62057,536.08954,107.50298,72.71403,74.96367,MY01
2020-04-01,1,1892,MY02,290,77.824135,75.855286,126.97241,240.89966,280.0655,445.63644,102.43503,53.669212,63.258423,MY02
2020-04-01,1,1893,MY03,485,39.15464,50.8367,100.86392,192.84392,341.19998,499.6426,79.07817,53.508804,68.603004,MY03
2020-04-01,1,1894,MY04,9,93.111115,87.91482,236.66667,260.35925,620.8889,642.36664,105.59254,91.07151,96.68229,MY04
2020-04-01,1,37336,MY05,5,53.4,66.7,114.0,153.28667,255.59998,453.98666,81.45049,75.18005,56.777245,MY05
2020-04-01,1,1895,MY06,53,44.5283,61.374844,129.35849,177.86101,334.15094,393.5824,74.61908,73.475746,85.08929,MY06
2020-04-01,1,1896,MY07,217,59.447006,63.320583,144.53917,185.12305,400.95392,430.25653,94.330284,78.65389,93.26774,MY07
2020-04-01,1,1897,MY08,1182,53.80034,56.97307,128.07529,175.60764,372.73773,495.92435,94.88047,73.681984,75.408134,MY08
2020-04-01,1,1898,MY09,672,83.71726,84.50119,206.35864,264.74796,482.66666,585.79236,99.124115,78.35412,82.54451,MY09
2020-04-01,1,1899,MY10,42,61.92857,61.23254,95.190475,190.7492,153.90477,308.39523,101.05089,51.183083,50.70427,MY10
2020-04-01,1,1900,MY11,31,98.41936,76.80968,195.51614,238.12903,380.0968,481.66345,126.41457,82.473145,79.13,MY11
2020-04-01,1,1901,MY12,2407,35.197342,59.38622,116.6128,218.5368,407.74615,690.4913,62.4316,54.403923,59.345985,MY12
2020-04-01,1,1902,MY13,4031,95.24386,105.04043,308.75864,340.8552,882.63934,1018.0032,91.0973,90.71965,86.768,MY13
2020-04-01,1,1904,MY15,416,43.21875,38.73838,85.33894,158.27957,339.37738,520.56537,110.24357,55.327766,65.52512,MY15
2020-04-01,1,1903,MY17,254,76.35827,80.4815,204.8819,236.81589,536.10626,580.71826,95.17647,86.79409,92.38337,MY17
2020-04-11,1,1891,MY01,622,19.797428,63.119667,141.4582,198.08478,404.45337,516.36566,36.402744,72.11678,78.534775,MY01
2020-04-11,1,1892,MY02,290,82.05173,82.64724,194.6,267.1492,355.2724,499.19357,99.320564,73.342125,71.45518,MY02
2020-04-11,1,1893,MY03,485,32.806187,51.60048,114.40413,190.16942,356.03296,480.21683,66.794815,61.179733,74.406525,MY03
2020-04-11,1,1894,MY04,9,53.22222,83.54074,242.0,276.47778,615.44446,663.1333,65.757545,87.75115,92.86237,MY04
2020-04-11,1,37336,MY05,5,40.8,72.52,149.40001,190.44667,220.8,451.48,59.08153,78.998535,49.465473,MY05
2020-04-11,1,1895,MY06,53,22.415094,57.52956,122.07547,186.22453,349.30188,415.90503,43.843414,66.45354,84.17621,MY06
2020-04-11,1,1896,MY07,217,26.649769,60.333027,139.73732,195.4934,415.99542,443.6831,48.443752,72.19057,93.829124,MY07
2020-04-11,1,1897,MY08,1182,26.210659,53.17992,126.92302,180.52101,380.26822,469.57498,53.64507,71.109474,81.18174,MY08
2020-04-11,1,1898,MY09,672,76.01935,79.67842,239.8497,274.75818,519.7053,610.0797,95.67886,87.52191,85.306885,MY09
2020-04-11,1,1899,MY10,42,60.07143,67.274605,150.80952,215.77698,211.66667,360.0659,90.0336,70.573265,59.35002,MY10
2020-04-11,1,1900,MY11,31,72.09677,76.553764,240.64517,256.786,437.2581,527.85376,94.534904,93.83434,82.998024,MY11
2020-04-11,1,1901,MY12,2407,37.280018,64.69916,135.89905,212.74355,341.44745,664.3848,60.660732,64.70872,51.756096,MY12
2020-04-11,1,1902,MY13,4031,80.627884,98.841194,308.6728,332.17767,820.8925,989.9045,82.46042,93.02893,83.01224,MY13
2020-04-11,1,1904,MY15,416,12.668269,37.471153,85.72596,149.56203,326.5048,457.70816,41.600636,58.69874,71.64447,MY15
2020-04-11,1,1903,MY17,254,48.480316,75.44948,213.99213,249.95892,529.7638,593.25024,66.47689,85.8931,89.38798,MY17
2020-04-21,1,1891,MY01,622,86.946945,74.879364,175.31029,201.43054,451.58844,497.91168,115.10726,87.34671,90.788994,MY01
2020-04-21,1,1892,MY02,290,101.25517,94.02793,261.13104,252.53046,441.54138,558.00446,107.29819,103.33964,79.314,MY02
2020-04-21,1,1893,MY03,485,120.12371,60.419037,192.08453,162.85622,442.11957,457.2597,191.26498,117.41271,96.724754,MY03
2020-04-21,1,1894,MY04,9,160.0,101.5963,306.33334,273.05185,697.44446,688.7,154.78961,111.96953,101.26055,MY04
2020-04-21,1,37336,MY05,5,72.4,75.62,166.6,214.84,280.80002,455.47333,96.00595,78.05677,62.066574,MY05
2020-04-21,1,1895,MY06,53,100.49056,74.038994,167.43396,192.94339,418.49057,454.0371,133.46648,87.11277,92.25629,MY06
2020-04-21,1,1896,MY07,217,102.253456,75.1808,188.35022,198.83441,484.14285,472.70444,133.76451,94.856514,102.39445,MY07
2020-04-21,1,1897,MY08,1182,101.460236,66.1976,181.47124,176.35059,448.8266,456.48346,149.52783,102.823616,98.34081,MY08
2020-04-21,1,1898,MY09,672,144.59822,94.073265,304.33484,258.25287,613.91223,636.07477,150.99757,117.50484,96.54291,MY09
2020-04-21,1,1899,MY10,42,66.78571,78.930954,188.7857,207.4381,276.0,422.12143,85.52949,91.21985,65.78925,MY10
2020-04-21,1,1900,MY11,31,105.870964,89.59785,276.3871,242.96129,528.7742,575.4387,117.202415,113.48025,91.96047,MY11
2020-04-21,1,1901,MY12,2407,51.51766,66.917145,123.99501,191.00252,368.97427,644.49304,78.58718,65.812935,57.57941,MY12
2020-04-21,1,1902,MY13,4031,120.109406,105.20747,295.98114,309.0891,865.1216,956.3697,113.521706,95.826675,90.50853,MY13
2020-04-21,1,1904,MY15,416,151.54327,46.56338,207.4303,122.77292,451.63702,403.61185,303.5939,166.25612,111.75325,MY15
2020-04-21,1,1903,MY17,254,153.22441,91.92585,278.063,247.85683,602.50397,613.1017,163.24274,111.94595,98.285446,MY17
2020-05-01,1,1891,MY01,622,79.82154,65.522934,186.56592,203.52197,456.03375,515.5191,120.275116,91.868454,88.571915,MY01
2020-05-01,1,1892,MY02,290,91.965515,88.571266,275.2724,265.24643,496.14484,623.2037,103.62744,103.70994,79.77426,MY02
2020-05-01,1,1893,MY03,485,98.66392,71.053406,251.59381,183.07292,462.42886,500.65176,136.30411,136.43315,92.440865,MY03
2020-05-01,1,1894,MY04,9,115.111115,69.118515,328.33334,254.25555,760.55554,697.08887,162.05278,128.57327,109.03969,MY04
2020-05-01,1,37336,MY05,5,50.6,91.026665,163.79999,239.16667,318.2,499.02002,57.900585,69.133095,64.12444,MY05
2020-05-01,1,1895,MY06,53,70.56604,61.83522,193.4717,193.40378,439.96228,484.20816,113.0632,100.03424,90.95561,MY06
2020-05-01,1,1896,MY07,217,91.207375,65.49462,220.1106,201.00845,516.47003,501.61414,136.47478,109.27251,102.932396,MY07
2020-05-01,1,1897,MY08,1182,100.28172,66.59371,227.95262,185.97124,482.43488,478.69226,147.05443,121.983086,100.773766,MY08
2020-05-01,1,1898,MY09,672,112.38393,85.6753,333.0015,259.42697,686.86163,682.3635,129.45523,127.82414,100.654396,MY09
2020-05-01,1,1899,MY10,42,84.21429,81.96587,211.07144,228.17143,349.9762,492.49207,102.585396,92.66634,71.353134,MY10
2020-05-01,1,1900,MY11,31,84.03226,78.27312,262.0,244.42473,585.9355,620.98065,106.91596,107.04632,94.40156,MY11
2020-05-01,1,1901,MY12,2407,47.88367,78.25279,136.68135,209.8691,367.6315,636.79333,63.521797,65.938446,58.06098,MY12
2020-05-01,1,1902,MY13,4031,120.68693,106.98723,321.42422,311.0359,908.507,946.8654,112.23327,103.28708,95.97019,MY13
2020-05-01,1,1904,MY15,416,55.067307,55.498158,219.27885,139.5327,380.24042,424.71002,99.28783,155.17516,89.65125,MY15
2020-05-01,1,1903,MY17,254,105.7874,71.333466,307.49213,238.70879,664.86224,633.12756,145.13608,128.22357,104.97309,MY17
2020-05-11,1,1891,MY01,622,69.08199,60.239174,235.8505,200.64148,437.4196,538.0398,113.55447,117.12155,81.47093,MY01
2020-05-11,1,1892,MY02,290,110.3,86.15471,303.5207,268.7539,543.46204,671.3907,126.48826,112.70001,81.08658,MY02
2020-05-11,1,1893,MY03,485,63.082474,78.602615,281.87012,210.07504,443.50513,539.982,81.435814,133.38141,82.29723,MY03
2020-05-11,1,1894,MY04,9,73.333336,67.18519,348.44446,237.9,703.4444,703.6333,108.51718,145.51028,99.97334,MY04
2020-05-11,1,37336,MY05,5,101.6,90.55333,224.6,257.2,412.80002,546.6867,111.56074,87.56674,75.73139,MY05
2020-05-11,1,1895,MY06,53,56.018867,52.604404,227.07547,188.47862,418.33963,502.94025,105.92743,119.9489,83.344376,MY06
2020-05-11,1,1896,MY07,217,59.073734,62.936253,252.53456,203.61168,465.80643,530.5236,94.3145,123.45164,87.91516,MY07
2020-05-11,1,1897,MY08,1182,67.99915,70.69693,269.74112,203.48824,458.80286,513.7648,96.43608,131.77776,89.405235,MY08
2020-05-11,1,1898,MY09,672,114.1503,86.511604,371.13245,266.26016,716.16516,718.2025,130.2024,138.66115,99.718285,MY09
2020-05-11,1,1899,MY10,42,89.88095,79.03968,240.88095,239.93651,420.64285,551.5222,112.900185,100.38558,76.482635,MY10
2020-05-11,1,1900,MY11,31,106.80645,76.70107,296.7097,244.57205,593.19354,648.93225,136.8482,120.89082,91.47638,MY11
2020-05-11,1,1901,MY12,2407,84.98795,89.18443,184.38928,234.35437,394.98172,642.87604,95.5444,79.12506,61.73738,MY12
2020-05-11,1,1902,MY13,4031,120.99206,92.38413,361.7884,304.57883,933.399,927.8192,129.37637,118.4798,100.59816,MY13
2020-05-11,1,1904,MY15,416,29.185097,64.30168,235.79568,166.36322,352.2476,445.36804,49.327946,140.51772,79.32348,MY15
2020-05-11,1,1903,MY17,254,81.62205,69.94921,340.63385,233.20853,662.7914,651.2286,115.574326,145.09717,101.76201,MY17
2020-05-21,1,1891,MY01,622,61.25241,64.674065,210.15594,190.43617,493.09644,571.43085,95.08905,110.09013,86.41044,MY01
2020-05-21,1,1892,MY02,290,112.28276,89.738045,314.54828,264.46402,653.0483,730.9801,123.79689,118.586624,89.41115,MY02
2020-05-21,1,1893,MY03,485,80.23093,85.12997,241.97733,234.78598,519.1382,588.20123,94.564476,102.99907,88.35757,MY03
2020-05-21,1,1894,MY04,9,61.666668,65.92593,250.11113,202.22963,757.6667,712.0815,93.99478,123.10553,106.35705,MY04
2020-05-21,1,37336,MY05,5,58.4,97.14667,210.6,278.72665,469.2,613.79333,62.067616,75.98863,76.63302,MY05
2020-05-21,1,1895,MY06,53,46.75472,63.36541,173.33963,177.80504,461.6415,532.1742,75.70308,97.55728,86.86968,MY06
2020-05-21,1,1896,MY07,217,51.78341,65.343475,202.06451,193.77435,512.0783,562.9935,80.72307,104.17065,91.03595,MY07
2020-05-21,1,1897,MY08,1182,71.131134,76.74769,239.41202,214.03833,525.85876,557.72723,93.1294,111.58413,94.336784,MY08
2020-05-21,1,1898,MY09,672,119.33185,93.11404,345.8661,265.30093,831.10565,767.4792,126.72178,129.80573,108.23666,MY09
2020-05-21,1,1899,MY10,42,101.07143,79.9119,275.1667,240.91747,518.7619,613.6063,124.91938,113.927124,84.668045,MY10
2020-05-21,1,1900,MY11,31,122.3871,79.72473,313.22583,234.69893,712.80646,692.51825,150.35408,132.76065,102.90862,MY11
2020-05-21,1,1901,MY12,2407,41.027836,82.53491,173.89946,249.97214,422.7711,665.7647,52.582256,70.164314,63.773643,MY12
2020-05-21,1,1902,MY13,4031,100.809975,98.90276,342.48895,298.2741,987.92114,940.9607,101.83557,114.57916,104.96432,MY13
2020-05-21,1,1904,MY15,416,44.05529,73.64279,128.3077,193.44263,390.99277,479.36426,62.37735,67.17694,81.75516,MY15
2020-05-21,1,1903,MY17,254,68.85827,70.72913,256.26773,212.01181,723.91736,673.86957,97.52953,120.393326,107.37222,MY17
2020-06-01,1,1891,MY01,622,84.868164,56.38703,215.20258,181.30026,537.8473,573.8409,146.39601,118.19767,93.781784,MY01
2020-06-01,1,1892,MY02,290,152.53448,71.42195,375.11725,247.31471,777.36206,753.4608,206.13776,150.65204,103.15128,MY02
2020-06-01,1,1893,MY03,485,149.32372,59.891685,292.63712,223.62425,645.09485,599.5411,237.81738,130.18616,107.53526,MY03
2020-06-01,1,1894,MY04,9,63.11111,53.974075,198.11111,187.08519,763.1111,701.7,115.49331,105.74012,108.689835,MY04
2020-06-01,1,37336,MY05,5,157.2,98.28667,317.2,285.98666,595.0,678.44,157.03867,110.72672,87.791176,MY05
2020-06-01,1,1895,MY06,53,53.5283,53.401257,156.3019,169.37106,479.13208,540.63586,100.21753,92.50497,88.72805,MY06
2020-06-01,1,1896,MY07,217,48.57143,47.51321,159.42857,175.79294,524.0783,561.92444,102.01515,90.948555,93.32431,MY07
2020-06-01,1,1897,MY08,1182,76.34518,52.93948,215.47546,200.3841,571.50336,561.96295,140.3968,107.347885,101.682724,MY08
2020-06-01,1,1898,MY09,672,131.57292,59.183186,365.05505,238.80884,904.41516,762.98376,212.78615,151.78082,118.41594,MY09
2020-06-01,1,1899,MY10,42,128.45238,79.06032,319.40475,238.0119,625.6667,656.93256,158.75787,133.49336,95.27657,MY10
2020-06-01,1,1900,MY11,31,131.48387,57.080647,360.67743,213.50645,818.19354,696.06024,219.8493,167.35315,117.42122,MY11
2020-06-01,1,1901,MY12,2407,108.9543,72.0851,234.9701,243.80444,488.26422,672.2103,147.82922,96.44928,72.83767,MY12
2020-06-01,1,1902,MY13,4031,104.84917,89.24285,326.65118,280.52975,956.8341,932.42084,116.559685,116.15293,102.60431,MY13
2020-06-01,1,1904,MY15,416,108.08414,54.614502,181.32452,192.55898,485.94232,490.37122,189.69234,94.31337,99.10594,MY15
2020-06-01,1,1903,MY17,254,77.65354,52.30656,228.13385,192.98491,740.50793,668.5096,144.23051,117.75334,110.69002,MY17
2020-06-11,1,1891,MY01,622,112.21865,46.796677,258.33923,167.85777,635.6479,566.58405,226.30534,152.34445,112.082886,MY01
2020-06-11,1,1892,MY02,290,143.40344,68.31609,408.2207,229.47609,906.3414,765.3792,202.41592,176.23149,118.29777,MY02
2020-06-11,1,1893,MY03,485,113.72784,60.65677,343.28247,205.67842,739.5567,605.9229,180.83107,165.31473,121.874084,MY03
2020-06-11,1,1894,MY04,9,113.44444,37.377777,238.22223,157.27777,828.6666,671.6556,279.4966,149.88019,123.20398,MY04
2020-06-11,1,37336,MY05,5,94.0,89.566666,309.6,285.0,683.60004,732.64667,104.68805,108.482765,93.35093,MY05
2020-06-11,1,1895,MY06,53,93.13207,39.643394,193.4151,156.41006,542.56604,531.1132,219.8132,122.9261,102.13627,MY06
2020-06-11,1,1896,MY07,217,79.00461,33.675114,179.35945,146.5318,571.63135,545.63684,217.20586,121.66387,104.72081,MY07
2020-06-11,1,1897,MY08,1182,112.06091,45.69467,259.53723,175.38184,656.20135,559.39105,230.91364,146.65404,117.153046,MY08
2020-06-11,1,1898,MY09,672,143.20387,51.68735,394.10864,203.98457,1005.0908,745.0029,261.44083,190.97516,134.67824,MY09
2020-06-11,1,1899,MY10,42,135.16667,75.69444,364.6905,234.66667,756.381,690.3802,173.70053,154.25194,109.491325,MY10
2020-06-11,1,1900,MY11,31,144.87097,49.230106,398.74194,186.03548,936.0968,687.39355,276.3612,211.34396,135.91934,MY11
2020-06-11,1,1901,MY12,2407,69.34234,71.30271,219.32446,225.92273,539.6128,673.0206,97.43079,97.142654,80.32393,MY12
2020-06-11,1,1902,MY13,4031,92.91913,70.809525,298.57828,258.95514,969.0395,895.7117,129.16469,115.01131,108.1411,MY13
2020-06-11,1,1904,MY15,416,100.81971,58.06298,252.95914,186.32028,574.4808,502.2455,167.80005,134.83105,114.24069,MY15
2020-06-11,1,1903,MY17,254,108.09449,36.95722,254.6063,159.99292,809.23236,643.16034,269.54715,157.3439,125.622055,MY17
2020-06-21,1,1891,MY01,622,62.159164,45.842712,259.24597,149.02643,644.7122,540.8931,132.09203,171.55885,119.01821,MY01
2020-06-21,1,1892,MY02,290,139.45172,60.4177,435.38965,200.15575,1011.069,717.1502,220.81442,214.66112,140.7005,MY02
2020-06-21,1,1893,MY03,485,84.519585,58.909416,347.57114,179.45787,781.633,577.1001,140.0726,191.13911,135.13707,MY03
2020-06-21,1,1894,MY04,9,24.333334,44.51852,200.88889,135.87038,757.3333,611.15186,59.2371,146.15485,123.7249,MY04
2020-06-21,1,37336,MY05,5,119.4,84.72,370.6,272.57333,747.80005,766.14,138.6536,135.3156,97.62171,MY05
2020-06-21,1,1895,MY06,53,52.18868,45.450314,198.84904,138.49496,539.6226,509.2434,113.35644,142.06006,105.90756,MY06
2020-06-21,1,1896,MY07,217,33.737328,40.85914,161.31335,122.04746,551.7281,514.6562,84.470245,130.90648,107.13393,MY07
2020-06-21,1,1897,MY08,1182,54.25719,50.091568,242.66328,148.72572,663.5465,539.1146,107.561264,161.10725,122.86869,MY08
2020-06-21,1,1898,MY09,672,79.11905,52.045338,353.89584,162.91588,1004.0967,686.46967,147.45999,213.7355,145.93506,MY09
2020-06-21,1,1899,MY10,42,138.54762,67.82143,402.1667,222.57619,866.1191,670.93176,197.12279,178.91446,128.87679,MY10
2020-06-21,1,1900,MY11,31,102.741936,51.253765,379.0968,157.56451,968.7097,635.22473,191.5284,236.27345,152.08875,MY11
2020-06-21,1,1901,MY12,2407,88.72123,73.26457,267.01785,216.65239,564.91235,657.6271,119.74924,122.72272,86.008,MY12
2020-06-21,1,1902,MY13,4031,103.36964,71.88146,301.13794,231.93384,939.60803,839.29706,140.95679,129.20819,111.881004,MY13
2020-06-21,1,1904,MY15,416,63.91827,56.46843,272.8221,169.14592,608.5601,485.36145,112.1198,159.5341,125.12405,MY15
2020-06-21,1,1903,MY17,254,35.122047,43.775196,220.87009,133.03897,755.2008,592.9076,82.25912,163.62776,127.143524,MY17
2020-07-01,1,1891,MY01,622,70.41962,60.187515,244.79742,152.8269,646.5659,537.6492,115.69642,158.27303,120.071304,MY01
2020-07-01,1,1892,MY02,290,93.43449,69.09046,376.28964,197.82425,1026.6793,710.3854,132.85716,187.99016,144.21307,MY02
2020-07-01,1,1893,MY03,485,91.02887,61.536495,289.2763,181.10268,833.5072,587.79987,144.3251,158.12578,141.44862,MY03
2020-07-01,1,1894,MY04,9,95.888885,50.037037,233.66666,131.93333,760.1111,573.27405,183.31088,174.29405,132.30942,MY04
2020-07-01,1,37336,MY05,5,134.6,102.63333,348.0,276.92,829.0,802.0733,129.6996,125.21282,103.336334,MY05
2020-07-01,1,1895,MY06,53,90.58491,66.208176,235.90567,151.30188,585.67926,514.0767,134.23306,154.12845,113.794205,MY06
2020-07-01,1,1896,MY07,217,82.95392,52.779724,195.69586,127.31398,575.23505,504.11536,152.22281,151.68152,113.96927,MY07
2020-07-01,1,1897,MY08,1182,82.024536,54.910774,248.34264,150.697,691.77075,537.05237,145.2569,162.71516,128.54306,MY08
2020-07-01,1,1898,MY09,672,94.77976,57.4875,317.1027,161.22018,1015.1593,659.456,159.67955,193.78073,153.53302,MY09
2020-07-01,1,1899,MY10,42,95.28571,71.4746,369.0,214.99048,899.4762,681.1738,131.13597,170.00735,131.81444,MY10
2020-07-01,1,1900,MY11,31,89.6129,65.389244,337.22583,165.87312,959.90326,623.8043,134.41386,200.28067,153.45047,MY11
2020-07-01,1,1901,MY12,2407,62.552555,63.17416,220.61612,207.74146,592.2676,661.415,99.088196,106.05179,89.62397,MY12
2020-07-01,1,1902,MY13,4031,109.591415,74.61027,305.8802,217.30125,953.9556,808.8669,143.94049,139.84634,117.82708,MY13
2020-07-01,1,1904,MY15,416,90.34615,61.0625,255.08414,175.5939,655.6875,507.68558,144.3272,144.01602,128.86798,MY15
2020-07-01,1,1903,MY17,254,98.232285,53.669292,241.44882,134.4017,777.0748,566.0954,175.95625,176.79039,136.94293,MY17
2020-07-11,1,1891,MY01,622,53.715435,50.75343,186.29422,156.78366,680.48395,525.2829,105.31269,118.24075,129.2676,MY01
2020-07-11,1,1892,MY02,290,113.95862,70.980576,346.84482,200.48874,1058.5862,698.71875,156.56451,171.2234,151.13795,MY02
2020-07-11,1,1893,MY03,485,84.57732,61.16323,260.1258,181.60913,885.2784,597.3626,135.38837,142.07547,147.79774,MY03
2020-07-11,1,1894,MY04,9,82.44444,45.72222,202.66666,140.27777,789.3334,535.45557,172.39868,142.94455,146.97478,MY04
2020-07-11,1,37336,MY05,5,193.4,93.96,447.4,281.31332,981.6001,823.5133,200.48505,158.00871,119.08078,MY05
2020-07-11,1,1895,MY06,53,85.86793,61.375473,228.64151,173.03397,649.1321,517.9226,136.89986,131.23422,125.09157,MY06
2020-07-11,1,1896,MY07,217,70.78802,51.33487,187.47926,144.97374,619.3733,495.1172,134.53127,128.34198,124.8454,MY07
2020-07-11,1,1897,MY08,1182,66.47631,50.708096,202.75803,155.71043,732.0364,534.5805,128.30507,129.27477,136.59433,MY08
2020-07-11,1,1898,MY09,672,91.33482,59.738293,265.23364,169.27113,1030.4747,639.51587,148.80655,155.06506,160.65932,MY09
2020-07-11,1,1899,MY10,42,124.40476,68.46667,358.2381,207.7627,963.8096,682.3659,176.14078,170.72452,140.94525,MY10
2020-07-11,1,1900,MY11,31,107.870964,70.72581,300.2258,187.36882,995.6775,617.9764,149.05219,158.66698,160.62848,MY11
2020-07-11,1,1901,MY12,2407,55.70295,61.875114,206.97675,198.31384,610.6905,658.59094,90.77061,104.26085,92.781624,MY12
2020-07-11,1,1902,MY13,4031,100.21657,62.80213,313.1776,209.29387,973.54425,772.8278,155.18181,148.47723,125.80473,MY13
2020-07-11,1,1904,MY15,416,67.77404,54.889423,222.03845,172.42035,710.7933,525.1038,121.51401,127.966415,135.02888,MY15
2020-07-11,1,1903,MY17,254,90.38976,51.01811,223.74411,148.4626,818.9843,541.66406,170.2838,149.05528,150.72955,MY17
2020-07-21,1,1891,MY01,622,103.17846,56.407825,227.3135,167.34877,696.71545,506.81137,176.16396,134.79268,137.10431,MY01
2020-07-21,1,1892,MY02,290,164.4862,76.98586,371.8793,217.0569,1121.8173,681.67664,206.72615,169.72195,164.09721,MY02
2020-07-21,1,1893,MY03,485,89.2,76.711136,264.80618,199.41086,854.3547,613.6547,115.28416,131.9921,138.907,MY03
2020-07-21,1,1894,MY04,9,88.333336,57.68889,266.66666,153.44815,717.6667,491.54816,148.88338,171.4546,145.53809,MY04
2020-07-21,1,37336,MY05,5,212.8,100.6,540.8,297.19333,1122.0001,848.49335,206.25,180.61285,132.04556,MY05
2020-07-21,1,1895,MY06,53,115.69811,63.91698,292.15094,191.50063,664.33966,507.80063,175.13553,151.22137,130.52629,MY06
2020-07-21,1,1896,MY07,217,100.67742,56.167587,254.41937,160.28218,617.79724,476.104,172.76703,156.95544,129.45168,MY07
2020-07-21,1,1897,MY08,1182,81.57445,57.791004,230.0753,163.40987,712.15063,526.1739,137.87715,139.58524,135.0124,MY08
2020-07-21,1,1898,MY09,672,103.86161,68.79489,289.9762,186.02069,989.7382,614.2375,147.51917,154.42107,160.63922,MY09
2020-07-21,1,1899,MY10,42,221.4762,78.31746,441.1667,218.25873,1118.5,681.7524,271.8232,199.84288,163.59608,MY10
2020-07-21,1,1900,MY11,31,134.58064,75.752686,332.0645,211.86774,1024.3872,604.13116,172.84953,155.424,168.99269,MY11
2020-07-21,1,1901,MY12,2407,117.74075,72.620804,235.99626,197.67007,676.9136,664.2946,158.12868,118.91064,101.885414,MY12
2020-07-21,1,1902,MY13,4031,131.57951,72.95166,341.3875,210.36406,985.0144,740.572,175.21053,160.83813,132.78587,MY13
2020-07-21,1,1904,MY15,416,83.79808,71.53814,241.91827,187.49007,643.0481,550.0786,116.01808,128.27585,116.74888,MY15
2020-07-21,1,1903,MY17,254,102.99213,60.83517,291.61417,165.52257,768.75195,510.57336,164.03409,173.94423,150.076,MY17
2020-08-01,1,1891,MY01,622,20.194534,55.511578,177.08842,162.67284,637.08844,496.8,41.63589,108.59744,127.95705,MY01
2020-08-01,1,1892,MY02,290,83.61724,74.286896,362.06207,222.25333,1113.469,667.3923,111.76783,161.5211,166.34174,MY02
2020-08-01,1,1893,MY03,485,77.34227,73.243576,251.11958,211.11794,833.0331,615.84485,105.23838,118.50917,134.9827,MY03
2020-08-01,1,1894,MY04,9,22.333334,45.407406,193.1111,148.81851,624.88885,467.83704,54.22484,128.79535,133.21478,MY04
2020-08-01,1,37336,MY05,5,24.6,90.753334,430.80002,285.31332,1096.0001,848.22,30.912764,150.11368,129.0406,MY05
2020-08-01,1,1895,MY06,53,16.54717,65.99056,218.1132,191.28302,610.32074,511.956,30.352163,113.669136,119.02769,MY06
2020-08-01,1,1896,MY07,217,16.857143,51.19969,188.32259,158.70215,543.44696,461.80905,38.891926,118.0941,117.4885,MY07
2020-08-01,1,1897,MY08,1182,37.640438,56.565964,185.6912,165.06506,649.50934,516.1462,69.25976,112.12838,125.59036,MY08
2020-08-01,1,1898,MY09,672,51.70982,62.101486,246.90627,190.63467,929.064,590.6637,84.51351,128.76361,156.81062,MY09
2020-08-01,1,1899,MY10,42,126.14286,85.75159,472.0238,232.53572,1160.4285,685.5381,144.5075,200.82193,168.77106,MY10
2020-08-01,1,1900,MY11,31,51.870968,67.886024,294.32257,214.36452,992.2258,593.7441,78.02726,136.44986,166.55293,MY11
2020-08-01,1,1901,MY12,2407,50.15912,70.46361,223.60281,204.95952,679.189,656.50543,73.093666,108.87947,103.42909,MY12
2020-08-01,1,1902,MY13,4031,31.062267,79.50311,262.85834,215.2569,895.3897,713.0879,42.675667,121.611786,125.38712,MY13
2020-08-01,1,1904,MY15,416,74.4399,70.62925,226.01202,197.05681,662.42065,565.2097,105.0386,114.33023,117.04828,MY15
2020-08-01,1,1903,MY17,254,21.492126,45.00617,214.87402,156.85945,684.45667,484.24606,52.97772,135.84256,140.92227,MY17
2020-08-11,1,1891,MY01,622,59.868168,56.71688,183.24117,168.63628,627.8746,493.2777,105.10603,108.411194,127.01242,MY01
2020-08-11,1,1892,MY02,290,73.82758,79.21092,321.93103,230.48367,1076.9966,660.4485,93.607315,138.83385,162.59659,MY02
2020-08-11,1,1893,MY03,485,94.791756,74.22522,261.334,224.17993,864.7423,611.46747,125.95959,116.21175,141.08487,MY03
2020-08-11,1,1894,MY04,9,50.333332,55.65185,161.0,158.74815,601.88885,456.3037,91.231064,101.37518,131.55951,MY04
2020-08-11,1,37336,MY05,5,148.0,110.31333,385.40002,301.66666,1142.3999,867.98,132.68196,127.30437,131.43484,MY05
2020-08-11,1,1895,MY06,53,74.71698,66.8478,206.96227,196.75534,629.01886,526.19934,110.95257,105.05907,119.35611,MY06
2020-08-11,1,1896,MY07,217,61.16129,54.398617,178.69585,161.7659,545.5346,453.27142,111.38522,110.151924,120.132866,MY07
2020-08-11,1,1897,MY08,1182,62.91455,59.348648,182.12944,173.70561,644.42474,504.79788,105.54154,104.7138,127.38867,MY08
2020-08-11,1,1898,MY09,672,71.78571,68.251884,227.35715,199.14827,886.69946,572.404,104.82422,113.81783,154.43251,MY09
2020-08-11,1,1899,MY10,42,60.97619,89.739685,408.59525,253.80873,1131.5238,696.2381,69.63944,159.80731,162.07388,MY10
2020-08-11,1,1900,MY11,31,59.225807,73.93118,245.67743,217.5699,944.6452,590.9742,81.36937,112.628624,159.34335,MY11
2020-08-11,1,1901,MY12,2407,113.64811,82.194695,281.54797,225.2791,707.8492,649.5157,136.07262,124.43508,108.91247,MY12
2020-08-11,1,1902,MY13,4031,80.43687,90.199844,243.07864,242.65462,854.83453,710.9036,89.74475,100.17122,120.10479,MY13
2020-08-11,1,1904,MY15,416,72.40865,71.07716,230.64664,213.24455,705.6442,571.98517,101.75018,107.973656,123.16507,MY15
2020-08-11,1,1903,MY17,254,50.05118,54.195145,174.53543,160.03648,652.88586,468.492,92.99949,108.78529,138.9434,MY17
2020-08-21,1,1891,MY01,622,48.102894,68.89212,128.16559,181.12057,614.7251,497.4958,71.86543,71.54802,123.329414,MY01
2020-08-21,1,1892,MY02,290,96.558624,110.6223,254.00345,264.12012,1061.2725,681.33276,87.83654,96.24084,155.35794,MY02
2020-08-21,1,1893,MY03,485,48.729897,108.56735,220.86392,256.03616,833.2413,634.90485,47.31104,86.52591,130.99467,MY03
2020-08-21,1,1894,MY04,9,21.333334,68.4963,94.0,169.55556,561.55554,458.87408,35.829468,56.715466,122.13563,MY04
2020-08-21,1,37336,MY05,5,164.0,119.32667,336.6,320.39334,1248.0,890.16,135.93222,104.98064,139.97498,MY05
2020-08-21,1,1895,MY06,53,30.150944,79.16352,121.4151,212.00189,612.4151,541.9975,41.765057,58.2553,112.87348,MY06
2020-08-21,1,1896,MY07,217,23.953917,68.88756,101.97235,174.48587,517.7051,456.81552,39.18646,59.599316,113.18482,MY07
2020-08-21,1,1897,MY08,1182,30.78511,79.73246,131.3401,195.64706,604.0787,507.78265,42.23306,67.95021,118.77911,MY08
2020-08-21,1,1898,MY09,672,43.08482,96.10174,166.58035,226.45511,810.45245,575.39166,47.56082,74.131165,140.50038,MY09
2020-08-21,1,1899,MY10,42,118.38095,126.86032,305.5,302.3516,1148.8334,743.1865,93.56943,101.02437,154.21735,MY10
2020-08-21,1,1900,MY11,31,65.548386,113.87204,176.64516,255.68925,887.8065,625.1215,59.34817,69.6788,141.68799,MY11
2020-08-21,1,1901,MY12,2407,61.73951,90.3213,225.54672,242.9796,728.56085,657.30206,70.01532,92.97004,110.75926,MY12
2020-08-21,1,1902,MY13,4031,130.42917,109.75678,241.9283,279.45975,884.45374,721.7576,118.014084,86.80606,122.38657,MY13
2020-08-21,1,1904,MY15,416,34.04327,101.8976,180.89183,243.604,695.6322,600.24,36.52399,74.77427,115.761055,MY15
2020-08-21,1,1903,MY17,254,20.47244,67.97467,92.01575,167.17598,604.5,465.73752,34.905865,56.34685,129.47768,MY17
2020-09-01,1,1891,MY01,622,52.990353,56.71104,160.96141,182.32004,582.8473,497.8198,93.970795,88.597786,116.91013,MY01
2020-09-01,1,1892,MY02,290,125.96207,101.656784,296.34827,291.49,1034.7,711.56757,122.78831,101.63859,145.09448,MY02
2020-09-01,1,1893,MY03,485,80.8433,97.2167,224.36496,280.00928,764.7609,672.2299,83.98168,80.47631,113.66316,MY03
2020-09-01,1,1894,MY04,9,63.666668,73.844444,135.33333,197.99258,562.11115,478.74445,87.091324,69.13225,117.23362,MY04
2020-09-01,1,37336,MY05,5,154.6,108.32667,466.6,337.96667,1245.4,900.2,140.83182,137.50607,138.13522,MY05
2020-09-01,1,1895,MY06,53,44.150944,53.852203,149.01886,199.86353,603.0377,542.4484,83.51589,75.181206,111.06758,MY06
2020-09-01,1,1896,MY07,217,36.884792,51.788017,122.0,175.07419,506.01846,461.09033,73.75639,70.52649,109.63936,MY07
2020-09-01,1,1897,MY08,1182,41.23858,65.868355,134.93823,204.94946,568.97205,520.71155,65.245735,66.65329,109.18003,MY08
2020-09-01,1,1898,MY09,672,81.25,87.49117,196.12053,251.84479,760.1295,603.69965,93.252144,78.304306,125.69902,MY09
2020-09-01,1,1899,MY10,42,178.35715,103.12698,357.7143,319.727,1198.7382,767.2532,169.57574,111.698235,155.87352,MY10
2020-09-01,1,1900,MY11,31,88.77419,101.14946,213.54839,288.9527,845.0968,669.1903,88.34166,74.348145,126.091515,MY11
2020-09-01,1,1901,MY12,2407,51.213127,79.03882,226.60074,251.55481,670.8197,664.2558,66.88948,90.2734,100.980774,MY12
2020-09-01,1,1902,MY13,4031,109.35301,91.97981,320.21906,291.93643,888.95764,724.4946,117.914246,109.52481,122.54479,MY13
2020-09-01,1,1904,MY15,416,42.228367,77.32724,148.68028,250.302,629.7765,622.9527,57.366634,60.195488,101.08668,MY15
2020-09-01,1,1903,MY17,254,67.055115,71.79449,137.57874,193.9643,593.90155,485.22546,93.8285,71.66046,122.16859,MY17
2020-09-11,1,1891,MY01,622,61.918007,52.188477,163.01126,177.79164,532.5467,503.21158,117.0131,91.91408,105.772224,MY01
2020-09-11,1,1892,MY02,290,164.73448,105.17735,387.2552,317.45642,1056.031,748.42883,154.0557,121.64595,140.82698,MY02
2020-09-11,1,1893,MY03,485,133.13402,109.31677,262.7072,315.10083,784.1671,720.8899,120.83442,83.63216,108.71719,MY03
2020-09-11,1,1894,MY04,9,97.22222,74.17778,182.22223,216.51852,545.8889,515.54443,129.10469,84.51764,105.82937,MY04
2020-09-11,1,37336,MY05,5,165.2,92.05333,483.8,319.70667,1316.6,902.68665,175.3675,150.53587,145.6009,MY05
2020-09-11,1,1895,MY06,53,52.75472,49.4761,127.05661,182.49182,562.6604,552.2811,106.01845,70.433266,101.86248,MY06
2020-09-11,1,1896,MY07,217,46.769585,51.079723,107.60829,171.7553,473.78342,478.49493,92.31427,63.70858,99.02553,MY07
2020-09-11,1,1897,MY08,1182,64.50507,69.16802,136.52876,214.76884,521.4162,544.1849,93.71299,64.39892,95.854095,MY08
2020-09-11,1,1898,MY09,672,98.37649,93.22976,222.7113,276.82266,715.30206,645.24207,105.23947,80.7995,110.774445,MY09
2020-09-11,1,1899,MY10,42,169.71428,109.32937,466.4524,339.31665,1233.2858,800.8881,152.81662,136.92407,153.6548,MY10
2020-09-11,1,1900,MY11,31,118.48387,105.3086,272.80646,320.3301,818.7097,725.2688,111.94401,85.39217,112.79541,MY11
2020-09-11,1,1901,MY12,2407,100.95721,80.024,213.90985,249.38411,702.4346,672.97705,124.620346,86.05484,104.34492,MY12
2020-09-11,1,1902,MY13,4031,107.2652,82.27678,347.04736,284.01337,903.30365,735.96185,128.63124,121.81007,122.584404,MY13
2020-09-11,1,1904,MY15,416,101.34135,91.01819,177.61298,270.24304,630.29816,655.90796,110.75125,66.346085,96.12506,MY15
2020-09-11,1,1903,MY17,254,87.8189,72.45551,175.34647,212.22467,573.626,520.72375,119.83511,83.02301,110.062744,MY17
2020-09-21,1,1891,MY01,622,64.46784,53.450428,179.37619,162.34995,534.85535,510.8193,118.84916,110.174034,104.659775,MY01
2020-09-21,1,1892,MY02,290,89.08965,100.18104,379.7862,307.01517,1005.669,788.1922,89.454956,123.322914,127.41792,MY02
2020-09-21,1,1893,MY03,485,102.331955,95.85189,316.30927,302.38538,801.9794,757.8324,106.42533,104.529785,105.78724,MY03
2020-09-21,1,1894,MY04,9,108.55556,74.9,269.44446,222.92223,630.1111,545.9259,142.1221,120.41145,115.28068,MY04
2020-09-21,1,37336,MY05,5,98.2,107.72667,418.0,308.10666,1295.3999,925.6933,91.548874,135.09773,139.72379,MY05
2020-09-21,1,1895,MY06,53,61.943398,49.02453,158.84906,152.35283,572.4151,555.85535,123.912964,104.12844,102.95259,MY06
2020-09-21,1,1896,MY07,217,66.09677,51.182026,149.75114,154.04977,506.14288,488.8178,126.54718,97.2973,103.50839,MY07
2020-09-21,1,1897,MY08,1182,75.38579,66.934296,181.12944,201.97067,542.54486,561.0276,111.74891,89.93034,96.73466,MY08
2020-09-21,1,1898,MY09,672,105.41071,90.53815,285.0372,271.25906,741.5937,683.73486,115.56715,104.9874,108.40074,MY09
2020-09-21,1,1899,MY10,42,81.04762,108.709526,429.11902,321.16586,1175.7858,841.7762,75.67319,133.09763,139.44485,MY10
2020-09-21,1,1900,MY11,31,104.064514,104.110756,311.32257,310.56882,820.0322,778.1258,99.95762,100.23886,105.35117,MY11
2020-09-21,1,1901,MY12,2407,75.44745,84.56882,227.61778,243.63162,689.16077,684.2813,89.81635,93.55921,100.7079,MY12
2020-09-21,1,1902,MY13,4031,83.52617,91.88097,300.14438,266.13757,883.4602,755.96136,91.37622,112.542274,116.754974,MY13
2020-09-21,1,1904,MY15,416,88.69231,80.24119,232.26202,248.58662,655.07214,679.68066,109.91436,93.562515,96.40584,MY15
2020-09-21,1,1903,MY17,254,100.2126,73.14357,255.08662,217.39357,638.7165,550.0921,134.64012,116.94879,115.96571,MY17
2020-10-01,1,1891,MY01,622,39.573956,60.716667,165.95981,166.35558,504.0096,511.34845,67.82748,99.769035,98.578705,MY01
2020-10-01,1,1892,MY02,290,137.3,128.83723,391.12415,334.19562,1049.5344,847.93896,106.32318,116.783394,123.63539,MY02
2020-10-01,1,1893,MY03,485,126.56082,110.93746,362.0268,316.1061,837.51135,807.23334,113.47568,114.30079,103.727745,MY03
2020-10-01,1,1894,MY04,9,72.55556,74.54074,278.3333,223.61852,606.7778,570.4296,97.504196,123.93279,106.316696,MY04
2020-10-01,1,37336,MY05,5,272.2,145.79333,535.6,345.57333,1433.0,968.85333,183.82776,154.20453,147.66084,MY05
2020-10-01,1,1895,MY06,53,38.11321,56.19245,152.81133,154.69308,519.9434,545.8396,70.45511,98.82164,95.29878,MY06
2020-10-01,1,1896,MY07,217,44.26728,64.67404,157.13364,166.93579,467.4562,500.71213,70.7111,94.29895,93.42394,MY07
2020-10-01,1,1897,MY08,1182,70.84772,83.25429,210.73859,219.3566,531.36804,589.3711,85.942245,96.15879,90.24127,MY08
2020-10-01,1,1898,MY09,672,143.68303,108.90134,347.4702,292.66925,790.497,735.14874,130.53668,118.41002,107.47799,MY09
2020-10-01,1,1899,MY10,42,115.7381,111.32619,366.5,329.36508,1196.2383,881.62775,103.7927,111.106094,135.48395,MY10
2020-10-01,1,1900,MY11,31,157.48387,131.70215,380.03226,341.12152,887.9032,844.4387,118.85978,111.24193,105.116844,MY11
2020-10-01,1,1901,MY12,2407,104.03656,89.68665,280.44122,254.27946,730.6448,710.7938,115.15515,110.09017,102.77327,MY12
2020-10-01,1,1902,MY13,4031,144.12677,109.59957,334.91815,283.75732,917.99554,790.9506,130.12856,117.71759,115.96141,MY13
2020-10-01,1,1904,MY15,416,103.68269,102.52812,293.71637,273.7875,668.4086,721.1463,101.073746,107.14841,92.73732,MY15
2020-10-01,1,1903,MY17,254,77.69685,75.345406,265.72833,220.94449,618.1811,571.76825,102.926674,119.820724,108.04706,MY17
2020-10-11,1,1891,MY01,622,27.98553,66.89453,132.02733,181.06163,478.27972,527.48956,45.880447,73.6462,90.75853,MY01
2020-10-11,1,1892,MY02,290,127.42069,123.71195,353.81033,352.73022,1062.9966,900.67035,102.88143,100.30193,117.92332,MY02
2020-10-11,1,1893,MY03,485,114.40412,111.44076,343.2969,318.2301,867.3381,857.51086,102.54495,107.755104,101.139366,MY03
2020-10-11,1,1894,MY04,9,55.666668,91.51852,236.77779,240.95926,580.0,616.22595,62.85495,98.299934,94.16863,MY04
2020-10-11,1,37336,MY05,5,130.0,125.9,500.40002,379.42,1369.6001,1000.79333,103.132164,131.4708,136.66824,MY05
2020-10-11,1,1895,MY06,53,28.132076,62.514465,128.18869,167.73145,462.20758,546.97864,49.074043,77.10738,84.642334,MY06
2020-10-11,1,1896,MY07,217,43.207375,74.762215,153.57143,190.61829,439.87555,524.13947,60.438858,81.06165,84.07529,MY07
2020-10-11,1,1897,MY08,1182,70.16244,90.534515,216.39594,240.7231,535.05414,629.1975,78.67569,90.09976,85.15551,MY08
2020-10-11,1,1898,MY09,672,102.16518,113.70873,351.2589,313.14822,801.3274,789.11914,90.27573,111.97891,101.53734,MY09
2020-10-11,1,1899,MY10,42,131.04762,105.381744,327.83334,325.41748,1202.881,918.54285,123.25193,100.731155,130.78775,MY10
2020-10-11,1,1900,MY11,31,110.645164,132.12259,372.19357,367.9355,890.6774,905.8355,84.33706,101.14178,98.3358,MY11
2020-10-11,1,1901,MY12,2407,95.422104,91.04505,274.90613,265.3005,770.36395,739.96375,104.55729,103.55368,104.08076,MY12
2020-10-11,1,1902,MY13,4031,70.36765,101.43054,298.0206,302.91107,888.14667,829.57904,70.813934,98.41173,107.017624,MY13
2020-10-11,1,1904,MY15,416,116.4351,105.780205,308.8101,288.54953,717.0697,772.0371,109.61804,106.90192,92.926025,MY15
2020-10-11,1,1903,MY17,254,58.64173,89.61339,236.55118,238.10236,586.43304,610.3635,67.26504,99.36192,96.11117,MY17
2020-10-21,1,1891,MY01,622,45.567524,87.83543,113.127014,215.44662,420.6688,558.9172,54.470074,53.585316,75.484276,MY01
2020-10-21,1,1892,MY02,290,111.772415,138.29356,376.4931,390.84277,1010.2828,961.978,81.49174,96.37491,104.99543,MY02
2020-10-21,1,1893,MY03,485,103.764946,140.14343,344.7299,362.52164,881.9031,920.9432,74.93618,95.159,95.783745,MY03
2020-10-21,1,1894,MY04,9,43.88889,109.68148,172.11111,275.74075,535.55554,668.2185,42.63015,63.08707,80.29422,MY04
2020-10-21,1,37336,MY05,5,166.8,151.51334,569.0,423.20667,1323.6001,1051.7067,109.767006,134.04742,125.73026,MY05
2020-10-21,1,1895,MY06,53,36.09434,81.04151,102.33963,199.74843,382.6038,564.10315,47.761066,52.42513,68.10783,MY06
2020-10-21,1,1896,MY07,217,45.359447,96.22012,132.8341,235.65637,384.5576,564.192,49.752407,57.27424,68.44045,MY07
2020-10-21,1,1897,MY08,1182,62.554146,119.2586,203.5643,293.0474,516.0339,690.66516,54.365772,69.97689,74.897224,MY08
2020-10-21,1,1898,MY09,672,77.4375,131.5936,323.2857,354.20367,774.90326,851.91785,60.35239,91.39264,91.0126,MY09
2020-10-21,1,1899,MY10,42,117.88095,118.20873,364.6667,334.91666,1099.2856,958.43414,99.73396,108.75215,114.619736,MY10
2020-10-21,1,1900,MY11,31,98.870964,137.94409,367.0,401.76883,854.9677,968.02686,72.66544,91.45244,88.38068,MY11
2020-10-21,1,1901,MY12,2407,108.50768,105.43735,307.96634,286.16904,761.13086,772.7803,102.78017,107.48613,98.50223,MY12
2020-10-21,1,1902,MY13,4031,93.6455,128.2247,308.13992,339.25482,850.21265,884.8521,74.04446,90.96166,96.10728,MY13
2020-10-21,1,1904,MY15,416,84.28606,147.22516,304.40387,355.5335,717.55774,847.7241,58.653946,85.81834,84.73523,MY15
2020-10-21,1,1903,MY17,254,45.97638,115.23019,182.31497,280.18896,529.4173,664.75854,42.398987,65.68101,79.79253,MY17
2020-11-01,1,1891,MY01,622,139.44534,90.76233,212.9984,245.49228,539.9196,594.1679,150.83734,87.02799,90.94606,MY01
2020-11-01,1,1892,MY02,290,96.248276,94.10667,335.4414,356.11218,1022.9138,981.7978,102.16092,94.2758,104.16662,MY02
2020-11-01,1,1893,MY03,485,155.30516,140.86804,373.47424,392.45224,959.86597,988.5676,109.897385,95.22509,97.11125,MY03
2020-11-01,1,1894,MY04,9,66.666664,113.91111,166.22223,315.1111,579.88885,736.7222,60.269104,53.488373,78.85551,MY04
2020-11-01,1,37336,MY05,5,150.6,118.433334,447.4,395.84665,1449.6,1079.3867,126.05995,112.86111,134.14034,MY05
2020-11-01,1,1895,MY06,53,102.92453,78.1717,167.15094,221.72768,468.98114,576.2843,129.76112,75.92851,81.54033,MY06
2020-11-01,1,1896,MY07,217,95.92627,96.44455,184.49309,267.42688,463.6267,609.4369,99.4891,69.55741,76.2693,MY07
2020-11-01,1,1897,MY08,1182,132.02368,118.4152,264.74026,328.2083,610.4171,752.5144,111.02659,80.95244,81.24164,MY08
2020-11-01,1,1898,MY09,672,114.958336,109.46503,294.561,354.76736,838.15173,899.2814,104.79912,83.2652,93.239975,MY09
2020-11-01,1,1899,MY10,42,85.59524,82.69127,334.5238,306.28174,1058.738,955.37384,103.311584,109.07283,110.76292,MY10
2020-11-01,1,1900,MY11,31,85.645164,87.62366,295.1613,357.69034,888.7419,987.7645,97.863945,82.75966,90.025566,MY11
2020-11-01,1,1901,MY12,2407,146.18654,85.590614,350.11633,282.073,857.15826,787.9073,166.88985,123.70245,108.73381,MY12
2020-11-01,1,1902,MY13,4031,124.32498,116.95605,288.33813,346.6113,943.47534,922.30505,106.04229,83.42682,102.28299,MY13
2020-11-01,1,1904,MY15,416,209.92308,196.62692,410.64423,449.6323,853.0409,973.7218,106.59443,91.42426,87.66954,MY15
2020-11-01,1,1903,MY17,254,102.519684,135.57756,207.13779,340.42114,610.4448,755.3299,76.484245,61.41425,80.94445,MY17
2020-11-11,1,1891,MY01,622,75.32637,90.405304,260.33923,269.00305,555.3778,627.8563,84.19487,96.83806,88.54739,MY01
2020-11-11,1,1892,MY02,290,90.83793,89.86529,298.8586,322.2655,1039.9242,992.4522,101.02528,92.84773,104.75932,MY02
2020-11-11,1,1893,MY03,485,144.46185,149.43512,403.53195,430.4466,1009.53613,1063.7775,96.7797,93.81907,94.92492,MY03
2020-11-11,1,1894,MY04,9,140.77777,106.03333,251.33333,329.62592,670.3333,787.1037,131.2919,76.60295,85.258194,MY04
2020-11-11,1,37336,MY05,5,83.8,123.46667,401.2,393.41333,1385.4,1092.54,69.122986,101.95442,126.683304,MY05
2020-11-11,1,1895,MY06,53,81.754715,80.44717,220.77359,239.66037,476.01886,589.88367,101.53024,92.28041,80.859314,MY06
2020-11-11,1,1896,MY07,217,102.51152,94.90323,243.79724,287.5679,504.97693,649.94147,107.61566,85.03915,77.86603,MY07
2020-11-11,1,1897,MY08,1182,96.892555,113.58559,291.47037,351.2594,644.39514,806.75134,85.92322,83.21755,79.99927,MY08
2020-11-11,1,1898,MY09,672,106.11905,110.73661,298.5149,351.79523,872.4851,941.7661,96.010284,85.06697,92.68235,MY09
2020-11-11,1,1899,MY10,42,76.690475,74.97143,280.1667,275.87143,1074.4523,940.6055,102.14958,101.52927,114.1546,MY10
2020-11-11,1,1900,MY11,31,98.6129,87.35376,283.12903,312.9215,928.129,1001.1871,112.19132,90.62898,92.73912,MY11
2020-11-11,1,1901,MY12,2407,77.06855,81.1002,331.76276,272.12814,820.57874,786.8128,95.3175,121.51879,104.26438,MY12
2020-11-11,1,1902,MY13,4031,124.99578,123.861374,342.96628,369.0421,988.03424,955.96655,100.88034,93.02863,103.33703,MY13
2020-11-11,1,1904,MY15,416,212.38222,197.3787,506.59137,541.2308,993.0144,1100.0233,107.41359,93.65846,90.31614,MY15
2020-11-11,1,1903,MY17,254,178.12204,133.6025,326.6181,384.41022,738.51575,834.73724,132.12032,85.159065,88.54148,MY17
2020-11-21,1,1891,MY01,622,112.36656,88.1082,327.13828,269.27582,619.6415,647.0724,126.053955,121.09644,95.793274,MY01
2020-11-21,1,1892,MY02,290,161.68965,80.64724,348.77588,264.6192,1105.0552,962.4771,194.62349,131.21317,114.73711,MY02
2020-11-21,1,1893,MY03,485,236.49484,140.81003,536.26184,431.1132,1197.301,1096.0203,165.62292,124.1104,109.19881,MY03
2020-11-21,1,1894,MY04,9,167.55556,101.18519,375.0,321.12964,816.55554,819.7926,162.50435,116.51808,99.60754,MY04
2020-11-21,1,37336,MY05,5,157.0,112.36667,391.40002,354.26666,1378.4,1085.58,138.02896,110.33588,126.84994,MY05
2020-11-21,1,1895,MY06,53,101.54717,72.7195,286.2264,231.33836,547.4151,583.43964,137.09195,123.22435,93.87795,MY06
2020-11-21,1,1896,MY07,217,145.24884,90.14762,343.68665,281.4954,626.27185,671.20154,157.91129,121.707596,93.355576,MY07
2020-11-21,1,1897,MY08,1182,206.57784,121.22292,435.49408,353.22372,820.1878,848.24176,167.62234,122.966194,96.712074,MY08
2020-11-21,1,1898,MY09,672,148.34822,107.21855,369.4256,327.4202,977.7485,952.88293,136.6514,112.63623,102.59589,MY09
2020-11-21,1,1899,MY10,42,152.66667,63.102383,314.9524,220.76508,1108.738,876.84766,231.51416,141.71918,126.295975,MY10
2020-11-21,1,1900,MY11,31,98.451614,83.30215,282.70966,258.27957,961.0322,970.6172,117.156395,109.279144,99.01755,MY11
2020-11-21,1,1901,MY12,2407,128.4782,82.27668,351.73328,248.96748,887.31744,778.7682,152.93684,140.46416,113.84966,MY12
2020-11-21,1,1902,MY13,4031,101.343094,117.092415,350.66388,357.90985,958.9481,963.3022,87.100494,98.00337,99.55034,MY13
2020-11-21,1,1904,MY15,416,310.16107,200.47372,732.4664,594.4793,1269.1322,1198.5995,153.38266,123.01782,105.86015,MY15
2020-11-21,1,1903,MY17,254,189.77953,128.5941,470.42126,397.77414,907.8229,895.3567,145.7995,118.03669,101.38458,MY17
2020-12-01,1,1891,MY01,622,92.08199,121.56238,279.77493,300.0759,658.7331,711.92377,76.70683,93.345604,92.5807,MY01
2020-12-01,1,1892,MY02,290,62.224136,73.40747,314.7517,243.92,1041.3173,934.2278,85.7369,128.45561,111.40187,MY02
2020-12-01,1,1893,MY03,485,166.89897,191.64027,547.85565,481.88544,1283.3567,1190.4437,87.41799,113.54944,107.772255,MY03
2020-12-01,1,1894,MY04,9,58.88889,84.5963,367.2222,291.81482,811.7777,830.54443,71.30751,125.405525,97.75395,MY04
2020-12-01,1,37336,MY05,5,92.6,101.82,333.4,337.65332,1316.4,1079.0734,91.36866,98.75871,121.89212,MY05
2020-12-01,1,1895,MY06,53,37.11321,79.36981,220.41508,232.53648,540.3774,608.9572,49.91502,94.89704,88.82987,MY06
2020-12-01,1,1896,MY07,217,61.788017,101.22719,309.54837,286.27805,651.1751,720.6407,62.87281,107.98904,90.427,MY07
2020-12-01,1,1897,MY08,1182,121.03215,170.1559,424.50256,404.96442,899.9814,952.52936,71.95427,104.76582,94.51213,MY08
2020-12-01,1,1898,MY09,672,68.54762,103.90169,323.0149,321.85684,965.0461,969.29346,67.5358,100.3543,99.56406,MY09
2020-12-01,1,1899,MY10,42,59.04762,53.54524,288.40475,191.61905,989.4286,827.26587,109.39852,149.22499,119.48448,MY10
2020-12-01,1,1900,MY11,31,34.48387,56.37312,231.54839,227.02902,906.74194,925.8409,64.334145,101.94776,97.948204,MY11
2020-12-01,1,1901,MY12,2407,56.8467,93.11213,262.39346,256.489,892.951,792.8415,63.03675,102.25801,112.54754,MY12
2020-12-01,1,1902,MY13,4031,98.04565,127.552,324.38452,368.5058,947.6408,998.8744,77.739784,88.187256,94.896416,MY13
2020-12-01,1,1904,MY15,416,247.2452,278.25793,769.78845,676.11035,1474.149,1399.5302,89.051414,113.75374,105.31273,MY15
2020-12-01,1,1903,MY17,254,62.240158,98.6601,430.14172,360.8567,903.0079,922.2223,64.866,118.93775,97.92774,MY17
2020-12-11,1,1891,MY01,622,104.93408,110.76683,309.38263,320.4374,701.7492,770.5021,94.96164,96.6031,91.13441,MY01
2020-12-11,1,1892,MY02,290,121.703445,62.671036,345.61725,216.72575,998.2862,891.7215,187.234375,158.13104,111.883804,MY02
2020-12-11,1,1893,MY03,485,310.88452,190.32303,714.2783,522.7733,1461.1072,1271.4501,161.72417,136.28546,114.85818,MY03
2020-12-11,1,1894,MY04,9,113.55556,79.26667,340.0,265.04816,828.11115,835.63336,140.69092,127.75499,99.10517,MY04
2020-12-11,1,37336,MY05,5,112.8,96.62,362.40002,310.80667,1264.0001,1083.64,115.92206,116.337,116.56747,MY05
2020-12-11,1,1895,MY06,53,69.98113,68.65472,208.64151,220.74402,557.6038,628.13586,101.80086,94.63884,88.859886,MY06
2020-12-11,1,1896,MY07,217,94.70507,89.14608,301.74194,280.5209,699.1106,758.70703,105.90464,107.43239,92.19643,MY07
2020-12-11,1,1897,MY08,1182,238.24535,163.70654,565.85535,455.08536,1073.7217,1047.0679,144.18251,124.07596,102.53347,MY08
2020-12-11,1,1898,MY09,672,174.04167,96.20109,390.9375,307.32132,1040.7113,972.2648,176.91675,126.772484,107.00389,MY09
2020-12-11,1,1899,MY10,42,93.85714,38.76032,305.57144,155.40794,913.5714,756.69684,225.9059,193.61351,120.595406,MY10
2020-12-11,1,1900,MY11,31,76.90323,49.855915,209.83871,189.53117,865.1614,870.3882,149.3061,110.43922,99.402916,MY11
2020-12-11,1,1901,MY12,2407,97.35272,97.04548,282.6776,272.4343,889.3465,809.863,100.30109,103.69216,109.75422,MY12
2020-12-11,1,1902,MY13,4031,121.0578,116.0308,320.44653,360.67523,961.4334,1032.6284,104.15349,88.99879,93.13868,MY13
2020-12-11,1,1904,MY15,416,424.09857,287.67484,981.5048,766.4065,1796.90625,1596.1868,146.61273,127.88391,112.53567,MY15
2020-12-11,1,1903,MY17,254,118.83071,90.019684,370.8504,317.2739,934.0197,939.7865,130.3211,116.62452,99.38962,MY17
2020-12-21,1,1891,MY01,622,79.83601,131.52899,276.8521,363.8582,717.1174,848.5807,62.13773,76.41205,84.59861,MY01
2020-12-21,1,1892,MY02,290,48.76552,56.11908,232.6931,192.19759,957.96204,847.65955,87.96847,120.53551,112.93628,MY02
2020-12-21,1,1893,MY03,485,99.018555,178.34523,576.80206,560.30853,1457.7937,1353.9434,56.73371,102.91761,107.642,MY03
2020-12-21,1,1894,MY04,9,92.888885,93.844444,265.3333,257.7074,812.44446,854.57776,99.03327,102.90282,95.09837,MY04
2020-12-21,1,37336,MY05,5,173.4,116.68667,378.8,315.12668,1339.2001,1092.6,146.60603,119.89004,122.46721,MY05
2020-12-21,1,1895,MY06,53,77.62264,74.40692,184.71698,222.43144,573.283,653.51825,104.04967,83.41722,87.81579,MY06
2020-12-21,1,1896,MY07,217,93.90323,100.39309,250.39632,290.76636,726.9171,807.9181,93.84223,86.3507,90.03578,MY07
2020-12-21,1,1897,MY08,1182,103.68274,170.92001,462.96024,504.78247,1102.0186,1151.0536,61.779636,91.79607,95.758415,MY08
2020-12-21,1,1898,MY09,672,81.59821,99.975746,324.1875,300.07852,1016.8988,981.7024,82.493546,107.90255,103.56708,MY09
2020-12-21,1,1899,MY10,42,32.642857,31.405556,185.5476,123.71111,865.1667,679.3929,103.39866,148.04285,127.144325,MY10
2020-12-21,1,1900,MY11,31,38.032257,45.73441,149.41936,151.96344,799.129,812.01184,84.81868,98.37919,98.42318,MY11
2020-12-21,1,1901,MY12,2407,145.35188,108.183395,299.5513,298.341,959.2509,833.47754,132.83917,100.398994,115.00021,MY12
2020-12-21,1,1902,MY13,4031,101.01687,150.32993,320.12033,393.91275,978.9241,1091.0774,68.2527,81.50162,89.76775,MY13
2020-12-21,1,1904,MY15,416,117.67308,265.21008,789.01685,831.1429,1825.8872,1781.1556,45.39915,94.96186,102.50435,MY15
2020-12-21,1,1903,MY17,254,106.279526,100.42848,287.3504,289.10828,940.0866,967.0714,105.549774,99.402306,97.22399,MY17
2021-01-01,1,1891,MY01,622,393.8103,100.24657,578.5804,337.89624,1071.3538,888.2762,378.9295,170.19154,120.49507,MY01
2021-01-01,1,1892,MY02,290,131.07242,36.81517,301.54138,152.15115,951.7345,753.9038,325.414,195.0615,126.06795,MY02
2021-01-01,1,1893,MY03,485,272.71957,107.75285,682.6227,464.76672,1603.9525,1349.7665,246.30826,146.37535,118.76235,MY03
2021-01-01,1,1894,MY04,9,163.11111,73.91482,369.55554,243.45926,903.0,847.5741,213.02858,150.7513,106.50101,MY04
2021-01-01,1,37336,MY05,5,108.6,81.333336,394.80002,295.64,1175.6,1041.6866,131.58301,132.98297,112.79402,MY05
2021-01-01,1,1895,MY06,53,136.45284,42.291195,284.0566,182.57108,671.6226,639.1962,299.1103,154.1051,105.03362,MY06
2021-01-01,1,1896,MY07,217,181.00922,57.937172,369.61752,243.20769,863.659,798.98016,295.54745,150.92906,108.04483,MY07
2021-01-01,1,1897,MY08,1182,304.38324,103.77095,646.31134,431.99734,1335.5542,1172.1661,284.43555,149.0424,113.879776,MY08
2021-01-01,1,1898,MY09,672,187.6235,70.50863,443.2634,262.27505,1060.8392,937.49915,255.10132,167.71614,113.086494,MY09
2021-01-01,1,1899,MY10,42,67.09524,24.020636,193.59525,91.363495,816.5238,593.87225,248.42749,206.0897,137.17847,MY10
2021-01-01,1,1900,MY11,31,89.83871,40.83656,204.7742,134.51828,731.4838,716.79675,206.90625,150.35606,102.0348,MY11
2021-01-01,1,1901,MY12,2407,137.747,95.2145,380.4516,299.5567,992.96136,848.112,142.44145,126.56152,116.97894,MY12
2021-01-01,1,1902,MY13,4031,164.64128,133.04828,386.71594,399.57355,999.4386,1116.8174,122.885475,96.82194,89.536736,MY13
2021-01-01,1,1904,MY15,416,308.95193,153.06058,850.72363,689.78687,2031.15625,1836.0808,198.62761,123.163475,110.5957,MY15
2021-01-01,1,1903,MY17,254,154.2874,77.026115,379.39764,263.56418,1016.6772,960.9765,194.19107,143.13065,105.76626,MY17
2021-01-11,1,1891,MY01,622,98.268486,82.84357,571.9148,312.61478,1141.6366,905.41187,117.559525,181.63979,125.94702,MY01
2021-01-11,1,1892,MY02,290,13.844828,29.090115,193.68277,120.98391,838.15857,659.6484,55.279453,157.70488,126.85784,MY02
2021-01-11,1,1893,MY03,485,55.931957,71.02625,427.67007,356.11478,1545.4805,1311.3802,80.14594,119.81511,117.78363,MY03
2021-01-11,1,1894,MY04,9,41.88889,62.774075,297.8889,229.46666,889.22217,821.5296,69.184105,129.18208,108.18998,MY04
2021-01-11,1,37336,MY05,5,228.2,75.026665,510.2,273.39334,1273.7999,993.2867,291.40286,185.0619,128.09947,MY05
2021-01-11,1,1895,MY06,53,22.35849,35.206917,236.43396,150.8937,665.8491,613.5465,68.04424,154.87088,108.45573,MY06
2021-01-11,1,1896,MY07,217,26.460829,46.906452,301.37326,203.2298,846.9124,772.98895,60.610634,147.1323,109.50186,MY07
2021-01-11,1,1897,MY08,1182,70.045685,79.529274,478.11166,353.06885,1335.4374,1164.2456,88.78071,134.92145,114.64121,MY08
2021-01-11,1,1898,MY09,672,46.78869,55.39107,316.0104,225.0938,1005.46277,881.5605,85.75554,139.51285,113.97562,MY09
2021-01-11,1,1899,MY10,42,6.1190476,15.603969,105.85715,70.03889,691.5952,502.74127,53.965557,147.73293,137.19492,MY10
2021-01-11,1,1900,MY11,31,21.35484,30.363441,149.2258,116.527954,642.19354,615.6656,74.525665,126.90562,104.27412,MY11
2021-01-11,1,1901,MY12,2407,280.40134,90.80554,563.50024,292.5835,1177.9406,847.1312,297.89648,191.03891,138.82141,MY12
2021-01-11,1,1902,MY13,4031,198.07814,126.939926,463.73627,411.57568,1127.1492,1144.2448,153.91711,112.52128,98.51245,MY13
2021-01-11,1,1904,MY15,416,122.78606,100.32837,549.4111,515.87787,2037.5072,1833.3256,121.321594,106.43783,111.10693,MY15
2021-01-11,1,1903,MY17,254,43.43307,62.917454,304.0,239.52126,1001.4685,937.1676,71.311676,126.369385,106.82478,MY17
2021-01-21,1,1891,MY01,622,28.35852,93.333336,520.4373,276.42346,1124.4276,910.567,33.92392,186.707,123.35828,MY01
2021-01-21,1,1892,MY02,290,16.255173,35.21701,161.17242,101.1223,742.6414,559.12036,52.8512,156.58577,132.53226,MY02
2021-01-21,1,1893,MY03,485,27.443298,83.37615,356.09482,262.15527,1469.1589,1254.7751,36.71047,135.1629,117.017624,MY03
2021-01-21,1,1894,MY04,9,42.666668,76.02963,247.66667,212.71852,888.00006,790.22595,58.82622,116.05199,112.295135,MY04
2021-01-21,1,37336,MY05,5,57.2,71.62667,394.0,227.98666,1164.2,913.14667,81.17278,171.25443,127.34349,MY05
2021-01-21,1,1895,MY06,53,26.150944,35.906918,184.96227,113.40503,655.9057,569.14716,76.1508,160.43428,115.11085,MY06
2021-01-21,1,1896,MY07,217,19.829493,46.159447,227.29955,151.00307,821.3825,723.70984,48.533543,148.90704,113.40351,MY07
2021-01-21,1,1897,MY08,1182,27.357021,79.289116,401.78595,262.58936,1300.2404,1124.4325,38.388138,152.01874,115.56604,MY08
2021-01-21,1,1898,MY09,672,40.700893,68.078224,275.1131,193.97792,968.72614,821.1684,62.53695,140.77597,117.8605,MY09
2021-01-21,1,1899,MY10,42,10.785714,16.875397,84.0,56.5,584.49994,403.3635,72.16196,144.71545,144.35667,MY10
2021-01-21,1,1900,MY11,31,33.258064,42.0129,144.4516,113.212906,576.5806,523.0882,81.3778,126.42579,110.129456,MY11
2021-01-21,1,1901,MY12,2407,100.15372,86.808975,518.302,272.829,1169.5867,827.4408,114.53533,188.35397,141.10153,MY12
2021-01-21,1,1902,MY13,4031,162.613,138.74223,525.3324,398.73044,1196.1167,1156.1351,116.60665,131.35803,103.44331,MY13
2021-01-21,1,1904,MY15,416,40.932693,100.6597,472.67065,354.04865,1994.1538,1785.6006,43.472294,133.03787,111.6471,MY15
2021-01-21,1,1903,MY17,254,60.177166,72.07441,257.89764,212.01797,1015.6693,896.6214,84.56396,121.14096,113.203766,MY17
2021-02-01,1,1891,MY01,622,8.914791,47.915485,135.5418,224.09239,993.89716,867.04315,26.296255,61.34721,114.54675,MY01
2021-02-01,1,1892,MY02,290,16.17931,23.372068,46.279312,87.6792,662.57245,488.11334,74.64845,55.329906,135.3791,MY02
2021-02-01,1,1893,MY03,485,25.237114,27.661375,108.61237,182.06378,1339.0906,1139.8756,92.57758,60.734566,117.40057,MY03
2021-02-01,1,1894,MY04,9,36.333332,60.72963,120.888885,199.53333,857.6666,737.7074,62.883865,61.54933,116.15162,MY04
2021-02-01,1,37336,MY05,5,80.6,47.48,366.0,194.13333,1094.2,836.67334,163.10976,186.30734,130.59698,MY05
2021-02-01,1,1895,MY06,53,7.3018866,31.66415,55.81132,102.777985,560.283,521.5383,33.552902,56.42277,107.35838,MY06
2021-02-01,1,1896,MY07,217,11.9539175,36.584946,58.24424,129.65085,737.4101,663.7401,40.769367,46.969063,111.016235,MY07
2021-02-01,1,1897,MY08,1182,19.988155,44.38494,117.39087,203.20332,1188.2048,1049.7896,50.598736,58.7843,113.12254,MY08
2021-02-01,1,1898,MY09,672,39.61756,39.38651,127.10714,162.8558,893.38544,750.56744,100.52055,78.70276,118.902084,MY09
2021-02-01,1,1899,MY10,42,2.5952382,11.595238,19.5,44.074604,501.5,332.28888,45.76758,49.92399,150.16801,MY10
2021-02-01,1,1900,MY11,31,29.161291,32.731182,83.77419,105.10753,520.09674,467.8344,90.53862,80.625,111.05299,MY11
2021-02-01,1,1901,MY12,2407,136.90985,85.9525,517.4649,263.56702,1160.31,825.30426,156.02634,194.538,140.34735,MY12
2021-02-01,1,1902,MY13,4031,156.94617,116.49151,517.6373,382.17368,1228.7378,1156.2256,133.29834,134.98782,106.24445,MY13
2021-02-01,1,1904,MY15,416,14.475962,34.4,178.19472,235.38806,1798.7067,1619.6406,49.431374,76.20791,111.02189,MY15
2021-02-01,1,1903,MY17,254,31.33071,51.30761,134.94095,186.29947,944.4803,812.93884,64.52185,73.15282,116.08206,MY17
2021-02-11,1,1891,MY01,622,5.319936,37.718487,42.593246,178.96732,923.8907,810.7472,24.158009,25.870491,113.86992,MY01
2021-02-11,1,1892,MY02,290,5.010345,37.9677,37.444828,96.556786,576.7449,435.2999,23.297373,41.79418,132.12468,MY02
2021-02-11,1,1893,MY03,485,4.037113,39.27237,56.717525,150.3099,1198.666,1027.1053,20.412537,39.738308,116.6224,MY03
2021-02-11,1,1894,MY04,9,28.666666,60.64074,107.666664,197.4,745.5556,689.4482,51.289284,55.66535,108.07942,MY04
2021-02-11,1,37336,MY05,5,44.0,42.886665,181.8,161.99333,1054.4,755.4267,102.324936,111.86075,139.31653,MY05
2021-02-11,1,1895,MY06,53,9.792453,33.872326,43.245285,101.4434,488.32074,470.71823,38.05394,45.324825,103.700195,MY06
2021-02-11,1,1896,MY07,217,11.723502,34.02673,43.506912,116.77112,646.62213,599.3653,42.85141,39.834496,107.819244,MY07
2021-02-11,1,1897,MY08,1182,6.0998306,35.62442,53.445007,159.29848,1097.4121,966.7734,27.32305,35.572456,113.44334,MY08
2021-02-11,1,1898,MY09,672,11.404762,50.67262,91.72321,158.13734,798.6711,689.39044,29.466482,59.289436,115.73764,MY09
2021-02-11,1,1899,MY10,42,2.142857,20.009523,15.523809,48.48016,426.9524,276.06668,28.560549,38.37649,153.68324,MY10
2021-02-11,1,1900,MY11,31,8.225806,48.749462,70.645164,123.493546,429.70966,428.92365,24.606398,58.870785,100.18114,MY11
2021-02-11,1,1901,MY12,2407,77.70295,83.10173,314.7665,255.8632,1160.9445,826.5783,93.87211,122.58015,140.20862,MY12
2021-02-11,1,1902,MY13,4031,107.73878,111.43038,427.29794,366.66412,1211.4807,1143.2156,96.829346,116.31415,105.94533,MY13
2021-02-11,1,1904,MY15,416,2.9447114,43.64367,58.353363,178.70337,1589.2692,1459.5908,16.332468,34.486774,108.85423,MY15
2021-02-11,1,1903,MY17,254,20.417322,51.848164,111.92519,175.23018,786.7756,728.1035,44.710896,64.87548,108.00325,MY17
2021-02-21,1,1891,MY01,622,2.1543407,31.283012,16.389069,116.916985,813.6785,752.45807,19.718155,17.54396,108.08235,MY01
2021-02-21,1,1892,MY02,290,2.086207,30.14862,23.275862,91.48839,417.14136,380.64804,20.160698,29.304937,109.46286,MY02
2021-02-21,1,1893,MY03,485,3.4,36.91072,32.67423,103.84447,965.5711,914.7802,20.042604,34.612904,105.52207,MY03
2021-02-21,1,1894,MY04,9,2.6666667,57.477776,67.666664,178.84814,580.6667,644.93335,12.271031,39.52537,90.11181,MY04
2021-02-21,1,37336,MY05,5,18.8,30.04,143.4,120.40667,916.19995,669.62,67.92237,118.33501,136.55093,MY05
2021-02-21,1,1895,MY06,53,2.4150944,34.131447,19.509434,99.66792,389.18866,431.7547,18.949196,23.416376,90.25401,MY06
2021-02-21,1,1896,MY07,217,1.9815668,32.873577,25.658987,103.48525,503.35483,540.5178,18.433872,28.260973,93.18758,MY07
2021-02-21,1,1897,MY08,1182,2.0169206,32.78522,28.104906,112.794586,892.8511,873.82434,18.570541,28.103928,102.165016,MY08
2021-02-21,1,1898,MY09,672,2.5208333,43.837353,53.543156,133.89648,652.8437,623.81976,15.3997555,42.148766,104.615616,MY09
2021-02-21,1,1899,MY10,42,1.6666666,17.827778,6.404762,49.43254,275.95236,226.13809,29.204184,20.952105,121.55174,MY10
2021-02-21,1,1900,MY11,31,1.2580645,36.13871,38.64516,117.619354,332.51608,380.27957,15.212107,35.59402,87.602905,MY11
2021-02-21,1,1901,MY12,2407,38.122143,59.6462,252.73494,228.70042,1070.5883,802.2227,66.70485,110.28432,133.24554,MY12
2021-02-21,1,1902,MY13,4031,32.304886,85.76123,296.9898,313.68314,1142.4426,1109.2164,41.102226,94.76178,102.98202,MY13
2021-02-21,1,1904,MY15,416,4.3076925,39.646553,21.728367,117.69022,1283.4159,1286.3788,20.847506,21.785246,99.77056,MY15
2021-02-21,1,1903,MY17,254,3.1732283,48.08819,54.92126,151.24396,600.16925,647.5955,15.395568,38.35109,92.732666,MY17
2021-03-01,1,1891,MY01,622,38.22669,53.97701,45.700966,122.97851,759.8232,684.9671,73.294136,39.616783,110.84923,MY01
2021-03-01,1,1892,MY02,290,24.234482,48.941265,31.331034,117.05759,379.15173,356.88794,54.196877,29.765484,106.15213,MY02
2021-03-01,1,1893,MY03,485,14.346392,48.551823,21.783504,124.73492,813.01855,771.5654,36.126484,20.64479,105.33801,MY03
2021-03-01,1,1894,MY04,9,84.333336,64.35555,115.66667,182.47408,606.1111,625.4667,128.80487,64.364456,96.929955,MY04
2021-03-01,1,37336,MY05,5,32.4,33.64,95.2,106.566666,856.0,596.34,96.7909,89.811775,143.18022,MY05
2021-03-01,1,1895,MY06,53,59.207546,44.93962,71.41509,112.9434,411.28302,398.29245,128.57036,64.78963,103.22113,MY06
2021-03-01,1,1896,MY07,217,51.26728,48.582336,64.97235,115.48264,492.8341,488.34116,105.01088,58.07671,100.91072,MY07
2021-03-01,1,1897,MY08,1182,30.77411,48.703724,38.89086,117.113365,802.5931,752.314,66.61384,35.94272,106.63912,MY08
2021-03-01,1,1898,MY09,672,33.5997,63.67862,47.525295,158.18858,617.8959,583.31946,56.203373,32.18687,105.87715,MY09
2021-03-01,1,1899,MY10,42,19.97619,35.734127,23.785713,73.57143,236.88098,209.00952,61.315147,36.636364,113.02347,MY10
2021-03-01,1,1900,MY11,31,31.612904,53.53871,41.096775,138.42688,329.64517,378.05267,62.54477,32.139565,87.36271,MY11
2021-03-01,1,1901,MY12,2407,59.074783,65.63948,174.89987,208.3874,1072.8163,771.5111,90.70676,84.3067,138.80243,MY12
2021-03-01,1,1902,MY13,4031,109.513275,97.78273,249.55695,294.97433,1153.9103,1076.7216,111.41296,84.85957,107.13573,MY13
2021-03-01,1,1904,MY15,416,17.307692,43.607533,24.560097,126.89776,1053.4785,1052.0726,45.893486,22.41137,100.133,MY15
2021-03-01,1,1903,MY17,254,73.09449,57.666534,96.68504,157.60289,611.02356,607.46655,124.619125,62.535816,100.580765,MY17
2021-03-11,1,1891,MY01,622,43.517685,54.053535,83.89871,139.31355,698.4068,630.8956,82.15881,61.601086,110.61671,MY01
2021-03-11,1,1892,MY02,290,12.103448,56.3977,38.424137,135.48758,269.55176,353.0283,27.856821,30.909592,76.68437,MY02
2021-03-11,1,1893,MY03,485,25.230928,54.274982,42.977318,139.73753,527.3649,646.1622,51.00116,33.147804,81.75612,MY03
2021-03-11,1,1894,MY04,9,121.44444,67.422226,208.44444,189.25555,614.0,616.1222,174.59343,109.878174,99.658325,MY04
2021-03-11,1,37336,MY05,5,39.2,35.36,90.4,99.04,782.4,534.4267,109.514366,91.695496,145.9698,MY05
2021-03-11,1,1895,MY06,53,53.509434,49.16604,115.13208,128.2371,394.8113,380.57422,108.01867,90.16413,103.69244,MY06
2021-03-11,1,1896,MY07,217,61.61751,49.962673,114.86636,131.41858,459.74655,451.41953,121.204994,87.8666,101.824425,MY07
2021-03-11,1,1897,MY08,1182,77.94078,48.266552,110.73181,129.7555,642.2885,642.1228,155.70894,85.88281,100.025604,MY08
2021-03-11,1,1898,MY09,672,56.95387,69.668205,93.0744,177.18417,500.808,560.41534,82.97222,53.83256,89.45778,MY09
2021-03-11,1,1899,MY10,42,3.5,42.246826,25.142857,95.80873,146.52382,214.32777,17.990627,29.901037,69.085556,MY10
2021-03-11,1,1900,MY11,31,41.129032,57.896774,74.0,147.57419,293.87094,387.5957,73.34086,51.77809,76.1269,MY11
2021-03-11,1,1901,MY12,2407,75.32821,70.492424,172.52515,195.7781,1050.7919,744.22485,106.405655,88.41858,140.9179,MY12
2021-03-11,1,1902,MY13,4031,94.22352,107.51873,236.04169,291.06268,1127.0758,1069.3025,88.184,81.415764,105.37775,MY13
2021-03-11,1,1904,MY15,416,73.94952,46.1887,95.564896,129.44278,703.3293,824.02405,154.23232,74.80126,85.441345,MY15
2021-03-11,1,1903,MY17,254,101.90551,62.30643,178.17322,168.06116,594.0984,582.8126,158.83403,105.843056,101.91996,MY17
2021-03-21,1,1891,MY01,622,160.19131,71.5336,241.93568,179.56415,778.7621,572.9046,215.84155,133.79396,135.62135,MY01
2021-03-21,1,1892,MY02,290,107.81724,108.64667,144.15517,213.98563,328.60345,406.5963,99.27017,68.111855,81.05113,MY02
2021-03-21,1,1893,MY03,485,178.19176,87.73223,217.76907,190.55904,606.53815,556.5588,197.54918,113.91398,108.900116,MY03
2021-03-21,1,1894,MY04,9,192.33333,105.022224,398.11108,236.8,713.4444,628.36664,179.3577,166.7126,113.432625,MY04
2021-03-21,1,37336,MY05,5,45.2,51.226665,116.8,120.22667,654.2,468.62,89.28148,97.263626,139.18332,MY05
2021-03-21,1,1895,MY06,53,142.67924,67.32013,255.39622,161.42578,459.86792,374.49875,204.20213,156.46388,122.49525,MY06
2021-03-21,1,1896,MY07,217,171.45161,71.83978,284.33643,170.3848,537.2949,424.8731,229.63576,164.97235,126.15233,MY07
2021-03-21,1,1897,MY08,1182,221.44331,70.36802,330.1582,167.3383,760.049,542.7222,300.45013,194.47691,139.67828,MY08
2021-03-21,1,1898,MY09,672,146.50745,110.57857,237.06102,243.9254,565.7173,571.7998,131.0861,97.24239,98.945465,MY09
2021-03-21,1,1899,MY10,42,81.04762,87.269844,104.52381,165.2508,194.92857,271.18332,93.2565,64.330864,72.38981,MY10
2021-03-21,1,1900,MY11,31,80.870964,103.42258,153.6129,214.85806,336.70966,445.69034,79.200264,72.14332,75.81917,MY11
2021-03-21,1,1901,MY12,2407,111.824265,88.658165,246.22725,224.79007,1017.26416,726.3195,124.73473,109.32903,139.78351,MY12
2021-03-21,1,1902,MY13,4031,138.33342,128.29604,342.0702,333.5975,1164.3923,1046.0111,107.53014,102.50229,111.263565,MY13
2021-03-21,1,1904,MY15,416,191.03847,73.352486,282.2957,163.14871,776.69464,634.8876,250.2007,170.8581,122.16125,MY15
2021-03-21,1,1903,MY17,254,189.01575,94.027954,364.01575,214.00092,676.83466,577.2629,195.92018,168.49963,117.10082,MY17
2021-04-01,1,1891,MY01,622,62.151127,63.43151,265.86014,189.01865,447.10287,536.08954,98.12895,139.60521,83.55417,MY01
2021-04-01,1,1892,MY02,290,41.606895,75.855286,161.52759,240.89966,239.13794,445.63644,57.642357,67.72176,54.176254,MY02
2021-04-01,1,1893,MY03,485,57.54639,50.8367,260.9691,192.84392,391.36496,499.6426,112.01663,134.43379,78.5437,MY03
2021-04-01,1,1894,MY04,9,98.22222,87.91482,412.0,260.35925,648.55554,642.36664,111.09339,157.14545,100.95601,MY04
2021-04-01,1,37336,MY05,5,31.0,66.7,115.4,153.28667,576.6,453.98666,50.209206,76.06453,126.71392,MY05
2021-04-01,1,1895,MY06,53,74.245285,61.374844,270.43396,177.86101,397.6604,393.5824,119.39053,150.62477,101.023125,MY06
2021-04-01,1,1896,MY07,217,87.576035,63.320583,320.64514,185.12305,443.86176,430.25653,135.5024,171.28125,103.1258,MY07
2021-04-01,1,1897,MY08,1182,86.93232,56.97307,386.3164,175.60764,542.59814,495.92435,148.34238,216.66658,109.31753,MY08
2021-04-01,1,1898,MY09,672,67.52976,84.50119,270.9911,264.74796,445.6235,585.79236,81.037766,102.31444,76.27443,MY09
2021-04-01,1,1899,MY10,42,39.285713,61.23254,123.833336,190.7492,167.11905,308.39523,66.863976,65.81551,54.92076,MY10
2021-04-01,1,1900,MY11,31,53.580647,76.80968,175.58064,238.12903,300.45163,481.66345,71.60601,74.27359,62.764446,MY11
2021-04-01,1,1901,MY12,2407,54.061073,59.38622,241.21353,218.5368,933.5783,690.4913,91.72938,110.144516,134.95184,MY12
2021-04-01,1,1902,MY13,4031,68.850655,105.04043,301.4076,340.8552,1068.6018,1018.0032,67.11229,88.594185,104.94609,MY13
2021-04-01,1,1904,MY15,416,64.25721,38.73838,329.24518,158.27957,532.0,520.56537,158.34424,204.70729,102.175674,MY15
2021-04-01,1,1903,MY17,254,93.37008,80.4815,384.29135,236.81589,615.9173,580.71826,115.07763,160.98668,106.00955,MY17
2021-04-11,1,1891,MY01,622,94.55949,63.119667,316.90192,198.08478,443.3939,516.36566,146.15381,158.50618,86.00372,MY01
2021-04-11,1,1892,MY02,290,72.07931,82.64724,221.50345,267.1492,297.3724,499.19357,87.94266,83.22768,59.971493,MY02
2021-04-11,1,1893,MY03,485,55.872166,51.60048,291.61032,190.16942,391.30515,480.21683,107.54708,151.97583,81.67589,MY03
2021-04-11,1,1894,MY04,9,128.11111,83.54074,418.66666,276.47778,734.7777,663.1333,150.33882,150.51512,110.72307,MY04
2021-04-11,1,37336,MY05,5,31.8,72.52,108.0,190.44667,380.2,451.48,47.471622,57.816284,84.38486,MY05
2021-04-11,1,1895,MY06,53,68.886795,57.52956,285.81134,186.22453,444.18866,415.90503,118.16299,152.07848,106.71972,MY06
2021-04-11,1,1896,MY07,217,90.41475,60.333027,349.44238,195.4934,507.81567,443.6831,146.04369,176.78506,114.29352,MY07
2021-04-11,1,1897,MY08,1182,74.06345,53.17992,382.4391,180.52101,546.6159,469.57498,135.89474,208.8384,116.23367,MY08
2021-04-11,1,1898,MY09,672,94.64137,79.67842,308.6786,274.75818,493.4762,610.0797,117.67032,112.12491,81.042534,MY09
2021-04-11,1,1899,MY10,42,78.833336,67.274605,199.16667,215.77698,239.83334,360.0659,115.9928,92.47643,67.06552,MY10
2021-04-11,1,1900,MY11,31,62.16129,76.553764,196.6129,256.786,341.25806,527.85376,82.35216,77.01439,64.98182,MY11
2021-04-11,1,1901,MY12,2407,33.001663,64.69916,198.88701,212.74355,686.17865,664.3848,54.52241,93.63631,103.2558,MY12
2021-04-11,1,1902,MY13,4031,83.75688,98.841194,290.94098,332.17767,954.2806,989.9045,85.47367,87.77004,96.419365,MY13
2021-04-11,1,1904,MY15,416,53.53125,37.471153,308.82693,149.56203,462.74518,457.70816,137.81413,203.04272,101.08859,MY15
2021-04-11,1,1903,MY17,254,111.65354,75.44948,394.03937,249.95892,684.1378,593.25024,145.00223,156.51123,115.19224,MY17
2021-04-21,1,1891,MY01,622,88.34888,74.879364,245.0595,201.43054,503.38425,497.91168,116.86232,121.134926,101.08818,MY01
2021-04-21,1,1892,MY02,290,117.68965,94.02793,231.37585,252.53046,398.8069,558.00446,123.89399,91.78559,71.72357,MY02
2021-04-21,1,1893,MY03,485,104.56701,60.419037,217.98557,162.85622,468.42886,457.2597,167.48491,132.8432,102.41621,MY03
2021-04-21,1,1894,MY04,9,131.77777,101.5963,358.1111,273.05185,823.88885,688.7,128.3138,130.59116,119.48808,MY04
2021-04-21,1,37336,MY05,5,20.2,75.62,83.0,214.84,343.19998,455.47333,31.257751,40.02911,75.617836,MY05
2021-04-21,1,1895,MY06,53,71.28302,74.038994,214.4151,192.94339,489.32074,454.0371,96.513145,110.847404,107.68645,MY06
2021-04-21,1,1896,MY07,217,90.19355,75.1808,268.18433,198.83441,578.1797,472.70444,118.72362,134.02267,122.0796,MY07
2021-04-21,1,1897,MY08,1182,106.975464,66.1976,267.97125,176.35059,626.2344,456.48346,157.27422,150.52129,136.78374,MY08
2021-04-21,1,1898,MY09,672,124.5119,94.073265,286.68304,258.25287,577.28723,636.07477,130.72336,110.799576,90.82985,MY09
2021-04-21,1,1899,MY10,42,92.54762,78.930954,210.66667,207.4381,321.59528,422.12143,116.223656,101.519775,76.464264,MY10
2021-04-21,1,1900,MY11,31,96.83871,89.59785,212.58064,242.96129,404.8387,575.4387,107.65436,87.747826,70.60844,MY11
2021-04-21,1,1901,MY12,2407,36.576653,66.917145,123.63939,191.00252,622.6016,644.49304,57.811882,65.6315,96.629456,MY12
2021-04-21,1,1902,MY13,4031,64.331924,105.20747,216.93947,309.0891,855.99945,956.3697,62.910366,70.66131,89.55966,MY13
2021-04-21,1,1904,MY15,416,89.3774,46.56338,207.16586,122.77292,511.1899,403.61185,183.03183,166.04916,126.32769,MY15
2021-04-21,1,1903,MY17,254,118.64173,91.92585,323.66534,247.85683,742.60236,613.1017,127.56322,129.9808,120.951355,MY17
2021-05-01,1,1891,MY01,622,50.615757,65.522934,233.52411,203.52197,545.0852,515.5191,78.861946,114.388,105.68012,MY01
2021-05-01,1,1892,MY02,290,99.9069,88.571266,289.67584,265.24643,482.53445,623.2037,112.11444,109.03967,77.607704,MY02
2021-05-01,1,1893,MY03,485,59.5134,71.053406,219.95258,183.07292,502.70517,500.65176,84.82644,119.60924,100.40609,MY03
2021-05-01,1,1894,MY04,9,98.888885,69.118515,358.77777,254.25555,886.44446,697.08887,140.1659,140.31628,126.970314,MY04
2021-05-01,1,37336,MY05,5,113.2,91.026665,165.2,239.16667,375.8,499.02002,123.090805,69.70648,75.55255,MY05
2021-05-01,1,1895,MY06,53,59.698112,61.83522,199.86792,193.40378,541.717,484.20816,96.80243,103.25807,111.75549,MY06
2021-05-01,1,1896,MY07,217,78.68203,65.49462,259.29034,201.00845,644.9078,501.61414,118.70696,128.29102,128.28458,MY07
2021-05-01,1,1897,MY08,1182,68.61083,66.59371,249.64975,185.97124,674.85706,478.69226,102.81745,133.34456,140.55571,MY08
2021-05-01,1,1898,MY09,672,122.60565,85.6753,341.7589,259.42697,660.27527,682.3635,140.72813,131.13599,96.78652,MY09
2021-05-01,1,1899,MY10,42,100.35714,81.96587,271.7381,228.17143,419.35715,492.49207,121.14768,118.68439,85.29928,MY10
2021-05-01,1,1900,MY11,31,110.064514,78.27312,269.0645,244.42473,485.74194,620.98065,138.17726,109.87865,78.395706,MY11
2021-05-01,1,1901,MY12,2407,148.14084,78.25279,217.71915,209.8691,633.83264,636.79333,183.9468,103.653404,99.53868,MY12
2021-05-01,1,1902,MY13,4031,97.74051,106.98723,245.82932,311.0359,796.7938,946.8654,91.74306,79.367355,84.23395,MY13
2021-05-01,1,1904,MY15,416,37.932693,55.498158,180.84135,139.5327,534.64667,424.71002,70.96529,128.58083,125.58391,MY15
2021-05-01,1,1903,MY17,254,116.2874,71.333466,346.58267,238.70879,827.5591,633.12756,158.89151,144.26343,130.46907,MY17
2021-05-11,1,1891,MY01,622,127.691315,60.239174,266.65594,200.64148,667.45654,538.0398,203.39207,132.10173,123.8319,MY01
2021-05-11,1,1892,MY02,290,95.54483,86.15471,313.1414,268.7539,573.069,671.3907,110.3013,116.21437,85.46377,MY02
2021-05-11,1,1893,MY03,485,127.59588,78.602615,291.6763,210.07504,626.2639,539.982,158.60255,137.94084,115.83207,MY03
2021-05-11,1,1894,MY04,9,172.55556,67.18519,403.22223,237.9,1030.3333,703.6333,245.97227,168.06186,146.10283,MY04
2021-05-11,1,37336,MY05,5,196.6,90.55333,330.0,257.2,528.4,546.6867,210.98166,127.76506,96.68532,MY05
2021-05-11,1,1895,MY06,53,117.962265,52.604404,248.9434,188.47862,649.88684,502.94025,213.45982,131.2514,128.9299,MY06
2021-05-11,1,1896,MY07,217,123.51152,62.936253,292.3871,203.61168,756.69586,530.5236,189.16487,142.55534,142.23386,MY07
2021-05-11,1,1897,MY08,1182,144.4983,70.69693,320.0846,203.48824,813.2555,513.7648,197.49586,155.92467,157.7315,MY08
2021-05-11,1,1898,MY09,672,162.7485,86.511604,409.86606,266.26016,811.619,718.2025,183.30844,152.94029,112.91707,MY09
2021-05-11,1,1899,MY10,42,85.809525,79.03968,278.7143,239.93651,503.02386,551.5222,108.055534,115.83177,91.28546,MY10
2021-05-11,1,1900,MY11,31,125.870964,76.70107,332.7742,244.57205,603.3871,648.93225,160.1827,135.34135,93.03519,MY11
2021-05-11,1,1901,MY12,2407,166.4329,89.18443,351.1504,234.35437,722.56256,642.87604,182.01831,148.79626,112.29966,MY12
2021-05-11,1,1902,MY13,4031,166.62788,92.38413,328.70032,304.57883,855.6829,927.8192,176.23804,107.79171,92.26685,MY13
2021-05-11,1,1904,MY15,416,97.90144,64.30168,225.21155,166.36322,629.60333,445.36804,148.48332,134.3413,140.90771,MY15
2021-05-11,1,1903,MY17,254,169.3937,69.94921,404.32285,233.20853,976.5354,651.2286,232.68251,171.83383,149.57217,MY17
2021-05-21,1,1891,MY01,622,61.384243,64.674065,239.69131,190.43617,726.68646,571.43085,95.278275,125.20268,126.93396,MY01
2021-05-21,1,1892,MY02,290,88.81035,89.738045,284.2621,264.46402,659.7931,730.9801,99.02078,107.3472,90.32759,MY02
2021-05-21,1,1893,MY03,485,79.62268,85.12997,266.73196,234.78598,702.4866,588.20123,93.88962,113.32271,119.26587,MY03
2021-05-21,1,1894,MY04,9,48.555557,65.92593,320.0,202.22963,1076.2222,712.0815,75.50914,156.83086,150.78094,MY04
2021-05-21,1,37336,MY05,5,59.0,97.14667,368.8,278.72665,568.6,613.79333,62.655006,131.74652,92.69653,MY05
2021-05-21,1,1895,MY06,53,57.566036,63.36541,235.22641,177.80504,705.0378,532.1742,91.51709,131.41127,132.18018,MY06
2021-05-21,1,1896,MY07,217,57.124424,65.343475,259.31796,193.77435,811.83875,562.9935,88.315834,132.97388,143.81128,MY07
2021-05-21,1,1897,MY08,1182,54.321487,76.74769,267.4306,214.03833,865.56,557.72723,72.56657,124.37577,154.70372,MY08
2021-05-21,1,1898,MY09,672,74.34524,93.11404,359.6994,265.30093,883.4435,767.4792,80.87042,134.92348,115.01196,MY09
2021-05-21,1,1899,MY10,42,107.47619,79.9119,293.64285,240.91747,608.8334,613.6063,132.46222,121.44028,99.22844,MY10
2021-05-21,1,1900,MY11,31,69.03226,79.72473,304.96774,234.69893,671.16125,692.51825,87.379745,129.31544,96.93815,MY11
2021-05-21,1,1901,MY12,2407,75.97798,82.53491,390.5517,249.97214,760.41833,665.7647,92.50935,155.13527,114.111305,MY12
2021-05-21,1,1902,MY13,4031,68.92335,98.90276,333.29175,298.2741,892.30133,940.9607,71.14666,111.54653,94.85609,MY13
2021-05-21,1,1904,MY15,416,68.01923,73.64279,203.85336,193.44263,693.3149,479.36426,92.849236,105.24622,144.17143,MY15
2021-05-21,1,1903,MY17,254,49.8937,70.72913,335.5748,212.01181,1023.25586,673.86957,72.48689,156.93837,151.4659,MY17
2021-06-01,1,1891,MY01,622,56.81672,56.38703,245.89227,181.30026,745.2765,573.8409,100.69996,134.67091,129.61705,MY01
2021-06-01,1,1892,MY02,290,100.92759,71.42195,285.28278,247.31471,736.48627,753.4608,138.60886,115.0479,97.76198,MY02
2021-06-01,1,1893,MY03,485,56.6,59.891685,263.81857,223.62425,744.7402,599.5411,94.927414,117.58095,124.018074,MY03
2021-06-01,1,1894,MY04,9,39.666668,53.974075,260.77777,187.08519,1031.5554,701.7,75.739494,138.36453,146.67545,MY04
2021-06-01,1,37336,MY05,5,38.4,98.28667,294.0,285.98666,574.6,678.44,42.01898,102.75385,84.80627,MY05
2021-06-01,1,1895,MY06,53,52.301888,53.401257,227.8302,169.37106,698.1321,540.63586,98.11756,133.52571,128.8647,MY06
2021-06-01,1,1896,MY07,217,44.29493,47.51321,224.93088,175.79294,804.86633,561.92444,93.87148,127.17912,142.8526,MY07
2021-06-01,1,1897,MY08,1182,48.632824,52.93948,247.45262,200.3841,883.41876,561.96295,92.56697,122.91732,156.69785,MY08
2021-06-01,1,1898,MY09,672,62.376488,59.183186,299.47025,238.80884,912.2202,762.98376,104.975296,124.88073,119.432236,MY09
2021-06-01,1,1899,MY10,42,114.61905,79.06032,307.90475,238.0119,703.4762,656.93256,142.30145,128.76108,107.03148,MY10
2021-06-01,1,1900,MY11,31,84.83871,57.080647,279.74194,213.50645,724.387,696.06024,144.7129,130.31282,104.040565,MY11
2021-06-01,1,1901,MY12,2407,33.937683,72.0851,276.34857,243.80444,735.28125,672.2103,50.512592,113.0802,109.31335,MY12
2021-06-01,1,1902,MY13,4031,56.387745,89.24285,291.939,280.52975,839.1759,932.42084,65.137825,103.99581,90.05303,MY13
2021-06-01,1,1904,MY15,416,45.41827,54.614502,211.33896,192.55898,721.4255,490.37122,84.57384,109.50601,146.64265,MY15
2021-06-01,1,1903,MY17,254,43.09055,52.30656,262.37796,192.98491,993.25195,668.5096,83.91805,135.04967,148.21643,MY17
2021-06-11,1,1891,MY01,622,70.10932,46.796677,188.31027,167.85777,771.8681,566.58405,145.008,111.831985,135.91493,MY01
2021-06-11,1,1892,MY02,290,67.86207,68.31609,257.6,229.47609,792.2449,765.3792,99.38073,111.99436,103.48733,MY02
2021-06-11,1,1893,MY03,485,45.973194,60.65677,182.19588,205.67842,765.4825,605.9229,77.63586,88.85384,126.11779,MY03
2021-06-11,1,1894,MY04,9,52.666668,37.377777,140.8889,157.27777,962.77783,671.6556,136.07762,89.900734,143.0237,MY04
2021-06-11,1,37336,MY05,5,157.6,89.566666,255.0,285.0,693.0,732.64667,171.9422,89.655174,94.62525,MY05
2021-06-11,1,1895,MY06,53,45.603775,39.643394,155.4717,156.41006,690.22644,531.1132,113.3511,99.41864,129.67903,MY06
2021-06-11,1,1896,MY07,217,41.626728,33.675114,143.04608,146.5318,784.87555,545.63684,120.56003,97.69968,143.44763,MY07
2021-06-11,1,1897,MY08,1182,50.93401,45.69467,153.88832,175.38184,856.412,559.39105,110.33509,88.084435,152.6268,MY08
2021-06-11,1,1898,MY09,672,61.09375,51.68735,197.81548,203.98457,916.3601,745.0029,116.59347,97.048065,122.847534,MY09
2021-06-11,1,1899,MY10,42,64.666664,75.69444,286.7619,234.66667,764.6429,690.3802,86.33391,121.73654,110.679436,MY10
2021-06-11,1,1900,MY11,31,63.35484,49.230106,217.22581,186.03548,746.61285,687.39355,126.04593,116.32699,108.55284,MY11
2021-06-11,1,1901,MY12,2407,77.85542,71.30271,187.77109,225.92273,737.8085,673.0206,108.587776,83.478615,109.555435,MY12
2021-06-11,1,1902,MY13,4031,111.56041,70.809525,236.8715,258.95514,856.5128,895.7117,153.7543,91.63357,95.64802,MY13
2021-06-11,1,1904,MY15,416,42.598557,58.06298,156.03606,186.32028,690.0745,502.2455,75.477806,84.17093,137.0292,MY15
2021-06-11,1,1903,MY17,254,53.267715,36.95722,146.25197,159.99292,944.61414,643.16034,138.87411,91.67179,146.50914,MY17
2021-06-21,1,1891,MY01,622,67.94051,45.842712,194.86655,149.02643,679.6174,540.8931,143.46306,129.7612,125.412346,MY01
2021-06-21,1,1892,MY02,290,47.389656,60.4177,216.17932,200.15575,731.81726,717.1502,80.08483,107.81045,102.03103,MY02
2021-06-21,1,1893,MY03,485,50.23299,58.909416,152.80618,179.45787,637.5237,577.1001,86.42387,85.55134,110.380264,MY03
2021-06-21,1,1894,MY04,9,64.333336,44.51852,156.66667,135.87038,834.7778,611.15186,140.01495,114.76271,136.29396,MY04
2021-06-21,1,37336,MY05,5,56.6,84.72,252.6,272.57333,704.39996,766.14,68.65804,92.804306,91.99367,MY05
2021-06-21,1,1895,MY06,53,56.509434,45.450314,154.4151,138.49496,604.05664,509.2434,121.920815,111.09456,118.43742,MY06
2021-06-21,1,1896,MY07,217,50.00461,40.85914,135.92627,122.04746,663.4286,514.6562,119.94252,110.92411,128.629,MY07
2021-06-21,1,1897,MY08,1182,64.26481,50.091568,163.83163,148.72572,699.2335,539.1146,125.7267,109.82653,129.42741,MY08
2021-06-21,1,1898,MY09,672,72.372025,52.045338,195.84225,162.91588,842.2247,686.46967,135.6325,119.60886,122.525215,MY09
2021-06-21,1,1899,MY10,42,31.285715,67.82143,210.57143,222.57619,714.881,670.93176,49.828346,94.724945,106.50202,MY10
2021-06-21,1,1900,MY11,31,48.774193,51.253765,196.96774,157.56451,714.51605,635.22473,95.59216,124.23852,112.38492,MY11
2021-06-21,1,1901,MY12,2407,30.202326,73.26457,141.99544,216.65239,656.1865,657.6271,44.97862,66.31801,99.7826,MY12
2021-06-21,1,1902,MY13,4031,84.72265,71.88146,252.6708,231.93384,802.90204,839.29706,116.70258,108.75221,95.68931,MY13
2021-06-21,1,1904,MY15,416,39.15625,56.46843,127.17308,169.14592,538.1923,485.36145,71.835655,75.89789,110.773865,MY15
2021-06-21,1,1903,MY17,254,60.350395,43.775196,156.70865,133.03897,815.9488,592.9076,133.98285,117.1471,137.30362,MY17
2021-07-01,1,1891,MY01,622,60.672028,60.187515,198.72186,152.8269,678.1382,537.6492,100.743256,129.0793,125.889465,MY01
2021-07-01,1,1892,MY02,290,116.47586,69.09046,231.72758,197.82425,806.68616,710.3854,163.95615,116.71562,113.46139,MY02
2021-07-01,1,1893,MY03,485,90.80412,61.536495,187.01031,181.10268,670.78143,587.79987,143.98732,103.1744,113.998245,MY03
2021-07-01,1,1894,MY04,9,65.77778,50.037037,182.77777,131.93333,802.3333,573.27405,128.60028,137.1308,139.61086,MY04
2021-07-01,1,37336,MY05,5,113.8,102.63333,328.0,276.92,787.19995,802.0733,110.37474,118.11861,98.15713,MY05
2021-07-01,1,1895,MY06,53,71.62264,66.208176,173.73584,151.30188,601.43396,514.0767,107.603714,114.35297,116.829346,MY06
2021-07-01,1,1896,MY07,217,65.00461,52.779724,156.63594,127.31398,640.8572,504.11536,121.157745,122.16089,126.85871,MY07
2021-07-01,1,1897,MY08,1182,69.41201,54.910774,184.61084,150.697,681.7132,537.05237,124.20472,121.781944,126.68761,MY08
2021-07-01,1,1898,MY09,672,78.715775,57.4875,212.18155,161.22018,853.41064,659.456,133.97203,130.65895,129.18999,MY09
2021-07-01,1,1899,MY10,42,127.92857,71.4746,223.88095,214.99048,803.5238,681.1738,173.82056,104.041306,117.83075,MY10
2021-07-01,1,1900,MY11,31,107.064514,65.389244,219.19354,165.87312,768.0,623.8043,159.20686,131.20468,122.93173,MY11
2021-07-01,1,1901,MY12,2407,89.16036,63.17416,197.21811,207.74146,691.28577,661.415,138.11737,95.05346,104.48231,MY12
2021-07-01,1,1902,MY13,4031,72.73307,74.61027,269.0161,217.30125,806.7845,808.8669,97.64201,123.26342,99.74413,MY13
2021-07-01,1,1904,MY15,416,87.12981,61.0625,168.88461,175.5939,561.06494,507.68558,139.45854,96.284874,110.41173,MY15
2021-07-01,1,1903,MY17,254,74.92126,53.669292,188.53937,134.4017,797.5,566.0954,136.22331,138.83572,140.51942,MY17
2021-07-11,1,1891,MY01,622,68.39228,50.75343,197.00482,156.78366,651.971,525.2829,131.63725,124.86108,123.89066,MY01
2021-07-11,1,1892,MY02,290,44.29655,70.980576,208.16206,200.48874,778.9035,698.71875,64.88046,103.734184,111.39443,MY02
2021-07-11,1,1893,MY03,485,54.138145,61.16323,195.17526,181.60913,669.0474,597.3626,89.38219,107.26981,111.900604,MY03
2021-07-11,1,1894,MY04,9,35.77778,45.72222,165.88889,140.27777,709.99994,535.45557,80.39431,117.62907,132.29579,MY04
2021-07-11,1,37336,MY05,5,127.8,93.96,298.2,281.31332,883.19995,823.5133,134.19563,105.89797,107.20407,MY05
2021-07-11,1,1895,MY06,53,68.30189,61.375473,196.43396,173.03397,600.84906,517.9226,110.435196,113.143555,115.85827,MY06
2021-07-11,1,1896,MY07,217,37.322582,51.33487,152.3318,144.97374,587.76495,495.1172,75.1268,104.906235,118.52521,MY07
2021-07-11,1,1897,MY08,1182,44.745346,50.708096,178.42216,155.71043,652.3951,534.5805,89.29644,114.13208,121.83448,MY08
2021-07-11,1,1898,MY09,672,54.052082,59.738293,205.13988,169.27113,812.82135,639.51587,91.21661,120.58215,126.88925,MY09
2021-07-11,1,1899,MY10,42,36.42857,68.46667,195.64287,207.7627,761.1191,682.3659,56.390976,94.3036,111.45724,MY10
2021-07-11,1,1900,MY11,31,31.741936,70.72581,187.58066,187.36882,737.5806,617.9764,48.5197,100.11012,119.198845,MY11
2021-07-11,1,1901,MY12,2407,64.81346,61.875114,184.17615,198.31384,723.0976,658.59094,104.39378,93.046364,109.72085,MY12
2021-07-11,1,1902,MY13,4031,78.54031,62.80213,235.99603,209.29387,801.5679,772.8278,123.21193,112.46053,103.694916,MY13
2021-07-11,1,1904,MY15,416,52.59375,54.889423,178.8798,172.42035,560.12744,525.1038,96.16682,103.64076,106.60693,MY15
2021-07-11,1,1903,MY17,254,47.531498,51.01811,182.80315,148.4626,733.378,541.66406,93.775925,122.377144,135.0698,MY17
2021-07-21,1,1891,MY01,622,24.938908,56.407825,154.0032,167.34877,588.5611,506.81137,48.754223,92.25665,115.972626,MY01
2021-07-21,1,1892,MY02,290,57.96207,76.98586,218.73448,217.0569,719.1759,681.67664,76.79625,100.75548,105.460976,MY02
2021-07-21,1,1893,MY03,485,73.81237,76.711136,218.75464,199.41086,638.2928,613.6547,96.45242,109.46319,103.98252,MY03
2021-07-21,1,1894,MY04,9,47.11111,57.68889,148.66667,153.44815,625.3333,491.54816,83.12655,96.98231,126.94304,MY04
2021-07-21,1,37336,MY05,5,27.4,100.6,269.0,297.19333,890.39996,848.49335,30.681818,90.67043,104.91002,MY05
2021-07-21,1,1895,MY06,53,36.301888,63.91698,176.22641,191.50063,565.8679,507.80063,59.92992,92.22688,111.32356,MY06
2021-07-21,1,1896,MY07,217,42.341015,56.167587,144.66821,160.28218,539.9124,476.104,77.39559,90.55315,113.26292,MY07
2021-07-21,1,1897,MY08,1182,56.75127,57.791004,170.90863,163.40987,602.1709,526.1739,98.34413,104.45268,114.307365,MY08
2021-07-21,1,1898,MY09,672,69.22321,68.79489,201.99106,186.02069,757.5327,614.2375,100.58042,108.36054,123.140594,MY09
2021-07-21,1,1899,MY10,42,80.166664,78.31746,244.5238,218.25873,748.7381,681.7524,102.219475,111.764404,109.753975,MY10
2021-07-21,1,1900,MY11,31,57.387096,75.752686,196.19356,211.86774,698.129,604.13116,77.256996,92.77247,115.431465,MY11
2021-07-21,1,1901,MY12,2407,26.618196,72.620804,180.59201,197.67007,713.13916,664.2946,40.734177,91.57346,107.29791,MY12
2021-07-21,1,1902,MY13,4031,30.061523,72.95166,181.3349,210.36406,767.2975,740.572,44.978546,86.52089,103.584564,MY13
2021-07-21,1,1904,MY15,416,78.97356,71.53814,218.69711,187.49007,549.7236,550.0786,109.71465,116.21229,99.936035,MY15
2021-07-21,1,1903,MY17,254,54.07874,60.83517,176.5315,165.52257,668.81494,510.57336,89.73735,106.45599,130.69235,MY17
2021-08-01,1,1891,MY01,622,83.40675,55.511578,176.73795,162.67284,621.35205,496.8,146.0989,108.38843,124.82105,MY01
2021-08-01,1,1892,MY02,290,62.365517,74.286896,164.62415,222.25333,681.6346,667.3923,84.96425,74.641,102.11816,MY02
2021-08-01,1,1893,MY03,485,79.5732,73.243576,207.52371,211.11794,658.3526,615.84485,108.08964,98.336914,106.84676,MY03
2021-08-01,1,1894,MY04,9,57.444443,45.407406,140.33333,148.81851,583.88885,467.83704,123.8795,94.483635,124.543724,MY04
2021-08-01,1,37336,MY05,5,85.8,90.753334,241.0,285.31332,863.0,848.22,94.82699,84.73604,101.73227,MY05
2021-08-01,1,1895,MY06,53,77.69811,65.99056,182.30188,191.28302,583.8679,511.956,116.4917,95.42439,113.91065,MY06
2021-08-01,1,1896,MY07,217,61.304146,51.19969,140.96774,158.70215,522.53455,461.80905,117.97955,89.166664,113.008644,MY07
2021-08-01,1,1897,MY08,1182,79.2978,56.565964,180.7944,165.06506,612.85785,516.1462,136.92273,109.24901,118.55749,MY08
2021-08-01,1,1898,MY09,672,80.29018,62.101486,203.56548,190.63467,715.2172,590.6637,127.10624,106.609665,120.910034,MY09
2021-08-01,1,1899,MY10,42,46.261906,85.75159,162.85713,232.53572,694.6429,685.5381,56.485962,70.66605,101.318504,MY10
2021-08-01,1,1900,MY11,31,71.48387,67.886024,160.6129,214.36452,659.5484,593.7441,104.936264,75.496666,110.990395,MY11
2021-08-01,1,1901,MY12,2407,71.404655,70.46361,162.8363,204.95952,636.403,656.50543,101.247025,79.937454,96.96111,MY12
2021-08-01,1,1902,MY13,4031,93.2064,79.50311,201.80823,215.2569,762.7634,713.0879,116.21632,93.894104,106.91775,MY13
2021-08-01,1,1904,MY15,416,83.61779,70.62925,215.18509,197.05681,595.4087,565.2097,117.17397,108.97187,105.29612,MY15
2021-08-01,1,1903,MY17,254,65.41732,45.00617,167.02756,156.85945,617.9449,484.24606,140.81728,106.28206,127.32752,MY17
2021-08-11,1,1891,MY01,622,88.00482,56.71688,196.35048,168.63628,581.6656,493.2777,150.69592,115.96106,117.73868,MY01
2021-08-11,1,1892,MY02,290,123.94827,79.21092,244.27586,230.48367,710.03796,660.4485,153.12535,105.856964,107.452034,MY02
2021-08-11,1,1893,MY03,485,96.8701,74.22522,250.25566,224.17993,627.62683,611.46747,128.58292,111.377846,102.621284,MY03
2021-08-11,1,1894,MY04,9,94.22222,55.65185,198.77777,158.74815,505.55554,456.3037,163.59306,124.44585,110.67666,MY04
2021-08-11,1,37336,MY05,5,260.8,110.31333,374.0,301.66666,927.2,867.98,230.5024,123.58697,106.78366,MY05
2021-08-11,1,1895,MY06,53,92.73585,66.8478,206.73584,196.75534,558.6415,526.19934,136.03178,104.94683,106.107346,MY06
2021-08-11,1,1896,MY07,217,80.03226,54.398617,183.67741,161.7659,479.05527,453.27142,143.15527,113.139084,105.62632,MY07
2021-08-11,1,1897,MY08,1182,90.848564,59.348648,226.89764,173.70561,559.2081,504.79788,148.95195,129.76518,110.672905,MY08
2021-08-11,1,1898,MY09,672,109.627975,68.251884,259.14136,199.14827,662.09674,572.404,156.48468,129.38702,115.53379,MY09
2021-08-11,1,1899,MY10,42,181.16667,89.739685,307.59525,253.80873,790.0,696.2381,196.50337,120.78235,113.37091,MY10
2021-08-11,1,1900,MY11,31,138.7742,73.93118,267.64517,217.5699,672.45166,590.9742,182.15134,122.498665,113.67132,MY11
2021-08-11,1,1901,MY12,2407,67.464066,82.194695,165.48691,225.2791,537.4342,649.5157,83.10605,74.034904,82.87566,MY12
2021-08-11,1,1902,MY13,4031,181.21954,90.199844,304.48746,242.65462,777.355,710.9036,195.60909,124.96737,109.28216,MY13
2021-08-11,1,1904,MY15,416,89.51683,71.07716,252.10817,213.24455,587.02405,571.98517,124.23811,117.807365,102.60646,MY15
2021-08-11,1,1903,MY17,254,94.57481,54.195145,214.07086,160.03648,543.126,468.492,168.2145,132.74086,115.76246,MY17
2021-08-21,1,1891,MY01,622,73.30225,68.89212,244.71384,181.12057,593.58356,497.4958,105.968346,134.16779,119.1221,MY01
2021-08-21,1,1892,MY02,290,119.58965,110.6223,305.90344,264.12012,740.8172,681.33276,107.75573,115.5259,108.66699,MY02
2021-08-21,1,1893,MY03,485,111.47835,108.56735,287.92163,256.03616,659.4825,634.90485,102.56324,112.21496,103.84083,MY03
2021-08-21,1,1894,MY04,9,30.666666,68.4963,182.33333,169.55556,487.66666,458.87408,48.528515,107.320175,106.20698,MY04
2021-08-21,1,37336,MY05,5,272.8,119.32667,619.39996,320.39334,1141.0,890.16,223.4436,191.89082,128.02182,MY05
2021-08-21,1,1895,MY06,53,61.90566,79.16352,232.33961,212.00189,562.98114,541.9975,79.49484,109.37214,103.83615,MY06
2021-08-21,1,1896,MY07,217,39.35484,68.88756,180.69124,174.48587,461.2857,456.81552,60.030186,103.4573,100.96796,MY07
2021-08-21,1,1897,MY08,1182,80.84433,79.73246,250.99069,195.64706,585.73096,507.78265,101.31221,127.58257,115.20104,MY08
2021-08-21,1,1898,MY09,672,114.03571,96.10174,303.95386,226.45511,701.78723,575.39166,117.73855,133.48328,121.77763,MY09
2021-08-21,1,1899,MY10,42,114.38095,126.86032,341.8095,302.3516,796.9048,743.1865,90.53591,112.83804,107.179794,MY10
2021-08-21,1,1900,MY11,31,129.6129,113.87204,339.87097,255.68925,733.0322,625.1215,113.24185,132.29198,117.12538,MY11
2021-08-21,1,1901,MY12,2407,124.50228,90.3213,263.371,242.9796,585.95844,657.30206,135.85872,108.22302,89.227936,MY12
2021-08-21,1,1902,MY13,4031,139.90276,109.75678,414.32867,279.45975,848.3344,721.7576,126.26945,147.41231,117.41664,MY13
2021-08-21,1,1904,MY15,416,97.5625,101.8976,270.6971,243.604,616.5673,600.24,95.944626,110.8981,102.69766,MY15
2021-08-21,1,1903,MY17,254,45.385826,67.97467,205.37796,167.17598,538.6181,465.73752,69.04564,122.18776,115.48221,MY17
2021-09-01,1,1891,MY01,622,58.567524,56.71104,219.87459,182.32004,595.33435,497.8198,103.008354,120.04833,119.39354,MY01
2021-09-01,1,1892,MY02,290,73.66897,101.656784,317.2069,291.49,713.5586,711.56757,73.75899,108.67379,100.277855,MY02
2021-09-01,1,1893,MY03,485,81.61855,97.2167,289.967,280.00928,684.50104,672.2299,84.74012,103.493835,101.81196,MY03
2021-09-01,1,1894,MY04,9,33.11111,73.844444,158.0,197.99258,481.11108,478.74445,48.33709,80.2985,100.489235,MY04
2021-09-01,1,37336,MY05,5,160.0,108.32667,693.6,337.96667,1262.6,900.2,145.5968,203.69325,140.03534,MY05
2021-09-01,1,1895,MY06,53,44.603775,53.852203,199.24529,199.86353,555.283,542.4484,84.28533,99.69822,102.344444,MY06
2021-09-01,1,1896,MY07,217,34.6682,51.788017,154.0553,175.07419,451.659,461.09033,69.85312,88.32765,97.9765,MY07
2021-09-01,1,1897,MY08,1182,63.994923,65.868355,235.68782,204.94946,601.0931,520.71155,97.35645,114.64083,115.29005,MY08
2021-09-01,1,1898,MY09,672,69.99851,87.49117,293.6622,251.84479,709.40924,603.69965,81.08721,116.2812,117.366455,MY09
2021-09-01,1,1899,MY10,42,94.28571,103.12698,389.8333,319.727,776.57135,767.2532,91.82325,121.58932,101.20663,MY10
2021-09-01,1,1900,MY11,31,73.6129,101.14946,342.0,288.9527,721.8065,669.1903,74.058685,118.0462,107.80436,MY11
2021-09-01,1,1901,MY12,2407,93.31574,79.03882,285.28207,251.55481,645.3365,664.2558,116.988495,113.146225,97.17308,MY12
2021-09-01,1,1902,MY13,4031,106.184074,91.97981,427.3064,291.93643,898.13074,724.4946,114.646614,145.58887,123.802246,MY13
2021-09-01,1,1904,MY15,416,85.82933,77.32724,272.90866,250.302,656.9784,622.9527,110.32719,108.854866,105.41852,MY15
2021-09-01,1,1903,MY17,254,40.688976,71.79449,180.64961,193.9643,536.21655,485.22546,59.49513,93.308,110.40156,MY17
2021-09-11,1,1891,MY01,622,61.466236,52.188477,193.33601,177.79164,586.6913,503.21158,116.22312,108.503876,116.42617,MY01
2021-09-11,1,1892,MY02,290,96.175865,105.17735,289.43448,317.45642,741.8724,748.42883,91.83,91.30985,99.12978,MY02
2021-09-11,1,1893,MY03,485,122.237114,109.31677,315.334,315.10083,760.76495,720.8899,111.30223,100.072845,105.49327,MY03
2021-09-11,1,1894,MY04,9,89.111115,74.17778,152.88889,216.51852,517.55554,515.54443,118.860504,71.2757,100.386345,MY04
2021-09-11,1,37336,MY05,5,122.6,92.05333,555.39996,319.70667,1227.6,902.68665,131.4741,172.58652,135.79576,MY05
2021-09-11,1,1895,MY06,53,62.18868,49.4761,168.6981,182.49182,571.8679,552.2811,123.33605,92.64303,103.51471,MY06
2021-09-11,1,1896,MY07,217,57.53456,51.079723,131.5576,171.7553,467.56683,478.49493,111.51011,77.257996,97.73977,MY07
2021-09-11,1,1897,MY08,1182,77.828255,69.16802,222.66751,214.76884,627.9873,544.1849,111.6765,103.59408,115.25942,MY08
2021-09-11,1,1898,MY09,672,106.03571,93.22976,290.06995,276.82266,754.3512,645.24207,113.03674,104.70058,116.77977,MY09
2021-09-11,1,1899,MY10,42,134.71428,109.32937,343.38092,339.31665,846.619,800.8881,122.203316,101.18039,105.6746,MY10
2021-09-11,1,1900,MY11,31,75.29032,105.3086,278.5161,320.3301,733.742,725.2688,72.787,87.14721,101.160286,MY11
2021-09-11,1,1901,MY12,2407,87.87038,80.024,305.68842,249.38411,655.3515,672.97705,109.228424,122.133575,97.40027,MY12
2021-09-11,1,1902,MY13,4031,96.23716,82.27678,342.32397,284.01337,882.80756,735.96185,115.99553,120.17574,119.81826,MY13
2021-09-11,1,1904,MY15,416,84.45192,91.01819,267.84375,270.24304,698.8317,655.90796,93.16143,99.1283,106.49467,MY15
2021-09-11,1,1903,MY17,254,96.8937,72.45551,182.9685,212.22467,579.84247,520.72375,131.55125,86.531845,111.2452,MY17
2021-09-21,1,1891,MY01,622,85.89871,53.450428,205.93246,162.34995,604.64954,510.8193,155.51419,126.04275,118.19051,MY01
2021-09-21,1,1892,MY02,290,114.83448,100.18104,284.67932,307.01517,809.3172,788.1922,113.93164,92.84142,102.66329,MY02
2021-09-21,1,1893,MY03,485,89.19382,95.85189,293.0495,302.38538,799.7257,757.8324,93.39816,96.96281,105.491806,MY03
2021-09-21,1,1894,MY04,9,102.0,74.9,224.22223,222.92223,555.2222,545.9259,133.91739,100.570366,101.68739,MY04
2021-09-21,1,37336,MY05,5,104.8,107.72667,387.40002,308.10666,1275.7999,925.6933,97.403755,125.324715,137.61783,MY05
2021-09-21,1,1895,MY06,53,70.35849,49.02453,177.15094,152.35283,585.7169,555.85535,139.4894,115.75957,105.324295,MY06
2021-09-21,1,1896,MY07,217,66.07373,51.182026,158.27649,154.04977,483.63593,488.8178,126.50617,102.657486,98.950645,MY07
2021-09-21,1,1897,MY08,1182,65.02961,66.934296,206.85278,201.97067,628.75214,561.0276,97.35219,102.35884,111.96488,MY08
2021-09-21,1,1898,MY09,672,118.572914,90.53815,294.60715,271.25906,800.5521,683.73486,129.34406,108.45152,116.961136,MY09
2021-09-21,1,1899,MY10,42,135.33333,108.709526,364.3333,321.16586,950.6667,841.7762,123.41387,113.23482,112.85941,MY10
2021-09-21,1,1900,MY11,31,112.0,104.110756,260.90323,310.56882,796.9678,778.1258,107.2305,84.261566,102.406,MY11
2021-09-21,1,1901,MY12,2407,99.66265,84.56882,280.8488,243.63162,724.8118,684.2813,116.85166,114.9688,105.88012,MY12
2021-09-21,1,1902,MY13,4031,96.34433,91.88097,298.76556,266.13757,894.4292,755.96136,104.607056,112.03374,118.19644,MY13
2021-09-21,1,1904,MY15,416,48.28846,80.24119,218.5697,248.58662,707.9639,679.68066,62.51492,88.16305,104.13087,MY15
2021-09-21,1,1903,MY17,254,99.32284,73.14357,236.90552,217.39357,618.81494,550.0921,133.5015,108.77361,112.38045,MY17
2021-10-01,1,1891,MY01,622,57.757236,60.716667,205.12218,166.35558,601.7348,511.34845,95.49668,122.62348,117.50492,MY01
2021-10-01,1,1892,MY02,290,116.034485,128.83723,327.04483,334.19562,808.87585,847.93896,90.43409,97.89184,95.42017,MY02
2021-10-01,1,1893,MY03,485,70.72165,110.93746,282.1526,316.1061,779.6433,807.23334,65.31249,89.42608,96.60319,MY03
2021-10-01,1,1894,MY04,9,35.88889,74.54074,227.0,223.61852,525.3333,570.4296,51.406223,101.47909,92.16302,MY04
2021-10-01,1,37336,MY05,5,127.8,145.79333,355.2,345.57333,1289.8,968.85333,88.06756,102.74599,132.95638,MY05
2021-10-01,1,1895,MY06,53,30.150944,56.19245,162.6981,154.69308,544.2453,545.8396,57.443268,105.01275,99.71057,MY06
2021-10-01,1,1896,MY07,217,35.751152,64.67404,159.35944,166.93579,454.3825,500.71213,58.488285,95.5935,90.83874,MY07
2021-10-01,1,1897,MY08,1182,56.163284,83.25429,199.02115,219.3566,615.50336,589.3711,69.303474,90.936104,104.39663,MY08
2021-10-01,1,1898,MY09,672,54.114582,108.90134,278.7232,292.66925,775.95087,735.14874,51.899815,95.31492,105.51269,MY09
2021-10-01,1,1899,MY10,42,108.61905,111.32619,378.66666,329.36508,931.3572,881.62775,97.672806,114.74483,105.60883,MY10
2021-10-01,1,1900,MY11,31,93.129036,131.70215,280.41934,341.12152,783.0323,844.4387,71.7831,82.46218,92.77094,MY11
2021-10-01,1,1901,MY12,2407,97.58994,89.68665,285.12296,254.27946,733.2414,710.7938,108.34679,111.895836,103.13604,MY12
2021-10-01,1,1902,MY13,4031,79.66509,109.59957,272.24658,283.75732,901.36127,790.9506,73.87907,96.013695,113.87154,MY13
2021-10-01,1,1904,MY15,416,79.9976,102.52812,212.73798,273.7875,700.8317,721.1463,79.04685,78.10177,97.202415,MY15
2021-10-01,1,1903,MY17,254,34.255905,75.345406,230.47244,220.94449,578.1496,571.76825,48.85893,104.21694,101.10639,MY17
2021-10-11,1,1891,MY01,622,56.6463,66.89453,200.30225,181.06163,589.9888,527.48956,85.74547,110.34099,111.73717,MY01
2021-10-11,1,1892,MY02,290,97.05173,123.71195,327.9207,352.73022,861.631,900.67035,79.28692,93.064735,95.68945,MY02
2021-10-11,1,1893,MY03,485,85.15876,111.44076,245.07422,318.2301,810.6639,857.51086,77.42886,77.36724,94.568535,MY03
2021-10-11,1,1894,MY04,9,71.77778,91.51852,209.66666,240.95926,561.3333,616.22595,79.5472,87.27732,91.16382,MY04
2021-10-11,1,37336,MY05,5,137.8,125.9,370.40002,379.42,1299.8,1000.79333,109.09091,97.65361,129.72845,MY05
2021-10-11,1,1895,MY06,53,53.264153,62.514465,153.77359,167.73145,529.2076,546.97864,86.29877,91.919334,96.78048,MY06
2021-10-11,1,1896,MY07,217,61.86175,74.762215,163.68663,190.61829,478.9217,524.13947,83.826355,86.23255,91.45447,MY07
2021-10-11,1,1897,MY08,1182,78.8824,90.534515,200.07529,240.7231,649.64044,629.1975,87.80324,83.45788,103.223434,MY08
2021-10-11,1,1898,MY09,672,68.96875,113.70873,241.65625,313.14822,790.86755,789.11914,62.311127,77.528725,100.22017,MY09
2021-10-11,1,1899,MY10,42,64.95238,105.381744,308.90475,325.41748,959.881,918.54285,63.373142,95.002464,104.476036,MY10
2021-10-11,1,1900,MY11,31,85.548386,132.12259,290.67743,367.9355,836.83875,905.8355,66.03462,79.283806,92.4249,MY11
2021-10-11,1,1901,MY12,2407,82.910675,91.04505,280.16327,265.3005,751.3386,739.96375,91.53066,105.49861,101.5269,MY12
2021-10-11,1,1902,MY13,4031,100.700325,101.43054,276.70975,302.91107,923.5212,829.57904,99.3139,91.49062,111.25623,MY13
2021-10-11,1,1904,MY15,416,102.41586,105.780205,230.70192,288.54953,750.6538,772.0371,96.96305,80.29375,97.24809,MY15
2021-10-11,1,1903,MY17,254,67.44882,89.61339,201.02756,238.10236,598.0669,610.3635,76.57354,84.749306,98.00173,MY17
2021-10-21,1,1891,MY01,622,82.17203,87.83543,196.57556,215.44662,647.2219,558.9172,93.89953,91.43962,115.659164,MY01
2021-10-21,1,1892,MY02,290,155.78966,138.29356,368.87585,390.84277,959.4586,961.978,112.20996,94.45059,99.739456,MY02
2021-10-21,1,1893,MY03,485,110.09072,140.14343,265.97113,362.52164,846.9422,920.9432,79.29447,73.7293,92.00804,MY03
2021-10-21,1,1894,MY04,9,107.77778,109.68148,215.44446,275.74075,622.0,668.2185,98.34001,78.52242,93.1347,MY04
2021-10-21,1,37336,MY05,5,125.6,151.51334,391.2,423.20667,1398.0,1051.7067,83.443375,92.52541,132.771,MY05
2021-10-21,1,1895,MY06,53,83.18868,81.04151,166.60379,199.74843,576.09436,564.10315,102.49551,83.81202,102.10703,MY06
2021-10-21,1,1896,MY07,217,106.48387,96.22012,204.09677,235.65637,543.0645,564.192,110.14002,86.88603,96.288155,MY07
2021-10-21,1,1897,MY08,1182,112.80288,119.2586,247.84857,293.0474,705.692,690.66516,94.80461,84.83502,102.16007,MY08
2021-10-21,1,1898,MY09,672,145.7247,131.5936,268.80804,354.20367,867.369,851.91785,110.34537,76.2264,101.803116,MY09
2021-10-21,1,1899,MY10,42,130.5238,118.20873,304.0952,334.91666,1010.23804,958.43414,109.99529,90.93265,105.37701,MY10
2021-10-21,1,1900,MY11,31,174.12903,137.94409,352.80646,401.76883,953.5806,968.02686,125.31404,87.9631,98.515335,MY11
2021-10-21,1,1901,MY12,2407,102.545494,105.43735,283.0461,286.16904,827.2659,772.7803,97.381454,98.92745,107.00527,MY12
2021-10-21,1,1902,MY13,4031,130.46614,128.2247,310.83154,339.25482,1023.9258,884.8521,101.68245,91.74354,115.62885,MY13
2021-10-21,1,1904,MY15,416,101.51683,147.22516,283.9303,355.5335,773.19714,847.7241,69.97321,80.13965,91.26013,MY15
2021-10-21,1,1903,MY17,254,106.09843,115.23019,207.80316,280.18896,650.0866,664.75854,92.40477,74.6183,97.80937,MY17
2021-11-01,1,1891,MY01,622,85.773315,90.76233,224.59164,245.49228,649.5884,594.1679,94.790215,91.65618,109.249565,MY01
2021-11-01,1,1892,MY02,290,87.7,94.10667,340.54138,356.11218,984.79315,981.7978,93.53558,95.688095,100.30354,MY02
2021-11-01,1,1893,MY03,485,180.23093,140.86804,375.4804,392.45224,947.6,988.5676,126.98526,95.72984,95.87671,MY03
2021-11-01,1,1894,MY04,9,102.333336,113.91111,281.8889,315.1111,666.88885,736.7222,90.263504,89.62166,90.58497,MY04
2021-11-01,1,37336,MY05,5,156.0,118.433334,419.4,395.84665,1468.2,1079.3867,130.43478,105.8759,135.85559,MY05
2021-11-01,1,1895,MY06,53,58.433964,78.1717,194.8868,221.72768,556.8302,576.2843,76.268684,88.16162,96.65325,MY06
2021-11-01,1,1896,MY07,217,81.65899,96.44455,250.00461,267.42688,563.4194,609.4369,85.42498,93.60479,92.51062,MY07
2021-11-01,1,1897,MY08,1182,107.47377,118.4152,299.15906,328.2083,733.868,752.5144,91.13445,91.28196,97.53847,MY08
2021-11-01,1,1898,MY09,672,112.10268,109.46503,326.79614,354.76736,899.1815,899.2814,102.30433,92.2252,99.98895,MY09
2021-11-01,1,1899,MY10,42,79.38095,82.69127,274.85712,306.28174,1043.3572,955.37384,96.22503,89.90477,109.16136,MY10
2021-11-01,1,1900,MY11,31,70.258064,87.62366,329.9355,357.69034,952.3548,987.7645,81.25145,92.34751,96.43322,MY11
2021-11-01,1,1901,MY12,2407,80.600334,85.590614,266.05652,282.073,836.4616,787.9073,94.491394,94.42077,106.12358,MY12
2021-11-01,1,1902,MY13,4031,124.63359,116.95605,355.80005,346.6113,1055.353,922.30505,106.295334,102.61333,114.34782,MY13
2021-11-01,1,1904,MY15,416,175.57692,196.62692,379.5096,449.6323,865.15625,973.7218,89.55992,84.57596,88.90742,MY15
2021-11-01,1,1903,MY17,254,120.45276,135.57756,294.0,340.42114,705.1221,755.3299,89.24096,86.561,93.396576,MY17
2021-11-11,1,1891,MY01,622,74.93408,90.405304,242.87943,269.00305,636.5177,627.8563,83.78368,90.465935,101.36862,MY01
2021-11-11,1,1892,MY02,290,139.95172,89.86529,383.44138,322.2655,1000.79663,992.4522,152.79742,118.69304,100.83658,MY02
2021-11-11,1,1893,MY03,485,170.53195,149.43512,460.8536,430.4466,1021.26184,1063.7775,113.660645,106.98295,96.02203,MY03
2021-11-11,1,1894,MY04,9,95.44444,106.03333,305.55554,329.62592,668.1111,787.1037,90.463326,92.80678,84.977646,MY04
2021-11-11,1,37336,MY05,5,55.6,123.46667,337.2,393.41333,1262.9999,1092.54,47.171764,85.8907,115.53109,MY05
2021-11-11,1,1895,MY06,53,44.490566,80.44717,186.11322,239.66037,508.58493,589.88367,57.919495,78.11368,86.33368,MY06
2021-11-11,1,1896,MY07,217,75.07834,94.90323,263.2212,287.5679,558.46545,649.94147,80.15591,91.67827,86.03295,MY07
2021-11-11,1,1897,MY08,1182,91.93485,113.58559,312.2115,351.2594,734.9543,806.75134,81.74252,89.03947,91.15529,MY08
2021-11-11,1,1898,MY09,672,131.75,110.73661,389.5774,351.79523,921.3036,941.7661,118.15622,110.58931,97.83869,MY09
2021-11-11,1,1899,MY10,42,139.40475,74.97143,349.3095,275.87143,1001.5952,940.6055,180.57043,126.14651,106.44981,MY10
2021-11-11,1,1900,MY11,31,96.354836,87.35376,340.7419,312.9215,909.9355,1001.1871,109.7463,108.75071,90.930954,MY11
2021-11-11,1,1901,MY12,2407,60.04819,81.1002,243.19402,272.12814,829.0457,786.8128,75.54941,89.559296,105.333694,MY12
2021-11-11,1,1902,MY13,4031,63.032497,123.861374,318.13223,369.0421,937.1659,955.96655,52.795105,86.38927,98.043564,MY13
2021-11-11,1,1904,MY15,416,156.75722,197.3787,433.85095,541.2308,932.3966,1100.0233,79.927986,80.341675,84.83048,MY15
2021-11-11,1,1903,MY17,254,117.637794,133.6025,344.18896,384.41022,728.18506,834.73724,88.48167,89.671234,87.31124,MY17
2021-11-21,1,1891,MY01,622,86.14791,88.1082,246.85532,269.27582,649.36334,647.0724,97.89461,91.82556,100.35133,MY01
2021-11-21,1,1892,MY02,290,130.75172,80.64724,358.40344,264.6192,1011.9586,962.4771,158.50099,134.78397,105.11449,MY02
2021-11-21,1,1893,MY03,485,196.2536,140.81003,547.0165,431.1132,1106.0371,1096.0203,138.02452,126.57642,100.90978,MY03
2021-11-21,1,1894,MY04,9,138.11111,101.18519,335.8889,321.12964,775.55554,819.7926,134.77502,104.52558,94.63658,MY04
2021-11-21,1,37336,MY05,5,75.2,112.36667,286.8,354.26666,1065.3999,1085.58,68.332855,81.221,98.149605,MY05
2021-11-21,1,1895,MY06,53,94.0566,72.7195,196.98114,231.33836,540.73584,583.43964,127.453995,85.46269,92.74288,MY06
2021-11-21,1,1896,MY07,217,114.1659,90.14762,270.90323,281.4954,633.2765,671.20154,125.24317,96.30285,94.39146,MY07
2021-11-21,1,1897,MY08,1182,159.2445,121.22292,358.65314,353.22372,813.3545,848.24176,130.12256,101.51565,95.91121,MY08
2021-11-21,1,1898,MY09,672,151.75,107.21855,395.60266,327.4202,959.0178,952.88293,139.68279,120.510925,100.640465,MY09
2021-11-21,1,1899,MY10,42,125.166664,63.102383,343.95236,220.76508,1012.3809,876.84766,191.13376,154.56436,115.36924,MY10
2021-11-21,1,1900,MY11,31,113.870964,83.30215,280.48386,258.27957,894.19354,970.6172,134.61842,108.43372,92.16664,MY11
2021-11-21,1,1901,MY12,2407,75.678024,82.27668,216.32655,248.96748,780.2215,778.7682,92.439384,87.14759,100.18543,MY12
2021-11-21,1,1902,MY13,4031,109.29943,117.092415,296.9655,357.90985,906.5626,963.3022,93.61714,83.20676,94.140305,MY13
2021-11-21,1,1904,MY15,416,263.10336,200.47372,595.4375,594.4793,1097.9375,1198.5995,130.4806,100.159836,91.63659,MY15
2021-11-21,1,1903,MY17,254,169.85826,128.5941,407.9488,397.77414,852.65753,895.3567,130.88771,102.52614,95.25753,MY17
2021-12-01,1,1891,MY01,622,103.35531,121.56238,264.43732,300.0759,694.1511,711.92377,85.61415,88.31813,97.52098,MY01
2021-12-01,1,1892,MY02,290,62.041378,73.40747,332.7448,243.92,1000.33105,934.2278,85.503815,135.68408,107.03805,MY02
2021-12-01,1,1893,MY03,485,269.24948,191.64027,636.03503,481.88544,1293.668,1190.4437,139.4676,131.66034,108.6348,MY03
2021-12-01,1,1894,MY04,9,110.111115,84.5963,343.6667,291.81482,852.55554,830.54443,128.47754,117.46943,102.634346,MY04
2021-12-01,1,37336,MY05,5,68.2,101.82,198.99998,337.65332,973.6,1079.0734,68.52649,59.53539,90.27064,MY05
2021-12-01,1,1895,MY06,53,85.50944,79.36981,224.05661,232.53648,581.64154,608.9572,107.27704,96.43008,95.55088,MY06
2021-12-01,1,1896,MY07,217,97.24424,101.22719,286.48846,286.27805,695.8526,720.6407,96.25054,100.07224,96.58398,MY07
2021-12-01,1,1897,MY08,1182,131.45432,170.1559,382.63367,404.96442,880.81396,952.52936,77.904495,94.55301,92.510376,MY08
2021-12-01,1,1898,MY09,672,127.8244,103.90169,411.3244,321.85684,1016.84375,969.29346,121.967255,127.3721,104.880486,MY09
2021-12-01,1,1899,MY10,42,36.02381,53.54524,300.5952,191.61905,954.1191,827.26587,70.07198,155.42502,115.24191,MY10
2021-12-01,1,1900,MY11,31,48.548386,56.37312,258.77417,227.02902,869.129,925.8409,87.25056,113.68154,93.907455,MY11
2021-12-01,1,1901,MY12,2407,116.01247,93.11213,251.73868,256.489,802.91815,792.8415,123.34099,98.18335,101.262985,MY12
2021-12-01,1,1902,MY13,4031,122.935745,127.552,295.26767,368.5058,923.3143,998.8744,96.5174,80.39171,92.47315,MY13
2021-12-01,1,1904,MY15,416,378.16586,278.25793,798.0265,676.11035,1390.274,1399.5302,135.27101,117.89962,99.34098,MY15
2021-12-01,1,1903,MY17,254,117.34252,98.6601,404.8386,360.8567,929.31104,922.2223,118.022766,112.02162,100.76451,MY17
2021-12-11,1,1891,MY01,622,187.0852,110.76683,376.58844,320.4374,819.7701,770.5021,165.92421,117.25402,106.35304,MY01
2021-12-11,1,1892,MY02,290,68.22069,62.671036,261.0138,216.72575,972.37585,891.7215,108.20093,119.97424,108.99436,MY02
2021-12-11,1,1893,MY03,485,251.85567,190.32303,717.35876,522.7733,1423.2866,1271.4501,131.503,136.86913,111.89522,MY03
2021-12-11,1,1894,MY04,9,199.77777,79.26667,448.0,265.04816,963.2222,835.63336,243.0116,167.74785,115.177704,MY04
2021-12-11,1,37336,MY05,5,88.8,96.62,232.2,310.80667,939.8,1083.64,92.304665,75.109245,86.787186,MY05
2021-12-11,1,1895,MY06,53,139.73586,68.65472,319.30188,220.74402,659.1887,628.13586,196.50589,143.65913,104.90462,MY06
2021-12-11,1,1896,MY07,217,196.35023,89.14608,407.76038,280.5209,834.6682,758.70703,213.87003,144.56398,109.94638,MY07
2021-12-11,1,1897,MY08,1182,354.4653,163.70654,645.1641,455.08536,1157.4509,1047.0679,213.07135,141.3138,110.49201,MY08
2021-12-11,1,1898,MY09,672,152.6875,96.20109,432.2619,307.32132,1063.4956,972.2648,155.81602,140.00386,109.33533,MY09
2021-12-11,1,1899,MY10,42,33.642857,38.76032,194.83333,155.40794,853.0476,756.69684,88.3057,124.5782,112.64949,MY10
2021-12-11,1,1900,MY11,31,58.51613,49.855915,220.93547,189.53117,852.35486,870.3882,115.78719,116.143585,97.939964,MY11
2021-12-11,1,1901,MY12,2407,92.349815,97.04548,284.0403,272.4343,807.3976,809.863,95.39846,104.18334,99.69745,MY12
2021-12-11,1,1902,MY13,4031,130.94965,116.0308,363.1848,360.67523,958.0268,1032.6284,112.32649,100.68629,92.81037,MY13
2021-12-11,1,1904,MY15,416,407.5457,287.67484,1048.815,766.4065,1713.3678,1596.1868,140.95702,136.60956,107.31839,MY15
2021-12-11,1,1903,MY17,254,219.55511,90.019684,506.7559,317.2739,1051.9724,939.7865,236.32483,158.79533,111.874214,MY17
2021-12-21,1,1891,MY01,622,91.86174,131.52899,382.30225,363.8582,825.73315,848.5807,70.945915,105.00032,97.323326,MY01
2021-12-21,1,1892,MY02,290,29.855173,56.11908,160.11725,192.19759,887.39655,847.65955,57.0283,83.73188,104.660355,MY02
2021-12-21,1,1893,MY03,485,122.57114,178.34523,643.6763,560.30853,1456.664,1353.9434,69.579735,114.7473,107.55886,MY03
2021-12-21,1,1894,MY04,9,90.77778,93.844444,400.66666,257.7074,952.0,854.57776,96.897484,154.41766,111.333725,MY04
2021-12-21,1,37336,MY05,5,60.6,116.68667,217.6,315.12668,895.6,1092.6,53.908943,69.53497,82.05175,MY05
2021-12-21,1,1895,MY06,53,84.754715,74.40692,310.0,222.43144,673.5849,653.51825,113.03135,138.50328,103.04724,MY06
2021-12-21,1,1896,MY07,217,107.70968,100.39309,401.30417,290.76636,876.30414,807.9181,106.94219,137.37335,108.41242,MY07
2021-12-21,1,1897,MY08,1182,178.88493,170.92001,664.80457,504.78247,1271.3063,1151.0536,104.52758,131.39027,110.402,MY08
2021-12-21,1,1898,MY09,672,62.473213,99.975746,342.9851,300.07852,1007.3958,981.7024,64.27505,114.06411,102.60397,MY09
2021-12-21,1,1899,MY10,42,21.285715,31.405556,90.952385,123.71111,739.0,679.3929,72.20248,74.54864,108.70949,MY10
2021-12-21,1,1900,MY11,31,22.32258,45.73441,129.3871,151.96344,762.6774,812.01184,53.854145,85.61681,93.9616,MY11
2021-12-21,1,1901,MY12,2407,77.244705,108.183395,285.607,298.341,784.9796,833.47754,72.66499,95.80208,94.21595,MY12
2021-12-21,1,1902,MY13,4031,96.26296,150.32993,350.14835,393.91275,957.9454,1091.0774,65.192184,89.02908,87.853775,MY13
2021-12-21,1,1904,MY15,416,250.05289,265.21008,1035.7644,831.1429,1915.1322,1781.1556,94.39059,124.472084,107.50084,MY15
2021-12-21,1,1903,MY17,254,99.88976,100.42848,436.7874,289.10828,1052.5393,967.0714,99.48902,150.21251,108.79235,MY17
2022-01-01,1,1891,MY01,622,144.50322,100.24657,423.4502,337.89624,912.4791,888.2762,142.05045,124.95039,102.70946,MY01
2022-01-01,1,1892,MY02,290,19.76207,36.81517,117.83793,152.15115,791.12415,753.9038,59.21791,78.16547,104.90449,MY02
2022-01-01,1,1893,MY03,485,37.569073,107.75285,411.99588,464.76672,1423.5114,1349.7665,37.754322,88.76659,105.44336,MY03
2022-01-01,1,1894,MY04,9,117.111115,73.91482,407.66666,243.45926,1033.2222,847.5741,154.73788,166.09027,121.77501,MY04
2022-01-01,1,37336,MY05,5,60.6,81.333336,210.0,295.64,828.39996,1041.6866,75.98455,71.5141,79.62268,MY05
2022-01-01,1,1895,MY06,53,97.09434,42.291195,321.5849,182.57108,740.5283,639.1962,215.88445,174.11263,115.729996,MY06
2022-01-01,1,1896,MY07,217,127.29954,57.937172,431.35944,243.20769,967.85254,798.98016,210.2089,175.80417,121.00455,MY07
2022-01-01,1,1897,MY08,1182,169.97969,103.77095,703.3299,431.99734,1385.1227,1172.1661,160.86987,162.09021,118.09061,MY08
2022-01-01,1,1898,MY09,672,52.191963,70.50863,267.35266,262.27505,1005.4732,937.49915,75.74229,101.899765,107.21211,MY09
2022-01-01,1,1899,MY10,42,6.3809524,24.020636,61.309525,91.363495,636.7619,593.87225,39.21676,68.81187,107.161736,MY10
2022-01-01,1,1900,MY11,31,12.67742,40.83656,93.51613,134.51828,682.22577,716.79675,38.5662,70.611626,95.21043,MY11
2022-01-01,1,1901,MY12,2407,80.276695,95.2145,249.87122,299.5567,767.6663,848.112,85.09416,83.68597,90.57033,MY12
2022-01-01,1,1902,MY13,4031,116.48003,133.04828,343.69263,399.57355,994.7603,1116.8174,87.998215,86.1877,89.119705,MY13
2022-01-01,1,1904,MY15,416,89.85336,153.06058,747.4519,689.78687,1924.988,1836.0808,60.010765,108.299675,104.82907,MY15
2022-01-01,1,1903,MY17,254,112.86614,77.026115,432.31104,263.56418,1131.1495,960.9765,143.69344,162.83298,117.61669,MY17
2022-01-11,1,1891,MY01,622,14.067524,82.84357,250.43248,312.61478,869.9004,905.41187,21.706226,80.422104,96.0994,MY01
2022-01-11,1,1892,MY02,290,4.096552,29.090115,53.71379,120.98391,698.169,659.6484,26.68384,46.6042,105.79565,MY02
2022-01-11,1,1893,MY03,485,3.1731958,71.02625,163.31342,356.11478,1341.5259,1311.3802,10.750491,46.609394,102.29003,MY03
2022-01-11,1,1894,MY04,9,26.555555,62.774075,234.44444,229.46666,988.0,821.5296,46.559917,102.123024,120.140884,MY04
2022-01-11,1,37336,MY05,5,28.6,75.026665,149.8,273.39334,719.19995,993.2867,41.986004,55.60478,72.54429,MY05
2022-01-11,1,1895,MY06,53,7.735849,35.206917,189.58492,150.8937,695.0,613.5465,31.675768,124.81897,113.168526,MY06
2022-01-11,1,1896,MY07,217,5.1013823,46.906452,240.1106,203.2298,911.09216,772.98895,19.460745,117.71158,117.75131,MY07
2022-01-11,1,1897,MY08,1182,6.3688664,79.529274,355.2335,353.06885,1312.6091,1164.2456,13.449619,100.60454,112.68883,MY08
2022-01-11,1,1898,MY09,672,14.662203,55.39107,129.32738,225.0938,951.1667,881.5605,32.55813,58.3794,107.851265,MY09
2022-01-11,1,1899,MY10,42,3.0238094,15.603969,30.690477,70.03889,574.8333,502.74127,38.943027,47.56264,114.19858,MY10
2022-01-11,1,1900,MY11,31,7.290323,30.363441,42.29032,116.527954,603.9677,615.6656,34.75432,38.91312,98.11527,MY11
2022-01-11,1,1901,MY12,2407,65.17699,90.80554,222.69838,292.5835,749.9327,847.1312,73.2494,76.51579,88.593475,MY12
2022-01-11,1,1902,MY13,4031,150.00546,126.939926,362.74844,411.57568,1044.0656,1144.2448,117.48185,88.2789,91.28304,MY13
2022-01-11,1,1904,MY15,416,3.6394231,100.32837,343.5457,515.87787,1826.2115,1833.3256,8.202371,66.91505,99.613014,MY15
2022-01-11,1,1903,MY17,254,29.720472,62.917454,242.47638,239.52126,1093.4213,937.1676,51.121582,101.208534,116.58449,MY17
2022-01-21,1,1891,MY01,622,9.773312,93.333336,168.34406,276.42346,797.50165,910.567,15.023706,61.59545,87.65078,MY01
2022-01-21,1,1892,MY02,290,8.434483,35.21701,32.293106,101.1223,550.81384,559.12036,33.404976,35.14163,98.52753,MY02
2022-01-21,1,1893,MY03,485,6.3938146,83.37615,47.13608,262.15527,1237.829,1254.7751,12.892408,19.515272,98.65482,MY03
2022-01-21,1,1894,MY04,9,55.555557,76.02963,199.22223,212.71852,935.7777,790.22595,74.732605,93.80103,118.30319,MY04
2022-01-21,1,37336,MY05,5,130.6,71.62667,219.8,227.98666,724.19995,913.14667,176.96188,96.48621,79.42086,MY05
2022-01-21,1,1895,MY06,53,13.849056,35.906918,118.679245,113.40503,625.6604,569.14716,46.07792,104.454384,109.842995,MY06
2022-01-21,1,1896,MY07,217,15.981566,46.159447,148.38249,151.00307,820.58984,723.70984,41.012108,98.32018,113.29473,MY07
2022-01-21,1,1897,MY08,1182,11.857022,79.289116,188.20558,262.58936,1211.6633,1124.4325,19.999048,72.20226,107.72343,MY08
2022-01-21,1,1898,MY09,672,31.494047,68.078224,98.34821,193.97792,836.936,821.1684,49.938335,51.93954,101.908516,MY09
2022-01-21,1,1899,MY10,42,16.095238,16.875397,25.5,56.5,460.40472,403.3635,96.433624,49.5935,113.968254,MY10
2022-01-21,1,1900,MY11,31,12.935484,42.0129,32.90323,113.212906,442.77414,523.0882,38.15013,32.06353,84.79155,MY11
2022-01-21,1,1901,MY12,2407,107.36144,86.808975,252.81512,272.829,754.74866,827.4408,122.38612,92.79633,91.26759,MY12
2022-01-21,1,1902,MY13,4031,173.02902,138.74223,439.5145,398.73044,1086.6284,1156.1351,123.85297,110.10181,94.0139,MY13
2022-01-21,1,1904,MY15,416,4.045673,100.6597,97.53845,354.04865,1728.7404,1785.6006,8.561139,28.558372,96.82452,MY15
2022-01-21,1,1903,MY17,254,57.480316,72.07441,200.06693,212.01797,1044.8031,896.6214,81.064926,94.493065,116.43503,MY17
2022-02-01,1,1891,MY01,622,145.69453,47.915485,169.53537,224.09239,857.42285,867.04315,284.78345,76.18558,98.896805,MY01
2022-02-01,1,1892,MY02,290,73.96896,23.372068,86.5,87.6792,537.08276,488.11334,278.33347,98.72765,109.93066,MY02
2022-02-01,1,1893,MY03,485,99.11134,27.661375,108.67835,182.06378,1156.7092,1139.8756,318.7598,60.769836,101.47034,MY03
2022-02-01,1,1894,MY04,9,146.11111,60.72963,228.22223,199.53333,979.55554,737.7074,229.89803,114.02652,132.56305,MY04
2022-02-01,1,37336,MY05,5,28.4,47.48,187.6,194.13333,596.60004,836.67334,63.643295,96.719124,71.47667,MY05
2022-02-01,1,1895,MY06,53,103.56604,31.66415,125.15095,102.777985,670.7925,521.5383,296.10953,120.75837,128.3463,MY06
2022-02-01,1,1896,MY07,217,110.115204,36.584946,131.19815,129.65085,849.046,663.7401,276.81943,101.14912,127.7097,MY07
2022-02-01,1,1897,MY08,1182,128.6066,44.38494,146.83249,203.20332,1232.7961,1049.7896,270.54117,72.9251,117.35005,MY08
2022-02-01,1,1898,MY09,672,118.291664,39.38651,164.4479,162.8558,843.125,750.56744,277.7683,100.94849,112.25008,MY09
2022-02-01,1,1899,MY10,42,52.238094,11.595238,71.35714,44.074604,433.26187,332.28888,344.90674,155.59401,129.93665,MY10
2022-02-01,1,1900,MY11,31,138.09677,32.731182,158.32257,105.10753,510.61285,467.8344,379.25333,148.33006,109.04723,MY11
2022-02-01,1,1901,MY12,2407,73.843376,85.9525,246.3818,263.56702,747.9917,825.30426,86.68632,93.60114,90.688644,MY12
2022-02-01,1,1902,MY13,4031,141.85066,116.49151,464.88513,382.17368,1103.8456,1156.2256,120.87319,121.36288,95.48924,MY13
2022-02-01,1,1904,MY15,416,164.58894,34.4,172.27403,235.38806,1717.7524,1619.6406,430.4288,73.74494,106.03899,MY15
2022-02-01,1,1903,MY17,254,131.1181,51.30761,218.3189,186.29947,1055.4685,812.93884,241.74016,116.737854,129.65132,MY17
2022-02-11,1,1891,MY01,622,76.32797,37.718487,231.79582,178.96732,858.8168,810.7472,190.38121,128.71625,105.89271,MY01
2022-02-11,1,1892,MY02,290,115.76207,37.9677,198.16551,96.556786,512.8931,435.2999,281.05313,200.05115,117.62282,MY02
2022-02-11,1,1893,MY03,485,146.0763,39.27237,251.58145,150.3099,1132.2537,1027.1053,341.24283,165.20612,110.187744,MY03
2022-02-11,1,1894,MY04,9,69.55556,60.64074,271.22223,197.4,953.6666,689.4482,113.58123,136.47343,138.04726,MY04
2022-02-11,1,37336,MY05,5,73.0,42.886665,232.0,161.99333,614.0,755.4267,162.8846,141.92183,81.401665,MY05
2022-02-11,1,1895,MY06,53,65.396225,33.872326,182.81133,101.4434,691.69806,470.71823,181.096,176.44243,146.45183,MY06
2022-02-11,1,1896,MY07,217,76.230415,34.02673,202.32718,116.77112,850.1982,599.3653,208.14047,170.25972,141.50352,MY07
2022-02-11,1,1897,MY08,1182,144.66243,35.62442,285.12604,159.29848,1285.5237,966.7734,368.4051,176.58475,132.80089,MY08
2022-02-11,1,1898,MY09,672,81.80655,50.67262,231.59225,158.13734,793.1815,689.39044,155.92323,145.02643,114.94708,MY09
2022-02-11,1,1899,MY10,42,121.333336,20.009523,189.66666,48.48016,415.1905,276.06668,505.14093,363.9979,149.4985,MY10
2022-02-11,1,1900,MY11,31,94.58064,48.749462,245.6129,123.493546,508.83868,428.92365,185.26816,195.03929,118.41685,MY11
2022-02-11,1,1901,MY12,2407,123.7848,83.10173,304.98962,255.8632,811.72833,826.5783,146.17737,118.832245,98.21425,MY12
2022-02-11,1,1902,MY13,4031,125.02109,111.43038,439.9008,366.66412,1165.8341,1143.2156,111.67282,119.70507,101.96989,MY13
2022-02-11,1,1904,MY15,416,236.94952,43.64367,405.58414,178.70337,1797.9448,1459.5908,497.3916,223.50388,123.10228,MY15
2022-02-11,1,1903,MY17,254,62.72441,51.848164,251.32283,175.23018,1000.55505,728.1035,119.1321,142.2197,137.16412,MY17
2022-02-21,1,1891,MY01,622,108.45499,31.283012,330.47748,116.916985,881.1238,752.45807,312.6945,275.16876,116.98651,MY01
2022-02-21,1,1892,MY02,290,114.2,30.14862,303.93103,91.48839,496.34143,380.64804,339.13135,320.17432,129.99973,MY02
2022-02-21,1,1893,MY03,485,204.14227,36.91072,449.3299,103.84447,1140.1423,914.7802,499.0186,417.41205,124.50174,MY03
2022-02-21,1,1894,MY04,9,164.22223,57.477776,379.88892,178.84814,979.7778,644.93335,270.85187,209.35153,151.5198,MY04
2022-02-21,1,37336,MY05,5,10.0,30.04,111.4,120.40667,548.80005,669.62,42.808216,92.81803,82.09067,MY05
2022-02-21,1,1895,MY06,53,96.79245,34.131447,265.7547,99.66792,694.43396,431.7547,260.12952,258.67972,160.14343,MY06
2022-02-21,1,1896,MY07,217,122.73733,32.873577,309.08295,103.48525,858.7696,540.5178,337.27292,289.51672,158.33939,MY07
2022-02-21,1,1897,MY08,1182,180.06769,32.78522,453.33673,112.794586,1306.3469,873.82434,489.78854,389.0983,149.21605,MY08
2022-02-21,1,1898,MY09,672,126.8497,43.837353,326.9479,133.89648,768.28125,623.81976,269.97717,238.98943,122.97343,MY09
2022-02-21,1,1899,MY10,42,76.42857,17.827778,250.0,49.43254,366.4524,226.13809,356.70828,468.46976,160.70583,MY10
2022-02-21,1,1900,MY11,31,85.70968,36.13871,318.3871,117.619354,480.6774,380.27957,220.49713,263.7325,126.05843,MY11
2022-02-21,1,1901,MY12,2407,114.048195,59.6462,311.67636,228.70042,850.0985,802.2227,184.15344,135.50526,105.93092,MY12
2022-02-21,1,1902,MY13,4031,55.254776,85.76123,322.12653,313.68314,1111.7893,1109.2164,66.38823,102.64946,100.23091,MY13
2022-02-21,1,1904,MY15,416,269.86057,39.646553,671.39905,117.69022,1804.7019,1286.3788,615.63666,551.3064,140.13718,MY15
2022-02-21,1,1903,MY17,254,120.40551,48.08819,314.24802,151.24396,951.1024,647.5955,236.22113,204.32663,146.50766,MY17
2022-03-01,1,1891,MY01,622,71.79582,53.97701,256.5788,122.97851,849.5644,684.9671,130.21315,204.39275,123.85582,MY01
2022-03-01,1,1892,MY02,290,93.86207,48.941265,323.82413,117.05759,528.16205,356.88794,183.27725,269.40082,147.32794,MY02
2022-03-01,1,1893,MY03,485,86.21649,48.551823,436.43506,124.73492,957.1093,771.5654,170.33313,340.25925,123.89288,MY03
2022-03-01,1,1894,MY04,9,188.0,64.35555,421.77777,182.47408,1057.6667,625.4667,278.2762,227.64629,168.55241,MY04
2022-03-01,1,37336,MY05,5,57.8,33.64,140.8,106.566666,538.4,596.34,162.52588,130.6842,90.36485,MY05
2022-03-01,1,1895,MY06,53,103.28302,44.93962,265.47168,112.9434,712.2076,398.29245,216.82787,229.32329,177.83809,MY06
2022-03-01,1,1896,MY07,217,108.80645,48.582336,307.7742,115.48264,870.3318,488.34116,212.39545,259.60104,177.4293,MY07
2022-03-01,1,1897,MY08,1182,85.87394,48.703724,410.60403,117.113365,1260.7664,752.314,169.21347,340.34277,167.1389,MY08
2022-03-01,1,1898,MY09,672,116.84226,63.67862,325.4985,158.18858,757.2991,583.31946,177.4093,202.5255,129.57231,MY09
2022-03-01,1,1899,MY10,42,91.809525,35.734127,289.5714,73.57143,422.2381,209.00952,237.66196,374.9091,199.63509,MY10
2022-03-01,1,1900,MY11,31,110.548386,53.53871,290.83868,138.42688,542.6774,378.05267,197.388,206.26447,142.97707,MY11
2022-03-01,1,1901,MY12,2407,172.4408,65.63948,410.2738,208.3874,906.52686,771.5111,251.1921,194.61028,117.38748,MY12
2022-03-01,1,1902,MY13,4031,116.24138,97.78273,296.51724,294.97433,1105.095,1076.7216,117.9589,100.51435,102.622986,MY13
2022-03-01,1,1904,MY15,416,103.50481,43.607533,610.3149,126.89776,1530.0408,1052.0726,223.22633,466.50897,145.2162,MY15
2022-03-01,1,1903,MY17,254,176.89764,57.666534,360.02756,157.60289,1010.65753,607.46655,290.26282,224.49022,165.83069,MY17
2022-03-11,1,1891,MY01,622,47.559486,54.053535,227.8103,139.31355,710.03864,630.8956,89.00311,161.32254,112.445915,MY01
2022-03-11,1,1892,MY02,290,119.28621,56.3977,327.34827,135.48758,579.22754,353.0283,202.42813,236.56772,163.17915,MY02
2022-03-11,1,1893,MY03,485,55.206184,54.274982,345.56494,139.73753,760.4598,646.1622,101.570984,242.20734,117.552864,MY03
2022-03-11,1,1894,MY04,9,63.555557,67.422226,415.77777,189.25555,921.44446,616.1222,94.660934,216.61041,149.15656,MY04
2022-03-11,1,37336,MY05,5,82.4,35.36,150.20001,99.04,532.0,534.4267,216.55104,149.1734,99.55013,MY05
2022-03-11,1,1895,MY06,53,38.490566,49.16604,238.56604,128.2371,610.9622,380.57422,80.29121,182.80646,159.75192,MY06
2022-03-11,1,1896,MY07,217,44.497696,49.962673,276.04147,131.41858,718.47925,451.41953,90.05693,206.01408,158.5119,MY07
2022-03-11,1,1897,MY08,1182,34.126904,48.266552,300.0685,129.7555,940.4281,642.1228,73.454926,226.38669,146.09717,MY08
2022-03-11,1,1898,MY09,672,71.08185,69.668205,314.7738,177.18417,675.6935,560.41534,101.893234,175.52226,120.38822,MY09
2022-03-11,1,1899,MY10,42,105.47619,42.246826,273.7143,95.80873,494.0714,214.32777,233.82776,276.47833,227.54593,MY10
2022-03-11,1,1900,MY11,31,68.129036,57.896774,264.3871,147.57419,552.2903,387.5957,116.26833,176.56139,141.95018,MY11
2022-03-11,1,1901,MY12,2407,93.0054,70.492424,379.4944,195.7781,907.1824,744.22485,129.8215,191.50214,121.75015,MY12
2022-03-11,1,1902,MY13,4031,122.59266,107.51873,294.0888,291.06268,1096.738,1069.3025,113.39681,101.022125,102.553795,MY13
2022-03-11,1,1904,MY15,416,32.06971,46.1887,405.43506,129.44278,1154.5648,824.02405,72.41776,305.28604,139.87108,MY15
2022-03-11,1,1903,MY17,254,56.66142,62.30643,353.96457,168.06116,847.7638,582.8126,91.61297,207.42064,145.07408,MY17
2022-03-21,1,1891,MY01,622,83.74277,71.5336,203.09808,179.56415,701.9197,572.9046,115.9527,112.75109,122.32463,MY01
2022-03-21,1,1892,MY02,290,127.04138,108.64667,340.18967,213.98563,676.41376,406.5963,116.18588,157.6312,165.55391,MY02
2022-03-21,1,1893,MY03,485,63.272163,87.73223,204.69482,190.55904,701.1608,556.5588,73.62291,107.2284,125.75012,MY03
2022-03-21,1,1894,MY04,9,82.0,105.022224,333.55554,236.8,912.6667,628.36664,79.07493,140.0147,144.88713,MY04
2022-03-21,1,37336,MY05,5,100.6,51.226665,240.79999,120.22667,572.0,468.62,187.81125,196.28406,121.82763,MY05
2022-03-21,1,1895,MY06,53,81.18868,67.32013,222.96228,161.42578,607.3962,374.49875,119.17661,136.97534,161.36975,MY06
2022-03-21,1,1896,MY07,217,81.354836,71.83978,234.65897,170.3848,692.1244,424.8731,112.38297,136.6475,162.1698,MY07
2022-03-21,1,1897,MY08,1182,82.16244,70.36802,202.16327,167.3383,843.70557,542.7222,115.6491,120.20734,154.95183,MY08
2022-03-21,1,1898,MY09,672,85.17113,110.57857,273.0952,243.9254,698.39136,571.7998,78.017166,111.7183,121.94723,MY09
2022-03-21,1,1899,MY10,42,129.0238,87.269844,326.3095,165.2508,601.8095,271.18332,145.25201,194.60086,219.71259,MY10
2022-03-21,1,1900,MY11,31,85.3871,103.42258,264.0645,214.85806,615.3548,445.69034,83.36557,122.381004,137.64546,MY11
2022-03-21,1,1901,MY12,2407,118.549644,88.658165,383.99585,224.79007,948.48737,726.3195,131.91551,169.28314,130.37904,MY12
2022-03-21,1,1902,MY13,4031,123.34756,128.29604,362.1816,333.5975,1123.8226,1046.0111,96.287605,108.44191,107.403496,MY13
2022-03-21,1,1904,MY15,416,59.060097,73.352486,194.63461,163.14871,963.57214,634.8876,81.75886,118.72504,151.36598,MY15
2022-03-21,1,1903,MY17,254,73.72835,94.027954,307.2874,214.00092,821.60236,577.2629,79.50114,142.5964,141.96378,MY17
2022-04-01,1,1891,MY01,622,87.131836,63.43151,218.43408,189.01865,644.5482,536.08954,134.63365,115.16113,120.044495,MY01
2022-04-01,1,1892,MY02,290,102.53793,75.855286,348.86554,240.89966,759.1897,445.63644,133.00049,143.90648,169.5801,MY02
2022-04-01,1,1893,MY03,485,113.80618,50.8367,232.28453,192.84392,777.39795,499.6426,212.77437,119.93521,155.04001,MY03
2022-04-01,1,1894,MY04,9,83.22222,87.91482,228.77777,260.35925,878.7778,642.36664,94.94957,88.098595,136.51889,MY04
2022-04-01,1,37336,MY05,5,139.6,66.7,322.6,153.28667,651.0,453.98666,201.67365,206.96626,142.92355,MY05
2022-04-01,1,1895,MY06,53,60.056602,61.374844,179.73584,177.86101,570.3585,393.5824,98.01394,101.02527,144.35121,MY06
2022-04-01,1,1896,MY07,217,71.55299,63.320583,197.40552,185.12305,636.37787,430.25653,112.049675,106.46027,147.35628,MY07
2022-04-01,1,1897,MY08,1182,77.8621,56.97307,194.15143,175.60764,751.588,495.92435,133.70663,110.26745,151.03839,MY08
2022-04-01,1,1898,MY09,672,114.34226,84.50119,270.59525,264.74796,760.5417,585.79236,133.34154,102.16769,129.57881,MY09
2022-04-01,1,1899,MY10,42,99.35714,61.23254,333.85715,190.7492,694.7857,308.39523,157.56174,173.1078,223.29175,MY10
2022-04-01,1,1900,MY11,31,92.09677,76.80968,245.61292,238.12903,694.7742,481.66345,118.686165,103.07815,143.79016,MY11
2022-04-01,1,1901,MY12,2407,132.29456,59.38622,343.8496,218.5368,1000.5052,690.4913,213.23595,156.05913,144.57481,MY12
2022-04-01,1,1902,MY13,4031,123.96329,105.04043,369.9035,340.8552,1131.3059,1018.0032,117.19627,108.39899,111.0755,MY13
2022-04-01,1,1904,MY15,416,129.91827,38.73838,221.04808,158.27957,1003.637,520.56537,308.46655,138.44235,191.91467,MY15
2022-04-01,1,1903,MY17,254,73.70473,80.4815,204.0945,236.81589,782.4409,580.71826,92.072235,86.46847,134.44022,MY17
2022-04-11,1,1891,MY01,622,133.5627,63.119667,304.43732,198.08478,764.0434,516.36566,203.41072,152.36855,147.50557,MY01
2022-04-11,1,1892,MY02,290,93.64828,82.64724,323.2276,267.1492,848.7414,499.19357,112.5515,120.60576,169.3281,MY02
2022-04-11,1,1893,MY03,485,87.54227,51.60048,264.6206,190.16942,861.76697,480.21683,163.50085,138.14694,178.63498,MY03
2022-04-11,1,1894,MY04,9,134.55556,83.54074,299.77777,276.47778,986.7778,663.1333,157.61732,108.27774,148.4401,MY04
2022-04-11,1,37336,MY05,5,32.8,72.52,273.0,190.44667,655.2,451.48,48.761612,142.23828,144.62846,MY05
2022-04-11,1,1895,MY06,53,80.54717,57.52956,221.79245,186.22453,643.1698,415.90503,136.81076,118.60008,153.99431,MY06
2022-04-11,1,1896,MY07,217,107.18894,60.333027,260.09677,195.4934,738.46545,443.6831,171.71858,132.2222,165.69946,MY07
2022-04-11,1,1897,MY08,1182,101.822334,53.17992,261.84686,180.52101,847.04144,469.57498,183.60687,143.83646,179.5378,MY08
2022-04-11,1,1898,MY09,672,118.50893,79.67842,318.02234,274.75818,864.3884,610.0797,145.85645,115.46484,141.34566,MY09
2022-04-11,1,1899,MY10,42,76.61905,67.274605,305.0,215.77698,768.38086,360.0659,112.929085,140.4132,211.84692,MY10
2022-04-11,1,1900,MY11,31,86.29032,76.553764,263.7742,256.786,773.77423,527.85376,111.93882,102.66943,146.1516,MY11
2022-04-11,1,1901,MY12,2407,69.35605,64.69916,320.20026,212.74355,1004.6842,664.3848,106.68142,149.35011,150.83763,MY12
2022-04-11,1,1902,MY13,4031,77.60283,98.841194,324.9137,332.17767,1058.9032,989.9045,79.547264,97.84566,106.93521,MY13
2022-04-11,1,1904,MY15,416,59.45673,37.471153,248.43509,149.56203,1059.4543,457.70816,151.7659,163.96983,230.04875,MY15
2022-04-11,1,1903,MY17,254,124.48425,75.44948,271.91733,249.95892,877.2047,593.25024,160.95102,108.612526,147.46417,MY17
2022-04-21,1,1891,MY01,622,67.21543,74.879364,287.90997,201.43054,821.48553,497.91168,90.40562,141.89276,164.34009,MY01
2022-04-21,1,1892,MY02,290,65.26897,94.02793,261.4552,252.53046,905.5758,558.00446,70.95873,103.46551,161.73509,MY02
2022-04-21,1,1893,MY03,485,37.237114,60.419037,238.58557,162.85622,892.6103,457.2597,64.56395,145.11562,194.17879,MY03
2022-04-21,1,1894,MY04,9,97.0,101.5963,314.77777,273.05185,1028.2222,688.7,95.688126,115.00653,148.94366,MY04
2022-04-21,1,37336,MY05,5,110.6,75.62,283.0,214.84,635.2,455.47333,143.38873,131.00436,139.03087,MY05
2022-04-21,1,1895,MY06,53,68.58491,74.038994,209.18869,192.94339,697.90564,454.0371,93.0995,108.20705,153.12611,MY06
2022-04-21,1,1896,MY07,217,70.866356,75.1808,249.6083,198.83441,793.3502,472.70444,94.6191,124.909386,167.12221,MY07
2022-04-21,1,1897,MY08,1182,47.630287,66.1976,227.31473,176.35059,882.81476,456.48346,73.92143,128.10255,192.38278,MY08
2022-04-21,1,1898,MY09,672,80.627975,94.073265,313.4792,258.25287,913.52234,636.07477,86.42894,120.978424,143.2785,MY09
2022-04-21,1,1899,MY10,42,65.28571,78.930954,241.2619,207.4381,817.57135,422.12143,83.7423,115.92172,192.5849,MY10
2022-04-21,1,1900,MY11,31,65.77419,89.59785,244.16129,242.96129,826.61285,575.4387,74.81586,100.48394,143.27315,MY11
2022-04-21,1,1901,MY12,2407,91.665146,66.917145,293.31573,191.00252,988.9879,644.49304,134.41182,152.19995,153.04057,MY12
2022-04-21,1,1902,MY13,4031,111.88861,105.20747,313.4547,309.0891,997.7628,956.3697,106.06233,101.38992,104.30563,MY13
2022-04-21,1,1904,MY15,416,17.66827,46.56338,207.04327,122.77292,1073.0769,403.61185,43.961952,165.95322,263.8389,MY15
2022-04-21,1,1903,MY17,254,86.055115,91.92585,284.24408,247.85683,905.7795,613.1017,93.94306,114.39046,147.35107,MY17
2022-05-01,1,1891,MY01,622,67.77492,65.522934,268.55304,203.52197,743.5659,515.5191,103.19326,131.18668,143.81142,MY01
2022-05-01,1,1892,MY02,290,143.3207,88.571266,302.2379,265.24643,974.9276,623.2037,158.51094,113.68805,155.98883,MY02
2022-05-01,1,1893,MY03,485,125.954636,71.053406,250.73401,183.07292,919.4536,500.65176,172.18773,135.97598,182.82416,MY03
2022-05-01,1,1894,MY04,9,66.111115,69.118515,297.6667,254.25555,948.22217,697.08887,95.942444,116.74453,135.76945,MY04
2022-05-01,1,37336,MY05,5,144.4,91.026665,287.8,239.16667,751.19995,499.02002,155.58179,119.91808,150.0337,MY05
2022-05-01,1,1895,MY06,53,78.18868,61.83522,227.32077,193.40378,672.52826,484.20816,124.46832,117.09493,138.49489,MY06
2022-05-01,1,1896,MY07,217,71.06912,65.49462,249.12442,201.00845,754.3042,501.61414,107.9077,123.35631,149.87822,MY07
2022-05-01,1,1897,MY08,1182,65.72927,66.59371,215.18188,185.97124,819.9374,478.69226,98.79258,115.29584,170.55005,MY08
2022-05-01,1,1898,MY09,672,102.53125,85.6753,301.66815,259.42697,897.7619,682.3635,118.589355,115.97462,131.3369,MY09
2022-05-01,1,1899,MY10,42,135.4762,81.96587,277.38095,228.17143,900.8095,492.49207,161.53026,121.10445,182.07516,MY10
2022-05-01,1,1900,MY11,31,107.77419,78.27312,259.8387,244.42473,796.2902,620.98065,135.4269,106.17981,128.00558,MY11
2022-05-01,1,1901,MY12,2407,101.527626,78.25279,262.54883,209.8691,1016.6723,636.79333,127.95682,124.51713,159.19023,MY12
2022-05-01,1,1902,MY13,4031,122.01836,106.98723,311.5098,311.0359,977.9306,946.8654,113.42218,100.149956,103.26362,MY13
2022-05-01,1,1904,MY15,416,87.4976,55.498158,164.62259,139.5327,995.9856,424.71002,152.89325,117.359314,232.94444,MY15
2022-05-01,1,1903,MY17,254,75.62992,71.333466,286.16928,238.70879,850.2913,633.12756,105.62854,119.474266,134.0314,MY17
2022-05-11,1,1891,MY01,622,53.356915,60.239174,188.34727,200.64148,720.5949,538.0398,89.45072,94.02154,133.61726,MY01
2022-05-11,1,1892,MY02,290,74.53104,86.15471,283.1207,268.7539,933.69653,671.3907,87.24841,105.24807,138.78023,MY02
2022-05-11,1,1893,MY03,485,101.03712,78.602615,264.22885,210.07504,874.4144,539.982,126.834694,125.17903,161.36577,MY03
2022-05-11,1,1894,MY04,9,80.0,67.18519,243.11111,237.9,958.6666,703.6333,117.752686,102.14537,135.98946,MY04
2022-05-11,1,37336,MY05,5,75.0,90.55333,330.0,257.2,753.19995,546.6867,83.722885,127.76506,137.43306,MY05
2022-05-11,1,1895,MY06,53,54.90566,52.604404,201.67924,188.47862,662.0377,502.94025,103.99493,106.82278,131.32208,MY06
2022-05-11,1,1896,MY07,217,80.02765,62.936253,221.96313,203.61168,758.1014,530.5236,125.158,108.79694,142.4963,MY07
2022-05-11,1,1897,MY08,1182,99.92132,70.69693,213.28088,203.48824,775.1963,513.7648,138.6071,104.696976,150.395,MY08
2022-05-11,1,1898,MY09,672,112.88393,86.511604,296.04315,266.26016,928.8393,718.2025,128.81856,110.9795,129.12556,MY09
2022-05-11,1,1899,MY10,42,51.45238,79.03968,252.21428,239.93651,830.9286,551.5222,67.17348,105.01264,150.2058,MY10
2022-05-11,1,1900,MY11,31,67.258064,76.70107,240.80646,244.57205,768.96765,648.93225,88.442,98.49118,118.35594,MY11
2022-05-11,1,1901,MY12,2407,96.46033,89.18443,289.6531,234.35437,989.34784,642.87604,107.72516,123.103294,153.4781,MY12
2022-05-11,1,1902,MY13,4031,90.097244,92.38413,324.0042,304.57883,943.0067,927.8192,97.65169,106.27478,101.62813,MY13
2022-05-11,1,1904,MY15,416,95.19711,64.30168,200.36298,166.36322,854.23315,445.36804,144.58107,119.84075,190.78467,MY15
2022-05-11,1,1903,MY17,254,84.6811,69.94921,246.36612,233.20853,872.24805,651.2286,119.65582,105.52356,133.68027,MY17
2022-05-21,1,1891,MY01,622,44.107716,64.674065,165.23955,190.43617,656.2476,571.43085,70.482056,87.10749,114.714134,MY01
2022-05-21,1,1892,MY02,290,65.02414,89.738045,282.87585,264.46402,884.52075,730.9801,73.91343,106.83276,120.86207,MY02
2022-05-21,1,1893,MY03,485,70.606186,85.12997,297.59796,234.78598,740.87836,588.20123,83.885735,126.195015,125.73783,MY03
2022-05-21,1,1894,MY04,9,36.666668,65.92593,182.77779,202.22963,831.11115,712.0815,58.74674,90.61339,116.59918,MY04
2022-05-21,1,37336,MY05,5,42.2,97.14667,261.6,278.72665,785.39996,613.79333,46.208065,93.963684,127.73247,MY05
2022-05-21,1,1895,MY06,53,26.301888,63.36541,159.39624,177.80504,591.5472,532.1742,45.786148,89.92982,111.05283,MY06
2022-05-21,1,1896,MY07,217,37.092167,65.343475,188.18893,193.77435,672.45624,562.9935,59.83806,97.19007,119.27183,MY07
2022-05-21,1,1897,MY08,1182,59.91455,76.74769,225.56514,214.03833,655.0431,557.72723,79.408424,105.26246,117.29361,MY08
2022-05-21,1,1898,MY09,672,59.729168,93.11404,275.14435,265.30093,861.71875,767.4792,65.973404,103.641655,112.19963,MY09
2022-05-21,1,1899,MY10,42,87.04762,79.9119,273.9762,240.91747,841.5476,613.6063,108.40367,113.443016,136.84755,MY10
2022-05-21,1,1900,MY11,31,38.225807,79.72473,213.25806,234.69893,721.4839,692.51825,51.019115,91.055084,104.152664,MY11
2022-05-21,1,1901,MY12,2407,90.65684,82.53491,288.64478,249.97214,965.9565,665.7647,109.2785,115.167404,144.75366,MY12
2022-05-21,1,1902,MY13,4031,65.09452,98.90276,277.2101,298.2741,952.8465,940.9607,67.461655,93.05447,101.25648,MY13
2022-05-21,1,1904,MY15,416,88.05529,73.64279,270.75,193.44263,672.42786,479.36426,118.32653,138.95703,139.85918,MY15
2022-05-21,1,1903,MY17,254,37.54331,70.72913,197.85432,212.01181,789.38586,673.86957,56.17826,93.47617,117.01598,MY17
2022-06-01,1,1891,MY01,622,83.840836,56.38703,181.30547,181.30026,668.2926,573.8409,144.72249,100.00279,116.31739,MY01
2022-06-01,1,1892,MY02,290,99.75862,71.42195,239.3138,247.31471,890.4173,753.4608,137.07922,96.828995,118.05716,MY02
2022-06-01,1,1893,MY03,485,53.793816,59.891685,225.43713,223.62425,708.4557,599.5411,90.603,100.79295,118.016075,MY03
2022-06-01,1,1894,MY04,9,84.55556,53.974075,201.22223,187.08519,727.6667,701.7,151.8558,107.35978,103.674355,MY04
2022-06-01,1,37336,MY05,5,117.0,98.28667,234.2,285.98666,844.60004,678.44,118.11786,82.20308,124.3123,MY05
2022-06-01,1,1895,MY06,53,81.396225,53.401257,162.60378,169.37106,569.6604,540.63586,147.93556,96.119026,105.31939,MY06
2022-06-01,1,1896,MY07,217,69.10599,47.51321,186.2258,175.79294,632.75574,561.92444,141.11876,105.770615,112.49396,MY07
2022-06-01,1,1897,MY08,1182,73.904396,52.93948,233.74026,200.3841,643.0736,561.96295,136.18417,116.24087,114.30617,MY08
2022-06-01,1,1898,MY09,672,82.55506,59.183186,255.16815,238.80884,827.4316,762.98376,136.41434,106.7099,108.39182,MY09
2022-06-01,1,1899,MY10,42,124.64286,79.06032,263.14285,238.0119,874.381,656.93256,154.22598,110.34145,132.85054,MY10
2022-06-01,1,1900,MY11,31,84.58064,57.080647,190.06451,213.50645,695.5162,696.06024,144.29721,89.27174,99.92239,MY11
2022-06-01,1,1901,MY12,2407,58.074783,72.0851,245.19194,243.80444,851.5904,672.2103,81.824875,100.55766,126.48809,MY12
2022-06-01,1,1902,MY13,4031,118.002235,89.24285,273.194,280.52975,954.60736,932.42084,130.51625,97.430824,102.36676,MY13
2022-06-01,1,1904,MY15,416,57.002403,54.614502,240.25482,192.55898,625.9255,490.37122,104.00558,124.142586,127.36418,MY15
2022-06-01,1,1903,MY17,254,81.19292,52.30656,203.41733,192.98491,693.68115,668.5096,150.40672,105.2693,103.73738,MY17
2022-06-11,1,1891,MY01,622,75.67685,46.796677,203.6254,167.85777,696.4099,566.58405,155.7568,120.69194,122.71335,MY01
2022-06-11,1,1892,MY02,290,69.010345,68.31609,233.7931,229.47609,840.14136,765.3792,100.94693,101.841125,109.70459,MY02
2022-06-11,1,1893,MY03,485,56.45567,60.65677,180.85567,205.67842,709.7052,605.9229,93.601425,88.217705,116.987785,MY03
2022-06-11,1,1894,MY04,9,78.111115,37.377777,199.33334,157.27777,742.2223,671.6556,196.11957,125.91579,110.42875,MY04
2022-06-11,1,37336,MY05,5,151.8,89.566666,311.0,285.0,914.0,732.64667,165.80896,108.965515,124.58539,MY05
2022-06-11,1,1895,MY06,53,81.56604,39.643394,189.26416,156.41006,612.73584,531.1132,193.9056,120.35442,115.224884,MY06
2022-06-11,1,1896,MY07,217,62.345623,33.675114,168.54378,146.5318,650.6037,545.63684,174.13168,114.526306,119.062805,MY07
2022-06-11,1,1897,MY08,1182,52.8291,45.69467,186.64804,175.38184,661.7758,559.39105,114.07333,106.24576,118.14075,MY08
2022-06-11,1,1898,MY09,672,72.903275,51.68735,215.1875,203.98457,829.253,745.0029,137.4262,105.36065,111.23329,MY09
2022-06-11,1,1899,MY10,42,87.333336,75.69444,299.02383,234.66667,856.2381,690.3802,114.423416,126.852776,123.851395,MY10
2022-06-11,1,1900,MY11,31,63.83871,49.230106,186.64516,186.03548,691.22577,687.39355,126.93819,100.319145,100.553474,MY11
2022-06-11,1,1901,MY12,2407,72.85999,71.30271,221.59161,225.92273,831.445,673.0206,102.040924,98.124435,123.365715,MY12
2022-06-11,1,1902,MY13,4031,105.01414,70.809525,288.1109,258.95514,937.0289,895.7117,145.11916,111.04573,104.58717,MY13
2022-06-11,1,1904,MY15,416,36.88221,58.06298,181.93991,186.32028,630.7379,502.2455,66.41331,97.71045,125.331406,MY15
2022-06-11,1,1903,MY17,254,79.69685,36.95722,198.43307,159.99292,716.71655,643.16034,201.86479,123.29806,111.348465,MY17
2022-06-21,1,1891,MY01,622,58.67524,45.842712,218.19293,149.02643,671.34247,540.8931,125.239655,144.90561,123.8965,MY01
2022-06-21,1,1892,MY02,290,123.95862,60.4177,292.7276,200.15575,837.0586,717.1502,197.13107,145.12271,116.604355,MY02
2022-06-21,1,1893,MY03,485,105.15258,58.909416,215.40207,179.45787,751.58563,577.1001,172.35736,119.486404,129.97517,MY03
2022-06-21,1,1894,MY04,9,41.11111,44.51852,203.77779,135.87038,701.33325,611.15186,93.11892,148.2056,114.63623,MY04
2022-06-21,1,37336,MY05,5,31.4,84.72,300.19998,272.57333,844.8,766.14,40.570663,109.95291,110.20048,MY05
2022-06-21,1,1895,MY06,53,70.603775,45.450314,233.56604,138.49496,602.15094,509.2434,149.8579,166.25395,118.06683,MY06
2022-06-21,1,1896,MY07,217,45.57604,40.85914,177.02765,122.04746,614.8249,514.6562,110.28563,143.27531,119.275955,MY07
2022-06-21,1,1897,MY08,1182,56.631134,50.091568,183.36462,148.72572,636.2445,539.1146,111.87036,122.53293,117.851,MY08
2022-06-21,1,1898,MY09,672,94.25744,52.045338,249.71579,162.91588,838.3393,686.46967,173.99747,151.6925,121.96331,MY09
2022-06-21,1,1899,MY10,42,109.2619,67.82143,321.2381,222.57619,836.4762,670.93176,156.90698,143.35335,124.491295,MY10
2022-06-21,1,1900,MY11,31,102.67742,51.253765,251.09677,157.56451,708.5161,635.22473,191.41371,157.53548,111.44776,MY11
2022-06-21,1,1901,MY12,2407,79.98962,73.26457,210.92441,216.65239,792.8849,657.6271,108.5927,97.41578,120.41236,MY12
2022-06-21,1,1902,MY13,4031,102.44406,71.88146,325.46045,231.93384,916.12537,839.29706,139.75288,139.47372,109.09967,MY13
2022-06-21,1,1904,MY15,416,81.26683,56.46843,175.15144,169.14592,652.9447,485.36145,140.3433,103.448555,134.17546,MY15
2022-06-21,1,1903,MY17,254,45.700787,43.775196,206.59056,133.03897,688.68896,592.9076,103.94789,153.2832,116.019424,MY17
2022-07-01,1,1891,MY01,622,23.00804,60.187515,157.36012,152.8269,607.2187,537.6492,42.965343,102.87228,112.82035,MY01
2022-07-01,1,1892,MY02,290,82.37241,69.09046,275.34137,197.82425,816.89307,710.3854,117.92667,138.21887,114.88815,MY02
2022-07-01,1,1893,MY03,485,57.795876,61.536495,219.40411,181.10268,695.5753,587.79987,94.37809,120.5808,118.180756,MY03
2022-07-01,1,1894,MY04,9,19.666666,50.037037,138.8889,131.93333,637.7778,573.27405,44.818302,105.07953,111.15452,MY04
2022-07-01,1,37336,MY05,5,94.4,102.63333,277.6,276.92,799.60004,802.0733,92.35058,100.241196,99.69355,MY05
2022-07-01,1,1895,MY06,53,34.339622,66.208176,186.50943,151.30188,576.43396,514.0767,55.245937,122.52536,112.0131,MY06
2022-07-01,1,1896,MY07,217,22.737328,52.779724,130.659,127.31398,566.00916,504.11536,48.005295,102.52809,112.15713,MY07
2022-07-01,1,1897,MY08,1182,33.45178,54.910774,142.91202,150.697,591.83417,537.05237,64.18174,94.99991,110.10636,MY08
2022-07-01,1,1898,MY09,672,44.86905,57.4875,212.02975,161.22018,768.8661,659.456,79.80644,130.56763,116.46612,MY09
2022-07-01,1,1899,MY10,42,76.71429,71.4746,273.30954,214.99048,813.8334,681.1738,106.85154,126.50981,119.33323,MY10
2022-07-01,1,1900,MY11,31,65.645164,65.389244,232.16129,165.87312,682.06445,623.8043,100.36358,138.7938,109.26522,MY11
2022-07-01,1,1901,MY12,2407,95.99502,63.17416,248.84464,207.74146,756.5854,661.415,148.14265,119.32072,114.28095,MY12
2022-07-01,1,1902,MY13,4031,53.134705,74.61027,260.5929,217.30125,845.2967,808.8669,73.02413,119.47432,104.47614,MY13
2022-07-01,1,1904,MY15,416,52.314903,61.0625,170.46394,175.5939,575.3413,507.68558,86.758606,97.1594,113.19635,MY15
2022-07-01,1,1903,MY17,254,21.401575,53.669292,146.79922,134.4017,636.3858,566.0954,45.000668,108.89338,112.308,MY17
2022-07-11,1,1891,MY01,622,55.750805,50.75343,137.43408,156.78366,529.40674,525.2829,108.96335,88.03985,100.77767,MY01
2022-07-11,1,1892,MY02,290,93.417244,70.980576,299.74826,200.48874,816.6621,698.71875,129.52948,148.30412,116.76002,MY02
2022-07-11,1,1893,MY03,485,81.53402,61.16323,244.48248,181.60913,689.56696,597.3626,130.78868,133.69254,115.30711,MY03
2022-07-11,1,1894,MY04,9,44.444443,45.72222,105.22222,140.27777,547.6666,535.45557,97.480835,75.86998,102.2594,MY04
2022-07-11,1,37336,MY05,5,35.2,93.96,161.0,281.31332,802.00006,823.5133,40.622475,57.97844,97.40339,MY05
2022-07-11,1,1895,MY06,53,59.264153,61.375473,164.20755,173.03397,555.15094,517.9226,96.81913,95.04229,107.119286,MY06
2022-07-11,1,1896,MY07,217,54.847927,51.33487,123.1613,144.97374,513.6682,495.1172,106.23603,85.455826,103.70934,MY07
2022-07-11,1,1897,MY08,1182,57.263115,50.708096,147.34604,155.71043,547.27496,534.5805,111.76673,94.795364,102.35265,MY08
2022-07-11,1,1898,MY09,672,60.25595,59.738293,199.38245,169.27113,710.61316,639.51587,100.79961,117.278435,111.03111,MY09
2022-07-11,1,1899,MY10,42,74.71429,68.46667,260.6905,207.7627,811.9286,682.3659,108.50402,124.87644,118.84916,MY10
2022-07-11,1,1900,MY11,31,86.064514,70.72581,254.3871,187.36882,681.8387,617.9764,120.25559,134.83842,110.25117,MY11
2022-07-11,1,1901,MY12,2407,82.221855,61.875114,258.20648,198.31384,769.4512,658.59094,130.42497,129.45822,116.70611,MY12
2022-07-11,1,1902,MY13,4031,20.936493,62.80213,176.51526,209.29387,788.6304,772.8278,38.253212,84.703896,102.031624,MY13
2022-07-11,1,1904,MY15,416,85.78846,54.889423,219.37018,172.42035,601.67303,525.1038,151.59348,126.46249,114.4442,MY15
2022-07-11,1,1903,MY17,254,42.811024,51.01811,109.91339,148.4626,554.7126,541.66406,85.349236,74.88039,102.38694,MY17
2022-07-21,1,1891,MY01,622,72.93247,56.407825,151.69131,167.34877,535.1238,506.81137,126.909676,90.91525,105.5318,MY01
2022-07-21,1,1892,MY02,290,83.14483,76.98586,258.93448,217.0569,834.5379,681.67664,107.51222,118.85895,122.261024,MY02
2022-07-21,1,1893,MY03,485,53.73196,76.711136,193.06186,199.41086,706.0618,613.6547,71.87755,96.894005,114.93678,MY03
2022-07-21,1,1894,MY04,9,81.22222,57.68889,145.33333,153.44815,531.8889,491.54816,137.53987,94.87856,108.124245,MY04
2022-07-21,1,37336,MY05,5,184.8,100.6,314.40002,297.19333,876.2001,848.49335,179.73485,105.69394,103.24627,MY05
2022-07-21,1,1895,MY06,53,105.18868,63.91698,198.79245,191.50063,591.75476,507.80063,159.88612,103.710846,116.37168,MY06
2022-07-21,1,1896,MY07,217,70.7788,56.167587,148.36404,160.28218,513.5806,476.104,123.887184,92.78922,107.78972,MY07
2022-07-21,1,1897,MY08,1182,61.826565,57.791004,152.54146,163.40987,561.47125,526.1739,106.42698,93.546455,106.645164,MY08
2022-07-21,1,1898,MY09,672,64.54762,68.79489,169.67262,186.02069,694.5327,614.2375,94.24449,91.44173,112.96679,MY09
2022-07-21,1,1899,MY10,42,105.90476,78.31746,257.33334,218.25873,852.54767,681.7524,133.11107,117.50194,124.86999,MY10
2022-07-21,1,1900,MY11,31,95.935486,75.752686,247.64517,211.86774,712.0,604.13116,124.99335,116.49735,117.70863,MY11
2022-07-21,1,1901,MY12,2407,80.55173,72.620804,258.76862,197.67007,758.33777,664.2946,110.21752,130.1468,114.05108,MY12
2022-07-21,1,1902,MY13,4031,109.88613,72.95166,183.95734,210.36406,786.6278,740.572,147.38124,87.73857,106.177246,MY13
2022-07-21,1,1904,MY15,416,47.55048,71.53814,185.65384,187.49007,631.5553,550.0786,68.65921,99.04607,114.678406,MY15
2022-07-21,1,1903,MY17,254,86.62992,60.83517,150.84253,165.52257,555.2874,510.57336,139.1808,91.39114,108.672676,MY17
2022-08-01,1,1891,MY01,622,66.71704,55.511578,195.40031,162.67284,534.06586,496.8,118.51789,119.51865,107.42644,MY01
2022-08-01,1,1892,MY02,290,89.586205,74.286896,266.1483,222.25333,780.80347,667.3923,119.296135,119.31543,116.86681,MY02
2022-08-01,1,1893,MY03,485,83.43299,73.243576,218.69897,211.11794,663.54016,615.84485,113.02268,103.50783,107.68233,MY03
2022-08-01,1,1894,MY04,9,33.0,45.407406,158.66666,148.81851,498.77777,467.83704,75.38575,106.40244,106.54364,MY04
2022-08-01,1,37336,MY05,5,79.8,90.753334,299.8,285.31332,811.6,848.22,88.56088,104.990005,95.70802,MY05
2022-08-01,1,1895,MY06,53,68.58491,65.99056,233.03775,191.28302,582.15094,511.956,103.654495,121.27272,113.57851,MY06
2022-08-01,1,1896,MY07,217,54.285713,51.19969,179.91245,158.70215,496.79724,461.80905,105.49117,112.95664,107.49518,MY07
2022-08-01,1,1897,MY08,1182,58.778343,56.565964,177.86801,165.06506,554.5203,516.1462,103.59351,107.52827,107.36342,MY08
2022-08-01,1,1898,MY09,672,56.770832,62.101486,181.5744,190.63467,648.7723,590.6637,92.05583,95.36878,109.755264,MY09
2022-08-01,1,1899,MY10,42,96.88095,85.75159,277.5,232.53572,813.9524,685.5381,112.26355,118.92948,118.59627,MY10
2022-08-01,1,1900,MY11,31,54.580647,67.886024,236.58064,214.36452,658.80646,593.7441,81.74495,110.127495,110.86648,MY11
2022-08-01,1,1901,MY12,2407,68.61653,70.46361,231.39012,204.95952,725.4267,656.50543,97.55236,112.58843,110.41885,MY12
2022-08-01,1,1902,MY13,4031,95.12131,79.50311,225.94394,215.2569,759.73083,713.0879,118.48238,104.85208,106.49544,MY13
2022-08-01,1,1904,MY15,416,74.70673,70.62925,208.04568,197.05681,618.76447,565.2097,105.3914,105.43851,109.39212,MY15
2022-08-01,1,1903,MY17,254,35.645668,45.00617,165.08661,156.85945,515.30316,484.24606,81.28131,105.08291,106.34795,MY17
2022-08-11,1,1891,MY01,622,41.736336,56.71688,181.38583,168.63628,522.4453,493.2777,75.72699,107.34268,105.85369,MY01
2022-08-11,1,1892,MY02,290,63.00345,79.21092,235.73448,230.48367,769.2759,660.4485,80.753716,102.2298,116.35399,MY02
2022-08-11,1,1893,MY03,485,73.22887,74.22522,210.39381,224.17993,635.732,611.46747,98.74238,93.98459,103.936066,MY03
2022-08-11,1,1894,MY04,9,43.666668,55.65185,157.88889,158.74815,462.44443,456.3037,80.23938,99.47525,101.33116,MY04
2022-08-11,1,37336,MY05,5,53.4,110.31333,318.0,301.66666,790.0,867.98,50.644623,105.326096,91.06738,MY05
2022-08-11,1,1895,MY06,53,54.339622,66.8478,228.11322,196.75534,581.5849,526.19934,82.59073,115.542534,110.426506,MY06
2022-08-11,1,1896,MY07,217,39.811058,54.398617,164.87558,161.7659,456.58066,453.27142,75.441246,101.86469,100.72211,MY07
2022-08-11,1,1897,MY08,1182,48.60998,59.348648,169.21489,173.70561,503.20898,504.79788,83.311745,97.48708,99.688324,MY08
2022-08-11,1,1898,MY09,672,40.190475,68.251884,161.50893,199.14827,576.07886,572.404,61.69189,81.56274,100.636444,MY09
2022-08-11,1,1899,MY10,42,62.785713,89.739685,265.5714,253.80873,825.2857,696.2381,71.54944,104.54494,118.402824,MY10
2022-08-11,1,1900,MY11,31,34.387096,73.93118,184.90323,217.5699,625.9355,590.9742,49.90055,85.32296,105.86624,MY11
2022-08-11,1,1901,MY12,2407,45.64105,82.194695,194.80931,225.2791,674.6074,649.5157,58.07813,86.768326,103.83364,MY12
2022-08-11,1,1902,MY13,4031,80.30191,90.199844,285.30936,242.65462,749.9354,710.9036,89.603,117.22348,105.45211,MY13
2022-08-11,1,1904,MY15,416,73.44471,71.07716,195.70193,213.24455,597.012,571.98517,103.11203,91.961945,104.337524,MY15
2022-08-11,1,1903,MY17,254,39.889763,54.195145,162.16534,160.03648,470.5118,468.492,75.83353,101.289925,100.426575,MY17
2022-08-21,1,1891,MY01,622,96.157555,68.89212,204.61093,181.12057,574.4952,497.4958,136.89897,112.62105,115.32339,MY01
2022-08-21,1,1892,MY02,290,108.99655,110.6223,261.5862,264.12012,813.2483,681.33276,98.59392,99.05845,119.22034,MY02
2022-08-21,1,1893,MY03,485,94.19588,108.56735,250.85774,256.03616,659.32166,634.90485,87.34541,98.016205,103.8157,MY03
2022-08-21,1,1894,MY04,9,93.77778,68.4963,170.44446,169.55556,519.5556,458.87408,134.3983,100.50924,113.08147,MY04
2022-08-21,1,37336,MY05,5,145.2,119.32667,278.40002,320.39334,893.0,890.16,120.81076,87.0946,100.31726,MY05
2022-08-21,1,1895,MY06,53,84.69811,79.16352,207.62265,212.00189,639.98114,541.9975,106.576004,97.98193,117.912994,MY06
2022-08-21,1,1896,MY07,217,76.41014,68.88756,170.50691,174.48587,495.89862,456.81552,110.181114,97.783134,108.46293,MY07
2022-08-21,1,1897,MY08,1182,87.95516,79.73246,195.34348,195.64706,531.2496,507.78265,109.704315,99.848694,104.576385,MY08
2022-08-21,1,1898,MY09,672,92.697914,96.10174,189.65921,226.45511,609.04767,575.39166,96.63327,84.10236,105.79884,MY09
2022-08-21,1,1899,MY10,42,132.14285,126.86032,291.8095,302.3516,870.381,743.1865,104.00616,96.57003,117.00037,MY10
2022-08-21,1,1900,MY11,31,89.51613,113.87204,178.48387,255.68925,677.22577,625.1215,79.51081,70.384125,108.26891,MY11
2022-08-21,1,1901,MY12,2407,87.48442,90.3213,201.742,242.9796,671.43506,657.30206,97.02388,83.370575,102.13392,MY12
2022-08-21,1,1902,MY13,4031,155.64078,109.75678,331.064,279.45975,840.4817,721.7576,139.98369,118.141136,116.33613,MY13
2022-08-21,1,1904,MY15,416,85.90865,101.8976,234.06009,243.604,594.86536,600.24,85.04275,96.160995,99.11198,MY15
2022-08-21,1,1903,MY17,254,90.17716,67.97467,165.71259,167.17598,523.1457,465.73752,130.42493,99.15006,112.19537,MY17
2022-09-01,1,1891,MY01,622,59.033764,56.71104,196.92766,182.32004,549.6881,497.8198,103.76388,107.79822,110.31549,MY01
2022-09-01,1,1892,MY02,290,70.94827,101.656784,242.94827,291.49,784.43787,711.56757,71.2081,83.62788,110.16935,MY02
2022-09-01,1,1893,MY03,485,105.42886,97.2167,272.8536,280.00928,710.95667,672.2299,108.03407,97.48932,105.71841,MY03
2022-09-01,1,1894,MY04,9,61.555557,73.844444,199.0,197.99258,496.55554,478.74445,84.41376,100.49628,103.68192,MY04
2022-09-01,1,37336,MY05,5,211.8,108.32667,410.40002,337.96667,987.80005,900.2,191.30537,121.119644,109.67742,MY05
2022-09-01,1,1895,MY06,53,47.622643,53.852203,186.66037,199.86353,606.2075,542.4484,89.41491,93.555145,111.64659,MY06
2022-09-01,1,1896,MY07,217,33.10599,51.788017,149.3272,175.07419,459.89865,461.09033,67.10217,85.70201,99.74432,MY07
2022-09-01,1,1897,MY08,1182,63.382404,65.868355,199.94754,204.94946,520.7276,520.71155,96.49216,97.61756,100.00305,MY08
2022-09-01,1,1898,MY09,672,70.26637,87.49117,203.15477,251.84479,596.7589,603.69965,81.376816,81.043015,98.85975,MY09
2022-09-01,1,1899,MY10,42,77.7381,103.12698,272.66666,319.727,823.47626,767.2532,76.51938,85.50772,107.280396,MY10
2022-09-01,1,1900,MY11,31,76.258064,101.14946,200.16129,288.9527,668.9032,669.1903,76.55061,69.79398,99.95741,MY11
2022-09-01,1,1901,MY12,2407,88.77441,79.03882,221.89987,251.55481,702.13464,664.2558,111.584625,88.44109,105.65984,MY12
2022-09-01,1,1902,MY13,4031,132.93947,91.97981,368.88214,291.93643,855.41895,724.4946,142.23524,125.91319,117.947266,MY13
2022-09-01,1,1904,MY15,416,111.47596,77.32724,270.8293,250.302,649.3389,622.9527,141.47925,108.040405,104.20195,MY15
2022-09-01,1,1903,MY17,254,53.366142,71.79449,183.43307,193.9643,495.3189,485.22546,76.00304,94.706985,102.05894,MY17
2022-09-11,1,1891,MY01,622,61.77331,52.188477,216.96463,177.79164,535.78455,503.21158,116.760086,121.43041,106.40933,MY01
2022-09-11,1,1892,MY02,290,77.293106,105.17735,257.2379,317.45642,792.7207,748.42883,74.69149,81.32507,105.87871,MY02
2022-09-11,1,1893,MY03,485,109.42268,109.31677,309.04742,315.10083,763.92365,720.8899,100.09265,98.1089,105.928406,MY03
2022-09-11,1,1894,MY04,9,62.11111,74.17778,217.44446,216.51852,480.55557,515.54443,84.76003,100.418,93.27841,MY04
2022-09-11,1,37336,MY05,5,152.0,92.05333,509.0,319.70667,987.99994,902.68665,161.76674,158.29672,109.39899,MY05
2022-09-11,1,1895,MY06,53,54.5283,49.4761,186.84906,182.49182,579.16986,552.2811,109.27416,102.32396,104.82498,MY06
2022-09-11,1,1896,MY07,217,55.285713,51.079723,164.80185,171.7553,452.8387,478.49493,107.500015,96.06606,94.69359,MY07
2022-09-11,1,1897,MY08,1182,61.88071,69.16802,213.21828,214.76884,529.77924,544.1849,90.17458,99.29446,97.37691,MY08
2022-09-11,1,1898,MY09,672,75.802086,93.22976,238.76639,276.82266,599.6577,645.24207,82.258255,86.496376,92.98964,MY09
2022-09-11,1,1899,MY10,42,64.45238,109.32937,274.3333,339.31665,800.5953,800.8881,60.747623,81.12687,99.96366,MY10
2022-09-11,1,1900,MY11,31,63.35484,105.3086,229.12904,320.3301,668.4194,725.2688,61.96692,71.966606,92.21528,MY11
2022-09-11,1,1901,MY12,2407,84.09597,80.024,260.3548,249.38411,713.3706,672.97705,104.7892,104.312645,105.95795,MY12
2022-09-11,1,1902,MY13,4031,108.83776,82.27678,397.41803,284.01337,859.2426,735.96185,130.43304,139.23856,116.63793,MY13
2022-09-11,1,1904,MY15,416,96.62019,91.01819,294.00482,270.24304,709.0769,655.90796,105.83432,108.63302,108.04484,MY15
2022-09-11,1,1903,MY17,254,56.562992,72.45551,200.1063,212.22467,472.18503,520.72375,79.48174,94.421265,90.76726,MY17
2022-09-21,1,1891,MY01,622,42.9791,53.450428,163.78618,162.34995,520.08844,510.8193,82.08511,100.85822,101.796974,MY01
2022-09-21,1,1892,MY02,290,85.8,100.18104,234.04138,307.01517,754.5621,788.1922,86.32735,76.61211,95.760155,MY02
2022-09-21,1,1893,MY03,485,89.78763,95.85189,304.63916,302.38538,748.5587,757.8324,93.98696,100.73321,98.78431,MY03
2022-09-21,1,1894,MY04,9,74.77778,74.9,198.44446,222.92223,514.2222,545.9259,99.84703,89.26047,94.245384,MY04
2022-09-21,1,37336,MY05,5,56.8,107.72667,420.59998,308.10666,1013.39996,925.6933,54.822876,135.92812,109.423805,MY05
2022-09-21,1,1895,MY06,53,43.09434,49.02453,145.24529,152.35283,551.6604,555.85535,89.023155,95.483055,99.252045,MY06
2022-09-21,1,1896,MY07,217,45.170506,51.182026,133.56221,154.04977,452.43317,488.8178,89.29993,87.118774,92.63197,MY07
2022-09-21,1,1897,MY08,1182,50.472927,66.934296,175.73604,201.97067,523.621,561.0276,77.116104,87.32447,93.39138,MY08
2022-09-21,1,1898,MY09,672,68.95238,90.53815,215.02083,271.25906,574.35266,683.73486,77.40613,79.64294,84.11839,MY09
2022-09-21,1,1899,MY10,42,119.07143,108.709526,261.2619,321.16586,810.4047,841.7762,109.11261,81.633896,96.29519,MY10
2022-09-21,1,1900,MY11,31,75.451614,104.110756,215.06451,310.56882,641.19354,778.1258,73.733894,69.735825,82.514656,MY11
2022-09-21,1,1901,MY12,2407,87.42418,84.56882,260.29456,243.63162,720.8052,684.2813,103.1879,106.70185,105.29883,MY12
2022-09-21,1,1902,MY13,4031,81.32002,91.88097,323.09723,266.13757,838.1186,755.96136,89.09905,121.00766,110.7965,MY13
2022-09-21,1,1904,MY15,416,70.33654,80.24119,278.4327,248.58662,698.1466,679.68066,88.38045,111.76958,102.697014,MY15
2022-09-21,1,1903,MY17,254,66.555115,73.14357,176.48425,217.39357,493.03937,550.0921,91.56878,81.604996,89.72194,MY17
2022-10-01,1,1891,MY01,622,127.728294,60.716667,232.48071,166.35558,624.80865,511.34845,201.97054,138.58943,121.97357,MY01
2022-10-01,1,1892,MY02,290,138.27242,128.83723,301.36554,334.19562,810.46204,847.93896,107.049736,90.3212,95.60614,MY02
2022-10-01,1,1893,MY03,485,129.73814,110.93746,328.94846,316.1061,820.5011,807.23334,116.21623,103.99941,101.63349,MY03
2022-10-01,1,1894,MY04,9,101.111115,74.54074,238.0,223.61852,595.6667,570.4296,133.40472,106.2906,104.38578,MY04
2022-10-01,1,37336,MY05,5,308.2,145.79333,517.0,345.57333,1227.2,968.85333,207.70149,148.89894,126.52829,MY05
2022-10-01,1,1895,MY06,53,104.07547,56.19245,201.69812,154.69308,621.39624,545.8396,178.24988,129.43462,113.71663,MY06
2022-10-01,1,1896,MY07,217,93.695854,64.67404,194.15207,166.93579,523.3917,500.71213,141.65369,115.82932,104.48469,MY07
2022-10-01,1,1897,MY08,1182,103.59814,83.25429,215.95178,219.3566,593.76733,589.3711,123.05141,98.48241,100.73965,MY08
2022-10-01,1,1898,MY09,672,88.28274,108.90134,233.0372,292.66925,617.76636,735.14874,81.89784,79.96701,84.14071,MY09
2022-10-01,1,1899,MY10,42,128.0,111.32619,311.5238,329.36508,861.6904,881.62775,114.333664,94.66413,97.75133,MY10
2022-10-01,1,1900,MY11,31,95.58064,131.70215,234.3871,341.12152,671.129,844.4387,73.57649,69.162735,79.59715,MY11
2022-10-01,1,1901,MY12,2407,85.20441,89.68665,256.72455,254.27946,710.0145,710.7938,95.266235,100.94303,99.89113,MY12
2022-10-01,1,1902,MY13,4031,159.78046,109.59957,349.93823,283.75732,944.76434,790.9506,143.78802,122.91921,119.32453,MY13
2022-10-01,1,1904,MY15,416,145.61539,102.52812,312.5721,273.7875,791.44714,721.1463,140.0707,113.91189,109.68136,MY15
2022-10-01,1,1903,MY17,254,86.625984,75.345406,209.74408,220.94449,558.2638,571.76825,114.0401,95.04285,97.6586,MY17
2022-10-11,1,1891,MY01,622,93.64469,66.89453,264.35208,181.06163,662.7026,527.48956,137.2075,144.76498,125.39262,MY01
2022-10-11,1,1892,MY02,290,127.51724,123.71195,351.58966,352.73022,844.562,900.67035,102.95645,99.68117,93.80477,MY02
2022-10-11,1,1893,MY03,485,148.65567,111.44076,368.18146,318.2301,887.6227,857.51086,131.96037,115.453804,103.49117,MY03
2022-10-11,1,1894,MY04,9,135.22223,91.51852,311.1111,240.95926,686.44446,616.22595,145.28014,128.52174,111.30321,MY04
2022-10-11,1,37336,MY05,5,87.4,125.9,452.4,379.42,1279.4,1000.79333,70.588234,118.984436,127.700195,MY05
2022-10-11,1,1895,MY06,53,76.66038,62.514465,223.8302,167.73145,638.7925,546.97864,120.952415,132.47743,116.63358,MY06
2022-10-11,1,1896,MY07,217,135.09216,74.762215,273.95853,190.61829,603.636,524.13947,175.63725,142.6035,115.023735,MY07
2022-10-11,1,1897,MY08,1182,172.42133,90.534515,326.49237,240.7231,708.92554,629.1975,185.71437,134.90485,112.57148,MY08
2022-10-11,1,1898,MY09,672,132.27232,113.70873,289.50745,313.14822,689.7827,789.11914,115.63793,92.56926,87.491,MY09
2022-10-11,1,1899,MY10,42,186.40475,105.381744,433.4762,325.41748,973.38086,918.54285,173.40254,132.7037,105.93779,MY10
2022-10-11,1,1900,MY11,31,141.96774,132.12259,313.0,367.9355,727.0322,905.8355,107.17982,85.26944,80.36931,MY11
2022-10-11,1,1901,MY12,2407,111.25176,91.04505,283.88034,265.3005,739.0445,739.96375,121.03878,106.87377,99.87661,MY12
2022-10-11,1,1902,MY13,4031,108.79583,101.43054,349.8963,302.91107,1032.6237,829.57904,106.92028,115.259346,124.32898,MY13
2022-10-11,1,1904,MY15,416,169.96634,105.780205,385.91827,288.54953,875.625,772.0371,157.94008,133.16945,113.33114,MY15
2022-10-11,1,1903,MY17,254,131.0433,89.61339,284.2244,238.10236,646.4961,610.3635,143.78864,118.972275,105.87175,MY17
2022-10-21,1,1891,MY01,622,195.9791,87.83543,417.35208,215.44662,785.74915,558.9172,216.48965,191.58928,140.22433,MY01
2022-10-21,1,1892,MY02,290,157.1069,138.29356,422.89658,390.84277,918.5242,961.978,113.129234,108.09761,95.50622,MY02
2022-10-21,1,1893,MY03,485,195.3732,140.14343,473.767,362.52164,1029.2639,920.9432,138.05185,130.26906,111.698425,MY03
2022-10-21,1,1894,MY04,9,168.11111,109.68148,404.44446,275.74075,773.3334,668.2185,150.9495,145.84433,115.613785,MY04
2022-10-21,1,37336,MY05,5,255.6,151.51334,651.2,423.20667,1350.2,1051.7067,166.50339,153.24377,128.24751,MY05
2022-10-21,1,1895,MY06,53,169.35849,81.04151,350.09433,199.74843,702.9623,564.10315,202.6446,173.42957,124.399635,MY06
2022-10-21,1,1896,MY07,217,182.07373,96.22012,410.86176,235.65637,714.9309,564.192,184.81871,172.80315,126.48296,MY07
2022-10-21,1,1897,MY08,1182,210.72842,119.2586,486.7479,293.0474,857.8274,690.66516,173.61247,164.98982,124.02912,MY08
2022-10-21,1,1898,MY09,672,185.44048,131.5936,405.99554,354.20367,810.6756,851.91785,139.42123,114.41853,95.18714,MY09
2022-10-21,1,1899,MY10,42,111.38095,118.20873,425.7857,334.91666,978.8572,958.43414,94.45836,126.73274,102.11981,MY10
2022-10-21,1,1900,MY11,31,195.70967,137.94409,433.25806,401.76883,826.80646,968.02686,140.4113,107.74131,85.48648,MY11
2022-10-21,1,1901,MY12,2407,163.50769,105.43735,359.96387,286.16904,822.0004,772.7803,152.58215,125.34432,106.328285,MY12
2022-10-21,1,1902,MY13,4031,168.31432,128.2247,436.890625,339.25482,1091.0519,884.8521,130.09172,128.36148,123.17236,MY13
2022-10-21,1,1904,MY15,416,225.69472,147.22516,541.2764,355.5335,1053.7692,847.7241,151.54836,151.5189,124.16315,MY15
2022-10-21,1,1903,MY17,254,183.43701,115.23019,401.1063,280.18896,743.3031,664.75854,156.7302,142.39902,111.727295,MY17
2022-11-01,1,1891,MY01,622,121.480705,90.76233,411.1045,245.49228,840.5128,594.1679,132.07773,166.1147,141.1145,MY01
2022-11-01,1,1892,MY02,290,110.96896,94.10667,395.5931,356.11218,939.907,981.7978,117.01429,110.93315,95.754875,MY02
2022-11-01,1,1893,MY03,485,179.70103,140.86804,523.7299,392.45224,1125.532,988.5676,126.621994,133.0298,113.78511,MY03
2022-11-01,1,1894,MY04,9,114.22222,113.91111,417.55557,315.1111,854.5556,736.7222,100.26163,132.00278,115.88646,MY04
2022-11-01,1,37336,MY05,5,85.4,118.433334,428.4,395.84665,1355.8,1079.3867,73.237915,108.12115,125.490295,MY05
2022-11-01,1,1895,MY06,53,103.81132,78.1717,349.83017,221.72768,738.18866,576.2843,130.82733,156.5006,127.85287,MY06
2022-11-01,1,1896,MY07,217,124.73733,96.44455,441.90323,267.42688,785.38245,609.4369,127.88991,164.0452,128.63525,MY07
2022-11-01,1,1897,MY08,1182,174.81303,118.4152,557.96277,328.2083,973.8621,752.5144,145.69765,168.95221,129.22026,MY08
2022-11-01,1,1898,MY09,672,101.50595,109.46503,419.21875,354.76736,855.41077,899.2814,93.04672,117.914734,95.14857,MY09
2022-11-01,1,1899,MY10,42,101.2619,82.69127,399.0476,306.28174,983.2381,955.37384,121.17729,129.80125,102.9014,MY10
2022-11-01,1,1900,MY11,31,71.90323,87.62366,409.58066,357.69034,844.129,987.7645,83.02763,114.30706,85.53177,MY11
2022-11-01,1,1901,MY12,2407,85.17532,85.590614,359.93478,282.073,838.5592,787.9073,99.54157,127.12264,106.38813,MY12
2022-11-01,1,1902,MY13,4031,141.67502,116.95605,418.78516,346.6113,1137.6056,922.30505,120.26875,120.526596,123.21788,MY13
2022-11-01,1,1904,MY15,416,256.6851,196.62692,652.3462,449.6323,1235.7476,973.7218,129.78677,144.58855,126.77224,MY15
2022-11-01,1,1903,MY17,254,133.19685,135.57756,447.6772,340.42114,840.8543,755.3299,98.30648,131.0508,111.24833,MY17
2022-11-11,1,1891,MY01,622,125.5611,90.405304,443.0209,269.00305,924.3376,627.8563,136.84889,163.50945,146.84811,MY01
2022-11-11,1,1892,MY02,290,103.56896,89.86529,371.64484,322.2655,980.4724,992.4522,114.445404,115.08846,98.79896,MY02
2022-11-11,1,1893,MY03,485,136.7402,149.43512,511.81442,430.4466,1189.0433,1063.7775,91.77978,118.686066,111.72048,MY03
2022-11-11,1,1894,MY04,9,169.55556,106.03333,451.88892,329.62592,980.4444,787.1037,157.21005,136.53722,124.40851,MY04
2022-11-11,1,37336,MY05,5,158.0,123.46667,499.0,393.41333,1460.4,1092.54,126.88116,126.501785,133.51677,MY05
2022-11-11,1,1895,MY06,53,139.49057,80.44717,412.66037,239.66037,823.3396,589.88367,169.0993,170.71027,139.24396,MY06
2022-11-11,1,1896,MY07,217,159.78342,94.90323,466.59448,287.5679,905.35486,649.94147,164.94304,161.19147,138.9979,MY07
2022-11-11,1,1897,MY08,1182,197.03468,113.58559,582.5761,351.2594,1122.2869,806.75134,170.37035,164.92929,138.87096,MY08
2022-11-11,1,1898,MY09,672,151.93303,110.73661,438.87946,351.79523,967.15326,941.7661,135.59497,124.40734,102.68146,MY09
2022-11-11,1,1899,MY10,42,97.5,74.97143,310.14285,275.87143,1017.95233,940.6055,128.17078,112.20182,108.1796,MY10
2022-11-11,1,1900,MY11,31,136.83871,87.35376,404.45163,312.9215,946.5807,1001.1871,153.58197,128.79016,94.57294,MY11
2022-11-11,1,1901,MY12,2407,87.63149,81.1002,336.3145,272.12814,880.5497,786.8128,107.58569,123.161255,111.83826,MY12
2022-11-11,1,1902,MY13,4031,150.94865,123.861374,460.938,369.0421,1208.2523,955.96655,121.020485,124.56832,126.253334,MY13
2022-11-11,1,1904,MY15,416,191.06491,197.3787,673.4447,541.2308,1353.3678,1100.0233,96.88022,124.20478,122.92662,MY15
2022-11-11,1,1903,MY17,254,209.02362,133.6025,525.6575,384.41022,1009.98816,834.73724,154.41542,136.2721,120.869736,MY17
2022-11-21,1,1891,MY01,622,95.377815,88.1082,342.41962,269.27582,923.55786,647.0724,107.80771,126.66798,142.40105,MY01
2022-11-21,1,1892,MY02,290,61.9,80.64724,276.43793,264.6192,933.37585,962.4771,78.1111,104.38349,96.99204,MY02
2022-11-21,1,1893,MY03,485,88.6268,140.81003,405.06802,431.1132,1183.4742,1096.0203,64.211494,94.027885,107.943,MY03
2022-11-21,1,1894,MY04,9,130.0,101.18519,413.77777,321.12964,1016.6667,819.7926,127.136375,128.40837,123.86953,MY04
2022-11-21,1,37336,MY05,5,55.4,112.36667,298.8,354.26666,1370.6001,1085.58,51.46265,84.56114,126.13473,MY05
2022-11-21,1,1895,MY06,53,93.90566,72.7195,337.20755,231.33836,832.5471,583.43964,127.25978,144.7956,142.33357,MY06
2022-11-21,1,1896,MY07,217,115.90784,90.14762,400.4286,281.4954,944.85254,671.20154,127.073944,141.51314,140.46884,MY07
2022-11-21,1,1897,MY08,1182,104.21996,121.22292,476.0677,353.22372,1138.5516,848.24176,86.52942,134.29253,134.02434,MY08
2022-11-21,1,1898,MY09,672,103.89881,107.21855,357.3378,327.4202,978.3542,952.88293,97.04172,108.99993,102.65912,MY09
2022-11-21,1,1899,MY10,42,48.261906,63.102383,247.0238,220.76508,934.0714,876.84766,78.20857,111.631,106.489075,MY10
2022-11-21,1,1900,MY11,31,64.77419,83.30215,273.51614,258.27957,921.83875,970.6172,79.01755,105.78722,95.00025,MY11
2022-11-21,1,1901,MY12,2407,79.445366,82.27668,252.2522,248.96748,872.51056,778.7682,96.755936,101.29336,111.96047,MY12
2022-11-21,1,1902,MY13,4031,116.51228,117.092415,409.13593,357.90985,1169.1238,963.3022,99.52484,114.11537,121.25592,MY13
2022-11-21,1,1904,MY15,416,92.48558,200.47372,540.2356,594.4793,1359.9447,1198.5995,47.444305,90.95152,113.40523,MY15
2022-11-21,1,1903,MY17,254,157.05511,128.5941,499.27557,397.77414,1076.8662,895.3567,121.30409,125.200584,120.15974,MY17
2022-12-01,1,1891,MY01,622,108.946945,121.56238,329.88586,300.0759,973.47107,711.92377,90.03224,109.771324,136.48189,MY01
2022-12-01,1,1892,MY02,290,185.41379,73.40747,350.88275,243.92,1047.8414,934.2278,242.8516,142.97073,112.0965,MY02
2022-12-01,1,1893,MY03,485,430.82474,191.64027,656.1918,481.88544,1508.8701,1190.4437,221.63553,135.80028,126.63667,MY03
2022-12-01,1,1894,MY04,9,111.55556,84.5963,411.11108,291.81482,1066.6667,830.54443,130.0897,140.19215,128.25969,MY04
2022-12-01,1,37336,MY05,5,125.6,101.82,339.0,337.65332,1284.4,1079.0734,122.26175,100.39302,118.94029,MY05
2022-12-01,1,1895,MY06,53,66.43396,79.36981,299.8302,232.53648,851.3585,608.9572,84.66768,128.32985,139.4818,MY06
2022-12-01,1,1896,MY07,217,110.99539,101.22719,386.68665,286.27805,1022.74194,720.6407,109.19558,134.47174,141.63234,MY07
2022-12-01,1,1897,MY08,1182,202.15736,170.1559,503.412,404.96442,1277.3265,952.52936,118.27028,124.01369,133.92033,MY08
2022-12-01,1,1898,MY09,672,208.99405,103.90169,464.8259,321.85684,1117.0819,969.29346,196.50206,143.74057,115.168785,MY09
2022-12-01,1,1899,MY10,42,129.7619,53.54524,275.5238,191.61905,986.0952,827.26587,230.18422,142.67377,119.08396,MY10
2022-12-01,1,1900,MY11,31,94.935486,56.37312,296.5484,227.02902,940.5162,925.8409,162.83267,129.9615,101.57657,MY11
2022-12-01,1,1901,MY12,2407,108.84919,93.11213,275.92606,256.489,892.5853,792.8415,116.03987,107.43321,112.50172,MY12
2022-12-01,1,1902,MY13,4031,161.48598,127.552,428.9469,368.5058,1197.6703,998.8744,125.6005,116.1821,119.80287,MY13
2022-12-01,1,1904,MY15,416,501.61057,278.25793,785.161,676.11035,1750.0793,1399.5302,178.85132,116.01071,124.958466,MY15
2022-12-01,1,1903,MY17,254,124.874016,98.6601,490.95276,360.8567,1148.3739,922.2223,125.288345,135.5593,124.39022,MY17
2022-12-11,1,1891,MY01,622,172.55305,110.76683,376.8778,320.4374,1084.2509,770.5021,153.37126,117.34293,140.4575,MY01
2022-12-11,1,1892,MY02,290,111.52414,62.671036,358.83792,216.72575,1082.0725,891.7215,172.19205,164.09367,121.22744,MY02
2022-12-11,1,1893,MY03,485,460.5196,190.32303,979.9711,522.7733,1859.967,1271.4501,238.33318,186.62769,146.10576,MY03
2022-12-11,1,1894,MY04,9,158.88889,79.26667,400.44446,265.04816,1163.4445,835.63336,194.48839,150.13785,138.99573,MY04
2022-12-11,1,37336,MY05,5,81.2,96.62,262.2,310.80667,1213.6,1083.64,84.82581,84.60873,111.937836,MY05
2022-12-11,1,1895,MY06,53,99.81132,68.65472,260.15094,220.74402,896.64154,628.13586,142.30089,117.45646,142.40886,MY06
2022-12-11,1,1896,MY07,217,177.66359,89.14608,404.56683,280.5209,1145.1198,758.70703,194.02145,143.44548,150.59698,MY07
2022-12-11,1,1897,MY08,1182,417.7039,163.70654,724.0812,455.08536,1633.1498,1047.0679,250.55571,158.4665,155.70761,MY08
2022-12-11,1,1898,MY09,672,203.12947,96.20109,516.02234,307.32132,1244.4093,972.2648,205.65932,166.82253,127.84758,MY09
2022-12-11,1,1899,MY10,42,87.57143,38.76032,265.5952,155.40794,1009.2143,756.69684,211.54193,168.69191,133.15196,MY10
2022-12-11,1,1900,MY11,31,71.16129,49.855915,230.87097,189.53117,948.32263,870.3882,138.8388,121.250984,108.90285,MY11
2022-12-11,1,1901,MY12,2407,107.64645,97.04548,295.941,272.4343,916.1358,809.863,110.38847,108.47289,113.04181,MY12
2022-12-11,1,1902,MY13,4031,108.59415,116.0308,386.5924,360.67523,1197.4266,1032.6284,93.855576,107.08748,115.882195,MY13
2022-12-11,1,1904,MY15,416,659.2211,287.67484,1253.3173,766.4065,2312.6804,1596.1868,226.9485,163.11986,144.74767,MY15
2022-12-11,1,1903,MY17,254,174.50787,90.019684,456.437,317.2739,1266.3188,939.7865,188.91652,143.18164,134.5615,MY17
2022-12-21,1,1891,MY01,622,62.135048,131.52899,343.63504,363.8582,1103.4067,848.5807,49.17274,94.517365,129.85378,MY01
2022-12-21,1,1892,MY02,290,39.603447,56.11908,336.54138,192.19759,1035.8759,847.65955,72.97794,173.19754,122.074036,MY02
2022-12-21,1,1893,MY03,485,89.41444,178.34523,980.7588,560.30853,1859.5939,1353.9434,51.495445,174.37535,137.20909,MY03
2022-12-21,1,1894,MY04,9,37.555557,93.844444,308.0,257.7074,1126.2222,854.57776,43.053062,119.14397,131.60207,MY04
2022-12-21,1,37336,MY05,5,151.0,116.68667,357.8,315.12668,1307.8,1092.6,128.1981,113.33014,119.60642,MY05
2022-12-21,1,1895,MY06,53,24.716982,74.40692,190.96225,222.43144,878.26416,653.51825,37.423668,86.163216,134.12903,MY06
2022-12-21,1,1896,MY07,217,34.59447,100.39309,323.25348,290.76636,1134.5437,807.9181,37.568375,110.984055,140.1794,MY07
2022-12-21,1,1897,MY08,1182,106.62775,170.92001,726.489,504.78247,1689.3044,1151.0536,63.453693,143.49042,146.55933,MY08
2022-12-21,1,1898,MY09,672,55.33482,99.975746,467.45834,300.07852,1230.7917,981.7024,57.475006,154.8645,125.24463,MY09
2022-12-21,1,1899,MY10,42,22.904762,31.405556,240.2381,123.71111,913.0476,679.3929,76.649734,190.53374,134.14043,MY10
2022-12-21,1,1900,MY11,31,27.161291,45.73441,193.25806,151.96344,900.0323,812.01184,63.391483,126.308426,110.77345,MY11
2022-12-21,1,1901,MY12,2407,122.075195,108.183395,338.57083,298.341,950.78687,833.47754,112.273705,113.262245,113.990746,MY12
2022-12-21,1,1902,MY13,4031,127.63781,150.32993,397.71796,393.91275,1243.7445,1091.0774,85.39103,100.95389,113.9285,MY13
2022-12-21,1,1904,MY15,416,168.99039,265.21008,1329.822,831.1429,2411.3342,1781.1556,64.390785,159.64043,135.28128,MY15
2022-12-21,1,1903,MY17,254,41.80315,100.42848,341.18506,289.10828,1241.5668,967.0714,44.39327,117.706665,128.23819,MY17
2023-01-01,1,1891,MY01,622,82.75723,100.24657,317.44534,337.89624,1058.4357,888.2762,83.38251,94.035835,119.04892,MY01
2023-01-01,1,1892,MY02,290,91.87586,36.81517,243.00345,152.15115,989.4793,753.9038,231.67636,157.81204,131.04155,MY02
2023-01-01,1,1893,MY03,485,143.51959,107.75285,693.4536,464.76672,1873.3752,1349.7665,131.72136,148.68095,138.64937,MY03
2023-01-01,1,1894,MY04,9,56.77778,73.91482,253.22223,243.45926,1081.8889,847.5741,78.284134,103.9294,127.48322,MY04
2023-01-01,1,37336,MY05,5,108.8,81.333336,341.0,295.64,1108.4,1041.6866,131.81467,115.08781,106.373764,MY05
2023-01-01,1,1895,MY06,53,23.679245,42.291195,148.20755,182.57108,797.8679,639.1962,60.64394,81.67973,124.63095,MY06
2023-01-01,1,1896,MY07,217,37.317974,57.937172,249.57603,243.20769,1078.1659,798.98016,67.23844,102.56573,134.72545,MY07
2023-01-01,1,1897,MY08,1182,84.31134,103.77095,608.643,431.99734,1670.0176,1172.1661,82.10955,140.42259,142.29237,MY08
2023-01-01,1,1898,MY09,672,97.89137,70.50863,356.35565,262.27505,1240.4004,937.49915,136.26439,135.19992,132.13809,MY09
2023-01-01,1,1899,MY10,42,64.40476,24.020636,174.88095,91.363495,849.4524,593.87225,239.15659,186.66919,142.6769,MY10
2023-01-01,1,1900,MY11,31,75.935486,40.83656,174.25807,134.51828,880.38715,716.79675,176.57408,128.48357,122.66433,MY11
2023-01-01,1,1901,MY12,2407,174.32489,95.2145,404.04654,299.5567,1039.9073,848.112,178.94106,134.30882,122.48185,MY12
2023-01-01,1,1902,MY13,4031,122.81121,133.04828,359.04318,399.57355,1206.7751,1116.8174,92.584435,89.98196,108.018936,MY13
2023-01-01,1,1904,MY15,416,147.28847,153.06058,975.5,689.78687,2413.0076,1836.0808,96.34817,141.1224,131.3363,MY15
2023-01-01,1,1903,MY17,254,54.397636,77.026115,270.70865,263.56418,1209.3385,960.9765,72.41308,102.66025,125.710976,MY17
2023-01-11,1,1891,MY01,622,74.667206,82.84357,219.55948,312.61478,1039.4583,905.41187,90.69213,70.701836,114.72371,MY01
2023-01-11,1,1892,MY02,290,91.08965,29.090115,222.56897,120.98391,953.05176,659.6484,281.86957,180.63336,144.14415,MY02
2023-01-11,1,1893,MY03,485,151.0866,71.02625,384.02063,356.11478,1875.8063,1311.3802,205.30617,107.72769,142.87712,MY03
2023-01-11,1,1894,MY04,9,41.333332,62.774075,135.66667,229.46666,988.0,821.5296,68.36439,59.994316,120.140884,MY04
2023-01-11,1,37336,MY05,5,44.0,75.026665,303.8,273.39334,1065.0,993.2867,61.22959,110.922195,107.18363,MY05
2023-01-11,1,1895,MY06,53,24.54717,35.206917,72.9434,150.8937,745.75476,613.5465,73.487785,49.997784,121.37402,MY06
2023-01-11,1,1896,MY07,217,30.917051,46.906452,102.8295,203.2298,973.9908,772.98895,69.19574,51.783897,125.836075,MY07
2023-01-11,1,1897,MY08,1182,73.19035,79.529274,264.12946,353.06885,1570.7867,1164.2456,92.500916,75.16138,134.76952,MY08
2023-01-11,1,1898,MY09,672,94.39881,55.39107,247.625,225.0938,1202.5269,881.5605,164.5919,109.79218,136.20355,MY09
2023-01-11,1,1899,MY10,42,59.904762,15.603969,147.2143,70.03889,722.95245,502.74127,315.01096,202.84721,143.37074,MY10
2023-01-11,1,1900,MY11,31,70.90323,30.363441,174.0,116.527954,809.32263,615.6656,214.63757,147.29121,131.2015,MY11
2023-01-11,1,1901,MY12,2407,85.3199,90.80554,381.71997,292.5835,1013.97546,847.1312,94.27419,129.95343,119.579636,MY12
2023-01-11,1,1902,MY13,4031,59.35971,126.939926,309.80872,411.57568,1157.3391,1144.2448,48.779556,75.570595,101.13939,MY13
2023-01-11,1,1904,MY15,416,148.03125,100.32837,464.31012,515.87787,2391.0723,1833.3256,145.28969,90.09984,130.33994,MY15
2023-01-11,1,1903,MY17,254,43.330708,62.917454,139.5315,239.52126,1121.626,937.1676,71.16096,59.10795,119.57809,MY17
2023-01-21,1,1891,MY01,622,247.5627,93.333336,404.98712,276.42346,1091.0419,910.567,256.8434,145.68335,119.711815,MY01
2023-01-21,1,1892,MY02,290,130.86897,35.21701,313.83447,101.1223,926.8138,559.12036,337.83957,300.4406,165.17996,MY02
2023-01-21,1,1893,MY03,485,357.9505,83.37615,652.5567,262.15527,2038.3835,1254.7751,410.6883,246.13278,162.20224,MY03
2023-01-21,1,1894,MY04,9,151.11111,76.02963,249.22223,212.71852,970.9999,790.22595,192.6593,116.766464,122.7324,MY04
2023-01-21,1,37336,MY05,5,93.8,71.62667,246.6,227.98666,903.19995,913.14667,128.93684,107.98901,98.91665,MY05
2023-01-21,1,1895,MY06,53,88.471695,35.906918,136.69812,113.40503,664.8679,569.14716,228.4985,119.67238,116.671814,MY06
2023-01-21,1,1896,MY07,217,124.036865,46.159447,192.27188,151.00307,915.954,723.70984,252.2249,126.45385,126.38143,MY07
2023-01-21,1,1897,MY08,1182,245.96362,79.289116,403.46533,262.58936,1606.0219,1124.4325,297.74142,152.64633,142.63995,MY08
2023-01-21,1,1898,MY09,672,208.20685,68.078224,400.49704,193.97792,1225.2932,821.1684,291.75156,203.78998,148.91556,MY09
2023-01-21,1,1899,MY10,42,50.11905,16.875397,174.42857,56.5,661.6904,403.3635,251.96822,291.75378,163.25906,MY10
2023-01-21,1,1900,MY11,31,128.74193,42.0129,275.58063,113.212906,742.35486,523.0882,284.47922,237.35194,141.52084,MY11
2023-01-21,1,1901,MY12,2407,250.0108,86.808975,509.65558,272.829,1100.4785,827.4408,277.7624,185.24184,132.79967,MY12
2023-01-21,1,1902,MY13,4031,194.85538,138.74223,377.0263,398.73044,1183.8801,1156.1351,139.03734,94.6241,102.389465,MY13
2023-01-21,1,1904,MY15,416,399.15625,100.6597,694.47595,354.04865,2564.5337,1785.6006,382.50748,194.8137,143.50122,MY15
2023-01-21,1,1903,MY17,254,133.40158,72.07441,231.12993,212.01797,1071.5906,896.6214,179.56879,108.806625,119.40606,MY17
2023-02-01,1,1891,MY01,622,117.74759,47.915485,439.9775,224.09239,1087.3087,867.04315,231.96912,194.23495,125.25857,MY01
2023-02-01,1,1892,MY02,290,64.85172,23.372068,286.81033,87.6792,880.6966,488.11334,246.19891,314.86066,179.61319,MY02
2023-02-01,1,1893,MY03,485,118.56907,27.661375,627.6062,182.06378,1977.2517,1139.8756,378.33392,338.17676,173.14124,MY03
2023-02-01,1,1894,MY04,9,165.77777,60.72963,358.22223,199.53333,1022.5555,737.7074,259.81854,177.58585,138.35266,MY04
2023-02-01,1,37336,MY05,5,43.0,47.48,180.8,194.13333,860.8,836.67334,91.46342,93.30432,102.86651,MY05
2023-02-01,1,1895,MY06,53,106.07547,31.66415,219.09433,102.777985,667.1321,521.5383,302.9539,207.92218,127.65112,MY06
2023-02-01,1,1896,MY07,217,114.57143,36.584946,269.52533,129.65085,905.788,663.7401,287.53537,203.87938,136.19461,MY07
2023-02-01,1,1897,MY08,1182,207.34686,44.38494,526.50085,203.20332,1638.5557,1049.7896,429.98303,255.27971,155.81834,MY08
2023-02-01,1,1898,MY09,672,110.43601,39.38651,413.04166,162.8558,1234.2233,750.56744,260.07004,249.0481,164.01227,MY09
2023-02-01,1,1899,MY10,42,19.738094,11.595238,129.7619,44.074604,580.1666,332.28888,149.06743,274.6062,173.49123,MY10
2023-02-01,1,1900,MY11,31,79.03226,32.731182,278.67743,105.10753,749.4839,467.8344,222.71301,257.63672,159.5662,MY11
2023-02-01,1,1901,MY12,2407,82.00416,85.9525,417.33484,263.56702,1097.3075,825.30426,95.6589,157.25493,132.75946,MY12
2023-02-01,1,1902,MY13,4031,81.51948,116.49151,335.73456,382.17368,1123.7246,1156.2256,71.214424,88.00561,97.20115,MY13
2023-02-01,1,1904,MY15,416,132.13222,34.4,679.3197,235.38806,2439.9807,1619.6406,348.0513,284.6729,150.49364,MY15
2023-02-01,1,1903,MY17,254,139.65749,51.30761,316.38977,186.29947,1078.0511,812.93884,256.90576,168.0035,132.41225,MY17
2023-02-11,1,1891,MY01,622,96.62701,37.718487,461.93732,178.96732,1058.3745,810.7472,237.89935,253.81537,130.3559,MY01
2023-02-11,1,1892,MY02,290,20.068966,37.9677,215.78967,96.556786,797.19653,435.2999,58.343742,217.40515,182.19322,MY02
2023-02-11,1,1893,MY03,485,24.028866,39.27237,500.54843,150.3099,1864.5403,1027.1053,65.56881,325.50946,181.13852,MY03
2023-02-11,1,1894,MY04,9,110.333336,60.64074,427.22223,197.4,963.33325,689.4482,175.70389,213.54854,139.43924,MY04
2023-02-11,1,37336,MY05,5,54.2,42.886665,191.0,161.99333,757.0,755.4267,123.62523,117.369965,100.2069,MY05
2023-02-11,1,1895,MY06,53,65.28302,33.872326,259.8302,101.4434,592.9245,470.71823,180.80478,248.79909,125.68879,MY06
2023-02-11,1,1896,MY07,217,68.645164,34.02673,307.25345,116.77112,814.6498,599.3653,188.70442,256.4265,135.62158,MY07
2023-02-11,1,1897,MY08,1182,56.02961,35.62442,509.3401,159.29848,1497.5509,966.7734,150.22887,313.05225,154.61948,MY08
2023-02-11,1,1898,MY09,672,64.89435,50.67262,383.5372,158.13734,1147.1846,689.39044,125.54529,238.16571,165.92747,MY09
2023-02-11,1,1899,MY10,42,4.1666665,20.009523,74.02381,48.48016,486.83328,276.06668,36.652702,147.76286,174.98811,MY10
2023-02-11,1,1900,MY11,31,63.451614,48.749462,271.2258,123.493546,676.09674,428.92365,127.35312,214.97252,156.96234,MY11
2023-02-11,1,1901,MY12,2407,90.44246,83.10173,422.4574,255.8632,1100.1184,826.5783,108.33211,163.86266,132.89409,MY12
2023-02-11,1,1902,MY13,4031,120.67403,111.43038,397.0489,366.66412,1093.45,1143.2156,107.93921,108.17532,95.66583,MY13
2023-02-11,1,1904,MY15,416,23.26923,43.64367,554.5577,178.70337,2272.1853,1459.5908,58.11492,304.59848,155.4827,MY15
2023-02-11,1,1903,MY17,254,93.3937,51.848164,366.4528,175.23018,962.42126,728.1035,173.08157,206.0991,131.96245,MY17
2023-02-21,1,1891,MY01,622,84.41479,31.283012,298.7894,116.916985,1047.4115,752.45807,246.43704,249.17726,138.93991,MY01
2023-02-21,1,1892,MY02,290,16.868965,30.14862,101.78965,91.48839,752.1655,380.64804,62.21856,110.67617,196.33589,MY02
2023-02-21,1,1893,MY03,485,63.07835,36.91072,205.67628,103.84447,1838.9917,914.7802,162.4366,193.55717,200.48177,MY03
2023-02-21,1,1894,MY04,9,75.44444,57.477776,351.55554,178.84814,908.7778,644.93335,128.7569,193.94025,140.59561,MY04
2023-02-21,1,37336,MY05,5,41.0,30.04,138.2,120.40667,742.6,669.62,131.27853,114.18851,110.81795,MY05
2023-02-21,1,1895,MY06,53,62.698112,34.131447,234.05661,99.66792,561.7169,431.7547,173.00182,228.3953,129.75635,MY06
2023-02-21,1,1896,MY07,217,57.24424,32.873577,240.46082,103.48525,755.9862,540.5178,164.3474,226.26193,139.49796,MY07
2023-02-21,1,1897,MY08,1182,77.71235,32.78522,341.0888,112.794586,1471.0433,873.82434,218.90132,293.80707,167.95657,MY08
2023-02-21,1,1898,MY09,672,36.49256,43.837353,211.8229,133.89648,1079.7783,623.81976,84.96071,156.10396,172.51022,MY09
2023-02-21,1,1899,MY10,42,5.071429,17.827778,28.976189,49.43254,443.64285,226.13809,44.11918,62.41889,194.10165,MY10
2023-02-21,1,1900,MY11,31,17.032259,36.13871,159.51613,117.619354,628.35486,380.27957,53.556026,134.16817,164.38838,MY11
2023-02-21,1,1901,MY12,2407,114.659744,59.6462,287.10638,228.70042,1135.3328,802.2227,185.09944,124.99181,141.26619,MY12
2023-02-21,1,1902,MY13,4031,123.54949,85.76123,325.743,313.68314,1100.4872,1109.2164,141.63481,103.78429,99.21655,MY13
2023-02-21,1,1904,MY15,416,58.740383,39.646553,214.14183,117.69022,2238.44,1286.3788,142.76665,178.61392,173.7244,MY15
2023-02-21,1,1903,MY17,254,59.874016,48.08819,292.9252,151.24396,865.2402,647.5955,122.20046,190.6795,133.35062,MY17
2023-03-01,1,1891,MY01,622,125.903534,53.97701,306.9453,122.97851,1064.3682,684.9671,221.9569,243.74821,154.98828,MY01
2023-03-01,1,1892,MY02,290,46.806896,48.941265,83.74483,117.05759,613.55865,356.88794,96.04317,72.707344,170.92546,MY02
2023-03-01,1,1893,MY03,485,44.039177,48.551823,131.1464,124.73492,1452.2062,771.5654,91.57331,104.94198,187.64757,MY03
2023-03-01,1,1894,MY04,9,163.88889,64.35555,349.66666,182.47408,961.1111,625.4667,243.5117,189.1817,153.23746,MY04
2023-03-01,1,37336,MY05,5,37.0,33.64,132.2,106.566666,654.0,596.34,108.69565,122.9758,109.58858,MY05
2023-03-01,1,1895,MY06,53,128.77359,44.93962,256.75473,112.9434,624.05664,398.29245,267.87067,221.93251,155.98027,MY06
2023-03-01,1,1896,MY07,217,132.1152,48.582336,258.0046,115.48264,777.10596,488.34116,255.89629,218.29253,158.53247,MY07
2023-03-01,1,1897,MY08,1182,99.890015,48.703724,233.63197,117.113365,1368.7759,752.314,195.31236,195.4184,181.4011,MY08
2023-03-01,1,1898,MY09,672,77.67113,63.67862,179.05804,158.18858,948.4554,583.31946,120.37389,112.78856,162.06422,MY09
2023-03-01,1,1899,MY10,42,33.47619,35.734127,42.714283,73.57143,347.35715,209.00952,94.45689,60.72727,164.64555,MY10
2023-03-01,1,1900,MY11,31,60.451614,53.53871,140.93549,138.42688,593.871,378.05267,111.80911,101.749054,156.34167,MY11
2023-03-01,1,1901,MY12,2407,42.23099,65.63948,247.33319,208.3874,1068.7146,771.5111,66.86203,118.25121,138.2742,MY12
2023-03-01,1,1902,MY13,4031,137.9541,97.78273,382.1776,294.97433,1076.9553,1076.7216,139.08379,129.07025,100.021614,MY13
2023-03-01,1,1904,MY15,416,76.85577,43.607533,158.86539,126.89776,1813.685,1052.0726,168.4014,124.236664,172.0492,MY15
2023-03-01,1,1903,MY17,254,134.64961,57.666534,287.91733,157.60289,875.01575,607.46655,222.8456,180.14276,143.68388,MY17
2023-03-11,1,1891,MY01,622,22.138264,54.053535,232.45659,139.31355,913.9533,630.8956,45.955357,164.54213,144.51323,MY01
2023-03-11,1,1892,MY02,290,9.4758625,56.3977,73.151726,135.48758,511.5103,353.0283,23.577206,55.62892,144.26523,MY02
2023-03-11,1,1893,MY03,485,9.54433,54.274982,116.66185,139.73753,1001.23096,646.1622,24.537046,84.05688,154.52847,MY03
2023-03-11,1,1894,MY04,9,41.88889,67.422226,281.22223,189.25555,844.1111,616.1222,64.74378,147.34314,136.70596,MY04
2023-03-11,1,37336,MY05,5,13.6,35.36,91.6,99.04,586.39996,534.4267,46.08523,92.8489,109.63491,MY05
2023-03-11,1,1895,MY06,53,28.433962,49.16604,219.90567,128.2371,552.67926,380.57422,61.72495,168.80109,144.63603,MY06
2023-03-11,1,1896,MY07,217,30.248848,49.962673,219.60828,131.41858,629.6912,451.41953,64.13234,164.6464,139.05873,MY07
2023-03-11,1,1897,MY08,1182,20.722504,48.266552,198.32486,129.7555,971.79443,642.1228,48.29016,150.88428,150.94421,MY08
2023-03-11,1,1898,MY09,672,36.907738,69.668205,151.07143,177.18417,782.23364,560.41534,56.12528,85.66684,139.23103,MY09
2023-03-11,1,1899,MY10,42,5.5238094,42.246826,44.071426,95.80873,265.30954,214.32777,22.274109,48.677753,123.24456,MY10
2023-03-11,1,1900,MY11,31,14.612904,57.896774,92.09677,147.57419,537.32263,387.5957,31.182686,63.639057,138.13768,MY11
2023-03-11,1,1901,MY12,2407,26.441214,70.492424,183.33194,195.7781,987.50934,744.22485,41.64817,93.80103,132.4715,MY12
2023-03-11,1,1902,MY13,4031,104.41727,107.51873,365.92087,291.06268,1072.7784,1069.3025,97.2436,125.28458,100.323555,MY13
2023-03-11,1,1904,MY15,416,7.0096154,46.1887,142.60576,129.44278,1161.4735,824.02405,23.461456,109.790764,140.70442,MY15
2023-03-11,1,1903,MY17,254,43.24803,62.30643,237.77165,168.06116,743.7559,582.8126,71.68414,140.28084,127.380035,MY17
2023-03-21,1,1891,MY01,622,49.596462,71.5336,197.63826,179.56415,901.41473,572.9046,71.33659,109.79286,156.84505,MY01
2023-03-21,1,1892,MY02,290,55.772415,108.64667,112.055176,213.98563,527.67926,406.5963,53.47488,53.45336,129.41788,MY02
2023-03-21,1,1893,MY03,485,21.581444,87.73223,75.16495,190.55904,933.39795,556.5588,28.664728,40.99271,167.10591,MY03
2023-03-21,1,1894,MY04,9,52.666668,105.022224,258.44443,236.8,859.2222,628.36664,52.413654,108.95138,136.44897,MY04
2023-03-21,1,37336,MY05,5,99.2,51.226665,149.79999,120.22667,534.60004,468.62,185.32132,123.61582,113.931015,MY05
2023-03-21,1,1895,MY06,53,44.698112,67.32013,201.90567,161.42578,572.6604,374.49875,68.71961,124.32308,152.21669,MY06
2023-03-21,1,1896,MY07,217,37.00461,71.83978,199.36865,170.3848,632.1013,424.8731,54.665184,116.52586,148.20683,MY07
2023-03-21,1,1897,MY08,1182,24.432318,70.36802,145.04483,167.3383,889.59894,542.7222,39.051468,87.064125,163.33076,MY08
2023-03-21,1,1898,MY09,672,60.720238,110.57857,175.2991,243.9254,787.619,571.7998,56.86196,72.43098,137.41666,MY09
2023-03-21,1,1899,MY10,42,60.92857,87.269844,99.92857,165.2508,303.3333,271.18332,71.45192,61.631767,111.64081,MY10
2023-03-21,1,1900,MY11,31,61.548386,103.42258,136.6129,214.85806,571.7097,445.69034,61.378716,64.41106,127.96141,MY11
2023-03-21,1,1901,MY12,2407,107.55173,88.658165,176.22394,224.79007,972.98584,726.3195,120.1729,78.865,133.72894,MY12
2023-03-21,1,1902,MY13,4031,162.51328,128.29604,404.88464,333.5975,1107.6539,1046.0111,125.67011,121.05365,105.8651,MY13
2023-03-21,1,1904,MY15,416,4.987981,73.352486,88.85336,163.14871,997.4711,634.8876,12.747497,55.81569,156.66364,MY15
2023-03-21,1,1903,MY17,254,56.52362,94.027954,234.42126,214.00092,758.4764,577.2629,62.12753,109.324326,131.12228,MY17
2023-04-01,1,1891,MY01,622,72.08038,63.43151,143.81511,189.01865,890.7379,536.08954,112.638725,76.70145,165.54338,MY01
2023-04-01,1,1892,MY02,290,78.57586,75.855286,143.82413,240.89966,514.3793,445.63644,103.36474,60.5223,115.25461,MY02
2023-04-01,1,1893,MY03,485,35.2866,50.8367,66.41237,192.84392,825.165,499.6426,72.15075,36.095306,164.50552,MY03
2023-04-01,1,1894,MY04,9,71.44444,87.91482,166.0,260.35925,873.889,642.36664,82.27369,64.44094,135.76372,MY04
2023-04-01,1,37336,MY05,5,53.2,66.7,166.0,153.28667,479.0,453.98666,81.171555,108.031845,105.44969,MY05
2023-04-01,1,1895,MY06,53,59.28302,61.374844,132.4151,177.86101,608.26416,393.5824,96.848465,75.14729,153.86131,MY06
2023-04-01,1,1896,MY07,217,60.0,63.320583,127.253456,185.12305,654.7833,430.25653,95.1397,69.56203,151.58493,MY07
2023-04-01,1,1897,MY08,1182,47.180202,56.97307,92.33502,175.60764,852.46783,495.92435,84.19819,53.89308,171.17711,MY08
2023-04-01,1,1898,MY09,672,82.06696,84.50119,179.69495,264.74796,771.7946,585.79236,97.28023,68.46945,131.48352,MY09
2023-04-01,1,1899,MY10,42,66.54762,61.23254,133.0,190.7492,305.4762,308.39523,108.02487,70.49837,99.06857,MY10
2023-04-01,1,1900,MY11,31,93.064514,76.80968,169.2258,238.12903,588.83875,481.66345,119.86909,71.65981,122.02246,MY11
2023-04-01,1,1901,MY12,2407,78.20067,59.38622,212.1936,218.5368,876.8617,690.4913,129.22125,97.162346,126.79695,MY12
2023-04-01,1,1902,MY13,4031,104.7745,105.04043,371.70505,340.8552,1089.6173,1018.0032,99.75833,108.91987,107.00039,MY13
2023-04-01,1,1904,MY15,416,17.76202,38.73838,29.759617,158.27957,867.9447,520.56537,52.041298,21.288404,166.09631,MY15
2023-04-01,1,1903,MY17,254,64.7874,80.4815,164.55905,236.81589,768.8662,580.71826,81.64036,70.11907,132.1226,MY17
2023-04-11,1,1891,MY01,622,71.88585,63.119667,193.5627,198.08478,887.95654,516.36566,112.8688,97.7733,171.2726,MY01
2023-04-11,1,1892,MY02,290,42.34138,82.64724,176.68965,267.1492,465.63104,499.19357,54.013546,66.76105,93.34332,MY02
2023-04-11,1,1893,MY03,485,45.789692,51.60048,102.65773,190.16942,719.868,480.21683,89.73368,55.161167,149.39053,MY03
2023-04-11,1,1894,MY04,9,58.0,83.54074,182.11111,276.47778,890.5556,663.1333,71.15368,66.474556,134.03847,MY04
2023-04-11,1,37336,MY05,5,29.6,72.52,182.0,190.44667,464.6,451.48,44.63364,95.678276,102.87417,MY05
2023-04-11,1,1895,MY06,53,46.433964,57.52956,150.4151,186.22453,630.15094,415.90503,82.25544,81.27362,150.90125,MY06
2023-04-11,1,1896,MY07,217,45.336407,60.333027,142.34102,195.4934,669.20276,443.6831,77.04589,73.48921,150.26257,MY07
2023-04-11,1,1897,MY08,1182,43.353638,53.17992,114.966156,180.52101,822.63104,469.57498,83.11052,64.66446,174.39415,MY08
2023-04-11,1,1898,MY09,672,67.333336,79.67842,210.12054,274.75818,744.72906,610.0797,85.42122,76.89518,121.891365,MY09
2023-04-11,1,1899,MY10,42,31.97619,67.274605,159.4524,215.77698,277.5476,360.0659,51.160694,74.48802,77.39633,MY10
2023-04-11,1,1900,MY11,31,60.451614,76.553764,215.06451,256.786,578.3871,527.85376,80.25579,84.06275,109.48353,MY11
2023-04-11,1,1901,MY12,2407,43.81055,64.69916,229.56294,212.74355,835.3523,664.3848,70.030334,107.7244,125.540985,MY12
2023-04-11,1,1902,MY13,4031,50.445297,98.841194,317.7331,332.17767,1080.7029,989.9045,53.394318,95.716034,109.12634,MY13
2023-04-11,1,1904,MY15,416,38.16827,37.471153,60.91827,149.56203,758.0817,457.70816,101.641396,42.64843,164.91641,MY15
2023-04-11,1,1903,MY17,254,58.787403,75.44948,180.09842,249.95892,784.32294,593.25024,79.28877,72.59931,131.93858,MY17
2023-04-21,1,1891,MY01,622,66.27974,74.879364,210.24597,201.43054,706.67365,497.91168,89.23423,104.27041,141.51067,MY01
2023-04-21,1,1892,MY02,290,87.59655,94.02793,208.5138,252.53046,422.3586,558.00446,93.50549,82.90817,75.90679,MY02
2023-04-21,1,1893,MY03,485,39.022682,60.419037,120.098976,162.85622,400.94022,457.2597,67.29338,74.52746,87.81648,MY03
2023-04-21,1,1894,MY04,9,75.44444,101.5963,204.88889,273.05185,814.889,688.7,75.466446,75.48552,118.190704,MY04
2023-04-21,1,37336,MY05,5,64.2,75.62,147.0,214.84,435.0,455.47333,85.83477,69.1412,95.55385,MY05
2023-04-21,1,1895,MY06,53,46.83019,74.038994,152.54716,192.94339,588.50946,454.0371,65.57547,79.59203,129.29445,MY06
2023-04-21,1,1896,MY07,217,50.32719,75.1808,155.6636,198.83441,595.4931,472.70444,69.00304,78.82065,125.703896,MY07
2023-04-21,1,1897,MY08,1182,37.403553,66.1976,127.93739,176.35059,614.07104,456.48346,59.557556,73.304085,134.14806,MY08
2023-04-21,1,1898,MY09,672,78.70387,94.073265,228.10417,258.25287,615.22614,636.07477,84.48684,88.54763,96.74786,MY09
2023-04-21,1,1899,MY10,42,67.2381,78.930954,165.7619,207.4381,294.6667,422.12143,86.06848,80.38196,70.1596,MY10
2023-04-21,1,1900,MY11,31,78.064514,89.59785,231.58064,242.96129,527.70966,575.4387,87.80804,95.41031,91.77707,MY11
2023-04-21,1,1901,MY12,2407,41.801,66.917145,163.81221,191.00252,627.1426,644.49304,65.07627,86.12757,97.32861,MY12
2023-04-21,1,1902,MY13,4031,103.16745,105.20747,258.38724,309.0891,989.0149,956.3697,98.148926,83.85749,103.3957,MY13
2023-04-21,1,1904,MY15,416,26.677885,46.56338,82.60818,122.77292,385.60336,403.61185,61.43485,68.56553,95.592766,MY15
2023-04-21,1,1903,MY17,254,66.09055,91.92585,189.66534,247.85683,717.0119,613.1017,73.3453,76.98639,116.81118,MY17
2023-05-01,1,1891,MY01,622,50.033764,65.522934,188.19936,203.52197,638.9598,515.5191,78.03669,92.651794,123.71491,MY01
2023-05-01,1,1892,MY02,290,110.055176,88.571266,239.9931,265.24643,467.56207,623.2037,122.959946,90.65545,75.22434,MY02
2023-05-01,1,1893,MY03,485,110.670105,71.053406,195.48248,183.07292,393.04123,500.65176,152.09064,106.59827,78.718445,MY03
2023-05-01,1,1894,MY04,9,62.22222,69.118515,195.66666,254.25555,711.3333,697.08887,90.69559,77.4011,102.02887,MY04
2023-05-01,1,37336,MY05,5,46.8,91.026665,140.59999,239.16667,438.8,499.02002,53.943348,59.631393,88.052055,MY05
2023-05-01,1,1895,MY06,53,39.11321,61.83522,132.37737,193.40378,521.5472,484.20816,66.00294,69.2413,107.63254,MY06
2023-05-01,1,1896,MY07,217,51.40553,65.49462,147.06912,201.00845,532.32715,501.61414,80.01395,73.81693,106.06241,MY07
2023-05-01,1,1897,MY08,1182,59.49577,66.59371,140.25296,185.97124,466.21997,478.69226,90.08581,76.06012,97.42144,MY08
2023-05-01,1,1898,MY09,672,90.309525,85.6753,236.34673,259.42697,595.09973,682.3635,105.11079,91.2716,87.304565,MY09
2023-05-01,1,1899,MY10,42,105.97619,81.96587,205.19048,228.17143,380.9048,492.49207,127.608894,90.14418,77.57004,MY10
2023-05-01,1,1900,MY11,31,89.935486,78.27312,228.45161,244.42473,538.6129,620.98065,114.00496,93.596016,86.84181,MY11
2023-05-01,1,1901,MY12,2407,96.15954,78.25279,181.77109,209.8691,641.2979,636.79333,121.50888,86.9232,100.701866,MY12
2023-05-01,1,1902,MY13,4031,98.07294,106.98723,251.68568,311.0359,1005.5683,946.8654,92.0399,81.22042,106.16714,MY13
2023-05-01,1,1904,MY15,416,89.61298,55.498158,154.45914,139.5327,343.08414,424.71002,156.38986,110.32738,81.004425,MY15
2023-05-01,1,1903,MY17,254,57.16142,71.333466,182.03938,238.70879,634.5158,633.12756,81.43403,76.747086,100.217545,MY17
2023-05-11,1,1891,MY01,622,49.836014,60.239174,166.14952,200.64148,592.16876,538.0398,84.05382,83.22714,109.967766,MY01
2023-05-11,1,1892,MY02,290,77.3069,86.15471,274.95862,268.7539,524.8,671.3907,90.29363,102.266525,78.327515,MY02
2023-05-11,1,1893,MY03,485,88.97526,78.602615,238.66803,210.07504,457.9876,539.982,112.407074,113.294426,84.95466,MY03
2023-05-11,1,1894,MY04,9,61.444443,67.18519,199.1111,237.9,662.44446,703.6333,92.047195,84.03092,94.18756,MY04
2023-05-11,1,37336,MY05,5,78.4,90.55333,189.4,257.2,462.99997,546.6867,87.281105,74.14187,84.83075,MY05
2023-05-11,1,1895,MY06,53,46.92453,52.604404,132.86792,188.47862,503.18872,502.94025,90.13986,71.25744,100.04892,MY06
2023-05-11,1,1896,MY07,217,61.506912,62.936253,163.23962,203.61168,525.1889,530.5236,97.896065,80.64727,99.00383,MY07
2023-05-11,1,1897,MY08,1182,70.40694,70.69693,167.30626,203.48824,480.5973,513.7648,99.616905,82.64555,93.606445,MY08
2023-05-11,1,1898,MY09,672,86.56994,86.511604,255.58334,266.26016,616.77527,718.2025,100.06374,96.063995,85.975266,MY09
2023-05-11,1,1899,MY10,42,53.261906,79.03968,226.4762,239.93651,430.0,551.5222,69.32666,94.50457,78.163994,MY10
2023-05-11,1,1900,MY11,31,68.354836,76.70107,236.35483,244.57205,543.5161,648.93225,89.78442,96.70747,83.879654,MY11
2023-05-11,1,1901,MY12,2407,74.90112,89.18443,212.86166,234.35437,625.75653,642.87604,84.83474,91.020546,97.3576,MY12
2023-05-11,1,1902,MY13,4031,63.578022,92.38413,264.81842,304.57883,948.47235,927.8192,70.42011,87.15661,102.21405,MY13
2023-05-11,1,1904,MY15,416,75.79808,64.30168,192.08896,166.36322,395.61298,445.36804,116.58891,115.012405,88.952354,MY15
2023-05-11,1,1903,MY17,254,70.50394,69.94921,193.7559,233.20853,611.626,651.2286,100.740135,83.437775,93.96512,MY17
2023-05-21,1,1891,MY01,622,47.44855,64.674065,147.31833,190.43617,555.2025,571.43085,75.27701,77.93763,97.184685,MY01
2023-05-21,1,1892,MY02,290,77.04828,89.738045,264.41034,264.46402,584.9793,730.9801,86.605415,99.98008,80.1624,MY02
2023-05-21,1,1893,MY03,485,96.5732,85.12997,296.21857,234.78598,491.48248,588.20123,112.696365,125.61976,83.69546,MY03
2023-05-21,1,1894,MY04,9,49.0,65.92593,172.66666,202.22963,636.0,712.0815,76.13577,85.73419,89.39012,MY04
2023-05-21,1,37336,MY05,5,48.2,97.14667,173.4,278.72665,470.19998,613.79333,52.081974,62.87742,76.79462,MY05
2023-05-21,1,1895,MY06,53,38.792454,63.36541,124.830185,177.80504,479.28305,532.1742,64.05645,71.02112,90.15382,MY06
2023-05-21,1,1896,MY07,217,43.682026,65.343475,156.59447,193.77435,511.62668,562.9935,69.20617,81.29543,90.95644,MY07
2023-05-21,1,1897,MY08,1182,55.093063,76.74769,184.99577,214.03833,457.97803,557.72723,73.510414,86.74088,82.273964,MY08
2023-05-21,1,1898,MY09,672,80.63095,93.11404,257.5104,265.30093,660.9137,767.4792,87.27696,97.11783,86.20474,MY09
2023-05-21,1,1899,MY10,42,50.666668,79.9119,209.90477,240.91747,475.59525,613.6063,65.55814,87.38898,77.69,MY10
2023-05-21,1,1900,MY11,31,69.645164,79.72473,227.93549,234.69893,596.129,692.51825,88.10316,97.17836,86.181114,MY11
2023-05-21,1,1901,MY12,2407,101.51267,82.53491,272.57333,249.97214,612.6095,665.7647,121.68022,108.86419,92.07543,MY12
2023-05-21,1,1902,MY13,4031,99.06202,98.90276,260.71298,298.2741,923.9848,940.9607,100.15328,87.61479,98.20544,MY13
2023-05-21,1,1904,MY15,416,91.08414,73.64279,256.4952,193.44263,427.95676,479.36426,122.17793,131.77371,89.3866,MY15
2023-05-21,1,1903,MY17,254,46.94488,70.72913,174.61024,212.01181,598.69684,673.86957,68.592995,82.76519,88.92678,MY17
2023-06-01,1,1891,MY01,622,53.081993,56.38703,150.36655,181.30026,482.381,573.8409,94.61606,83.395775,84.199486,MY01
2023-06-01,1,1892,MY02,290,92.151726,71.42195,246.5069,247.31471,630.32416,753.4608,127.12542,99.67984,83.76493,MY02
2023-06-01,1,1893,MY03,485,108.61443,59.891685,294.1629,223.62425,556.05774,599.5411,175.08319,130.85353,92.80721,MY03
2023-06-01,1,1894,MY04,9,66.333336,53.974075,176.77777,187.08519,538.44446,701.7,120.957115,94.633934,76.89889,MY04
2023-06-01,1,37336,MY05,5,40.8,98.28667,167.40001,285.98666,473.99997,678.44,44.342606,59.246708,70.08662,MY05
2023-06-01,1,1895,MY06,53,47.981133,53.401257,133.69812,169.37106,398.49057,540.63586,90.71916,79.54193,73.948685,MY06
2023-06-01,1,1896,MY07,217,48.188942,47.51321,153.37787,175.79294,427.70044,561.92444,101.28678,87.6018,76.32418,MY07
2023-06-01,1,1897,MY08,1182,66.507614,52.93948,192.00761,200.3841,424.59564,561.96295,123.41777,95.921555,75.77138,MY08
2023-06-01,1,1898,MY09,672,90.75149,59.183186,257.9524,238.80884,673.994,762.98376,149.18471,107.851875,88.412544,MY09
2023-06-01,1,1899,MY10,42,94.64286,79.06032,198.57144,238.0119,536.7619,656.93256,118.53733,83.77015,81.84549,MY10
2023-06-01,1,1900,MY11,31,62.612904,57.080647,200.6129,213.50645,598.29034,696.06024,108.91139,94.099236,86.054,MY11
2023-06-01,1,1901,MY12,2407,83.198586,72.0851,259.61237,243.80444,653.5771,672.2103,114.417175,106.35355,97.24853,MY12
2023-06-01,1,1902,MY13,4031,59.434383,89.24285,222.07443,280.52975,845.4651,932.42084,68.37058,79.52741,90.72394,MY13
2023-06-01,1,1904,MY15,416,79.9976,54.614502,246.87982,192.55898,431.09857,490.37122,142.57872,127.49602,88.0347,MY15
2023-06-01,1,1903,MY17,254,72.232285,52.30656,189.6811,192.98491,536.27954,668.5096,134.7704,98.33128,80.36702,MY17
2023-06-11,1,1891,MY01,622,39.032154,46.796677,139.5627,167.85777,499.27493,566.58405,85.00961,83.63101,88.224106,MY01
2023-06-11,1,1892,MY02,290,52.186207,68.31609,221.38622,229.47609,673.0345,765.3792,77.99953,96.54981,88.013084,MY02
2023-06-11,1,1893,MY03,485,49.14433,60.65677,254.33195,205.67842,595.6578,605.9229,82.46572,123.09375,98.31973,MY03
2023-06-11,1,1894,MY04,9,31.222221,37.377777,146.55556,157.27777,527.7778,671.6556,85.47457,93.39268,78.736916,MY04
2023-06-11,1,37336,MY05,5,48.2,89.566666,137.2,285.0,508.6,732.64667,56.25661,49.03448,69.62682,MY05
2023-06-11,1,1895,MY06,53,31.018867,39.643394,117.79246,156.41006,401.07547,531.1132,80.6813,76.074844,75.74435,MY06
2023-06-11,1,1896,MY07,217,27.612904,33.675114,119.48387,146.5318,425.06454,545.63684,84.325294,82.15033,78.10312,MY07
2023-06-11,1,1897,MY08,1182,37.74704,45.69467,159.34772,175.38184,441.62015,559.39105,84.32255,91.11101,79.1331,MY08
2023-06-11,1,1898,MY09,672,31.672619,51.68735,203.05507,203.98457,668.7589,745.0029,64.69277,99.55523,89.834175,MY09
2023-06-11,1,1899,MY10,42,68.90476,75.69444,214.2143,234.66667,600.1429,690.3802,91.58594,91.466324,87.023315,MY10
2023-06-11,1,1900,MY11,31,33.419353,49.230106,165.67743,186.03548,617.0968,687.39355,70.84506,89.343315,89.84728,MY11
2023-06-11,1,1901,MY12,2407,44.23972,71.30271,228.95097,225.92273,671.3757,673.0206,64.532074,101.31136,99.757385,MY12
2023-06-11,1,1902,MY13,4031,64.21955,70.809525,222.71594,258.95514,805.26746,895.7117,91.30719,86.2707,89.95859,MY13
2023-06-11,1,1904,MY15,416,49.521633,58.06298,220.60336,186.32028,473.6106,502.2455,86.45585,117.919205,94.35482,MY15
2023-06-11,1,1903,MY17,254,29.02756,36.95722,148.20473,159.99292,522.0591,643.16034,81.10061,92.85533,81.316154,MY17
2023-06-21,1,1891,MY01,622,54.27331,45.842712,146.38747,149.02643,503.95175,540.8931,116.581726,98.28668,93.23286,MY01
2023-06-21,1,1892,MY02,290,70.110344,60.4177,214.44827,200.15575,687.37244,717.1502,114.81654,106.966675,95.87652,MY02
2023-06-21,1,1893,MY03,485,78.1835,58.909416,235.94226,179.45787,652.25977,577.1001,130.15845,130.62184,112.91181,MY03
2023-06-21,1,1894,MY04,9,58.77778,44.51852,156.33334,135.87038,533.8889,611.15186,128.7958,114.52609,87.4604,MY04
2023-06-21,1,37336,MY05,5,40.4,84.72,129.4,272.57333,449.80002,766.14,50.601875,48.419632,58.977615,MY05
2023-06-21,1,1895,MY06,53,54.301888,45.450314,133.30188,138.49496,410.67923,509.2434,117.54513,96.381,80.83317,MY06
2023-06-21,1,1896,MY07,217,53.751152,40.85914,129.55301,122.04746,441.8111,514.6562,128.1122,105.90767,85.98206,MY07
2023-06-21,1,1897,MY08,1182,73.32064,50.091568,177.57529,148.72572,490.50848,539.1146,142.16447,118.76691,91.06693,MY08
2023-06-21,1,1898,MY09,672,66.03571,52.045338,188.45981,162.91588,674.0744,686.46967,124.52501,115.21233,98.207405,MY09
2023-06-21,1,1899,MY10,42,76.11905,67.82143,239.66667,222.57619,615.3334,670.93176,111.39448,107.50979,91.77455,MY10
2023-06-21,1,1900,MY11,31,57.935482,51.253765,153.96774,157.56451,613.4839,635.22473,111.87781,97.78748,96.60419,MY11
2023-06-21,1,1901,MY12,2407,79.83008,73.26457,207.26839,216.65239,643.65393,657.6271,108.38886,95.76634,97.89125,MY12
2023-06-21,1,1902,MY13,4031,56.9809,71.88146,180.63483,231.93384,699.73505,839.29706,80.61879,78.3488,83.47003,MY13
2023-06-21,1,1904,MY15,416,71.41106,56.46843,200.93028,169.14592,540.0337,485.36145,124.30943,118.25157,111.14937,MY15
2023-06-21,1,1903,MY17,254,57.492126,43.775196,158.75197,133.03897,523.0276,592.9076,128.12276,118.62734,88.31257,MY17
2023-07-01,1,1891,MY01,622,61.244373,60.187515,154.54984,152.8269,493.11578,537.6492,101.62126,101.09166,91.793335,MY01
2023-07-01,1,1892,MY02,290,80.18276,69.09046,202.47931,197.82425,688.9793,710.3854,114.97129,102.29513,97.00776,MY02
2023-07-01,1,1893,MY03,485,63.022682,61.536495,190.35052,181.10268,679.996,587.79987,102.233635,104.969215,115.55265,MY03
2023-07-01,1,1894,MY04,9,81.44444,50.037037,171.44444,131.93333,543.88885,573.27405,157.06595,128.85426,94.918465,MY04
2023-07-01,1,37336,MY05,5,193.2,102.63333,281.8,276.92,589.8,802.0733,184.14369,101.73098,73.69839,MY05
2023-07-01,1,1895,MY06,53,93.92453,66.208176,179.24529,151.30188,445.32074,514.0767,138.92299,117.87784,86.75418,MY06
2023-07-01,1,1896,MY07,217,86.695854,52.779724,168.0599,127.31398,468.50693,504.11536,158.699,130.79488,93.00582,MY07
2023-07-01,1,1897,MY08,1182,68.29695,54.910774,179.36462,150.697,511.62518,537.05237,122.34351,118.41244,95.30909,MY08
2023-07-01,1,1898,MY09,672,65.5,57.4875,163.20833,161.22018,657.50745,659.456,112.82257,101.19608,99.70674,MY09
2023-07-01,1,1899,MY10,42,96.28571,71.4746,241.30951,214.99048,645.0714,681.1738,132.44359,111.963715,94.738594,MY10
2023-07-01,1,1900,MY11,31,70.51613,65.389244,161.87097,165.87312,590.9355,623.8043,107.283615,97.65782,94.772804,MY11
2023-07-01,1,1901,MY12,2407,97.422104,63.17416,221.4919,207.74146,662.87537,661.415,150.23595,106.463455,100.21914,MY12
2023-07-01,1,1902,MY13,4031,99.44753,74.61027,220.64798,217.30125,694.4081,808.8669,131.19858,101.50549,85.936424,MY13
2023-07-01,1,1904,MY15,416,71.91106,61.0625,192.84375,175.5939,594.18274,507.68558,116.42165,109.55173,116.87139,MY15
2023-07-01,1,1903,MY17,254,85.64567,53.669292,172.16534,134.4017,543.8858,566.0954,154.50275,127.0898,96.11105,MY17
2023-07-11,1,1891,MY01,622,72.233116,50.75343,187.7508,156.78366,493.46304,525.2829,138.52621,119.141075,93.99946,MY01
2023-07-11,1,1892,MY02,290,88.93793,70.980576,239.23103,200.48874,735.57587,698.71875,123.63413,118.85374,105.23749,MY02
2023-07-11,1,1893,MY03,485,89.239174,61.16323,230.44534,181.60913,723.4454,597.3626,142.43436,126.17033,120.93137,MY03
2023-07-11,1,1894,MY04,9,70.111115,45.72222,210.33334,140.27777,556.0,535.45557,148.08325,148.22182,103.80132,MY04
2023-07-11,1,37336,MY05,5,150.4,93.96,384.0,281.31332,710.6,823.5133,157.03314,135.86514,86.371574,MY05
2023-07-11,1,1895,MY06,53,58.207546,61.375473,206.43396,173.03397,457.09433,517.9226,95.227264,118.76047,88.36764,MY06
2023-07-11,1,1896,MY07,217,64.35023,51.33487,204.79724,144.97374,487.52075,495.1172,123.10356,139.88933,98.48107,MY07
2023-07-11,1,1897,MY08,1182,67.5,50.708096,209.11758,155.71043,535.77155,534.5805,130.14267,133.23192,100.22074,MY08
2023-07-11,1,1898,MY09,672,81.92857,59.738293,213.46428,169.27113,672.1027,639.51587,134.27689,125.35884,105.05602,MY09
2023-07-11,1,1899,MY10,42,81.59524,68.46667,254.0,207.7627,694.6904,682.3659,117.8701,121.731865,101.793,MY10
2023-07-11,1,1900,MY11,31,82.548386,70.72581,211.0,187.36882,613.0323,617.9764,115.61235,112.28432,99.206375,MY11
2023-07-11,1,1901,MY12,2407,76.701706,61.875114,253.95389,198.31384,695.76654,658.59094,122.17057,127.36658,105.60218,MY12
2023-07-11,1,1902,MY13,4031,78.43314,62.80213,234.86157,209.29387,722.39594,772.8278,123.05386,111.931145,93.51632,MY13
2023-07-11,1,1904,MY15,416,85.1875,54.889423,228.50961,172.42035,641.20197,525.1038,150.59003,131.61377,121.901024,MY15
2023-07-11,1,1903,MY17,254,75.64173,51.01811,218.77951,148.4626,560.7402,541.66406,143.95654,145.82022,103.489555,MY17
2023-07-21,1,1891,MY01,622,46.926044,56.407825,180.40353,167.34877,474.10934,506.81137,84.559326,107.574615,93.610535,MY01
2023-07-21,1,1892,MY02,290,94.91035,76.98586,264.03104,217.0569,742.88965,681.67664,121.8629,121.15409,108.91439,MY02
2023-07-21,1,1893,MY03,485,112.40619,76.711136,264.66803,199.41086,796.8289,613.6547,143.68445,131.92451,129.60846,MY03
2023-07-21,1,1894,MY04,9,60.666668,57.68889,212.22223,153.44815,541.2222,491.54816,104.7501,137.09357,110.003876,MY04
2023-07-21,1,37336,MY05,5,37.0,100.6,380.59998,297.19333,683.4,848.49335,39.772728,127.60043,80.65675,MY05
2023-07-21,1,1895,MY06,53,58.433964,63.91698,210.56604,191.50063,468.6981,507.80063,92.04403,109.70247,92.37471,MY06
2023-07-21,1,1896,MY07,217,54.64977,56.167587,205.69585,160.28218,491.84332,476.104,97.51859,127.47644,103.2715,MY07
2023-07-21,1,1897,MY08,1182,73.51269,57.791004,209.30963,163.40987,571.88074,526.1739,125.03811,127.2548,108.60487,MY08
2023-07-21,1,1898,MY09,672,81.22619,68.79489,228.65475,186.02069,674.625,614.2375,116.84574,122.31908,109.751915,MY09
2023-07-21,1,1899,MY10,42,89.07143,78.31746,266.9524,218.25873,716.5238,681.7524,112.90722,121.810425,105.06316,MY10
2023-07-21,1,1900,MY11,31,97.741936,75.752686,250.80646,211.86774,632.7097,604.13116,127.23036,117.955055,104.691696,MY11
2023-07-21,1,1901,MY12,2407,56.805153,72.620804,230.92896,197.67007,710.7707,664.2946,79.624466,116.410355,106.94404,MY12
2023-07-21,1,1902,MY13,4031,49.792606,72.95166,227.67328,210.36406,669.0211,740.572,70.2905,108.037186,90.40322,MY13
2023-07-21,1,1904,MY15,416,117.33414,71.53814,274.43268,187.49007,731.85815,550.0786,159.83421,145.16733,132.74844,MY15
2023-07-21,1,1903,MY17,254,59.452755,60.83517,220.74016,165.52257,554.10236,510.57336,97.900185,132.3814,108.44283,MY17
2023-08-01,1,1891,MY01,622,45.686497,55.511578,164.84566,162.67284,469.76205,496.8,83.7633,101.29587,94.61181,MY01
2023-08-01,1,1892,MY02,290,64.5069,74.286896,248.35516,222.25333,697.34143,667.3923,87.665054,111.485794,104.454124,MY02
2023-08-01,1,1893,MY03,485,91.449486,73.243576,293.09485,211.11794,777.6082,615.84485,123.26825,137.93156,126.05536,MY03
2023-08-01,1,1894,MY04,9,39.444443,45.407406,170.22223,148.81851,518.44446,467.83704,88.17046,113.91492,110.702934,MY04
2023-08-01,1,37336,MY05,5,23.8,90.753334,211.2,285.31332,660.39996,848.22,30.077282,74.47127,77.98692,MY05
2023-08-01,1,1895,MY06,53,56.622643,65.99056,173.26416,191.28302,486.20755,511.956,86.80399,90.81996,95.01922,MY06
2023-08-01,1,1896,MY07,217,48.317974,51.19969,167.31798,158.70215,488.75574,461.80905,94.87236,105.263115,105.77253,MY07
2023-08-01,1,1897,MY08,1182,67.904396,56.565964,208.91708,165.06506,580.28937,516.1462,118.416725,125.78543,112.3081,MY08
2023-08-01,1,1898,MY09,672,58.39732,62.101486,221.55208,190.63467,642.7128,590.6637,94.47976,115.80365,108.73801,MY09
2023-08-01,1,1899,MY10,42,76.64286,85.75159,247.30951,232.53572,687.1905,685.5381,89.96301,106.219604,100.23929,MY10
2023-08-01,1,1900,MY11,31,47.19355,67.886024,227.48386,214.36452,589.9678,593.7441,71.60982,105.98061,99.36929,MY11
2023-08-01,1,1901,MY12,2407,29.303282,70.46361,162.81015,204.95952,643.9144,656.50543,45.456722,79.925,98.09662,MY12
2023-08-01,1,1902,MY13,4031,62.59613,79.50311,190.82188,215.2569,633.5443,713.0879,79.99247,88.906136,88.92287,MY13
2023-08-01,1,1904,MY15,416,87.7524,70.62925,290.27405,197.05681,729.9976,565.2097,122.64092,146.13417,128.89952,MY15
2023-08-01,1,1903,MY17,254,43.55118,45.00617,178.64566,156.85945,540.4921,484.24606,97.090385,113.45995,111.496475,MY17
2023-08-11,1,1891,MY01,622,89.96302,56.71688,182.57556,168.63628,509.88907,493.2777,153.86879,108.02786,103.33375,MY01
2023-08-11,1,1892,MY02,290,71.95172,79.21092,231.36896,230.48367,691.9862,660.4485,91.37974,100.37594,104.73932,MY02
2023-08-11,1,1893,MY03,485,109.395874,74.22522,313.25156,224.17993,798.0288,611.46747,144.39325,138.86536,130.26297,MY03
2023-08-11,1,1894,MY04,9,101.888885,55.65185,202.0,158.74815,558.8889,456.3037,176.2335,126.41364,122.2381,MY04
2023-08-11,1,37336,MY05,5,55.0,110.31333,115.8,301.66666,636.99994,867.98,52.032143,39.391308,73.5412,MY05
2023-08-11,1,1895,MY06,53,105.0,66.8478,220.05661,196.75534,544.283,526.19934,153.10143,111.54927,103.404305,MY06
2023-08-11,1,1896,MY07,217,90.36405,54.398617,193.33179,161.7659,517.6129,453.27142,160.54929,118.92827,114.04004,MY07
2023-08-11,1,1897,MY08,1182,99.3824,59.348648,240.79948,173.70561,609.26483,504.79788,162.21382,137.54436,120.49184,MY08
2023-08-11,1,1898,MY09,672,98.934525,68.251884,238.55803,199.14827,655.0774,572.404,141.88649,119.30448,114.31812,MY09
2023-08-11,1,1899,MY10,42,65.02381,89.739685,230.7381,253.80873,698.9524,696.2381,73.911804,91.08584,100.38707,MY10
2023-08-11,1,1900,MY11,31,78.80645,73.93118,223.74194,217.5699,600.4194,590.9742,106.176605,102.77308,101.58483,MY11
2023-08-11,1,1901,MY12,2407,78.490234,82.194695,164.59866,225.2791,647.5036,649.5157,95.7515,73.64918,99.69258,MY12
2023-08-11,1,1902,MY13,4031,100.822876,90.199844,213.21161,242.65462,670.7891,710.9036,111.15867,88.11127,94.39666,MY13
2023-08-11,1,1904,MY15,416,121.24519,71.07716,326.33173,213.24455,775.4447,571.98517,165.9436,151.81673,135.26253,MY15
2023-08-11,1,1903,MY17,254,87.838585,54.195145,190.84253,160.03648,557.8268,468.492,156.8348,118.66621,118.86722,MY17
2023-08-21,1,1891,MY01,622,64.659164,68.89212,200.30869,181.12057,527.0997,497.4958,94.27144,110.30951,105.89137,MY01
2023-08-21,1,1892,MY02,290,78.42759,110.6223,214.8862,264.12012,693.36554,681.33276,72.15528,81.7056,101.7532,MY02
2023-08-21,1,1893,MY03,485,120.896904,108.56735,321.74228,256.03616,822.35254,634.90485,110.856606,125.171265,129.29306,MY03
2023-08-21,1,1894,MY04,9,54.11111,68.4963,195.44444,169.55556,564.0,458.87408,80.42733,114.831314,122.66259,MY04
2023-08-21,1,37336,MY05,5,95.0,119.32667,173.8,320.39334,683.8,890.16,80.433266,54.948883,76.94714,MY05
2023-08-21,1,1895,MY06,53,64.35849,79.16352,225.98114,212.00189,569.84906,541.9975,82.40921,106.442,105.09171,MY06
2023-08-21,1,1896,MY07,217,48.43779,68.88756,187.11981,174.48587,522.36865,456.81552,72.32313,107.03896,114.19466,MY07
2023-08-21,1,1897,MY08,1182,66.757195,79.73246,234.044,195.64706,620.92896,507.78265,84.68678,119.13656,122.06516,MY08
2023-08-21,1,1898,MY09,672,88.427086,96.10174,245.75894,226.45511,662.8735,575.39166,92.40898,108.3402,115.07289,MY09
2023-08-21,1,1899,MY10,42,59.809525,126.86032,201.4762,302.3516,708.0953,743.1865,49.15013,67.17915,95.30982,MY10
2023-08-21,1,1900,MY11,31,66.935486,113.87204,192.93549,255.68925,597.70966,625.1215,60.515057,75.92775,95.64975,MY11
2023-08-21,1,1901,MY12,2407,81.25925,90.3213,189.05276,242.9796,627.2501,657.30206,90.49316,78.25352,95.4625,MY12
2023-08-21,1,1902,MY13,4031,94.76904,109.75678,258.18805,279.45975,666.49615,721.7576,86.93956,92.52207,92.396164,MY13
2023-08-21,1,1904,MY15,416,102.69471,101.8976,311.6923,243.604,787.05524,600.24,100.74568,127.38825,130.86632,MY15
2023-08-21,1,1903,MY17,254,57.40551,67.97467,188.79529,167.17598,568.2874,465.73752,85.51667,112.55652,121.784935,MY17
2023-09-01,1,1891,MY01,622,64.69775,56.71104,219.31995,182.32004,538.71545,497.8198,112.9421,119.75224,108.13327,MY01
2023-09-01,1,1892,MY02,290,75.62069,101.656784,226.0,291.49,676.8345,711.56757,75.5889,77.91157,95.15285,MY02
2023-09-01,1,1893,MY03,485,106.78969,97.2167,337.08246,280.00928,820.52783,672.2299,109.365395,120.025024,121.89772,MY03
2023-09-01,1,1894,MY04,9,92.44444,73.844444,248.44444,197.99258,590.11115,478.74445,123.59076,124.85404,123.021805,MY04
2023-09-01,1,37336,MY05,5,61.0,108.32667,211.0,337.96667,704.0,900.2,58.23872,62.979877,78.32523,MY05
2023-09-01,1,1895,MY06,53,64.245285,53.852203,233.60378,199.86353,586.1132,542.4484,117.65963,116.46962,107.97606,MY06
2023-09-01,1,1896,MY07,217,64.451614,51.788017,203.25346,175.07419,538.6313,461.09033,122.29977,115.6487,116.63647,MY07
2023-09-01,1,1897,MY08,1182,94.34772,65.868355,260.4873,204.94946,648.76904,520.71155,140.18628,126.45296,124.358894,MY08
2023-09-01,1,1898,MY09,672,82.52976,87.49117,269.89136,251.84479,654.6518,603.69965,94.6358,107.02625,108.37065,MY09
2023-09-01,1,1899,MY10,42,83.40476,103.12698,208.2381,319.727,696.8572,767.2532,81.76013,65.666885,90.88434,MY10
2023-09-01,1,1900,MY11,31,74.58064,101.14946,220.32259,288.9527,609.6774,669.1903,74.97037,76.65267,91.17269,MY11
2023-09-01,1,1901,MY12,2407,95.58579,79.03882,255.33527,251.55481,639.6373,664.2558,119.68968,101.47355,96.32152,MY12
2023-09-01,1,1902,MY13,4031,91.64227,91.97981,287.2342,291.93643,698.70404,724.4946,99.65195,98.41642,96.46459,MY13
2023-09-01,1,1904,MY15,416,115.57211,77.32724,339.51202,250.302,822.62976,622.9527,146.4547,134.94293,131.7981,MY15
2023-09-01,1,1903,MY17,254,87.52362,71.79449,232.76772,193.9643,583.57874,485.22546,120.48211,119.50271,120.06287,MY17
2023-09-11,1,1891,MY01,622,43.869774,52.188477,173.22668,177.79164,543.55304,503.21158,85.45389,97.50264,107.937935,MY01
2023-09-11,1,1892,MY02,290,56.631035,105.17735,210.67932,317.45642,681.2793,748.42883,55.938023,66.886345,91.08747,MY02
2023-09-11,1,1893,MY03,485,63.249485,109.31677,290.93607,315.10083,834.633,720.8899,59.70207,92.45089,115.669464,MY03
2023-09-11,1,1894,MY04,9,33.555557,74.17778,180.11111,216.51852,592.44446,515.54443,48.69492,83.56462,114.773,MY04
2023-09-11,1,37336,MY05,5,164.2,92.05333,320.2,319.70667,820.0,902.68665,174.33714,100.15193,90.890396,MY05
2023-09-11,1,1895,MY06,53,45.71698,49.4761,174.32076,182.49182,600.81134,552.2811,93.0995,95.64191,108.7084,MY06
2023-09-11,1,1896,MY07,217,28.423964,51.079723,141.31337,171.7553,539.4424,478.49493,59.6008,82.77737,112.605606,MY07
2023-09-11,1,1897,MY08,1182,33.07445,69.16802,194.17937,214.76884,644.09644,544.1849,51.3354,90.6313,118.192696,MY08
2023-09-11,1,1898,MY09,672,57.653275,93.22976,228.61012,276.82266,680.6324,645.24207,63.782375,82.89259,105.44264,MY09
2023-09-11,1,1899,MY10,42,39.333332,109.32937,182.54762,339.31665,667.2857,800.8881,38.776855,54.46952,83.42172,MY10
2023-09-11,1,1900,MY11,31,69.19355,105.3086,210.70969,320.3301,645.4516,725.2688,67.25999,66.30486,89.07016,MY11
2023-09-11,1,1901,MY12,2407,144.76651,80.024,321.61154,249.38411,740.16406,672.97705,176.14615,128.39305,109.90993,MY12
2023-09-11,1,1902,MY13,4031,104.954605,82.27678,291.3659,284.01337,739.4391,735.96185,125.983795,102.54401,100.46929,MY13
2023-09-11,1,1904,MY15,416,42.677883,91.01819,260.9447,270.24304,815.786,655.90796,49.655052,96.62177,124.19067,MY15
2023-09-11,1,1903,MY17,254,36.531498,72.45551,181.46063,212.22467,591.08264,520.72375,53.61981,85.837685,113.38325,MY17
2023-09-21,1,1891,MY01,622,71.130226,53.450428,179.69775,162.34995,560.41,510.8193,130.24751,110.36619,109.61395,MY01
2023-09-21,1,1892,MY02,290,114.61724,100.18104,246.86896,307.01517,725.7862,788.1922,113.725105,80.723305,92.13229,MY02
2023-09-21,1,1893,MY03,485,105.58144,95.85189,275.6206,302.38538,862.0309,757.8324,109.64737,91.29276,113.65942,MY03
2023-09-21,1,1894,MY04,9,79.22222,74.9,205.22223,222.92223,612.88885,545.9259,105.40954,92.23419,112.15462,MY04
2023-09-21,1,37336,MY05,5,146.6,107.72667,371.8,308.10666,926.19995,925.6933,134.4846,120.34238,100.05444,MY05
2023-09-21,1,1895,MY06,53,62.867924,49.02453,172.83018,152.35283,609.3774,555.85535,125.624275,113.013664,109.54293,MY06
2023-09-21,1,1896,MY07,217,56.834103,51.182026,149.70969,154.04977,542.5253,488.8178,110.060295,97.27124,110.87598,MY07
2023-09-21,1,1897,MY08,1182,71.59222,66.934296,199.01437,201.97067,642.36804,561.0276,106.47524,98.57163,114.37041,MY08
2023-09-21,1,1898,MY09,672,76.53869,90.53815,216.72174,271.25906,691.1354,683.73486,85.34673,80.25863,101.07451,MY09
2023-09-21,1,1899,MY10,42,124.2381,108.709526,246.9762,321.16586,715.4048,841.7762,113.65636,77.25401,85.07618,MY10
2023-09-21,1,1900,MY11,31,123.935486,104.110756,267.7097,310.56882,711.4516,778.1258,118.169365,86.41845,91.486145,MY11
2023-09-21,1,1901,MY12,2407,120.61196,84.56882,360.96426,243.63162,780.9459,684.2813,140.24072,147.19136,114.02397,MY12
2023-09-21,1,1902,MY13,4031,88.08484,91.88097,284.6817,266.13757,770.543,755.96136,96.08166,106.839386,101.916214,MY13
2023-09-21,1,1904,MY15,416,110.28846,80.24119,268.53845,248.58662,854.66345,679.68066,135.24971,107.86786,125.556854,MY15
2023-09-21,1,1903,MY17,254,67.685036,73.14357,191.74014,217.39357,601.27563,550.0921,93.01473,88.46485,109.22073,MY17
2023-10-01,1,1891,MY01,622,17.930868,60.716667,132.93086,166.35558,517.09644,511.34845,34.89353,80.49394,101.1132,MY01
2023-10-01,1,1892,MY02,290,67.46896,128.83723,238.71724,334.19562,713.0724,847.93896,54.147087,71.851524,84.18801,MY02
2023-10-01,1,1893,MY03,485,65.30309,110.93746,234.13403,316.1061,864.31134,807.23334,60.63881,74.47197,107.02729,MY03
2023-10-01,1,1894,MY04,9,40.11111,74.54074,152.88889,223.61852,571.55554,570.4296,56.71447,69.062164,100.19567,MY04
2023-10-01,1,37336,MY05,5,49.8,145.79333,360.59998,345.57333,782.8,968.85333,36.34113,104.2863,80.89514,MY05
2023-10-01,1,1895,MY06,53,18.64151,56.19245,127.22641,154.69308,534.09436,545.8396,38.634686,82.80033,97.86776,MY06
2023-10-01,1,1896,MY07,217,21.682028,64.67404,106.940094,166.93579,477.5115,500.71213,38.29551,65.10575,95.412285,MY07
2023-10-01,1,1897,MY08,1182,37.659054,83.25429,142.32573,219.3566,611.73016,589.3711,48.336525,65.66588,103.7618,MY08
2023-10-01,1,1898,MY09,672,56.700893,108.90134,190.89285,292.66925,682.3363,735.14874,54.17047,65.8089,92.864624,MY09
2023-10-01,1,1899,MY10,42,55.214287,111.32619,218.7857,329.36508,674.3333,881.62775,51.763313,66.92855,76.6199,MY10
2023-10-01,1,1900,MY11,31,49.322582,131.70215,242.45161,341.12152,690.25806,844.4387,39.73791,71.4927,81.84911,MY11
2023-10-01,1,1901,MY12,2407,48.893227,89.68665,314.2717,254.27946,732.4171,710.7938,56.917446,123.13805,103.02088,MY12
2023-10-01,1,1902,MY13,4031,84.74076,109.59957,277.7802,283.75732,755.8363,790.9506,78.30811,97.93005,95.58838,MY13
2023-10-01,1,1904,MY15,416,48.21875,102.52812,201.18509,273.7875,830.97107,721.1463,49.492867,73.957794,115.12434,MY15
2023-10-01,1,1903,MY17,254,36.97638,75.345406,141.19292,220.94449,552.6063,571.76825,52.244904,64.703026,96.67771,MY17
2023-10-11,1,1891,MY01,622,32.20257,66.89453,121.26367,181.06163,477.06592,527.48956,51.74604,67.86121,90.53059,MY01
2023-10-11,1,1892,MY02,290,159.44482,123.71195,341.53104,352.73022,783.57935,900.67035,127.7619,96.86937,87.07134,MY02
2023-10-11,1,1893,MY03,485,62.160824,111.44076,233.04536,318.2301,837.23303,857.51086,57.67811,73.64579,97.64898,MY03
2023-10-11,1,1894,MY04,9,64.55556,91.51852,183.88889,240.95926,566.0,616.22595,72.06447,76.796814,91.91503,MY04
2023-10-11,1,37336,MY05,5,139.2,125.9,335.6,379.42,771.6,1000.79333,110.16043,88.601006,77.21268,MY05
2023-10-11,1,1895,MY06,53,32.81132,62.514465,114.320755,167.73145,508.69812,546.97864,56.00477,69.078766,93.06486,MY06
2023-10-11,1,1896,MY07,217,40.608295,74.762215,119.12442,190.61829,453.7696,524.13947,57.18033,63.452362,86.70107,MY07
2023-10-11,1,1897,MY08,1182,52.801186,90.534515,162.05246,240.7231,597.0313,629.1975,60.502934,67.984024,94.92805,MY08
2023-10-11,1,1898,MY09,672,95.5119,113.70873,228.75148,313.14822,695.9196,789.11914,84.67103,73.4725,88.26379,MY09
2023-10-11,1,1899,MY10,42,144.30952,105.381744,323.7619,325.41748,737.0476,918.54285,135.26651,99.49895,80.34794,MY10
2023-10-11,1,1900,MY11,31,176.41936,132.12259,349.67743,367.9355,784.129,905.8355,132.3045,95.10423,86.63793,MY11
2023-10-11,1,1901,MY12,2407,69.20149,91.04505,238.70668,265.3005,724.9169,739.96375,77.256966,90.161385,97.98019,MY12
2023-10-11,1,1902,MY13,4031,106.80278,101.43054,279.62836,302.91107,784.20593,829.57904,105.047646,92.43849,94.563354,MY13
2023-10-11,1,1904,MY15,416,50.485577,105.780205,208.99278,288.54953,796.26917,772.0371,50.08618,72.89836,103.118515,MY15
2023-10-11,1,1903,MY17,254,63.799213,89.61339,168.46063,238.10236,540.7638,610.3635,72.71615,71.35292,88.68965,MY17
2023-10-21,1,1891,MY01,622,84.192924,87.83543,134.32635,215.44662,514.3328,558.9172,96.076385,63.20186,92.09381,MY01
2023-10-21,1,1892,MY02,290,134.6069,138.29356,361.5207,390.84277,823.2759,961.978,97.42719,92.59249,85.65613,MY02
2023-10-21,1,1893,MY03,485,67.078354,140.14343,194.54227,362.52164,791.9052,920.9432,49.660088,54.29402,86.06416,MY03
2023-10-21,1,1894,MY04,9,158.33333,109.68148,263.0,275.74075,663.6667,668.2185,142.42345,95.46174,99.323875,MY04
2023-10-21,1,37336,MY05,5,78.0,151.51334,267.0,423.20667,812.6,1051.7067,53.03062,63.52073,77.37246,MY05
2023-10-21,1,1895,MY06,53,96.0566,81.04151,147.50943,199.74843,546.32074,564.10315,117.45099,74.48625,96.87537,MY06
2023-10-21,1,1896,MY07,217,110.22581,96.22012,172.51613,235.65637,509.34564,564.192,113.83686,73.76331,90.36417,MY07
2023-10-21,1,1897,MY08,1182,86.492386,119.2586,176.95262,293.0474,610.01105,690.66516,73.63062,61.048214,88.40619,MY08
2023-10-21,1,1898,MY09,672,115.08631,131.5936,267.2991,354.20367,729.7797,851.91785,87.91504,75.80633,85.74681,MY09
2023-10-21,1,1899,MY10,42,114.88095,118.20873,314.40475,334.91666,762.8572,958.43414,97.29907,93.96561,79.70002,MY10
2023-10-21,1,1900,MY11,31,171.0,137.94409,396.74194,401.76883,857.3871,968.02686,123.12506,98.76419,88.62932,MY11
2023-10-21,1,1901,MY12,2407,57.818447,105.43735,175.91316,286.16904,725.9302,772.7803,56.881523,62.133377,93.97644,MY12
2023-10-21,1,1902,MY13,4031,111.17415,128.2247,302.7177,339.25482,845.58746,884.8521,87.20166,89.38661,95.58751,MY13
2023-10-21,1,1904,MY15,416,58.216347,147.22516,156.92068,355.5335,737.1515,847.7241,41.528187,44.91141,87.03301,MY15
2023-10-21,1,1903,MY17,254,154.58661,115.23019,255.3622,280.18896,635.89764,664.75854,132.73422,91.294624,95.69085,MY17
2023-11-01,1,1891,MY01,622,64.81672,90.76233,181.21222,245.49228,533.4631,594.1679,72.90624,74.33851,89.86848,MY01
2023-11-01,1,1892,MY02,290,96.0931,94.10667,390.14484,356.11218,854.8621,981.7978,102.00433,109.4244,87.13661,MY02
2023-11-01,1,1893,MY03,485,84.32371,140.86804,213.5629,392.45224,784.7794,988.5676,61.23597,54.990982,79.48925,MY03
2023-11-01,1,1894,MY04,9,86.44444,113.91111,309.3333,315.1111,710.6667,736.7222,76.90151,98.19506,96.48716,MY04
2023-11-01,1,37336,MY05,5,110.6,118.433334,327.8,395.84665,899.4,1079.3867,93.65379,83.02426,83.401985,MY05
2023-11-01,1,1895,MY06,53,73.66038,78.1717,202.52829,221.72768,563.35846,576.2843,94.5759,91.53196,97.77633,MY06
2023-11-01,1,1896,MY07,217,64.377884,96.44455,215.21199,267.42688,525.4056,609.4369,68.38996,80.83343,86.32385,MY07
2023-11-01,1,1897,MY08,1182,57.324875,118.4152,196.61845,328.2083,599.4315,752.5144,50.50016,60.508232,79.79142,MY08
2023-11-01,1,1898,MY09,672,76.96429,109.46503,287.5625,354.76736,748.34674,899.2814,71.60641,81.31991,83.30888,MY09
2023-11-01,1,1899,MY10,42,96.97619,82.69127,356.1667,306.28174,783.1904,955.37384,116.29001,116.025665,82.07121,MY10
2023-11-01,1,1900,MY11,31,81.09677,87.62366,428.51614,357.69034,891.2903,987.7645,92.95332,119.5279,90.282265,MY11
2023-11-01,1,1901,MY12,2407,58.626507,85.590614,185.64645,282.073,755.2534,787.9073,70.235214,66.410446,95.88175,MY12
2023-11-01,1,1902,MY13,4031,107.58348,116.95605,325.56042,346.6113,890.5748,922.30505,92.3148,94.01303,96.57823,MY13
2023-11-01,1,1904,MY15,416,85.70192,196.62692,194.40384,449.6323,735.101,973.7218,44.985023,43.860466,75.61914,MY15
2023-11-01,1,1903,MY17,254,96.45276,135.57756,314.83856,340.42114,688.7992,755.3299,72.168526,92.5938,91.249756,MY17
2023-11-11,1,1891,MY01,622,94.87942,90.405304,243.88907,269.00305,538.3794,627.8563,104.68958,90.83441,85.86141,MY01
2023-11-11,1,1892,MY02,290,85.63793,89.86529,316.33795,322.2655,868.5483,992.4522,95.54383,98.18877,87.57796,MY02
2023-11-11,1,1893,MY03,485,239.26598,149.43512,390.66803,430.4466,914.64954,1063.7775,158.16737,90.864876,86.04687,MY03
2023-11-11,1,1894,MY04,9,79.666664,106.03333,324.44443,329.62592,688.44446,787.1037,76.25338,98.45156,87.544655,MY04
2023-11-11,1,37336,MY05,5,64.8,123.46667,253.40001,393.41333,909.2,1092.54,54.333157,64.85728,83.29537,MY05
2023-11-11,1,1895,MY06,53,65.09434,80.44717,234.81131,239.66037,523.4528,589.88367,82.03237,98.01804,88.83297,MY06
2023-11-11,1,1896,MY07,217,76.73272,94.90323,251.33643,287.5679,511.77423,649.94147,81.81189,87.61604,78.90388,MY07
2023-11-11,1,1897,MY08,1182,146.12605,113.58559,289.9433,351.2594,646.1751,806.75134,127.44049,82.78892,80.218544,MY08
2023-11-11,1,1898,MY09,672,105.1875,110.73661,297.2381,351.79523,754.59973,941.7661,95.2054,84.70912,80.23098,MY09
2023-11-11,1,1899,MY10,42,63.857143,74.97143,275.7143,275.87143,782.02374,940.6055,86.10219,99.94405,83.22961,MY10
2023-11-11,1,1900,MY11,31,71.19355,87.35376,323.2903,312.9215,883.6774,1001.1871,82.50184,103.26144,88.32129,MY11
2023-11-11,1,1901,MY12,2407,107.302864,81.1002,223.74782,272.12814,784.06604,786.8128,130.43275,82.54225,99.65311,MY12
2023-11-11,1,1902,MY13,4031,94.17762,123.861374,312.93524,369.0421,883.9295,955.96655,76.964584,84.999855,92.50369,MY13
2023-11-11,1,1904,MY15,416,348.61298,197.3787,492.53125,541.2308,962.4687,1100.0233,174.72836,91.08444,87.55188,MY15
2023-11-11,1,1903,MY17,254,104.89764,133.6025,355.937,384.41022,705.8583,834.73724,79.2898,92.68812,84.652466,MY17
2023-11-21,1,1891,MY01,622,166.19775,88.1082,325.8939,269.27582,639.91797,647.0724,183.86969,120.642746,98.90282,MY01
2023-11-21,1,1892,MY02,290,109.42414,80.64724,291.15518,264.6192,899.5448,962.4771,133.59933,109.842026,93.49522,MY02
2023-11-21,1,1893,MY03,485,300.38144,140.81003,623.9711,431.1132,1094.134,1096.0203,209.4379,144.222,99.82868,MY03
2023-11-21,1,1894,MY04,9,148.0,101.18519,314.1111,321.12964,782.3334,819.7926,144.08789,97.84793,95.45834,MY04
2023-11-21,1,37336,MY05,5,93.2,112.36667,268.59998,354.26666,907.39996,1085.58,83.6694,76.15513,83.6619,MY05
2023-11-21,1,1895,MY06,53,125.45283,72.7195,264.20755,231.33836,584.5472,583.43964,167.85083,113.907684,100.18822,MY06
2023-11-21,1,1896,MY07,217,129.47926,90.14762,270.58984,281.4954,592.8157,671.20154,141.3375,96.19347,88.40791,MY07
2023-11-21,1,1897,MY08,1182,210.34518,121.22292,413.7961,353.22372,789.76306,848.24176,170.60703,116.909096,93.14629,MY08
2023-11-21,1,1898,MY09,672,120.122025,107.21855,302.2738,327.4202,786.2946,952.88293,111.49852,92.43536,82.6087,MY09
2023-11-21,1,1899,MY10,42,86.42857,63.102383,247.2619,220.76508,808.6429,876.84766,134.25165,111.736465,92.26569,MY10
2023-11-21,1,1900,MY11,31,50.741936,83.30215,203.03226,258.27957,867.4838,970.6172,63.126366,79.015724,89.42892,MY11
2023-11-21,1,1901,MY12,2407,90.22476,82.27668,256.1541,248.96748,793.0315,778.7682,109.106766,102.82974,101.81984,MY12
2023-11-21,1,1902,MY13,4031,115.42619,117.092415,317.18732,357.90985,904.5867,963.3022,98.63528,88.778885,93.93624,MY13
2023-11-21,1,1904,MY15,416,439.08893,200.47372,873.4038,594.4793,1298.8629,1198.5995,216.1293,146.52779,108.3303,MY15
2023-11-21,1,1903,MY17,254,168.62204,128.5941,369.97244,397.77414,817.0748,895.3567,129.96236,93.09745,91.30546,MY17
2023-12-01,1,1891,MY01,622,93.57556,121.56238,354.65274,300.0759,668.7958,711.92377,77.88694,117.889595,93.9843,MY01
2023-12-01,1,1892,MY02,290,73.6,73.40747,268.66208,243.92,897.52405,934.2278,100.245544,109.93978,96.09213,MY02
2023-12-01,1,1893,MY03,485,236.10722,191.64027,775.75464,481.88544,1223.4515,1190.4437,122.61335,160.35695,102.76114,MY03
2023-12-01,1,1894,MY04,9,61.88889,84.5963,289.55554,291.81482,751.77783,830.54443,74.65586,99.23882,90.57302,MY04
2023-12-01,1,37336,MY05,5,85.8,101.82,243.8,337.65332,932.19995,1079.0734,85.00281,72.60983,86.451706,MY05
2023-12-01,1,1895,MY06,53,41.150944,79.36981,231.6981,232.53648,561.4528,608.9572,54.70078,99.64705,92.26259,MY06
2023-12-01,1,1896,MY07,217,68.14286,101.22719,274.35483,286.27805,596.50696,720.6407,68.855125,95.906586,82.89322,MY07
2023-12-01,1,1897,MY08,1182,152.70811,170.1559,509.17938,404.96442,848.12354,952.52936,90.03871,125.42049,89.09633,MY08
2023-12-01,1,1898,MY09,672,105.61607,103.90169,330.9256,321.85684,809.3809,969.29346,101.57426,102.774536,83.586815,MY09
2023-12-01,1,1899,MY10,42,52.904762,53.54524,203.19049,191.61905,778.1428,827.26587,98.90601,105.88521,94.09767,MY10
2023-12-01,1,1900,MY11,31,48.51613,56.37312,170.45161,227.02902,841.4194,925.8409,87.198,75.616234,90.93062,MY11
2023-12-01,1,1901,MY12,2407,132.27876,93.11213,329.8064,256.489,829.72455,792.8415,139.92029,128.03842,104.622856,MY12
2023-12-01,1,1902,MY13,4031,137.46341,127.552,347.06723,368.5058,950.40784,998.8744,107.47738,94.26018,95.17205,MY13
2023-12-01,1,1904,MY15,416,321.2404,278.25793,1108.9423,676.11035,1504.5311,1399.5302,115.17432,163.54797,107.475876,MY15
2023-12-01,1,1903,MY17,254,75.37008,98.6601,348.88977,360.8567,804.9212,922.2223,77.53232,96.72907,87.3492,MY17
2023-12-11,1,1891,MY01,622,102.268486,110.76683,362.0418,320.4374,727.1945,770.5021,92.65909,112.78415,94.41554,MY01
2023-12-11,1,1892,MY02,290,53.575863,62.671036,236.6,216.72575,894.46893,891.7215,86.55972,108.96344,100.30639,MY02
2023-12-11,1,1893,MY03,485,181.87422,190.32303,718.36285,522.7733,1342.0763,1271.4501,95.674446,137.05937,105.53301,MY03
2023-12-11,1,1894,MY04,9,94.77778,79.26667,304.66666,265.04816,813.00006,835.63336,118.407166,114.6709,97.30759,MY04
2023-12-11,1,37336,MY05,5,32.6,96.62,211.6,310.80667,800.6,1083.64,37.000587,68.586266,74.00059,MY05
2023-12-11,1,1895,MY06,53,56.962265,68.65472,223.56604,220.74402,572.6981,628.13586,84.12531,101.2501,91.24394,MY06
2023-12-11,1,1896,MY07,217,76.47005,89.14608,274.09216,280.5209,644.553,758.70703,86.53578,97.74841,85.05264,MY07
2023-12-11,1,1897,MY08,1182,243.76566,163.70654,606.819,455.08536,1058.8147,1047.0679,147.45465,132.97945,101.11655,MY08
2023-12-11,1,1898,MY09,672,83.58929,96.20109,309.3274,307.32132,835.317,972.2648,87.53788,100.64231,85.986626,MY09
2023-12-11,1,1899,MY10,42,35.57143,38.76032,174.90477,155.40794,774.3809,756.69684,92.71283,112.15453,102.32167,MY10
2023-12-11,1,1900,MY11,31,41.096775,49.855915,140.35484,189.53117,813.3226,870.3882,84.032455,74.72059,93.4811,MY11
2023-12-11,1,1901,MY12,2407,101.15081,97.04548,323.65433,272.4343,786.10876,809.863,104.02304,118.462036,97.08488,MY12
2023-12-11,1,1902,MY13,4031,111.639046,116.0308,364.52866,360.67523,957.0923,1032.6284,96.371376,101.05379,92.720314,MY13
2023-12-11,1,1904,MY15,416,340.00482,287.67484,1100.3342,766.4065,1801.8582,1596.1868,117.879906,143.28818,112.84493,MY15
2023-12-11,1,1903,MY17,254,109.67716,90.019684,353.66928,317.2739,878.0669,939.7865,120.6878,111.293304,93.46735,MY17
2023-12-21,1,1891,MY01,622,282.02252,131.52899,477.86658,363.8582,938.0868,848.5807,210.22826,130.90846,110.48596,MY01
2023-12-21,1,1892,MY02,290,74.44827,56.11908,201.62413,192.19759,854.2999,847.65955,129.98932,104.78026,100.778786,MY02
2023-12-21,1,1893,MY03,485,251.84743,178.34523,669.82886,560.30853,1488.3423,1353.9434,140.0895,119.37355,109.88996,MY03
2023-12-21,1,1894,MY04,9,128.66667,93.844444,285.33334,257.7074,862.44446,854.57776,135.22932,110.515854,100.915184,MY04
2023-12-21,1,37336,MY05,5,71.2,116.68667,189.6,315.12668,725.2,1092.6,62.619843,60.788433,66.52697,MY05
2023-12-21,1,1895,MY06,53,121.245285,74.40692,219.35849,222.43144,631.07544,653.51825,158.98524,98.64885,96.59193,MY06
2023-12-21,1,1896,MY07,217,161.84793,100.39309,306.46085,290.76636,749.5669,807.9181,158.31012,105.30637,92.82201,MY07
2023-12-21,1,1897,MY08,1182,287.7995,170.92001,684.27325,504.78247,1275.022,1151.0536,166.439,135.20929,110.72341,MY08
2023-12-21,1,1898,MY09,672,139.05655,99.975746,328.2619,300.07852,897.83484,981.7024,137.22842,109.238075,91.50021,MY09
2023-12-21,1,1899,MY10,42,31.428572,31.405556,119.90477,123.71111,681.5715,679.3929,100.06323,97.04272,100.31832,MY10
2023-12-21,1,1900,MY11,31,68.77419,45.73441,158.38708,151.96344,758.1613,812.01184,145.41254,104.092445,93.408844,MY11
2023-12-21,1,1901,MY12,2407,55.861237,108.183395,289.2908,298.341,721.35815,833.47754,53.77223,97.016495,86.62822,MY12
2023-12-21,1,1902,MY13,4031,153.19424,150.32993,402.2967,393.91275,1022.20166,1091.0774,101.844025,102.10169,93.71616,MY13
2023-12-21,1,1904,MY15,416,498.1971,265.21008,1159.4424,831.1429,2189.7666,1781.1556,186.2244,139.26357,122.876564,MY15
2023-12-21,1,1903,MY17,254,165.93701,100.42848,350.98425,289.10828,976.31885,967.0714,162.13551,121.0385,100.95132,MY17
2024-01-01,1,1891,MY01,622,276.04984,100.24657,660.3408,337.89624,1196.2058,888.2762,267.03943,194.03561,134.47194,MY01
2024-01-01,1,1892,MY02,290,37.655174,36.81517,165.67932,152.15115,824.4862,753.9038,102.00886,108.608376,109.300575,MY02
2024-01-01,1,1893,MY03,485,159.67834,107.75285,593.4,464.76672,1582.7175,1349.7665,146.05247,127.38237,117.19492,MY03
2024-01-01,1,1894,MY04,9,123.666664,73.91482,347.1111,243.45926,946.00006,847.5741,163.04498,141.71785,111.54456,MY04
2024-01-01,1,37336,MY05,5,56.0,81.333336,159.79999,295.64,731.39996,1041.6866,70.65637,54.816383,70.35535,MY05
2024-01-01,1,1895,MY06,53,85.30189,42.291195,263.50943,182.57108,697.73584,639.1962,190.94862,143.15077,109.08723,MY06
2024-01-01,1,1896,MY07,217,117.38249,57.937172,355.70047,243.20769,845.2673,798.98016,194.45184,145.32204,105.75725,MY07
2024-01-01,1,1897,MY08,1182,205.43317,103.77095,736.99835,431.99734,1442.7961,1172.1661,193.4645,169.79471,122.98995,MY08
2024-01-01,1,1898,MY09,672,95.49851,70.50863,318.14435,262.27505,936.63245,937.49915,133.0954,120.90329,99.90804,MY09
2024-01-01,1,1899,MY10,42,20.952381,24.020636,87.95238,91.363495,647.3096,593.87225,89.42734,96.46016,108.923,MY10
2024-01-01,1,1900,MY11,31,39.129032,40.83656,149.0,134.51828,747.9677,716.79675,96.27474,110.37981,104.31853,MY11
2024-01-01,1,1901,MY12,2407,60.672623,95.2145,217.68468,299.5567,733.13745,848.112,65.53206,73.117645,86.52293,MY12
2024-01-01,1,1902,MY13,4031,114.69313,133.04828,379.52643,399.57355,1052.154,1116.8174,86.70382,95.044876,94.23584,MY13
2024-01-01,1,1904,MY15,416,127.37981,153.06058,965.5817,689.78687,2268.928,1836.0808,83.75258,139.69489,123.51049,MY15
2024-01-01,1,1903,MY17,254,113.77559,77.026115,389.38977,263.56418,1053.1182,960.9765,144.80217,146.85121,109.53871,MY17
2024-01-11,1,1891,MY01,622,149.90031,82.84357,707.9727,312.61478,1313.9034,905.41187,176.33655,224.4772,144.86888,MY01
2024-01-11,1,1892,MY02,290,16.12069,29.090115,128.22414,120.98391,681.16205,659.6484,61.955463,105.74695,103.236855,MY02
2024-01-11,1,1893,MY03,485,85.447426,71.02625,496.97318,356.11478,1606.004,1311.3802,118.96867,139.00655,122.381355,MY03
2024-01-11,1,1894,MY04,9,61.333332,62.774075,313.6667,229.46666,942.7778,821.5296,97.87419,135.9113,114.66955,MY04
2024-01-11,1,37336,MY05,5,88.0,75.026665,215.2,273.39334,680.2,993.2867,116.21127,79.09672,68.637596,MY05
2024-01-11,1,1895,MY06,53,37.622643,35.206917,244.16983,150.8937,702.5471,613.5465,106.00823,159.83316,114.38867,MY06
2024-01-11,1,1896,MY07,217,52.08295,46.906452,331.31335,203.2298,856.74194,772.98895,109.97275,161.51068,110.76531,MY07
2024-01-11,1,1897,MY08,1182,151.33418,79.529274,644.56683,353.06885,1541.3291,1164.2456,184.9468,181.40836,132.25015,MY08
2024-01-11,1,1898,MY09,672,44.54613,55.39107,279.1012,225.0938,885.66675,881.5605,82.042145,123.4719,100.463165,MY09
2024-01-11,1,1899,MY10,42,21.666666,15.603969,74.047615,70.03889,524.6667,502.74127,129.4249,105.34219,104.31822,MY10
2024-01-11,1,1900,MY11,31,35.322582,30.363441,143.22581,116.527954,606.871,615.6656,114.02335,121.9685,98.58304,MY11
2024-01-11,1,1901,MY12,2407,120.367676,90.80554,236.90154,292.5835,784.3037,847.1312,130.8564,81.28862,92.627014,MY12
2024-01-11,1,1902,MY13,4031,214.3364,126.939926,482.2238,411.57568,1159.6876,1144.2448,166.2396,116.95925,101.34374,MY13
2024-01-11,1,1904,MY15,416,214.11058,100.32837,839.6875,515.87787,2432.553,1833.3256,208.02617,162.16614,132.59637,MY15
2024-01-11,1,1903,MY17,254,59.401573,62.917454,339.11417,239.52126,1048.7205,937.1676,94.8233,140.72977,111.84002,MY17
2024-01-21,1,1891,MY01,622,85.655945,93.333336,511.60608,276.42346,1315.3665,910.567,92.19248,183.56894,144.21297,MY01
2024-01-21,1,1892,MY02,290,45.268967,35.21701,99.04483,101.1223,591.82416,559.12036,124.99429,98.04238,105.7973,MY02
2024-01-21,1,1893,MY03,485,192.95464,83.37615,438.08038,262.15527,1731.8804,1254.7751,223.99101,165.85126,137.87225,MY03
2024-01-21,1,1894,MY04,9,58.333332,76.02963,243.33333,212.71852,842.7778,790.22595,78.160706,114.061646,106.60841,MY04
2024-01-21,1,37336,MY05,5,17.2,71.62667,161.2,227.98666,619.39996,913.14667,28.971636,71.33455,68.00655,MY05
2024-01-21,1,1895,MY06,53,14.150944,35.906918,137.07547,113.40503,620.6415,569.14716,46.815907,119.99107,108.96884,MY06
2024-01-21,1,1896,MY07,217,38.40092,46.159447,207.86636,151.00307,784.91705,723.70984,84.83462,136.45012,108.39939,MY07
2024-01-21,1,1897,MY08,1182,118.516075,79.289116,475.28342,262.58936,1573.3528,1124.4325,146.53857,179.48524,139.74742,MY08
2024-01-21,1,1898,MY09,672,82.9881,68.078224,223.03275,193.97792,853.56854,821.1684,120.40262,114.60203,103.92174,MY09
2024-01-21,1,1899,MY10,42,18.285715,16.875397,60.904762,56.5,428.0714,403.3635,106.44705,107.16222,106.05047,MY10
2024-01-21,1,1900,MY11,31,45.35484,42.0129,119.80646,113.212906,481.2258,523.0882,107.10856,105.5777,92.07284,MY11
2024-01-21,1,1901,MY12,2407,24.857498,86.808975,205.8978,272.829,751.3427,827.4408,32.521328,75.90921,90.858444,MY12
2024-01-21,1,1902,MY13,4031,83.67973,138.74223,412.7093,398.73044,1132.1932,1156.1351,61.693584,103.462425,97.938065,MY13
2024-01-21,1,1904,MY15,416,261.69232,100.6597,603.18274,354.04865,2636.0288,1785.6006,252.40686,169.38728,147.49402,MY15
2024-01-21,1,1903,MY17,254,59.850395,72.07441,233.02756,212.01797,953.98425,896.6214,84.139984,109.68103,106.36219,MY17
2024-02-01,1,1891,MY01,622,24.281351,47.915485,259.83762,224.09239,1274.8312,867.04315,55.33607,115.60297,146.76237,MY01
2024-02-01,1,1892,MY02,290,10.341379,23.372068,71.73103,87.6792,506.07245,488.11334,54.072124,82.792076,103.64198,MY02
2024-02-01,1,1893,MY03,485,13.73402,27.661375,292.13608,182.06378,1661.2906,1139.8756,57.35833,158.84212,145.54338,MY03
2024-02-01,1,1894,MY04,9,101.44444,60.72963,221.11111,199.53333,857.7778,737.7074,161.94287,110.549774,116.16658,MY04
2024-02-01,1,37336,MY05,5,67.8,47.48,173.0,194.13333,576.6,836.67334,138.71953,89.387344,69.10044,MY05
2024-02-01,1,1895,MY06,53,22.679245,31.66415,74.452835,102.777985,569.66034,521.5383,75.49403,73.71899,109.13932,MY06
2024-02-01,1,1896,MY07,217,29.235023,36.584946,119.718895,129.65085,749.7743,663.7401,82.32552,92.62392,112.86511,MY07
2024-02-01,1,1897,MY08,1182,29.350254,44.38494,299.2005,203.20332,1545.3783,1049.7896,69.55613,146.10742,146.98462,MY08
2024-02-01,1,1898,MY09,672,45.223213,39.38651,172.75745,162.8558,821.8274,750.56744,113.14973,105.898895,109.43131,MY09
2024-02-01,1,1899,MY10,42,2.5,11.595238,42.45238,44.074604,333.59525,332.28888,45.193687,96.694374,100.387314,MY10
2024-02-01,1,1900,MY11,31,29.516129,32.731182,110.19355,105.10753,429.64514,467.8344,91.47906,104.61915,91.92333,MY11
2024-02-01,1,1901,MY12,2407,97.88159,85.9525,243.10677,263.56702,790.59784,825.30426,113.11574,92.3817,95.82003,MY12
2024-02-01,1,1902,MY13,4031,80.96924,116.49151,378.98535,382.17368,1105.579,1156.2256,70.76152,99.17651,95.63852,MY13
2024-02-01,1,1904,MY15,416,22.721153,34.4,498.52408,235.38806,2573.048,1619.6406,70.35825,209.46303,158.6842,MY15
2024-02-01,1,1903,MY17,254,75.41732,51.30761,194.66928,186.29947,932.9487,812.93884,142.81786,104.375244,114.67223,MY17
2024-02-11,1,1891,MY01,622,15.8745985,37.718487,125.81189,178.96732,1195.8264,810.7472,48.865494,71.10605,147.2057,MY01
2024-02-11,1,1892,MY02,290,25.479311,37.9677,81.08965,96.556786,445.91382,435.2999,70.9354,84.769966,102.410614,MY02
2024-02-11,1,1893,MY03,485,5.915464,39.27237,212.60413,150.3099,1427.9401,1027.1053,24.655252,140.10962,138.83661,MY03
2024-02-11,1,1894,MY04,9,95.22222,60.64074,255.0,197.4,873.3333,689.4482,152.68295,128.4585,126.47932,MY04
2024-02-11,1,37336,MY05,5,4.6,42.886665,89.6,161.99333,516.39996,755.4267,20.047335,56.64897,68.566765,MY05
2024-02-11,1,1895,MY06,53,10.943397,33.872326,47.773586,101.4434,515.50946,470.71823,41.014774,49.579014,109.4155,MY06
2024-02-11,1,1896,MY07,217,16.990784,34.02673,84.626724,116.77112,690.0323,599.3653,56.348007,73.60261,115.00202,MY07
2024-02-11,1,1897,MY08,1182,13.489848,35.62442,161.35619,159.29848,1412.7421,966.7734,45.514126,101.252426,145.89226,MY08
2024-02-11,1,1898,MY09,672,47.56845,50.67262,175.77975,158.13734,764.2084,689.39044,94.42425,110.81445,110.77463,MY09
2024-02-11,1,1899,MY10,42,4.547619,20.009523,25.333334,48.48016,274.2857,276.06668,38.17593,56.718857,99.36635,MY10
2024-02-11,1,1900,MY11,31,29.935484,48.749462,104.80646,123.493546,388.3871,428.92365,64.9969,85.45679,90.658134,MY11
2024-02-11,1,1901,MY12,2407,19.59244,83.10173,142.33153,255.8632,702.8874,826.5783,27.913687,56.47846,85.12576,MY12
2024-02-11,1,1902,MY13,4031,107.38576,111.43038,272.03473,366.66412,1118.7872,1143.2156,96.526146,74.539,97.8725,MY13
2024-02-11,1,1904,MY15,416,6.9350963,43.64367,291.34857,178.70337,2231.3704,1459.5908,24.535767,161.31908,152.69592,MY15
2024-02-11,1,1903,MY17,254,70.980316,51.848164,206.24803,175.23018,899.0315,728.1035,133.65483,117.21014,123.31567,MY17
2024-02-21,1,1891,MY01,622,7.4019294,31.283012,47.557877,116.916985,1037.0306,752.45807,34.18109,43.10956,137.56941,MY01
2024-02-21,1,1892,MY02,290,3.0,30.14862,38.82069,91.48839,339.48962,380.64804,22.760496,45.415504,89.32747,MY02
2024-02-21,1,1893,MY03,485,2.4164948,36.91072,22.065979,103.84447,1129.9752,914.7802,17.695936,24.866655,123.39635,MY03
2024-02-21,1,1894,MY04,9,29.88889,57.477776,226.55554,178.84814,755.2223,644.93335,55.84208,125.94935,116.96926,MY04
2024-02-21,1,37336,MY05,5,6.0,30.04,78.4,120.40667,429.20004,669.62,31.392693,66.50365,64.36217,MY05
2024-02-21,1,1895,MY06,53,16.679245,34.131447,50.301888,99.66792,406.73584,431.7547,55.40108,52.835567,94.271645,MY06
2024-02-21,1,1896,MY07,217,8.069124,32.873577,54.29493,103.48525,568.6222,540.5178,34.507236,54.65713,105.15187,MY07
2024-02-21,1,1897,MY08,1182,4.500846,32.78522,47.34095,112.794586,1206.8977,873.82434,25.144344,44.43409,137.89987,MY08
2024-02-21,1,1898,MY09,672,13.223214,43.837353,106.01488,133.89648,657.3095,623.81976,37.31409,79.92634,105.325806,MY09
2024-02-21,1,1899,MY10,42,2.1190476,17.827778,9.166666,49.43254,189.97621,226.13809,31.185898,26.026096,84.35486,MY10
2024-02-21,1,1900,MY11,31,9.67742,36.13871,69.129036,117.619354,347.32257,380.27957,35.67788,60.454594,91.44595,MY11
2024-02-21,1,1901,MY12,2407,25.231823,59.6462,142.70586,228.70042,637.8945,802.2227,46.76505,63.20308,79.64276,MY12
2024-02-21,1,1902,MY13,4031,72.56512,85.76123,260.9201,313.68314,1075.926,1109.2164,85.460625,83.44342,97.012215,MY13
2024-02-21,1,1904,MY15,416,3.7403846,39.646553,33.396633,117.69022,1796.0216,1286.3788,19.576841,31.295591,139.46501,MY15
2024-02-21,1,1903,MY17,254,22.047245,48.08819,168.44489,151.24396,752.45667,647.5955,50.94776,111.00901,116.06831,MY17
2024-03-01,1,1891,MY01,622,93.54501,53.97701,116.82154,122.97851,1037.0,684.9671,167.09056,95.18906,151.0217,MY01
2024-03-01,1,1892,MY02,290,16.431034,48.941265,44.910347,117.05759,282.3207,356.88794,39.730312,40.89082,79.394936,MY02
2024-03-01,1,1893,MY03,485,24.07835,48.551823,32.41031,124.73492,917.9465,771.5654,54.29946,28.835958,118.8498,MY03
2024-03-01,1,1894,MY04,9,88.44444,64.35555,213.55556,182.47408,781.77783,625.4667,134.73247,116.57908,124.79293,MY04
2024-03-01,1,37336,MY05,5,7.0,33.64,17.6,106.566666,350.4,596.34,31.0559,20.256947,59.101337,MY05
2024-03-01,1,1895,MY06,53,80.679245,44.93962,108.30189,112.9434,446.26416,398.29245,171.56566,96.06463,111.89501,MY06
2024-03-01,1,1896,MY07,217,66.41475,48.582336,91.474655,115.48264,566.894,488.34116,133.2804,80.07349,115.922615,MY07
2024-03-01,1,1897,MY08,1182,42.006767,48.703724,59.99746,117.113365,1096.1963,752.314,87.52981,53.227146,145.40814,MY08
2024-03-01,1,1898,MY09,672,43.46131,63.67862,104.252975,158.18858,595.1547,583.31946,70.56244,66.948906,102.0117,MY09
2024-03-01,1,1899,MY10,42,10.380953,35.734127,17.047619,73.57143,147.45238,209.00952,37.75938,28.060606,71.23626,MY10
2024-03-01,1,1900,MY11,31,25.064516,53.53871,64.67742,138.42688,323.87097,378.05267,51.35835,48.58045,85.855286,MY11
2024-03-01,1,1901,MY12,2407,24.103033,65.63948,68.9273,208.3874,529.71875,771.5111,41.199387,34.644638,68.8617,MY12
2024-03-01,1,1902,MY13,4031,118.9484,97.78273,298.89926,294.97433,1057.411,1076.7216,120.59263,101.30842,98.214836,MY13
2024-03-01,1,1904,MY15,416,19.228365,43.607533,29.903847,126.89776,1494.0095,1052.0726,49.844875,26.462803,141.80762,MY15
2024-03-01,1,1903,MY17,254,76.720474,57.666534,169.74803,157.60289,753.8071,607.46655,130.40529,107.4692,123.89365,MY17
2024-03-11,1,1891,MY01,622,6.821543,54.053535,107.768486,139.31355,941.5531,630.8956,20.018349,78.141304,148.85353,MY01
2024-03-11,1,1892,MY02,290,2.0068965,56.3977,21.437931,135.48758,230.75172,353.0283,11.412311,18.818695,65.84724,MY02
2024-03-11,1,1893,MY03,485,3.8865979,54.274982,30.381443,139.73753,739.95874,646.1622,14.992155,24.445244,114.40449,MY03
2024-03-11,1,1894,MY04,9,12.555555,67.422226,130.88889,189.25555,699.5556,616.1222,24.240562,69.95367,113.43269,MY04
2024-03-11,1,37336,MY05,5,3.8,35.36,16.8,99.04,321.6,534.4267,21.803766,20.953478,60.54576,MY05
2024-03-11,1,1895,MY06,53,10.0,49.16604,107.35849,128.2371,399.30188,380.57422,27.692627,84.32973,104.857086,MY06
2024-03-11,1,1896,MY07,217,9.267282,49.962673,83.75115,131.41858,499.69122,451.41953,25.95813,65.05796,110.576164,MY07
2024-03-11,1,1897,MY08,1182,4.8747883,48.266552,51.3824,129.7555,857.3055,642.1228,18.53844,41.84052,133.25221,MY08
2024-03-11,1,1898,MY09,672,6.852679,69.668205,63.537205,177.18417,518.41815,560.41534,15.8737955,37.619736,92.572334,MY09
2024-03-11,1,1899,MY10,42,1.5952381,42.246826,14.095238,95.80873,113.47619,214.32777,13.959114,18.942047,54.017864,MY10
2024-03-11,1,1900,MY11,31,2.096774,57.896774,36.83871,147.57419,284.87097,387.5957,11.283209,27.421879,73.83447,MY11
2024-03-11,1,1901,MY12,2407,20.57873,70.492424,69.91358,195.7781,449.14664,744.22485,33.88251,37.31163,60.615532,MY12
2024-03-11,1,1902,MY13,4031,57.529644,107.51873,249.04317,291.06268,1003.3017,1069.3025,55.572655,85.80722,93.85641,MY13
2024-03-11,1,1904,MY15,416,4.2211537,46.1887,27.189903,129.44278,1158.2261,824.02405,18.01404,23.9432,140.31271,MY15
2024-03-11,1,1903,MY17,254,10.295276,62.30643,109.06299,168.06116,654.4252,582.8126,22.724836,65.909065,112.18289,MY17
2024-03-21,1,1891,MY01,622,27.942122,71.5336,128.30867,179.56415,687.47266,572.9046,43.042694,72.22891,119.82473,MY01
2024-03-21,1,1892,MY02,290,37.172413,108.64667,55.610344,213.98563,193.47586,406.5963,37.10836,27.67777,48.221,MY02
2024-03-21,1,1893,MY03,485,21.651546,87.73223,49.616493,190.55904,509.76285,556.5588,28.740326,27.92839,91.66678,MY03
2024-03-21,1,1894,MY04,9,70.111115,105.022224,171.11111,236.8,641.0,628.36664,68.269035,72.833374,101.99464,MY04
2024-03-21,1,37336,MY05,5,9.2,51.226665,20.0,120.22667,259.6,468.62,25.254921,19.963799,55.867577,MY05
2024-03-21,1,1895,MY06,53,42.4717,67.32013,133.15094,161.42578,320.5283,374.49875,65.64106,83.010544,85.77849,MY06
2024-03-21,1,1896,MY07,217,49.6682,71.83978,125.350235,170.3848,387.51154,424.8731,71.1457,74.322426,91.30869,MY07
2024-03-21,1,1897,MY08,1182,30.340101,70.36802,77.22166,167.3383,599.84607,542.7222,46.890053,47.70945,110.429344,MY08
2024-03-21,1,1898,MY09,672,55.776787,110.57857,106.090775,243.9254,435.1384,571.7998,52.584827,44.62814,76.30696,MY09
2024-03-21,1,1899,MY10,42,19.857143,87.269844,31.833334,165.2508,101.904755,271.18332,26.93962,21.634752,38.707897,MY10
2024-03-21,1,1900,MY11,31,36.64516,103.42258,63.80645,214.85806,252.74193,445.69034,38.41004,31.29585,57.188255,MY11
2024-03-21,1,1901,MY12,2407,27.508516,88.658165,72.19028,224.79007,420.7939,726.3195,34.709747,33.591652,58.222694,MY12
2024-03-21,1,1902,MY13,4031,127.35822,128.29604,303.83627,333.5975,977.4657,1046.0111,99.29644,91.21044,93.47814,MY13
2024-03-21,1,1904,MY15,416,11.459135,73.352486,34.908653,163.14871,671.488,634.8876,21.006527,23.734142,105.71982,MY15
2024-03-21,1,1903,MY17,254,60.52362,94.027954,147.53937,214.00092,549.01184,577.2629,66.166794,69.65239,95.14806,MY17
2024-04-01,1,1891,MY01,622,54.438908,63.43151,89.202576,189.01865,465.8617,536.08954,86.85898,48.553364,87.02103,MY01
2024-04-01,1,1892,MY02,290,26.062069,75.855286,65.24138,240.89966,181.88275,445.63644,38.41687,28.565058,41.470848,MY02
2024-04-01,1,1893,MY03,485,13.521649,50.8367,39.059795,192.84392,363.60617,499.6426,33.1711,22.269978,73.043015,MY03
2024-04-01,1,1894,MY04,9,58.22222,87.91482,140.88889,260.35925,575.5556,642.36664,68.043205,54.977875,89.679565,MY04
2024-04-01,1,37336,MY05,5,57.6,66.7,70.6,153.28667,261.2,453.98666,87.30823,47.761444,57.99733,MY05
2024-04-01,1,1895,MY06,53,57.679245,61.374844,110.15094,177.86101,292.90567,393.5824,94.43222,62.971844,74.7413,MY06
2024-04-01,1,1896,MY07,217,52.57143,63.320583,111.50691,185.12305,322.7005,430.25653,84.266594,61.279743,75.28905,MY07
2024-04-01,1,1897,MY08,1182,32.88663,56.97307,68.10152,175.60764,427.29947,495.92435,61.13402,40.47532,86.30035,MY08
2024-04-01,1,1898,MY09,672,39.63244,84.50119,102.2619,264.74796,379.27237,585.79236,49.867985,39.76375,65.04356,MY09
2024-04-01,1,1899,MY10,42,23.357143,61.23254,44.809525,190.7492,104.309525,308.39523,42.814518,25.44558,34.879128,MY10
2024-04-01,1,1900,MY11,31,35.129032,76.80968,73.87097,238.12903,248.74191,481.66345,49.051693,32.439964,52.13909,MY11
2024-04-01,1,1901,MY12,2407,53.94308,59.38622,102.03033,218.5368,414.0644,690.4913,91.54612,47.880405,60.254444,MY12
2024-04-01,1,1902,MY13,4031,82.88613,105.04043,267.774,340.8552,945.6586,1018.0032,79.867134,78.86942,92.92822,MY13
2024-04-01,1,1904,MY15,416,8.411057,38.73838,24.091347,158.27957,552.5192,520.56537,30.661987,17.816895,106.0799,MY15
2024-04-01,1,1903,MY17,254,57.42126,80.4815,128.24016,236.81589,492.65747,580.71826,73.023125,55.09984,84.96533,MY17
2024-04-11,1,1891,MY01,622,153.48071,63.119667,235.86174,198.08478,469.4421,516.36566,232.65045,118.60157,90.99988,MY01
2024-04-11,1,1892,MY02,290,52.834484,82.64724,116.06897,267.1492,218.59656,499.19357,65.98552,44.486248,44.347363,MY02
2024-04-11,1,1893,MY03,485,42.925774,51.60048,78.09897,190.16942,321.08453,480.21683,84.67379,42.57786,67.20388,MY03
2024-04-11,1,1894,MY04,9,121.22222,83.54074,249.55557,276.47778,635.4444,663.1333,142.55835,90.4354,95.85578,MY04
2024-04-11,1,37336,MY05,5,64.6,72.52,131.4,190.44667,237.79999,451.48,89.78328,69.78886,53.189625,MY05
2024-04-11,1,1895,MY06,53,92.830185,57.52956,192.98112,186.22453,348.11322,415.90503,156.4543,103.533325,83.8938,MY06
2024-04-11,1,1896,MY07,217,94.866356,60.333027,197.10599,195.4934,365.4839,443.6831,152.85739,100.80431,82.571396,MY07
2024-04-11,1,1897,MY08,1182,79.366325,53.17992,142.59305,180.52101,355.33167,469.57498,145.00935,79.55598,75.92723,MY08
2024-04-11,1,1898,MY09,672,85.684525,79.67842,181.09375,274.75818,420.4107,610.0797,107.092834,66.51951,69.163506,MY09
2024-04-11,1,1899,MY10,42,36.761906,67.274605,79.9762,215.77698,119.40477,360.0659,57.78227,38.48961,34.077347,MY10
2024-04-11,1,1900,MY11,31,62.419353,76.553764,134.19354,256.786,275.8387,527.85376,82.6686,53.170734,52.70465,MY11
2024-04-11,1,1901,MY12,2407,38.018696,64.69916,119.47029,212.74355,331.71542,664.3848,61.72054,57.163708,50.30222,MY12
2024-04-11,1,1902,MY13,4031,81.15157,98.841194,291.39594,332.17767,812.47375,989.9045,82.96474,87.90497,82.16605,MY13
2024-04-11,1,1904,MY15,416,44.658653,37.471153,64.52885,149.56203,383.06735,457.70816,116.92325,44.98443,83.868706,MY15
2024-04-11,1,1903,MY17,254,105.44095,75.44948,223.38583,249.95892,538.6969,593.25024,137.27988,89.5775,90.88118,MY17
2024-04-21,1,1891,MY01,622,49.329582,74.879364,257.2492,201.43054,433.11578,497.91168,68.01454,127.039925,87.115845,MY01
2024-04-21,1,1892,MY02,290,72.33103,94.02793,151.22758,252.53046,245.65863,558.00446,78.09012,60.66373,44.521606,MY02
2024-04-21,1,1893,MY03,485,14.082474,60.419037,70.52989,162.85622,142.21237,457.2597,29.169603,44.99678,31.846249,MY03
2024-04-21,1,1894,MY04,9,88.0,101.5963,267.44446,273.05185,665.1111,688.7,87.245056,97.98333,96.59955,MY04
2024-04-21,1,37336,MY05,5,86.4,75.62,208.6,214.84,307.0,455.47333,113.37137,97.161575,67.75636,MY05
2024-04-21,1,1895,MY06,53,66.64151,74.038994,217.15094,192.94339,400.6038,454.0371,90.64072,112.22952,88.359695,MY06
2024-04-21,1,1896,MY07,217,59.78341,75.1808,207.22119,198.83441,386.86636,472.70444,80.79666,104.11451,82.03113,MY07
2024-04-21,1,1897,MY08,1182,32.81049,66.1976,145.06345,176.35059,269.62604,456.48346,53.10641,82.7477,59.509403,MY08
2024-04-21,1,1898,MY09,672,60.903275,94.073265,186.22025,258.25287,398.32587,636.07477,66.51974,72.63748,62.914013,MY09
2024-04-21,1,1899,MY10,42,67.0,78.930954,127.11905,207.4381,168.11905,422.12143,85.7848,62.19179,40.531574,MY10
2024-04-21,1,1900,MY11,31,78.77419,89.59785,176.32257,242.96129,309.25806,575.4387,88.55824,73.12536,54.141468,MY11
2024-04-21,1,1901,MY12,2407,38.680515,66.917145,130.64229,191.00252,345.53842,644.49304,60.737274,69.20436,53.97108,MY12
2024-04-21,1,1902,MY13,4031,108.5867,105.20747,272.6244,309.0891,837.38074,956.3697,103.06624,88.39033,87.62298,MY13
2024-04-21,1,1904,MY15,416,5.889423,46.56338,58.959133,122.77292,127.26442,403.61185,21.11852,50.056873,32.36921,MY15
2024-04-21,1,1903,MY17,254,87.208664,91.92585,250.07088,247.85683,566.0551,613.1017,95.1332,100.87562,92.38854,MY17
2024-05-01,1,1891,MY01,622,93.665596,65.522934,296.4759,203.52197,502.5,515.5191,139.90569,144.57751,97.498825,MY01
2024-05-01,1,1892,MY02,290,45.803448,88.571266,170.96896,265.24643,281.1207,623.2037,54.293854,65.11426,45.54585,MY02
2024-05-01,1,1893,MY03,485,29.674227,71.053406,86.68247,183.07292,158.15257,500.65176,45.59194,48.748363,32.265797,MY03
2024-05-01,1,1894,MY04,9,105.666664,69.118515,314.8889,254.25555,669.3334,697.08887,149.31042,123.38748,96.04673,MY04
2024-05-01,1,37336,MY05,5,120.0,91.026665,271.0,239.16667,359.19998,499.02002,130.17218,113.03754,72.25903,MY05
2024-05-01,1,1895,MY06,53,113.30189,61.83522,272.7736,193.40378,491.2264,484.20816,177.00531,140.00418,101.434616,MY06
2024-05-01,1,1896,MY07,217,103.129036,65.49462,257.7788,201.00845,460.76038,501.61414,153.38623,127.55729,91.93592,MY07
2024-05-01,1,1897,MY08,1182,61.04907,66.59371,173.22589,185.97124,301.32486,478.69226,92.25541,93.326035,63.330524,MY08
2024-05-01,1,1898,MY09,672,60.20982,85.6753,206.79762,259.42697,413.31247,682.3635,71.91575,80.09683,60.85753,MY09
2024-05-01,1,1899,MY10,42,56.07143,81.96587,159.83333,228.17143,221.69048,492.49207,70.224594,70.69191,45.56665,MY10
2024-05-01,1,1900,MY11,31,50.35484,78.27312,191.54839,244.42473,330.09677,620.98065,66.47384,78.80068,53.53149,MY11
2024-05-01,1,1901,MY12,2407,82.385124,78.25279,159.08434,209.8691,330.04196,636.79333,104.9636,76.36479,52.204025,MY12
2024-05-01,1,1902,MY13,4031,125.745224,106.98723,315.48352,311.0359,882.15674,946.8654,116.75012,101.40731,93.20191,MY13
2024-05-01,1,1904,MY15,416,25.73798,55.498158,76.28606,139.5327,130.28125,424.71002,50.808125,56.2406,31.481987,MY15
2024-05-01,1,1903,MY17,254,102.11811,71.333466,294.76773,238.70879,592.7559,633.12756,140.32916,123.00243,93.673416,MY17
2024-05-11,1,1891,MY01,622,73.840836,60.239174,216.83601,200.64148,560.46625,538.0398,120.848915,107.87513,104.12981,MY01
2024-05-11,1,1892,MY02,290,100.18276,86.15471,218.31723,268.7539,355.82413,671.3907,115.389275,81.575905,53.34552,MY02
2024-05-11,1,1893,MY03,485,58.272163,78.602615,102.02886,210.07504,210.50928,539.982,75.68204,49.763496,39.544292,MY03
2024-05-11,1,1894,MY04,9,94.0,67.18519,287.66666,237.9,668.11115,703.6333,137.14725,120.48853,94.98723,MY04
2024-05-11,1,37336,MY05,5,98.2,90.55333,304.59998,257.2,452.8,546.6867,108.00251,118.07779,82.98188,MY05
2024-05-11,1,1895,MY06,53,62.679245,52.604404,242.62263,188.47862,542.9622,502.94025,117.48971,127.98449,107.87927,MY06
2024-05-11,1,1896,MY07,217,76.889404,62.936253,239.80185,203.61168,520.659,530.5236,120.538605,117.3481,98.15795,MY07
2024-05-11,1,1897,MY08,1182,72.02623,70.69693,165.88579,203.48824,359.86127,513.7648,101.75608,81.96423,70.3327,MY08
2024-05-11,1,1898,MY09,672,123.0506,86.511604,244.1637,266.26016,488.79465,718.2025,139.92825,91.85414,68.27889,MY09
2024-05-11,1,1899,MY10,42,76.04762,79.03968,199.11905,239.93651,293.1905,551.5222,96.439705,83.335495,53.58106,MY10
2024-05-11,1,1900,MY11,31,108.58064,76.70107,237.70967,244.57205,408.74194,648.93225,139.01976,97.25034,63.269848,MY11
2024-05-11,1,1901,MY12,2407,46.675945,89.18443,167.7416,234.35437,357.12543,642.87604,54.86676,72.16981,55.894245,MY12
2024-05-11,1,1902,MY13,4031,153.1672,92.38413,387.49915,304.57883,927.93823,927.8192,162.41579,126.78488,100.01276,MY13
2024-05-11,1,1904,MY15,416,46.540867,64.30168,78.168274,166.36322,169.88701,445.36804,74.37174,48.53333,38.83202,MY15
2024-05-11,1,1903,MY17,254,112.92913,69.94921,302.25592,233.20853,634.7047,651.2286,157.3454,128.98611,97.481995,MY17
2024-05-21,1,1891,MY01,622,93.2074,64.674065,260.71384,190.43617,646.27167,571.43085,140.95259,135.9594,112.98349,MY01
2024-05-21,1,1892,MY02,290,81.272415,89.738045,227.25862,264.46402,434.09656,730.9801,91.06417,86.19282,59.661472,MY02
2024-05-21,1,1893,MY03,485,76.96907,85.12997,164.91547,234.78598,285.06183,588.20123,90.94541,70.861305,48.89771,MY03
2024-05-21,1,1894,MY04,9,73.77778,65.92593,273.44443,202.22963,712.0,712.0815,111.0705,134.36516,99.98864,MY04
2024-05-21,1,37336,MY05,5,176.6,97.14667,394.8,278.72665,623.4,613.79333,177.78358,140.91026,101.55249,MY05
2024-05-21,1,1895,MY06,53,67.20755,63.36541,243.18869,177.80504,593.4906,532.1742,105.62,135.76688,111.41463,MY06
2024-05-21,1,1896,MY07,217,69.036865,65.343475,249.0553,193.77435,581.6267,562.9935,105.25051,127.810905,103.28053,MY07
2024-05-21,1,1897,MY08,1182,86.32064,76.74769,219.39594,214.03833,441.68106,557.72723,111.71037,102.44597,79.3779,MY08
2024-05-21,1,1898,MY09,672,76.60565,93.11404,259.8661,265.30093,552.17706,767.4792,83.174286,97.989334,72.12842,MY09
2024-05-21,1,1899,MY10,42,84.14286,79.9119,216.2619,240.91747,375.21426,613.6063,104.98276,89.97405,61.46304,MY10
2024-05-21,1,1900,MY11,31,73.548386,79.72473,232.48387,234.69893,472.6129,692.51825,92.7101,99.075905,68.473175,MY11
2024-05-21,1,1901,MY12,2407,83.56294,82.53491,212.62401,249.97214,415.45654,665.7647,101.17442,85.35207,62.683167,MY12
2024-05-21,1,1902,MY13,4031,123.676506,98.90276,402.58893,298.2741,979.0497,940.9607,123.84321,134.39622,104.02648,MY13
2024-05-21,1,1904,MY15,416,77.51683,73.64279,149.79568,193.44263,243.66345,479.36426,104.926125,78.00526,51.338108,MY15
2024-05-21,1,1903,MY17,254,85.16929,70.72913,300.21652,212.01181,697.8268,673.86957,119.06816,140.64513,103.52899,MY17
2024-06-01,1,1891,MY01,622,51.866558,56.38703,218.9148,181.30026,604.59326,573.8409,92.63611,120.19028,105.31275,MY01
2024-06-01,1,1892,MY02,290,54.803448,71.42195,236.25862,247.31471,472.46896,753.4608,78.25428,95.61813,62.95236,MY02
2024-06-01,1,1893,MY03,485,81.513405,59.891685,216.75464,223.62425,342.49692,599.5411,133.31972,96.99524,57.48111,MY03
2024-06-01,1,1894,MY04,9,62.333332,53.974075,230.1111,187.08519,685.88885,701.7,114.174446,122.39939,97.76268,MY04
2024-06-01,1,37336,MY05,5,142.0,98.28667,416.8,285.98666,758.4,678.44,142.32234,144.9551,111.69964,MY05
2024-06-01,1,1895,MY06,53,44.11321,53.401257,174.0,169.37106,556.9245,540.63586,84.09615,102.65465,102.98526,MY06
2024-06-01,1,1896,MY07,217,47.442398,47.51321,193.36867,175.79294,562.65436,561.92444,99.86516,109.721466,100.128746,MY07
2024-06-01,1,1897,MY08,1182,73.40017,52.93948,231.74704,200.3841,473.07446,561.96295,135.3139,115.270386,84.32199,MY08
2024-06-01,1,1898,MY09,672,70.32738,59.183186,269.98364,238.80884,579.04315,762.98376,117.363106,112.786575,76.04889,MY09
2024-06-01,1,1899,MY10,42,38.785713,79.06032,198.9762,238.0119,403.61905,656.93256,52.088444,83.93671,61.73122,MY10
2024-06-01,1,1900,MY11,31,55.35484,57.080647,237.48387,213.50645,502.90323,696.06024,97.220055,110.97332,72.447876,MY11
2024-06-01,1,1901,MY12,2407,118.44662,72.0851,248.68552,243.80444,509.80014,672.2103,160.1433,101.961815,76.01777,MY12
2024-06-01,1,1902,MY13,4031,131.22377,89.24285,408.0675,280.52975,991.32495,932.42084,144.54547,144.66707,106.28364,MY13
2024-06-01,1,1904,MY15,416,88.13461,54.614502,212.1923,192.55898,312.5697,490.37122,156.22812,109.93796,64.10742,MY15
2024-06-01,1,1903,MY17,254,64.543304,52.30656,262.64172,192.98491,685.64966,668.5096,121.35313,135.18289,102.54489,MY17
2024-06-11,1,1891,MY01,622,61.18971,46.796677,206.26367,167.85777,658.9614,566.58405,127.78757,122.2182,116.161644,MY01
2024-06-11,1,1892,MY02,290,54.348274,68.31609,190.42413,229.47609,524.81036,765.3792,80.948494,83.34502,68.772675,MY02
2024-06-11,1,1893,MY03,485,104.34021,60.65677,262.8227,205.67842,442.95053,605.9229,166.53304,127.12393,73.32358,MY03
2024-06-11,1,1894,MY04,9,54.333332,37.377777,190.44444,157.27777,727.6666,671.6556,140.01048,120.43821,108.27763,MY04
2024-06-11,1,37336,MY05,5,67.8,89.566666,386.40002,285.0,822.39996,732.64667,76.98273,134.96553,112.16751,MY05
2024-06-11,1,1895,MY06,53,59.566036,39.643394,170.8868,156.41006,606.49054,531.1132,144.62619,108.96891,114.05996,MY06
2024-06-11,1,1896,MY07,217,46.56221,33.675114,163.04147,146.5318,599.9493,545.63684,133.32141,110.895195,109.86357,MY07
2024-06-11,1,1897,MY08,1182,66.63283,45.69467,226.35364,175.38184,534.83246,559.39105,141.30247,128.25772,95.64866,MY08
2024-06-11,1,1898,MY09,672,76.97768,51.68735,223.9107,203.98457,649.16815,745.0029,144.6137,109.534744,87.222084,MY09
2024-06-11,1,1899,MY10,42,30.5,75.69444,153.42857,234.66667,432.5238,690.3802,43.993114,66.103714,62.918644,MY10
2024-06-11,1,1900,MY11,31,34.35484,49.230106,163.25807,186.03548,535.16125,687.39355,72.57009,88.07687,78.01362,MY11
2024-06-11,1,1901,MY12,2407,75.334854,71.30271,277.34442,225.92273,564.5563,673.0206,105.28441,122.26793,84.00279,MY12
2024-06-11,1,1902,MY13,4031,85.78814,70.809525,340.68842,258.95514,1019.58344,895.7117,119.758224,130.96484,113.75266,MY13
2024-06-11,1,1904,MY15,416,99.3101,58.06298,264.96155,186.32028,407.65866,502.2455,165.40622,141.1045,81.352844,MY15
2024-06-11,1,1903,MY17,254,63.031498,36.95722,212.74408,159.99292,738.38586,643.16034,162.14491,131.97177,114.691666,MY17
2024-06-21,1,1891,MY01,622,80.2926,45.842712,193.34888,149.02643,711.3119,540.8931,167.75777,128.77586,131.21834,MY01
2024-06-21,1,1892,MY02,290,81.75862,60.4177,190.91034,200.15575,569.39655,717.1502,132.62254,95.49347,79.53976,MY02
2024-06-21,1,1893,MY03,485,68.15876,58.909416,254.01236,179.45787,489.45773,577.1001,114.47258,140.41817,84.94376,MY03
2024-06-21,1,1894,MY04,9,80.666664,44.51852,197.33333,135.87038,738.2222,611.15186,172.99924,143.63086,120.62322,MY04
2024-06-21,1,37336,MY05,5,133.2,84.72,343.0,272.57333,946.4,766.14,154.03477,125.37228,123.375786,MY05
2024-06-21,1,1895,MY06,53,70.962265,45.450314,174.64151,138.49496,634.98114,509.2434,150.56847,125.19012,124.45102,MY06
2024-06-21,1,1896,MY07,217,56.921658,40.85914,150.92627,122.04746,607.2027,514.6562,135.02577,122.73072,117.80917,MY07
2024-06-21,1,1897,MY08,1182,63.600677,50.091568,203.63367,148.72572,568.093,539.1146,124.521194,135.71812,105.32579,MY08
2024-06-21,1,1898,MY09,672,67.677086,52.045338,214.98215,162.91588,661.0684,686.46967,127.40233,131.00735,96.326485,MY09
2024-06-21,1,1899,MY10,42,86.333336,67.82143,155.61905,222.57619,499.0,670.93176,125.42097,70.57815,74.56374,MY10
2024-06-21,1,1900,MY11,31,50.83871,51.253765,140.54839,157.56451,549.3548,635.22473,99.26218,89.53269,86.58753,MY11
2024-06-21,1,1901,MY12,2407,91.015785,73.26457,284.79724,216.65239,628.0636,657.6271,122.68103,130.74402,95.538445,MY12
2024-06-21,1,1902,MY13,4031,92.63334,71.88146,309.64523,231.93384,984.85864,839.29706,126.99205,132.79878,117.24056,MY13
2024-06-21,1,1904,MY15,416,64.86539,56.46843,252.31009,169.14592,461.06488,485.36145,113.6606,147.75546,95.04517,MY15
2024-06-21,1,1903,MY17,254,79.05118,43.775196,206.62598,133.03897,756.9133,592.9076,172.32361,153.30887,127.42995,MY17
2024-07-01,1,1891,MY01,622,43.62058,60.187515,185.10289,152.8269,700.4936,537.6492,74.585724,120.45025,130.00916,MY01
2024-07-01,1,1892,MY02,290,40.303448,69.09046,176.41035,197.82425,583.63794,710.3854,61.14613,89.44214,82.28263,MY02
2024-07-01,1,1893,MY03,485,31.338144,61.536495,203.83711,181.10268,507.2742,587.79987,54.613846,112.216064,86.41604,MY03
2024-07-01,1,1894,MY04,9,45.333332,50.037037,180.33333,131.93333,725.3333,573.27405,91.45357,135.34566,126.295364,MY04
2024-07-01,1,37336,MY05,5,142.2,102.63333,343.2,276.92,1031.0,802.0733,136.7606,123.510216,128.36504,MY05
2024-07-01,1,1895,MY06,53,57.11321,66.208176,187.64151,151.30188,634.4151,514.0767,87.22764,123.24964,123.18315,MY06
2024-07-01,1,1896,MY07,217,50.304146,52.779724,153.78802,127.31398,604.9354,504.11536,95.715485,120.00851,119.802986,MY07
2024-07-01,1,1897,MY08,1182,43.754654,54.910774,173.98816,150.697,578.96106,537.05237,81.37878,114.959274,107.73148,MY08
2024-07-01,1,1898,MY09,672,34.92113,57.4875,179.57588,161.22018,656.3571,659.456,63.88659,111.043,99.53362,MY09
2024-07-01,1,1899,MY10,42,43.642857,71.4746,160.4762,214.99048,519.2857,681.1738,63.60655,75.21971,76.40713,MY10
2024-07-01,1,1900,MY11,31,41.80645,65.389244,127.0,165.87312,556.0322,623.8043,66.49659,77.250305,89.22207,MY11
2024-07-01,1,1901,MY12,2407,83.36477,63.17416,249.71542,207.74146,657.4853,661.415,129.61621,119.730034,99.410324,MY12
2024-07-01,1,1902,MY13,4031,125.44034,74.61027,303.86182,217.30125,1027.4128,808.8669,163.84863,138.9384,126.85278,MY13
2024-07-01,1,1904,MY15,416,37.776443,61.0625,201.95192,175.5939,490.4303,507.68558,64.75147,114.595184,96.63434,MY15
2024-07-01,1,1903,MY17,254,46.06693,53.669292,188.1496,134.4017,745.559,566.0954,87.04201,138.55612,131.42445,MY17
2024-07-11,1,1891,MY01,622,33.163986,50.75343,157.07716,156.78366,580.1768,525.2829,68.45137,100.18141,110.351814,MY01
2024-07-11,1,1892,MY02,290,35.706898,70.980576,157.76897,200.48874,566.5104,698.71875,53.5754,79.21065,81.2129,MY02
2024-07-11,1,1893,MY03,485,36.006187,61.16323,135.50308,181.60913,500.3546,597.3626,61.977303,75.29272,83.89542,MY03
2024-07-11,1,1894,MY04,9,40.88889,45.72222,166.88889,140.27777,645.0,535.45557,90.47098,118.3174,120.268906,MY04
2024-07-11,1,37336,MY05,5,79.8,93.96,355.2,281.31332,1046.2,823.5133,85.69119,125.80624,126.87785,MY05
2024-07-11,1,1895,MY06,53,50.962265,61.375473,179.03773,173.03397,592.54724,517.9226,84.31166,103.37226,114.27069,MY06
2024-07-11,1,1896,MY07,217,49.95392,51.33487,157.17972,144.97374,560.0231,495.1172,97.548676,108.13874,112.978134,MY07
2024-07-11,1,1897,MY08,1182,42.58714,50.708096,149.94247,155.71043,542.18195,534.5805,85.42231,96.41096,101.40877,MY08
2024-07-11,1,1898,MY09,672,34.924107,59.738293,137.52232,169.27113,605.59674,639.51587,61.67,81.781944,94.73727,MY09
2024-07-11,1,1899,MY10,42,51.785713,68.46667,181.7619,207.7627,534.3095,682.3659,77.294525,87.77944,78.46033,MY10
2024-07-11,1,1900,MY11,31,41.774193,70.72581,134.41934,187.36882,535.3871,617.9764,61.767834,72.47502,86.74279,MY11
2024-07-11,1,1901,MY12,2407,112.54757,61.875114,286.92813,198.31384,732.0141,658.59094,175.77176,143.58498,111.064514,MY12
2024-07-11,1,1902,MY13,4031,48.353016,62.80213,266.4267,209.29387,994.61426,772.8278,78.689285,126.660965,128.51357,MY13
2024-07-11,1,1904,MY15,416,44.26202,54.889423,146.90385,172.42035,490.0337,525.1038,82.25496,85.61806,93.38429,MY15
2024-07-11,1,1903,MY17,254,49.31496,51.01811,174.43306,148.4626,689.43304,541.66406,96.95965,116.92299,127.03104,MY17
2024-07-21,1,1891,MY01,622,16.61897,56.407825,93.403534,167.34877,547.4662,506.81137,35.205563,57.09558,107.94332,MY01
2024-07-21,1,1892,MY02,290,41.12069,76.98586,117.131035,217.0569,535.3,681.67664,56.25444,54.99988,78.68332,MY02
2024-07-21,1,1893,MY03,485,38.459793,76.711136,105.80412,199.41086,524.73193,613.6547,53.187115,54.206573,85.62643,MY03
2024-07-21,1,1894,MY04,9,13.666667,57.68889,99.888885,153.44815,570.6667,491.54816,29.776678,66.19761,115.9337,MY04
2024-07-21,1,37336,MY05,5,15.8,100.6,237.8,297.19333,975.6,848.49335,19.696968,80.34592,114.89252,MY05
2024-07-21,1,1895,MY06,53,18.0,63.91698,126.07547,191.50063,543.9057,507.80063,33.37349,66.704865,107.04075,MY06
2024-07-21,1,1896,MY07,217,16.852535,56.167587,117.110596,160.28218,517.0921,476.104,35.725677,73.88007,108.51959,MY07
2024-07-21,1,1897,MY08,1182,27.936548,57.791004,114.27834,163.40987,537.308,526.1739,52.454247,70.82622,102.09613,MY08
2024-07-21,1,1898,MY09,672,38.83482,68.79489,108.68005,186.02069,583.5283,614.2375,59.400887,59.511906,95.04081,MY09
2024-07-21,1,1899,MY10,42,47.357143,78.31746,142.78572,218.25873,514.6666,681.7524,62.840546,66.194824,75.67016,MY10
2024-07-21,1,1900,MY11,31,45.870968,75.752686,129.45161,211.86774,502.4839,604.13116,62.996006,61.997055,83.312744,MY11
2024-07-21,1,1901,MY12,2407,38.937267,72.620804,234.84961,197.67007,732.2708,664.2946,56.60502,118.34486,110.156395,MY12
2024-07-21,1,1902,MY13,4031,25.950136,72.95166,199.74348,210.36406,911.9777,740.572,39.70427,95.06855,122.98982,MY13
2024-07-21,1,1904,MY15,416,33.10577,71.53814,115.14424,187.49007,517.25,550.0786,49.786644,62.415813,94.08577,MY15
2024-07-21,1,1903,MY17,254,20.031496,60.83517,115.41338,165.52257,622.25586,510.57336,38.02146,70.614334,121.661804,MY17
2024-08-01,1,1891,MY01,622,58.67524,55.511578,108.4582,162.67284,512.4758,496.8,105.228195,67.66642,103.123924,MY01
2024-08-01,1,1892,MY02,290,110.417244,74.286896,187.24484,222.25333,599.9138,667.3923,145.56914,84.594955,89.96442,MY02
2024-08-01,1,1893,MY03,485,73.11546,73.243576,147.58145,211.11794,568.1732,615.84485,99.836266,70.60101,92.32149,MY03
2024-08-01,1,1894,MY04,9,37.77778,45.407406,92.333336,148.81851,502.77774,467.83704,84.864075,63.278038,107.38958,MY04
2024-08-01,1,37336,MY05,5,152.8,90.753334,248.40001,285.31332,1008.39996,848.22,164.79843,87.285,118.77359,MY05
2024-08-01,1,1895,MY06,53,53.88679,65.99056,122.84906,191.28302,484.4906,511.956,82.95017,65.135056,94.687096,MY06
2024-08-01,1,1896,MY07,217,36.281105,51.19969,103.08756,158.70215,450.24423,461.80905,73.45432,66.02697,97.52258,MY07
2024-08-01,1,1897,MY08,1182,45.668358,56.565964,116.19205,165.06506,521.92725,516.1462,82.2993,71.26216,101.1093,MY08
2024-08-01,1,1898,MY09,672,70.67857,62.101486,144.4375,190.63467,593.9971,590.6637,112.782265,76.386,100.5596,MY09
2024-08-01,1,1899,MY10,42,98.333336,85.75159,197.4762,232.53572,556.9286,685.5381,113.863945,85.24032,81.375465,MY10
2024-08-01,1,1900,MY11,31,83.96774,67.886024,171.6129,214.36452,536.0968,593.7441,122.06419,80.511154,90.37196,MY11
2024-08-01,1,1901,MY12,2407,76.165764,70.46361,227.6506,204.95952,726.0515,656.50543,107.55617,110.80736,110.513306,MY12
2024-08-01,1,1902,MY13,4031,137.0526,79.50311,211.35574,215.2569,923.2851,713.0879,168.10338,98.22882,129.27179,MY13
2024-08-01,1,1904,MY15,416,42.76923,70.62925,120.137024,197.05681,534.28125,565.2097,63.162376,61.931602,94.57595,MY15
2024-08-01,1,1903,MY17,254,43.114174,45.00617,112.46063,156.85945,563.252,484.24606,96.21648,72.56953,116.148506,MY17
2024-08-11,1,1891,MY01,622,91.191315,56.71688,166.48553,168.63628,529.8263,493.2777,155.85901,98.76135,107.334984,MY01
2024-08-11,1,1892,MY02,290,94.93449,79.21092,246.47241,230.48367,594.6655,660.4485,118.671646,106.78974,90.114494,MY02
2024-08-11,1,1893,MY03,485,56.717525,74.22522,168.29279,224.17993,566.6186,611.46747,77.90137,75.61429,92.72486,MY03
2024-08-11,1,1894,MY04,9,46.88889,55.65185,98.333336,158.74815,455.66666,456.3037,85.55203,63.10504,99.8619,MY04
2024-08-11,1,37336,MY05,5,131.0,110.31333,299.6,301.66666,1041.2,867.98,117.93953,99.326096,119.84238,MY05
2024-08-11,1,1895,MY06,53,87.9434,66.8478,159.8302,196.75534,509.75473,526.19934,129.36151,81.69806,96.90425,MY06
2024-08-11,1,1896,MY07,217,61.451614,54.398617,114.58525,161.7659,434.80646,453.27142,111.87401,71.70845,95.97074,MY07
2024-08-11,1,1897,MY08,1182,55.649746,59.348648,129.25465,173.70561,505.55078,504.79788,94.251785,75.12615,100.14769,MY08
2024-08-11,1,1898,MY09,672,63.54613,68.251884,173.05952,199.14827,534.49255,572.404,93.57593,87.22069,93.43416,MY09
2024-08-11,1,1899,MY10,42,100.47619,89.739685,246.16666,253.80873,581.3571,696.2381,111.332634,97.04722,83.61741,MY10
2024-08-11,1,1900,MY11,31,90.870964,73.93118,220.70969,217.5699,518.3871,590.9742,121.46145,101.4107,87.82043,MY11
2024-08-11,1,1901,MY12,2407,40.60698,82.194695,155.71,225.2791,719.98254,649.5157,52.304764,69.78923,110.76626,MY12
2024-08-11,1,1902,MY13,4031,97.10717,90.199844,260.1099,242.65462,867.22504,710.9036,107.2556,107.04824,121.83554,MY13
2024-08-11,1,1904,MY15,416,40.254807,71.07716,116.12981,213.24455,527.99524,571.98517,59.4854,55.501873,92.3759,MY15
2024-08-11,1,1903,MY17,254,50.437008,54.195145,113.58267,160.03648,500.75983,468.492,93.651276,71.8524,106.814865,MY17
2024-08-21,1,1891,MY01,622,70.90675,68.89212,220.7733,181.12057,507.5257,497.4958,102.72645,121.304855,101.99602,MY01
2024-08-21,1,1892,MY02,290,134.5069,110.6223,339.85864,264.12012,647.9,681.33276,120.65743,128.14302,95.128784,MY02
2024-08-21,1,1893,MY03,485,143.56908,108.56735,273.40207,256.03616,633.21857,634.90485,130.82024,106.65268,99.73648,MY03
2024-08-21,1,1894,MY04,9,96.333336,68.4963,181.0,169.55556,478.2222,458.87408,137.87543,106.556335,104.17099,MY04
2024-08-21,1,37336,MY05,5,209.2,119.32667,493.0,320.39334,1073.7999,890.16,172.28806,153.04555,120.51476,MY05
2024-08-21,1,1895,MY06,53,82.26415,79.16352,224.09433,212.00189,524.8113,541.9975,103.68406,105.572495,96.85808,MY06
2024-08-21,1,1896,MY07,217,71.67742,68.88756,169.41014,174.48587,437.44702,456.81552,103.775826,97.17207,95.80601,MY07
2024-08-21,1,1897,MY08,1182,117.2242,79.73246,218.5423,195.64706,536.45435,507.78265,144.2472,111.4107,105.59139,MY08
2024-08-21,1,1898,MY09,672,120.74107,96.10174,254.96577,226.45511,578.628,575.39166,124.370834,112.318,100.55762,MY09
2024-08-21,1,1899,MY10,42,184.78572,126.86032,383.59525,302.3516,682.0,743.1865,143.92937,126.43346,91.82202,MY10
2024-08-21,1,1900,MY11,31,130.93549,113.87204,305.7742,255.68925,575.7742,625.1215,114.35447,119.212494,92.1686,MY11
2024-08-21,1,1901,MY12,2407,140.36685,90.3213,257.1396,242.9796,776.7865,657.30206,152.50197,105.71014,118.04078,MY12
2024-08-21,1,1902,MY13,4031,149.77995,109.75678,383.9397,279.45975,893.3285,721.7576,134.87651,136.72925,123.60772,MY13
2024-08-21,1,1904,MY15,416,161.87741,101.8976,244.90144,243.604,612.35583,600.24,156.10959,100.52189,102.00182,MY15
2024-08-21,1,1903,MY17,254,99.862206,67.97467,193.41339,167.17598,515.45276,465.73752,143.69672,115.238716,110.561134,MY17
2024-09-01,1,1891,MY01,622,47.488747,56.71104,209.58682,182.32004,503.14792,497.8198,85.05569,114.55625,101.059654,MY01
2024-09-01,1,1892,MY02,290,111.07586,101.656784,340.51724,291.49,704.1724,711.56757,108.8312,116.53589,98.96797,MY02
2024-09-01,1,1893,MY03,485,140.60413,97.2167,340.89075,280.00928,692.3093,672.2299,142.44652,121.36122,102.964935,MY03
2024-09-01,1,1894,MY04,9,79.44444,73.844444,222.66667,197.99258,495.3333,478.74445,107.1026,112.15517,103.42926,MY04
2024-09-01,1,37336,MY05,5,37.6,108.32667,377.80002,337.96667,969.39996,900.2,37.590443,111.61435,107.644714,MY05
2024-09-01,1,1895,MY06,53,60.90566,53.852203,231.1132,199.86353,541.60376,542.4484,111.98503,115.2539,99.84571,MY06
2024-09-01,1,1896,MY07,217,62.774193,51.788017,195.90323,175.07419,452.77884,461.09033,119.34594,111.566925,98.21677,MY07
2024-09-01,1,1897,MY08,1182,64.34772,65.868355,237.22166,204.94946,527.40186,520.71155,97.85428,115.371414,101.27262,MY08
2024-09-01,1,1898,MY09,672,104.083336,87.49117,288.37054,251.84479,612.3839,603.69965,117.939186,114.22094,101.4267,MY09
2024-09-01,1,1899,MY10,42,88.35714,103.12698,373.61905,319.727,731.5714,767.2532,86.34028,116.596115,95.379524,MY10
2024-09-01,1,1900,MY11,31,117.741936,101.14946,339.5484,288.9527,638.1613,669.1903,115.63123,117.21219,95.39759,MY11
2024-09-01,1,1901,MY12,2407,49.29497,79.03882,230.2688,251.55481,707.6348,664.2558,64.60701,91.70313,106.48168,MY12
2024-09-01,1,1902,MY13,4031,66.89804,91.97981,313.78516,291.93643,829.0028,724.4946,74.13712,107.35805,114.32611,MY13
2024-09-01,1,1904,MY15,416,107.13942,77.32724,309.27164,250.302,631.3606,622.9527,136.2118,123.09799,101.338936,MY15
2024-09-01,1,1903,MY17,254,74.83465,71.79449,225.13385,193.9643,525.7441,485.22546,103.95883,115.6659,108.265305,MY17
2024-09-11,1,1891,MY01,622,60.319935,52.188477,178.71544,177.79164,502.2781,503.21158,114.21869,100.50539,99.81632,MY01
2024-09-11,1,1892,MY02,290,189.6138,105.17735,435.19656,317.45642,839.438,748.42883,176.63686,136.5135,112.07933,MY02
2024-09-11,1,1893,MY03,485,115.00206,109.31677,399.1753,315.10083,702.9711,720.8899,104.97328,126.26499,97.53147,MY03
2024-09-11,1,1894,MY04,9,85.22222,74.17778,261.0,216.51852,526.2222,515.54443,113.94891,120.08025,102.05127,MY04
2024-09-11,1,37336,MY05,5,136.2,92.05333,383.0,319.70667,1037.7999,902.68665,145.48703,119.49247,114.88545,MY05
2024-09-11,1,1895,MY06,53,49.735847,49.4761,192.90567,182.49182,531.7736,552.2811,100.476814,105.55429,96.32008,MY06
2024-09-11,1,1896,MY07,217,46.170506,51.079723,180.62212,171.7553,452.3871,478.49493,91.246,105.01643,94.60018,MY07
2024-09-11,1,1897,MY08,1182,80.79611,69.16802,262.36804,214.76884,541.5652,544.1849,115.67804,121.65875,99.52299,MY08
2024-09-11,1,1898,MY09,672,121.9256,93.22976,346.75,276.82266,657.33185,645.24207,129.21298,124.81253,101.85927,MY09
2024-09-11,1,1899,MY10,42,237.54762,109.32937,510.6905,339.31665,938.619,800.8881,212.14815,149.77217,117.09057,MY10
2024-09-11,1,1900,MY11,31,219.09677,105.3086,467.7742,320.3301,822.9032,725.2688,203.1544,145.32138,113.36966,MY11
2024-09-11,1,1901,MY12,2407,97.787285,80.024,287.4491,249.38411,730.0873,672.97705,120.89208,114.96359,108.42363,MY12
2024-09-11,1,1902,MY13,4031,42.511288,82.27678,259.18927,284.01337,785.7259,735.96185,54.43749,91.41074,106.71614,MY13
2024-09-11,1,1904,MY15,416,101.60096,91.01819,370.6178,270.24304,633.6514,655.90796,111.02163,136.46768,96.63243,MY15
2024-09-11,1,1903,MY17,254,88.90945,72.45551,263.6063,212.22467,551.6221,520.72375,121.24307,123.65367,105.87729,MY17
2024-09-21,1,1891,MY01,622,41.607716,53.450428,149.4164,162.34995,463.59323,510.8193,79.73888,92.27155,90.844444,MY01
2024-09-21,1,1892,MY02,290,108.23103,100.18104,408.92072,307.01517,865.91034,788.1922,107.653465,132.66045,109.79814,MY02
2024-09-21,1,1893,MY03,485,73.38763,95.85189,328.9938,302.38538,708.2,757.8324,77.72549,108.65637,93.49367,MY03
2024-09-21,1,1894,MY04,9,36.555557,74.9,201.22221,222.92223,482.11108,545.9259,52.009457,90.4792,88.4168,MY04
2024-09-21,1,37336,MY05,5,88.2,107.72667,262.0,308.10666,992.8,925.6933,82.67786,85.27446,107.210396,MY05
2024-09-21,1,1895,MY06,53,41.584908,49.02453,152.22641,152.35283,502.39624,555.85535,86.22918,99.91966,90.468285,MY06
2024-09-21,1,1896,MY07,217,33.84332,51.182026,142.78802,154.04977,429.30875,488.8178,69.138336,92.91936,87.94919,MY07
2024-09-21,1,1897,MY08,1182,35.371403,66.934296,180.51523,201.97067,513.3359,561.0276,56.12261,89.63358,91.57431,MY08
2024-09-21,1,1898,MY09,672,62.626488,90.53815,288.63544,271.25906,652.28125,683.73486,70.7848,106.28989,95.433136,MY09
2024-09-21,1,1899,MY10,42,117.02381,108.709526,442.92856,321.16586,969.3095,841.7762,107.31187,137.33153,115.06104,MY10
2024-09-21,1,1900,MY11,31,69.90323,104.110756,406.74194,310.56882,841.96765,778.1258,68.6488,130.47612,108.15218,MY11
2024-09-21,1,1901,MY12,2407,51.906937,84.56882,198.9892,243.63162,690.9784,684.2813,63.53432,82.044754,100.9716,MY12
2024-09-21,1,1902,MY13,4031,113.28281,91.88097,222.69214,266.13757,806.37537,755.96136,122.090866,83.97661,106.625046,MY13
2024-09-21,1,1904,MY15,416,51.86298,80.24119,260.60336,248.58662,620.64905,679.68066,66.708336,104.73871,91.37823,MY15
2024-09-21,1,1903,MY17,254,42.299213,73.14357,206.0433,217.39357,514.8701,550.0921,60.528606,94.89632,93.654755,MY17
2024-10-01,1,1891,MY01,622,74.35691,60.716667,176.28456,166.35558,494.3296,511.34845,120.756134,105.79437,96.703995,MY01
2024-10-01,1,1892,MY02,290,184.41724,128.83723,482.2621,334.19562,1010.0241,847.93896,141.52806,143.65224,119.00314,MY02
2024-10-01,1,1893,MY03,485,166.32166,110.93746,354.71133,316.1061,843.18353,807.23334,147.77075,112.022575,104.4261,MY03
2024-10-01,1,1894,MY04,9,97.77778,74.54074,219.55556,223.61852,534.55554,570.4296,129.21402,98.222824,93.765686,MY04
2024-10-01,1,37336,MY05,5,164.0,145.79333,388.4,345.57333,1014.60004,968.85333,112.07392,112.21617,104.69749,MY05
2024-10-01,1,1895,MY06,53,74.01887,56.19245,165.33963,154.69308,519.3019,545.8396,129.13173,106.66688,95.18231,MY06
2024-10-01,1,1896,MY07,217,69.423965,64.67404,149.43779,166.93579,448.4286,500.71213,106.81735,89.822945,89.6614,MY07
2024-10-01,1,1897,MY08,1182,91.380714,83.25429,207.54822,219.3566,560.9619,589.3711,109.20796,94.73678,95.2203,MY08
2024-10-01,1,1898,MY09,672,147.42113,108.90134,331.9732,292.66925,764.78125,735.14874,133.81856,113.2039,104.003586,MY09
2024-10-01,1,1899,MY10,42,176.21428,111.32619,530.7857,329.36508,1101.8809,881.62775,155.78116,160.23973,124.84167,MY10
2024-10-01,1,1900,MY11,31,162.64516,131.70215,451.64514,341.12152,962.8064,844.4387,122.63535,131.93204,113.934814,MY11
2024-10-01,1,1901,MY12,2407,88.01704,89.68665,237.71124,254.27946,695.6306,710.7938,98.236694,93.60989,97.88162,MY12
2024-10-01,1,1902,MY13,4031,140.71446,109.59957,296.50854,283.75732,821.6494,790.9506,127.15096,104.41589,103.85687,MY13
2024-10-01,1,1904,MY15,416,118.54327,102.52812,272.0072,273.7875,701.41583,721.1463,114.89391,99.36141,97.28285,MY15
2024-10-01,1,1903,MY17,254,96.66929,75.345406,227.87796,220.94449,565.4725,571.76825,126.54027,103.068665,98.90844,MY17
2024-10-11,1,1891,MY01,622,90.07395,66.89453,206.03857,181.06163,551.23956,527.48956,132.24088,113.42401,104.46018,MY01
2024-10-11,1,1892,MY02,290,84.74138,123.71195,377.38965,352.73022,1059.0586,900.67035,69.72266,106.8933,117.48852,MY02
2024-10-11,1,1893,MY03,485,86.31546,111.44076,326.02475,318.2301,893.4928,857.51086,78.42225,102.41148,104.17177,MY03
2024-10-11,1,1894,MY04,9,139.0,91.51852,273.33334,240.95926,632.6667,616.22595,149.19417,113.16238,102.64649,MY04
2024-10-11,1,37336,MY05,5,184.6,125.9,436.8,379.42,1119.4,1000.79333,144.8434,114.92638,111.79235,MY05
2024-10-11,1,1895,MY06,53,92.528305,62.514465,208.13208,167.73145,560.8679,546.97864,144.45541,123.38928,102.516266,MY06
2024-10-11,1,1896,MY07,217,109.695854,74.762215,212.96313,190.61829,508.17053,524.13947,143.79723,111.42268,96.98209,MY07
2024-10-11,1,1897,MY08,1182,115.53046,90.534515,242.28258,240.7231,633.9053,629.1975,126.16431,100.63464,100.74232,MY08
2024-10-11,1,1898,MY09,672,95.02381,113.70873,305.0714,313.14822,824.881,789.11914,84.259865,97.4613,104.503334,MY09
2024-10-11,1,1899,MY10,42,89.309525,105.381744,382.5476,325.41748,1139.4048,918.54285,85.43942,117.29028,123.914635,MY10
2024-10-11,1,1900,MY11,31,87.064514,132.12259,319.6129,367.9355,1008.09674,905.8355,67.1403,87.04265,111.22719,MY11
2024-10-11,1,1901,MY12,2407,105.394264,91.04505,245.31824,265.3005,688.47736,739.96375,114.94009,92.60738,93.08874,MY12
2024-10-11,1,1902,MY13,4031,118.1481,101.43054,372.1454,302.91107,891.44446,829.57904,115.70748,122.48516,107.412766,MY13
2024-10-11,1,1904,MY15,416,96.33894,105.780205,266.74518,288.54953,753.49274,772.0371,91.477486,92.572174,97.61345,MY15
2024-10-11,1,1903,MY17,254,117.83465,89.61339,256.80316,238.10236,633.9922,610.3635,129.82797,107.692566,103.83979,MY17
2024-10-21,1,1891,MY01,622,41.45981,87.83543,205.89067,215.44662,576.08044,558.9172,50.04534,95.665184,103.04358,MY01
2024-10-21,1,1892,MY02,290,84.78621,138.29356,353.94482,390.84277,1102.7242,961.978,62.658924,90.678635,114.55527,MY02
2024-10-21,1,1893,MY03,485,61.818558,140.14343,314.4557,362.52164,916.8515,920.9432,46.036224,86.9216,99.558105,MY03
2024-10-21,1,1894,MY04,9,56.77778,109.68148,293.55554,275.74075,675.7778,668.2185,53.86901,106.34564,101.122856,MY04
2024-10-21,1,37336,MY05,5,62.4,151.51334,411.0,423.20667,1166.0,1051.7067,43.063423,97.14935,110.81599,MY05
2024-10-21,1,1895,MY06,53,34.45283,81.04151,201.00002,199.74843,577.32074,564.10315,45.853252,100.61128,102.32253,MY06
2024-10-21,1,1896,MY07,217,49.225807,96.22012,228.34561,235.65637,540.5438,564.192,53.57216,96.96216,95.84531,MY07
2024-10-21,1,1897,MY08,1182,68.85871,119.2586,275.76987,293.0474,674.8274,690.66516,59.439514,94.203094,97.723366,MY08
2024-10-21,1,1898,MY09,672,64.447914,131.5936,306.89285,354.20367,850.4941,851.91785,50.84273,86.82897,99.833855,MY09
2024-10-21,1,1899,MY10,42,71.61905,118.20873,337.14285,334.91666,1163.6666,958.43414,62.18638,100.65492,121.30218,MY10
2024-10-21,1,1900,MY11,31,98.96774,137.94409,348.67743,401.76883,1061.1935,968.02686,72.733154,86.94802,109.57493,MY11
2024-10-21,1,1901,MY12,2407,87.1317,105.43735,280.543,286.16904,736.6718,772.7803,83.4244,98.06778,95.3575,MY12
2024-10-21,1,1902,MY13,4031,72.89903,128.2247,331.7616,339.25482,938.39343,884.8521,58.471912,97.82335,106.01688,MY13
2024-10-21,1,1904,MY15,416,64.56971,147.22516,279.4519,355.5335,784.95667,847.7241,45.701847,78.89749,92.63918,MY15
2024-10-21,1,1903,MY17,254,56.02362,115.23019,270.52756,280.18896,669.98425,664.75854,50.755657,96.61228,100.780235,MY17
2024-11-01,1,1891,MY01,622,101.04501,90.76233,232.57877,245.49228,618.4502,594.1679,110.73772,94.84475,104.052666,MY01
2024-11-01,1,1892,MY02,290,149.32414,94.10667,318.85175,356.11218,1141.631,981.7978,155.71521,89.681755,116.19716,MY02
2024-11-01,1,1893,MY03,485,184.48041,140.86804,332.61444,392.45224,1028.2166,988.5676,129.8985,84.94466,103.99057,MY03
2024-11-01,1,1894,MY04,9,89.55556,113.91111,285.3333,315.1111,727.55554,736.7222,79.517845,90.69767,98.76413,MY04
2024-11-01,1,37336,MY05,5,83.0,118.433334,330.0,395.84665,1096.2001,1079.3867,71.29355,83.57311,101.5505,MY05
2024-11-01,1,1895,MY06,53,70.09434,78.1717,197.07547,221.72768,593.5283,576.2843,90.28833,89.12695,102.96654,MY06
2024-11-01,1,1896,MY07,217,98.62673,96.44455,257.5484,267.42688,602.8894,609.4369,102.15111,96.3739,98.934395,MY07
2024-11-01,1,1897,MY08,1182,129.92386,118.4152,314.31302,328.2083,759.0829,752.5144,109.32516,95.82985,100.8671,MY08
2024-11-01,1,1898,MY09,672,132.20387,109.46503,291.6756,354.76736,912.01935,899.2814,119.865326,82.46317,101.40862,MY09
2024-11-01,1,1899,MY10,42,98.38095,82.69127,259.3095,306.28174,1163.7144,955.37384,117.89195,84.91006,121.693695,MY10
2024-11-01,1,1900,MY11,31,68.83871,87.62366,254.87097,357.69034,1046.0645,987.7645,79.71906,71.650925,105.87249,MY11
2024-11-01,1,1901,MY12,2407,91.72164,85.590614,284.24762,282.073,752.22766,787.9073,106.767845,100.757515,95.50015,MY12
2024-11-01,1,1902,MY13,4031,102.64971,116.95605,293.69684,346.6113,903.99054,922.30505,88.26927,84.95087,98.02498,MY13
2024-11-01,1,1904,MY15,416,188.74039,196.62692,349.64905,449.6323,930.92786,973.7218,96.088554,78.00789,95.62757,MY15
2024-11-01,1,1903,MY17,254,108.07481,135.57756,281.93307,340.42114,734.9449,755.3299,80.43588,83.06761,97.318924,MY17
2024-11-11,1,1891,MY01,622,123.88746,90.405304,266.39227,269.00305,651.14624,627.8563,135.09464,99.04717,103.68012,MY01
2024-11-11,1,1892,MY02,290,98.917244,89.86529,333.0276,322.2655,1145.6138,992.4522,109.54191,103.28848,115.35528,MY02
2024-11-11,1,1893,MY03,485,233.71341,149.43512,480.0124,430.4466,1205.2124,1063.7775,154.57198,111.382744,113.23334,MY03
2024-11-11,1,1894,MY04,9,134.66667,106.03333,281.0,329.62592,815.3333,787.1037,125.788055,85.468575,103.56388,MY04
2024-11-11,1,37336,MY05,5,60.6,123.46667,206.0,393.41333,1025.8,1092.54,51.063824,52.960075,93.91913,MY05
2024-11-11,1,1895,MY06,53,113.603775,80.44717,218.15094,239.66037,619.18866,589.88367,138.80363,91.20845,104.92617,MY06
2024-11-11,1,1896,MY07,217,135.59447,94.90323,283.44702,287.5679,677.0323,649.94147,140.73065,98.59148,104.13637,MY07
2024-11-11,1,1897,MY08,1182,197.69713,113.58559,396.47968,351.2594,901.1304,806.75134,170.92899,112.69307,111.62659,MY08
2024-11-11,1,1898,MY09,672,150.94048,110.73661,347.5923,351.79523,999.4137,941.7661,134.73738,98.82203,106.08889,MY09
2024-11-11,1,1899,MY10,42,92.2619,74.97143,262.2619,275.87143,1155.5,940.6055,121.62081,95.15453,122.72559,MY10
2024-11-11,1,1900,MY11,31,94.96774,87.35376,262.7742,312.9215,1050.1613,1001.1871,108.24437,84.22652,104.8673,MY11
2024-11-11,1,1901,MY12,2407,48.541336,81.1002,227.39467,272.12814,760.162,786.8128,62.184917,83.8582,96.6342,MY12
2024-11-11,1,1902,MY13,4031,95.12305,123.861374,270.67178,369.0421,902.0064,955.96655,77.69826,73.70073,94.3848,MY13
2024-11-11,1,1904,MY15,416,316.09375,197.3787,569.4038,541.2308,1206.7668,1100.0233,158.65987,105.15772,109.659836,MY15
2024-11-11,1,1903,MY17,254,188.47638,133.6025,352.5748,384.41022,872.98425,834.73724,139.59084,91.82471,104.55464,MY17
2024-11-21,1,1891,MY01,622,190.19936,88.1082,415.13184,269.27582,770.4389,647.0724,209.64787,153.17859,118.91914,MY01
2024-11-21,1,1892,MY02,290,260.06897,80.64724,508.31036,264.6192,1271.1759,962.4771,309.48923,190.38345,131.90761,MY02
2024-11-21,1,1893,MY03,485,522.57526,140.81003,940.76904,431.1132,1584.2185,1096.0203,361.8237,216.8632,144.34053,MY03
2024-11-21,1,1894,MY04,9,206.55556,101.18519,430.77777,321.12964,925.55554,819.7926,199.23264,133.62103,112.822975,MY04
2024-11-21,1,37336,MY05,5,88.2,112.36667,231.8,354.26666,904.8,1085.58,79.409256,65.91204,83.4235,MY05
2024-11-21,1,1895,MY06,53,146.03773,72.7195,329.73584,231.33836,682.9622,583.43964,194.337,141.63416,116.912964,MY06
2024-11-21,1,1896,MY07,217,184.99539,90.14762,419.21658,281.4954,790.3502,671.20154,199.68486,148.071,117.62029,MY07
2024-11-21,1,1897,MY08,1182,317.52707,121.22292,645.1481,353.22372,1101.4332,848.24176,255.5218,181.49219,129.67407,MY08
2024-11-21,1,1898,MY09,672,266.0268,107.21855,549.17114,327.4202,1144.6995,952.88293,241.51692,166.70802,120.02505,MY09
2024-11-21,1,1899,MY10,42,193.83333,63.102383,384.4762,220.76508,1164.5476,876.84766,291.96237,172.51393,132.62468,MY10
2024-11-21,1,1900,MY11,31,183.93549,83.30215,347.74194,258.27957,1103.1611,970.6172,213.96477,133.97998,113.58565,MY11
2024-11-21,1,1901,MY12,2407,126.36976,82.27668,266.63272,248.96748,746.16486,778.7682,150.52103,106.9557,95.84018,MY12
2024-11-21,1,1902,MY13,4031,137.94394,117.092415,335.7167,357.90985,890.1704,963.3022,117.07847,93.88467,92.447426,MY13
2024-11-21,1,1904,MY15,416,679.1875,200.47372,1184.0216,594.4793,1724.0769,1198.5995,332.98053,198.34239,143.65883,MY15
2024-11-21,1,1903,MY17,254,251.94095,128.5941,548.4921,397.77414,1025.063,895.3567,192.32956,137.41997,114.4061,MY17
2024-12-01,1,1891,MY01,622,60.392284,121.56238,374.4791,300.0759,783.3424,711.92377,51.66803,124.38842,109.96182,MY01
2024-12-01,1,1892,MY02,290,49.56207,73.40747,408.54828,243.92,1209.6621,934.2278,69.587845,166.13702,129.32562,MY02
2024-12-01,1,1893,MY03,485,194.2268,191.64027,950.5155,481.88544,1637.8413,1190.4437,101.31537,196.25058,137.42523,MY03
2024-12-01,1,1894,MY04,9,88.888885,84.5963,430.1111,291.81482,935.0,830.54443,104.79103,146.59346,112.5015,MY04
2024-12-01,1,37336,MY05,5,42.2,101.82,190.99998,337.65332,909.4,1079.0734,44.18648,57.200665,84.34853,MY05
2024-12-01,1,1895,MY06,53,30.245283,79.36981,289.88678,232.53648,652.3019,608.9572,41.774757,124.143776,107.05988,MY06
2024-12-01,1,1896,MY07,217,69.45622,101.22719,390.04608,286.27805,797.0323,720.6407,70.09149,135.62508,110.527466,MY07
2024-12-01,1,1897,MY08,1182,192.2022,170.1559,707.4264,404.96442,1229.2876,952.52936,112.58666,173.77762,128.90337,MY08
2024-12-01,1,1898,MY09,672,104.04315,103.90169,521.01044,321.85684,1144.6592,969.29346,100.129906,160.92992,117.99927,MY09
2024-12-01,1,1899,MY10,42,27.071428,53.54524,313.16666,191.61905,1103.2618,827.26587,54.78059,161.81883,133.162,MY10
2024-12-01,1,1900,MY11,31,51.225807,56.37312,330.12903,227.02902,1036.645,925.8409,91.61308,144.4341,111.903656,MY11
2024-12-01,1,1901,MY12,2407,88.48858,93.11213,263.3997,256.489,785.35846,792.8415,95.28748,102.64282,99.06209,MY12
2024-12-01,1,1902,MY13,4031,88.4959,127.552,321.5629,368.5058,911.76825,998.8744,70.53526,87.43181,91.323006,MY13
2024-12-01,1,1904,MY15,416,355.97595,278.25793,1351.2572,676.11035,1972.9135,1399.5302,127.43719,199.12445,140.82385,MY15
2024-12-01,1,1903,MY17,254,93.767715,98.6601,534.18506,360.8567,1043.9961,922.2223,95.28036,147.37602,113.13318,MY17
2024-12-11,1,1891,MY01,622,84.92444,110.76683,335.51608,320.4374,807.9469,770.5021,77.67721,104.633354,104.82847,MY01
2024-12-11,1,1892,MY02,290,50.924137,62.671036,360.55518,216.72575,1070.9724,891.7215,82.641174,164.86816,119.989586,MY02
2024-12-11,1,1893,MY03,485,172.75464,190.32303,889.5567,522.7733,1695.59375,1271.4501,91.00547,169.49638,133.22838,MY03
2024-12-11,1,1894,MY04,9,38.22222,79.26667,333.6667,265.04816,888.00006,835.63336,51.292194,125.40974,106.22944,MY04
2024-12-11,1,37336,MY05,5,175.0,96.62,305.4,310.80667,948.19995,1083.64,177.13048,98.28798,87.558784,MY05
2024-12-11,1,1895,MY06,53,37.81132,68.65472,214.09435,220.74402,640.3774,628.13586,58.124344,97.05433,101.93348,MY06
2024-12-11,1,1896,MY07,217,43.70507,89.14608,298.15668,280.5209,794.56683,758.70703,51.733505,106.1767,104.69549,MY07
2024-12-11,1,1897,MY08,1182,102.92724,163.70654,612.6565,455.08536,1251.4187,1047.0679,63.973354,134.24825,119.42374,MY08
2024-12-11,1,1898,MY09,672,86.8378,96.20109,456.90775,307.32132,1109.5714,972.2648,90.74784,147.89503,114.05009,MY09
2024-12-11,1,1899,MY10,42,39.857143,38.76032,260.7619,155.40794,905.57135,756.69684,102.50643,165.67876,119.54511,MY10
2024-12-11,1,1900,MY11,31,37.70968,49.855915,272.87097,189.53117,855.25806,870.3882,77.85793,142.84137,98.27161,MY11
2024-12-11,1,1901,MY12,2407,128.78105,97.04548,343.6394,272.4343,816.35236,809.863,131.09944,125.66558,100.79638,MY12
2024-12-11,1,1902,MY13,4031,159.96179,116.0308,386.40164,360.67523,1029.21875,1032.6284,136.29736,107.03532,99.6714,MY13
2024-12-11,1,1904,MY15,416,252.73317,287.67484,1287.8966,766.4065,2124.0457,1596.1868,88.061264,167.60251,132.96674,MY15
2024-12-11,1,1903,MY17,254,54.996063,90.019684,400.70474,317.2739,1010.08264,939.7865,63.140667,125.88818,107.44042,MY17
2024-12-21,1,1891,MY01,622,87.770096,131.52899,233.08682,363.8582,854.10925,848.5807,67.949005,64.54698,100.64769,MY01
2024-12-21,1,1892,MY02,290,23.296553,56.11908,123.78276,192.19759,986.03796,847.65955,46.297413,65.30646,116.229034,MY02
2024-12-21,1,1893,MY03,485,79.17938,178.34523,446.16083,560.30853,1701.3857,1353.9434,45.913048,79.80789,125.5671,MY03
2024-12-21,1,1894,MY04,9,81.111115,93.844444,208.22223,257.7074,932.55554,854.57776,87.117805,81.16339,109.07164,MY04
2024-12-21,1,37336,MY05,5,172.2,116.68667,389.4,315.12668,1032.2,1092.6,145.61989,123.201225,94.497086,MY05
2024-12-21,1,1895,MY06,53,54.773586,74.40692,122.830185,222.43144,653.56604,653.51825,75.27503,56.206028,100.00726,MY06
2024-12-21,1,1896,MY07,217,70.769585,100.39309,183.93088,290.76636,831.49316,807.9181,71.892365,63.87842,102.900055,MY07
2024-12-21,1,1897,MY08,1182,159.69205,170.92001,454.82147,504.78247,1375.7394,1151.0536,93.61757,90.19955,119.435585,MY08
2024-12-21,1,1898,MY09,672,67.84821,99.975746,258.72916,300.07852,1114.7932,981.7024,69.39528,86.44632,113.48845,MY09
2024-12-21,1,1899,MY10,42,11.023809,31.405556,77.952385,123.71111,799.57135,679.3929,44.014736,64.4485,117.55986,MY10
2024-12-21,1,1900,MY11,31,25.290323,45.73441,114.22581,151.96344,810.6452,812.01184,59.70371,75.957695,99.832726,MY11
2024-12-21,1,1901,MY12,2407,182.09181,108.183395,399.36145,298.341,946.5372,833.47754,165.2997,133.30261,113.48392,MY12
2024-12-21,1,1902,MY13,4031,118.21434,150.32993,366.67206,393.91275,1034.1503,1091.0774,79.32427,93.171265,94.80628,MY13
2024-12-21,1,1904,MY15,416,128.72356,265.21008,737.4327,831.1429,2200.90625,1781.1556,49.48874,88.792564,123.50023,MY15
2024-12-21,1,1903,MY17,254,94.58268,100.42848,243.34647,289.10828,1062.3661,967.0714,94.45519,84.44049,109.80326,MY17
2025-01-01,1,1891,MY01,622,83.726685,100.24657,256.4212,337.89624,863.47906,888.2762,84.303635,76.23916,97.22403,MY01
2025-01-01,1,1892,MY02,290,21.172413,36.81517,95.3931,152.15115,822.79315,753.9038,62.590714,63.883144,109.07748,MY02
2025-01-01,1,1893,MY03,485,47.101032,107.75285,299.03506,464.76672,1582.165,1349.7665,46.20817,64.720436,117.154144,MY03
2025-01-01,1,1894,MY04,9,77.666664,73.91482,197.0,243.45926,912.4445,847.5741,104.754295,81.301056,107.60877,MY04
2025-01-01,1,37336,MY05,5,108.4,81.333336,455.6,295.64,976.60004,1041.6866,131.35135,153.2065,93.78165,MY05
2025-01-01,1,1895,MY06,53,32.132076,42.291195,124.71698,182.57108,611.6792,639.1962,78.51795,69.15617,95.72847,MY06
2025-01-01,1,1896,MY07,217,43.774193,57.937172,158.24884,243.20769,805.8434,798.98016,77.496635,65.771065,100.85366,MY07
2025-01-01,1,1897,MY08,1182,51.87056,103.77095,314.48987,431.99734,1336.2292,1172.1661,52.284695,73.11025,113.937126,MY08
2025-01-01,1,1898,MY09,672,61.70238,70.50863,216.38838,262.27505,1029.0743,937.49915,88.33742,82.831665,109.71621,MY09
2025-01-01,1,1899,MY10,42,5.904762,24.020636,56.785713,91.363495,629.26184,593.87225,37.575893,64.11734,105.90937,MY10
2025-01-01,1,1900,MY11,31,32.741936,40.83656,95.741936,134.51828,680.74194,716.79675,82.34025,72.20698,95.00485,MY11
2025-01-01,1,1901,MY12,2407,96.52431,95.2145,407.39716,299.5567,955.04443,848.112,101.307,135.40898,112.53439,MY12
2025-01-01,1,1902,MY13,4031,147.69115,133.04828,425.8673,399.57355,1041.127,1116.8174,110.60706,106.49914,93.25288,MY13
2025-01-01,1,1904,MY15,416,58.94952,153.06058,440.40625,689.78687,2141.3125,1836.0808,40.458866,64.10689,116.57893,MY15
2025-01-01,1,1903,MY17,254,76.850395,77.026115,226.42914,263.56418,1042.5472,960.9765,99.785774,86.172745,108.44438,MY17
2025-01-11,1,1891,MY01,622,253.12701,82.84357,424.62378,312.61478,1026.5321,905.41187,293.8485,135.26567,113.3039,MY01
2025-01-11,1,1892,MY02,290,84.441376,29.090115,128.91034,120.98391,822.49316,659.6484,262.3675,106.29162,124.50089,MY02
2025-01-11,1,1893,MY03,485,188.56082,71.02625,314.84125,356.11478,1684.4104,1311.3802,254.59735,88.570526,128.33757,MY03
2025-01-11,1,1894,MY04,9,89.55556,62.774075,248.33333,229.46666,863.00006,821.5296,139.51582,108.04663,105.017426,MY04
2025-01-11,1,37336,MY05,5,82.8,75.026665,363.40002,273.39334,874.80005,993.2867,109.71343,132.33076,88.131,MY05
2025-01-11,1,1895,MY06,53,68.49056,35.206917,155.39622,150.8937,587.6414,613.5465,182.7809,102.8882,95.811935,MY06
2025-01-11,1,1896,MY07,217,71.39171,46.906452,185.93549,203.2298,767.5392,772.98895,147.17189,91.6946,99.29951,MY07
2025-01-11,1,1897,MY08,1182,136.21658,79.529274,347.77917,353.06885,1356.9154,1164.2456,167.06235,98.52272,116.478134,MY08
2025-01-11,1,1898,MY09,672,81.364586,55.39107,210.91519,225.0938,1015.41516,881.5605,143.00887,93.837906,115.098206,MY09
2025-01-11,1,1899,MY10,42,62.166668,15.603969,79.09524,70.03889,602.1191,502.74127,325.98898,112.06888,119.57253,MY10
2025-01-11,1,1900,MY11,31,27.580645,30.363441,85.6129,116.527954,621.25806,615.6656,92.13086,74.56136,100.90105,MY11
2025-01-11,1,1901,MY12,2407,143.29456,90.80554,421.91068,292.5835,992.9447,847.1312,154.78703,143.45914,117.111626,MY12
2025-01-11,1,1902,MY13,4031,212.17937,126.939926,478.08484,411.57568,1135.1583,1144.2448,164.60474,115.96569,99.20936,MY13
2025-01-11,1,1904,MY15,416,250.08173,100.32837,437.75482,515.87787,2295.0552,1833.3256,242.17761,85.00166,125.11686,MY15
2025-01-11,1,1903,MY17,254,86.8937,62.917454,258.32678,239.52126,1011.6063,937.1676,135.30205,107.69075,107.900795,MY17
2025-01-21,1,1891,MY01,622,99.46624,93.333336,436.31995,276.42346,1084.5386,910.567,106.236855,156.81705,119.00151,MY01
2025-01-21,1,1892,MY02,290,47.07931,35.21701,152.6931,101.1223,784.7862,559.12036,129.49573,148.59563,140.00313,MY02
2025-01-21,1,1893,MY03,485,180.88042,83.37615,416.54227,262.15527,1803.4722,1254.7751,210.3287,157.78925,143.55515,MY03
2025-01-21,1,1894,MY04,9,64.44444,76.02963,231.66667,212.71852,870.6667,790.22595,85.70253,108.70306,110.115456,MY04
2025-01-21,1,37336,MY05,5,191.8,71.62667,383.0,227.98666,1004.2,913.14667,256.82965,166.53314,109.91708,MY05
2025-01-21,1,1895,MY06,53,27.830189,35.906918,128.45282,113.40503,581.01886,569.14716,80.25584,112.70875,102.06771,MY06
2025-01-21,1,1896,MY07,217,36.658985,46.159447,151.82489,151.00307,754.97235,723.70984,81.4297,100.526794,104.290115,MY07
2025-01-21,1,1897,MY08,1182,91.77073,79.289116,279.85788,262.58936,1379.8275,1124.4325,114.8081,106.45337,122.61269,MY08
2025-01-21,1,1898,MY09,672,103.89881,68.078224,246.96579,193.97792,1054.8661,821.1684,149.01677,126.63002,128.28693,MY09
2025-01-21,1,1899,MY10,42,17.642857,16.875397,85.71428,56.5,548.1429,403.3635,103.50833,147.50288,135.45355,MY10
2025-01-21,1,1900,MY11,31,41.258064,42.0129,101.58064,113.212906,563.5484,523.0882,98.39441,90.159904,107.661644,MY11
2025-01-21,1,1901,MY12,2407,203.18861,86.808975,443.00748,272.829,1109.0016,827.4408,226.76282,161.25294,133.82353,MY12
2025-01-21,1,1902,MY13,4031,321.57605,138.74223,681.44653,398.73044,1383.8353,1156.1351,227.19562,170.02596,119.610146,MY13
2025-01-21,1,1904,MY15,416,160.45433,100.6597,469.4856,354.04865,2390.9397,1785.6006,156.59172,132.15079,133.80647,MY15
2025-01-21,1,1903,MY17,254,60.92126,72.07441,224.66536,212.01797,1016.5039,896.6214,85.52938,105.827805,113.29633,MY17
2025-02-01,1,1891,MY01,622,28.615755,47.915485,381.209,224.09239,1012.1094,867.04315,63.527252,168.58221,116.635216,MY01
2025-02-01,1,1892,MY02,290,4.158621,23.372068,135.6793,87.6792,639.62067,488.11334,32.28041,151.79167,130.72464,MY02
2025-02-01,1,1893,MY03,485,8.441237,27.661375,377.88245,182.06378,1627.433,1139.8756,41.15331,204.68016,142.58606,MY03
2025-02-01,1,1894,MY04,9,25.777779,60.72963,179.77777,199.53333,806.8889,737.7074,46.824818,90.341156,109.31477,MY04
2025-02-01,1,37336,MY05,5,134.4,47.48,409.0,194.13333,1055.6,836.67334,265.625,207.90091,126.01088,MY05
2025-02-01,1,1895,MY06,53,7.3584905,31.66415,103.679245,102.777985,518.283,521.5383,33.707283,100.83622,99.38175,MY06
2025-02-01,1,1896,MY07,217,12.138248,36.584946,120.188934,129.65085,668.4839,663.7401,41.212627,92.973,100.70936,MY07
2025-02-01,1,1897,MY08,1182,9.698815,44.38494,237.68613,203.20332,1259.6024,1049.7896,29.763762,116.56208,119.89144,MY08
2025-02-01,1,1898,MY09,672,10.930059,39.38651,196.19345,162.8558,933.5923,750.56744,35.889416,119.860886,124.223495,MY09
2025-02-01,1,1899,MY10,42,4.7619047,11.595238,84.57143,44.074604,454.52377,332.28888,58.823532,182.52094,136.24042,MY10
2025-02-01,1,1900,MY11,31,4.16129,32.731182,73.0,105.10753,498.87097,467.8344,24.280422,70.83984,106.563934,MY11
2025-02-01,1,1901,MY12,2407,179.79643,85.9525,526.2796,263.56702,1197.0764,825.30426,203.17905,197.82013,144.77542,MY12
2025-02-01,1,1902,MY13,4031,180.08955,116.49151,713.845,382.17368,1461.2751,1156.2256,152.34773,185.66473,126.26962,MY13
2025-02-01,1,1904,MY15,416,14.305288,34.4,424.84137,235.38806,2216.5046,1619.6406,48.99819,178.81145,136.73822,MY15
2025-02-01,1,1903,MY17,254,17.984251,51.30761,165.79921,186.29947,926.41345,812.93884,40.819084,89.28368,113.873245,MY17
2025-02-11,1,1891,MY01,622,43.186497,37.718487,171.2685,178.96732,931.40845,810.7472,112.800095,95.81512,114.791504,MY01
2025-02-11,1,1892,MY02,290,52.348274,37.9677,103.586205,96.556786,593.0517,435.2999,133.46832,106.92166,135.82826,MY02
2025-02-11,1,1893,MY03,485,73.552574,39.27237,262.87424,150.3099,1467.2722,1027.1053,177.43025,172.47723,142.64748,MY03
2025-02-11,1,1894,MY04,9,108.666664,60.64074,198.88889,197.4,780.8889,689.4482,173.16481,100.73562,113.1674,MY04
2025-02-11,1,37336,MY05,5,78.0,42.886665,404.2,161.99333,1073.0,755.4267,173.32591,245.03972,141.76251,MY05
2025-02-11,1,1895,MY06,53,38.792454,33.872326,73.98113,101.4434,443.4717,470.71823,112.65715,74.20013,94.272545,MY06
2025-02-11,1,1896,MY07,217,48.48387,34.02673,97.281105,116.77112,581.3733,599.3653,137.0442,83.99455,97.022995,MY07
2025-02-11,1,1897,MY08,1182,60.658207,35.62442,162.12775,159.29848,1122.5635,966.7734,161.6225,101.72202,116.031525,MY08
2025-02-11,1,1898,MY09,672,86.75893,50.67262,201.5878,158.13734,869.4107,689.39044,164.81877,126.63428,125.924934,MY09
2025-02-11,1,1899,MY10,42,21.071428,20.009523,43.47619,48.48016,383.3333,276.06668,104.245995,90.64331,138.16412,MY10
2025-02-11,1,1900,MY11,31,79.741936,48.749462,125.161285,123.493546,483.64517,428.92365,157.661,101.29791,112.61086,MY11
2025-02-11,1,1901,MY12,2407,117.13377,83.10173,500.11884,255.8632,1265.6688,826.5783,138.62813,193.63359,152.80206,MY12
2025-02-11,1,1902,MY13,4031,132.06425,111.43038,633.72986,366.66412,1498.2163,1143.2156,117.72207,171.85675,130.9176,MY13
2025-02-11,1,1904,MY15,416,30.504808,43.64367,205.26442,178.70337,1930.9158,1459.5908,72.98957,114.45867,132.18134,MY15
2025-02-11,1,1903,MY17,254,87.12992,51.848164,166.03543,175.23018,825.06696,728.1035,162.06314,94.89833,113.22644,MY17
2025-02-21,1,1891,MY01,622,48.81833,31.283012,120.62058,116.916985,790.02747,752.45807,148.32927,103.037796,104.95993,MY01
2025-02-21,1,1892,MY02,290,56.289654,30.14862,112.796555,91.48839,389.2724,380.64804,174.37285,122.083664,102.23633,MY02
2025-02-21,1,1893,MY03,485,80.92989,36.91072,162.9237,103.84447,1025.6268,914.7802,205.03082,154.2786,112.05143,MY03
2025-02-21,1,1894,MY04,9,125.111115,57.477776,259.55554,178.84814,699.44446,644.93335,208.25183,143.89894,108.387184,MY04
2025-02-21,1,37336,MY05,5,87.2,30.04,299.59998,120.40667,1071.9999,669.62,263.12784,242.88976,159.64542,MY05
2025-02-21,1,1895,MY06,53,83.64151,34.131447,129.79245,99.66792,381.07547,431.7547,226.52245,128.78105,88.39641,MY06
2025-02-21,1,1896,MY07,217,80.963135,32.873577,141.58525,103.48525,477.34106,540.5178,226.97389,135.11998,88.41894,MY07
2025-02-21,1,1897,MY08,1182,51.940777,32.78522,122.297806,112.794586,856.9771,873.82434,150.69589,108.06762,98.082985,MY08
2025-02-21,1,1898,MY09,672,76.84226,43.837353,174.53125,133.89648,680.2262,623.81976,167.58128,129.25543,108.9702,MY09
2025-02-21,1,1899,MY10,42,39.214287,17.827778,65.04762,49.43254,228.7143,226.13809,193.68634,128.68704,101.11457,MY10
2025-02-21,1,1900,MY11,31,91.0,36.13871,174.90323,117.619354,390.7097,380.27957,233.35686,146.71683,102.70716,MY11
2025-02-21,1,1901,MY12,2407,178.0191,59.6462,474.9493,228.70042,1317.3181,802.2227,283.10886,205.36948,163.8108,MY12
2025-02-21,1,1902,MY13,4031,108.02059,85.76123,420.1744,313.68314,1468.2931,1109.2164,124.52519,133.41603,132.22684,MY13
2025-02-21,1,1904,MY15,416,32.70673,39.646553,77.51683,117.69022,1284.435,1286.3788,84.45608,67.25624,99.84949,MY15
2025-02-21,1,1903,MY17,254,101.58268,48.08819,206.69685,151.24396,674.70874,647.5955,200.76535,135.49123,104.15467,MY17
2025-03-01,1,1891,MY01,622,63.33923,53.97701,155.34406,122.97851,792.97437,684.9671,115.87436,125.28983,115.65397,MY01
2025-03-01,1,1892,MY02,290,77.33793,48.941265,185.97586,117.05759,417.04825,356.88794,152.64366,156.46375,116.62402,MY02
2025-03-01,1,1893,MY03,485,24.515465,48.551823,178.99792,124.73492,855.9154,771.5654,55.115707,141.82605,110.86193,MY03
2025-03-01,1,1894,MY04,9,63.666668,64.35555,297.44443,182.47408,674.2222,625.4667,99.006744,161.326,107.733246,MY04
2025-03-01,1,37336,MY05,5,127.8,33.64,293.0,106.566666,1157.6,596.34,343.6853,267.10486,193.33488,MY05
2025-03-01,1,1895,MY06,53,52.207546,44.93962,174.64151,112.9434,403.03775,398.29245,114.55343,152.31163,101.17664,MY06
2025-03-01,1,1896,MY07,217,41.21659,48.582336,170.6636,115.48264,449.10135,488.34116,86.2534,145.79993,92.04611,MY07
2025-03-01,1,1897,MY08,1182,21.401014,48.703724,134.0,117.113365,686.17596,752.314,49.160492,113.82866,91.266754,MY08
2025-03-01,1,1898,MY09,672,75.57887,63.67862,239.18007,158.18858,651.7619,583.31946,117.32745,149.6306,111.63355,MY09
2025-03-01,1,1899,MY10,42,56.761906,35.734127,117.04762,73.57143,258.40475,209.00952,151.62202,155.33334,123.080864,MY10
2025-03-01,1,1900,MY11,31,77.548386,53.53871,248.29033,138.42688,417.03223,378.05267,141.01505,176.59894,110.176025,MY11
2025-03-01,1,1901,MY12,2407,166.04529,65.63948,461.19818,208.3874,1394.8749,771.5111,242.13837,218.47504,180.2775,MY12
2025-03-01,1,1902,MY13,4031,147.3808,97.78273,387.46564,294.97433,1527.178,1076.7216,148.25525,130.83308,141.64255,MY13
2025-03-01,1,1904,MY15,416,8.59375,43.607533,71.80529,126.89776,937.0529,1052.0726,27.966345,58.230927,89.11903,MY15
2025-03-01,1,1903,MY17,254,61.88189,57.666534,250.59448,157.60289,642.8229,607.46655,106.72665,157.18938,105.77278,MY17
2025-03-11,1,1891,MY01,622,81.97588,54.053535,194.13345,139.31355,790.0258,630.8956,147.28311,137.98666,125.02458,MY01
2025-03-11,1,1892,MY02,290,65.3069,56.3977,198.93448,135.48758,431.43103,353.0283,114.51064,145.16193,121.898476,MY02
2025-03-11,1,1893,MY03,485,36.251545,54.274982,141.6969,139.73753,719.4123,646.1622,69.59352,101.353745,111.24914,MY03
2025-03-11,1,1894,MY04,9,52.333332,67.422226,241.11111,189.25555,688.3333,616.1222,79.16538,126.6945,111.62591,MY04
2025-03-11,1,37336,MY05,5,48.8,35.36,263.8,99.04,1031.4,534.4267,133.3003,258.36215,192.12991,MY05
2025-03-11,1,1895,MY06,53,50.09434,49.16604,185.9434,128.2371,415.32074,380.57422,101.71381,143.31097,109.01163,MY06
2025-03-11,1,1896,MY07,217,46.875576,49.962673,169.0553,131.41858,452.27188,451.41953,94.38328,127.58914,100.18675,MY07
2025-03-11,1,1897,MY08,1182,35.521152,48.266552,108.862946,129.7555,618.7699,642.1228,76.07241,84.49596,96.39127,MY08
2025-03-11,1,1898,MY09,672,54.69643,69.668205,207.11757,177.18417,619.62054,560.41534,79.94893,116.4303,110.47109,MY09
2025-03-11,1,1899,MY10,42,68.71429,42.246826,164.69049,95.80873,287.2619,214.32777,156.01956,168.32916,133.25348,MY10
2025-03-11,1,1900,MY11,31,53.51613,57.896774,222.06451,147.57419,432.83868,387.5957,93.03518,148.82237,111.52407,MY11
2025-03-11,1,1901,MY12,2407,107.99086,70.492424,452.05524,195.7781,1374.0847,744.22485,149.67178,227.64197,184.0682,MY12
2025-03-11,1,1902,MY13,4031,152.56363,107.51873,407.96503,291.06268,1519.7797,1069.3025,140.03325,139.48567,141.93205,MY13
2025-03-11,1,1904,MY15,416,29.057692,46.1887,70.35817,129.44278,713.37744,824.02405,66.533615,56.052227,86.65339,MY15
2025-03-11,1,1903,MY17,254,51.307087,62.30643,214.77165,168.06116,639.13385,582.8126,83.65782,126.990746,109.5815,MY17
2025-03-21,1,1891,MY01,622,90.691315,71.5336,236.00642,179.56415,792.947,572.9046,125.03177,130.58139,138.07591,MY01
2025-03-21,1,1892,MY02,290,93.78621,108.64667,236.43105,213.98563,501.92065,406.5963,86.92398,110.249725,123.15967,MY02
2025-03-21,1,1893,MY03,485,55.152576,87.73223,115.919586,190.55904,695.3855,556.5588,64.86695,61.83278,124.72167,MY03
2025-03-21,1,1894,MY04,9,80.22222,105.022224,196.22223,236.8,687.44446,628.36664,77.4591,83.21845,109.32759,MY04
2025-03-21,1,37336,MY05,5,55.4,51.226665,232.0,120.22667,914.60004,468.62,107.42234,189.2568,194.16411,MY05
2025-03-21,1,1895,MY06,53,71.169815,67.32013,173.47171,161.42578,431.71698,374.49875,105.32311,107.23802,115.07732,MY06
2025-03-21,1,1896,MY07,217,70.986176,71.83978,159.07834,170.3848,452.4885,424.8731,98.88911,93.55334,106.42408,MY07
2025-03-21,1,1897,MY08,1182,59.913704,70.36802,116.83587,167.3383,518.9915,542.7222,86.12898,70.695755,95.66738,MY08
2025-03-21,1,1898,MY09,672,90.1369,110.57857,220.4122,243.9254,641.90924,571.7998,82.31362,90.554115,112.1549,MY09
2025-03-21,1,1899,MY10,42,73.38095,87.269844,198.85715,165.2508,349.61905,271.18332,84.947525,119.73932,128.39989,MY10
2025-03-21,1,1900,MY11,31,70.03226,103.42258,201.09677,214.85806,477.58066,445.69034,69.20354,93.74083,107.07588,MY11
2025-03-21,1,1901,MY12,2407,135.52098,88.658165,409.55713,224.79007,1327.5139,726.3195,150.03601,180.40689,182.2068,MY12
2025-03-21,1,1902,MY13,4031,128.69487,128.29604,428.63928,333.5975,1530.2601,1046.0111,100.29922,128.06924,146.07458,MY13
2025-03-21,1,1904,MY15,416,24.564903,73.352486,62.216347,163.14871,609.21875,634.8876,37.733204,39.974342,95.98854,MY15
2025-03-21,1,1903,MY17,254,82.062996,94.027954,195.25198,214.00092,626.6142,577.2629,87.917595,91.43888,108.475784,MY17
2025-04-01,1,1891,MY01,622,114.35531,63.43151,287.02252,189.01865,823.5755,536.08954,174.41573,150.51262,153.13094,MY01
2025-04-01,1,1892,MY02,290,102.53793,75.855286,261.63104,240.89966,583.28625,445.63644,133.00049,108.430824,130.54564,MY02
2025-04-01,1,1893,MY03,485,144.15463,50.8367,235.55875,192.84392,792.4391,499.6426,267.12653,121.590164,158.02057,MY03
2025-04-01,1,1894,MY04,9,167.66667,87.91482,300.22223,260.35925,777.44446,642.36664,185.8333,115.02226,120.86574,MY04
2025-04-01,1,37336,MY05,5,66.0,66.7,170.2,153.28667,872.2,453.98666,99.02371,110.68526,191.11667,MY05
2025-04-01,1,1895,MY06,53,103.13207,61.374844,224.39624,177.86101,502.71698,393.5824,162.91121,125.44842,127.380684,MY06
2025-04-01,1,1896,MY07,217,130.47005,63.320583,248.3318,185.12305,539.1843,430.25653,198.28583,133.24623,125.026115,MY07
2025-04-01,1,1897,MY08,1182,146.0516,56.97307,241.48647,175.60764,613.17255,495.92435,243.7375,136.47621,123.40637,MY08
2025-04-01,1,1898,MY09,672,154.561,84.50119,299.39435,264.74796,734.76794,585.79236,178.27808,112.843994,125.21623,MY09
2025-04-01,1,1899,MY10,42,87.54762,61.23254,229.64287,190.7492,431.2619,308.39523,139.73135,119.869125,139.20503,MY10
2025-04-01,1,1900,MY11,31,116.58064,76.80968,240.12903,238.12903,561.4194,481.66345,148.61401,100.8226,116.388306,MY11
2025-04-01,1,1901,MY12,2407,62.937683,59.38622,306.44952,218.5368,1293.9272,690.4913,105.515884,139.32808,186.76399,MY12
2025-04-01,1,1902,MY13,4031,136.19374,105.04043,417.4522,340.8552,1518.7627,1018.0032,128.31079,122.14713,148.94995,MY13
2025-04-01,1,1904,MY15,416,137.99759,38.73838,191.62018,158.27957,688.26685,520.56537,326.93848,120.419334,131.90877,MY15
2025-04-01,1,1903,MY17,254,156.02362,80.4815,289.3937,236.81589,705.7874,580.71826,188.37248,121.74292,121.35313,MY17
2025-04-11,1,1891,MY01,622,103.42122,63.119667,308.46783,198.08478,673.86975,516.36566,159.16287,154.3532,130.20992,MY01
2025-04-11,1,1892,MY02,290,96.63793,82.64724,292.96207,267.1492,595.4827,499.19357,115.96251,109.484825,119.09765,MY02
2025-04-11,1,1893,MY03,485,68.356705,51.60048,267.6639,190.16942,672.2351,480.21683,129.60439,139.70627,139.5737,MY03
2025-04-11,1,1894,MY04,9,137.88889,83.54074,385.77777,276.47778,825.77783,663.1333,161.38208,138.83076,124.343124,MY04
2025-04-11,1,37336,MY05,5,54.8,72.52,176.2,190.44667,844.2,451.48,77.14139,92.71071,186.03224,MY05
2025-04-11,1,1895,MY06,53,118.830185,57.52956,293.13208,186.22453,553.05664,415.90503,198.03464,155.90681,132.58493,MY06
2025-04-11,1,1896,MY07,217,100.58986,60.333027,302.04608,195.4934,568.38245,443.6831,161.6179,153.14525,127.7923,MY07
2025-04-11,1,1897,MY08,1182,78.42386,53.17992,284.38916,180.52101,555.3799,469.57498,143.38943,155.98727,118.08037,MY08
2025-04-11,1,1898,MY09,672,110.03125,79.67842,354.72916,274.75818,763.4345,610.0797,135.84483,128.58575,124.9325,MY09
2025-04-11,1,1899,MY10,42,93.95238,67.274605,254.88095,215.77698,463.0476,360.0659,136.91168,117.71198,128.20908,MY10
2025-04-11,1,1900,MY11,31,89.129036,76.553764,275.74194,256.786,622.9677,527.85376,115.41962,107.241,117.84992,MY11
2025-04-11,1,1901,MY12,2407,55.64562,64.69916,254.10428,212.74355,1206.2784,664.3848,87.010544,118.995155,180.95398,MY12
2025-04-11,1,1902,MY13,4031,103.95808,98.841194,368.84668,332.17767,1410.5415,989.9045,104.9276,110.875275,142.27913,MY13
2025-04-11,1,1904,MY15,416,48.629807,37.471153,211.1923,149.56203,486.81488,457.70816,126.27349,139.87413,106.29052,MY15
2025-04-11,1,1903,MY17,254,128.75984,75.44948,366.84644,249.95892,747.6535,593.25024,166.26564,145.84563,125.80914,MY17
2025-04-21,1,1891,MY01,622,95.017685,74.879364,312.7942,201.43054,669.42126,497.91168,125.210915,153.94727,134.10332,MY01
2025-04-21,1,1892,MY02,290,74.84138,94.02793,274.01724,252.53046,623.2448,558.00446,80.625114,108.3434,111.58789,MY02
2025-04-21,1,1893,MY03,485,52.632988,60.419037,265.14432,162.85622,543.9876,457.2597,88.09819,160.93793,118.761734,MY03
2025-04-21,1,1894,MY04,9,101.22222,101.5963,406.77777,273.05185,862.5556,688.7,99.64907,148.09387,125.06207,MY04
2025-04-21,1,37336,MY05,5,144.2,75.62,265.0,214.84,796.6,455.47333,185.06573,122.8166,174.08174,MY05
2025-04-21,1,1895,MY06,53,97.18868,74.038994,319.15094,192.94339,622.4151,454.0371,129.28894,163.75941,136.6807,MY06
2025-04-21,1,1896,MY07,217,92.77419,75.1808,323.8341,198.83441,624.4977,472.70444,121.942154,161.32414,131.77556,MY07
2025-04-21,1,1897,MY08,1182,87.69374,66.1976,312.1692,176.35059,551.30286,456.48346,130.19221,174.89284,120.54665,MY08
2025-04-21,1,1898,MY09,672,78.010414,94.073265,342.60266,258.25287,737.54614,636.07477,83.786896,132.04135,115.82832,MY09
2025-04-21,1,1899,MY10,42,60.666668,78.930954,242.16667,207.4381,506.07144,422.12143,78.23892,116.347626,119.65483,MY10
2025-04-21,1,1900,MY11,31,49.258064,89.59785,254.96774,242.96129,630.9677,575.4387,57.356556,104.842064,109.56673,MY11
2025-04-21,1,1901,MY12,2407,84.006645,66.917145,202.58994,191.00252,1087.0964,644.49304,123.762764,105.91187,168.14598,MY12
2025-04-21,1,1902,MY13,4031,110.13545,105.20747,350.2873,309.0891,1199.101,956.3697,104.47155,113.116714,125.24848,MY13
2025-04-21,1,1904,MY15,416,56.01202,46.56338,242.63942,122.77292,382.37262,403.61185,118.32432,193.81213,94.8021,MY15
2025-04-21,1,1903,MY17,254,93.468506,91.92585,378.25195,247.85683,780.20074,613.1017,101.59158,151.56876,127.03423,MY17
2025-05-01,1,1891,MY01,622,79.167206,65.522934,277.6061,203.52197,719.97266,515.5191,119.34729,135.52821,139.27878,MY01
2025-05-01,1,1892,MY02,290,96.45172,88.571266,267.93103,265.24643,715.5379,623.2037,108.421875,100.99339,114.698135,MY02
2025-05-01,1,1893,MY03,485,118.11134,71.053406,239.10104,183.07292,653.6577,500.65176,161.87485,129.79063,130.25916,MY03
2025-05-01,1,1894,MY04,9,67.44444,69.118515,306.55554,254.25555,904.2222,697.08887,97.741356,120.17314,129.50244,MY04
2025-05-01,1,37336,MY05,5,33.4,91.026665,232.4,239.16667,695.60004,499.02002,39.98889,97.22866,139.00241,MY05
2025-05-01,1,1895,MY06,53,59.45283,61.83522,275.47168,193.40378,674.5094,484.20816,96.43543,141.36409,138.89986,MY06
2025-05-01,1,1896,MY07,217,76.18433,65.49462,269.54837,201.00845,688.54376,501.61414,115.16387,133.27045,136.89783,MY07
2025-05-01,1,1897,MY08,1182,99.269035,66.59371,265.38663,185.97124,640.8731,478.69226,145.63994,141.585,133.52975,MY08
2025-05-01,1,1898,MY09,672,87.31845,85.6753,275.3601,259.42697,813.9346,682.3635,101.812126,106.02553,119.14141,MY09
2025-05-01,1,1899,MY10,42,56.238094,81.96587,210.85715,228.17143,557.5476,492.49207,70.41624,92.57444,113.0767,MY10
2025-05-01,1,1900,MY11,31,66.77419,78.27312,205.16129,244.42473,693.5806,620.98065,86.191315,84.2584,111.5978,MY11
2025-05-01,1,1901,MY12,2407,83.741585,78.25279,223.39386,209.8691,991.04156,636.79333,106.59292,106.29442,155.19662,MY12
2025-05-01,1,1902,MY13,4031,88.945175,106.98723,303.0387,311.0359,1107.9565,946.8654,83.88918,97.469536,116.92373,MY13
2025-05-01,1,1904,MY15,416,121.69952,55.498158,226.34134,139.5327,489.76685,424.71002,209.42706,160.06158,115.1397,MY15
2025-05-01,1,1903,MY17,254,65.35827,71.333466,287.5866,238.70879,827.57477,633.12756,92.17225,120.05583,130.47153,MY17
2025-05-11,1,1891,MY01,622,74.51286,60.239174,248.69775,200.64148,751.29913,538.0398,121.87902,123.36896,139.27141,MY01
2025-05-11,1,1892,MY02,290,87.95172,86.15471,259.2448,268.7539,751.1414,671.3907,101.97139,96.526405,111.790634,MY02
2025-05-11,1,1893,MY03,485,88.91753,78.602615,259.66187,210.07504,669.02264,539.982,112.33802,123.05559,123.67797,MY03
2025-05-11,1,1894,MY04,9,95.0,67.18519,263.66666,237.9,890.5556,703.6333,138.53258,110.60793,126.37785,MY04
2025-05-11,1,37336,MY05,5,63.6,90.55333,241.20001,257.2,681.19995,546.6867,71.79237,93.89779,124.38217,MY05
2025-05-11,1,1895,MY06,53,57.490566,52.604404,214.13208,188.47862,693.2075,502.94025,108.48227,113.25906,137.4586,MY06
2025-05-11,1,1896,MY07,217,73.10138,62.936253,242.0599,203.61168,713.16125,530.5236,114.962746,118.43052,134.1045,MY07
2025-05-11,1,1897,MY08,1182,87.91709,70.69693,274.87985,203.48824,668.132,513.7648,122.748825,134.24251,129.75668,MY08
2025-05-11,1,1898,MY09,672,112.38244,86.511604,277.7113,266.26016,839.558,718.2025,128.27055,104.221466,116.7803,MY09
2025-05-11,1,1899,MY10,42,88.54762,79.03968,205.4524,239.93651,625.0238,551.5222,111.31363,85.9212,113.207306,MY10
2025-05-11,1,1900,MY11,31,87.41936,76.70107,203.45161,244.57205,701.25806,648.93225,113.1189,83.52362,108.001724,MY11
2025-05-11,1,1901,MY12,2407,84.57499,89.18443,252.32321,234.35437,958.4828,642.87604,95.10594,107.50722,148.71407,MY12
2025-05-11,1,1902,MY13,4031,71.63235,92.38413,270.71298,304.57883,1047.5247,927.8192,78.69079,89.06067,112.83266,MY13
2025-05-11,1,1904,MY15,416,71.46635,64.30168,249.17789,166.36322,530.7284,445.36804,110.33836,148.32698,118.95347,MY15
2025-05-11,1,1903,MY17,254,88.937004,69.94921,247.7638,233.20853,829.3819,651.2286,125.33421,106.11031,127.148056,MY17
2025-05-21,1,1891,MY01,622,66.086815,64.674065,219.76688,190.43617,768.56757,571.43085,102.02766,115.00782,134.19955,MY01
2025-05-21,1,1892,MY02,290,115.47931,89.738045,299.88275,264.46402,810.33105,730.9801,127.17099,113.144135,110.78167,MY02
2025-05-21,1,1893,MY03,485,157.98145,85.12997,365.0103,234.78598,746.0742,588.20123,180.82936,154.30856,126.61374,MY03
2025-05-21,1,1894,MY04,9,58.0,65.92593,220.44444,202.22963,823.44446,712.0815,88.825066,108.78967,115.53003,MY04
2025-05-21,1,37336,MY05,5,81.2,97.14667,178.2,278.72665,675.2,613.79333,84.38846,64.56918,109.923615,MY05
2025-05-21,1,1895,MY06,53,58.226414,63.36541,175.16982,177.80504,667.7925,532.1742,92.48305,98.55845,125.246605,MY06
2025-05-21,1,1896,MY07,217,72.622116,65.343475,221.90782,193.77435,704.8203,562.9935,110.34728,114.153465,124.969795,MY07
2025-05-21,1,1897,MY08,1182,111.816414,76.74769,299.00253,214.03833,728.0076,557.72723,142.89874,138.78966,130.25984,MY08
2025-05-21,1,1898,MY09,672,94.97024,93.11404,294.67114,265.30093,857.68604,767.4792,101.891884,110.865746,111.677574,MY09
2025-05-21,1,1899,MY10,42,69.57143,79.9119,214.35715,240.91747,655.381,613.6063,87.82211,89.1995,106.75303,MY10
2025-05-21,1,1900,MY11,31,69.22581,79.72473,223.41934,234.69893,679.4839,692.51825,87.60819,95.294266,98.131325,MY11
2025-05-21,1,1901,MY12,2407,113.700455,82.53491,282.01703,249.97214,894.1641,665.7647,135.60356,112.56799,134.0506,MY12
2025-05-21,1,1902,MY13,4031,89.14438,98.90276,249.7219,298.2741,1028.6484,940.9607,90.608154,83.990654,109.2697,MY13
2025-05-21,1,1904,MY15,416,164.69711,73.64279,357.86298,193.44263,662.71875,479.36426,215.78217,182.85536,137.85468,MY15
2025-05-21,1,1903,MY17,254,62.818897,70.72913,217.11417,212.01181,790.61816,673.86957,89.55456,102.35119,117.1975,MY17
2025-06-01,1,1891,MY01,622,46.974277,56.38703,187.57394,181.30026,752.20264,573.8409,84.66654,103.36751,130.81361,MY01
2025-06-01,1,1892,MY02,290,120.296555,71.42195,323.7276,247.31471,853.2897,753.4608,163.95361,130.28474,113.162025,MY02
2025-06-01,1,1893,MY03,485,96.047424,59.891685,342.9464,223.62425,817.6062,599.5411,155.71706,152.19139,136.07118,MY03
2025-06-01,1,1894,MY04,9,57.555557,53.974075,210.55556,187.08519,817.3333,701.7,106.072975,112.21873,116.36243,MY04
2025-06-01,1,37336,MY05,5,55.0,98.28667,199.79999,285.98666,602.4,678.44,58.09075,70.38123,88.87393,MY05
2025-06-01,1,1895,MY06,53,45.4717,53.401257,161.18867,169.37106,661.05664,540.63586,86.42228,95.30749,122.06981,MY06
2025-06-01,1,1896,MY07,217,43.036865,47.51321,188.76036,175.79294,706.64056,561.92444,91.47577,107.17252,125.52652,MY07
2025-06-01,1,1897,MY08,1182,60.779186,52.93948,260.5127,200.3841,767.3858,561.96295,113.53086,129.27617,136.23215,MY08
2025-06-01,1,1898,MY09,672,79.770836,59.183186,287.1235,238.80884,861.8779,762.98376,132.0764,119.81661,112.87712,MY09
2025-06-01,1,1899,MY10,42,119.45238,79.06032,277.5714,238.0119,718.0714,656.93256,148.05128,116.27884,109.23642,MY10
2025-06-01,1,1900,MY11,31,91.32258,57.080647,247.96774,213.50645,693.25806,696.06024,155.15717,115.77129,99.60029,MY11
2025-06-01,1,1901,MY12,2407,71.376816,72.0851,269.65228,243.80444,799.49567,672.2103,99.08117,110.38882,118.79554,MY12
2025-06-01,1,1902,MY13,4031,73.35947,89.24285,234.1362,280.52975,954.6271,932.42084,83.146324,83.75176,102.368866,MY13
2025-06-01,1,1904,MY15,416,101.15865,54.614502,337.3221,192.55898,755.2836,490.37122,178.07523,173.27591,153.47755,MY15
2025-06-01,1,1903,MY17,254,65.661415,52.30656,217.41733,192.98491,794.3977,668.5096,123.30424,112.340546,118.69136,MY17
2025-06-11,1,1891,MY01,622,31.205788,46.796677,144.26688,167.85777,701.4325,566.58405,69.899826,86.352425,123.59206,MY01
2025-06-11,1,1892,MY02,290,80.22414,68.31609,316.0,229.47609,868.2069,765.3792,116.242065,136.90096,113.34767,MY02
2025-06-11,1,1893,MY03,485,58.13402,60.65677,312.1629,205.67842,839.4887,605.9229,96.15768,150.54361,138.23163,MY03
2025-06-11,1,1894,MY04,9,28.444445,37.377777,144.0,157.27777,793.44446,671.6556,78.91977,91.81787,117.99865,MY04
2025-06-11,1,37336,MY05,5,67.6,89.566666,203.79999,285.0,621.19995,732.64667,76.77123,72.0,84.89159,MY05
2025-06-11,1,1895,MY06,53,37.018867,39.643394,140.71698,156.41006,647.98114,531.1132,94.12113,90.277504,121.79911,MY06
2025-06-11,1,1896,MY07,217,34.898617,33.675114,150.5576,146.5318,694.6636,545.63684,103.16354,102.65673,127.06443,MY07
2025-06-11,1,1897,MY08,1182,43.84687,45.69467,216.44247,175.38184,775.7115,559.39105,96.35504,122.76318,138.32811,MY08
2025-06-11,1,1898,MY09,672,43.938988,51.68735,218.68005,203.98457,851.1204,745.0029,86.331406,107.031845,114.14894,MY09
2025-06-11,1,1899,MY10,42,81.09524,75.69444,270.11905,234.66667,730.45233,690.3802,106.6929,114.79237,105.76263,MY10
2025-06-11,1,1900,MY11,31,58.677418,49.230106,219.2258,186.03548,698.4194,687.39355,117.42079,117.37391,101.59242,MY11
2025-06-11,1,1901,MY12,2407,85.31076,71.30271,270.38803,225.92273,776.81555,673.0206,118.35852,119.25549,115.308525,MY12
2025-06-11,1,1902,MY13,4031,91.57455,70.809525,254.0784,258.95514,893.638,895.7117,127.39105,98.152435,99.769775,MY13
2025-06-11,1,1904,MY15,416,54.923077,58.06298,320.77884,186.32028,781.149,502.2455,95.021,170.2793,154.98393,MY15
2025-06-11,1,1903,MY17,254,31.937008,36.95722,160.41733,159.99292,775.0276,643.16034,88.03493,100.25723,120.34486,MY17
2025-06-21,1,1891,MY01,622,36.025723,45.842712,114.205795,149.02643,646.76685,540.8931,80.69145,77.39308,119.39459,MY01
2025-06-21,1,1892,MY02,290,50.982758,60.4177,251.50345,200.15575,825.40344,717.1502,85.57738,125.02865,114.9904,MY02
2025-06-21,1,1893,MY03,485,59.496906,58.909416,213.67834,179.45787,843.833,577.1001,100.91925,118.551926,145.82251,MY03
2025-06-21,1,1894,MY04,9,15.666667,44.51852,101.666664,135.87038,728.8889,611.15186,41.73523,75.71973,119.10845,MY04
2025-06-21,1,37336,MY05,5,32.2,84.72,154.8,272.57333,598.0,766.14,41.462326,57.570374,78.195915,MY05
2025-06-21,1,1895,MY06,53,29.26415,45.450314,111.75472,138.49496,606.07544,509.2434,67.91663,81.36503,118.83,MY06
2025-06-21,1,1896,MY07,217,24.557604,40.85914,102.49309,122.04746,648.23505,514.6562,64.45303,84.60861,125.705246,MY07
2025-06-21,1,1897,MY08,1182,36.740273,50.091568,141.36633,148.72572,752.5381,539.1146,75.76527,95.21265,139.224,MY08
2025-06-21,1,1898,MY09,672,45.50595,52.045338,169.21577,162.91588,806.4895,686.46967,88.53651,103.751816,117.35721,MY09
2025-06-21,1,1899,MY10,42,28.761906,67.82143,229.30951,222.57619,685.8333,670.93176,46.3626,102.95872,102.2046,MY10
2025-06-21,1,1900,MY11,31,43.032257,51.253765,193.03226,157.56451,671.41943,635.22473,85.384964,121.817635,105.65344,MY11
2025-06-21,1,1901,MY12,2407,63.762775,73.26457,220.45035,216.65239,705.0573,657.6271,87.85938,101.71348,107.15791,MY12
2025-06-21,1,1902,MY13,4031,59.13694,71.88146,224.07095,231.93384,824.08014,839.29706,83.42316,96.6814,98.19768,MY13
2025-06-21,1,1904,MY15,416,50.31971,56.46843,206.40143,169.14592,806.9038,485.36145,89.99695,121.39327,165.57253,MY15
2025-06-21,1,1903,MY17,254,21.094488,43.775196,118.69291,133.03897,714.0591,592.9076,53.4995,89.60724,120.26257,MY17
2025-07-01,1,1891,MY01,622,35.44534,60.187515,102.67685,152.8269,567.8569,537.6492,62.04461,68.22465,105.5667,MY01
2025-07-01,1,1892,MY02,290,27.293104,69.09046,158.5,197.82425,750.15857,710.3854,43.586052,80.611664,105.559685,MY02
2025-07-01,1,1893,MY03,485,42.905155,61.536495,160.53609,181.10268,742.5835,587.79987,71.99831,88.94879,126.1106,MY03
2025-07-01,1,1894,MY04,9,34.11111,50.037037,78.22222,131.93333,595.3333,573.27405,71.063255,60.775723,103.814674,MY04
2025-07-01,1,37336,MY05,5,105.0,102.63333,204.8,276.92,637.0,802.0733,102.19883,74.418274,79.54668,MY05
2025-07-01,1,1895,MY06,53,34.07547,66.208176,100.35849,151.30188,537.01886,514.0767,54.874973,67.40705,104.41979,MY06
2025-07-01,1,1896,MY07,217,24.534563,52.779724,83.99078,127.31398,542.2995,504.11536,51.11579,67.25728,107.5001,MY07
2025-07-01,1,1897,MY08,1182,38.617596,54.910774,119.20474,150.697,645.10406,537.05237,72.80426,79.77337,119.93381,MY08
2025-07-01,1,1898,MY09,672,39.011906,57.4875,128.45685,161.22018,690.9405,659.456,70.433136,80.2892,104.73839,MY09
2025-07-01,1,1899,MY10,42,26.857143,71.4746,136.7143,214.99048,625.1428,681.1738,41.657154,64.41837,91.83428,MY10
2025-07-01,1,1900,MY11,31,38.032257,65.389244,139.74193,165.87312,592.871,623.8043,61.13471,84.70725,95.080605,MY11
2025-07-01,1,1901,MY12,2407,70.17989,63.17416,219.25342,207.74146,712.29956,661.415,110.27622,105.41124,107.63557,MY12
2025-07-01,1,1902,MY13,4031,75.37013,74.61027,226.08162,217.30125,763.25653,808.8669,100.95448,103.94976,94.39584,MY13
2025-07-01,1,1904,MY15,416,41.92548,61.0625,147.16826,175.5939,710.8317,507.68558,71.031944,84.25991,139.62393,MY15
2025-07-01,1,1903,MY17,254,36.850395,53.669292,89.88189,134.4017,594.8858,566.0954,71.33271,68.06365,105.04127,MY17
2025-07-11,1,1891,MY01,622,30.813505,50.75343,102.28457,156.78366,495.2492,525.2829,64.23552,66.3136,94.33629,MY01
2025-07-11,1,1892,MY02,290,48.12069,70.980576,126.39655,200.48874,701.6413,698.71875,69.91351,63.943428,100.4153,MY02
2025-07-11,1,1893,MY03,485,50.75464,61.16323,153.15671,181.60913,724.98145,597.3626,84.26831,84.75293,121.18638,MY03
2025-07-11,1,1894,MY04,9,26.555555,45.72222,76.333336,140.27777,484.0,535.45557,62.212486,55.984707,90.479225,MY04
2025-07-11,1,37336,MY05,5,88.2,93.96,225.4,281.31332,670.4001,823.5133,94.17947,80.471275,81.51952,MY05
2025-07-11,1,1895,MY06,53,25.018867,61.375473,88.35849,173.03397,443.20755,517.9226,45.225845,52.43858,85.71202,MY06
2025-07-11,1,1896,MY07,217,23.483871,51.33487,72.576035,144.97374,465.19354,495.1172,50.561707,51.726414,94.01667,MY07
2025-07-11,1,1897,MY08,1182,36.97631,50.708096,112.334175,155.71043,603.6565,534.5805,75.35047,73.00968,112.80179,MY08
2025-07-11,1,1898,MY09,672,48.096725,59.738293,132.61458,169.27113,629.006,639.51587,82.01749,78.96579,98.36934,MY09
2025-07-11,1,1899,MY10,42,60.738094,68.46667,116.35715,207.7627,591.9286,682.3659,89.48017,57.038734,86.84291,MY10
2025-07-11,1,1900,MY11,31,57.129032,70.72581,138.19354,187.36882,560.871,617.9764,82.04472,74.43698,90.83346,MY11
2025-07-11,1,1901,MY12,2407,47.33818,61.875114,181.28085,198.31384,703.9921,658.59094,78.262566,91.622314,106.84174,MY12
2025-07-11,1,1902,MY13,4031,66.78467,62.80213,201.29175,209.29387,726.0831,772.8278,105.873764,96.265816,93.99036,MY13
2025-07-11,1,1904,MY15,416,46.26923,54.889423,138.51442,172.42035,708.4711,525.1038,85.60648,80.889496,134.59084,MY15
2025-07-11,1,1903,MY17,254,26.574802,51.01811,84.519684,148.4626,492.7008,541.66406,56.36535,58.333225,91.04327,MY17
2025-07-21,1,1891,MY01,622,35.406754,56.407825,101.665596,167.34877,435.63824,506.81137,65.80066,61.889385,86.09387,MY01
2025-07-21,1,1892,MY02,290,13.217241,76.98586,88.631035,217.0569,640.0172,681.67664,22.219978,42.165337,93.93318,MY02
2025-07-21,1,1893,MY03,485,38.868042,76.711136,132.52783,199.41086,711.2165,613.6547,53.686737,67.280106,115.76998,MY03
2025-07-21,1,1894,MY04,9,24.333334,57.68889,85.0,153.44815,407.1111,491.54816,46.79192,56.800915,82.99519,MY04
2025-07-21,1,37336,MY05,5,41.2,100.6,234.4,297.19333,567.4,848.49335,43.75,79.22081,67.06555,MY05
2025-07-21,1,1895,MY06,53,36.981133,63.91698,96.07547,191.50063,383.0,507.80063,60.91552,51.437737,75.662926,MY06
2025-07-21,1,1896,MY07,217,33.61751,56.167587,81.63594,160.28218,406.0369,476.104,63.13395,52.416985,85.43618,MY07
2025-07-21,1,1897,MY08,1182,30.184433,57.791004,105.778336,163.40987,546.14716,526.1739,56.034195,65.77901,103.76021,MY08
2025-07-21,1,1898,MY09,672,24.316965,68.79489,111.42559,186.02069,575.3125,614.2375,39.727634,60.949207,93.71405,MY09
2025-07-21,1,1899,MY10,42,16.309525,78.31746,103.90476,218.25873,547.5714,681.7524,25.576302,48.77962,80.46152,MY10
2025-07-21,1,1900,MY11,31,10.32258,75.752686,105.483864,211.86774,521.9355,604.13116,18.9747,50.945274,86.50608,MY11
2025-07-21,1,1901,MY12,2407,25.41961,72.620804,142.93768,197.67007,645.4051,664.2946,39.19002,72.99434,97.1777,MY12
2025-07-21,1,1902,MY13,4031,35.252296,72.95166,177.4071,210.36406,651.19995,740.572,51.637512,84.6971,88.012955,MY13
2025-07-21,1,1904,MY15,416,28.504808,71.53814,116.69952,187.49007,680.9639,550.0786,43.775307,63.223793,123.5796,MY15
2025-07-21,1,1903,MY17,254,25.751968,60.83517,89.17717,165.52257,424.98425,510.57336,46.710545,55.22857,83.39924,MY17
2025-08-01,1,1891,MY01,622,76.85852,55.511578,143.07878,162.67284,433.3296,496.8,135.27745,88.31412,87.351456,MY01
2025-08-01,1,1892,MY02,290,58.165516,74.286896,119.50345,222.25333,601.731,667.3923,79.66703,54.786194,90.23468,MY02
2025-08-01,1,1893,MY03,485,59.29897,73.243576,148.92165,211.11794,652.4042,615.84485,82.17795,71.22114,105.88864,MY03
2025-08-01,1,1894,MY04,9,50.22222,45.407406,101.111115,148.81851,389.8889,467.83704,109.551796,68.98462,83.5148,MY04
2025-08-01,1,37336,MY05,5,290.4,90.753334,419.8,285.31332,824.4,848.22,308.501,146.32466,97.20823,MY05
2025-08-01,1,1895,MY06,53,80.0566,65.99056,142.05661,191.28302,403.6038,511.956,119.81396,74.92069,79.040344,MY06
2025-08-01,1,1896,MY07,217,66.691246,51.19969,123.79263,158.70215,396.54382,461.80905,127.56519,78.67498,86.01886,MY07
2025-08-01,1,1897,MY08,1182,58.21489,56.565964,125.37563,165.06506,505.09308,516.1462,102.678314,76.66222,97.879074,MY08
2025-08-01,1,1898,MY09,672,47.24256,62.101486,119.65625,190.63467,535.2366,590.6637,77.85604,63.71889,90.6949,MY09
2025-08-01,1,1899,MY10,42,82.52381,85.75159,159.57144,232.53572,573.8571,685.5381,96.44328,69.28282,83.826965,MY10
2025-08-01,1,1900,MY11,31,44.387096,67.886024,111.838715,214.36452,499.54837,593.7441,67.75935,53.26236,84.267784,MY11
2025-08-01,1,1901,MY12,2407,82.05858,70.46361,154.81638,204.95952,643.7221,656.50543,115.36498,76.11771,98.06754,MY12
2025-08-01,1,1902,MY13,4031,150.70827,79.50311,252.74524,215.2569,712.9631,713.0879,184.26335,117.02029,99.98262,MY13
2025-08-01,1,1904,MY15,416,61.45673,70.62925,136.23077,197.05681,620.7211,565.2097,87.87173,69.89657,109.73526,MY15
2025-08-01,1,1903,MY17,254,50.992126,45.00617,103.31889,156.85945,410.6181,484.24606,111.970436,66.92158,84.95073,MY17
2025-08-11,1,1891,MY01,622,60.336014,56.71688,172.60129,168.63628,419.1527,493.2777,105.86408,102.283516,85.12376,MY01
2025-08-11,1,1892,MY02,290,62.017242,79.21092,133.4,230.48367,575.7965,660.4485,79.5826,58.772648,87.27895,MY02
2025-08-11,1,1893,MY03,485,94.57114,74.22522,192.73814,224.17993,658.05774,611.46747,125.681114,86.28074,107.55762,MY03
2025-08-11,1,1894,MY04,9,67.22222,55.65185,141.77777,158.74815,362.1111,456.3037,119.07669,89.63629,79.58122,MY04
2025-08-11,1,37336,MY05,5,152.4,110.31333,484.0,301.66666,913.2001,867.98,136.49765,159.45653,105.17996,MY05
2025-08-11,1,1895,MY06,53,59.4717,66.8478,176.50943,196.75534,405.58493,526.19934,89.73371,89.96512,77.293945,MY06
2025-08-11,1,1896,MY07,217,63.27189,54.398617,163.58066,161.7659,386.7143,453.27142,114.93852,101.0882,85.47648,MY07
2025-08-11,1,1897,MY08,1182,74.20305,59.348648,162.60237,173.70561,491.37903,504.79788,123.08424,93.78685,97.36781,MY08
2025-08-11,1,1898,MY09,672,73.184525,68.251884,144.74405,199.14827,496.03864,572.404,106.73381,73.35063,86.77436,MY09
2025-08-11,1,1899,MY10,42,83.88095,89.739685,182.7143,253.80873,569.1904,696.2381,93.81596,72.53013,81.88238,MY10
2025-08-11,1,1900,MY11,31,63.16129,73.93118,117.87097,217.5699,475.29028,590.9742,86.35533,55.205566,80.58911,MY11
2025-08-11,1,1901,MY12,2407,128.96344,82.194695,236.44162,225.2791,688.11053,649.5157,153.63715,104.84738,105.8967,MY12
2025-08-11,1,1902,MY13,4031,105.29571,90.199844,291.2563,242.65462,746.6264,710.9036,115.857025,119.62478,104.98988,MY13
2025-08-11,1,1904,MY15,416,100.32211,71.07716,190.28366,213.24455,649.5769,571.98517,138.44116,89.47929,113.447784,MY15
2025-08-11,1,1903,MY17,254,65.03937,54.195145,141.78346,160.03648,386.72046,468.492,118.31945,88.94001,82.73011,MY17
2025-08-21,1,1891,MY01,622,58.77492,68.89212,195.96945,181.12057,411.84085,497.4958,86.30815,107.978096,82.954094,MY01
2025-08-21,1,1892,MY02,290,78.251724,110.6223,198.43448,264.12012,538.569,681.33276,72.003174,75.592445,79.19904,MY02
2025-08-21,1,1893,MY03,485,102.19794,108.56735,256.06805,256.03616,602.27423,634.90485,94.39151,100.01222,94.90071,MY03
2025-08-21,1,1894,MY04,9,78.0,68.4963,195.44444,169.55556,382.1111,458.87408,112.930855,114.831314,83.45177,MY04
2025-08-21,1,37336,MY05,5,93.0,119.32667,535.8,320.39334,925.0,890.16,78.8246,166.19885,103.892044,MY05
2025-08-21,1,1895,MY06,53,58.867924,79.16352,198.39622,212.00189,406.22644,541.9975,75.88551,93.73016,75.17885,MY06
2025-08-21,1,1896,MY07,217,58.092167,68.88756,188.0553,174.48587,372.18433,456.81552,85.389435,107.56017,81.67424,MY07
2025-08-21,1,1897,MY08,1182,89.236885,79.73246,221.65482,195.64706,468.7995,507.78265,111.21699,112.96194,92.39773,MY08
2025-08-21,1,1898,MY09,672,80.21875,96.10174,200.64584,226.45511,481.28717,575.39166,84.29009,88.84913,83.78603,MY09
2025-08-21,1,1899,MY10,42,77.190475,126.86032,243.59523,302.3516,576.8095,743.1865,62.331467,80.88301,77.76263,MY10
2025-08-21,1,1900,MY11,31,83.03226,113.87204,190.58064,255.68925,489.09674,625.1215,74.05632,75.02443,78.412926,MY11
2025-08-21,1,1901,MY12,2407,97.02618,90.3213,308.0482,242.9796,671.4363,657.30206,107.03398,126.23949,102.13411,MY12
2025-08-21,1,1902,MY13,4031,89.87051,109.75678,345.87448,279.45975,747.35254,721.7576,82.67094,123.34768,103.5218,MY13
2025-08-21,1,1904,MY15,416,109.03846,101.8976,270.8173,243.604,593.9183,600.24,106.68009,110.94644,98.9555,MY15
2025-08-21,1,1903,MY17,254,68.114174,67.97467,184.14566,167.17598,392.01572,465.73752,100.19116,109.85601,84.33908,MY17
2025-09-01,1,1891,MY01,622,77.03055,56.71104,196.14148,182.32004,441.89713,497.8198,132.92686,107.37852,88.87819,MY01
2025-09-01,1,1892,MY02,290,131.63103,101.656784,271.9,291.49,549.90344,711.56757,128.10345,93.39269,77.439095,MY02
2025-09-01,1,1893,MY03,485,135.07423,97.2167,331.84332,280.00928,641.301,672.2299,137.03654,118.1868,95.43303,MY03
2025-09-01,1,1894,MY04,9,140.88889,73.844444,286.1111,197.99258,465.44446,478.74445,185.03383,143.40973,97.25062,MY04
2025-09-01,1,37336,MY05,5,238.8,108.32667,484.2,337.96667,1108.8,900.2,215.13031,142.63777,123.04463,MY05
2025-09-01,1,1895,MY06,53,74.754715,53.852203,193.09433,199.86353,435.50946,542.4484,135.51695,96.69575,80.46593,MY06
2025-09-01,1,1896,MY07,217,86.00922,51.788017,207.37328,175.07419,415.15668,461.09033,160.26129,117.93654,90.144905,MY07
2025-09-01,1,1897,MY08,1182,113.41455,65.868355,276.8545,204.94946,521.4349,520.71155,167.09087,134.24873,100.13759,MY08
2025-09-01,1,1898,MY09,672,119.997025,87.49117,273.4003,251.84479,521.51337,603.69965,135.14482,108.392426,86.498055,MY09
2025-09-01,1,1899,MY10,42,105.38095,103.12698,266.4524,319.727,562.73816,767.2532,102.08456,83.59404,73.517105,MY10
2025-09-01,1,1900,MY11,31,94.064514,101.14946,240.25806,288.9527,491.8387,669.1903,93.3255,83.43453,73.69414,MY11
2025-09-01,1,1901,MY12,2407,120.988365,79.03882,346.978,251.55481,721.0478,664.2558,149.91687,137.19408,108.48584,MY12
2025-09-01,1,1902,MY13,4031,155.0593,91.97981,350.22552,291.93643,829.05237,724.4946,165.04393,119.63016,114.3329,MY13
2025-09-01,1,1904,MY15,416,130.84134,77.32724,340.2019,250.302,623.60095,622.9527,165.0017,135.21317,100.10323,MY15
2025-09-01,1,1903,MY17,254,128.94095,71.79449,262.09448,193.9643,455.2953,485.22546,174.4148,134.24242,93.894615,MY17
2025-09-11,1,1891,MY01,622,71.85048,52.188477,207.65594,177.79164,482.5418,503.21158,134.38106,116.3379,95.93284,MY01
2025-09-11,1,1892,MY02,290,88.90345,105.17735,298.7862,317.45642,558.58276,748.42883,85.229355,94.21,74.80238,MY02
2025-09-11,1,1893,MY03,485,149.74846,109.31677,387.02063,315.10083,732.91547,720.8899,135.3681,122.467865,101.65666,MY03
2025-09-11,1,1894,MY04,9,100.77778,74.17778,319.66666,216.51852,537.7778,515.54443,133.59529,146.56412,104.27117,MY04
2025-09-11,1,37336,MY05,5,202.2,92.05333,534.0,319.70667,1243.4,902.68665,213.49088,165.99597,137.53645,MY05
2025-09-11,1,1895,MY06,53,69.037735,49.4761,202.66037,182.49182,467.52826,552.2811,135.90865,110.75703,84.79172,MY06
2025-09-11,1,1896,MY07,217,58.774193,51.079723,202.87558,171.7553,439.03226,478.49493,113.7206,117.60642,91.838036,MY07
2025-09-11,1,1897,MY08,1182,96.9357,69.16802,299.58713,214.76884,574.5237,544.1849,137.43889,138.59431,105.52434,MY08
2025-09-11,1,1898,MY09,672,114.50595,93.22976,314.72174,276.82266,592.0803,645.24207,121.65962,113.447845,91.82432,MY09
2025-09-11,1,1899,MY10,42,69.78571,109.32937,252.35715,339.31665,551.4286,800.8881,65.41251,74.74432,69.04539,MY10
2025-09-11,1,1900,MY11,31,84.0,105.3086,261.09677,320.3301,517.16125,725.2688,80.68274,81.79285,71.50261,MY11
2025-09-11,1,1901,MY12,2407,98.58579,80.024,316.60034,249.38411,734.3228,672.97705,121.83124,126.42312,109.048355,MY12
2025-09-11,1,1902,MY13,4031,120.77673,82.27678,365.70654,284.01337,858.2545,735.96185,144.11247,128.26622,116.504585,MY13
2025-09-11,1,1904,MY15,416,134.40384,91.01819,374.28363,270.24304,703.08167,655.90796,145.18483,137.79953,107.13772,MY15
2025-09-11,1,1903,MY17,254,89.66929,72.45551,286.7244,212.22467,513.0276,520.72375,122.22408,134.29617,98.53608,MY17
2025-09-21,1,1891,MY01,622,60.599678,53.450428,209.48071,162.34995,507.11572,510.8193,112.2313,128.16301,99.282,MY01
2025-09-21,1,1892,MY02,290,72.34138,100.18104,292.87585,307.01517,579.94135,788.1922,73.53168,95.46839,73.745224,MY02
2025-09-21,1,1893,MY03,485,109.27422,95.85189,394.09692,302.38538,782.6928,757.8324,113.30895,129.83601,103.25896,MY03
2025-09-21,1,1894,MY04,9,60.11111,74.9,301.77777,222.92223,582.2222,545.9259,81.49075,134.59756,106.58824,MY04
2025-09-21,1,37336,MY05,5,44.0,107.72667,485.0,308.10666,1255.2,925.6933,43.467976,156.49619,135.40443,MY05
2025-09-21,1,1895,MY06,53,50.71698,49.02453,194.50943,152.35283,488.98114,555.85535,103.13275,126.79113,88.076385,MY06
2025-09-21,1,1896,MY07,217,49.640553,51.182026,194.42397,154.04977,464.1152,488.8178,97.25629,125.38463,94.99763,MY07
2025-09-21,1,1897,MY08,1182,83.1912,66.934296,293.54144,201.97067,620.9747,561.0276,122.59966,144.24336,110.590836,MY08
2025-09-21,1,1898,MY09,672,90.25893,90.53815,324.7619,271.25906,636.83325,683.73486,99.70774,119.366905,93.19018,MY09
2025-09-21,1,1899,MY10,42,62.02381,108.709526,237.19046,321.16586,584.6905,841.7762,58.943005,74.25378,69.63947,MY10
2025-09-21,1,1900,MY11,31,87.58064,104.110756,265.64514,310.56882,561.70966,778.1258,84.85015,85.76422,72.36509,MY11
2025-09-21,1,1901,MY12,2407,62.156628,84.56882,281.73077,243.63162,732.7167,684.2813,74.97769,115.32353,107.02693,MY12
2025-09-21,1,1902,MY13,4031,66.73133,91.88097,342.56735,266.13757,865.8489,755.96136,74.04069,128.18857,114.44062,MY13
2025-09-21,1,1904,MY15,416,110.2524,80.24119,375.4976,248.58662,763.01434,679.68066,135.20741,150.0464,112.17117,MY15
2025-09-21,1,1903,MY17,254,54.5,73.14357,273.11023,217.39357,546.4331,550.0921,76.1419,125.05318,99.340836,MY17
2025-10-01,1,1891,MY01,622,76.131836,60.716667,208.582,166.35558,547.80225,511.34845,123.457016,124.64258,107.05992,MY01
2025-10-01,1,1892,MY02,290,115.86207,128.83723,277.1069,334.19562,668.5103,847.93896,90.30526,83.16938,78.963486,MY02
2025-10-01,1,1893,MY03,485,105.52783,110.93746,364.5505,316.1061,845.3155,807.23334,95.334015,115.08672,104.688576,MY03
2025-10-01,1,1894,MY04,9,109.666664,74.54074,270.55554,223.61852,657.7778,570.4296,144.16092,120.53072,115.179634,MY04
2025-10-01,1,37336,MY05,5,156.4,145.79333,402.59998,345.57333,1306.6,968.85333,107.033905,116.26668,134.68146,MY05
2025-10-01,1,1895,MY06,53,64.54717,56.19245,184.30188,154.69308,519.4528,545.8396,113.6532,118.54106,95.20972,MY06
2025-10-01,1,1896,MY07,217,81.24424,64.67404,189.659,166.93579,520.8249,500.71213,123.782455,113.2161,103.97712,MY07
2025-10-01,1,1897,MY08,1182,112.1912,83.25429,292.31808,219.3566,694.5482,589.3711,132.78812,132.52032,117.69553,MY08
2025-10-01,1,1898,MY09,672,114.190475,108.90134,318.95535,292.66925,712.0119,735.14874,104.643616,108.83064,96.87403,MY09
2025-10-01,1,1899,MY10,42,86.90476,111.32619,218.7143,329.36508,644.73816,881.62775,79.00608,66.90719,73.28195,MY10
2025-10-01,1,1900,MY11,31,124.22581,131.70215,295.80646,341.12152,647.90326,844.4387,94.53092,86.90775,76.8629,MY11
2025-10-01,1,1901,MY12,2407,95.10968,89.68665,255.8521,254.27946,757.6465,710.7938,105.72734,100.60654,106.545555,MY12
2025-10-01,1,1902,MY13,4031,96.11635,109.59957,283.6244,283.75732,886.59515,790.9506,88.23449,99.953964,112.01639,MY13
2025-10-01,1,1904,MY15,416,103.01202,102.52812,347.66827,273.7875,824.10095,721.1463,100.45001,126.50075,114.17823,MY15
2025-10-01,1,1903,MY17,254,106.24803,75.345406,250.41731,220.94449,615.8307,571.76825,138.46222,113.04427,107.63954,MY17
2025-10-11,1,1891,MY01,622,79.980705,66.89453,216.71222,181.06163,596.9694,527.48956,118.2019,119.16064,113.04811,MY01
2025-10-11,1,1892,MY02,290,119.6,123.71195,307.80344,352.73022,739.9896,900.67035,96.80531,87.441154,82.25837,MY02
2025-10-11,1,1893,MY03,485,132.52783,111.44076,347.3299,318.2301,927.0887,857.51086,118.1097,109.00281,108.066895,MY03
2025-10-11,1,1894,MY04,9,99.666664,91.51852,269.44443,240.95926,730.8889,616.22595,108.442055,111.58125,118.457535,MY04
2025-10-11,1,37336,MY05,5,114.2,125.9,314.59998,379.42,1332.6,1000.79333,91.06188,83.13823,132.98955,MY05
2025-10-11,1,1895,MY06,53,77.77358,62.514465,193.03773,167.73145,572.2075,546.97864,122.60126,114.65066,104.570625,MY06
2025-10-11,1,1896,MY07,217,92.46544,74.762215,223.35023,190.61829,589.80646,524.13947,122.19501,116.73256,112.41015,MY07
2025-10-11,1,1897,MY08,1182,99.07276,90.534515,294.45517,240.7231,756.6447,629.1975,108.93735,121.86692,120.095825,MY08
2025-10-11,1,1898,MY09,672,119.37946,113.70873,323.82886,313.14822,783.2947,789.11914,104.777016,103.357124,99.266556,MY09
2025-10-11,1,1899,MY10,42,99.14286,105.381744,248.07144,325.41748,683.1429,918.54285,94.3479,76.59142,74.5112,MY10
2025-10-11,1,1900,MY11,31,126.548386,132.12259,338.35486,367.9355,717.32263,905.8355,95.934875,92.06817,79.3033,MY11
2025-10-11,1,1901,MY12,2407,53.604904,91.04505,210.87122,265.3005,763.9132,739.96375,61.01814,79.86342,103.21485,MY12
2025-10-11,1,1902,MY13,4031,124.8896,101.43054,287.7373,302.91107,944.7001,829.57904,122.041664,95.07203,113.79391,MY13
2025-10-11,1,1904,MY15,416,103.41106,105.780205,316.67548,288.54953,881.24274,772.0371,97.8614,109.58133,114.05411,MY15
2025-10-11,1,1903,MY17,254,98.062996,89.61339,258.81104,238.10236,687.3189,610.3635,108.93067,108.51851,112.50568,MY17
2025-10-21,1,1891,MY01,622,42.46463,87.83543,198.57718,215.44662,604.02734,558.9172,51.127712,92.3476,107.999435,MY01
2025-10-21,1,1892,MY02,290,140.48965,138.29356,375.95172,390.84277,867.26196,961.978,101.53258,96.238144,90.20494,MY02
2025-10-21,1,1893,MY03,485,129.7567,140.14343,367.81238,362.52164,1017.97736,920.9432,92.84381,101.439575,110.4795,MY03
2025-10-21,1,1894,MY04,9,56.22222,109.68148,265.55554,275.74075,762.7778,668.2185,53.38458,96.37202,114.045845,MY04
2025-10-21,1,37336,MY05,5,117.8,151.51334,388.39996,423.20667,1409.2,1051.7067,78.45977,91.87152,133.83089,MY05
2025-10-21,1,1895,MY06,53,17.566038,81.04151,159.8868,199.74843,552.7924,564.10315,26.22692,80.53141,98.012535,MY06
2025-10-21,1,1896,MY07,217,40.188942,96.22012,213.89862,235.65637,596.3779,564.192,44.644226,90.95899,105.65467,MY07
2025-10-21,1,1897,MY08,1182,87.386635,119.2586,298.6506,293.0474,813.8469,690.66516,74.350296,101.879974,117.70705,MY08
2025-10-21,1,1898,MY09,672,145.73363,131.5936,379.3036,354.20367,904.71136,851.91785,110.3519,106.987656,106.16086,MY09
2025-10-21,1,1899,MY10,42,105.0,118.20873,291.0476,334.91666,771.8334,958.43414,89.27938,87.09418,80.63171,MY10
2025-10-21,1,1900,MY11,31,155.32259,137.94409,406.0968,401.76883,862.3226,968.02686,112.15755,101.06399,89.13655,MY11
2025-10-21,1,1901,MY12,2407,125.40756,105.43735,274.12213,286.16904,863.9011,772.7803,118.08285,95.86257,111.71549,MY12
2025-10-21,1,1902,MY13,4031,97.24609,128.2247,318.25204,339.25482,1006.69385,884.8521,76.7471,93.89906,113.69235,MY13
2025-10-21,1,1904,MY15,416,110.04808,147.22516,316.47113,355.5335,962.7861,847.7241,75.577576,89.1654,113.493454,MY15
2025-10-21,1,1903,MY17,254,62.468502,115.23019,266.77954,280.18896,724.0354,664.75854,56.11611,95.29806,108.85048,MY17
2025-11-01,1,1891,MY01,622,70.33119,90.76233,192.77652,245.49228,597.5,594.1679,78.66474,78.95514,100.55612,MY01
2025-11-01,1,1892,MY02,290,214.51035,94.10667,474.6,356.11218,1023.60693,981.7978,221.48898,132.81192,104.236855,MY02
2025-11-01,1,1893,MY03,485,225.52577,140.86804,487.8103,392.45224,1184.2042,988.5676,158.0372,123.99233,119.69031,MY03
2025-11-01,1,1894,MY04,9,76.111115,113.91111,232.0,315.1111,788.66675,736.7222,68.211555,74.0368,107.003235,MY04
2025-11-01,1,37336,MY05,5,83.8,118.433334,315.8,395.84665,1202.6001,1079.3867,71.94167,80.0306,111.362495,MY05
2025-11-01,1,1895,MY06,53,45.339622,78.1717,140.67924,221.72768,518.0755,576.2843,60.52494,64.25296,89.986176,MY06
2025-11-01,1,1896,MY07,217,79.884796,96.44455,212.53918,267.42688,609.5714,609.4369,83.676056,79.85232,100.0219,MY07
2025-11-01,1,1897,MY08,1182,172.17259,118.4152,358.632,328.2083,927.8046,752.5144,143.55815,109.13052,123.14018,MY08
2025-11-01,1,1898,MY09,672,215.41815,109.46503,480.53125,354.76736,1072.887,899.2814,192.56375,134.957,119.19818,MY09
2025-11-01,1,1899,MY10,42,141.16667,82.69127,345.3095,306.28174,830.4762,955.37384,166.68327,112.537766,86.994896,MY10
2025-11-01,1,1900,MY11,31,197.67741,87.62366,479.5484,357.69034,1015.6129,987.7645,218.81819,133.59837,102.80514,MY11
2025-11-01,1,1901,MY12,2407,114.89406,85.590614,293.90652,282.073,896.7366,787.9073,132.3471,104.12212,113.72535,MY12
2025-11-01,1,1902,MY13,4031,60.478294,116.95605,282.61398,346.6113,916.46387,922.30505,53.690075,81.79884,99.370094,MY13
2025-11-01,1,1904,MY15,416,210.88222,196.62692,424.34137,449.6323,1112.2115,973.7218,107.07014,94.43706,114.15006,MY15
2025-11-01,1,1903,MY17,254,105.88189,135.57756,266.4134,340.42114,778.9252,755.3299,78.87595,78.57463,103.103294,MY17
2025-11-11,1,1891,MY01,622,108.08199,90.405304,220.8778,269.00305,645.246,627.8563,118.528,82.43624,102.747795,MY01
2025-11-11,1,1892,MY02,290,229.01035,89.86529,584.0104,322.2655,1190.6,992.4522,246.67647,179.97935,119.865395,MY02
2025-11-11,1,1893,MY03,485,277.06598,149.43512,632.34845,430.4466,1366.699,1063.7775,182.64368,146.36662,128.3428,MY03
2025-11-11,1,1894,MY04,9,122.333336,106.03333,254.66669,329.62592,843.7778,787.1037,114.680275,77.5991,107.154884,MY04
2025-11-11,1,37336,MY05,5,121.6,123.46667,323.2,393.41333,1171.8,1092.54,98.54696,82.37677,107.2216,MY05
2025-11-11,1,1895,MY06,53,80.81132,80.44717,143.71698,239.66037,539.4151,589.88367,100.42617,60.785072,91.51623,MY06
2025-11-11,1,1896,MY07,217,99.63595,94.90323,219.70969,287.5679,645.9355,649.94147,104.737305,76.806,99.38834,MY07
2025-11-11,1,1897,MY08,1182,139.64467,113.58559,399.20392,351.2594,993.2462,806.75134,121.97491,113.45775,122.97438,MY08
2025-11-11,1,1898,MY09,672,186.80208,110.73661,547.95386,351.79523,1186.5045,941.7661,165.7229,154.97794,125.84994,MY09
2025-11-11,1,1899,MY10,42,200.61905,74.97143,446.7857,275.87143,947.21436,940.6055,257.11566,160.85143,100.6989,MY10
2025-11-11,1,1900,MY11,31,188.25807,87.35376,541.25806,312.9215,1140.7097,1001.1871,209.25848,171.82167,113.86647,MY11
2025-11-11,1,1901,MY12,2407,93.422104,81.1002,333.72372,272.12814,861.1953,786.8128,114.31113,122.226395,109.39395,MY12
2025-11-11,1,1902,MY13,4031,142.25577,123.861374,299.98016,369.0421,953.42395,955.96655,114.27456,81.536316,99.73541,MY13
2025-11-11,1,1904,MY15,416,297.375,197.3787,618.3053,541.2308,1309.2644,1100.0233,149.41049,114.11025,118.93544,MY15
2025-11-11,1,1903,MY17,254,150.41339,133.6025,318.7638,384.41022,864.2992,834.73724,112.12885,83.14209,103.52038,MY17
2025-11-21,1,1891,MY01,622,146.20258,88.1082,324.61575,269.27582,732.67365,647.0724,162.39447,120.17674,113.12756,MY01
2025-11-21,1,1892,MY02,290,407.78275,80.64724,851.30347,264.6192,1520.131,962.4771,481.95685,317.59735,157.64,MY02
2025-11-21,1,1893,MY03,485,573.6763,140.81003,1076.2681,431.1132,1838.1772,1096.0203,396.87003,247.93289,167.4063,MY03
2025-11-21,1,1894,MY04,9,264.44446,101.18519,462.88892,321.12964,1030.2222,819.7926,253.74956,143.46715,125.51303,MY04
2025-11-21,1,37336,MY05,5,156.2,112.36667,361.59998,354.26666,1235.0,1085.58,137.34734,102.04118,113.70097,MY05
2025-11-21,1,1895,MY06,53,130.32076,72.7195,256.47168,231.33836,610.8679,583.43964,174.1143,110.63446,104.661194,MY06
2025-11-21,1,1896,MY07,217,204.87558,90.14762,384.39633,281.4954,792.7189,671.20154,220.5789,135.91714,117.97057,MY07
2025-11-21,1,1897,MY08,1182,367.91287,121.22292,679.7301,353.22372,1271.9221,848.24176,295.43988,191.14595,149.65536,MY08
2025-11-21,1,1898,MY09,672,368.1027,107.21855,770.3229,327.4202,1474.3884,952.88293,332.4786,233.2358,154.44354,MY09
2025-11-21,1,1899,MY10,42,294.09525,63.102383,635.881,220.76508,1164.119,876.84766,439.18466,283.87076,132.57607,MY10
2025-11-21,1,1900,MY11,31,257.2258,83.30215,643.16125,258.27957,1314.9032,970.6172,296.96423,246.18745,135.28905,MY11
2025-11-21,1,1901,MY12,2407,121.016205,82.27668,329.33237,248.96748,885.1853,778.7682,144.38702,131.64377,113.57763,MY12
2025-11-21,1,1902,MY13,4031,130.28876,117.092415,333.02283,357.90985,993.8422,963.3022,110.808495,93.142365,103.15398,MY13
2025-11-21,1,1904,MY15,416,795.3461,200.47372,1303.6033,594.4793,1995.572,1198.5995,389.51263,218.28998,166.21576,MY15
2025-11-21,1,1903,MY17,254,333.6929,128.5941,589.98816,397.77414,1129.8779,895.3567,253.52385,147.72253,126.047585,MY17
2025-12-01,1,1891,MY01,622,57.92283,121.56238,312.2074,300.0759,713.5659,711.92377,49.71685,103.97655,100.22906,MY01
2025-12-01,1,1892,MY02,290,16.365517,73.40747,653.1586,243.92,1404.8655,934.2278,27.24934,264.40567,150.10901,MY02
2025-12-01,1,1893,MY03,485,35.529896,191.64027,886.27216,481.88544,1738.6329,1190.4437,20.611187,183.05583,145.85655,MY03
2025-12-01,1,1894,MY04,9,36.555557,84.5963,423.33337,291.81482,925.88885,830.54443,46.380886,144.30997,111.41106,MY04
2025-12-01,1,37336,MY05,5,133.2,101.82,411.0,337.65332,1129.3999,1079.0734,129.37653,121.4055,104.64236,MY05
2025-12-01,1,1895,MY06,53,34.92453,79.36981,246.05661,232.53648,571.0377,608.9572,47.320873,105.69182,93.82375,MY06
2025-12-01,1,1896,MY07,217,30.493088,101.22719,335.00464,286.27805,737.2028,720.6407,33.412434,116.728546,102.28242,MY07
2025-12-01,1,1897,MY08,1182,45.006767,170.1559,552.56433,404.96442,1203.5143,952.52936,28.549862,136.0031,126.21172,MY08
2025-12-01,1,1898,MY09,672,32.50595,103.90169,587.41077,321.85684,1386.8973,969.29346,34.440193,181.24472,142.86223,MY09
2025-12-01,1,1899,MY10,42,10.928572,53.54524,505.64285,191.61905,1069.6666,827.26587,27.207289,259.7118,129.1254,MY10
2025-12-01,1,1900,MY11,31,12.032258,56.37312,457.51614,227.02902,1232.871,925.8409,27.751982,199.33546,132.98416,MY11
2025-12-01,1,1901,MY12,2407,82.42335,93.11213,296.86166,256.489,846.62024,792.8415,89.105545,115.43952,106.74053,MY12
2025-12-01,1,1902,MY13,4031,161.7229,127.552,434.26743,368.5058,1000.5058,998.8744,125.779236,117.60659,100.162506,MY13
2025-12-01,1,1904,MY15,416,72.61298,278.25793,1165.3342,676.11035,1937.34375,1399.5302,27.400108,171.8274,138.29135,MY15
2025-12-01,1,1903,MY17,254,42.04331,98.6601,526.1496,360.8567,1042.9803,922.2223,45.38227,145.17969,113.023636,MY17
2025-12-11,1,1891,MY01,622,210.33441,110.76683,414.4598,320.4374,852.04987,770.5021,186.007,128.89108,110.51549,MY01
2025-12-11,1,1892,MY02,290,37.17931,62.671036,461.32758,216.72575,1353.1414,891.7215,62.32993,210.31728,151.45631,MY02
2025-12-11,1,1893,MY03,485,215.82268,190.32303,825.0289,522.7733,1804.7072,1271.4501,113.05512,157.26996,141.77658,MY03
2025-12-11,1,1894,MY04,9,107.44444,79.26667,408.44446,265.04816,932.55554,835.63336,133.43881,153.10028,111.52966,MY04
2025-12-11,1,37336,MY05,5,52.0,96.62,341.4,310.80667,979.19995,1083.64,56.09132,109.687355,90.40637,MY05
2025-12-11,1,1895,MY06,53,90.30189,68.65472,255.54718,220.74402,592.3019,628.13586,129.39008,115.41708,94.34023,MY06
2025-12-11,1,1896,MY07,217,136.62212,89.14608,371.99078,280.5209,815.0508,758.70703,150.42805,132.03613,107.37766,MY07
2025-12-11,1,1897,MY08,1182,277.87225,163.70654,690.7919,455.08536,1384.4509,1047.0679,167.67117,151.23103,132.06856,MY08
2025-12-11,1,1898,MY09,672,90.68899,96.20109,491.29764,307.32132,1363.0803,972.2648,94.55332,158.9061,139.99075,MY09
2025-12-11,1,1899,MY10,42,34.190475,38.76032,339.2143,155.40794,1034.0714,756.69684,89.557106,214.5868,136.41534,MY10
2025-12-11,1,1900,MY11,31,29.967741,49.855915,299.2258,189.53117,1178.8387,870.3882,63.744705,156.38922,135.23586,MY11
2025-12-11,1,1901,MY12,2407,89.67262,97.04548,293.11218,272.4343,837.70715,809.863,92.77493,107.45325,103.41704,MY12
2025-12-11,1,1902,MY13,4031,117.66311,116.0308,409.67477,360.67523,997.3922,1032.6284,101.34867,113.39974,96.604164,MY13
2025-12-11,1,1904,MY15,416,400.59616,287.67484,1268.5553,766.4065,2203.5361,1596.1868,138.58252,165.09521,137.9312,MY15
2025-12-11,1,1903,MY17,254,119.57481,90.019684,495.311,317.2739,1072.8859,939.7865,131.1042,155.24403,114.08777,MY17
2025-12-21,1,1891,MY01,622,81.273315,131.52899,349.53055,363.8582,872.7236,848.5807,63.19047,96.11568,102.82842,MY01
2025-12-21,1,1892,MY02,290,25.55862,56.11908,79.10345,192.19759,1306.3585,847.65955,49.998493,42.64933,153.79626,MY02
2025-12-21,1,1893,MY03,485,112.08866,178.34523,363.44122,560.30853,1807.5215,1353.9434,63.8624,65.17525,133.37726,MY03
2025-12-21,1,1894,MY04,9,89.333336,93.844444,233.33334,257.7074,961.7778,854.57776,95.43616,90.72198,112.471245,MY04
2025-12-21,1,37336,MY05,5,187.2,116.68667,372.4,315.12668,1122.3999,1092.6,157.94664,117.89082,102.715004,MY05
2025-12-21,1,1895,MY06,53,75.43396,74.40692,200.66037,222.43144,617.01886,653.51825,101.29339,90.427414,94.457344,MY06
2025-12-21,1,1896,MY07,217,105.133644,100.39309,272.24884,290.76636,870.5438,807.9181,104.49797,93.73914,107.70382,MY07
2025-12-21,1,1897,MY08,1182,154.62268,170.92001,477.5017,504.78247,1455.8824,1151.0536,90.73594,94.648544,126.36806,MY08
2025-12-21,1,1898,MY09,672,64.072914,99.975746,187.26785,300.07852,1336.8943,981.7024,65.79893,63.022415,135.99788,MY09
2025-12-21,1,1899,MY10,42,14.738095,31.405556,59.857143,123.71111,986.78577,679.3929,54.217262,50.3897,144.91469,MY10
2025-12-21,1,1900,MY11,31,35.35484,45.73441,77.35484,151.96344,1126.6129,812.01184,79.54136,52.46753,138.5063,MY11
2025-12-21,1,1901,MY12,2407,100.95554,108.183395,273.0515,298.341,876.506,833.47754,93.61404,91.66302,105.13174,MY12
2025-12-21,1,1902,MY13,4031,176.8437,150.32993,456.22974,393.91275,1107.5045,1091.0774,117.06933,115.62171,101.498726,MY13
2025-12-21,1,1904,MY15,416,163.07692,265.21008,636.2861,831.1429,2256.3606,1781.1556,62.20231,76.695755,126.604904,MY15
2025-12-21,1,1903,MY17,254,99.65748,100.42848,261.2756,289.10828,1118.0433,967.0714,99.26869,90.53659,115.53095,MY17
2026-01-01,1,1891,MY01,622,48.543407,100.24657,340.15112,337.89624,845.1351,888.2762,50.874256,100.65759,95.17046,MY01
2026-01-01,1,1892,MY02,290,8.506897,36.81517,71.24483,152.15115,1199.0034,753.9038,32.30143,48.516876,158.65034,MY02
2026-01-01,1,1893,MY03,485,45.76701,107.75285,373.67834,464.76672,1747.7606,1349.7665,45.025032,80.60987,129.37733,MY03
2026-01-01,1,1894,MY04,9,37.333332,73.91482,234.1111,243.45926,889.44446,847.5741,53.64434,96.23755,104.91106,MY04
2026-01-01,1,37336,MY05,5,223.0,81.333336,462.2,295.64,1189.0,1041.6866,264.09265,155.4018,114.07426,MY05
2026-01-01,1,1895,MY06,53,26.660378,42.291195,192.39621,182.57108,579.1321,639.1962,66.94772,105.23809,90.67611,MY06
2026-01-01,1,1896,MY07,217,32.59447,57.937172,274.35025,243.20769,821.8941,798.98016,59.73333,112.54698,102.85007,MY07
2026-01-01,1,1897,MY08,1182,63.018612,103.77095,495.51355,431.99734,1406.7098,1172.1661,62.533806,114.53469,119.92444,MY08
2026-01-01,1,1898,MY09,672,36.995537,70.50863,191.75745,262.27505,1259.6993,937.49915,55.616875,73.6161,134.18573,MY09
2026-01-01,1,1899,MY10,42,3.952381,24.020636,52.88095,91.363495,903.8334,593.87225,30.84833,60.065228,151.75746,MY10
2026-01-01,1,1900,MY11,31,13.4838705,40.83656,78.80645,134.51828,1015.871,716.79675,40.325607,60.068436,141.43468,MY11
2026-01-01,1,1901,MY12,2407,165.27005,95.2145,355.89822,299.5567,946.6664,848.112,169.90561,118.49952,111.55234,MY12
2026-01-01,1,1902,MY13,4031,227.46837,133.04828,521.97516,399.57355,1238.8566,1116.8174,168.39642,130.25447,110.87871,MY13
2026-01-01,1,1904,MY15,416,58.384617,153.06058,622.05774,689.78687,2211.7332,1836.0808,40.10147,90.251816,120.4039,MY15
2026-01-01,1,1903,MY17,254,40.81496,77.026115,260.04724,263.56418,1052.6102,960.9765,55.85411,98.69047,109.48613,MY17
2026-01-11,1,1891,MY01,622,7.590032,82.84357,137.40675,312.61478,772.7444,905.41187,14.332334,44.83631,85.42775,MY01
2026-01-11,1,1892,MY02,290,2.7413793,29.090115,36.806896,120.98391,1082.1447,659.6484,22.708576,33.184315,163.5669,MY02
2026-01-11,1,1893,MY03,485,13.463918,71.02625,171.31958,356.11478,1628.6967,1311.3802,24.28624,48.826466,124.105225,MY03
2026-01-11,1,1894,MY04,9,27.0,62.774075,153.66667,229.46666,816.7778,821.5296,47.21569,67.67132,99.42509,MY04
2026-01-11,1,37336,MY05,5,84.2,75.026665,494.40002,273.39334,1159.0,993.2867,111.462845,179.38649,116.59978,MY05
2026-01-11,1,1895,MY06,53,2.8679245,35.206917,104.962265,150.8937,504.22638,613.5465,19.568584,70.53669,82.32629,MY06
2026-01-11,1,1896,MY07,217,5.211982,46.906452,142.9401,203.2298,734.6406,772.98895,19.67382,71.046555,95.07084,MY07
2026-01-11,1,1897,MY08,1182,10.467851,79.529274,228.10915,353.06885,1318.105,1164.2456,18.29881,65.10177,113.15886,MY08
2026-01-11,1,1898,MY09,672,8.757441,55.39107,109.82589,225.0938,1149.0773,881.5605,22.780586,49.903946,130.17468,MY09
2026-01-11,1,1899,MY10,42,2.547619,15.603969,21.238094,70.03889,807.23816,502.74127,36.631866,34.965996,159.97089,MY10
2026-01-11,1,1900,MY11,31,2.096774,30.363441,50.935486,116.527954,891.41943,615.6656,20.06811,46.026848,144.42873,MY11
2026-01-11,1,1901,MY12,2407,36.23556,90.80554,302.46115,292.5835,929.29706,847.1312,43.040894,103.31929,109.64239,MY12
2026-01-11,1,1902,MY13,4031,94.01414,126.939926,498.3262,411.57568,1207.9811,1144.2448,75.04486,120.82467,105.54593,MY13
2026-01-11,1,1904,MY15,416,19.98077,100.32837,241.4423,515.87787,2128.3027,1833.3256,23.71704,47.312878,116.045975,MY15
2026-01-11,1,1903,MY17,254,22.33071,62.917454,162.80315,239.52126,976.8779,937.1676,40.24107,68.625175,104.21479,MY17
2026-01-21,1,1891,MY01,622,13.657557,93.333336,69.79099,276.42346,743.93726,910.567,18.973785,26.575962,81.80038,MY01
2026-01-21,1,1892,MY02,290,3.9,35.21701,15.148275,101.1223,945.55524,559.12036,22.129938,18.9859,168.5022,MY02
2026-01-21,1,1893,MY03,485,29.035051,83.37615,88.265976,262.15527,1527.9751,1254.7751,38.511578,34.910774,121.68641,MY03
2026-01-21,1,1894,MY04,9,21.777779,76.02963,86.11111,212.71852,782.3333,790.22595,33.046894,41.84812,99.0075,MY04
2026-01-21,1,37336,MY05,5,95.4,71.62667,402.6,227.98666,1136.6,913.14667,131.02487,174.94565,124.33743,MY05
2026-01-21,1,1895,MY06,53,4.1698112,35.906918,33.698112,113.40503,490.83014,569.14716,22.416285,32.682827,86.35942,MY06
2026-01-21,1,1896,MY07,217,7.884793,46.159447,45.691246,151.00307,702.3364,723.70984,25.185558,32.493748,97.06695,MY07
2026-01-21,1,1897,MY08,1182,17.172588,79.289116,90.65906,262.58936,1247.8909,1124.4325,26.305399,35.748455,110.931015,MY08
2026-01-21,1,1898,MY09,672,25.041666,68.078224,70.79464,193.97792,1028.3854,821.1684,41.108913,38.091984,125.08168,MY09
2026-01-21,1,1899,MY10,42,1.6428572,16.875397,8.142858,56.5,703.88104,403.3635,30.366796,21.3705,173.5907,MY10
2026-01-21,1,1900,MY11,31,8.258064,42.0129,23.838709,113.212906,744.35486,523.0882,28.200907,24.395567,141.89957,MY11
2026-01-21,1,1901,MY12,2407,79.061485,86.808975,280.5671,272.829,882.9509,827.4408,91.561295,102.7852,106.66835,MY12
2026-01-21,1,1902,MY13,4031,110.787895,138.74223,432.27042,398.73044,1221.5228,1156.1351,80.55245,108.30752,105.63136,MY13
2026-01-21,1,1904,MY15,416,11.802885,100.6597,90.168274,354.04865,2030.0576,1785.6006,15.902832,26.505676,113.652245,MY15
2026-01-21,1,1903,MY17,254,23.629921,72.07441,86.77559,212.01797,938.03937,896.6214,37.14582,42.289394,104.59372,MY17
2026-02-01,1,1891,MY01,622,7.9180064,47.915485,29.165596,224.09239,681.5241,867.04315,24.412527,14.913458,78.72594,MY01
2026-02-01,1,1892,MY02,290,10.168965,23.372068,16.810345,87.6792,741.2138,488.11334,53.46443,23.533161,151.32704,MY02
2026-02-01,1,1893,MY03,485,16.059793,27.661375,58.55876,182.06378,1318.5092,1139.8756,64.479195,33.97705,115.602875,MY03
2026-02-01,1,1894,MY04,9,45.22222,60.72963,94.0,199.53333,751.44446,737.7074,76.40728,48.40287,101.849594,MY04
2026-02-01,1,37336,MY05,5,51.6,47.48,231.20001,194.13333,1104.4,836.67334,107.85061,118.614006,131.80885,MY05
2026-02-01,1,1895,MY06,53,11.81132,31.66415,18.849056,102.777985,457.30185,521.5383,45.852203,22.127947,87.80023,MY06
2026-02-01,1,1896,MY07,217,15.281106,36.584946,28.37788,129.65085,637.7328,663.7401,48.770306,24.788465,96.111,MY07
2026-02-01,1,1897,MY08,1182,25.021997,44.38494,52.662437,203.20332,1100.7404,1049.7896,60.79181,27.695253,104.83042,MY08
2026-02-01,1,1898,MY09,672,33.6622,39.38651,67.4613,162.8558,846.6295,750.56744,87.1035,43.16878,112.7139,MY09
2026-02-01,1,1899,MY10,42,4.095238,11.595238,8.285715,44.074604,566.8095,332.28888,54.80631,27.072487,169.53108,MY10
2026-02-01,1,1900,MY11,31,32.096775,32.731182,42.451614,105.10753,578.7743,467.8344,98.31861,43.095703,123.46274,MY11
2026-02-01,1,1901,MY12,2407,83.435814,85.9525,198.73285,263.56702,851.4927,825.30426,97.23297,75.85922,103.154076,MY12
2026-02-01,1,1902,MY13,4031,89.61201,116.49151,294.41403,382.17368,1250.6566,1156.2256,77.875404,77.33326,108.13202,MY13
2026-02-01,1,1904,MY15,416,24.927885,34.4,56.71154,235.38806,1844.1034,1619.6406,75.9591,25.671635,113.816154,MY15
2026-02-01,1,1903,MY17,254,38.31496,51.30761,84.27559,186.29947,870.4724,812.93884,76.92559,46.667976,107.033966,MY17
2026-02-11,1,1891,MY01,622,126.307076,37.718487,147.88264,178.96732,699.7492,810.7472,307.37762,83.10316,86.39309,MY01
2026-02-11,1,1892,MY02,290,44.168964,37.9677,58.23793,96.556786,556.3724,435.2999,114.43238,62.268543,127.497734,MY02
2026-02-11,1,1893,MY03,485,88.61443,39.27237,133.70927,150.3099,1130.0577,1027.1053,211.45114,89.31129,109.97499,MY03
2026-02-11,1,1894,MY04,9,161.0,60.64074,228.0,197.4,790.11115,689.4482,252.89172,115.118576,114.495384,MY04
2026-02-11,1,37336,MY05,5,83.0,42.886665,230.0,161.99333,1065.8,755.4267,183.76724,140.72418,140.81569,MY05
2026-02-11,1,1895,MY06,53,98.0,33.872326,113.98113,101.4434,474.49054,470.71823,264.97,111.778786,100.79297,MY06
2026-02-11,1,1896,MY07,217,100.41014,34.02673,123.57604,116.77112,638.50696,599.3653,270.0973,105.588295,106.47649,MY07
2026-02-11,1,1897,MY08,1182,107.14636,35.62442,149.34094,159.29848,1068.242,966.7734,276.05652,93.93936,110.44159,MY08
2026-02-11,1,1898,MY09,672,113.77381,50.67262,172.47768,158.13734,773.6012,689.39044,213.3433,108.79034,112.12729,MY09
2026-02-11,1,1899,MY10,42,27.738094,20.009523,33.47619,48.48016,393.9286,276.06668,130.90251,71.94479,141.93379,MY10
2026-02-11,1,1900,MY11,31,123.16129,48.749462,163.51613,123.493546,513.67737,428.92365,238.44199,131.14754,119.531944,MY11
2026-02-11,1,1901,MY12,2407,213.91109,83.10173,376.4084,255.8632,971.9816,826.5783,248.47536,146.21011,117.48522,MY12
2026-02-11,1,1902,MY13,4031,167.0774,111.43038,367.4773,366.66412,1275.4784,1143.2156,147.79424,100.218796,111.51899,MY13
2026-02-11,1,1904,MY15,416,96.16586,43.64367,132.89664,178.70337,1642.8942,1459.5908,207.97334,75.064835,112.51566,MY15
2026-02-11,1,1903,MY17,254,140.5433,51.848164,202.48819,175.23018,860.6023,728.1035,256.02112,115.124,118.07368,MY17
2026-02-21,1,1891,MY01,622,29.327974,31.283012,163.55305,116.916985,582.87463,752.45807,94.611694,138.25232,77.6115,MY01
2026-02-21,1,1892,MY02,290,21.451725,30.14862,75.78966,91.48839,170.04138,380.64804,75.2568,83.72993,45.388897,MY02
2026-02-21,1,1893,MY03,485,19.457731,36.91072,124.13196,103.84447,575.8391,914.7802,58.356743,118.63897,63.149773,MY03
2026-02-21,1,1894,MY04,9,69.55556,57.477776,275.77777,178.84814,595.2222,644.93335,119.33132,152.72266,92.35136,MY04
2026-02-21,1,37336,MY05,5,115.4,30.04,250.0,120.40667,1025.0,669.62,343.6073,203.33846,152.67854,MY05
2026-02-21,1,1895,MY06,53,53.45283,34.131447,163.26414,99.66792,397.62262,431.7547,149.3756,160.76,92.18507,MY06
2026-02-21,1,1896,MY07,217,42.986176,32.873577,158.67743,103.48525,476.61752,540.5178,126.700935,150.87527,88.2863,MY07
2026-02-21,1,1897,MY08,1182,28.230965,32.78522,160.39932,112.794586,728.56006,873.82434,87.94699,140.41335,83.47061,MY08
2026-02-21,1,1898,MY09,672,36.263393,43.837353,183.6994,133.89648,441.7619,623.81976,84.49146,135.85614,71.04768,MY09
2026-02-21,1,1899,MY10,42,11.809524,17.827778,43.642857,49.43254,111.64287,226.13809,73.63627,89.36356,50.464584,MY10
2026-02-21,1,1900,MY11,31,31.580645,36.13871,186.83871,117.619354,288.0323,380.27957,88.92025,156.45059,76.05705,MY11
2026-02-21,1,1901,MY12,2407,184.13419,59.6462,481.48108,228.70042,1035.0996,802.2227,292.56815,208.1644,128.84915,MY12
2026-02-21,1,1902,MY13,4031,167.40982,85.76123,424.0992,313.68314,1312.5994,1109.2164,189.95976,134.64761,118.25345,MY13
2026-02-21,1,1904,MY15,416,10.920673,39.646553,132.01442,117.69022,858.46875,1286.3788,35.659355,111.675095,66.8641,MY15
2026-02-21,1,1903,MY17,254,61.755905,48.08819,240.61417,151.24396,588.6654,647.5955,125.74531,157.19914,90.96989,MY17
2026-03-01,1,1891,MY01,622,44.565918,53.97701,200.20097,122.97851,569.5177,684.9671,84.04278,160.34018,83.2674,MY01
2026-03-01,1,1892,MY02,290,14.831035,48.941265,80.45172,117.05759,168.5069,356.88794,36.764126,70.00935,47.944923,MY02
2026-03-01,1,1893,MY03,485,15.909278,48.551823,123.981445,124.73492,556.21857,771.5654,39.044945,99.41922,72.26932,MY03
2026-03-01,1,1894,MY04,9,77.0,64.35555,307.55554,182.47408,635.6666,625.4667,118.231346,166.71935,101.617836,MY04
2026-03-01,1,37336,MY05,5,32.8,33.64,231.2,106.566666,924.60004,596.34,97.82609,211.71198,154.58809,MY05
2026-03-01,1,1895,MY06,53,45.226414,44.93962,196.67924,112.9434,407.9245,398.29245,100.57428,170.99664,102.38836,MY06
2026-03-01,1,1896,MY07,217,50.751152,48.582336,194.14746,115.48264,496.87558,488.34116,104.04763,165.29141,101.72992,MY07
2026-03-01,1,1897,MY08,1182,29.858713,48.703724,165.23604,117.113365,713.412,752.314,64.909294,139.40819,94.86316,MY08
2026-03-01,1,1898,MY09,672,51.7872,63.67862,201.8244,158.18858,461.04315,583.31946,82.68542,126.7395,79.216,MY09
2026-03-01,1,1899,MY10,42,6.047619,35.734127,45.595238,73.57143,106.7619,209.00952,27.121284,64.39394,52.222866,MY10
2026-03-01,1,1900,MY11,31,26.612904,53.53871,181.35484,138.42688,302.6129,378.05267,54.003418,129.9302,80.30564,MY11
2026-03-01,1,1901,MY12,2407,131.65186,65.63948,529.69714,208.3874,1084.3282,771.5111,193.44969,250.57578,140.28496,MY12
2026-03-01,1,1902,MY13,4031,119.26247,97.78273,453.7497,294.97433,1270.1389,1076.7216,120.8982,152.92966,117.88051,MY13
2026-03-01,1,1904,MY15,416,12.891827,43.607533,119.97836,126.89776,798.74756,1052.0726,36.808754,94.75396,76.035225,MY15
2026-03-01,1,1903,MY17,254,65.84252,57.666534,268.14172,157.60289,612.4646,607.46655,113.046814,167.98085,100.81605,MY17
2026-03-11,1,1891,MY01,622,27.11897,54.053535,101.01286,139.31355,386.30225,630.8956,54.389584,73.46009,61.53561,MY01
2026-03-11,1,1892,MY02,290,11.072413,56.3977,47.355175,135.48758,142.40001,353.0283,26.17755,37.266766,41.169933,MY02
2026-03-11,1,1893,MY03,485,9.983505,54.274982,45.350513,139.73753,350.3794,646.1622,25.277958,34.78746,54.57617,MY03
2026-03-11,1,1894,MY04,9,83.333336,67.422226,229.88889,189.25555,611.55554,616.1222,121.969925,120.917465,99.26478,MY04
2026-03-11,1,37336,MY05,5,10.8,35.36,159.0,99.04,883.4,534.4267,39.14767,157.63168,164.69337,MY05
2026-03-11,1,1895,MY06,53,34.4717,49.16604,133.15094,128.2371,352.09433,380.57422,72.87167,103.688034,92.61364,MY06
2026-03-11,1,1896,MY07,217,39.08295,49.962673,132.82028,131.41858,399.33643,451.41953,80.205246,101.027504,88.58877,MY07
2026-03-11,1,1897,MY08,1182,28.85533,48.266552,86.94501,129.7555,464.39508,642.1228,63.558327,68.230995,72.535706,MY08
2026-03-11,1,1898,MY09,672,43.25744,69.668205,131.30804,177.18417,413.6116,560.41534,64.629166,74.81882,74.03612,MY09
2026-03-11,1,1899,MY10,42,1.8333334,42.246826,19.690477,95.80873,74.40476,214.32777,14.463054,24.4924,36.203697,MY10
2026-03-11,1,1900,MY11,31,20.32258,57.896774,78.51613,147.57419,292.96774,387.5957,40.26054,54.738045,75.89684,MY11
2026-03-11,1,1901,MY12,2407,49.94267,70.492424,365.7287,195.7781,1044.5983,744.22485,72.779045,184.64598,140.09123,MY12
2026-03-11,1,1902,MY13,4031,46.397915,107.51873,333.07022,291.06268,1198.8737,1069.3025,45.67943,114.18873,112.06095,MY13
2026-03-11,1,1904,MY15,416,12.617788,46.1887,36.43029,129.44278,410.76923,824.02405,34.417336,30.8163,50.151646,MY15
2026-03-11,1,1903,MY17,254,54.85827,62.30643,182.4567,168.06116,547.74805,582.8126,88.93396,108.318184,94.03474,MY17
2026-03-21,1,1891,MY01,622,42.18167,71.5336,113.86656,179.56415,347.2106,572.9046,61.648308,64.40393,60.946148,MY01
2026-03-21,1,1892,MY02,290,20.310345,108.64667,46.21379,213.98563,137.15172,406.5963,22.271084,23.386827,34.536682,MY02
2026-03-21,1,1893,MY03,485,28.762886,87.73223,54.65567,190.55904,267.0536,556.5588,36.409008,30.505198,48.446144,MY03
2026-03-21,1,1894,MY04,9,73.44444,105.022224,233.77779,236.8,595.6666,628.36664,71.29872,98.750114,94.83711,MY04
2026-03-21,1,37336,MY05,5,15.2,51.226665,58.8,120.22667,711.4,468.62,35.926018,50.947613,151.26051,MY05
2026-03-21,1,1895,MY06,53,50.773586,67.32013,130.4717,161.42578,327.43396,374.49875,77.120415,81.400665,87.59817,MY06
2026-03-21,1,1896,MY07,217,49.470047,71.83978,139.30415,170.3848,343.6728,424.8731,70.887825,82.278595,81.110634,MY07
2026-03-21,1,1897,MY08,1182,35.072758,70.36802,93.786804,167.3383,344.84515,542.7222,53.16945,57.321445,63.87273,MY08
2026-03-21,1,1898,MY09,672,60.995537,110.57857,156.04018,243.9254,410.53424,571.7998,57.10015,64.69415,72.04133,MY09
2026-03-21,1,1899,MY10,42,8.595238,87.269844,16.47619,165.2508,68.2619,271.18332,14.734216,12.614444,26.52655,MY10
2026-03-21,1,1900,MY11,31,21.612904,103.42258,68.548386,214.85806,279.2258,445.69034,24.545536,33.452667,63.064545,MY11
2026-03-21,1,1901,MY12,2407,25.46074,88.658165,207.05527,224.79007,969.1035,726.3195,32.52331,92.28217,133.19807,MY12
2026-03-21,1,1902,MY13,4031,53.15629,128.29604,218.81668,333.5975,1075.1863,1046.0111,43.62942,66.101105,102.77592,MY13
2026-03-21,1,1904,MY15,416,24.53125,73.352486,50.040863,163.14871,272.22357,634.8876,37.69025,32.733444,43.323795,MY15
2026-03-21,1,1903,MY17,254,74.874016,94.027954,195.5748,214.00092,522.9646,577.2629,80.65805,91.58629,90.67461,MY17
