stop_id,stop_name,stop_lat,stop_lon,operator
1001828,PJ445 LRT TAMAN JAYA,3.103876,101.644993,rapidbus_kl
1006035,PJ84 PJ WALK,3.100201666,101.6452966,rapidbus_kl
1001979,PJ434 DEWAN SIVIK MBPJ,3.098113,101.645854,rapidbus_kl
1006036,PJ757 WISMA IEM,3.098985,101.646956,rapidbus_kl
1006206,PJ451 WISMA PERKESO,3.094789,101.646736,rapidbus_kl
1003674,PJ452 KOMPLEKS ARENA PJ,3.092533,101.645975,rapidbus_kl
1002425,PJ453 PERPUSTAKAAN KOMUNITI PJ,3.0908059472778,101.64604883686,rapidbus_kl
1003891,(M) PJ469 TERMINAL BAS,3.087051,101.647131,rapidbus_kl
1001844,PJ455 MAHKAMAH SYARIAH,3.086795,101.650753,rapidbus_kl
1001000,PJ411 APT INAI COURT (OPP),3.085194,101.654585,rapidbus_kl
1000942,PJ737 FLAT TAMAN PERANSANG,3.0814378714851,101.64831904603,rapidbus_kl
1000528,PJ739 TAMAN DATO HARUN,3.083589507932,101.63527896574,rapidbus_kl
1003570,PJ741 DESA MENTARI FASA 4 (UTARA),3.0843778280735,101.62811647765,rapidbus_kl
1000840,PJ145 GERAI PJS 2C,3.081736,101.627329,rapidbus_kl
1003149,PJ742 PJ SOUTH CITY,3.079994,101.627322,rapidbus_kl
1002339,PJ147 PJCC,3.077964,101.627341,rapidbus_kl
1002272,PJ148 PJS 4 (BARAT),3.0766227551742,101.62790886161,rapidbus_kl
1001765,PJ149 PJS 4 (TIMUR),3.076324,101.629378,rapidbus_kl
1006037,PJ137 TERMINAL TAMAN MEDAN,3.075537,101.633102,rapidbus_kl
1002554,PJ138 PJS 4 (TIMUR),3.076043,101.629572,rapidbus_kl
1003446,PJ139 PJS 4 (BARAT),3.0763448090071,101.62789897956,rapidbus_kl
1002851,PJ140 PJCC,3.078428,101.627186,rapidbus_kl
1000839,PJ141 PJ SOUTH CITY,3.080845,101.627209,rapidbus_kl
1003745,PJ143 SURAU MADRASATUL IMANIYA,3.083289,101.627176,rapidbus_kl
1003075,PJ730 FLAT DESA MENTARI,3.084916,101.627607,rapidbus_kl
1003685,PJ731 KTM KG DATO HARUN (UTARA),3.084208,101.633581,rapidbus_kl
1002254,PJ733 TAMAN MAJU JAYA,3.0831545080372,101.64062877884,rapidbus_kl
1000943,PJ734 TAMAN PETALING UTAMA,3.081794,101.649809,rapidbus_kl
1000999,PJ412 APT INAI COURT,3.085098,101.654377,rapidbus_kl
1004161,PJ413 UITM PJ (OPP),3.086949,101.652272,rapidbus_kl
1001981,PJ415 TERMINAL BAS (OPP),3.086895,101.646789,rapidbus_kl
1006205,PJ456 PERPUSTAKAAN KOMUNITI PJ (OPP),3.090344,101.64598,rapidbus_kl
1006033,PJ460 KOMPLEKS ARENA PJ (OPP),3.09203,101.6455333,rapidbus_kl
1006034,PJ432 WISMA PERKESO (OPP),3.095074,101.646502,rapidbus_kl
1001509,PJ435 WISMA MCIS,3.101044,101.641252,rapidbus_kl
1001785,PJ437 LRT ASIA JAYA,3.1038828935882,101.63914593158,rapidbus_kl
1003320,PJ439 SK SRI PETALING (OPP),3.108625,101.639152,rapidbus_kl
1000484,PJ278 DIGITAL MALL SEKSYEN 14,3.110474,101.636336,rapidbus_kl
1005034,PJ302 QUILL 9,3.114216,101.632624,rapidbus_kl
1000944,PJ210 HOTEL LISA DE INN,3.118249,101.630639,rapidbus_kl
1003538,PJ211 FLAT SEKSYEN 17 (SELATAN),3.118937,101.633375,rapidbus_kl
1004190,PJ212 JAYA ONE MALL (OPP),3.118939,101.635496,rapidbus_kl
1002675,PJ237 PUSAT ASASI UIA (SELATAN),3.118802,101.639562,rapidbus_kl
1001955,PJ238 MASJID KOLEJ ISLAM,3.118732,101.640579,rapidbus_kl
1003407,PJ245 SMK SULTAN ABD SAMAD (TIMUR),3.118566,101.645001,rapidbus_kl
1001007,PJ247 MAHSA UNIVERSITY (TIMUR),3.1170217390042,101.6497825531,rapidbus_kl
1002619,PJ248 PPUM MAIN GATE,3.1144523951478,101.65100238888,rapidbus_kl
1002617,PJ249 PPUM (UTARA),3.1132947310948,101.651397545,rapidbus_kl
1001729,PJ472 PJ CHURCH,3.107376541027,101.65380659344,rapidbus_kl
1003129,PJ474 SK LA SALLE (SELATAN),3.100103,101.652639,rapidbus_kl
1003339,PJ448 SMK (P) ASSUNTA (OPP),3.0988006231217,101.65038859623,rapidbus_kl
1000165,PJ133 SHERATON PJ,3.103207,101.640056,rapidbus_kl
1002556,PJ749 WISMA MCIS,3.1010266331046,101.64223527584,rapidbus_kl
1002012,PJ716 MENARA AMFIRST,3.118122,101.629172,rapidbus_kl
1000836,PJ312 MEDAN SELERA SEKSYEN 19,3.118849,101.628699,rapidbus_kl
1000980,PJ313 KOMERSIAL SEKSYEN 19,3.1182813451754,101.62627247048,rapidbus_kl
1006038,PJ771 KOMERSIAL SS2 (PUBLIC BANK),3.120713,101.621792,rapidbus_kl
1001276,PJ347 KOMERSIAL SS2 (POH KONG),3.1172538268936,101.62088640147,rapidbus_kl
1900004,SS2,3.116222,101.622244,rapidbus_kl
1000204,PJ712 BALAI POLIS SEAPARK,3.117036,101.623111,rapidbus_kl
1002865,PJ349 MEDAN SELERA SEKSYEN 19,3.119018,101.628689,rapidbus_kl
1004179,PJ251 UNIVERSITY TOWER,3.113503,101.650419,rapidbus_kl
1003630,PJ252 SK SULTAN ALAM SHAH 2,3.112273,101.647177,rapidbus_kl
1002142,PJ253 GERAK BUDAYA,3.111712,101.646397,rapidbus_kl
1004272,PJ443 YAYASAN CANCERLINK,3.108473,101.645841,rapidbus_kl
1001830,PJ343 LRT TAMAN BAHAGIA,3.1107429326435,101.61301934275,rapidbus_kl
1002952,PJ186 RUMAH NO 57,3.1078518701893,101.61127771644,rapidbus_kl
1006208,PETRONAS/SHELL (OPP),3.10816,101.60637,rapidbus_kl
1006209,RUMAH NO 28,3.10945,101.60324,rapidbus_kl
1006210,KUARTERS PDRM,3.10943,101.60006,rapidbus_kl
1003347,PJ633 SMK KELANA JAYA,3.1090534541627,101.59607154107,rapidbus_kl
1001381,PJ331 HIGHPARK SUITES,3.1017526230211,101.60002442637,rapidbus_kl
1006211,PJ770 PANGSAPURI PKNS (OPP),3.102563,101.600384,rapidbus_kl
1006212,DATARAN GLOMAC,3.10455,101.6003233,rapidbus_kl
1002198,PJ506 PERUMAHAN PDRM (OPP),3.105075,101.600731,rapidbus_kl
1003137,PJ513 WISMA REHDA,3.1051840616149,101.60657921929,rapidbus_kl
1006213,RUMAH NO 24,3.10305,101.606737,rapidbus_kl
1000032,7 ELEVEN,3.1008293895738,101.60540618171,rapidbus_kl
1006214,RUMAH NO 159 (OPP),3.099316,101.60424,rapidbus_kl
1006227,RUMAH NO 52,3.096950597,101.6049881,rapidbus_kl
1006216,RUMAH NO 28,3.096366,101.6057627,rapidbus_kl
1003501,YAYASAN TAIWAN BUDDIST (OPP),3.0961147309678,101.60702123187,rapidbus_kl
1001910,PJ183 PERUMAHAN SS 5B,3.100139,101.607028,rapidbus_kl
1002914,PJ202 PERUMAHAN SS 3,3.101656,101.609481,rapidbus_kl
1006217,PJ203 SMK SRI PERMATA,3.101638,101.613569,rapidbus_kl
1003552,PJ340 PERUMAHAN SS 1,3.104662,101.616327,rapidbus_kl
1002107,PJ341 SPG SS 1/32,3.108606,101.616488,rapidbus_kl
1003411,PJ342 SMK TAMAN SEA (OPP),3.110045,101.616185,rapidbus_kl
1006218,PJ187 RUMAH NO 107,3.104773,101.612841,rapidbus_kl
1001134,PJ192 SMK SRI PERMATA (OPP),3.101495,101.614212,rapidbus_kl
1002341,PJ194 PERUMAHAN SS 3,3.099624,101.610988,rapidbus_kl
1000031,PJ195 KOMERSIAL SS 3,3.096785,101.610994,rapidbus_kl
1002879,RUMAH NO 1,3.0915189770129,101.61117726789,rapidbus_kl
1002192,PJ559 PJ ECO RECYCLE PLAZA,3.088571,101.614094,rapidbus_kl
1002167,PJ116 PUSAT KOMERSIAL PJ21,3.090166,101.614831,rapidbus_kl
1002969,PJ334 RUMAH NO 9,3.093237,101.616548,rapidbus_kl
1002933,PJ335 RUMAH NO 35,3.095271,101.617346,rapidbus_kl
1003551,PJ111 SPG SS 1/1D,3.095649,101.618487,rapidbus_kl
1004256,PJ112 WISMA SKPPK,3.092249,101.620683,rapidbus_kl
1002817,PJ699 PBMM SJKC SG WAY (OPP),3.0902357938885,101.62072133016,rapidbus_kl
1003626,PJ113 SJKC SUNGAI WAY,3.0881056103752,101.62077673948,rapidbus_kl
1000837,PJ326 SEKSYEN 51A,3.088626,101.625297,rapidbus_kl
1002331,PJ327 PADANG PERMAINAN,3.093704,101.627914,rapidbus_kl
1003205,(M) PJ318 SHELL SEKSYEN 51A,3.096406,101.630603,rapidbus_kl
1003403,PJ291 SMK SRI UTAMA,3.09848,101.632262,rapidbus_kl
1000813,PJ720 BANGUNAN O'CONNOR (OPP),3.100253969883,101.6321280802,rapidbus_kl
1000897,PJ747 SEKSYEN 51A (UTARA),3.101374,101.630668,rapidbus_kl
1003414,PJ296 SMK (P) SRI AMAN,3.103313,101.629204,rapidbus_kl
1006225,WISMA JAFER ZAIDI,3.106699,101.625504,rapidbus_kl
1000820,GALAXY OPTICARE,3.1087647307459,101.62376294212,rapidbus_kl
1003232,PJ308 SHELL SEAPARK,3.109686,101.623135,rapidbus_kl
1006226,PJ309 HERBALINE SEAPARK,3.111494,101.621716,rapidbus_kl
1002049,PJ711 PETRON SEAPARK (OPP),3.1140025601091,101.62057488852,rapidbus_kl
1000639,PJ718 PETRON SEAPARK,3.111368,101.618785,rapidbus_kl
1000909,(M) PJ530 HENTIAN BANDAR UTAMA,3.151359,101.613382,rapidbus_kl
1000248,PJ532 ONE UTAMA LDP,3.1504336534116,101.61652418032,rapidbus_kl
1007490,PJ537 FIRST AVENUE,3.146518,101.615333,rapidbus_kl
1008182,SMK BANDAR UTAMA (OPP),3.142478,101.615635,rapidbus_kl
1008183,PELANGI UTAMA CONDOMINIUM,3.141615,101.615396,rapidbus_kl
1008184,DATARAN PELANGI UTAMA,3.139342,101.614173,rapidbus_kl
1008185,SETERRA CONDOMINIUM,3.137411,101.613321,rapidbus_kl
1008187,MASJID AL-MAMURIAH,3.135404,101.61252,rapidbus_kl
1000036,(M) PJ726 JEJANTAS DAMANSARA UTAMA,3.1323850131623,101.62160934468,rapidbus_kl
1001431,PJ723 JEJANTAS SS 22,3.1321518191064,101.62072174735,rapidbus_kl
1007130,PJ818 SMK DAMANSARA JAYA (OPP),3.130083,101.616811,rapidbus_kl
1007495,PJ508 ATRIA (OPP),3.128946,101.617086,rapidbus_kl
1002486,PJ509 DAMANSARA JAYA (TENGAH),3.128182,101.620429,rapidbus_kl
1001246,PJ510 KDU COLLEGE,3.126934,101.622458,rapidbus_kl
1001248,PJ627 KDU DAMANSARA JAYA,3.1276560174203,101.62332487017,rapidbus_kl
1002752,PJ581 PETRON SEAPARK,3.114403,101.621236,rapidbus_kl
1004001,PJ626 BP SPECIALIST CENTRE,3.1156536983894,101.61411791892,rapidbus_kl
1007496,PJ484 KDU (OPP),3.126847,101.622267,rapidbus_kl
1007128,PJ490 ATRIA,3.128542,101.617477,rapidbus_kl
1007129,SMK DAMANSARA JAYA,3.131484,101.616654,rapidbus_kl
1007494,10 BOULEVARD,3.132784,101.613496,rapidbus_kl
1007493,BHP KAYU ARA,3.133002,101.611273,rapidbus_kl
1007492,PETRON KAYU ARA,3.133325,101.611382,rapidbus_kl
1007323,PJ780 MASJID KAYU ARA (OPP),3.135421,101.612393,rapidbus_kl
1008186,SETERRA CONDOMINIUM (OPP),3.137216,101.61311,rapidbus_kl
1007095,PJ781 PANGSAPURI PELANGI ARA (OPP),3.139109,101.613941,rapidbus_kl
1007096,PJ782 SK BANDAR UTAMA DAMANSARA 2,3.14144,101.615209,rapidbus_kl
1007097,PJ783 SMK BANDAR UTAMA,3.142768,101.615573,rapidbus_kl
1007491,PJ536 FIRST AVENUE (OPP),3.146433,101.615092,rapidbus_kl
1000990,PJ533 IKEA (BARAT),3.154912,101.610549,rapidbus_kl
1007098,PJ814 MRT MUTIARA DAMANSARA PINTU C,3.156489,101.607885,rapidbus_kl
1007471,PJ371 THE CURVE (OPP),3.157948,101.608719,rapidbus_kl
1007473,PJ372 LOTUS MUTIARA DAMANSARA (OPP),3.159688,101.611884,rapidbus_kl
1007474,PJ373 RITZE PERDANA,3.164513,101.611072,rapidbus_kl
1002810,PJ375 PERDANA SHOPPING CENTRE,3.16759,101.606371,rapidbus_kl
1007475,PJ817 PERDANA EXCLUSIVE CONDO,3.169401,101.605361,rapidbus_kl
1002036,PJ377 METROPOLITAN SQUARE,3.1660577576591,101.60797944856,rapidbus_kl
1003243,PJ644 SOPHEA RESIDENCE,3.189981,101.617612,rapidbus_kl
1007480,PJ21 BANDAR SRI DAMANSARA 8,3.189215,101.616229,rapidbus_kl
1002796,KOMERSIAL SRI DAMANSARA,3.187211,101.615129,rapidbus_kl
1003869,(M) PJ22 KOMERSIAL BANDAR SRI DAMANSARA 7,3.185369,101.613436,rapidbus_kl
1007482,PJ23 SJKC DESA JAYA,3.185389,101.606998,rapidbus_kl
1007484,PJ863 KOMERSIAL BANDAR SRI DAMANSARA,3.188383,101.605487,rapidbus_kl
1007486,PJ864 SD APARTMENT,3.189776,101.605382,rapidbus_kl
1007487,SK BANDAR SRI DAMANSARA,3.191209,101.605695,rapidbus_kl
1001217,PJ31 MEDAN SELERA SRI DAMANSARA,3.19341,101.607121,rapidbus_kl
1007105,PJ784 SPHERE DAMANSARA,3.198239,101.59916,rapidbus_kl
1008657,PJ850 THE ZIZZ,3.198234,101.596464,rapidbus_kl
1002782,PJ49 APARTMENT LESTARI,3.197343,101.594348,rapidbus_kl
1002590,PJ52 APARTMENT IDAMAN,3.190686,101.592366,rapidbus_kl
1000127,PJ53 APARTMENT IMPIAN,3.191978,101.588458,rapidbus_kl
1000135,PJ54 APARTMENT PERMAI,3.194259,101.588235,rapidbus_kl
1007488,PJ55 RESIDENSI SUASANA DAMAI (OPP),3.194511,101.591378,rapidbus_kl
1002781,PJ62 APARTMENT LESTARI (OPP),3.197228,101.594008,rapidbus_kl
1001218,PJ32 MEDAN SELERA SRI DAMANSARA (OPP),3.193598,101.607479,rapidbus_kl
1008083,SK BANDAR SRI DAMANSARA (OPP),3.19075,101.60589,rapidbus_kl
1007485,MAYBANK SRI DAMANSARA (OPP),3.188177,101.605813,rapidbus_kl
1007483,PJ36 TAMAN CENTRAL SPINE SD,3.185258,101.607655,rapidbus_kl
1003870,PJ37 BANDAR SRI DAMANSARA 7,3.185592,101.613301,rapidbus_kl
1002795,KOMERSIAL SRI DAMANSARA (OPP),3.187535,101.614998,rapidbus_kl
1007481,PJ38 BANDAR SRI DAMANSARA 8,3.189218,101.615927,rapidbus_kl
1003242,PJ643 SOPHEA RESIDENCE (OPP),3.190264,101.617323,rapidbus_kl
1007321,PJ380 NEO DAMANSARA,3.164177,101.611665,rapidbus_kl
1007320,PJ381 LOTUS MUTIARA DAMANSARA,3.160333,101.612264,rapidbus_kl
1007472,PJ382 THE CURVE,3.157901,101.609333,rapidbus_kl
1007099,PJ809 MRT MUTIARA DAMANSARA PINTU B,3.155687,101.608187,rapidbus_kl
1007489,PJ822 OASIS BANDAR UTAMA,3.150327,101.610151,rapidbus_kl
1005696,PPJ191 KOMPLEKS PARCEL F,2.944757,101.708408,rapidbus_kl
1005702,SEKOLAH SULTAN ALAM SHAH,2.946936,101.710523,rapidbus_kl
1005625,PPJ276 KOMPLEKS PARCEL E (UTARA),2.944436,101.707934,rapidbus_kl
1005626,PPJ187 KOMPLEKS PARCEL E (BARAT),2.943665,101.705229,rapidbus_kl
1005627,PPJ188 DATARAN PAHLAWAN,2.941926,101.704431,rapidbus_kl
1005628,PPJ189 KOMPLEKS KERAJAAN PARCEL D,2.939138,101.701795,rapidbus_kl
1005652,PPJ49 KEMENTERIAN KEWANGAN,2.927547,101.688711,rapidbus_kl
1005653,PPJ50 PERBENDAHARAAN 2 (SELATAN),2.925327,101.687956,rapidbus_kl
1005654,PPJ51 LEMBAGA PEMBIAYAAN PERUMAHAN (SELATAN),2.923217,101.687236,rapidbus_kl
1005655,PPJ52 MENARA USAHAWAN,2.920856,101.686418,rapidbus_kl
1005656,PPJ53 ISTANA KEHAKIMAN (UTARA),2.918378,101.685599,rapidbus_kl
1005657,PPJ54 ISTANA KEHAKIMAN (SELATAN),2.916473,101.684966,rapidbus_kl
1005658,PPJ55 KEMENTERIAN BELIA & SUKAN,2.914144,101.684242,rapidbus_kl
1005659,PPJ376 GALERIA PJH,2.911057,101.683303,rapidbus_kl
1005660,PPJ56 MOTOCROSS CIRCUIT (TIMUR),2.909816,101.682767,rapidbus_kl
1005661,PPJ33 KEMENTERIAN PEMBANGUNAN LUAR BANDAR,2.904778,101.681029,rapidbus_kl
1005662,PPJ34 DATARAN GEMILANG,2.903404,101.681176,rapidbus_kl
1008624,PPJ35 KEMENTERIAN WANITA & MASYARAKAT,2.902484,101.680169,rapidbus_kl
1008626,PPJ5 PRESINT 5 (BARAT),2.895592,101.673208,rapidbus_kl
1008628,PPJ6 HERIOT-WATT UNIVERSITY P5 (OPP),2.897694,101.671086,rapidbus_kl
1008630,PPJ7 KEMENTERIAN PELANCONGAN,2.898823,101.668346,rapidbus_kl
1008632,PPJ8 APARTMENT 5R1 P5 (OPP),2.898637,101.666378,rapidbus_kl
1008634,PPJ9 PRESINT 6 (SELATAN),2.897135,101.665762,rapidbus_kl
1005700,PPJ11 KEMENTERIAN PENGAJIAN TINGGI,2.895867,101.667752,rapidbus_kl
1008629,PPJ19 HERIOT-WATT UNIVERSITY P5,2.898268,101.670839,rapidbus_kl
1008627,PPJ327 PRESINT 5 (BARAT),2.896024,101.673401,rapidbus_kl
1005663,PPJ37 DATARAN GEMILANG,2.903986,101.679528,rapidbus_kl
1005664,PPJ38 KEMENTERIAN PEMBANGUNAN LUAR BANDAR (OPP),2.904962,101.680463,rapidbus_kl
1005665,PPJ39 MOTOCROSS CIRCUIT,2.909976,101.682162,rapidbus_kl
1005666,PPJ40 GALERIA PJH,2.912047,101.682703,rapidbus_kl
1005667,PPJ41 KEMENTERIAN PERTANIAN,2.914798,101.683859,rapidbus_kl
1005668,PPJ42 PERBADANAN PUTRAJAYA (SELATAN),2.916673,101.684601,rapidbus_kl
1005669,PPJ43 PERBADANAN PUTRAJAYA (UTARA),2.918475,101.685189,rapidbus_kl
1005670,PPJ44 JABATAN PENDAFTARAN NEGARA,2.920393,101.685857,rapidbus_kl
1005671,PPJ45 LEMBAGA PEMBIAYAAN PERUMAHAN (UTARA),2.922944,101.686688,rapidbus_kl
1005672,PPJ46 PERBENDAHARAAN 2 (UTARA),2.924972,101.687394,rapidbus_kl
1005673,PPJ47 MENARA PERKESO,2.927249,101.688175,rapidbus_kl
1005725,PPJ48 PUTRA SQUARE,2.934597,101.690497,rapidbus_kl
1000314,PPJ185 TAMAN BOTANI PUTRAJAYA,2.946054,101.697888,rapidbus_kl
1000315,PPJ186 TAMAN PUTRA PERDANA (TIMUR),2.9474605297495,101.70363287265,rapidbus_kl
1001201,PPJ190 KOMPLEKS B/ LAMAN PERDANA (TIMUR),2.938926,101.695456,rapidbus_kl
1005597,PPJ132 APARTMENT PRESINT 11B,2.957192,101.676781,rapidbus_kl
1005693,PPJ266 PERUMAHAN PRESINT 11 (ZON 6B),2.952946,101.677025,rapidbus_kl
1005682,PPJ101 PERUMAHAN PRESINT 11H,2.954007,101.674455,rapidbus_kl
1005683,PPJ102 SAUJANA ASTER CONDOMINIUM,2.956264,101.673701,rapidbus_kl
1005684,PPJ103 PERUMAHAN P11/1,2.955665,101.668883,rapidbus_kl
1005685,PPJ104 PUSAT INTEGRASI GENIUS (OPP),2.959779,101.665001,rapidbus_kl
1005686,PPJ105 PANGSAPURI PUTRA DAMAI,2.962036,101.664915,rapidbus_kl
1005687,PPJ106 PRIMA PRESINT 11,2.964656,101.667984,rapidbus_kl
1005688,PPJ111 PERUMAHAN PRESINT 11C (BARAT),2.965627,101.670996,rapidbus_kl
1005689,PPJ112 PERUMAHAN PRESINT 11C (TIMUR),2.967795,101.675979,rapidbus_kl
1005690,PPJ114 BALAI POLIS PRESINT 11 (OPP),2.964662,101.679583,rapidbus_kl
1008577,PPJ128 PERUMAHAN P11A 1/3,2.957548,101.682785,rapidbus_kl
1008576,PPJ129 PERUMAHAN P11A 1/1,2.958563,101.686359,rapidbus_kl
1008592,PPJ74 PERUMAHAN P10/9,2.951926,101.686773,rapidbus_kl
1008593,PPJ75 KOMPLEKS SERI PERDANA,2.949071,101.687234,rapidbus_kl
1008595,PPJ76 KOMPLEKS LANAI,2.944683,101.687606,rapidbus_kl
1005592,PPJ69 KOMPLEKS LANAI,2.944801,101.687373,rapidbus_kl
1005593,PPJ70 PRESINT 10 (BARAT),2.948226,101.687507,rapidbus_kl
1005594,PPJ71 KOMPLEKS SERI PERDANA (BARAT),2.952559,101.686793,rapidbus_kl
1005595,PPJ130 PRESINT 11A5,2.958349,101.686405,rapidbus_kl
1005596,PPJ131 PRESINT 11A2,2.957342,101.682833,rapidbus_kl
1005717,HENTIAN P14,2.948214,101.723635,rapidbus_kl
1008543,PPJ206 SEKOLAH ARAB MODIN ANTARABANGSA,2.949377,101.725721,rapidbus_kl
1008541,PPJ207 KOMPLEKS NASYRUL QURAN (TIMUR),2.950623,101.728451,rapidbus_kl
1005716,PPJ208 GERAI KOMUNITI P14,2.954283,101.727658,rapidbus_kl
1008539,PPJ209 APARTMENT P14,2.953839,101.724562,rapidbus_kl
1008537,PPJ210 KOMPLEKS MAKSAK,2.952303,101.723668,rapidbus_kl
1008535,PPJ211 PERUMAHAN P14G,2.952346,101.721164,rapidbus_kl
1008533,PPJ212 PERUMAHAN P14F 1,2.953612,101.718796,rapidbus_kl
1008531,PPJ213 PERUMAHAN P14B 2/5,2.952293,101.716448,rapidbus_kl
1008529,PPJ214 PERUMAHAN P14B 2,2.949997,101.717018,rapidbus_kl
1008527,PPJ 215 PERUMAHAN P14B 1,2.947447,101.718287,rapidbus_kl
1008546,PPJ374 PPA P15 12B,2.939484,101.721765,rapidbus_kl
1008547,PPJ375 PPA P15 12B,2.941262,101.721572,rapidbus_kl
1008548,PPJ219 SURAU AL-FATIH P15,2.943072,101.721267,rapidbus_kl
1008549,PPJ203 P15 (UTARA),2.943287,101.719188,rapidbus_kl
1008239,PPJ235 ALAMANDA (UTARA),2.941358,101.712079,rapidbus_kl
1008525,PPJ274 SHAFTSBURY MALL,2.938818,101.712875,rapidbus_kl
1008526,PPJ192 PERUMAHAN P14A 1/1,2.947385,101.718099,rapidbus_kl
1008528,PPJ193 SURAU AL-MANAR P14,2.949495,101.717211,rapidbus_kl
1008530,PPJ194 PERUMAHAN P14C 2/2,2.951852,101.716089,rapidbus_kl
1008532,PPJ195 PERUMAHAN P14E 1/2,2.953871,101.718221,rapidbus_kl
1008534,PPJ196 PERUMAHAN P14E 2/2,2.952364,101.721649,rapidbus_kl
1008536,PPJ197 SMK PUTRAJAYA P14 (1),2.952613,101.723382,rapidbus_kl
1008538,PPJ198 SK PUTRAJAYA P14 (1),2.954315,101.724788,rapidbus_kl
1005715,PPJ199 GERAI KOMUNITI P14 (OPP),2.954538,101.727515,rapidbus_kl
1008540,PPJ200 KOMPLEKS NASYRUL QURAN,2.950204,101.728384,rapidbus_kl
1008542,PPJ201 SEKOLAH ARAB MODIN ANTARABANGSA,2.948931,101.725644,rapidbus_kl
1008636,PPJ12 APARTMENT 5R3 P5,2.896223,101.664215,rapidbus_kl
1008635,PPJ14 PRESINT 6 (SELATAN),2.897006,101.665447,rapidbus_kl
1008633,PPJ15 APARTMENT 5R1 P5,2.898928,101.666136,rapidbus_kl
1008631,PPJ16 MARINA PUTRAJAYA,2.899133,101.668458,rapidbus_kl
1005731,PPJ1 PICC P5,2.893569,101.675186,rapidbus_kl
1005718,PPJ29 PICC MAIN ENTRANCE,2.895659,101.677529,rapidbus_kl
1005719,PPJ20 APARTMENT 5R4,2.889199,101.675535,rapidbus_kl
1008638,PPJ23 SK PUTRAJAYA P5 (1),2.888995,101.678403,rapidbus_kl
1008637,PPJ26 APARTMENT 5R6 P5,2.890675,101.679819,rapidbus_kl
1008625,PPJ36 KEMENTERIAN WANITA & MASYARAKAT,2.902493,101.679655,rapidbus_kl
1005694,PPJ58 PERUMAHAN PENJAWAT AWAM P8 8R2 (BARAT),2.929478,101.679985,rapidbus_kl
1005637,PPJ257 TAMARA RESIDENCE PRESINT 8,2.926193,101.680642,rapidbus_kl
1005639,PPJ61 APARTMENT PRESINT 8 FASA 4C,2.928911,101.679247,rapidbus_kl
1005640,PPJ62 SK PUTRAJAYA PRESINT 8 (2) (BARAT),2.931536,101.680641,rapidbus_kl
1008606,PPJ63 P8N5 SHELL P8,2.933441,101.679263,rapidbus_kl
1005643,PPJ64 AURA RESIDENCE P8 (BARAT),2.936927,101.680256,rapidbus_kl
1005644,PPJ66 DEWAN SERBAGUNA PRESINT 8,2.938819,101.682512,rapidbus_kl
1005645,PPJ67 KOMPLEKS SEKOLAH PUTRAJAYA PRESINT 8,2.938337,101.685148,rapidbus_kl
1005646,PPJ68 KELAB TASIK PUTRAJAYA,2.939585,101.686555,rapidbus_kl
1008597,PPJ77 KELAB TASIK PUTRAJAYA,2.938752,101.686522,rapidbus_kl
1008599,PPJ78 P8N8 SMK PUTRAJAYA P8 (OPP),2.938203,101.684059,rapidbus_kl
1008601,PPJ79 P8N6 KOMERSIAL P8,2.938593,101.682229,rapidbus_kl
1008603,PPJ80 AURA RESIDENCE P8,2.936699,101.680434,rapidbus_kl
1008605,PPJ81 P8N4 SHELL P8,2.933167,101.679657,rapidbus_kl
1008607,PPJ82 SK PUTRAJAYA P8 2,2.931649,101.680886,rapidbus_kl
1005749,PPJ352 KEMENTERIAN BELIA DAN SUKAN,2.913298,101.686814,rapidbus_kl
1005729,PPJ177 KEMENTERIAN PENGANGKUTAN,2.913212,101.684406,rapidbus_kl
1008568,PPJ305 TAMAN PANCARONA P18,2.913629,101.689197,rapidbus_kl
1008566,PPJ319 PERUMAHAN P18K 1/1 (OPP),2.914018,101.692157,rapidbus_kl
1005726,PERUMAHAN P18H (OPP),2.914615,101.695677,rapidbus_kl
1008564,PPJ320 APARTMENT P18R4 BLOK C,2.915876,101.697253,rapidbus_kl
1005728,PPJ321 PERUMAHAN P18D,2.918613,101.697465,rapidbus_kl
1008560,PPJ294 SMK PUTRAJAYA P18 (1) (OPP),2.921438,101.693835,rapidbus_kl
1005613,PPJ183 SK PUTRAJAYA PRESINT 18 (OPP),2.924118,101.694102,rapidbus_kl
1005722,PPAM SELASIH,2.923976,101.700861,rapidbus_kl
1008557,PPJ287 SK PUTRAJAYA P17 1,2.923462,101.704754,rapidbus_kl
1005634,PPJ282 PRESINT 17 (UTARA),2.926333,101.706829,rapidbus_kl
1005692,PPJ283 APARTMENT PRESINT 17 (RK1),2.927556,101.705905,rapidbus_kl
1005617,PPJ184 KOMPLEKS TAMAN WARISAN,2.927041,101.699675,rapidbus_kl
1005618,PPJ227 SK PUTRAJAYA PRESINT 16 (2),2.928364,101.700162,rapidbus_kl
1005619,PPJ229 KOMERSIAL PRESINT 16,2.929671,101.701051,rapidbus_kl
1005620,PPJ230 PRESINT 16E RESIDENCE,2.932616,101.703548,rapidbus_kl
1005621,PPJ231 SURAU AR-RAHMAN PRESINT 16 (OPP),2.932883,101.706906,rapidbus_kl
1005622,PPJ232 D'MUTIARA RESIDENCE,2.934551,101.708156,rapidbus_kl
1005623,PPJ233 PPAM SADERI,2.935685,101.709924,rapidbus_kl
1005624,PPJ234 ALAMANDA (SELATAN),2.940285,101.712628,rapidbus_kl
1008551,PPJ222 P16N1 APARTMENT P16 BLOK A2,2.935545,101.710106,rapidbus_kl
1008553,PPJ224 P16N3 SURAU AR-RAHMAN,2.932627,101.707035,rapidbus_kl
1008554,PPJ225 P16N5 PERUMAHAN P16F,2.932469,101.703964,rapidbus_kl
1008556,PPJ226 P16N6 KOMERSIAL P16 (OPP),2.929656,101.701311,rapidbus_kl
1005629,PPJ236 KOMPLEKS TAMAN WARISAN,2.927127,101.699923,rapidbus_kl
1008558,PPJ286 APARTMENT RK2 P17,2.923285,101.704913,rapidbus_kl
1005721,PPAM SELASIH (OPP),2.924217,101.700632,rapidbus_kl
1005630,PPJ349 SK PUTRAJAYA PRESINT 18,2.923833,101.694185,rapidbus_kl
1008559,PPJ297 SMK PUTRAJAYA P18 (1),2.921772,101.693807,rapidbus_kl
1008562,PPJ298 PERUMAHAN P18D,2.919798,101.696975,rapidbus_kl
1008563,PPJ300 APARTMENT P18R4 (OPP),2.916013,101.697548,rapidbus_kl
1005727,PERUMAHAN P18H,2.914374,101.695769,rapidbus_kl
1008565,PPJ301 PERUMAHAN P18K 1/1,2.913951,101.692923,rapidbus_kl
1008567,PPJ302 APARTMENT P18R8,2.913304,101.690232,rapidbus_kl
1005584,(M) PPJ254 MRT PUTRAJAYA SENTRAL,2.932136,101.671763,rapidbus_kl
1005675,PPJ88 APARTMENT PUTRA HARMONI (SELATAN),2.936823,101.672706,rapidbus_kl
1000714,PPJ89 PANGSAPURI PUTRA HARMONI P9,2.939167,101.671713,rapidbus_kl
1005589,PPJ93 PERUMAHAN RAJAWALI P9B,2.942354,101.672834,rapidbus_kl
1005590,PPJ90 PERUMAHAN P9 FASA 5&6 (SELATAN),2.944294,101.675795,rapidbus_kl
1005679,PPJ98 PERUMAHAN P9 FASA 5&6 (TIMUR),2.945218,101.677892,rapidbus_kl
1008516,PPJ136 P9N7 KOMERSIAL P9G/7,2.945928,101.678562,rapidbus_kl
1008518,PPJ137 PPA P9 FASA 2 (OPP),2.947126,101.680361,rapidbus_kl
1008521,PPJ138 P9N9 PERUMAHAN P9G/1,2.947157,101.682136,rapidbus_kl
1008523,PPJ140 P9N11 PPA FASA 3 P9,2.944788,101.681533,rapidbus_kl
1005591,PPJ147 SK PUTRAJAYA P9 (1) (TIMUR),2.942957,101.679481,rapidbus_kl
1008522,PPJ141 P9N12 PPA FASA 3 P9 (OPP),2.944885,101.681595,rapidbus_kl
1008520,PPJ143 P9N10 PERUMAHAN P9G/1,2.947182,101.681664,rapidbus_kl
1008519,PPJ144 PPA P9 FASA 2,2.947068,101.680482,rapidbus_kl
1008517,PPJ145 P9N8 PERUMAHAN P9G/5,2.945945,101.679219,rapidbus_kl
1005601,PPJ146 PERUMAHAN  P9G,2.944782,101.678104,rapidbus_kl
1005602,PPJ91 PERUMAHAN P9 FASA 5&6 (SELATAN),2.944078,101.675649,rapidbus_kl
1005603,PPJ92 PERUMAHAN TEMPUA P9B,2.942339,101.672996,rapidbus_kl
1005650,PPJ167 SK PUTRAJAYA PRESINT 9 (2),2.937819,101.673321,rapidbus_kl
1005651,PPJ168 CENDERAWASIH P9A,2.934715,101.672865,rapidbus_kl
1003903,KJ461 HENTIAN KAJANG,2.9570042504083,101.79171937538,rapidbus_kl
1002571,KJ462 PLAZA PERABOT,2.961152,101.792062,rapidbus_kl
1003224,KJ463 SHELL,2.9646004641002,101.79096441243,rapidbus_kl
1006251,KJ451 SJK (T) WEST COUNTRY,2.965352,101.788903,rapidbus_kl
1006249,SENG HENG,2.965467,101.780922,rapidbus_kl
1006247,TASKA BESTARI SEK 8,2.968784,101.772868,rapidbus_kl
1006245,99 SPEEDMART SEK 7 (OPP),2.971535,101.773478,rapidbus_kl
1006312,PINTU 3 SK SEK 7,2.970502,101.774785,rapidbus_kl
1006313,JPJ BANGI (OPP),2.968574,101.775248,rapidbus_kl
1006314,RUMAH NO 17,2.96817,101.777421,rapidbus_kl
1006315,PANGSAPURI SERI TANJUNG (OPP),2.968784,101.780438,rapidbus_kl
1006316,INTANA RIA (OPP),2.970096,101.78063,rapidbus_kl
1006241,SURAU AL ISLAH,2.972848,101.779703,rapidbus_kl
1006317,99 SPEEDMART KJG MEWAH,2.975796,101.780369,rapidbus_kl
1006239,JING AN MEMORIAL VILLAGE,2.977431,101.780722,rapidbus_kl
1006237,TMN KOPERASI LLN (OPP),2.979689,101.780663,rapidbus_kl
1006235,TMN KAJANG INDAH,2.985456,101.779206,rapidbus_kl
1006233,FLAT SRI SAGA (OPP),2.988415,101.778013,rapidbus_kl
1006079,KJ172 WINNIE PLAZA (OPP),2.990825,101.78033,rapidbus_kl
1007233,KJ822 MRT STADIUM KAJANG,2.994009,101.78641,rapidbus_kl
1008068,SMJKC YU HUA (OPP),2.996792,101.790922,rapidbus_kl
1004267,KJ506 PEJABAT AIR SELANGOR,2.992459,101.793035,rapidbus_kl
1001750,KJ507 KOMERSIAL BANDAR KAJANG,2.992967,101.790135,rapidbus_kl
1004231,KJ508 PEKAN KAJANG,2.991911,101.787865,rapidbus_kl
1006064,KJ644 WINNIE PLAZA,2.990711,101.780377,rapidbus_kl
1006232,FLAT SRI SAGA,2.988491,101.778122,rapidbus_kl
1006234,PEARL AVENUE,2.985275,101.779403,rapidbus_kl
1006236,TMN KOPERASI LLN,2.979613,101.78079,rapidbus_kl
1006238,TMN SRI KEJORA,2.977745,101.780896,rapidbus_kl
1006318,99 SPEEDMART KJG MEWAH (OPP),2.975737,101.780491,rapidbus_kl
1006240,SURAU AL ISLAH (OPP),2.972804,101.779891,rapidbus_kl
1006319,INTANA RIA,2.970123,101.780749,rapidbus_kl
1006320,PANGSAPURI SERI TANJUNG,2.968668,101.780551,rapidbus_kl
1006321,RUMAH NO 24,2.968032,101.777446,rapidbus_kl
1006322,JPJ BANGI,2.96836,101.77515,rapidbus_kl
1006323,PINTU 3 SK SEK 7 (OPP),2.970483,101.774694,rapidbus_kl
1006244,99 SPEEDMART SEK 7,2.971453,101.773123,rapidbus_kl
1006246,WISMA CK RAHIM,2.970108,101.772791,rapidbus_kl
1006248,SEK 4 TAMBAHAN,2.965731,101.781044,rapidbus_kl
1006250,KJ450 REKO SENTRAL,2.965787,101.789334,rapidbus_kl
1003225,KJ208 SHELL (OPP),2.963936,101.791419,rapidbus_kl
1002572,KJ209 PLAZA PERABOT (OPP),2.960963,101.792391,rapidbus_kl
1003663,AJ356 SK TAMAN MELAWATI,3.2242819151825,101.74735161866,rapidbus_kl
1007533,AJ457 BUKIT MELAWATI (TIMUR),3.221104,101.748335,rapidbus_kl
1000664,AJ374 TAMAN MELAWATI A (UTARA),3.218451,101.748741,rapidbus_kl
1003472,AJ458 SMK TAMAN MELAWATI,3.214588,101.75088,rapidbus_kl
1003073,AJ377 SK TAMAN MELAWATI 2,3.2121756436093,101.75218881391,rapidbus_kl
1003885,AJ378 TELEKOM MELAWATI,3.210046,101.753108,rapidbus_kl
1000866,(M) AJ379 GIANT ULU KELANG (OPP),3.206217,101.752282,rapidbus_kl
1000182,AJ380 TASKA PASTI ILMI,3.203687,101.751966,rapidbus_kl
1006110,AJ294 TAMAN LEMBAH KERAMAT,3.201588,101.752967,rapidbus_kl
1001989,AJ383 MEDAN SELERA AU5 (OPP),3.201217,101.756264,rapidbus_kl
1003383,AJ384 SMK LEMBAH KERAMAT,3.1986372485529,101.75951060238,rapidbus_kl
1003396,AJ385 SMK SERI KERAMAT,3.197506,101.759586,rapidbus_kl
1000678,AJ386 FLAT AL-RIDHUAN,3.1955256897099,101.76477877917,rapidbus_kl
1004167,AJ478 UKAY BISTARI,3.1971314777768,101.76771022437,rapidbus_kl
1004168,AJ387 UKAY SERING,3.1984630497507,101.772077683,rapidbus_kl
1000145,AJ388 APARTMENT SRI MELOR,3.203765,101.775552,rapidbus_kl
1001988,AJ389 UKAY PERDANA 4 RESIDENCE,3.206473,101.773497,rapidbus_kl
1001987,AJ390 SRI BAIDURI APARTMENT (UTARA),3.206235,101.772694,rapidbus_kl
1002172,AJ391 SRI BAIDURI APARTMENT (SELATAN),3.2052611101736,101.77209690289,rapidbus_kl
1000144,AJ392 APARTMENT SRI MELOR (OPP),3.2038106004179,101.77566994197,rapidbus_kl
1008202,PUSAT KOMERSIAL TIMUR,3.203264,101.777698,rapidbus_kl
1008203,PUSAT KOMERSIAL SELATAN,3.204523,101.778753,rapidbus_kl
1008204,CONDO SPRING VILLE,3.206662,101.779893,rapidbus_kl
1000803,AJ395 PANGSAPURI KAYANGAN (OPP),3.210224590556,101.77922229692,rapidbus_kl
1006231,HENTIAN UKAY PERDANA,3.212225,101.778038,rapidbus_kl
1000802,AJ396 PANGSAPURI KAYANGAN,3.2104389422711,101.77938110922,rapidbus_kl
1002723,AJ397 PANGSAPURI SRI IMPIAN,3.2081186264782,101.78133917132,rapidbus_kl
1000029,AJ398 PUSAT KOMERSIAL UP (OPP),3.204040093485,101.77916823741,rapidbus_kl
1004101,TNB UKAY PERDANA (OPP),3.201818,101.778567,rapidbus_kl
1006230,WARUNG TAMAN RIANA (OPP),3.19789,101.77715,rapidbus_kl
1006229,TAMAN RIANA,3.19917,101.77842,rapidbus_kl
1006228,PANGSAPURI INDAH,3.19684,101.77995,rapidbus_kl
1006108,AJ399 UKAY SERING,3.198177,101.772198,rapidbus_kl
1000677,AJ400 FLAT AL-RIDHUAN (OPP),3.1952724313484,101.76454264816,rapidbus_kl
1003382,AJ344 SMK SERI KERAMAT (OPP),3.1971809646539,101.75946499323,rapidbus_kl
1000042,AJ345 SMK LEMBAH KERAMAT (OPP),3.198614,101.759309,rapidbus_kl
1000575,(M) AJ346 DEWAN SERBAGUNA AU5,3.2011059486184,101.75689181237,rapidbus_kl
1002870,AJ347 TAMAN LEMBAH KERAMAT,3.201432,101.752878,rapidbus_kl
1000181,AJ348 TASKA PASTI ILMI (OPP),3.2040785623068,101.75183927523,rapidbus_kl
1000865,AJ349 GIANT ULU KELANG,3.2068730797356,101.75225081977,rapidbus_kl
1000430,AJ473 TAMAN MELAWATI B,3.2107843167382,101.75265211885,rapidbus_kl
1003410,AJ351 SMK TAMAN MELAWATI,3.2148546138065,101.75039678309,rapidbus_kl
1002231,AJ352 TAMAN MELAWATI A (UTARA),3.2179314340885,101.74863097761,rapidbus_kl
1000663,AJ353 TAMAN MELAWATI A (UTARA),3.2216203339928,101.74813730306,rapidbus_kl
1006414,HENTIAN BANTING,2.811984,101.503445,rapidbus_kl
1006367,LG115 PEJABAT PERTANIAN,2.817882,101.518711,rapidbus_kl
1006369,LG116 JKR KUALA LANGAT,2.819277,101.521956,rapidbus_kl
1006371,LG117 KAFA INTEGRASI,2.820608,101.525184,rapidbus_kl
1006373,LG118 SMK BANTING (OPP),2.822258,101.529163,rapidbus_kl
1006375,LG119 AIMPOINT PLAZA (OPP),2.824055,101.533376,rapidbus_kl
1006377,LG120 SMK SG MANGGIS,2.825598,101.536892,rapidbus_kl
1006379,LG121 SJKT MANGGIS,2.826731,101.540579,rapidbus_kl
1006381,LG122 MAHKOTA INDUSTRIAL BANTING,2.830321,101.549008,rapidbus_kl
1006383,LG124 KG SG MANGGIS,2.833871,101.554631,rapidbus_kl
1006385,LG125 KG OLAK LEMPIT (BARAT),2.835663,101.560635,rapidbus_kl
1006387,LG126 TAMAN DESA IDAMAN 2,2.837151,101.567174,rapidbus_kl
1006388,"LG127 TAMAN DESA IDAMAN,KG OLAK LEMPIT",2.837348,101.573825,rapidbus_kl
1006390,LG129 PERUMAHAN TAMAN MERBAH,2.836944,101.582561,rapidbus_kl
1006392,LG130 SRA OLAK LEMPIT,2.836604,101.586811,rapidbus_kl
1006394,LG131 KG OLAK LEMPIT (TIMUR),2.835566,101.595052,rapidbus_kl
1006396,LG132 KOMPLEKS NIAGA,2.835158,101.597981,rapidbus_kl
1006398,LG133 TAMAN NURI INDAH,2.833833,101.606184,rapidbus_kl
1006400,PERUSAHAAN OLAK LEMPIT,2.826847,101.609873,rapidbus_kl
1006402,KOLEJ MARA BANTING,2.812737,101.624357,rapidbus_kl
1006404,LG145 GENTING SANYEN (OPP),2.802827,101.653231,rapidbus_kl
1002838,TAMAN LANGAT MURNI,2.799123,101.657588,rapidbus_kl
1006406,LG146 APARTMENT LANGAT UTAMA,2.796264,101.660854,rapidbus_kl
1006408,MITSUI,2.778686,101.678057,rapidbus_kl
1006409,KLIA 2,2.745307,101.684533,rapidbus_kl
1008290,KOMPLEKS TABUNG HAJI,2.788397,101.678793,rapidbus_kl
1006407,LG147 APARTMENT LANGAT UTAMA,2.798963,101.657267,rapidbus_kl
1006405,LG148 GENTING SANYEN,2.802627,101.653074,rapidbus_kl
1006403,TADOM HILL,2.812211,101.624274,rapidbus_kl
1006399,LG9 TAMAN NURI INDAH,2.833607,101.605377,rapidbus_kl
1006397,LG10 KOMPLEKS NIAGA,2.834976,101.598232,rapidbus_kl
1006395,LG11 KG OLAK LEMPIT (TIMUR),2.835518,101.594453,rapidbus_kl
1006393,LG12 SK OLAK LEMPIT,2.836452,101.586649,rapidbus_kl
1006391,LG13 PERUMAHAN TAMAN MERBAH,2.836806,101.582108,rapidbus_kl
1006413,LG14 TAMAN MERBAH RIMBA,2.836925,101.579386,rapidbus_kl
1006389,"LG15 TAMAN DESA IDAMAN,KG OLAK LEMPIT",2.837193,101.574031,rapidbus_kl
1006386,LG17 KG OLAK LEMPIT (BARAT),2.835499,101.560656,rapidbus_kl
1006384,LG18 KG SG MANGGIS,2.833268,101.554115,rapidbus_kl
1006382,LG19 MAHKOTA INDUSTRIAL (OPP),2.831658,101.551535,rapidbus_kl
1006380,LG21 KOMPLEKS PENGHULU MANGGIS,2.826558,101.540526,rapidbus_kl
1006378,LG22 SMK SG MANGGIS (OPP),2.825643,101.537589,rapidbus_kl
1006376,LG23 AIMPOINT PLAZA,2.823871,101.533347,rapidbus_kl
1006374,LG25 SMK BANTING,2.821658,101.528247,rapidbus_kl
1006372,LG26 SMK TELOK DATOK,2.820041,101.524656,rapidbus_kl
1006370,LG27 TAMAN SRI TELOK DATOK,2.818938,101.521836,rapidbus_kl
1006368,LG28 PEJABAT PERTANIAN (OPP),2.817628,101.518756,rapidbus_kl
1006476,HENTIAN SELAYANG MUTIARA,3.260901,101.673262,rapidbus_kl
1006481,KG SELAYANG PERMAI,3.25942,101.666999,rapidbus_kl
1006479,SPG JLN MUTIARA 6,3.256476,101.661784,rapidbus_kl
1006477,SELAYANG SEGAR 2,3.255054,101.659263,rapidbus_kl
1007618,SL286 STADIUM SELAYANG,3.255335,101.656733,rapidbus_kl
1007614,SL266 SELAYANG 18 RESIDENCES,3.255311,101.654675,rapidbus_kl
1002068,SL267 MPS,3.253696,101.652835,rapidbus_kl
1000118,SL268 APT DAHLIA BLOK B,3.252464,101.650775,rapidbus_kl
1000116,SL272 APT DAHLIA BLOK A,3.252717,101.647661,rapidbus_kl
1002653,SL527 PUNCAK TEMPLER,3.256829,101.647681,rapidbus_kl
1001471,SL528 KI PARK SELAYANG,3.259302,101.651664,rapidbus_kl
1001851,SL278 MAJLIS PEPERIKSAAN MSIA,3.260836,101.652611,rapidbus_kl
1007621,PEJABAT TANAH DAERAH GOMBAK,3.262729,101.653016,rapidbus_kl
1003378,SL20 IPD GOMBAK (OPP),3.250183698747,101.64100340711,rapidbus_kl
1002452,SL21 PANGSAPURI MERAK,3.246421,101.642195,rapidbus_kl
1001078,SL22 TAMAN BIDARA (UTARA),3.243248,101.643574,rapidbus_kl
1007620,SL515 SURAU FIRDAUS TAMAN BIDARA,3.241904,101.644135,rapidbus_kl
1004048,SL91 TAMAN SELAYANG JAYA,3.239014,101.646772,rapidbus_kl
1001179,SL510 TAMAN SELAYANG JAYA,3.236613,101.647045,rapidbus_kl
1003158,SL511 SELAYANG MALL (OPP),3.236374,101.644596,rapidbus_kl
1000931,SL24 HOSPITAL SELAYANG,3.241316,101.648081,rapidbus_kl
1000505,SL25 IDEAL CONVENTION CENTRE,3.244937,101.653269,rapidbus_kl
1003159,SL288 BULATAN BERINGIN SELAYANG,3.250878,101.657971,rapidbus_kl
1003826,SL289 TAMAN SELAYANG SEGAR,3.251781,101.660001,rapidbus_kl
1003516,SL290 TAMAN SELAYANG INDAH,3.249568,101.662934,rapidbus_kl
1002097,SL37 SELAYANG BARU (BARAT),3.249922,101.664378,rapidbus_kl
1002288,SL536 SELAYANG BARU (UTARA),3.250902,101.666458,rapidbus_kl
1001317,SL43 PERUMAHAN SELAYANG BARU,3.250014,101.670495,rapidbus_kl
1001336,SL44 BALAI POLIS SELAYANG BARU (OPP),3.248185,101.671422,rapidbus_kl
1001636,SL83 KOMPLEKS SRI SIANTAN (OPP),3.2463647736084,101.67438233996,rapidbus_kl
1001555,SL482 SMK TAMAN SELAYANG (OPP),3.2433294788351,101.67406081935,rapidbus_kl
1003331,SL84 SMK SERI SELAYANG (OPP),3.2419046233919,101.67360488632,rapidbus_kl
1001166,SL85 SK TAMAN SELAYANG (OPP),3.241390294951,101.67356789119,rapidbus_kl
1002592,SL86 PETRONAS DATARAN SELAYANG,3.238351,101.673264,rapidbus_kl
1001874,SL87 MASJID AL-AMANIAH,3.2360780145787,101.67393897808,rapidbus_kl
1001892,SL88 KOMPLEKS AMANIAH,3.235404,101.675139,rapidbus_kl
1001444,SL89 PADANG AWAM BATU CAVES,3.235693,101.677353,rapidbus_kl
1004263,SL485 PLAZA UMNO BATU CAVES,3.236009,101.679157,rapidbus_kl
1000479,SL465 KOMERSIAL SRI GOMBAK,3.236141,101.698475,rapidbus_kl
1003973,SL212 HAB BAS GREENWOOD (OPP),3.234304,101.706215,rapidbus_kl
1001052,SL213 JEJANTAS SPG 3,3.233993,101.709501,rapidbus_kl
1008379,SL510 AYUMAN SUITES (OPP),3.234313,101.713826,rapidbus_kl
1001638,SL106 SK SG PUSU (OPP),3.236011,101.714303,rapidbus_kl
1003638,SL107 SK GOMBAK UTARA (OPP),3.238763,101.714013,rapidbus_kl
1007512,SL498 KG SG PUSU (UTARA),3.241288,101.713754,rapidbus_kl
1007513,SL499 KG SG CHINCIN (SELATAN),3.242534,101.713711,rapidbus_kl
1001255,SL108 KG SG CHINCHIN,3.245066,101.715124,rapidbus_kl
1003801,SL113 MASJID SG CHINCHIN,3.2450934959555,101.71631757995,rapidbus_kl
1001457,SL114 KG SG CHINCIN (TIMUR),3.243951,101.720037,rapidbus_kl
1003118,SL146 SK INTEGRASI GOMBAK,3.2451216968165,101.72282634143,rapidbus_kl
1001696,SL147 KUARTERS INSTITUT PENDIDIKAN,3.245128,101.724581,rapidbus_kl
1003361,SL148 INTERNATIONAL ISLAMIC SCHOOL,3.2469294895777,101.72816557199,rapidbus_kl
1008656,PINTU UTAMA UIA,3.248593,101.732684,rapidbus_kl
1001321,KL153 FLAT TAMAN MELATI A9,3.226889,101.725241,rapidbus_kl
1001801,SL311 LRT GOMBAK,3.231094,101.724291,rapidbus_kl
1001322,KL198 FLAT TAMAN MELATI E6,3.227109,101.725318,rapidbus_kl
1003362,SL163 KOLEJ VOKASIONAL GOMBAK,3.246681237351,101.72831266652,rapidbus_kl
1001697,SL164 KUARTERS GURU BATU 8,3.244887,101.725061,rapidbus_kl
1003117,SL165 SBP INTEGRASI GOMBAK,3.2442038128716,101.72203012305,rapidbus_kl
1003164,SL166 KG SG CHINCIN (TIMUR),3.243757,101.720204,rapidbus_kl
1002869,SL167 MASJID SG CHINCHIN (OPP),3.244645495729,101.71670083534,rapidbus_kl
1001256,SL168 KG SG CHINCHIN,3.244675,101.714887,rapidbus_kl
1001456,SL169 KG SG CHINCHIN (UTARA),3.242955,101.713955,rapidbus_kl
1000265,SL500 KG GOMBAK UTARA,3.241485,101.714034,rapidbus_kl
1003639,SL170 SK GOMBAK UTARA,3.2394194168769,101.71426129667,rapidbus_kl
1003654,SL171 SK SG PUSU,3.237334,101.714453,rapidbus_kl
1001949,SL172 AYUMAN SUITES,3.234067467189,101.71410370288,rapidbus_kl
1001051,SL214 JEJANTAS SPG 3,3.233572,101.709758,rapidbus_kl
1003974,SL215 HAB BAS GREENWOOD,3.234012,101.706193,rapidbus_kl
1008342,SL234 HENTIAN GREENWOOD,3.234798,101.704505,rapidbus_kl
1006472,BANJARIA COURT,3.235857,101.698832,rapidbus_kl
1006473,GIANT BATU CAVES,3.235583,101.692558,rapidbus_kl
1001708,SL494 PLAZA UMNO BATU CAVES,3.235775,101.679588,rapidbus_kl
1001445,SL28 PADANG AWAM BATU CAVES (OPP),3.235465,101.677474,rapidbus_kl
1001728,SL29 KOMPLEKS AMANIAH (OPP),3.235101,101.675116,rapidbus_kl
1002356,SL30 KOMERSIAL TAMAN SELAYANG,3.2359674149813,101.67359839481,rapidbus_kl
1007547,SL483 DATARAN SELAYANG (OPP),3.23787,101.67325,rapidbus_kl
1003330,SL31 SK TMN SELAYANG,3.241483,101.673317,rapidbus_kl
1008344,SL443 SMK SERI SELAYANG,3.241907,101.673347,rapidbus_kl
1001167,SL32 SMK TAMAN SELAYANG,3.24367,101.673877,rapidbus_kl
1001635,SL33 KOMPLEKS SRI SIANTAN,3.2462734187942,101.67408086665,rapidbus_kl
1000198,SL45 BALAI POLIS SELAYANG BARU,3.248103,101.671316,rapidbus_kl
1002098,SL46 PERUMAHAN SELAYANG BARU,3.251207,101.669677,rapidbus_kl
1000007,SL51 SELAYANG BARU (UTARA),3.250971,101.666894,rapidbus_kl
1003138,SL52 SELAYANG BARU (BARAT),3.249764,101.664336,rapidbus_kl
1007619,SL291 TAMAN SELAYANG INDAH,3.249575,101.662586,rapidbus_kl
1001067,SL292 TAMAN SELAYANG SEGAR,3.251495,101.659824,rapidbus_kl
1003160,SL293 BULATAN BERINGIN,3.250406,101.658164,rapidbus_kl
1001842,SL26 MAGNA VILLE CONDOMINIUM,3.243914,101.652866,rapidbus_kl
1002194,SL27 KOMPLEKS SELAYANG CAPITOL,3.240852,101.647885,rapidbus_kl
1003157,SL100 SELAYANG MALL,3.236597,101.644088,rapidbus_kl
1007613,SL513 TAMAN SELAYANG JAYA,3.236372,101.645195,rapidbus_kl
1001178,SL514 TAMAN SELAYANG JAYA (BARAT),3.236617,101.646895,rapidbus_kl
1004047,SL99 TAMAN SELAYANG JAYA (UTARA),3.238926,101.646561,rapidbus_kl
1003245,SL516 SHELL TAMAN BIDARA,3.241402,101.644149,rapidbus_kl
1003434,SL17 TAMAN BIDARA (UTARA),3.243532,101.643183,rapidbus_kl
1000684,SL18 PANGSAPURI MERAK,3.246566,101.641694,rapidbus_kl
1001012,SL19 IPD GOMBAK,3.251437,101.641266,rapidbus_kl
1001852,SL281 MAJLIS PEPERIKSAAN MSIA,3.260809,101.652854,rapidbus_kl
1001472,SL525 KI PARK SELAYANG,3.259155,101.651905,rapidbus_kl
1002654,SL526 PUNCAK TEMPLER,3.256881,101.647885,rapidbus_kl
1000117,SL273 APT DAHLIA BLOK A,3.252912082885,101.64790709688,rapidbus_kl
1000119,SL276 APT DAHLIA BLOK B,3.252443,101.650597,rapidbus_kl
1002067,SL277 MPS,3.253944,101.652798,rapidbus_kl
1003162,SL282 SELAYANG 18 RESIDENCES (OPP),3.255524,101.654888,rapidbus_kl
1000959,SL283 DATARAN BANDAR BARU SELAYANG,3.255694,101.657104,rapidbus_kl
1006475,SELAYANG SEGAR 1,3.255075,101.658964,rapidbus_kl
1006478,SPG JLN MUTIARA 5/7,3.256725,101.662055,rapidbus_kl
1006480,KG SELAYANG MUTIARA 4,3.259349,101.666583,rapidbus_kl
1007137,KL1174 MRT SEMANTAN PINTU B,3.151704,101.665622,rapidbus_kl
1009142,HONG LEONG PBD,3.146016,101.660931,rapidbus_kl
1000966,AJ52 HUB SRI NILAM,3.1398527383616,101.7693091532,rapidbus_kl
1008403,PERUMAHAN JLN WAWASAN 3/2,3.143354,101.769523,rapidbus_kl
1006874,KOMERSIAL BANDAR BARU AMPANG,3.144269,101.768303,rapidbus_kl
1006875,AMPANG PRIMA,3.145074,101.766307,rapidbus_kl
1003422,AJ48 SPECTRUM MALL (OPP),3.145375,101.765176,rapidbus_kl
1006876,AJ103 DEWAN KOMUNITI AMPANG,3.14467,101.763237,rapidbus_kl
1006877,PLAZA AMPANG JAYA,3.14391,101.762358,rapidbus_kl
1006878,MEWAH COURT,3.142431,101.761617,rapidbus_kl
1006879,METRO VILLA (OPP),3.140876,101.760722,rapidbus_kl
1006880,AJ198 LRT CAHAYA,3.14022,101.758112,rapidbus_kl
1006881,SPG JLN CAHAYA 3,3.142144,101.755633,rapidbus_kl
1006882,APARTMENT TAMAN NIRWANA (OPP),3.143996,101.755369,rapidbus_kl
1001527,AJ440 GALAXY AMPANG,3.146583,101.756626,rapidbus_kl
1006883,IPD AMPANG JAYA,3.148641,101.756975,rapidbus_kl
1001783,AJ31 LRT AMPANG (OPP),3.151348,101.760686,rapidbus_kl
1000602,AJ32 GIATMARA AMPANG JAYA,3.148583,101.764107,rapidbus_kl
1000088,AJ61 AMPANG WATERFRONT (BARAT),3.147362,101.766674,rapidbus_kl
1003505,AJ435 AMPANG WATERFRONT (TIMUR),3.146458,101.768487,rapidbus_kl
1006885,PERUMAHAN JLN WAWASAN 1/2,3.143673,101.769793,rapidbus_kl
1008070,AJ309 AMPANG WATERFRONT 2,3.144168,101.771472,rapidbus_kl
1008071,AJ62 AMPANG WATERFRONT 2 (TIMUR),3.143442,101.773506,rapidbus_kl
1003580,AJ310 TAMAN SRI AMPANG,3.143422,101.774898,rapidbus_kl
1001284,AJ431 KOMERSIAL AMPANG,3.143416,101.778513,rapidbus_kl
1006886,AJ128 AEON BIG AMPANG (OPP),3.140652,101.780257,rapidbus_kl
1006887,RENJANA AMPANG (OPP),3.136576,101.780065,rapidbus_kl
1006888,TAMAN DAGANG JAYA,3.133527,101.779228,rapidbus_kl
1006889,KG TASIK PERMAI,3.130534,101.778774,rapidbus_kl
1008072,SPG KG TASIK PERMAI,3.128767,101.778593,rapidbus_kl
1003577,SPG TAMAN SRI BAYU,3.1256705025844,101.77714059886,rapidbus_kl
1002292,PASAR TASEK TAMBAHAN,3.1227395720654,101.77480384563,rapidbus_kl
1004109,TAMAN TASIK TAMBAHAN,3.121595,101.771667,rapidbus_kl
1001577,AJ153 TAMAN PUTRA AMPANG BARAT,3.120654,101.766083,rapidbus_kl
1002688,AJ428 PARAGON POINT (UTARA),3.120681,101.762941,rapidbus_kl
1003220,AJ155 SMK PANDAN MEWAH,3.125219,101.762831,rapidbus_kl
1008069,AJ156 HOSPITAL AMPANG,3.12755,101.762898,rapidbus_kl
1001647,AJ337 APARTMENT PANDAN MEWAH,3.129739,101.762947,rapidbus_kl
1000682,AJ430 FLAT BAYU MURNI (OPP),3.133726,101.765691,rapidbus_kl
1000080,AJ424 KG AMPANG CAMPURAN,3.13435,101.7674,rapidbus_kl
1006893,AJ322 SMK BANDAR BARU AMPANG,3.137365,101.769085,rapidbus_kl
1006906,SK TAMAN BUKIT TERATAI,3.110047,101.764171,rapidbus_kl
1006907,99 SPEEDMART BUKIT TERATAI,3.112181,101.765284,rapidbus_kl
1002909,TAMAN BUKIT TERATAI,3.115084,101.764094,rapidbus_kl
1003148,AJ254 TAMAN SERAYA (TIMUR),3.115468,101.763206,rapidbus_kl
1000362,AJ255 TAMAN SERAYA (BARAT),3.114939,101.761604,rapidbus_kl
1006905,DEWAN KOMUNITI TAMAN MUDA (OPP),3.116488,101.759597,rapidbus_kl
1006903,PASAR TAMAN MUDA (OPP),3.119149,101.759349,rapidbus_kl
1002045,AJ266 TAMAN MUDA (BARAT),3.119653,101.758107,rapidbus_kl
1003925,AJ267 THE RESIDENT AMPANG SOUTH,3.1194839634373,101.75312412437,rapidbus_kl
1006901,AJ168 TAMAN KENCANA (UTARA),3.120468,101.75124,rapidbus_kl
1003350,AJ169 SMK PANDAN INDAH (OPP),3.122488,101.751166,rapidbus_kl
1006899,AJ239 SK PANDAN INDAH,3.125026,101.751489,rapidbus_kl
1006897,FLAT LEMBAH MAJU,3.125075,101.754399,rapidbus_kl
1002721,AJ240 FLAT LEMBAH MAJU,3.125331,101.755151,rapidbus_kl
1002968,AJ429 PANDAN INDAH,3.1278830000746,101.7564762555,rapidbus_kl
1002238,AJ161 MENARA MPAJ,3.128996,101.753841,rapidbus_kl
1006895,AJ228 MIDPOINT COMPLEX,3.131597,101.752703,rapidbus_kl
1006908,APARTMENT DAHLIA (OPP),3.133901,101.751447,rapidbus_kl
1006909,APARTMENT TULIP,3.1364,101.752944,rapidbus_kl
1001793,AJ219 LRT CEMPAKA,3.1383158732406,101.75308018712,rapidbus_kl
1003522,AJ225 PANGSAPURI DAHLIA,3.136262,101.752881,rapidbus_kl
1000704,AJ226 PANGSAPURI DAHLIA,3.1342033330273,101.75151040436,rapidbus_kl
1006894,AJ227 MIDPOINT COMPLEX (OPP),3.132262,101.752843,rapidbus_kl
1001962,AJ172 MENARA MAXISEGAR,3.129223,101.753449,rapidbus_kl
1002821,AJ173 RHB PANDAN INDAH,3.129258,101.754982,rapidbus_kl
1003823,AJ233 PANDAN INDAH,3.127818,101.756666,rapidbus_kl
1002722,AJ234 TAMAN LEMBAH MAJU (UTARA),3.126011,101.755607,rapidbus_kl
1006896,AJ235 FLAT LEMBAH MAJU,3.125232,101.755296,rapidbus_kl
1006898,SK PANDAN INDAH (OPP),3.124937,101.751655,rapidbus_kl
1003351,AJ165 SMK PANDAN INDAH,3.122964,101.751258,rapidbus_kl
1006900,AJ333 FLAT PANDAN INDAH,3.121507,101.751328,rapidbus_kl
1003924,AJ229 THE RESIDENT AMPANG SOUTH,3.119724,101.752015,rapidbus_kl
1002044,AJ230 TAMAN MUDA (BARAT),3.119856,101.756687,rapidbus_kl
1006902,PASAR TAMAN MUDA,3.119108,101.759486,rapidbus_kl
1006904,DEWAN TAMAN MUDA,3.116562,101.759721,rapidbus_kl
1001319,AJ427 TAMAN SERAYA (BARAT),3.114987,101.761285,rapidbus_kl
1003211,AJ334 TAMAN SERAYA (TIMUR),3.115575,101.762988,rapidbus_kl
1003012,AJ250 TAMAN BUKIT TERATAI,3.115151,101.764188,rapidbus_kl
1006910,99 SPEEDMART BUKIT TERATAI (OPP),3.111969,101.765629,rapidbus_kl
1003343,KOMERSIAL BUKIT MAHKOTA,2.870537,101.813438,rapidbus_kl
1008190,BUKIT MAHKOTA CLUBHOUSE SEKSYEN 6,2.873758,101.808645,rapidbus_kl
1008191,PINTU A PERUMAHAN BUKIT MAHKOTA (OPP),2.877296,101.808991,rapidbus_kl
1006960,APARTMENT NURI (OPP),2.88132,101.807285,rapidbus_kl
1006958,SEKSYEN 3 BANDAR BUKIT MAHKOTA,2.882819,101.801169,rapidbus_kl
1006956,BANYAN CLOSE,2.883335,101.794186,rapidbus_kl
1006964,PUSAT KOMERSIAL BANDAR SRI PUTRA,2.88633,101.791166,rapidbus_kl
1006954,MASJID BANDAR SERI PUTRA,2.887669,101.787822,rapidbus_kl
1006949,SMK BANDAR SERI PUTRA (OPP),2.886316,101.78515,rapidbus_kl
1006947,PANGSAPURI SERI MELATI (OPP),2.88767,101.779064,rapidbus_kl
1006965,PANGSAPURI ACACIA (OPP),2.889175,101.777885,rapidbus_kl
1006945,SK BANDAR SERI PUTRA (OPP),2.889084,101.775924,rapidbus_kl
1006943,APARTMENT CAMELLIA,2.893537,101.773046,rapidbus_kl
1006941,TAMAN BANGI VILLA (OPP),2.898844,101.778912,rapidbus_kl
1006939,DEWAN BANGI,2.901213,101.781081,rapidbus_kl
1008058,DEWAN PEKAN BANGI,2.901426,101.780777,rapidbus_kl
1008059,SK BANGI,2.904556,101.784278,rapidbus_kl
1006935,KTM BANGI,2.90316,101.785349,rapidbus_kl
1006936,PASAR BANGI LAMA,2.900647,101.782894,rapidbus_kl
1006938,DEWAN BANGI (OPP),2.901202,101.781252,rapidbus_kl
1006940,TAMAN BANGI VILLA,2.898779,101.779041,rapidbus_kl
1006942,TAMAN IMPIAN PUTRA,2.894693,101.774376,rapidbus_kl
1006944,SK BANDAR SERI PUTRA,2.889108,101.775718,rapidbus_kl
1006946,PANGSAPURI ACACIA,2.889262,101.777987,rapidbus_kl
1006950,PUSAT PERNIAGAAN SRI PUTRA,2.8871907,101.779635,rapidbus_kl
1006948,SMK BANDAR SERI PUTRA,2.886552,101.784861,rapidbus_kl
1006953,MASJID BANDAR SERI PUTRA (OPP),2.887891,101.78768,rapidbus_kl
1006951,PUSAT KOMERSIAL BANDAR SRI PUTRA,2.886509,101.791356,rapidbus_kl
1006955,BANYAN CLOSE,2.883463,101.794747,rapidbus_kl
1006957,SEKSYEN 3 BANDAR BUKIT MAHKOTA,2.883064,101.801179,rapidbus_kl
1006959,APARTMENT NURI,2.881568,101.807391,rapidbus_kl
1006961,SEKSYEN 5 BANDAR BUKIT MAHKOTA,2.873597,101.814896,rapidbus_kl
1007176,MRT BTHO,3.04907,101.774434,rapidbus_kl
1003179,APARTMENT NETIZEN,3.049629,101.772007,rapidbus_kl
1002469,PETRONAS CHERAS PERDANA (OPP),3.047857,101.768725,rapidbus_kl
1002213,TAMAN CHERAS PERDANA FASA 2,3.0462601967292,101.76797590543,rapidbus_kl
1006997,SMK CHERAS PERDANA (OPP),3.043947,101.766412,rapidbus_kl
1006998,TAMAN CHERAS PERDANA FASA 3,3.041742,101.765086,rapidbus_kl
1006755,TAMAN CHERAS PERDANA FASA 7,3.037232,101.762309,rapidbus_kl
1006754,KJ334 AEON CHERAS SELATAN,3.033446,101.762818,rapidbus_kl
1000184,PUSAT KOMERSIAL C180,3.034846,101.766009,rapidbus_kl
1006999,PANGSAPURI SUAKASIH,3.03778,101.758212,rapidbus_kl
1008000,PERUMAHAN SUADAMAI,3.04998,101.754825,rapidbus_kl
1008001,SK BTHO 2,3.052803,101.754999,rapidbus_kl
1008002,SMK BTHO 2,3.054078,101.755786,rapidbus_kl
1008004,PETRONAS BTHO 2,3.054724,101.757973,rapidbus_kl
1006757,APARTMENT MINANG RIA,3.056474,101.757437,rapidbus_kl
1008005,PANGSAPURI SERI MURNI,3.060348,101.757403,rapidbus_kl
1008006,SRA TAMAN TUN PERAK (OPP),3.062087,101.758338,rapidbus_kl
1008007,PANGSAPURI WIRA,3.063197,101.758677,rapidbus_kl
1002241,AJ276 PANDAN HEIGHT,3.112722443449,101.73863347999,rapidbus_kl
1002245,AJ277 PANDAN VISTA,3.115183,101.73894,rapidbus_kl
1002242,AJ278 PANDAN PERDANA DELUXE,3.116378,101.73961,rapidbus_kl
1002410,AJ470 PERDANA VILLA,3.118058,101.740585,rapidbus_kl
1002247,AJ279 PANDAN PERDANA (BARAT),3.119833,101.741585,rapidbus_kl
1008085,PLAZA PANDAN,3.119839,101.742327,rapidbus_kl
1003125,AJ273 SK PANDAN PERDANA,3.115781,101.741784,rapidbus_kl
1008086,STADIUM MPAJ,3.114366,101.741958,rapidbus_kl
1008087,AJ274 KOMERSIAL PANDAN PERDANA,3.113278,101.744602,rapidbus_kl
1003057,AJ331 TAMAN KENCANA (BARAT),3.119608,101.748577,rapidbus_kl
1003990,AJ332 TAMAN KENCANA (TIMUR),3.11964,101.750297,rapidbus_kl
1003825,AJ236 TAMAN LEMBAH MAJU,3.123595,101.755247,rapidbus_kl
1003326,AJ237 SK TAMAN MUDA,3.1205083504751,101.75542940854,rapidbus_kl
1001177,AJ231 TAMAN MUDA (TIMUR),3.1199889635163,101.75914666354,rapidbus_kl
1001755,AJ242 KOMERSIAL TAMAN MUDA,3.121373,101.760082,rapidbus_kl
1001651,AJ157 PANDAN MEWAH HEIGHTS,3.130923,101.762139,rapidbus_kl
1000992,AJ158 FLAT 610,3.130479,101.760369,rapidbus_kl
1003749,AJ159 SURAU MADRASATUL SOFWA,3.1298841668666,101.75896061054,rapidbus_kl
1000610,AJ160 APARTMENT BUNGA RAYA,3.1292473326086,101.7572669952,rapidbus_kl
1000728,AJ179 APARTMENT MERPATI,3.133868,101.75633771805,rapidbus_kl
1000354,AJ223 APARTMENT MERPATI,3.134151,101.757526,rapidbus_kl
1000134,AJ423 APARTMENT NURI COURT,3.135695,101.756302,rapidbus_kl
1000129,AJ224 APARTMENT KENARI COURT,3.136451,101.754541,rapidbus_kl
1008088,KOMERSIAL PANDAN INDAH,3.133105,101.751201,rapidbus_kl
1001334,AJ269 TAMAN MAJU JAYA,3.1304479736276,101.74298020593,rapidbus_kl
1002794,AJ270 CHERAS INDAH NIGHT MARKET,3.128708,101.742922,rapidbus_kl
1003776,AJ271 TAMAN CHERAS INDAH,3.124393,101.742457,rapidbus_kl
1000009,AJ272 PANDAN PERDANA (TIMUR),3.12019,101.743645,rapidbus_kl
1003537,AJ275 PANDAN PERDANA (SELATAN),3.1142465789033,101.74105738188,rapidbus_kl
1009040,KJ884 KOMERSIAL SEKSYEN 4,2.964498,101.781744,rapidbus_kl
1009042,KJ885 SMK JALAN EMPAT,2.961828,101.781703,rapidbus_kl
1009054,JALAN 4/5D,2.960752,101.778165,rapidbus_kl
1009052,SURAU AL-KAUTHAR,2.957815,101.779375,rapidbus_kl
1009050,PANGSAPURI ANGGUN (OPP),2.955564,101.779835,rapidbus_kl
1009055,SURAU JUBLI PERAK AL-IKHWAN (OPP),2.953705,101.779201,rapidbus_kl
1009044,KJ926 SK JALAN EMPAT (OPP),2.951478,101.779993,rapidbus_kl
1009031,PERUMAHAN SEKSYEN 3,2.949072,101.781076,rapidbus_kl
1009034,BANGI PERDANA SEKSYEN 3,2.944911,101.780992,rapidbus_kl
1009036,SURAU ABDUL RAHMAN  SEKSYEN 3,2.941271,101.781455,rapidbus_kl
1009038,PANGSAPURI DAMAI RESIDENCE,2.938449,101.780542,rapidbus_kl
1008154,KJ513 BANDAR BARU BANGI SEKSYEN 2 (SELATAN),2.939188,101.768608,rapidbus_kl
1006190,KJ514 PANGSAPURI SRI CEMPAKA,2.941284,101.767344,rapidbus_kl
1006191,KJ515 PETRONAS SEKSYEN 16,2.944432,101.765292,rapidbus_kl
1006198,KJ525 KOMPLEKS PENTADBIRAN HULU LANGAT,2.956146,101.757689,rapidbus_kl
1006086,MAHKAMAH SYARIAH BANGI,2.95919,101.75429,rapidbus_kl
1006087,PETRONAS SEKSYEN 9 BANGI,2.96132,101.75156,rapidbus_kl
1006089,KJ429 KOMERSIAL SEKSYEN 8 BANDAR BARU BANGI,2.962555,101.757129,rapidbus_kl
1006090,SEKSYEN 6 PUNCAK BANGI,2.96204,101.761169,rapidbus_kl
1006091,KJ516 BANDAR BARU BANGI SEKSYEN 2 (UTARA),2.944499,101.765586,rapidbus_kl
1008153,KJ519 PANGSAPURI SRI CEMPAKA,2.941203,101.767719,rapidbus_kl
1006062,KJ520 BANDAR BARU BANGI SEKSYEN 2 (SELATAN),2.938104,101.769635,rapidbus_kl
1009039,BANGI MUNAWWARAH,2.938383,101.780255,rapidbus_kl
1009037,SURAU ABDUL RAHMAN SEKSYEN 3 (OPP),2.941554,101.781346,rapidbus_kl
1009035,BANGI PERDANA SEKSYEN 3,2.944562,101.780898,rapidbus_kl
1009033,SURAU BANGI PERDANA,2.947434,101.780886,rapidbus_kl
1009032,PERUMAHAN SEKSYEN 3,2.948703,101.780948,rapidbus_kl
1009045,KJ918 SK JALAN EMPAT,2.951387,101.779617,rapidbus_kl
1009048,KJ920 SURAU JUBLI PERAK AL-IKHWAN,2.953822,101.779138,rapidbus_kl
1009049,KJ921 PANGSAPURI ANGGUN,2.955532,101.779691,rapidbus_kl
1009051,KJ922 PETRONAS UNIKEB 2,2.957885,101.779211,rapidbus_kl
1009053,KJ923 JALAN 4/3,2.960731,101.778052,rapidbus_kl
1009043,KJ930 SMK JALAN EMPAT (OPP),2.961778,101.781593,rapidbus_kl
1009041,KJ931 KOMERSIAL SEKSYEN 4,2.964379,101.781638,rapidbus_kl
1006966,LOTUS RAWANG,3.302417,101.596916,rapidbus_kl
1006967,SL351 KG BT16 RAWANG (TIMUR),3.304136,101.595285,rapidbus_kl
1006969,DEWAN TAMAN KANCHING,3.303357,101.59175,rapidbus_kl
1006971,SAM RAWANG (OPP),3.302364,101.591669,rapidbus_kl
1006973,TAMAN MAWAR,3.29979,101.590504,rapidbus_kl
1006974,PANGSAPURI TAMAN TUN TEJA (OPP),3.297112,101.592762,rapidbus_kl
1006976,MASJID TAMAN TUN TEJA,3.295099,101.591795,rapidbus_kl
1006975,SL439 PANGSAPURI TAMAN TUN TEJA,3.297165,101.592588,rapidbus_kl
1006972,SL440 TAMAN MAWAR,3.299724,101.590343,rapidbus_kl
1006970,SAM RAWANG,3.30249,101.591562,rapidbus_kl
1006977,SK TUN TEJA (OPP),3.303047,101.5897,rapidbus_kl
1006979,TAMAN MUHIBBAH,3.303312,101.587035,rapidbus_kl
1006982,PANGSAPURI BERINGN (OPP),3.30203,101.582813,rapidbus_kl
1006983,SURAU AL-RADHIYAH (OPP),3.301714,101.58152,rapidbus_kl
1006985,TAMAN BERSATU,3.305181,101.580505,rapidbus_kl
1006987,TAMAN BERSATU FASA 4,3.307201,101.582609,rapidbus_kl
1001115,MEDAN SELERA RAWANG PERDANA (OPP),3.312536,101.585452,rapidbus_kl
1001825,KLINIK KESIHATAN RAWANG PERDANA,3.314829,101.596037,rapidbus_kl
1008404,RAWANG PERDANA 10,3.325326,101.590541,rapidbus_kl
1008406,SL455 TAMAN BUKIT RAWANG JAYA,3.333579,101.587806,rapidbus_kl
1008408,SL458 BUKIT RAWANG JAYA,3.336924,101.587284,rapidbus_kl
1008411,SL459 FLAT BUKIT RAWANG JAYA (OPP),3.337127,101.585367,rapidbus_kl
1008413,SL460 SK BUKIT RAWANG JAYA (OPP),3.334956,101.582335,rapidbus_kl
1008414,SL361 RAWANG MUTIARA BUSINESS CENTRE,3.328308,101.580438,rapidbus_kl
1008416,SL362 BANDAR BARU RAWANG,3.323878,101.576842,rapidbus_kl
1006996,SL365 TERMINAL BAS RAWANG,3.318382,101.578148,rapidbus_kl
1008415,SL360 RAWANG MUTIARA BUSINESS CENTRE,3.328476,101.580159,rapidbus_kl
1008412,SL451 SK BUKIT RAWANG JAYA,3.335183,101.582309,rapidbus_kl
1008410,SL452 FLAT BUKIT RAWANG JAYA,3.337331,101.585126,rapidbus_kl
1008409,SL453 BUKIT RAWANG JAYA,3.337111,101.587337,rapidbus_kl
1008407,SL454 TAMAN BUKIT RAWANG JAYA,3.332966,101.588352,rapidbus_kl
1008405,RAWANG PERDANA 11,3.325448,101.590685,rapidbus_kl
1001118,SL449 KLINIK KESIHATAN RAWANG (OPP),3.314769,101.596208,rapidbus_kl
1001117,MEDAN SELERA RAWANG PERDANA,3.312261,101.585486,rapidbus_kl
1006990,SL367 SRJKC SAN YUK RAWANG,3.310477,101.582914,rapidbus_kl
1006988,TAMAN BERSATU FASA 4,3.307348,101.582972,rapidbus_kl
1006986,TAMAN BERSATU,3.305284,101.580808,rapidbus_kl
1006984,SURAU AL-RADHIYAH,3.301884,101.581372,rapidbus_kl
1006981,PANGSAPURI BERINGIN,3.302282,101.582953,rapidbus_kl
1006980,TAMAN MUHIBBAH,3.303433,101.587324,rapidbus_kl
1006978,SL445 SK TUN TEJA,3.303294,101.589414,rapidbus_kl
1006968,SL372 KG BT16 RAWANG,3.304371,101.595317,rapidbus_kl
1007013,SL558 MASJID SG BULOH,3.219001,101.596911,rapidbus_kl
1007012,(M) SL559 UITM SG BULOH (OPP),3.219405,101.593238,rapidbus_kl
1007010,SL560 KOLEJ SAINS KESIHATAN,3.221164,101.587473,rapidbus_kl
1007008,SL561 HOSPITAL SG BULOH UTAMA,3.220688,101.583769,rapidbus_kl
1007006,SL562 HOSPITAL SG BULOH PINTU C,3.21782,101.581653,rapidbus_kl
1007004,SL563 SMK SIERRAMAS,3.214533,101.578955,rapidbus_kl
1007002,SL564 STELLARS GROCER (OPP),3.211384,101.577404,rapidbus_kl
1007000,SA995 MRT SG BULOH,3.206685,101.580838,rapidbus_kl
1007001,SL552 STELLARS GROCER,3.211823,101.577405,rapidbus_kl
1007018,SL565 SK SG BULOH (OPP),3.214882,101.577572,rapidbus_kl
1007019,SL566 KG MELAYU BT 13,3.217213,101.57548,rapidbus_kl
1007020,SL567 KG MELAYU BT 13,3.219551,101.573378,rapidbus_kl
1007021,SL568 KG MELAYU BT 13,3.221636,101.571512,rapidbus_kl
1007022,SL569 KG MELAYU BT 13,3.224005,101.569396,rapidbus_kl
1007023,SL570 DATARAN VILLA PUTRA,3.226471,101.567315,rapidbus_kl
1007024,SL571 PERINDUSTRIAN BRP 8/YAMAHA,3.229368,101.565277,rapidbus_kl
1007025,SL572 PERUMAHAN BRP 7,3.229163,101.558528,rapidbus_kl
1007556,SK BUKIT RAHMAN PUTRA,3.228004,101.552355,rapidbus_kl
1007558,PINGGIRAN RAHMAN PUTRA,3.232163,101.547729,rapidbus_kl
1007560,TAMAN MASGENUINE,3.235197,101.542681,rapidbus_kl
1007563,SL332 SURAU KG SETIA KUANG,3.240179,101.535205,rapidbus_kl
1007564,SL333 TAMAN TASIK BIRU,3.248346,101.529429,rapidbus_kl
1007567,SL334 KG MELAYU KUNDANG,3.253873,101.525621,rapidbus_kl
1007568,SL335 DEWAN KG MELAYU KUNDANG,3.255324,101.525148,rapidbus_kl
1007570,SL320 SK SERI KUNDANG,3.257792,101.521001,rapidbus_kl
1007572,SL321 TAMAN RAHMAT JAYA KUNDANG,3.261615,101.519144,rapidbus_kl
1007574,SL322 KUNDANG LAKES COUNTRY CLUB,3.263061,101.517741,rapidbus_kl
1007576,SURAU KG BARU KUNDANG,3.273021,101.514333,rapidbus_kl
1007577,PASAR KG BARU KUNDANG,3.279485,101.514363,rapidbus_kl
1007579,BANDAR TASIK PUTERI 2,3.292002,101.497113,rapidbus_kl
1007581,SL305 BANDAR TASIK PUTERI,3.285734,101.477179,rapidbus_kl
1007583,SL140 SK TASIK PUTERI 2,3.281142,101.474555,rapidbus_kl
1007586,SMK BANDAR TASIK PUTERI,3.286627,101.472814,rapidbus_kl
1007588,PINEWOOD COURT (OPP),3.286554,101.469121,rapidbus_kl
1007590,PANGSAPURI AZALEA (OPP),3.292071,101.471757,rapidbus_kl
1007592,SIMPANG TASIK PUTERI,3.304976,101.472788,rapidbus_kl
1007593,SL133 SPG OC 8/9 BATU ARANG,3.309494,101.473225,rapidbus_kl
1007595,SL149 PEJABAT TM BATU ARANG,3.312266,101.473134,rapidbus_kl
1007596,SMK TUANKU ABDUL RAHMAN,3.318176,101.472706,rapidbus_kl
1007616,SK BATU ARANG,3.320912,101.471247,rapidbus_kl
1007617,SMK TUANKU ABDUL RAHMAN (OPP),3.317991,101.473166,rapidbus_kl
1007594,SJKT BATU ARANG,3.311014,101.473461,rapidbus_kl
1007591,SL190 SIMPANG TASIK PUTERI,3.304661,101.472862,rapidbus_kl
1007589,PANGSAPURI AZALEA,3.292408,101.472296,rapidbus_kl
1007587,SL187 PINEWOOD COURT,3.286494,101.469644,rapidbus_kl
1007585,SL131 SMK BANDAR TASIK PUTERI,3.286567,101.473069,rapidbus_kl
1007584,SK TASIK PUTERI 2 (OPP),3.281414,101.474563,rapidbus_kl
1007582,BANDAR TASIK PUTERI 8,3.285609,101.476884,rapidbus_kl
1007580,BANDAR TASIK PUTERI 2 (OPP),3.292109,101.496954,rapidbus_kl
1007578,SL402 PASAR KG BARU KUNDANG,3.279466,101.514562,rapidbus_kl
1007575,SL400 KG BARU KUNDANG,3.272512,101.514406,rapidbus_kl
1007573,SL324 TAMAN RAHMAT JAYA KUNDANG,3.261629,101.519313,rapidbus_kl
1007571,SL327 SK SERI KUNDANG (OPP),3.257952,101.521636,rapidbus_kl
1007569,SL328 DEWAN KG MELAYU KUNDANG,3.255247,101.525477,rapidbus_kl
1007566,SL329 KG MELAYU KUNDANG,3.254025,101.526136,rapidbus_kl
1007565,SL330 TAMAN TASIK BIRU,3.248641,101.52948,rapidbus_kl
1007562,SL331 KG SETIA KUANG,3.240554,101.535148,rapidbus_kl
1007561,(M) KOMERSIAL MASGENUINE SQUARE,3.236451,101.540735,rapidbus_kl
1007559,PINGGIRAN RAHMAN PUTRA,3.232423,101.547665,rapidbus_kl
1007557,SK BUKIT RAHMAN PUTRA (OPP),3.228193,101.552937,rapidbus_kl
1007555,KOMERSIAL BRP 7,3.229409,101.558461,rapidbus_kl
1007554,SL596 SPG BRP 8/2,3.230569,101.564936,rapidbus_kl
1007553,SL597 TAMAN PERINDUSTRIAN BRP 8/DAIKIN,3.228646,101.565893,rapidbus_kl
1007552,SL598 TAMAN VILLA PUTRA,3.226541,101.567568,rapidbus_kl
1007551,SL607 SK SG BULOH,3.215013,101.577659,rapidbus_kl
1007003,SL553 SK SG BULOH,3.214774,101.578807,rapidbus_kl
1007005,SL554 HOSPITAL SG BULOH PINTU C (OPP),3.217734,101.581396,rapidbus_kl
1007007,SL555 HOSPITAL SG BULOH UTAMA (OPP),3.220775,101.583395,rapidbus_kl
1007009,SL556 KOLEJ SAINS KESIHATAN (OPP),3.221372,101.58745,rapidbus_kl
1007011,SL557 UITM SG BULOH,3.21966,101.593327,rapidbus_kl
1001404,SL315 KEPONG INDUSTRIAL PARK,3.206837,101.607239,rapidbus_kl
1000499,SL316 TAMAN WANGSA PERMAI/COCOMART,3.208377,101.611257,rapidbus_kl
1003213,SL312 DESA AMAN PURI (SELATAN),3.208862,101.614937,rapidbus_kl
1007597,SL623 SK AMANPURI,3.216236,101.613845,rapidbus_kl
1007598,SL624 APARTMENT DESA SATU,3.214185,101.615035,rapidbus_kl
1000074,SL1 APARTMENT DESA DUA,3.212391,101.615622,rapidbus_kl
1000547,SL2 DESA AMAN PURI (UTARA),3.211352,101.616918,rapidbus_kl
1007600,SL628 PADANG BOLA TAMAN EHSAN,3.218822,101.621881,rapidbus_kl
1007601,SL629 PASAR MODEN TAMAN EHSAN,3.220915,101.624777,rapidbus_kl
1007602,SL630 PERUMAHAN TAMAN EHSAN JLN E5/1,3.223003,101.627665,rapidbus_kl
1007604,SL631 PERUMAHAN TAMAN EHSAN JLN E5/1,3.224206,101.631003,rapidbus_kl
1007606,SL632 KG KEPONG ULU,3.224597,101.633144,rapidbus_kl
1007608,SL633 SMK KEPONG (OPP),3.226353,101.635487,rapidbus_kl
1000811,SL16 FRIM,3.227907,101.63771,rapidbus_kl
1003234,SL634 KUARTERS FRIM,3.233569,101.640526,rapidbus_kl
1007611,SL523 SK SELAYANG UTAMA,3.235677,101.64116,rapidbus_kl
1000368,SL524 BOMBA BANDAR SELAYANG,3.254808,101.655816,rapidbus_kl
1007612,SL517 TAMAN SELAYANG (BARAT),3.235584,101.6414,rapidbus_kl
1007610,SL639 PARAGON UTAMA,3.233444,101.6408,rapidbus_kl
1000810,SL518 TAMAN KEPONG INDAH,3.227875,101.63797,rapidbus_kl
1007609,SMK KEPONG,3.226183,101.635549,rapidbus_kl
1007607,KG KEPONG ULU,3.224797,101.633742,rapidbus_kl
1007605,PERUMAHAN TAMAN EHSAN JLN E5/2,3.223948,101.631299,rapidbus_kl
1007603,PERUMAHAN TAMAN EHSAN JLN E5/2,3.222961,101.627926,rapidbus_kl
1000641,SL6 TAMAN EHSAN (TIMUR),3.220164,101.624017,rapidbus_kl
1002312,SL7 TAMAN EHSAN (SELATAN),3.218421,101.621584,rapidbus_kl
1000500,SL209 TAMAN WANGSA PERMAI/COCOMART (OPP),3.208317,101.611406,rapidbus_kl
1007599,SL616 MAS KIPARK DAMANSARA,3.207006,101.608651,rapidbus_kl
1008051,BANDAR BANTING BARU,2.817379,101.454654,rapidbus_kl
1008052,KG SG RABA,2.820547,101.44684,rapidbus_kl
1008053,KOLEJ MATRIKULASI SELANGOR,2.823137,101.444143,rapidbus_kl
1008054,KG KATHONG,2.826557,101.440588,rapidbus_kl
1008063,TAMAN DESA PERMATANG JAYA,2.829783,101.43741,rapidbus_kl
1008064,PEKAN PERMATANG PASIR,2.829783,101.43741,rapidbus_kl
1008065,PEKAN CHODOI,2.841812,101.441148,rapidbus_kl
1008066,TAMAN CHODOI BESTARI,2.843904,101.444766,rapidbus_kl
1008055,SM SAINS BANTING,2.827845,101.44786,rapidbus_kl
1008056,KUARTERS TUDM,2.824435,101.449289,rapidbus_kl
1008057,REJIMEN TUDM,2.82063,101.450658,rapidbus_kl
1008050,SK JUGRA,2.819281,101.456218,rapidbus_kl
1008048,ILP KUALA LANGAT,2.81946,101.463326,rapidbus_kl
1008046,IKBN KUALA LANGAT,2.819503,101.471632,rapidbus_kl
1008043,SPG JLN SERDANG BELAH,2.816309,101.479818,rapidbus_kl
1008044,MADINA SEAFOOD,2.812899,101.487983,rapidbus_kl
1008040,KLINIK 1MALAYSIA BANTING,2.811715,101.490914,rapidbus_kl
1008036,PPD KUALA LANGAT,2.811896,101.495725,rapidbus_kl
1008067,AEON CREDIT BANTING,2.81267,101.498795,rapidbus_kl
1008037,INDAH PESONA,2.813592,101.502695,rapidbus_kl
1008024,ECONSAVE BANTING,2.812005,101.506457,rapidbus_kl
1008025,STESEN BAS BANTING,2.812327,101.502269,rapidbus_kl
1008026,SPG JLN KEMBOJA 15,2.807698,101.500398,rapidbus_kl
1008027,IPD KUALA LANGAT (OPP),2.804882,101.494917,rapidbus_kl
1008028,PEJABAT MDKL,2.803772,101.496001,rapidbus_kl
1008029,MEDAN SELERA MDKL,2.803143,101.497806,rapidbus_kl
1008030,TAMAN KEMUNING,2.80263,101.499276,rapidbus_kl
1008031,KG SG LANG,2.797989,101.493662,rapidbus_kl
1008032,SHENG LEONG CYCLE,2.799865,101.492586,rapidbus_kl
1008033,HOSPITAL BANTING,2.802581,101.493712,rapidbus_kl
1008034,IPD KUALA LANGAT,2.805828,101.495044,rapidbus_kl
1008060,SJKC CHOONG HUA,2.807198,101.498096,rapidbus_kl
1008061,RESTORAN NAFIH,2.811125,101.501598,rapidbus_kl
1008062,7 ELEVEN BANTING,2.812761,101.500472,rapidbus_kl
1008035,MYCINEMA BANTING,2.812001,101.497041,rapidbus_kl
1008038,MASJID AT-TAQWA BANTING,2.81117,101.491958,rapidbus_kl
1008039,TAMAN MULIA,2.811816,101.490344,rapidbus_kl
1008041,TAMAN SERI PUTRA,2.813293,101.486708,rapidbus_kl
1008042,SPG JLN SERDANG BELAH,2.815634,101.481094,rapidbus_kl
1008045,IKBN KUALA LANGAT (OPP),2.819256,101.471548,rapidbus_kl
1008047,ILP KUALA LANGAT (OPP),2.81922,101.463654,rapidbus_kl
1008049,SK JUGRA (OPP),2.819161,101.455971,rapidbus_kl
1003078,SA786 HENTIAN BANDAR SEKSYEN 14,3.0724427493567,101.52135232628,rapidbus_kl
1008399,SA855 WISMA MBSA (OPP),3.072952,101.520611,rapidbus_kl
1008075,SA854 KOMPLEKS PKNS SHAH ALAM,3.072057,101.51693,rapidbus_kl
1006643,SA856 WISMA MBSA,3.073127,101.519848,rapidbus_kl
1000936,SA19 MARDHIYYAH HOTEL & SUITES,3.073544,101.522647,rapidbus_kl
1006644,SA367 DATARAN KEMERDEKAAN,3.076122,101.524897,rapidbus_kl
1006645,MASJID NEGERI,3.080282,101.522521,rapidbus_kl
1006646,PLAZA SHAH ALAM,3.084918,101.524087,rapidbus_kl
1006648,SA48 KOMERSIAL SEKSYEN 9,3.0817,101.527199,rapidbus_kl
1008077,DEWAN JENJAROM (OPP),3.077527,101.529932,rapidbus_kl
1006649,PUSAT AKUATIK SEKSYEN 13,3.07289,101.537945,rapidbus_kl
1006650,SA255 PUSAT KOMERSIAL WORLDWIDE (OPP),3.072882,101.540999,rapidbus_kl
1006654,AEON MALL SHAH ALAM,3.076201,101.549344,rapidbus_kl
1008079,MSU (OPP),3.080878,101.550824,rapidbus_kl
1006655,(M) SA237 PANGSAPURI PERDANA,3.085738,101.548798,rapidbus_kl
1006657,SA247 PUSAT KOMERSIAL SEKSYEN 13,3.089024,101.544988,rapidbus_kl
1006658,SA242 METIA RESIDENCES,3.090292,101.547757,rapidbus_kl
1006659,SA752 POLITEKNIK SSAAS,3.085087,101.554651,rapidbus_kl
1006660,CONDOMINIUM PRIMA U1,3.078767,101.555312,rapidbus_kl
1006661,SJ574 APARTMENT INDAHRIA,3.072656,101.556539,rapidbus_kl
1006662,KTM BATU 3,3.075738,101.559838,rapidbus_kl
1001482,SJ573 KILANG GULA CSR,3.071667,101.556446,rapidbus_kl
1008216,SA132 AVENUE CREST (OPP),3.067927,101.556176,rapidbus_kl
1000643,SA133 KG KEBUN BUNGA (UTARA),3.064447,101.556596,rapidbus_kl
1001046,SA962 KG KEBUN BUNGA (SELATAN),3.0619621588086,101.55697246259,rapidbus_kl
1008218,SA946 MASJID FASTABIQUL,3.059446,101.556919,rapidbus_kl
1002506,SA961 SEKSYEN 22/PETRONAS,3.0575857155066,101.55630435158,rapidbus_kl
1008219,SA384 SEKSYEN 22,3.057551,101.555891,rapidbus_kl
1002507,SA385 KG KEBUN BUNGA/PETRONAS,3.0618238253554,101.55666669176,rapidbus_kl
1006666,SA131 KG KEBUN BUNGA/PETRON,3.064131,101.556343,rapidbus_kl
1006667,SA386 AVENUE CREST,3.068578,101.555871,rapidbus_kl
1006668,POLITEKNIK SSAAS (OPP),3.085034,101.554275,rapidbus_kl
1008080,MSU,3.08106,101.551028,rapidbus_kl
1006671,AEON MALL SHAH ALAM (OPP),3.076535,101.549554,rapidbus_kl
1006651,SA254 PUSAT KOMERSIAL WORLDWIDE,3.072874,101.54119,rapidbus_kl
1006669,PUSAT AKUATIK,3.074305,101.537447,rapidbus_kl
1008078,DEWAN JENJAROM,3.077083,101.529777,rapidbus_kl
1006670,SA22 SMA TENGKU AMPUAN JEMAAH,3.078832,101.526053,rapidbus_kl
1000212,SA368 BALAI POLIS SEKSYEN 11,3.076223,101.525138,rapidbus_kl
1004249,SA18 WISMA PKPS,3.0733481810602,101.52298177514,rapidbus_kl
1006656,TERMINAL BAS SEMENTARA SEKSYEN 13,3.085102,101.546549,rapidbus_kl
1003358,SA498 MONFORT (OPP),3.091446,101.554254,rapidbus_kl
1002475,SA499 PANGSAPURI SRI MELEWAR (OPP),3.094844,101.555592,rapidbus_kl
1006799,KOMPLEKS SMS (OPP),3.098266,101.556849,rapidbus_kl
1006772,PANGSAPURI JAYA (OPP),3.099265,101.556041,rapidbus_kl
1006773,PANGSAPURI ILHAM,3.101328,101.551938,rapidbus_kl
1006774,SMK TTDI JAYA,3.104295,101.555493,rapidbus_kl
1006775,MASJID AL ITISAM,3.104895,101.557741,rapidbus_kl
1003305,SA502 SK TTDI JAYA,3.106748,101.557961,rapidbus_kl
1001454,SA503 SEKSYEN U8,3.110007,101.556793,rapidbus_kl
1003583,(M) SA504 SPACE U8 MALL (OPP),3.111028,101.552936,rapidbus_kl
1000374,SA505 BOMBA BUKIT JELUTONG (OPP),3.109506,101.54579,rapidbus_kl
1000024,SA506 BUKIT JELUTONG (TIMUR),3.108723,101.542355,rapidbus_kl
1006776,RADIA GALLERY,3.10161,101.537597,rapidbus_kl
1006786,RADIA RESIDENCE (OPP),3.099553,101.534339,rapidbus_kl
1006777,KOMERSIAL BUKIT JELUTONG,3.103535,101.527638,rapidbus_kl
1006779,SK BUKIT JELUTONG (OPP),3.106572,101.530935,rapidbus_kl
1006781,SMK BUKIT JELUTONG (OPP),3.108719,101.531197,rapidbus_kl
1007720,SA517 KOMERSIAL D'PANGKIN,3.114439,101.526866,rapidbus_kl
1006782,SMK BUKIT JELUTONG,3.10859,101.531283,rapidbus_kl
1006780,SK BUKIT JELUTONG,3.106441,101.531056,rapidbus_kl
1006778,PUSAT KOMERSIAL D'BAYU,3.103596,101.528472,rapidbus_kl
1006787,RADIA RESIDENCE,3.099815,101.534463,rapidbus_kl
1002788,SA507 BUKIT JELUTONG (TIMUR),3.108941,101.542117,rapidbus_kl
1000373,SA508 BOMBA BUKIT JELUTONG,3.10972,101.545546,rapidbus_kl
1003582,(M) SA509 SPACE U8 MALL,3.111287,101.552773,rapidbus_kl
1001455,SA510 SEKSYEN U8,3.110506,101.556772,rapidbus_kl
1002731,SA511 SK TTDI JAYA (OPP),3.106391,101.558471,rapidbus_kl
1006571,MASJID AL ITISAM (OPP),3.104756,101.557517,rapidbus_kl
1006572,SMK TTDI JAYA (OPP),3.104041,101.555373,rapidbus_kl
1006573,PANGSAPURI ILHAM (OPP),3.101305,101.552053,rapidbus_kl
1006570,PANGSAPURI JAYA,3.099353,101.556136,rapidbus_kl
1006800,KOMPLEKS SMS,3.09819,101.557103,rapidbus_kl
1002476,SA514 PANGSAPURI SRI MELEWAR,3.0947572622693,101.55584152941,rapidbus_kl
1003359,SA515 MONFORT,3.091436,101.554662,rapidbus_kl
1006566,SA985 BRUNSFIELD RIVERVIEW,3.080616,101.553383,rapidbus_kl
1000861,SA947 GIANT SEKSYEN 13,3.085394,101.54981,rapidbus_kl
1008221,PERUMAHAN PINGGIRAN USJ,3.052927,101.555519,rapidbus_kl
1003357,SJ587 KOLEJ VOKASIONAL SHAH ALAM,3.0477495997066,101.5533577906,rapidbus_kl
1002751,SJ588 SIME UEP,3.044406549994,101.55057678395,rapidbus_kl
1005063,PPR KG BARU HICOM,3.037035,101.543886,rapidbus_kl
1000651,SA127 TAMAN PERINDUSTRIAN SUBANG UTAMA,3.040397,101.546612,rapidbus_kl
1001752,SA128 TAMAN PERINDUSTRIAN (UTARA),3.044452,101.545823,rapidbus_kl
1001566,SA462 SEKSYEN 20 (TIMUR),3.0551123911709,101.54269314337,rapidbus_kl
1006638,SA459 HOSPITAL KPJ,3.056779,101.540854,rapidbus_kl
1008222,PERUMAHAN SEKSYEN 20,3.056032,101.538522,rapidbus_kl
1008223,PERUMAHAN SEKSYEN 19,3.052536,101.536149,rapidbus_kl
1006637,SA446 HOTEL DE PALMA (OPP),3.050311,101.535464,rapidbus_kl
1000536,SA456 PUSAT PERNIAGAAN JUBLI PERAK,3.0490685211587,101.53708882392,rapidbus_kl
1008224,PUSAT PERNIAGAAN SURI PUTRI,3.051006,101.540037,rapidbus_kl
1003757,SA461 HENTIAN JUBLI PERAK,3.0521086003269,101.54180352842,rapidbus_kl
1001753,(M) SA129 TAMAN PERINDUSTRIAN (UTARA),3.043785,101.546307,rapidbus_kl
1000302,SA130 BHP/MCD (SELATAN),3.040343,101.547071,rapidbus_kl
1002750,SJ589 SIME UEP,3.0444537728179,101.55031434331,rapidbus_kl
1003356,SJ638 SM TEKNIK VOKASIONAL (OPP),3.0478713452406,101.55306493489,rapidbus_kl
1000050,AISB,3.0511971457509,101.5551150906,rapidbus_kl
1008220,SJ585 TAMAN PERINDUSTRIAN LION,3.053458,101.555385,rapidbus_kl
1008217,KG KEBUN BUNGA SEKSYEN 22,3.065138,101.556186,rapidbus_kl
1006540,SJ533 LRT ALAM MEGAH,3.023277,101.572424,rapidbus_kl
1003297,SK HICOM,3.0271745077661,101.56998761079,rapidbus_kl
1008225,SA50 SRI IXORA APARTMENT,3.028091,101.568615,rapidbus_kl
1000443,SA120 TAMAN BUKIT SAGA,3.0314345209961,101.56936023913,rapidbus_kl
1000812,SA121 PROTON HICOM (TIMUR),3.034298,101.564048,rapidbus_kl
1001838,SA122 I-PARC,3.0351388518713,101.55991458153,rapidbus_kl
1000618,SA124 PROTON HICOM,3.0355074868275,101.55797791479,rapidbus_kl
1008226,METHODIST CAC,3.004453,101.545783,rapidbus_kl
1008227,SA178 PERUMAHAN ANGGERIK (UTARA),3.003629,101.548087,rapidbus_kl
1008228,SA179 SURAU AN-NAJIHIN,2.999948,101.550929,rapidbus_kl
1008229,SA180 PERUMAHAN ANGGERIK (TIMUR),2.994048,101.549682,rapidbus_kl
1002178,SA214 PANGSAPURI SRI KEMUNING (BARAT),2.990915,101.548514,rapidbus_kl
1000337,SA182 PANGSAPURI SRI NERVILLA,2.986482316293,101.54955156799,rapidbus_kl
1008230,SA183 SRI NERVILLIA,2.984285,101.549171,rapidbus_kl
1002661,SA188 KOTA KEMUNING INDUSTRIAL PARK,2.9819555182849,101.54712558236,rapidbus_kl
1003817,SA189 KEMUNING GREENVILLE (SELATAN),2.9803039831074,101.53789540224,rapidbus_kl
1000495,SA190 GREENVILLE (UTARA),2.9840926966876,101.53583964718,rapidbus_kl
1000817,SA191 MERANTI TERRACE,2.9869113186898,101.53540642002,rapidbus_kl
1002798,SA193 SMK KOTA KEMUNING (UTARA),2.9859331922853,101.54094875077,rapidbus_kl
1008247,SA199 KOTA KEMUNING HILLS (SELATAN),2.986524,101.540134,rapidbus_kl
1000816,SA200 MERANTI TERRACE,2.9865863714949,101.53531996678,rapidbus_kl
1008246,SA221 SJKC CHUNG HUA KOTA KEMUNING,2.989023,101.532389,rapidbus_kl
1008231,SK BUKIT RIMAU,2.992453,101.527444,rapidbus_kl
1008232,SHAH ALAM BUDDIST SOCIETY,2.995721,101.526651,rapidbus_kl
1008498,SA169 CHINESE TAIPEI SCHOOL (OPP),2.998171,101.527441,rapidbus_kl
1008495,AEON BIG BUKIT RIMAU (OPP),2.999288,101.527879,rapidbus_kl
1008496,GEO BUKIT RIMAU,3.000737,101.526674,rapidbus_kl
1008497,PUSAT KOMERSIAL BUKIT RIMAU,2.998918,101.526166,rapidbus_kl
1008236,GAMUDA WALK MALL (OPP),3.000923,101.532826,rapidbus_kl
1001858,SA170 CANAL GARDEN,3.003345006784,101.53361888346,rapidbus_kl
1001567,SA171 KOTA KEMUNING BUSINESS PARK,3.0033833659642,101.53836641213,rapidbus_kl
1008237,SA894 KOTA KEMUNING CENTRAL LAKE,3.002597,101.540143,rapidbus_kl
1000619,SA130 PROTON HICOM (BARAT),3.0358864026082,101.55771576987,rapidbus_kl
1000912,SA137 SEKSYEN 26 (TIMUR),3.0351256496585,101.56147935984,rapidbus_kl
1000825,SA139 PROTON HICOM (TIMUR),3.034469,101.565662,rapidbus_kl
1000316,SA140 TAMAN BUKIT SAGA,3.0315394160238,101.56965452364,rapidbus_kl
1003298,SK HICOM (OPP),3.027013,101.570212,rapidbus_kl
1006519,PJ671 LRT LEMBAH SUBANG,3.112072,101.590682,rapidbus_kl
1006174,MENARA PRASARANA,3.113323,101.584889,rapidbus_kl
1006170,KL2324 LRT AWAN BESAR,3.061769,101.669737,rapidbus_kl
1009056,PAVILION BUKIT JALIL,3.050022,101.673645,rapidbus_kl
1000972,SL162 HUB UIA,3.251168,101.741528,rapidbus_kl
1007531,SL152 UIAM (TIMUR),3.249705,101.738919,rapidbus_kl
1000414,(M) SL153 KENMS,3.249177,101.736809,rapidbus_kl
1000415,SL154 MAHALLAH SAFIYYAH,3.249358,101.734785,rapidbus_kl
1000408,SL155 UIAM (SELATAN),3.2495734449227,101.73377459816,rapidbus_kl
1000405,SL156 KAED UIAM,3.2506262572119,101.73125687949,rapidbus_kl
1000409,SL157 KULIYAH ENGINEERING UIAM,3.2542958679968,101.73214626876,rapidbus_kl
1000410,SL158 KULIYAH EDUCATION UIAM,3.2541942351661,101.73347022433,rapidbus_kl
1000413,SL159 UIAM (UTARA),3.254087,101.734346,rapidbus_kl
1000411,SL160 IRKHS,3.2530516598028,101.73595531626,rapidbus_kl
1000412,SL161 PERPUSTAKAAN UIAM,3.2522318220532,101.73856438337,rapidbus_kl
1003572,SL467 SHELL TAMAN MELATI,3.2336689399571,101.72446424633,rapidbus_kl
1003525,SL222 TAMAN PRIMA SRI GOMBAK,3.238024,101.699406,rapidbus_kl
1000554,SL176 DEWAN BERINGIN GOMBAK,3.2399559167038,101.69941776228,rapidbus_kl
1003881,SL235 URBAN 360 (OPP),3.240734,101.701382,rapidbus_kl
1000216,SL236 PETRONAS SRI GOMBAK (OPP),3.240782,101.703325,rapidbus_kl
1003500,(M) SL503 TAMAN SRI GOMBAK FASA 4 (BARAT),3.240822,101.707059,rapidbus_kl
1002956,SL242 KOMERSIAL SERI GOMBAK FASA 5,3.241993,101.709589,rapidbus_kl
1003377,SL243 SMK HILLCREST (OPP),3.242916,101.707509,rapidbus_kl
1002583,SL245 KOMERSIAL TAMAN SRI GOMBAK,3.242964,101.703227,rapidbus_kl
1001916,SL199 TAMAN SRI GOMBAK FASA 6,3.244748,101.702019,rapidbus_kl
1001950,SL505 MASJID SRI GOMBAK (OPP),3.247365,101.703085,rapidbus_kl
1003560,SL200 TASIK SRI GOMBAK FASA 8,3.248616,101.705428,rapidbus_kl
1003796,SL201 PERUMAHAN TAMAN SRI GOMBAK (TIMUR),3.250064,101.703258,rapidbus_kl
1003556,SL202 TAMAN TASIK SRI GOMBAK,3.248729,101.701441,rapidbus_kl
1003779,SL203 PERUMAHAN SRI GOMBAK FASA 9,3.2492518767276,101.69920552823,rapidbus_kl
1003868,SL204 TAMAN SERI GOMBAK FASA 10,3.249353,101.697156,rapidbus_kl
1003743,SL177 FLAT PINGGIRAN,3.250229363404,101.69428942392,rapidbus_kl
1000895,SL179 KG MELAYU WIRA DAMAI,3.250272,101.691855,rapidbus_kl
1000141,SL180 APARTMENT SAUJANA,3.251327,101.688986,rapidbus_kl
1000880,SL181 PANGSAPURI KENANGA (OPP),3.251065,101.685414,rapidbus_kl
1002132,SL294 HAB WIRA DAMAI,3.251574,101.684494,rapidbus_kl
1000881,SL182 PANGSAPURI KENANGA,3.251424,101.686069,rapidbus_kl
1002373,SL183 PANGSAPURI CEMPAKA,3.251457,101.689126,rapidbus_kl
1001532,SL184 KG MELAYU WIRA DAMAI,3.250418,101.691821,rapidbus_kl
1003607,SL309 PANGSAPURI SAUJANA GOMBAK,3.250452,101.693143,rapidbus_kl
1003754,SL192 FLAT TAMAN PINGGIRAN,3.250371,101.694328,rapidbus_kl
1006884,SL193 TAMAN SRI GOMBAK FASA 10,3.249613,101.697395,rapidbus_kl
1003862,SL194 PERUMAHAN SRI GOMBAK FASA 9,3.249295,101.699456,rapidbus_kl
1003557,SL195 TAMAN TASIK SRI GOMBAK,3.248852,101.701464,rapidbus_kl
1002447,SL196 PERUMAHAN TAMAN SRI GOMBAK (TIMUR),3.250062,101.703093,rapidbus_kl
1003559,SL197 TASIK SRI GOMBAK FASA 8,3.248663,101.705594,rapidbus_kl
1001951,SL504 MASJID SRI GOMBAK,3.247016,101.702752,rapidbus_kl
1003439,SL198 TAMAN SRI GOMBAK,3.244994,101.702122,rapidbus_kl
1001585,SL246 KOMERSIAL SRI GOMBAK,3.243098,101.703912,rapidbus_kl
1003376,SL237 SMK HILLCREST,3.243059,101.707329,rapidbus_kl
1002928,SL238 KOMERSIAL SERI GOMBAK FASA 5,3.2421279003066,101.70974427442,rapidbus_kl
1000217,SL239 BALAIRAYA SERI GOMBAK,3.240744,101.708129,rapidbus_kl
1002474,SL248 PETRONAS SRI GOMBAK,3.240665,101.703324,rapidbus_kl
1003882,(M) SL249 URBAN 360,3.240625,101.701315,rapidbus_kl
1000555,SL207 DEWAN BERINGIN GOMBAK (OPP),3.2398217878281,101.69970258264,rapidbus_kl
1003526,SL506 TAMAN PRIMA SRI GOMBAK,3.236721,101.699731,rapidbus_kl
1003571,SL466 SHELL TAMAN MELATI (OPP),3.2357982099934,101.72384511285,rapidbus_kl
1001831,KL195 LRT TAMAN MELATI,3.2194566653583,101.72152529554,rapidbus_kl
1000721,PERUMAHAN AWAM SRI LANGKAWI,3.219765,101.720774,rapidbus_kl
1003746,KL934 SURAU NURUL MUSTAQIM,3.218971,101.719572,rapidbus_kl
1001351,SL310 FLAT GOMBAK SETIA (OPP),3.220264,101.718291,rapidbus_kl
1003346,SL208 SK GOMBAK SETIA,3.2190878112199,101.71513260641,rapidbus_kl
1000558,SL317 GOMBAK SETIA,3.2215571702028,101.71316818781,rapidbus_kl
1004217,SL318 GOMBAK SETIA,3.2248081385004,101.714120363,rapidbus_kl
1002973,SL103 KG TENGAH GOMBAK,3.227421,101.713756,rapidbus_kl
1000559,SL104 TAMAN BUKIT LELA,3.2289162687554,101.71345175665,rapidbus_kl
1001948,SL105 DEWAN DATIN ZALEHA,3.230144255576,101.71263315274,rapidbus_kl
1000848,SL233 GERAI MAKAN MPS,3.234336,101.704795,rapidbus_kl
1002908,SL216 PADANG TAMAN GREENWOOD,3.232418,101.703919,rapidbus_kl
1003459,SL218 SMK SERI GOMBAK (OPP),3.230448,101.703496,rapidbus_kl
1002943,SL219 PERUMAHAN JLN BERJAYA 4,3.2289626367746,101.70285928536,rapidbus_kl
1002858,SL227 DEWAN MPS GOMBAK (OPP),3.227882,101.702275,rapidbus_kl
1001521,SL502 TAMAN GREENWOOD INDAH,3.224327,101.700559,rapidbus_kl
1002938,KL939 KG LEMBAH MELEWAR (TIMUR),3.218263,101.700709,rapidbus_kl
1001789,PERUMAHAN LEMBAH MELEWAR,3.2184703,101.6953999,rapidbus_kl
1006202,KL2329 MASJID BILAL BIN RABAH,3.220886,101.694812,rapidbus_kl
1006203,(M) KL2330 BOMBA GOMBAK SELATAN,3.223161,101.696042,rapidbus_kl
1000382,DEWAN KOMUNITI CHANGKAT DESA,3.22351,101.698533,rapidbus_kl
1001520,SL223 TAMAN GREENWOOD INDAH,3.2245015235141,101.70050644971,rapidbus_kl
1002857,SL224 TAMAN GOMBAK (SELATAN),3.225944,101.701231,rapidbus_kl
1002942,SL226 DEWAN MPS GOMBAK,3.228312,101.702355,rapidbus_kl
1003458,SL229 SMK SERI GOMBAK (TIMUR),3.230689,101.703473,rapidbus_kl
1002218,SL230 PADANG TAMAN GREENWOOD,3.231905,101.703552,rapidbus_kl
1007532,SL231 PADANG TAMAN GREENWOOD,3.232677,101.703935,rapidbus_kl
1000847,SL232 TAMAN GREENWOOD (UTARA),3.234478,101.704747,rapidbus_kl
1000557,SL109 DEWAN DATIN ZALEHA (OPP),3.2310483761213,101.71241813555,rapidbus_kl
1007550,SL490 KG TENGAH GOMBAK,3.229478,101.713428,rapidbus_kl
1003975,SL110 PANGSAPURI SRI HARMONIS,3.227791,101.713998,rapidbus_kl
1004218,SL111 KG TGH GOMBAK (SELATAN),3.2248201242582,101.71436258796,rapidbus_kl
1001548,SL112 MASJID BATU 6 (OPP),3.2225745425217,101.71386158276,rapidbus_kl
1003449,SL173 GOMBAK SETIA,3.2200755856895,101.71301049725,rapidbus_kl
1003345,SL210 SMK GOMBAK SETIA,3.219191,101.715016,rapidbus_kl
1001648,KL932 APT MELATI IMPIAN,3.217985,101.717159,rapidbus_kl
1000768,KL933 M3 MALL,3.217839,101.719101,rapidbus_kl
1000772,KL1495 PERUMAHAN AWAM SRI LANGKAWI (OPP),3.219279,101.720216,rapidbus_kl
1000786,KL1601 APT SRI TIOMAN,3.221334,101.720317,rapidbus_kl
1001914,KL2070 SRA SALAHUDIN AL-AYUBI (OPP),3.223567,101.720227,rapidbus_kl
1003217,KL196 TAMAN PERWIRA 1,3.225053,101.721701,rapidbus_kl
1003567,KL187 TAMAN CEMERLANG,3.2261977684552,101.7228477109,rapidbus_kl
1000795,KL2071 FLAT TAMAN MELATI BLOK D,3.2252130113178,101.72570519608,rapidbus_kl
1002951,KL200 PERUMAHAN JLN TAMAN MELATI 6,3.223533,101.724053,rapidbus_kl
1003687,KL1600 TAMAN MASTIKA,3.2197236941228,101.72341600977,rapidbus_kl
1006109,BENGKEL GOODYEAR,3.195642,101.762172,rapidbus_kl
1000868,AJ490 KOMERSIAL TAMAN PERMATA/MELAWATI MALL,3.208423,101.749562,rapidbus_kl
1002463,KL184 KOMERSIAL WANGSA MELAWATI,3.2098910357979,101.74393005706,rapidbus_kl
1003775,KL185 DATARAN WANGSA MAJU (OPP),3.2077061450607,101.74234003905,rapidbus_kl
1003152,KL189 SK WANGSA JAYA,3.205345,101.739778,rapidbus_kl
1003748,KL190 FLAT SEKSYEN 4 BLOK A4,3.2034258435614,101.74068300114,rapidbus_kl
1003877,KL191 FLAT SEKSYEN 4 BLOK C9,3.2015867858418,101.74208037185,rapidbus_kl
1000986,KL747 WANGSA WALK (TIMUR),3.199022,101.743877,rapidbus_kl
1000459,KL819 AEON BIG WANGSA MAJU,3.196801,101.742384,rapidbus_kl
1000450,KL2106 AEON BIG WANGSA MAJU,3.1953502937695,101.7421385335,rapidbus_kl
1002626,(M) KL750 SHELL WANGSA MAJU,3.1964796609795,101.74469474394,rapidbus_kl
1001827,KL746 LRT SRI RAMPAI,3.1988359275043,101.73752617997,rapidbus_kl
1004212,WANGSA 9 RESIDENCY,3.198697,101.739854,rapidbus_kl
1006106,KL1619 FLAT WANGSA MAJU (OPP),3.203335,101.740573,rapidbus_kl
1000679,KL1620 SK WANGSA JAYA (OPP),3.205318,101.739684,rapidbus_kl
1002462,KL1616 PETRONAS WANGSA MELAWATI,3.2099882301966,101.74359739819,rapidbus_kl
1001368,AJ489 MELAWATI MALL,3.208921,101.748699,rapidbus_kl
1006112,BENGKEL GOODYEAR (OPP),3.19573,101.76217,rapidbus_kl
1000028,AJ393 PUSAT KOMERSIAL UP,3.2045303410982,101.77904879919,rapidbus_kl
1002724,AJ394 PANGSAPURI SRI IMPIAN (OPP),3.2080939606078,101.78105743062,rapidbus_kl
1001822,KL812 LRT SETIAWANGSA,3.175839,101.735726,rapidbus_kl
1002812,AJ413 SRA AL-AZIZIAH (OPP),3.173119,101.737152,rapidbus_kl
1002332,AJ414 PANGSAPURI PKNS (OPP),3.173853,101.73771,rapidbus_kl
1001267,AJ479 TAMAN KERAMAT PERMAI BARAT,3.176344,101.738925,rapidbus_kl
1000048,KL431 SETIAWANGSA BUSINESS CENTRE,3.177623,101.742667,rapidbus_kl
1001180,KL2188 PANGSAPURI ATM SETIAWANGSA (OPP),3.1774984131365,101.74485486242,rapidbus_kl
1002471,KL448 AEON AU2 (OPP),3.178681,101.750687,rapidbus_kl
1008386,KL844 KELUMPUK EMBUN EMAS,3.182873,101.754693,rapidbus_kl
1001278,(M) KL2193 SRA AL-TABRANI (OPP),3.184113,101.756325,rapidbus_kl
1001311,AJ475 AU3 (SELATAN),3.183246660916,101.75797894361,rapidbus_kl
1000995,AJ9 FLAT UTM (OPP),3.1850311328965,101.75916097828,rapidbus_kl
1001761,AJ10 LOJI IWK,3.1879037937925,101.76030871743,rapidbus_kl
1002005,KL841 MENARA JENTAYU,3.1894930542881,101.75755925931,rapidbus_kl
1001394,(M) KL842 KELUMPUK TEMPUA,3.1874273947893,101.75613448493,rapidbus_kl
1001391,KL843 KELUMPUK CEMPERLING,3.1826784756681,101.75495003077,rapidbus_kl
1001204,KL432 AEON SETIAWANGSA AU2,3.1782885883224,101.7503093569,rapidbus_kl
1002125,KL436 PANGSAPURI ATM SETIAWANGSA,3.177267936051,101.74508088429,rapidbus_kl
1002490,KL437 SETIAWANGSA BUSINESS PARK,3.1773107212048,101.74285342193,rapidbus_kl
1002214,KL438 MASJID MUADZ JABAL (OPP),3.1775515551234,101.73841975529,rapidbus_kl
1001800,KL2311 LRT DATO' KERAMAT,3.1651540374539,101.73160266377,rapidbus_kl
1002279,KL2310 LRT DATO' KERAMAT/KUARTERS JUPEM,3.1665770326273,101.73054664706,rapidbus_kl
1001778,KL2312 TAMAN DATUK KERAMAT (UTARA),3.1672333090085,101.73221518272,rapidbus_kl
1000577,KL2313 TAMAN TASIK KERAMAT/LRT JELATEK (OPP),3.1675551801753,101.73405017986,rapidbus_kl
1001803,AJ403 LRT JELATEK,3.1667630360073,101.73515681583,rapidbus_kl
1002603,KL2315 PPR DBKL JELATEK,3.1640898328424,101.73506421608,rapidbus_kl
1002412,KL2304 PERKESO,3.160401,101.734652,rapidbus_kl
1002700,KL217 WICKHAM RESIDENCE,3.156739,101.737119,rapidbus_kl
1002946,KL1661 SELANGOR POLO CLUB,3.153649,101.736958,rapidbus_kl
1001663,KL238 DESA PANDAN APARTMENT (UTARA),3.152978,101.737151,rapidbus_kl
1004097,KL220 MUTIARA UPPER EAST CONDOMINIUM,3.152319,101.737799,rapidbus_kl
1003635,KL1838 MENARA POLO/SK DESA PANDAN (OPP),3.150324,101.738504,rapidbus_kl
1002395,KL221 DESA PANDAN APARTMENT (BARAT),3.148355,101.740352,rapidbus_kl
1001519,KL1840 DESA PANDAN CENTRAL (TIMUR),3.1469173482616,101.74002886123,rapidbus_kl
1004151,(M) KL222 DESA PANDAN CENTRAL (TENGAH),3.146417,101.738195,rapidbus_kl
1002773,KL1841 DESA PANDAN CENTRAL/PETRON,3.146749,101.736431,rapidbus_kl
1000711,KL260 VILLA U THANT APARTMENT,3.148019,101.735784,rapidbus_kl
1000016,KL261 DESA PANDAN APARTMENT J3 (OPP),3.151633,101.736178,rapidbus_kl
1002699,KL262 KUARTERS KERAJAAN U-THANT,3.153668,101.736656,rapidbus_kl
1004200,KL263 RAINTREE RESIDENCE,3.155678,101.736961,rapidbus_kl
1000081,KL2269 KATANA II CONDOMINIUM,3.158092,101.738903,rapidbus_kl
1002432,AMPANG 971 (OPP),3.158457,101.740487,rapidbus_kl
1006120,KL264 VILLA AMAN CONDOMINIUM,3.159471,101.740701,rapidbus_kl
1000625,KL893 GLENEAGLES (OPP),3.160684,101.738818,rapidbus_kl
1002616,KL2314 PICASSO RESIDENCE,3.163502,101.734811,rapidbus_kl
1003762,KL2309 TAMAN DATO KERAMAT (SELATAN),3.165777,101.733961,rapidbus_kl
1001835,KL192 LRT WANGSA MAJU,3.204959,101.732321,rapidbus_kl
1000750,KL193 TAR VILLA,3.2069624635304,101.72975527444,rapidbus_kl
1006115,KL2100 SURAU TMN BUNGA RAYA (OPP),3.213076,101.729456,rapidbus_kl
1006116,UTAR PINTU 4 (OPP),3.214716,101.730167,rapidbus_kl
1003847,KL163 UTAR MAIN GATE (OPP),3.214896,101.728557,rapidbus_kl
1006117,UTAR PINTU 2 (OPP),3.213626,101.727132,rapidbus_kl
1002558,KL980 SURAU AL-AMIN,3.214176,101.721755,rapidbus_kl
1008381,KL981 INDAH APARTMENT,3.211786,101.720964,rapidbus_kl
1008387,KL970 DANAU KOTA APARTMENT (OPP),3.208683,101.719969,rapidbus_kl
1007537,KL942 PV12 RESIDENCE,3.206814,101.717428,rapidbus_kl
1007538,KL1519 AEON BIG DANAU KOTA,3.204432,101.715764,rapidbus_kl
1007539,KL1520 PV15 PLATINUM,3.202479,101.716971,rapidbus_kl
1003849,KL1598 COLUMBIA HOSPITAL,3.200977,101.718495,rapidbus_kl
1007521,KL680 SETAPAK SENTRAL (SELATAN),3.202388,101.720442,rapidbus_kl
1006118,KL940 SETAPAK CENTRAL,3.204846,101.720942,rapidbus_kl
1008388,KL971 DANAU KOTA APARTMENT,3.208892,101.719771,rapidbus_kl
1008382,KL972 INDAH APARTMENT (OPP),3.212288,101.720757,rapidbus_kl
1008380,KL973 VISTA WIRAJAYA,3.215423,101.722522,rapidbus_kl
1002545,UTAR PINTU 2,3.213774,101.727103,rapidbus_kl
1003846,KL162 UTAR MAIN GATE,3.2152638066092,101.7292470894,rapidbus_kl
1003489,UTAR PINTU 4,3.214897,101.730169,rapidbus_kl
1008325,KL2101 SURAU TAMAN BUNGA RAYA,3.213066,101.729618,rapidbus_kl
1003848,KL169 TAR VILLA,3.2074455955313,101.72952884294,rapidbus_kl
1001834,KL170 LRT WANGSA MAJU,3.205606,101.731913,rapidbus_kl
1006268,KL172 FLAT BLOK G9,3.209006,101.732225,rapidbus_kl
1002266,KL173 PUSAT PENJAJA SEKSYEN 2,3.211222,101.733151,rapidbus_kl
1000349,KL174 BLOK E10 (OPP),3.2118968009637,101.73527509179,rapidbus_kl
1000345,KL175 BLOK C14,3.210641,101.737187,rapidbus_kl
1000344,KL176 HOSPITAL TENTERA TUANKU MIZAN,3.2091975809309,101.7380061917,rapidbus_kl
1000341,KL177 BLOK A5,3.2070661975135,101.73854492429,rapidbus_kl
1000330,KL178 BLOK 5,3.2057653046191,101.73737386896,rapidbus_kl
1007524,KL725 RAMPAI COURT (SELATAN),3.192312,101.734184,rapidbus_kl
1003859,KL726 TAMAN MEGAN SETAPAK,3.194451,101.730545,rapidbus_kl
1003850,MASJID ABU UBAIDAH,3.194386,101.728885,rapidbus_kl
1002273,KL713 TAMAN SETAPAK JAYA (UTARA),3.192257,101.727729,rapidbus_kl
1002972,(M) KL717 TAMAN SRI RAMPAI (BARAT),3.1915695211838,101.72947181266,rapidbus_kl
1004237,KL714 SMK TAMAN SRI RAMPAI,3.191344,101.732723,rapidbus_kl
1001006,KL2088 ITBM WANGSA MAJU (TIMUR),3.189761,101.735855,rapidbus_kl
1000751,KL2089 SRI LEDANG SEKSYEN 10,3.188151,101.736384,rapidbus_kl
1003617,KL723 SURAU DARUL HUDA,3.1869766768342,101.73586989756,rapidbus_kl
1000623,(M) KL724 ITBM WANGSA MAJU (OPP),3.18951233074,101.73506316042,rapidbus_kl
1003603,KL820 WANGSA 118,3.195604,101.741666,rapidbus_kl
1000458,KL821 KOMERSIAL WANGSA DELIMA,3.197132,101.742443,rapidbus_kl
1003206,KL824 SHELL WANGSA MAJU (OPP),3.196349955598,101.74497117936,rapidbus_kl
1003681,AJ42 HENTIAN BUKIT INDAH,3.1477654134509,101.7768368781,rapidbus_kl
1000794,AJ43 FLAT TAMAN KOSAS,3.147311,101.776135,rapidbus_kl
1003349,AJ34 SMK TAMAN KOSAS,3.149586,101.772821,rapidbus_kl
1000566,AJ117 DEWAN UDA JAYA,3.1507535800137,101.77176330116,rapidbus_kl
1003150,AJ118 SAR KAFA (OPP),3.1518162411025,101.77016472392,rapidbus_kl
1002898,AJ119 TAMAN RASMI JAYA,3.152882,101.768627,rapidbus_kl
1003989,AJ120 TAMAN AMPANG PRIMA,3.154346,101.767778,rapidbus_kl
1003884,AJ306 TUDOR COURT APARTMENT (OPP),3.155404,101.767483,rapidbus_kl
1004148,AJ121 TAMAN TAR,3.156597,101.767113,rapidbus_kl
1003426,AJ122 AMPANG JAYA (SELATAN),3.156672,101.765637,rapidbus_kl
1002878,AJ123 AMPANG JAYA (TIMUR),3.156151,101.763226,rapidbus_kl
1002808,AJ124 DEWAN MPAJ (OPP),3.158995,101.760701,rapidbus_kl
1001573,AJ125 AMPANG JAYA (UTARA),3.160621,101.760334,rapidbus_kl
1000539,AJ126 PEJABAT AHLI PARLIMEN AMPANG,3.160263,101.758386,rapidbus_kl
1007625,AJ480 KOJAYA AMPANG,3.159242,101.757478,rapidbus_kl
1007626,AJ461 SURAU AN-NAJAH,3.158941,101.755023,rapidbus_kl
1000084,AJ108 AMPANG POINT (OPP),3.1568585598718,101.75114580093,rapidbus_kl
1000083,AJ182 AMPANG POINT,3.1573348926081,101.75083358372,rapidbus_kl
1007627,AJ462 SURAU AN-NAJAH (OPP),3.159047,101.755102,rapidbus_kl
1007624,AJ464 KOJAYA AMPANG (OPP),3.159295,101.757344,rapidbus_kl
1000019,AJ465 PEJABAT AHLI PARLIMEN AMPANG (OPP),3.160374,101.758174,rapidbus_kl
1001574,AJ110 AMPANG JAYA (UTARA),3.160822,101.760381,rapidbus_kl
1002807,AJ111 DEWAN MPAJ,3.158003,101.761077,rapidbus_kl
1003006,AJ304 AMPANG JAYA (TIMUR),3.156284,101.763194,rapidbus_kl
1003038,AJ113 AMPANG JAYA (SELATAN),3.156816,101.765401,rapidbus_kl
1004149,AJ114 TUDOR COURT APARTMENT,3.155569,101.767553,rapidbus_kl
1000089,AJ115 TAMAN AMPANG PRIMA,3.154307,101.767913,rapidbus_kl
1002897,AJ343 TAMAN RASMI JAYA,3.153109,101.768563,rapidbus_kl
1003151,AJ116 SAR KAFA,3.1519495265955,101.77028774322,rapidbus_kl
1003812,AJ35 TAMAN AMPANG INDAH,3.150746,101.772357,rapidbus_kl
1002970,AJ36 TAMAN BUKIT INDAH (BARAT),3.152855,101.773653,rapidbus_kl
1003435,AJ37 EMERALD CONDOMINIUM,3.155546,101.773785,rapidbus_kl
1000609,AJ38 SK TAMAN BUKIT INDAH (OPP),3.157005,101.775765,rapidbus_kl
1003436,AJ39 TAMAN REKREASI BUKIT INDAH,3.152697,101.778398,rapidbus_kl
1003783,AJ40 TAMAN BUKIT INDAH (TIMUR),3.150916,101.778412,rapidbus_kl
1000546,AJ29 APARTMENT CEMPAKA,3.1553037391852,101.75383692473,rapidbus_kl
1003933,AJ30 TAMAN AHMAD RAZALI,3.1530076058383,101.75787275393,rapidbus_kl
1004117,AJ420 TEMPLE NINE EMPORER (OPP),3.142033,101.764982,rapidbus_kl
1000005,AJ49 MERDEKA PLACE,3.139046,101.764376,rapidbus_kl
1007640,AJ50 APARTMENT MERDEKA VILLA,3.136891,101.764566,rapidbus_kl
1001258,AJ328 KG BARU AMPANG,3.136188,101.764729,rapidbus_kl
1002863,AJ51 MERDEKA RIA INDUSTRIAL PARK,3.135057,101.765739,rapidbus_kl
1003283,AJ418 SK AMPANG CAMPURAN (OPP),3.133742,101.768661,rapidbus_kl
1003737,AJ147 KG AMPANG CAMPURAN,3.132094,101.769243,rapidbus_kl
1001315,AJ148 APARTMENT MESRA VILLA,3.132015,101.771306,rapidbus_kl
1003724,AJ149 SRI TAMAN BARU (UTARA),3.129224,101.772499,rapidbus_kl
1003803,AJ142 SRI TAMAN BARU (TIMUR),3.128915,101.773578,rapidbus_kl
1002797,AJ433 PETRONAS PERMAI JAYA,3.129316,101.775783,rapidbus_kl
1001925,AJ417 DEWAN KEMAS,3.128506,101.777543,rapidbus_kl
1002384,AJ84 PEKAN TASEK PERMAI,3.128045,101.780096,rapidbus_kl
1001711,AJ85 KG TASEK PERMAI (SELATAN),3.129898,101.780878,rapidbus_kl
1003479,AJ86 KG TASEK PERMAI/MADRASAH (UTARA),3.130855,101.780913,rapidbus_kl
1003795,AJ87 KG INDAH PERMAI (BARAT),3.132767,101.781755,rapidbus_kl
1001348,AJ88 KG INDAH PERMAI (UTARA),3.132952,101.783795,rapidbus_kl
1003461,AJ89 KG INDAH PERMAI (TIMUR),3.133111,101.784786,rapidbus_kl
1000716,AJ75 FLAT TAMAN MULIA JAYA (OPP),3.133322,101.787977,rapidbus_kl
1000971,AJ76 HENTIAN TAMAN MULIA JAYA,3.1319488465415,101.78806435634,rapidbus_kl
1000717,AJ77 FLAT TAMAN MULIA JAYA,3.133246,101.788143,rapidbus_kl
1003462,AJ78 KG INDAH PERMAI (TIMUR),3.133122,101.785073,rapidbus_kl
1001349,AJ79 KG INDAH PERMAI (UTARA),3.132849,101.783992,rapidbus_kl
1003794,AJ80 KG INDAH PERMAI (BARAT),3.132666,101.781826,rapidbus_kl
1002935,AJ81 KG TASEK PERMAI (UTARA),3.131083,101.781095,rapidbus_kl
1001712,AJ82 KG TASEK PERMAI (SELATAN),3.129867,101.780974,rapidbus_kl
1002385,AJ83 PEKAN TASEK PERMAI,3.127895,101.780201,rapidbus_kl
1000567,AJ432 DEWAN KEMAS PERMAI,3.128398,101.777535,rapidbus_kl
1003252,AJ140 SEKOLAH AGAMA PERMAI,3.128969,101.77625,rapidbus_kl
1003804,AJ141 SRI TAMAN BARU (TIMUR),3.128748,101.773474,rapidbus_kl
1003723,AJ143 SRI TAMAN BARU (UTARA),3.129363,101.772317,rapidbus_kl
1001316,AJ144 APARTMENT MESRA VILLA,3.131902,101.771246,rapidbus_kl
1002894,AJ145 KG AMPANG CAMPURAN,3.131979,101.769332,rapidbus_kl
1003282,AJ146 SK AMPANG CAMPURAN,3.1339208474838,101.76811485672,rapidbus_kl
1002864,AJ57 MERDEKA RIA INDUSTRIAL PARK,3.135025,101.765976,rapidbus_kl
1001301,AJ58 KG BARU AMPANG,3.1354147255888,101.76455982051,rapidbus_kl
1002816,AJ59 APARTMENT MERDEKA VILLA (OPP),3.137389,101.764128,rapidbus_kl
1000023,AJ60 MERDEKA PLACE,3.139103,101.764232,rapidbus_kl
1004118,AJ419 TEMPLE NINE EMPORER,3.141898,101.764807,rapidbus_kl
1003421,AJ105 SPECTRUM MALL,3.144997,101.764705,rapidbus_kl
1003210,AJ104 AMPANG WATERFRONT 1,3.147509,101.765774,rapidbus_kl
1003147,AJ426 SJKT AMPANG,3.148356,101.763863,rapidbus_kl
1001782,AJ106 LRT AMPANG,3.1512231111515,101.76044748293,rapidbus_kl
1003932,AJ325 FLAT TAMAN DATO AHMAD RAZALI,3.152752,101.757763,rapidbus_kl
1000853,AJ63 AMPANG WATERFRONT 3,3.143428,101.777202,rapidbus_kl
1003562,AJ64 SIMPANG LEMBAH JAYA,3.143476,101.780809,rapidbus_kl
1007628,AJ311 KG LEMBAH JAYA UTARA,3.144753,101.786825,rapidbus_kl
1001148,AJ65 APARTMENT DESA PERMAI (UTARA),3.147114,101.788099,rapidbus_kl
1000963,AJ66 HENTIAN LEMBAH JAYA UTARA,3.1494989114735,101.79111145871,rapidbus_kl
1001149,AJ67 APARTMENT DESA PERMAI (UTARA),3.146261,101.787794,rapidbus_kl
1007629,AJ68 KG LEMBAH JAYA UTARA,3.144473,101.786796,rapidbus_kl
1003563,AJ96 SIMPANG LEMBAH JAYA,3.1429451267456,101.78124187939,rapidbus_kl
1001283,AJ97 KOMERSIAL AMPANG,3.143167,101.778132,rapidbus_kl
1001093,AJ98 AMPANG WATERFRONT 3,3.143148,101.776899,rapidbus_kl
1001254,AJ100 AMPANG WATERFRONT 2 (TIMUR),3.143197,101.773386,rapidbus_kl
1003514,AJ101 AMPANG WATERFRONT (BARAT),3.144586,101.770723,rapidbus_kl
1000447,AJ102 KOMERSIAL BANDAR BARU AMPANG,3.1462402069788,101.76847121536,rapidbus_kl
1002604,AJ183 PPR HILIRAN AMPANG,3.150669,101.746244,rapidbus_kl
1000026,AJ184 RISDA ESTATES,3.150402,101.749057,rapidbus_kl
1003237,AJ467 TAMAN ANGSANA HILIR,3.148681,101.750596,rapidbus_kl
1001146,AJ448 PUSAT KOMERSIAL TAMAN CITY,3.147068,101.750625,rapidbus_kl
1001535,AJ208 KG PANDAN DALAM (TIMUR),3.1458889584288,101.74995830536,rapidbus_kl
1001876,AJ437 MASJID AL HIDAYAH,3.145886,101.748237,rapidbus_kl
1006677,AJ214 KG PANDAN DALAM (UTARA),3.144899,101.745847,rapidbus_kl
1001271,AJ215 KG PANDAN DALAM (SELATAN),3.141962,101.745855,rapidbus_kl
1000791,AJ195 FLAT TAMAN BAKTI/LRT PANDAN INDAH (OPP),3.136207,101.745486,rapidbus_kl
1000179,AJ196 AXIS ATRIUM (OPP),3.137571,101.747641,rapidbus_kl
1003717,AJ210 SURAU AL-FALAH (OPP),3.139393,101.748089,rapidbus_kl
1008475,AJ211 KG PANDAN DALAM,3.140819,101.746984,rapidbus_kl
1001270,AJ212 KG PANDAN DALAM (SELATAN),3.141211,101.745734,rapidbus_kl
1001877,AJ439 MASJID AL HIDAYAH (OPP),3.146045,101.747761,rapidbus_kl
1001534,AJ209 KG PANDAN DALAM (TIMUR),3.146073,101.749865,rapidbus_kl
1002936,AJ471 PUSAT KOMERSIAL TAMAN CITY,3.147418,101.750515,rapidbus_kl
1002077,AJ466 TAMAN ANGSANA HILIR,3.148819,101.750501,rapidbus_kl
1008476,AJ185 KIARA DUTA KONDOMINIUM,3.150109,101.752818,rapidbus_kl
1000818,AJ186 DAGANG AVENUE,3.148957,101.755191,rapidbus_kl
1008477,AJ107 APARTMENT CEMPAKA (OPP),3.154139,101.754928,rapidbus_kl
1003322,AJ46 SK TAMAN KOSAS,3.148325,101.773321,rapidbus_kl
1001165,AJ422 APARTMENT ASTARIA,3.146766,101.772187,rapidbus_kl
1000020,AJ47 APARTMENT ASTARIA (OPP),3.146559,101.771882,rapidbus_kl
1002347,AJ33 SK TAMAN KOSAS (OPP),3.148576,101.773337,rapidbus_kl
1000353,AJ220 APARTMENT KEDIDI,3.136605,101.754181,rapidbus_kl
1000352,AJ221 APARTMENT NURI COURT (OPP),3.135821,101.756281,rapidbus_kl
1002683,AJ222 APARTMENT MERPATI (OPP),3.1339107787547,101.75761899907,rapidbus_kl
1003691,AJ444 PANDAN INDAH AUTOCITY,3.132979,101.760232,rapidbus_kl
1001652,AJ338 APARTMENT PANDAN MEWAH,3.130683,101.763221,rapidbus_kl
1000922,AJ131 HOSPITAL AMPANG (BARAT),3.1278323701852,101.76314571775,rapidbus_kl
1003221,AJ132 SMK PANDAN MEWAH,3.1255546299557,101.76305720276,rapidbus_kl
1002489,AJ249 PARAGON POINT (SELATAN),3.119658,101.763299,rapidbus_kl
1008643,AJ342 TAMAN MELUR (BARAT),3.118146,101.763393,rapidbus_kl
1008644,AJ404 TAMAN SERAYA (UTARA),3.116481,101.763662,rapidbus_kl
1002321,AJ251 PERUMAHAN TERATAI,3.114785,101.765283,rapidbus_kl
1004285,AJ252 PERUMAHAN TAMAN MELUR 1,3.117204,101.767782,rapidbus_kl
1001996,AJ253 TAMAN MELUR (SELATAN),3.119658,101.769875,rapidbus_kl
1001312,AJ445 TAMAN MELUR (UTARA),3.120937,101.770215,rapidbus_kl
1002323,AJ298 TAMAN REKREASI KG TASIK TAMBAHAN,3.1217719764344,101.77123592579,rapidbus_kl
1001252,AJ299 PASAR TASIK TAMBAHAN,3.123152,101.774828,rapidbus_kl
1003576,AJ300 TAMAN SERI BAYU,3.125271,101.776535,rapidbus_kl
1001768,AJ340 KG TASIK TAMBAHAN (TIMUR),3.126855,101.770104,rapidbus_kl
1001559,AJ416 KG TASIK TAMBAHAN (UTARA),3.126018,101.769023,rapidbus_kl
1003509,AJ151 KG TASIK TAMBAHAN (BARAT),3.12346615344,101.76833017204,rapidbus_kl
1003876,AJ152 TAMAN PUTRA AMPANG (TIMUR),3.122185,101.768541,rapidbus_kl
1000640,AJ154 PUTERI PARK PLAZA,3.120411,101.764263,rapidbus_kl
1000636,AJ177 STOR MPAJ,3.132183,101.762236,rapidbus_kl
1002320,AJ434 PANDAN INDAH AUTOCITY,3.132713,101.760186,rapidbus_kl
1000964,AJ468 HUB PANDAN INDAH,3.134093,101.753511,rapidbus_kl
1000927,AJ162 HOSPITAL PANTAI AMPANG,3.1288426651762,101.7518377104,rapidbus_kl
1000189,AJ163 BALAI POLIS PANDAN INDAH (OPP),3.127884,101.750843,rapidbus_kl
1003307,AJ164 SK PANDAN INDAH,3.125424,101.751033,rapidbus_kl
1007302,(M) AJ256 FLAT INTAN,3.111956,101.758202,rapidbus_kl
1001486,AJ257 TAMAN INDUSTRI BUKIT PERMAI,3.110905,101.756626,rapidbus_kl
1000874,AJ259 GLENVIEW VILLA,3.111358,101.753737,rapidbus_kl
1003418,AJ260 DATARAN MESTIKA,3.113255,101.755013,rapidbus_kl
1001262,AJ265 TAMAN MUDA (SELATAN),3.114418,101.758672,rapidbus_kl
1003306,AJ170 SK PANDAN INDAH,3.125210333429,101.75094395968,rapidbus_kl
1003689,AJ171 KOMERSIAL PANDAN INDAH,3.129133,101.752023,rapidbus_kl
1000110,AJ174 PANGSAPURI SRI INAI,3.129512,101.757193,rapidbus_kl
1003811,AJ175 PERUMAHAN PANDAN INDAH 4,3.1301713333459,101.75901428473,rapidbus_kl
1000854,TAMAN KOTA CHERAS FASA 1,3.060632,101.772207,rapidbus_kl
1002809,KJ38 TAMAN SUNTEX,3.0713270806228,101.76731929123,rapidbus_kl
1003288,KJ39 SK BT 9 (OPP),3.070484956708,101.76874376578,rapidbus_kl
1000193,KJ40 BALAI POLIS BT 9 (OPP),3.0689271880417,101.77057332421,rapidbus_kl
1000445,KJ53 POS MALAYSIA BT 9 (OPP),3.068602,101.772155,rapidbus_kl
1001543,KJ54 KLINIK KESIHATAN BT 9,3.0693118789177,101.77486220334,rapidbus_kl
1003964,KJ55 TAMAN SRI MELAKA,3.0697241728812,101.77690973813,rapidbus_kl
1003287,KJ56 KG BKT RAYA,3.0706363290665,101.78016330768,rapidbus_kl
1000251,KJ57 SK BUKIT RAYA,3.0725249701448,101.78255316506,rapidbus_kl
1004084,KJ59 IDAMAN VILLAS,3.0767741924285,101.78311995003,rapidbus_kl
1000188,KJ60 KG BUKIT RAYA (SELATAN),3.0779296183265,101.78399103623,rapidbus_kl
1000214,KJ61 BALAI RAYA KG BKT RAYA,3.0802980589387,101.78557158792,rapidbus_kl
1000592,KJ663 TAMAN LANGAT CERIA,3.0816778720529,101.78694626291,rapidbus_kl
1003970,TMN DESA PELANGI,3.0837781662312,101.78812664494,rapidbus_kl
1003319,KJ64 SK SG SERAI,3.0871443597832,101.7908260931,rapidbus_kl
1002393,KJ66 SAR SG SERAI,3.0918995188852,101.79453387377,rapidbus_kl
1001304,KJ67 KG SG SERAI,3.093904538643,101.79599037075,rapidbus_kl
1002803,KJ68 TAMAN BUKIT SEKAWAN,3.0953320125377,101.79737326028,rapidbus_kl
1004017,(M) KJ69 TAMAN LAGENDA SURIA,3.097554,101.799847,rapidbus_kl
1001429,KJ70 TAMAN CEMPAKA,3.1002102866708,101.8025700633,rapidbus_kl
1004063,KJ71 TAMAN SRI NANDING,3.1038224213823,101.80602434468,rapidbus_kl
1001841,KJ72 MADRASAH KG DUSUN,3.105598285681,101.80787759431,rapidbus_kl
1000163,KJ73 KG SG MICHU,3.1088777925046,101.81095292433,rapidbus_kl
1000560,KJ74 DEWAN DATO NAZIR,3.1116603262093,101.81486800981,rapidbus_kl
1002439,KJ75 PERTUBUHAN PELADANG,3.1137830113678,101.81591572928,rapidbus_kl
1001458,KJ77 SMK ABDUL JALIL,3.1181307348531,101.81861147702,rapidbus_kl
1002283,KJ78 KG RANTAU PANJANG,3.1206591729012,101.82041997814,rapidbus_kl
1000667,KJ79 FELCRA SEMUNGKIS,3.1225786593045,101.82154211687,rapidbus_kl
1001463,KJ80 KG SG SEMUNGKIS,3.1244447453413,101.822966975,rapidbus_kl
1002040,KJ81 TAMAN SRI KUNDANG,3.129497051371,101.829648795,rapidbus_kl
1000851,KJ82 BALAIRAYA KG BT 15,3.1307331492593,101.83123811104,rapidbus_kl
1001745,KJ83 KG DUSUN TUA,3.1342458069758,101.83246054503,rapidbus_kl
1001289,KJ84 IKBN (OPP),3.1373223728962,101.83461000411,rapidbus_kl
1003598,KJ85 SRA DUSUN TUA,3.1396687819175,101.83588315772,rapidbus_kl
1008298,KJ86 MASJID AL-MUTTAQIN,3.145866,101.838494,rapidbus_kl
1003296,KJ87 SK DUSUN TUA,3.1506543794203,101.83897428427,rapidbus_kl
1001068,KJ88 BALAIRAYA BT 17 (OPP),3.1554004248416,101.84300821349,rapidbus_kl
1002725,KJ89 PUSAT PERTANIAN BT 18,3.1624857994595,101.84686809498,rapidbus_kl
1002370,KJ90 TAMAN IMPIAN WARISAN BT 18,3.1649670822494,101.84780113481,rapidbus_kl
1008299,KJ91 SRA BT 18,3.168425,101.851184,rapidbus_kl
1001439,KJ92 KG KUALA PERDIK,3.1744888386773,101.85443133827,rapidbus_kl
1003302,KJ93 SK LUBOK KELUBI,3.1775714923531,101.85594797731,rapidbus_kl
1003599,KJ94 SRA KG KUALA PERDIK,3.1792697247434,101.85639512393,rapidbus_kl
1001930,KJ95 MASJID KG LUBOK KELUBI,3.1860449404394,101.85401100725,rapidbus_kl
1001310,KJ96 KG PADANG,3.1884529595376,101.85325608727,rapidbus_kl
1002441,PERUMAHAN JAB HUTAN,3.1963138264778,101.85593775419,rapidbus_kl
1001836,LUBUK MANGGIS,3.2083830789555,101.8608817634,rapidbus_kl
1003127,SEK KUALA PANGSUN,3.2112442522366,101.87084740041,rapidbus_kl
1004106,(M) TNB PANGSUN,3.2101995144815,101.87622584113,rapidbus_kl
1003126,SEK KUALA PANGSUN,3.2110521876297,101.87072687204,rapidbus_kl
1001448,KG ORANG ASLI,3.2082036874913,101.86059967108,rapidbus_kl
1002585,PONDOK PERMAI,3.2038985002409,101.85881740555,rapidbus_kl
1002442,PERUMAHAN JAB HUTAN,3.1961376920432,101.85613802957,rapidbus_kl
1004105,KJ108 KG PADANG,3.1887769258602,101.85351417498,rapidbus_kl
1001934,KJ109 MASJID KG LUBOK KELUBI,3.1862372091969,101.85418699455,rapidbus_kl
1003600,KJ110 SRA KG KUALA PERDIK,3.1791238943816,101.85658196228,rapidbus_kl
1003303,KJ111 SK LUBOK KELUBI (OPP),3.1773512607854,101.85616632487,rapidbus_kl
1001438,KJ112 KG KUALA PERDIK,3.1749698250181,101.85502446953,rapidbus_kl
1001320,KJ113 SRA BT 18,3.168129,101.851242,rapidbus_kl
1002371,KJ134 SJKC CHONG HWA BT 18,3.164276,101.847754,rapidbus_kl
1002657,KJ135 PUSAT PERTANIAN BT 18,3.1629070221777,101.8472392572,rapidbus_kl
1002421,KJ136 BALAIRAYA BT 17,3.1548935062141,101.8430070433,rapidbus_kl
1001684,KJ137 KS DUSUN TUA (OPP),3.1507738008015,101.83930337756,rapidbus_kl
1001879,KJ138 MASJID AL-MUTTAQIN (OPP),3.1454582772019,101.8386818012,rapidbus_kl
1000571,KJ139 SRA DUSUN TUA,3.139069173732,101.83584954701,rapidbus_kl
1001288,KJ140 IKBN,3.1370349445907,101.83448455706,rapidbus_kl
1001746,KJ141 KG DUSUN TUA,3.1337437088165,101.83257141607,rapidbus_kl
1002682,KJ142 BALAIRAYA KG BT 15 (OPP),3.1303879207464,101.83115007063,rapidbus_kl
1002039,KJ143 TAMAN SRI KUNDANG,3.1292098558961,101.82951460733,rapidbus_kl
1001464,KJ144 KG SG SEMUNGKIS,3.1244860131703,101.82338430668,rapidbus_kl
1002691,KJ145 SIMPANG FELCRA SEMUNGKIS,3.1228693535946,101.82193020899,rapidbus_kl
1001840,KJ146 KG RANTAU PANJANG,3.1203737583382,101.8204902357,rapidbus_kl
1001459,KJ147 SMK ABDUL JALIL (OPP),3.1178845659246,101.81868835002,rapidbus_kl
1003976,KJ148 TAMAN INDAH JAYA,3.1158085314885,101.81696414859,rapidbus_kl
1002493,KJ149 PERTUBUHAN PELADANG (OPP),3.113643,101.816105,rapidbus_kl
1000561,KJ150 DEWAN DATO NAZIR (OPP),3.111908909242,101.81528682382,rapidbus_kl
1000164,KJ151 KG SG MICHU,3.1087448572071,101.81116444099,rapidbus_kl
1001356,KJ152 KG NANDING,3.1060723688691,101.80861263106,rapidbus_kl
1002379,(M) KJ154 TAMAN SRI NANDING,3.1033235120799,101.80582551666,rapidbus_kl
1002496,KJ155 TAMAN DESA RAYA,3.0999169669295,101.80254118212,rapidbus_kl
1004064,(M) KJ156 TAMAN LAGENDA SURIA,3.0986745826138,101.8015116355,rapidbus_kl
1008297,KJ157 TAMAN BUKIT SEKAWAN,3.095118,101.797413,rapidbus_kl
1001303,KJ158 KG SG SERAI,3.0934597133715,101.79591176978,rapidbus_kl
1002392,PEMBINAAN HJ ARIFFIN,3.0886400874479,101.79239562579,rapidbus_kl
1000215,KJ161 BALAI RAYA KG SG SERAI,3.0859196341464,101.7899665473,rapidbus_kl
1001465,KG SG SERAI,3.0837756801332,101.78834757149,rapidbus_kl
1001612,KJ164 KOLEKSI ANGGERIK,3.0816525935469,101.78727909564,rapidbus_kl
1003969,KJ165 TMN DESA PELANGI,3.0797332737136,101.78547665604,rapidbus_kl
1000591,KJ166 KG BUKIT RAYA,3.0776664221527,101.78419188827,rapidbus_kl
1004085,KJ170 IDAMAN VILLAS (OPP),3.0764997842872,101.7832031617,rapidbus_kl
1000252,KJ210 SK BUKIT RAYA (OPP),3.0720640075584,101.78257394712,rapidbus_kl
1000475,KJ256 LANGAT JAYA CONDOMINIUM,3.0701051471868,101.77929295802,rapidbus_kl
1003963,KJ257 TAMAN SRI MELAKA,3.0694391378586,101.77632489573,rapidbus_kl
1008296,KJ258 KLINIK KESIHATAN BT 9 (OPP),3.069073,101.774764,rapidbus_kl
1008295,KL259 POS MALAYSIA BT 9,3.068404,101.771965,rapidbus_kl
1000194,KJ50 BALAI POLIS BT 9,3.068623,101.770524,rapidbus_kl
1003289,KJ39 SK BT 9 (OPP),3.0698709985358,101.76915729009,rapidbus_kl
1000400,KJ52 TAMAN SUNTEX,3.0712014007753,101.76714752776,rapidbus_kl
1000532,HENTIAN PEKAN BERANANG,2.872432,101.870582,rapidbus_kl
1000563,KJ600 KOMPLEKS PENGHULU MUKIM BERANANG,2.874542,101.872033,rapidbus_kl
1002811,KJ601 KG MACHANG HILIR,2.8758368632738,101.87243549496,rapidbus_kl
1007631,KJ602 KG SESAPAN BUKIT REMBAU,2.878001,101.872035,rapidbus_kl
1001160,KJ603 JLN SASAPAN KELUBI,2.880919,101.871192,rapidbus_kl
1000402,KJ604 KG SESAPAN KELUBI (UTARA),2.885753,101.870429,rapidbus_kl
1003979,KJ605 TAMAN PERINDUSTRIAN MAHKOTA,2.889742,101.870479,rapidbus_kl
1001718,KJ606 TAMAN PKNS BERANANG,2.892359,101.870404,rapidbus_kl
1003451,KJ608 SEMENYIH PARKLANDS,2.896233,101.869003,rapidbus_kl
1001597,KJ609 KOLEJ PROFESIONAL MARA,2.903866,101.867111,rapidbus_kl
1001609,KJ610 KOLEJ TINGGI MARA JAPAN,2.905437,101.863768,rapidbus_kl
1000108,KJ612 PANGSAPURI BAIDURI BLOK H,2.903506,101.861686,rapidbus_kl
1001357,KJ615 KOLEJ TINGGI MARA JAPAN (OPP),2.905674,101.863736,rapidbus_kl
1003854,KJ616 PUSAT KEMAHIRAN MARA BERANANG,2.906414,101.866473,rapidbus_kl
1001717,KJ618 BANDAR TASIK KESUMA FASA 4,2.913774,101.863854,rapidbus_kl
1003313,KJ619 PELANGI SEMENYIH 2,2.915586,101.863078,rapidbus_kl
1001339,KJ620 TAMAN MUTIARA RINCHING,2.920237,101.861834,rapidbus_kl
1003136,KJ621 SJKT LADANG RINCHING,2.9229456247946,101.86038142327,rapidbus_kl
1007634,KJ622 SETIA ECOHILL MALL,2.925481,101.857485,rapidbus_kl
1003911,(M) KJ623 LOTUS SEMENYIH (OPP),2.930202,101.855492,rapidbus_kl
1004067,KJ624 SEKSYEN 4 SEMENYIH,2.932643,101.854028,rapidbus_kl
1000607,KJ626 KG SENTOSA,2.945764,101.847881,rapidbus_kl
1001314,KJ630 DEWAN KOMUNITI SEMENYIH,2.949037,101.846218,rapidbus_kl
1003316,KJ631 SK SEMENYIH,2.950391,101.845552,rapidbus_kl
1002747,KJ632 TAMAN SEMENYIH,2.952695,101.844579,rapidbus_kl
1001287,KJ633 TAMAN DESA SEMENYIH,2.955701,101.843763,rapidbus_kl
1004012,KJ634 TAMAN AIN ANN/VISTA VALLEY,2.958225,101.840598,rapidbus_kl
1002190,KJ489 BANDAR TEKNOLOGI KAJANG,2.973824,101.830574,rapidbus_kl
1001552,KJ498 KLINIK KESIHATAN KAJANG (OPP),2.978002,101.825625,rapidbus_kl
1007637,KJ499 TAMAN MAJU KAJANG,2.979664,101.820014,rapidbus_kl
1000954,KJ500 KAJANG PRIMA,2.983647,101.815753,rapidbus_kl
1003364,KJ501 KOLEJ VOKASIONAL KAJANG (OPP),2.985768,101.812394,rapidbus_kl
1003978,KJ502 TAMAN DAMAI INDAH,2.987309,101.807557,rapidbus_kl
1004094,KJ503 TAMAN ZAMRUD KAJANG,2.988045,101.803731,rapidbus_kl
1001363,KJ504 TAMAN LEMBAH MEWAH,2.990019,101.800207,rapidbus_kl
1002026,KJ505 KOMPLEKS METRO POINT,2.991966,101.794467,rapidbus_kl
1007638,KJ472 KOMERSIAL BANDAR KAJANG,2.993154,101.790179,rapidbus_kl
1000923,KJ473 HOSPITAL KAJANG,2.992596,101.793436,rapidbus_kl
1003366,KJ479 KOMPLEKS METRO POINT (OPP),2.991985,101.795188,rapidbus_kl
1003543,KJ480 TAMAN SG JELOK,2.991094,101.799421,rapidbus_kl
1004093,KJ481 TAMAN ZAMRUD KAJANG,2.988403,101.803434,rapidbus_kl
1000295,KJ482 TAMAN RESTU 7,2.987562,101.807948,rapidbus_kl
1003228,KJ483 KOLEJ VOKASIONAL KAJANG,2.985496,101.813125,rapidbus_kl
1003365,KJ484 KAJANG PRIMA,2.984252,101.815141,rapidbus_kl
1001344,KJ485 TAMAN MAJU KAJANG,2.979789,101.820757,rapidbus_kl
1001553,KJ486 KLINIK KESIHATAN KAJANG,2.978033,101.826053,rapidbus_kl
1003840,KJ487 BANDAR TEKNOLOGI KAJANG,2.974423,101.830391,rapidbus_kl
1004013,KJ571 TAMAN AIK ANN,2.957589,101.841979,rapidbus_kl
1002804,KJ572 TAMAN DESA SEMENYIH,2.955752,101.844018,rapidbus_kl
1002034,KJ573 TAMAN SEMENYIH,2.952188,101.844895,rapidbus_kl
1007636,KJ574 KOMPLEKS PENGHULU SEMENYIH,2.950108,101.845923,rapidbus_kl
1002765,KJ575 DEWAN KOMUNITI SEMENYIH,2.948903,101.846527,rapidbus_kl
1003440,KJ576 KG SENTOSA,2.945746,101.848093,rapidbus_kl
1001013,KJ577 PETRON SEMENYIH,2.938315,101.850961,rapidbus_kl
1002552,KJ578 TAMAN PELANGI SEMENYIH,2.932952,101.854245,rapidbus_kl
1003912,(M) KJ579 LOTUS SEMENYIH,2.930099,101.855888,rapidbus_kl
1007635,KJ580 ECONSAVE RINCHING,2.926143,101.857491,rapidbus_kl
1002038,KJ581 ASCOTTE BOULEVARD,2.922809,101.860791,rapidbus_kl
1002824,KJ582 TAMAN MUTIARA RINCHING,2.918906,101.862757,rapidbus_kl
1007633,KJ583 PELANGI SEMENYIH 2,2.915968,101.863225,rapidbus_kl
1002831,KJ584 BANDAR TASIK KESUMA FASA 4,2.913912,101.864086,rapidbus_kl
1000246,KJ585 PERUMAHAN BANDAR TASIK KESUMA,2.909734,101.865672,rapidbus_kl
1001598,KJ587 KOLEJ PROFESIONAL MARA (OPP),2.903684,101.867508,rapidbus_kl
1001226,KJ588 SEMENYIH PARKLANDS,2.896654,101.869219,rapidbus_kl
1007632,KJ589 PEJABAT PERTUBUHAN PELADANG,2.894309,101.869946,rapidbus_kl
1001328,KJ590 TAMAN PKNS BERANANG,2.891338,101.870877,rapidbus_kl
1001159,KJ592 KG SESAPAN KELUBI (UTARA),2.886038,101.870613,rapidbus_kl
1007630,KJ594 KG SESAPAN BUKIT REMBAU,2.878111,101.872158,rapidbus_kl
1001282,KJ595 KG MACHANG HILIR,2.875275,101.872535,rapidbus_kl
1009090,KJ596 SRA INTEGRASI PEKAN BERANANG (OPP),2.874105,101.871876,rapidbus_kl
1001689,SJ595 KTM KOMUTER SERDANG (OPP),3.0241019628791,101.71621852279,rapidbus_kl
1003430,KJ706 KOMERSIAL TAMAN DESA SERDANG,3.009058,101.723533,rapidbus_kl
1000686,KJ368 FLAT DESA SERDANG,3.009291,101.724774,rapidbus_kl
1003971,KJ369 SMK DESA SERDANG,3.009912,101.727534,rapidbus_kl
1003432,KJ371 PERUMAHAN DESA SERDANG,3.0097960786166,101.73089073857,rapidbus_kl
1000696,KJ372 APARTMENT DESA SERDANG,3.009809,101.733348,rapidbus_kl
1000780,KJ374 APARTMENT SERI PULAI,3.0089005184331,101.73698322375,rapidbus_kl
1000781,KJ379 APARTMENT SERI PULAI (OPP),3.008451251656,101.73717708492,rapidbus_kl
1000697,(M) KJ381 KOMERSIAL TAMAN BUDIMAN,3.011867,101.736529,rapidbus_kl
1001992,KJ383 PERUSAHAAN TAMING JAYA,3.015695,101.737231,rapidbus_kl
1001498,KJ384 TAMAN INDUSTRI TAMING JAYA,3.0184592175301,101.73995330274,rapidbus_kl
1001668,KJ385 TAMAN INDUSTRI SELESA JAYA,3.019895,101.741538,rapidbus_kl
1000034,KJ386 KOMERSIAL TAMING JAYA,3.024178,101.741853,rapidbus_kl
1000489,KJ699 KOMERSIAL TAMING JAYA,3.025513,101.740462,rapidbus_kl
1003241,KJ700 SHELL TAMING JAYA,3.025295,101.735395,rapidbus_kl
1004066,KJ740 TAMAN BUKIT BELIMBING (OPP),3.024767364984,101.7337201298,rapidbus_kl
1004260,KJ701 WISMA TANJUNG BALAI,3.024359,101.730258,rapidbus_kl
1003332,SJ597 SK TAMAN SG BESI INDAH,3.0267299620342,101.7227460587,rapidbus_kl
1003923,(M) SJ598 THE MINES (OPP),3.026619,101.719623,rapidbus_kl
1006173,KL1291 KM1 BUKIT JALIL,3.058376,101.674439,rapidbus_kl
1000044,KL2020 AFC (OPP),3.0560439806125,101.67321488454,rapidbus_kl
1008703,PAVILION BUKIT JALIL,3.050082,101.673986,rapidbus_kl
1003940,KL2026 AURORA PLACE,3.054211,101.669275,rapidbus_kl
1000160,KL1293 APARTMENT ARENA GREEN,3.053789,101.688308,rapidbus_kl
1001791,KL151 LRT BKT JALIL,3.058519,101.691519,rapidbus_kl
1000612,KL1320 ENDAH VILLA CONDOMINIUM,3.0647242316022,101.6918424036,rapidbus_kl
1000613,KL1321 APT SRI ENDAH (OPP),3.064294,101.691108,rapidbus_kl
1000574,KL2027 DEWAN SRI ENDAH,3.0642100414548,101.68781556643,rapidbus_kl
1002306,KL2028 FLAT SRI ENDAH,3.063841723806,101.68891143219,rapidbus_kl
1000103,KL1322 APT TAMAN SRI ENDAH,3.064179,101.690972,rapidbus_kl
1001580,KL2029 8 PETALING CONDOMINIUM,3.066401,101.690988,rapidbus_kl
1001564,KL2031 KOMERSIAL SRI PETALING,3.0668173856689,101.692536059,rapidbus_kl
1003926,KL1313 BANK ISLAM SRI PETALING,3.068718,101.695328,rapidbus_kl
1002884,"KL1306 ZON J, BANDAR BARU SRI PETALING (UTARA)",3.069572,101.696299,rapidbus_kl
1002907,"KL1307 ZON H, BANDAR BARU SRI PETALING (UTARA)",3.069741,101.699385,rapidbus_kl
1003024,"KL1308 ZON G, SRI PETALING (TIMUR)",3.0676795159265,101.70077002231,rapidbus_kl
1000122,KL1310 ENDAH RIA CONDOMINIUM,3.064168,101.699606,rapidbus_kl
1000611,(M) KL1311 ENDAH PROMENADE,3.0639369330267,101.69740585285,rapidbus_kl
1000449,KL1312 ENDAH PARADE,3.063836,101.695435,rapidbus_kl
1001792,KL149 LRT BKT JALIL,3.058047,101.691406,rapidbus_kl
1000161,KL1299 APARTMENT ARENA GREEN (OPP),3.0518229558133,101.68870475194,rapidbus_kl
1000984,KL1550 I SHOPPE TPM,3.047908,101.688859,rapidbus_kl
1001008,KL2007 ENTERPRISE 3 TPM,3.048086,101.691714,rapidbus_kl
1002031,KL2008 MAXIS TOC TPM,3.051657,101.697283,rapidbus_kl
1004139,KL2009 TPM CARPARK,3.055012,101.702792,rapidbus_kl
1000176,KL1540 ASTRO TPM,3.052423,101.700636,rapidbus_kl
1002032,KL2010 MAXIS TOC TPM,3.051317,101.697391,rapidbus_kl
1004159,KL1542 ENTERPRISE 3 TPM,3.048593,101.692752,rapidbus_kl
1001978,KL1551 MAYBANK TPM,3.047402,101.688837,rapidbus_kl
1001072,KL2018 CALVARY CONVENTION CENTRE,3.050626,101.679712,rapidbus_kl
1000111,KL2019 ANJUNG HIJAU GREENFIELDS,3.055941,101.675214,rapidbus_kl
1006172,KL1743 GREEN AVENUE CONDOMINIUM,3.058659,101.673981,rapidbus_kl
1005059,KL2014 APARTMENT SERI CERIA,3.049908,101.654281,rapidbus_kl
1005058,KL2015 PPR PINGGIRAN BUKIT JALIL,3.047828,101.653974,rapidbus_kl
1005056,PARAGON HEIGHTS,3.046102,101.658877,rapidbus_kl
1005054,KL2016 TAMAN LTAT,3.048706,101.664286,rapidbus_kl
1006154,(M) SJ362 LRT ALAM SUTERA,3.054798,101.657387,rapidbus_kl
1001806,SJ363 TRINITY GROUP,3.053037,101.653427,rapidbus_kl
1006155,GIANT BK (OPP),3.049758,101.647706,rapidbus_kl
1006169,SJ396 SMK SEKSYEN 4 BK,3.045756,101.645926,rapidbus_kl
1000014,SJ390 PERUMAHAN BK 5,3.0431383416948,101.64181376715,rapidbus_kl
1003155,SJ391 SMK SEKSYEN 3 BK (OPP),3.039055,101.642649,rapidbus_kl
1000584,SJ392 PERUMAHAN HARMONY (OPP),3.037455,101.647072,rapidbus_kl
1002419,SJ393 PERUMAHAN PERMAI,3.0374772748177,101.6496461669,rapidbus_kl
1001698,SJ394 IPD SUBANG JAYA,3.038108,101.651419,rapidbus_kl
1000879,SJ366 KINRARA GOLF CLUB,3.0372347705665,101.6548361739,rapidbus_kl
1000907,SJ367 PERUMAHAN HENING (OPP),3.036455,101.658491,rapidbus_kl
1001849,(M) SJ368 PERUMAHAN MELODY (OPP),3.036294,101.662527,rapidbus_kl
1001995,SJ369 MELODY KINRARA (OPP),3.0360102430403,101.66516950768,rapidbus_kl
1003263,SJ370 SIMFONI KINRARA,3.03601,101.666517,rapidbus_kl
1002145,SJ371 PANGSAPURI ENGGANG (OPP),3.036118,101.672652,rapidbus_kl
1005055,PARAGON HEIGHTS (OPP),3.045751,101.658777,rapidbus_kl
1005057,KL2012 PPR PINGGIRAN BUKIT JALIL,3.047876,101.653822,rapidbus_kl
1006287,(M) SJ680 LRT IOI PUCHONG,3.048111,101.62074,rapidbus_kl
1006678,SJ447 SKYPOD RESIDENCE,3.043501,101.620776,rapidbus_kl
1002768,SJ449 SETIA WALK,3.0329749146266,101.61732496691,rapidbus_kl
1002228,SJ435 WAWASAN 1,3.03177,101.619272,rapidbus_kl
1006584,APARTMENT KENANGA & AKASIA,3.027926,101.62056,rapidbus_kl
1003604,SJ463 PANGSAPURI SRI BEGONIA,3.0254122375688,101.62412802894,rapidbus_kl
1003495,SJ464 PANGSAPURI SRI CAMELIA,3.0231191404209,101.62368354651,rapidbus_kl
1006586,SRI CASSIA & CASA PUTERI CONDOMINIUM,3.020775,101.627648,rapidbus_kl
1002166,SJ427 PANGSAPURI PERMATA SARI,3.0239270800967,101.62774144612,rapidbus_kl
1002139,SJ428 PANGSAPURI DESA TANJUNG (OPP),3.025521,101.627719,rapidbus_kl
1008196,SJ429 SK PUSAT BANDAR PUCHONG,3.027615,101.626983,rapidbus_kl
1002749,SJ440 KIARA APARTMENT,3.0292469225717,101.62607908965,rapidbus_kl
1002180,PANGSAPURI SRI SERAKA,3.0314962926377,101.62714074811,rapidbus_kl
1002162,SJ663 SRI PENAGA APARTMENT,3.034469,101.628047,rapidbus_kl
1004088,SJ421 TAMAN WAWASAN,3.0355825392924,101.62471921191,rapidbus_kl
1002767,SJ450 SETIA WALK (UTARA),3.0326915422174,101.61802903924,rapidbus_kl
1003913,SJ516 LOTUS EXTRA PUCHONG,3.035177,101.616545,rapidbus_kl
1001010,SJ610 IOI MALL PUCHONG,3.0435545736493,101.61873927724,rapidbus_kl
1002156,SJ275 PANGSAPURI MELUR,2.988061,101.594752,rapidbus_kl
1002143,SJ277 PANGSAPURI AMAN,2.990875,101.594811,rapidbus_kl
1002153,SJ280 PANGSAPURI LILI (OPP),2.9928979198191,101.59486387577,rapidbus_kl
1002141,SJ281 DESA IMPIANA,2.995276476385,101.59489289101,rapidbus_kl
1006576,SJ282 LRT PUCHONG PRIMA,2.999823,101.596442,rapidbus_kl
1002514,SJ670 PUCHONG PRIMA SEKSYEN 2,3.002367,101.597387,rapidbus_kl
1001985,SJ283 FLAT PUCHONG PRIMA A14,3.0053918568915,101.59797615813,rapidbus_kl
1001742,SJ284 FLAT PUCHONG PRIMA A35,3.007689,101.597608,rapidbus_kl
1000432,SJ285 PERMAI COURT PUCHONG PERDANA (OPP),3.007936,101.599682,rapidbus_kl
1000338,SJ286 FLAT PUCHONG PERDANA (OPP),3.007926,101.601774,rapidbus_kl
1000849,SJ299 LRT PUCHONG PERDANA,3.008053,101.606129,rapidbus_kl
1002345,SJ303 BALAI MASYARAKAT PUCHONG PERDANA (OPP),3.005631,101.609175,rapidbus_kl
1003258,SJ304 TAMAN PERINDUSTRIAN PUCHONG UTAMA (UTARA),3.003378,101.609309,rapidbus_kl
1002344,SJ305 TAMAN PERINDUSTRIAN PUCHONG UTAMA (SELATAN),3.001535,101.609512,rapidbus_kl
1002740,SJ674 TAMAN MAJU JAYA,2.998144,101.610977,rapidbus_kl
1003980,SJ263 TAMAN PERINDUSTRIAN MAJU JAYA,2.995706,101.612192,rapidbus_kl
1003030,SJ261 TAMAN PUCHONG UTAMA 6,2.993349,101.613126,rapidbus_kl
1002221,SJ238 TAMAN PUCHONG UTAMA 12,2.990369,101.612794,rapidbus_kl
1003648,SJ239 SK PUCHONG UTAMA 1 (OPP),2.988236,101.611677,rapidbus_kl
1002926,SJ240 TAMAN PUCHONG UTAMA 10 (TIMUR),2.986889,101.611272,rapidbus_kl
1002223,SJ241 TAMAN PUCHONG UTAMA 10 (TIMUR),2.985159,101.612343,rapidbus_kl
1003028,SJ242 TAMAN PUCHONG UTAMA 10 (SELATAN),2.984517,101.613113,rapidbus_kl
1003819,SJ243 TAMAN PUCHONG UTAMA (SELATAN),2.985995,101.614797,rapidbus_kl
1004208,SJ244 TAMAN PUCHONG UTAMA 8,2.987493,101.615604,rapidbus_kl
1002641,SJ237 TERMINAL PUCHONG UTAMA,2.990446,101.615552,rapidbus_kl
1003820,(M) SJ245 TAMAN PUCHONG UTAMA 8,2.987038,101.615507,rapidbus_kl
1003027,SJ247 TAMAN PUCHONG UTAMA 10 (SELATAN),2.9843824266469,101.61310387347,rapidbus_kl
1002222,SJ248 TAMAN PUCHONG UTAMA 10 (TIMUR),2.985405,101.612348,rapidbus_kl
1002924,SJ249 TAMAN PUCHONG UTAMA 10 (TIMUR),2.986396,101.611857,rapidbus_kl
1003647,SJ256 SK PUCHONG UTAMA 1,2.988302,101.611422,rapidbus_kl
1002230,SJ259 TAMAN PUCHONG UTAMA 12,2.990412,101.612515,rapidbus_kl
1003029,SJ260 TAMAN PUCHONG UTAMA 6,2.993282,101.613019,rapidbus_kl
1003998,SJ262 TAMAN PERINDUSTRIAN MAJU JAYA,2.995563,101.612445,rapidbus_kl
1002346,SJ264 TAMAN PERINDUSTRIAN PUCHONG UTAMA (SELATAN),3.00158019011,101.60929615772,rapidbus_kl
1001722,SJ265 TAMAN PERINDUSTRIAN PUCHONG UTAMA (UTARA),3.003265,101.609156,rapidbus_kl
1008639,SJ266 BALAI MASYARAKAT PUCHONG PERDANA,3.005584,101.609054,rapidbus_kl
1006575,(M) SJ267 LRT PUCHONG PERDANA,3.007707,101.605601,rapidbus_kl
1000339,SJ268 FLAT PUCHONG PERDANA,3.007673,101.601724,rapidbus_kl
1000433,SJ269 PERMAI COURT PUCHONG PERDANA,3.0077011483503,101.59945715149,rapidbus_kl
1001986,SJ271 FLAT PUCHONG PRIMA (SELATAN),3.005145,101.598267,rapidbus_kl
1006574,PJ272 LRT PUCHONG PRIMA,2.999871,101.596714,rapidbus_kl
1003310,SJ273 SMK PUCHONG PERMAI,2.994193,101.595251,rapidbus_kl
1002144,SJ274 PANGSAPURI LILI,2.992162,101.595106,rapidbus_kl
1002154,SJ278 PANGSAPURI AMAN (OPP),2.990821,101.595118,rapidbus_kl
1002207,SJ279 PPMU PUCHONG PERDANA,2.989377,101.595088,rapidbus_kl
1008326,(M) KOMERSIAL TAMAN PUTRA PERMAI,2.977545,101.592466,rapidbus_kl
1008327,TAMAN PUTRA PRIMA 2B,2.974266,101.589378,rapidbus_kl
1008329,SP242 CALISA RESIDENCE,2.975515,101.582665,rapidbus_kl
1008330,KOMERSIAL TAMAN PUTRA PERMAI,2.979677,101.591514,rapidbus_kl
1006583,TAMAN PUCHONG TEKALI,2.980366,101.594754,rapidbus_kl
1001939,SJ270 FLAT PUCHONG PRIMA (UTARA),3.007593,101.597938,rapidbus_kl
1002430,SJ669 PUCHONG PRIMA SEKSYEN 2,3.002474,101.597729,rapidbus_kl
1000025,SJ345 JEJANTAS TAMAN KINRARA,3.0640580865611,101.64927564385,rapidbus_kl
1008309,SJ654 TAMAN KINRARA SEKSYEN 1,3.062814,101.648076,rapidbus_kl
1001396,SJ346 TAMAN PAIK SIONG,3.0614401901635,101.64642875202,rapidbus_kl
1001397,SJ347 TUDM KINRARA,3.0599994816712,101.64395831592,rapidbus_kl
1002150,SJ335 APARTMENT VISTA LAVENDER,3.061146,101.641451,rapidbus_kl
1001658,SJ319 TAMAN KINRARA SEKSYEN 4,3.065266,101.639744,rapidbus_kl
1002762,SJ320 PANGSAPURI SURIA (OPP),3.066261,101.639245,rapidbus_kl
1000733,SJ321 APARTMENT KINRARA (OPP),3.066318,101.636094,rapidbus_kl
1001234,SJ322 TAMAN MAWAR,3.064822,101.632372,rapidbus_kl
1001030,SJ323 JASMINE COURT,3.063285,101.630505,rapidbus_kl
1003342,SJ324 SMK BATU 8,3.061794,101.628852,rapidbus_kl
1003622,(M) SJ310 APARTMENT SRI TANJUNG,3.060544,101.625614,rapidbus_kl
1000090,SJ326 PERUMAHAN BELATOK 5,3.059479,101.623288,rapidbus_kl
1003718,SJ328 APARTMENT SRI ANGGERIK 2 (OPP),3.057133,101.621791,rapidbus_kl
1000092,SJ329 APARTMENT SRI ANGGERIK (OPP),3.054858,101.621059,rapidbus_kl
1006291,SJ738 TAMAN MUTIARA PUCHONG (TIMUR),3.0325314,101.6124081,rapidbus_kl
1006292,SJ739 TAMAN MUTIARA PUCHONG (BARAT),3.032042,101.610824,rapidbus_kl
1006293,SJ740 TAMAN PERINDUSTRIAN PUCHONG,3.030872,101.610645,rapidbus_kl
1006297,SJ741 TAMAN SRI PUCHONG (UTARA),3.029818,101.608907,rapidbus_kl
1006299,SJ742 SURAU ALHIDAYAH,3.028734,101.608024,rapidbus_kl
1006301,SJ743 TAMAN SRI PUCHONG (TENGAH),3.026987,101.607507,rapidbus_kl
1006303,SJ744 TAMAN SRI PUCHONG (SELATAN),3.023137,101.606801,rapidbus_kl
1006305,SJ745 PANGSAPURI DESA IMPIAN (OPP),3.021732,101.607613,rapidbus_kl
1006307,SJ746 POS LAJU PUCHONG (OPP),3.021601,101.610377,rapidbus_kl
1006309,SJ747 KOMPLEKS INDUSTRI PUCHONG,3.022772,101.611011,rapidbus_kl
1006311,SJ749 LRT PERINDUSTRIAN PUCHONG,3.022707,101.613332,rapidbus_kl
1006308,SJ750 POS LAJU PUCHONG,3.021478,101.610378,rapidbus_kl
1006306,SJ751 PANGSAPURI DESA IMPIAN,3.021649,101.607231,rapidbus_kl
1006304,SJ752 TAMAN SRI PUCHONG (SELATAN),3.022975,101.606616,rapidbus_kl
1006302,SJ753 TAMAN SRI PUCHONG (TENGAH),3.026812,101.607364,rapidbus_kl
1006300,SJ754 SURAU ALHIDAYAH (OPP),3.028994,101.607972,rapidbus_kl
1006298,SJ755 TAMAN SRI PUCHONG (UTARA),3.029936,101.608795,rapidbus_kl
1006296,SJ756 TAMAN PERINDUSTRIAN PUCHONG,3.030828,101.610509,rapidbus_kl
1006295,SJ757 TAMAN MUTIARA PUCHONG (BARAT),3.032191,101.610732,rapidbus_kl
1006294,SJ758 TAMAN MUTIARA PUCHONG (TIMUR),3.032654,101.612265,rapidbus_kl
1006286,SJ735 LRT PUSAT BANDAR PUCHONG,3.033481,101.61616,rapidbus_kl
1004199,SJ681 KOMERSIAL RAJAWALI,3.0525738384977,101.62219229894,rapidbus_kl
1001601,SJ682 KOLEJ PUTRA,3.054673,101.619448,rapidbus_kl
1000091,SJ306 APARTMENT SRI ANGGERIK,3.055012,101.620867,rapidbus_kl
1000147,SJ307 APARTMENT SRI ANGGERIK 2,3.0568067650048,101.62154402408,rapidbus_kl
1000148,SJ308 APARTMENT SRI ANGGERIK 2,3.058445,101.621545,rapidbus_kl
1002932,(M) SJ309 PERUMAHAN BELATOK 7,3.059481,101.622942,rapidbus_kl
1003341,SJ313 SMK BATU 8 (OPP),3.061966,101.628941,rapidbus_kl
1001029,SJ314 JASMINE COURT (OPP),3.063283,101.630361,rapidbus_kl
1002805,SJ315 TAMAN MAWAR,3.064898,101.632245,rapidbus_kl
1000732,SJ316 APARTMENT KINRARA,3.066432,101.636847,rapidbus_kl
1002761,SJ317 PANGSAPURI SURIA,3.066359,101.639419,rapidbus_kl
1003618,SJ318 APARTMENT SRI SUNWAY,3.065094,101.639875,rapidbus_kl
1002151,SJ336 APARTMENT SURIA KINRARA,3.061628,101.641727,rapidbus_kl
1001269,SJ348 TUDM KINRARA (OPP),3.059714993532,101.64272805478,rapidbus_kl
1004014,SJ338 KOMERSIAL PAIK SIONG,3.0613621064222,101.64556669176,rapidbus_kl
1002193,SJ339 KOMERSIAL TAMAN KINRARA,3.0626925917768,101.64745798043,rapidbus_kl
1006279,SJ683 LRT BANDAR PUTERI,3.017196,101.613015,rapidbus_kl
1000587,SJ479 PERINDUSTRIAN BUKIT PUCHONG,3.0110111089595,101.61381731482,rapidbus_kl
1001579,SJ480 KOI TROPIKA CONDOMINIUM,3.008317,101.615907,rapidbus_kl
1001920,SJ481 KG PASIR PUCHONG,3.006318,101.618695,rapidbus_kl
1006280,"SJ704 SERI JATI, PUCHONG HARTAMAS",3.003995,101.619726,rapidbus_kl
1006282,SJ706 PANGSAPURI SERI JATI,3.004749,101.623019,rapidbus_kl
1006283,SJ711 KIM CREST,3.001958,101.625734,rapidbus_kl
1006284,SJ712 PUTERI HILLS,3.002701,101.627919,rapidbus_kl
1003606,SJ456 BANDAR PUTERI 10,3.0087854790176,101.62666521537,rapidbus_kl
1002503,SJ457 BANDAR PUTERI (TIMUR),3.011154,101.627192,rapidbus_kl
1003813,SJ459 BANDAR PUTERI (TENGAH),3.011532,101.625109,rapidbus_kl
1003841,SJ460 PETRONAS BANDAR PUTERI,3.013376,101.622359,rapidbus_kl
1002693,SJ470 SERENA TERRACE HOUSE,3.016272,101.623947,rapidbus_kl
1005070,THE CUBE,3.017535,101.625856,rapidbus_kl
1005071,PANGSAPURI SRI ALPINIA,3.018896,101.627373,rapidbus_kl
1002138,SJ661 PANGSAPURI SRI PINANG/SJKC KHENG CHEE,3.022129,101.627758,rapidbus_kl
1005072,SJ441 PERUMAHAN WAWASAN 2,3.032109,101.624603,rapidbus_kl
1006585,SJ452 HOSPITAL COLUMBIA PUCHONG,3.023342,101.622731,rapidbus_kl
1000917,SJ478 GIANT BANDAR PUTERI PUCHONG (OPP),3.024572,101.617303,rapidbus_kl
1000203,PJ429 IPD PJ,3.098077,101.641393,rapidbus_kl
1002848,PJ430 SEKSYEN 8 (SELATAN),3.096506,101.641083,rapidbus_kl
1001628,PJ464 BALAI BOMBA JLN PENCHALA (OPP),3.093375,101.640679,rapidbus_kl
1002958,PJ465 SEKSYEN 51 (UTARA),3.091156,101.640418,rapidbus_kl
1001487,PJ466 SEKSYEN 4,3.089138,101.640615,rapidbus_kl
1002270,PJ468 PASAR PJ OLD TOWN,3.087565,101.643974,rapidbus_kl
1000369,KL1367 BOMBA KLANG LAMA (OPP),3.082215,101.660945,rapidbus_kl
1002594,KL1368 TAMAN SERI SENTOSA (TIMUR),3.079737,101.661893,rapidbus_kl
1000186,KL1369 AVENUE COURT,3.077789,101.658869,rapidbus_kl
1000692,KL1370 APT SERI SENTOSA AC4 (OPP),3.077293,101.656362,rapidbus_kl
1000143,KL1371 APT SERI SENTOSA (OPP),3.076993,101.654873,rapidbus_kl
1000138,KL1381 APT PINANG 1A SERI SENTOSA,3.076273,101.653644,rapidbus_kl
1000137,KL1382 APT PINANG BLOK 13,3.075151,101.653141,rapidbus_kl
1002296,KL1383 FLAT TAMAN SERI SENTOSA,3.073152578695,101.65191453151,rapidbus_kl
1000326,KL1372 1K TRICOURT,3.0711292077064,101.65163999894,rapidbus_kl
1000327,KL1373 SURAU NURUL IMAN (OPP),3.0711451758857,101.64981970302,rapidbus_kl
1000237,KL1374 BAYVIEW COURT ID,3.0716721193317,101.6484691135,rapidbus_kl
1003612,(M) PJ124 SRI MANJA SQUARE,3.0734890746854,101.64688810437,rapidbus_kl
1002949,(M) PJ126 HAB BAS SERI MANJA,3.074771,101.643962,rapidbus_kl
1001150,PJ768 SPG SRI MANJA 5,3.075261,101.645564,rapidbus_kl
1003750,PJ769 SURAU AL-ISLAH (OPP),3.077348,101.646284,rapidbus_kl
1002479,PJ129 PANGSAPURI PERMAI (OPP),3.079745,101.646488,rapidbus_kl
1002269,PJ416 PASAR PJ OLD TOWN (OPP),3.087244,101.644418,rapidbus_kl
1000046,PJ751 PJ OLD TOWN SEKSYEN 2,3.087546,101.642545,rapidbus_kl
1003502,PJ417 SEKSYEN 51 (SELATAN),3.088242,101.640685,rapidbus_kl
1001627,PJ420 KOMPLEKS WAN KIEN,3.094208,101.640514,rapidbus_kl
1001603,(M) KS32 KOLEJ RAFFLESIA 2,3.197021,101.450414,rapidbus_kl
1001588,KS33 FAKULTI PENDIDIKAN,3.1991880510639,101.4473818394,rapidbus_kl
1001586,KS34 FAKULTI FARMASI,3.2017856496153,101.44878222544,rapidbus_kl
1002548,KS359 PINTU MASUK UITM,3.212856,101.449552,rapidbus_kl
1002516,KS35 PUNCAK ALAM DRIVING RANGE,3.218375,101.445366,rapidbus_kl
1008306,KS36 PETRONAS PUNCAK ALAM 1 (OPP),3.220438,101.445703,rapidbus_kl
1000361,KS355 PUNCAK ALAM FOUNTAIN (TIMUR),3.222292,101.436844,rapidbus_kl
1003071,KS343 PUNCAK ALAM FOUNTAIN (BARAT),3.222702,101.435852,rapidbus_kl
1003786,(M) KS47 PUNCAK ALAM FASA 2,3.227762,101.431849,rapidbus_kl
1009088,"(M) KS1 PUNCAK BESTARI, PUNCAK ALAM",3.231187,101.427894,rapidbus_kl
1008503,KS2 MASJID PUNCAK ALAM (TIMUR),3.235128,101.426954,rapidbus_kl
1009084,KS8 LOTUS PUNCAK ALAM (OPP),3.238984,101.426512,rapidbus_kl
1003447,"KS9 KLINIK 1 MALAYSIA, PUNCAK ALAM",3.240252,101.426835,rapidbus_kl
1003041,KS10 PUNCAK ALAM FASA 3,3.241957,101.425942,rapidbus_kl
1006126,KS11 PUSAT NIAGA ASTANA,3.243252,101.425333,rapidbus_kl
1003729,KS12 SURAU HAJI ISMAIL (OPP),3.246031,101.427553,rapidbus_kl
1003730,KS14 SURAU HAJI ISMAIL,3.245881,101.427595,rapidbus_kl
1003836,KS15 PUSAT NIAGA ASTANA,3.243166,101.425497,rapidbus_kl
1003020,KS16 PUNCAK ALAM FASA 3,3.242167,101.425962,rapidbus_kl
1003448,"KS17 KLINIK 1 MALAYSIA, PUNCAK ALAM",3.240846,101.426662,rapidbus_kl
1009085,KS18 LOTUS PUNCAK ALAM,3.238838,101.426867,rapidbus_kl
1008504,KS3 LOTUS PUNCAK ALAM,3.235895,101.427156,rapidbus_kl
1009089,"KS23 PUNCAK BESTARI, PUNCAK ALAM",3.231074,101.428343,rapidbus_kl
1003787,(M) KS24 PUNCAK ALAM FASA 2,3.228419,101.431334,rapidbus_kl
1003072,KS344 PUNCAK ALAM FOUNTAIN (BARAT),3.223005,101.436045,rapidbus_kl
1002648,KS353 PUNCAK ALAM FOUNTAIN (TIMUR),3.222634,101.437001,rapidbus_kl
1008307,KS25 PETRONAS PUNCAK ALAM,3.220468,101.446085,rapidbus_kl
1003585,KS26 PUNCAK ALAM DRIVING RANGE,3.218445,101.445668,rapidbus_kl
1002549,KS356 PINTU MASUK UITM,3.212472,101.450369,rapidbus_kl
1001587,KS27 FAKULTI FARMASI (OPP),3.2018975909991,101.44896812115,rapidbus_kl
1001589,KS28 HOTEL UITM PUNCAK ALAM,3.1992125478186,101.44759943415,rapidbus_kl
1008304,KOLEJ DAHLIA 3 (OPP),3.197691,101.454316,rapidbus_kl
1008305,KOLEJ CASUARINA 2,3.199111,101.454157,rapidbus_kl
1000572,KS31 KOMPLEKS ANGSANA,3.2006289856591,101.45174512568,rapidbus_kl
1001584,KS358 KOLEJ RAFFLESIA 6,3.1991412518425,101.44942909171,rapidbus_kl
1001091,SA21 SAMT TENGKU AMPUAN JEMAAH,3.078956,101.525796,rapidbus_kl
1000938,SA28 PERUMAHAN SEKSYEN 10,3.081103,101.527212,rapidbus_kl
1001976,SA29 PLAZA SHAH ALAM (OPP),3.084189,101.521877,rapidbus_kl
1003700,SA30 KUARTERS IPK SELANGOR,3.086192,101.517409,rapidbus_kl
1003465,SA322 PERUMAHAN JALAN TEPIAN 8,3.090228,101.513563,rapidbus_kl
1003719,SA323 KOMERSIAL SEKSYEN 8,3.091402,101.508714,rapidbus_kl
1003686,SA324 PANGSAPURI SEKSYEN 8 (BARAT),3.090217,101.505787,rapidbus_kl
1003079,SA45 PANGSAPURI PKNS SEKSYEN 8,3.088918,101.509158,rapidbus_kl
1000556,SA349 SEKSYEN 6 (UTARA),3.088339,101.510258,rapidbus_kl
1000319,SA351 PANGSAPURI PKNS SEKSYEN 6 (OPP),3.086614,101.509767,rapidbus_kl
1000674,SA352 SK BANDAR ANGGERIK (OPP),3.086587,101.508471,rapidbus_kl
1000201,SA353 KOLEJ CENDANA UITM,3.084763,101.507069,rapidbus_kl
1006014,SA358 SRA SEKSYEN 3 (OPP),3.078769,101.508208,rapidbus_kl
1003312,SA361 SK RAJA MUDA,3.0768691961795,101.50980264463,rapidbus_kl
1004224,SA15 TAMAN TASIK SHAH ALAM,3.068967,101.515673,rapidbus_kl
1003856,SA16 KOMPLEKS PKNS (OPP),3.071462,101.516276,rapidbus_kl
1003267,SA6 SIRIM,3.0687533794527,101.51497243083,rapidbus_kl
1008104,SA967 SMK SEKSYEN 2,3.073193,101.509487,rapidbus_kl
1000171,SA7 HUB SEKSYEN 2,3.0717952198749,101.50800645308,rapidbus_kl
1000951,SA374 HOTEL UITM (OPP),3.066741,101.508294,rapidbus_kl
1001488,SA571 DEPOH BAS CITYLINER (OPP),3.058502,101.509235,rapidbus_kl
1002745,SA574 PANGSAPURI ANGGERIK INDAH (OPP),3.058528,101.505794,rapidbus_kl
1002275,SA577 PASAR MBSA SEKSYEN 16,3.05573,101.505784,rapidbus_kl
1008162,SA578 ALAM D16 (UTARA),3.0543316,101.504969,rapidbus_kl
1003355,SA579 SMK SEKSYEN 16 (OPP),3.054372,101.502845,rapidbus_kl
1001233,SA580 ALAM RESIDENTIALS (BARAT),3.053369,101.502356,rapidbus_kl
1003931,SA589 UITM SEKSYEN 17,3.048508,101.502452,rapidbus_kl
1006629,TERMINAL SEKSYEN 17,3.046956,101.503282,rapidbus_kl
1003348,SA560 UITM SEKSYEN 17,3.048480032769,101.50212995062,rapidbus_kl
1001232,SA561 ALAM RESIDENTIALS (BARAT),3.053708,101.502249,rapidbus_kl
1003354,SA564 SMK SEKSYEN 16,3.05449,101.503322,rapidbus_kl
1008161,SA565 ALAM D16 (UTARA),3.054492,101.505109,rapidbus_kl
1002274,SA566 PASAR MBSA SEKSYEN 16 (OPP),3.055537,101.505672,rapidbus_kl
1000027,SA569 PANGSAPURI ANGGERIK INDAH,3.058862,101.505793,rapidbus_kl
1000905,SA570 DEPOH BAS CITYLINER,3.058522,101.509093,rapidbus_kl
1000950,SA344 HOTEL UITM,3.067038,101.507952,rapidbus_kl
1000172,SA14 HUB SEKSYEN 2,3.071829,101.507558,rapidbus_kl
1006016,SA968 SMK SEKYEN 2 (OPP),3.07375,101.50965,rapidbus_kl
1008106,SA216 KOTA KEMUNING CENTRAL LAKE,3.002302,101.539769,rapidbus_kl
1001568,SA217 KOTA KEMUNING BUSINESS PARK,3.003037,101.538284,rapidbus_kl
1000073,SA218 CANAL GARDEN,3.0035794423365,101.53399164189,rapidbus_kl
1008105,GAMUDA WALK MALL,3.000565,101.532836,rapidbus_kl
1008092,SA223 CHINESE TAIPEI SCHOOL KL,2.997926,101.52742,rapidbus_kl
1003831,SA224 PANGSAPURI KENANGAN,2.9970741404708,101.52563679744,rapidbus_kl
1003549,SA225 KEMUNING GREENHILLS,2.990884,101.520127,rapidbus_kl
1003734,SA226 PANGSAPURI KEMUNING AMAN (OPP),3.001531,101.519124,rapidbus_kl
1001483,SA228 SEKSYEN 32 (SELATAN),3.008187,101.520074,rapidbus_kl
1002769,SA229 SEKSYEN 32 (UTARA),3.010165,101.519025,rapidbus_kl
1001563,SA231 TAMAN SRI KEMUNING,3.014044,101.524419,rapidbus_kl
1001525,SA232 TAMAN SRI KEMUNING,3.016567,101.529192,rapidbus_kl
1000306,SA235 KOMERSIAL KEMUNING UTAMA,3.020068,101.535323,rapidbus_kl
1004282,SA409 TAMAN SRI MUDA SEKSYEN 25,3.0233761745892,101.53755291472,rapidbus_kl
1000322,SA410 BLOK 3P,3.026025,101.536114,rapidbus_kl
1004060,SA411 HAB TAMAN SRI MUDA,3.030417539279,101.53475959784,rapidbus_kl
1000350,SA417 MASJID TAMAN SRI MUDA (OPP),3.0344689960407,101.53423571493,rapidbus_kl
1002854,SA416 TAMAN SRI MUDA SEKSYEN 25,3.0369579197827,101.5340438258,rapidbus_kl
1002092,SA418 SEKSYEN 23,3.0422749410788,101.53389069821,rapidbus_kl
1000821,SA422 SEKSYEN 23 (UTARA),3.0466061746902,101.53185192979,rapidbus_kl
1000037,SA455 KOMERSIAL SEKSYEN 19,3.0484133024513,101.5341212997,rapidbus_kl
1008402,SJ463 KPJ HOSPITAL,3.057719,101.541924,rapidbus_kl
1000740,SA464 SEKSYEN 20 (UTARA),3.059433681361,101.54137834258,rapidbus_kl
1003915,SA1 LOTUS EXTRA SHAH ALAM (OPP),3.0709296781301,101.53776620702,rapidbus_kl
1000358,SA2 BULATAN KAYANGAN,3.0730095590396,101.53293127036,rapidbus_kl
1003083,SA3 PERUMAHAN SEKSYEN 11 (OPP),3.0684856773854,101.52978798901,rapidbus_kl
1008398,VISTA ALAM APARTMENT,3.070032,101.525336,rapidbus_kl
1001730,SA24 PUSAT DAGANGAN SHAH ALAM,3.071078,101.525541,rapidbus_kl
1001731,SA23 PUSAT DAGANGAN SHAH ALAM,3.071533,101.525779,rapidbus_kl
1008397,VISTA ALAM APARTMENT (OPP),3.070078,101.525623,rapidbus_kl
1003082,SA26 PERUMAHAN SEKSYEN 11,3.068762814784,101.52967162586,rapidbus_kl
1000357,SA27 BULATAN KAYANGAN,3.0729560169804,101.53264935168,rapidbus_kl
1003916,SA49 LOTUS EXTRA SHAH ALAM,3.0710976180483,101.53811056681,rapidbus_kl
1000886,SA860 TIONG NAM INDUSTRIAL PARK,3.0625508447006,101.54119169714,rapidbus_kl
1008401,SA861 SEKSYEN 20 (UTARA),3.060224,101.541582,rapidbus_kl
1001216,SA862 IPC SHAH ALAM,3.0568604919915,101.54252814457,rapidbus_kl
1003756,SA419 PUSAT PERNIAGAAN JUBLI 20 (SELATAN),3.049932,101.538945,rapidbus_kl
1000038,SA420 KOMERSIAL SEKSYEN 19,3.0480907154839,101.53487676562,rapidbus_kl
1001018,SA421 SEKSYEN 23 (UTARA),3.0470911746862,101.53213330859,rapidbus_kl
1001403,SA388 SEKSYEN 23 (SELATAN),3.0421692583941,101.53417316831,rapidbus_kl
1002424,SA389 TAMAN SRI MUDA SEKSYEN 25 (UTARA),3.036845111791,101.53437910361,rapidbus_kl
1000356,SA392 MASJID TAMAN SRI MUDA,3.0341453348034,101.53451741303,rapidbus_kl
1003610,SA405 HAB TAMAN SRI MUDA,3.030725793855,101.53499050045,rapidbus_kl
1000323,SA407 APARTMENT ANDORRA,3.0262633601803,101.5364683467,rapidbus_kl
1004269,SA408 KOMERSIAL SEKSYEN 25,3.0242097967076,101.53744126409,rapidbus_kl
1000305,SA142 KOMERSIAL KEMUNING UTAMA,3.020007,101.535805,rapidbus_kl
1002800,SA143 TAMAN SRI KEMUNING,3.016125,101.528701,rapidbus_kl
1000626,SA144 PETRON BUKIT KEMUNING,3.0130003607684,101.5228871673,rapidbus_kl
1002770,SA163 SEKSYEN 32 (UTARA),3.010146,101.519163,rapidbus_kl
1001484,SA164 SEKSYEN 32 (SELATAN),3.008203,101.520187,rapidbus_kl
1003755,SA166 PANGSAPURI KEMUNING AMAN,3.0016104135001,101.51929597588,rapidbus_kl
1003548,SA167 KEMUNING GREENHILLS,2.991068,101.520088,rapidbus_kl
1003832,SA168 BUKIT RIMAU (UTARA),2.9977309907699,101.52598821075,rapidbus_kl
1006551,SA1069 LRT GLENMARIE,3.095085,101.590224,rapidbus_kl
1006552,SA964 EON GLENMARIE (OPP),3.092243,101.583826,rapidbus_kl
1006554,SA972 AUTO CITY GLENMARIE (TIMUR),3.089831,101.576363,rapidbus_kl
1006556,SA973 AUTO CITY GLENMARIE (BARAT),3.086647,101.571911,rapidbus_kl
1006558,SA974 BMW GLENMARIE,3.082586,101.567999,rapidbus_kl
1006560,SA975 SHELL MALAYSIA TRADING (OPP),3.081144,101.563663,rapidbus_kl
1006562,SA976 PETRONAS BT 3 (OPP),3.076595,101.559788,rapidbus_kl
1006564,SA977 JEJANTAS KTM BATU TIGA,3.076135,101.557129,rapidbus_kl
1006568,SA115 EMIRA RESIDENCE,3.078771,101.547479,rapidbus_kl
1002681,SA252 PUSAT SEDAR DIRI,3.0824567568123,101.54001137817,rapidbus_kl
1006569,SA253 MBSA EXTREME PARK (TIMUR),3.086397,101.541254,rapidbus_kl
1001600,SA241 KOLEJ PTPL,3.0913824476921,101.54433875175,rapidbus_kl
1006567,SA990 BRUNSFIELD RIVERVIEW (OPP),3.080713,101.553239,rapidbus_kl
1006565,SA978 JEJANTAS KTM BATU TIGA,3.076272,101.557189,rapidbus_kl
1006563,SA979 PETRONAS BT 3,3.076618,101.559599,rapidbus_kl
1006561,SA980 SHELL MALAYSIA TRADING,3.081252,101.563412,rapidbus_kl
1006559,SA981 BMW GLENMARIE (OPP),3.082695,101.567745,rapidbus_kl
1006557,SA982 TEMASYA KASIH,3.086513,101.571496,rapidbus_kl
1006555,SA983 AUTO CITY GLENMARIE (TIMUR),3.089739,101.575704,rapidbus_kl
1006553,SA984 EON GLENMARIE,3.092256,101.583298,rapidbus_kl
1006526,SJ693 LRT USJ 7,3.054758,101.592176,rapidbus_kl
1000545,SJ687 DEPOH METROBUS,3.0499695078056,101.59199178151,rapidbus_kl
1006590,SJ549 LRT TAIPAN,3.0482,101.590702,rapidbus_kl
1006591,SJ23 USJ 9 TAIPAN (UTARA),3.047218,101.588295,rapidbus_kl
1002112,SJ24 USJ 10 TAIPAN (UTARA),3.0489745864478,101.58623859651,rapidbus_kl
1008073,MENARA MPSJ,3.05191,101.583445,rapidbus_kl
1008074,SK SEAFIELD (OPP),3.056868,101.588342,rapidbus_kl
1002078,SJ67 MYDIN USJ,3.0580617790849,101.59636180943,rapidbus_kl
1003239,SJ68 TAMAN SUBANG PERMAI (UTARA),3.0581150204968,101.60135242851,rapidbus_kl
1004150,SJ71 REGALIA BUSINESS CENTRE,3.055776,101.604419,rapidbus_kl
1003292,SJ72 SJKC CHEE WEN,3.051151,101.602574,rapidbus_kl
1002187,SJ632 PUSAT INDUSTRI IKS USJ1,3.048505987434,101.60174838489,rapidbus_kl
1004306,SJ77 APARTMENT MERANTI,3.046148,101.601575,rapidbus_kl
1002123,SJ78 PANGSAPURI ANGSANA,3.044505,101.601982,rapidbus_kl
1002758,SJ81 APARTMENT ANGSANA (SELATAN),3.04299489717,101.60075002658,rapidbus_kl
1001860,SJ690 ZON PERINDUSTRIAN USJ1,3.043026,101.596089,rapidbus_kl
1004185,SJ725 GOODYEAR COURT 6 (SELATAN),3.042999,101.593605,rapidbus_kl
1000882,SJ82 GOODYEAR COURT 7,3.042916,101.590921,rapidbus_kl
1003867,SJ550 USJ 14 (TIMUR),3.0417448875508,101.58832216768,rapidbus_kl
1001529,(M) SJ544 GOODYEAR COURT 10,3.037925,101.590717,rapidbus_kl
1008642,SJ688 SUBANG GOODYEAR 9,3.038409,101.592489,rapidbus_kl
1000883,GOODYEAR COURT 9C (OPP),3.0401184450352,101.59252720938,rapidbus_kl
1009083,SJ720 SUBANG PERDANA GOODYEAR COURT 6,3.043239,101.593236,rapidbus_kl
1001859,SJ689 ZON PERINDUSTRIAN USJ1,3.043265,101.595543,rapidbus_kl
1002364,SJ84 APARTMENT ANGSANA (SELATAN),3.043265,101.600073,rapidbus_kl
1002122,SJ79 PANGSAPURI JATI1,3.044832,101.601621,rapidbus_kl
1008641,SJ628 MEDAN SELERA USJ1,3.046581,101.601258,rapidbus_kl
1003290,SJ80 PUSAT INDUSTRI IKS USJ1,3.048662,101.601492,rapidbus_kl
1002802,SJ73 GRAND VILLE USJ 1,3.050822,101.602152,rapidbus_kl
1002960,SJ74 REGALIA BUSINESS PARK (OPP),3.056047,101.604231,rapidbus_kl
1003238,SJ69 TAMAN SUBANG PERMAI,3.057852,101.601312,rapidbus_kl
1002079,SJ70 MYDIN USJ (OPP),3.0578136092905,101.59638897418,rapidbus_kl
1006527,USJ SENTRAL,3.057809,101.594744,rapidbus_kl
1001804,PJ585 LRT KELANA JAYA,3.112745,101.604492,rapidbus_kl
1001508,PJ602 KJMC,3.1087558931513,101.59568537163,rapidbus_kl
1002237,PJ577 KAMPUNG CHEMPAKA,3.113921,101.598656,rapidbus_kl
1001308,PJ5 PRIMA AVENUE (SELATAN),3.115683,101.596143,rapidbus_kl
1000512,PJ6 PRIMA AVENUE,3.116863,101.593509,rapidbus_kl
1000513,PJ7 DATARAN PRIMA CONDOMINIUM (OPP),3.1193529068692,101.59394979521,rapidbus_kl
1008361,PJ583 LRT DAMANSARA IDAMAN/AMAN SURIA,3.123059,101.594947,rapidbus_kl
1003475,PJ8 TAMAN BUKIT MAYANG MAS,3.125821,101.595688,rapidbus_kl
1003367,PJ515 SMK TROPICANA,3.128849,101.598469,rapidbus_kl
1000236,PJ516 BAYU PUTERI APARTMENT,3.131948,101.597387,rapidbus_kl
1000706,PJ522 MERCHANT SQUARE,3.132558,101.600964,rapidbus_kl
1008362,PJ523 PANGSAPURI DAMAI/ASRAMA TROPICANA,3.131928,101.600343,rapidbus_kl
1002163,PJ524 PANGSAPURI PERMAI,3.131907,101.599544,rapidbus_kl
1001031,PJ525 KOMERSIAL MUTIARA TROPICANA,3.129197,101.599082,rapidbus_kl
1007087,PJ805 MUTIARA TROPICANA,3.128731,101.599738,rapidbus_kl
1002735,PJ584 TAMAN BUKIT MAYANG EMAS,3.125703,101.595933,rapidbus_kl
1000075,PJ2 LRT DAMANSARA IDAMAN/AMAN SURIA,3.122985,101.595167,rapidbus_kl
1000524,PJ3 DATARAN PRIMA KONDOMINIUM,3.119748,101.594318,rapidbus_kl
1001221,PJ4 PRIMA AVENUE,3.1160534316871,101.59537958923,rapidbus_kl
1002638,PJ578 KOMERSIAL SS25,3.1141344916511,101.59883809279,rapidbus_kl
1001805,PJ603 LRT KELANA JAYA,3.113161,101.605368,rapidbus_kl
1001169,PJ162 TAMAN MEGAH,3.1122163182399,101.61043199238,rapidbus_kl
1001382,PJ686 KELANA PUTRI CONDOMINIUM,3.107979,101.594668,rapidbus_kl
1001383,PJ576 KELANA SQUARE (OPP),3.105645,101.593347,rapidbus_kl
1001639,PJ571 KELANA MAHKOTA (OPP),3.102293,101.592935,rapidbus_kl
1001380,PJ759 KELANA CENTRE POINT,3.100129,101.591595,rapidbus_kl
1002564,PJ572 GLOMAC BOULEVARD,3.099194,101.591024,rapidbus_kl
1002565,PLAZA GLOMAC,3.098298,101.590467,rapidbus_kl
1002677,PJ684 KELANA BUSINESS CENTRE/ LRT GLENMARIE,3.09554848443,101.59132640398,rapidbus_kl
1003198,PJ566 SHANG VILLA CONDOMINIUM,3.095784,101.592904,rapidbus_kl
1004228,PJ567 STADIUM KELANA JAYA,3.0975678577552,101.59424632297,rapidbus_kl
1001581,PJ695 KELANA JAYA PARK (SELATAN),3.097537,101.595533,rapidbus_kl
1002567,PJ685 PLAZA KELANA JAYA,3.096758,101.597172,rapidbus_kl
1002200,PJ632 TAMAN BANDARAN KELANA JAYA,3.102059,101.597172,rapidbus_kl
1000043,PJ672 PUSAT DAGANGAN ARA DAMANSARA,3.114518,101.590912,rapidbus_kl
1003573,PJ673 CANTARA RESIDENCES,3.117171,101.590878,rapidbus_kl
1003829,TAIPAN 1 ARA DAMANSARA,3.120467,101.589031,rapidbus_kl
1004021,PJ674 MAISSON RESIDENCE,3.122986,101.587437,rapidbus_kl
1004022,PJ408 ARA VISTA (OPP),3.122443,101.583219,rapidbus_kl
1001075,PJ676 DATARAN ARA DAMANSARA,3.121785,101.578716,rapidbus_kl
1002461,PJ404 KOMERSIAL ARA DAMANSARA,3.123713,101.574516,rapidbus_kl
1006587,PJ677 SIERA PARK,3.123183,101.571022,rapidbus_kl
1000151,PJ405 APARTMENT SRI MERANTI,3.119272,101.571041,rapidbus_kl
1008482,PJ678 PANGSAPURI SERI JATI,3.117423,101.571946,rapidbus_kl
1005073,OASIS SQUARE,3.115064,101.573519,rapidbus_kl
1005074,SIME DARBY GUTHRIE,3.113704,101.571363,rapidbus_kl
1005075,SIME DARBY MOTORS CITY,3.115117,101.570265,rapidbus_kl
1006520,PJ775 LOTUS ARA DAMANSARA,3.116702,101.576619,rapidbus_kl
1003558,PJ680 H2O RESIDENCE,3.116426,101.578068,rapidbus_kl
1004142,PJ401 OASIS ARA DAMANSARA (TIMUR),3.113588,101.576466,rapidbus_kl
1006506,PJ772 OASIS CORPORATE PARK,3.111548,101.576428,rapidbus_kl
1006521,PJ776 OASIS GALLERY (OPP),3.110341,101.580707,rapidbus_kl
1006175,PJ774 CITTA MALL,3.111718,101.579525,rapidbus_kl
1000544,PJ563 DEPOH SUBANG RAPIDKL,3.1136294683493,101.5835816675,rapidbus_kl
1000797,PJ564 PPR LEMBAH SUBANG BLOK E,3.115394,101.585498,rapidbus_kl
1000796,PJ565 PPR LEMBAH SUBANG BLOK B,3.114273,101.587679,rapidbus_kl
1000903,D'AMAN RIA CONDOMINIUM,3.1131660564228,101.58984012264,rapidbus_kl
1001784,PJ436 LRT ASIA JAYA,3.1045478035286,101.6384299877,rapidbus_kl
1001578,PJ267 PLAZA 33,3.1104344949151,101.6388356904,rapidbus_kl
1000471,PJ268 PJ MIDTOWN,3.113255,101.641136,rapidbus_kl
1000650,PJ269 NISSAN SERVICE PJ,3.116491,101.643032,rapidbus_kl
1000467,PJ239 PUSAT ASASI UIA,3.119615,101.643201,rapidbus_kl
1000603,PJ619 EASTIN HOTEL,3.127502,101.645319,rapidbus_kl
1007136,(M) PJ823 MRT PHILEO DAMANSARA PINTU A,3.128421,101.642747,rapidbus_kl
1001707,PJ620 KG SERI DAMANSARA,3.131587,101.631946,rapidbus_kl
1005765,PERUMAHAN SEKSYEN 17/26,3.128111,101.630067,rapidbus_kl
1005766,PERUMAHAN SEKSYEN 17/21I,3.126167,101.629825,rapidbus_kl
1005768,THE HUB SS2,3.123977,101.629384,rapidbus_kl
1005767,PANGSAPURI DAMANSARA BISTARI,3.122104,101.629143,rapidbus_kl
1005769,KOMERSIAL SEKSYEN 17/45,3.119964,101.629679,rapidbus_kl
1008646,PJ713 MENARA AM FIRST,3.118036,101.629488,rapidbus_kl
1001077,PJ246 MAHSA AVENUE,3.118239,101.648064,rapidbus_kl
1008434,PJ254 CONDOMINIUM EHSAN RIA,3.109897,101.644861,rapidbus_kl
1003857,PJ441 TASIK TAMAN JAYA,3.103962,101.648321,rapidbus_kl
1002264,PJ216 FLAT SEKSYEN 17 (BARAT),3.119946,101.632172,rapidbus_kl
1003656,PJ217 SK SRI DAMAI (SELATAN),3.121187,101.633846,rapidbus_kl
1000900,PJ219 APARTMENT HAPPY MANSION,3.123407,101.634071,rapidbus_kl
1000898,PJ220 APARTMENT HAPPY,3.1247054658715,101.63456155161,rapidbus_kl
1000899,(M) PJ707 SEVENTEEN MALL,3.128136,101.635306,rapidbus_kl
1002957,PJ232 APARTMENT HAPPY (OPP),3.125891,101.634963,rapidbus_kl
1003202,PJ233 SHELL SEKSYEN 17 (OPP),3.124721,101.636739,rapidbus_kl
1002920,PJ236 PERUMAHAN SEKSYEN 16,3.1207204265,101.63841073829,rapidbus_kl
1004188,PJ272 JAYA ONE MALL,3.118685,101.635364,rapidbus_kl
1005062,PJ715 ATWATER,3.118495,101.632277,rapidbus_kl
1001247,PJ274 SIN CHEW DAILY,3.117831,101.630547,rapidbus_kl
1003264,PJ275 SIN CHEW MEDIA,3.116558,101.630662,rapidbus_kl
1000600,PJ276 DUTCH LADY INDUSTRIES,3.114271,101.632923,rapidbus_kl
1000270,PJ277 SYMPHONY,3.110713,101.636488,rapidbus_kl
1003392,PJ440 SK SRI PETALING,3.108963,101.639094,rapidbus_kl
1002029,(M) KL2147 MIDVALLEY NORTH COURT,3.119758,101.677393,rapidbus_kl
1000838,KL1397 FLAT PKNS KERINCHI/KL GATEWAY,3.113292,101.662546,rapidbus_kl
1001833,KL1440 LRT UNIVERSITI (TIMUR),3.114012,101.662208,rapidbus_kl
1001897,KL1102 MASJID AR-RAHMAN UM,3.1171330559243,101.66247395852,rapidbus_kl
1000583,KL2137 FAKULTI UNDANG-UNDANG UM,3.118674,101.661071,rapidbus_kl
1001596,KL1103 KOLEJ KEDIAMAN PERTAMA UM,3.1181239305332,101.65932260272,rapidbus_kl
1000655,KL1104 JABATAN BIOPERUBATAN UM,3.119083,101.655587,rapidbus_kl
1002427,KL1109 PERPUSTAKAAN UM,3.1211198097451,101.6535801967,rapidbus_kl
1000578,(M) KL1107 DEWAN TUNKU CANSELOR UM,3.121867,101.657186,rapidbus_kl
1006747,KL1108 PUSAT ASASI SAINS UM,3.121738,101.658348,rapidbus_kl
1000226,KL1399 THE VERTICAL,3.1101911614985,101.66600163396,rapidbus_kl
1000761,KL1400 FLAT SRI ANGKASA,3.109576,101.668172,rapidbus_kl
1008483,CENTRIO PANTAI HILLPARK,3.108325,101.665709,rapidbus_kl
1008484,CONDOMINIUM ANDALUSIA,3.107632,101.662365,rapidbus_kl
1008485,PANTAI HILLPARK PHASE 5,3.106502,101.661532,rapidbus_kl
1008486,PUSAT KOMUNITI LEMBAH PANTAI,3.103629,101.661219,rapidbus_kl
1008487,INWOOD RESIDENCES,3.102553,101.663576,rapidbus_kl
1000312,KL1402 PANTAI MURNI,3.104087,101.666116,rapidbus_kl
1002251,KL1414 CENTRIO PANTAI HILLPARK,3.106853,101.666039,rapidbus_kl
1000453,KL1438 BANGSAR SOUTH,3.1089238252724,101.66799880187,rapidbus_kl
1000227,KL1439 NEXUS BANGSAR SOUTH,3.1098943241081,101.66608889972,rapidbus_kl
1001650,KL2134 FLAT PKNS KERINCHI,3.112272,101.662094,rapidbus_kl
1001410,KL1441 KL GATEWAY - LRT UNIVERSITI,3.1147478848012,101.66181039156,rapidbus_kl
1002618,PJ258 PPUM,3.114309,101.650787,rapidbus_kl
1001845,PJ260 MAHSA AVENUE (OPP),3.1179615157635,101.6480490315,rapidbus_kl
1003406,PJ263 SMK SULTAN ABD SAMAD,3.118222,101.645127,rapidbus_kl
1001395,PJ270 MASJID KOLEJ ISLAM (OPP),3.118476,101.641036,rapidbus_kl
1001610,PJ271 LEMBAGA FARMASI MALAYSIA,3.118512,101.639473,rapidbus_kl
1003456,PJ310 HERBALINE SEAPARK (OPP),3.111492,101.622006,rapidbus_kl
1003204,PJ307 SHELL SEAPARK (OPP),3.109781,101.623403,rapidbus_kl
1001832,PJ297 LRT TAMAN PARAMOUNT,3.1047971484358,101.62324724698,rapidbus_kl
1008645,PJ348 SEKSYEN 19,3.118055,101.625243,rapidbus_kl
1001807,KL1100 LRT KERINCHI,3.115583,101.668292,rapidbus_kl
1003761,KL1111 IPD PANTAI,3.1175978325419,101.6671213878,rapidbus_kl
1000366,KL1112 SK BANGSAR (OPP),3.1170278817151,101.67063325726,rapidbus_kl
1000096,KL1803 KTM ANGKASAPURI,3.1123947922969,101.67357475008,rapidbus_kl
1003431,KL2139 PPR SRI PANTAI (BARAT),3.1068021310299,101.67335703473,rapidbus_kl
1001045,KL2140 KTM PANTAI DALAM,3.096744,101.670166,rapidbus_kl
1002877,(M) KL1804 APARTMENT PANTAI INDAH,3.0957067611578,101.6690293346,rapidbus_kl
1000261,KL1805 KG PANTAI DALAM,3.0986396465212,101.67039758065,rapidbus_kl
1000762,KL1437 TAMAN BUKIT ANGKASA (TIMUR),3.1072314965482,101.67185354416,rapidbus_kl
1000763,KL2129 FLAT SRI ANGKASA 2,3.1075293605409,101.67092526173,rapidbus_kl
1008293,KLINIK KOMUNITI KERINCHI,3.108036,101.669355,rapidbus_kl
1001654,(M) KL1413 PANTAI MURNI,3.104103,101.666017,rapidbus_kl
1008488,TAMAN BUKIT ANGKASA,3.108466,101.668927,rapidbus_kl
1000910,KL1420 TAMAN BUKIT ANGKASA BLOK 6,3.1078394383843,101.67076523891,rapidbus_kl
1001719,KL1800 PPR SRI PANTAI (BARAT),3.1075135980947,101.67309675705,rapidbus_kl
1000095,KL1801 ANGKASAPURI,3.1125467042244,101.67320070486,rapidbus_kl
1001706,KL1802 KUARTERS TNB (DAHLIA),3.116452747602,101.6718384715,rapidbus_kl
1000365,KL1099 SK BANGSAR,3.1167609772467,101.67034409462,rapidbus_kl
1001787,KL1117 LRT BANGSAR,3.1274797153797,101.6788029842,rapidbus_kl
1002917,KL1762 PUSAT KHIDMAT LEMBAH PANTAI,3.129266,101.674383,rapidbus_kl
1002948,KL1143 BANGSAR PARK (SELATAN),3.130798,101.673309,rapidbus_kl
1001531,KL1158 KOMERSIAL BANGSAR BARU,3.132373,101.673216,rapidbus_kl
1002890,KL1145 BANGSAR PARK (UTARA),3.1356016863173,101.67324332606,rapidbus_kl
1002093,KL1160 TAMAN BANDARAYA,3.139263868803,101.67210240492,rapidbus_kl
1000223,KL1136 BANGSAR SHOPPING CENTER (OPP),3.142399,101.667978,rapidbus_kl
1001657,KL1137 SRI PENAGA CONDOMINIUM,3.1422064106571,101.66458715895,rapidbus_kl
1000632,KL1162 DC MALL,3.145951,101.660649,rapidbus_kl
1003214,KL1175 HP TOWERS,3.151841,101.663715,rapidbus_kl
1006702,KL2424 DAMANLELA CARPARK,3.149055,101.66251,rapidbus_kl
1000224,KL1138 BANGSAR SHOPPING CENTER (TIMUR),3.143125,101.668006,rapidbus_kl
1003372,KL1148 SMK BUKIT BANDARAYA,3.1425084184586,101.67180830063,rapidbus_kl
1002918,KL1149 APT BANGSAR INDAH,3.1402867373031,101.67274448637,rapidbus_kl
1002905,KL1150 RUMAH NO 164,3.1380614131037,101.67342031975,rapidbus_kl
1002959,KL1153 BANGSAR PARK (SELATAN),3.130729,101.673479,rapidbus_kl
1000060,KL1154 PUSAT KHIDMAT LEMBAH PANTAI,3.129343,101.674519,rapidbus_kl
1000519,KL1142 DATARAN MAYBANK,3.126412,101.677303,rapidbus_kl
1001511,KL SENTRAL,3.133649,101.685557,rapidbus_kl
1009071,TAMAN BOTANI PERDANA,3.147367,101.686771,rapidbus_kl
1005051,PARLIMEN GATE 3,3.149496,101.678636,rapidbus_kl
1002080,KL113 HAB LEBUH PUDU,3.146744,101.698695,rapidbus_kl
1004240,KL1939 MEDAN PASAR,3.148202,101.696375,rapidbus_kl
1000383,KL117 BSN LEBUH AMPANG,3.1492454039518,101.69737177094,rapidbus_kl
1003683,KL30 AMANAHRAYA,3.1519126007803,101.69799809706,rapidbus_kl
1000823,KL31 HENTIAN MUNSHI ABDULLAH,3.1532582998069,101.69848425418,rapidbus_kl
1002560,KL32 CAPSQUARE,3.1546522393082,101.69837470998,rapidbus_kl
1003415,KL1940 SOGO KL,3.1567788096169,101.69535839244,rapidbus_kl
1001984,KL40 MEDAN MARA,3.157724,101.694556,rapidbus_kl
1003257,KL41 LRT SULTAN ISMAIL/WISMA SIME DARBY,3.162154,101.695526,rapidbus_kl
1002694,KL42 EDC HOTEL,3.165085,101.696133,rapidbus_kl
1001418,KL46 CHOWKIT/KFC (BARAT),3.167208,101.696275,rapidbus_kl
1002537,KL47 DAMAI HOSPITAL (OPP),3.169272,101.695689,rapidbus_kl
1002413,KL49 PERKIM/PUSRAWI,3.171001,101.693422,rapidbus_kl
1002022,KL578 TAMAN GOLDEN,3.174173,101.690357,rapidbus_kl
1001710,KL579 SK SRI DHANDAYUTHAPANI,3.176318,101.688001,rapidbus_kl
1005139,(M) KL1580 MRT SENTUL BARAT PINTU B,3.178238,101.685753,rapidbus_kl
1002529,KL580 RIVERCITY 3RD MILE,3.180075,101.683043,rapidbus_kl
1002530,KL581 BATU COMPLEX BUSINESS CENTRE,3.183872,101.681078,rapidbus_kl
1003385,KL583 SMK (P) JLN IPOH,3.187494,101.681611,rapidbus_kl
1001626,KL584 KOMPLEKS MUTIARA,3.188964,101.680933,rapidbus_kl
1002533,KL585 MRT KENTOMEN PINTU B,3.194339,101.679474,rapidbus_kl
1002534,KL586 KOMPLEKS MIKASA,3.198519,101.678381,rapidbus_kl
1001253,KL1577 SK KAMPUNG BATU (OPP),3.201914,101.676269,rapidbus_kl
1001634,KL587 KOMERSIAL KOK LIAN,3.202668,101.673614,rapidbus_kl
1004086,KL565 KTM TAMAN WAHYU (OPP),3.214823,101.671769,rapidbus_kl
1003909,(M) KL566 LOTUS SELAYANG,3.222303,101.671636,rapidbus_kl
1008667,KL2247 KOMERSIAL KIP,3.224288,101.671585,rapidbus_kl
1004214,KL567 TAMAN SRI SELAYANG,3.235105,101.671394,rapidbus_kl
1004213,KL569 TAMAN DESA BAKTI,3.242992,101.662831,rapidbus_kl
1000427,SL531 SELAYANG PANDANG,3.244594,101.658687,rapidbus_kl
1008666,SL532 SELAYANG PANDANG,3.245313,101.658162,rapidbus_kl
1008665,SL533 POS MALAYSIA SELAYANG (OPP),3.244942,101.669029,rapidbus_kl
1002191,SL55 GIANT SELAYANG,3.246598,101.671185,rapidbus_kl
1008668,SL287 STADIUM MPS (BARAT),3.254584,101.656382,rapidbus_kl
1002289,SL34 GIANT SELAYANG,3.246619,101.671394,rapidbus_kl
1002355,SL538 POS MALAYSIA SELAYANG,3.244932,101.669223,rapidbus_kl
1000735,SL539 FLAT PASAR BORONG,3.241042,101.668447,rapidbus_kl
1004215,KL840 TAMAN SRI SELAYANG,3.235604,101.671683,rapidbus_kl
1001398,KL1498 KOMERSIAL KIP (OPP),3.224205,101.671929,rapidbus_kl
1004087,(M) KL1505 KTM TAMAN WAHYU,3.215039,101.672071,rapidbus_kl
1001633,KL588 TAMAN KOK LIAN/ PPR PEKAN BATU,3.202983,101.672999,rapidbus_kl
1003379,KL598 SK KAMPUNG BATU,3.201994,101.676612,rapidbus_kl
1001966,KL599 TAMAN IMPIAN,3.200533,101.677558,rapidbus_kl
1000401,KL600 BATU KENTOMEN,3.197445,101.679383,rapidbus_kl
1002536,KL601 TAMAN RAINBOW,3.194458,101.679934,rapidbus_kl
1002535,KL602 TAMAN KAYA,3.191318,101.680711,rapidbus_kl
1005100,KL1578 MRT JALAN IPOH PINTU B,3.189311,101.681467,rapidbus_kl
1003386,KL603 SMK (P) JLN IPOH (OPP),3.187823,101.682087,rapidbus_kl
1005102,KL604 BATU COMPLEX BUSINESS CENTRE,3.184283,101.681568,rapidbus_kl
1002532,KL605 TAMAN MILLION,3.182668,101.681709,rapidbus_kl
1001414,(M) KL606 RIVERWALK VILLAGE,3.180072,101.683532,rapidbus_kl
1005118,KL607 MRT SENTUL BARAT PINTU C,3.179103,101.684876,rapidbus_kl
1000949,KL608 HOTEL TROPICANA,3.176957,101.687597,rapidbus_kl
1002528,KL609 SMK SENTUL UTAMA,3.174777,101.690071,rapidbus_kl
1002414,KL2249 PERKIM,3.171261,101.693485,rapidbus_kl
1000514,KL50 DAMAI HOSPITAL,3.169987,101.695148,rapidbus_kl
1003247,KL52 MONORAIL CHOWKIT,3.167932,101.697641,rapidbus_kl
1000477,KL69 PASAR CHOW KIT,3.1649075811687,101.69838214605,rapidbus_kl
1004169,KL70 SRI AMAR,3.1621045678315,101.69799859061,rapidbus_kl
1002359,KL71 KOMERSIAL TAR,3.1612475525248,101.69761374186,rapidbus_kl
1001853,KL35 MAJU JUNCTION,3.1592844970663,101.69672259083,rapidbus_kl
1001629,KL36 KOMPLEKS PERTAMA,3.157889,101.696133,rapidbus_kl
1000875,KL37 GLOBE KL,3.1551536529193,101.69640777292,rapidbus_kl
1000502,KL38 COLISEUM,3.1529928729368,101.69660138684,rapidbus_kl
1000521,KL114 DATARAN MERDEKA,3.149162,101.694376,rapidbus_kl
1000047,KL1934 MUZIUM TEKSTIL NEGARA,3.147136,101.69481,rapidbus_kl
1006277,KL103 MAYBANK,3.14694,101.69683,rapidbus_kl
1003299,SKPK LELAKI JLN BATU,3.159643,101.694843,rapidbus_kl
1002415,KL47 PICOMS,3.1704199968614,101.6941562269,rapidbus_kl
1001329,KL610 IPD SENTUL,3.1743497157601,101.69253609468,rapidbus_kl
1000784,KL2050 FLAT SRI TERENGGANU,3.1756642902018,101.69290146174,rapidbus_kl
1001523,KL2051 WISMA HEALTH LANE,3.178321,101.692506,rapidbus_kl
1003167,KL613 SENTUL BOULEVARD (BARAT),3.184357,101.691806,rapidbus_kl
1003375,KL615 SMK CONVENT SENTUL,3.185997,101.691514,rapidbus_kl
1002170,KL616 PASAR SENTUL,3.188646,101.691164,rapidbus_kl
1000769,KL617 SK SENTUL 2,3.1917899245568,101.69078824409,rapidbus_kl
1000637,KL2053 BHP SENTUL (OPP),3.194063,101.690715,rapidbus_kl
1003624,KL1500 SJKC SENTUL PENG MING (OPP),3.197294,101.690691,rapidbus_kl
1001162,SENTUL VILLAGE,3.203693,101.689151,rapidbus_kl
1008375,KL618 DARUL HIDAYAH,3.205379,101.689185,rapidbus_kl
1008373,KL619 RESIDENSI SKY AWANI (OPP),3.208922,101.689286,rapidbus_kl
1001164,KL1502 SMK BATU MUDA,3.2110832416219,101.68918531876,rapidbus_kl
1000174,KL620 ASRAMA PUTRI DESA VIEW,3.213965,101.689181,rapidbus_kl
1003994,KL623 TAMAN KOPERASI POLIS,3.220585,101.689193,rapidbus_kl
1001590,(M) KL624 IIC/PICOMS,3.223146,101.689189,rapidbus_kl
1004270,(M) KL625 GIATMARA BATU MUDA,3.226716,101.689114,rapidbus_kl
1003042,KL626 TAMAN BATU MUDA (TIMUR),3.227983,101.688207,rapidbus_kl
1003008,KL627 TAMAN BATU MUDA,3.227896,101.686728,rapidbus_kl
1001365,SL260 BT CAVES INDUSTRIAL PARK 5 (BARAT),3.233728,101.684984,rapidbus_kl
1002362,SL261 PERINDUSTRIAN BT CAVES,3.2337913290617,101.68775458091,rapidbus_kl
1001168,SL263 FLAT TAMAN SRI BATU,3.233232,101.691834,rapidbus_kl
1003594,SL264 SK TAMAN SAMUDERA,3.2331904405796,101.69387206424,rapidbus_kl
1000862,SL265 GIANT BT CAVES,3.2350275355261,101.69537303564,rapidbus_kl
1001866,SL244 TAMAN SRI GOMBAK FASA 3,3.242985,101.705851,rapidbus_kl
1002380,SL178 KG MELAYU WIRA DAMAI,3.250299,101.693129,rapidbus_kl
1001867,SL247 TAMAN SRI GOMBAK FASA 3,3.243095,101.706028,rapidbus_kl
1003499,SL240 TAMAN SRI GOMBAK FASA 4,3.240708,101.707096,rapidbus_kl
1000863,SL250 GIANT BT CAVES (OPP),3.2352028016492,101.69553249615,rapidbus_kl
1003592,SL251 METRO TABERNACLE (OPP),3.2330061496644,101.69459905086,rapidbus_kl
1000579,SL252 HENTIAN SAMUDERA BARAT,3.2330736618946,101.69123161992,rapidbus_kl
1001756,SL253 WISMA SBC (OPP),3.2330886112503,101.68943385203,rapidbus_kl
1000002,SL254 PERINDUSTRIAN BT CAVES,3.2336025134884,101.68713320744,rapidbus_kl
1001364,SL255 BT CAVES INDUSTRIAL PARK,3.2336008703877,101.68470559789,rapidbus_kl
1001507,SL256 PERINDUSTRIAN SBC,3.23124128371,101.68455667137,rapidbus_kl
1001176,SL257 BT CAVES INDUSTRIAL PARK,3.2282417555763,101.6845945779,rapidbus_kl
1004103,KL631 TAMAN BATU MUDA (TENGAH),3.228024,101.68612,rapidbus_kl
1003009,KL632 TAMAN BATU MUDA (TIMUR),3.228132,101.688189,rapidbus_kl
1004271,(M) KL633 RAUDHATUL SAKINAH,3.226651,101.689353,rapidbus_kl
1001591,KL634 IIC/PICOMS (OPP),3.223155,101.689429,rapidbus_kl
1003996,KL636 TAMAN KOPERASI POLIS,3.220635,101.689417,rapidbus_kl
1002664,KL638 FIT CENTRE,3.215445230474,101.6894337101,rapidbus_kl
1003373,KL639 SMK BATU MUDA (OPP),3.211631,101.689436,rapidbus_kl
1008372,KL640 RESIDENSI SKY AWANI,3.209083,101.689499,rapidbus_kl
1008374,KL1503 ONE MAXIM,3.205386,101.689431,rapidbus_kl
1001163,CENTURA SENTUL,3.204097,101.689384,rapidbus_kl
1008189,KL641 1 SENTUL CONDOMINIUM (OPP),3.200113,101.690415,rapidbus_kl
1003625,KL642 SJKC PENG MING,3.196942,101.690959,rapidbus_kl
1000638,KL2063 SPG DATO SENU,3.1945987428565,101.69102565218,rapidbus_kl
1000770,KL643 MASJID AL-HIDAYAH SENTUL,3.1920734599953,101.6910158276,rapidbus_kl
1002171,KL644 PANGSAPURI SENTUL UTARA,3.190131,101.691354,rapidbus_kl
1003168,KL645 SENTUL BOULEVARD (UTARA),3.1860286814606,101.69248897523,rapidbus_kl
1003169,KL647 FENNEL SENTUL,3.183666,101.694169,rapidbus_kl
1008377,D6 SENTUL,3.180778,101.692479,rapidbus_kl
1000573,KL665 SJKC SENTUL KL,3.179894,101.692594,rapidbus_kl
1001524,KL665 SJKT SENTUL,3.1768647215315,101.69294053604,rapidbus_kl
1000785,KL666 PERUMAHAN AWAM SERI TERENGGANU,3.1751537428436,101.6931426527,rapidbus_kl
1000488,KL106 MENARA UAB/CIMB,3.1507023375653,101.69556669879,rapidbus_kl
1001183,KL107 LRT MASJID JAMEK,3.1495093326694,101.69651785383,rapidbus_kl
1002041,(M) KL1580 PETRON SENTUL WEST,3.178511,101.685795,rapidbus_kl
1008365,KL594 MRT KG BATU,3.205422,101.675887,rapidbus_kl
1002614,KL593 PPR BATU MUDA BLOK G (OPP),3.206771,101.679318,rapidbus_kl
1002612,KL1571 PPR BATU MUDA (OPP),3.207703,101.680257,rapidbus_kl
1003445,KL2239 SK BATU MUDA (OPP),3.213402,101.684121,rapidbus_kl
1002873,KL2240 PERUMAHAN TENTERA AMPAT TIN,3.214803,101.684633,rapidbus_kl
1002872,KL2242 PERUMAHAN LOT BATU MUDA,3.216029,101.686414,rapidbus_kl
1001944,KL2275 MASJID SAIDINA HAMZAH (OPP),3.217813,101.688308,rapidbus_kl
1004104,KL628 TAMAN BATU MUDA (TENGAH),3.227839,101.685253,rapidbus_kl
1000843,KL629 HENTIAN BATU MUDA,3.2277684757764,101.68340687361,rapidbus_kl
1001491,SL491 KJCF (OPP),3.229023,101.682252,rapidbus_kl
1002018,SL492 AMARI BUSINESS PARK,3.231727805851,101.68238522469,rapidbus_kl
1002755,SL493 NISSAN,3.2340012667277,101.6825853159,rapidbus_kl
1000192,SL56 BALAI MUKIM BATU,3.2481543491642,101.67448658595,rapidbus_kl
1003566,SL82 SIMPANG MASUK KG NAKHODA,3.250468,101.675729,rapidbus_kl
1001095,SL475 KG BARU SG TUA (BARAT),3.2527613196177,101.6780357229,rapidbus_kl
1001727,SL68 KG BARU SG TUA (TIMUR),3.254213053263,101.67988312992,rapidbus_kl
1002967,SL69 RUMAH NO 8970,3.2534652022462,101.68245624943,rapidbus_kl
1002966,SL70 RUMPUN NAKHODA RESIDENCE,3.2528137554167,101.68366997064,rapidbus_kl
1001781,SL71 LORONG NAKHODA 25,3.249419022952,101.67927903775,rapidbus_kl
1001469,SL57 SRA SG TUA (OPP),3.252764,101.674759,rapidbus_kl
1003983,SL58 KG SG TUA BARU,3.256723,101.672816,rapidbus_kl
1001991,SL472 TAMAN SELAYANG MUTIARA,3.260413,101.673384,rapidbus_kl
1001425,SL60 KG BENDAHARA,3.261955,101.675879,rapidbus_kl
1000240,SL61 BDR BARU SELAYANG FASA 2A,3.263028,101.678498,rapidbus_kl
1003985,SL473 HAB TAMAN JASA UTAMA,3.268909,101.681395,rapidbus_kl
1000241,SL62 BDR BARU SELAYANG FASA 2A,3.262902,101.678608,rapidbus_kl
1001426,SL63 KG BENDAHARA,3.261787,101.675915,rapidbus_kl
1001496,SL64 TAMAN SELAYANG MUTIARA,3.260214,101.673732,rapidbus_kl
1003984,SL65 KG SG TUA BARU,3.256445,101.673152,rapidbus_kl
1001470,SL66 SRA SG TUA,3.252986,101.674986,rapidbus_kl
1002449,SL75 AZMIDA TECHNICAL COLLEGE (OPP),3.249893,101.676544,rapidbus_kl
1001917,SL72 MASJID KG NAKHODA,3.249407,101.677987,rapidbus_kl
1003261,SL73 KG LAKSAMANA (UTARA),3.250065,101.679948,rapidbus_kl
1001726,SL78 KG BARU SG TUA (TIMUR),3.2539201119329,101.67987988416,rapidbus_kl
1004264,SL67 WISMA YATI AHMAD,3.249807,101.675391,rapidbus_kl
1002584,SL481 BALAI MUKIM BATU (OPP),3.247876,101.674629,rapidbus_kl
1002756,SL486 NISSAN (OPP),3.2339503068994,101.68282168319,rapidbus_kl
1002019,SL487 AMARI BUSINESS PARK,3.2317086959154,101.68266378678,rapidbus_kl
1001505,SL488 KJCF,3.2292616919648,101.68245586758,rapidbus_kl
1001506,KL630 HENTIAN BATU MUDA,3.2279776751935,101.68351131053,rapidbus_kl
1001945,KL621 MASJID SAIDINA HAMZAH,3.217681304031,101.68854051147,rapidbus_kl
1002871,KL2244 PADANG BOLA BATU MUDA,3.215874,101.687073,rapidbus_kl
1002874,KL2246 PERUMAHAN TENTERA AMPAT TIN (OPP),3.214984,101.684749,rapidbus_kl
1003444,KL2276 SK BATU MUDA,3.213314,101.684033,rapidbus_kl
1002613,KL591 PPR BATU MUDA BLOK A,3.208154,101.680684,rapidbus_kl
1002615,KL592 PPR BATU MUDA BLOK G,3.206943,101.679831,rapidbus_kl
1003170,KL607 SENTUL WEST,3.178841,101.686031,rapidbus_kl
1001170,(M) PASAR SENI (PLATFORM A7 - A8),3.142984,101.695636,rapidbus_kl
1001810,KL105 LRT MASJID JAMEK,3.1494286865998,101.69618952231,rapidbus_kl
1000520,KL1820 DATARAN MERDEKA,3.149957,101.693829,rapidbus_kl
1000533,KL39 MENARA DBKL,3.153669,101.694597,rapidbus_kl
1003644,KL2052 SMK LA SALLE,3.179513,101.692342,rapidbus_kl
1002860,KL996 PERUMAHAN SENTUL IMPIAN,3.195374,101.691975,rapidbus_kl
1003788,KL1005 PADANG DATO SENU,3.1959661287747,101.69574646695,rapidbus_kl
1002372,KL1007 KOMERSIAL DATO SENU,3.193629,101.695757,rapidbus_kl
1002791,KL1013 TAMAN DATO SENU,3.193997,101.694054,rapidbus_kl
1003035,KL1014 PERUMAHAN SENTUL IMPIAN,3.195259,101.692095,rapidbus_kl
1003515,KL2065 CAPERS SENTUL,3.181731,101.693202,rapidbus_kl
1001673,KL108 KOTA RAYA,3.1452717451374,101.69818921129,rapidbus_kl
1002017,KL536 MENARA TKSS,3.182464,101.676725,rapidbus_kl
1000827,KL537 TAMAN SEGAMBUT (BARAT),3.183037,101.674726,rapidbus_kl
1004283,KL539 TEMPLE SEGAMBUT,3.183824,101.672461,rapidbus_kl
1001358,KL540 SJKC KHAI CHEE (OPP),3.184986,101.669835,rapidbus_kl
1003191,KL541 SMK SEGAMBUT (OPP),3.186952,101.666972,rapidbus_kl
1001688,KTM KOMUTER SEGAMBUT,3.1869616128388,101.6630455465,rapidbus_kl
1001582,KL1581 KG SEGAMBUT BAHAGIA (BARAT),3.186033,101.659412,rapidbus_kl
1003732,KL1583 SURAU IKHWANIAH,3.183908,101.655848,rapidbus_kl
1001192,KL1584 KLINIK KESIHATAN SEGAMBUT (OPP),3.182899,101.654918,rapidbus_kl
1001884,KL1586 MASJID AL-UBUDIAH (OPP),3.178675,101.652195,rapidbus_kl
1001021,KL1588 KG SEGAMBUT DALAM (SELATAN),3.175384,101.651265,rapidbus_kl
1001475,KL1589 IMPIAN VILLAS (OPP),3.174035,101.651114,rapidbus_kl
1001120,RESIDENSI SEFINA,3.170731,101.64948,rapidbus_kl
1002061,KL1674 KIARA 1888,3.169728,101.649317,rapidbus_kl
1003109,KL1482 GARDEN INTERNATIONAL SCHOOL,3.166853,101.648723,rapidbus_kl
1003528,KL1483 FLORA MURNI RESIDENCE,3.165621,101.648498,rapidbus_kl
1007470,KL2338 PLAZA CRYSTELVILLE,3.163064,101.651408,rapidbus_kl
1007112,KL1485 PLAZA PRISMA VILLE,3.161209,101.649637,rapidbus_kl
1002059,KL1681 HAB DESA SRI HARTAMAS,3.164054,101.647807,rapidbus_kl
1003527,KL1484 LANAI KIARA (OPP),3.1655633159264,101.64832761076,rapidbus_kl
1003108,KL1683 GARDEN INTERNATIONAL SCHOOL,3.1670988581168,101.64858571175,rapidbus_kl
1000466,KL1711 CASA KIARA,3.168954,101.649073,rapidbus_kl
1001119,TRINITY PENTAMONT,3.171021,101.649469,rapidbus_kl
1002052,KL1590 IMPIAN VILLAS,3.174135,101.651011,rapidbus_kl
1001020,KL542 KG SEGAMBUT DALAM (SELATAN),3.1753170345106,101.65111858399,rapidbus_kl
1001883,KL1712 KG SEGAMBUT DALAM,3.177714,101.651757,rapidbus_kl
1002996,KL1587 MASJID AL-UBUDIAH,3.178832,101.652123,rapidbus_kl
1003266,KL544 KLINIK KESIHATAN SEGAMBUT,3.182573,101.654268,rapidbus_kl
1003731,KL545 SURAU IKHWANIAH (OPP),3.183984,101.655761,rapidbus_kl
1002102,KL521 KG SEGAMBUT BAHAGIA (BARAT),3.185775,101.658265,rapidbus_kl
1001687,KTM KOMUTER SEGAMBUT,3.1871537493284,101.66283452467,rapidbus_kl
1003650,KL524 SMK SEGAMBUT,3.187137,101.667125,rapidbus_kl
1000293,KL533 SJKC KHAI CHEE,3.1857209970457,101.66926371486,rapidbus_kl
1003834,KL534 TAN CHONG MOTOR,3.184001,101.672747,rapidbus_kl
1000826,KL914 TAMAN SEGAMBUT (BARAT),3.183432,101.674414,rapidbus_kl
1004132,KL535 MENARA TKSS (OPP),3.1832872879497,101.67625871322,rapidbus_kl
1000828,KL941 TAMAN SEGAMBUT (TIMUR),3.1817756330587,101.67755753355,rapidbus_kl
1008256,KL1065 MASJID NEGARA,3.143403,101.692772,rapidbus_kl
1000273,(M) KL104 LIN HO,3.147642,101.697527,rapidbus_kl
1000195,SL174 BALAI POLIS GOMBAK,3.218599,101.713073,rapidbus_kl
1002518,SL175 JABATAN VETERINAR,3.2169911607982,101.71313215002,rapidbus_kl
1000397,(M) KL904 BATU 5 GOMBAK,3.213358,101.711984,rapidbus_kl
1002599,KL905 PEJABAT POS GOMBAK,3.2124132258933,101.70913626109,rapidbus_kl
1003601,KL906 SRA ZAID HARITHAH,3.2109474795732,101.70654716807,rapidbus_kl
1002261,KL907 RESIDENSI INSPIRIA (OPP),3.2091960791286,101.70465763924,rapidbus_kl
1003575,KL908 JU XIAN MIOW,3.207334,101.702901,rapidbus_kl
1003512,KL909 BATU 4 GOMBAK,3.2060788258643,101.70212970354,rapidbus_kl
1001530,KL910 KL TRADERS SQUARE,3.203286,101.702583,rapidbus_kl
1001592,KL911 MASJID ABI WAQQAS (OPP),3.201863,101.703035,rapidbus_kl
1003623,KL912 SMJK CHONG HWA,3.198543,101.704126,rapidbus_kl
1004182,KL1631 KG PUAH,3.196675,101.704633,rapidbus_kl
1000589,KL913 DIAMOND SQUARE,3.194449527539,101.70554489156,rapidbus_kl
1001281,KL691 GUAN YING TING (OPP),3.187681,101.703603,rapidbus_kl
1000296,KL692 SRJKC CHONG HWA (OPP),3.183543,101.702285,rapidbus_kl
1003561,KL693 TITIWANGSA (BARAT),3.1800513185029,101.70116164237,rapidbus_kl
1002557,KL694 SJKC CHIAO NAN (OPP),3.178573,101.700485,rapidbus_kl
1000916,KL55 HKL (BARAT),3.1715259723624,101.69899468628,rapidbus_kl
1002216,KL56 HKL (SELATAN),3.1693610445791,101.69854543866,rapidbus_kl
1000887,KL53 GRAND SEASONS HOTEL,3.1701675672584,101.69824199219,rapidbus_kl
1000915,KL54 HKL (OPP),3.1727016599494,101.69894622509,rapidbus_kl
1003871,KL668 HOSPITAL TAWAKAL,3.177278,101.699941,rapidbus_kl
1002217,KL669 SJKC CHIAO NAN,3.178777,101.700303,rapidbus_kl
1003428,KL670 TITIWANGSA (BARAT),3.1816966341743,101.70141734218,rapidbus_kl
1000822,KL671 SJK(C) CHONG HWA,3.184711,101.701744,rapidbus_kl
1001330,KL673 GUAN YING TING,3.188411,101.704123,rapidbus_kl
1001362,KL894 DIAMOND SQUARE (OPP),3.194427,101.705273,rapidbus_kl
1003254,KL895 KG PUAH,3.1970065790856,101.70428098822,rapidbus_kl
1007549,KL896 SMJK CHONG HWA (OPP),3.19866,101.703768,rapidbus_kl
1001943,KL897 MASJID SAAD ABI WAQQAS,3.2016010338946,101.70281401041,rapidbus_kl
1001324,KL898 KL TRADERS SQUARE (OPP),3.2033668937468,101.70222301152,rapidbus_kl
1003511,KL899 BATU 4 GOMBAK,3.2057185727971,101.70167958187,rapidbus_kl
1002260,KL900 RESIDENSI INSPIRIA,3.2087441442628,101.70369360198,rapidbus_kl
1001898,KL901 MASJID ZAID HARITHAH,3.211145,101.706347,rapidbus_kl
1004244,(M) KL902 PETRONAS JALAN GOMBAK,3.2125248686349,101.70820623726,rapidbus_kl
1000396,KL903 BATU 5 GOMBAK,3.213529,101.711619,rapidbus_kl
1003636,SL101 SK 1 & 2 GOMBAK,3.2169926405988,101.71288229656,rapidbus_kl
1001899,SL102 MASJID AS SYAKIRIN,3.2186428972993,101.71282212336,rapidbus_kl
1003360,SBP INTEGRASI GOMBAK (OPP),3.2443281004462,101.72183234659,rapidbus_kl
1002104,KL57 NS PENYELIDIKAN PERUBATAN,3.1676749834573,101.69936041071,rapidbus_kl
1004138,KL58 MEDAN SELERA,3.168009,101.704354,rapidbus_kl
1003643,KL59 SK JLN RAJA MUDA,3.167985,101.707342,rapidbus_kl
1004274,KL60 YAYASAN SELANGOR,3.168012,101.708793,rapidbus_kl
1002016,KL61 SETIA SKY RESIDENCE,3.168117,101.710298,rapidbus_kl
1001999,KL210 MENARA CELCOM,3.1684458273791,101.71496998407,rapidbus_kl
1002629,KL211 PROTON EDAR,3.1709420067392,101.71686700305,rapidbus_kl
1001869,KL212 UTM (SELATAN),3.1726511272452,101.71821161531,rapidbus_kl
1002645,KL213 PULAPOL,3.1746299994927,101.71964238367,rapidbus_kl
1001197,KL230 JPAM,3.1756218392977,101.72190048228,rapidbus_kl
1002033,KL231 MINDEF SQUARE,3.1749683711778,101.72317478416,rapidbus_kl
1002338,KL232 MARKAS LOGISTIK TENTERA,3.1732756877265,101.72576438369,rapidbus_kl
1006094,KL233 GURNEY HEIGHT BLOK A,3.170212,101.729044,rapidbus_kl
1007519,KL234 GURNEY HEIGHT BLOK C (OPP),3.169726,101.728824,rapidbus_kl
1003133,KL235 KG DATUK KERAMAT,3.168526,101.727852,rapidbus_kl
1000259,AJ1 TAMAN KERAMAT (BARAT),3.168219,101.736894,rapidbus_kl
1002887,AJ450 TAMAN KERAMAT (UTARA),3.167931,101.740122,rapidbus_kl
1000719,AJ451 FLAT TAMAN KERAMAT,3.169025,101.744321,rapidbus_kl
1000698,AJ2 FLAT KERAMAT (OPP),3.1700787440494,101.74689493643,rapidbus_kl
1003919,AJ3 PETRONAS AU2 TMN KERAMAT,3.1712527876539,101.75079445011,rapidbus_kl
1003062,AJ4 S.E.H (OPP),3.1739382945949,101.75297748463,rapidbus_kl
1003066,AJ5 MEDAN SELERA DESA KERAMAT,3.1765343179563,101.7533559133,rapidbus_kl
1000869,AJ6 GSK (OPP),3.178129791143,101.75457221573,rapidbus_kl
1003821,AJ7 GEOLOGI PETRONAS,3.1801207373274,101.75606951586,rapidbus_kl
1000800,AJ8 FLAT PKNS AU3 (OPP),3.1814831882915,101.75709215496,rapidbus_kl
1004143,AJ11 TRANSFORMER,3.1908805190146,101.76089970243,rapidbus_kl
1000529,AJ12 DEWAN BAHASA PUSTAKA,3.1929667398259,101.76095404518,rapidbus_kl
1000066,AJ13 BENGKEL ALLY AZRAN,3.1948186532782,101.76092373513,rapidbus_kl
1001882,AJ508 MASJID AR-RIDHUAN,3.1962070608269,101.7627837401,rapidbus_kl
1003640,AJ496 SK HULU KELANG,3.2000511262707,101.76123146744,rapidbus_kl
1003184,AJ493 SAUDI SCHOOL (OPP),3.202877,101.759261,rapidbus_kl
1004288,AJ492 KOMERSIAL MELAWATI/ZOO NEGARA,3.205882,101.756909,rapidbus_kl
1003827,AJ357 TADIKA WATI,3.225163,101.748794,rapidbus_kl
1000852,AJ358 TAMAN MELAWATI H,3.228459,101.748052,rapidbus_kl
1001259,AJ359 HENTIAN TAMAN MELAWATI,3.227956,101.745649,rapidbus_kl
1007534,SJK TAMIL TAMAN MELAWATI,3.216683,101.749693,rapidbus_kl
1004287,AJ491 ZOO NEGARA,3.206681,101.756612,rapidbus_kl
1003139,AJ494 SAUDI SCHOOL,3.202718,101.759804,rapidbus_kl
1001294,AJ495 SK HULU KELANG (OPP),3.2009806766193,101.76111959249,rapidbus_kl
1001343,AJ509 FLAT TAMAN AL-RIDHUAN,3.1961349345231,101.76342348121,rapidbus_kl
1000067,AJ14 BENGKEL ALLY AZRAN (OPP),3.1951745250322,101.76116759694,rapidbus_kl
1000530,AJ15 DEWAN BAHASA PUSTAKA (OPP),3.1928988655788,101.76118007038,rapidbus_kl
1004144,(M) AJ16 TRANSFORMER (OPP),3.1899810027823,101.76114303605,rapidbus_kl
1001090,AJ17 LOJI IWK,3.1879299883652,101.76058368157,rapidbus_kl
1000996,AJ18 FLAT UTM,3.1843791720355,101.75921960751,rapidbus_kl
1000801,AJ19 FLAT PKNS AU3,3.1812679517238,101.75722310574,rapidbus_kl
1000870,AJ20 GSK,3.1779976442041,101.75473156694,rapidbus_kl
1003067,AJ21 SAPURA,3.1764620964573,101.75360792144,rapidbus_kl
1003063,AJ22 S.E.H,3.1742143133601,101.75321452058,rapidbus_kl
1003918,AJ23 TEXAS INSTRUMENTS,3.1710148628736,101.75079394224,rapidbus_kl
1000720,AJ24 FLAT KERAMAT,3.1697727228996,101.74666665626,rapidbus_kl
1000260,AJ25 FLAT TAMAN KERAMAT,3.168841,101.744319,rapidbus_kl
1001777,AJ26 TAMAN KERAMAT (TIMUR),3.167886,101.741873,rapidbus_kl
1003520,AJ27 TAMAN KERAMAT (UTARA),3.167756,101.740317,rapidbus_kl
1000258,AJ28 DATUM JELATEK (BARAT),3.168095,101.736281,rapidbus_kl
1001878,KL203 SK DATOK KERAMAT 1,3.166581,101.730039,rapidbus_kl
1003132,KL204 KG DATUK KERAMAT,3.168292,101.727745,rapidbus_kl
1007520,KL1645 GURNEY HEIGHT (BLOK A),3.170199,101.728925,rapidbus_kl
1001865,KL205 MARKAS LOGISTIK TENTERA DARAT,3.172908,101.725943,rapidbus_kl
1006095,KL1641 KOMPLEKS SUKAN KEMENTERIAN,3.173586,101.724919,rapidbus_kl
1001147,KL2254 MINDEF SQUARE (OPP),3.174128,101.724124,rapidbus_kl
1004191,KL206 UTM KL,3.174422,101.719945,rapidbus_kl
1000985,KL207 UTM KL (SELATAN),3.172438,101.718406,rapidbus_kl
1002628,KL208 SEMARAK RESIDENCE,3.1700591972816,101.71652378035,rapidbus_kl
1003641,KL209 SK JLN GURNEY,3.1686462134804,101.71543749422,rapidbus_kl
1002484,KL62 SETIA SKY RESIDENCE (OPP),3.167926,101.711238,rapidbus_kl
1004273,KL63 YAYASAN SELANGOR (OPP),3.1678324523453,101.70881962425,rapidbus_kl
1003642,KL64 SK JLN RAJA MUDA (OPP),3.167832,101.706461,rapidbus_kl
1000945,KL65 MENARA ARINA UNITI,3.1678637715982,101.70450734947,rapidbus_kl
1000946,KL66 HOTEL PUTRA MUDA,3.1674947470273,101.6995491578,rapidbus_kl
1000355,AJ360 TAMAN MELAWATI E,3.225955,101.744082,rapidbus_kl
1002285,AJ361 KOMERSIAL TAMAN MELAWATI E,3.222248,101.741187,rapidbus_kl
1003835,AJ363 KG KLANG GATE,3.219578,101.739467,rapidbus_kl
1003099,AJ366 ISKL MELAWATI (OPP),3.219346,101.742543,rapidbus_kl
1000498,AJ367 MM RESIDENCY,3.215858,101.745914,rapidbus_kl
1006121,KOMERSIAL TAMAN MELAWATI (OPP),3.212368,101.750343,rapidbus_kl
1000551,KL171 PERUMAHAN DESA SETAPAK,3.2044208918792,101.73338677173,rapidbus_kl
1006132,KL1617 DATARAN WANGSA MAJU,3.207986,101.742255,rapidbus_kl
1006122,AJ368 KOMERSIAL TAMAN MELAWATI,3.212178,101.750447,rapidbus_kl
1000543,AJ369 SERINI MELAWATI,3.212327,101.748373,rapidbus_kl
1000497,AJ370 KK CLUB BERHAD,3.215675,101.745821,rapidbus_kl
1003098,AJ371 KL INTERNATIONAL SCHOOL (TIMUR),3.220262,101.741434,rapidbus_kl
1002734,AJ372 KOMERSIAL TAMAN MELAWATI E,3.222237,101.740747,rapidbus_kl
1003069,AJ373 TAMAN MELAWATI I,3.225782,101.743698,rapidbus_kl
1000507,KL674 COURTS MEGASTORE SETAPAK,3.190798,101.707093,rapidbus_kl
1003187,KL675 TAMAN P.RAMLEE,3.1919098657668,101.70841657374,rapidbus_kl
1001417,KL676 KFC GENTING KLANG,3.195394,101.712216,rapidbus_kl
1002233,KL677 SRI PELANGI CONDOMINIUM (SELATAN),3.196398,101.713166,rapidbus_kl
1001335,KL678 SRI PELANGI CONDOMINIUM,3.197278,101.714029,rapidbus_kl
1000285,KL679 PV128 SETAPAK,3.199125,101.716094,rapidbus_kl
1001199,KL681 STARPARC POINT,3.2043434187729,101.72286788476,rapidbus_kl
1001400,KL682 KEM WARDIEBURN,3.2060699282867,101.72534810808,rapidbus_kl
1006114,TAMAN BUNGA RAYA/MALI'S CORNER,3.212388,101.729086,rapidbus_kl
1000423,KL683 SETAPAK VOCATIONAL COLLEGE,3.2072988361143,101.72683128926,rapidbus_kl
1002684,KL684 SMK PENDIDIKAN KHAS,3.2057756002926,101.7254901712,rapidbus_kl
1000983,KL685 SETAPAK SENTRAL (OPP),3.202591,101.721147,rapidbus_kl
1002470,KL686 CIMB GENTING KLANG,3.200405,101.718379,rapidbus_kl
1000286,KL687 BHP GENTING KLANG,3.198915,101.716388,rapidbus_kl
1002551,KL688 SRI PELANGI CONDOMINIUM (OPP),3.197154,101.714344,rapidbus_kl
1001057,KL2250 BSN GENTING KLANG,3.195907,101.713108,rapidbus_kl
1001323,KL689 TAMAN GENTING SETAPAK,3.192969,101.710065,rapidbus_kl
1003186,KL690 COURTS MEGASTORE SETAPAK (OPP),3.1912368032815,101.70804716495,rapidbus_kl
1001760,AJ303 HAB BAS AU3,3.188704,101.759732,rapidbus_kl
1006751,RESIDEN SETIAWANGSA,3.191819,101.757235,rapidbus_kl
1006744,TAMAN WANGSA JAYA (OPP),3.197847,101.754801,rapidbus_kl
1006742,APARTMENT PANGSA MURNI (OPP),3.199433,101.751926,rapidbus_kl
1006136,KL749 SMK SEKSYEN 5 WANGSA MAJU,3.198094,101.746158,rapidbus_kl
1006745,WANGSA WALK MALL,3.199117,101.741457,rapidbus_kl
1006746,LRT SRI RAMPAI (OPP),3.198298,101.739574,rapidbus_kl
1007540,SEASONS GARDEN RESIDENCE,3.187656,101.734898,rapidbus_kl
1004238,(M) KL715 WISMA FELCRA,3.191181,101.732972,rapidbus_kl
1002971,KL716 PPR DESA REJANG,3.191421,101.729707,rapidbus_kl
1003858,KL2092 MEDAN SELERA D'REJANG,3.192232,101.727618,rapidbus_kl
1008285,MASJID ABU UBAIDAH (OPP),3.194319,101.728688,rapidbus_kl
1001121,KL727 TASIK SRI RAMPAI,3.1956536168228,101.7289537066,rapidbus_kl
1000833,KL826 RAMPAI BUSINESS PARK,3.1963632302061,101.7279387039,rapidbus_kl
1003112,KL728 SRI UTAMA SCHOOLS,3.199081,101.725087,rapidbus_kl
1003177,KL729 SRI UTAMA SCHOOLS,3.199107,101.724056,rapidbus_kl
1002630,KL730 SETAPAK INDUSTRIAL AREA,3.198041,101.722664,rapidbus_kl
1001546,KL731 MEDAN MAKMUR SETAPAK,3.197398,101.719467,rapidbus_kl
1007525,KL732 MEDAN SELERA SETAPAK,3.198548,101.718396,rapidbus_kl
1006278,(M) KL67 CHOWKIT (SELATAN),3.166265,101.697543,rapidbus_kl
1007522,KL733 MEDAN SELERA SETAPAK,3.19905,101.718223,rapidbus_kl
1001544,KL734 MEDAN MAKMUR SETAPAK,3.197475,101.719786,rapidbus_kl
1003183,KL735 SETAPAK INDUSTRIAL AREA,3.198061,101.722498,rapidbus_kl
1003178,KL736 SRI UTAMA SCHOOLS (OPP),3.199442,101.724312,rapidbus_kl
1003113,KOMERSIAL SETAPAK,3.199142,101.725334,rapidbus_kl
1003851,KL1626 RAMPAI BUSINESS PARK,3.196866,101.727655,rapidbus_kl
1000782,KL738 SRI RAMPAI PARK,3.196227,101.728528,rapidbus_kl
1003394,KL748 SMK SEKSYEN 5 WANGSA MAJU (OPP),3.198281,101.745938,rapidbus_kl
1006739,KOMPLEKS SUKAN SETIAWANGA,3.19961,101.750691,rapidbus_kl
1006743,KL837 TAMAN WANGSA JAYA,3.197776,101.755404,rapidbus_kl
1006752,RESIDEN SETIAWANGSA (OPP),3.191817,101.757502,rapidbus_kl
1000552,KL2104 SK WANGSA JAYA (OPP),3.205967,101.739273,rapidbus_kl
1007523,AJ295 PUSAT GEOLOGI PETRONAS (UTARA),3.180408,101.756545,rapidbus_kl
1000872,AJ476 PUSAT GEOLOGI PETRONAS,3.178677,101.756348,rapidbus_kl
1002656,AJ301 SR STELLA MARIS,3.173891,101.756515,rapidbus_kl
1001695,AJ503 KUALA AMPANG,3.163991,101.752746,rapidbus_kl
1000085,AJ507 KPJ AMPANG PUTERI,3.160189,101.750792,rapidbus_kl
1000087,AJ181 KPJ AMPANG PUTERI,3.159205,101.752133,rapidbus_kl
1000239,AJ106 AMPANG POINT (BARAT),3.159813,101.749811,rapidbus_kl
1001694,AJ504 KUALA AMPANG,3.164426,101.752628,rapidbus_kl
1002676,AJ502 PUSAT METHODIST AMPANG,3.167983,101.753465,rapidbus_kl
1001044,AJ513 JEJANTAS SR STELLA MARIS (OPP),3.173773,101.756054,rapidbus_kl
1000871,AJ477 PUSAT GEOLOGI PETRONAS (OPP),3.178373,101.756184,rapidbus_kl
1001279,AJ452 AU3 (SELATAN),3.183141,101.757886,rapidbus_kl
1001387,(M) KL845 KELUMPUK KUANG,3.187206,101.755806,rapidbus_kl
1002006,KL838 MENARA JENTAYU (OPP),3.189648,101.757485,rapidbus_kl
1001433,KL1325 WANGSA MELAWATI,3.212788,101.743085,rapidbus_kl
1003413,KL1279 SMK WANGSA MELAWATI,3.215255,101.739444,rapidbus_kl
1001606,KL167 TAR COLLEGE (OPP),3.214502,101.732568,rapidbus_kl
1003958,KL168 TAMAN BUNGA RAYA (TIMUR),3.211289,101.729858,rapidbus_kl
1000760,KL2080 PPR SUNGAI BONUS,3.1880822384405,101.72141951436,rapidbus_kl
1002366,KL2081 PASAR AIR PANAS (OPP),3.188891,101.719586,rapidbus_kl
1001772,KL706 KG BARU AIR PANAS,3.188806,101.716806,rapidbus_kl
1003101,KL2083 SK/SMK AIR PANAS (OPP),3.189187,101.715207,rapidbus_kl
1003733,KL707 APT RESOURCE SPRINGS,3.189817,101.713891,rapidbus_kl
1003772,KL708 CATHOLIC CHURCH,3.190929,101.712656,rapidbus_kl
1006125,KL2084 TAMAN AIR PANAS (BARAT),3.191737,101.710246,rapidbus_kl
1001829,KL275 LRT TITIWANGSA,3.172876,101.695705,rapidbus_kl
1002839,KL2072 TAMAN AIR PANAS (BARAT),3.191752,101.710682,rapidbus_kl
1003773,KL2073 MEDAN SELERA AIR PANAS,3.191053,101.712693,rapidbus_kl
1003100,KL709 SURAU ALJAMIYYIAH (OPP),3.189987,101.713891,rapidbus_kl
1006096,KL2074 SK/SMK AIR PANAS,3.189339,101.715134,rapidbus_kl
1001773,KL2075 KG BARU AIR PANAS,3.188861,101.717082,rapidbus_kl
1002367,KL2077 PASAR AIR PANAS,3.189066,101.719201,rapidbus_kl
1000759,KL2078 PPR SERI SEMARAK,3.188785,101.721349,rapidbus_kl
1007445,KL869 LRT/MRT MALURI PINTU D,3.123475,101.728087,rapidbus_kl
1002526,KL870 MENARA PGRM,3.1229637746952,101.7291635278,rapidbus_kl
1001812,KL871 LRT PANDAN JAYA,3.129496211012,101.73893279273,rapidbus_kl
1002689,AJ133 PUTERI PARK PLAZA,3.120543,101.763181,rapidbus_kl
1001576,AJ134 TAMAN PUTRA AMPANG (BARAT),3.120943,101.766281,rapidbus_kl
1003034,AJ135 TAMAN PUTRA AMPANG (TIMUR),3.122004,101.768471,rapidbus_kl
1004219,AJ136 KG TASIK TAMBAHAN (BARAT),3.123602,101.768206,rapidbus_kl
1001558,AJ137 KG TASIK TAMBAHAN (UTARA),3.126253,101.769133,rapidbus_kl
1001767,AJ138 KG TASIK TAMBAHAN (TIMUR),3.127056,101.770154,rapidbus_kl
1002705,AJ139 TIEN QUAN,3.128157,101.771621,rapidbus_kl
1002464,KL2291 BANGUNAN RISDA,3.1593859465348,101.74428820361,rapidbus_kl
1000540,KL2297 3 TOWERS KL,3.1602199601908,101.74166258221,rapidbus_kl
1000888,KL2289 GREAT EASTERN,3.160795,101.737121,rapidbus_kl
1000918,KL2281 AMPWALK,3.160523699136,101.72890208857,rapidbus_kl
1002627,KL611 ROZEL (OPP),3.160133,101.725327,rapidbus_kl
1000492,KL91 UOB BANK/INTERCONTINENTAL HOTEL,3.160239,101.717371,rapidbus_kl
1002014,KL93 MENARA ATLAN,3.159962,101.715857,rapidbus_kl
1001518,KL94 KLCC (UTARA),3.158876,101.712331,rapidbus_kl
1000094,KL97 WISMA SELANGOR DREDGING (OPP),3.159009,101.709716,rapidbus_kl
1008252,KL98 MENARA BSN,3.158479,101.708767,rapidbus_kl
1002712,KL99 BERJAYA CENTRAL PARK,3.156678,101.705536,rapidbus_kl
1001798,KL25 LRT DANG WANGI,3.1561054264763,101.70295484296,rapidbus_kl
1002823,KL26 SMK CONVENT BUKIT NANAS,3.1535001350222,101.70089871266,rapidbus_kl
1000049,KL27 MENARA AIA,3.1525886888518,101.69976608301,rapidbus_kl
1001809,KL1937 LRT MASJID JAMEK,3.1497263604885,101.6968736699,rapidbus_kl
1001637,KL2308 KOLEJ RIMA,3.155932,101.700543,rapidbus_kl
1001797,KL2303 LRT DANG WANGI,3.1560940534389,101.70236111597,rapidbus_kl
1002711,KL2298 RENAISSANCE HOTEL,3.157121,101.705886,rapidbus_kl
1001963,KL2300 HOTEL MAYA,3.1587710184913,101.70862218886,rapidbus_kl
1000542,KL2301 KLCC (OPP),3.159305986396,101.71229525013,rapidbus_kl
1000939,KL2302 HOTEL CORUS,3.160017,101.715353,rapidbus_kl
1000082,KL2306 LRT AMPANG PARK,3.1604236582484,101.71836717733,rapidbus_kl
1002402,KL1543 ROZEL,3.160321,101.725454,rapidbus_kl
1000947,KL2280 APARTMENT SUCASA,3.1607059392985,101.72856764843,rapidbus_kl
1002119,KL2282 RUSSIAN EMBASSY,3.1608579974053,101.73125782716,rapidbus_kl
1002834,KL2305 INSTITUT PENYELIDIKAN GETAH,3.160635,101.733321,rapidbus_kl
1003209,KL2279 GLENEAGLES,3.160867,101.739422,rapidbus_kl
1000284,KL2296 REI SERAYA,3.1605658394992,101.74104625212,rapidbus_kl
1002825,KL2290 RISDA,3.1593259985748,101.74573889131,rapidbus_kl
1000967,AJ54 HUB SRI NILAM,3.139297,101.769531,rapidbus_kl
1008308,AJ150 PANGSAPURI PKNS,3.128109,101.771801,rapidbus_kl
1008108,AJ178 MASJID AL-ADZIM,3.133591,101.756402,rapidbus_kl
1001813,KL872 LRT PANDAN JAYA,3.129441,101.739512,rapidbus_kl
1000968,(M) KL1818 HAB TITIWANGSA,3.1720151676225,101.69593158369,rapidbus_kl
1000758,KL1943 FLAT PKNS (OPP),3.166433,101.714857,rapidbus_kl
1004279,KL1949 INTERMARK MALL,3.161832,101.719627,rapidbus_kl
1000077,KL96 MENARA AMBANK,3.1607922350002,101.71098241514,rapidbus_kl
1002764,KL1945 MENARA PTPTN,3.162313,101.713241,rapidbus_kl
1000757,KL1948 FLAT PKNS,3.1661583681554,101.71454310215,rapidbus_kl
1003460,AJ90 KG INDAH PERMAI (SELATAN),3.133874,101.784943,rapidbus_kl
1003466,AJ91 KG INDAH PERMAI (UTARA),3.135308,101.784468,rapidbus_kl
1003791,AJ92 TAMAN SERI INTAN,3.137254,101.783508,rapidbus_kl
1002743,AJ93 SRA LEMBAH JAYA (OPP),3.138877,101.783989,rapidbus_kl
1003464,AJ94 TAMAN INDUSTRI LEMBAH JAYA,3.141011,101.784029,rapidbus_kl
1001763,AJ95 KG LEMBAH JAYA SELATAN,3.141542,101.783126,rapidbus_kl
1001764,AJ69 KG LEMBAH JAYA SELATAN,3.141654,101.78275725299,rapidbus_kl
1003837,AJ70 TAMAN INDUSTRI LEMBAH JAYA,3.141055,101.784161,rapidbus_kl
1002744,AJ71 SRA LEMBAH JAYA,3.138749,101.784149,rapidbus_kl
1003792,AJ72 TAMAN SERI INTAN,3.137245,101.783673,rapidbus_kl
1003467,AJ73 KG INDAH PERMAI (UTARA),3.135206,101.784627,rapidbus_kl
1003463,AJ74 KG INDAH PERMAI (SELATAN),3.134196,101.784992,rapidbus_kl
1008352,KL423 PRIMA ALAM DAMAI,3.055034,101.743311,rapidbus_kl
1002505,KJ402 PETRONAS DAMAI PERDANA (OPP),3.0538129274333,101.74454990288,rapidbus_kl
1002841,KJ404 DAMAI PERDANA FASA 1,3.0505668462573,101.74140096979,rapidbus_kl
1003864,KJ406 DAMAI PERDANA FASA 2,3.0468347223618,101.73932428072,rapidbus_kl
1002840,KJ397 PERUMAHAN DAMAI PERDANA FASA 3,3.04890032051,101.73985161208,rapidbus_kl
1003865,KJ398 PERUMAHAN DAMAI PERDANA,3.051568440242,101.7425530177,rapidbus_kl
1002842,KJ401 PETRONAS DAMAI PERDANA,3.0541550642724,101.74435396928,rapidbus_kl
1000041,KJ649 FLAT CHERAS UTAMA (OPP),3.052987,101.746953,rapidbus_kl
1001702,KJ696 PERUMAHAN POLIS DESA BAIDURI,3.0515635256395,101.74764566064,rapidbus_kl
1008345,KJ694 SK DESA BAIDURI,3.047272,101.750849,rapidbus_kl
1008346,KJ748 TAMAN KOPERASI MAJU JAYA,3.047791,101.753252,rapidbus_kl
1008347,VINA RESIDENCY,3.050291,101.753297,rapidbus_kl
1008349,TAMAN SERI TAMING,3.054158,101.753483,rapidbus_kl
1002348,KL2174 PADANG TAMAN DAHLIA,3.0556239954642,101.74940442408,rapidbus_kl
1002655,KL1721 KOMERSIAL TAMAN BAHAGIA,3.0580440385937,101.74942357411,rapidbus_kl
1002674,KL405 TAMAN BUKIT ANGSANA,3.0619257054726,101.7494772773,rapidbus_kl
1003805,KL406 TAMAN SURIA JAYA,3.0645069017926,101.74946444951,rapidbus_kl
1003200,KL407 SRA AL-MUBARAQAH,3.0712757480315,101.74975334655,rapidbus_kl
1003595,KL408 FLAT TAMAN BUKIT CHERAS,3.0730924146011,101.74902176338,rapidbus_kl
1001770,KL409 PETRONAS TAMAN LENSENG (OPP),3.074003,101.746403,rapidbus_kl
1001759,KL2175 MEDAN CONNAUGHT,3.075536,101.745859,rapidbus_kl
1000435,KL755 TAMAN BUKIT HIJAU,3.086078,101.741526,rapidbus_kl
1001747,KL1723 CHERAS LEISURE MALL (OPP),3.0884017837979,101.74109032768,rapidbus_kl
1001036,KL1724 EKOCHERAS MALL,3.092809,101.739674,rapidbus_kl
1007150,(M) KL799 MRT TAMAN MIDAH PINTU A,3.105244,101.731771,rapidbus_kl
1000819,KL801 VELODROM BUSINESS PARK,3.1102656106837,101.72978378843,rapidbus_kl
1000783,KL354 KOMPLEKS DARUL PUTERI (OPP),3.116736,101.727994,rapidbus_kl
1003671,KL355 STADIUM BADMINTON KL,3.119397,101.728157,rapidbus_kl
1001808,KL361 MRT MALURI PINTU B,3.123425,101.72776833333,rapidbus_kl
1001205,KL874 AEON MALURI (OPP),3.1250635680885,101.72670707363,rapidbus_kl
1001526,KL362 JABATAN KESIHATAN DBKL,3.1266833333333,101.72353,rapidbus_kl
1001644,KL363 SUNWAY MEDICAL VELOCITY (OPP),3.1280183333333,101.72146166667,rapidbus_kl
1001069,KL365 WARISAN CITYVIEW,3.1292066666667,101.71979,rapidbus_kl
1002293,KL1770 BALAI BOMBA PUDU,3.1333553884683,101.71437422505,rapidbus_kl
1001846,KL1771 LRT PUDU/MAJESTIC,3.136303587433,101.71162064657,rapidbus_kl
1000250,KL1772 FURAMA (OPP),3.139362,101.709657,rapidbus_kl
1002054,KL121 MONOREL IMBI/TIMES SQUARE,3.143008,101.709679,rapidbus_kl
1002566,KL122 PLAZA IMBI,3.143307,101.710739,rapidbus_kl
1006729,KL123 MONORAIL BUKIT BINTANG/SG WANG,3.145928,101.711388,rapidbus_kl
1000958,KL86 MRT BUKIT BINTANG/HSBC,3.1477176043261,101.71085234878,rapidbus_kl
1001998,KL9 WISMA BOUSTEAD,3.15019853231,101.70918482193,rapidbus_kl
1008254,KL11 WISMA MPL,3.150643,101.707128,rapidbus_kl
1000076,KL12 MENARA KL,3.150379,101.705928,rapidbus_kl
1004230,KL13 WISMA BUDIMAN,3.149205,101.701929,rapidbus_kl
1004247,KL14 MENARA OLYMPIA,3.1486697702403,101.700172348,rapidbus_kl
1001181,KL100 BACKHOME HOSTEL,3.1487247315043,101.69791779705,rapidbus_kl
1002081,(M) KL101 HUB LEBUH PUDU,3.1464756605009,101.69819178245,rapidbus_kl
1000934,KL119 HOSPITAL TUNG SHIN,3.1452216666667,101.70462,rapidbus_kl
1000953,KL120 HOTEL SWISS GARDEN (OPP),3.144438,101.706043,rapidbus_kl
1003928,KL866 FURAMA,3.138532,101.710008,rapidbus_kl
1001847,KL867 LRT PUDU/MAJESTIC (OPP),3.1365982275533,101.71170165741,rapidbus_kl
1002286,KL803 PEJABAT POS PUDU,3.1338190533991,101.71407761968,rapidbus_kl
1000855,KL868 ALL SAINTS CHURCH,3.1303842695455,101.71871223005,rapidbus_kl
1001035,KL366 WARISAN CITYVIEW (OPP),3.128962,101.720501,rapidbus_kl
1000666,KL367 SUNWAY MEDICAL VELOCITY,3.127684,101.722349,rapidbus_kl
1008351,KL2208 SUNWAY VELOCITY MALL,3.126747,101.724088,rapidbus_kl
1001206,KL368 AEON MALURI,3.1253230755966,101.72697999582,rapidbus_kl
1000276,KL1702 STADIUM BADMINTON KL (OPP),3.119263,101.728402,rapidbus_kl
1002248,KL1703 KOMPLEKS DARUL PUTERI,3.116648,101.728274,rapidbus_kl
1001723,KL1704 BHP CHERAS,3.1097296624857,101.730216195,rapidbus_kl
1003485,KL1705 TAMAN MIDAH (UTARA),3.102694,101.734135,rapidbus_kl
1007156,(M) KL756 MRT TAMAN MUTIARA PINTU B,3.091753,101.740472,rapidbus_kl
1001748,KL757 CHERAS LEISURE MALL,3.08921001753,101.74116607053,rapidbus_kl
1000438,KL919 TAMAN BUKIT HIJAU,3.0855949503916,101.7419797396,rapidbus_kl
1002538,KL2271 CHERAS SENTRAL MALL,3.0776377137889,101.74351194844,rapidbus_kl
1001749,KL2171 CHERIA HEIGHTS APARTMENT,3.076049,101.745965,rapidbus_kl
1000793,KL414 FLAT TAMAN BUKIT CHERAS,3.0728377748585,101.74941529683,rapidbus_kl
1003201,KL415 SRA AL-MUBARAQAH (OPP),3.0705880555475,101.74992788236,rapidbus_kl
1001264,KL417 FLAT TAMAN SURIA JAYA,3.0645046273459,101.74968351158,rapidbus_kl
1002717,KL418 KOMERSIAL BUKIT ANGSANA,3.0619144229316,101.74963666248,rapidbus_kl
1004055,KL419 TAMAN SRI BAHAGIA,3.0583675852096,101.74964311019,rapidbus_kl
1002633,KJ750 KOMERSIAL SERI TAMING,3.0549282265593,101.75012018081,rapidbus_kl
1003578,KJ746 TAMAN SERI TAMING,3.0546658341278,101.75371023299,rapidbus_kl
1008348,VINA RESIDENCY (OPP),3.050103,101.753539,rapidbus_kl
1004065,KJ747 TAMAN KOPERASI MAJU JAYA,3.0476339957782,101.75339562669,rapidbus_kl
1003634,KJ749 SK DESA BAIDURI (OPP),3.047033223714,101.75132637022,rapidbus_kl
1002313,KJ707 PADANG AWAM DESA BAIDURI,3.046964,101.749108,rapidbus_kl
1001703,KJ708 PERUMAHAN CHERAS UTAMA,3.0487705643672,101.74804961155,rapidbus_kl
1008319,KJ709 PERUMAHAN POLIS DESA BAIDURI (OPP),3.051603,101.747502,rapidbus_kl
1000705,KJ710 FLAT CHERAS UTAMA,3.0531723292852,101.74671658709,rapidbus_kl
1002786,KL421 PRIMA ALAM DAMAI (OPP),3.054896,101.742976,rapidbus_kl
1007376,TAMAN DESA CHERAS,3.055729,101.737697,rapidbus_kl
1003991,AJ166 TAMAN KENCANA (TIMUR),3.119356,101.750688,rapidbus_kl
1000701,AJ511 PANDAN PERDANA BUSINESS CENTRE,3.1216530000232,101.74651763891,rapidbus_kl
1000234,AJ268 FLAT PANDAN PERDANA,3.124248,101.746728,rapidbus_kl
1003244,AJ486 PANDAN JAYA,3.136666,101.742988,rapidbus_kl
1002586,AJ487 FLAT PANDAN JAYA (TIMUR),3.1360560000095,101.74130364856,rapidbus_kl
1000509,AJ488 FLAT M3 PANDAN JAYA,3.134528,101.737814,rapidbus_kl
1000465,KL394 CASARIA,3.132369,101.734785,rapidbus_kl
1008137,KL395 KOMPLEKS MALURI (OPP),3.131161,101.734689,rapidbus_kl
1001302,KL379 WISMA SISTEM,3.12822,101.732537,rapidbus_kl
1002460,KL372 KOMPLEKS KEDIAMAN AWAM,3.131462,101.729844,rapidbus_kl
1001700,KL380 KUARTERS MRT (OPP),3.132807,101.724773,rapidbus_kl
1007444,KL892 MRT COCHRANE PINTU A,3.133402,101.722553,rapidbus_kl
1001307,KL381 PLAZA ELEKTRONIK,3.135009,101.716743,rapidbus_kl
1000526,KL2228 KOMPLEKS E-MART (OPP),3.135016,101.715319,rapidbus_kl
1000527,KL2197 SMK (P) BANDARAYA,3.140187,101.714044,rapidbus_kl
1001744,KL2198 IMBI (UTARA),3.142599,101.712849,rapidbus_kl
1002519,KL1826 MUZIUM TELEKOM,3.148182,101.698924,rapidbus_kl
1002011,KL118 MENARA MAYBANK,3.146474,101.699712,rapidbus_kl
1002287,KL382 KOMPLEKS E-MART,3.135202,101.714747,rapidbus_kl
1001306,KL383 PLAZA ELEKTRONIK,3.1352373175407,101.71667896782,rapidbus_kl
1003344,KL389 MYTOWN,3.1338549894426,101.72203668074,rapidbus_kl
1001379,KL390 KUARTERS MRT,3.1329289754783,101.72535735838,rapidbus_kl
1003879,KL374 SPRM KL,3.131660999742,101.72994169739,rapidbus_kl
1001968,KL376 PUSAT PERDAGANGAN MALURI,3.129633316856,101.73196900925,rapidbus_kl
1001607,KL377 WISMA SISTEM,3.128251,101.732786,rapidbus_kl
1008138,KL391 WISMA MALURI,3.128875,101.733862,rapidbus_kl
1008136,KL392 KOMPLEKS MALURI,3.131045,101.734541,rapidbus_kl
1000464,KL393 CASARIA (OPP),3.132613,101.734663,rapidbus_kl
1003839,AJ483 PERUMAHAN PANDAN JAYA,3.134906,101.737833,rapidbus_kl
1001263,AJ484 FLAT PANDAN JAYA M14,3.136199,101.740863,rapidbus_kl
1000702,AJ505 FLAT PANDAN PERDANA (OPP),3.124361,101.747171,rapidbus_kl
1000970,AJ191 HENTIAN TAMAN DAGANG,3.1463693045186,101.75933902636,rapidbus_kl
1003907,AJ436 FLAT TAMAN DAGANG (TIMUR),3.148054,101.759248,rapidbus_kl
1004129,AJ192 FLAT TAMAN DAGANG (BARAT),3.148531,101.757884,rapidbus_kl
1000859,AJ193 GALAXY AMPANG (TIMUR),3.147265,101.756984,rapidbus_kl
1001646,AJ206 FLAT TAMAN NIRWANA,3.145685,101.754666,rapidbus_kl
1003219,AJ207 TAMAN NIRWANA,3.145863,101.751783,rapidbus_kl
1002035,AJ202 KG PANDAN DALAM (BARAT),3.145918,101.745392,rapidbus_kl
1000565,AJ406 KG PANDAN LUAR (TIMUR),3.145176,101.743081,rapidbus_kl
1002281,AJ407 KG PANDAN LUAR (BARAT),3.1455360414795,101.7414920637,rapidbus_kl
1001880,KL883 FLAT DESA PANDAN (BARAT),3.145052,101.739166,rapidbus_kl
1001868,KL884 TAMAN PERMAINAN DESA PANDAN,3.143511,101.737768,rapidbus_kl
1002774,KL885 SRA AL-SUYUTI (OPP),3.142789,101.736838,rapidbus_kl
1001273,KL886 DEWAN PANDAN BAIDURI,3.1432179175598,101.73569605145,rapidbus_kl
1001557,KL239 FLAT DESA PANDAN (TIMUR),3.144502,101.733177,rapidbus_kl
1000018,KL246 PUSAT DAGANG KG PANDAN,3.144288,101.73069,rapidbus_kl
1002472,(M) KL249 SMK AMINUDDIN BAKI (UTARA),3.14262,101.727902,rapidbus_kl
1003107,KL250 SMK AMINUDDIN BAKI (SELATAN),3.141345,101.727492,rapidbus_kl
1001721,KL887 KOMPLEKS BELIA SUKAN,3.13835,101.726352,rapidbus_kl
1000360,KL399 BULATAN KG PANDAN,3.1375968749824,101.72423788956,rapidbus_kl
1002491,(M) KL890 PETRONAS JLN COCHRANE,3.136194,101.719181,rapidbus_kl
1000128,KL877 APARTMENT IXORA,3.137481,101.71912,rapidbus_kl
1000359,KL878 KOMERSIAL TREC,3.138696,101.721886,rapidbus_kl
1001720,KL253 KOMPLEKS BELIA SUKAN (OPP),3.138694,101.726234,rapidbus_kl
1003106,KL254 SMK AMINUDDIN BAKI (UTARA),3.141048,101.72712,rapidbus_kl
1000712,KL257 PUSAT PERDAGANGAN KG PANDAN,3.144584,101.731285,rapidbus_kl
1000713,KL258 FLAT DESA PANDAN (TIMUR),3.144756,101.733589,rapidbus_kl
1002087,MASJID AR-RAHIMAH KG PANDAN,3.144281,101.738047,rapidbus_kl
1001881,KL224 FLAT DESA PANDAN (BARAT),3.144985,101.738833,rapidbus_kl
1002280,KL225 TNB DESA PANDAN,3.145917,101.739947,rapidbus_kl
1007639,AJ405 KG PANDAN LUAR (BARAT),3.145848,101.741004,rapidbus_kl
1000564,AJ438 KG PANDAN LUAR (TIMUR),3.145382,101.743152,rapidbus_kl
1001291,AJ203 KG PANDAN DALAM (BARAT),3.1461339656495,101.74603429546,rapidbus_kl
1002205,AJ204 TAMAN NIRWANA,3.1461122367427,101.75176968915,rapidbus_kl
1000541,AJ205 FLAT BLOK MAWAR,3.145967,101.754684,rapidbus_kl
1003838,AJ324 GALAXY AMPANG (SELATAN),3.145682,101.755691,rapidbus_kl
1004130,AJ188 FLAT TAMAN DAGANG (BARAT),3.148713,101.757684,rapidbus_kl
1003908,AJ189 FLAT TAMAN DAGANG (TIMUR),3.148114,101.759413,rapidbus_kl
1004241,KL891 WISMA INDAH,3.1337223802537,101.71838281705,rapidbus_kl
1002520,KJ712 CHERAS ZEN PARK,3.0784949256787,101.75010903326,rapidbus_kl
1002523,KJ702 PGA/CUEPACS,3.0763218861465,101.75597940914,rapidbus_kl
1003631,KJ41 SRK BATU 9,3.0676408187344,101.77353610581,rapidbus_kl
1003597,KJ42 SRA BATU 10,3.064788,101.775537,rapidbus_kl
1001495,KJ43 KILANG PAPAN,3.0620392931633,101.77498546239,rapidbus_kl
1001905,KJ717 MASJID BATU 10 CHERAS,3.059464,101.774237,rapidbus_kl
1003532,KJ720 SPG PEKAN BT 11,3.042845,101.774955,rapidbus_kl
1002659,KJ721 PUSAT FLORA CHERAS,3.039165,101.773322,rapidbus_kl
1003544,KJ722 SPG SG LONG,3.0362484782274,101.7718772234,rapidbus_kl
1002399,KJ723 PERABOT AL-QAMAR,3.030482756913,101.7698826228,rapidbus_kl
1000461,KJ184 TAMAN DESA BARU,3.0281435609237,101.77164616172,rapidbus_kl
1000614,KJ185 JALAN SARJAN MAT,3.025809,101.773917,rapidbus_kl
1002083,KJ186 LOT 4291,3.024653,101.774385,rapidbus_kl
1003764,KJ187 MASJID SG SEKAMAT (OPP),3.0219241574636,101.77556894731,rapidbus_kl
1003226,KJ188 SHELL TAMAN DELIMA,3.0165904633369,101.77696140086,rapidbus_kl
1003763,KJ189 TAMAN MESRA,3.013138,101.778157,rapidbus_kl
1002836,KJ190 RTM KAJANG,3.0083430164605,101.78117899078,rapidbus_kl
1003391,KJ191 SMK SAAS,3.0058163904371,101.78223202472,rapidbus_kl
1001622,KJ642 KPJ KAJANG,2.9985519956914,101.78591191589,rapidbus_kl
1000924,KJ643 KAJANG PLAZA MEDICAL CENTRE,2.995466,101.787812,rapidbus_kl
1000890,KJ509 MASJID INDIA KAJANG,2.985971774422,101.78985371103,rapidbus_kl
1007267,KJ510 MRT KAJANG,2.982685,101.790098,rapidbus_kl
1001332,KJ511 TAMAN HIJAU,2.9808280635305,101.78989943649,rapidbus_kl
1001571,KJ512 TAMAN SRI REKO,2.979076,101.789857,rapidbus_kl
1008354,KJ205 TAMAN SRI LANGAT 2,2.974815,101.789903,rapidbus_kl
1003759,KJ206 SAVILLE KAJANG (OPP),2.971819,101.789861,rapidbus_kl
1002709,KJ464 REKO SENTRAL,2.967951949354,101.78986621205,rapidbus_kl
1003760,KJ465 SAVILLE KAJANG,2.972186,101.789639,rapidbus_kl
1001570,KJ466 TAMAN SRI LANGAT 2,2.9744122010283,101.78964985727,rapidbus_kl
1001569,KJ467 TAMAN SRI REKO,2.979072,101.789699,rapidbus_kl
1001331,KJ468 TAMAN HIJAU,2.980756,101.789711,rapidbus_kl
1001713,KJ469 MRT KAJANG (OPP),2.983779,101.789783,rapidbus_kl
1000889,KJ470 MASJID INDIA KAJANG (OPP),2.9856220682994,101.78960810767,rapidbus_kl
1001975,KJ471 MAYBANK PEKAN KAJANG,2.9916301133654,101.78740709961,rapidbus_kl
1001621,KJ174 KPJ KAJANG (OPP),2.998689524376,101.78540274664,rapidbus_kl
1002114,KJ731 MRT SG JERNIH (OPP),3.0019930341629,101.78287059044,rapidbus_kl
1003390,KJ175 SMK SAAS (OPP),3.0065794281647,101.78177838129,rapidbus_kl
1002835,KJ176 RTM KAJANG (OPP),3.008403,101.780929,rapidbus_kl
1004131,KJ178 TAMAN MESRA,3.011859,101.778823,rapidbus_kl
1003427,KJ179 TAMAN DELIMA,3.0169964062436,101.77663152189,rapidbus_kl
1001947,KJ180 MASJID SG SEKAMAT,3.0211527891629,101.7755897582,rapidbus_kl
1002082,KJ181 LOT 4291 (OPP),3.0244245419599,101.7743101058,rapidbus_kl
1001290,KJ183 TAMAN DESA BARU,3.028564,101.770686,rapidbus_kl
1003429,KJ732 SPG SG LONG,3.0378604776776,101.77169943016,rapidbus_kl
1003531,KJ745 SPG PEKAN BT 11,3.0441457782445,101.77453773289,rapidbus_kl
1003442,KJ668 SPG CHERAS PERDANA,3.052127111611,101.77405009544,rapidbus_kl
1003930,KJ669 TM BATU 9,3.0596516312907,101.77347914223,rapidbus_kl
1001494,KJ47 KILANG PAPAN,3.0623694424205,101.77495509555,rapidbus_kl
1003596,KJ48 SMA BATU 10,3.0649291790561,101.77533345703,rapidbus_kl
1003141,KJ49 BEACONHOUSE SRI MURNI,3.0670395292406,101.77401522318,rapidbus_kl
1004122,KJ422 PLAZA TOL BATU 9,3.0748102158784,101.75898865489,rapidbus_kl
1002525,KJ711 PGA/MAKTAB PDRM,3.076362716983,101.75457432726,rapidbus_kl
1004120,KL2225 WISMA INDAH,3.133487,101.718056,rapidbus_kl
1000948,KL1823 HOTEL SWISS GARDEN,3.1444128812936,101.705551839,rapidbus_kl
1005441,SJ604 MRT TAMAN EQUINE  PINTU B,2.989735,101.672318,rapidbus_kl
1005442,SJ205 AEON MALL TAMAN EQUINE,2.993277,101.674087,rapidbus_kl
1005443,SJ208 KOMERSIAL LP 2A,2.995022,101.671776,rapidbus_kl
1003898,SJ213 HENTIAN PUTRA PERMAI,2.995785,101.669025,rapidbus_kl
1005445,SJ839 PANGSAPURI SRI INDAH BLOK 11,2.999586,101.664784,rapidbus_kl
1006166,DESAMINIUM FLORA,3.007934,101.664758,rapidbus_kl
1006139,SMK TAMAN DESAMINIUM,3.008046,101.662853,rapidbus_kl
1006265,FLAT LESTARI PERDANA 2 (OPP),3.007937,101.666521,rapidbus_kl
1005448,SJ842 LESTARI PERDANA 8,3.0118,101.67181,rapidbus_kl
1005449,SJ843 PANGSAPURI CASA RIANA,3.014831,101.675238,rapidbus_kl
1006148,SJ702 PUJ 4 TAMAN PUNCAK JALIL,3.017892,101.674835,rapidbus_kl
1005451,SJ844 PERUMAHAN PUJ 5,3.021099,101.674193,rapidbus_kl
1005452,SJ845 PERUMAHAN PUJ 6 (BARAT),3.023122,101.674969,rapidbus_kl
1005453,SJ846 PERUMAHAN PUJ 6 (TIMUR),3.025522,101.679842,rapidbus_kl
1002146,SJ372 PANGSAPURI ENGGANG,3.035791,101.672771,rapidbus_kl
1003262,SJ373 SIMFONI KINRARA,3.035739,101.666748,rapidbus_kl
1001994,SJ379 MELODY KINRARA,3.035801,101.664132,rapidbus_kl
1001848,(M) SJ380 PERUMAHAN MELODY,3.036053,101.659926,rapidbus_kl
1000906,SJ381 PERUMAHAN HENING,3.036186,101.657467,rapidbus_kl
1000878,SJ382 KINRARA GOLF CLUB (OPP),3.0370217781682,101.65453904768,rapidbus_kl
1008501,SJ15 KEJURUTERAAN BOMBA KINRARA,3.041177,101.650167,rapidbus_kl
1008500,SJ395 KINRARA GOLF CLUB (BARAT),3.043648,101.648385,rapidbus_kl
1006167,(M) SJ398 LRT BK 5,3.050161,101.644297,rapidbus_kl
1002467,SJ399 PETRONAS BANDAR KINRARA,3.046616,101.641823,rapidbus_kl
1006146,SJ397 SMK SEKSYEN 4 BK (OPP),3.045966,101.645746,rapidbus_kl
1008502,SJ364 PERUMAHAN BK 6A,3.041333,101.650483,rapidbus_kl
1005461,SJ854 PERUMAHAN PUJ 2,3.024405,101.679148,rapidbus_kl
1005462,SJ855 KOMERSIAL PUJ 3 (UTARA),3.022947,101.675264,rapidbus_kl
1005463,SJ856 KOMERSIAL PUJ 3 (BARAT),3.019979,101.674793,rapidbus_kl
1005464,(M) SJ703 TAMAN PUNCAK JALIL,3.017728,101.675129,rapidbus_kl
1005465,SJ857 PERUMAHAN PUJ 2,3.015328,101.675445,rapidbus_kl
1005466,SJ858 SJKC BUKIT SERDANG,3.011599,101.672646,rapidbus_kl
1006141,FLAT LESTARI PERDANA 2,3.007858,101.666824,rapidbus_kl
1005469,SJ861 KOMERSIAL LP 3,2.999497,101.665089,rapidbus_kl
1006269,SJ217 TAMAN PUTRA PERMAI 9,2.996459,101.670133,rapidbus_kl
1000208,SJ218 EQUINE PARK,2.995113,101.672158,rapidbus_kl
1001032,SJ219 AEON JUSCO EQUINE PARK,2.993532,101.674266,rapidbus_kl
1003895,KL764 TERMINAL DESA PETALING,3.0850749895368,101.71177459136,rapidbus_kl
1002974,KL766 PANGARIA,3.083516,101.712125,rapidbus_kl
1003295,KL767 SK DESA PETALING,3.0835505662838,101.70947361441,rapidbus_kl
1001665,KL768 WINNER HEIGHTS,3.0837673897464,101.70702052462,rapidbus_kl
1002715,KL2181 DESA PETALING (SELATAN),3.0831995834419,101.70446358875,rapidbus_kl
1000274,KL769 SPARK SHOPPING COMPLEX,3.0839928417904,101.70157139165,rapidbus_kl
1001664,KL770 VANTAGE POINT,3.0860635117633,101.70124417258,rapidbus_kl
1000569,KL771 DESA PETALING (UTARA),3.086998,101.70402,rapidbus_kl
1001004,KL772 DESA HILL VILLAS,3.0869527253263,101.70635447578,rapidbus_kl
1002844,KL773 KG BARU SALAK SELATAN,3.086512,101.707511,rapidbus_kl
1002303,KL774 KG BARU SALAK SELATAN (TIMUR),3.0874378510546,101.70832627315,rapidbus_kl
1002267,KL775 PASAR PENJAJA SALAK SELATAN (OPP),3.089098,101.70671,rapidbus_kl
1002904,KL1737 KG BARU SALAK SELATAN (TENGAH),3.089274,101.704232,rapidbus_kl
1000196,KL1738 DEWAN KG SALAK SELATAN (OPP),3.0891354471041,101.70275403521,rapidbus_kl
1001549,KL1740 KLINIK SALAK SELATAN (OPP),3.091178,101.701819,rapidbus_kl
1000645,KL1812 MIDFIELDS SQUARE,3.094064,101.701528,rapidbus_kl
1001059,(M) KL1813 TAMAN SALAK JAYA,3.0959184006134,101.70253749544,rapidbus_kl
1000211,BALAI POLIS SALAK SELATAN,3.0996454542362,101.70423369884,rapidbus_kl
1001816,LRT SALAK SELATAN,3.1027874710133,101.70579134798,rapidbus_kl
1003278,KL1814 RAZAK MANSION,3.106972,101.706845,rapidbus_kl
1000391,KL1815 KG SRI INDAH,3.112053,101.706678,rapidbus_kl
1003481,KL1769 CHAN SOW LIN (BARAT),3.1223496873538,101.70835488179,rapidbus_kl
1001965,KL1488 SOUTHGATE (OPP),3.1253105210177,101.70992778671,rapidbus_kl
1004342,KL1821 PASAR SENI (PLATFORM A1 - A2),3.142834,101.6956,rapidbus_kl
1001672,KL112 KOTA RAYA,3.1454957091436,101.69812709966,rapidbus_kl
1005158,KL2511 FRASER BUSINESS PARK,3.129882,101.713681,rapidbus_kl
1003455,KL810 SOUTHGATE,3.124984,101.710078,rapidbus_kl
1003480,KL808 CHAN SOW LIN (BARAT),3.121516,101.70877,rapidbus_kl
1005167,KL2513 DAMAI RESIDENCE,3.115787,101.707969,rapidbus_kl
1000390,KL811 KG SRI INDAH,3.1120556256043,101.70700813411,rapidbus_kl
1002707,KL1789 RAZAK MANSION (OPP),3.106102,101.707047,rapidbus_kl
1002710,KL308 POS SALAK SELATAN,3.1032191397453,101.70609158932,rapidbus_kl
1001041,KL307 KTM SALAK SELATAN,3.0994650394322,101.70432453378,rapidbus_kl
1001061,(M) KL782 TAMAN SALAK JAYA,3.0959222281747,101.70297719884,rapidbus_kl
1001550,KL761 KLINIK SALAK SELATAN,3.0909961530594,101.70203455277,rapidbus_kl
1000197,KL1739 DEWAN KG SALAK SELATAN,3.0893115697914,101.70283535922,rapidbus_kl
1002902,KL1734 KG BARU SALAK SELATAN (TENGAH),3.0894225238011,101.70398850603,rapidbus_kl
1002257,KL1735 PASAR PENJAJA SALAK SELATAN,3.0897005303433,101.70631841591,rapidbus_kl
1002304,KL1736 KG BARU SALAK SELATAN (TIMUR),3.0874691903578,101.70855193115,rapidbus_kl
1001485,KL1731 KG BARU SALAK SELATAN (SELATAN),3.086356,101.707438,rapidbus_kl
1005240,KL1493 KG BARU SALAK SELATAN (SELATAN),3.086762,101.706322,rapidbus_kl
1005241,(M) KL1492 DESA PETALING (UTARA),3.086831,101.703837,rapidbus_kl
1001640,KL762 VANTAGE POINT (OPP),3.0859874673942,101.70142995203,rapidbus_kl
1000275,KL763 SPARK SHOPPING COMPLEX (OPP),3.0840042832851,101.70201449643,rapidbus_kl
1002716,REST ABC,3.0833798867118,101.70457194482,rapidbus_kl
1001666,KL1730 WINNER HEIGHTS (OPP),3.0840151014898,101.70757756444,rapidbus_kl
1001911,KL1727 SK DESA PETALING (OPP),3.0838274320217,101.70941747285,rapidbus_kl
1002977,KL1728 PANGSARA,3.083686,101.711708,rapidbus_kl
1007457,(M) KL152 LRT BANDAR TASIK SELATAN,3.076112,101.712025,rapidbus_kl
1002602,KL1785 APARTMENT DESA TUN RAZAK (OPP),3.079192,101.718777,rapidbus_kl
1001056,KL1784 KOMERSIAL DESA TUN RAZAK,3.0790213697886,101.71911493749,rapidbus_kl
1002140,KL1786 PANGSAPURI DESA TUN RAZAK,3.0781815563023,101.71764474828,rapidbus_kl
1007507,KL2001 TASIK HEIGHTS APARTMENT,3.075837,101.717979,rapidbus_kl
1003058,KL137 ROYAL SQUADRON REGIMEN,3.074518,101.716962,rapidbus_kl
1003054,KL138 BANDAR TASIK SELATAN (UTARA),3.073647,101.714024,rapidbus_kl
1000894,KL139 DESA TASIK,3.072054,101.715227,rapidbus_kl
1007508,KL140 FLAT DESA TASIK (UTARA),3.069314851,101.7155556,rapidbus_kl
1000320,KL141 PERUMAHAN POLIS DESA TASIK (SELATAN),3.066838,101.713475,rapidbus_kl
1003309,KL1672 SK PENGKALAN TENTERA DARAT,3.062084,101.716452,rapidbus_kl
1007509,KL144 PANGSAPURI DESA TASIK,3.067521,101.713874,rapidbus_kl
1003896,KL145 FLAT DESA TASIK (UTARA),3.0698601321722,101.71570242832,rapidbus_kl
1002631,KL146 KOMERSIAL DESA TASIK,3.072228,101.714956,rapidbus_kl
1001076,KL147 BANDAR TASIK SELATAN (UTARA),3.073745,101.713694,rapidbus_kl
1003017,KL148 ROYAL SQUADRON REGIMEN,3.074595,101.716357,rapidbus_kl
1001662,KL2003 TASIK HEIGHTS APARTMEN (OPP),3.075462,101.717977,rapidbus_kl
1004189,KJ477 UTAR,3.0410139275918,101.79392934149,rapidbus_kl
1003231,KJ560 SHELL SG LONG (OPP),3.041406,101.789376,rapidbus_kl
1004039,KJ299 TAMAN RAKAN (TIMUR),3.035489,101.782583,rapidbus_kl
1001724,KJ300 TAMAN RAKAN (BARAT),3.034676,101.780743,rapidbus_kl
1004196,KJ303 INSTITUT VETERINAR (OPP),3.035442,101.775498,rapidbus_kl
1002368,KJ338 KOMERSIAL BT 11,3.0424610828368,101.77220148001,rapidbus_kl
1002105,KJ341 PLAZA KASTURI (OPP),3.038189,101.769263,rapidbus_kl
1003253,KJ665 CHERAS SELATAN 118,3.0356302960955,101.76848442738,rapidbus_kl
1001063,KJ666 JEJANTAS TAMAN SRI INDAH,3.032102,101.766107,rapidbus_kl
1003441,KJ667 SUSUR CHERAS JAYA,3.030769,101.763363,rapidbus_kl
1001499,KJ704 SUSUR U-TURN CHERAS JAYA,3.027925,101.755947,rapidbus_kl
1003450,KJ705 SYMPHONY TOWER,3.0262187974836,101.75109805471,rapidbus_kl
1001050,KJ697 JEJANTAS KG BARU BALAKONG,3.0262016449352,101.74916224987,rapidbus_kl
1003053,KJ698 TAMAN TAMING JAYA,3.026726,101.745708,rapidbus_kl
1001690,(M) SJ596 KTM KOMUTER SERDANG,3.0228725970026,101.71645821695,rapidbus_kl
1004041,KL784 PANGSAPURI PERMAI,3.062202,101.706766,rapidbus_kl
1003961,KL785 TAMAN CASTLEFIELD,3.069518,101.705575,rapidbus_kl
1000264,KL786 KG MALAYSIA RAYA,3.072861,101.704212,rapidbus_kl
1001441,KL787 KG MALAYSIA TAMBAHAN,3.076938940479,101.70455603294,rapidbus_kl
1003574,KL2034 THE LEAFZ,3.0842370256986,101.69648240596,rapidbus_kl
1004146,KL788 THE LEAFZ,3.085959,101.694689,rapidbus_kl
1001055,KL1219 MRT KUCHAI (OPP),3.088911,101.692878,rapidbus_kl
1000051,KL1218 MRT KUCHAI/RESIDENSI FAR EAST,3.089248,101.693273,rapidbus_kl
1000278,KL789 PLAZA SG BESI,3.089197,101.698388,rapidbus_kl
1004193,KL807 TOYOTA SG BESI,3.1186642043651,101.70963517856,rapidbus_kl
1001492,KL2205 PERINDUSTRIAN TRISEGI,3.120341,101.710825,rapidbus_kl
1002521,KL2206 HYUNDAI SERVICES,3.123098,101.712808,rapidbus_kl
1002408,KL809 PERCETAKAN NASIONAL,3.1250592259839,101.71394316089,rapidbus_kl
1001794,KL2207 LRT CHAN SOW LIN,3.128826,101.715987,rapidbus_kl
1001795,KL2199 LRT CHAN SOW LIN,3.128099,101.716024,rapidbus_kl
1000504,KL2200 PERCETAKAN NASIONAL (OPP),3.124576,101.714053,rapidbus_kl
1002115,KL2201 HYUNDAI SERVICES (OPP),3.122441,101.712545,rapidbus_kl
1002066,KL2202 PERINDUSTRIAN TRISEGI,3.120338,101.711014,rapidbus_kl
1004194,KL805 TOYOTA SG BESI (OPP),3.118916,101.709987,rapidbus_kl
1001092,KL2180 PLAZA 63 (OPP),3.091876,101.701374,rapidbus_kl
1002573,KL1811 PLAZA SG BESI (OPP),3.089241,101.699132,rapidbus_kl
1001158,KL795 KOMERSIAL TAMAN SALAK SELATAN,3.083649,101.697397,rapidbus_kl
1001442,KL777 KG MALAYSIA TAMBAHAN,3.077373,101.704842,rapidbus_kl
1003962,KL780 TAMAN CASTLEFIELD,3.0690635889596,101.70600990163,rapidbus_kl
1004040,KL781 MRT/LRT SUNGAI BESI,3.063572,101.707294,rapidbus_kl
1002832,KL2006 SELANGOR TURF CLUB,3.052781,101.707226,rapidbus_kl
1000180,SJ653 THE MINES WATERFRONT,3.0385903995674,101.70918458057,rapidbus_kl
1003922,SJ640 THE MINES,3.027064,101.718933,rapidbus_kl
1002515,SJ599 TAMAN SG BESI INDAH (SELATAN),3.027028,101.722764,rapidbus_kl
1004053,SJ641 APARTMENT SRI JASA,3.027148,101.726731,rapidbus_kl
1004259,KJ670 WISMA TANJUNG BALAI (OPP),3.024934,101.730044,rapidbus_kl
1003939,KJ671 TAMAN BUKIT BELIMBING,3.0245921417694,101.73224170392,rapidbus_kl
1001480,KJ672 TAMAN TAMING JAYA,3.0262877504306,101.73835993014,rapidbus_kl
1001420,KJ673 KG BARU BALAKONG,3.026557,101.749516,rapidbus_kl
1000247,KJ703 SUSUR U-TURN CHERAS JAYA,3.028845,101.756126,rapidbus_kl
1001214,KJ693 AEON CHERAS SELATAN,3.032198,101.765559,rapidbus_kl
1002361,KJ336 PLAZA KASTURI,3.037993,101.768992,rapidbus_kl
1004268,KJ337 KOMERSIAL BT 11,3.042774,101.772202,rapidbus_kl
1001019,KJ304 INSTITUT PENGURUSAN VETERINAR (OPP),3.035963,101.775405,rapidbus_kl
1001725,KJ330 TAMAN RAKAN (BARAT),3.034874,101.780544,rapidbus_kl
1004038,KJ331 TAMAN RAKAN (TIMUR),3.035554,101.782081,rapidbus_kl
1002852,KJ561 BANDAR MAHKOTA CHERAS,3.0432581370684,101.78683628257,rapidbus_kl
1002574,KJ562 BANDAR MAHKOTA CHERAS,3.047159,101.787929,rapidbus_kl
1002509,KJ214 PETRONAS MAHKOTA CHERAS,3.051484,101.786855,rapidbus_kl
1003861,KJ177 BMC MALL (OPP),3.055131564348,101.78603666817,rapidbus_kl
1003539,KJ751 PERUMAHAN MAHKOTA CHERAS,3.059332958966,101.78712366175,rapidbus_kl
1004108,KJ195 PERUMAHAN MAHKOTA CHERAS SEKSYEN 3,3.060573851863,101.78935413478,rapidbus_kl
1002733,KJ570 DEWAN SERBAGUNA MAHKOTA CHERAS,3.059726,101.793782,rapidbus_kl
1004116,KJ200 PERUMAHAN MAHKOTA CHERAS SEKSYEN 6,3.0542190282018,101.79389889672,rapidbus_kl
1000078,KJ213 KOMERSIAL MAHKOTA CHERAS,3.0500580155157,101.78892918697,rapidbus_kl
1003503,KJ289 BANDAR MAHKOTA CHERAS,3.047218,101.788243,rapidbus_kl
1003230,KJ329 SHELL SG LONG,3.0416829546868,101.78926018851,rapidbus_kl
1002698,KJ361 GREEN SEKSYEN 7,3.046017,101.794833,rapidbus_kl
1003033,KJ370 PERUMAHAN SG LONG SEKSYEN 7,3.0480528104061,101.79730241962,rapidbus_kl
1003052,KJ403 PERUMAHAN SEKYEN 7,3.049393,101.798878,rapidbus_kl
1003399,KJ428 SMK SG LONG,3.0516163347533,101.80192181976,rapidbus_kl
1000125,KJ437 APARTMENT GREEN ACRE,3.0477918709832,101.80540780986,rapidbus_kl
1003193,KJ438 SG LONG GOLF & COUNTRY CLUB,3.041695,101.801437,rapidbus_kl
1000531,KL1933 PASAR SENI (PLATFORM E1 - E3),3.141408,101.695443,rapidbus_kl
1002640,KL1092 PUBLIC BANK,3.139119,101.695358,rapidbus_kl
1002495,KL2145 HOTEL PRESCOTT,3.136322,101.690915,rapidbus_kl
1004276,KL1080 BRICKFIELDS,3.1336400597905,101.68908163724,rapidbus_kl
1002023,KL1082 SK METHODIST,3.131473,101.689089,rapidbus_kl
1002234,KL1083 PALM COURT,3.129818,101.687114,rapidbus_kl
1003301,KL1084 SMK LA SALLE,3.127033195959,101.68320063589,rapidbus_kl
1000205,KL1085 BALAI POLIS BRICKFIELDS,3.125382,101.682305,rapidbus_kl
1004210,KL278 KOMERSIAL TAMAN SEPUTEH,3.120092,101.679603,rapidbus_kl
1000981,KL1179 MAZDA,3.1094981426141,101.678508753,rapidbus_kl
1000289,KL1180 BHP,3.1072844280663,101.67868293317,rapidbus_kl
1003216,KL1181 SHELL,3.105637,101.678384,rapidbus_kl
1004113,KL1182 THAM WAH WAN,3.1034073153277,101.67791957298,rapidbus_kl
1000493,KL1183 AVANTAS RESIDENCE,3.1001431566626,101.6765307254,rapidbus_kl
1003568,KL1184 TAMAN SHANGHAI (SELATAN),3.098404,101.676208,rapidbus_kl
1003004,KL1750 THE SCOTT GARDEN,3.0953143908189,101.67572573982,rapidbus_kl
1002263,KL1212 PASAR KLANG LAMA,3.0923666487538,101.67504495979,rapidbus_kl
1002575,KL1267 PLAZA PRIMA,3.0890109519977,101.67435542147,rapidbus_kl
1004262,KL1268 WISMA TEOH CHIN KEE,3.0866355709206,101.67388225873,rapidbus_kl
1002195,KL1269 PEARL POINT,3.0835904519984,101.67119037612,rapidbus_kl
1003077,KL1270 TAMAN YARL (UTARA),3.082005,101.668566,rapidbus_kl
1001906,KL1348 MASJID ABDUL RAHMAN,3.0797726835549,101.6655312482,rapidbus_kl
1002175,KL1349 PANGSAPURI SRI JATI,3.0776171979654,101.66383355433,rapidbus_kl
1003579,KL1351 NEST RESIDENCE (OPP),3.0749481692745,101.66078147764,rapidbus_kl
1003222,KL1352 SHELL TAMAN KUCHAI,3.0739527099007,101.65932732328,rapidbus_kl
1002118,KL1353 OUG PARKLANE,3.070513914108,101.65676696837,rapidbus_kl
1003944,SJ352 BHPETROL BUKIT KUCHAI,3.058117,101.638599,rapidbus_kl
1004078,SJ353 BUKIT KUCHAI,3.0573787950817,101.63307641888,rapidbus_kl
1004079,SJ354 BHPETROL,3.0569807544853,101.63001155169,rapidbus_kl
1001058,SJ358 KOMUNITI PUCHONG JAYA (OPP),3.0528842606685,101.62487388353,rapidbus_kl
1004141,SJ625 TRACTOR MALAYSIA,3.015995,101.610628,rapidbus_kl
1001053,SJ601 JEJANTAS SK PUCHONG UTAMA 3,3.0014403214833,101.61194528657,rapidbus_kl
1001048,SJ603 PUCHONG UTAMA 1 (PRESINT10),3.001928,101.611521,rapidbus_kl
1004140,SJ605 TRACTORS MALAYSIA,3.0159634449745,101.61023858797,rapidbus_kl
1001615,SJ677 KOMPLEKS RAKAN MUDA,3.0204021983635,101.61167012268,rapidbus_kl
1005066,LRT PERINDUSTRIAN PUCHONG,3.022071,101.613639,rapidbus_kl
1002662,SJ330 PUSAT IT KOMUNITI/TAMAN MERAK,3.053174,101.624554,rapidbus_kl
1003690,SJ331 TM KINRARA,3.056785,101.628304,rapidbus_kl
1004080,SJ332 APARTMENT SRI CEMPAKA,3.057354,101.630588,rapidbus_kl
1001241,SJ333 PERUMAHAN AMAN SARI,3.057626,101.632811,rapidbus_kl
1003943,SJ334 TAMAN BUKIT KUCHAI,3.0584740354052,101.63895995946,rapidbus_kl
1000977,SJ340 JEJANTAS TAMAN KINRARA,3.0646661482707,101.64930516488,rapidbus_kl
1003533,KL1342 MENARA IIP (OPP),3.0689529989657,101.65504988486,rapidbus_kl
1001338,KL1343 OUG PARKLANE (OPP),3.0699834974841,101.65616583845,rapidbus_kl
1000437,KL1344 CALTEX TAMAN KUCHAI,3.0733168962789,101.65793524654,rapidbus_kl
1001933,KL1345 MASJID JAMEK PETALING,3.0762449803645,101.66164947585,rapidbus_kl
1001872,KL1346 PANGSAPURI SRI JATI (OPP),3.078180689134,101.6638491875,rapidbus_kl
1002400,KL1347 MASJID ABDUL RAHMAN (OPP),3.080146371525,101.66530040274,rapidbus_kl
1000730,KL1271 TAMAN YARL (UTARA),3.0823313189399,101.66828836662,rapidbus_kl
1000506,KL1272 PEARL POINT,3.084468,101.671892,rapidbus_kl
1002401,KL1274 ROZEL,3.087139,101.673633,rapidbus_kl
1003828,KL1275 PLAZA PRIMA (OPP),3.0905681300214,101.67420902381,rapidbus_kl
1004255,KL1276 VERVE SUITES,3.092457906865,101.67462926176,rapidbus_kl
1000072,KL1277 SCOTT GARDEN/AMBANK,3.0959619224579,101.67534789075,rapidbus_kl
1001474,KL1280 TAMAN SHANGHAI (SELATAN),3.099155,101.675978,rapidbus_kl
1003199,KL1281 SOUTHBANK RESIDENCE,3.101513,101.676822,rapidbus_kl
1004204,KL1282 3RD MILES SQUARE,3.103537,101.677629,rapidbus_kl
1001009,KL1283 SHELL (OPP),3.105557,101.678057,rapidbus_kl
1004229,KL1284 WISMA BUDDHIST,3.108093,101.678386,rapidbus_kl
1001346,KL1395 SAVILLE RESIDENCE (OPP),3.110688,101.678065,rapidbus_kl
1004209,KL1535 MIDVALLEY,3.119766,101.679256,rapidbus_kl
1000206,KL1086 IPD BRICKFIELDS,3.126168,101.682412,rapidbus_kl
1001512,KL1079 KL SENTRAL,3.132961,101.687618,rapidbus_kl
1004275,KL1090 SENTRAL EXHIBITION MALL,3.134408,101.688902,rapidbus_kl
1003588,KL1925 JABATAN WARISAN NEGARA,3.138258,101.694216,rapidbus_kl
1002639,KL1091 PUBLIC BANK (OPP),3.138761,101.695062,rapidbus_kl
1001921,SJ300 MASJID PUCHONG PERDANA,3.009608,101.608224,rapidbus_kl
1000745,SJ301 FLAT PUCHONG INDAH,3.010214,101.609935,rapidbus_kl
1002155,SJ609 SETIA WALK (SELATAN),3.029122,101.614638,rapidbus_kl
1003510,SJ611 SETIAWALK MALL,3.0288195079409,101.61521542686,rapidbus_kl
1000070,SJ667 TAMAN INDUSTRI PUCHONG,3.0227373948343,101.61417436779,rapidbus_kl
1003977,SJ623 FLAT PUCHONG INDAH,3.0099794568679,101.61026827472,rapidbus_kl
1001940,(M) SJ302 MASJID PUCHONG PERDANA (OPP),3.009161,101.608268,rapidbus_kl
1004343,(M) KL2213 PASAR SENI (PLATFORM C1 - C3),3.142446,101.695523,rapidbus_kl
1001325,KL1365 SKYVILLE 8 (OPP),3.082078,101.664858,rapidbus_kl
1003260,KL1798 BINASTRALAND,3.083261,101.661574,rapidbus_kl
1000321,BLOK 34 TADIKA KEMAS,3.071845481033,101.65218433374,rapidbus_kl
1000893,PJ127 HENTIAN BAS SERI MANJA,3.074811,101.644139,rapidbus_kl
1003613,PJ123 SRI MANJA SQUARE,3.0731162271999,101.64739386559,rapidbus_kl
1000238,KL1385 BAYVIEW COURT ID (OPP),3.0719174345464,101.64871181365,rapidbus_kl
1000328,KL1386 SURAU NURUL IMAN,3.0714104396593,101.65006579652,rapidbus_kl
1003802,KL1387 1K TRICOURT (OPP),3.0713544553467,101.65141706912,rapidbus_kl
1002295,KL1378 FLAT TAMAN SERI SENTOSA,3.0732247440923,101.65150403197,rapidbus_kl
1000136,KL1379 APT PINANG BLOK 13 (BARAT),3.0750468306887,101.6528359622,rapidbus_kl
1000139,KL1380 APT PINANG 1A (UTARA),3.0763897833728,101.65370442534,rapidbus_kl
1000142,KL2159 APT SERI SENTOSA (UTARA),3.077075,101.654551,rapidbus_kl
1000263,KL1389 APT SERI SENTOSA AC4,3.077505,101.656498,rapidbus_kl
1000185,KL1390 AVENUE COURT,3.078045,101.659352,rapidbus_kl
1002593,KL1391 TAMAN SERI SENTOSA (TIMUR),3.079507,101.661812,rapidbus_kl
1000367,KL1392 BOMBA KLANG LAMA,3.081894,101.660886,rapidbus_kl
1003259,KL1799 PETALZ RESIDENCE,3.083515,101.661221,rapidbus_kl
1000633,KL1393 PETRON BT 5 3/4,3.083148,101.663188,rapidbus_kl
1000200,KL1394 SKYVILLE 8,3.082038,101.665697,rapidbus_kl
1006524,SJ63 LRT SUBANG JAYA,3.084555,101.587181,rapidbus_kl
1000456,SJ60 AEON BIG SUBANG JAYA,3.082119,101.587966,rapidbus_kl
1001513,SJ637 CASA TIARA SUITE,3.082133,101.591204,rapidbus_kl
1002024,SJ64 SUBANG JAYA MEDICAL CENTRE,3.079771,101.593222,rapidbus_kl
1003280,SJ2 SIME DARBY HEALTH CARE,3.077851,101.593269,rapidbus_kl
1000523,PJ229 KOMPLEKS 3C (OPP),3.073384,101.601469,rapidbus_kl
1003708,PJ294 SUNWAY CLIO (OPP),3.0737225504127,101.60355896913,rapidbus_kl
1008430,PJ561 SUNWAY PYRAMID (OPP),3.074113,101.605891,rapidbus_kl
1001873,(M) PJ614 MASJID AL-HUSNA,3.074256,101.608951,rapidbus_kl
1000729,PJ164 ARENA SELERA LINDUNGAN,3.076672,101.616129,rapidbus_kl
1001435,PJ165 KOMERSIAL LINDUNGAN,3.078261,101.615607,rapidbus_kl
1001434,PJ167 KAMPUNG LINDUNGAN,3.079886,101.615617,rapidbus_kl
1001670,PJ168 PETRONAS DESA MENTARI (OPP),3.081834,101.618196,rapidbus_kl
1000550,PJ169 TAMAN DESARIA,3.082724,101.620879,rapidbus_kl
1001409,(M) PJ170 MENARA ANN JOO (OPP),3.084266,101.623261,rapidbus_kl
1001122,KL2155 SEKSYEN 18 (TIMUR),3.082454,101.658486,rapidbus_kl
1002021,KL2154 SEKSYEN 18,3.082399,101.659428,rapidbus_kl
1000429,PJ736 TAMAN PETALING UTAMA,3.081432,101.653433,rapidbus_kl
1001257,(M) PJ153 MENARA ANN JOO,3.083862,101.622918,rapidbus_kl
1000549,PJ157 TAMAN DESARIA (BARAT),3.081729,101.618498,rapidbus_kl
1001669,PJ358 KONTENA NASIONAL,3.081148,101.615187,rapidbus_kl
1001437,PJ622 PERUMAHAN PJS 6,3.079853,101.613795,rapidbus_kl
1003709,(M) PJ615 SUNWAY PYRAMID,3.073588,101.605895,rapidbus_kl
1000522,PJ617 KOMPLEKS 3C,3.072993,101.600748,rapidbus_kl
1003140,SJ54 SERI KUALA LUMPUR,3.076459,101.592849,rapidbus_kl
1003279,SJ55 SUBANG JAYA MEDICAL CENTRE,3.079767,101.592874,rapidbus_kl
1002020,SJ56 KOMERSIAL SS15,3.0818374454544,101.59082467831,rapidbus_kl
1000457,SJ57 AEON BIG SUBANG JAYA (OPP),3.081844,101.588307,rapidbus_kl
1003695,(M) SJ58 SUBANG PARADE (OPP),3.0812978955176,101.58560231839,rapidbus_kl
1000646,(M) SJ49 PETRON SS 17,3.079421,101.581514,rapidbus_kl
1003087,SJ47 PERUMAHAN SS 19,3.078881,101.577188,rapidbus_kl
1002351,SJ48 WISMA CONSPLANT,3.080169,101.582523,rapidbus_kl
1000364,KL1185 BALAI BOMBA TAMAN DESA,3.096833,101.677511,rapidbus_kl
1002219,KL1186 PERUMAHAN TAMAN DESA,3.099941,101.679635,rapidbus_kl
1000652,KL1187 FABER HEIGHTS,3.102058,101.680727,rapidbus_kl
1003880,KL1188 WISMA TELEKOM TAMAN DESA,3.103578,101.682278,rapidbus_kl
1001667,KL1189 KONDOMINIUM DESARINA,3.106434,101.683769,rapidbus_kl
1002111,KL1190 OBD GARDEN TOWER,3.108738,101.685547,rapidbus_kl
1002940,KL1191 PERUMAHAN TAMAN DESA,3.108481,101.688597,rapidbus_kl
1003662,KL1192 SMK DESA PERDANA,3.106388,101.689895,rapidbus_kl
1001912,KL1204 MASJID AL-MUHSININ,3.104172,101.688755,rapidbus_kl
1003408,KL2037 SMK TAMAN DESA,3.103311,101.687281,rapidbus_kl
1000653,KL1205 FABER TOWERS (OPP),3.101496,101.685088,rapidbus_kl
1003203,KL1206 SHELL TAMAN DANAU DESA,3.100554,101.686391,rapidbus_kl
1003190,KL1207 KONDOMINIUM DANAU IDAMAN,3.099161,101.686357,rapidbus_kl
1000106,KL1208 APARTMENT ABADI INDAH,3.096424,101.685293,rapidbus_kl
1000162,KL1209 TAMAN DESA (SELATAN),3.096107,101.682037,rapidbus_kl
1003873,KL1210 TAMAN DESA MEDICAL CENTRE,3.096435,101.677744,rapidbus_kl
1002606,KL1360 LRT MUHIBBAH,3.062023,101.662001,rapidbus_kl
1001560,KL1355 KOMERSIAL TAMAN BUKIT OUG,3.062029,101.664236,rapidbus_kl
1001079,KL1356 BUKIT OUG CONDOMINIUM,3.062137,101.667713,rapidbus_kl
1000307,KL2163 BUKIT OUG CONDOMINIUM,3.062544,101.669045,rapidbus_kl
1000808,KL1745 FORTUNA COURT CONDOMINIUM,3.0660668832474,101.66856023851,rapidbus_kl
1008145,UNION HEIGHTS CONDO (OPP),3.072295,101.668466,rapidbus_kl
1000287,KL1246 BHP (OPP),3.074173,101.671395,rapidbus_kl
1002891,KL2149 TAMAN OUG (UTARA),3.076692,101.675484,rapidbus_kl
1001236,KL2150 PERUMAHAN HUJAN EMAS,3.074126,101.677774,rapidbus_kl
1003901,KL2151 TAMAN OUG (SELATAN),3.072543,101.677159,rapidbus_kl
1004111,KL2152 SJKC YOKE NAM,3.074812,101.676816,rapidbus_kl
1002941,PERUMAHAN HUJAN EMAS 3,3.077156,101.675344,rapidbus_kl
1002896,PERUMAHAN HUJAN EMAS 1,3.078426,101.674323,rapidbus_kl
1002569,KL1249 OUG PLAZA (OPP),3.081988,101.670445,rapidbus_kl
1002570,KL1250 OUG PLAZA,3.0823070670119,101.67066982744,rapidbus_kl
1003144,KL1243 SK SERI MEGA,3.077568,101.670605,rapidbus_kl
1001235,KL1245 TAMAN YARL (TIMUR),3.075363,101.670712,rapidbus_kl
1002753,KOMERSIAL HUJAN EMAS 8,3.071426,101.677384,rapidbus_kl
1008144,UNION HEIGHTS CONDO,3.072134,101.668551,rapidbus_kl
1000807,KL1744 FORTUNA COURT CONDOMINIUM,3.065997722986,101.6690883904,rapidbus_kl
1000308,KL2162 KIARA RESIDENCE 2,3.062922,101.669177,rapidbus_kl
1000309,KL1357 BUKIT OUG CONDOMINIUM (OPP),3.061792,101.666848,rapidbus_kl
1006611,KL424 ARKED ESPLANADE,3.060988,101.676295,rapidbus_kl
1006613,KL571 TAMAN ESPLANADE (BARAT),3.060309,101.678176,rapidbus_kl
1006615,KL572 TAMAN ESPLANADE (TIMUR),3.059633,101.680948,rapidbus_kl
1006619,COVILLEA CONDOMINIUM,3.058765,101.685124,rapidbus_kl
1002658,KL576 IMU BUKIT JALIL,3.059171,101.687342,rapidbus_kl
1003146,KL1327 SMK SRI PETALING,3.066578,101.688183,rapidbus_kl
1002204,KL1328 BANDAR BARU SRI PETALING,3.0670949316121,101.68613487437,rapidbus_kl
1003619,KL1240 PERUMAHAN JALAN PERISA,3.0725999211481,101.68239640296,rapidbus_kl
1001238,KL1241 TAMAN BANDARAYA,3.077603,101.681197,rapidbus_kl
1002117,(M) KL1242 TAMAN BUKIT INDAH,3.0813230868955,101.68091284237,rapidbus_kl
1003765,KL1251 TAMAN GEMBIRA,3.084113,101.682045,rapidbus_kl
1003497,KL1252 TAMAN GEMBIRA (UTARA),3.085075,101.681929,rapidbus_kl
1001154,KL1253 TAMAN CONTINENTAL,3.087849,101.681617,rapidbus_kl
1001377,KL1254 TAMAN CONTINENTAL (TENGAH),3.088722,101.681392,rapidbus_kl
1001155,KL1531 TAMAN CONTINENTAL (UTARA),3.0899787628094,101.68087230078,rapidbus_kl
1001370,KL1266 KUCHAI BUSINESS PARK,3.091183,101.676011,rapidbus_kl
1000416,KL1213 KUCHAI BUSINESS CENTRE,3.0913213800017,101.67659427669,rapidbus_kl
1002833,KL1214 TAMAN LIEN HO,3.090819,101.679588,rapidbus_kl
1003474,KL1751 TAMAN CONTINENTAL,3.090276,101.681048,rapidbus_kl
1003682,KL1255 KOMERSIAL TAMAN CONTINENTAL,3.0886429685409,101.68209010132,rapidbus_kl
1003498,KL1256 TAMAN GEMBIRA,3.0851898111191,101.68207112473,rapidbus_kl
1003766,KL1257 KOMERSIAL TAMAN GEMBIRA,3.0838850004781,101.68221812928,rapidbus_kl
1001136,(M) KL1226 TAMAN BUKIT INDAH,3.080661,101.681185,rapidbus_kl
1003620,KL1237 PERUMAHAN SRI PETALING,3.0726025816592,101.68262116566,rapidbus_kl
1002663,(M) KL1238 PERUMAHAN SRI PETALING,3.070787,101.683416,rapidbus_kl
1004126,KL577 IMU BUKIT JALIL (OPP),3.059003,101.687388,rapidbus_kl
1006616,KL1288 TAMAN ESPLANADE,3.059451,101.680901,rapidbus_kl
1006614,KL1289 TAMAN ESPLANADE,3.060112,101.678101,rapidbus_kl
1006612,KL1290 ARKED ESPLANAD (OPP),3.060823,101.676138,rapidbus_kl
1004347,KL2214 PASAR SENI (PLATFORM B1 - B2),3.142615,101.695304,rapidbus_kl
1000857,KL2144 TM BRICKFIELDS,3.1374677062962,101.69324504902,rapidbus_kl
1003608,KL1760 SUASANA SENTRAL LOFT,3.1303212241286,101.68364204616,rapidbus_kl
1002086,KL1095 BANGSAR UTAMA,3.129203160217,101.68065981755,rapidbus_kl
1001788,KL1096 LRT BANGSAR (OPP),3.1273688525384,101.67914951654,rapidbus_kl
1002600,KL1097 PPR ABDULLAH HUKUM,3.1231698334516,101.67654695028,rapidbus_kl
1004110,KL1098 LRT ABDULLAH HUKUM,3.1180320477095,101.67260077298,rapidbus_kl
1008143,KL1191 IPD PANTAI,3.117224,101.667171,rapidbus_kl
1002621,PJ596 KWSP FEDERAL,3.1100056269729,101.65318137013,rapidbus_kl
1000166,PJ750 PJ8 TOWER,3.1022385629392,101.63926132215,rapidbus_kl
1001735,PJ598 FORD,3.0918510958133,101.63232647758,rapidbus_kl
1003174,PJ600 KTM SERI SETIA,3.0844706972703,101.62004709521,rapidbus_kl
1002064,PJ744 KTM SETIA JAYA,3.0837013581979,101.61282004095,rapidbus_kl
1000387,PJ606 BT10/MENTARI COURT,3.0831411956406,101.60818132555,rapidbus_kl
1003553,SJ590 ISOLA RESIDENCE,3.0823055709786,101.57980988495,rapidbus_kl
1000393,SA917 SPG BT 3 KE KLANG,3.0751295078554,101.55608246282,rapidbus_kl
1000394,SA915 JEJANTAS SHELL BT 3 (OPP),3.0733105706958,101.54917571463,rapidbus_kl
1004166,SA8 UITM PINTU UTAMA,3.0708541927405,101.50433564815,rapidbus_kl
1000170,SA9 APARTMENT BAIDURI,3.073911,101.501054,rapidbus_kl
1004172,SA10 UNISEL PINTU UTAMA,3.0779166340311,101.49615087009,rapidbus_kl
1002457,SA34 UNISEL,3.077464,101.494395,rapidbus_kl
1002458,SA35 PETRONAS SEKSYEN 7,3.075333,101.493305,rapidbus_kl
1001556,SA36 HOSPITAL SHAH ALAM (OPP),3.070554,101.491641,rapidbus_kl
1008163,SA788 UITM SHAH ALAM (BARAT),3.068427,101.491554,rapidbus_kl
1002232,SA263 WISMA TAMING SARI UITM,3.065559,101.495098,rapidbus_kl
1009247,SA264 KOLEJ PERINDU,3.066089,101.501251,rapidbus_kl
1001595,SA265 KOLEJ CEMPAKA,3.067325,101.501884,rapidbus_kl
1001605,SA266 KOLEJ SEROJA,3.067819,101.505616,rapidbus_kl
1000660,SA268 FAKULTI SAINS,3.071291,101.500812,rapidbus_kl
1001594,SA269 FAKULTI SAINS KOMPUTER,3.072465,101.499726,rapidbus_kl
1002667,SA271 DATARAN CENDEKIA,3.070673,101.496983,rapidbus_kl
1000656,SA272 PUSAT KESIHATAN UITM,3.068102,101.493183,rapidbus_kl
1001025,SA38 UITM SHAH ALAM (BARAT),3.0684281682022,101.4911058313,rapidbus_kl
1006015,SA39 HOSPITAL SHAH ALAM,3.0727,101.49166666667,rapidbus_kl
1002456,SA40 TASIK SEKSYEN 7,3.075836,101.493231,rapidbus_kl
1002459,SA41 UNISEL (OPP),3.077472,101.494058,rapidbus_kl
1004173,SA11 UNISEL (OPP),3.078164626069,101.49642595216,rapidbus_kl
1002126,SA12 APARTMENT BAIDURI (OPP),3.0734091801059,101.501787709,rapidbus_kl
1004165,SA13 UITM PINTU UTAMA (OPP),3.0716639153868,101.5037935867,rapidbus_kl
1008076,SHAH ALAM WALK,3.073295,101.516828,rapidbus_kl
1000395,SA914 JEJANTAS PETRON BT 3,3.0735089041891,101.54853587064,rapidbus_kl
1000392,SA916 SPG BT 3 KE KL,3.075421856924,101.55598314485,rapidbus_kl
1003554,SA918 ISOLA RESIDENCE (OPP),3.0827360042424,101.58028336598,rapidbus_kl
1000388,PJ605 BT 10/MENTARI COURT (OPP),3.0834860825516,101.60729171619,rapidbus_kl
1002063,PJ611 KTM SETIA JAYA (OPP),3.083955190297,101.61260155183,rapidbus_kl
1003173,PJ601 PLAZA SERI SETIA,3.0845601901256,101.61833988511,rapidbus_kl
1001734,PJ599 HIGHWAY CENTER,3.0919462531599,101.63208087033,rapidbus_kl
1000671,PJ442 FINAS,3.109654,101.643371,rapidbus_kl
1002620,PJ597 PPUM FEDERAL,3.110181,101.652903,rapidbus_kl
1004178,KL1110 STADIUM HOKI KL,3.118467,101.665014,rapidbus_kl
1001575,KL1113 BALAI ISLAM TNB,3.1183379924799,101.67225279065,rapidbus_kl
1004098,KL1114 HQ TNB,3.120784,101.673917,rapidbus_kl
1002106,KL1115 APARTMENT PUTRA RIA (OPP),3.1233380951033,101.67633743443,rapidbus_kl
1003609,KL1075 SUASANA SENTRAL LOFT,3.130377,101.684025,rapidbus_kl
1004348,(M) PASAR SENI (PLATFORM B3 - B4),3.1424,101.695304,rapidbus_kl
1003335,SK BRICKFIELDS 2,3.1307549061485,101.68823724022,rapidbus_kl
1001870,SA329 MELEWAR,3.072020407318,101.54825572318,rapidbus_kl
1000884,SA330 GOOD YEAR,3.0663936874059,101.54415471163,rapidbus_kl
1003084,SA332 KOMERSIAL SEKSYEN 15,3.0646692061697,101.5392065515,rapidbus_kl
1001318,SA333 MEDAN SELERA SEKSYEN 15,3.06453,101.5371,rapidbus_kl
1000098,SA334 DATARAN OTOMOBIL (TIMUR),3.0642308726001,101.53277382575,rapidbus_kl
1000670,SA335 KOMPLEKS FELDA,3.0629043501761,101.52477526271,rapidbus_kl
1006021,SA933 BALAI POLIS SHAH ALAM (OPP),3.0596833333333,101.52193333333,rapidbus_kl
1003090,SA934 SMK SEKSYEN 18 (OPP),3.0518101114951,101.52435336625,rapidbus_kl
1003091,SA935 SEKYEN 19 (UTARA),3.0491676178905,101.52511848214,rapidbus_kl
1000734,SA425 SEKSYEN 23 (BARAT),3.0485635236283,101.52802579656,rapidbus_kl
1002229,SA454 SEKSYEN 19 (SELATAN),3.0486761746484,101.53037420389,rapidbus_kl
1002939,SA406 SMK TAMAN SRI MUDA (TIMUR),3.025614219765,101.54145433917,rapidbus_kl
1002579,SA423 SEKSYEN 19 (SELATAN),3.0484295998569,101.5301843593,rapidbus_kl
1003085,SA936 PERUMAHAN SEKSYEN 18,3.0491453477665,101.52477282481,rapidbus_kl
1003092,SA937 SMK SEKSYEN 18,3.0514617127451,101.52414670748,rapidbus_kl
1000209,SA938 BALAI POLIS SEKSYEN 15,3.0596818439679,101.52167521309,rapidbus_kl
1000183,SA379 DATARAN OTOMOBIL,3.0632816863432,101.52574738906,rapidbus_kl
1002088,SA380 NAZA WAREHOUSE (OPP),3.0640297179382,101.53036775848,rapidbus_kl
1001473,SA382 PERINDUSTRIAN SEKSYEN 15,3.064917067079,101.53874917958,rapidbus_kl
1001423,SA134 SEKSYEN 26 (BARAT),3.037322,101.550641,rapidbus_kl
1002513,SA135 KG BARU HICOM,3.036661,101.552948,rapidbus_kl
1000431,SA93 FLAT TAMAN BUNGA RAYA (BARAT),3.017882,101.560618,rapidbus_kl
1000169,SA96 HICOM INDUSTRIAL,3.013161,101.560615,rapidbus_kl
1000304,SA100 BHP ALAM MEGAH (OPP),3.0097239567949,101.5626914035,rapidbus_kl
1002931,SA103 TAMAN REKREASI ALAM MEGAH,3.0080346522118,101.56458353826,rapidbus_kl
1006549,SA104 SK TAMAN ALAM MEGAH (OPP),3.006656,101.565798,rapidbus_kl
1004107,SA70 SMK ALAM MEGAH 2,3.003917,101.565313,rapidbus_kl
1006103,SA71 FLAT TAMAN ALAM MEGAH,3.003814,101.563061,rapidbus_kl
1000064,SA72 TAMAN ALAM MEGAH (SELATAN),3.003839,101.561253,rapidbus_kl
1000644,SJ522 PANGSAPURI SRI MUTIARA (OPP),2.994443,101.561186,rapidbus_kl
1002690,SJ523 KOMERSIAL PUTRA HEIGHTS (OPP),2.991568,101.561166,rapidbus_kl
1002103,SJ524 TAMAN PUTRA PERMAI SEKSYEN 9,2.990269,101.563929,rapidbus_kl
1000231,SJ531 GIANT PUTRA HEIGHTS (OPP),2.990248,101.572408,rapidbus_kl
1006550,SJ705 LRT PUTRA HEIGHT,2.995283,101.575734,rapidbus_kl
1006510,SJ518 GIANT PUTRA HEIGHTS,2.989968,101.572613,rapidbus_kl
1006511,SJ519 TAMAN PUTRA PERMAI SEKSYEN 10,2.989953,101.564102,rapidbus_kl
1000709,SJ520 KOMERSIAL PUTRA HEIGHTS,2.991562,101.560907,rapidbus_kl
1000708,SJ521 PANGSAPURI SRI MUTIARA,2.994181,101.560901,rapidbus_kl
1000063,SA77 TAMAN ALAM MEGAH (SELATAN),3.004108,101.561252,rapidbus_kl
1000737,SA78 FLAT TAMAN ALAM MEGAH,3.0040748096969,101.56364617404,rapidbus_kl
1003281,SA80 SK TAMAN ALAM MEGAH,3.0063060959548,101.56588768468,rapidbus_kl
1006104,SA81 TAMAN REKREASI ALAM MEGAH,3.008067,101.564309,rapidbus_kl
1000303,SA83 BHP ALAM MEGAH,3.0094254920673,101.56151920393,rapidbus_kl
1001202,SA86 TAMAN ALAM MEGAH,3.0114800329119,101.56033284097,rapidbus_kl
1006577,SA87 HICOM INDUSTRIAL (TIMUR),3.013682,101.560309,rapidbus_kl
1001196,SA89 KOBAKIN,3.0164495299106,101.56031059654,rapidbus_kl
1004095,SA90 CLARIANT,3.0181558725758,101.56033352203,rapidbus_kl
1002390,(M) SA91 SEKSYEN 26 (SELATAN),3.0238781432019,101.56151412936,rapidbus_kl
1001094,SA51 FLAT PROTON (BARAT),3.0236288779962,101.5665102546,rapidbus_kl
1001424,SA125 KG BARU HICOM,3.036568,101.551422,rapidbus_kl
1000594,DUSUN,3.2148514371484,101.4422766736,rapidbus_kl
1003443,SPG FELDA BKT CHERAKAH,3.2012830773167,101.43840573021,rapidbus_kl
1004057,TMN SRI JAYA/SURAU,3.1899161087807,101.4333455986,rapidbus_kl
1001251,KEDAI A/COND (OPP),3.185122841313,101.43364303644,rapidbus_kl
1002302,PDG BKT CHERAKAH,3.1763786811246,101.43453536885,rapidbus_kl
1003496,SPG JLN REBUNG,3.1714848097688,101.43501490102,rapidbus_kl
1003513,SPG KG/SEK UGAMA,3.1670067393269,101.43551235216,rapidbus_kl
1001112,JLN ISKANDAR/SURAU,3.1613156497938,101.43615820796,rapidbus_kl
1000399,BT 7 1/2~KLINIK ANUR,3.1509463975748,101.4375598591,rapidbus_kl
1004006,TAMAN MERU/REST MAIMUN,3.1461038924472,101.43820311329,rapidbus_kl
1003384,SMK MERU,3.1397620183958,101.4390489305,rapidbus_kl
1002378,BSN PEKAN MERU,3.1332519356789,101.43989998262,rapidbus_kl
1001528,KLINIK FITRAH,3.1304910959162,101.44020133771,rapidbus_kl
1001374,KEDAI YAMAHA,3.1289242059819,101.44040118999,rapidbus_kl
1000978,HYRAX OIL,3.1234604922344,101.44101399812,rapidbus_kl
1001493,KILANG KOMPONEN,3.1197726835588,101.44124891565,rapidbus_kl
1000069,PROTON,3.1137116204992,101.44168551643,rapidbus_kl
1001514,KLANG SENTRAL,3.1093018865614,101.4374588484,rapidbus_kl
1006610,GIANT KLANG SENTRAL,3.106533,101.440758,rapidbus_kl
1003189,MAYBANK SETIA ALAM,3.102432762302,101.44266248694,rapidbus_kl
1006606,SA825 SETIA AVENUE (UTARA),3.108273,101.446044,rapidbus_kl
1006604,SA820 SETIA CITY MALL,3.108275,101.460627,rapidbus_kl
1006592,DEWAN SRI GADING,3.100367,101.465542,rapidbus_kl
1006593,SA785 DAMAI 15 RESIDENCE,3.097073,101.462381,rapidbus_kl
1006594,PANGSAPURI SEMARAK,3.094706,101.460604,rapidbus_kl
1006595,SA798 SMK SETIA ALAM,3.094599,101.45717,rapidbus_kl
1006596,SA799 SK SETIA ALAM,3.094644,101.454304,rapidbus_kl
1006600,DATARAN SETIA PRIMA,3.094069,101.445266,rapidbus_kl
1000242,BDR BKT RAJA,3.0889279986881,101.44504833276,rapidbus_kl
1000244,BDR BKT RAJA/JOTUN,3.0845677626079,101.44625300471,rapidbus_kl
1001345,KEDAI PSM,3.0800963976163,101.44752807055,rapidbus_kl
1001297,BD190 MUTIARA BUKIT RAJA,3.075432,101.448896,rapidbus_kl
1002428,PERS BKT RAJA,3.0645293765524,101.47200490899,rapidbus_kl
1003833,TAMCO,3.0661158582544,101.47549406164,rapidbus_kl
1000335,SA283 MASJID SEKSYEN 7,3.070857,101.481785,rapidbus_kl
1000266,SA285 PANGSAPURI NILAM SARI (OPP),3.074961,101.487219,rapidbus_kl
1003855,SA300 TASIK SEKSYEN 7,3.075552,101.490161,rapidbus_kl
1000333,SA301 PANGSAPURI NILAM SARI,3.075098,101.490009,rapidbus_kl
1000331,SA302 PANGSAPURI NILAM SARI (UTARA),3.0746018567432,101.48718981095,rapidbus_kl
1003315,SA303 SK SEKSYEN 7 (UTARA),3.0729698842367,101.48506489209,rapidbus_kl
1000336,SA310 MASJID SEKSYEN 7 (OPP),3.070612,101.481918,rapidbus_kl
1000325,SA311 PANGSAPURI PKNS SEKSYEN 7 (BARAT),3.0690223949782,101.48118951544,rapidbus_kl
1000691,SA312 PANGSAPURI PKNS SEKSYEN 7 (SELATAN),3.067552,101.483797,rapidbus_kl
1003096,MIDLANDS CONVENTION CENTRE,3.067597,101.487577,rapidbus_kl
1001026,SA316 KOMERSIAL SEKSYEN 7 (UTARA),3.067662,101.489845,rapidbus_kl
1008214,SA865 PUSAT KOMERSIAL SEKSYEN 7 (TIMUR),3.066674,101.491487,rapidbus_kl
1001210,JUSCO,3.0638130280901,101.47202582697,rapidbus_kl
1003059,BD145 MUTIARA BUKIT RAJA,3.075351,101.448611,rapidbus_kl
1003025,RUMAH TERES,3.0803488254956,101.44715632192,rapidbus_kl
1000243,BDR BKT RAJA,3.0858185234795,101.44560139565,rapidbus_kl
1000245,BDR ELLIS,3.0894485022433,101.44454655852,rapidbus_kl
1003188,MAYBANK SETIA ALAM (OPP),3.1016067455821,101.44236284459,rapidbus_kl
1006609,GIANT KLANG SENTRAL (OPP),3.106302,101.440644,rapidbus_kl
1006703,(M) SA821 SETIA CITY MALL,3.108084,101.46054,rapidbus_kl
1000068,PROTON (OPP),3.1134794290864,101.44136018059,rapidbus_kl
1003218,SHELL,3.1190235234489,101.44107169953,rapidbus_kl
1000814,FUTSAL,3.1263904263026,101.44043468936,rapidbus_kl
1001373,KEDAI YAMAHA,3.1279722526513,101.44027659633,rapidbus_kl
1000292,BHP,3.1297151116215,101.44005031291,rapidbus_kl
1001936,MASJID MERU,3.1348299672687,101.43935227522,rapidbus_kl
1003318,SK SG BINJAI,3.137518097912,101.43892723284,rapidbus_kl
1003122,SMK MERU (OPP),3.1387214810681,101.43885087517,rapidbus_kl
1004035,TMN PUTRA,3.141321303192,101.43856306439,rapidbus_kl
1000398,BT 7 1/2~KLINIK ANUR,3.1511127497012,101.43718315581,rapidbus_kl
1003982,TMN ISKANDAR/SURAU,3.1610775262436,101.43582129823,rapidbus_kl
1003103,SEK AGAMA,3.1670299972394,101.4351776951,rapidbus_kl
1001915,MASJID,3.1697549016181,101.4348917173,rapidbus_kl
1002319,PDG,3.1765238647042,101.43421311831,rapidbus_kl
1001250,KEDAI A/COND,3.1855683004868,101.43327977911,rapidbus_kl
1004056,TMN SRI JAYA/SURAU,3.1896234450483,101.43303287474,rapidbus_kl
1000257,BENGKEL KERETA BKT CHERAKAH,3.2010524260599,101.43788829305,rapidbus_kl
1000593,DUSUN,3.2148343734843,101.44185552726,rapidbus_kl
1003272,SA500 TTDI JAYAMAS 1,3.099764,101.557362,rapidbus_kl
1003334,SA501 TAMAN TTDI JAYA (UTARA),3.104289,101.558538,rapidbus_kl
1003555,SA519 SUNWAY KAYANGAN,3.126252,101.518945,rapidbus_kl
1001305,"SA531 KOLEJ JASMINE, UITM PUNCAK PERDANA (OPP)",3.131544,101.494232,rapidbus_kl
1000850,SA532 UITM PUNCAK PERDANA (BARAT),3.132841,101.491766,rapidbus_kl
1003705,SK PUNCAK PERDANA/CASA SURIA,3.141819,101.497592,rapidbus_kl
1003693,DEWAN BAIDURI MBSA SUNWAY ALAM SURIA,3.138292,101.499047,rapidbus_kl
1003694,VILLA SURIA,3.136684,101.498108,rapidbus_kl
1003706,SA541 SUNWAY KAYANGAN,3.126772,101.518996,rapidbus_kl
1003707,PERUMAHAN SUNWAY KAYANGAN,3.129206,101.518539,rapidbus_kl
1003074,PANGSAPURI SUNWAY SINAR,3.131085,101.514359,rapidbus_kl
1000908,SA512 TAMAN TTDI JAYA (UTARA),3.104206,101.558827,rapidbus_kl
1003273,SA513 TTDI JAYAMAS 1,3.099505,101.557621,rapidbus_kl
1002297,(M) KL2213 PASAR SENI (PLATFORM B5),3.142408,101.695313,rapidbus_kl
1002696,PJ580 BHP SUNWAY MENTARI,3.078422,101.613815,rapidbus_kl
1001613,SJ65 KOMPLEKS 3K,3.0694781431665,101.59336344858,rapidbus_kl
1003080,SJ686 SEGI COLLEGE,3.0612070930232,101.59310291449,rapidbus_kl
1003703,SJ66 SUMMIT USJ,3.0597607939315,101.59255011466,rapidbus_kl
1000982,SJ36 USJ 10 TAIPAN (BARAT),3.048475,101.582982,rapidbus_kl
1003236,SJ37 USJ 9 (BARAT),3.043187,101.582999,rapidbus_kl
1004187,SJ28 USJ 9 (SELATAN),3.039514,101.584697,rapidbus_kl
1004184,SJ629 TAMAN PERINDUSTRIAN USJ1,3.048568,101.605762,rapidbus_kl
1003291,SJ630 SJKC CHEE WEN (OPP),3.049619,101.602492,rapidbus_kl
1001938,SJ537 IPD SUBANG JAYA (OPP),3.045879,101.588305,rapidbus_kl
1006025,SJ546 LRT TAIPAN,3.0482,101.59038333333,rapidbus_kl
1006026,SJ692 BRT USJ 7,3.05345,101.5918,rapidbus_kl
1002508,SJ633 DA MEN MALL (OPP),3.058043,101.591806,rapidbus_kl
1003702,SJ634 SUMMIT USJ (OPP),3.059654,101.592127,rapidbus_kl
1002110,SJ695 FLAT SS13 (OPP),3.066269,101.592863,rapidbus_kl
1001758,SJ636 KOMPLEKS 3K (OPP),3.069686,101.592848,rapidbus_kl
1002624,PJ178 BRT MENTARI,3.076421,101.610095,rapidbus_kl
1008663,PJ179 SUNWAY MENTARI (BARAT),3.076606,101.611625,rapidbus_kl
1008664,PJ180 SUNWAY MENTARI (TIMUR),3.076579,101.613017,rapidbus_kl
1002065,(M) PJ560 ICON CITY,3.084379,101.614769,rapidbus_kl
1002922,SJ29 USJ 9 (SELATAN),3.039213,101.585062,rapidbus_kl
1003586,SJ30 ARCADIA APARTMENT (OPP),3.039745,101.577517,rapidbus_kl
1007719,SJ33 SMK USJ 12,3.043436,101.575196,rapidbus_kl
1002953,SJ34 USJ 11 (USJ 4/9),3.0470956032656,101.57615271307,rapidbus_kl
1004186,SJ40 USJ 5 (UTARA),3.056622,101.577414,rapidbus_kl
1002885,SJ41 PERUMAHAN USJ 3,3.0595845142612,101.57946916498,rapidbus_kl
1000787,(M) SJ45 PANGSAPURI SS19,3.067757044987,101.58007828518,rapidbus_kl
1002512,SJ51 BALAI BOMBA SS17 (SELATAN),3.0734869221947,101.58391769032,rapidbus_kl
1006525,SJ52 LRT SS15,3.076001,101.585977,rapidbus_kl
1002947,SJ698 FIRST SUBANG,3.079366,101.585067,rapidbus_kl
1003696,SJ59 SUBANG PARADE,3.081309,101.585004,rapidbus_kl
1000846,SJ697 INTI SUBANG JAYA (OPP),3.072972,101.592328,rapidbus_kl
1000617,SJ53 LRT SS15,3.076573,101.586316,rapidbus_kl
1003086,SJ592 BALAI BOMBA SS17 (OPP),3.072939,101.584061,rapidbus_kl
1003666,SJ17 SS18,3.066983,101.580314,rapidbus_kl
1003587,SJ18 USJ 2,3.059481,101.579814,rapidbus_kl
1003780,SJ20 USJ 5 (SELATAN),3.053656,101.576694,rapidbus_kl
1001503,SJ25 USJ 11 PARK,3.0473865543074,101.57655345233,rapidbus_kl
1007718,SJ26 SMK USJ 12 (OPP),3.043682,101.575685,rapidbus_kl
1000159,SJ27 ARCADIA APARTMENT,3.039971,101.577693,rapidbus_kl
1004344,(M) KL2212 PASAR SENI (PLATFORM D1 - D6),3.141834,101.695246,rapidbus_kl
1008324,(M) PJ610 LRT ARA DAMANSARA (OPP),3.107109,101.585532,rapidbus_kl
1003068,PJ608 DATARAN PHB,3.108999,101.582599,rapidbus_kl
1006589,SA908 OASIS ARA DAMANSARA (SELATAN),3.112881,101.571694,rapidbus_kl
1006523,SA906 BULATAN SUBANG AIRPORT,3.116964,101.563837,rapidbus_kl
1000104,SA899 AEROTREE,3.1243614699695,101.55938979012,rapidbus_kl
1003889,SA901 SUBANG SKYPARK,3.1311661554082,101.55533657899,rapidbus_kl
1007346,SA921 KG BARU SUBANG (SELATAN),3.138994,101.552405,rapidbus_kl
1002726,SA604 U5 (SELATAN),3.140191,101.546844,rapidbus_kl
1001421,SA603 U5 (BARAT),3.146088,101.543611,rapidbus_kl
1003697,SA654 KOMERSIAL SUBANG PERDANA,3.149544,101.543415,rapidbus_kl
1002047,SA655 PEKAN BARU SUBANG,3.145205,101.538202,rapidbus_kl
1002383,SA656 KG MELAYU SUBANG (SELATAN),3.144174,101.536324,rapidbus_kl
1006785,SJKC SUBANG,3.142784,101.534938,rapidbus_kl
1002025,SA661 KG MELAYU SUBANG (BARAT),3.148488,101.530508,rapidbus_kl
1001446,SA663 TAMAN SUBANG BARU,3.1525132249343,101.52914756618,rapidbus_kl
1004134,SA777 KG MELAYU SUBANG (UTARA),3.160127208192,101.53254664638,rapidbus_kl
1002581,SA690 APARTMENT JASMINE BLOK 4,3.163214,101.535467,rapidbus_kl
1008651,SA891 APARTMENT JASMIN (OPP),3.165103,101.534858,rapidbus_kl
1000062,SA691 KOMERSIAL PUTERI SUBANG,3.167557,101.533989,rapidbus_kl
1004068,SA694 PERUMAHAN SUBANG GALAKSI,3.169365,101.534011,rapidbus_kl
1003175,SA718 TAMAN SUBANG PELANGI (UTARA),3.174006,101.531931,rapidbus_kl
1002120,SA703 KOMERSIAL SUBANG U5,3.178706,101.535787,rapidbus_kl
1003699,SA721 APARTMENT SUBANG SURIA,3.184248,101.535235,rapidbus_kl
1002185,SA707 PANGSAPURI UTARID,3.182572,101.535168,rapidbus_kl
1002121,SA698 KOMERSIAL SUBANG U5,3.1786948145849,101.5359274709,rapidbus_kl
1002783,SA699 HAB BAS U5,3.177228,101.536335,rapidbus_kl
1002075,SA704 MUTIARA SUBANG,3.183078,101.535779,rapidbus_kl
1003176,SA723 TAMAN SUBANG PELANGI,3.174251,101.532089,rapidbus_kl
1004069,SA686 PANGSAPURI SRI PELANGI,3.1690848350424,101.53428487918,rapidbus_kl
1001522,SA687 TAMAN PUTERI SUBANG,3.167513,101.534259,rapidbus_kl
1008650,SA688 APARTMENT JASMIN,3.165047,101.535131,rapidbus_kl
1002582,SA689 KOMERSIAL PINGGIRAN SUBANG,3.1625527984051,101.536002893,rapidbus_kl
1004133,SA749 KG MELAYU SUBANG (UTARA),3.159753,101.532064,rapidbus_kl
1001447,SA664 TAMAN SUBANG BARU,3.152921,101.529267,rapidbus_kl
1001733,SA667 KG MELAYU SUBANG (BARAT),3.148669,101.530516,rapidbus_kl
1002382,SA668 KG MELAYU SUBANG (SELATAN),3.144093,101.535883,rapidbus_kl
1002046,SA669 PEKAN BARU SUBANG,3.1454106605383,101.53798409554,rapidbus_kl
1003698,SA672 KOMERSIAL SUBANG PERDANA,3.149769,101.543583,rapidbus_kl
1008652,SA673 U5 (BARAT),3.145268,101.544585,rapidbus_kl
1002727,SA674 U5 (SELATAN),3.140041,101.547028,rapidbus_kl
1007347,SA922 KG BARU SUBANG (SELATAN),3.138181,101.552859,rapidbus_kl
1008269,SA904 SUBANG SKYPARK TERMINAL (OPP),3.133476,101.554369,rapidbus_kl
1003890,SA902 MALAYSIAN AIRLINE BERHAD,3.130825,101.555973,rapidbus_kl
1000105,SA900 AEROTREE (OPP),3.124724,101.559552,rapidbus_kl
1002473,SA905 PETRONAS SUBANG AIRPORT,3.1170923091616,101.56452590626,rapidbus_kl
1000157,SA907 OASIS ARA DAMANSARA (SELATAN),3.1139231503313,101.56986615583,rapidbus_kl
1003767,PJ607 OASIS RIO DAMANSARA/SYMPHONY,3.1093621466462,101.58280923832,rapidbus_kl
1006588,PJ609 LRT ARA DAMANSARA,3.107592,101.58608,rapidbus_kl
1001907,PJ283 MASJID TUN ABDUL AZIZ,3.111807,101.633184,rapidbus_kl
1000419,PJ286 THE CREST (OPP),3.110708,101.630782,rapidbus_kl
1002881,PJ287 PERUMAHAN SEKSYEN 20 (TIMUR),3.110484,101.628414,rapidbus_kl
1002950,PJ288 PERUMAHAN SEKSYEN 20 (BARAT),3.109329,101.625887,rapidbus_kl
1006254,PJ346 PERUMAHAN SS2,3.117175,101.620643,rapidbus_kl
1002113,PJ67 OCBC,3.1330018226012,101.62049666244,rapidbus_kl
1004277,PJ134 LAVELL GALLERY,3.135062,101.620776,rapidbus_kl
1001837,PJ724 DAMANSARA UPTOWN (UTARA),3.137274,101.620646,rapidbus_kl
1000297,(M) PJ208 BHP DAMANSARA UTAMA,3.1381528557811,101.62287967808,rapidbus_kl
1002389,PJ383 PELANGI ASTANA,3.153593,101.603289,rapidbus_kl
1003240,PJ384 SHELL SUNWAY DAMANSARA,3.149862,101.600192,rapidbus_kl
1007091,PJ387 MRT SURIAN,3.149407,101.593449,rapidbus_kl
1000462,PJ388 CASA INDAH,3.149751,101.586405,rapidbus_kl
1007070,PJ395 MRT KOTA DAMANSARA,3.15011,101.578551,rapidbus_kl
1001047,PJ354 GUGUSAN SEROJA,3.153494,101.577674,rapidbus_kl
1000789,PJ102 PANGSAPURI TERATAI,3.155115,101.577404,rapidbus_kl
1000700,PJ103 PANGSAPURI TANJUNG,3.155381,101.575613,rapidbus_kl
1000254,PJ104 PANGSAPURI CEMPAKA 6,3.156663,101.574355,rapidbus_kl
1002759,PJ105 PANGSAPURI CEMPAKA 1,3.158097,101.574211,rapidbus_kl
1007063,SMK SEKSYEN 10 KD (OPP),3.169991,101.578117,rapidbus_kl
1002299,PJ70 KOMERSIAL NURI 7A,3.172511,101.576523,rapidbus_kl
1001277,PJ71 PANGSAPURI KASIA (OPP),3.170344,101.575523,rapidbus_kl
1003314,PJ72 SK SEKSYEN 7 KD (OPP),3.169023,101.575702,rapidbus_kl
1003986,PJ73 PERUMAHAN SEKSYEN 7,3.167498,101.577208,rapidbus_kl
1004308,PJ801 KASTURI IDAMAN,3.176993,101.577412,rapidbus_kl
1003156,PJ63 PPR KOTA DAMANSARA,3.176733,101.577334,rapidbus_kl
1004026,PJ792 KOMERSIAL SEKSYEN 6 (TIMUR),3.161077,101.581512,rapidbus_kl
1000213,PJ97 BALAI POLIS TRAFIK KOTA DAMANSARA,3.159387,101.575426,rapidbus_kl
1002760,PJ98 PANGSAPURI CEMPAKA 1 (OPP),3.157974,101.574307,rapidbus_kl
1000699,PJ99 PANGSAPURI CEMPAKA 6 (OPP),3.1568518995607,101.57438028215,rapidbus_kl
1000788,PJ100 SK SEKSYEN 6 KD,3.155491,101.575597,rapidbus_kl
1000790,PJ101 PANGSAPURI TERATAI (OPP),3.155216,101.577493,rapidbus_kl
1000892,PJ659 GUGUSAN SEROJA,3.154181,101.577979,rapidbus_kl
1006281,PJ660 KOMERSIAL SEPAH PUTERI,3.156235,101.583059,rapidbus_kl
1007309,PJ92 PANGSAPURI SIANTAN (OPP),3.156251,101.584793,rapidbus_kl
1008655,PJ790 SRA SEKSYEN 5,3.160781,101.587662,rapidbus_kl
1001932,PJ665 MASJID KOTA DAMANSARA,3.161602,101.586886,rapidbus_kl
1000112,PJ89 PANGSAPURI CARLINA,3.158282,101.587221,rapidbus_kl
1000146,PJ91 PANGSAPURI SIANTAN,3.156103,101.585074,rapidbus_kl
1001194,PJ666 KOMERSIAL SEPAH PUTERI,3.156067,101.583167,rapidbus_kl
1000752,PJ355 GUGUSAN SEMARAK 4,3.153917,101.580029,rapidbus_kl
1000724,PJ360 GUGUSAN MAWAR,3.151152,101.578658,rapidbus_kl
1000891,PJ668 GUGUSAN MATAHARI,3.150611,101.580394,rapidbus_kl
1000463,PJ366 APARTMENT D'SHIRE VILLA,3.150244,101.583845,rapidbus_kl
1007078,PJ368 MRT SURIAN,3.149946,101.593092,rapidbus_kl
1002235,PJ369 PALM SPRING,3.1496319890538,101.59890295224,rapidbus_kl
1002388,(M) PJ370 PELANGI ASTANA (OPP),3.154399,101.603414,rapidbus_kl
1000991,PJ534 IKEA,3.1553025701426,101.61235366507,rapidbus_kl
1003194,PJ628 EMPIRE CITY,3.165622,101.615167,rapidbus_kl
1000249,PJ629 BANDAR UTAMA (OPP),3.149985,101.617426,rapidbus_kl
1007127,PJ722 SMK DAMANSARA UTAMA,3.137431,101.624474,rapidbus_kl
1001064,PJ630 JEJANTAS DAMANSARA UTAMA,3.135094,101.624479,rapidbus_kl
1000232,PJ208 KOMERSIAL SS 21/56B,3.137923,101.622136,rapidbus_kl
1004278,PJ142 KOMERSIAL SS 21/1A,3.135276,101.621019,rapidbus_kl
1000371,PJ710 BOMBA SS2,3.12595,101.623107,rapidbus_kl
1003336,PJ298 KOMERSIAL SEKSYEN 20 (BARAT),3.109585,101.626109,rapidbus_kl
1001195,PJ299 KOMERSIAL SEKSYEN 20 (TIMUR),3.110812,101.628767,rapidbus_kl
1000518,PJ300 THE CREST,3.110499,101.631737,rapidbus_kl
1004135,PJ301 DATARAN 32,3.111774,101.632859,rapidbus_kl
1004340,(M) PASAR SENI (PLATFORM A6),3.1432,101.6956,rapidbus_kl
1001539,KL1427 KTM PANTAI DALAM (SELATAN),3.094092,101.669557,rapidbus_kl
1002301,KL1428 KG PANTAI DALAM,3.0903847466841,101.66955226582,rapidbus_kl
1003039,KL1429 GASING INDAH (TIMUR),3.087277,101.666279,rapidbus_kl
1000582,KL1430 SURAU NUR FAIZZIN,3.087008,101.664886,rapidbus_kl
1002498,KL1431 GASING INDAH (BARAT),3.086907,101.663973,rapidbus_kl
1003809,PJ670 FLAT GASING INDAH,3.086365,101.662416,rapidbus_kl
1001082,PJ77 TAMAN GASING INDAH,3.085772,101.660652,rapidbus_kl
1001081,PJ409 SEKSYEN 1A,3.086407,101.657494,rapidbus_kl
1003550,PJ653 BUKIT GASING (BARAT),3.087083,101.655164,rapidbus_kl
1003646,PJ475 SK PETALING JAYA,3.088661,101.652184,rapidbus_kl
1001926,PJ476 MASJID SULTAN ABDUL AZIZ,3.091132,101.650668,rapidbus_kl
1003457,PJ477 CHURCH PJ,3.092105,101.648881,rapidbus_kl
1009134,PJ459 SELASIH COURT,3.089547,101.646593,rapidbus_kl
1009132,PJ470 UITM PJ,3.086965,101.651966,rapidbus_kl
1009133,PJ687 BUKIT GASING (BARAT),3.087266,101.655112,rapidbus_kl
1001080,PJ410 SEKSYEN 1A,3.086539,101.657477,rapidbus_kl
1001083,PJ669 TAMAN GASING INDAH,3.086087,101.659741,rapidbus_kl
1003810,PJ33 FLAT GASING INDAH (OPP),3.086441,101.662003,rapidbus_kl
1002497,KL1432 GASING INDAH (BARAT),3.086921,101.663635,rapidbus_kl
1000581,KL1433 SURAU NUR FAIZZIN (OPP),3.087158,101.664726,rapidbus_kl
1003014,KL1434 GASING INDAH (TIMUR),3.087628,101.666903,rapidbus_kl
1002300,KL1435 KG PANTAI DALAM,3.0902041819077,101.66940543305,rapidbus_kl
1001538,KL1436 KTM PANTAI DALAM (SELATAN),3.0940226640488,101.66939499241,rapidbus_kl
1001096,KL111 CENTRAL MARKET,3.144573,101.695534,rapidbus_kl
1002595,PJ634 POS MALAYSIA,3.1011573713852,101.59766835737,rapidbus_kl
1001436,SJ553 USJ 7 (SELATAN),3.067665,101.615318,rapidbus_kl
1004119,SJ559 SUNWAY COURT (OPP),3.070607,101.615779,rapidbus_kl
1000460,SJ560 PERINDUSTRIAN PJS 7,3.072809,101.615806,rapidbus_kl
1006266,PJ171 SUNWAY MENTARI (TIMUR),3.076414,101.612759,rapidbus_kl
1008640,PJ172 SUNWAY MENTARI (BARAT),3.076414,101.611584,rapidbus_kl
1006267,PJ177 BRT MENTARI,3.076086,101.610318,rapidbus_kl
1004221,PJ624 WESTERN DIGITAL,3.0911149549487,101.611083393,rapidbus_kl
1000311,KL1412 HAB PANTAI HILLPARK,3.1025691830965,101.66715103428,rapidbus_kl
1002252,KL2132 PANTAI HILLPARK (BARAT),3.1085908411426,101.66648304649,rapidbus_kl
1000220,BANGKOK BANK 2,3.1456144709275,101.69708873125,rapidbus_kl
1008294,KL109 CENTRAL MARKET (OPP),3.144052,101.695432,rapidbus_kl
1004345,(M) KL110 PASAR SENI (PLATFORM F1 - F2),3.1429,101.694761,rapidbus_kl
1002608,KL2130 PPR KERINCHI,3.108217,101.668853,rapidbus_kl
1000831,KL2131 PANTAI HILLPARK,3.108328,101.666486,rapidbus_kl
1000608,KL1401 KOMERSIAL PANTAI HILLPARK,3.1069976014096,101.66618255321,rapidbus_kl
1002030,KL2148 MID VALLEY (SELATAN),3.1163426908255,101.67610827826,rapidbus_kl
1002921,KL1914 LUCKY GARDEN,3.127174,101.673442,rapidbus_kl
1002215,KL1761 BANGSAR VILLAGE (SELATAN),3.128631,101.670213,rapidbus_kl
1000228,KL1128 BANGSAR VILLAGE (BARAT),3.129766,101.670235,rapidbus_kl
1002357,KL1132 BANGSAR TELAWI (SELATAN),3.131005,101.670385,rapidbus_kl
1002944,KL1130 BANGSAR TELAWI (TENGAH),3.132621,101.670447,rapidbus_kl
1003504,KL1129 BANGSAR TELAWI (UTARA),3.134449,101.670509,rapidbus_kl
1008142,KL1125 BANGSAR BARU (UTARA),3.136098,101.672078,rapidbus_kl
1003371,KL1147 SMK BUKIT BANDARAYA,3.1423464464086,101.67167015656,rapidbus_kl
1000225,(M) KL1139 BANGSAR SHOPPING CENTER (OPP),3.143064,101.668125,rapidbus_kl
1002901,KL1908 TAMAN BUKIT PERSEKUTUAN,3.136686,101.674128,rapidbus_kl
1002886,KL1909 SPG LORONG LIMAU MANIS,3.1356095197175,101.67409697447,rapidbus_kl
1002883,KL1904 SPG LORONG MAAROF 4,3.1338672675405,101.67406068293,rapidbus_kl
1002964,KL1911 SPG LORONG MAAROF 2,3.1330625677242,101.67400864478,rapidbus_kl
1000061,KL1912 SPG LORONG MAAROF 2,3.1315362082785,101.6739672148,rapidbus_kl
1000534,KL1157 FLAT SRI PAHANG,3.129604,101.674649,rapidbus_kl
1008686,RUMAH NO 18,3.095148,101.610208,rapidbus_kl
1008687,PJ209 PERUMAHAN SS 3,3.092885,101.607267,rapidbus_kl
1001341,PJ325 KEDAI HARDWARE,3.086796,101.622337,rapidbus_kl
1008688,MAZ INTERNATIONAL SCHOOL,3.104496,101.625818,rapidbus_kl
1008689,KOMERSIAL SS2 (VISION SPACE),3.119028,101.623668,rapidbus_kl
1006723,PANGSAPURI PAHLAWAN,3.060106,101.757615,rapidbus_kl
1006724,APARTMENT WAJA,3.057335,101.757667,rapidbus_kl
1007180,PETRONAS BTHO 2 (OPP),3.054613,101.757834,rapidbus_kl
1008003,SMK BTHO 2 (OPP),3.053884,101.755724,rapidbus_kl
1007181,SK BTHO 2 (OPP),3.052596,101.755077,rapidbus_kl
1007182,PERUMAHAN SUADAMAI,3.049777,101.754912,rapidbus_kl
1007183,KJ332 PANGSAPURI SUAKASIH (OPP),3.037933,101.758468,rapidbus_kl
1003022,TAMAN CHERAS PERDANA FASA 6,3.0391103631811,101.76329157858,rapidbus_kl
1003590,TAMAN CHERAS PERDANA FASA 5,3.041968,101.765046,rapidbus_kl
1003374,SMK CHERAS PERDANA,3.044012,101.766291,rapidbus_kl
1002212,TAMAN CHERAS PERDANA FASA 4,3.046373,101.767875,rapidbus_kl
1002468,PETRONAS CHERAS PERDANA,3.047227,101.76835,rapidbus_kl
1003007,TAMAN MEGAH 2,3.049878,101.769909,rapidbus_kl
1003180,APARTMENT NETIZEN (OPP),3.0498368588427,101.77212185602,rapidbus_kl
1008435,SJ471 HOSPITAL COLUMBIA PUCHONG,3.023088,101.622295,rapidbus_kl
1001545,AJ327 STOR MPAJ,3.132742,101.761534,rapidbus_kl
