stop_id,stop_name,stop_lat,stop_lon,operator
12000418,Setia Triangle,5.30294,100.26187,rapidbus_penang
12000427,Tingkat Kenari,5.31454,100.266,rapidbus_penang
12000512,Surau Gertak Sanggul,5.2823,100.1942,rapidbus_penang
12000513,Klinik Desa,5.28238,100.1976,rapidbus_penang
12000616,Masjid Makbul Teluk Kumbar,5.29419,100.22805,rapidbus_penang
12000847,KFC Jalan Mahsuri,5.32686,100.28667,rapidbus_penang
12000885,Sunshine Square,5.325499,100.2875,rapidbus_penang
12001442,Terminal Bas Ekpress Sg Nibong,5.3429400000000005,100.30106,rapidbus_penang
12001847,Kompleks Bukit Jambul,5.332703,100.29074,rapidbus_penang
12002205,Klinik Rakyat,5.348064900000001,100.3037163,rapidbus_penang
12001425,B Braun,5.3083800000000005,100.28226,rapidbus_penang
12001815,Fortune Court,5.3978,100.28845,rapidbus_penang
12001973,Lebuhraya Thean Teik,5.38875,100.27956,rapidbus_penang
12000213,Mar Vista,5.4707300000000005,100.27724,rapidbus_penang
12000232,Moon Light Cafe,5.47812,100.26286,rapidbus_penang
12000833,Hospital Loh Guan Lye,5.41912,100.3182,rapidbus_penang
12001060,Komtar Utara,5.41513,100.32899,rapidbus_penang
12001662,Chinese Swimming Club,5.46285,100.30404,rapidbus_penang
12001671,Harmony Residence,5.46546,100.28178,rapidbus_penang
12001677,Tsunami Village,5.4662,100.27991,rapidbus_penang
12001832,Wisma MCA,5.41841,100.32954,rapidbus_penang
12002230,Feringghi Villa,5.46537604,100.24112262,rapidbus_penang
12002976,Hotel Angsana,5.4621399,100.220251,rapidbus_penang
12000753,Kampung Telok Manan,5.57533,100.36786,rapidbus_penang
12001716,Kuarters TUDM,5.45966,100.3832,rapidbus_penang
12001731,Masjid Jamek Teluk Air Tawar,5.4882,100.3838,rapidbus_penang
12002544,SK Bagan Jermal,5.431374,100.378297,rapidbus_penang
12002637,Hub Kuala Muda,5.5692459,100.3484233,rapidbus_penang
12000746,Padang SK Pulau Mertajam,5.57072,100.36244,rapidbus_penang
12000748,SK Pulau Mertajam,5.57275,100.36416,rapidbus_penang
12001110,Masjid Bakar Kapor,5.53999,100.37881,rapidbus_penang
12001111,Bakar Kapor,5.544969999999999,100.37819,rapidbus_penang
12001113,Pasir Gebu,5.54724,100.37779,rapidbus_penang
12001714,Padang Golf TUDM,5.45589,100.38345,rapidbus_penang
12001715,Kuarters TUDM,5.45942,100.38332,rapidbus_penang
12001728,SK Telok Air Tawar,5.48427,100.38366,rapidbus_penang
12001730,Klinik Desa Teluk Air Tawar,5.48784,100.38381,rapidbus_penang
12002549,Maybank Butterworth,5.3977580000000005,100.367789,rapidbus_penang
12000063,BHP Kampung Baru,5.40468,100.29051,rapidbus_penang
12000968,SK Padang Tembak,5.41019,100.29205,rapidbus_penang
12001376,Jalan Sempadan,5.40766,100.28867,rapidbus_penang
12000460,Penjara P.Pinang(Hospital),5.41364,100.31312,rapidbus_penang
12001508,Pusat Perniagaan Desa Murni,5.4371,100.43021,rapidbus_penang
12001547,Masjid Nyior Sebatang,5.46042,100.44818,rapidbus_penang
12002361,Taman Pasir Indah,5.429739,100.432323,rapidbus_penang
12002364,Pejabat Pos Penanti,5.405272,100.463646,rapidbus_penang
12000251,Hospital Kepala Batas,5.51273,100.43768,rapidbus_penang
12001851,Taman Perda Indah,5.510836,100.50481,rapidbus_penang
12001855,Kiosk Bertam,5.5181,100.44867,rapidbus_penang
12001856,Kayangan,5.51812,100.45221,rapidbus_penang
12001858,Masjid Kubang Menerong,5.51857,100.50645,rapidbus_penang
12001863,MRSM Kepala Batas,5.519430000000001,100.47277,rapidbus_penang
12001872,Taman Sri Menderung,5.51461,100.50602,rapidbus_penang
12002949,Bertam Putra 3,5.5181192,100.4811417,rapidbus_penang
12002950,Pusat Penjaja Bandar Putra Bertam,5.518487599999999,100.4811202,rapidbus_penang
12000059,Pejabat Pos Ayer Itam,5.4041,100.28008,rapidbus_penang
12000151,Kek Lok Si Temple,5.40238,100.27728,rapidbus_penang
12001066,Hotel Cititel,5.42143,100.3337,rapidbus_penang
12002243,Anggerik Villa,5.368602,100.3084,rapidbus_penang
12002245,Jalan Delima 6,5.383780000000001,100.3046,rapidbus_penang
12001215,Sunway Wellesley,5.368530000000001,100.45774,rapidbus_penang
12001216,Pusat Perniagaan Permatang Rawa,5.36862,100.44489,rapidbus_penang
12001176,Pangsapuri Seri Pauh,5.36905,100.42337,rapidbus_penang
12001185,Masjid Permatang Janggus,5.40102,100.41706,rapidbus_penang
12001192,Shell Mak Mandin,5.41427,100.38765,rapidbus_penang
12002604,Kompleks Fareeda,5.405966200000001,100.4151894,rapidbus_penang
12000391,Taman Limbungan Chain Ferry,5.40078,100.37832,rapidbus_penang
12000392,Pusat Perniagaan Chain Ferry I,5.40128,100.37952,rapidbus_penang
12001879,Hospital Seberang Jaya II,5.3931,100.4062,rapidbus_penang
12001881,Hospital Seberang Jaya,5.39454,100.40633,rapidbus_penang
12001996,Pangsapuri RPKN,5.395011,100.40444,rapidbus_penang
12002533,Taman Usahaniaga,5.362278,100.465059,rapidbus_penang
12002534,Taman Machang Bubok III,5.342005,100.50447,rapidbus_penang
12000802,Cheruk Tokun,5.34746,100.4846,rapidbus_penang
12000840,SK Machang Bubok II,5.32764,100.50294,rapidbus_penang
12002540,Sentosa Residence,5.353794000000001,100.4714,rapidbus_penang
12002542,SJK(C) Jit Sin,5.363758,100.462845,rapidbus_penang
12000127,Peladang Sg.Petani,5.6192400000000005,100.47349,rapidbus_penang
12000133,DSOP Sungai Petani,5.63231,100.48248,rapidbus_penang
12001291,(M2) Terminal Jalan Petri,5.63977,100.48807,rapidbus_penang
12000276,Masjid Lama Sungai Bakap,5.221830000000001,100.49725,rapidbus_penang
12000327,Taman Sukun Indah,5.31311,100.46412,rapidbus_penang
12000336,Taman Pulasan Bukit Minyak,5.32445,100.44852,rapidbus_penang
12000887,Sunshine Square,5.3255300000000005,100.28769,rapidbus_penang
12001420,Sungai Tiram,5.30216,100.2761,rapidbus_penang
12001424,Kilang Clarion,5.30821,100.28236,rapidbus_penang
12000064,Maybank Air Itam,5.40482,100.28427,rapidbus_penang
12000403,Jalan Damai,5.33871,100.47378,rapidbus_penang
12001272,SRJK Permatang Tinggi,5.29968,100.47754,rapidbus_penang
12001370,Taman Nirwana,5.32784,100.48575,rapidbus_penang
12001681,Muda Paper II,5.28447,100.51924,rapidbus_penang
12002579,Bandar Tasek Mutiara,5.283273,100.49255,rapidbus_penang
12002581,Taman Seri Impian,5.320972,100.480637,rapidbus_penang
12002583,Kilang Ayamas,5.325512000000001,100.485898,rapidbus_penang
12000056,SM Persendirian Jit Sin,5.36339,100.4632,rapidbus_penang
12000799,Taman Jaya,5.35426,100.47074,rapidbus_penang
12002593,Masjid Jamek Alma Jaya,5.322132,100.478377,rapidbus_penang
12002599,Kampung Tasek Junjung,5.297051000000001,100.52891,rapidbus_penang
12000340,Balai Polis,5.33627,100.50874,rapidbus_penang
12000789,Kampung Janggus,5.3438300000000005,100.496,rapidbus_penang
12000796,Taman Bukit Indah,5.3501,100.47958,rapidbus_penang
12001094,Pejabat MPSP,5.36985,100.43394,rapidbus_penang
12001184,Shell Permatang To' Kandu,5.39384,100.41791,rapidbus_penang
12000350,(M3) Kilang Leader Steel,5.340330000000001,100.43884,rapidbus_penang
12000351,Balai Polis Bukit Tengah,5.34661,100.43484,rapidbus_penang
12000355,Taman Indah,5.35732,100.42726,rapidbus_penang
12001264,SMK Simpang Empat,5.2792,100.47689,rapidbus_penang
12000177,(M2) Mydin Mall,5.36972,100.41517,rapidbus_penang
12000273,Balai Polis Sungai Bakap,5.21584,100.49724,rapidbus_penang
12000328,Taman Sukun Indah,5.31439,100.46295,rapidbus_penang
12000918,Super-Rider Motor Sdn Bhd,5.18075,100.48394,rapidbus_penang
12001263,SMK Simpang Empat,5.27778,100.47687,rapidbus_penang
12001482,Perkampungan Jawi,5.21173,100.49705,rapidbus_penang
12002338,RTC Jalan Simpang Empat,5.262094,100.472864,rapidbus_penang
12002348,Masjid Kampung Setol,5.372746,100.409622,rapidbus_penang
12000703,Masjid Permatang Kebun Sireh,5.36085,100.43733,rapidbus_penang
12000958,Taman Desa Damai,5.36532,100.44327,rapidbus_penang
12001453,Restoran Kampung Ku,5.366709999999999,100.31078,rapidbus_penang
12001498,SRJK Keong Hoe,5.34655,100.29575,rapidbus_penang
12002314,Mutiara Vista,5.398549,100.320515,rapidbus_penang
12000296,(M3) Hotel Vistana,5.33655,100.2913,rapidbus_penang
12002214,Hub Padang Kawad,5.3560444,100.29454040000002,rapidbus_penang
12003018,Desasiswa Indah Kembara,5.355855,100.29519,rapidbus_penang
12003019,Jabatan Keselamatan,5.355061,100.297966,rapidbus_penang
12003024,Dewan Budaya,5.356643,100.30398,rapidbus_penang
12003026,Desasiswa Harapan,5.354758,100.3004,rapidbus_penang
12000267,Jalan Besar,5.13523,100.46947,rapidbus_penang
12002346,Bank Rakyat Perda,5.366926,100.435744,rapidbus_penang
12002347,Allagapas,5.36458,100.426927,rapidbus_penang
12001099,Permatang Batu,5.36439,100.43153,rapidbus_penang
12002015,Flat Boon Siew,5.45615,100.28251,rapidbus_penang
12000027,Dell,5.307167,100.29253,rapidbus_penang
12000030,Brady Technology,5.305717,100.29559,rapidbus_penang
12002049,Mini Circuits,5.294636,100.290985,rapidbus_penang
12002069,Jeti Pulau Jerejak,5.34301,100.31122,rapidbus_penang
12000013,Intel PG12,5.328467,100.30004,rapidbus_penang
12000874,Dynacraft Industries,5.305075,100.27721,rapidbus_penang
12000807,Pepper Estate,5.454606,100.29941,rapidbus_penang
12000812,Tenby School,5.458625,100.28201,rapidbus_penang
12001411,Menara KWSP,5.42341,100.3304,rapidbus_penang
12000195,YGGS World,5.29422,100.27915,rapidbus_penang
12000196,Pasar Batu Maung,5.29516,100.27979,rapidbus_penang
12000240,Pejabat Pos Batu Maung,5.285419999999999,100.28663,rapidbus_penang
12000311,Taman Bukit Gambir,5.37312,100.29845,rapidbus_penang
12000584,Masjid Jelutong,5.39272,100.31461,rapidbus_penang
12000610,Kampung Kolam,5.41606,100.33669,rapidbus_penang
12001805,Klinik Kesihatan,5.320778,100.27966,rapidbus_penang
12002304,Taman Sri Bayu,5.29714,100.2566,rapidbus_penang
12002312,SK Batu  Maung,5.2812222,100.2825437,rapidbus_penang
12000360,Chinese Recreation Club,5.42517,100.3191,rapidbus_penang
12000722,Flat Kelawei,5.4313,100.31533,rapidbus_penang
12000724,Pangsapuri Festival,5.43341,100.31219,rapidbus_penang
12001655,Masjid Karwa,5.45482,100.30678,rapidbus_penang
12001659,Flat UDA,5.46192,100.30644,rapidbus_penang
12001766,Teluk Bahang,5.45971,100.21782,rapidbus_penang
12003014,Masjid Terapung,5.4676422,100.2772938,rapidbus_penang
12000052,Wisma Persekutuan,5.419625,100.32334,rapidbus_penang
12000006,Pejabat Pos Macallum,5.40606,100.3319,rapidbus_penang
12001448,Jejantas Batu Uban,5.35418,100.30793,rapidbus_penang
12002316,Gedung Height IV,5.316179,100.282016,rapidbus_penang
12000897,Hong Seng Estate,5.440930000000001,100.30298,rapidbus_penang
12002028,Lorong Lembah Permai 3,5.45394,100.28836,rapidbus_penang
12001495,Klinik Kesihatan Sg Dua,5.34375,100.29753,rapidbus_penang
12001976,Desa Intan,5.392608,100.28696,rapidbus_penang
12002032,Evergreen Paper,5.41941,100.39243,rapidbus_penang
12000032,Petronas Tanah Liat,5.3755,100.46487,rapidbus_penang
12001554,Lubuk Meriam,5.47437,100.45741,rapidbus_penang
12002356,PPD Tengah Permatang Pasir,5.418114,100.437137,rapidbus_penang
12000776,Klinik Kesihatan Kubang Semang,5.397869999999999,100.46471,rapidbus_penang
12000778,SK Penanti,5.40285,100.46455,rapidbus_penang
12001169,Permatang Pasir,5.41999,100.43668,rapidbus_penang
12001172,Kampung Kota II,5.42361,100.43552,rapidbus_penang
12001438,SK Sungai Nibong,5.338830000000001,100.29911,rapidbus_penang
12002126,Lorong Nagasari23,5.36679,100.41381,rapidbus_penang
12002523,Taman Kota Permai II,5.339943,100.45622,rapidbus_penang
12002280,SK Kongsi,5.34657,100.2305,rapidbus_penang
12000640,Kampung Besar,5.48453,100.50382,rapidbus_penang
12001525,Hadapan Stesen Minyak Shell,5.44855,100.41399,rapidbus_penang
12001595,Pekan Maklom,5.45056,100.40128,rapidbus_penang
12002611,SMK Kampung Selamat,5.4991742,100.5205353,rapidbus_penang
12002612,Balai Bomba Kampung Selamat,5.5002047,100.5214741,rapidbus_penang
12002614,Taman Selesa,5.504220200000001,100.52572,rapidbus_penang
12002622,PUSAT PERNIAGAAN PADANG SERAI,5.5153426,100.5446671,rapidbus_penang
12002623,Klinik Kesihatan Padang Serai,5.510301999999999,100.5536579,rapidbus_penang
12000489,Pusat Komersial,5.48402,100.4897,rapidbus_penang
12000491,Petronas Tasek Gelugor,5.48454,100.48759,rapidbus_penang
12000501,Tali Air Pokok Macang,5.48854,100.47059,rapidbus_penang
12000503,Dewan Seri Pokok Macang,5.4888900000000005,100.46867,rapidbus_penang
12000648,Kampung Selamat III,5.48874,100.50533,rapidbus_penang
12001518,Taman Sungai Dua,5.44548,100.42498,rapidbus_penang
12001527,Petronas Sg.Lokan,5.44909,100.41186,rapidbus_penang
12001537,Alor Merah,5.45068,100.40347,rapidbus_penang
12001950,Renesas,5.311275,100.28414,rapidbus_penang
12001952,B. Braun,5.312558,100.28348,rapidbus_penang
12001967,UTIC Service,5.318922,100.29341,rapidbus_penang
12002043,B. Braun Medical,5.309883,100.28114,rapidbus_penang
12001951,Renesas,5.3113150000000005,100.28407,rapidbus_penang
12002274,Kuala Sg.Pinang 2,5.39091,100.19928,rapidbus_penang
12000376,Permatang Pak Elong,5.507999999999999,100.40022,rapidbus_penang
12000385,Taman Aman Putra,5.51751,100.42488,rapidbus_penang
12000998,Taman Paya Keladi,5.53379,100.43171,rapidbus_penang
12000154,Klinik Desa,5.337969999999999,100.20715,rapidbus_penang
12000160,Surau Sungai Burung,5.3461300000000005,100.20839,rapidbus_penang
12000176,Hadapan Balai Polis,5.36486,100.2158,rapidbus_penang
12000631,Hadapan Lrg Kpg Perlis 3,5.33141,100.20634,rapidbus_penang
12000651,Kg Pulau Betong,5.30359,100.1974,rapidbus_penang
12000653,Pekan Pulau Betong,5.30391,100.19952,rapidbus_penang
12000661,Balai Bomba Balik Pulau,5.32599,100.21291,rapidbus_penang
12001565,(M1) SMK Seri Balik Pulau,5.3343,100.21234,rapidbus_penang
12001566,Pejabat Daerah dan Tanah,5.35066,100.23408,rapidbus_penang
12001572,Taman Poket Jalan Chai,5.35418,100.22922,rapidbus_penang
12000762,Kuala Sg. Pinang,5.39048,100.19598,rapidbus_penang
12000977,Kem PLKN Sg.Pinang,5.39998,100.21115,rapidbus_penang
12000979,Jalan Haji Hamid Senawi,5.40042,100.20902,rapidbus_penang
12002631,TAMAN SELESA,5.5040867,100.52572,rapidbus_penang
12001209,Kompleks Fareeda,5.40604,100.41534,rapidbus_penang
12000963,Lorong Padang Tembak,5.40683,100.29616,rapidbus_penang
12001379,Flat Padang Tembak,5.41063,100.29005,rapidbus_penang
12000628,Lorong Kampung Melayu,5.40372,100.28837,rapidbus_penang
12003627,Hospital Pulau Pinang,5.417962999999999,100.310628,rapidbus_penang
12001085,Kem Wataniah 509,5.422586,100.31718,rapidbus_penang
12002082,Taman Gedung Heights II,5.317312,100.27995,rapidbus_penang
12001460,Taman Sri Tunas,5.320189,100.28914,rapidbus_penang
12002256,Pekan Bayan Lepas,5.294630000000001,100.25861,rapidbus_penang
12002616,Ideal Summer Skye Square,5.299314,100.266985,rapidbus_penang
12000810,Perumahan Kastam,5.37447,100.30129,rapidbus_penang
12002242,Dewan JKKK Bukit Gelugor,5.372677,100.3028,rapidbus_penang
12001342,Pusat Perniagaan Raja Uda,5.41782,100.38021,rapidbus_penang
12001344,Petron Bagan Lalang,5.42519,100.3827,rapidbus_penang
12001039,Madrasah Adiniah A-Islamiah,5.461915,100.4004,rapidbus_penang
12001041,Surau Permatang Tok Jaya,5.4675,100.40022,rapidbus_penang
12002382,Pekan Maklom II,5.452896,100.401896,rapidbus_penang
12000111,Taman Sentral,5.42532,100.39706,rapidbus_penang
12001979,All Season Place,5.39689,100.29035,rapidbus_penang
12002617,South Homes,5.307133,100.270918,rapidbus_penang
12000144,Taman Sri Genting,5.33832,100.22207,rapidbus_penang
12000147,Taman Seri Indah,5.343380000000001,100.22744,rapidbus_penang
12000731,Taman Kota Permai,5.34397,100.45679,rapidbus_penang
12002514,Taman Lembah Permai,5.349429,100.457412,rapidbus_penang
12000148,Taman Seri Indah,5.34345,100.22733,rapidbus_penang
12000242,Balai Polis,5.28793,100.2828,rapidbus_penang
12001131,Sekolah Memandu Damar Laut,5.27816,100.26537,rapidbus_penang
12001156,SJK(T) Bayan Lepas,5.29306,100.25668,rapidbus_penang
12000415,Klinik Kesihatan Bayan Lepas,5.299901,100.26219,rapidbus_penang
12000417,JPAM Bayan Lepas,5.301789,100.26192,rapidbus_penang
12000423,Pasar MBPP,5.306801,100.26429,rapidbus_penang
12000430,Kem Sungai Ara 2,5.317285,100.26814,rapidbus_penang
12000517,Kg. Nelayan Teluk Kumbar,5.2881,100.22796,rapidbus_penang
12000617,SK Seri Bayu,5.29434,100.23005,rapidbus_penang
12001447,JPJ Batu Uban,5.35184,100.30481,rapidbus_penang
12001776,Hotel Grand Lexis,5.28696,100.23383,rapidbus_penang
12001837,Setia Welcome Center,5.32963,100.27883,rapidbus_penang
12001840,SRJK Min Sin,5.331169,100.281425,rapidbus_penang
12001842,Bukit Jambul Golf Club,5.33199,100.28419,rapidbus_penang
12002063,Bay Garden,5.336976,100.308266,rapidbus_penang
12000048,Petronas Farlim,5.38858,100.28429,rapidbus_penang
12000067,Balai Polis Kampung Baru,5.40526,100.29424,rapidbus_penang
12000849,Jalan Mahsuri,5.32695,100.28878,rapidbus_penang
12000206,Hotel Hard Rock,5.466819999999999,100.242,rapidbus_penang
12000217,Night Market,5.473763,100.24805,rapidbus_penang
12000236,Sri Sayang,5.47896,100.25527,rapidbus_penang
12000361,Kolej MSU,5.426480000000001,100.31749,rapidbus_penang
12001083,Pangsapuri Sri Pinang,5.42086,100.31724,rapidbus_penang
12001084,Kem Wataniah 509,5.42258,100.31714,rapidbus_penang
12001670,Menara Asas,5.46545,100.28374,rapidbus_penang
12001919,Love Lane,5.41834,100.3364,rapidbus_penang
12002971,Pejabat Pos Besar P.Pinang 1,5.4180154,100.3436892,rapidbus_penang
12000739,Dewan Bakau Tua,5.567819999999999,100.35953,rapidbus_penang
12001056,Kampung Penaga Dua,5.521438,100.38201,rapidbus_penang
12001114,SMK Tok Labu,5.55056,100.3773,rapidbus_penang
12001711,SMK ST Mark,5.44981,100.38293,rapidbus_penang
12000092,SK Bagan Jermal,5.4318800000000005,100.37853,rapidbus_penang
12000756,Taman Desa Kuala Muda,5.56752,100.35681,rapidbus_penang
12000757,Dewan Bakau Tua,5.56786,100.35959,rapidbus_penang
12001057,Pekan Penaga,5.52467,100.38145,rapidbus_penang
12001124,Masjid Permatang Bendahari,5.57896,100.37469,rapidbus_penang
12001722,Kolej Vokasional Butterworth,5.47414,100.38322,rapidbus_penang
12001725,Taman Ratna,5.47749,100.38341,rapidbus_penang
12001732,Taman Air Tawar Indah 2,5.490819999999999,100.38428,rapidbus_penang
12002551,Tesco Bagan Ajam,5.439352,100.38134,rapidbus_penang
12000120,Taman Selat,5.40005,100.36809,rapidbus_penang
12000123,Pejabat Kesihatan SPU,5.40636,100.36949,rapidbus_penang
12000902,Simpang Lorong Murni 5,5.43602,100.43273,rapidbus_penang
12000075,SMK Sri Mutiara,5.41031,100.30745,rapidbus_penang
12000461,Pasaraya Gama,5.413819,100.3281,rapidbus_penang
12000966,PBA,5.40882,100.29327,rapidbus_penang
12001378,Flat Padang Tembak,5.41046,100.29009,rapidbus_penang
12001822,Wisma Yatim,5.40404,100.29161,rapidbus_penang
12001920,Love Lane,5.418401,100.33614,rapidbus_penang
12000455,Padang Brown,5.412893,100.317986,rapidbus_penang
12000459,Penang Times Square,5.41332,100.3262,rapidbus_penang
12001556,Taman Pokok Sena Indah,5.47935,100.4575,rapidbus_penang
12002363,Masjid Al Muhtadin,5.407346,100.453356,rapidbus_penang
12002365,Shell Kubang Semang,5.394344,100.464442,rapidbus_penang
12001852,Taman Perda Indah,5.5109,100.50464,rapidbus_penang
12001864,MRSM Kepala Batas,5.51963,100.47281,rapidbus_penang
12002089,Bertam Putra 1,5.517612000000001,100.486015,rapidbus_penang
12000635,Kampung Pisang,5.39829,100.28194,rapidbus_penang
12001323,Jalan Pisang Embun,5.39853,100.28353,rapidbus_penang
12000860,Shell Green Lane,5.3855900000000005,100.30514,rapidbus_penang
12000864,Persatuan Kanak-Kanak Sepastik,5.3891,100.30325,rapidbus_penang
12000991,Apartmen Taman Seri Petani,5.40585,100.32143,rapidbus_penang
12000993,Jalan Patani.,5.409741,100.32274,rapidbus_penang
12001456,Astaka Gelugor,5.37239,100.30944,rapidbus_penang
12001588,Penang Japanese School,5.40843,100.3176,rapidbus_penang
12002002,Pasar Batu Lanchang II,5.39051,100.30661,rapidbus_penang
12002222,Taman Free School,5.40456399,100.3086116,rapidbus_penang
12000019,Taman Tun Sardon,5.371651,100.30281,rapidbus_penang
12001214,Taman Bandar Ampang Jajar,5.41415,100.40546,rapidbus_penang
12001217,Permatang Rawa,5.36889,100.45274,rapidbus_penang
12001218,SMK Permatang Rawa,5.36891,100.44688,rapidbus_penang
12001219,Petronas Permatang Rawa,5.36903,100.4496,rapidbus_penang
12001092,Perda Timur,5.3695,100.441,rapidbus_penang
12001194,Taman Bagan,5.41458,100.38433,rapidbus_penang
12001199,Kampung Belah 2,5.3784,100.42046,rapidbus_penang
12001220,Caltex Permatang Rawa,5.3686,100.44541,rapidbus_penang
12003015,KTM Bukit Mertajam,5.368924,100.448113,rapidbus_penang
12000913,Taman Mewah,5.3985,100.37189,rapidbus_penang
12001878,Pangsapuri B3,5.390969999999999,100.40536,rapidbus_penang
12001953,Kastam Seberang Jaya,5.39465,100.4,rapidbus_penang
12000180,Padang Kilat,5.381530000000001,100.39312,rapidbus_penang
12000393,Pusat Perniagaan Chain Ferry II,5.40244,100.38308,rapidbus_penang
12000788,Taman Remia,5.34326,100.49753,rapidbus_penang
12000790,Kampung Janggus,5.34441,100.4942,rapidbus_penang
12002981,Terminal UTC Ukir Square,5.6402774,100.4905475,rapidbus_penang
12000126,Peladang Sg.Petani,5.61914,100.47372,rapidbus_penang
12000185,Masjid Jalan Baru,5.36774,100.41932,rapidbus_penang
12000275,Hospital Sungai Bakap,5.21959,100.49815,rapidbus_penang
12000329,Taman Markisah,5.31616,100.46169,rapidbus_penang
12000438,Public Bank,5.330747,100.27945,rapidbus_penang
12001016,Pangsapuri Green Garden,5.36604,100.27329,rapidbus_penang
12001433,Petronas Kampung Jawa,5.32956,100.29436,rapidbus_penang
12000068,CIMB Bank Ayer Itam,5.4053,100.28384,rapidbus_penang
12000041,Hub Jalan Air Puteh,5.28661,100.54287,rapidbus_penang
12000598,Taman Alma Perpaduan,5.34585,100.47166,rapidbus_penang
12001266,Kg. Baru Simpang Empat,5.28653,100.47731,rapidbus_penang
12001682,Muda Paper III,5.28453,100.51734,rapidbus_penang
12000046,SJKC Sin Ya,5.330019999999999,100.47829,rapidbus_penang
12000798,Taman Sentosa,5.35331,100.47288,rapidbus_penang
12001358,Taman Seri Impian,5.31124,100.47958,rapidbus_penang
12001362,AEON Pintu Utama,5.31962,100.47699,rapidbus_penang
12001684,Kampung Hj. Abdullah,5.2847,100.51559,rapidbus_penang
12002586,B Garden,5.346003,100.471931,rapidbus_penang
12002590,Pasar Awam Taman Selamat,5.327946,100.48588,rapidbus_penang
12000341,Chinese Temple,5.33916,100.5096,rapidbus_penang
12000787,Taman Remia,5.34314,100.49807,rapidbus_penang
12000805,Pangsapuri Taman Chai Leng,5.384123000000001,100.39255,rapidbus_penang
12001178,Politeknik Seberang Perai,5.37299,100.42214,rapidbus_penang
12000917,Balai Polis Lama Bukit Panchor,5.177230000000001,100.48228,rapidbus_penang
12001258,Taman Tangling,5.26822,100.476,rapidbus_penang
12001259,Taman Belibis,5.26949,100.47668,rapidbus_penang
12001483,Perkampungan Jawi,5.21248,100.49722,rapidbus_penang
12002326,Essex,5.304322,100.472292,rapidbus_penang
12002331,Premium Outlet,5.250563,100.475252,rapidbus_penang
12002332,JKR Jawi,5.207808999999999,100.497725,rapidbus_penang
12000183,Taman Bunga Raya,5.36632,100.42163,rapidbus_penang
12000278,Taman Penyu,5.2304900000000005,100.49232,rapidbus_penang
12000343,Pejabat Veterinar,5.33632,100.44294,rapidbus_penang
12000347,Masjid Balik Bukit,5.354080000000001,100.42859,rapidbus_penang
12001253,Taman Perdana,5.26818,100.47571,rapidbus_penang
12001254,Balai Polis Simpang Empat,5.2836,100.47659,rapidbus_penang
12001257,Taman IKS Perda,5.26508,100.47411,rapidbus_penang
12001596,Masjid Sungai Rambai,5.36436,100.45317,rapidbus_penang
12002339,Kampung Tengah Kebun Sireh,5.353937999999999,100.435063,rapidbus_penang
12001499,Tesco Sungai Dua,5.35025,100.29694,rapidbus_penang
12002977,Taman Alor Vista I,5.341661,100.269612,rapidbus_penang
12003025,Kompleks Eureka,5.354763,100.30273,rapidbus_penang
12000266,Jalan Besar,5.131538,100.471214,rapidbus_penang
12002165,Mydin Mall,5.128312,100.4821847,rapidbus_penang
12000270,Taman Fajar,5.1477900000000005,100.47102,rapidbus_penang
12000028,ASE,5.308572,100.29408,rapidbus_penang
12002007,SAM Engineering & Equipment,5.29565,100.28665,rapidbus_penang
12002010,Elsoft Research,5.292789,100.28856,rapidbus_penang
12002051,Motorola,5.297999999999999,100.29277,rapidbus_penang
12000014,GUH Holdings,5.328583,100.30004,rapidbus_penang
12002206,Hill Top,5.4781326,100.2650227,rapidbus_penang
12001412,The Mansion,5.42345,100.33253,rapidbus_penang
12001415,Feruni,5.42541,100.32504,rapidbus_penang
12000204,Apartment Baiduri,5.46443,100.23876,rapidbus_penang
12000225,Feringghi Plaza,5.47743,100.2538,rapidbus_penang
12000227,Mount Pleasure,5.47754,100.27243,rapidbus_penang
12000231,Moon Light Café,5.47801,100.26288,rapidbus_penang
12000234,Double Tree Resort,5.47825,100.26897,rapidbus_penang
12001915,Hotel Armenian,5.415494,100.335,rapidbus_penang
12001942,Kompleks Makanan,5.33636,100.29348,rapidbus_penang
12002993,Presgrave Corner,5.41122,100.330436,rapidbus_penang
12000198,SJKC Weng Khai,5.29526,100.27976,rapidbus_penang
12000308,Petronas,5.362509999999999,100.29554,rapidbus_penang
12000568,Taman Dato Syed Abbas,5.39451,100.31638,rapidbus_penang
12001139,Kampung Batu Lima,5.280432,100.28036,rapidbus_penang
12001141,Taman Gembira,5.28062,100.27474,rapidbus_penang
12001838,SPICE,5.33071,100.28059,rapidbus_penang
12000718,Sri Pangkor Kondominium,5.42875,100.31974,rapidbus_penang
12000972,Gleneagles II,5.427282,100.31952,rapidbus_penang
12001754,SMK Teluk Bahang,5.45075,100.21473,rapidbus_penang
12002223,Dewan Teluk Bahang,5.45713881,100.21489682,rapidbus_penang
12002250,HILLTOP,5.47794445,100.2650168,rapidbus_penang
12000081,Sekolah Ikthisas Tentera Udara,5.45918,100.28918,rapidbus_penang
12000576,SJK(C) MOH GHEE Cawangan,5.40042,100.3222,rapidbus_penang
12001435,SRJK Kwang Hwa,5.33615,100.29726,rapidbus_penang
12001439,Masjid Jamek Sg Nibong,5.340112,100.29935,rapidbus_penang
12001457,KTM Motor,5.3727800000000006,100.30903,rapidbus_penang
12000894,Kwang Tung & Teng Chow Association,5.43515,100.30302,rapidbus_penang
12001564,Petron Jalan Sungai Kelian,5.46497,100.29183,rapidbus_penang
12000078,Taman Pantai Jerejak,5.340268,100.30331,rapidbus_penang
12001445,Taman Century,5.3477,100.30336,rapidbus_penang
12000869,SMK Convent Green Lane,5.39722,100.30376,rapidbus_penang
12002048,SMK Georgetown,5.3992,100.29881,rapidbus_penang
12001594,Pekan Maklom,5.45055,100.40147,rapidbus_penang
12000039,Masjid Kubang Semang,5.39912,100.46474,rapidbus_penang
12001338,Kolej Matrikulasi Kepala Batas,5.49712,100.43635,rapidbus_penang
12001540,Masjid Al Marbawi,5.452975,100.436775,rapidbus_penang
12001548,Masjid Nyior Sebatang,5.46106,100.44891,rapidbus_penang
12001550,Nyior Sebatang,5.46652,100.45462,rapidbus_penang
12001557,Taman Pokok Sena Indah,5.47957,100.45745,rapidbus_penang
12002359,Masjid Jamek Pongsu Seribu,5.497138,100.442742,rapidbus_penang
12000535,SMK Dato Haji Ahmad Badawi,5.50721,100.42981,rapidbus_penang
12000772,Taman Guru,5.38209,100.46393,rapidbus_penang
12001168,Pejabat Pelajaran,5.4176,100.43729,rapidbus_penang
12001337,JPS Pokok Sena,5.497099,100.430435,rapidbus_penang
12001771,Masjid Sungai Batu,5.28632,100.241,rapidbus_penang
12002305,Saujana Height,5.291580000000001,100.25035,rapidbus_penang
12002307,Pekan Teluk Kumbar,5.28745,100.23263,rapidbus_penang
12001449,Jejantas Batu Uban,5.3545,100.30856,rapidbus_penang
12001282,Pusat Perniagaan Juru Evenue,5.32564,100.43532,rapidbus_penang
12002125,Padang Permainan Taman Nagasari,5.36497,100.41395,rapidbus_penang
12002127,Padang Permainan Taman Nagasari,5.3649,100.41395,rapidbus_penang
12002129,Warung Bonda,5.3612,100.41079,rapidbus_penang
12002130,Nashmir Car Park,5.340143,100.42792,rapidbus_penang
12002585,Pusat Perniagaan Desa Wawasa,5.358213,100.447397,rapidbus_penang
12001025,JKR Paya Terubong,5.38604,100.27467,rapidbus_penang
12001886,SRJK Chong Teik,5.35127,100.23708,rapidbus_penang
12000500,Tali Air Pokok Macang,5.48851,100.47104,rapidbus_penang
12000642,Kampung Selamat I,5.493930000000001,100.50885,rapidbus_penang
12001591,Pekan Sungai Puyu,5.44873,100.39698,rapidbus_penang
12001592,(M3) Taman Seri Pinang,5.449669999999999,100.39922,rapidbus_penang
12000504,Pejabat Veterinar,5.48891,100.46059,rapidbus_penang
12000649,Kampung Selamat II,5.49319,100.50822,rapidbus_penang
12001963,Cincaria Sdn. Bhd,5.314344,100.29616,rapidbus_penang
12002277,Jalan Sungai Rusa 2,5.3786614,100.2140788,rapidbus_penang
12000259,Bertam Indah,5.5251,100.43509,rapidbus_penang
12000387,Balai Polis Trafik Kepala Batas,5.52289,100.42712,rapidbus_penang
12000708,Lahar Ikan Mati,5.53074,100.42953,rapidbus_penang
12002546,Pasar Awam Kepala Batas,5.515288,100.415881,rapidbus_penang
12000140,Pekan Kongsi,5.35078,100.23511,rapidbus_penang
12000167,SK Sg. Korok,5.3537,100.20965,rapidbus_penang
12000171,Hadapan Masjid Jalan Baru,5.35715,100.2104,rapidbus_penang
12000629,Lrg Kpg Perlis 3,5.31961,100.20483,rapidbus_penang
12000652,Kampung Pulau Betong 2,5.30379,100.19846,rapidbus_penang
12000660,Kampung Terang,5.32126,100.21199,rapidbus_penang
12000736,Kg. Sungai Korok,5.352930000000001,100.20356,rapidbus_penang
12001569,Taman Impian,5.35206,100.23124,rapidbus_penang
12001574,Pejabat Agama Daerah,5.35669,100.22716,rapidbus_penang
12002258,Titi Sungai Korok,5.352684,100.2055337,rapidbus_penang
12000985,Pusat Falak Sheik Tahir,5.4116800000000005,100.19652,rapidbus_penang
12000986,Hub Pantai Acheh,5.41632,100.19727,rapidbus_penang
12001614,Sekolah Agama Sungai Rusa,5.384957,100.21305,rapidbus_penang
12001618,Kampung Sungai Rusa,5.38703,100.21226,rapidbus_penang
12001619,Madrasah Tahfiz - Irfanratul,5.39123,100.21046,rapidbus_penang
12002345,TM Point Perda,5.368551999999999,100.436851,rapidbus_penang
12002969,Jalan Perda Barat I,5.366708900000001,100.4340636,rapidbus_penang
12002970,Jalan Perda Barat II,5.3677931,100.4322504,rapidbus_penang
12000626,Makam Shaikh Omar,5.40091,100.28718,rapidbus_penang
12002300,Klinik Kesihatan  Air Itam,5.40604,100.28224,rapidbus_penang
12000872,SMK Penang Free,5.40292,100.30405,rapidbus_penang
12000865,Gembira Parade,5.389128,100.30334,rapidbus_penang
12000051,Kolej MSU,5.41477,100.31888,rapidbus_penang
12000937,(M3) SMK Abdullah Munshi,5.40857,100.31331,rapidbus_penang
12002208,Pasar Jalan Anson,5.416127599999999,100.3209253,rapidbus_penang
12001383,Palm / Nipah Court,5.45043,100.30725,rapidbus_penang
12001341,Pusat Perniagaan Raja Uda,5.4164,100.37955,rapidbus_penang
12001345,Taman Anggerik,5.42596,100.38276,rapidbus_penang
12001524,Shell Sg. Lokan,5.44853,100.41405,rapidbus_penang
12000109,Taman Carissa Villa,5.4235,100.39725,rapidbus_penang
12000113,Pusat Perniagaan Taman Mesra,5.43041,100.397,rapidbus_penang
12002386,Pejabat Agama Daerah SPU,5.4895011,100.3971242,rapidbus_penang
12002024,SMK Tun Hussein Onn,5.38805,100.40646,rapidbus_penang
12000135,Kolej Kemahiran Tinggi Mara Balik Pulau,5.33228,100.21707,rapidbus_penang
12000149,SK Kongsi,5.34619,100.23028,rapidbus_penang
12002313,Pejabat Pos B.Pulau,5.3492573,100.2335378,rapidbus_penang
12000241,Institut Penyelidikan Perikanan,5.28554,100.28662,rapidbus_penang
12000312,Jalan Permai 1,5.37326,100.29838,rapidbus_penang
12001147,Kampung Binjai,5.2834,100.25713,rapidbus_penang
12001148,Muzium Perang,5.28372,100.28618,rapidbus_penang
12001076,Kampung Dodol,5.40492,100.31538,rapidbus_penang
12002278,Klinik Comfort,5.397133,100.314648,rapidbus_penang
12000246,Kampung Sungai Ara,5.32355,100.27444,rapidbus_penang
12000410,SK Bayan Lepas,5.29676,100.25974,rapidbus_penang
12000413,Bayu Mutiara,5.297193,100.25646,rapidbus_penang
12000432,SMK Sungai Ara,5.31967,100.27074,rapidbus_penang
12000509,Gertak Sanggul,5.27927,100.20471,rapidbus_penang
12000514,Taman Pasir Belanda,5.284813,100.21954,rapidbus_penang
12000522,Balai Polis Teluk Kumbar,5.28742,100.23045,rapidbus_penang
12001492,Terminal Ekspress Sg Nibong,5.342442,100.29952,rapidbus_penang
12001500,Tesco Sungai Dua,5.35118,100.29788,rapidbus_penang
12001504,USM,5.352876999999999,100.30185,rapidbus_penang
12001955,Krystal Point Corporate Park,5.330701,100.298996,rapidbus_penang
12002012,Lintang Kg. Masjid,5.288959999999999,100.22724,rapidbus_penang
12002059,Queensbay Mall,5.331947,100.30791,rapidbus_penang
12000071,Masjid Negeri P.Pinang,5.407769999999999,100.29997,rapidbus_penang
12000839,St. Christoper School,5.42288,100.30614,rapidbus_penang
12001011,Apartmen Taman Bendera,5.3396,100.27426,rapidbus_penang
12001020,Oriental Garden,5.37547,100.27576,rapidbus_penang
12001355,(M2) SK Jalan Residensi,5.42026,100.31155,rapidbus_penang
12001368,Heritage Club,5.41869,100.30466,rapidbus_penang
12001422,Sungai Tiram,5.302697,100.27651,rapidbus_penang
12001432,Taman Mahsuri,5.32846,100.29336,rapidbus_penang
12001814,Pasaraya Sunshine Farlim,5.39577,100.28657,rapidbus_penang
12000205,Apartment Baiduri,5.46459,100.23866,rapidbus_penang
12000221,Long Beach,5.4749,100.25005,rapidbus_penang
12000237,Basket Ball Court,5.48026,100.26052,rapidbus_penang
12000828,Masjid Simpang Enam,5.414540000000001,100.32774,rapidbus_penang
12000832,Tropicana Hotel,5.418019999999999,100.32038,rapidbus_penang
12001917,Little India,5.41647,100.33854,rapidbus_penang
12002057,Church Street Pier,5.41664,100.34413,rapidbus_penang
12002204,By The Sea,5.4691428,100.2443992,rapidbus_penang
12002253,Moon Light Bay,5.47848702,100.2616271,rapidbus_penang
12002972,Swettenham Pier Cruise Terminal,5.4185041,100.3450813,rapidbus_penang
12000602,SJKC Chung Hwa Pusat,5.41634,100.37329,rapidbus_penang
12000604,Masjid Kubang Buaya,5.41944,100.37469,rapidbus_penang
12001116,Tali Air Permatang Bendahari,5.55865,100.3771,rapidbus_penang
12001121,Kampung Sungai Kedak,5.567830000000001,100.37629,rapidbus_penang
12001122,Permatang Bendahari,5.57297,100.37571,rapidbus_penang
12001717,(M3) Pangkalan TUDM,5.463769999999999,100.38248,rapidbus_penang
12001720,SK Taman Senangan,5.471480000000001,100.38296,rapidbus_penang
12002322,(M1) Penang Sentral,5.3948602,100.3653495,rapidbus_penang
12000096,Pejabat Pos Bagan Ajam,5.43869,100.3811,rapidbus_penang
12001052,Permatang Berah,5.51375,100.38306,rapidbus_penang
12001710,SMK ST Mark,5.44958,100.383,rapidbus_penang
12001721,SK Taman Senangan,5.47172,100.38309,rapidbus_penang
12001726,Masjid Jamek Daerah SPU,5.479248999999999,100.383484,rapidbus_penang
12000007,Container Hotel,5.41415,100.34042,rapidbus_penang
12001019,Surau Al Muttaqin,5.37176,100.27534,rapidbus_penang
12001374,Nasi Kandar Salam,5.405191,100.28876,rapidbus_penang
12001916,Restoran Kapitan,5.41602,100.33892,rapidbus_penang
12001510,Desa Murni,5.4404900000000005,100.42953,rapidbus_penang
12001553,Simpang Lahar Yooi,5.4691,100.45682,rapidbus_penang
12002119,IPD Seberang Prai Utara,5.5140447,100.4395871,rapidbus_penang
12002201,(M1) The Summit,5.3657975,100.462624,rapidbus_penang
12000252,Hospital Kepala Batas,5.51283,100.43711,rapidbus_penang
12001849,(M2) Taman Sepadu,5.487509999999999,100.49526,rapidbus_penang
12001853,Taman Seri Menerong,5.513803,100.50583,rapidbus_penang
12002072,MPC,5.5153300000000005,100.4457,rapidbus_penang
12002075,Sunshine Bertam,5.51561,100.44977,rapidbus_penang
12002574,Midtown PERDA,5.502243,100.501664,rapidbus_penang
12000623,Medan Niaga Kampung Melayu,5.39941,100.28599,rapidbus_penang
12000809,Perumahan Kastam,5.37408,100.30198,rapidbus_penang
12001212,Kawasan Industri Mak Mandin,5.4134400000000005,100.39491,rapidbus_penang
12002372,Shell Mak Mandin,5.414322,100.388326,rapidbus_penang
12001189,Kawasan Industri Mak Mandin,5.41246,100.39816,rapidbus_penang
12001190,Taman Ampang Jajar,5.41376,100.40154,rapidbus_penang
12001193,Taman Bagan II,5.414540000000001,100.38274,rapidbus_penang
12001201,Kampung Pertama,5.38516,100.41869,rapidbus_penang
12002370,Taman Bagan III,5.414457,100.380917,rapidbus_penang
12001067,(M2) Megamall - Pacific,5.37879,100.39794,rapidbus_penang
12002020,Pangsapuri D18,5.39595,100.40404,rapidbus_penang
12000179,Kuil Sri Muniswara,5.380380000000001,100.39541,rapidbus_penang
12002529,Poliklinik Famili,5.391042,100.401315,rapidbus_penang
12002530,Hotel Blanket,5.394853,100.40001,rapidbus_penang
12000803,Taman Tenang,5.35147,100.47639,rapidbus_penang
12002021,Lintang Tenggiri,5.396186,100.402794,rapidbus_penang
12002541,SK Convent Bukit Mertajam,5.359338,100.465325,rapidbus_penang
12000134,MSU,5.63274,100.48289,rapidbus_penang
12002979,CP1,5.458735099999999,100.4193436,rapidbus_penang
12000284,Kilang Silitech,5.256390000000001,100.4724,rapidbus_penang
12000337,Klinik Kesihatan Bukit Minyak,5.32642,100.44798,rapidbus_penang
12000846,Jalan Mahsuri,5.32677,100.28886,rapidbus_penang
12001005,Flat 88,5.33592,100.27525,rapidbus_penang
12001010,Apartmen Taman Bendera,5.339542,100.27439,rapidbus_penang
12001896,Komplek Masyarakat Penyayang,5.41817,100.30575,rapidbus_penang
12000044,Pekan Junjung,5.297969999999999,100.53416,rapidbus_penang
12001271,Taman Perwira,5.29726,100.47861,rapidbus_penang
12000042,SK. Permatang Tiong,5.289569999999999,100.53738,rapidbus_penang
12000047,SK Alma,5.33201,100.47456,rapidbus_penang
12000404,SM Sains Tun Syed Sheh Shahabudin,5.34162,100.47417,rapidbus_penang
12001686,Taman Puteri Gunung,5.285069999999999,100.50108,rapidbus_penang
12001893,JPA Bukit Mertajam,5.35942,100.46595,rapidbus_penang
12002587,AADK Bukit Mertajam,5.343323000000001,100.471626,rapidbus_penang
12000786,Taman Machang Bubok,5.34236,100.50032,rapidbus_penang
12000797,Gereja St Anne,5.351255,100.47725,rapidbus_penang
12000806,Petronas Taman Chai Leng,5.386939,100.39364,rapidbus_penang
12001180,UITM,5.38391,100.41908,rapidbus_penang
12001808,Pasar Awam,5.392678,100.401474,rapidbus_penang
12002528,Padang Sony,5.38697,100.3988,rapidbus_penang
12000920,Taman Sintar,5.18508,100.48657,rapidbus_penang
12000921,Taman Jawi Ria,5.19303,100.49092,rapidbus_penang
12000925,Taman Jawi Jaya,5.20034,100.49492,rapidbus_penang
12001256,Menara Kerjaya Simpang Empat,5.2649300000000006,100.47425,rapidbus_penang
12001485,Taman Gamelan,5.23077,100.49233,rapidbus_penang
12000184,SK Jalan Baru,5.36751,100.4194,rapidbus_penang
12000330,Taman Markisah,5.31745,100.46007,rapidbus_penang
12000333,Taman Perindustrian Bukit Minyak 2,5.32134,100.45284,rapidbus_penang
12000346,Taman Tanah Aman,5.35248,100.43186,rapidbus_penang
12001277,Kawasan Perusahaan Permatang Tinggi,5.30701,100.4694,rapidbus_penang
12002340,SK Kebun Sireh,5.358292,100.436352,rapidbus_penang
12001505,USM,5.35307,100.30315,rapidbus_penang
12003136,SMJK Phor Tay,5.3437038,100.2959125,rapidbus_penang
12000440,Kampung Dato Keramat,5.15095,100.47223,rapidbus_penang
12002988,(M1) Hub Lebuh Carnavon,5.4126216,100.3319975,rapidbus_penang
12002219,Lembah Permai,5.45745757,100.28921211,rapidbus_penang
12001981,Batu Uban Highway,5.351251,100.30986,rapidbus_penang
12002004,Kobe Precision Technology,5.302061,100.291214,rapidbus_penang
12002006,K.K Chong Engineering,5.300322,100.286674,rapidbus_penang
12002064,Gold Coast Kondominium,5.339738,100.30965,rapidbus_penang
12000478,Jalan Evergreen,5.4533,100.30272,rapidbus_penang
12000814,Sekolah Kebangsaan Pendidikan Khas,5.45905,100.28022,rapidbus_penang
12000895,Chinese Cemetery,5.4371,100.30277,rapidbus_penang
12001563,Petron Jalan Sungai Kelian,5.464930000000001,100.2915,rapidbus_penang
12000218,Night Market,5.473932,100.248422,rapidbus_penang
12000193,LSS Electric,5.2919,100.27847,rapidbus_penang
12000194,Jalan Baru Batu Maung,5.29231,100.27854,rapidbus_penang
12000244,Hub Batu Maung,5.28965,100.28014,rapidbus_penang
12000419,(M3) Taman Rajawali 2,5.30428,100.26281,rapidbus_penang
12000429,Kem Sungai Ara,5.31706,100.2681,rapidbus_penang
12000571,Shell Jelutong,5.39617,100.3181,rapidbus_penang
12000573,Maybank Jelutong,5.397714,100.31982,rapidbus_penang
12001134,Sekolah Memandu Damar Laut,5.27866,100.26476,rapidbus_penang
12001151,Southbay Residence,5.283968,100.28633,rapidbus_penang
12001158,SJK Tamil Bayan Lepas,5.29338,100.25681,rapidbus_penang
12000358,SK Pykett Methodist,5.42197,100.32365,rapidbus_penang
12000723,Sleeping Buddha,5.4320900000000005,100.31404,rapidbus_penang
12001644,Balai Bomba Bagan Jermal,5.44088,100.30719,rapidbus_penang
12001663,Mercure Penang Beach Hotel,5.46354,100.30138,rapidbus_penang
12001673,Infinity,5.46576,100.28574,rapidbus_penang
12001756,Klinik Kesihatan Teluk Bahang,5.45571,100.21466,rapidbus_penang
12001761,Aseania Court,5.45757,100.2078,rapidbus_penang
12001762,Pasar Teluk Bahang,5.45759,100.21274,rapidbus_penang
12002210,Moon Light Bay,5.4785998,100.2613588,rapidbus_penang
12002251,Feringghi Villa,5.46523363,100.2410851,rapidbus_penang
12002975,Hotel Angsana,5.461570099999999,100.2199492,rapidbus_penang
12000808,Hotel Royal,5.422333999999999,100.3258,rapidbus_penang
12000483,Jalan Gajah I,5.4623,100.30374,rapidbus_penang
12000842,Jalan Magazine,5.411939,100.333,rapidbus_penang
12001069,Asrama Munshi,5.392361,100.31354,rapidbus_penang
12001459,Recsam,5.37671,100.30803,rapidbus_penang
12001503,USM,5.3528400000000005,100.30186,rapidbus_penang
12000896,Chinese Cemetery,5.43729,100.30267,rapidbus_penang
12000519,SKJK Poi Eng,5.28233,100.19604,rapidbus_penang
12000523,Kg. Nelayan Teluk Kumbar,5.28805,100.22803,rapidbus_penang
12000618,Flat Kg. Suluk,5.28822,100.22223,rapidbus_penang
12001018,(M1) Hub Paya Terubong - Petronas,5.371595,100.274925,rapidbus_penang
12001640,Balai Polis Jelutong,5.3914,100.31242,rapidbus_penang
12001038,Masjid Permatang Tok Jaya,5.457417,100.40129,rapidbus_penang
12001045,Persimpang Jalan Haji Murshid,5.47717,100.40144,rapidbus_penang
12002376,Astaka Mak Mandin,5.416078,100.385958,rapidbus_penang
12002384,Masjid Pekan Darat,5.475678,100.401353,rapidbus_penang
12000031,SM Islam Al-Masriyah,5.37331,100.46436,rapidbus_penang
12000034,Kolej Komuniti Bkt Mertajam,5.38,100.46451,rapidbus_penang
12001506,Taman Desa Murni,5.43508,100.43078,rapidbus_penang
12002353,Masjid Al Muhtadin,5.4073150000000005,100.453327,rapidbus_penang
12002354,Madrasah Al Nur,5.409257,100.448291,rapidbus_penang
12000475,Taman Bertam Ria,5.51,100.43351,rapidbus_penang
12001173,Kampung Kota I,5.42597,100.4346,rapidbus_penang
12001328,SMKA Al Irshad,5.48998,100.45747,rapidbus_penang
12001332,Taman Koskam,5.49377,100.45107,rapidbus_penang
12000579,Peugeot Center,5.40105,100.32306,rapidbus_penang
12002123,Kilang Punch,5.36104,100.41064,rapidbus_penang
12002511,Asrama Mattel,5.343304,100.42628,rapidbus_penang
12002521,Taman Perusahaan Ringan Juru,5.316523999999999,100.43231,rapidbus_penang
12001031,Desa Permata,5.39341,100.27625,rapidbus_penang
12002115,Terminal Bas Balik Pulau,5.351447900000001,100.2398239,rapidbus_penang
12002281,AADK Pekan Kongsi,5.35041,100.23451,rapidbus_penang
12000492,Permatang Berangan C,5.484716000000001,100.48724,rapidbus_penang
12000643,SK Kg Selamat,5.49828,100.51966,rapidbus_penang
12001521,Kampung Teluk Sungai Dua,5.4463,100.42209,rapidbus_penang
12001529,Petronas Sg. Lokan,5.4491,100.41203,rapidbus_penang
12000496,Kg Air Melintas Besar,5.48712,100.4778,rapidbus_penang
12000645,Kampung Master,5.47844,100.50137,rapidbus_penang
12000647,Kampung Besar,5.48401,100.50388,rapidbus_penang
12002553,Bandar Baru Perda,5.293231,100.23228,rapidbus_penang
12001961,Knowles Electronics,5.312894,100.298615,rapidbus_penang
12002225,Dewan JKKP Titi Teras,5.35991737,100.22315986,rapidbus_penang
12000099,Bagan Ajam,5.445209999999999,100.38213,rapidbus_penang
12000374,Permatang Binjal,5.50344,100.39402,rapidbus_penang
12000377,Permatang Sintok,5.51075,100.40301,rapidbus_penang
12000379,Taman Permatang Sintok,5.51296,100.40535,rapidbus_penang
12000375,Permatang Pak Elong,5.5078,100.40002,rapidbus_penang
12000381,Pasar Permatang Manggis,5.51526,100.41605,rapidbus_penang
12000705,Kampung Datuk,5.5254900000000005,100.42802,rapidbus_penang
12000162,Kg Sungai Burung,5.3480300000000005,100.20872,rapidbus_penang
12000164,Jalan Baru,5.35005,100.20906,rapidbus_penang
12000175,Balai Polis,5.36471,100.21568,rapidbus_penang
12001580,Pejabat Kesihatan Barat Daya,5.36391,100.21857,rapidbus_penang
12001582,Pejabat Kesihatan Barat Daya,5.36428,100.21804,rapidbus_penang
12001608,Kraf Batik Sungai Rusa,5.37743,100.21433,rapidbus_penang
12001610,Jalan Sungai Rusa 1,5.380380000000001,100.21415,rapidbus_penang
12001616,Kampung Sungai Rusa,5.386691000000001,100.212326,rapidbus_penang
12002550,Pekan Sg. Puyu,5.44872,100.39717,rapidbus_penang
12002630,TAMAN LAGENDA,5.5134471,100.5343487,rapidbus_penang
12001195,Taman Cantik,5.414630000000001,100.38273,rapidbus_penang
12001208,Permatang Janggus,5.40447,100.41627,rapidbus_penang
12001033,SJK Kong Min II,5.3952860000000005,100.2767,rapidbus_penang
12001929,Protestant Cemetry,5.4228,100.33394,rapidbus_penang
12001934,Padang Kota Lama,5.41994,100.34257,rapidbus_penang
12001936,Dewan Sri Pinang,5.420669999999999,100.34076,rapidbus_penang
12001894,Hospital P.Pinang II,5.41561,100.31017,rapidbus_penang
12001785,Hentian Kampung Bukit,5.29662,100.23239,rapidbus_penang
12001786,Kampung Matahari Naik,5.29946,100.23202,rapidbus_penang
12002615,Ideal One Resident,5.301474,100.266912,rapidbus_penang
12000470,Jalan Delima 5,5.380269999999999,100.30263,rapidbus_penang
12001349,Jalan Raja Uda I,5.4293,100.38386,rapidbus_penang
12001396,Jalan Siram II,5.41293,100.37854,rapidbus_penang
12001907,Pusat Perniagaan Ong Yi How,5.43533,100.3891,rapidbus_penang
12001340,Pusat Perniagaan Raja Uda 2,5.41628,100.37971,rapidbus_penang
12000110,Apartmen Centro View,5.4248,100.39699,rapidbus_penang
12000108,Taman Bagan Lalang,5.42154,100.3972,rapidbus_penang
12001939,Wisma Ong Hye Guon Thong,5.409269999999999,100.33018,rapidbus_penang
12001980,Shineville Park,5.39926,100.29572,rapidbus_penang
12002023,SMK Georgetown,5.39906,100.29873,rapidbus_penang
12000136,SMK Pondok Upeh,5.336040000000001,100.2197,rapidbus_penang
12002142,SK Sungai Ara,5.32664,100.2719632,rapidbus_penang
12002213,Komtar II,5.4150168,100.3308924,rapidbus_penang
12001079,Astaka Padang Brown,5.41409,100.31632,rapidbus_penang
12001081,YMCA,5.42074,100.31528,rapidbus_penang
12000287,Pejabat MPSP,5.35531,100.45097,rapidbus_penang
12002517,Pusat Perniagaan Juru,5.318611,100.44724,rapidbus_penang
12002518,Taman Perindustrian Beringin,5.31556,100.434065,rapidbus_penang
12000301,SMK Bukit Jambul,5.347928,100.291595,rapidbus_penang
12001074,Klinik Kesihatan,5.40262,100.31514,rapidbus_penang
12001088,Taman Zainal Abidin,5.40909,100.3161,rapidbus_penang
12000079,Taman Pantai Jerejak,5.34052,100.3029,rapidbus_penang
12000510,Hub Gertak Sanggul,5.28146,100.19015,rapidbus_penang
12000511,Gertak Sanggul Seafood,5.28193,100.19132,rapidbus_penang
12000613,SMK Teluk Kumbar 2,5.290398000000001,100.22214,rapidbus_penang
12001774,Flat Taman Emas Sungai Batu,5.28641,100.23697,rapidbus_penang
12001775,Restoran Sri Anjung Ikan Bakar,5.286649,100.23472,rapidbus_penang
12002105,7-Eleven Teluk Kumbar,5.2934,100.23043,rapidbus_penang
12001418,The Star Publication,5.298109999999999,100.26985,rapidbus_penang
12001843,Kompleks Bukit Jambul II,5.33242,100.29099,rapidbus_penang
12001971,Perumahan PDRM,5.38794,100.27821,rapidbus_penang
12000219,Pantai Shamrock,5.47487,100.27669,rapidbus_penang
12000224,Hotel Golden Sands,5.47606,100.2515,rapidbus_penang
12000367,Belissa Row,5.43251,100.31017,rapidbus_penang
12001653,Taman Batu Bukit,5.45231,100.30598,rapidbus_penang
12001664,Mercure Penang Beach Hotel,5.46386,100.30121,rapidbus_penang
12001667,Penang Swimming Club,5.46487,100.29629,rapidbus_penang
12001764,Hub Teluk Bahang,5.458819999999999,100.21611,rapidbus_penang
12001835,Transfer Road,5.420875,100.330605,rapidbus_penang
12002114,(M1) JETTY B,5.4137915,100.3417782,rapidbus_penang
12001107,Dewan Bakar Kapor,5.537692,100.37945,rapidbus_penang
12001109,Masjid Jamek Bakar Kapor,5.539971,100.37878,rapidbus_penang
12001112,Pasir Gebu,5.54709,100.37777,rapidbus_penang
12001118,Kampung Tok Oteh,5.5637300000000005,100.37672,rapidbus_penang
12000601,SJKC Chung Hwa Pusat,5.41552,100.37302,rapidbus_penang
12000605,Masjid Kubang Buaya,5.419630000000001,100.37489,rapidbus_penang
12001054,Permatang Pak Maras,5.51724,100.38268,rapidbus_penang
12001055,Kg Penaga Dua,5.5210300000000005,100.3821,rapidbus_penang
12001108,Dewan Bakar Kapor,5.53771,100.37949,rapidbus_penang
12001117,Tali Air Permatang Bendahari,5.55866,100.37713,rapidbus_penang
12001707,Bagan Ajam,5.44428,100.38211,rapidbus_penang
12001021,Oriental Garden,5.3757,100.27586,rapidbus_penang
12001061,Pasar Chowrasta,5.418131,100.331245,rapidbus_penang
12002991,Desa Mawar,5.3989764000000005,100.2895542,rapidbus_penang
12000058,Pejabat Pos Ayer Itam,5.4038,100.27982,rapidbus_penang
12001522,Taman Seri Murni,5.44643,100.43057,rapidbus_penang
12001541,Taman Merbau Indah,5.453180000000001,100.43756,rapidbus_penang
12001551,SK Lahar Yooi,5.46787,100.45582,rapidbus_penang
12002117,(M2) Taman Merbau Jaya,5.4564473,100.4427227,rapidbus_penang
12000487,SK Tasek Gelugor,5.48298,100.49216,rapidbus_penang
12000508,Pejabat Pos Tasek Gelugor,5.48184,100.49437,rapidbus_penang
12001862,(M1) SMK Sains Kepala Batas,5.51931,100.46866,rapidbus_penang
12001869,Kampung Pokok Jenerih,5.52158,100.5006,rapidbus_penang
12002074,Bertam Walk,5.51553,100.44817,rapidbus_penang
12002567,Kampung Pokok Jenerih I,5.521622,100.502778,rapidbus_penang
12002572,Bertam Putra 3,5.519909999999999,100.493445,rapidbus_penang
12002966,SMK Sains Kepala Batas,5.5189257000000005,100.4686695,rapidbus_penang
12002967,Kolej Jururawat,5.518196,100.4621857,rapidbus_penang
12002997,Taman Tasek Gelugor Utama II,5.491105,100.49778,rapidbus_penang
12000018,Flat Taman Tun Sardon,5.371519999999999,100.30283,rapidbus_penang
12000022,Dewan JKKK,5.37275,100.30267,rapidbus_penang
12000313,SK Bukit Gelugor,5.37685,100.30202,rapidbus_penang
12000465,Jalan Delima 2,5.38001,100.30061,rapidbus_penang
12000468,Jalan Delima 5,5.38354,100.30242,rapidbus_penang
12000934,SMK Abdullah Munshi,5.40854,100.31325,rapidbus_penang
12002221,Jalan Besi II,5.39201,100.29974,rapidbus_penang
12001210,Taman Arowana,5.410480000000001,100.41197,rapidbus_penang
12001701,Maktab Wan Jah,5.41322,100.37374,rapidbus_penang
12001702,Pangsapuri Telaga Emas,5.4134400000000005,100.37468,rapidbus_penang
12001191,PPR Ampang Jajar,5.41404,100.40542,rapidbus_penang
12001221,Kampung Permatang Rawa,5.36892,100.45022,rapidbus_penang
12002368,Gold Coin Mak Mandin,5.413702,100.393944,rapidbus_penang
12000190,(M3) GEM Megamall,5.38052,100.39569,rapidbus_penang
12000396,Stor TNB,5.40036,100.37676,rapidbus_penang
12001830,Prudential,5.39674,100.39963,rapidbus_penang
12001877,Masjid Seberang Jaya,5.38675,100.40491,rapidbus_penang
12000909,SMK Convent Butterworth,5.39697,100.36834,rapidbus_penang
12000911,Harbour Place,5.39815,100.37133,rapidbus_penang
12002532,JPJ Seberang Jaya,5.399355,100.408847,rapidbus_penang
12002535,SK Machang Bubok I,5.330297,100.503625,rapidbus_penang
12000784,Jalan Machang Bubok 2,5.34191,100.50079,rapidbus_penang
12000801,SK Juara,5.34657,100.48743,rapidbus_penang
12000804,SJK(C) Kim Sen,5.356240000000001,100.46761,rapidbus_penang
12002349,Econsave ChainFerry,5.400066000000001,100.376499,rapidbus_penang
12002536,Pusat Perniagaan Machang Bubok II,5.333046,100.504033,rapidbus_penang
12002538,Kampung Teluk Bukit,5.345768,100.489882,rapidbus_penang
12000596,Central Square,5.63629,100.48702,rapidbus_penang
12000541,Pusat Bandar,5.64414,100.48924,rapidbus_penang
12000274,Kinik Kesihatan Sungai Bakap,5.2171400000000006,100.49754,rapidbus_penang
12000066,SMK Chung Ling (P)(Kampung baru),5.40512,100.29399,rapidbus_penang
12001013,Simpang Tingkat Bukit Jambul,5.345861,100.27282,rapidbus_penang
12001366,SJK Ramakrishna,5.41292,100.30228,rapidbus_penang
12000061,Masjid Jamek Al-Qadrie,5.40437,100.28602,rapidbus_penang
12000062,SRJK Kong Min Pusat,5.40454,100.28109,rapidbus_penang
12001683,Gerai Tasek,5.28456,100.51335,rapidbus_penang
12001689,Masjid Padang Lalang,5.28477,100.50929,rapidbus_penang
12001694,(M2) Pearl City Mall,5.2777,100.49188,rapidbus_penang
12002577,Masjid Jamek Tasik Junjung,5.296951,100.527839,rapidbus_penang
12001267,Pusat Perniagan Simpang Empat,5.2889800000000005,100.47819,rapidbus_penang
12001687,Taman Tasek,5.28515,100.49751,rapidbus_penang
12001695,(M3) Pearl City Mall,5.27789,100.49068,rapidbus_penang
12002596,Taman Tasek Indah,5.284905,100.50668,rapidbus_penang
12002600,Pekan Junjung,5.298019999999999,100.534257,rapidbus_penang
12000785,Taman Machang Bubok II,5.34196,100.50327,rapidbus_penang
12000792,Kampung Teluk Bukit,5.345993,100.48952,rapidbus_penang
12001091,Perda Utama,5.36954,100.44121,rapidbus_penang
12001182,Kampung Pertama Baru,5.39013,100.41805,rapidbus_penang
12000353,Taman Tanah Aman,5.35289,100.43148,rapidbus_penang
12000354,Masjid Balik Bukit,5.35411,100.42886,rapidbus_penang
12001276,Taman Industri Ringan,5.30628,100.47027,rapidbus_penang
12000280,Kawasan Perindustrian Valdor,5.24421,100.48186,rapidbus_penang
12000344,Kampung Bersatu,5.34077,100.43801,rapidbus_penang
12000922,Masjid Daerah Jawi,5.1945,100.49156,rapidbus_penang
12002336,Masjid Lama Sungai Bakap,5.221641,100.497324,rapidbus_penang
12000961,KTM BM,5.36529,100.44748,rapidbus_penang
12001501,Restoran Nasi Kandar Pelita,5.35202,100.29904,rapidbus_penang
12001911,Lebuh Carnavon,5.41477,100.33432,rapidbus_penang
12002990,Jalan Sungai Dua,5.3540041,100.3060846,rapidbus_penang
12002062,Bay Garden,5.33694,100.30833,rapidbus_penang
12003029,Taman Pekaka,5.351421,100.29286,rapidbus_penang
12000269,Taman Seri Acheh,5.144709,100.46968,rapidbus_penang
12000914,Nibong Tebal,5.16746,100.47877,rapidbus_penang
12002164,Taman Seri Semarak,5.1225,100.48666667,rapidbus_penang
12000268,Taman Suria,5.142930000000001,100.46883,rapidbus_penang
12000915,Hub Nibong Tebal,5.168019999999999,100.47897,rapidbus_penang
12001369,Pasaraya Mydin,5.12812,100.48237,rapidbus_penang
12001102,Petron Permatang Batu,5.36447,100.4297,rapidbus_penang
12002108,Jambatan Pulau Pinang,5.355802,100.39232,rapidbus_penang
12002030,TAR Kolej II,5.4536,100.28648,rapidbus_penang
12002350,Masjid Permatang Batu,5.364658,100.428157,rapidbus_penang
12000025,Venture Electronics,5.301667,100.29407,rapidbus_penang
12000026,Jabil Circuit,5.304328,100.29144,rapidbus_penang
12000609,Fastron,5.324989,100.29604,rapidbus_penang
12002003,MOX,5.292808,100.285736,rapidbus_penang
12002050,Pentamaster,5.295761,100.28863,rapidbus_penang
12002303,KWSP Queensbay,5.33692,100.30844,rapidbus_penang
12002974,Terminal Bas Bayan Baru,5.326959,100.2803228,rapidbus_penang
12002066,Putra Place,5.339915,100.30946,rapidbus_penang
12002209,Straits Quay Marina Mall,5.457885900000001,100.3126561,rapidbus_penang
12000817,Kondominium Azuria,5.46375,100.28027,rapidbus_penang
12001927,Padang SMK Convent,5.421209999999999,100.33756,rapidbus_penang
12000202,Tropical Spice Garden,5.46338,100.22887,rapidbus_penang
12000220,Long Beach Food Court,5.474880000000001,100.25003,rapidbus_penang
12000223,Golden Sands,5.47592,100.25143,rapidbus_penang
12000200,Kampung Naran,5.29889,100.2811,rapidbus_penang
12000243,Balai Polis Batu Maung,5.288130000000001,100.28227,rapidbus_penang
12000300,SMK Bukit Jambul,5.3478900000000005,100.29174,rapidbus_penang
12000416,Kompleks Tabung Haji,5.30021,100.26228,rapidbus_penang
12000581,Bukit Dumbar,5.385280000000001,100.31048,rapidbus_penang
12001153,Jejantas SMK Bayan Lepas,5.28683,100.2565,rapidbus_penang
12001154,Kampung Seronok,5.29012,100.2568,rapidbus_penang
12002255,Pekan Bayan Lepas,5.29411,100.25772,rapidbus_penang
12001646,Masjid Bagan Jermal,5.4436,100.30578,rapidbus_penang
12001650,Wisma Binjul,5.44843,100.30522,rapidbus_penang
12001652,Island Plaza,5.45016,100.30523,rapidbus_penang
12001752,SMK Teluk Bahang,5.450542,100.214867,rapidbus_penang
12001757,Flat Hassan Abbas,5.45737,100.20986,rapidbus_penang
12002249,Tanjong Tokong,5.45684938,100.3072617,rapidbus_penang
12001070,Sunshine Jelutong,5.3939,100.31424,rapidbus_penang
12002315,Gedung Height III,5.31643,100.281049,rapidbus_penang
12000900,Kompleks Institut Pendidikan,5.45006,100.30207,rapidbus_penang
12001410,SMKA (P) Al Mashoor,5.42333,100.33028,rapidbus_penang
12002026,TAR Kolej II,5.45352,100.2863,rapidbus_penang
12000620,Jalan Kg. Suluk,5.29246,100.22298,rapidbus_penang
12001978,Balai Polis,5.395105,100.28905,rapidbus_penang
12001043,SMK Permatang Tok Jaya,5.47319,100.40124,rapidbus_penang
12002036,Flat Mak Mandin,5.41975,100.38697,rapidbus_penang
12001166,SK Permatang Pasir,5.41464,100.43781,rapidbus_penang
12001335,Taman Orkid,5.49599,100.44553,rapidbus_penang
12001526,SK Sungai Dua,5.448580000000001,100.432,rapidbus_penang
12001552,SK Lahar Yooi,5.468138,100.45597,rapidbus_penang
12001559,Pokok Sena,5.48456,100.45747,rapidbus_penang
12001562,Klinik Kesihatan,5.44249,100.42988,rapidbus_penang
12002202,SK. Bukit Indera Muda,5.4074526,100.4571627,rapidbus_penang
12002357,Taman Pasir Indah,5.429722,100.43177,rapidbus_penang
12000531,Taman Seri Indah,5.50159,100.42957,rapidbus_penang
12000533,Taman Seri Serdang,5.504441,100.42966,rapidbus_penang
12000770,Masjid Tanah Liat,5.37823,100.46494,rapidbus_penang
12000773,SK Tanah Liat,5.38503,100.46339,rapidbus_penang
12002139,Terminal Bas Ekspres Sg Nibong,5.342838700000001,100.3003478,rapidbus_penang
12001280,Taman Sri Delima,5.3217,100.43407,rapidbus_penang
12002122,Kilang LB Aluminium,5.354435,100.401979,rapidbus_penang
12002131,Medan Selera Seri Pelangi,5.3420000000000005,100.42726,rapidbus_penang
12002508,Petron Kawasan Perusahaan Perai,5.355105,100.414671,rapidbus_penang
12002522,Surau An Nur Juru,5.315739,100.4356,rapidbus_penang
12002524,Taman Lembah Permai,5.348735,100.457046,rapidbus_penang
12002527,Sri Rambai,5.363582,100.444719,rapidbus_penang
12000138,Masjid Kongsi,5.348116,100.2321,rapidbus_penang
12001028,Ruby Court,5.39133,100.27552,rapidbus_penang
12002289,SRJK Kong Min,5.39503,100.27676,rapidbus_penang
12000089,Taman Bagan Jermal,5.4268,100.37694,rapidbus_penang
12000125,Public Mutual Bagan Luar,5.41006,100.37083,rapidbus_penang
12000505,Dewan Sri Pokok Macang,5.48895,100.46866,rapidbus_penang
12001536,Masjid Alor Merah,5.45055,100.40517,rapidbus_penang
12002621,PEKAN PADANG SERAI,5.5137701,100.5521371,rapidbus_penang
12002624,Stesen Bas Padang Serai,5.5067888,100.5515862,rapidbus_penang
12000497,Masjid Pokok Macang,5.48778,100.4753,rapidbus_penang
12000502,Taman Sena Jaya 1,5.48887,100.45854,rapidbus_penang
12000646,Taman Bakawali,5.48005,100.50438,rapidbus_penang
12000650,Kampung Selamat I,5.49587,100.51321,rapidbus_penang
12002254,Apartment Bayan Permai,5.29525,100.26251,rapidbus_penang
12001931,Intel,5.327264,100.29819,rapidbus_penang
12001933,Mapa Glove,5.327569,100.29807,rapidbus_penang
12001965,Plexus Riverside,5.3169,100.2962,rapidbus_penang
12002095,TPC (M) Sdn. Bhd.,5.321028,100.29422,rapidbus_penang
12002273,Kuala Sg.Pinang 1,5.3905400000000006,100.1957,rapidbus_penang
12000257,Masjid At-Taqwa,5.5195300000000005,100.43649,rapidbus_penang
12000260,Taman Bertam Indah 2,5.5283,100.43481,rapidbus_penang
12000380,Permatang Tok Loba,5.513406,100.40665,rapidbus_penang
12000999,Kemas Kepala Batas,5.534548,100.4329,rapidbus_penang
12000258,SK/SMK Bertam Indah,5.52456,100.43502,rapidbus_penang
12000263,Masjid At-Taqwa Bertam,5.51972,100.43628,rapidbus_penang
12000384,Kompleks Kepala Batas,5.51738,100.4258,rapidbus_penang
12000386,Pasaraya Longwan,5.52086,100.42652,rapidbus_penang
12000152,Sungai Burung,5.33592,100.2069,rapidbus_penang
12000165,Kg Sungai Burung 3,5.351,100.20919,rapidbus_penang
12000170,Masjid Jalan Baru,5.357080000000001,100.2104,rapidbus_penang
12000657,Kampung Parit Lama 2,5.30966,100.20539,rapidbus_penang
12000665,Pemancar Pulau Betong,5.305,100.20146,rapidbus_penang
12000734,Pondok Polis,5.35228,100.20797,rapidbus_penang
12002257,Kampung Sg.Korok,5.3529602,100.2036215,rapidbus_penang
12000974,Pasar Sg. Pinang,5.39901,100.21339,rapidbus_penang
12000982,Surau Haji Hashim,5.40179,100.2048,rapidbus_penang
12001604,Taman Mutiara,5.37387,100.21514,rapidbus_penang
12001607,Kraf Batik Sungai Rusa,5.3771,100.21449,rapidbus_penang
12002625,Klinik Kesihatan Padang Serai,5.510374099999999,100.5535426,rapidbus_penang
12002626,PEKAN PADANG SERAI,5.5134017,100.5527057,rapidbus_penang
12002629,TAMAN MAHSURI,5.514880799999999,100.541596,rapidbus_penang
12000967,Kuartes PBA,5.409590000000001,100.29346,rapidbus_penang
12000870,Restoran McDonald,5.401269999999999,100.30418,rapidbus_penang
12001386,Tesco Tanjung Pinang II,5.45803,100.30851,rapidbus_penang
12000538,SMJK Heng Ee,5.40061,100.30887,rapidbus_penang
12000938,Rumah P. Ramlee,5.40966,100.31485,rapidbus_penang
12000994,Jalan Patani.,5.409892,100.32281,rapidbus_penang
12002240,Jalan P.Ramlee I,5.406724,100.3116,rapidbus_penang
12001346,SJKC Kwang Hwa,5.427147,100.383125,rapidbus_penang
12001904,Taman Mesra Permai,5.43091,100.39318,rapidbus_penang
12000905,Pusat Perniagaan Desa Murni,5.43886,100.4311,rapidbus_penang
12000929,Taman Dedap,5.43092,100.39354,rapidbus_penang
12002037,Flat Mak Mandin,5.41984,100.38737,rapidbus_penang
12002039,Taman Mak Mandin,5.42022,100.39313,rapidbus_penang
12000112,Taman Mesra,5.4284300000000005,100.39722,rapidbus_penang
12001584,Jejantas Jalan Sungai Pinang,5.3998800000000005,100.32544,rapidbus_penang
12001977,Pasar Farlim,5.39391,100.28861,rapidbus_penang
12002022,SK Batu Lanchang,5.39884,100.30117,rapidbus_penang
12002973,Jetty,5.414445300000001,100.3420128,rapidbus_penang
12001281,Petronas Tok Kangar,5.32455,100.43483,rapidbus_penang
12002111,Flat Macullum,5.4070800000000006,100.33167,rapidbus_penang
12000304,USM,5.356580999999999,100.29281,rapidbus_penang
12000305,Lapang Sasar Bukit Gambir,5.35952,100.29309,rapidbus_penang
12001128,Permatang Damar Laut 2,5.2765,100.26765,rapidbus_penang
12001073,Klinik Kesihatan,5.40235,100.31497,rapidbus_penang
12001078,Stadium Bandaraya,5.41124,100.31603,rapidbus_penang
12001087,Harmony View,5.40007,100.31494,rapidbus_penang
12001642,Mewah Court,5.39259,100.30614,rapidbus_penang
12000408,Seri Bayu,5.295746,100.256454,rapidbus_penang
12000515,Taman Cahaya,5.28741,100.22129,rapidbus_penang
12000614,Jalan Kg. Suluk,5.29242,100.22269,rapidbus_penang
12000851,(M2) Spice,5.32736,100.28051,rapidbus_penang
12000882,Masjid Bayan Baru,5.323671,100.28688,rapidbus_penang
12001497,SRJK Keong Hoe,5.34654,100.29564,rapidbus_penang
12001502,Apartmen Desa Universiti,5.35216,100.29911,rapidbus_penang
12000838,Kolej Disted-Stamford,5.422867,100.3085,rapidbus_penang
12001012,Pusat Agro Pelancongan,5.34165,100.27393,rapidbus_penang
12001017,Pangsapuri Green Garden,5.366619,100.27307,rapidbus_penang
12001354,Hospital P.Pinang I,5.4170300000000005,100.30933,rapidbus_penang
12001427,Snake Temple,5.314244,100.28605,rapidbus_penang
12000101,Sekolah St. Nicholas,5.43559,100.30415,rapidbus_penang
12000102,SMJK Phor Tay,5.437126999999999,100.30551,rapidbus_penang
12000208,Masjid Terapung,5.46871,100.27733,rapidbus_penang
12000230,Pantai Miami,5.47772,100.2674,rapidbus_penang
12000365,Hardware Pulau Tikus,5.43024,100.31296,rapidbus_penang
12000368,SMK/SK Convent Pulau Tikus,5.43267,100.30824,rapidbus_penang
12000831,Ayam Garam Macalister,5.41718,100.32225,rapidbus_penang
12001649,Starbucks,5.44693,100.30534,rapidbus_penang
12001651,Island Plaza,5.450130000000001,100.30545,rapidbus_penang
12001660,Flat Uda,5.46212,100.30649,rapidbus_penang
12002056,Jejantas Terminal Feri,5.414516000000001,100.341866,rapidbus_penang
12002058,Pejabat Pos Besar P.Pinang,5.41721,100.34428,rapidbus_penang
12000600,Kampung Gajah,5.41406,100.37227,rapidbus_penang
12001051,Permatang Berah,5.5106720000000005,100.38333,rapidbus_penang
12001059,Pekan Penaga,5.52682,100.38098,rapidbus_penang
12001106,SMK Sri Muda,5.53434,100.38035,rapidbus_penang
12002545,Teluk Air Tawar Indah,5.490835,100.384217,rapidbus_penang
12000088,Taman Riang,5.42368,100.37624,rapidbus_penang
12000094,Taman Bagan Ajam,5.43622,100.38041,rapidbus_penang
12000603,Wisma Peladang,5.41755,100.37396,rapidbus_penang
12000758,Desa Kuala Muda,5.56899,100.35284,rapidbus_penang
12001105,SMK Sri Muda,5.53425,100.38048,rapidbus_penang
12001119,Kampung Tok Oteh,5.56383,100.37674,rapidbus_penang
12000117,Bagan Lalang,5.43722,100.39754,rapidbus_penang
12000119,Taman Industri Cengal,5.4403,100.39736,rapidbus_penang
12000539,Pangsapuri Capri,5.40638,100.3731,rapidbus_penang
12000904,Hub Desa Murni,5.43841,100.43275,rapidbus_penang
12000076,Dhoby Ghaut,5.41246,100.30957,rapidbus_penang
12000962,Apartmen Rifle Court,5.40678,100.29602,rapidbus_penang
12000964,Villa Sri Melati Apartment,5.4073,100.29462,rapidbus_penang
12001022,Paya Terubong Cemetery,5.38044,100.27504,rapidbus_penang
12001375,Pejabat Pos Padang Tembak,5.4069400000000005,100.2884,rapidbus_penang
12001974,Lebuhraya Thean Teik,5.38921,100.28046,rapidbus_penang
12000057,Pekan Air Itam,5.40182,100.27837,rapidbus_penang
12000073,(M2) SMKA Al-Mashoor(Hentian Transit),5.40832,100.3037,rapidbus_penang
12001512,Taman Pengkalan Machang,5.44393,100.43013,rapidbus_penang
12001555,Lubuk Meriam,5.4747900000000005,100.45748,rapidbus_penang
12001558,Pokok Sena,5.48384,100.45754,rapidbus_penang
12001560,(M2) Taman Sena Jaya,5.48776,100.45752,rapidbus_penang
12000486,Kompleks Tasek Gelugor,5.48172,100.49468,rapidbus_penang
12001860,Masjid Abdullah Fahim,5.51905,100.46468,rapidbus_penang
12001923,Tesco Kepala Batas,5.51601,100.4439,rapidbus_penang
12002088,Bertam Putra 2,5.517096,100.490746,rapidbus_penang
12002568,(M3) Taman Bertam Putra,5.517558999999999,100.485954,rapidbus_penang
12002569,MIdtown PERDA,5.5026399,100.5016051,rapidbus_penang
12002576,Sunshine Bertam II,5.5166833,100.4501562,rapidbus_penang
12002952,Pasaraya Mydin Bertam,5.5178069,100.4772391,rapidbus_penang
12000285,Apartmen Green Lane Height,5.39361,100.29983,rapidbus_penang
12000933,Flat Seri Hussain,5.40639,100.30955,rapidbus_penang
12001587,JKP Sungai Pinang,5.40643,100.31944,rapidbus_penang
12001798,Jalan Tembaga,5.38924,100.29984,rapidbus_penang
12002246,Jalan Sir Ibrahim I,5.395454,100.3087,rapidbus_penang
12000024,Astaka Taman Tun Sardon,5.36916,100.305,rapidbus_penang
12001205,Permatang Janggus,5.39928,100.41718,rapidbus_penang
12000395,Taman Chai Leng I,5.39042,100.38924,rapidbus_penang
12002989,Sunway Carnival Mall,5.398755,100.398741,rapidbus_penang
12001809,Pasar Awam,5.3929800000000006,100.4016,rapidbus_penang
12000130,Longwan,5.6241900000000005,100.47829,rapidbus_penang
12000597,Central Square,5.636909999999999,100.48814,rapidbus_penang
12002980,CP2,5.4314919,100.3770532,rapidbus_penang
12000187,(M3) Mydin Mall,5.36975,100.41549,rapidbus_penang
12000277,Taman Jelatik,5.22485,100.49545,rapidbus_penang
12000279,Taman Rebana,5.24192,100.4844,rapidbus_penang
12001426,Snake Temple,5.31388,100.28609,rapidbus_penang
12002211,(M1) Lapangan Terbang Antarabangsa Pulau Pinang,5.292606,100.2648269,rapidbus_penang
12001265,Balai Polis Simpang Empat,5.28365,100.47665,rapidbus_penang
12001357,Taman Impian Ria,5.309480000000001,100.47986,rapidbus_penang
12001361,AEON Pintu Utama,5.3192,100.47679,rapidbus_penang
12001363,Taman Sri Kijang,5.32134,100.47659,rapidbus_penang
12001680,Muda Paper I,5.28443,100.52026,rapidbus_penang
12001690,Taman Tasek Indah,5.2848,100.5063,rapidbus_penang
12001693,Taman Tasek Harmoni,5.28498,100.49889,rapidbus_penang
12001698,SK Seri Tasek,5.28559,100.52179,rapidbus_penang
12002582,Jessel Ball Sport Center,5.321427,100.483697,rapidbus_penang
12002594,Tesco Alma,5.315483,100.478198,rapidbus_penang
12002597,Muda Paper Mill,5.284538,100.519954,rapidbus_penang
12000793,SK Juara,5.34658,100.48762,rapidbus_penang
12000794,Pusat Khidmat Rakyat,5.3474330000000005,100.484924,rapidbus_penang
12001093,Astaka Perda,5.36815,100.4277,rapidbus_penang
12001183,Klinik Desa Kampung Pertama,5.39215,100.41782,rapidbus_penang
12000352,Petronas Bukit Tengah,5.349819999999999,100.43389,rapidbus_penang
12002324,Petron Bukit Minyak,5.330213,100.447696,rapidbus_penang
12000332,Asia Machinery,5.31957,100.45676,rapidbus_penang
12000334,Taman Perindustrian Bukit Minyak,5.32183,100.45151,rapidbus_penang
12000335,Pusat Perniagaan Juru Jaya,5.32336,100.44897,rapidbus_penang
12000342,Makmal Veterinar,5.33479,100.4447,rapidbus_penang
12000345,Balai Polis Bukit Tengah,5.34774,100.4347,rapidbus_penang
12000916,Pasaraya C-MART,5.17691,100.48184,rapidbus_penang
12000923,IPD Seberang Perai Selatan,5.19716,100.493,rapidbus_penang
12001261,Taman Cegar,5.27208,100.47677,rapidbus_penang
12001278,Taman Sukun,5.3103,100.46632,rapidbus_penang
12001481,Pusat Perniagaan Jawi Jaya,5.20528,100.49716,rapidbus_penang
12000704,Masjid Permatang Kampung Sireh,5.36103,100.43723,rapidbus_penang
12002334,Masjid Daerah Jawi,5.194506,100.491577,rapidbus_penang
12000956,Masjid Padang Lalang,5.36508,100.44823,rapidbus_penang
12002323,Taman Limau Manis,5.35246,100.434163,rapidbus_penang
12002327,Taman Permatang Tinggi Indah,5.295154,100.47923,rapidbus_penang
12001937,Komtar,5.41378,100.33094,rapidbus_penang
12001991,Lip Sin 2,5.34265,100.29459,rapidbus_penang
12002113,(M1) JETTY A,5.414174,100.3422281,rapidbus_penang
12000297,Pangsapuri Golf View,5.33856,100.29256,rapidbus_penang
12003022,Pusat Sejahtera,5.35879,100.30251,rapidbus_penang
12000441,Kampung Haji Osman,5.15941,100.47601,rapidbus_penang
12000939,Taman Harapan Baru,5.13093,100.47726,rapidbus_penang
12002162,Hentian Raya Parit Buntar,5.1181722,100.4872271,rapidbus_penang
12001101,Permatang Batu,5.36426,100.43189,rapidbus_penang
12000566,Pekan Jelutong,5.3879,100.3127,rapidbus_penang
12000029,SAM Engineering,5.304917,100.29403,rapidbus_penang
12000607,Broadcom,5.3234580000000005,100.30109,rapidbus_penang
12000608,Esquel Group,5.323992,100.29932,rapidbus_penang
12002052,Advantest Engineering,5.298522,100.29017,rapidbus_penang
12000875,Towa (M) Sdn. Bhd.,5.306497,100.27693,rapidbus_penang
12000876,Astaka Bukit Gedung,5.31614,100.28407,rapidbus_penang
12000901,Kompleks Institut Pendidikan,5.45032,100.30222,rapidbus_penang
12000207,Hotel Hard Rock,5.467280000000001,100.2423,rapidbus_penang
12000210,By The Sea,5.46956,100.24496,rapidbus_penang
12000212,Mar Vista,5.470619999999999,100.2772,rapidbus_penang
12001959,Lebuh Raya Gelugor II,5.38759,100.30667,rapidbus_penang
12002078,Klinik Menara,5.302219999999999,100.26071,rapidbus_penang
12002309,Tadika Smart Reader,5.280193,100.279486,rapidbus_penang
12000309,SMK Bukit Gambir,5.37038,100.29667,rapidbus_penang
12000426,Kem Sungai Ara 2,5.3137300000000005,100.26593,rapidbus_penang
12000436,Masjid Al-huda Sungai Ara,5.32301,100.27192,rapidbus_penang
12000577,Peugeot Center,5.401017,100.32309,rapidbus_penang
12000850,I Avenue,5.32716,100.28524,rapidbus_penang
12001133,Permatang Damar Laut 2,5.27841,100.27075,rapidbus_penang
12001136,Hadapan Rumah Kedai,5.2799,100.27699,rapidbus_penang
12001803,SMK Raja Tun uda,5.32036,100.28318,rapidbus_penang
12000719,Gurney Hotel,5.429469999999999,100.31879,rapidbus_penang
12000727,Gurney Plaza,5.43594,100.30881,rapidbus_penang
12001648,Caltex,5.44589,100.30502,rapidbus_penang
12001654,Taman Batu Bukit,5.45289,100.30597,rapidbus_penang
12001672,Hotel Copthorne,5.46555,100.29173,rapidbus_penang
12001675,Hotel Flamingo,5.46612,100.2877,rapidbus_penang
12001750,Escape,5.4494,100.21493,rapidbus_penang
12001759,Jalan Hassan Abbas,5.45747,100.21137,rapidbus_penang
12001760,Pasar Teluk Bahang,5.45754,100.21301,rapidbus_penang
12002252,Aseania Court,5.45741751,100.2082558,rapidbus_penang
12000009,Apartment Sri Saujana,5.407058,100.3333,rapidbus_penang
12002081,Taman Gedung Heights II,5.31727,100.28004,rapidbus_penang
12002317,Pangsapuri Mayang,5.31838,100.28491,rapidbus_penang
12000811,Tenby School,5.45849,100.28229,rapidbus_penang
12002018,Flat Permai Jaya,5.45504,100.28214,rapidbus_penang
12000520,Kawasan Perkelahan Tanjung Asam,5.2823400000000005,100.21153,rapidbus_penang
12000622,SK Seri Bayu,5.29429,100.23016,rapidbus_penang
12001493,Kampung Dua Bukit,5.34278,100.29931,rapidbus_penang
12002001,(M2) Lintang Angsana,5.388977,100.28198,rapidbus_penang
12000862,Persatuan Kanak - Kanak Sepastik,5.38894,100.30366,rapidbus_penang
12001040,Surau Permatang Tok Jaya,5.46675,100.40012,rapidbus_penang
12001593,(M2) Taman Seri Pinang,5.44968,100.39957,rapidbus_penang
12002033,Balai Polis Mak Mandin,5.419580000000001,100.3896,rapidbus_penang
12002387,Kedai Runcit Permatang Binjai,5.500845,100.395095,rapidbus_penang
12000040,SK Penanti,5.40254,100.46455,rapidbus_penang
12001523,Pekan Sungai Dua,5.446587999999999,100.43059,rapidbus_penang
12001546,Lorong Haji Din,5.457902,100.44458,rapidbus_penang
12001561,Desa Murni,5.44057,100.42944,rapidbus_penang
12001167,Klinik Desa,5.41528,100.43773,rapidbus_penang
12000326,(M2) Masjid Tok Lebai Hashim,5.33202,100.45079,rapidbus_penang
12000589,Pusat Perniagaan Taman Juru,5.31968,100.44816,rapidbus_penang
12000959,Pusat Borong Fama,5.36537,100.44286,rapidbus_penang
12002045,Desa Wawasan,5.35668,100.44814,rapidbus_penang
12002503,Pangsapuri Taman Pelangi,5.345024,100.425211,rapidbus_penang
12002505,Pusat Komersial Nagasari,5.361658,100.410934,rapidbus_penang
12002525,Mahkamah Bukit Mertajam,5.353875,100.45163,rapidbus_penang
12000150,Pejabat Pos Balik Pulau,5.34925,100.23331,rapidbus_penang
12001029,Permata Court Complex,5.39245,100.27588,rapidbus_penang
12001036,Klinik Desa Paya Terubong.,5.39799,100.27734,rapidbus_penang
12001787,PUSPAKOM,5.30122,100.23174,rapidbus_penang
12000093,Taman Bagan Ajam,5.43435,100.37948,rapidbus_penang
12000507,Taman Desa Sena,5.48904,100.46307,rapidbus_penang
12001590,Masjid Jamek Sungai Puyu,5.447628,100.394684,rapidbus_penang
12001997,Taman Meranti,5.44303,100.38258,rapidbus_penang
12002613,Pusat Serenti Kampung Selamat,5.5017693,100.5230244,rapidbus_penang
12002619,Taman Lagenda,5.514208,100.5350702,rapidbus_penang
12000498,KEMAS Pokok Macang,5.48816,100.47266,rapidbus_penang
12001784,Hentian Kampung Bukit,5.29606,100.23228,rapidbus_penang
12002272,Kampung Sungai Pinang,5.395931200000001,100.2119596,rapidbus_penang
12002275,Surau Haji Hashim,5.40176,100.20456,rapidbus_penang
12002276,Jalan Sungai Rusa 1,5.3803934,100.2139988,rapidbus_penang
12000382,Permatang Manggis,5.515609,100.418015,rapidbus_penang
12000383,Taman Sepakat,5.51619,100.42226,rapidbus_penang
12000706,Kampung Datok,5.526,100.42808,rapidbus_penang
12000265,Taman Bertam,5.532030000000001,100.43365,rapidbus_penang
12000378,Klinik Desa Permatang Sintok,5.51152,100.40382,rapidbus_penang
12000707,Lahar Ikan Mati,5.53006,100.42935,rapidbus_penang
12002548,Taman Permatang Sintok,5.512908,100.405519,rapidbus_penang
12000174,Sungai Korok 2,5.36175,100.21144,rapidbus_penang
12000630,Hadapan Lrg Kpg Perlis 2,5.32647,100.20576,rapidbus_penang
12000633,Lrg Kpg Perlis 12,5.31154,100.20353,rapidbus_penang
12000654,Hub Pulau Betong,5.304819999999999,100.19483,rapidbus_penang
12000655,Masjid Pulau Betong,5.30612,100.20284,rapidbus_penang
12000656,Simpang Masjid Pulau Betong,5.306780000000001,100.20347,rapidbus_penang
12000662,Taman Desa Genting,5.33115,100.21468,rapidbus_penang
12000735,Titi Sungai Korok,5.35259,100.20561,rapidbus_penang
12001568,Taman Impian,5.35195,100.23135,rapidbus_penang
12001575,SK Titi Teras,5.35885,100.22451,rapidbus_penang
12000975,SRJK Sin Min,5.39905,100.21344,rapidbus_penang
12000978,Jalan Haji Hamid Senawi,5.40036,100.20934,rapidbus_penang
12000983,Kampung Bukit Kecil,5.403519999999999,100.20106,rapidbus_penang
12001478,Simpang Bandar Baru Air Putih,5.370830000000001,100.21644,rapidbus_penang
12001600,Kampung Permatang Pasir,5.36966,100.21644,rapidbus_penang
12001603,Taman Mutiara,5.37352,100.21532,rapidbus_penang
12001620,Madrasah Tahfiz - Irfanratul,5.3921,100.21018,rapidbus_penang
12002628,PUSAT PERNIAGAAN PADANG SERAI,5.515278599999999,100.5453565,rapidbus_penang
12002633,Balai Bomba Kampung Selamat,5.500551799999999,100.5219998,rapidbus_penang
12001030,Permata Court Complex,5.392462,100.27584,rapidbus_penang
12002287,Hotel Cititel,5.42168,100.33383,rapidbus_penang
12000868,SMK Convent Green Lane,5.396780000000001,100.30341,rapidbus_penang
12000871,McDonald Green Lane,5.40146,100.30395,rapidbus_penang
12000873,SMK Penang Free,5.403490000000001,100.3037,rapidbus_penang
12000247,Apartment Bayan Permai,5.29562,100.26242,rapidbus_penang
12001585,Sungai Pinang,5.40265,100.32297,rapidbus_penang
12001780,SK Teluk Kumbar,5.29041,100.2326,rapidbus_penang
12000827,Masjid Simpang Enam,5.41438,100.32784,rapidbus_penang
12001086,Wat Bhuparam,5.4259,100.31669,rapidbus_penang
12000936,Flat Seri Hussain,5.40632,100.3096,rapidbus_penang
12000990,Apartmen Taman Sri Pinang,5.405831,100.3215,rapidbus_penang
12001392,Jalan Siram I,5.4084,100.37763,rapidbus_penang
12002380,Taman Cengkih,5.436338,100.397457,rapidbus_penang
12000587,Klinik Desa Juru,5.31629,100.44367,rapidbus_penang
12001799,Desa Wawasan,5.35668,100.44823,rapidbus_penang
12002513,Taman Cempedak,5.359499,100.444621,rapidbus_penang
12002515,Taman Kota Permai II,5.339307,100.456139,rapidbus_penang
12002519,Taman Perusahaan Ringan Juru,5.317480000000001,100.43251,rapidbus_penang
12002520,Perodua Juru,5.334788,100.433795,rapidbus_penang
12000435,SK Agama Sungai Ara,5.321918,100.27153,rapidbus_penang
12000414,Kampung Perlis,5.298158,100.261536,rapidbus_penang
12000848,Mayang Mall,5.32693,100.2843,rapidbus_penang
12000879,Pasaraya Giant,5.32071,100.28571,rapidbus_penang
12001779,Saujana Heights,5.28949,100.24884,rapidbus_penang
12001807,Klinik Kesihatan,5.321205,100.27917,rapidbus_penang
12001845,Masjid Sungai Nibong Kecil,5.3326,100.28684,rapidbus_penang
12002013,Taman Kumbar Permai,5.29084,100.22771,rapidbus_penang
12000437,Kondominium Tunas Residensi,5.330318,100.27852,rapidbus_penang
12000835,Buddhist Society,5.4223,100.31149,rapidbus_penang
12001002,Kompleks Golden Triangle,5.331664,100.27662,rapidbus_penang
12001014,Simpang Tingkat Bukit Jambul,5.346059,100.272514,rapidbus_penang
12001423,Dynacraft Industries Sdn. Bhd.,5.30481,100.27917,rapidbus_penang
12001812,Masjid Bandar Baru Air Itam,5.39384,100.2852,rapidbus_penang
12000105,Jalan Bagan Jermal(Gurney),5.439603,100.30738,rapidbus_penang
12000203,Tropical Spice Garden,5.46341,100.22881,rapidbus_penang
12000215,Hotel Holiday Inn,5.47222,100.2467,rapidbus_penang
12000233,Double Tree Resort,5.47821,100.26893,rapidbus_penang
12000239,Kem Tentera,5.48085,100.25641,rapidbus_penang
12000363,Premier Centre,5.42833,100.31481,rapidbus_penang
12000371,(M1) Hospital Adventist,5.43375,100.30376,rapidbus_penang
12001645,Balai Bomba Bagan Jermal,5.44107,100.30725,rapidbus_penang
12001647,Marina Bay,5.44366,100.30592,rapidbus_penang
12001656,Masjid Karwa,5.455769999999999,100.30721,rapidbus_penang
12001657,Tesco Tanjung Pinang,5.45885,100.3079,rapidbus_penang
12001767,Jalan Teluk Bahang,5.46117,100.21923,rapidbus_penang
12001943,Balai Polis,5.418646,100.34356,rapidbus_penang
12000606,Taman Riang,5.42287,100.37588,rapidbus_penang
12000742,Desa Kuala Muda,5.56895,100.35284,rapidbus_penang
12000747,SK Pulau Mertajam,5.5727400000000005,100.3642,rapidbus_penang
12001053,Permatang Pak Maras,5.516947,100.38269,rapidbus_penang
12001713,Bagan Lebai Tahir,5.45338,100.38323,rapidbus_penang
12001724,Taman Teluk Molek,5.47741,100.3833,rapidbus_penang
12001727,SMK Telok Air Tawar,5.47954,100.38336,rapidbus_penang
12001729,SK Telok Air Tawar,5.48475,100.38359,rapidbus_penang
12002552,Balai Bomba Kuala Muda,5.5697410000000005,100.350214,rapidbus_penang
12000741,Bakau Tua,5.56893,100.36159,rapidbus_penang
12000750,Masjid Pulau Mertajam,5.57324,100.36513,rapidbus_penang
12000752,Pulau Mertajam,5.57404,100.36669,rapidbus_penang
12000754,Kampung Telok Manan,5.57561,100.36813,rapidbus_penang
12001733,Taman Air Tawar Indah,5.49306,100.38409,rapidbus_penang
12002444,(M2) Pangkalan TUDM,5.4638947,100.3826764,rapidbus_penang
12000115,Taman Mesra Indah,5.43518,100.39709,rapidbus_penang
12000903,Simpang Lorong Murni 6,5.43724,100.43298,rapidbus_penang
12000049,Klinik Kesihatan Bandar Baru Air Itam,5.38963,100.2851,rapidbus_penang
12001372,Flat 4E Farlim,5.3861300000000005,100.28323,rapidbus_penang
12001819,SMK Air Itam,5.39532,100.28632,rapidbus_penang
12001918,Masjid Kapitan Keling,5.417451,100.33745,rapidbus_penang
12001972,Perumahan PDRM,5.38801,100.27852,rapidbus_penang
12001999,Lintang Angsana,5.3887,100.28208,rapidbus_penang
12002099,Tingkat Paya Terubong 2 - 1,5.37092,100.2774,rapidbus_penang
12001507,Taman Desa Murni,5.43538,100.43078,rapidbus_penang
12001511,Klinik Kesihatan,5.44226,100.42986,rapidbus_penang
12001530,SK Sungai Dua,5.4491,100.43259,rapidbus_penang
12001549,Nyior Sebatang,5.46622,100.45441,rapidbus_penang
12002362,Kampung Kepala Bukit,5.409221,100.4491042,rapidbus_penang
12000250,Pejabat Tanah,5.51392,100.43542,rapidbus_penang
12000253,IPD Seberang Prai Utara,5.51394,100.43967,rapidbus_penang
12000255,Pejabat Tanah Kepala Batas,5.51499,100.43655,rapidbus_penang
12000488,SK Tasek Gelugor,5.48305,100.49185,rapidbus_penang
12001871,Taman Sepadu,5.487509999999999,100.49512,rapidbus_penang
12001873,Masjid Kubang Menderung,5.518669999999999,100.5064,rapidbus_penang
12001875,Kampung Pokok Jenerih,5.52133,100.50013,rapidbus_penang
12002090,Bertam Putra 4,5.51994,100.49356,rapidbus_penang
12002566,Klinik Kesihatan Tasek Gelugor,5.4846900000000005,100.491119,rapidbus_penang
12003000,Klinik Kesihatan Tasek Gelugor,5.4845511,100.4911088,rapidbus_penang
12000065,Tadika St. Paul,5.405069999999999,100.28191,rapidbus_penang
12000637,Kampung Pisang II,5.39923,100.27958,rapidbus_penang
12000016,Astaka Taman Tun Sardon,5.3690940000000005,100.30492,rapidbus_penang
12000466,Jalan Delima,5.38019,100.30267,rapidbus_penang
12000467,Jalan Delima 3,5.3814,100.29879,rapidbus_penang
12000536,SMJK Heng Ee,5.40039,100.30877,rapidbus_penang
12001887,(M1) Tesco Tunku Kudin,5.377228,100.31506,rapidbus_penang
12001960,(M2) Pasar Batu Lanchang I,5.38943,100.30688,rapidbus_penang
12002244,Jalan Delima 4,5.3830800000000005,100.2996,rapidbus_penang
12001213,PPR Ampang Jajar,5.41352,100.40059,rapidbus_penang
12001186,Permatang Janggus 2,5.4037,100.41655,rapidbus_penang
12001187,Taman Arowana Emas,5.40839,100.41389,rapidbus_penang
12001198,Petron Permatang Pauh,5.37611,100.42096,rapidbus_penang
12002369,Pasaraya Billion,5.413703,100.37725,rapidbus_penang
12002371,Pangsapuri Telaga Emas,5.413335,100.374728,rapidbus_penang
12000191,Kompleks Chai Leng Park,5.38194,100.39278,rapidbus_penang
12002091,Dewan JKKK,5.40415,100.40063,rapidbus_penang
12002647,(M2) Pasar Seberang Jaya,5.3950938,100.3969954,rapidbus_penang
12000390,Taman Inderawasih,5.39072,100.38898,rapidbus_penang
12001993,Masjid Sembilang,5.40205,100.39852,rapidbus_penang
12000248,SK Kampung Baru I,5.34943,100.47122,rapidbus_penang
12002543,Sunway Carnival,5.398624,100.397254,rapidbus_penang
12002502,Dataran Jam Besar Sg.Petani,5.643604,100.488968,rapidbus_penang
12000331,Kampung Permatang Tok Subuh,5.31906,100.45774,rapidbus_penang
12000880,Pasaraya Giant,5.32101,100.28599,rapidbus_penang
12001000,Kompleks Golden Triangle,5.331601999999999,100.276886,rapidbus_penang
12001419,Chung Shan Chinese School,5.29816,100.27025,rapidbus_penang
12002291,Persimpangan Relau,5.35636,100.27222,rapidbus_penang
12000405,SMK Jalan Damai,5.3416,100.47388,rapidbus_penang
12000599,Pasar Awam Kampung Baru,5.3471,100.47245,rapidbus_penang
12001268,Pusat Perniagaan Simpang Empat,5.29097,100.47867,rapidbus_penang
12001270,Taman Permatang Tinggi Indah,5.29524,100.47903,rapidbus_penang
12001360,TESCO Alma,5.31597,100.4778,rapidbus_penang
12001688,Kampung Padang,5.28471,100.51138,rapidbus_penang
12001691,Taman Tasek,5.28489,100.49468,rapidbus_penang
12001273,SRJK Permatang Tinggi,5.30021,100.47737,rapidbus_penang
12002592,Jessel Ball Sport Center,5.321332,100.483751,rapidbus_penang
12002595,Taman Mutiara Simpang Empat,5.28009,100.492424,rapidbus_penang
12001095,Perda Timur,5.37144,100.43858,rapidbus_penang
12001179,Taman Pauh Indah,5.37576,100.42125,rapidbus_penang
12001262,Taman Tiong Mas,5.275869999999999,100.47706,rapidbus_penang
12001487,Taman Sri Aman,5.23365,100.49107,rapidbus_penang
12002333,Teck Land Motors,5.1806410000000005,100.484135,rapidbus_penang
12000272,Taman Jelatik,5.22461,100.49551,rapidbus_penang
12000348,Taman Kerjasama,5.357469999999999,100.42704,rapidbus_penang
12000702,SK Kebun Sireh,5.35775,100.43631,rapidbus_penang
12000954,Masjid Sungai Rambai,5.3643,100.45313,rapidbus_penang
12000957,Pusat Perniagaan Padang Lalang,5.3652,100.4464,rapidbus_penang
12001451,SK Sungai Gelugor,5.363169999999999,100.31125,rapidbus_penang
12003027,Hadapan INFORMM,5.355030999999999,100.29885,rapidbus_penang
12000537,Taman Hutchings,5.39763,100.30691,rapidbus_penang
12002005,Kingdee Southeast Asia,5.299992,100.28868,rapidbus_penang
12002008,ER Mekatron,5.298094,100.28541,rapidbus_penang
12002068,Jeti Pulau Jerejak,5.34299,100.31141,rapidbus_penang
12002070,AT Engineering,5.294347,100.28719,rapidbus_penang
12000288,Jalan Bintang,5.4570300000000005,100.30225,rapidbus_penang
12000815,SK Tanjung Bunga,5.46169,100.2798,rapidbus_penang
12000898,Hong Seng Estate,5.44099,100.30308,rapidbus_penang
12001414,Citibank,5.42364,100.32848,rapidbus_penang
12001910,Lebuh Carnavon,5.41424,100.33328,rapidbus_penang
12001958,Lebuh Raya Gelugor I,5.38604,100.30952,rapidbus_penang
12002077,Setia Triangle,5.30187,100.2603,rapidbus_penang
12002079,Lengkok Kelicap,5.303669999999999,100.25817,rapidbus_penang
12002310,Kampung Bukit Kecil,5.279669999999999,100.276522,rapidbus_penang
12000199,Kedai Kopi Kin Yuen,5.29633,100.28031,rapidbus_penang
12000302,Taman Pekaka,5.350857,100.291725,rapidbus_penang
12000425,Taman Sri Bayan,5.30795,100.26495,rapidbus_penang
12000530,Jalan Gudrwara,5.4115,100.32819,rapidbus_penang
12000580,Apartmen Desa Selatan,5.40331,100.32574,rapidbus_penang
12001129,Permatang Damar Laut,5.27776,100.26616,rapidbus_penang
12000357,Penang Plaza,5.42085,100.32521,rapidbus_penang
12000720,Evergreen Hotel,5.4303,100.31715,rapidbus_penang
12001758,Flat Hassan Abbas,5.45744,100.20961,rapidbus_penang
12002224,Klinik Kesihatan Teluk Bahang,5.45601815,100.21481635,rapidbus_penang
12000289,Jalan Bintang,5.45719,100.30215,rapidbus_penang
12000477,Jalan Evergreen,5.45319,100.30276,rapidbus_penang
12000572,Taman Cemerlang,5.39701,100.31896,rapidbus_penang
12000611,Kampung Kolam,5.41614,100.33647,rapidbus_penang
12001071,Old Town Café,5.39527,100.31467,rapidbus_penang
12001583,Jejantas Jalan Sungai Pinang,5.39985,100.32578,rapidbus_penang
12002083,Taman Gedung Heights I,5.317419999999999,100.28243,rapidbus_penang
12000813,Sekolah Kebangsaan Pendidikan Khas,5.4589300000000005,100.28025,rapidbus_penang
12000818,Ambank,5.4646,100.28041,rapidbus_penang
12002019,Flat Boon Siew,5.45621,100.2824,rapidbus_penang
12002027,TAR Kolej I,5.45371,100.28502,rapidbus_penang
12000421,Taman Rajawali,5.306222,100.26411,rapidbus_penang
12001443,Tapak Pesta Sg Nibong,5.34478,100.30175,rapidbus_penang
12001446,JPJ Batu Uban,5.35133,100.30429,rapidbus_penang
12002038,Taman Mak Mandin,5.4202,100.3933,rapidbus_penang
12002388,Tali Air Permatang Tok Gelam,5.486648000000001,100.400428,rapidbus_penang
12002393,BGM Building,5.442262,100.397436,rapidbus_penang
12000033,Masjid Tanah Liat,5.3791,100.46474,rapidbus_penang
12000037,Permatang Tok Elong,5.38797,100.46302,rapidbus_penang
12000532,Taman Seri Serdang,5.503354,100.42944,rapidbus_penang
12001330,Kampung Baru,5.49271,100.45528,rapidbus_penang
12002358,Ambank Desa Murni,5.437191,100.430124,rapidbus_penang
12002360,Pejabat Peladang Kepala Batas,5.496532,100.4322,rapidbus_penang
12000769,Petronas,5.37556,100.46498,rapidbus_penang
12000774,Permatang Tok Elong,5.38819,100.46317,rapidbus_penang
12000777,Masjid Kubang Semang,5.39999,100.46487,rapidbus_penang
12001334,Taman Orkid Permai,5.49533,100.44675,rapidbus_penang
12001339,Kolej Matrikulasi Kepala Batas,5.49717,100.43699,rapidbus_penang
12001772,Flat Taman Emas Sungai Batu,5.2864,100.23682,rapidbus_penang
12002106,7-Eleven Teluk Kumbar,5.293637,100.230385,rapidbus_penang
12002121,Kilang Trane,5.354658000000001,100.405614,rapidbus_penang
12002506,Pangsapuri Nagasari Blok B,5.366281,100.413295,rapidbus_penang
12002512,Nashmir Car Park,5.339957,100.428081,rapidbus_penang
12001027,Pangsapuri Wisma Indah,5.38804,100.27461,rapidbus_penang
12002288,BHP Kampung Baru,5.40456,100.29046,rapidbus_penang
12000090,Mahkamah Majistret,5.428,100.37727,rapidbus_penang
12000494,Taman Gelugor indah,5.48521,100.48479,rapidbus_penang
12000641,Taman Sri Desa,5.48572,100.50391,rapidbus_penang
12001516,Taman Sungai Dua Utama,5.44524,100.42712,rapidbus_penang
12000644,SMK Kg Selamat,5.49921,100.5209,rapidbus_penang
12001517,Sungai Dua Utama,5.44524,100.42716,rapidbus_penang
12001534,Masjid Alor Merah,5.45047,100.40553,rapidbus_penang
12002011,Western Digital,5.322353,100.29368,rapidbus_penang
12000261,Taman Bertam Indah,5.53241,100.43381,rapidbus_penang
12000156,Masjid Sg. Burung,5.34161,100.20776,rapidbus_penang
12000159,JPS,5.34406,100.20811,rapidbus_penang
12000166,SK Sg. Korok,5.35348,100.20959,rapidbus_penang
12000168,Sungai Korok,5.355230000000001,100.20995,rapidbus_penang
12000169,Hadapan Koperasi Keluarga Haji Ismail,5.35577,100.21005,rapidbus_penang
12000172,Sungai Korok,5.35966,100.211,rapidbus_penang
12000658,Kampung Parit Lama,5.31268,100.20744,rapidbus_penang
12000737,Kuala Jalan Baru,5.35325,100.20187,rapidbus_penang
12001570,Taman Poket Jalan Chai,5.35406,100.22939,rapidbus_penang
12000765,Balai Polis Sg. Pinang,5.39316,100.20988,rapidbus_penang
12000976,Kem PLKN Sg. Pinang,5.39993,100.2111,rapidbus_penang
12000984,Pulaza Balik Pulau,5.40989,100.19785,rapidbus_penang
12001601,Permatang Pasir,5.3712,100.2159,rapidbus_penang
12001602,Permatang Pasir,5.37137,100.21582,rapidbus_penang
12001606,Taman Sungai Rusa,5.37505,100.215004,rapidbus_penang
12001622,Klinik Desa Sg. Pinang,5.3941300000000005,100.21104,rapidbus_penang
12001625,SK Sungai Pinang,5.39725,100.21291,rapidbus_penang
12001626,SK Sungai Pinang,5.397880000000001,100.21313,rapidbus_penang
12002627,Balai Polis Padang Serai,5.514320099999999,100.549994,rapidbus_penang
12002632,PUSAT SERENTI KG. SELAMAT,5.5019935,100.5233999,rapidbus_penang
12001196,Taman Bagan,5.41467,100.38437,rapidbus_penang
12001377,Pejabat Pos Padang Tembak,5.40776,100.28855,rapidbus_penang
12000624,Flat Kampung Melayu,5.399719999999999,100.28604,rapidbus_penang
12000388,Apartment Villa Indah,5.42851,100.31058,rapidbus_penang
12000529,Persimpangan Jalan S.P Chelliah,5.407838,100.327675,rapidbus_penang
12001783,Bandar Baru Teluk Kumbar,5.294015,100.23231,rapidbus_penang
12001080,Koperasi Melayu Pulau Pinang,5.41742,100.31678,rapidbus_penang
12000472,Jalan Delima 2,5.383380000000001,100.30157,rapidbus_penang
12001589,Penang Japanese School,5.40831,100.3176,rapidbus_penang
12001811,Taman Free School,5.40421,100.30882,rapidbus_penang
12001905,Pangsapuri Mesra Jaya,5.431207,100.39625,rapidbus_penang
12001906,SMK Chung Ling,5.43305,100.3909,rapidbus_penang
12000114,Taman Dedap,5.43328,100.39697,rapidbus_penang
12001350,Jalan Raja Uda II,5.43066,100.38447,rapidbus_penang
12000853,Kilang Professinal,5.41937,100.38602,rapidbus_penang
12001044,Persimpang Jalan Haji Murshid,5.47716,100.40138,rapidbus_penang
12002379,Taman Mesra,5.428419,100.397145,rapidbus_penang
12002381,BGM Building,5.4423580000000005,100.397383,rapidbus_penang
12001975,Tanjung Court,5.39251,100.28713,rapidbus_penang
12002635,Bukit Genting,5.3156147,100.2258985,rapidbus_penang
12002298,IPD Balik Pulau,5.34169,100.22559,rapidbus_penang
12002618,South Homes,5.3072585,100.2707557,rapidbus_penang
12002138,Hadapan SMPC,5.350936,100.408519,rapidbus_penang
12002067,Jeti Pulau Jerejak,5.34299,100.31129,rapidbus_penang
12001945,Hub Relau,5.341503,100.27212,rapidbus_penang
12000307,Petronas,5.362430000000001,100.29528,rapidbus_penang
12001142,Taman Gembira,5.28106,100.27381,rapidbus_penang
12001146,SMK Batu Maung,5.28286,100.2851,rapidbus_penang
12001643,Hospital Lam Wah Ee,5.3926300000000005,100.30407,rapidbus_penang
12002279,Klinik Comfort,5.397587000000001,100.314845,rapidbus_penang
12000424,SK Mutiara Perdana,5.307906,100.26483,rapidbus_penang
12000433,SK Agama Sungai Ara,5.32181,100.27155,rapidbus_penang
12000615,Sekolah Agama Al-Itqan,5.29389,100.22424,rapidbus_penang
12001444,(M3) Tapak Pesta Sg Nibong,5.34581,100.30273,rapidbus_penang
12001494,SJKC Phor Tay,5.34373,100.29739,rapidbus_penang
12001496,(M1) Hadapan Depo Sungai Nibong,5.345187,100.29987,rapidbus_penang
12001773,SMK Teluk Kumbar,5.2864,100.241,rapidbus_penang
12001802,Giant Bayan Baru,5.32027,100.28436,rapidbus_penang
12001804,Hospital Pantai Mutiara,5.32054,100.28271,rapidbus_penang
12002103,Taman Bandar Perda,5.2918,100.22902,rapidbus_penang
12000069,Pasar Kampung Baru,5.40612,100.29637,rapidbus_penang
12001006,Flat 88,5.33689,100.27491,rapidbus_penang
12001023,Paya Terubong Cemetery,5.380875,100.27495,rapidbus_penang
12001367,Pejabat Agama Islam,5.413209999999999,100.30213,rapidbus_penang
12001816,Apartmen Desa Mawar,5.40085,100.29066,rapidbus_penang
12001817,Wisma Yatim,5.40347,100.29143,rapidbus_penang
12001841,Sungai Nibong Kecil,5.331930000000001,100.28465,rapidbus_penang
12001844,Masjid Al- Ittifaq,5.33245,100.28696,rapidbus_penang
12001969,Apartment Lone Pine,5.38657,100.27638,rapidbus_penang
12000226,Mount Pleasure,5.47745,100.2731,rapidbus_penang
12000228,Hotel Rasa Sayang,5.47755,100.2538,rapidbus_penang
12000829,Nasi Kandar Pelita,5.41614,100.32443,rapidbus_penang
12001674,Hotel Copthorne,5.46595,100.29095,rapidbus_penang
12001678,TM Resort,5.46624,100.28647,rapidbus_penang
12001679,Hotel Flamingo,5.46635,100.28857,rapidbus_penang
12000740,Kampung Bakau Tua,5.56869,100.36137,rapidbus_penang
12000743,Balai Polis Kuala Muda,5.56956,100.34885,rapidbus_penang
12001104,Kuarters Pendidikan,5.532595,100.38094,rapidbus_penang
12001125,Klinik Desa Permatang Bendahari,5.57921,100.37458,rapidbus_penang
12001723,Taman Robina,5.47455,100.38317,rapidbus_penang
12001734,Hub Teluk Air Tawar,5.49381,100.38386,rapidbus_penang
12000121,Taman Selat,5.4003,100.3683,rapidbus_penang
12000122,Jabatan Pertanian,5.40525,100.36934,rapidbus_penang
12000124,Dataran Pemuda Merdeka,5.40855,100.37041,rapidbus_penang
12000755,Kampung Telok Manan 2,5.57637,100.37019,rapidbus_penang
12001049,Titi Mukim,5.50101,100.38556,rapidbus_penang
12001050,Kampung Permatang Berah,5.50882,100.38358,rapidbus_penang
12001123,Permatang Bendahari,5.57325,100.37571,rapidbus_penang
12001712,Bagan Lebai Tahir,5.45253,100.3833,rapidbus_penang
12000070,Masjid Negeri P.Pinang(Hentian Transit),5.40765,100.29972,rapidbus_penang
12000072,Han Chiang College,5.40803,100.30364,rapidbus_penang
12000443,Pasar Jalan Kuantan,5.41218,100.32367,rapidbus_penang
12000449,SMK/SK Convent Dato Keramat,5.4127,100.31805,rapidbus_penang
12001970,Lone Pine Club,5.38659,100.27661,rapidbus_penang
12002100,Tingkat Paya Terubong 2 - 2,5.37184,100.27757,rapidbus_penang
12002101,Tingkat Paya Terubong 2 - 3,5.37357,100.27785,rapidbus_penang
12002290,Pekan Paya Terubong,5.3787,100.27488,rapidbus_penang
12000445,Kampung Makam,5.412389,100.32112,rapidbus_penang
12000448,Dhoby Ghaut,5.41269,100.30969,rapidbus_penang
12000462,Pasaraya Gama,5.41384,100.32789,rapidbus_penang
12001543,Taman Seri Merbau,5.45526,100.44108,rapidbus_penang
12002118,Taman Bertam Ria,5.5100614000000006,100.4345312,rapidbus_penang
12000402,Sunshine Bertam,5.51591,100.44924,rapidbus_penang
12001284,Kompleks Dato Kailan,5.5154,100.43176,rapidbus_penang
12001857,Kayangan,5.51841,100.45284,rapidbus_penang
12001924,Tesco Kepala Batas,5.51602,100.44413,rapidbus_penang
12002073,MPC,5.51543,100.4457,rapidbus_penang
12002995,Taman Sepadu Jaya,5.49094,100.49801,rapidbus_penang
12002999,Taman Tasek Gelugor Utama IV,5.496603,100.49957,rapidbus_penang
12000291,Jalan Bukit Bendera,5.40637,100.28088,rapidbus_penang
12000627,Jalan Kampung Melayu,5.40359,100.28847,rapidbus_penang
12001926,Muzium Pulau Pinang,5.42045,100.3391,rapidbus_penang
12001928,SMK ST. Xavier,5.42126,100.33701,rapidbus_penang
12001458,(M2) RECSAM,5.37593,100.3084,rapidbus_penang
12001641,(M3) Flat Bata Merah,5.39265,100.30711,rapidbus_penang
12002241,Jalan Tembaga II,5.389405,100.3014,rapidbus_penang
12002247,Jalan Sir Ibrahim II,5.397041000000001,100.3091,rapidbus_penang
12002248,Jalan P.Ramlee I,5.406777,100.3115,rapidbus_penang
12001705,SJKC Chung Hwa 1,5.4138,100.37743,rapidbus_penang
12002373,Pasar Malam Arowana,5.411667,100.409665,rapidbus_penang
12000907,Plaza Utama,5.3666,100.45826,rapidbus_penang
12001097,KPJ Perda,5.36934,100.43267,rapidbus_penang
12001098,Perda Utama,5.3714,100.43951,rapidbus_penang
12001188,Taman Arowana,5.41024,100.41253,rapidbus_penang
12001200,(M2) UITM Permatang Pauh,5.38223,100.41938,rapidbus_penang
12001202,Kampung Batu Dua,5.38892,100.41814,rapidbus_penang
12001203,Klinik Desa Kampung Pertama,5.39219,100.41777,rapidbus_penang
12000394,Taman Chai Leng II,5.38813,100.38871,rapidbus_penang
12000398,Pusat Perniagaan Chain Ferry II,5.40255,100.38273,rapidbus_penang
12000910,SMK Convent Butterworth,5.39717,100.36852,rapidbus_penang
12001880,Pangsapuri A1,5.39331,100.40557,rapidbus_penang
12001995,Pangsapuri RPKN,5.39495,100.40434,rapidbus_penang
12001388,SP Arena,5.38636,100.40236,rapidbus_penang
12001810,Shell Lintang Tenggiri,5.39543,100.40179,rapidbus_penang
12000249,SK Kampung Baru II,5.34995,100.47061,rapidbus_penang
12000590,Taman Tampoi Indah,5.34975,100.47315,rapidbus_penang
12000841,Pusat Perniagaan Machang Bubok,5.33765,100.50391,rapidbus_penang
12000906,Kamdar,5.36519,100.45875,rapidbus_penang
12000128,Tesco Bakar Arang,5.62185,100.47611,rapidbus_penang
12000132,Pejabat Pos Bakar Arang,5.62901,100.48063,rapidbus_penang
12000856,Stesen KTM,5.64269,100.49057,rapidbus_penang
12000186,Kampung Jalan Baru,5.36897,100.41703,rapidbus_penang
12000189,Masjid Jamek Kampung Setol,5.37271,100.41006,rapidbus_penang
12000281,SJK Tamil Valdor,5.24596,100.48027,rapidbus_penang
12000349,DB Schenker,5.336880000000001,100.44261,rapidbus_penang
12001801,Jalan Tengah,5.31906,100.28724,rapidbus_penang
12002483,Krystal Point Corporate Park,5.33108,100.297092,rapidbus_penang
12000045,SJKC Sin Ya,5.32975,100.47796,rapidbus_penang
12001371,Taman Alma Jaya,5.32842,100.48397,rapidbus_penang
12002578,Kampung Sepulau,5.2928,100.524289,rapidbus_penang
12002580,Masjid Jamek Alma Jaya,5.322216,100.478458,rapidbus_penang
12001381,AEON Gate 5,5.32132,100.47987,rapidbus_penang
12001685,Petronas Bandar Tasek Mutiara,5.285,100.49319,rapidbus_penang
12002589,Taman Sri Alma,5.328474,100.484109,rapidbus_penang
12002591,Kilang Ayamas,5.325418900000001,100.4859902,rapidbus_penang
12002601,Taman Alma,5.338741000000001,100.473841,rapidbus_penang
12000338,Pulau Mutiara Towel,5.3309,100.50749,rapidbus_penang
12000339,Bukit Teh,5.33427,100.50818,rapidbus_penang
12001181,Masjid Papan,5.38863,100.41821,rapidbus_penang
12001279,Taman Sukun,5.31038,100.4664,rapidbus_penang
12002107,Hub Nibong Tebal,5.16784,100.4783,rapidbus_penang
12002328,Shell Simpang Empat,5.289013,100.478244,rapidbus_penang
12000178,Kampung Setol,5.3709,100.41305,rapidbus_penang
12000919,(M2) Residensi Merbok,5.18444,100.48602,rapidbus_penang
12000926,Taman Jawi Jaya,5.20078,100.495,rapidbus_penang
12001274,Taman Perusahaan Usaha Jaya,5.30354,100.47298,rapidbus_penang
12001486,(M2) Taman Seri Aman,5.2334,100.49107,rapidbus_penang
12002341,Kampung Gambir,5.36421,100.439053,rapidbus_penang
12002342,Kampung Padang Lalang,5.365346,100.446593,rapidbus_penang
12000294,Taman Bukit Jambul,5.334961,100.28913,rapidbus_penang
12003017,Padang Kawad,5.356412000000001,100.29335,rapidbus_penang
12003021,Desasiswa Bakti Fajar Permai Petas,5.357158,100.30099,rapidbus_penang
12003023,Kompleks Dewan Kuliah C23,5.35803,100.30411,rapidbus_penang
12000271,Jalan Besar 2,5.15078,100.47204,rapidbus_penang
12000940,Taman Harapan Baru,5.13098,100.47698,rapidbus_penang
12001100,Pusat Perniagaan Perda,5.36494,100.43456,rapidbus_penang
12002220,Northam Hotel,5.42726713,100.32214503,rapidbus_penang
12002109,Jambatan Pulau Pinang,5.356566,100.39229,rapidbus_penang
12001989,E-Park Kondominium,5.352093,100.30987,rapidbus_penang
12000480,Jalan Gajah II,5.45985,100.30281,rapidbus_penang
12000481,Jalan Gajah I,5.4623800000000005,100.30381,rapidbus_penang
12000826,Pasar Mini,5.46216,100.28994,rapidbus_penang
12001416,Wawasan Open University,5.42627,100.32352,rapidbus_penang
12001669,Pejabat Pos Tg.Bungah,5.465269999999999,100.28159,rapidbus_penang
12000222,Pantai Shamrock,5.47495,100.2763,rapidbus_penang
12000229,Pantai Miami,5.47766,100.26751,rapidbus_penang
12000235,Apartmen Sri Sayang,5.47886,100.2552,rapidbus_penang
12002311,Surau Kampung Binjai,5.281559,100.259136,rapidbus_penang
12000021,Dewan JKKK,5.372714,100.30266,rapidbus_penang
12000245,Kampung Sungai Ara,5.32325,100.27466,rapidbus_penang
12000299,Taman Lip Sin,5.3424,100.29269,rapidbus_penang
12000306,The Palazzia,5.35975,100.29332,rapidbus_penang
12000411,SK Bayan Lepas,5.29714,100.26089,rapidbus_penang
12000431,SMK Sungai Ara,5.3194,100.27066,rapidbus_penang
12000567,Pekan Jelutong,5.389133999999999,100.31296,rapidbus_penang
12000852,SPICE Canopy,5.32785,100.27905,rapidbus_penang
12001135,Hadapan Desa Jelita,5.27911,100.27113,rapidbus_penang
12001145,Kampung Permatang Damar Laut,5.28152,100.25922,rapidbus_penang
12001149,Kampung Binjai,5.28381,100.25671,rapidbus_penang
12000356,TM Point,5.41825,100.32823,rapidbus_penang
12000726,Gurney Paragon,5.43463,100.31057,rapidbus_penang
12001658,Tesco Tanjung Pinang,5.4594,100.30772,rapidbus_penang
12001676,Grand Ocean Condominium,5.4661800000000005,100.27969,rapidbus_penang
12002200,SK Teluk Bahang,5.452978,100.2146176,rapidbus_penang
12000570,(M2) Hong Leong Bank Jelutong,5.39582,100.31751,rapidbus_penang
12000877,Pangsapuri Mayang,5.31841,100.28499,rapidbus_penang
12001450,Padang Bola USM,5.35994,100.31049,rapidbus_penang
12001452,SK Sg. Gelugor,5.36497,100.31097,rapidbus_penang
12000825,Jalan Loh Poh Heng,5.46207,100.29002,rapidbus_penang
12001413,(M3) SK Perempuan Island,5.42349,100.32843,rapidbus_penang
12000518,Balai Polis Gertak Sanggul,5.28218,100.19328,rapidbus_penang
12000521,Taman Pasir Belanda,5.28457,100.21943,rapidbus_penang
12000867,Hospital Lam Wah Ee,5.39392,100.30303,rapidbus_penang
12002301,Shineville Park,5.3996,100.29581,rapidbus_penang
12001126,Masjid Permatang Tok Gelam,5.48979,100.39963,rapidbus_penang
12002378,Taman Mak Mandin II,5.419927,100.395174,rapidbus_penang
12002391,Pekan Sg.Puyu,5.4488198,100.3975145,rapidbus_penang
12000036,SK Tanah Liat,5.38514,100.46336,rapidbus_penang
12000038,Klinik Kesihatan Kubang Semang,5.39703,100.46458,rapidbus_penang
12000534,SMK Dato Haji Ahmad Badawi,5.507008,100.42974,rapidbus_penang
12001170,Permatang Pasir,5.42057,100.43648,rapidbus_penang
12001542,Taman Seri Merbau,5.455008,100.44055,rapidbus_penang
12001545,(M3) Taman Merbau Jaya,5.45655,100.44268,rapidbus_penang
12002352,Kampung Sungai Semambu,5.39205,100.464022,rapidbus_penang
12000775,Sungai Semambu,5.39016,100.46347,rapidbus_penang
12000780,Kampung Petani,5.40645,100.45915,rapidbus_penang
12001175,Taman Ara Indah,5.41256,100.43789,rapidbus_penang
12002014,Taman Kumbar Permai,5.29087,100.22771,rapidbus_penang
12002104,Taman Bandar Perda,5.2918,100.22913,rapidbus_penang
12001434,SRJK Kwang Hwa,5.33561,100.29729,rapidbus_penang
12001440,Sungai Nibong Besar,5.3415300000000006,100.30033,rapidbus_penang
12002128,Klinik Bersatu,5.362995300000001,100.4116378,rapidbus_penang
12002526,Kompleks Sukan & Rekreasi MPSP,5.35593,100.449103,rapidbus_penang
12002602,Kastam Perai,5.35679,100.4011559,rapidbus_penang
12000143,SMK Pondok Upeh Balik Pulau,5.33659,100.22011,rapidbus_penang
12000145,Masjid Daerah Balik Pulau,5.33861,100.2222,rapidbus_penang
12002153,SK Sungai Ara,5.326485,100.272049,rapidbus_penang
12000095,Taman Molek,5.437790000000001,100.38075,rapidbus_penang
12000499,KEMAS Pokok Macang,5.48819,100.47298,rapidbus_penang
12001514,Masjid Sungai Dua,5.445198,100.427986,rapidbus_penang
12002620,TAMAN SERAI WANGI,5.5150543,100.5401127,rapidbus_penang
12000493,Taman Gelugor Indah,5.48519,100.48454,rapidbus_penang
12001513,Masjid Sungai Dua,5.44494,100.42854,rapidbus_penang
12001531,Masjid Sg Lokan,5.44991,100.40849,rapidbus_penang
12001968,PSDC,5.320034,100.29091,rapidbus_penang
12002094,AMD,5.322736,100.29578,rapidbus_penang
12000373,Permatang Binjal,5.50275,100.39319,rapidbus_penang
12002547,Pekan Lama Kepala Batas,5.516294,100.423654,rapidbus_penang
12000153,Klinik Desa Sg. Burung,5.33749,100.20715,rapidbus_penang
12000155,Jalan Sungai Burung,5.33939,100.20737,rapidbus_penang
12000158,Restoran,5.34334,100.20802,rapidbus_penang
12000163,Kg Sungai Burung 2,5.34975,100.20902,rapidbus_penang
12000632,SK Pulau Betong,5.30774,100.20289,rapidbus_penang
12000659,Kampung Terang 2,5.318309999999999,100.21105,rapidbus_penang
12000738,SJK Yeok Hua,5.35324,100.20163,rapidbus_penang
12001567,Hospital Balik Pulau,5.35091,100.23312,rapidbus_penang
12001576,SK Titi Teras,5.35886,100.22462,rapidbus_penang
12001577,Dewan JKKK Titi Teras,5.3602,100.22276,rapidbus_penang
12001578,(M3) Balai Bomba Air Putih,5.36203,100.22092,rapidbus_penang
12001579,(M1) Balai Bomba Air Putih,5.36216,100.22057,rapidbus_penang
12000761,Surau Al Hidayah,5.38857,100.19389,rapidbus_penang
12000763,Jalan Kuala Sg. Pinang,5.39312,100.20901,rapidbus_penang
12000764,Taman Jelita,5.39314,100.20311,rapidbus_penang
12000766,Pekan Kuala Sg. Pinang,5.393269999999999,100.20108,rapidbus_penang
12000989,Pusat Falak Sheik Tahir,5.41162,100.19654,rapidbus_penang
12001479,(M3) Bandar Baru Air Putih 2,5.37201,100.21986,rapidbus_penang
12001480,(M2) Bandar Baru Air Putih 1,5.3727800000000006,100.21994,rapidbus_penang
12001597,Taman Manggis Indah,5.36652,100.21696,rapidbus_penang
12001611,Masjid Jamek Sungai Rusa,5.382619999999999,100.2138,rapidbus_penang
12001612,Masjid Jamek Sungai Rusa,5.38282,100.21384,rapidbus_penang
12001613,Sekolah Agama Sungai Rusa,5.38467,100.21324,rapidbus_penang
12001621,Klinik Desa Sg. Pinang,5.39409,100.21107,rapidbus_penang
12002392,Bengkel Kimpalan Sungai Puyu,5.447873,100.396093,rapidbus_penang
12001206,Permatang Janggus 2,5.39933,100.41722,rapidbus_penang
12001035,Klinik Desa Paya Terubong,5.397772,100.27714,rapidbus_penang
12001373,Restoran Nasi Kandar Salam,5.40502,100.28869,rapidbus_penang
12000636,Kampung Pisang II,5.39888,100.28087,rapidbus_penang
12000638,Kampung Pisang,5.39927,100.27979,rapidbus_penang
12001324,Jalan Pisang Embun,5.39858,100.2836,rapidbus_penang
12000861,Shell Jalan Masjid Negeri,5.38664,100.30492,rapidbus_penang
12003137,Jalan Sungai Dua II,5.354289,100.3054,rapidbus_penang
12001382,Hadapan Medan Selera Downtown,5.45005,100.3083,rapidbus_penang
12000471,Jalan Delima 3,5.38215,100.29893,rapidbus_penang
12001586,JKP Sungai Pinang,5.40561,100.32009,rapidbus_penang
12002203,YMCA,5.4205548,100.3155555,rapidbus_penang
12001351,Jalan Raja Uda II,5.43119,100.38444,rapidbus_penang
12001353,Medan Selera Raja Uda,5.43318,100.38511,rapidbus_penang
12000931,Taman Perindustrian Teras Jaya,5.43361,100.39079,rapidbus_penang
12001343,Petronas Bagan Lalang,5.42223,100.3817,rapidbus_penang
12001393,Jalan Siram II,5.40909,100.37787,rapidbus_penang
12001394,Taman Bagan,5.41009,100.37783,rapidbus_penang
12002034,SJK Tamil Mak Mandin,5.41961,100.39109,rapidbus_penang
12002035,Pejabat Pos Mak Mandin,5.41972,100.38917,rapidbus_penang
12002377,Astaka Mak Mandin,5.415973200000001,100.3858366,rapidbus_penang
12002383,Masjid Permatang Tok Jaya,5.4571510000000005,100.401268,rapidbus_penang
12002385,Kampung Paya,5.487664,100.400169,rapidbus_penang
12000005,Pejabat Pos Macallum,5.406042,100.33189,rapidbus_penang
12000012,Apartment Sri Saujana,5.407129,100.33343,rapidbus_penang
12001990,Pangsapuri Ocean View I,5.39961,100.32716,rapidbus_penang
12002016,SJK Li Tek,5.405869999999999,100.33352,rapidbus_penang
12002025,Aeon Big,5.39034,100.4077,rapidbus_penang
12002092,Taman Sembilang,5.404719999999999,100.40275,rapidbus_penang
12002319,Balai Polis Jelutong,5.391295,100.3121711,rapidbus_penang
12000142,Masjid Jamek Kampung Paya,5.33486,100.21839,rapidbus_penang
12000586,Taman Pinang,5.31604,100.44067,rapidbus_penang
12002504,Kilang FMS,5.355735,100.413023,rapidbus_penang
12002507,Kilang Flextronix,5.351346,100.415548,rapidbus_penang
12002516,(M3) Masjid Tok Lebai Hashim,5.331774,100.450832,rapidbus_penang
12001988,Tesco Tunku Kudin,5.37429,100.31522,rapidbus_penang
12001984,Jabatan Laut Wilayah Utara,5.37344,100.31519,rapidbus_penang
12001986,Mutiara Height,5.388264,100.31889,rapidbus_penang
12001947,Kompleks Makanan Ocean View,5.40073,100.32986,rapidbus_penang
12002076,(M1) Persiaran Kapal Singh,5.39849,100.33054,rapidbus_penang
12000310,SMK Bukit Gambir,5.3704,100.29649,rapidbus_penang
12001152,Jejantas SMK Bayan Lepas,5.28665,100.2562,rapidbus_penang
12001155,Masjid Kampung Seronok,5.29036,100.25675,rapidbus_penang
12001077,Taman Zainal Abidin,5.40831,100.31609,rapidbus_penang
12000420,Taman Nuri I,5.30467,100.26292,rapidbus_penang
12000612,Flat Kg. Suluk,5.288736,100.22212,rapidbus_penang
12000050,Klinik Kesihatan Bandar Baru Air Itam,5.38964,100.28497,rapidbus_penang
12001004,SK Seri Relau,5.333880000000001,100.27581,rapidbus_penang
12001800,Jalan Tengah,5.31882,100.2873,rapidbus_penang
12001998,Lintang Angsana II,5.388035,100.28272,rapidbus_penang
12000362,Sokka Gakai,5.42736,100.31622,rapidbus_penang
12000369,Midlands One Stop Centre,5.43289,100.30629,rapidbus_penang
12001397,Sri Bahari,5.42089,100.33248,rapidbus_penang
12001399,Pejabat Maritim,5.42175,100.33142,rapidbus_penang
12001921,H.S. Sam Book Store,5.41933,100.33411,rapidbus_penang
12002318,Container Hotel,5.4142,100.34045,rapidbus_penang
12000751,Pulau Mertajam,5.57361,100.36615,rapidbus_penang
12001058,Balai Polis Penaga,5.524894000000001,100.38132,rapidbus_penang
12001709,SMK Dato 'Onn,5.44791,100.38261,rapidbus_penang
12000091,Jabatan Pertahanan Awam,5.42831,100.37746,rapidbus_penang
12000098,Pasar Awam,5.44083,100.38148,rapidbus_penang
12000760,Balai Bomba Kuala Muda,5.56962,100.3511,rapidbus_penang
12001115,SMK Tok Labu,5.55065,100.37732,rapidbus_penang
12001120,Sungai Kedak,5.567819999999999,100.37632,rapidbus_penang
12001708,SK Bagan Ajam,5.44707,100.38253,rapidbus_penang
12000077,Masjid Jamek Sheikh Yusof(Hospital),5.41355,100.31131,rapidbus_penang
12000456,Penang Times Square,5.4131540000000005,100.32621,rapidbus_penang
12000458,Stadium Bandaraya,5.41324,100.31458,rapidbus_penang
12001064,Penang Road,5.41925,100.33199,rapidbus_penang
12001818,Desa Intan - 7D,5.39329,100.28532,rapidbus_penang
12001820,Fortune Court,5.39805,100.28878,rapidbus_penang
12001821,SRJK Sin Kang,5.40045,100.2906,rapidbus_penang
12001922,Banana Boutique,5.419522,100.33361,rapidbus_penang
12002102,(M2) Tingkat Paya Terubong4,5.36975,100.27547,rapidbus_penang
12002112,Kampung Makam,5.41227,100.32089,rapidbus_penang
12002116,Terminal Komtar,5.4141808,100.3303132,rapidbus_penang
12000074,SMK (L) Methodist,5.41018,100.30699,rapidbus_penang
12000453,Pasar Jalan Kuantan,5.412776999999999,100.32437,rapidbus_penang
12002087,Bertam Putra 3,5.51699,100.49075,rapidbus_penang
12002573,Kampung Pokok Jenerih I,5.521623,100.502889,rapidbus_penang
12002951,Pusat Penjaja Bandar Putra Bertam,5.5180364,100.477164,rapidbus_penang
12002996,Taman Tasek Gelugor Utama,5.489344,100.49723,rapidbus_penang
12002998,Taman Tasek Gelugor Utama III,5.494029,100.49867,rapidbus_penang
12000290,Klinik Kesihatan Air Hitam,5.40581,100.2826,rapidbus_penang
12000293,Stesen Bukit Bendera,5.40786,100.27749,rapidbus_penang
12000625,SK Sri Aman,5.39993,100.28603,rapidbus_penang
12001037,Ambank Paya Terubong,5.39975,100.27792,rapidbus_penang
12001935,Bank Negara Malaysia,5.42049,100.34087,rapidbus_penang
12000286,Jalan Besi I,5.3949,100.30194,rapidbus_penang
12000866,Hospital Lam Wah Ee,5.39285,100.3026,rapidbus_penang
12000935,Rumah P.Ramlee,5.40966,100.31549,rapidbus_penang
12000023,Anggerik Villa,5.36856,100.30825,rapidbus_penang
12000314,SK Bukit Gelugor,5.37725,100.30232,rapidbus_penang
12001211,Taman Ampang Jajar,5.41259,100.39809,rapidbus_penang
12002343,PBA Bukit Mertajam,5.366679,100.460003,rapidbus_penang
12002374,(M3) Pusat Komersial Permatang Pauh,5.381354,100.419758,rapidbus_penang
12002375,Masjid Perda,5.368787,100.430332,rapidbus_penang
12001096,Masjid Perda,5.36871,100.43059,rapidbus_penang
12001204,SK Tok Kandu,5.39449,100.4178,rapidbus_penang
12002320,Sunway Wellesley,5.368673,100.455235,rapidbus_penang
12002366,Nashmir Perda,5.3680010000000005,100.427843,rapidbus_penang
12002367,Pasar Malam Arowana,5.411293,100.409977,rapidbus_penang
12000192,Taman Chai Leng,5.38361,100.38968,rapidbus_penang
12000397,Pusat Perniagaan Chain Ferry,5.40153,100.37983,rapidbus_penang
12001994,Taman Sembilang,5.403,100.39864,rapidbus_penang
12002093,Tesco Extra,5.40595,100.40421,rapidbus_penang
12000389,Public Bank Inderawasih,5.38858,100.38879,rapidbus_penang
12001876,Telekom Seberang Jaya,5.3865,100.40548,rapidbus_penang
12001957,Petronas Sunway,5.40021,100.39997,rapidbus_penang
12002531,Pangsapuri Lintang Tenggiri,5.395994,100.404116,rapidbus_penang
12002537,Klinik Bersatu,5.339956,100.503712,rapidbus_penang
12002539,Taman Bukit Indah,5.350002,100.479467,rapidbus_penang
12000129,Tesco Bakar Arang,5.62188,100.47648,rapidbus_penang
12000131,SMK Che Tom,5.62447,100.4788,rapidbus_penang
12000188,Medan Perniagaan Pauh Jaya,5.37137,100.41258,rapidbus_penang
12000060,Public Bank Air Putih,5.40431,100.28701,rapidbus_penang
12001359,Taman Industri Impian,5.31216,100.47903,rapidbus_penang
12001692,Taman Puteri Gunung,5.28494,100.5027,rapidbus_penang
12001696,Bandar Tasek Mutiara,5.2783,100.48369,rapidbus_penang
12001699,Pejabat Koperasi Tasek Junjung,5.29765,100.53179,rapidbus_penang
12002588,Taman Selesa,5.3292507,100.4820585,rapidbus_penang
12000800,Taman Kuari,5.3552,100.46913,rapidbus_penang
12001269,Taman Permatang Tinggi Indah,5.294630000000001,100.47935,rapidbus_penang
12001697,Pusat Perniagaan Tasek Mutiara,5.27834,100.48439,rapidbus_penang
12002329,Masjid Simpang Empat,5.282946,100.476674,rapidbus_penang
12001177,SIRIM,5.37009,100.42318,rapidbus_penang
12000924,SK Jawi,5.19728,100.49322,rapidbus_penang
12001260,Taman Tempua,5.271780000000001,100.47683,rapidbus_penang
12001484,Lean Teik Trading,5.23714,100.4893,rapidbus_penang
12002325,Leeden Hercules,5.32153,100.452924,rapidbus_penang
12002330,Balai Bomba Sungai Bakap,5.261616,100.472897,rapidbus_penang
12000283,Silitech,5.25611,100.4723,rapidbus_penang
12000323,Klinik Kesihatan Bukit Minyak,5.32721,100.44779,rapidbus_penang
12000324,Taman Bukit Minyak,5.3289,100.44755,rapidbus_penang
12001275,MDC Kuari,5.30505,100.4714,rapidbus_penang
12001488,Taman Rebana,5.24258,100.48367,rapidbus_penang
12002335,Hospital Sungai Bakap,5.218885,100.497921,rapidbus_penang
12002337,Oriental Polymer,5.251126999999999,100.474559,rapidbus_penang
12000960,Pusat Perniagaan Padang Lalang,5.36565,100.44286,rapidbus_penang
12000955,Padang Lalang,5.364730000000001,100.44968,rapidbus_penang
12001454,BSN Gelugor,5.36943,100.31026,rapidbus_penang
12001462,Flat PPR Jalan Sungai,5.407030000000001,100.3247,rapidbus_penang
12001903,Apartmen Taman Sri Pinang,5.406219999999999,100.32298,rapidbus_penang
12001941,Pasar Lebuh Cecil,5.40688,100.32832,rapidbus_penang
12003020,Stor Pusat Kimia Universiti,5.356237999999999,100.30054,rapidbus_penang
12003028,Desasiswa Aman Damai,5.354976000000001,100.297,rapidbus_penang
12002500,Petronas Nibong Tebal,5.1590569,100.4759619,rapidbus_penang
12002029,TAR Kolej I,5.4539800000000005,100.28435,rapidbus_penang
12002031,Lorong Lembah Permai 3,5.45452,100.28829,rapidbus_penang
12000565,Bukit Dumbar,5.38595,100.31157,rapidbus_penang
12002009,Microlead,5.291417,100.28672,rapidbus_penang
12002060,Hadapan Queensbay Mall,5.332325,100.30773,rapidbus_penang
12002994,Taman Tun Hussein Onn,5.3861454,100.4057448,rapidbus_penang
12000080,Sekolah Ikthisas Tentera Udara,5.45865,100.28951,rapidbus_penang
12000899,Pusat Penjagaan Kanak - Kanak,5.44589,100.30257,rapidbus_penang
12000970,Gleneagles I,5.42659,100.31886,rapidbus_penang
12001668,Menara Asas,5.46519,100.28331,rapidbus_penang
12000214,Balai Polis Batu Feringghi,5.47115,100.24608,rapidbus_penang
12000216,Hotel Holiday Inn,5.47227,100.24691,rapidbus_penang
12000238,Basket Ball Court,5.4803,100.2605,rapidbus_penang
12002308,Jejantas SK Batu Maung,5.280986,100.282144,rapidbus_penang
12000303,Universiti Sains Malaysia,5.356380000000001,100.29297,rapidbus_penang
12000582,(M3) Pejabat Pos Jelutong,5.38662,100.31258,rapidbus_penang
12001138,SK Permatang Damar Laut,5.280032,100.27171,rapidbus_penang
12000721,Masjid Jamek Al Munawer,5.4307300000000005,100.31622,rapidbus_penang
12001661,Chinese Swimming Club,5.46261,100.30429,rapidbus_penang
12001763,Hub Teluk Bahang,5.45841,100.21576,rapidbus_penang
12001765,Taman Negara,5.45899,100.20662,rapidbus_penang
12003016,1926 Heritage Hotel,5.424169,100.320533,rapidbus_penang
12000482,Jalan Gajah II,5.46006,100.30282,rapidbus_penang
12000003,Flat Lebuh Noordin,5.41115,100.33395,rapidbus_penang
12000575,Maybank Jelutong,5.3979,100.31989,rapidbus_penang
12000888,Hub Pasaraya Giant,5.321734999999999,100.28442,rapidbus_penang
12001437,Ayamas Sg. Nibong,5.338055000000001,100.29855,rapidbus_penang
12001455,Maybank Gelugor,5.36971,100.31005,rapidbus_penang
12002017,SJK Li Tek,5.40604,100.33349,rapidbus_penang
12000816,Pangsapuri Azuria,5.46253,100.27991,rapidbus_penang
12002239,Lembah Permai,5.457399,100.288952,rapidbus_penang
12000619,SMK Teluk Kumbar 2,5.29035,100.2222,rapidbus_penang
12000621,Sekolah Agama Al-Itqan,5.29391,100.22448,rapidbus_penang
12002286,Pekan Paya Terubong,5.37904,100.27483,rapidbus_penang
12001046,Klinik Desa,5.47872,100.40147,rapidbus_penang
12001127,Ban Chuan Seng Rice & Oil Mills,5.49461,100.39783,rapidbus_penang
12002390,Sidee Frozen,5.4528550000000005,100.401901,rapidbus_penang
12000035,Taman Guru,5.38252,100.46362,rapidbus_penang
12000779,Kampung Petani,5.40453,100.46207,rapidbus_penang
12001174,Pengkalan Tambang,5.42701,100.43426,rapidbus_penang
12001329,(M3) SMKA Al Irshad,5.49015,100.4574,rapidbus_penang
12001331,Taman Koskam,5.4935,100.45172,rapidbus_penang
12001333,Taman Orkid Indah,5.49447,100.44875,rapidbus_penang
12002355,Giat MARA Permatang Pauh,5.409745,100.439603,rapidbus_penang
12000256,Hospital Kepala Batas,5.51278,100.43723,rapidbus_penang
12000771,Kolej Komuniti Bkt Mertajam,5.38055,100.46454,rapidbus_penang
12000781,SK Indera Muda,5.40753,100.45715,rapidbus_penang
12000783,Giat MARA Permatang Pauh,5.4097800000000005,100.43955,rapidbus_penang
12001171,SK Agama Permatang Pasir,5.42162,100.43623,rapidbus_penang
12001336,Masjid Pongsu Seribu,5.49707,100.44342,rapidbus_penang
12002207,Sekolah Memandu Batu Uban,5.3524151,100.30504659999998,rapidbus_penang
12002306,Teluk Kumbar Height,5.28865,100.2473,rapidbus_penang
12001431,PSDC,5.32164,100.29028,rapidbus_penang
12000588,Taman Sentul,5.31639,100.44188,rapidbus_penang
12000732,Taman Kota Permai,5.34403,100.45668,rapidbus_penang
12001048,Medan Selera Taman Pelangi,5.34185,100.42742,rapidbus_penang
12002124,Klinik Bersatu,5.363021400000001,100.4115651,rapidbus_penang
12000141,Hub Pekan Genting,5.33336,100.21667,rapidbus_penang
12000146,IPD Barat Daya,5.34166,100.2254,rapidbus_penang
12001782,SK Teluk Kumbar,5.29114,100.23249,rapidbus_penang
12000097,Tesco Bagan Ajam,5.43996,100.38123,rapidbus_penang
12000484,Kampung Master,5.47878,100.50047,rapidbus_penang
12000490,Pusat Komersial Tasek Gelugor,5.484312999999999,100.48904,rapidbus_penang
12000495,Kg Air Melintas Besar,5.48707,100.47806,rapidbus_penang
12000639,Taman Kemaju,5.4802480000000005,100.50426,rapidbus_penang
12001533,Masjid Sungai Lokan,5.45003,100.40833,rapidbus_penang
12001539,Alor Merah,5.45075,100.40326,rapidbus_penang
12000506,Taman Desa Sena,5.48897,100.4635,rapidbus_penang
12001520,Sungai Dua,5.446280000000001,100.42215,rapidbus_penang
12001930,ISO Tech,5.323867,100.29717,rapidbus_penang
12001949,B. Braun 2,5.309194000000001,100.28263,rapidbus_penang
12002044,Plexus Hillside,5.312353,100.2828,rapidbus_penang
12000157,Masjid Sungai Burung,5.34189,100.20783,rapidbus_penang
12000161,Sungai Burung,5.34664,100.20849,rapidbus_penang
12000173,Café Anjung Bagan,5.36121,100.21137,rapidbus_penang
12000634,(M2) Kampung Perlis 1,5.31566,100.2042,rapidbus_penang
12000663,Pekan Genting,5.332409999999999,100.21579,rapidbus_penang
12000664,Kampung Pulau Betong,5.30357,100.19714,rapidbus_penang
12001573,Pejabat Agama Daerah,5.35651,100.22722,rapidbus_penang
12000767,SJK Yu Chye,5.39328,100.20184,rapidbus_penang
12000980,Jalan Haji Abd. Ghani Taib,5.40142,100.20657,rapidbus_penang
12000981,Jalan Haji Abd. Ghani Taib,5.40147,100.20661,rapidbus_penang
12000987,Kampung Bukit Kecil,5.40369,100.20046,rapidbus_penang
12000988,Pulaza Balik Pulau,5.40903,100.1987,rapidbus_penang
12001599,Taman Manggis Indah,5.367482,100.21685,rapidbus_penang
12001623,Kampung Sungai Pinang,5.396028,100.21213,rapidbus_penang
12002299,PBA Padang Tembak,5.40821,100.29369,rapidbus_penang
12001207,Masjid Permatang Janggus,5.4019,100.41704,rapidbus_penang
12001026,Pangsapuri Wisma Indah,5.3878900000000005,100.2745,rapidbus_penang
12000292,Pasukan Bomba & Penyelamat,5.40674,100.28011,rapidbus_penang
12001082,Pangsapuri Sri Pinang,5.420856,100.31727,rapidbus_penang
12003626,Wisma Perkeso,5.429089,100.313353,rapidbus_penang
12000830,Pusat Kegiatan Guru Kelawei,5.41622,100.32396,rapidbus_penang
12001385,Hadapan Straits Quay Marina Mall,5.45791,100.31246,rapidbus_penang
12000469,Jalan Delima 4,5.38001,100.30026,rapidbus_penang
12000473,Jalan Delima,5.383719999999999,100.3047,rapidbus_penang
12000116,Bagan Lalang,5.43627,100.39756,rapidbus_penang
12000118,Taman Cengal,5.4393400000000005,100.39755,rapidbus_penang
12000540,Pasar Awam,5.40639,100.37236,rapidbus_penang
12000930,Pangsapuri Mesra Jaya,5.431109999999999,100.39561,rapidbus_penang
12000932,Pusat Perniagaan Ong Yi How,5.435219999999999,100.38886,rapidbus_penang
12001347,SJKC Kwang Hwa,5.4276800000000005,100.38346,rapidbus_penang
12001348,Jalan Raja Uda I,5.42909,100.38393,rapidbus_penang
12001352,Medan Selera Raja Uda,5.43315,100.38521,rapidbus_penang
12001395,Jalan Siram II,5.41204,100.37836,rapidbus_penang
12000107,Bengkel MPSP Mak Mandin,5.42037,100.3968,rapidbus_penang
12001042,SMK Permatang Tok Jaya,5.472158,100.40104,rapidbus_penang
12002634,Bukit Genting,5.315753599999999,100.2262096,rapidbus_penang
12000474,Komtar Timur,5.414579,100.33229,rapidbus_penang
12000859,Gereja St. George,5.419436,100.339455,rapidbus_penang
12002947,Pangsapuri Taman Pelangi,5.3453204,100.425329,rapidbus_penang
12001985,Mutiara Height,5.3881,100.31811,rapidbus_penang
12001987,Flat Macallum,5.40704,100.33189,rapidbus_penang
12001946,Pangsapuri Ocean View,5.39816,100.32812,rapidbus_penang
12001948,Summer Place,5.40109,100.33093,rapidbus_penang
12000298,(M2) Pangsapuri Golf View,5.340762000000001,100.29247,rapidbus_penang
12001130,Taman Desa Wangsa,5.2778,100.27061,rapidbus_penang
12001072,Harmony View,5.400284,100.31487,rapidbus_penang
12001075,Kampung Dodol,5.404419,100.31553,rapidbus_penang
12001089,Stadium Bandaraya,5.41135,100.31609,rapidbus_penang
