shape_id,shape_pt_lat,shape_pt_lon,shape_pt_sequence
shp_AG_0,3.150787,101.760359,1
shp_AG_0,3.144578,101.760196,2
shp_AG_0,3.143878,101.75999,3
shp_AG_0,3.142863,101.75951,4
shp_AG_0,3.142033,101.758881,5
shp_AG_0,3.14058,101.75677,6
shp_AG_0,3.140023,101.755968,7
shp_AG_0,3.138825,101.753709,8
shp_AG_0,3.138503,101.753168,9
shp_AG_0,3.134744,101.746847,10
shp_AG_0,3.134352,101.746187,11
shp_AG_0,3.130211,101.739057,12
shp_AG_0,3.125958,101.731529,13
shp_AG_0,3.124436,101.728977,14
shp_AG_0,3.123863,101.727991,15
shp_AG_0,3.123269,101.726985,16
shp_AG_0,3.122634,101.725876,17
shp_AG_0,3.121994,101.724878,18
shp_AG_0,3.121159,101.723392,19
shp_AG_0,3.120632,101.722374,20
shp_AG_0,3.120423,101.721709,21
shp_AG_0,3.120322,101.721217,22
shp_AG_0,3.120262,101.72054,23
shp_AG_0,3.120263,101.720171,24
shp_AG_0,3.120306,101.719741,25
shp_AG_0,3.120389,101.719475,26
shp_AG_0,3.120514,101.719004,27
shp_AG_0,3.120743,101.718474,28
shp_AG_0,3.120832,101.718231,29
shp_AG_0,3.121031,101.717873,30
shp_AG_0,3.121248,101.717483,31
shp_AG_0,3.121375,101.717293,32
shp_AG_0,3.121513,101.71712,33
shp_AG_0,3.121957,101.716587,34
shp_AG_0,3.123036,101.71606,35
shp_AG_0,3.123634,101.715816,36
shp_AG_0,3.124294,101.715571,37
shp_AG_0,3.124862,101.715397,38
shp_AG_0,3.125304,101.715318,39
shp_AG_0,3.126116,101.715269,40
shp_AG_0,3.126666,101.715339,41
shp_AG_0,3.127168,101.715433,42
shp_AG_0,3.127923,101.71558,43
shp_AG_0,3.128252,101.715645,44
shp_AG_0,3.128682,101.715707,45
shp_AG_0,3.129312,101.715824,46
shp_AG_0,3.12983,101.715855,47
shp_AG_0,3.130308,101.715854,48
shp_AG_0,3.130961,101.715686,49
shp_AG_0,3.131367,101.715495,50
shp_AG_0,3.131725,101.715312,51
shp_AG_0,3.132141,101.714957,52
shp_AG_0,3.132627,101.714448,53
shp_AG_0,3.132706,101.71432,54
shp_AG_0,3.133108,101.713772,55
shp_AG_0,3.133349,101.71342,56
shp_AG_0,3.133673,101.713012,57
shp_AG_0,3.133874,101.712777,58
shp_AG_0,3.134087,101.712626,59
shp_AG_0,3.134524,101.712307,60
shp_AG_0,3.134875,101.712063,61
shp_AG_0,3.135102,101.711905,62
shp_AG_0,3.135784,101.71145,63
shp_AG_0,3.136075,101.711182,64
shp_AG_0,3.136472,101.710757,65
shp_AG_0,3.136796,101.710326,66
shp_AG_0,3.137232,101.709723,67
shp_AG_0,3.137677,101.709134,68
shp_AG_0,3.138328,101.708292,69
shp_AG_0,3.13886,101.707554,70
shp_AG_0,3.139396,101.706833,71
shp_AG_0,3.1399,101.706109,72
shp_AG_0,3.140123,101.705863,73
shp_AG_0,3.140928,101.704905,74
shp_AG_0,3.141196,101.70462,75
shp_AG_0,3.141529,101.704299,76
shp_AG_0,3.141935,101.703915,77
shp_AG_0,3.142293,101.703602,78
shp_AG_0,3.142707,101.703255,79
shp_AG_0,3.14311,101.702969,80
shp_AG_0,3.143665,101.702628,81
shp_AG_0,3.144046,101.702245,82
shp_AG_0,3.144391,101.701899,83
shp_AG_0,3.144741,101.701573,84
shp_AG_0,3.145009,101.701329,85
shp_AG_0,3.145197,101.701141,86
shp_AG_0,3.145346,101.700911,87
shp_AG_0,3.145411,101.700724,88
shp_AG_0,3.14548,101.70051,89
shp_AG_0,3.145559,101.7002,90
shp_AG_0,3.145631,101.700007,91
shp_AG_0,3.145691,101.699886,92
shp_AG_0,3.145807,101.699713,93
shp_AG_0,3.145939,101.699579,94
shp_AG_0,3.146088,101.69946,95
shp_AG_0,3.146438,101.699212,96
shp_AG_0,3.14671,101.698938,97
shp_AG_0,3.147138,101.698496,98
shp_AG_0,3.147591,101.698149,99
shp_AG_0,3.148117,101.697611,100
shp_AG_0,3.148904,101.696865,101
shp_AG_0,3.149302,101.696547,102
shp_AG_0,3.149802,101.696147,103
shp_AG_0,3.150423,101.695593,104
shp_AG_0,3.150781,101.695274,105
shp_AG_0,3.150982,101.695028,106
shp_AG_0,3.151116,101.694804,107
shp_AG_0,3.151241,101.694569,108
shp_AG_0,3.151373,101.694235,109
shp_AG_0,3.151535,101.694027,110
shp_AG_0,3.151776,101.693848,111
shp_AG_0,3.151958,101.693756,112
shp_AG_0,3.152186,101.693687,113
shp_AG_0,3.152417,101.693671,114
shp_AG_0,3.15276,101.693702,115
shp_AG_0,3.153095,101.693772,116
shp_AG_0,3.153446,101.693843,117
shp_AG_0,3.153908,101.693961,118
shp_AG_0,3.154394,101.694094,119
shp_AG_0,3.154857,101.694244,120
shp_AG_0,3.155335,101.694362,121
shp_AG_0,3.155503,101.694396,122
shp_AG_0,3.155996,101.694495,123
shp_AG_0,3.156267,101.69451,124
shp_AG_0,3.156722,101.694501,125
shp_AG_0,3.157311,101.694381,126
shp_AG_0,3.157613,101.694246,127
shp_AG_0,3.158011,101.694094,128
shp_AG_0,3.158497,101.693927,129
shp_AG_0,3.158847,101.693815,130
shp_AG_0,3.159173,101.693748,131
shp_AG_0,3.159516,101.693718,132
shp_AG_0,3.15989,101.693765,133
shp_AG_0,3.1602,101.693834,134
shp_AG_0,3.160656,101.693969,135
shp_AG_0,3.160967,101.694048,136
shp_AG_0,3.161172,101.694105,137
shp_AG_0,3.161637,101.694233,138
shp_AG_0,3.161987,101.694323,139
shp_AG_0,3.162258,101.69437,140
shp_AG_0,3.16243,101.694355,141
shp_AG_0,3.16265,101.694296,142
shp_AG_0,3.162756,101.694247,143
shp_AG_0,3.163013,101.694109,144
shp_AG_0,3.163363,101.693871,145
shp_AG_0,3.163646,101.693694,146
shp_AG_0,3.163904,101.693621,147
shp_AG_0,3.164119,101.693594,148
shp_AG_0,3.164321,101.693596,149
shp_AG_0,3.164527,101.693627,150
shp_AG_0,3.164849,101.693734,151
shp_AG_0,3.165173,101.693808,152
shp_AG_0,3.16538,101.693855,153
shp_AG_0,3.165786,101.693838,154
shp_AG_0,3.166534,101.693634,155
shp_AG_0,3.166925,101.693527,156
shp_AG_0,3.167759,101.693303,157
shp_AG_0,3.168073,101.693286,158
shp_AG_0,3.168275,101.693302,159
shp_AG_0,3.168426,101.693335,160
shp_AG_0,3.168763,101.693513,161
shp_AG_0,3.168917,101.693617,162
shp_AG_0,3.169185,101.693874,163
shp_AG_0,3.169454,101.694114,164
shp_AG_0,3.169827,101.694416,165
shp_AG_0,3.170138,101.694684,166
shp_AG_0,3.170402,101.694914,167
shp_AG_0,3.170601,101.695048,168
shp_AG_0,3.170848,101.695182,169
shp_AG_0,3.171168,101.695326,170
shp_AG_0,3.17146,101.695403,171
shp_AG_0,3.171733,101.695441,172
shp_AG_0,3.172116,101.695464,173
shp_AG_0,3.172458,101.69544,174
shp_AG_0,3.173033,101.695402,175
shp_AG_0,3.173451,101.695334,176
shp_AG_0,3.173987,101.695246,177
shp_AG_0,3.174441,101.695198,178
shp_AG_0,3.1749,101.695225,179
shp_AG_0,3.175219,101.695248,180
shp_AG_0,3.175497,101.695362,181
shp_AG_0,3.17566,101.695426,182
shp_AG_0,3.175854,101.695536,183
shp_AG_0,3.176114,101.695664,184
shp_AG_0,3.176503,101.695825,185
shp_AG_0,3.17686,101.695921,186
shp_AG_0,3.177105,101.695938,187
shp_AG_0,3.177378,101.695938,188
shp_AG_0,3.177795,101.695863,189
shp_AG_0,3.178068,101.695766,190
shp_AG_0,3.178595,101.695582,191
shp_AG_0,3.179183,101.695376,192
shp_AG_0,3.180112,101.695019,193
shp_AG_0,3.181037,101.694694,194
shp_AG_0,3.181569,101.69455,195
shp_AG_0,3.181847,101.694522,196
shp_AG_0,3.182074,101.694521,197
shp_AG_0,3.182352,101.694553,198
shp_AG_0,3.182565,101.694612,199
shp_AG_0,3.182824,101.69469,200
shp_AG_0,3.183037,101.6948,201
shp_AG_0,3.183292,101.694947,202
shp_AG_0,3.183575,101.695112,203
shp_AG_0,3.183946,101.695318,204
shp_AG_0,3.184356,101.69547,205
shp_AG_0,3.184515,101.695524,206
shp_AG_0,3.184735,101.695538,207
shp_AG_0,3.185356,101.695433,208
shp_AG_0,3.185874,101.695343,209
shp_AG_0,3.186597,101.695208,210
shp_AG_1,3.186597,101.695208,1
shp_AG_1,3.185874,101.695343,2
shp_AG_1,3.185356,101.695433,3
shp_AG_1,3.184735,101.695538,4
shp_AG_1,3.184515,101.695524,5
shp_AG_1,3.184356,101.69547,6
shp_AG_1,3.183946,101.695318,7
shp_AG_1,3.183575,101.695112,8
shp_AG_1,3.183292,101.694947,9
shp_AG_1,3.183037,101.6948,10
shp_AG_1,3.182824,101.69469,11
shp_AG_1,3.182565,101.694612,12
shp_AG_1,3.182352,101.694553,13
shp_AG_1,3.182074,101.694521,14
shp_AG_1,3.181847,101.694522,15
shp_AG_1,3.181569,101.69455,16
shp_AG_1,3.181037,101.694694,17
shp_AG_1,3.180112,101.695019,18
shp_AG_1,3.179183,101.695376,19
shp_AG_1,3.178595,101.695582,20
shp_AG_1,3.178068,101.695766,21
shp_AG_1,3.177795,101.695863,22
shp_AG_1,3.177378,101.695938,23
shp_AG_1,3.177105,101.695938,24
shp_AG_1,3.17686,101.695921,25
shp_AG_1,3.176503,101.695825,26
shp_AG_1,3.176114,101.695664,27
shp_AG_1,3.175854,101.695536,28
shp_AG_1,3.17566,101.695426,29
shp_AG_1,3.175497,101.695362,30
shp_AG_1,3.175219,101.695248,31
shp_AG_1,3.1749,101.695225,32
shp_AG_1,3.174441,101.695198,33
shp_AG_1,3.173987,101.695246,34
shp_AG_1,3.173451,101.695334,35
shp_AG_1,3.173033,101.695402,36
shp_AG_1,3.172458,101.69544,37
shp_AG_1,3.172116,101.695464,38
shp_AG_1,3.171733,101.695441,39
shp_AG_1,3.17146,101.695403,40
shp_AG_1,3.171168,101.695326,41
shp_AG_1,3.170848,101.695182,42
shp_AG_1,3.170601,101.695048,43
shp_AG_1,3.170402,101.694914,44
shp_AG_1,3.170138,101.694684,45
shp_AG_1,3.169827,101.694416,46
shp_AG_1,3.169454,101.694114,47
shp_AG_1,3.169185,101.693874,48
shp_AG_1,3.168917,101.693617,49
shp_AG_1,3.168763,101.693513,50
shp_AG_1,3.168426,101.693335,51
shp_AG_1,3.168275,101.693302,52
shp_AG_1,3.168073,101.693286,53
shp_AG_1,3.167759,101.693303,54
shp_AG_1,3.166925,101.693527,55
shp_AG_1,3.166534,101.693634,56
shp_AG_1,3.165786,101.693838,57
shp_AG_1,3.16538,101.693855,58
shp_AG_1,3.165173,101.693808,59
shp_AG_1,3.164849,101.693734,60
shp_AG_1,3.164527,101.693627,61
shp_AG_1,3.164321,101.693596,62
shp_AG_1,3.164119,101.693594,63
shp_AG_1,3.163904,101.693621,64
shp_AG_1,3.163646,101.693694,65
shp_AG_1,3.163363,101.693871,66
shp_AG_1,3.163013,101.694109,67
shp_AG_1,3.162756,101.694247,68
shp_AG_1,3.16265,101.694296,69
shp_AG_1,3.16243,101.694355,70
shp_AG_1,3.162258,101.69437,71
shp_AG_1,3.161987,101.694323,72
shp_AG_1,3.161637,101.694233,73
shp_AG_1,3.161172,101.694105,74
shp_AG_1,3.160967,101.694048,75
shp_AG_1,3.160656,101.693969,76
shp_AG_1,3.1602,101.693834,77
shp_AG_1,3.15989,101.693765,78
shp_AG_1,3.159516,101.693718,79
shp_AG_1,3.159173,101.693748,80
shp_AG_1,3.158847,101.693815,81
shp_AG_1,3.158497,101.693927,82
shp_AG_1,3.158011,101.694094,83
shp_AG_1,3.157613,101.694246,84
shp_AG_1,3.157311,101.694381,85
shp_AG_1,3.156722,101.694501,86
shp_AG_1,3.156267,101.69451,87
shp_AG_1,3.155996,101.694495,88
shp_AG_1,3.155503,101.694396,89
shp_AG_1,3.155335,101.694362,90
shp_AG_1,3.154857,101.694244,91
shp_AG_1,3.154394,101.694094,92
shp_AG_1,3.153908,101.693961,93
shp_AG_1,3.153446,101.693843,94
shp_AG_1,3.153095,101.693772,95
shp_AG_1,3.15276,101.693702,96
shp_AG_1,3.152417,101.693671,97
shp_AG_1,3.152186,101.693687,98
shp_AG_1,3.151958,101.693756,99
shp_AG_1,3.151776,101.693848,100
shp_AG_1,3.151535,101.694027,101
shp_AG_1,3.151373,101.694235,102
shp_AG_1,3.151241,101.694569,103
shp_AG_1,3.151116,101.694804,104
shp_AG_1,3.150982,101.695028,105
shp_AG_1,3.150781,101.695274,106
shp_AG_1,3.150423,101.695593,107
shp_AG_1,3.149802,101.696147,108
shp_AG_1,3.149302,101.696547,109
shp_AG_1,3.148904,101.696865,110
shp_AG_1,3.148117,101.697611,111
shp_AG_1,3.147591,101.698149,112
shp_AG_1,3.147138,101.698496,113
shp_AG_1,3.14671,101.698938,114
shp_AG_1,3.146438,101.699212,115
shp_AG_1,3.146088,101.69946,116
shp_AG_1,3.145939,101.699579,117
shp_AG_1,3.145807,101.699713,118
shp_AG_1,3.145691,101.699886,119
shp_AG_1,3.145631,101.700007,120
shp_AG_1,3.145559,101.7002,121
shp_AG_1,3.14548,101.70051,122
shp_AG_1,3.145411,101.700724,123
shp_AG_1,3.145346,101.700911,124
shp_AG_1,3.145197,101.701141,125
shp_AG_1,3.145009,101.701329,126
shp_AG_1,3.144741,101.701573,127
shp_AG_1,3.144391,101.701899,128
shp_AG_1,3.144046,101.702245,129
shp_AG_1,3.143665,101.702628,130
shp_AG_1,3.14311,101.702969,131
shp_AG_1,3.142707,101.703255,132
shp_AG_1,3.142293,101.703602,133
shp_AG_1,3.141935,101.703915,134
shp_AG_1,3.141529,101.704299,135
shp_AG_1,3.141196,101.70462,136
shp_AG_1,3.140928,101.704905,137
shp_AG_1,3.140123,101.705863,138
shp_AG_1,3.1399,101.706109,139
shp_AG_1,3.139396,101.706833,140
shp_AG_1,3.13886,101.707554,141
shp_AG_1,3.138328,101.708292,142
shp_AG_1,3.137677,101.709134,143
shp_AG_1,3.137232,101.709723,144
shp_AG_1,3.136796,101.710326,145
shp_AG_1,3.136472,101.710757,146
shp_AG_1,3.136075,101.711182,147
shp_AG_1,3.135784,101.71145,148
shp_AG_1,3.135102,101.711905,149
shp_AG_1,3.134875,101.712063,150
shp_AG_1,3.134524,101.712307,151
shp_AG_1,3.134087,101.712626,152
shp_AG_1,3.133874,101.712777,153
shp_AG_1,3.133673,101.713012,154
shp_AG_1,3.133349,101.71342,155
shp_AG_1,3.133108,101.713772,156
shp_AG_1,3.132706,101.71432,157
shp_AG_1,3.132627,101.714448,158
shp_AG_1,3.132141,101.714957,159
shp_AG_1,3.131725,101.715312,160
shp_AG_1,3.131367,101.715495,161
shp_AG_1,3.130961,101.715686,162
shp_AG_1,3.130308,101.715854,163
shp_AG_1,3.12983,101.715855,164
shp_AG_1,3.129312,101.715824,165
shp_AG_1,3.128682,101.715707,166
shp_AG_1,3.128252,101.715645,167
shp_AG_1,3.127923,101.71558,168
shp_AG_1,3.127168,101.715433,169
shp_AG_1,3.126666,101.715339,170
shp_AG_1,3.126116,101.715269,171
shp_AG_1,3.125304,101.715318,172
shp_AG_1,3.124862,101.715397,173
shp_AG_1,3.124294,101.715571,174
shp_AG_1,3.123634,101.715816,175
shp_AG_1,3.123036,101.71606,176
shp_AG_1,3.121957,101.716587,177
shp_AG_1,3.121513,101.71712,178
shp_AG_1,3.121375,101.717293,179
shp_AG_1,3.121248,101.717483,180
shp_AG_1,3.121031,101.717873,181
shp_AG_1,3.120832,101.718231,182
shp_AG_1,3.120743,101.718474,183
shp_AG_1,3.120514,101.719004,184
shp_AG_1,3.120389,101.719475,185
shp_AG_1,3.120306,101.719741,186
shp_AG_1,3.120263,101.720171,187
shp_AG_1,3.120262,101.72054,188
shp_AG_1,3.120322,101.721217,189
shp_AG_1,3.120423,101.721709,190
shp_AG_1,3.120632,101.722374,191
shp_AG_1,3.121159,101.723392,192
shp_AG_1,3.121994,101.724878,193
shp_AG_1,3.122634,101.725876,194
shp_AG_1,3.123269,101.726985,195
shp_AG_1,3.123863,101.727991,196
shp_AG_1,3.124436,101.728977,197
shp_AG_1,3.125958,101.731529,198
shp_AG_1,3.130211,101.739057,199
shp_AG_1,3.134352,101.746187,200
shp_AG_1,3.134744,101.746847,201
shp_AG_1,3.138503,101.753168,202
shp_AG_1,3.138825,101.753709,203
shp_AG_1,3.140023,101.755968,204
shp_AG_1,3.14058,101.75677,205
shp_AG_1,3.142033,101.758881,206
shp_AG_1,3.142863,101.75951,207
shp_AG_1,3.143878,101.75999,208
shp_AG_1,3.144578,101.760196,209
shp_AG_1,3.150787,101.760359,210
shp_BRT_0,3.082999,101.612419,1
shp_BRT_0,3.082969,101.612251,2
shp_BRT_0,3.082928,101.612129,3
shp_BRT_0,3.082886,101.612053,4
shp_BRT_0,3.082816,101.612,5
shp_BRT_0,3.082741,101.611977,6
shp_BRT_0,3.082629,101.611977,7
shp_BRT_0,3.08245,101.611984,8
shp_BRT_0,3.082209,101.612,9
shp_BRT_0,3.081984,101.612007,10
shp_BRT_0,3.08181,101.612015,11
shp_BRT_0,3.081627,101.612022,12
shp_BRT_0,3.081461,101.612022,13
shp_BRT_0,3.081307,101.612015,14
shp_BRT_0,3.08117,101.612015,15
shp_BRT_0,3.081066,101.611984,16
shp_BRT_0,3.080987,101.611938,17
shp_BRT_0,3.080941,101.611877,18
shp_BRT_0,3.080904,101.611786,19
shp_BRT_0,3.080887,101.611656,20
shp_BRT_0,3.080883,101.611252,21
shp_BRT_0,3.080879,101.610771,22
shp_BRT_0,3.080875,101.610588,23
shp_BRT_0,3.080854,101.610481,24
shp_BRT_0,3.080817,101.610413,25
shp_BRT_0,3.080762,101.610329,26
shp_BRT_0,3.080713,101.610291,27
shp_BRT_0,3.080605,101.610237,28
shp_BRT_0,3.080388,101.610214,29
shp_BRT_0,3.079844,101.610207,30
shp_BRT_0,3.078459,101.610199,31
shp_BRT_0,3.077017,101.610199,32
shp_BRT_0,3.075998,101.610176,33
shp_BRT_0,3.075736,101.610176,34
shp_BRT_0,3.074913,101.610191,35
shp_BRT_0,3.074805,101.610199,36
shp_BRT_0,3.074726,101.610207,37
shp_BRT_0,3.07461,101.610252,38
shp_BRT_0,3.07424,101.610474,39
shp_BRT_0,3.073974,101.610634,40
shp_BRT_0,3.073874,101.61068,41
shp_BRT_0,3.073766,101.61071,42
shp_BRT_0,3.073612,101.610718,43
shp_BRT_0,3.073209,101.610718,44
shp_BRT_0,3.071675,101.610718,45
shp_BRT_0,3.07086,101.610703,46
shp_BRT_0,3.069779,101.610703,47
shp_BRT_0,3.069388,101.610695,48
shp_BRT_0,3.068418,101.610695,49
shp_BRT_0,3.067112,101.610695,50
shp_BRT_0,3.066367,101.610695,51
shp_BRT_0,3.066113,101.610695,52
shp_BRT_0,3.065976,101.610695,53
shp_BRT_0,3.065826,101.610657,54
shp_BRT_0,3.065718,101.610619,55
shp_BRT_0,3.065631,101.610535,56
shp_BRT_0,3.065564,101.610428,57
shp_BRT_0,3.065531,101.610329,58
shp_BRT_0,3.065523,101.610199,59
shp_BRT_0,3.065514,101.609764,60
shp_BRT_0,3.065514,101.609184,61
shp_BRT_0,3.065531,101.607933,62
shp_BRT_0,3.065539,101.606873,63
shp_BRT_0,3.065531,101.60659,64
shp_BRT_0,3.065526,101.605942,65
shp_BRT_0,3.065476,101.605354,66
shp_BRT_0,3.065447,101.604881,67
shp_BRT_0,3.065435,101.604256,68
shp_BRT_0,3.065397,101.603867,69
shp_BRT_0,3.065356,101.603477,70
shp_BRT_0,3.065347,101.603134,71
shp_BRT_0,3.06536,101.602272,72
shp_BRT_0,3.06536,101.601974,73
shp_BRT_0,3.065335,101.601563,74
shp_BRT_0,3.065327,101.601105,75
shp_BRT_0,3.065322,101.600708,76
shp_BRT_0,3.065337,101.600365,77
shp_BRT_0,3.065353,101.599846,78
shp_BRT_0,3.065357,101.599518,79
shp_BRT_0,3.065317,101.599213,80
shp_BRT_0,3.065288,101.599083,81
shp_BRT_0,3.065221,101.598923,82
shp_BRT_0,3.065167,101.598854,83
shp_BRT_0,3.065067,101.598763,84
shp_BRT_0,3.064967,101.598709,85
shp_BRT_0,3.064839,101.598679,86
shp_BRT_0,3.063969,101.598663,87
shp_BRT_0,3.063016,101.598671,88
shp_BRT_0,3.062783,101.598656,89
shp_BRT_0,3.062513,101.598602,90
shp_BRT_0,3.06233,101.598549,91
shp_BRT_0,3.062138,101.59848,92
shp_BRT_0,3.061864,101.598305,93
shp_BRT_0,3.061735,101.59816,94
shp_BRT_0,3.061643,101.597931,95
shp_BRT_0,3.061635,101.597321,96
shp_BRT_0,3.061631,101.596031,97
shp_BRT_0,3.061635,101.594978,98
shp_BRT_0,3.061622,101.594574,99
shp_BRT_0,3.061589,101.594376,100
shp_BRT_0,3.061527,101.594276,101
shp_BRT_0,3.061393,101.594185,102
shp_BRT_0,3.061256,101.594101,103
shp_BRT_0,3.061094,101.594063,104
shp_BRT_0,3.060948,101.594048,105
shp_BRT_0,3.060653,101.594055,106
shp_BRT_0,3.059675,101.594055,107
shp_BRT_0,3.058409,101.594009,108
shp_BRT_0,3.057673,101.593994,109
shp_BRT_0,3.057548,101.594002,110
shp_BRT_0,3.057418,101.594025,111
shp_BRT_0,3.057148,101.594109,112
shp_BRT_0,3.056832,101.594147,113
shp_BRT_0,3.056653,101.594147,114
shp_BRT_0,3.056533,101.594101,115
shp_BRT_0,3.056421,101.593979,116
shp_BRT_0,3.0564,101.593536,117
shp_BRT_0,3.056396,101.59243,118
shp_BRT_0,3.056362,101.592308,119
shp_BRT_0,3.056304,101.592239,120
shp_BRT_0,3.056208,101.592186,121
shp_BRT_0,3.056054,101.592155,122
shp_BRT_0,3.055887,101.592155,123
shp_BRT_1,3.055887,101.592155,1
shp_BRT_1,3.056054,101.592155,2
shp_BRT_1,3.056208,101.592186,3
shp_BRT_1,3.056304,101.592239,4
shp_BRT_1,3.056362,101.592308,5
shp_BRT_1,3.056396,101.59243,6
shp_BRT_1,3.0564,101.593536,7
shp_BRT_1,3.056421,101.593979,8
shp_BRT_1,3.056533,101.594101,9
shp_BRT_1,3.056653,101.594147,10
shp_BRT_1,3.056832,101.594147,11
shp_BRT_1,3.057148,101.594109,12
shp_BRT_1,3.057418,101.594025,13
shp_BRT_1,3.057548,101.594002,14
shp_BRT_1,3.057673,101.593994,15
shp_BRT_1,3.058409,101.594009,16
shp_BRT_1,3.059675,101.594055,17
shp_BRT_1,3.060653,101.594055,18
shp_BRT_1,3.060948,101.594048,19
shp_BRT_1,3.061094,101.594063,20
shp_BRT_1,3.061256,101.594101,21
shp_BRT_1,3.061393,101.594185,22
shp_BRT_1,3.061527,101.594276,23
shp_BRT_1,3.061589,101.594376,24
shp_BRT_1,3.061622,101.594574,25
shp_BRT_1,3.061635,101.594978,26
shp_BRT_1,3.061631,101.596031,27
shp_BRT_1,3.061635,101.597321,28
shp_BRT_1,3.061643,101.597931,29
shp_BRT_1,3.061735,101.59816,30
shp_BRT_1,3.061864,101.598305,31
shp_BRT_1,3.062138,101.59848,32
shp_BRT_1,3.06233,101.598549,33
shp_BRT_1,3.062513,101.598602,34
shp_BRT_1,3.062783,101.598656,35
shp_BRT_1,3.063016,101.598671,36
shp_BRT_1,3.063969,101.598663,37
shp_BRT_1,3.064839,101.598679,38
shp_BRT_1,3.064967,101.598709,39
shp_BRT_1,3.065067,101.598763,40
shp_BRT_1,3.065167,101.598854,41
shp_BRT_1,3.065221,101.598923,42
shp_BRT_1,3.065288,101.599083,43
shp_BRT_1,3.065317,101.599213,44
shp_BRT_1,3.065357,101.599518,45
shp_BRT_1,3.065353,101.599846,46
shp_BRT_1,3.065337,101.600365,47
shp_BRT_1,3.065322,101.600708,48
shp_BRT_1,3.065327,101.601105,49
shp_BRT_1,3.065335,101.601563,50
shp_BRT_1,3.06536,101.601974,51
shp_BRT_1,3.06536,101.602272,52
shp_BRT_1,3.065347,101.603134,53
shp_BRT_1,3.065356,101.603477,54
shp_BRT_1,3.065397,101.603867,55
shp_BRT_1,3.065435,101.604256,56
shp_BRT_1,3.065447,101.604881,57
shp_BRT_1,3.065476,101.605354,58
shp_BRT_1,3.065526,101.605942,59
shp_BRT_1,3.065531,101.60659,60
shp_BRT_1,3.065539,101.606873,61
shp_BRT_1,3.065531,101.607933,62
shp_BRT_1,3.065514,101.609184,63
shp_BRT_1,3.065514,101.609764,64
shp_BRT_1,3.065523,101.610199,65
shp_BRT_1,3.065531,101.610329,66
shp_BRT_1,3.065564,101.610428,67
shp_BRT_1,3.065631,101.610535,68
shp_BRT_1,3.065718,101.610619,69
shp_BRT_1,3.065826,101.610657,70
shp_BRT_1,3.065976,101.610695,71
shp_BRT_1,3.066113,101.610695,72
shp_BRT_1,3.066367,101.610695,73
shp_BRT_1,3.067112,101.610695,74
shp_BRT_1,3.068418,101.610695,75
shp_BRT_1,3.069388,101.610695,76
shp_BRT_1,3.069779,101.610703,77
shp_BRT_1,3.07086,101.610703,78
shp_BRT_1,3.071675,101.610718,79
shp_BRT_1,3.073209,101.610718,80
shp_BRT_1,3.073612,101.610718,81
shp_BRT_1,3.073766,101.61071,82
shp_BRT_1,3.073874,101.61068,83
shp_BRT_1,3.073974,101.610634,84
shp_BRT_1,3.07424,101.610474,85
shp_BRT_1,3.07461,101.610252,86
shp_BRT_1,3.074726,101.610207,87
shp_BRT_1,3.074805,101.610199,88
shp_BRT_1,3.074913,101.610191,89
shp_BRT_1,3.075736,101.610176,90
shp_BRT_1,3.075998,101.610176,91
shp_BRT_1,3.077017,101.610199,92
shp_BRT_1,3.078459,101.610199,93
shp_BRT_1,3.079844,101.610207,94
shp_BRT_1,3.080388,101.610214,95
shp_BRT_1,3.080605,101.610237,96
shp_BRT_1,3.080713,101.610291,97
shp_BRT_1,3.080762,101.610329,98
shp_BRT_1,3.080817,101.610413,99
shp_BRT_1,3.080854,101.610481,100
shp_BRT_1,3.080875,101.610588,101
shp_BRT_1,3.080879,101.610771,102
shp_BRT_1,3.080883,101.611252,103
shp_BRT_1,3.080887,101.611656,104
shp_BRT_1,3.080904,101.611786,105
shp_BRT_1,3.080941,101.611877,106
shp_BRT_1,3.080987,101.611938,107
shp_BRT_1,3.081066,101.611984,108
shp_BRT_1,3.08117,101.612015,109
shp_BRT_1,3.081307,101.612015,110
shp_BRT_1,3.081461,101.612022,111
shp_BRT_1,3.081627,101.612022,112
shp_BRT_1,3.08181,101.612015,113
shp_BRT_1,3.081984,101.612007,114
shp_BRT_1,3.082209,101.612,115
shp_BRT_1,3.08245,101.611984,116
shp_BRT_1,3.082629,101.611977,117
shp_BRT_1,3.082741,101.611977,118
shp_BRT_1,3.082816,101.612,119
shp_BRT_1,3.082886,101.612053,120
shp_BRT_1,3.082928,101.612129,121
shp_BRT_1,3.082969,101.612251,122
shp_BRT_1,3.082999,101.612419,123
shp_KJ_0,2.99665404,101.5746142,1
shp_KJ_0,2.99699496,101.5740209,2
shp_KJ_0,2.99719197,101.573617,3
shp_KJ_0,2.99744496,101.5732951,4
shp_KJ_0,2.99754702,101.573226,5
shp_KJ_0,2.99767203,101.573136,6
shp_KJ_0,2.99781702,101.5730662,7
shp_KJ_0,2.99793996,101.5730269,8
shp_KJ_0,2.99815299,101.572983,9
shp_KJ_0,2.998305,101.572965,10
shp_KJ_0,2.99850399,101.5729621,11
shp_KJ_0,2.99889198,101.572947,12
shp_KJ_0,2.99934801,101.572911,13
shp_KJ_0,2.999754,101.572875,14
shp_KJ_0,3.00098097,101.572871,15
shp_KJ_0,3.00114603,101.572871,16
shp_KJ_0,3.00143196,101.5728649,17
shp_KJ_0,3.00168801,101.5728599,18
shp_KJ_0,3.00193596,101.5728541,19
shp_KJ_0,3.00217698,101.5728361,20
shp_KJ_0,3.00235302,101.572803,21
shp_KJ_0,3.00267702,101.5727159,22
shp_KJ_0,3.00285297,101.5726691,23
shp_KJ_0,3.00311496,101.572569,24
shp_KJ_0,3.00334401,101.5724948,25
shp_KJ_0,3.00362598,101.5724048,26
shp_KJ_0,3.00384198,101.572322,27
shp_KJ_0,3.00410604,101.5722382,28
shp_KJ_0,3.00434301,101.572191,29
shp_KJ_0,3.00464703,101.57215,30
shp_KJ_0,3.00508398,101.5721251,31
shp_KJ_0,3.00560103,101.5721071,32
shp_KJ_0,3.00607902,101.572114,33
shp_KJ_0,3.00646503,101.57211,34
shp_KJ_0,3.00697902,101.5721201,35
shp_KJ_0,3.00755403,101.572114,36
shp_KJ_0,3.00784401,101.572119,37
shp_KJ_0,3.00853998,101.572142,38
shp_KJ_0,3.00954897,101.572151,39
shp_KJ_0,3.01015296,101.5721842,40
shp_KJ_0,3.01084497,101.5721618,41
shp_KJ_0,3.01113,101.572132,42
shp_KJ_0,3.01136301,101.5721168,43
shp_KJ_0,3.01155102,101.5720639,44
shp_KJ_0,3.01183803,101.5719952,45
shp_KJ_0,3.01232997,101.571858,46
shp_KJ_0,3.01268196,101.5717799,47
shp_KJ_0,3.01301496,101.5717118,48
shp_KJ_0,3.01339503,101.571673,49
shp_KJ_0,3.013749,101.571673,50
shp_KJ_0,3.01403196,101.571705,51
shp_KJ_0,3.01429998,101.5717342,52
shp_KJ_0,3.01476798,101.5718152,53
shp_KJ_0,3.01518297,101.571908,54
shp_KJ_0,3.01558698,101.5720088,55
shp_KJ_0,3.01589298,101.5720621,56
shp_KJ_0,3.016269,101.5720762,57
shp_KJ_0,3.01684599,101.572074,58
shp_KJ_0,3.01725504,101.5720571,59
shp_KJ_0,3.01770396,101.5720549,60
shp_KJ_0,3.01880403,101.5720301,61
shp_KJ_0,3.01981896,101.571998,62
shp_KJ_0,3.02042601,101.5719761,63
shp_KJ_0,3.02150898,101.57202,64
shp_KJ_0,3.02316903,101.5720312,65
shp_KJ_0,3.02407002,101.5720531,66
shp_KJ_0,3.02508999,101.5720718,67
shp_KJ_0,3.02650596,101.5720499,68
shp_KJ_0,3.02735097,101.572038,69
shp_KJ_0,3.02819202,101.572038,70
shp_KJ_0,3.02842998,101.5720391,71
shp_KJ_0,3.02867397,101.5720448,72
shp_KJ_0,3.02890599,101.5720448,73
shp_KJ_0,3.029076,101.572074,74
shp_KJ_0,3.029229,101.5721201,75
shp_KJ_0,3.029427,101.572196,76
shp_KJ_0,3.02963598,101.5722922,77
shp_KJ_0,3.02978304,101.5724048,78
shp_KJ_0,3.02990796,101.5725251,79
shp_KJ_0,3.03000903,101.572645,80
shp_KJ_0,3.03009903,101.5727591,81
shp_KJ_0,3.03018399,101.572902,82
shp_KJ_0,3.03025599,101.5730701,83
shp_KJ_0,3.03031098,101.57323,84
shp_KJ_0,3.030372,101.5734359,85
shp_KJ_0,3.03039504,101.57364,86
shp_KJ_0,3.03044103,101.573942,87
shp_KJ_0,3.03048198,101.5742671,88
shp_KJ_0,3.03052797,101.574572,89
shp_KJ_0,3.03055002,101.5747762,90
shp_KJ_0,3.03054597,101.5750411,91
shp_KJ_0,3.030507,101.575562,92
shp_KJ_0,3.03044004,101.576083,93
shp_KJ_0,3.03037902,101.5766669,94
shp_KJ_0,3.03035202,101.576997,95
shp_KJ_0,3.03031296,101.5773851,96
shp_KJ_0,3.03026301,101.5776421,97
shp_KJ_0,3.03018399,101.577928,98
shp_KJ_0,3.03003702,101.5782379,99
shp_KJ_0,3.02982696,101.5785781,100
shp_KJ_0,3.02958702,101.578891,101
shp_KJ_0,3.02930901,101.579224,102
shp_KJ_0,3.02910399,101.5794961,103
shp_KJ_0,3.028968,101.5797139,104
shp_KJ_0,3.02888799,101.5799011,105
shp_KJ_0,3.02883804,101.5800592,106
shp_KJ_0,3.02883903,101.5803061,107
shp_KJ_0,3.02888799,101.580529,108
shp_KJ_0,3.02896602,101.5807028,109
shp_KJ_0,3.02912298,101.5809509,110
shp_KJ_0,3.02943798,101.5813552,111
shp_KJ_0,3.02969196,101.5817152,112
shp_KJ_0,3.03003504,101.5821659,113
shp_KJ_0,3.03033699,101.582581,114
shp_KJ_0,3.030462,101.5827869,115
shp_KJ_0,3.03054804,101.5829752,116
shp_KJ_0,3.03062202,101.5831411,117
shp_KJ_0,3.03070797,101.583382,118
shp_KJ_0,3.03075999,101.5836239,119
shp_KJ_0,3.03080004,101.5839292,120
shp_KJ_0,3.03081201,101.5840901,121
shp_KJ_0,3.03081696,101.584229,122
shp_KJ_0,3.03084,101.5846319,123
shp_KJ_0,3.03087501,101.5850059,124
shp_KJ_0,3.03089796,101.5852658,125
shp_KJ_0,3.03094899,101.5856489,126
shp_KJ_0,3.03100704,101.5859092,127
shp_KJ_0,3.03108201,101.5862591,128
shp_KJ_0,3.03116904,101.5865269,129
shp_KJ_0,3.03125004,101.5867451,130
shp_KJ_0,3.03136497,101.5869848,131
shp_KJ_0,3.03149097,101.5871879,132
shp_KJ_0,3.03169203,101.587433,133
shp_KJ_0,3.03186501,101.5876058,134
shp_KJ_0,3.032037,101.5877228,135
shp_KJ_0,3.03233103,101.587901,136
shp_KJ_0,3.03266502,101.5880288,137
shp_KJ_0,3.03304401,101.5880789,138
shp_KJ_0,3.03346701,101.5881019,139
shp_KJ_0,3.03405003,101.5881181,140
shp_KJ_0,3.034449,101.588112,141
shp_KJ_0,3.03501699,101.588107,142
shp_KJ_0,3.03536196,101.58809,143
shp_KJ_0,3.03595299,101.5880962,144
shp_KJ_0,3.03668604,101.588112,145
shp_KJ_0,3.03858297,101.5881271,146
shp_KJ_0,3.03938496,101.5881188,147
shp_KJ_0,3.040659,101.5881109,148
shp_KJ_0,3.04214004,101.5881109,149
shp_KJ_0,3.04358499,101.5881109,150
shp_KJ_0,3.04429698,101.5881109,151
shp_KJ_0,3.04460496,101.5881181,152
shp_KJ_0,3.04494003,101.58818,153
shp_KJ_0,3.045249,101.588251,154
shp_KJ_0,3.04547499,101.588337,155
shp_KJ_0,3.04578999,101.5885051,156
shp_KJ_0,3.04611102,101.58871,157
shp_KJ_0,3.04657596,101.5890721,158
shp_KJ_0,3.04706403,101.589494,159
shp_KJ_0,3.04747002,101.5898609,160
shp_KJ_0,3.04777701,101.59011,161
shp_KJ_0,3.04822296,101.590483,162
shp_KJ_0,3.04866999,101.590889,163
shp_KJ_0,3.04907103,101.5912469,164
shp_KJ_0,3.04943004,101.591518,165
shp_KJ_0,3.04973397,101.5916749,166
shp_KJ_0,3.04999596,101.5917908,167
shp_KJ_0,3.05027001,101.591865,168
shp_KJ_0,3.05056197,101.5919071,169
shp_KJ_0,3.05089596,101.591924,170
shp_KJ_0,3.05128503,101.5919359,171
shp_KJ_0,3.05169102,101.591932,172
shp_KJ_0,3.05422497,101.5919122,173
shp_KJ_0,3.05492598,101.5919111,174
shp_KJ_0,3.05567496,101.5919021,175
shp_KJ_0,3.05661096,101.5919482,176
shp_KJ_0,3.05750097,101.5919759,177
shp_KJ_0,3.05793603,101.5919759,178
shp_KJ_0,3.05817696,101.591995,179
shp_KJ_0,3.05848197,101.5920601,180
shp_KJ_0,3.05878698,101.592171,181
shp_KJ_0,3.05925597,101.5923391,182
shp_KJ_0,3.060054,101.592635,183
shp_KJ_0,3.06078498,101.5929382,184
shp_KJ_0,3.06124704,101.593121,185
shp_KJ_0,3.061593,101.5931768,186
shp_KJ_0,3.06183402,101.5931768,187
shp_KJ_0,3.06200196,101.5931419,188
shp_KJ_0,3.06223398,101.5930598,189
shp_KJ_0,3.062412,101.5929299,190
shp_KJ_0,3.06258498,101.5927841,191
shp_KJ_0,3.06269703,101.592634,192
shp_KJ_0,3.06277902,101.5924702,193
shp_KJ_0,3.06282501,101.5923319,194
shp_KJ_0,3.06285597,101.592113,195
shp_KJ_0,3.06286101,101.591883,196
shp_KJ_0,3.06284004,101.5915439,197
shp_KJ_0,3.06282501,101.591109,198
shp_KJ_0,3.06281997,101.5907558,199
shp_KJ_0,3.06281502,101.5903778,200
shp_KJ_0,3.062835,101.589979,201
shp_KJ_0,3.06286002,101.589597,202
shp_KJ_0,3.06290097,101.5891531,203
shp_KJ_0,3.06293103,101.5886092,204
shp_KJ_0,3.06294696,101.5879619,205
shp_KJ_0,3.06295704,101.5875421,206
shp_KJ_0,3.06295704,101.5872559,207
shp_KJ_0,3.06299304,101.587063,208
shp_KJ_0,3.06303903,101.5868549,209
shp_KJ_0,3.06316098,101.5866169,210
shp_KJ_0,3.06327303,101.5864492,211
shp_KJ_0,3.06343098,101.5863271,212
shp_KJ_0,3.06360297,101.5861838,213
shp_KJ_0,3.06381096,101.586092,214
shp_KJ_0,3.06415998,101.5860712,215
shp_KJ_0,3.065256,101.586064,216
shp_KJ_0,3.06660699,101.5860589,217
shp_KJ_0,3.06746199,101.5860758,218
shp_KJ_0,3.06851004,101.5860931,219
shp_KJ_0,3.06908298,101.5860931,220
shp_KJ_0,3.07145403,101.5860848,221
shp_KJ_0,3.07277496,101.586078,222
shp_KJ_0,3.07428003,101.5860859,223
shp_KJ_0,3.07553697,101.5860949,224
shp_KJ_0,3.07661103,101.5861421,225
shp_KJ_0,3.07716003,101.58615,226
shp_KJ_0,3.07744803,101.5861478,227
shp_KJ_0,3.07772604,101.5861072,228
shp_KJ_0,3.07797696,101.586038,229
shp_KJ_0,3.07827999,101.5859189,230
shp_KJ_0,3.07877697,101.5856201,231
shp_KJ_0,3.079548,101.5851488,232
shp_KJ_0,3.08005299,101.5848371,233
shp_KJ_0,3.08038599,101.5846261,234
shp_KJ_0,3.08069901,101.584462,235
shp_KJ_0,3.08115603,101.5842179,236
shp_KJ_0,3.08158902,101.5840019,237
shp_KJ_0,3.082095,101.583779,238
shp_KJ_0,3.08250504,101.583612,239
shp_KJ_0,3.08275596,101.583553,240
shp_KJ_0,3.08299302,101.5835569,241
shp_KJ_0,3.08329398,101.5836271,242
shp_KJ_0,3.08358702,101.5838039,243
shp_KJ_0,3.08381796,101.5840501,244
shp_KJ_0,3.08404098,101.5844011,245
shp_KJ_0,3.08422998,101.5847708,246
shp_KJ_0,3.08451204,101.5853281,247
shp_KJ_0,3.08475999,101.5858289,248
shp_KJ_0,3.08489301,101.586195,249
shp_KJ_0,3.08492001,101.5865392,250
shp_KJ_0,3.08493999,101.5868272,251
shp_KJ_0,3.08486898,101.5876339,252
shp_KJ_0,3.08480796,101.5886239,253
shp_KJ_0,3.08482902,101.589214,254
shp_KJ_0,3.08481498,101.589705,255
shp_KJ_0,3.08491002,101.5900999,256
shp_KJ_0,3.08512098,101.5904891,257
shp_KJ_0,3.08535498,101.590695,258
shp_KJ_0,3.08564604,101.590852,259
shp_KJ_0,3.08601702,101.590943,260
shp_KJ_0,3.08626704,101.59096,261
shp_KJ_0,3.08665602,101.5908829,262
shp_KJ_0,3.086982,101.5906939,263
shp_KJ_0,3.08733399,101.590506,264
shp_KJ_0,3.08771604,101.5903469,265
shp_KJ_0,3.08802798,101.59025,266
shp_KJ_0,3.08833902,101.590209,267
shp_KJ_0,3.08865204,101.590196,268
shp_KJ_0,3.08900799,101.590223,269
shp_KJ_0,3.08945196,101.5902839,270
shp_KJ_0,3.08999799,101.590421,271
shp_KJ_0,3.09145599,101.590744,272
shp_KJ_0,3.09232404,101.590933,273
shp_KJ_0,3.09279501,101.591019,274
shp_KJ_0,3.0933,101.5910752,275
shp_KJ_0,3.09394197,101.5910831,276
shp_KJ_0,3.09456702,101.590934,277
shp_KJ_0,3.09533796,101.5906601,278
shp_KJ_0,3.09628404,101.5903019,279
shp_KJ_0,3.09720996,101.5899001,280
shp_KJ_0,3.09860298,101.5893472,281
shp_KJ_0,3.09907899,101.5890818,282
shp_KJ_0,3.09946797,101.5888111,283
shp_KJ_0,3.09982599,101.588531,284
shp_KJ_0,3.10012398,101.5883039,285
shp_KJ_0,3.10049397,101.5881181,286
shp_KJ_0,3.10085703,101.5879421,287
shp_KJ_0,3.10157397,101.587658,288
shp_KJ_0,3.10225401,101.587378,289
shp_KJ_0,3.10353696,101.5869161,290
shp_KJ_0,3.10471497,101.5864459,291
shp_KJ_0,3.10587102,101.5859801,292
shp_KJ_0,3.10623102,101.585903,293
shp_KJ_0,3.10659903,101.5858919,294
shp_KJ_0,3.10696497,101.586011,295
shp_KJ_0,3.10760001,101.586227,296
shp_KJ_0,3.108654,101.5866799,297
shp_KJ_0,3.11138001,101.5877711,298
shp_KJ_0,3.11191398,101.5880429,299
shp_KJ_0,3.11220504,101.588278,300
shp_KJ_0,3.11240997,101.5885199,301
shp_KJ_0,3.11261499,101.5888471,302
shp_KJ_0,3.11272497,101.58926,303
shp_KJ_0,3.112767,101.5895959,304
shp_KJ_0,3.11272497,101.5899649,305
shp_KJ_0,3.11266503,101.590222,306
shp_KJ_0,3.11249304,101.590609,307
shp_KJ_0,3.11230602,101.5908919,308
shp_KJ_0,3.11208201,101.591253,309
shp_KJ_0,3.11180697,101.5916479,310
shp_KJ_0,3.11154102,101.5920248,311
shp_KJ_0,3.11131701,101.5923769,312
shp_KJ_0,3.11119704,101.592608,313
shp_KJ_0,3.11115501,101.5928662,314
shp_KJ_0,3.111138,101.5931761,315
shp_KJ_0,3.11101803,101.5939019,316
shp_KJ_0,3.11107797,101.594948,317
shp_KJ_0,3.11126697,101.595519,318
shp_KJ_0,3.11174298,101.596154,319
shp_KJ_0,3.11205996,101.596693,320
shp_KJ_0,3.11218497,101.5972639,321
shp_KJ_0,3.11227902,101.5977082,322
shp_KJ_0,3.11291298,101.5987241,323
shp_KJ_0,3.113388,101.5995809,324
shp_KJ_0,3.11346999,101.5998919,325
shp_KJ_0,3.11347404,101.600105,326
shp_KJ_0,3.11341203,101.6005061,327
shp_KJ_0,3.11328801,101.6010382,328
shp_KJ_0,3.11249799,101.6043001,329
shp_KJ_0,3.11085,101.612138,330
shp_KJ_0,3.11070798,101.6127929,331
shp_KJ_0,3.11020398,101.615162,332
shp_KJ_0,3.11010696,101.615494,333
shp_KJ_0,3.10981896,101.6159692,334
shp_KJ_0,3.10937202,101.616601,335
shp_KJ_0,3.10726197,101.6193841,336
shp_KJ_0,3.105999,101.6211229,337
shp_KJ_0,3.10518297,101.622483,338
shp_KJ_0,3.10471596,101.6231918,339
shp_KJ_0,3.10409496,101.6241278,340
shp_KJ_0,3.103632,101.624729,341
shp_KJ_0,3.103551,101.6249501,342
shp_KJ_0,3.10333896,101.6267872,343
shp_KJ_0,3.103272,101.627595,344
shp_KJ_0,3.10328703,101.6281339,345
shp_KJ_0,3.10336398,101.6289742,346
shp_KJ_0,3.10375098,101.6324449,347
shp_KJ_0,3.10393701,101.6339821,348
shp_KJ_0,3.10417002,101.6358998,349
shp_KJ_0,3.10438404,101.637675,350
shp_KJ_0,3.10455801,101.6391172,351
shp_KJ_0,3.10472901,101.64029,352
shp_KJ_0,3.10480704,101.6410658,353
shp_KJ_0,3.10479003,101.641288,354
shp_KJ_0,3.104676,101.6420321,355
shp_KJ_0,3.10420701,101.6444711,356
shp_KJ_0,3.10408596,101.645248,357
shp_KJ_0,3.10398003,101.6459122,358
shp_KJ_0,3.10384602,101.646958,359
shp_KJ_0,3.10386096,101.647534,360
shp_KJ_0,3.10384701,101.6480639,361
shp_KJ_0,3.10378698,101.6484959,362
shp_KJ_0,3.10369698,101.6490409,363
shp_KJ_0,3.10364604,101.6495258,364
shp_KJ_0,3.10369896,101.6498311,365
shp_KJ_0,3.10383,101.6501389,366
shp_KJ_0,3.10458699,101.6514022,367
shp_KJ_0,3.10514796,101.65235,368
shp_KJ_0,3.10567599,101.653182,369
shp_KJ_0,3.10626702,101.654132,370
shp_KJ_0,3.10697001,101.6552498,371
shp_KJ_0,3.10741497,101.6559338,372
shp_KJ_0,3.10770396,101.6563702,373
shp_KJ_0,3.10800897,101.656687,374
shp_KJ_0,3.108249,101.6568968,375
shp_KJ_0,3.10864797,101.6571319,376
shp_KJ_0,3.108924,101.6572601,377
shp_KJ_0,3.11033403,101.6578631,378
shp_KJ_0,3.11150196,101.6583818,379
shp_KJ_0,3.11254398,101.65882,380
shp_KJ_0,3.11278104,101.65891,381
shp_KJ_0,3.11303997,101.659023,382
shp_KJ_0,3.11337504,101.6592041,383
shp_KJ_0,3.11359104,101.6593808,384
shp_KJ_0,3.11373504,101.659527,385
shp_KJ_0,3.113955,101.6598611,386
shp_KJ_0,3.11444496,101.6607539,387
shp_KJ_0,3.11453703,101.6611549,388
shp_KJ_0,3.1145625,101.6616766,389
shp_KJ_0,3.11457699,101.6619728,390
shp_KJ_0,3.11460903,101.6627519,391
shp_KJ_0,3.11465799,101.6636821,392
shp_KJ_0,3.11468004,101.6643308,393
shp_KJ_0,3.114702,101.665175,394
shp_KJ_0,3.11470299,101.6655941,395
shp_KJ_0,3.11476698,101.6659271,396
shp_KJ_0,3.11493501,101.666286,397
shp_KJ_0,3.11515704,101.6666438,398
shp_KJ_0,3.11530104,101.6669099,399
shp_KJ_0,3.11543496,101.6671658,400
shp_KJ_0,3.11553999,101.6673851,401
shp_KJ_0,3.11553099,101.66805,402
shp_KJ_0,3.11550597,101.668572,403
shp_KJ_0,3.11545701,101.669148,404
shp_KJ_0,3.11544801,101.6695541,405
shp_KJ_0,3.11535504,101.669837,406
shp_KJ_0,3.11530896,101.669953,407
shp_KJ_0,3.11510898,101.6703889,408
shp_KJ_0,3.11501601,101.6706949,409
shp_KJ_0,3.11500404,101.671025,410
shp_KJ_0,3.11510502,101.6714138,411
shp_KJ_0,3.11520204,101.6716129,412
shp_KJ_0,3.11535,101.6717951,413
shp_KJ_0,3.11562801,101.6720111,414
shp_KJ_0,3.11582196,101.672104,415
shp_KJ_0,3.11616297,101.6721922,416
shp_KJ_0,3.11653602,101.6722372,417
shp_KJ_0,3.11692896,101.672284,418
shp_KJ_0,3.11740704,101.6723992,419
shp_KJ_0,3.11832603,101.6727548,420
shp_KJ_0,3.11873544,101.6728938,421
shp_KJ_0,3.11911704,101.673023,422
shp_KJ_0,3.11945499,101.6731591,423
shp_KJ_0,3.11987304,101.6732981,424
shp_KJ_0,3.12007104,101.6734129,425
shp_KJ_0,3.12034599,101.6736322,426
shp_KJ_0,3.12132699,101.6745142,427
shp_KJ_0,3.12184998,101.674985,428
shp_KJ_0,3.12241599,101.6755099,429
shp_KJ_0,3.12288903,101.6760539,430
shp_KJ_0,3.12313302,101.6762962,431
shp_KJ_0,3.12344199,101.676614,432
shp_KJ_0,3.12371001,101.6768671,433
shp_KJ_0,3.12410799,101.677172,434
shp_KJ_0,3.12439302,101.6773942,435
shp_KJ_0,3.12459102,101.6775101,436
shp_KJ_0,3.12486498,101.6776789,437
shp_KJ_0,3.12516999,101.6778341,438
shp_KJ_0,3.12576498,101.678099,439
shp_KJ_0,3.12625701,101.6782769,440
shp_KJ_0,3.126582,101.6784061,441
shp_KJ_0,3.12687,101.678558,442
shp_KJ_0,3.12698997,101.6786408,443
shp_KJ_0,3.12758829,101.6790667,444
shp_KJ_0,3.12788403,101.679277,445
shp_KJ_0,3.128193,101.6795099,446
shp_KJ_0,3.128481,101.6797882,447
shp_KJ_0,3.12875901,101.680173,448
shp_KJ_0,3.12892398,101.6804819,449
shp_KJ_0,3.12909804,101.6807782,450
shp_KJ_0,3.129336,101.6811,451
shp_KJ_0,3.12948099,101.681249,452
shp_KJ_0,3.12969204,101.6814409,453
shp_KJ_0,3.13001496,101.6816429,454
shp_KJ_0,3.13127901,101.6827009,455
shp_KJ_0,3.13186203,101.6832121,456
shp_KJ_0,3.13242201,101.683796,457
shp_KJ_0,3.133026,101.6845661,458
shp_KJ_0,3.13346196,101.6852069,459
shp_KJ_0,3.133845,101.6859038,460
shp_KJ_0,3.13446204,101.687044,461
shp_KJ_0,3.134691,101.6874652,462
shp_KJ_0,3.13498998,101.6879339,463
shp_KJ_0,3.13550298,101.688611,464
shp_KJ_0,3.13594902,101.6893282,465
shp_KJ_0,3.13637202,101.690122,466
shp_KJ_0,3.13671897,101.6909359,467
shp_KJ_0,3.13696602,101.6916581,468
shp_KJ_0,3.13705197,101.6918881,469
shp_KJ_0,3.13719597,101.6921812,470
shp_KJ_0,3.13734798,101.6924062,471
shp_KJ_0,3.13746003,101.692588,472
shp_KJ_0,3.13762599,101.692836,473
shp_KJ_0,3.13795098,101.693565,474
shp_KJ_0,3.13820604,101.694042,475
shp_KJ_0,3.13846902,101.6943142,476
shp_KJ_0,3.13884396,101.6945258,477
shp_KJ_0,3.139677,101.6947829,478
shp_KJ_0,3.14063298,101.6951029,479
shp_KJ_0,3.141216,101.6952779,480
shp_KJ_0,3.14137602,101.6953279,481
shp_KJ_0,3.14158302,101.695374,482
shp_KJ_0,3.14172198,101.6954021,483
shp_KJ_0,3.14189496,101.6954021,484
shp_KJ_0,3.14213202,101.695396,485
shp_KJ_0,3.14253099,101.6953891,486
shp_KJ_0,3.14296299,101.6953711,487
shp_KJ_0,3.14334396,101.6953808,488
shp_KJ_0,3.14364402,101.695352,489
shp_KJ_0,3.14378199,101.695329,490
shp_KJ_0,3.14400204,101.6952649,491
shp_KJ_0,3.14417997,101.6951839,492
shp_KJ_0,3.144429,101.6951101,493
shp_KJ_0,3.14489799,101.6949982,494
shp_KJ_0,3.14509896,101.6949409,495
shp_KJ_0,3.14519202,101.6949341,496
shp_KJ_0,3.14528697,101.6949398,497
shp_KJ_0,3.14558802,101.6949931,498
shp_KJ_0,3.14624997,101.6951231,499
shp_KJ_0,3.14642304,101.6951479,500
shp_KJ_0,3.14715303,101.69532,501
shp_KJ_0,3.14748603,101.6954111,502
shp_KJ_0,3.14768097,101.69546,503
shp_KJ_0,3.14785998,101.6955652,504
shp_KJ_0,3.14801199,101.6956379,505
shp_KJ_0,3.14824104,101.6958539,506
shp_KJ_0,3.14849403,101.6960378,507
shp_KJ_0,3.149073,101.6963212,508
shp_KJ_0,3.14918496,101.696404,509
shp_KJ_0,3.14944902,101.6965829,510
shp_KJ_0,3.14971398,101.6968151,511
shp_KJ_0,3.14986203,101.696958,512
shp_KJ_0,3.15008298,101.6971762,513
shp_KJ_0,3.15027,101.697367,514
shp_KJ_0,3.15041598,101.6974919,515
shp_KJ_0,3.15073296,101.697538,516
shp_KJ_0,3.15147303,101.697763,517
shp_KJ_0,3.15183996,101.6979559,518
shp_KJ_0,3.15196398,101.6981032,519
shp_KJ_0,3.15206901,101.6982781,520
shp_KJ_0,3.15243603,101.6992051,521
shp_KJ_0,3.152619,101.6995201,522
shp_KJ_0,3.15281097,101.6997869,523
shp_KJ_0,3.15300798,101.7000209,524
shp_KJ_0,3.15371097,101.700419,525
shp_KJ_0,3.15464598,101.70095,526
shp_KJ_0,3.155283,101.701287,527
shp_KJ_0,3.15547803,101.701508,528
shp_KJ_0,3.15558297,101.701553,529
shp_KJ_0,3.15577998,101.7016369,530
shp_KJ_0,3.15588501,101.701634,531
shp_KJ_0,3.156282,101.7017449,532
shp_KJ_0,3.15694197,101.701975,533
shp_KJ_0,3.15735696,101.702218,534
shp_KJ_0,3.15746703,101.7022709,535
shp_KJ_0,3.15830502,101.703119,536
shp_KJ_0,3.15887904,101.7035759,537
shp_KJ_0,3.15937296,101.7037721,538
shp_KJ_0,3.159855,101.7040169,539
shp_KJ_0,3.159999,101.704086,540
shp_KJ_0,3.160242,101.704288,541
shp_KJ_0,3.16058796,101.7048082,542
shp_KJ_0,3.16087398,101.705611,543
shp_KJ_0,3.16100304,101.7059011,544
shp_KJ_0,3.16105902,101.7060818,545
shp_KJ_0,3.16118097,101.7063112,546
shp_KJ_0,3.161268,101.7064559,547
shp_KJ_0,3.161331,101.7066802,548
shp_KJ_0,3.16136601,101.706817,549
shp_KJ_0,3.16127601,101.707034,550
shp_KJ_0,3.16127196,101.7074722,551
shp_KJ_0,3.16129599,101.707744,552
shp_KJ_0,3.16118898,101.7079729,553
shp_KJ_0,3.16095201,101.708289,554
shp_KJ_0,3.16076904,101.7085388,555
shp_KJ_0,3.16069002,101.708635,556
shp_KJ_0,3.160557,101.7087829,557
shp_KJ_0,3.16044504,101.7089309,558
shp_KJ_0,3.16016397,101.7091609,559
shp_KJ_0,3.15984699,101.7093848,560
shp_KJ_0,3.15932598,101.7096559,561
shp_KJ_0,3.15917298,101.709819,562
shp_KJ_0,3.15908802,101.7102571,563
shp_KJ_0,3.15916497,101.7107251,564
shp_KJ_0,3.15926901,101.71134,565
shp_KJ_0,3.15930402,101.712047,566
shp_KJ_0,3.15932796,101.7125561,567
shp_KJ_0,3.15936603,101.7131,568
shp_KJ_0,3.15939699,101.7135479,569
shp_KJ_0,3.15942498,101.7140299,570
shp_KJ_0,3.15943002,101.7143168,571
shp_KJ_0,3.159477,101.7145642,572
shp_KJ_0,3.15973296,101.7149512,573
shp_KJ_0,3.16015398,101.715606,574
shp_KJ_0,3.16040103,101.716114,575
shp_KJ_0,3.16053999,101.7165409,576
shp_KJ_0,3.160521,101.7172739,577
shp_KJ_0,3.160359,101.7176861,578
shp_KJ_0,3.16017,101.7180479,579
shp_KJ_0,3.16006299,101.7182722,580
shp_KJ_0,3.15994599,101.7186052,581
shp_KJ_0,3.15992583,101.7190127,582
shp_KJ_0,3.15992196,101.7190919,583
shp_KJ_0,3.15990603,101.719561,584
shp_KJ_0,3.16000602,101.720038,585
shp_KJ_0,3.16017099,101.7204239,586
shp_KJ_0,3.16037097,101.720714,587
shp_KJ_0,3.16060101,101.7209639,588
shp_KJ_0,3.160899,101.7211889,589
shp_KJ_0,3.161196,101.7213419,590
shp_KJ_0,3.16153503,101.7214538,591
shp_KJ_0,3.161943,101.7214898,592
shp_KJ_0,3.16242504,101.7214891,593
shp_KJ_0,3.16275003,101.721492,594
shp_KJ_0,3.16318797,101.7215212,595
shp_KJ_0,3.16373103,101.721654,596
shp_KJ_0,3.164076,101.721874,597
shp_KJ_0,3.16426698,101.7220421,598
shp_KJ_0,3.16447596,101.7223081,599
shp_KJ_0,3.16457199,101.7225209,600
shp_KJ_0,3.164643,101.722711,601
shp_KJ_0,3.16468998,101.722883,602
shp_KJ_0,3.16472697,101.7231142,603
shp_KJ_0,3.16471698,101.7235631,604
shp_KJ_0,3.16460502,101.724102,605
shp_KJ_0,3.16453599,101.7243799,606
shp_KJ_0,3.16436103,101.7250301,607
shp_KJ_0,3.16429398,101.7253991,608
shp_KJ_0,3.16427697,101.7256831,609
shp_KJ_0,3.16434096,101.7260579,610
shp_KJ_0,3.16441701,101.7264719,611
shp_KJ_0,3.16462203,101.727319,612
shp_KJ_0,3.16478601,101.728125,613
shp_KJ_0,3.164769,101.7284749,614
shp_KJ_0,3.16491804,101.7296888,615
shp_KJ_0,3.16496898,101.730992,616
shp_KJ_0,3.16495917,101.7318366,617
shp_KJ_0,3.16493001,101.734357,618
shp_KJ_0,3.16503396,101.7347512,619
shp_KJ_0,3.16518498,101.7350971,620
shp_KJ_0,3.16540701,101.7351911,621
shp_KJ_0,3.16584702,101.735235,622
shp_KJ_0,3.16750401,101.7352519,623
shp_KJ_0,3.16918197,101.7352681,624
shp_KJ_0,3.17194398,101.7351202,625
shp_KJ_0,3.17270097,101.7350978,626
shp_KJ_0,3.17368296,101.7351569,627
shp_KJ_0,3.17461401,101.7354139,628
shp_KJ_0,3.17564298,101.7357811,629
shp_KJ_0,3.17663496,101.736185,630
shp_KJ_0,3.177981,101.736981,631
shp_KJ_0,3.17952,101.7377269,632
shp_KJ_0,3.18291804,101.739002,633
shp_KJ_0,3.18529296,101.7396878,634
shp_KJ_0,3.18722598,101.740185,635
shp_KJ_0,3.18841704,101.7405068,636
shp_KJ_0,3.18945996,101.740694,637
shp_KJ_0,3.190959,101.7407221,638
shp_KJ_0,3.19298796,101.740288,639
shp_KJ_0,3.19461201,101.7393401,640
shp_KJ_0,3.19538799,101.7387551,641
shp_KJ_0,3.196287,101.738232,642
shp_KJ_0,3.19707396,101.7379771,643
shp_KJ_0,3.19792203,101.7377719,644
shp_KJ_0,3.199176,101.7374699,645
shp_KJ_0,3.20079996,101.7369248,646
shp_KJ_0,3.20168502,101.7366271,647
shp_KJ_0,3.20241096,101.736306,648
shp_KJ_0,3.20287896,101.7358312,649
shp_KJ_0,3.20415102,101.7339509,650
shp_KJ_0,3.20546601,101.732175,651
shp_KJ_0,3.20575104,101.7317959,652
shp_KJ_0,3.20721903,101.72983,653
shp_KJ_0,3.208239,101.7286481,654
shp_KJ_0,3.20872896,101.7280969,655
shp_KJ_0,3.20909598,101.727608,656
shp_KJ_0,3.21027696,101.7266519,657
shp_KJ_0,3.21131097,101.7261299,658
shp_KJ_0,3.21306399,101.725799,659
shp_KJ_0,3.21409197,101.7255539,660
shp_KJ_0,3.21452397,101.7254498,661
shp_KJ_0,3.21501699,101.725285,662
shp_KJ_0,3.21557904,101.725092,663
shp_KJ_0,3.21674004,101.724417,664
shp_KJ_0,3.21816798,101.723274,665
shp_KJ_0,3.21956064,101.7219737,666
shp_KJ_0,3.22002504,101.7215399,667
shp_KJ_0,3.22098498,101.7206212,668
shp_KJ_0,3.22187499,101.7199058,669
shp_KJ_0,3.22235496,101.719822,670
shp_KJ_0,3.22263702,101.7198349,671
shp_KJ_0,3.22291998,101.719921,672
shp_KJ_0,3.22321401,101.72002,673
shp_KJ_0,3.22480998,101.7215978,674
shp_KJ_0,3.225636,101.7224258,675
shp_KJ_0,3.22637904,101.723189,676
shp_KJ_0,3.22668603,101.7235418,677
shp_KJ_0,3.22706898,101.7239321,678
shp_KJ_0,3.22734096,101.7241549,679
shp_KJ_0,3.227688,101.7243292,680
shp_KJ_0,3.22818399,101.724367,681
shp_KJ_0,3.23179299,101.7244271,682
shp_KJ_1,3.23179299,101.7244271,1
shp_KJ_1,3.22818399,101.724367,2
shp_KJ_1,3.227688,101.7243292,3
shp_KJ_1,3.22734096,101.7241549,4
shp_KJ_1,3.22706898,101.7239321,5
shp_KJ_1,3.22668603,101.7235418,6
shp_KJ_1,3.22637904,101.723189,7
shp_KJ_1,3.225636,101.7224258,8
shp_KJ_1,3.22480998,101.7215978,9
shp_KJ_1,3.22321401,101.72002,10
shp_KJ_1,3.22291998,101.719921,11
shp_KJ_1,3.22263702,101.7198349,12
shp_KJ_1,3.22235496,101.719822,13
shp_KJ_1,3.22187499,101.7199058,14
shp_KJ_1,3.22098498,101.7206212,15
shp_KJ_1,3.22002504,101.7215399,16
shp_KJ_1,3.21956064,101.7219737,17
shp_KJ_1,3.21816798,101.723274,18
shp_KJ_1,3.21674004,101.724417,19
shp_KJ_1,3.21557904,101.725092,20
shp_KJ_1,3.21501699,101.725285,21
shp_KJ_1,3.21452397,101.7254498,22
shp_KJ_1,3.21409197,101.7255539,23
shp_KJ_1,3.21306399,101.725799,24
shp_KJ_1,3.21131097,101.7261299,25
shp_KJ_1,3.21027696,101.7266519,26
shp_KJ_1,3.20909598,101.727608,27
shp_KJ_1,3.20872896,101.7280969,28
shp_KJ_1,3.208239,101.7286481,29
shp_KJ_1,3.20721903,101.72983,30
shp_KJ_1,3.20575104,101.7317959,31
shp_KJ_1,3.20546601,101.732175,32
shp_KJ_1,3.20415102,101.7339509,33
shp_KJ_1,3.20287896,101.7358312,34
shp_KJ_1,3.20241096,101.736306,35
shp_KJ_1,3.20168502,101.7366271,36
shp_KJ_1,3.20079996,101.7369248,37
shp_KJ_1,3.199176,101.7374699,38
shp_KJ_1,3.19792203,101.7377719,39
shp_KJ_1,3.19707396,101.7379771,40
shp_KJ_1,3.196287,101.738232,41
shp_KJ_1,3.19538799,101.7387551,42
shp_KJ_1,3.19461201,101.7393401,43
shp_KJ_1,3.19298796,101.740288,44
shp_KJ_1,3.190959,101.7407221,45
shp_KJ_1,3.18945996,101.740694,46
shp_KJ_1,3.18841704,101.7405068,47
shp_KJ_1,3.18722598,101.740185,48
shp_KJ_1,3.18529296,101.7396878,49
shp_KJ_1,3.18291804,101.739002,50
shp_KJ_1,3.17952,101.7377269,51
shp_KJ_1,3.177981,101.736981,52
shp_KJ_1,3.17663496,101.736185,53
shp_KJ_1,3.17564298,101.7357811,54
shp_KJ_1,3.17461401,101.7354139,55
shp_KJ_1,3.17368296,101.7351569,56
shp_KJ_1,3.17270097,101.7350978,57
shp_KJ_1,3.17194398,101.7351202,58
shp_KJ_1,3.16918197,101.7352681,59
shp_KJ_1,3.16750401,101.7352519,60
shp_KJ_1,3.16584702,101.735235,61
shp_KJ_1,3.16540701,101.7351911,62
shp_KJ_1,3.16518498,101.7350971,63
shp_KJ_1,3.16503396,101.7347512,64
shp_KJ_1,3.16493001,101.734357,65
shp_KJ_1,3.16495917,101.7318366,66
shp_KJ_1,3.16496898,101.730992,67
shp_KJ_1,3.16491804,101.7296888,68
shp_KJ_1,3.164769,101.7284749,69
shp_KJ_1,3.16478601,101.728125,70
shp_KJ_1,3.16462203,101.727319,71
shp_KJ_1,3.16441701,101.7264719,72
shp_KJ_1,3.16434096,101.7260579,73
shp_KJ_1,3.16427697,101.7256831,74
shp_KJ_1,3.16429398,101.7253991,75
shp_KJ_1,3.16436103,101.7250301,76
shp_KJ_1,3.16453599,101.7243799,77
shp_KJ_1,3.16460502,101.724102,78
shp_KJ_1,3.16471698,101.7235631,79
shp_KJ_1,3.16472697,101.7231142,80
shp_KJ_1,3.16468998,101.722883,81
shp_KJ_1,3.164643,101.722711,82
shp_KJ_1,3.16457199,101.7225209,83
shp_KJ_1,3.16447596,101.7223081,84
shp_KJ_1,3.16426698,101.7220421,85
shp_KJ_1,3.164076,101.721874,86
shp_KJ_1,3.16373103,101.721654,87
shp_KJ_1,3.16318797,101.7215212,88
shp_KJ_1,3.16275003,101.721492,89
shp_KJ_1,3.16242504,101.7214891,90
shp_KJ_1,3.161943,101.7214898,91
shp_KJ_1,3.16153503,101.7214538,92
shp_KJ_1,3.161196,101.7213419,93
shp_KJ_1,3.160899,101.7211889,94
shp_KJ_1,3.16060101,101.7209639,95
shp_KJ_1,3.16037097,101.720714,96
shp_KJ_1,3.16017099,101.7204239,97
shp_KJ_1,3.16000602,101.720038,98
shp_KJ_1,3.15990603,101.719561,99
shp_KJ_1,3.15992196,101.7190919,100
shp_KJ_1,3.15992583,101.7190127,101
shp_KJ_1,3.15994599,101.7186052,102
shp_KJ_1,3.16006299,101.7182722,103
shp_KJ_1,3.16017,101.7180479,104
shp_KJ_1,3.160359,101.7176861,105
shp_KJ_1,3.160521,101.7172739,106
shp_KJ_1,3.16053999,101.7165409,107
shp_KJ_1,3.16040103,101.716114,108
shp_KJ_1,3.16015398,101.715606,109
shp_KJ_1,3.15973296,101.7149512,110
shp_KJ_1,3.159477,101.7145642,111
shp_KJ_1,3.15943002,101.7143168,112
shp_KJ_1,3.15942498,101.7140299,113
shp_KJ_1,3.15939699,101.7135479,114
shp_KJ_1,3.15936603,101.7131,115
shp_KJ_1,3.15932796,101.7125561,116
shp_KJ_1,3.15930402,101.712047,117
shp_KJ_1,3.15926901,101.71134,118
shp_KJ_1,3.15916497,101.7107251,119
shp_KJ_1,3.15908802,101.7102571,120
shp_KJ_1,3.15917298,101.709819,121
shp_KJ_1,3.15932598,101.7096559,122
shp_KJ_1,3.15984699,101.7093848,123
shp_KJ_1,3.16016397,101.7091609,124
shp_KJ_1,3.16044504,101.7089309,125
shp_KJ_1,3.160557,101.7087829,126
shp_KJ_1,3.16069002,101.708635,127
shp_KJ_1,3.16076904,101.7085388,128
shp_KJ_1,3.16095201,101.708289,129
shp_KJ_1,3.16118898,101.7079729,130
shp_KJ_1,3.16129599,101.707744,131
shp_KJ_1,3.16127196,101.7074722,132
shp_KJ_1,3.16127601,101.707034,133
shp_KJ_1,3.16136601,101.706817,134
shp_KJ_1,3.161331,101.7066802,135
shp_KJ_1,3.161268,101.7064559,136
shp_KJ_1,3.16118097,101.7063112,137
shp_KJ_1,3.16105902,101.7060818,138
shp_KJ_1,3.16100304,101.7059011,139
shp_KJ_1,3.16087398,101.705611,140
shp_KJ_1,3.16058796,101.7048082,141
shp_KJ_1,3.160242,101.704288,142
shp_KJ_1,3.159999,101.704086,143
shp_KJ_1,3.159855,101.7040169,144
shp_KJ_1,3.15937296,101.7037721,145
shp_KJ_1,3.15887904,101.7035759,146
shp_KJ_1,3.15830502,101.703119,147
shp_KJ_1,3.15746703,101.7022709,148
shp_KJ_1,3.15735696,101.702218,149
shp_KJ_1,3.15694197,101.701975,150
shp_KJ_1,3.156282,101.7017449,151
shp_KJ_1,3.15588501,101.701634,152
shp_KJ_1,3.15577998,101.7016369,153
shp_KJ_1,3.15558297,101.701553,154
shp_KJ_1,3.15547803,101.701508,155
shp_KJ_1,3.155283,101.701287,156
shp_KJ_1,3.15464598,101.70095,157
shp_KJ_1,3.15371097,101.700419,158
shp_KJ_1,3.15300798,101.7000209,159
shp_KJ_1,3.15281097,101.6997869,160
shp_KJ_1,3.152619,101.6995201,161
shp_KJ_1,3.15243603,101.6992051,162
shp_KJ_1,3.15206901,101.6982781,163
shp_KJ_1,3.15196398,101.6981032,164
shp_KJ_1,3.15183996,101.6979559,165
shp_KJ_1,3.15147303,101.697763,166
shp_KJ_1,3.15073296,101.697538,167
shp_KJ_1,3.15041598,101.6974919,168
shp_KJ_1,3.15027,101.697367,169
shp_KJ_1,3.15008298,101.6971762,170
shp_KJ_1,3.14986203,101.696958,171
shp_KJ_1,3.14971398,101.6968151,172
shp_KJ_1,3.14944902,101.6965829,173
shp_KJ_1,3.14918496,101.696404,174
shp_KJ_1,3.149073,101.6963212,175
shp_KJ_1,3.14849403,101.6960378,176
shp_KJ_1,3.14824104,101.6958539,177
shp_KJ_1,3.14801199,101.6956379,178
shp_KJ_1,3.14785998,101.6955652,179
shp_KJ_1,3.14768097,101.69546,180
shp_KJ_1,3.14748603,101.6954111,181
shp_KJ_1,3.14715303,101.69532,182
shp_KJ_1,3.14642304,101.6951479,183
shp_KJ_1,3.14624997,101.6951231,184
shp_KJ_1,3.14558802,101.6949931,185
shp_KJ_1,3.14528697,101.6949398,186
shp_KJ_1,3.14519202,101.6949341,187
shp_KJ_1,3.14509896,101.6949409,188
shp_KJ_1,3.14489799,101.6949982,189
shp_KJ_1,3.144429,101.6951101,190
shp_KJ_1,3.14417997,101.6951839,191
shp_KJ_1,3.14400204,101.6952649,192
shp_KJ_1,3.14378199,101.695329,193
shp_KJ_1,3.14364402,101.695352,194
shp_KJ_1,3.14334396,101.6953808,195
shp_KJ_1,3.14296299,101.6953711,196
shp_KJ_1,3.14253099,101.6953891,197
shp_KJ_1,3.14213202,101.695396,198
shp_KJ_1,3.14189496,101.6954021,199
shp_KJ_1,3.14172198,101.6954021,200
shp_KJ_1,3.14158302,101.695374,201
shp_KJ_1,3.14137602,101.6953279,202
shp_KJ_1,3.141216,101.6952779,203
shp_KJ_1,3.14063298,101.6951029,204
shp_KJ_1,3.139677,101.6947829,205
shp_KJ_1,3.13884396,101.6945258,206
shp_KJ_1,3.13846902,101.6943142,207
shp_KJ_1,3.13820604,101.694042,208
shp_KJ_1,3.13795098,101.693565,209
shp_KJ_1,3.13762599,101.692836,210
shp_KJ_1,3.13746003,101.692588,211
shp_KJ_1,3.13734798,101.6924062,212
shp_KJ_1,3.13719597,101.6921812,213
shp_KJ_1,3.13705197,101.6918881,214
shp_KJ_1,3.13696602,101.6916581,215
shp_KJ_1,3.13671897,101.6909359,216
shp_KJ_1,3.13637202,101.690122,217
shp_KJ_1,3.13594902,101.6893282,218
shp_KJ_1,3.13550298,101.688611,219
shp_KJ_1,3.13498998,101.6879339,220
shp_KJ_1,3.134691,101.6874652,221
shp_KJ_1,3.13446204,101.687044,222
shp_KJ_1,3.133845,101.6859038,223
shp_KJ_1,3.13346196,101.6852069,224
shp_KJ_1,3.133026,101.6845661,225
shp_KJ_1,3.13242201,101.683796,226
shp_KJ_1,3.13186203,101.6832121,227
shp_KJ_1,3.13127901,101.6827009,228
shp_KJ_1,3.13001496,101.6816429,229
shp_KJ_1,3.12969204,101.6814409,230
shp_KJ_1,3.12948099,101.681249,231
shp_KJ_1,3.129336,101.6811,232
shp_KJ_1,3.12909804,101.6807782,233
shp_KJ_1,3.12892398,101.6804819,234
shp_KJ_1,3.12875901,101.680173,235
shp_KJ_1,3.128481,101.6797882,236
shp_KJ_1,3.128193,101.6795099,237
shp_KJ_1,3.12788403,101.679277,238
shp_KJ_1,3.12758829,101.6790667,239
shp_KJ_1,3.12698997,101.6786408,240
shp_KJ_1,3.12687,101.678558,241
shp_KJ_1,3.126582,101.6784061,242
shp_KJ_1,3.12625701,101.6782769,243
shp_KJ_1,3.12576498,101.678099,244
shp_KJ_1,3.12516999,101.6778341,245
shp_KJ_1,3.12486498,101.6776789,246
shp_KJ_1,3.12459102,101.6775101,247
shp_KJ_1,3.12439302,101.6773942,248
shp_KJ_1,3.12410799,101.677172,249
shp_KJ_1,3.12371001,101.6768671,250
shp_KJ_1,3.12344199,101.676614,251
shp_KJ_1,3.12313302,101.6762962,252
shp_KJ_1,3.12288903,101.6760539,253
shp_KJ_1,3.12241599,101.6755099,254
shp_KJ_1,3.12184998,101.674985,255
shp_KJ_1,3.12132699,101.6745142,256
shp_KJ_1,3.12034599,101.6736322,257
shp_KJ_1,3.12007104,101.6734129,258
shp_KJ_1,3.11987304,101.6732981,259
shp_KJ_1,3.11945499,101.6731591,260
shp_KJ_1,3.11911704,101.673023,261
shp_KJ_1,3.11873544,101.6728938,262
shp_KJ_1,3.11832603,101.6727548,263
shp_KJ_1,3.11740704,101.6723992,264
shp_KJ_1,3.11692896,101.672284,265
shp_KJ_1,3.11653602,101.6722372,266
shp_KJ_1,3.11616297,101.6721922,267
shp_KJ_1,3.11582196,101.672104,268
shp_KJ_1,3.11562801,101.6720111,269
shp_KJ_1,3.11535,101.6717951,270
shp_KJ_1,3.11520204,101.6716129,271
shp_KJ_1,3.11510502,101.6714138,272
shp_KJ_1,3.11500404,101.671025,273
shp_KJ_1,3.11501601,101.6706949,274
shp_KJ_1,3.11510898,101.6703889,275
shp_KJ_1,3.11530896,101.669953,276
shp_KJ_1,3.11535504,101.669837,277
shp_KJ_1,3.11544801,101.6695541,278
shp_KJ_1,3.11545701,101.669148,279
shp_KJ_1,3.11550597,101.668572,280
shp_KJ_1,3.11553099,101.66805,281
shp_KJ_1,3.11553999,101.6673851,282
shp_KJ_1,3.11543496,101.6671658,283
shp_KJ_1,3.11530104,101.6669099,284
shp_KJ_1,3.11515704,101.6666438,285
shp_KJ_1,3.11493501,101.666286,286
shp_KJ_1,3.11476698,101.6659271,287
shp_KJ_1,3.11470299,101.6655941,288
shp_KJ_1,3.114702,101.665175,289
shp_KJ_1,3.11468004,101.6643308,290
shp_KJ_1,3.11465799,101.6636821,291
shp_KJ_1,3.11460903,101.6627519,292
shp_KJ_1,3.11457699,101.6619728,293
shp_KJ_1,3.1145625,101.6616766,294
shp_KJ_1,3.11453703,101.6611549,295
shp_KJ_1,3.11444496,101.6607539,296
shp_KJ_1,3.113955,101.6598611,297
shp_KJ_1,3.11373504,101.659527,298
shp_KJ_1,3.11359104,101.6593808,299
shp_KJ_1,3.11337504,101.6592041,300
shp_KJ_1,3.11303997,101.659023,301
shp_KJ_1,3.11278104,101.65891,302
shp_KJ_1,3.11254398,101.65882,303
shp_KJ_1,3.11150196,101.6583818,304
shp_KJ_1,3.11033403,101.6578631,305
shp_KJ_1,3.108924,101.6572601,306
shp_KJ_1,3.10864797,101.6571319,307
shp_KJ_1,3.108249,101.6568968,308
shp_KJ_1,3.10800897,101.656687,309
shp_KJ_1,3.10770396,101.6563702,310
shp_KJ_1,3.10741497,101.6559338,311
shp_KJ_1,3.10697001,101.6552498,312
shp_KJ_1,3.10626702,101.654132,313
shp_KJ_1,3.10567599,101.653182,314
shp_KJ_1,3.10514796,101.65235,315
shp_KJ_1,3.10458699,101.6514022,316
shp_KJ_1,3.10383,101.6501389,317
shp_KJ_1,3.10369896,101.6498311,318
shp_KJ_1,3.10364604,101.6495258,319
shp_KJ_1,3.10369698,101.6490409,320
shp_KJ_1,3.10378698,101.6484959,321
shp_KJ_1,3.10384701,101.6480639,322
shp_KJ_1,3.10386096,101.647534,323
shp_KJ_1,3.10384602,101.646958,324
shp_KJ_1,3.10398003,101.6459122,325
shp_KJ_1,3.10408596,101.645248,326
shp_KJ_1,3.10420701,101.6444711,327
shp_KJ_1,3.104676,101.6420321,328
shp_KJ_1,3.10479003,101.641288,329
shp_KJ_1,3.10480704,101.6410658,330
shp_KJ_1,3.10472901,101.64029,331
shp_KJ_1,3.10455801,101.6391172,332
shp_KJ_1,3.10438404,101.637675,333
shp_KJ_1,3.10417002,101.6358998,334
shp_KJ_1,3.10393701,101.6339821,335
shp_KJ_1,3.10375098,101.6324449,336
shp_KJ_1,3.10336398,101.6289742,337
shp_KJ_1,3.10328703,101.6281339,338
shp_KJ_1,3.103272,101.627595,339
shp_KJ_1,3.10333896,101.6267872,340
shp_KJ_1,3.103551,101.6249501,341
shp_KJ_1,3.103632,101.624729,342
shp_KJ_1,3.10409496,101.6241278,343
shp_KJ_1,3.10471596,101.6231918,344
shp_KJ_1,3.10518297,101.622483,345
shp_KJ_1,3.105999,101.6211229,346
shp_KJ_1,3.10726197,101.6193841,347
shp_KJ_1,3.10937202,101.616601,348
shp_KJ_1,3.10981896,101.6159692,349
shp_KJ_1,3.11010696,101.615494,350
shp_KJ_1,3.11020398,101.615162,351
shp_KJ_1,3.11070798,101.6127929,352
shp_KJ_1,3.11085,101.612138,353
shp_KJ_1,3.11249799,101.6043001,354
shp_KJ_1,3.11328801,101.6010382,355
shp_KJ_1,3.11341203,101.6005061,356
shp_KJ_1,3.11347404,101.600105,357
shp_KJ_1,3.11346999,101.5998919,358
shp_KJ_1,3.113388,101.5995809,359
shp_KJ_1,3.11291298,101.5987241,360
shp_KJ_1,3.11227902,101.5977082,361
shp_KJ_1,3.11218497,101.5972639,362
shp_KJ_1,3.11205996,101.596693,363
shp_KJ_1,3.11174298,101.596154,364
shp_KJ_1,3.11126697,101.595519,365
shp_KJ_1,3.11107797,101.594948,366
shp_KJ_1,3.11101803,101.5939019,367
shp_KJ_1,3.111138,101.5931761,368
shp_KJ_1,3.11115501,101.5928662,369
shp_KJ_1,3.11119704,101.592608,370
shp_KJ_1,3.11131701,101.5923769,371
shp_KJ_1,3.11154102,101.5920248,372
shp_KJ_1,3.11180697,101.5916479,373
shp_KJ_1,3.11208201,101.591253,374
shp_KJ_1,3.11230602,101.5908919,375
shp_KJ_1,3.11249304,101.590609,376
shp_KJ_1,3.11266503,101.590222,377
shp_KJ_1,3.11272497,101.5899649,378
shp_KJ_1,3.112767,101.5895959,379
shp_KJ_1,3.11272497,101.58926,380
shp_KJ_1,3.11261499,101.5888471,381
shp_KJ_1,3.11240997,101.5885199,382
shp_KJ_1,3.11220504,101.588278,383
shp_KJ_1,3.11191398,101.5880429,384
shp_KJ_1,3.11138001,101.5877711,385
shp_KJ_1,3.108654,101.5866799,386
shp_KJ_1,3.10760001,101.586227,387
shp_KJ_1,3.10696497,101.586011,388
shp_KJ_1,3.10659903,101.5858919,389
shp_KJ_1,3.10623102,101.585903,390
shp_KJ_1,3.10587102,101.5859801,391
shp_KJ_1,3.10471497,101.5864459,392
shp_KJ_1,3.10353696,101.5869161,393
shp_KJ_1,3.10225401,101.587378,394
shp_KJ_1,3.10157397,101.587658,395
shp_KJ_1,3.10085703,101.5879421,396
shp_KJ_1,3.10049397,101.5881181,397
shp_KJ_1,3.10012398,101.5883039,398
shp_KJ_1,3.09982599,101.588531,399
shp_KJ_1,3.09946797,101.5888111,400
shp_KJ_1,3.09907899,101.5890818,401
shp_KJ_1,3.09860298,101.5893472,402
shp_KJ_1,3.09720996,101.5899001,403
shp_KJ_1,3.09628404,101.5903019,404
shp_KJ_1,3.09533796,101.5906601,405
shp_KJ_1,3.09456702,101.590934,406
shp_KJ_1,3.09394197,101.5910831,407
shp_KJ_1,3.0933,101.5910752,408
shp_KJ_1,3.09279501,101.591019,409
shp_KJ_1,3.09232404,101.590933,410
shp_KJ_1,3.09145599,101.590744,411
shp_KJ_1,3.08999799,101.590421,412
shp_KJ_1,3.08945196,101.5902839,413
shp_KJ_1,3.08900799,101.590223,414
shp_KJ_1,3.08865204,101.590196,415
shp_KJ_1,3.08833902,101.590209,416
shp_KJ_1,3.08802798,101.59025,417
shp_KJ_1,3.08771604,101.5903469,418
shp_KJ_1,3.08733399,101.590506,419
shp_KJ_1,3.086982,101.5906939,420
shp_KJ_1,3.08665602,101.5908829,421
shp_KJ_1,3.08626704,101.59096,422
shp_KJ_1,3.08601702,101.590943,423
shp_KJ_1,3.08564604,101.590852,424
shp_KJ_1,3.08535498,101.590695,425
shp_KJ_1,3.08512098,101.5904891,426
shp_KJ_1,3.08491002,101.5900999,427
shp_KJ_1,3.08481498,101.589705,428
shp_KJ_1,3.08482902,101.589214,429
shp_KJ_1,3.08480796,101.5886239,430
shp_KJ_1,3.08486898,101.5876339,431
shp_KJ_1,3.08493999,101.5868272,432
shp_KJ_1,3.08492001,101.5865392,433
shp_KJ_1,3.08489301,101.586195,434
shp_KJ_1,3.08475999,101.5858289,435
shp_KJ_1,3.08451204,101.5853281,436
shp_KJ_1,3.08422998,101.5847708,437
shp_KJ_1,3.08404098,101.5844011,438
shp_KJ_1,3.08381796,101.5840501,439
shp_KJ_1,3.08358702,101.5838039,440
shp_KJ_1,3.08329398,101.5836271,441
shp_KJ_1,3.08299302,101.5835569,442
shp_KJ_1,3.08275596,101.583553,443
shp_KJ_1,3.08250504,101.583612,444
shp_KJ_1,3.082095,101.583779,445
shp_KJ_1,3.08158902,101.5840019,446
shp_KJ_1,3.08115603,101.5842179,447
shp_KJ_1,3.08069901,101.584462,448
shp_KJ_1,3.08038599,101.5846261,449
shp_KJ_1,3.08005299,101.5848371,450
shp_KJ_1,3.079548,101.5851488,451
shp_KJ_1,3.07877697,101.5856201,452
shp_KJ_1,3.07827999,101.5859189,453
shp_KJ_1,3.07797696,101.586038,454
shp_KJ_1,3.07772604,101.5861072,455
shp_KJ_1,3.07744803,101.5861478,456
shp_KJ_1,3.07716003,101.58615,457
shp_KJ_1,3.07661103,101.5861421,458
shp_KJ_1,3.07553697,101.5860949,459
shp_KJ_1,3.07428003,101.5860859,460
shp_KJ_1,3.07277496,101.586078,461
shp_KJ_1,3.07145403,101.5860848,462
shp_KJ_1,3.06908298,101.5860931,463
shp_KJ_1,3.06851004,101.5860931,464
shp_KJ_1,3.06746199,101.5860758,465
shp_KJ_1,3.06660699,101.5860589,466
shp_KJ_1,3.065256,101.586064,467
shp_KJ_1,3.06415998,101.5860712,468
shp_KJ_1,3.06381096,101.586092,469
shp_KJ_1,3.06360297,101.5861838,470
shp_KJ_1,3.06343098,101.5863271,471
shp_KJ_1,3.06327303,101.5864492,472
shp_KJ_1,3.06316098,101.5866169,473
shp_KJ_1,3.06303903,101.5868549,474
shp_KJ_1,3.06299304,101.587063,475
shp_KJ_1,3.06295704,101.5872559,476
shp_KJ_1,3.06295704,101.5875421,477
shp_KJ_1,3.06294696,101.5879619,478
shp_KJ_1,3.06293103,101.5886092,479
shp_KJ_1,3.06290097,101.5891531,480
shp_KJ_1,3.06286002,101.589597,481
shp_KJ_1,3.062835,101.589979,482
shp_KJ_1,3.06281502,101.5903778,483
shp_KJ_1,3.06281997,101.5907558,484
shp_KJ_1,3.06282501,101.591109,485
shp_KJ_1,3.06284004,101.5915439,486
shp_KJ_1,3.06286101,101.591883,487
shp_KJ_1,3.06285597,101.592113,488
shp_KJ_1,3.06282501,101.5923319,489
shp_KJ_1,3.06277902,101.5924702,490
shp_KJ_1,3.06269703,101.592634,491
shp_KJ_1,3.06258498,101.5927841,492
shp_KJ_1,3.062412,101.5929299,493
shp_KJ_1,3.06223398,101.5930598,494
shp_KJ_1,3.06200196,101.5931419,495
shp_KJ_1,3.06183402,101.5931768,496
shp_KJ_1,3.061593,101.5931768,497
shp_KJ_1,3.06124704,101.593121,498
shp_KJ_1,3.06078498,101.5929382,499
shp_KJ_1,3.060054,101.592635,500
shp_KJ_1,3.05925597,101.5923391,501
shp_KJ_1,3.05878698,101.592171,502
shp_KJ_1,3.05848197,101.5920601,503
shp_KJ_1,3.05817696,101.591995,504
shp_KJ_1,3.05793603,101.5919759,505
shp_KJ_1,3.05750097,101.5919759,506
shp_KJ_1,3.05661096,101.5919482,507
shp_KJ_1,3.05567496,101.5919021,508
shp_KJ_1,3.05492598,101.5919111,509
shp_KJ_1,3.05422497,101.5919122,510
shp_KJ_1,3.05169102,101.591932,511
shp_KJ_1,3.05128503,101.5919359,512
shp_KJ_1,3.05089596,101.591924,513
shp_KJ_1,3.05056197,101.5919071,514
shp_KJ_1,3.05027001,101.591865,515
shp_KJ_1,3.04999596,101.5917908,516
shp_KJ_1,3.04973397,101.5916749,517
shp_KJ_1,3.04943004,101.591518,518
shp_KJ_1,3.04907103,101.5912469,519
shp_KJ_1,3.04866999,101.590889,520
shp_KJ_1,3.04822296,101.590483,521
shp_KJ_1,3.04777701,101.59011,522
shp_KJ_1,3.04747002,101.5898609,523
shp_KJ_1,3.04706403,101.589494,524
shp_KJ_1,3.04657596,101.5890721,525
shp_KJ_1,3.04611102,101.58871,526
shp_KJ_1,3.04578999,101.5885051,527
shp_KJ_1,3.04547499,101.588337,528
shp_KJ_1,3.045249,101.588251,529
shp_KJ_1,3.04494003,101.58818,530
shp_KJ_1,3.04460496,101.5881181,531
shp_KJ_1,3.04429698,101.5881109,532
shp_KJ_1,3.04358499,101.5881109,533
shp_KJ_1,3.04214004,101.5881109,534
shp_KJ_1,3.040659,101.5881109,535
shp_KJ_1,3.03938496,101.5881188,536
shp_KJ_1,3.03858297,101.5881271,537
shp_KJ_1,3.03668604,101.588112,538
shp_KJ_1,3.03595299,101.5880962,539
shp_KJ_1,3.03536196,101.58809,540
shp_KJ_1,3.03501699,101.588107,541
shp_KJ_1,3.034449,101.588112,542
shp_KJ_1,3.03405003,101.5881181,543
shp_KJ_1,3.03346701,101.5881019,544
shp_KJ_1,3.03304401,101.5880789,545
shp_KJ_1,3.03266502,101.5880288,546
shp_KJ_1,3.03233103,101.587901,547
shp_KJ_1,3.032037,101.5877228,548
shp_KJ_1,3.03186501,101.5876058,549
shp_KJ_1,3.03169203,101.587433,550
shp_KJ_1,3.03149097,101.5871879,551
shp_KJ_1,3.03136497,101.5869848,552
shp_KJ_1,3.03125004,101.5867451,553
shp_KJ_1,3.03116904,101.5865269,554
shp_KJ_1,3.03108201,101.5862591,555
shp_KJ_1,3.03100704,101.5859092,556
shp_KJ_1,3.03094899,101.5856489,557
shp_KJ_1,3.03089796,101.5852658,558
shp_KJ_1,3.03087501,101.5850059,559
shp_KJ_1,3.03084,101.5846319,560
shp_KJ_1,3.03081696,101.584229,561
shp_KJ_1,3.03081201,101.5840901,562
shp_KJ_1,3.03080004,101.5839292,563
shp_KJ_1,3.03075999,101.5836239,564
shp_KJ_1,3.03070797,101.583382,565
shp_KJ_1,3.03062202,101.5831411,566
shp_KJ_1,3.03054804,101.5829752,567
shp_KJ_1,3.030462,101.5827869,568
shp_KJ_1,3.03033699,101.582581,569
shp_KJ_1,3.03003504,101.5821659,570
shp_KJ_1,3.02969196,101.5817152,571
shp_KJ_1,3.02943798,101.5813552,572
shp_KJ_1,3.02912298,101.5809509,573
shp_KJ_1,3.02896602,101.5807028,574
shp_KJ_1,3.02888799,101.580529,575
shp_KJ_1,3.02883903,101.5803061,576
shp_KJ_1,3.02883804,101.5800592,577
shp_KJ_1,3.02888799,101.5799011,578
shp_KJ_1,3.028968,101.5797139,579
shp_KJ_1,3.02910399,101.5794961,580
shp_KJ_1,3.02930901,101.579224,581
shp_KJ_1,3.02958702,101.578891,582
shp_KJ_1,3.02982696,101.5785781,583
shp_KJ_1,3.03003702,101.5782379,584
shp_KJ_1,3.03018399,101.577928,585
shp_KJ_1,3.03026301,101.5776421,586
shp_KJ_1,3.03031296,101.5773851,587
shp_KJ_1,3.03035202,101.576997,588
shp_KJ_1,3.03037902,101.5766669,589
shp_KJ_1,3.03044004,101.576083,590
shp_KJ_1,3.030507,101.575562,591
shp_KJ_1,3.03054597,101.5750411,592
shp_KJ_1,3.03055002,101.5747762,593
shp_KJ_1,3.03052797,101.574572,594
shp_KJ_1,3.03048198,101.5742671,595
shp_KJ_1,3.03044103,101.573942,596
shp_KJ_1,3.03039504,101.57364,597
shp_KJ_1,3.030372,101.5734359,598
shp_KJ_1,3.03031098,101.57323,599
shp_KJ_1,3.03025599,101.5730701,600
shp_KJ_1,3.03018399,101.572902,601
shp_KJ_1,3.03009903,101.5727591,602
shp_KJ_1,3.03000903,101.572645,603
shp_KJ_1,3.02990796,101.5725251,604
shp_KJ_1,3.02978304,101.5724048,605
shp_KJ_1,3.02963598,101.5722922,606
shp_KJ_1,3.029427,101.572196,607
shp_KJ_1,3.029229,101.5721201,608
shp_KJ_1,3.029076,101.572074,609
shp_KJ_1,3.02890599,101.5720448,610
shp_KJ_1,3.02867397,101.5720448,611
shp_KJ_1,3.02842998,101.5720391,612
shp_KJ_1,3.02819202,101.572038,613
shp_KJ_1,3.02735097,101.572038,614
shp_KJ_1,3.02650596,101.5720499,615
shp_KJ_1,3.02508999,101.5720718,616
shp_KJ_1,3.02407002,101.5720531,617
shp_KJ_1,3.02316903,101.5720312,618
shp_KJ_1,3.02150898,101.57202,619
shp_KJ_1,3.02042601,101.5719761,620
shp_KJ_1,3.01981896,101.571998,621
shp_KJ_1,3.01880403,101.5720301,622
shp_KJ_1,3.01770396,101.5720549,623
shp_KJ_1,3.01725504,101.5720571,624
shp_KJ_1,3.01684599,101.572074,625
shp_KJ_1,3.016269,101.5720762,626
shp_KJ_1,3.01589298,101.5720621,627
shp_KJ_1,3.01558698,101.5720088,628
shp_KJ_1,3.01518297,101.571908,629
shp_KJ_1,3.01476798,101.5718152,630
shp_KJ_1,3.01429998,101.5717342,631
shp_KJ_1,3.01403196,101.571705,632
shp_KJ_1,3.013749,101.571673,633
shp_KJ_1,3.01339503,101.571673,634
shp_KJ_1,3.01301496,101.5717118,635
shp_KJ_1,3.01268196,101.5717799,636
shp_KJ_1,3.01232997,101.571858,637
shp_KJ_1,3.01183803,101.5719952,638
shp_KJ_1,3.01155102,101.5720639,639
shp_KJ_1,3.01136301,101.5721168,640
shp_KJ_1,3.01113,101.572132,641
shp_KJ_1,3.01084497,101.5721618,642
shp_KJ_1,3.01015296,101.5721842,643
shp_KJ_1,3.00954897,101.572151,644
shp_KJ_1,3.00853998,101.572142,645
shp_KJ_1,3.00784401,101.572119,646
shp_KJ_1,3.00755403,101.572114,647
shp_KJ_1,3.00697902,101.5721201,648
shp_KJ_1,3.00646503,101.57211,649
shp_KJ_1,3.00607902,101.572114,650
shp_KJ_1,3.00560103,101.5721071,651
shp_KJ_1,3.00508398,101.5721251,652
shp_KJ_1,3.00464703,101.57215,653
shp_KJ_1,3.00434301,101.572191,654
shp_KJ_1,3.00410604,101.5722382,655
shp_KJ_1,3.00384198,101.572322,656
shp_KJ_1,3.00362598,101.5724048,657
shp_KJ_1,3.00334401,101.5724948,658
shp_KJ_1,3.00311496,101.572569,659
shp_KJ_1,3.00285297,101.5726691,660
shp_KJ_1,3.00267702,101.5727159,661
shp_KJ_1,3.00235302,101.572803,662
shp_KJ_1,3.00217698,101.5728361,663
shp_KJ_1,3.00193596,101.5728541,664
shp_KJ_1,3.00168801,101.5728599,665
shp_KJ_1,3.00143196,101.5728649,666
shp_KJ_1,3.00114603,101.572871,667
shp_KJ_1,3.00098097,101.572871,668
shp_KJ_1,2.999754,101.572875,669
shp_KJ_1,2.99934801,101.572911,670
shp_KJ_1,2.99889198,101.572947,671
shp_KJ_1,2.99850399,101.5729621,672
shp_KJ_1,2.998305,101.572965,673
shp_KJ_1,2.99815299,101.572983,674
shp_KJ_1,2.99793996,101.5730269,675
shp_KJ_1,2.99781702,101.5730662,676
shp_KJ_1,2.99767203,101.573136,677
shp_KJ_1,2.99754702,101.573226,678
shp_KJ_1,2.99744496,101.5732951,679
shp_KJ_1,2.99719197,101.573617,680
shp_KJ_1,2.99699496,101.5740209,681
shp_KJ_1,2.99665404,101.5746142,682
shp_MRT_0,3.20351301,101.5866659,1
shp_MRT_0,3.20428197,101.5855268,2
shp_MRT_0,3.20558796,101.5836851,3
shp_MRT_0,3.20577102,101.583374,4
shp_MRT_0,3.20599404,101.582865,5
shp_MRT_0,3.20607999,101.5825889,6
shp_MRT_0,3.20633604,101.5818322,7
shp_MRT_0,3.20653998,101.5810949,8
shp_MRT_0,3.20665797,101.5805149,9
shp_MRT_0,3.20663898,101.580161,10
shp_MRT_0,3.20657499,101.5798201,11
shp_MRT_0,3.20638599,101.5794248,12
shp_MRT_0,3.206034,101.5789748,13
shp_MRT_0,3.20545404,101.578662,14
shp_MRT_0,3.20488803,101.5785788,15
shp_MRT_0,3.20424399,101.5786372,16
shp_MRT_0,3.20338701,101.578676,17
shp_MRT_0,3.20243904,101.5785878,18
shp_MRT_0,3.201876,101.5784921,19
shp_MRT_0,3.20135796,101.5784939,20
shp_MRT_0,3.20024304,101.578585,21
shp_MRT_0,3.19914297,101.5786879,22
shp_MRT_0,3.19855203,101.578676,23
shp_MRT_0,3.19813497,101.57859,24
shp_MRT_0,3.19720698,101.578401,25
shp_MRT_0,3.195657,101.578145,26
shp_MRT_0,3.194829,101.5780381,27
shp_MRT_0,3.19400703,101.578162,28
shp_MRT_0,3.192714,101.5785068,29
shp_MRT_0,3.19179402,101.5787768,30
shp_MRT_0,3.19123899,101.5788301,31
shp_MRT_0,3.19065597,101.5786778,32
shp_MRT_0,3.19008699,101.5785022,33
shp_MRT_0,3.18939903,101.57828,34
shp_MRT_0,3.18884796,101.5782901,35
shp_MRT_0,3.18828303,101.5784572,36
shp_MRT_0,3.18762099,101.5788481,37
shp_MRT_0,3.18724596,101.579063,38
shp_MRT_0,3.18681504,101.5791829,39
shp_MRT_0,3.18611898,101.579224,40
shp_MRT_0,3.18531996,101.5789399,41
shp_MRT_0,3.18463002,101.5786642,42
shp_MRT_0,3.182931,101.577973,43
shp_MRT_0,3.18088899,101.577154,44
shp_MRT_0,3.17948499,101.5766431,45
shp_MRT_0,3.178557,101.5760801,46
shp_MRT_0,3.17775996,101.5753619,47
shp_MRT_0,3.17733804,101.5746952,48
shp_MRT_0,3.17691396,101.573807,49
shp_MRT_0,3.17626398,101.5719131,50
shp_MRT_0,3.17564298,101.569689,51
shp_MRT_0,3.17540799,101.5686389,52
shp_MRT_0,3.17496798,101.5679509,53
shp_MRT_0,3.17449899,101.5675538,54
shp_MRT_0,3.17281797,101.5665682,55
shp_MRT_0,3.16969704,101.5647142,56
shp_MRT_0,3.16877103,101.5642429,57
shp_MRT_0,3.16813104,101.563898,58
shp_MRT_0,3.16755999,101.563789,59
shp_MRT_0,3.16686204,101.563789,60
shp_MRT_0,3.16616301,101.5639852,61
shp_MRT_0,3.16549899,101.5643891,62
shp_MRT_0,3.16461402,101.565175,63
shp_MRT_0,3.16413297,101.565612,64
shp_MRT_0,3.162627,101.5669429,65
shp_MRT_0,3.16087902,101.5685309,66
shp_MRT_0,3.16016199,101.5691789,67
shp_MRT_0,3.15966096,101.569716,68
shp_MRT_0,3.15874602,101.5709378,69
shp_MRT_0,3.15821403,101.571664,70
shp_MRT_0,3.15778401,101.572101,71
shp_MRT_0,3.15726399,101.572443,72
shp_MRT_0,3.15648702,101.5727029,73
shp_MRT_0,3.15567396,101.572983,74
shp_MRT_0,3.15497898,101.5734049,75
shp_MRT_0,3.15336096,101.5744759,76
shp_MRT_0,3.15179298,101.5755059,77
shp_MRT_0,3.15111501,101.5760048,78
shp_MRT_0,3.15074097,101.5764638,79
shp_MRT_0,3.150495,101.5769009,80
shp_MRT_0,3.15036702,101.577442,81
shp_MRT_0,3.15029898,101.5779571,82
shp_MRT_0,3.15023103,101.5800779,83
shp_MRT_0,3.15008397,101.5829431,84
shp_MRT_0,3.14988696,101.5878161,85
shp_MRT_0,3.14979804,101.5896949,86
shp_MRT_0,3.14969301,101.592616,87
shp_MRT_0,3.14960598,101.5955888,88
shp_MRT_0,3.14947701,101.596662,89
shp_MRT_0,3.14938503,101.5976452,90
shp_MRT_0,3.149406,101.598719,91
shp_MRT_0,3.14953101,101.599366,92
shp_MRT_0,3.14994501,101.6001299,93
shp_MRT_0,3.15075402,101.6010119,94
shp_MRT_0,3.15147402,101.601774,95
shp_MRT_0,3.15245403,101.6024018,96
shp_MRT_0,3.15340803,101.6029631,97
shp_MRT_0,3.15414999,101.603461,98
shp_MRT_0,3.15462897,101.6039498,99
shp_MRT_0,3.155004,101.604658,100
shp_MRT_0,3.15514098,101.6052991,101
shp_MRT_0,3.15523602,101.606337,102
shp_MRT_0,3.15524898,101.6079901,103
shp_MRT_0,3.15529497,101.611215,104
shp_MRT_0,3.15522801,101.6128231,105
shp_MRT_0,3.15503199,101.613334,106
shp_MRT_0,3.15476802,101.6137462,107
shp_MRT_0,3.15426303,101.6142689,108
shp_MRT_0,3.15328104,101.6148751,109
shp_MRT_0,3.15136998,101.616008,110
shp_MRT_0,3.14957898,101.617038,111
shp_MRT_0,3.14775702,101.618132,112
shp_MRT_0,3.14532999,101.6195159,113
shp_MRT_0,3.144744,101.6198978,114
shp_MRT_0,3.14443197,101.620229,115
shp_MRT_0,3.14421696,101.6206211,116
shp_MRT_0,3.14398197,101.6211859,117
shp_MRT_0,3.14370297,101.621565,118
shp_MRT_0,3.14319996,101.6221601,119
shp_MRT_0,3.14245404,101.6229679,120
shp_MRT_0,3.14212896,101.6233661,121
shp_MRT_0,3.14197497,101.6237981,122
shp_MRT_0,3.14179101,101.6244781,123
shp_MRT_0,3.14170299,101.6250502,124
shp_MRT_0,3.14150697,101.6256802,125
shp_MRT_0,3.14109504,101.6262439,126
shp_MRT_0,3.14065404,101.6265712,127
shp_MRT_0,3.13994601,101.6269909,128
shp_MRT_0,3.13904601,101.62759,129
shp_MRT_0,3.13823196,101.6281591,130
shp_MRT_0,3.13763103,101.6289839,131
shp_MRT_0,3.13701696,101.6297258,132
shp_MRT_0,3.13566399,101.6312501,133
shp_MRT_0,3.13447896,101.632581,134
shp_MRT_0,3.133575,101.6336272,135
shp_MRT_0,3.13322103,101.634219,136
shp_MRT_0,3.13296102,101.6350589,137
shp_MRT_0,3.13270398,101.6359009,138
shp_MRT_0,3.13246098,101.6364802,139
shp_MRT_0,3.13214301,101.6371012,140
shp_MRT_0,3.13167798,101.637869,141
shp_MRT_0,3.13125696,101.6385941,142
shp_MRT_0,3.13093296,101.639241,143
shp_MRT_0,3.13057404,101.6400139,144
shp_MRT_0,3.13030701,101.6407912,145
shp_MRT_0,3.13017201,101.6411962,146
shp_MRT_0,3.12987096,101.6419028,147
shp_MRT_0,3.12913899,101.6431672,148
shp_MRT_0,3.12853599,101.64416,149
shp_MRT_0,3.12831504,101.6447648,150
shp_MRT_0,3.12828696,101.645262,151
shp_MRT_0,3.12839604,101.645816,152
shp_MRT_0,3.128715,101.6464072,153
shp_MRT_0,3.12924699,101.646913,154
shp_MRT_0,3.13000902,101.6473871,155
shp_MRT_0,3.13089003,101.6480171,156
shp_MRT_0,3.13142301,101.6484952,157
shp_MRT_0,3.13197399,101.6491021,158
shp_MRT_0,3.13294599,101.6502059,159
shp_MRT_0,3.13387002,101.651233,160
shp_MRT_0,3.13457499,101.6520239,161
shp_MRT_0,3.13502004,101.6526089,162
shp_MRT_0,3.13538598,101.653218,163
shp_MRT_0,3.135726,101.653866,164
shp_MRT_0,3.13598601,101.6544949,165
shp_MRT_0,3.13621101,101.6554612,166
shp_MRT_0,3.13643304,101.656269,167
shp_MRT_0,3.13669296,101.656885,168
shp_MRT_0,3.137058,101.657353,169
shp_MRT_0,3.13745301,101.6576258,170
shp_MRT_0,3.13801002,101.657916,171
shp_MRT_0,3.13896996,101.6582389,172
shp_MRT_0,3.13988697,101.6586169,173
shp_MRT_0,3.14057601,101.6590432,174
shp_MRT_0,3.14142903,101.659792,175
shp_MRT_0,3.14220204,101.6604821,176
shp_MRT_0,3.14262801,101.660936,177
shp_MRT_0,3.14299701,101.6614271,178
shp_MRT_0,3.14317197,101.6618468,179
shp_MRT_0,3.14359002,101.6629358,180
shp_MRT_0,3.14384103,101.6634499,181
shp_MRT_0,3.14409501,101.6637559,182
shp_MRT_0,3.14450901,101.6640202,183
shp_MRT_0,3.14504298,101.6642362,184
shp_MRT_0,3.14552601,101.6642279,185
shp_MRT_0,3.14596296,101.6641282,186
shp_MRT_0,3.14639199,101.6639392,187
shp_MRT_0,3.14692497,101.6637451,188
shp_MRT_0,3.14729397,101.663644,189
shp_MRT_0,3.14816499,101.663595,190
shp_MRT_0,3.14899704,101.663577,191
shp_MRT_0,3.14954901,101.6635831,192
shp_MRT_0,3.15008001,101.6637419,193
shp_MRT_0,3.15047097,101.6640241,194
shp_MRT_0,3.15069102,101.664347,195
shp_MRT_0,3.15081801,101.6647639,196
shp_MRT_0,3.15120897,101.6659181,197
shp_MRT_0,3.15128898,101.666318,198
shp_MRT_0,3.15125001,101.6666831,199
shp_MRT_0,3.15113697,101.6669599,200
shp_MRT_0,3.15094401,101.6672951,201
shp_MRT_0,3.15069102,101.6676922,202
shp_MRT_0,3.15052299,101.66809,203
shp_MRT_0,3.15047502,101.6684651,204
shp_MRT_0,3.15048798,101.668855,205
shp_MRT_0,3.15058797,101.669328,206
shp_MRT_0,3.15091197,101.6699962,207
shp_MRT_0,3.15123498,101.6706431,208
shp_MRT_0,3.15159003,101.6713289,209
shp_MRT_0,3.151791,101.671745,210
shp_MRT_0,3.15188703,101.6721349,211
shp_MRT_0,3.15189504,101.6725849,212
shp_MRT_0,3.15179496,101.6729971,213
shp_MRT_0,3.15156303,101.673409,214
shp_MRT_0,3.15131004,101.6736952,215
shp_MRT_0,3.15085401,101.674031,216
shp_MRT_0,3.15023301,101.674453,217
shp_MRT_0,3.14967996,101.674858,218
shp_MRT_0,3.14893602,101.6755949,219
shp_MRT_0,3.148398,101.6761601,220
shp_MRT_0,3.14792199,101.676623,221
shp_MRT_0,3.14736498,101.6769629,222
shp_MRT_0,3.14673804,101.67719,223
shp_MRT_0,3.14534997,101.6776649,224
shp_MRT_0,3.144758518,101.677903,225
shp_MRT_0,3.144165624,101.6781402,226
shp_MRT_0,3.143551606,101.6783359,227
shp_MRT_0,3.142653642,101.6785745,228
shp_MRT_0,3.142233306,101.6788389,229
shp_MRT_0,3.141776209,101.6791616,230
shp_MRT_0,3.141228872,101.67962,231
shp_MRT_0,3.14064708,101.6802253,232
shp_MRT_0,3.139951646,101.6810335,233
shp_MRT_0,3.139405582,101.6816298,234
shp_MRT_0,3.138983877,101.6822557,235
shp_MRT_0,3.138524363,101.6831874,236
shp_MRT_0,3.138142369,101.6840911,237
shp_MRT_0,3.137930703,101.6848085,238
shp_MRT_0,3.137691205,101.6853216,239
shp_MRT_0,3.137403163,101.6857894,240
shp_MRT_0,3.137190852,101.6863395,241
shp_MRT_0,3.137190983,101.6869295,242
shp_MRT_0,3.13720465,101.6876418,243
shp_MRT_0,3.137245737,101.6880521,244
shp_MRT_0,3.137416518,101.688934,245
shp_MRT_0,3.137655969,101.690018,246
shp_MRT_0,3.137865887,101.6911268,247
shp_MRT_0,3.138023071,101.6917098,248
shp_MRT_0,3.138289782,101.6922535,249
shp_MRT_0,3.138705656,101.6926497,250
shp_MRT_0,3.139114547,101.6928407,251
shp_MRT_0,3.139836249,101.6931324,252
shp_MRT_0,3.140382431,101.693289,253
shp_MRT_0,3.140915642,101.6934789,254
shp_MRT_0,3.141463462,101.6937597,255
shp_MRT_0,3.141848451,101.6941224,256
shp_MRT_0,3.142083731,101.6945895,257
shp_MRT_0,3.142201732,101.6949751,258
shp_MRT_0,3.142293265,101.6955642,259
shp_MRT_0,3.142337336,101.696123,260
shp_MRT_0,3.142391932,101.6966706,261
shp_MRT_0,3.142448379,101.6971663,262
shp_MRT_0,3.142519567,101.6977128,263
shp_MRT_0,3.142609659,101.6982225,264
shp_MRT_0,3.142673586,101.6985893,265
shp_MRT_0,3.1426831,101.6989209,266
shp_MRT_0,3.142710983,101.699443,267
shp_MRT_0,3.142705965,101.7000628,268
shp_MRT_0,3.1426032,101.7007581,269
shp_MRT_0,3.142381204,101.701287,270
shp_MRT_0,3.142088004,101.7018313,271
shp_MRT_0,3.141773191,101.702417,272
shp_MRT_0,3.141509555,101.7029226,273
shp_MRT_0,3.141327017,101.7032001,274
shp_MRT_0,3.14117091,101.7035984,275
shp_MRT_0,3.141082258,101.7040664,276
shp_MRT_0,3.141088924,101.704447,277
shp_MRT_0,3.141197594,101.7047459,278
shp_MRT_0,3.141380846,101.7050646,279
shp_MRT_0,3.141597669,101.7053623,280
shp_MRT_0,3.141949672,101.7057008,281
shp_MRT_0,3.142342711,101.7059185,282
shp_MRT_0,3.142620589,101.7059866,283
shp_MRT_0,3.142961514,101.7060844,284
shp_MRT_0,3.143227021,101.706201,285
shp_MRT_0,3.14349293,101.7063926,286
shp_MRT_0,3.143676865,101.7065769,287
shp_MRT_0,3.143819664,101.7068288,288
shp_MRT_0,3.144002038,101.7073854,289
shp_MRT_0,3.14418827,101.7078902,290
shp_MRT_0,3.144441736,101.7082878,291
shp_MRT_0,3.145031985,101.7090887,292
shp_MRT_0,3.145368113,101.7095332,293
shp_MRT_0,3.14575203,101.7100188,294
shp_MRT_0,3.146119222,101.7105613,295
shp_MRT_0,3.146676813,101.7113335,296
shp_MRT_0,3.147000315,101.711692,297
shp_MRT_0,3.147365957,101.7122225,298
shp_MRT_0,3.147728611,101.71281,299
shp_MRT_0,3.147878343,101.7132854,300
shp_MRT_0,3.147945146,101.7137144,301
shp_MRT_0,3.147974702,101.7141451,302
shp_MRT_0,3.148047929,101.714767,303
shp_MRT_0,3.148068586,101.7154073,304
shp_MRT_0,3.148083892,101.7159006,305
shp_MRT_0,3.147991086,101.7165061,306
shp_MRT_0,3.147810072,101.7169856,307
shp_MRT_0,3.147638919,101.7173616,308
shp_MRT_0,3.147377543,101.7177591,309
shp_MRT_0,3.147113008,101.7180724,310
shp_MRT_0,3.146798691,101.7183116,311
shp_MRT_0,3.146253468,101.7185301,312
shp_MRT_0,3.145625972,101.7187623,313
shp_MRT_0,3.144834914,101.7190694,314
shp_MRT_0,3.144040349,101.7193752,315
shp_MRT_0,3.14312575,101.7196627,316
shp_MRT_0,3.142262632,101.719882,317
shp_MRT_0,3.141543868,101.7201291,318
shp_MRT_0,3.140704723,101.7203964,319
shp_MRT_0,3.139425379,101.7208116,320
shp_MRT_0,3.138341816,101.7211649,321
shp_MRT_0,3.137296023,101.7215125,322
shp_MRT_0,3.136261497,101.7218363,323
shp_MRT_0,3.134838212,101.7222312,324
shp_MRT_0,3.133212899,101.7226533,325
shp_MRT_0,3.132335162,101.7228885,326
shp_MRT_0,3.131837222,101.723002,327
shp_MRT_0,3.131348099,101.7231457,328
shp_MRT_0,3.13085169,101.7232916,329
shp_MRT_0,3.130551794,101.7233684,330
shp_MRT_0,3.130251499,101.7235679,331
shp_MRT_0,3.129917981,101.7238463,332
shp_MRT_0,3.129049306,101.7244067,333
shp_MRT_0,3.127553211,101.72536,334
shp_MRT_0,3.126551129,101.726053,335
shp_MRT_0,3.125707077,101.7265744,336
shp_MRT_0,3.125085179,101.727057,337
shp_MRT_0,3.124317151,101.7275284,338
shp_MRT_0,3.123447164,101.7279984,339
shp_MRT_0,3.123107551,101.7281605,340
shp_MRT_0,3.122600829,101.728327,341
shp_MRT_0,3.121992056,101.7283285,342
shp_MRT_0,3.121448083,101.7281974,343
shp_MRT_0,3.121063699,101.7279803,344
shp_MRT_0,3.120648612,101.7275102,345
shp_MRT_0,3.120335618,101.7266504,346
shp_MRT_0,3.120199618,101.7262284,347
shp_MRT_0,3.119757767,101.7256223,348
shp_MRT_0,3.119289596,101.7252687,349
shp_MRT_0,3.118489341,101.7247999,350
shp_MRT_0,3.117941034,101.724651,351
shp_MRT_0,3.117271554,101.7246721,352
shp_MRT_0,3.116705612,101.7249162,353
shp_MRT_0,3.116258673,101.7253434,354
shp_MRT_0,3.115898955,101.7259146,355
shp_MRT_0,3.115288649,101.726976,356
shp_MRT_0,3.114877328,101.7277253,357
shp_MRT_0,3.114512228,101.7283347,358
shp_MRT_0,3.114045232,101.7288407,359
shp_MRT_0,3.113399629,101.7291092,360
shp_MRT_0,3.112653107,101.7293353,361
shp_MRT_0,3.111924834,101.7295483,362
shp_MRT_0,3.11033514,101.7300557,363
shp_MRT_0,3.108134721,101.7307088,364
shp_MRT_0,3.107261534,101.7309793,365
shp_MRT_0,3.106472913,101.7312362,366
shp_MRT_0,3.105963732,101.731359,367
shp_MRT_0,3.105630318,101.7314871,368
shp_MRT_0,3.105269405,101.7316999,369
shp_MRT_0,3.104505091,101.7321862,370
shp_MRT_0,3.103680005,101.7327603,371
shp_MRT_0,3.103012346,101.7332632,372
shp_MRT_0,3.102403343,101.733832,373
shp_MRT_0,3.101662605,101.7345464,374
shp_MRT_0,3.100680096,101.735464,375
shp_MRT_0,3.099800007,101.7362524,376
shp_MRT_0,3.098789069,101.7371284,377
shp_MRT_0,3.098004006,101.7377816,378
shp_MRT_0,3.097450421,101.7381486,379
shp_MRT_0,3.096666618,101.7384604,380
shp_MRT_0,3.095851449,101.7387091,381
shp_MRT_0,3.09518027,101.7389545,382
shp_MRT_0,3.094494215,101.7392504,383
shp_MRT_0,3.093451781,101.739671,384
shp_MRT_0,3.092571999,101.7399709,385
shp_MRT_0,3.091451074,101.7403615,386
shp_MRT_0,3.090206889,101.7407199,387
shp_MRT_0,3.088890692,101.7411343,388
shp_MRT_0,3.087941086,101.7414652,389
shp_MRT_0,3.086915734,101.7416326,390
shp_MRT_0,3.086315687,101.7418086,391
shp_MRT_0,3.085403204,101.7420725,392
shp_MRT_0,3.085011786,101.7421297,393
shp_MRT_0,3.084294876,101.7421671,394
shp_MRT_0,3.083253349,101.7421912,395
shp_MRT_0,3.082241056,101.7422403,396
shp_MRT_0,3.08157361,101.7423579,397
shp_MRT_0,3.080988257,101.7425652,398
shp_MRT_0,3.080561155,101.7428135,399
shp_MRT_0,3.080153649,101.7431088,400
shp_MRT_0,3.07976105,101.7434613,401
shp_MRT_0,3.079600109,101.7436843,402
shp_MRT_0,3.079394336,101.7440414,403
shp_MRT_0,3.079295952,101.7444035,404
shp_MRT_0,3.079171914,101.7452191,405
shp_MRT_0,3.079030802,101.746258,406
shp_MRT_0,3.078981671,101.7468397,407
shp_MRT_0,3.078966028,101.7474248,408
shp_MRT_0,3.07890956,101.7480007,409
shp_MRT_0,3.078777261,101.7486788,410
shp_MRT_0,3.078616657,101.7496354,411
shp_MRT_0,3.078344582,101.7505614,412
shp_MRT_0,3.07774288,101.752332,413
shp_MRT_0,3.077160058,101.7539453,414
shp_MRT_0,3.076745152,101.7550466,415
shp_MRT_0,3.076475332,101.7557792,416
shp_MRT_0,3.076235024,101.7565823,417
shp_MRT_0,3.076035043,101.7573293,418
shp_MRT_0,3.075918429,101.7580079,419
shp_MRT_0,3.075746064,101.7589189,420
shp_MRT_0,3.075635902,101.7596018,421
shp_MRT_0,3.075505065,101.7601602,422
shp_MRT_0,3.075319564,101.7606209,423
shp_MRT_0,3.075112747,101.7608975,424
shp_MRT_0,3.074821684,101.761191,425
shp_MRT_0,3.074461413,101.7614285,426
shp_MRT_0,3.073982057,101.7616676,427
shp_MRT_0,3.073356059,101.7620237,428
shp_MRT_0,3.072888487,101.7622609,429
shp_MRT_0,3.072453289,101.7625193,430
shp_MRT_0,3.072046828,101.7628847,431
shp_MRT_0,3.071578013,101.7635517,432
shp_MRT_0,3.070870335,101.7643907,433
shp_MRT_0,3.070219729,101.7652025,434
shp_MRT_0,3.069433125,101.7661377,435
shp_MRT_0,3.068664726,101.7670829,436
shp_MRT_0,3.068096792,101.767721,437
shp_MRT_0,3.067511085,101.7683815,438
shp_MRT_0,3.067080249,101.7689197,439
shp_MRT_0,3.066692335,101.7693023,440
shp_MRT_0,3.066365611,101.7695731,441
shp_MRT_0,3.065771978,101.7700169,442
shp_MRT_0,3.065149755,101.7705212,443
shp_MRT_0,3.064433068,101.7710726,444
shp_MRT_0,3.06364228,101.7717325,445
shp_MRT_0,3.062899302,101.7722961,446
shp_MRT_0,3.062131151,101.7729831,447
shp_MRT_0,3.061228715,101.7736368,448
shp_MRT_0,3.060759219,101.7739374,449
shp_MRT_0,3.060316847,101.7741357,450
shp_MRT_0,3.059804743,101.7742604,451
shp_MRT_0,3.058860234,101.7743722,452
shp_MRT_0,3.058302296,101.7743959,453
shp_MRT_0,3.057770192,101.7743217,454
shp_MRT_0,3.057217327,101.7741854,455
shp_MRT_0,3.056657677,101.7740418,456
shp_MRT_0,3.056070914,101.7739869,457
shp_MRT_0,3.05553426,101.773983,458
shp_MRT_0,3.054402144,101.7739436,459
shp_MRT_0,3.053514111,101.7739077,460
shp_MRT_0,3.052763291,101.7739009,461
shp_MRT_0,3.052202767,101.774032,462
shp_MRT_0,3.051629019,101.7742508,463
shp_MRT_0,3.051149076,101.7745126,464
shp_MRT_0,3.05057477,101.7748275,465
shp_MRT_0,3.050021169,101.7750281,466
shp_MRT_0,3.049487602,101.775103,467
shp_MRT_0,3.049097702,101.775097,468
shp_MRT_0,3.048345154,101.7750969,469
shp_MRT_0,3.047393325,101.7750434,470
shp_MRT_0,3.046695463,101.7750397,471
shp_MRT_0,3.04605794,101.7750472,472
shp_MRT_0,3.045497192,101.775042,473
shp_MRT_0,3.044990235,101.7749491,474
shp_MRT_0,3.044400311,101.7747251,475
shp_MRT_0,3.043479259,101.7742476,476
shp_MRT_0,3.042842396,101.7739353,477
shp_MRT_0,3.041996074,101.773575,478
shp_MRT_0,3.041339544,101.7733834,479
shp_MRT_0,3.040236864,101.7730016,480
shp_MRT_0,3.039790503,101.7728646,481
shp_MRT_0,3.039215116,101.7725962,482
shp_MRT_0,3.038670279,101.7722595,483
shp_MRT_0,3.038275,101.7719923,484
shp_MRT_0,3.037902495,101.7717589,485
shp_MRT_0,3.03740533,101.7715221,486
shp_MRT_0,3.036699437,101.7712542,487
shp_MRT_0,3.035999816,101.7710263,488
shp_MRT_0,3.035189051,101.7706808,489
shp_MRT_0,3.034439528,101.7702187,490
shp_MRT_0,3.033714519,101.7697408,491
shp_MRT_0,3.033219755,101.7694319,492
shp_MRT_0,3.032732651,101.7692184,493
shp_MRT_0,3.032300324,101.7691211,494
shp_MRT_0,3.031833224,101.7691141,495
shp_MRT_0,3.031162155,101.7692145,496
shp_MRT_0,3.030719247,101.7693616,497
shp_MRT_0,3.030199616,101.7696631,498
shp_MRT_0,3.0297896,101.7698686,499
shp_MRT_0,3.029461697,101.7700673,500
shp_MRT_0,3.029069377,101.7702036,501
shp_MRT_0,3.028328159,101.770405,502
shp_MRT_0,3.027758897,101.7705698,503
shp_MRT_0,3.027127373,101.7708035,504
shp_MRT_0,3.026302158,101.7711408,505
shp_MRT_0,3.024074586,101.7720224,506
shp_MRT_0,3.023166749,101.772331,507
shp_MRT_0,3.022278994,101.77265,508
shp_MRT_0,3.021515798,101.7729385,509
shp_MRT_0,3.020753063,101.7732128,510
shp_MRT_0,3.02013606,101.7733601,511
shp_MRT_0,3.019123399,101.7734933,512
shp_MRT_0,3.017947609,101.7736105,513
shp_MRT_0,3.016937991,101.7736826,514
shp_MRT_0,3.016158247,101.7738119,515
shp_MRT_0,3.015660399,101.7739482,516
shp_MRT_0,3.014915025,101.7742072,517
shp_MRT_0,3.013816551,101.7747127,518
shp_MRT_0,3.012143231,101.7754731,519
shp_MRT_0,3.010822252,101.7760145,520
shp_MRT_0,3.00975685,101.776582,521
shp_MRT_0,3.009104097,101.7769174,522
shp_MRT_0,3.008549371,101.7771921,523
shp_MRT_0,3.007930993,101.777502,524
shp_MRT_0,3.007148725,101.777829,525
shp_MRT_0,3.006296286,101.7780979,526
shp_MRT_0,3.005573027,101.7783737,527
shp_MRT_0,3.005031156,101.778649,528
shp_MRT_0,3.004643878,101.7790627,529
shp_MRT_0,3.004342851,101.7795106,530
shp_MRT_0,3.004120127,101.7799145,531
shp_MRT_0,3.003992795,101.7804123,532
shp_MRT_0,3.003883902,101.7809338,533
shp_MRT_0,3.003799679,101.7812671,534
shp_MRT_0,3.003621751,101.781698,535
shp_MRT_0,3.003414919,101.7819673,536
shp_MRT_0,3.003170186,101.7822133,537
shp_MRT_0,3.002934401,101.7823924,538
shp_MRT_0,3.002457273,101.7826873,539
shp_MRT_0,3.002086714,101.7829519,540
shp_MRT_0,3.001770061,101.7832108,541
shp_MRT_0,3.001404587,101.7834803,542
shp_MRT_0,3.00082676,101.7840276,543
shp_MRT_0,2.99986807,101.7847752,544
shp_MRT_0,2.999106465,101.7854075,545
shp_MRT_0,2.998544502,101.785948,546
shp_MRT_0,2.998173302,101.786286,547
shp_MRT_0,2.997864562,101.7864647,548
shp_MRT_0,2.997458752,101.7866245,549
shp_MRT_0,2.996956806,101.7867355,550
shp_MRT_0,2.996468258,101.7867794,551
shp_MRT_0,2.995991132,101.7867418,552
shp_MRT_0,2.995327158,101.7866082,553
shp_MRT_0,2.994729117,101.7864674,554
shp_MRT_0,2.994040682,101.7863253,555
shp_MRT_0,2.993354031,101.7861406,556
shp_MRT_0,2.99291124,101.7860053,557
shp_MRT_0,2.992476037,101.7859248,558
shp_MRT_0,2.991916374,101.7859635,559
shp_MRT_0,2.99145618,101.7860751,560
shp_MRT_0,2.990946883,101.7863572,561
shp_MRT_0,2.99060253,101.7866727,562
shp_MRT_0,2.990360428,101.7869781,563
shp_MRT_0,2.990134381,101.787456,564
shp_MRT_0,2.989875962,101.7880617,565
shp_MRT_0,2.989684305,101.7884555,566
shp_MRT_0,2.989380802,101.7889426,567
shp_MRT_0,2.988988391,101.7893727,568
shp_MRT_0,2.988574865,101.7896945,569
shp_MRT_0,2.988109081,101.78996,570
shp_MRT_0,2.987762362,101.7901104,571
shp_MRT_0,2.987420974,101.7902063,572
shp_MRT_0,2.986971435,101.7903002,573
shp_MRT_0,2.986346375,101.7903825,574
shp_MRT_0,2.985769142,101.7904031,575
shp_MRT_0,2.985245593,101.7903901,576
shp_MRT_0,2.984542382,101.7903504,577
shp_MRT_0,2.983869719,101.7903486,578
shp_MRT_0,2.98288507,101.7903276,579
shp_MRT_0,2.98129958,101.7902826,580
shp_MRT_1,2.98129958,101.7902826,1
shp_MRT_1,2.98288507,101.7903276,2
shp_MRT_1,2.983869719,101.7903486,3
shp_MRT_1,2.984542382,101.7903504,4
shp_MRT_1,2.985245593,101.7903901,5
shp_MRT_1,2.985769142,101.7904031,6
shp_MRT_1,2.986346375,101.7903825,7
shp_MRT_1,2.986971435,101.7903002,8
shp_MRT_1,2.987420974,101.7902063,9
shp_MRT_1,2.987762362,101.7901104,10
shp_MRT_1,2.988109081,101.78996,11
shp_MRT_1,2.988574865,101.7896945,12
shp_MRT_1,2.988988391,101.7893727,13
shp_MRT_1,2.989380802,101.7889426,14
shp_MRT_1,2.989684305,101.7884555,15
shp_MRT_1,2.989875962,101.7880617,16
shp_MRT_1,2.990134381,101.787456,17
shp_MRT_1,2.990360428,101.7869781,18
shp_MRT_1,2.99060253,101.7866727,19
shp_MRT_1,2.990946883,101.7863572,20
shp_MRT_1,2.99145618,101.7860751,21
shp_MRT_1,2.991916374,101.7859635,22
shp_MRT_1,2.992476037,101.7859248,23
shp_MRT_1,2.99291124,101.7860053,24
shp_MRT_1,2.993354031,101.7861406,25
shp_MRT_1,2.994040682,101.7863253,26
shp_MRT_1,2.994729117,101.7864674,27
shp_MRT_1,2.995327158,101.7866082,28
shp_MRT_1,2.995991132,101.7867418,29
shp_MRT_1,2.996468258,101.7867794,30
shp_MRT_1,2.996956806,101.7867355,31
shp_MRT_1,2.997458752,101.7866245,32
shp_MRT_1,2.997864562,101.7864647,33
shp_MRT_1,2.998173302,101.786286,34
shp_MRT_1,2.998544502,101.785948,35
shp_MRT_1,2.999106465,101.7854075,36
shp_MRT_1,2.99986807,101.7847752,37
shp_MRT_1,3.00082676,101.7840276,38
shp_MRT_1,3.001404587,101.7834803,39
shp_MRT_1,3.001770061,101.7832108,40
shp_MRT_1,3.002086714,101.7829519,41
shp_MRT_1,3.002457273,101.7826873,42
shp_MRT_1,3.002934401,101.7823924,43
shp_MRT_1,3.003170186,101.7822133,44
shp_MRT_1,3.003414919,101.7819673,45
shp_MRT_1,3.003621751,101.781698,46
shp_MRT_1,3.003799679,101.7812671,47
shp_MRT_1,3.003883902,101.7809338,48
shp_MRT_1,3.003992795,101.7804123,49
shp_MRT_1,3.004120127,101.7799145,50
shp_MRT_1,3.004342851,101.7795106,51
shp_MRT_1,3.004643878,101.7790627,52
shp_MRT_1,3.005031156,101.778649,53
shp_MRT_1,3.005573027,101.7783737,54
shp_MRT_1,3.006296286,101.7780979,55
shp_MRT_1,3.007148725,101.777829,56
shp_MRT_1,3.007930993,101.777502,57
shp_MRT_1,3.008549371,101.7771921,58
shp_MRT_1,3.009104097,101.7769174,59
shp_MRT_1,3.00975685,101.776582,60
shp_MRT_1,3.010822252,101.7760145,61
shp_MRT_1,3.012143231,101.7754731,62
shp_MRT_1,3.013816551,101.7747127,63
shp_MRT_1,3.014915025,101.7742072,64
shp_MRT_1,3.015660399,101.7739482,65
shp_MRT_1,3.016158247,101.7738119,66
shp_MRT_1,3.016937991,101.7736826,67
shp_MRT_1,3.017947609,101.7736105,68
shp_MRT_1,3.019123399,101.7734933,69
shp_MRT_1,3.02013606,101.7733601,70
shp_MRT_1,3.020753063,101.7732128,71
shp_MRT_1,3.021515798,101.7729385,72
shp_MRT_1,3.022278994,101.77265,73
shp_MRT_1,3.023166749,101.772331,74
shp_MRT_1,3.024074586,101.7720224,75
shp_MRT_1,3.026302158,101.7711408,76
shp_MRT_1,3.027127373,101.7708035,77
shp_MRT_1,3.027758897,101.7705698,78
shp_MRT_1,3.028328159,101.770405,79
shp_MRT_1,3.029069377,101.7702036,80
shp_MRT_1,3.029461697,101.7700673,81
shp_MRT_1,3.0297896,101.7698686,82
shp_MRT_1,3.030199616,101.7696631,83
shp_MRT_1,3.030719247,101.7693616,84
shp_MRT_1,3.031162155,101.7692145,85
shp_MRT_1,3.031833224,101.7691141,86
shp_MRT_1,3.032300324,101.7691211,87
shp_MRT_1,3.032732651,101.7692184,88
shp_MRT_1,3.033219755,101.7694319,89
shp_MRT_1,3.033714519,101.7697408,90
shp_MRT_1,3.034439528,101.7702187,91
shp_MRT_1,3.035189051,101.7706808,92
shp_MRT_1,3.035999816,101.7710263,93
shp_MRT_1,3.036699437,101.7712542,94
shp_MRT_1,3.03740533,101.7715221,95
shp_MRT_1,3.037902495,101.7717589,96
shp_MRT_1,3.038275,101.7719923,97
shp_MRT_1,3.038670279,101.7722595,98
shp_MRT_1,3.039215116,101.7725962,99
shp_MRT_1,3.039790503,101.7728646,100
shp_MRT_1,3.040236864,101.7730016,101
shp_MRT_1,3.041339544,101.7733834,102
shp_MRT_1,3.041996074,101.773575,103
shp_MRT_1,3.042842396,101.7739353,104
shp_MRT_1,3.043479259,101.7742476,105
shp_MRT_1,3.044400311,101.7747251,106
shp_MRT_1,3.044990235,101.7749491,107
shp_MRT_1,3.045497192,101.775042,108
shp_MRT_1,3.04605794,101.7750472,109
shp_MRT_1,3.046695463,101.7750397,110
shp_MRT_1,3.047393325,101.7750434,111
shp_MRT_1,3.048345154,101.7750969,112
shp_MRT_1,3.049097702,101.775097,113
shp_MRT_1,3.049487602,101.775103,114
shp_MRT_1,3.050021169,101.7750281,115
shp_MRT_1,3.05057477,101.7748275,116
shp_MRT_1,3.051149076,101.7745126,117
shp_MRT_1,3.051629019,101.7742508,118
shp_MRT_1,3.052202767,101.774032,119
shp_MRT_1,3.052763291,101.7739009,120
shp_MRT_1,3.053514111,101.7739077,121
shp_MRT_1,3.054402144,101.7739436,122
shp_MRT_1,3.05553426,101.773983,123
shp_MRT_1,3.056070914,101.7739869,124
shp_MRT_1,3.056657677,101.7740418,125
shp_MRT_1,3.057217327,101.7741854,126
shp_MRT_1,3.057770192,101.7743217,127
shp_MRT_1,3.058302296,101.7743959,128
shp_MRT_1,3.058860234,101.7743722,129
shp_MRT_1,3.059804743,101.7742604,130
shp_MRT_1,3.060316847,101.7741357,131
shp_MRT_1,3.060759219,101.7739374,132
shp_MRT_1,3.061228715,101.7736368,133
shp_MRT_1,3.062131151,101.7729831,134
shp_MRT_1,3.062899302,101.7722961,135
shp_MRT_1,3.06364228,101.7717325,136
shp_MRT_1,3.064433068,101.7710726,137
shp_MRT_1,3.065149755,101.7705212,138
shp_MRT_1,3.065771978,101.7700169,139
shp_MRT_1,3.066365611,101.7695731,140
shp_MRT_1,3.066692335,101.7693023,141
shp_MRT_1,3.067080249,101.7689197,142
shp_MRT_1,3.067511085,101.7683815,143
shp_MRT_1,3.068096792,101.767721,144
shp_MRT_1,3.068664726,101.7670829,145
shp_MRT_1,3.069433125,101.7661377,146
shp_MRT_1,3.070219729,101.7652025,147
shp_MRT_1,3.070870335,101.7643907,148
shp_MRT_1,3.071578013,101.7635517,149
shp_MRT_1,3.072046828,101.7628847,150
shp_MRT_1,3.072453289,101.7625193,151
shp_MRT_1,3.072888487,101.7622609,152
shp_MRT_1,3.073356059,101.7620237,153
shp_MRT_1,3.073982057,101.7616676,154
shp_MRT_1,3.074461413,101.7614285,155
shp_MRT_1,3.074821684,101.761191,156
shp_MRT_1,3.075112747,101.7608975,157
shp_MRT_1,3.075319564,101.7606209,158
shp_MRT_1,3.075505065,101.7601602,159
shp_MRT_1,3.075635902,101.7596018,160
shp_MRT_1,3.075746064,101.7589189,161
shp_MRT_1,3.075918429,101.7580079,162
shp_MRT_1,3.076035043,101.7573293,163
shp_MRT_1,3.076235024,101.7565823,164
shp_MRT_1,3.076475332,101.7557792,165
shp_MRT_1,3.076745152,101.7550466,166
shp_MRT_1,3.077160058,101.7539453,167
shp_MRT_1,3.07774288,101.752332,168
shp_MRT_1,3.078344582,101.7505614,169
shp_MRT_1,3.078616657,101.7496354,170
shp_MRT_1,3.078777261,101.7486788,171
shp_MRT_1,3.07890956,101.7480007,172
shp_MRT_1,3.078966028,101.7474248,173
shp_MRT_1,3.078981671,101.7468397,174
shp_MRT_1,3.079030802,101.746258,175
shp_MRT_1,3.079171914,101.7452191,176
shp_MRT_1,3.079295952,101.7444035,177
shp_MRT_1,3.079394336,101.7440414,178
shp_MRT_1,3.079600109,101.7436843,179
shp_MRT_1,3.07976105,101.7434613,180
shp_MRT_1,3.080153649,101.7431088,181
shp_MRT_1,3.080561155,101.7428135,182
shp_MRT_1,3.080988257,101.7425652,183
shp_MRT_1,3.08157361,101.7423579,184
shp_MRT_1,3.082241056,101.7422403,185
shp_MRT_1,3.083253349,101.7421912,186
shp_MRT_1,3.084294876,101.7421671,187
shp_MRT_1,3.085011786,101.7421297,188
shp_MRT_1,3.085403204,101.7420725,189
shp_MRT_1,3.086315687,101.7418086,190
shp_MRT_1,3.086915734,101.7416326,191
shp_MRT_1,3.087941086,101.7414652,192
shp_MRT_1,3.088890692,101.7411343,193
shp_MRT_1,3.090206889,101.7407199,194
shp_MRT_1,3.091451074,101.7403615,195
shp_MRT_1,3.092571999,101.7399709,196
shp_MRT_1,3.093451781,101.739671,197
shp_MRT_1,3.094494215,101.7392504,198
shp_MRT_1,3.09518027,101.7389545,199
shp_MRT_1,3.095851449,101.7387091,200
shp_MRT_1,3.096666618,101.7384604,201
shp_MRT_1,3.097450421,101.7381486,202
shp_MRT_1,3.098004006,101.7377816,203
shp_MRT_1,3.098789069,101.7371284,204
shp_MRT_1,3.099800007,101.7362524,205
shp_MRT_1,3.100680096,101.735464,206
shp_MRT_1,3.101662605,101.7345464,207
shp_MRT_1,3.102403343,101.733832,208
shp_MRT_1,3.103012346,101.7332632,209
shp_MRT_1,3.103680005,101.7327603,210
shp_MRT_1,3.104505091,101.7321862,211
shp_MRT_1,3.105269405,101.7316999,212
shp_MRT_1,3.105630318,101.7314871,213
shp_MRT_1,3.105963732,101.731359,214
shp_MRT_1,3.106472913,101.7312362,215
shp_MRT_1,3.107261534,101.7309793,216
shp_MRT_1,3.108134721,101.7307088,217
shp_MRT_1,3.11033514,101.7300557,218
shp_MRT_1,3.111924834,101.7295483,219
shp_MRT_1,3.112653107,101.7293353,220
shp_MRT_1,3.113399629,101.7291092,221
shp_MRT_1,3.114045232,101.7288407,222
shp_MRT_1,3.114512228,101.7283347,223
shp_MRT_1,3.114877328,101.7277253,224
shp_MRT_1,3.115288649,101.726976,225
shp_MRT_1,3.115898955,101.7259146,226
shp_MRT_1,3.116258673,101.7253434,227
shp_MRT_1,3.116705612,101.7249162,228
shp_MRT_1,3.117271554,101.7246721,229
shp_MRT_1,3.117941034,101.724651,230
shp_MRT_1,3.118489341,101.7247999,231
shp_MRT_1,3.119289596,101.7252687,232
shp_MRT_1,3.119757767,101.7256223,233
shp_MRT_1,3.120199618,101.7262284,234
shp_MRT_1,3.120335618,101.7266504,235
shp_MRT_1,3.120648612,101.7275102,236
shp_MRT_1,3.121063699,101.7279803,237
shp_MRT_1,3.121448083,101.7281974,238
shp_MRT_1,3.121992056,101.7283285,239
shp_MRT_1,3.122600829,101.728327,240
shp_MRT_1,3.123107551,101.7281605,241
shp_MRT_1,3.123447164,101.7279984,242
shp_MRT_1,3.124317151,101.7275284,243
shp_MRT_1,3.125085179,101.727057,244
shp_MRT_1,3.125707077,101.7265744,245
shp_MRT_1,3.126551129,101.726053,246
shp_MRT_1,3.127553211,101.72536,247
shp_MRT_1,3.129049306,101.7244067,248
shp_MRT_1,3.129917981,101.7238463,249
shp_MRT_1,3.130251499,101.7235679,250
shp_MRT_1,3.130551794,101.7233684,251
shp_MRT_1,3.13085169,101.7232916,252
shp_MRT_1,3.131348099,101.7231457,253
shp_MRT_1,3.131837222,101.723002,254
shp_MRT_1,3.132335162,101.7228885,255
shp_MRT_1,3.133212899,101.7226533,256
shp_MRT_1,3.134838212,101.7222312,257
shp_MRT_1,3.136261497,101.7218363,258
shp_MRT_1,3.137296023,101.7215125,259
shp_MRT_1,3.138341816,101.7211649,260
shp_MRT_1,3.139425379,101.7208116,261
shp_MRT_1,3.140704723,101.7203964,262
shp_MRT_1,3.141543868,101.7201291,263
shp_MRT_1,3.142262632,101.719882,264
shp_MRT_1,3.14312575,101.7196627,265
shp_MRT_1,3.144040349,101.7193752,266
shp_MRT_1,3.144834914,101.7190694,267
shp_MRT_1,3.145625972,101.7187623,268
shp_MRT_1,3.146253468,101.7185301,269
shp_MRT_1,3.146798691,101.7183116,270
shp_MRT_1,3.147113008,101.7180724,271
shp_MRT_1,3.147377543,101.7177591,272
shp_MRT_1,3.147638919,101.7173616,273
shp_MRT_1,3.147810072,101.7169856,274
shp_MRT_1,3.147991086,101.7165061,275
shp_MRT_1,3.148083892,101.7159006,276
shp_MRT_1,3.148068586,101.7154073,277
shp_MRT_1,3.148047929,101.714767,278
shp_MRT_1,3.147974702,101.7141451,279
shp_MRT_1,3.147945146,101.7137144,280
shp_MRT_1,3.147878343,101.7132854,281
shp_MRT_1,3.147728611,101.71281,282
shp_MRT_1,3.147365957,101.7122225,283
shp_MRT_1,3.147000315,101.711692,284
shp_MRT_1,3.146676813,101.7113335,285
shp_MRT_1,3.146119222,101.7105613,286
shp_MRT_1,3.14575203,101.7100188,287
shp_MRT_1,3.145368113,101.7095332,288
shp_MRT_1,3.145031985,101.7090887,289
shp_MRT_1,3.144441736,101.7082878,290
shp_MRT_1,3.14418827,101.7078902,291
shp_MRT_1,3.144002038,101.7073854,292
shp_MRT_1,3.143819664,101.7068288,293
shp_MRT_1,3.143676865,101.7065769,294
shp_MRT_1,3.14349293,101.7063926,295
shp_MRT_1,3.143227021,101.706201,296
shp_MRT_1,3.142961514,101.7060844,297
shp_MRT_1,3.142620589,101.7059866,298
shp_MRT_1,3.142342711,101.7059185,299
shp_MRT_1,3.141949672,101.7057008,300
shp_MRT_1,3.141597669,101.7053623,301
shp_MRT_1,3.141380846,101.7050646,302
shp_MRT_1,3.141197594,101.7047459,303
shp_MRT_1,3.141088924,101.704447,304
shp_MRT_1,3.141082258,101.7040664,305
shp_MRT_1,3.14117091,101.7035984,306
shp_MRT_1,3.141327017,101.7032001,307
shp_MRT_1,3.141509555,101.7029226,308
shp_MRT_1,3.141773191,101.702417,309
shp_MRT_1,3.142088004,101.7018313,310
shp_MRT_1,3.142381204,101.701287,311
shp_MRT_1,3.1426032,101.7007581,312
shp_MRT_1,3.142705965,101.7000628,313
shp_MRT_1,3.142710983,101.699443,314
shp_MRT_1,3.1426831,101.6989209,315
shp_MRT_1,3.142673586,101.6985893,316
shp_MRT_1,3.142609659,101.6982225,317
shp_MRT_1,3.142519567,101.6977128,318
shp_MRT_1,3.142448379,101.6971663,319
shp_MRT_1,3.142391932,101.6966706,320
shp_MRT_1,3.142337336,101.696123,321
shp_MRT_1,3.142293265,101.6955642,322
shp_MRT_1,3.142201732,101.6949751,323
shp_MRT_1,3.142083731,101.6945895,324
shp_MRT_1,3.141848451,101.6941224,325
shp_MRT_1,3.141463462,101.6937597,326
shp_MRT_1,3.140915642,101.6934789,327
shp_MRT_1,3.140382431,101.693289,328
shp_MRT_1,3.139836249,101.6931324,329
shp_MRT_1,3.139114547,101.6928407,330
shp_MRT_1,3.138705656,101.6926497,331
shp_MRT_1,3.138289782,101.6922535,332
shp_MRT_1,3.138023071,101.6917098,333
shp_MRT_1,3.137865887,101.6911268,334
shp_MRT_1,3.137655969,101.690018,335
shp_MRT_1,3.137416518,101.688934,336
shp_MRT_1,3.137245737,101.6880521,337
shp_MRT_1,3.13720465,101.6876418,338
shp_MRT_1,3.137190983,101.6869295,339
shp_MRT_1,3.137190852,101.6863395,340
shp_MRT_1,3.137403163,101.6857894,341
shp_MRT_1,3.137691205,101.6853216,342
shp_MRT_1,3.137930703,101.6848085,343
shp_MRT_1,3.138142369,101.6840911,344
shp_MRT_1,3.138524363,101.6831874,345
shp_MRT_1,3.138983877,101.6822557,346
shp_MRT_1,3.139405582,101.6816298,347
shp_MRT_1,3.139951646,101.6810335,348
shp_MRT_1,3.14064708,101.6802253,349
shp_MRT_1,3.141228872,101.67962,350
shp_MRT_1,3.141776209,101.6791616,351
shp_MRT_1,3.142233306,101.6788389,352
shp_MRT_1,3.142653642,101.6785745,353
shp_MRT_1,3.143551606,101.6783359,354
shp_MRT_1,3.144165624,101.6781402,355
shp_MRT_1,3.144758518,101.677903,356
shp_MRT_1,3.14534997,101.6776649,357
shp_MRT_1,3.14673804,101.67719,358
shp_MRT_1,3.14736498,101.6769629,359
shp_MRT_1,3.14792199,101.676623,360
shp_MRT_1,3.148398,101.6761601,361
shp_MRT_1,3.14893602,101.6755949,362
shp_MRT_1,3.14967996,101.674858,363
shp_MRT_1,3.15023301,101.674453,364
shp_MRT_1,3.15085401,101.674031,365
shp_MRT_1,3.15131004,101.6736952,366
shp_MRT_1,3.15156303,101.673409,367
shp_MRT_1,3.15179496,101.6729971,368
shp_MRT_1,3.15189504,101.6725849,369
shp_MRT_1,3.15188703,101.6721349,370
shp_MRT_1,3.151791,101.671745,371
shp_MRT_1,3.15159003,101.6713289,372
shp_MRT_1,3.15123498,101.6706431,373
shp_MRT_1,3.15091197,101.6699962,374
shp_MRT_1,3.15058797,101.669328,375
shp_MRT_1,3.15048798,101.668855,376
shp_MRT_1,3.15047502,101.6684651,377
shp_MRT_1,3.15052299,101.66809,378
shp_MRT_1,3.15069102,101.6676922,379
shp_MRT_1,3.15094401,101.6672951,380
shp_MRT_1,3.15113697,101.6669599,381
shp_MRT_1,3.15125001,101.6666831,382
shp_MRT_1,3.15128898,101.666318,383
shp_MRT_1,3.15120897,101.6659181,384
shp_MRT_1,3.15081801,101.6647639,385
shp_MRT_1,3.15069102,101.664347,386
shp_MRT_1,3.15047097,101.6640241,387
shp_MRT_1,3.15008001,101.6637419,388
shp_MRT_1,3.14954901,101.6635831,389
shp_MRT_1,3.14899704,101.663577,390
shp_MRT_1,3.14816499,101.663595,391
shp_MRT_1,3.14729397,101.663644,392
shp_MRT_1,3.14692497,101.6637451,393
shp_MRT_1,3.14639199,101.6639392,394
shp_MRT_1,3.14596296,101.6641282,395
shp_MRT_1,3.14552601,101.6642279,396
shp_MRT_1,3.14504298,101.6642362,397
shp_MRT_1,3.14450901,101.6640202,398
shp_MRT_1,3.14409501,101.6637559,399
shp_MRT_1,3.14384103,101.6634499,400
shp_MRT_1,3.14359002,101.6629358,401
shp_MRT_1,3.14317197,101.6618468,402
shp_MRT_1,3.14299701,101.6614271,403
shp_MRT_1,3.14262801,101.660936,404
shp_MRT_1,3.14220204,101.6604821,405
shp_MRT_1,3.14142903,101.659792,406
shp_MRT_1,3.14057601,101.6590432,407
shp_MRT_1,3.13988697,101.6586169,408
shp_MRT_1,3.13896996,101.6582389,409
shp_MRT_1,3.13801002,101.657916,410
shp_MRT_1,3.13745301,101.6576258,411
shp_MRT_1,3.137058,101.657353,412
shp_MRT_1,3.13669296,101.656885,413
shp_MRT_1,3.13643304,101.656269,414
shp_MRT_1,3.13621101,101.6554612,415
shp_MRT_1,3.13598601,101.6544949,416
shp_MRT_1,3.135726,101.653866,417
shp_MRT_1,3.13538598,101.653218,418
shp_MRT_1,3.13502004,101.6526089,419
shp_MRT_1,3.13457499,101.6520239,420
shp_MRT_1,3.13387002,101.651233,421
shp_MRT_1,3.13294599,101.6502059,422
shp_MRT_1,3.13197399,101.6491021,423
shp_MRT_1,3.13142301,101.6484952,424
shp_MRT_1,3.13089003,101.6480171,425
shp_MRT_1,3.13000902,101.6473871,426
shp_MRT_1,3.12924699,101.646913,427
shp_MRT_1,3.128715,101.6464072,428
shp_MRT_1,3.12839604,101.645816,429
shp_MRT_1,3.12828696,101.645262,430
shp_MRT_1,3.12831504,101.6447648,431
shp_MRT_1,3.12853599,101.64416,432
shp_MRT_1,3.12913899,101.6431672,433
shp_MRT_1,3.12987096,101.6419028,434
shp_MRT_1,3.13017201,101.6411962,435
shp_MRT_1,3.13030701,101.6407912,436
shp_MRT_1,3.13057404,101.6400139,437
shp_MRT_1,3.13093296,101.639241,438
shp_MRT_1,3.13125696,101.6385941,439
shp_MRT_1,3.13167798,101.637869,440
shp_MRT_1,3.13214301,101.6371012,441
shp_MRT_1,3.13246098,101.6364802,442
shp_MRT_1,3.13270398,101.6359009,443
shp_MRT_1,3.13296102,101.6350589,444
shp_MRT_1,3.13322103,101.634219,445
shp_MRT_1,3.133575,101.6336272,446
shp_MRT_1,3.13447896,101.632581,447
shp_MRT_1,3.13566399,101.6312501,448
shp_MRT_1,3.13701696,101.6297258,449
shp_MRT_1,3.13763103,101.6289839,450
shp_MRT_1,3.13823196,101.6281591,451
shp_MRT_1,3.13904601,101.62759,452
shp_MRT_1,3.13994601,101.6269909,453
shp_MRT_1,3.14065404,101.6265712,454
shp_MRT_1,3.14109504,101.6262439,455
shp_MRT_1,3.14150697,101.6256802,456
shp_MRT_1,3.14170299,101.6250502,457
shp_MRT_1,3.14179101,101.6244781,458
shp_MRT_1,3.14197497,101.6237981,459
shp_MRT_1,3.14212896,101.6233661,460
shp_MRT_1,3.14245404,101.6229679,461
shp_MRT_1,3.14319996,101.6221601,462
shp_MRT_1,3.14370297,101.621565,463
shp_MRT_1,3.14398197,101.6211859,464
shp_MRT_1,3.14421696,101.6206211,465
shp_MRT_1,3.14443197,101.620229,466
shp_MRT_1,3.144744,101.6198978,467
shp_MRT_1,3.14532999,101.6195159,468
shp_MRT_1,3.14775702,101.618132,469
shp_MRT_1,3.14957898,101.617038,470
shp_MRT_1,3.15136998,101.616008,471
shp_MRT_1,3.15328104,101.6148751,472
shp_MRT_1,3.15426303,101.6142689,473
shp_MRT_1,3.15476802,101.6137462,474
shp_MRT_1,3.15503199,101.613334,475
shp_MRT_1,3.15522801,101.6128231,476
shp_MRT_1,3.15529497,101.611215,477
shp_MRT_1,3.15524898,101.6079901,478
shp_MRT_1,3.15523602,101.606337,479
shp_MRT_1,3.15514098,101.6052991,480
shp_MRT_1,3.155004,101.604658,481
shp_MRT_1,3.15462897,101.6039498,482
shp_MRT_1,3.15414999,101.603461,483
shp_MRT_1,3.15340803,101.6029631,484
shp_MRT_1,3.15245403,101.6024018,485
shp_MRT_1,3.15147402,101.601774,486
shp_MRT_1,3.15075402,101.6010119,487
shp_MRT_1,3.14994501,101.6001299,488
shp_MRT_1,3.14953101,101.599366,489
shp_MRT_1,3.149406,101.598719,490
shp_MRT_1,3.14938503,101.5976452,491
shp_MRT_1,3.14947701,101.596662,492
shp_MRT_1,3.14960598,101.5955888,493
shp_MRT_1,3.14969301,101.592616,494
shp_MRT_1,3.14979804,101.5896949,495
shp_MRT_1,3.14988696,101.5878161,496
shp_MRT_1,3.15008397,101.5829431,497
shp_MRT_1,3.15023103,101.5800779,498
shp_MRT_1,3.15029898,101.5779571,499
shp_MRT_1,3.15036702,101.577442,500
shp_MRT_1,3.150495,101.5769009,501
shp_MRT_1,3.15074097,101.5764638,502
shp_MRT_1,3.15111501,101.5760048,503
shp_MRT_1,3.15179298,101.5755059,504
shp_MRT_1,3.15336096,101.5744759,505
shp_MRT_1,3.15497898,101.5734049,506
shp_MRT_1,3.15567396,101.572983,507
shp_MRT_1,3.15648702,101.5727029,508
shp_MRT_1,3.15726399,101.572443,509
shp_MRT_1,3.15778401,101.572101,510
shp_MRT_1,3.15821403,101.571664,511
shp_MRT_1,3.15874602,101.5709378,512
shp_MRT_1,3.15966096,101.569716,513
shp_MRT_1,3.16016199,101.5691789,514
shp_MRT_1,3.16087902,101.5685309,515
shp_MRT_1,3.162627,101.5669429,516
shp_MRT_1,3.16413297,101.565612,517
shp_MRT_1,3.16461402,101.565175,518
shp_MRT_1,3.16549899,101.5643891,519
shp_MRT_1,3.16616301,101.5639852,520
shp_MRT_1,3.16686204,101.563789,521
shp_MRT_1,3.16755999,101.563789,522
shp_MRT_1,3.16813104,101.563898,523
shp_MRT_1,3.16877103,101.5642429,524
shp_MRT_1,3.16969704,101.5647142,525
shp_MRT_1,3.17281797,101.5665682,526
shp_MRT_1,3.17449899,101.5675538,527
shp_MRT_1,3.17496798,101.5679509,528
shp_MRT_1,3.17540799,101.5686389,529
shp_MRT_1,3.17564298,101.569689,530
shp_MRT_1,3.17626398,101.5719131,531
shp_MRT_1,3.17691396,101.573807,532
shp_MRT_1,3.17733804,101.5746952,533
shp_MRT_1,3.17775996,101.5753619,534
shp_MRT_1,3.178557,101.5760801,535
shp_MRT_1,3.17948499,101.5766431,536
shp_MRT_1,3.18088899,101.577154,537
shp_MRT_1,3.182931,101.577973,538
shp_MRT_1,3.18463002,101.5786642,539
shp_MRT_1,3.18531996,101.5789399,540
shp_MRT_1,3.18611898,101.579224,541
shp_MRT_1,3.18681504,101.5791829,542
shp_MRT_1,3.18724596,101.579063,543
shp_MRT_1,3.18762099,101.5788481,544
shp_MRT_1,3.18828303,101.5784572,545
shp_MRT_1,3.18884796,101.5782901,546
shp_MRT_1,3.18939903,101.57828,547
shp_MRT_1,3.19008699,101.5785022,548
shp_MRT_1,3.19065597,101.5786778,549
shp_MRT_1,3.19123899,101.5788301,550
shp_MRT_1,3.19179402,101.5787768,551
shp_MRT_1,3.192714,101.5785068,552
shp_MRT_1,3.19400703,101.578162,553
shp_MRT_1,3.194829,101.5780381,554
shp_MRT_1,3.195657,101.578145,555
shp_MRT_1,3.19720698,101.578401,556
shp_MRT_1,3.19813497,101.57859,557
shp_MRT_1,3.19855203,101.578676,558
shp_MRT_1,3.19914297,101.5786879,559
shp_MRT_1,3.20024304,101.578585,560
shp_MRT_1,3.20135796,101.5784939,561
shp_MRT_1,3.201876,101.5784921,562
shp_MRT_1,3.20243904,101.5785878,563
shp_MRT_1,3.20338701,101.578676,564
shp_MRT_1,3.20424399,101.5786372,565
shp_MRT_1,3.20488803,101.5785788,566
shp_MRT_1,3.20545404,101.578662,567
shp_MRT_1,3.206034,101.5789748,568
shp_MRT_1,3.20638599,101.5794248,569
shp_MRT_1,3.20657499,101.5798201,570
shp_MRT_1,3.20663898,101.580161,571
shp_MRT_1,3.20665797,101.5805149,572
shp_MRT_1,3.20653998,101.5810949,573
shp_MRT_1,3.20633604,101.5818322,574
shp_MRT_1,3.20607999,101.5825889,575
shp_MRT_1,3.20599404,101.582865,576
shp_MRT_1,3.20577102,101.583374,577
shp_MRT_1,3.20558796,101.5836851,578
shp_MRT_1,3.20428197,101.5855268,579
shp_MRT_1,3.20351301,101.5866659,580
shp_MR_0,3.132852,101.687817,1
shp_MR_0,3.132589,101.688041,2
shp_MR_0,3.131715,101.688783,3
shp_MR_0,3.131424,101.688958,4
shp_MR_0,3.130795,101.689255,5
shp_MR_0,3.130417,101.689494,6
shp_MR_0,3.130169,101.689673,7
shp_MR_0,3.13009,101.689829,8
shp_MR_0,3.130084,101.690064,9
shp_MR_0,3.130122,101.690288,10
shp_MR_0,3.130324,101.690546,11
shp_MR_0,3.130661,101.690715,12
shp_MR_0,3.131408,101.690919,13
shp_MR_0,3.131785,101.691082,14
shp_MR_0,3.13193,101.691178,15
shp_MR_0,3.132172,101.691324,16
shp_MR_0,3.132413,101.691554,17
shp_MR_0,3.132671,101.691858,18
shp_MR_0,3.132788,101.692087,19
shp_MR_0,3.132849,101.692289,20
shp_MR_0,3.132893,101.69258,21
shp_MR_0,3.132954,101.692978,22
shp_MR_0,3.133009,101.693252,23
shp_MR_0,3.133048,101.69342,24
shp_MR_0,3.133199,101.693633,25
shp_MR_0,3.133384,101.693819,26
shp_MR_0,3.133586,101.693948,27
shp_MR_0,3.133879,101.694038,28
shp_MR_0,3.134193,101.69409,29
shp_MR_0,3.134694,101.694164,30
shp_MR_0,3.134975,101.694204,31
shp_MR_0,3.135751,101.694189,32
shp_MR_0,3.136364,101.694253,33
shp_MR_0,3.136684,101.694315,34
shp_MR_0,3.136813,101.694366,35
shp_MR_0,3.137055,101.694468,36
shp_MR_0,3.137268,101.694647,37
shp_MR_0,3.137458,101.694978,38
shp_MR_0,3.137699,101.695287,39
shp_MR_0,3.137895,101.695489,40
shp_MR_0,3.138288,101.695792,41
shp_MR_0,3.139154,101.696456,42
shp_MR_0,3.1396,101.696951,43
shp_MR_0,3.139718,101.697327,44
shp_MR_0,3.139733,101.697582,45
shp_MR_0,3.139709,101.697951,46
shp_MR_0,3.139693,101.698141,47
shp_MR_0,3.139629,101.698393,48
shp_MR_0,3.139415,101.698665,49
shp_MR_0,3.138995,101.699131,50
shp_MR_0,3.138893,101.699255,51
shp_MR_0,3.138401,101.699853,52
shp_MR_0,3.138024,101.700282,53
shp_MR_0,3.137855,101.700497,54
shp_MR_0,3.13768,101.700809,55
shp_MR_0,3.137433,101.701556,56
shp_MR_0,3.137149,101.702504,57
shp_MR_0,3.137003,101.702994,58
shp_MR_0,3.136992,101.703095,59
shp_MR_0,3.13699,101.7032,60
shp_MR_0,3.136991,101.703286,61
shp_MR_0,3.137005,101.703403,62
shp_MR_0,3.137034,101.7035,63
shp_MR_0,3.137082,101.703658,64
shp_MR_0,3.137159,101.703822,65
shp_MR_0,3.137289,101.704028,66
shp_MR_0,3.137339,101.704084,67
shp_MR_0,3.137621,101.704271,68
shp_MR_0,3.138066,101.704576,69
shp_MR_0,3.138505,101.704869,70
shp_MR_0,3.138825,101.705064,71
shp_MR_0,3.139058,101.705157,72
shp_MR_0,3.139231,101.705212,73
shp_MR_0,3.139503,101.705261,74
shp_MR_0,3.13972,101.705299,75
shp_MR_0,3.139953,101.705381,76
shp_MR_0,3.140197,101.705512,77
shp_MR_0,3.140566,101.705853,78
shp_MR_0,3.14079,101.706104,79
shp_MR_0,3.141064,101.706412,80
shp_MR_0,3.141491,101.706964,81
shp_MR_0,3.141978,101.707647,82
shp_MR_0,3.142308,101.708146,83
shp_MR_0,3.142524,101.708492,84
shp_MR_0,3.142744,101.709136,85
shp_MR_0,3.142906,101.709621,86
shp_MR_0,3.142965,101.709797,87
shp_MR_0,3.14316,101.710559,88
shp_MR_0,3.143362,101.711241,89
shp_MR_0,3.143475,101.711712,90
shp_MR_0,3.143529,101.711869,91
shp_MR_0,3.143637,101.712041,92
shp_MR_0,3.143809,101.712149,93
shp_MR_0,3.144033,101.712162,94
shp_MR_0,3.144283,101.712071,95
shp_MR_0,3.144604,101.711975,96
shp_MR_0,3.145028,101.711825,97
shp_MR_0,3.145447,101.711696,98
shp_MR_0,3.145958,101.711541,99
shp_MR_0,3.146015,101.711523,100
shp_MR_0,3.146273,101.711444,101
shp_MR_0,3.146703,101.711311,102
shp_MR_0,3.147116,101.711128,103
shp_MR_0,3.147497,101.710999,104
shp_MR_0,3.147711,101.710979,105
shp_MR_0,3.148115,101.71098,106
shp_MR_0,3.148468,101.710987,107
shp_MR_0,3.148915,101.711001,108
shp_MR_0,3.149312,101.710996,109
shp_MR_0,3.149517,101.710978,110
shp_MR_0,3.149678,101.710911,111
shp_MR_0,3.149902,101.710806,112
shp_MR_0,3.150138,101.710678,113
shp_MR_0,3.150436,101.710573,114
shp_MR_0,3.150756,101.710454,115
shp_MR_0,3.150896,101.710402,116
shp_MR_0,3.151393,101.710224,117
shp_MR_0,3.151902,101.710028,118
shp_MR_0,3.152244,101.709862,119
shp_MR_0,3.152493,101.709653,120
shp_MR_0,3.152754,101.70937,121
shp_MR_0,3.152953,101.709111,122
shp_MR_0,3.153066,101.70892,123
shp_MR_0,3.153215,101.708609,124
shp_MR_0,3.153453,101.708205,125
shp_MR_0,3.153633,101.707977,126
shp_MR_0,3.154007,101.707622,127
shp_MR_0,3.154175,101.707479,128
shp_MR_0,3.154461,101.707121,129
shp_MR_0,3.154941,101.706524,130
shp_MR_0,3.155059,101.706277,131
shp_MR_0,3.155147,101.70595,132
shp_MR_0,3.155285,101.705666,133
shp_MR_0,3.155503,101.705389,134
shp_MR_0,3.155689,101.705211,135
shp_MR_0,3.155864,101.705082,136
shp_MR_0,3.156112,101.704922,137
shp_MR_0,3.156188,101.704879,138
shp_MR_0,3.156479,101.704713,139
shp_MR_0,3.156783,101.704566,140
shp_MR_0,3.157057,101.704431,141
shp_MR_0,3.157274,101.704283,142
shp_MR_0,3.157517,101.704105,143
shp_MR_0,3.157785,101.703846,144
shp_MR_0,3.157978,101.703587,145
shp_MR_0,3.158167,101.703314,146
shp_MR_0,3.158472,101.702649,147
shp_MR_0,3.158744,101.701822,148
shp_MR_0,3.158963,101.701102,149
shp_MR_0,3.159105,101.700576,150
shp_MR_0,3.159171,101.700125,151
shp_MR_0,3.159251,101.699281,152
shp_MR_0,3.159274,101.698936,153
shp_MR_0,3.159295,101.698631,154
shp_MR_0,3.159339,101.698201,155
shp_MR_0,3.159481,101.697783,156
shp_MR_0,3.159654,101.697368,157
shp_MR_0,3.159774,101.697246,158
shp_MR_0,3.159958,101.697118,159
shp_MR_0,3.160131,101.697064,160
shp_MR_0,3.160269,101.697049,161
shp_MR_0,3.160455,101.69708,162
shp_MR_0,3.16131,101.697429,163
shp_MR_0,3.161905,101.697702,164
shp_MR_0,3.162209,101.697839,165
shp_MR_0,3.162426,101.697901,166
shp_MR_0,3.162841,101.69797,167
shp_MR_0,3.16343,101.698052,168
shp_MR_0,3.16459,101.698198,169
shp_MR_0,3.165892,101.698313,170
shp_MR_0,3.167368,101.698441,171
shp_MR_0,3.168752,101.698426,172
shp_MR_0,3.170148,101.698412,173
shp_MR_0,3.170371,101.698431,174
shp_MR_0,3.170892,101.698581,175
shp_MR_0,3.171821,101.698861,176
shp_MR_0,3.172633,101.699074,177
shp_MR_0,3.173111,101.699236,178
shp_MR_0,3.173342,101.699319,179
shp_MR_0,3.173444,101.699315,180
shp_MR_0,3.173566,101.699279,181
shp_MR_0,3.17372,101.699179,182
shp_MR_0,3.173904,101.699018,183
shp_MR_0,3.173968,101.698868,184
shp_MR_0,3.174002,101.698653,185
shp_MR_0,3.17396,101.69832,186
shp_MR_0,3.173897,101.697933,187
shp_MR_0,3.173844,101.697642,188
shp_MR_0,3.173715,101.697201,189
shp_MR_0,3.173522,101.696643,190
shp_MR_0,3.173249,101.696026,191
shp_MR_0,3.173152,101.695806,192
shp_MR_1,3.173152,101.695806,1
shp_MR_1,3.173249,101.696026,2
shp_MR_1,3.173522,101.696643,3
shp_MR_1,3.173715,101.697201,4
shp_MR_1,3.173844,101.697642,5
shp_MR_1,3.173897,101.697933,6
shp_MR_1,3.17396,101.69832,7
shp_MR_1,3.174002,101.698653,8
shp_MR_1,3.173968,101.698868,9
shp_MR_1,3.173904,101.699018,10
shp_MR_1,3.17372,101.699179,11
shp_MR_1,3.173566,101.699279,12
shp_MR_1,3.173444,101.699315,13
shp_MR_1,3.173342,101.699319,14
shp_MR_1,3.173111,101.699236,15
shp_MR_1,3.172633,101.699074,16
shp_MR_1,3.171821,101.698861,17
shp_MR_1,3.170892,101.698581,18
shp_MR_1,3.170371,101.698431,19
shp_MR_1,3.170148,101.698412,20
shp_MR_1,3.168752,101.698426,21
shp_MR_1,3.167368,101.698441,22
shp_MR_1,3.165892,101.698313,23
shp_MR_1,3.16459,101.698198,24
shp_MR_1,3.16343,101.698052,25
shp_MR_1,3.162841,101.69797,26
shp_MR_1,3.162426,101.697901,27
shp_MR_1,3.162209,101.697839,28
shp_MR_1,3.161905,101.697702,29
shp_MR_1,3.16131,101.697429,30
shp_MR_1,3.160455,101.69708,31
shp_MR_1,3.160269,101.697049,32
shp_MR_1,3.160131,101.697064,33
shp_MR_1,3.159958,101.697118,34
shp_MR_1,3.159774,101.697246,35
shp_MR_1,3.159654,101.697368,36
shp_MR_1,3.159481,101.697783,37
shp_MR_1,3.159339,101.698201,38
shp_MR_1,3.159295,101.698631,39
shp_MR_1,3.159274,101.698936,40
shp_MR_1,3.159251,101.699281,41
shp_MR_1,3.159171,101.700125,42
shp_MR_1,3.159105,101.700576,43
shp_MR_1,3.158963,101.701102,44
shp_MR_1,3.158744,101.701822,45
shp_MR_1,3.158472,101.702649,46
shp_MR_1,3.158167,101.703314,47
shp_MR_1,3.157978,101.703587,48
shp_MR_1,3.157785,101.703846,49
shp_MR_1,3.157517,101.704105,50
shp_MR_1,3.157274,101.704283,51
shp_MR_1,3.157057,101.704431,52
shp_MR_1,3.156783,101.704566,53
shp_MR_1,3.156479,101.704713,54
shp_MR_1,3.156188,101.704879,55
shp_MR_1,3.156112,101.704922,56
shp_MR_1,3.155864,101.705082,57
shp_MR_1,3.155689,101.705211,58
shp_MR_1,3.155503,101.705389,59
shp_MR_1,3.155285,101.705666,60
shp_MR_1,3.155147,101.70595,61
shp_MR_1,3.155059,101.706277,62
shp_MR_1,3.154941,101.706524,63
shp_MR_1,3.154461,101.707121,64
shp_MR_1,3.154175,101.707479,65
shp_MR_1,3.154007,101.707622,66
shp_MR_1,3.153633,101.707977,67
shp_MR_1,3.153453,101.708205,68
shp_MR_1,3.153215,101.708609,69
shp_MR_1,3.153066,101.70892,70
shp_MR_1,3.152953,101.709111,71
shp_MR_1,3.152754,101.70937,72
shp_MR_1,3.152493,101.709653,73
shp_MR_1,3.152244,101.709862,74
shp_MR_1,3.151902,101.710028,75
shp_MR_1,3.151393,101.710224,76
shp_MR_1,3.150896,101.710402,77
shp_MR_1,3.150756,101.710454,78
shp_MR_1,3.150436,101.710573,79
shp_MR_1,3.150138,101.710678,80
shp_MR_1,3.149902,101.710806,81
shp_MR_1,3.149678,101.710911,82
shp_MR_1,3.149517,101.710978,83
shp_MR_1,3.149312,101.710996,84
shp_MR_1,3.148915,101.711001,85
shp_MR_1,3.148468,101.710987,86
shp_MR_1,3.148115,101.71098,87
shp_MR_1,3.147711,101.710979,88
shp_MR_1,3.147497,101.710999,89
shp_MR_1,3.147116,101.711128,90
shp_MR_1,3.146703,101.711311,91
shp_MR_1,3.146273,101.711444,92
shp_MR_1,3.146015,101.711523,93
shp_MR_1,3.145958,101.711541,94
shp_MR_1,3.145447,101.711696,95
shp_MR_1,3.145028,101.711825,96
shp_MR_1,3.144604,101.711975,97
shp_MR_1,3.144283,101.712071,98
shp_MR_1,3.144033,101.712162,99
shp_MR_1,3.143809,101.712149,100
shp_MR_1,3.143637,101.712041,101
shp_MR_1,3.143529,101.711869,102
shp_MR_1,3.143475,101.711712,103
shp_MR_1,3.143362,101.711241,104
shp_MR_1,3.14316,101.710559,105
shp_MR_1,3.142965,101.709797,106
shp_MR_1,3.142906,101.709621,107
shp_MR_1,3.142744,101.709136,108
shp_MR_1,3.142524,101.708492,109
shp_MR_1,3.142308,101.708146,110
shp_MR_1,3.141978,101.707647,111
shp_MR_1,3.141491,101.706964,112
shp_MR_1,3.141064,101.706412,113
shp_MR_1,3.14079,101.706104,114
shp_MR_1,3.140566,101.705853,115
shp_MR_1,3.140197,101.705512,116
shp_MR_1,3.139953,101.705381,117
shp_MR_1,3.13972,101.705299,118
shp_MR_1,3.139503,101.705261,119
shp_MR_1,3.139231,101.705212,120
shp_MR_1,3.139058,101.705157,121
shp_MR_1,3.138825,101.705064,122
shp_MR_1,3.138505,101.704869,123
shp_MR_1,3.138066,101.704576,124
shp_MR_1,3.137621,101.704271,125
shp_MR_1,3.137339,101.704084,126
shp_MR_1,3.137289,101.704028,127
shp_MR_1,3.137159,101.703822,128
shp_MR_1,3.137082,101.703658,129
shp_MR_1,3.137034,101.7035,130
shp_MR_1,3.137005,101.703403,131
shp_MR_1,3.136991,101.703286,132
shp_MR_1,3.13699,101.7032,133
shp_MR_1,3.136992,101.703095,134
shp_MR_1,3.137003,101.702994,135
shp_MR_1,3.137149,101.702504,136
shp_MR_1,3.137433,101.701556,137
shp_MR_1,3.13768,101.700809,138
shp_MR_1,3.137855,101.700497,139
shp_MR_1,3.138024,101.700282,140
shp_MR_1,3.138401,101.699853,141
shp_MR_1,3.138893,101.699255,142
shp_MR_1,3.138995,101.699131,143
shp_MR_1,3.139415,101.698665,144
shp_MR_1,3.139629,101.698393,145
shp_MR_1,3.139693,101.698141,146
shp_MR_1,3.139709,101.697951,147
shp_MR_1,3.139733,101.697582,148
shp_MR_1,3.139718,101.697327,149
shp_MR_1,3.1396,101.696951,150
shp_MR_1,3.139154,101.696456,151
shp_MR_1,3.138288,101.695792,152
shp_MR_1,3.137895,101.695489,153
shp_MR_1,3.137699,101.695287,154
shp_MR_1,3.137458,101.694978,155
shp_MR_1,3.137268,101.694647,156
shp_MR_1,3.137055,101.694468,157
shp_MR_1,3.136813,101.694366,158
shp_MR_1,3.136684,101.694315,159
shp_MR_1,3.136364,101.694253,160
shp_MR_1,3.135751,101.694189,161
shp_MR_1,3.134975,101.694204,162
shp_MR_1,3.134694,101.694164,163
shp_MR_1,3.134193,101.69409,164
shp_MR_1,3.133879,101.694038,165
shp_MR_1,3.133586,101.693948,166
shp_MR_1,3.133384,101.693819,167
shp_MR_1,3.133199,101.693633,168
shp_MR_1,3.133048,101.69342,169
shp_MR_1,3.133009,101.693252,170
shp_MR_1,3.132954,101.692978,171
shp_MR_1,3.132893,101.69258,172
shp_MR_1,3.132849,101.692289,173
shp_MR_1,3.132788,101.692087,174
shp_MR_1,3.132671,101.691858,175
shp_MR_1,3.132413,101.691554,176
shp_MR_1,3.132172,101.691324,177
shp_MR_1,3.13193,101.691178,178
shp_MR_1,3.131785,101.691082,179
shp_MR_1,3.131408,101.690919,180
shp_MR_1,3.130661,101.690715,181
shp_MR_1,3.130324,101.690546,182
shp_MR_1,3.130122,101.690288,183
shp_MR_1,3.130084,101.690064,184
shp_MR_1,3.13009,101.689829,185
shp_MR_1,3.130169,101.689673,186
shp_MR_1,3.130417,101.689494,187
shp_MR_1,3.130795,101.689255,188
shp_MR_1,3.131424,101.688958,189
shp_MR_1,3.131715,101.688783,190
shp_MR_1,3.132589,101.688041,191
shp_MR_1,3.132852,101.687817,192
shp_PH_0,2.99713698,101.57332,1
shp_PH_0,2.99685798,101.5737941,2
shp_PH_0,2.99653299,101.574437,3
shp_PH_0,2.996046,101.5753781,4
shp_PH_0,2.99575602,101.57593,5
shp_PH_0,2.99535597,101.576718,6
shp_PH_0,2.99511198,101.5771961,7
shp_PH_0,2.99488797,101.5775971,8
shp_PH_0,2.99433402,101.5786091,9
shp_PH_0,2.99416302,101.5789561,10
shp_PH_0,2.99386701,101.5796092,11
shp_PH_0,2.99376396,101.5800998,12
shp_PH_0,2.99378997,101.580565,13
shp_PH_0,2.99389203,101.5810088,14
shp_PH_0,2.99410902,101.5814542,15
shp_PH_0,2.99433096,101.581834,16
shp_PH_0,2.99461401,101.5822771,17
shp_PH_0,2.99482002,101.5826191,18
shp_PH_0,2.99509002,101.5831958,19
shp_PH_0,2.99525103,101.5837819,20
shp_PH_0,2.995317,101.5844591,21
shp_PH_0,2.99526696,101.5852399,22
shp_PH_0,2.99523303,101.585911,23
shp_PH_0,2.99519001,101.5866202,24
shp_PH_0,2.99514798,101.5873531,25
shp_PH_0,2.99511999,101.5878308,26
shp_PH_0,2.99509101,101.588494,27
shp_PH_0,2.99503701,101.5896251,28
shp_PH_0,2.99498499,101.5906111,29
shp_PH_0,2.99493702,101.5911472,30
shp_PH_0,2.994858,101.5915741,31
shp_PH_0,2.99476296,101.5919932,32
shp_PH_0,2.99465496,101.592491,33
shp_PH_0,2.99454003,101.593017,34
shp_PH_0,2.99444697,101.5934648,35
shp_PH_0,2.99440296,101.5938878,36
shp_PH_0,2.994435,101.5941211,37
shp_PH_0,2.99457099,101.5944149,38
shp_PH_0,2.99472804,101.594646,39
shp_PH_0,2.99498004,101.594839,40
shp_PH_0,2.99532996,101.5949999,41
shp_PH_0,2.99561904,101.595118,42
shp_PH_0,2.99610198,101.5952969,43
shp_PH_0,2.99641599,101.5954229,44
shp_PH_0,2.99720304,101.5957271,45
shp_PH_0,2.99807298,101.596063,46
shp_PH_0,2.99884896,101.5963358,47
shp_PH_0,2.99949804,101.596577,48
shp_PH_0,2.99995902,101.5967452,49
shp_PH_0,3.00090096,101.597099,50
shp_PH_0,3.00119796,101.5972132,51
shp_PH_0,3.001581,101.5973618,52
shp_PH_0,3.002193,101.5975969,53
shp_PH_0,3.00251304,101.5977172,54
shp_PH_0,3.00287304,101.5978601,55
shp_PH_0,3.00318696,101.5979861,56
shp_PH_0,3.00352401,101.598106,57
shp_PH_0,3.00370698,101.5981628,58
shp_PH_0,3.00385503,101.5982032,59
shp_PH_0,3.00400902,101.5982258,60
shp_PH_0,3.00418002,101.598237,61
shp_PH_0,3.00432303,101.598232,62
shp_PH_0,3.00443103,101.5982309,63
shp_PH_0,3.00463596,101.5982089,64
shp_PH_0,3.00480696,101.5981859,65
shp_PH_0,3.00506202,101.5981549,66
shp_PH_0,3.00543102,101.598098,67
shp_PH_0,3.00583899,101.5980451,68
shp_PH_0,3.00633399,101.5979749,69
shp_PH_0,3.00667302,101.5979332,70
shp_PH_0,3.00691197,101.5979378,71
shp_PH_0,3.00702996,101.5979512,72
shp_PH_0,3.007197,101.5980091,73
shp_PH_0,3.00731499,101.5980682,74
shp_PH_0,3.00744297,101.5981312,75
shp_PH_0,3.007566,101.5982291,76
shp_PH_0,3.00770802,101.5983659,77
shp_PH_0,3.00779703,101.5985081,78
shp_PH_0,3.00790098,101.5986791,79
shp_PH_0,3.007935,101.5988119,80
shp_PH_0,3.00797496,101.5990481,81
shp_PH_0,3.00797001,101.599186,82
shp_PH_0,3.00797001,101.599294,83
shp_PH_0,3.00797397,101.599326,84
shp_PH_0,3.00796398,101.5994441,85
shp_PH_0,3.00796398,101.5996601,86
shp_PH_0,3.007935,101.5999261,87
shp_PH_0,3.00790998,101.6002249,88
shp_PH_0,3.00789099,101.6005702,89
shp_PH_0,3.00786102,101.601,90
shp_PH_0,3.00785598,101.6013442,91
shp_PH_0,3.00786102,101.6020778,92
shp_PH_0,3.00786597,101.6026639,93
shp_PH_0,3.00785697,101.6031211,94
shp_PH_0,3.00785697,101.6037832,95
shp_PH_0,3.00784698,101.6041162,96
shp_PH_0,3.00785202,101.604425,97
shp_PH_0,3.00785697,101.60482,98
shp_PH_0,3.00786201,101.605108,99
shp_PH_0,3.00785202,101.6054269,100
shp_PH_0,3.00784797,101.6057902,101
shp_PH_0,3.00785697,101.6060962,102
shp_PH_0,3.00787704,101.606288,103
shp_PH_0,3.00791097,101.606445,104
shp_PH_0,3.00793104,101.606472,105
shp_PH_0,3.00795399,101.606567,106
shp_PH_0,3.00808098,101.6068118,107
shp_PH_0,3.00828798,101.6071031,108
shp_PH_0,3.00853998,101.6073839,109
shp_PH_0,3.008871,101.6077208,110
shp_PH_0,3.00923496,101.6080459,111
shp_PH_0,3.00942702,101.6082421,112
shp_PH_0,3.00962403,101.6084581,113
shp_PH_0,3.00976299,101.6086792,114
shp_PH_0,3.00987,101.6088991,115
shp_PH_0,3.009888,101.6089319,116
shp_PH_0,3.00992499,101.6090899,117
shp_PH_0,3.00993804,101.6093441,118
shp_PH_0,3.00995199,101.609843,119
shp_PH_0,3.00996603,101.6105371,120
shp_PH_0,3.00998097,101.6109169,121
shp_PH_0,3.01006503,101.611274,122
shp_PH_0,3.010266,101.611593,123
shp_PH_0,3.01059099,101.6118551,124
shp_PH_0,3.01096026,101.612074,125
shp_PH_0,3.0114126,101.6123414,126
shp_PH_0,3.01182894,101.6125783,127
shp_PH_0,3.01213998,101.6127223,128
shp_PH_0,3.01248801,101.6128012,129
shp_PH_0,3.01274649,101.6128152,130
shp_PH_0,3.0129984,101.6128098,131
shp_PH_0,3.0132,101.612785,132
shp_PH_0,3.01332672,101.6127536,133
shp_PH_0,3.01377393,101.6126428,134
shp_PH_0,3.01424904,101.6125639,135
shp_PH_0,3.01449996,101.6125114,136
shp_PH_0,3.01470561,101.6124908,137
shp_PH_0,3.01483152,101.6124754,138
shp_PH_0,3.01499091,101.6124883,139
shp_PH_0,3.01538664,101.6125369,140
shp_PH_0,3.01592385,101.6126248,141
shp_PH_0,3.01641084,101.6127094,142
shp_PH_0,3.01706703,101.612831,143
shp_PH_0,3.01769721,101.6129642,144
shp_PH_0,3.01819833,101.6130751,145
shp_PH_0,3.01838598,101.6131032,146
shp_PH_0,3.01861215,101.6131111,147
shp_PH_0,3.01888458,101.6131111,148
shp_PH_0,3.0192561,101.6130881,149
shp_PH_0,3.01963131,101.6130521,150
shp_PH_0,3.02043321,101.6129902,151
shp_PH_0,3.02089068,101.6129747,152
shp_PH_0,3.02104485,101.6129902,153
shp_PH_0,3.02187753,101.6131961,154
shp_PH_0,3.02284098,101.6134492,155
shp_PH_0,3.02330655,101.6136025,156
shp_PH_0,3.02366628,101.6137055,157
shp_PH_0,3.02415462,101.6138293,158
shp_PH_0,3.02472009,101.6139323,159
shp_PH_0,3.02540373,101.6140658,160
shp_PH_0,3.02632902,101.614235,161
shp_PH_0,3.02782599,101.614532,162
shp_PH_0,3.02812812,101.6146037,163
shp_PH_0,3.02828202,101.614639,164
shp_PH_0,3.02861376,101.6146577,165
shp_PH_0,3.02876289,101.6146706,166
shp_PH_0,3.02885793,101.6146786,167
shp_PH_0,3.02948253,101.6146552,168
shp_PH_0,3.029778,101.6146771,169
shp_PH_0,3.03012243,101.6147196,170
shp_PH_0,3.03043599,101.614766,171
shp_PH_0,3.03061338,101.614815,172
shp_PH_0,3.03089355,101.614923,173
shp_PH_0,3.03100659,101.6149745,174
shp_PH_0,3.03114537,101.6150749,175
shp_PH_0,3.03130989,101.6151624,176
shp_PH_0,3.03141654,101.615224,177
shp_PH_0,3.03182262,101.6154349,178
shp_PH_0,3.03265701,101.6158072,179
shp_PH_0,3.03302547,101.6159602,180
shp_PH_0,3.03350535,101.6161553,181
shp_PH_0,3.03370974,101.6162363,182
shp_PH_0,3.03384879,101.616286,183
shp_PH_0,3.03423435,101.616417,184
shp_PH_0,3.03442965,101.6164789,185
shp_PH_0,3.03486102,101.6166082,186
shp_PH_0,3.03554898,101.6167723,187
shp_PH_0,3.03587496,101.6168519,188
shp_PH_0,3.03677622,101.6170322,189
shp_PH_0,3.03772716,101.6172122,190
shp_PH_0,3.03822054,101.6173411,191
shp_PH_0,3.03850845,101.6174387,192
shp_PH_0,3.03896331,101.6175881,193
shp_PH_0,3.03950817,101.617722,194
shp_PH_0,3.04006851,101.6178199,195
shp_PH_0,3.04085754,101.6179484,196
shp_PH_0,3.04162335,101.6181029,197
shp_PH_0,3.04242525,101.6183347,198
shp_PH_0,3.04372503,101.618698,199
shp_PH_0,3.04502355,101.6193794,200
shp_PH_0,3.04694082,101.6203831,201
shp_PH_0,3.0478095,101.6208256,202
shp_PH_0,3.04944408,101.6217162,203
shp_PH_0,3.04985304,101.6219329,204
shp_PH_0,3.0502305,101.6221745,205
shp_PH_0,3.05058519,101.6224164,206
shp_PH_0,3.0507651,101.6225579,207
shp_PH_0,3.05106003,101.6227951,208
shp_PH_0,3.05115057,101.6229236,209
shp_PH_0,3.05121996,101.6230547,210
shp_PH_0,3.05127999,101.62323,211
shp_PH_0,3.05130222,101.6233841,212
shp_PH_0,3.05131248,101.6234791,213
shp_PH_0,3.05129457,101.623626,214
shp_PH_0,3.05126397,101.6237869,215
shp_PH_0,3.05120718,101.6239684,216
shp_PH_0,3.05113518,101.6241098,217
shp_PH_0,3.05098866,101.6243543,218
shp_PH_0,3.05084862,101.6245861,219
shp_PH_0,3.05060697,101.6249335,220
shp_PH_0,3.05050932,101.6251009,221
shp_PH_0,3.05040528,101.6252939,222
shp_PH_0,3.05031528,101.6254534,223
shp_PH_0,3.05023599,101.6256481,224
shp_PH_0,3.05015337,101.6259242,225
shp_PH_0,3.0500892,101.6261532,226
shp_PH_0,3.05001981,101.6265701,227
shp_PH_0,3.04993629,101.6271364,228
shp_PH_0,3.04984638,101.6276821,229
shp_PH_0,3.04977951,101.6280914,230
shp_PH_0,3.04975638,101.6282999,231
shp_PH_0,3.04973073,101.6289691,232
shp_PH_0,3.04969338,101.6294915,233
shp_PH_0,3.04962147,101.630943,234
shp_PH_0,3.04955208,101.6333626,235
shp_PH_0,3.04952121,101.6347421,236
shp_PH_0,3.04950582,101.636775,237
shp_PH_0,3.04945443,101.6399354,238
shp_PH_0,3.04944417,101.6408675,239
shp_PH_0,3.04943643,101.6413128,240
shp_PH_0,3.04945182,101.6416062,241
shp_PH_0,3.04948404,101.641815,242
shp_PH_0,3.04953498,101.6420591,243
shp_PH_0,3.04960698,101.6422808,244
shp_PH_0,3.04978383,101.6426894,245
shp_PH_0,3.04987797,101.6429267,246
shp_PH_0,3.05032599,101.64398,247
shp_PH_0,3.05073351,101.6448905,248
shp_PH_0,3.05100702,101.6455439,249
shp_PH_0,3.05116776,101.6463002,250
shp_PH_0,3.05122302,101.647282,251
shp_PH_0,3.05136936,101.6491381,252
shp_PH_0,3.05149482,101.6498084,253
shp_PH_0,3.05171784,101.6503877,254
shp_PH_0,3.05219178,101.65126,255
shp_PH_0,3.05276319,101.6523277,256
shp_PH_0,3.05328222,101.6534066,257
shp_PH_0,3.05392014,101.6547912,258
shp_PH_0,3.05435223,101.6558172,259
shp_PH_0,3.05466579,101.6564872,260
shp_PH_0,3.05484705,101.6568922,261
shp_PH_0,3.05498637,101.657241,262
shp_PH_0,3.05541153,101.658218,263
shp_PH_0,3.05568333,101.6587487,264
shp_PH_0,3.05593425,101.6590208,265
shp_PH_0,3.05622693,101.6592163,266
shp_PH_0,3.05651268,101.6593416,267
shp_PH_0,3.05682624,101.6593837,268
shp_PH_0,3.05723745,101.6593978,269
shp_PH_0,3.05784378,101.6593697,270
shp_PH_0,3.05889615,101.6593348,271
shp_PH_0,3.05962092,101.659307,272
shp_PH_0,3.06012969,101.6593279,273
shp_PH_0,3.06040842,101.6593906,274
shp_PH_0,3.06074295,101.6595162,275
shp_PH_0,3.06109143,101.6597326,276
shp_PH_0,3.06137016,101.6599838,277
shp_PH_0,3.06162801,101.6603467,278
shp_PH_0,3.06180225,101.6606887,279
shp_PH_0,3.06189981,101.6611355,280
shp_PH_0,3.0619125,101.6615837,281
shp_PH_0,3.06192078,101.662538,282
shp_PH_0,3.06192078,101.6632991,283
shp_PH_0,3.0619197,101.664207,284
shp_PH_0,3.06191376,101.6661326,285
shp_PH_0,3.06191376,101.6679053,286
shp_PH_0,3.06189774,101.6689662,287
shp_PH_0,3.06194751,101.6694569,288
shp_PH_0,3.06201123,101.6699216,289
shp_PH_0,3.06214308,101.6705822,290
shp_PH_0,3.0622887,101.6711924,291
shp_PH_0,3.06236601,101.6716115,292
shp_PH_0,3.06245241,101.6720852,293
shp_PH_0,3.06250623,101.6725183,294
shp_PH_0,3.06272223,101.6735724,295
shp_PH_0,3.0628755,101.6742841,296
shp_PH_0,3.06306369,101.6751355,297
shp_PH_0,3.0631473,101.6758195,298
shp_PH_0,3.06311247,101.676308,299
shp_PH_0,3.0629313,101.676992,300
shp_PH_0,3.06253404,101.6781714,301
shp_PH_0,3.0620601,101.6794976,302
shp_PH_0,3.06175347,101.6803768,303
shp_PH_0,3.06156537,101.6809351,304
shp_PH_0,3.0612726,101.6817239,305
shp_PH_0,3.06109143,101.682387,306
shp_PH_0,3.06104958,101.6828892,307
shp_PH_0,3.06113328,101.6835664,308
shp_PH_0,3.06125865,101.6840617,309
shp_PH_0,3.06135621,101.684641,310
shp_PH_0,3.06141894,101.6852972,311
shp_PH_0,3.06147402,101.6862959,312
shp_PH_0,3.06157698,101.6877751,313
shp_PH_0,3.06159597,101.6882309,314
shp_PH_0,3.06161604,101.6886881,315
shp_PH_0,3.06161604,101.6889772,316
shp_PH_0,3.06159597,101.6892281,317
shp_PH_0,3.06139599,101.6898721,318
shp_PH_0,3.06121401,101.690186,319
shp_PH_0,3.06096201,101.6904622,320
shp_PH_0,3.06063198,101.6907322,321
shp_PH_0,3.06028296,101.690906,322
shp_PH_0,3.05950698,101.6911559,323
shp_PH_0,3.05911197,101.6913488,324
shp_PH_0,3.05807103,101.692242,325
shp_PH_0,3.057714,101.6926088,326
shp_PH_0,3.05744004,101.6928691,327
shp_PH_0,3.05719101,101.693223,328
shp_PH_0,3.05704503,101.69347,329
shp_PH_0,3.05690499,101.693781,330
shp_PH_0,3.05685396,101.6940589,331
shp_PH_0,3.05680203,101.6943509,332
shp_PH_0,3.056796,101.694775,333
shp_PH_0,3.05687898,101.6952322,334
shp_PH_0,3.05706996,101.695739,335
shp_PH_0,3.05726103,101.696018,336
shp_PH_0,3.05757297,101.6963662,337
shp_PH_0,3.05785998,101.6966768,338
shp_PH_0,3.05809497,101.6970322,339
shp_PH_0,3.05826696,101.6974501,340
shp_PH_0,3.058776,101.6996051,341
shp_PH_0,3.05889102,101.7000551,342
shp_PH_0,3.05895501,101.7003589,343
shp_PH_0,3.05907597,101.7007009,344
shp_PH_0,3.05918397,101.7010181,345
shp_PH_0,3.05935596,101.7014242,346
shp_PH_0,3.05946999,101.7016391,347
shp_PH_0,3.05963001,101.7019249,348
shp_PH_0,3.05974404,101.702146,349
shp_PH_0,3.05985897,101.7024379,350
shp_PH_0,3.06004401,101.70297,351
shp_PH_0,3.06011403,101.7033818,352
shp_PH_0,3.06016398,101.7036799,353
shp_PH_0,3.06022203,101.7041551,354
shp_PH_0,3.06041904,101.7055051,355
shp_PH_0,3.06051399,101.706151,356
shp_PH_0,3.060756,101.706678,357
shp_PH_0,3.06089001,101.7068738,358
shp_PH_0,3.06136098,101.7073688,359
shp_PH_0,3.06169299,101.7075589,360
shp_PH_0,3.06228501,101.7077872,361
shp_PH_0,3.063375,101.7079402,362
shp_PH_0,3.06461799,101.708105,363
shp_PH_0,3.06713502,101.7083858,364
shp_PH_0,3.06930096,101.7086782,365
shp_PH_0,3.07095102,101.7088628,366
shp_PH_0,3.071646,101.708946,367
shp_PH_0,3.07219401,101.709041,368
shp_PH_0,3.07268496,101.709162,369
shp_PH_0,3.07310904,101.709265,370
shp_PH_0,3.07372599,101.709509,371
shp_PH_0,3.07442403,101.7098719,372
shp_PH_0,3.07525203,101.710399,373
shp_PH_0,3.07582596,101.7109501,374
shp_PH_0,3.07691496,101.7119819,375
shp_PH_0,3.07737396,101.7125849,376
shp_PH_0,3.077919,101.71336,377
shp_PH_0,3.07849203,101.7141649,378
shp_PH_0,3.07900899,101.714711,379
shp_PH_0,3.07932399,101.714998,380
shp_PH_0,3.07998603,101.7153439,381
shp_PH_0,3.08139597,101.715692,382
shp_PH_0,3.08277702,101.7159541,383
shp_PH_0,3.08378502,101.7159851,384
shp_PH_0,3.08433204,101.715786,385
shp_PH_0,3.08470797,101.715529,386
shp_PH_0,3.08499597,101.7152438,387
shp_PH_0,3.08544804,101.7147892,388
shp_PH_0,3.08570004,101.714638,389
shp_PH_0,3.08620899,101.714387,390
shp_PH_0,3.086676,101.7141232,391
shp_PH_0,3.08695302,101.7139658,392
shp_PH_0,3.08786796,101.7132278,393
shp_PH_0,3.08874798,101.7127001,394
shp_PH_0,3.08958399,101.71242,395
shp_PH_0,3.09186,101.7120539,396
shp_PH_0,3.09289698,101.7119138,397
shp_PH_0,3.09353103,101.711686,398
shp_PH_0,3.09405096,101.7113152,399
shp_PH_0,3.09462903,101.7106582,400
shp_PH_0,3.09523599,101.709886,401
shp_PH_0,3.09676797,101.7079132,402
shp_PH_0,3.097404,101.7071122,403
shp_PH_0,3.09812598,101.706484,404
shp_PH_0,3.09858804,101.7062269,405
shp_PH_0,3.09927996,101.705971,406
shp_PH_0,3.100086,101.7059159,407
shp_PH_0,3.10069098,101.705918,408
shp_PH_0,3.10129497,101.706034,409
shp_PH_0,3.10198599,101.706237,410
shp_PH_0,3.10310397,101.7065549,411
shp_PH_0,3.10399902,101.7069592,412
shp_PH_0,3.10488903,101.707736,413
shp_PH_0,3.10569201,101.7088841,414
shp_PH_0,3.111471,101.7132998,415
shp_PH_0,3.11403897,101.7152752,416
shp_PH_0,3.11564196,101.716407,417
shp_PH_0,3.11679396,101.7168199,418
shp_PH_0,3.11771997,101.7168638,419
shp_PH_0,3.11825601,101.7168862,420
shp_PH_0,3.11897601,101.71697,421
shp_PH_0,3.119697,101.7170539,422
shp_PH_0,3.12068601,101.716893,423
shp_PH_0,3.12195699,101.716587,424
shp_PH_0,3.123036,101.71606,425
shp_PH_0,3.12363396,101.7158159,426
shp_PH_0,3.12429402,101.7155711,427
shp_PH_0,3.12486201,101.7153968,428
shp_PH_0,3.125304,101.715318,429
shp_PH_0,3.12611598,101.715269,430
shp_PH_0,3.12666597,101.7153389,431
shp_PH_0,3.12716799,101.7154328,432
shp_PH_0,3.12825204,101.7156449,433
shp_PH_0,3.12868197,101.7157072,434
shp_PH_0,3.12931197,101.7158242,435
shp_PH_0,3.12983001,101.7158551,436
shp_PH_0,3.130308,101.715854,437
shp_PH_0,3.13096104,101.7156859,438
shp_PH_0,3.13136703,101.7154951,439
shp_PH_0,3.13172496,101.7153119,440
shp_PH_0,3.13214103,101.7149569,441
shp_PH_0,3.13262703,101.7144479,442
shp_PH_0,3.13270596,101.7143201,443
shp_PH_0,3.13310799,101.7137722,444
shp_PH_0,3.13334901,101.7134201,445
shp_PH_0,3.13367301,101.7130118,446
shp_PH_0,3.13387398,101.7127771,447
shp_PH_0,3.13408701,101.7126259,448
shp_PH_0,3.13452396,101.712307,449
shp_PH_0,3.13510203,101.7119048,450
shp_PH_0,3.13578396,101.7114502,451
shp_PH_0,3.13607502,101.711182,452
shp_PH_0,3.13647201,101.7107572,453
shp_PH_0,3.13679601,101.7103259,454
shp_PH_0,3.13723197,101.7097229,455
shp_PH_0,3.13767702,101.7091339,456
shp_PH_0,3.13832799,101.7082919,457
shp_PH_0,3.13885998,101.7075539,458
shp_PH_0,3.13939602,101.7068332,459
shp_PH_0,3.13990002,101.7061088,460
shp_PH_0,3.14012304,101.705863,461
shp_PH_0,3.140928,101.704905,462
shp_PH_0,3.14119602,101.7046199,463
shp_PH_0,3.14152902,101.7042991,464
shp_PH_0,3.14193501,101.703915,465
shp_PH_0,3.14229303,101.7036022,466
shp_PH_0,3.14270703,101.7032551,467
shp_PH_0,3.14310996,101.7029689,468
shp_PH_0,3.14366499,101.702628,469
shp_PH_0,3.14439102,101.701899,470
shp_PH_0,3.14474103,101.7015728,471
shp_PH_0,3.14500896,101.7013291,472
shp_PH_0,3.14519697,101.7011408,473
shp_PH_0,3.14534601,101.7009112,474
shp_PH_0,3.14541099,101.700724,475
shp_PH_0,3.14548002,101.7005101,476
shp_PH_0,3.14555904,101.7002002,477
shp_PH_0,3.14563104,101.7000068,478
shp_PH_0,3.14569098,101.6998859,479
shp_PH_0,3.14580699,101.6997131,480
shp_PH_0,3.14593902,101.6995792,481
shp_PH_0,3.14608797,101.69946,482
shp_PH_0,3.14643798,101.699212,483
shp_PH_0,3.14670996,101.698938,484
shp_PH_0,3.147138,101.6984959,485
shp_PH_0,3.14759097,101.6981489,486
shp_PH_0,3.14811702,101.697611,487
shp_PH_0,3.14890398,101.6968651,488
shp_PH_0,3.149802,101.6961469,489
shp_PH_0,3.150423,101.6955929,490
shp_PH_0,3.15078102,101.6952739,491
shp_PH_0,3.15098199,101.695028,492
shp_PH_0,3.151116,101.6948041,493
shp_PH_0,3.15124101,101.694569,494
shp_PH_0,3.15137304,101.694235,495
shp_PH_0,3.15153504,101.6940269,496
shp_PH_0,3.15177597,101.693848,497
shp_PH_0,3.15195804,101.6937562,498
shp_PH_0,3.15218601,101.693687,499
shp_PH_0,3.15241704,101.6936708,500
shp_PH_0,3.15276003,101.6937022,501
shp_PH_0,3.15309501,101.693772,502
shp_PH_0,3.15344601,101.6938429,503
shp_PH_0,3.15390798,101.693961,504
shp_PH_0,3.15439398,101.6940938,505
shp_PH_0,3.15485703,101.694244,506
shp_PH_0,3.15533502,101.694362,507
shp_PH_0,3.15599598,101.6944949,508
shp_PH_0,3.15626697,101.69451,509
shp_PH_0,3.15672201,101.694501,510
shp_PH_0,3.15731097,101.6943811,511
shp_PH_0,3.15761301,101.6942461,512
shp_PH_0,3.15801099,101.6940938,513
shp_PH_0,3.15849699,101.6939272,514
shp_PH_0,3.158847,101.6938148,515
shp_PH_0,3.15917298,101.6937479,516
shp_PH_0,3.15951597,101.693718,517
shp_PH_0,3.15989001,101.6937652,518
shp_PH_0,3.16019997,101.6938339,519
shp_PH_0,3.160656,101.6939689,520
shp_PH_0,3.16096704,101.6940481,521
shp_PH_0,3.161637,101.6942332,522
shp_PH_0,3.16198701,101.6943232,523
shp_PH_0,3.162258,101.69437,524
shp_PH_0,3.16242999,101.6943548,525
shp_PH_0,3.16265004,101.6942962,526
shp_PH_0,3.16275597,101.6942468,527
shp_PH_0,3.16301301,101.694109,528
shp_PH_0,3.16336302,101.693871,529
shp_PH_0,3.16364598,101.6936939,530
shp_PH_0,3.16390401,101.6936212,531
shp_PH_0,3.16411902,101.6935942,532
shp_PH_0,3.16432098,101.693596,533
shp_PH_0,3.16452699,101.6936269,534
shp_PH_0,3.16484901,101.6937338,535
shp_PH_0,3.16517301,101.693808,536
shp_PH_0,3.16538001,101.6938552,537
shp_PH_0,3.165786,101.6938379,538
shp_PH_0,3.16692504,101.6935268,539
shp_PH_0,3.16775898,101.6933029,540
shp_PH_0,3.16807299,101.693286,541
shp_PH_0,3.16827504,101.6933018,542
shp_PH_0,3.16842597,101.693335,543
shp_PH_0,3.16876302,101.6935132,544
shp_PH_0,3.16891701,101.6936168,545
shp_PH_0,3.16918503,101.6938739,546
shp_PH_0,3.16945404,101.694114,547
shp_PH_0,3.169827,101.694416,548
shp_PH_0,3.17013804,101.6946839,549
shp_PH_0,3.17040201,101.6949139,550
shp_PH_0,3.170601,101.6950478,551
shp_PH_0,3.17084796,101.6951821,552
shp_PH_0,3.171168,101.6953261,553
shp_PH_0,3.17145996,101.6954032,554
shp_PH_0,3.17173302,101.695441,555
shp_PH_0,3.17211597,101.695464,556
shp_PH_0,3.17245797,101.6954399,557
shp_PH_0,3.17303298,101.6954021,558
shp_PH_0,3.17398698,101.6952458,559
shp_PH_0,3.17444103,101.695198,560
shp_PH_0,3.17490003,101.695225,561
shp_PH_0,3.17521899,101.695248,562
shp_PH_0,3.175497,101.6953621,563
shp_PH_0,3.17565999,101.6954258,564
shp_PH_0,3.17585403,101.695536,565
shp_PH_0,3.17611404,101.6956642,566
shp_PH_0,3.17650302,101.6958251,567
shp_PH_0,3.17685996,101.6959208,568
shp_PH_0,3.17710503,101.6959381,569
shp_PH_0,3.177378,101.6959381,570
shp_PH_0,3.17779497,101.6958629,571
shp_PH_0,3.17806803,101.695766,572
shp_PH_0,3.17918304,101.6953762,573
shp_PH_0,3.18011202,101.695019,574
shp_PH_0,3.18103704,101.694694,575
shp_PH_0,3.18156903,101.69455,576
shp_PH_0,3.18184704,101.6945219,577
shp_PH_0,3.18207402,101.6945212,578
shp_PH_0,3.18235203,101.6945528,579
shp_PH_0,3.18256497,101.6946119,580
shp_PH_0,3.18282399,101.69469,581
shp_PH_0,3.18303702,101.6948002,582
shp_PH_0,3.18329199,101.694947,583
shp_PH_0,3.18357504,101.6951119,584
shp_PH_0,3.18394602,101.6953178,585
shp_PH_0,3.18435597,101.6954701,586
shp_PH_0,3.184515,101.6955241,587
shp_PH_0,3.18473496,101.6955382,588
shp_PH_0,3.18535596,101.695433,589
shp_PH_0,3.18659697,101.695208,590
shp_PH_1,3.18659697,101.695208,1
shp_PH_1,3.18535596,101.695433,2
shp_PH_1,3.18473496,101.6955382,3
shp_PH_1,3.184515,101.6955241,4
shp_PH_1,3.18435597,101.6954701,5
shp_PH_1,3.18394602,101.6953178,6
shp_PH_1,3.18357504,101.6951119,7
shp_PH_1,3.18329199,101.694947,8
shp_PH_1,3.18303702,101.6948002,9
shp_PH_1,3.18282399,101.69469,10
shp_PH_1,3.18256497,101.6946119,11
shp_PH_1,3.18235203,101.6945528,12
shp_PH_1,3.18207402,101.6945212,13
shp_PH_1,3.18184704,101.6945219,14
shp_PH_1,3.18156903,101.69455,15
shp_PH_1,3.18103704,101.694694,16
shp_PH_1,3.18011202,101.695019,17
shp_PH_1,3.17918304,101.6953762,18
shp_PH_1,3.17806803,101.695766,19
shp_PH_1,3.17779497,101.6958629,20
shp_PH_1,3.177378,101.6959381,21
shp_PH_1,3.17710503,101.6959381,22
shp_PH_1,3.17685996,101.6959208,23
shp_PH_1,3.17650302,101.6958251,24
shp_PH_1,3.17611404,101.6956642,25
shp_PH_1,3.17585403,101.695536,26
shp_PH_1,3.17565999,101.6954258,27
shp_PH_1,3.175497,101.6953621,28
shp_PH_1,3.17521899,101.695248,29
shp_PH_1,3.17490003,101.695225,30
shp_PH_1,3.17444103,101.695198,31
shp_PH_1,3.17398698,101.6952458,32
shp_PH_1,3.17303298,101.6954021,33
shp_PH_1,3.17245797,101.6954399,34
shp_PH_1,3.17211597,101.695464,35
shp_PH_1,3.17173302,101.695441,36
shp_PH_1,3.17145996,101.6954032,37
shp_PH_1,3.171168,101.6953261,38
shp_PH_1,3.17084796,101.6951821,39
shp_PH_1,3.170601,101.6950478,40
shp_PH_1,3.17040201,101.6949139,41
shp_PH_1,3.17013804,101.6946839,42
shp_PH_1,3.169827,101.694416,43
shp_PH_1,3.16945404,101.694114,44
shp_PH_1,3.16918503,101.6938739,45
shp_PH_1,3.16891701,101.6936168,46
shp_PH_1,3.16876302,101.6935132,47
shp_PH_1,3.16842597,101.693335,48
shp_PH_1,3.16827504,101.6933018,49
shp_PH_1,3.16807299,101.693286,50
shp_PH_1,3.16775898,101.6933029,51
shp_PH_1,3.16692504,101.6935268,52
shp_PH_1,3.165786,101.6938379,53
shp_PH_1,3.16538001,101.6938552,54
shp_PH_1,3.16517301,101.693808,55
shp_PH_1,3.16484901,101.6937338,56
shp_PH_1,3.16452699,101.6936269,57
shp_PH_1,3.16432098,101.693596,58
shp_PH_1,3.16411902,101.6935942,59
shp_PH_1,3.16390401,101.6936212,60
shp_PH_1,3.16364598,101.6936939,61
shp_PH_1,3.16336302,101.693871,62
shp_PH_1,3.16301301,101.694109,63
shp_PH_1,3.16275597,101.6942468,64
shp_PH_1,3.16265004,101.6942962,65
shp_PH_1,3.16242999,101.6943548,66
shp_PH_1,3.162258,101.69437,67
shp_PH_1,3.16198701,101.6943232,68
shp_PH_1,3.161637,101.6942332,69
shp_PH_1,3.16096704,101.6940481,70
shp_PH_1,3.160656,101.6939689,71
shp_PH_1,3.16019997,101.6938339,72
shp_PH_1,3.15989001,101.6937652,73
shp_PH_1,3.15951597,101.693718,74
shp_PH_1,3.15917298,101.6937479,75
shp_PH_1,3.158847,101.6938148,76
shp_PH_1,3.15849699,101.6939272,77
shp_PH_1,3.15801099,101.6940938,78
shp_PH_1,3.15761301,101.6942461,79
shp_PH_1,3.15731097,101.6943811,80
shp_PH_1,3.15672201,101.694501,81
shp_PH_1,3.15626697,101.69451,82
shp_PH_1,3.15599598,101.6944949,83
shp_PH_1,3.15533502,101.694362,84
shp_PH_1,3.15485703,101.694244,85
shp_PH_1,3.15439398,101.6940938,86
shp_PH_1,3.15390798,101.693961,87
shp_PH_1,3.15344601,101.6938429,88
shp_PH_1,3.15309501,101.693772,89
shp_PH_1,3.15276003,101.6937022,90
shp_PH_1,3.15241704,101.6936708,91
shp_PH_1,3.15218601,101.693687,92
shp_PH_1,3.15195804,101.6937562,93
shp_PH_1,3.15177597,101.693848,94
shp_PH_1,3.15153504,101.6940269,95
shp_PH_1,3.15137304,101.694235,96
shp_PH_1,3.15124101,101.694569,97
shp_PH_1,3.151116,101.6948041,98
shp_PH_1,3.15098199,101.695028,99
shp_PH_1,3.15078102,101.6952739,100
shp_PH_1,3.150423,101.6955929,101
shp_PH_1,3.149802,101.6961469,102
shp_PH_1,3.14890398,101.6968651,103
shp_PH_1,3.14811702,101.697611,104
shp_PH_1,3.14759097,101.6981489,105
shp_PH_1,3.147138,101.6984959,106
shp_PH_1,3.14670996,101.698938,107
shp_PH_1,3.14643798,101.699212,108
shp_PH_1,3.14608797,101.69946,109
shp_PH_1,3.14593902,101.6995792,110
shp_PH_1,3.14580699,101.6997131,111
shp_PH_1,3.14569098,101.6998859,112
shp_PH_1,3.14563104,101.7000068,113
shp_PH_1,3.14555904,101.7002002,114
shp_PH_1,3.14548002,101.7005101,115
shp_PH_1,3.14541099,101.700724,116
shp_PH_1,3.14534601,101.7009112,117
shp_PH_1,3.14519697,101.7011408,118
shp_PH_1,3.14500896,101.7013291,119
shp_PH_1,3.14474103,101.7015728,120
shp_PH_1,3.14439102,101.701899,121
shp_PH_1,3.14366499,101.702628,122
shp_PH_1,3.14310996,101.7029689,123
shp_PH_1,3.14270703,101.7032551,124
shp_PH_1,3.14229303,101.7036022,125
shp_PH_1,3.14193501,101.703915,126
shp_PH_1,3.14152902,101.7042991,127
shp_PH_1,3.14119602,101.7046199,128
shp_PH_1,3.140928,101.704905,129
shp_PH_1,3.14012304,101.705863,130
shp_PH_1,3.13990002,101.7061088,131
shp_PH_1,3.13939602,101.7068332,132
shp_PH_1,3.13885998,101.7075539,133
shp_PH_1,3.13832799,101.7082919,134
shp_PH_1,3.13767702,101.7091339,135
shp_PH_1,3.13723197,101.7097229,136
shp_PH_1,3.13679601,101.7103259,137
shp_PH_1,3.13647201,101.7107572,138
shp_PH_1,3.13607502,101.711182,139
shp_PH_1,3.13578396,101.7114502,140
shp_PH_1,3.13510203,101.7119048,141
shp_PH_1,3.13452396,101.712307,142
shp_PH_1,3.13408701,101.7126259,143
shp_PH_1,3.13387398,101.7127771,144
shp_PH_1,3.13367301,101.7130118,145
shp_PH_1,3.13334901,101.7134201,146
shp_PH_1,3.13310799,101.7137722,147
shp_PH_1,3.13270596,101.7143201,148
shp_PH_1,3.13262703,101.7144479,149
shp_PH_1,3.13214103,101.7149569,150
shp_PH_1,3.13172496,101.7153119,151
shp_PH_1,3.13136703,101.7154951,152
shp_PH_1,3.13096104,101.7156859,153
shp_PH_1,3.130308,101.715854,154
shp_PH_1,3.12983001,101.7158551,155
shp_PH_1,3.12931197,101.7158242,156
shp_PH_1,3.12868197,101.7157072,157
shp_PH_1,3.12825204,101.7156449,158
shp_PH_1,3.12716799,101.7154328,159
shp_PH_1,3.12666597,101.7153389,160
shp_PH_1,3.12611598,101.715269,161
shp_PH_1,3.125304,101.715318,162
shp_PH_1,3.12486201,101.7153968,163
shp_PH_1,3.12429402,101.7155711,164
shp_PH_1,3.12363396,101.7158159,165
shp_PH_1,3.123036,101.71606,166
shp_PH_1,3.12195699,101.716587,167
shp_PH_1,3.12068601,101.716893,168
shp_PH_1,3.119697,101.7170539,169
shp_PH_1,3.11897601,101.71697,170
shp_PH_1,3.11825601,101.7168862,171
shp_PH_1,3.11771997,101.7168638,172
shp_PH_1,3.11679396,101.7168199,173
shp_PH_1,3.11564196,101.716407,174
shp_PH_1,3.11403897,101.7152752,175
shp_PH_1,3.111471,101.7132998,176
shp_PH_1,3.10569201,101.7088841,177
shp_PH_1,3.10488903,101.707736,178
shp_PH_1,3.10399902,101.7069592,179
shp_PH_1,3.10310397,101.7065549,180
shp_PH_1,3.10198599,101.706237,181
shp_PH_1,3.10129497,101.706034,182
shp_PH_1,3.10069098,101.705918,183
shp_PH_1,3.100086,101.7059159,184
shp_PH_1,3.09927996,101.705971,185
shp_PH_1,3.09858804,101.7062269,186
shp_PH_1,3.09812598,101.706484,187
shp_PH_1,3.097404,101.7071122,188
shp_PH_1,3.09676797,101.7079132,189
shp_PH_1,3.09523599,101.709886,190
shp_PH_1,3.09462903,101.7106582,191
shp_PH_1,3.09405096,101.7113152,192
shp_PH_1,3.09353103,101.711686,193
shp_PH_1,3.09289698,101.7119138,194
shp_PH_1,3.09186,101.7120539,195
shp_PH_1,3.08958399,101.71242,196
shp_PH_1,3.08874798,101.7127001,197
shp_PH_1,3.08786796,101.7132278,198
shp_PH_1,3.08695302,101.7139658,199
shp_PH_1,3.086676,101.7141232,200
shp_PH_1,3.08620899,101.714387,201
shp_PH_1,3.08570004,101.714638,202
shp_PH_1,3.08544804,101.7147892,203
shp_PH_1,3.08499597,101.7152438,204
shp_PH_1,3.08470797,101.715529,205
shp_PH_1,3.08433204,101.715786,206
shp_PH_1,3.08378502,101.7159851,207
shp_PH_1,3.08277702,101.7159541,208
shp_PH_1,3.08139597,101.715692,209
shp_PH_1,3.07998603,101.7153439,210
shp_PH_1,3.07932399,101.714998,211
shp_PH_1,3.07900899,101.714711,212
shp_PH_1,3.07849203,101.7141649,213
shp_PH_1,3.077919,101.71336,214
shp_PH_1,3.07737396,101.7125849,215
shp_PH_1,3.07691496,101.7119819,216
shp_PH_1,3.07582596,101.7109501,217
shp_PH_1,3.07525203,101.710399,218
shp_PH_1,3.07442403,101.7098719,219
shp_PH_1,3.07372599,101.709509,220
shp_PH_1,3.07310904,101.709265,221
shp_PH_1,3.07268496,101.709162,222
shp_PH_1,3.07219401,101.709041,223
shp_PH_1,3.071646,101.708946,224
shp_PH_1,3.07095102,101.7088628,225
shp_PH_1,3.06930096,101.7086782,226
shp_PH_1,3.06713502,101.7083858,227
shp_PH_1,3.06461799,101.708105,228
shp_PH_1,3.063375,101.7079402,229
shp_PH_1,3.06228501,101.7077872,230
shp_PH_1,3.06169299,101.7075589,231
shp_PH_1,3.06136098,101.7073688,232
shp_PH_1,3.06089001,101.7068738,233
shp_PH_1,3.060756,101.706678,234
shp_PH_1,3.06051399,101.706151,235
shp_PH_1,3.06041904,101.7055051,236
shp_PH_1,3.06022203,101.7041551,237
shp_PH_1,3.06016398,101.7036799,238
shp_PH_1,3.06011403,101.7033818,239
shp_PH_1,3.06004401,101.70297,240
shp_PH_1,3.05985897,101.7024379,241
shp_PH_1,3.05974404,101.702146,242
shp_PH_1,3.05963001,101.7019249,243
shp_PH_1,3.05946999,101.7016391,244
shp_PH_1,3.05935596,101.7014242,245
shp_PH_1,3.05918397,101.7010181,246
shp_PH_1,3.05907597,101.7007009,247
shp_PH_1,3.05895501,101.7003589,248
shp_PH_1,3.05889102,101.7000551,249
shp_PH_1,3.058776,101.6996051,250
shp_PH_1,3.05826696,101.6974501,251
shp_PH_1,3.05809497,101.6970322,252
shp_PH_1,3.05785998,101.6966768,253
shp_PH_1,3.05757297,101.6963662,254
shp_PH_1,3.05726103,101.696018,255
shp_PH_1,3.05706996,101.695739,256
shp_PH_1,3.05687898,101.6952322,257
shp_PH_1,3.056796,101.694775,258
shp_PH_1,3.05680203,101.6943509,259
shp_PH_1,3.05685396,101.6940589,260
shp_PH_1,3.05690499,101.693781,261
shp_PH_1,3.05704503,101.69347,262
shp_PH_1,3.05719101,101.693223,263
shp_PH_1,3.05744004,101.6928691,264
shp_PH_1,3.057714,101.6926088,265
shp_PH_1,3.05807103,101.692242,266
shp_PH_1,3.05911197,101.6913488,267
shp_PH_1,3.05950698,101.6911559,268
shp_PH_1,3.06028296,101.690906,269
shp_PH_1,3.06063198,101.6907322,270
shp_PH_1,3.06096201,101.6904622,271
shp_PH_1,3.06121401,101.690186,272
shp_PH_1,3.06139599,101.6898721,273
shp_PH_1,3.06159597,101.6892281,274
shp_PH_1,3.06161604,101.6889772,275
shp_PH_1,3.06161604,101.6886881,276
shp_PH_1,3.06159597,101.6882309,277
shp_PH_1,3.06157698,101.6877751,278
shp_PH_1,3.06147402,101.6862959,279
shp_PH_1,3.06141894,101.6852972,280
shp_PH_1,3.06135621,101.684641,281
shp_PH_1,3.06125865,101.6840617,282
shp_PH_1,3.06113328,101.6835664,283
shp_PH_1,3.06104958,101.6828892,284
shp_PH_1,3.06109143,101.682387,285
shp_PH_1,3.0612726,101.6817239,286
shp_PH_1,3.06156537,101.6809351,287
shp_PH_1,3.06175347,101.6803768,288
shp_PH_1,3.0620601,101.6794976,289
shp_PH_1,3.06253404,101.6781714,290
shp_PH_1,3.0629313,101.676992,291
shp_PH_1,3.06311247,101.676308,292
shp_PH_1,3.0631473,101.6758195,293
shp_PH_1,3.06306369,101.6751355,294
shp_PH_1,3.0628755,101.6742841,295
shp_PH_1,3.06272223,101.6735724,296
shp_PH_1,3.06250623,101.6725183,297
shp_PH_1,3.06245241,101.6720852,298
shp_PH_1,3.06236601,101.6716115,299
shp_PH_1,3.0622887,101.6711924,300
shp_PH_1,3.06214308,101.6705822,301
shp_PH_1,3.06201123,101.6699216,302
shp_PH_1,3.06194751,101.6694569,303
shp_PH_1,3.06189774,101.6689662,304
shp_PH_1,3.06191376,101.6679053,305
shp_PH_1,3.06191376,101.6661326,306
shp_PH_1,3.0619197,101.664207,307
shp_PH_1,3.06192078,101.6632991,308
shp_PH_1,3.06192078,101.662538,309
shp_PH_1,3.0619125,101.6615837,310
shp_PH_1,3.06189981,101.6611355,311
shp_PH_1,3.06180225,101.6606887,312
shp_PH_1,3.06162801,101.6603467,313
shp_PH_1,3.06137016,101.6599838,314
shp_PH_1,3.06109143,101.6597326,315
shp_PH_1,3.06074295,101.6595162,316
shp_PH_1,3.06040842,101.6593906,317
shp_PH_1,3.06012969,101.6593279,318
shp_PH_1,3.05962092,101.659307,319
shp_PH_1,3.05889615,101.6593348,320
shp_PH_1,3.05784378,101.6593697,321
shp_PH_1,3.05723745,101.6593978,322
shp_PH_1,3.05682624,101.6593837,323
shp_PH_1,3.05651268,101.6593416,324
shp_PH_1,3.05622693,101.6592163,325
shp_PH_1,3.05593425,101.6590208,326
shp_PH_1,3.05568333,101.6587487,327
shp_PH_1,3.05541153,101.658218,328
shp_PH_1,3.05498637,101.657241,329
shp_PH_1,3.05484705,101.6568922,330
shp_PH_1,3.05466579,101.6564872,331
shp_PH_1,3.05435223,101.6558172,332
shp_PH_1,3.05392014,101.6547912,333
shp_PH_1,3.05328222,101.6534066,334
shp_PH_1,3.05276319,101.6523277,335
shp_PH_1,3.05219178,101.65126,336
shp_PH_1,3.05171784,101.6503877,337
shp_PH_1,3.05149482,101.6498084,338
shp_PH_1,3.05136936,101.6491381,339
shp_PH_1,3.05122302,101.647282,340
shp_PH_1,3.05116776,101.6463002,341
shp_PH_1,3.05100702,101.6455439,342
shp_PH_1,3.05073351,101.6448905,343
shp_PH_1,3.05032599,101.64398,344
shp_PH_1,3.04987797,101.6429267,345
shp_PH_1,3.04978383,101.6426894,346
shp_PH_1,3.04960698,101.6422808,347
shp_PH_1,3.04953498,101.6420591,348
shp_PH_1,3.04948404,101.641815,349
shp_PH_1,3.04945182,101.6416062,350
shp_PH_1,3.04943643,101.6413128,351
shp_PH_1,3.04944417,101.6408675,352
shp_PH_1,3.04945443,101.6399354,353
shp_PH_1,3.04950582,101.636775,354
shp_PH_1,3.04952121,101.6347421,355
shp_PH_1,3.04955208,101.6333626,356
shp_PH_1,3.04962147,101.630943,357
shp_PH_1,3.04969338,101.6294915,358
shp_PH_1,3.04973073,101.6289691,359
shp_PH_1,3.04975638,101.6282999,360
shp_PH_1,3.04977951,101.6280914,361
shp_PH_1,3.04984638,101.6276821,362
shp_PH_1,3.04993629,101.6271364,363
shp_PH_1,3.05001981,101.6265701,364
shp_PH_1,3.0500892,101.6261532,365
shp_PH_1,3.05015337,101.6259242,366
shp_PH_1,3.05023599,101.6256481,367
shp_PH_1,3.05031528,101.6254534,368
shp_PH_1,3.05040528,101.6252939,369
shp_PH_1,3.05050932,101.6251009,370
shp_PH_1,3.05060697,101.6249335,371
shp_PH_1,3.05084862,101.6245861,372
shp_PH_1,3.05098866,101.6243543,373
shp_PH_1,3.05113518,101.6241098,374
shp_PH_1,3.05120718,101.6239684,375
shp_PH_1,3.05126397,101.6237869,376
shp_PH_1,3.05129457,101.623626,377
shp_PH_1,3.05131248,101.6234791,378
shp_PH_1,3.05130222,101.6233841,379
shp_PH_1,3.05127999,101.62323,380
shp_PH_1,3.05121996,101.6230547,381
shp_PH_1,3.05115057,101.6229236,382
shp_PH_1,3.05106003,101.6227951,383
shp_PH_1,3.0507651,101.6225579,384
shp_PH_1,3.05058519,101.6224164,385
shp_PH_1,3.0502305,101.6221745,386
shp_PH_1,3.04985304,101.6219329,387
shp_PH_1,3.04944408,101.6217162,388
shp_PH_1,3.0478095,101.6208256,389
shp_PH_1,3.04694082,101.6203831,390
shp_PH_1,3.04502355,101.6193794,391
shp_PH_1,3.04372503,101.618698,392
shp_PH_1,3.04242525,101.6183347,393
shp_PH_1,3.04162335,101.6181029,394
shp_PH_1,3.04085754,101.6179484,395
shp_PH_1,3.04006851,101.6178199,396
shp_PH_1,3.03950817,101.617722,397
shp_PH_1,3.03896331,101.6175881,398
shp_PH_1,3.03850845,101.6174387,399
shp_PH_1,3.03822054,101.6173411,400
shp_PH_1,3.03772716,101.6172122,401
shp_PH_1,3.03677622,101.6170322,402
shp_PH_1,3.03587496,101.6168519,403
shp_PH_1,3.03554898,101.6167723,404
shp_PH_1,3.03486102,101.6166082,405
shp_PH_1,3.03442965,101.6164789,406
shp_PH_1,3.03423435,101.616417,407
shp_PH_1,3.03384879,101.616286,408
shp_PH_1,3.03370974,101.6162363,409
shp_PH_1,3.03350535,101.6161553,410
shp_PH_1,3.03302547,101.6159602,411
shp_PH_1,3.03265701,101.6158072,412
shp_PH_1,3.03182262,101.6154349,413
shp_PH_1,3.03141654,101.615224,414
shp_PH_1,3.03130989,101.6151624,415
shp_PH_1,3.03114537,101.6150749,416
shp_PH_1,3.03100659,101.6149745,417
shp_PH_1,3.03089355,101.614923,418
shp_PH_1,3.03061338,101.614815,419
shp_PH_1,3.03043599,101.614766,420
shp_PH_1,3.03012243,101.6147196,421
shp_PH_1,3.029778,101.6146771,422
shp_PH_1,3.02948253,101.6146552,423
shp_PH_1,3.02885793,101.6146786,424
shp_PH_1,3.02876289,101.6146706,425
shp_PH_1,3.02861376,101.6146577,426
shp_PH_1,3.02828202,101.614639,427
shp_PH_1,3.02812812,101.6146037,428
shp_PH_1,3.02782599,101.614532,429
shp_PH_1,3.02632902,101.614235,430
shp_PH_1,3.02540373,101.6140658,431
shp_PH_1,3.02472009,101.6139323,432
shp_PH_1,3.02415462,101.6138293,433
shp_PH_1,3.02366628,101.6137055,434
shp_PH_1,3.02330655,101.6136025,435
shp_PH_1,3.02284098,101.6134492,436
shp_PH_1,3.02187753,101.6131961,437
shp_PH_1,3.02104485,101.6129902,438
shp_PH_1,3.02089068,101.6129747,439
shp_PH_1,3.02043321,101.6129902,440
shp_PH_1,3.01963131,101.6130521,441
shp_PH_1,3.0192561,101.6130881,442
shp_PH_1,3.01888458,101.6131111,443
shp_PH_1,3.01861215,101.6131111,444
shp_PH_1,3.01838598,101.6131032,445
shp_PH_1,3.01819833,101.6130751,446
shp_PH_1,3.01769721,101.6129642,447
shp_PH_1,3.01706703,101.612831,448
shp_PH_1,3.01641084,101.6127094,449
shp_PH_1,3.01592385,101.6126248,450
shp_PH_1,3.01538664,101.6125369,451
shp_PH_1,3.01499091,101.6124883,452
shp_PH_1,3.01483152,101.6124754,453
shp_PH_1,3.01470561,101.6124908,454
shp_PH_1,3.01449996,101.6125114,455
shp_PH_1,3.01424904,101.6125639,456
shp_PH_1,3.01377393,101.6126428,457
shp_PH_1,3.01332672,101.6127536,458
shp_PH_1,3.0132,101.612785,459
shp_PH_1,3.0129984,101.6128098,460
shp_PH_1,3.01274649,101.6128152,461
shp_PH_1,3.01248801,101.6128012,462
shp_PH_1,3.01213998,101.6127223,463
shp_PH_1,3.01182894,101.6125783,464
shp_PH_1,3.0114126,101.6123414,465
shp_PH_1,3.01096026,101.612074,466
shp_PH_1,3.01059099,101.6118551,467
shp_PH_1,3.010266,101.611593,468
shp_PH_1,3.01006503,101.611274,469
shp_PH_1,3.00998097,101.6109169,470
shp_PH_1,3.00996603,101.6105371,471
shp_PH_1,3.00995199,101.609843,472
shp_PH_1,3.00993804,101.6093441,473
shp_PH_1,3.00992499,101.6090899,474
shp_PH_1,3.009888,101.6089319,475
shp_PH_1,3.00987,101.6088991,476
shp_PH_1,3.00976299,101.6086792,477
shp_PH_1,3.00962403,101.6084581,478
shp_PH_1,3.00942702,101.6082421,479
shp_PH_1,3.00923496,101.6080459,480
shp_PH_1,3.008871,101.6077208,481
shp_PH_1,3.00853998,101.6073839,482
shp_PH_1,3.00828798,101.6071031,483
shp_PH_1,3.00808098,101.6068118,484
shp_PH_1,3.00795399,101.606567,485
shp_PH_1,3.00793104,101.606472,486
shp_PH_1,3.00791097,101.606445,487
shp_PH_1,3.00787704,101.606288,488
shp_PH_1,3.00785697,101.6060962,489
shp_PH_1,3.00784797,101.6057902,490
shp_PH_1,3.00785202,101.6054269,491
shp_PH_1,3.00786201,101.605108,492
shp_PH_1,3.00785697,101.60482,493
shp_PH_1,3.00785202,101.604425,494
shp_PH_1,3.00784698,101.6041162,495
shp_PH_1,3.00785697,101.6037832,496
shp_PH_1,3.00785697,101.6031211,497
shp_PH_1,3.00786597,101.6026639,498
shp_PH_1,3.00786102,101.6020778,499
shp_PH_1,3.00785598,101.6013442,500
shp_PH_1,3.00786102,101.601,501
shp_PH_1,3.00789099,101.6005702,502
shp_PH_1,3.00790998,101.6002249,503
shp_PH_1,3.007935,101.5999261,504
shp_PH_1,3.00796398,101.5996601,505
shp_PH_1,3.00796398,101.5994441,506
shp_PH_1,3.00797397,101.599326,507
shp_PH_1,3.00797001,101.599294,508
shp_PH_1,3.00797001,101.599186,509
shp_PH_1,3.00797496,101.5990481,510
shp_PH_1,3.007935,101.5988119,511
shp_PH_1,3.00790098,101.5986791,512
shp_PH_1,3.00779703,101.5985081,513
shp_PH_1,3.00770802,101.5983659,514
shp_PH_1,3.007566,101.5982291,515
shp_PH_1,3.00744297,101.5981312,516
shp_PH_1,3.00731499,101.5980682,517
shp_PH_1,3.007197,101.5980091,518
shp_PH_1,3.00702996,101.5979512,519
shp_PH_1,3.00691197,101.5979378,520
shp_PH_1,3.00667302,101.5979332,521
shp_PH_1,3.00633399,101.5979749,522
shp_PH_1,3.00583899,101.5980451,523
shp_PH_1,3.00543102,101.598098,524
shp_PH_1,3.00506202,101.5981549,525
shp_PH_1,3.00480696,101.5981859,526
shp_PH_1,3.00463596,101.5982089,527
shp_PH_1,3.00443103,101.5982309,528
shp_PH_1,3.00432303,101.598232,529
shp_PH_1,3.00418002,101.598237,530
shp_PH_1,3.00400902,101.5982258,531
shp_PH_1,3.00385503,101.5982032,532
shp_PH_1,3.00370698,101.5981628,533
shp_PH_1,3.00352401,101.598106,534
shp_PH_1,3.00318696,101.5979861,535
shp_PH_1,3.00287304,101.5978601,536
shp_PH_1,3.00251304,101.5977172,537
shp_PH_1,3.002193,101.5975969,538
shp_PH_1,3.001581,101.5973618,539
shp_PH_1,3.00119796,101.5972132,540
shp_PH_1,3.00090096,101.597099,541
shp_PH_1,2.99995902,101.5967452,542
shp_PH_1,2.99949804,101.596577,543
shp_PH_1,2.99884896,101.5963358,544
shp_PH_1,2.99807298,101.596063,545
shp_PH_1,2.99720304,101.5957271,546
shp_PH_1,2.99641599,101.5954229,547
shp_PH_1,2.99610198,101.5952969,548
shp_PH_1,2.99561904,101.595118,549
shp_PH_1,2.99532996,101.5949999,550
shp_PH_1,2.99498004,101.594839,551
shp_PH_1,2.99472804,101.594646,552
shp_PH_1,2.99457099,101.5944149,553
shp_PH_1,2.994435,101.5941211,554
shp_PH_1,2.99440296,101.5938878,555
shp_PH_1,2.99444697,101.5934648,556
shp_PH_1,2.99454003,101.593017,557
shp_PH_1,2.99465496,101.592491,558
shp_PH_1,2.99476296,101.5919932,559
shp_PH_1,2.994858,101.5915741,560
shp_PH_1,2.99493702,101.5911472,561
shp_PH_1,2.99498499,101.5906111,562
shp_PH_1,2.99503701,101.5896251,563
shp_PH_1,2.99509101,101.588494,564
shp_PH_1,2.99511999,101.5878308,565
shp_PH_1,2.99514798,101.5873531,566
shp_PH_1,2.99519001,101.5866202,567
shp_PH_1,2.99523303,101.585911,568
shp_PH_1,2.99526696,101.5852399,569
shp_PH_1,2.995317,101.5844591,570
shp_PH_1,2.99525103,101.5837819,571
shp_PH_1,2.99509002,101.5831958,572
shp_PH_1,2.99482002,101.5826191,573
shp_PH_1,2.99461401,101.5822771,574
shp_PH_1,2.99433096,101.581834,575
shp_PH_1,2.99410902,101.5814542,576
shp_PH_1,2.99389203,101.5810088,577
shp_PH_1,2.99378997,101.580565,578
shp_PH_1,2.99376396,101.5800998,579
shp_PH_1,2.99386701,101.5796092,580
shp_PH_1,2.99416302,101.5789561,581
shp_PH_1,2.99433402,101.5786091,582
shp_PH_1,2.99488797,101.5775971,583
shp_PH_1,2.99511198,101.5771961,584
shp_PH_1,2.99535597,101.576718,585
shp_PH_1,2.99575602,101.57593,586
shp_PH_1,2.996046,101.5753781,587
shp_PH_1,2.99653299,101.574437,588
shp_PH_1,2.99685798,101.5737941,589
shp_PH_1,2.99713698,101.57332,590
shp_PYL_0,3.176307,101.57225,1
shp_PYL_0,3.176702,101.573863,2
shp_PYL_0,3.177067,101.574533,3
shp_PYL_0,3.177603,101.575292,4
shp_PYL_0,3.17816,101.575844,5
shp_PYL_0,3.178872,101.576343,6
shp_PYL_0,3.179394,101.57662,7
shp_PYL_0,3.179763,101.576778,8
shp_PYL_0,3.180199,101.576962,9
shp_PYL_0,3.180735,101.577178,10
shp_PYL_0,3.181764,101.577576,11
shp_PYL_0,3.18341,101.578261,12
shp_PYL_0,3.1844,101.578627,13
shp_PYL_0,3.18586,101.579229,14
shp_PYL_0,3.186165,101.579315,15
shp_PYL_0,3.186523,101.579327,16
shp_PYL_0,3.186898,101.57928,17
shp_PYL_0,3.187527,101.578996,18
shp_PYL_0,3.188145,101.578598,19
shp_PYL_0,3.188541,101.578437,20
shp_PYL_0,3.188965,101.578345,21
shp_PYL_0,3.189394,101.578362,22
shp_PYL_0,3.189833,101.578482,23
shp_PYL_0,3.190337,101.578696,24
shp_PYL_0,3.190814,101.578826,25
shp_PYL_0,3.191161,101.578904,26
shp_PYL_0,3.191656,101.578908,27
shp_PYL_0,3.19227,101.578729,28
shp_PYL_0,3.194153,101.578199,29
shp_PYL_0,3.194519,101.578136,30
shp_PYL_0,3.194858,101.57813,31
shp_PYL_0,3.195272,101.57816,32
shp_PYL_0,3.195827,101.578244,33
shp_PYL_0,3.196265,101.578303,34
shp_PYL_0,3.196649,101.578403,35
shp_PYL_0,3.196986,101.578472,36
shp_PYL_0,3.197299,101.578566,37
shp_PYL_0,3.197558,101.578608,38
shp_PYL_0,3.197777,101.578638,39
shp_PYL_0,3.199049,101.578767,40
shp_PYL_0,3.200595,101.578608,41
shp_PYL_0,3.201333,101.578548,42
shp_PYL_0,3.201951,101.578562,43
shp_PYL_0,3.203021,101.578762,44
shp_PYL_0,3.20386,101.578795,45
shp_PYL_0,3.205184,101.578647,46
shp_PYL_0,3.205561,101.578818,47
shp_PYL_0,3.205897,101.578993,48
shp_PYL_0,3.206083,101.579136,49
shp_PYL_0,3.206184,101.57926,50
shp_PYL_0,3.206298,101.579384,51
shp_PYL_0,3.20646,101.579651,52
shp_PYL_0,3.206622,101.579949,53
shp_PYL_0,3.206623,101.580233,54
shp_PYL_0,3.206604,101.58059,55
shp_PYL_0,3.206547,101.580899,56
shp_PYL_0,3.206486,101.581214,57
shp_PYL_0,3.206364,101.581653,58
shp_PYL_0,3.206147,101.582402,59
shp_PYL_0,3.205867,101.583116,60
shp_PYL_0,3.205653,101.583568,61
shp_PYL_0,3.205029,101.584558,62
shp_PYL_0,3.204567,101.585118,63
shp_PYL_0,3.20373,101.586337,64
shp_PYL_0,3.203308,101.586997,65
shp_PYL_0,3.202737,101.5876,66
shp_PYL_0,3.202133,101.588002,67
shp_PYL_0,3.201683,101.588245,68
shp_PYL_0,3.20147,101.588478,69
shp_PYL_0,3.201068,101.588946,70
shp_PYL_0,3.200742,101.589541,71
shp_PYL_0,3.200587,101.590076,72
shp_PYL_0,3.200464,101.590435,73
shp_PYL_0,3.200252,101.591284,74
shp_PYL_0,3.199999,101.592053,75
shp_PYL_0,3.19965,101.593289,76
shp_PYL_0,3.199348,101.594374,77
shp_PYL_0,3.199177,101.595815,78
shp_PYL_0,3.199307,101.596993,79
shp_PYL_0,3.199516,101.597624,80
shp_PYL_0,3.199577,101.597988,81
shp_PYL_0,3.199816,101.59858,82
shp_PYL_0,3.19978,101.59919,83
shp_PYL_0,3.199665,101.599732,84
shp_PYL_0,3.199456,101.600325,85
shp_PYL_0,3.199255,101.601018,86
shp_PYL_0,3.198712,101.603582,87
shp_PYL_0,3.198455,101.604749,88
shp_PYL_0,3.198103,101.606572,89
shp_PYL_0,3.198176,101.607659,90
shp_PYL_0,3.198268,101.608376,91
shp_PYL_0,3.198321,101.60899,92
shp_PYL_0,3.198342,101.609378,93
shp_PYL_0,3.198464,101.609954,94
shp_PYL_0,3.198631,101.610657,95
shp_PYL_0,3.19893,101.611207,96
shp_PYL_0,3.199331,101.611932,97
shp_PYL_0,3.19974,101.612561,98
shp_PYL_0,3.199901,101.612888,99
shp_PYL_0,3.200081,101.613474,100
shp_PYL_0,3.200132,101.61402,101
shp_PYL_0,3.200109,101.614555,102
shp_PYL_0,3.200024,101.615111,103
shp_PYL_0,3.199903,101.615551,104
shp_PYL_0,3.199681,101.61594,105
shp_PYL_0,3.199409,101.616456,106
shp_PYL_0,3.199003,101.617015,107
shp_PYL_0,3.198743,101.617406,108
shp_PYL_0,3.198567,101.617721,109
shp_PYL_0,3.198358,101.618059,110
shp_PYL_0,3.198285,101.618436,111
shp_PYL_0,3.198198,101.618929,112
shp_PYL_0,3.198214,101.619375,113
shp_PYL_0,3.198304,101.619902,114
shp_PYL_0,3.198401,101.620452,115
shp_PYL_0,3.198519,101.620875,116
shp_PYL_0,3.1986,101.621266,117
shp_PYL_0,3.198727,101.62195,118
shp_PYL_0,3.19881,101.622506,119
shp_PYL_0,3.198947,101.623004,120
shp_PYL_0,3.199121,101.623427,121
shp_PYL_0,3.199402,101.623791,122
shp_PYL_0,3.199836,101.62431,123
shp_PYL_0,3.201077,101.625083,124
shp_PYL_0,3.202231,101.625761,125
shp_PYL_0,3.204007,101.62685,126
shp_PYL_0,3.205479,101.627591,127
shp_PYL_0,3.207229,101.628385,128
shp_PYL_0,3.207871,101.628722,129
shp_PYL_0,3.2094,101.629501,130
shp_PYL_0,3.210273,101.629582,131
shp_PYL_0,3.210864,101.629689,132
shp_PYL_0,3.211363,101.629902,133
shp_PYL_0,3.211795,101.63015,134
shp_PYL_0,3.212393,101.630864,135
shp_PYL_0,3.212647,101.631509,136
shp_PYL_0,3.21336,101.632803,137
shp_PYL_0,3.213596,101.633688,138
shp_PYL_0,3.213633,101.634753,139
shp_PYL_0,3.213845,101.636065,140
shp_PYL_0,3.214085,101.637526,141
shp_PYL_0,3.214333,101.638529,142
shp_PYL_0,3.214497,101.639381,143
shp_PYL_0,3.214539,101.639897,144
shp_PYL_0,3.214643,101.641014,145
shp_PYL_0,3.21461,101.641861,146
shp_PYL_0,3.214443,101.642657,147
shp_PYL_0,3.214254,101.642963,148
shp_PYL_0,3.213836,101.643984,149
shp_PYL_0,3.213326,101.645196,150
shp_PYL_0,3.212981,101.645986,151
shp_PYL_0,3.21264,101.646504,152
shp_PYL_0,3.212361,101.647042,153
shp_PYL_0,3.212187,101.647458,154
shp_PYL_0,3.211692,101.648208,155
shp_PYL_0,3.211279,101.649015,156
shp_PYL_0,3.210714,101.649912,157
shp_PYL_0,3.210103,101.650813,158
shp_PYL_0,3.209836,101.651143,159
shp_PYL_0,3.209659,101.651555,160
shp_PYL_0,3.209497,101.651804,161
shp_PYL_0,3.209402,101.65215,162
shp_PYL_0,3.209276,101.652538,163
shp_PYL_0,3.209198,101.652973,164
shp_PYL_0,3.209234,101.654033,165
shp_PYL_0,3.209375,101.65466,166
shp_PYL_0,3.209408,101.655335,167
shp_PYL_0,3.209465,101.655802,168
shp_PYL_0,3.209522,101.656392,169
shp_PYL_0,3.20956,101.656863,170
shp_PYL_0,3.209576,101.657248,171
shp_PYL_0,3.209514,101.657681,172
shp_PYL_0,3.209386,101.658136,173
shp_PYL_0,3.209339,101.658403,174
shp_PYL_0,3.209292,101.658572,175
shp_PYL_0,3.208982,101.659245,176
shp_PYL_0,3.208549,101.660018,177
shp_PYL_0,3.208342,101.660484,178
shp_PYL_0,3.208001,101.661172,179
shp_PYL_0,3.207821,101.66154,180
shp_PYL_0,3.207767,101.661998,181
shp_PYL_0,3.207772,101.662968,182
shp_PYL_0,3.207747,101.663434,183
shp_PYL_0,3.207775,101.664069,184
shp_PYL_0,3.207652,101.664496,185
shp_PYL_0,3.207556,101.664728,186
shp_PYL_0,3.207453,101.665044,187
shp_PYL_0,3.207351,101.66522,188
shp_PYL_0,3.207188,101.665576,189
shp_PYL_0,3.206952,101.666105,190
shp_PYL_0,3.206761,101.666569,191
shp_PYL_0,3.206424,101.667211,192
shp_PYL_0,3.206139,101.668344,193
shp_PYL_0,3.206255,101.669071,194
shp_PYL_0,3.206464,101.669629,195
shp_PYL_0,3.206731,101.670318,196
shp_PYL_0,3.20707,101.671032,197
shp_PYL_0,3.207405,101.671859,198
shp_PYL_0,3.207515,101.672523,199
shp_PYL_0,3.207452,101.673178,200
shp_PYL_0,3.207326,101.673673,201
shp_PYL_0,3.207047,101.674218,202
shp_PYL_0,3.206439,101.674919,203
shp_PYL_0,3.205582,101.675637,204
shp_PYL_0,3.204897,101.676067,205
shp_PYL_0,3.204227,101.676257,206
shp_PYL_0,3.203267,101.676287,207
shp_PYL_0,3.202725,101.676373,208
shp_PYL_0,3.20204,101.676556,209
shp_PYL_0,3.20163,101.676742,210
shp_PYL_0,3.201327,101.676947,211
shp_PYL_0,3.200981,101.677159,212
shp_PYL_0,3.199985,101.677763,213
shp_PYL_0,3.199318,101.678168,214
shp_PYL_0,3.198696,101.678525,215
shp_PYL_0,3.197928,101.678927,216
shp_PYL_0,3.197546,101.679146,217
shp_PYL_0,3.197346,101.679261,218
shp_PYL_0,3.197108,101.67937,219
shp_PYL_0,3.196757,101.679492,220
shp_PYL_0,3.196368,101.679559,221
shp_PYL_0,3.196075,101.679585,222
shp_PYL_0,3.195407,101.67963,223
shp_PYL_0,3.194741,101.679681,224
shp_PYL_0,3.194083,101.679716,225
shp_PYL_0,3.193427,101.679766,226
shp_PYL_0,3.192623,101.67983,227
shp_PYL_0,3.192053,101.679946,228
shp_PYL_0,3.191654,101.680101,229
shp_PYL_0,3.191409,101.680186,230
shp_PYL_0,3.190965,101.680391,231
shp_PYL_0,3.190087,101.680811,232
shp_PYL_0,3.189367,101.68114,233
shp_PYL_0,3.188441,101.681551,234
shp_PYL_0,3.187776,101.681823,235
shp_PYL_0,3.187428,101.681932,236
shp_PYL_0,3.187122,101.681951,237
shp_PYL_0,3.18635,101.681859,238
shp_PYL_0,3.185906,101.681732,239
shp_PYL_0,3.185471,101.681608,240
shp_PYL_0,3.184979,101.681446,241
shp_PYL_0,3.184324,101.681428,242
shp_PYL_0,3.184005,101.681551,243
shp_PYL_0,3.183484,101.68163,244
shp_PYL_0,3.182938,101.681727,245
shp_PYL_0,3.18261,101.681799,246
shp_PYL_0,3.182143,101.681943,247
shp_PYL_0,3.181451,101.682149,248
shp_PYL_0,3.181058,101.682438,249
shp_PYL_0,3.180628,101.682742,250
shp_PYL_0,3.180347,101.683024,251
shp_PYL_0,3.180157,101.683231,252
shp_PYL_0,3.179874,101.683755,253
shp_PYL_0,3.179681,101.684071,254
shp_PYL_0,3.179578,101.6842,255
shp_PYL_0,3.179484,101.684376,256
shp_PYL_0,3.179411,101.684592,257
shp_PYL_0,3.179372,101.684741,258
shp_PYL_0,3.179278,101.684916,259
shp_PYL_0,3.179177,101.685112,260
shp_PYL_0,3.179086,101.685312,261
shp_PYL_0,3.178995,101.685507,262
shp_PYL_0,3.178701,101.686039,263
shp_PYL_0,3.178163,101.687017,264
shp_PYL_0,3.177537,101.687748,265
shp_PYL_0,3.177476,101.688025,266
shp_PYL_0,3.177056,101.68863,267
shp_PYL_0,3.176576,101.689354,268
shp_PYL_0,3.176254,101.68979,269
shp_PYL_0,3.175904,101.690295,270
shp_PYL_0,3.175548,101.690595,271
shp_PYL_0,3.174724,101.691057,272
shp_PYL_0,3.173874,101.69153,273
shp_PYL_0,3.173274,101.692099,274
shp_PYL_0,3.172795,101.692508,275
shp_PYL_0,3.172745,101.693122,276
shp_PYL_0,3.172949,101.693977,277
shp_PYL_0,3.173352,101.694718,278
shp_PYL_0,3.173847,101.695616,279
shp_PYL_0,3.17402,101.69583,280
shp_PYL_0,3.174275,101.696667,281
shp_PYL_0,3.174279,101.69726,282
shp_PYL_0,3.173833,101.697771,283
shp_PYL_0,3.173578,101.698051,284
shp_PYL_0,3.173538,101.698325,285
shp_PYL_0,3.173607,101.698785,286
shp_PYL_0,3.174115,101.699754,287
shp_PYL_0,3.174209,101.700358,288
shp_PYL_0,3.174324,101.701018,289
shp_PYL_0,3.174318,101.701588,290
shp_PYL_0,3.174125,101.702071,291
shp_PYL_0,3.173906,101.70254,292
shp_PYL_0,3.173753,101.703148,293
shp_PYL_0,3.173554,101.70393,294
shp_PYL_0,3.173106,101.704691,295
shp_PYL_0,3.172555,101.704977,296
shp_PYL_0,3.171939,101.705647,297
shp_PYL_0,3.171268,101.70618,298
shp_PYL_0,3.170932,101.706371,299
shp_PYL_0,3.170344,101.706644,300
shp_PYL_0,3.169385,101.707155,301
shp_PYL_0,3.168936,101.707449,302
shp_PYL_0,3.168492,101.707872,303
shp_PYL_0,3.168229,101.708207,304
shp_PYL_0,3.168018,101.708558,305
shp_PYL_0,3.16794,101.71017,306
shp_PYL_0,3.167936,101.711744,307
shp_PYL_0,3.167954,101.713417,308
shp_PYL_0,3.167626,101.714286,309
shp_PYL_0,3.167076,101.715338,310
shp_PYL_0,3.166632,101.715966,311
shp_PYL_0,3.165261,101.71669,312
shp_PYL_0,3.16444,101.717163,313
shp_PYL_0,3.163793,101.717385,314
shp_PYL_0,3.162915,101.717713,315
shp_PYL_0,3.162519,101.71781,316
shp_PYL_0,3.161746,101.717993,317
shp_PYL_0,3.161119,101.718099,318
shp_PYL_0,3.160115,101.718283,319
shp_PYL_0,3.159444,101.718287,320
shp_PYL_0,3.157422,101.718215,321
shp_PYL_0,3.156772,101.718173,322
shp_PYL_0,3.155632,101.718132,323
shp_PYL_0,3.154539,101.718173,324
shp_PYL_0,3.153621,101.718081,325
shp_PYL_0,3.15291,101.71811,326
shp_PYL_0,3.152555,101.718147,327
shp_PYL_0,3.152096,101.718137,328
shp_PYL_0,3.15172,101.718171,329
shp_PYL_0,3.151398,101.718195,330
shp_PYL_0,3.151167,101.718217,331
shp_PYL_0,3.150731,101.718381,332
shp_PYL_0,3.150387,101.718517,333
shp_PYL_0,3.150099,101.718617,334
shp_PYL_0,3.149674,101.71887,335
shp_PYL_0,3.149413,101.718968,336
shp_PYL_0,3.148699,101.719126,337
shp_PYL_0,3.148203,101.719198,338
shp_PYL_0,3.14675,101.719255,339
shp_PYL_0,3.146312,101.719284,340
shp_PYL_0,3.145744,101.719327,341
shp_PYL_0,3.143529,101.71986,342
shp_PYL_0,3.142931,101.720021,343
shp_PYL_0,3.142587,101.720107,344
shp_PYL_0,3.142297,101.720115,345
shp_PYL_0,3.141934,101.720085,346
shp_PYL_0,3.141426,101.720023,347
shp_PYL_0,3.140979,101.719822,348
shp_PYL_0,3.140478,101.719757,349
shp_PYL_0,3.140209,101.719764,350
shp_PYL_0,3.13943,101.71936,351
shp_PYL_0,3.138887,101.718989,352
shp_PYL_0,3.138658,101.7189,353
shp_PYL_0,3.138113,101.718396,354
shp_PYL_0,3.137622,101.718163,355
shp_PYL_0,3.137162,101.718112,356
shp_PYL_0,3.136708,101.718393,357
shp_PYL_0,3.136195,101.718463,358
shp_PYL_0,3.135876,101.718716,359
shp_PYL_0,3.135337,101.718811,360
shp_PYL_0,3.134904,101.718823,361
shp_PYL_0,3.134661,101.718829,362
shp_PYL_0,3.134144,101.718733,363
shp_PYL_0,3.133928,101.718744,364
shp_PYL_0,3.133558,101.718603,365
shp_PYL_0,3.133246,101.718493,366
shp_PYL_0,3.132807,101.718331,367
shp_PYL_0,3.132695,101.718295,368
shp_PYL_0,3.132241,101.718124,369
shp_PYL_0,3.131835,101.717961,370
shp_PYL_0,3.130793,101.71758,371
shp_PYL_0,3.130464,101.717429,372
shp_PYL_0,3.130226,101.717291,373
shp_PYL_0,3.129979,101.717202,374
shp_PYL_0,3.129739,101.717094,375
shp_PYL_0,3.129376,101.716866,376
shp_PYL_0,3.128655,101.716389,377
shp_PYL_0,3.126074,101.715038,378
shp_PYL_0,3.123168,101.712872,379
shp_PYL_0,3.122513,101.712288,380
shp_PYL_0,3.121525,101.710233,381
shp_PYL_0,3.121163,101.708949,382
shp_PYL_0,3.120307,101.707302,383
shp_PYL_0,3.118232,101.704734,384
shp_PYL_0,3.108022,101.697192,385
shp_PYL_0,3.101034,101.694857,386
shp_PYL_0,3.100747,101.694801,387
shp_PYL_0,3.10024,101.694787,388
shp_PYL_0,3.099805,101.69482,389
shp_PYL_0,3.099357,101.694946,390
shp_PYL_0,3.098711,101.695137,391
shp_PYL_0,3.098118,101.695222,392
shp_PYL_0,3.09765,101.695196,393
shp_PYL_0,3.096715,101.695025,394
shp_PYL_0,3.095796,101.694822,395
shp_PYL_0,3.094422,101.694465,396
shp_PYL_0,3.092405,101.694287,397
shp_PYL_0,3.090952,101.694208,398
shp_PYL_0,3.089496,101.694109,399
shp_PYL_0,3.088462,101.694043,400
shp_PYL_0,3.087888,101.694102,401
shp_PYL_0,3.087572,101.694161,402
shp_PYL_0,3.087131,101.694326,403
shp_PYL_0,3.086814,101.694478,404
shp_PYL_0,3.08659,101.694649,405
shp_PYL_0,3.086294,101.694919,406
shp_PYL_0,3.08545,101.695888,407
shp_PYL_0,3.084627,101.696692,408
shp_PYL_0,3.084133,101.697186,409
shp_PYL_0,3.083843,101.697397,410
shp_PYL_0,3.083566,101.697509,411
shp_PYL_0,3.083118,101.697713,412
shp_PYL_0,3.082209,101.697871,413
shp_PYL_0,3.081358,101.697957,414
shp_PYL_0,3.080515,101.698273,415
shp_PYL_0,3.079197,101.698879,416
shp_PYL_0,3.078387,101.699242,417
shp_PYL_0,3.077629,101.699571,418
shp_PYL_0,3.076871,101.699934,419
shp_PYL_0,3.076239,101.700336,420
shp_PYL_0,3.075797,101.700764,421
shp_PYL_0,3.075448,101.701271,422
shp_PYL_0,3.075342,101.701548,423
shp_PYL_0,3.075158,101.702299,424
shp_PYL_0,3.075046,101.702872,425
shp_PYL_0,3.074822,101.703551,426
shp_PYL_0,3.074552,101.703999,427
shp_PYL_0,3.074203,101.704362,428
shp_PYL_0,3.073972,101.704559,429
shp_PYL_0,3.073313,101.704928,430
shp_PYL_0,3.072753,101.705093,431
shp_PYL_0,3.072035,101.705324,432
shp_PYL_0,3.070743,101.705811,433
shp_PYL_0,3.069643,101.706193,434
shp_PYL_0,3.069195,101.706358,435
shp_PYL_0,3.068674,101.706609,436
shp_PYL_0,3.068285,101.706892,437
shp_PYL_0,3.068028,101.707123,438
shp_PYL_0,3.067538,101.707696,439
shp_PYL_0,3.067261,101.707996,440
shp_PYL_0,3.067159,101.708088,441
shp_PYL_0,3.066977,101.708206,442
shp_PYL_0,3.066645,101.708378,443
shp_PYL_0,3.066141,101.708536,444
shp_PYL_0,3.065709,101.708592,445
shp_PYL_0,3.065538,101.708592,446
shp_PYL_0,3.065172,101.708556,447
shp_PYL_0,3.064437,101.708467,448
shp_PYL_0,3.063811,101.708407,449
shp_PYL_0,3.063136,101.708315,450
shp_PYL_0,3.062816,101.708286,451
shp_PYL_0,3.062497,101.708226,452
shp_PYL_0,3.062098,101.708131,453
shp_PYL_0,3.061554,101.707861,454
shp_PYL_0,3.061185,101.70761,455
shp_PYL_0,3.060788,101.707361,456
shp_PYL_0,3.060368,101.707106,457
shp_PYL_0,3.05995,101.706912,458
shp_PYL_0,3.059495,101.706833,459
shp_PYL_0,3.058882,101.706788,460
shp_PYL_0,3.058526,101.706765,461
shp_PYL_0,3.058214,101.706747,462
shp_PYL_0,3.057766,101.706724,463
shp_PYL_0,3.056866,101.706678,464
shp_PYL_0,3.056263,101.706655,465
shp_PYL_0,3.055786,101.706628,466
shp_PYL_0,3.054827,101.706559,467
shp_PYL_0,3.054369,101.70652,468
shp_PYL_0,3.053647,101.706473,469
shp_PYL_0,3.053199,101.706441,470
shp_PYL_0,3.052985,101.706404,471
shp_PYL_0,3.052682,101.706322,472
shp_PYL_0,3.052013,101.706056,473
shp_PYL_0,3.051881,101.706012,474
shp_PYL_0,3.05143,101.705834,475
shp_PYL_0,3.051127,101.705726,476
shp_PYL_0,3.050463,101.705455,477
shp_PYL_0,3.049947,101.705256,478
shp_PYL_0,3.049621,101.705147,479
shp_PYL_0,3.04918,101.705024,480
shp_PYL_0,3.048623,101.704981,481
shp_PYL_0,3.048392,101.704994,482
shp_PYL_0,3.047987,101.705044,483
shp_PYL_0,3.047735,101.705059,484
shp_PYL_0,3.047351,101.70509,485
shp_PYL_0,3.046598,101.705144,486
shp_PYL_0,3.046007,101.705169,487
shp_PYL_0,3.045032,101.705202,488
shp_PYL_0,3.044465,101.705231,489
shp_PYL_0,3.043968,101.705231,490
shp_PYL_0,3.043549,101.705215,491
shp_PYL_0,3.043009,101.705133,492
shp_PYL_0,3.042452,101.705047,493
shp_PYL_0,3.041675,101.704912,494
shp_PYL_0,3.040966,101.704813,495
shp_PYL_0,3.040044,101.704685,496
shp_PYL_0,3.03948,101.704704,497
shp_PYL_0,3.038673,101.704846,498
shp_PYL_0,3.037952,101.705044,499
shp_PYL_0,3.037062,101.705304,500
shp_PYL_0,3.03667,101.705403,501
shp_PYL_0,3.036196,101.705485,502
shp_PYL_0,3.03554,101.705567,503
shp_PYL_0,3.03499,101.705597,504
shp_PYL_0,3.03329,101.705759,505
shp_PYL_0,3.032235,101.705864,506
shp_PYL_0,3.031741,101.70593,507
shp_PYL_0,3.031349,101.706019,508
shp_PYL_0,3.030835,101.706154,509
shp_PYL_0,3.030101,101.706444,510
shp_PYL_0,3.029778,101.706638,511
shp_PYL_0,3.029369,101.706905,512
shp_PYL_0,3.028461,101.707516,513
shp_PYL_0,3.027964,101.707895,514
shp_PYL_0,3.027506,101.708258,515
shp_PYL_0,3.026939,101.70864,516
shp_PYL_0,3.026682,101.708755,517
shp_PYL_0,3.02633,101.708867,518
shp_PYL_0,3.025869,101.708907,519
shp_PYL_0,3.025328,101.70888,520
shp_PYL_0,3.024712,101.708844,521
shp_PYL_0,3.024175,101.708788,522
shp_PYL_0,3.023684,101.708791,523
shp_PYL_0,3.022811,101.708831,524
shp_PYL_0,3.021605,101.708943,525
shp_PYL_0,3.020195,101.709073,526
shp_PYL_0,3.019777,101.709192,527
shp_PYL_0,3.018953,101.709689,528
shp_PYL_0,3.018008,101.710315,529
shp_PYL_0,3.017161,101.710934,530
shp_PYL_0,3.016739,101.711198,531
shp_PYL_0,3.016406,101.711343,532
shp_PYL_0,3.015995,101.711455,533
shp_PYL_0,3.015672,101.711478,534
shp_PYL_0,3.015327,101.711474,535
shp_PYL_0,3.014614,101.71133,536
shp_PYL_0,3.014166,101.711208,537
shp_PYL_0,3.013654,101.711036,538
shp_PYL_0,3.013082,101.710773,539
shp_PYL_0,3.012114,101.710272,540
shp_PYL_0,3.011152,101.709792,541
shp_PYL_0,3.01042,101.709396,542
shp_PYL_0,3.009873,101.709106,543
shp_PYL_0,3.00954,101.708902,544
shp_PYL_0,3.00925,101.708631,545
shp_PYL_0,3.008961,101.708305,546
shp_PYL_0,3.00871,101.70791,547
shp_PYL_0,3.008559,101.707383,548
shp_PYL_0,3.008486,101.70703,549
shp_PYL_0,3.00845,101.706681,550
shp_PYL_0,3.008503,101.705386,551
shp_PYL_0,3.008536,101.704493,552
shp_PYL_0,3.008527,101.703928,553
shp_PYL_0,3.008605,101.702471,554
shp_PYL_0,3.008651,101.701245,555
shp_PYL_0,3.008592,101.700685,556
shp_PYL_0,3.008308,101.699861,557
shp_PYL_0,3.007854,101.699209,558
shp_PYL_0,3.007287,101.698761,559
shp_PYL_0,3.006588,101.698392,560
shp_PYL_0,3.005653,101.698102,561
shp_PYL_0,3.004414,101.69768,562
shp_PYL_0,3.003824,101.697441,563
shp_PYL_0,3.003479,101.697269,564
shp_PYL_0,3.002763,101.696764,565
shp_PYL_0,3.002411,101.696422,566
shp_PYL_0,3.002124,101.696053,567
shp_PYL_0,3.001844,101.695611,568
shp_PYL_0,3.001577,101.69513,569
shp_PYL_0,3.001254,101.694069,570
shp_PYL_0,3.001086,101.693051,571
shp_PYL_0,3.000852,101.691971,572
shp_PYL_0,3.000609,101.690877,573
shp_PYL_0,3.00046,101.690178,574
shp_PYL_0,3.000335,101.689766,575
shp_PYL_0,3.000026,101.688788,576
shp_PYL_0,2.999686,101.68774,577
shp_PYL_0,2.999403,101.687005,578
shp_PYL_0,2.999017,101.686073,579
shp_PYL_0,2.9988,101.685566,580
shp_PYL_0,2.99849,101.685062,581
shp_PYL_0,2.998095,101.684558,582
shp_PYL_0,2.997663,101.684001,583
shp_PYL_0,2.997205,101.683451,584
shp_PYL_0,2.996647,101.682679,585
shp_PYL_0,2.996299,101.682083,586
shp_PYL_0,2.996032,101.68152,587
shp_PYL_0,2.995792,101.680831,588
shp_PYL_0,2.995621,101.680192,589
shp_PYL_0,2.995446,101.679385,590
shp_PYL_0,2.995179,101.678334,591
shp_PYL_0,2.995054,101.678057,592
shp_PYL_0,2.994774,101.677477,593
shp_PYL_0,2.994451,101.67698,594
shp_PYL_0,2.994141,101.676591,595
shp_PYL_0,2.993822,101.676242,596
shp_PYL_0,2.99344,101.675919,597
shp_PYL_0,2.993189,101.675718,598
shp_PYL_0,2.992876,101.675455,599
shp_PYL_0,2.992356,101.675049,600
shp_PYL_0,2.991707,101.674519,601
shp_PYL_0,2.991133,101.674054,602
shp_PYL_0,2.990099,101.673198,603
shp_PYL_0,2.989321,101.672572,604
shp_PYL_0,2.987885,101.671414,605
shp_PYL_0,2.986906,101.670602,606
shp_PYL_0,2.986162,101.670015,607
shp_PYL_0,2.985801,101.669717,608
shp_PYL_0,2.985091,101.669093,609
shp_PYL_0,2.984452,101.66847,610
shp_PYL_0,2.984231,101.66818,611
shp_PYL_0,2.983994,101.667709,612
shp_PYL_0,2.983846,101.667106,613
shp_PYL_0,2.983813,101.666734,614
shp_PYL_0,2.983839,101.666253,615
shp_PYL_0,2.983931,101.665861,616
shp_PYL_0,2.984066,101.665498,617
shp_PYL_0,2.984392,101.664556,618
shp_PYL_0,2.984521,101.663973,619
shp_PYL_0,2.984567,101.663409,620
shp_PYL_0,2.984524,101.662988,621
shp_PYL_0,2.984429,101.662609,622
shp_PYL_0,2.984308,101.662279,623
shp_PYL_0,2.984201,101.662059,624
shp_PYL_0,2.983905,101.661564,625
shp_PYL_0,2.98345,101.661017,626
shp_PYL_0,2.983104,101.660592,627
shp_PYL_0,2.982814,101.660217,628
shp_PYL_0,2.982241,101.659479,629
shp_PYL_0,2.981816,101.658965,630
shp_PYL_0,2.98151,101.658655,631
shp_PYL_0,2.981276,101.65849,632
shp_PYL_0,2.980887,101.658266,633
shp_PYL_0,2.98063,101.658138,634
shp_PYL_0,2.98035,101.65799,635
shp_PYL_0,2.98009,101.657855,636
shp_PYL_0,2.979754,101.657607,637
shp_PYL_0,2.979408,101.657235,638
shp_PYL_0,2.9792,101.657001,639
shp_PYL_0,2.979045,101.656817,640
shp_PYL_0,2.978828,101.656603,641
shp_PYL_0,2.978568,101.656412,642
shp_PYL_0,2.978035,101.656073,643
shp_PYL_0,2.977198,101.655527,644
shp_PYL_0,2.976696,101.655196,645
shp_PYL_0,2.976215,101.654837,646
shp_PYL_0,2.975457,101.65426,647
shp_PYL_0,2.975016,101.654,648
shp_PYL_0,2.974733,101.653871,649
shp_PYL_0,2.974416,101.653776,650
shp_PYL_0,2.974045,101.653707,651
shp_PYL_0,2.97355,101.6537,652
shp_PYL_0,2.973026,101.653758,653
shp_PYL_0,2.97256,101.653945,654
shp_PYL_0,2.971475,101.654573,655
shp_PYL_0,2.971082,101.654763,656
shp_PYL_0,2.970714,101.654887,657
shp_PYL_0,2.970259,101.654952,658
shp_PYL_0,2.969768,101.654937,659
shp_PYL_0,2.969014,101.654901,660
shp_PYL_0,2.967922,101.654835,661
shp_PYL_0,2.966197,101.65481,662
shp_PYL_0,2.965287,101.654821,663
shp_PYL_0,2.964163,101.654838,664
shp_PYL_0,2.963648,101.654755,665
shp_PYL_0,2.963102,101.654515,666
shp_PYL_0,2.962061,101.65402,667
shp_PYL_0,2.961479,101.653794,668
shp_PYL_0,2.960809,101.653692,669
shp_PYL_0,2.96054,101.653685,670
shp_PYL_0,2.960059,101.653794,671
shp_PYL_0,2.958348,101.65442,672
shp_PYL_0,2.957504,101.654704,673
shp_PYL_0,2.955647,101.65533,674
shp_PYL_0,2.953849,101.655942,675
shp_PYL_0,2.952509,101.65643,676
shp_PYL_0,2.951104,101.656859,677
shp_PYL_0,2.950002,101.657239,678
shp_PYL_0,2.949262,101.657493,679
shp_PYL_0,2.948687,101.657697,680
shp_PYL_0,2.947849,101.657912,681
shp_PYL_0,2.947063,101.658057,682
shp_PYL_0,2.946422,101.658348,683
shp_PYL_0,2.945666,101.658868,684
shp_PYL_0,2.945279,101.659528,685
shp_PYL_0,2.944762,101.660265,686
shp_PYL_0,2.944371,101.660751,687
shp_PYL_0,2.943874,101.661268,688
shp_PYL_0,2.943153,101.661865,689
shp_PYL_0,2.942553,101.662364,690
shp_PYL_0,2.942047,101.662822,691
shp_PYL_0,2.941177,101.663722,692
shp_PYL_0,2.940837,101.664078,693
shp_PYL_0,2.940451,101.664486,694
shp_PYL_0,2.94003,101.664814,695
shp_PYL_0,2.939484,101.665221,696
shp_PYL_0,2.938967,101.665607,697
shp_PYL_0,2.938494,101.66592,698
shp_PYL_0,2.937918,101.66635,699
shp_PYL_0,2.937667,101.666569,700
shp_PYL_0,2.937397,101.666865,701
shp_PYL_0,2.937067,101.667355,702
shp_PYL_0,2.936779,101.66785,703
shp_PYL_0,2.935738,101.669633,704
shp_PYL_0,2.935192,101.670558,705
shp_PYL_0,2.934835,101.671024,706
shp_PYL_0,2.934216,101.671505,707
shp_PYL_0,2.933692,101.671687,708
shp_PYL_0,2.933182,101.671789,709
shp_PYL_0,2.932971,101.671818,710
shp_PYL_0,2.932476,101.671767,711
shp_PYL_0,2.931937,101.671672,712
shp_PYL_0,2.931318,101.671541,713
shp_PYL_0,2.92766,101.670778,714
shp_PYL_1,2.92766,101.670778,1
shp_PYL_1,2.931318,101.671541,2
shp_PYL_1,2.931937,101.671672,3
shp_PYL_1,2.932476,101.671767,4
shp_PYL_1,2.932971,101.671818,5
shp_PYL_1,2.933182,101.671789,6
shp_PYL_1,2.933692,101.671687,7
shp_PYL_1,2.934216,101.671505,8
shp_PYL_1,2.934835,101.671024,9
shp_PYL_1,2.935192,101.670558,10
shp_PYL_1,2.935738,101.669633,11
shp_PYL_1,2.936779,101.66785,12
shp_PYL_1,2.937067,101.667355,13
shp_PYL_1,2.937397,101.666865,14
shp_PYL_1,2.937667,101.666569,15
shp_PYL_1,2.937918,101.66635,16
shp_PYL_1,2.938494,101.66592,17
shp_PYL_1,2.938967,101.665607,18
shp_PYL_1,2.939484,101.665221,19
shp_PYL_1,2.94003,101.664814,20
shp_PYL_1,2.940451,101.664486,21
shp_PYL_1,2.940837,101.664078,22
shp_PYL_1,2.941177,101.663722,23
shp_PYL_1,2.942047,101.662822,24
shp_PYL_1,2.942553,101.662364,25
shp_PYL_1,2.943153,101.661865,26
shp_PYL_1,2.943874,101.661268,27
shp_PYL_1,2.944371,101.660751,28
shp_PYL_1,2.944762,101.660265,29
shp_PYL_1,2.945279,101.659528,30
shp_PYL_1,2.945666,101.658868,31
shp_PYL_1,2.946422,101.658348,32
shp_PYL_1,2.947063,101.658057,33
shp_PYL_1,2.947849,101.657912,34
shp_PYL_1,2.948687,101.657697,35
shp_PYL_1,2.949262,101.657493,36
shp_PYL_1,2.950002,101.657239,37
shp_PYL_1,2.951104,101.656859,38
shp_PYL_1,2.952509,101.65643,39
shp_PYL_1,2.953849,101.655942,40
shp_PYL_1,2.955647,101.65533,41
shp_PYL_1,2.957504,101.654704,42
shp_PYL_1,2.958348,101.65442,43
shp_PYL_1,2.960059,101.653794,44
shp_PYL_1,2.96054,101.653685,45
shp_PYL_1,2.960809,101.653692,46
shp_PYL_1,2.961479,101.653794,47
shp_PYL_1,2.962061,101.65402,48
shp_PYL_1,2.963102,101.654515,49
shp_PYL_1,2.963648,101.654755,50
shp_PYL_1,2.964163,101.654838,51
shp_PYL_1,2.965287,101.654821,52
shp_PYL_1,2.966197,101.65481,53
shp_PYL_1,2.967922,101.654835,54
shp_PYL_1,2.969014,101.654901,55
shp_PYL_1,2.969768,101.654937,56
shp_PYL_1,2.970259,101.654952,57
shp_PYL_1,2.970714,101.654887,58
shp_PYL_1,2.971082,101.654763,59
shp_PYL_1,2.971475,101.654573,60
shp_PYL_1,2.97256,101.653945,61
shp_PYL_1,2.973026,101.653758,62
shp_PYL_1,2.97355,101.6537,63
shp_PYL_1,2.974045,101.653707,64
shp_PYL_1,2.974416,101.653776,65
shp_PYL_1,2.974733,101.653871,66
shp_PYL_1,2.975016,101.654,67
shp_PYL_1,2.975457,101.65426,68
shp_PYL_1,2.976215,101.654837,69
shp_PYL_1,2.976696,101.655196,70
shp_PYL_1,2.977198,101.655527,71
shp_PYL_1,2.978035,101.656073,72
shp_PYL_1,2.978568,101.656412,73
shp_PYL_1,2.978828,101.656603,74
shp_PYL_1,2.979045,101.656817,75
shp_PYL_1,2.9792,101.657001,76
shp_PYL_1,2.979408,101.657235,77
shp_PYL_1,2.979754,101.657607,78
shp_PYL_1,2.98009,101.657855,79
shp_PYL_1,2.98035,101.65799,80
shp_PYL_1,2.98063,101.658138,81
shp_PYL_1,2.980887,101.658266,82
shp_PYL_1,2.981276,101.65849,83
shp_PYL_1,2.98151,101.658655,84
shp_PYL_1,2.981816,101.658965,85
shp_PYL_1,2.982241,101.659479,86
shp_PYL_1,2.982814,101.660217,87
shp_PYL_1,2.983104,101.660592,88
shp_PYL_1,2.98345,101.661017,89
shp_PYL_1,2.983905,101.661564,90
shp_PYL_1,2.984201,101.662059,91
shp_PYL_1,2.984308,101.662279,92
shp_PYL_1,2.984429,101.662609,93
shp_PYL_1,2.984524,101.662988,94
shp_PYL_1,2.984567,101.663409,95
shp_PYL_1,2.984521,101.663973,96
shp_PYL_1,2.984392,101.664556,97
shp_PYL_1,2.984066,101.665498,98
shp_PYL_1,2.983931,101.665861,99
shp_PYL_1,2.983839,101.666253,100
shp_PYL_1,2.983813,101.666734,101
shp_PYL_1,2.983846,101.667106,102
shp_PYL_1,2.983994,101.667709,103
shp_PYL_1,2.984231,101.66818,104
shp_PYL_1,2.984452,101.66847,105
shp_PYL_1,2.985091,101.669093,106
shp_PYL_1,2.985801,101.669717,107
shp_PYL_1,2.986162,101.670015,108
shp_PYL_1,2.986906,101.670602,109
shp_PYL_1,2.987885,101.671414,110
shp_PYL_1,2.989321,101.672572,111
shp_PYL_1,2.990099,101.673198,112
shp_PYL_1,2.991133,101.674054,113
shp_PYL_1,2.991707,101.674519,114
shp_PYL_1,2.992356,101.675049,115
shp_PYL_1,2.992876,101.675455,116
shp_PYL_1,2.993189,101.675718,117
shp_PYL_1,2.99344,101.675919,118
shp_PYL_1,2.993822,101.676242,119
shp_PYL_1,2.994141,101.676591,120
shp_PYL_1,2.994451,101.67698,121
shp_PYL_1,2.994774,101.677477,122
shp_PYL_1,2.995054,101.678057,123
shp_PYL_1,2.995179,101.678334,124
shp_PYL_1,2.995446,101.679385,125
shp_PYL_1,2.995621,101.680192,126
shp_PYL_1,2.995792,101.680831,127
shp_PYL_1,2.996032,101.68152,128
shp_PYL_1,2.996299,101.682083,129
shp_PYL_1,2.996647,101.682679,130
shp_PYL_1,2.997205,101.683451,131
shp_PYL_1,2.997663,101.684001,132
shp_PYL_1,2.998095,101.684558,133
shp_PYL_1,2.99849,101.685062,134
shp_PYL_1,2.9988,101.685566,135
shp_PYL_1,2.999017,101.686073,136
shp_PYL_1,2.999403,101.687005,137
shp_PYL_1,2.999686,101.68774,138
shp_PYL_1,3.000026,101.688788,139
shp_PYL_1,3.000335,101.689766,140
shp_PYL_1,3.00046,101.690178,141
shp_PYL_1,3.000609,101.690877,142
shp_PYL_1,3.000852,101.691971,143
shp_PYL_1,3.001086,101.693051,144
shp_PYL_1,3.001254,101.694069,145
shp_PYL_1,3.001577,101.69513,146
shp_PYL_1,3.001844,101.695611,147
shp_PYL_1,3.002124,101.696053,148
shp_PYL_1,3.002411,101.696422,149
shp_PYL_1,3.002763,101.696764,150
shp_PYL_1,3.003479,101.697269,151
shp_PYL_1,3.003824,101.697441,152
shp_PYL_1,3.004414,101.69768,153
shp_PYL_1,3.005653,101.698102,154
shp_PYL_1,3.006588,101.698392,155
shp_PYL_1,3.007287,101.698761,156
shp_PYL_1,3.007854,101.699209,157
shp_PYL_1,3.008308,101.699861,158
shp_PYL_1,3.008592,101.700685,159
shp_PYL_1,3.008651,101.701245,160
shp_PYL_1,3.008605,101.702471,161
shp_PYL_1,3.008527,101.703928,162
shp_PYL_1,3.008536,101.704493,163
shp_PYL_1,3.008503,101.705386,164
shp_PYL_1,3.00845,101.706681,165
shp_PYL_1,3.008486,101.70703,166
shp_PYL_1,3.008559,101.707383,167
shp_PYL_1,3.00871,101.70791,168
shp_PYL_1,3.008961,101.708305,169
shp_PYL_1,3.00925,101.708631,170
shp_PYL_1,3.00954,101.708902,171
shp_PYL_1,3.009873,101.709106,172
shp_PYL_1,3.01042,101.709396,173
shp_PYL_1,3.011152,101.709792,174
shp_PYL_1,3.012114,101.710272,175
shp_PYL_1,3.013082,101.710773,176
shp_PYL_1,3.013654,101.711036,177
shp_PYL_1,3.014166,101.711208,178
shp_PYL_1,3.014614,101.71133,179
shp_PYL_1,3.015327,101.711474,180
shp_PYL_1,3.015672,101.711478,181
shp_PYL_1,3.015995,101.711455,182
shp_PYL_1,3.016406,101.711343,183
shp_PYL_1,3.016739,101.711198,184
shp_PYL_1,3.017161,101.710934,185
shp_PYL_1,3.018008,101.710315,186
shp_PYL_1,3.018953,101.709689,187
shp_PYL_1,3.019777,101.709192,188
shp_PYL_1,3.020195,101.709073,189
shp_PYL_1,3.021605,101.708943,190
shp_PYL_1,3.022811,101.708831,191
shp_PYL_1,3.023684,101.708791,192
shp_PYL_1,3.024175,101.708788,193
shp_PYL_1,3.024712,101.708844,194
shp_PYL_1,3.025328,101.70888,195
shp_PYL_1,3.025869,101.708907,196
shp_PYL_1,3.02633,101.708867,197
shp_PYL_1,3.026682,101.708755,198
shp_PYL_1,3.026939,101.70864,199
shp_PYL_1,3.027506,101.708258,200
shp_PYL_1,3.027964,101.707895,201
shp_PYL_1,3.028461,101.707516,202
shp_PYL_1,3.029369,101.706905,203
shp_PYL_1,3.029778,101.706638,204
shp_PYL_1,3.030101,101.706444,205
shp_PYL_1,3.030835,101.706154,206
shp_PYL_1,3.031349,101.706019,207
shp_PYL_1,3.031741,101.70593,208
shp_PYL_1,3.032235,101.705864,209
shp_PYL_1,3.03329,101.705759,210
shp_PYL_1,3.03499,101.705597,211
shp_PYL_1,3.03554,101.705567,212
shp_PYL_1,3.036196,101.705485,213
shp_PYL_1,3.03667,101.705403,214
shp_PYL_1,3.037062,101.705304,215
shp_PYL_1,3.037952,101.705044,216
shp_PYL_1,3.038673,101.704846,217
shp_PYL_1,3.03948,101.704704,218
shp_PYL_1,3.040044,101.704685,219
shp_PYL_1,3.040966,101.704813,220
shp_PYL_1,3.041675,101.704912,221
shp_PYL_1,3.042452,101.705047,222
shp_PYL_1,3.043009,101.705133,223
shp_PYL_1,3.043549,101.705215,224
shp_PYL_1,3.043968,101.705231,225
shp_PYL_1,3.044465,101.705231,226
shp_PYL_1,3.045032,101.705202,227
shp_PYL_1,3.046007,101.705169,228
shp_PYL_1,3.046598,101.705144,229
shp_PYL_1,3.047351,101.70509,230
shp_PYL_1,3.047735,101.705059,231
shp_PYL_1,3.047987,101.705044,232
shp_PYL_1,3.048392,101.704994,233
shp_PYL_1,3.048623,101.704981,234
shp_PYL_1,3.04918,101.705024,235
shp_PYL_1,3.049621,101.705147,236
shp_PYL_1,3.049947,101.705256,237
shp_PYL_1,3.050463,101.705455,238
shp_PYL_1,3.051127,101.705726,239
shp_PYL_1,3.05143,101.705834,240
shp_PYL_1,3.051881,101.706012,241
shp_PYL_1,3.052013,101.706056,242
shp_PYL_1,3.052682,101.706322,243
shp_PYL_1,3.052985,101.706404,244
shp_PYL_1,3.053199,101.706441,245
shp_PYL_1,3.053647,101.706473,246
shp_PYL_1,3.054369,101.70652,247
shp_PYL_1,3.054827,101.706559,248
shp_PYL_1,3.055786,101.706628,249
shp_PYL_1,3.056263,101.706655,250
shp_PYL_1,3.056866,101.706678,251
shp_PYL_1,3.057766,101.706724,252
shp_PYL_1,3.058214,101.706747,253
shp_PYL_1,3.058526,101.706765,254
shp_PYL_1,3.058882,101.706788,255
shp_PYL_1,3.059495,101.706833,256
shp_PYL_1,3.05995,101.706912,257
shp_PYL_1,3.060368,101.707106,258
shp_PYL_1,3.060788,101.707361,259
shp_PYL_1,3.061185,101.70761,260
shp_PYL_1,3.061554,101.707861,261
shp_PYL_1,3.062098,101.708131,262
shp_PYL_1,3.062497,101.708226,263
shp_PYL_1,3.062816,101.708286,264
shp_PYL_1,3.063136,101.708315,265
shp_PYL_1,3.063811,101.708407,266
shp_PYL_1,3.064437,101.708467,267
shp_PYL_1,3.065172,101.708556,268
shp_PYL_1,3.065538,101.708592,269
shp_PYL_1,3.065709,101.708592,270
shp_PYL_1,3.066141,101.708536,271
shp_PYL_1,3.066645,101.708378,272
shp_PYL_1,3.066977,101.708206,273
shp_PYL_1,3.067159,101.708088,274
shp_PYL_1,3.067261,101.707996,275
shp_PYL_1,3.067538,101.707696,276
shp_PYL_1,3.068028,101.707123,277
shp_PYL_1,3.068285,101.706892,278
shp_PYL_1,3.068674,101.706609,279
shp_PYL_1,3.069195,101.706358,280
shp_PYL_1,3.069643,101.706193,281
shp_PYL_1,3.070743,101.705811,282
shp_PYL_1,3.072035,101.705324,283
shp_PYL_1,3.072753,101.705093,284
shp_PYL_1,3.073313,101.704928,285
shp_PYL_1,3.073972,101.704559,286
shp_PYL_1,3.074203,101.704362,287
shp_PYL_1,3.074552,101.703999,288
shp_PYL_1,3.074822,101.703551,289
shp_PYL_1,3.075046,101.702872,290
shp_PYL_1,3.075158,101.702299,291
shp_PYL_1,3.075342,101.701548,292
shp_PYL_1,3.075448,101.701271,293
shp_PYL_1,3.075797,101.700764,294
shp_PYL_1,3.076239,101.700336,295
shp_PYL_1,3.076871,101.699934,296
shp_PYL_1,3.077629,101.699571,297
shp_PYL_1,3.078387,101.699242,298
shp_PYL_1,3.079197,101.698879,299
shp_PYL_1,3.080515,101.698273,300
shp_PYL_1,3.081358,101.697957,301
shp_PYL_1,3.082209,101.697871,302
shp_PYL_1,3.083118,101.697713,303
shp_PYL_1,3.083566,101.697509,304
shp_PYL_1,3.083843,101.697397,305
shp_PYL_1,3.084133,101.697186,306
shp_PYL_1,3.084627,101.696692,307
shp_PYL_1,3.08545,101.695888,308
shp_PYL_1,3.086294,101.694919,309
shp_PYL_1,3.08659,101.694649,310
shp_PYL_1,3.086814,101.694478,311
shp_PYL_1,3.087131,101.694326,312
shp_PYL_1,3.087572,101.694161,313
shp_PYL_1,3.087888,101.694102,314
shp_PYL_1,3.088462,101.694043,315
shp_PYL_1,3.089496,101.694109,316
shp_PYL_1,3.090952,101.694208,317
shp_PYL_1,3.092405,101.694287,318
shp_PYL_1,3.094422,101.694465,319
shp_PYL_1,3.095796,101.694822,320
shp_PYL_1,3.096715,101.695025,321
shp_PYL_1,3.09765,101.695196,322
shp_PYL_1,3.098118,101.695222,323
shp_PYL_1,3.098711,101.695137,324
shp_PYL_1,3.099357,101.694946,325
shp_PYL_1,3.099805,101.69482,326
shp_PYL_1,3.10024,101.694787,327
shp_PYL_1,3.100747,101.694801,328
shp_PYL_1,3.101034,101.694857,329
shp_PYL_1,3.108022,101.697192,330
shp_PYL_1,3.118232,101.704734,331
shp_PYL_1,3.120307,101.707302,332
shp_PYL_1,3.121163,101.708949,333
shp_PYL_1,3.121525,101.710233,334
shp_PYL_1,3.122513,101.712288,335
shp_PYL_1,3.123168,101.712872,336
shp_PYL_1,3.126074,101.715038,337
shp_PYL_1,3.128655,101.716389,338
shp_PYL_1,3.129376,101.716866,339
shp_PYL_1,3.129739,101.717094,340
shp_PYL_1,3.129979,101.717202,341
shp_PYL_1,3.130226,101.717291,342
shp_PYL_1,3.130464,101.717429,343
shp_PYL_1,3.130793,101.71758,344
shp_PYL_1,3.131835,101.717961,345
shp_PYL_1,3.132241,101.718124,346
shp_PYL_1,3.132695,101.718295,347
shp_PYL_1,3.132807,101.718331,348
shp_PYL_1,3.133246,101.718493,349
shp_PYL_1,3.133558,101.718603,350
shp_PYL_1,3.133928,101.718744,351
shp_PYL_1,3.134144,101.718733,352
shp_PYL_1,3.134661,101.718829,353
shp_PYL_1,3.134904,101.718823,354
shp_PYL_1,3.135337,101.718811,355
shp_PYL_1,3.135876,101.718716,356
shp_PYL_1,3.136195,101.718463,357
shp_PYL_1,3.136708,101.718393,358
shp_PYL_1,3.137162,101.718112,359
shp_PYL_1,3.137622,101.718163,360
shp_PYL_1,3.138113,101.718396,361
shp_PYL_1,3.138658,101.7189,362
shp_PYL_1,3.138887,101.718989,363
shp_PYL_1,3.13943,101.71936,364
shp_PYL_1,3.140209,101.719764,365
shp_PYL_1,3.140478,101.719757,366
shp_PYL_1,3.140979,101.719822,367
shp_PYL_1,3.141426,101.720023,368
shp_PYL_1,3.141934,101.720085,369
shp_PYL_1,3.142297,101.720115,370
shp_PYL_1,3.142587,101.720107,371
shp_PYL_1,3.142931,101.720021,372
shp_PYL_1,3.143529,101.71986,373
shp_PYL_1,3.145744,101.719327,374
shp_PYL_1,3.146312,101.719284,375
shp_PYL_1,3.14675,101.719255,376
shp_PYL_1,3.148203,101.719198,377
shp_PYL_1,3.148699,101.719126,378
shp_PYL_1,3.149413,101.718968,379
shp_PYL_1,3.149674,101.71887,380
shp_PYL_1,3.150099,101.718617,381
shp_PYL_1,3.150387,101.718517,382
shp_PYL_1,3.150731,101.718381,383
shp_PYL_1,3.151167,101.718217,384
shp_PYL_1,3.151398,101.718195,385
shp_PYL_1,3.15172,101.718171,386
shp_PYL_1,3.152096,101.718137,387
shp_PYL_1,3.152555,101.718147,388
shp_PYL_1,3.15291,101.71811,389
shp_PYL_1,3.153621,101.718081,390
shp_PYL_1,3.154539,101.718173,391
shp_PYL_1,3.155632,101.718132,392
shp_PYL_1,3.156772,101.718173,393
shp_PYL_1,3.157422,101.718215,394
shp_PYL_1,3.159444,101.718287,395
shp_PYL_1,3.160115,101.718283,396
shp_PYL_1,3.161119,101.718099,397
shp_PYL_1,3.161746,101.717993,398
shp_PYL_1,3.162519,101.71781,399
shp_PYL_1,3.162915,101.717713,400
shp_PYL_1,3.163793,101.717385,401
shp_PYL_1,3.16444,101.717163,402
shp_PYL_1,3.165261,101.71669,403
shp_PYL_1,3.166632,101.715966,404
shp_PYL_1,3.167076,101.715338,405
shp_PYL_1,3.167626,101.714286,406
shp_PYL_1,3.167954,101.713417,407
shp_PYL_1,3.167936,101.711744,408
shp_PYL_1,3.16794,101.71017,409
shp_PYL_1,3.168018,101.708558,410
shp_PYL_1,3.168229,101.708207,411
shp_PYL_1,3.168492,101.707872,412
shp_PYL_1,3.168936,101.707449,413
shp_PYL_1,3.169385,101.707155,414
shp_PYL_1,3.170344,101.706644,415
shp_PYL_1,3.170932,101.706371,416
shp_PYL_1,3.171268,101.70618,417
shp_PYL_1,3.171939,101.705647,418
shp_PYL_1,3.172555,101.704977,419
shp_PYL_1,3.173106,101.704691,420
shp_PYL_1,3.173554,101.70393,421
shp_PYL_1,3.173753,101.703148,422
shp_PYL_1,3.173906,101.70254,423
shp_PYL_1,3.174125,101.702071,424
shp_PYL_1,3.174318,101.701588,425
shp_PYL_1,3.174324,101.701018,426
shp_PYL_1,3.174209,101.700358,427
shp_PYL_1,3.174115,101.699754,428
shp_PYL_1,3.173607,101.698785,429
shp_PYL_1,3.173538,101.698325,430
shp_PYL_1,3.173578,101.698051,431
shp_PYL_1,3.173833,101.697771,432
shp_PYL_1,3.174279,101.69726,433
shp_PYL_1,3.174275,101.696667,434
shp_PYL_1,3.17402,101.69583,435
shp_PYL_1,3.173847,101.695616,436
shp_PYL_1,3.173352,101.694718,437
shp_PYL_1,3.172949,101.693977,438
shp_PYL_1,3.172745,101.693122,439
shp_PYL_1,3.172795,101.692508,440
shp_PYL_1,3.173274,101.692099,441
shp_PYL_1,3.173874,101.69153,442
shp_PYL_1,3.174724,101.691057,443
shp_PYL_1,3.175548,101.690595,444
shp_PYL_1,3.175904,101.690295,445
shp_PYL_1,3.176254,101.68979,446
shp_PYL_1,3.176576,101.689354,447
shp_PYL_1,3.177056,101.68863,448
shp_PYL_1,3.177476,101.688025,449
shp_PYL_1,3.177537,101.687748,450
shp_PYL_1,3.178163,101.687017,451
shp_PYL_1,3.178701,101.686039,452
shp_PYL_1,3.178995,101.685507,453
shp_PYL_1,3.179086,101.685312,454
shp_PYL_1,3.179177,101.685112,455
shp_PYL_1,3.179278,101.684916,456
shp_PYL_1,3.179372,101.684741,457
shp_PYL_1,3.179411,101.684592,458
shp_PYL_1,3.179484,101.684376,459
shp_PYL_1,3.179578,101.6842,460
shp_PYL_1,3.179681,101.684071,461
shp_PYL_1,3.179874,101.683755,462
shp_PYL_1,3.180157,101.683231,463
shp_PYL_1,3.180347,101.683024,464
shp_PYL_1,3.180628,101.682742,465
shp_PYL_1,3.181058,101.682438,466
shp_PYL_1,3.181451,101.682149,467
shp_PYL_1,3.182143,101.681943,468
shp_PYL_1,3.18261,101.681799,469
shp_PYL_1,3.182938,101.681727,470
shp_PYL_1,3.183484,101.68163,471
shp_PYL_1,3.184005,101.681551,472
shp_PYL_1,3.184324,101.681428,473
shp_PYL_1,3.184979,101.681446,474
shp_PYL_1,3.185471,101.681608,475
shp_PYL_1,3.185906,101.681732,476
shp_PYL_1,3.18635,101.681859,477
shp_PYL_1,3.187122,101.681951,478
shp_PYL_1,3.187428,101.681932,479
shp_PYL_1,3.187776,101.681823,480
shp_PYL_1,3.188441,101.681551,481
shp_PYL_1,3.189367,101.68114,482
shp_PYL_1,3.190087,101.680811,483
shp_PYL_1,3.190965,101.680391,484
shp_PYL_1,3.191409,101.680186,485
shp_PYL_1,3.191654,101.680101,486
shp_PYL_1,3.192053,101.679946,487
shp_PYL_1,3.192623,101.67983,488
shp_PYL_1,3.193427,101.679766,489
shp_PYL_1,3.194083,101.679716,490
shp_PYL_1,3.194741,101.679681,491
shp_PYL_1,3.195407,101.67963,492
shp_PYL_1,3.196075,101.679585,493
shp_PYL_1,3.196368,101.679559,494
shp_PYL_1,3.196757,101.679492,495
shp_PYL_1,3.197108,101.67937,496
shp_PYL_1,3.197346,101.679261,497
shp_PYL_1,3.197546,101.679146,498
shp_PYL_1,3.197928,101.678927,499
shp_PYL_1,3.198696,101.678525,500
shp_PYL_1,3.199318,101.678168,501
shp_PYL_1,3.199985,101.677763,502
shp_PYL_1,3.200981,101.677159,503
shp_PYL_1,3.201327,101.676947,504
shp_PYL_1,3.20163,101.676742,505
shp_PYL_1,3.20204,101.676556,506
shp_PYL_1,3.202725,101.676373,507
shp_PYL_1,3.203267,101.676287,508
shp_PYL_1,3.204227,101.676257,509
shp_PYL_1,3.204897,101.676067,510
shp_PYL_1,3.205582,101.675637,511
shp_PYL_1,3.206439,101.674919,512
shp_PYL_1,3.207047,101.674218,513
shp_PYL_1,3.207326,101.673673,514
shp_PYL_1,3.207452,101.673178,515
shp_PYL_1,3.207515,101.672523,516
shp_PYL_1,3.207405,101.671859,517
shp_PYL_1,3.20707,101.671032,518
shp_PYL_1,3.206731,101.670318,519
shp_PYL_1,3.206464,101.669629,520
shp_PYL_1,3.206255,101.669071,521
shp_PYL_1,3.206139,101.668344,522
shp_PYL_1,3.206424,101.667211,523
shp_PYL_1,3.206761,101.666569,524
shp_PYL_1,3.206952,101.666105,525
shp_PYL_1,3.207188,101.665576,526
shp_PYL_1,3.207351,101.66522,527
shp_PYL_1,3.207453,101.665044,528
shp_PYL_1,3.207556,101.664728,529
shp_PYL_1,3.207652,101.664496,530
shp_PYL_1,3.207775,101.664069,531
shp_PYL_1,3.207747,101.663434,532
shp_PYL_1,3.207772,101.662968,533
shp_PYL_1,3.207767,101.661998,534
shp_PYL_1,3.207821,101.66154,535
shp_PYL_1,3.208001,101.661172,536
shp_PYL_1,3.208342,101.660484,537
shp_PYL_1,3.208549,101.660018,538
shp_PYL_1,3.208982,101.659245,539
shp_PYL_1,3.209292,101.658572,540
shp_PYL_1,3.209339,101.658403,541
shp_PYL_1,3.209386,101.658136,542
shp_PYL_1,3.209514,101.657681,543
shp_PYL_1,3.209576,101.657248,544
shp_PYL_1,3.20956,101.656863,545
shp_PYL_1,3.209522,101.656392,546
shp_PYL_1,3.209465,101.655802,547
shp_PYL_1,3.209408,101.655335,548
shp_PYL_1,3.209375,101.65466,549
shp_PYL_1,3.209234,101.654033,550
shp_PYL_1,3.209198,101.652973,551
shp_PYL_1,3.209276,101.652538,552
shp_PYL_1,3.209402,101.65215,553
shp_PYL_1,3.209497,101.651804,554
shp_PYL_1,3.209659,101.651555,555
shp_PYL_1,3.209836,101.651143,556
shp_PYL_1,3.210103,101.650813,557
shp_PYL_1,3.210714,101.649912,558
shp_PYL_1,3.211279,101.649015,559
shp_PYL_1,3.211692,101.648208,560
shp_PYL_1,3.212187,101.647458,561
shp_PYL_1,3.212361,101.647042,562
shp_PYL_1,3.21264,101.646504,563
shp_PYL_1,3.212981,101.645986,564
shp_PYL_1,3.213326,101.645196,565
shp_PYL_1,3.213836,101.643984,566
shp_PYL_1,3.214254,101.642963,567
shp_PYL_1,3.214443,101.642657,568
shp_PYL_1,3.21461,101.641861,569
shp_PYL_1,3.214643,101.641014,570
shp_PYL_1,3.214539,101.639897,571
shp_PYL_1,3.214497,101.639381,572
shp_PYL_1,3.214333,101.638529,573
shp_PYL_1,3.214085,101.637526,574
shp_PYL_1,3.213845,101.636065,575
shp_PYL_1,3.213633,101.634753,576
shp_PYL_1,3.213596,101.633688,577
shp_PYL_1,3.21336,101.632803,578
shp_PYL_1,3.212647,101.631509,579
shp_PYL_1,3.212393,101.630864,580
shp_PYL_1,3.211795,101.63015,581
shp_PYL_1,3.211363,101.629902,582
shp_PYL_1,3.210864,101.629689,583
shp_PYL_1,3.210273,101.629582,584
shp_PYL_1,3.2094,101.629501,585
shp_PYL_1,3.207871,101.628722,586
shp_PYL_1,3.207229,101.628385,587
shp_PYL_1,3.205479,101.627591,588
shp_PYL_1,3.204007,101.62685,589
shp_PYL_1,3.202231,101.625761,590
shp_PYL_1,3.201077,101.625083,591
shp_PYL_1,3.199836,101.62431,592
shp_PYL_1,3.199402,101.623791,593
shp_PYL_1,3.199121,101.623427,594
shp_PYL_1,3.198947,101.623004,595
shp_PYL_1,3.19881,101.622506,596
shp_PYL_1,3.198727,101.62195,597
shp_PYL_1,3.1986,101.621266,598
shp_PYL_1,3.198519,101.620875,599
shp_PYL_1,3.198401,101.620452,600
shp_PYL_1,3.198304,101.619902,601
shp_PYL_1,3.198214,101.619375,602
shp_PYL_1,3.198198,101.618929,603
shp_PYL_1,3.198285,101.618436,604
shp_PYL_1,3.198358,101.618059,605
shp_PYL_1,3.198567,101.617721,606
shp_PYL_1,3.198743,101.617406,607
shp_PYL_1,3.199003,101.617015,608
shp_PYL_1,3.199409,101.616456,609
shp_PYL_1,3.199681,101.61594,610
shp_PYL_1,3.199903,101.615551,611
shp_PYL_1,3.200024,101.615111,612
shp_PYL_1,3.200109,101.614555,613
shp_PYL_1,3.200132,101.61402,614
shp_PYL_1,3.200081,101.613474,615
shp_PYL_1,3.199901,101.612888,616
shp_PYL_1,3.19974,101.612561,617
shp_PYL_1,3.199331,101.611932,618
shp_PYL_1,3.19893,101.611207,619
shp_PYL_1,3.198631,101.610657,620
shp_PYL_1,3.198464,101.609954,621
shp_PYL_1,3.198342,101.609378,622
shp_PYL_1,3.198321,101.60899,623
shp_PYL_1,3.198268,101.608376,624
shp_PYL_1,3.198176,101.607659,625
shp_PYL_1,3.198103,101.606572,626
shp_PYL_1,3.198455,101.604749,627
shp_PYL_1,3.198712,101.603582,628
shp_PYL_1,3.199255,101.601018,629
shp_PYL_1,3.199456,101.600325,630
shp_PYL_1,3.199665,101.599732,631
shp_PYL_1,3.19978,101.59919,632
shp_PYL_1,3.199816,101.59858,633
shp_PYL_1,3.199577,101.597988,634
shp_PYL_1,3.199516,101.597624,635
shp_PYL_1,3.199307,101.596993,636
shp_PYL_1,3.199177,101.595815,637
shp_PYL_1,3.199348,101.594374,638
shp_PYL_1,3.19965,101.593289,639
shp_PYL_1,3.199999,101.592053,640
shp_PYL_1,3.200252,101.591284,641
shp_PYL_1,3.200464,101.590435,642
shp_PYL_1,3.200587,101.590076,643
shp_PYL_1,3.200742,101.589541,644
shp_PYL_1,3.201068,101.588946,645
shp_PYL_1,3.20147,101.588478,646
shp_PYL_1,3.201683,101.588245,647
shp_PYL_1,3.202133,101.588002,648
shp_PYL_1,3.202737,101.5876,649
shp_PYL_1,3.203308,101.586997,650
shp_PYL_1,3.20373,101.586337,651
shp_PYL_1,3.204567,101.585118,652
shp_PYL_1,3.205029,101.584558,653
shp_PYL_1,3.205653,101.583568,654
shp_PYL_1,3.205867,101.583116,655
shp_PYL_1,3.206147,101.582402,656
shp_PYL_1,3.206364,101.581653,657
shp_PYL_1,3.206486,101.581214,658
shp_PYL_1,3.206547,101.580899,659
shp_PYL_1,3.206604,101.58059,660
shp_PYL_1,3.206623,101.580233,661
shp_PYL_1,3.206622,101.579949,662
shp_PYL_1,3.20646,101.579651,663
shp_PYL_1,3.206298,101.579384,664
shp_PYL_1,3.206184,101.57926,665
shp_PYL_1,3.206083,101.579136,666
shp_PYL_1,3.205897,101.578993,667
shp_PYL_1,3.205561,101.578818,668
shp_PYL_1,3.205184,101.578647,669
shp_PYL_1,3.20386,101.578795,670
shp_PYL_1,3.203021,101.578762,671
shp_PYL_1,3.201951,101.578562,672
shp_PYL_1,3.201333,101.578548,673
shp_PYL_1,3.200595,101.578608,674
shp_PYL_1,3.199049,101.578767,675
shp_PYL_1,3.197777,101.578638,676
shp_PYL_1,3.197558,101.578608,677
shp_PYL_1,3.197299,101.578566,678
shp_PYL_1,3.196986,101.578472,679
shp_PYL_1,3.196649,101.578403,680
shp_PYL_1,3.196265,101.578303,681
shp_PYL_1,3.195827,101.578244,682
shp_PYL_1,3.195272,101.57816,683
shp_PYL_1,3.194858,101.57813,684
shp_PYL_1,3.194519,101.578136,685
shp_PYL_1,3.194153,101.578199,686
shp_PYL_1,3.19227,101.578729,687
shp_PYL_1,3.191656,101.578908,688
shp_PYL_1,3.191161,101.578904,689
shp_PYL_1,3.190814,101.578826,690
shp_PYL_1,3.190337,101.578696,691
shp_PYL_1,3.189833,101.578482,692
shp_PYL_1,3.189394,101.578362,693
shp_PYL_1,3.188965,101.578345,694
shp_PYL_1,3.188541,101.578437,695
shp_PYL_1,3.188145,101.578598,696
shp_PYL_1,3.187527,101.578996,697
shp_PYL_1,3.186898,101.57928,698
shp_PYL_1,3.186523,101.579327,699
shp_PYL_1,3.186165,101.579315,700
shp_PYL_1,3.18586,101.579229,701
shp_PYL_1,3.1844,101.578627,702
shp_PYL_1,3.18341,101.578261,703
shp_PYL_1,3.181764,101.577576,704
shp_PYL_1,3.180735,101.577178,705
shp_PYL_1,3.180199,101.576962,706
shp_PYL_1,3.179763,101.576778,707
shp_PYL_1,3.179394,101.57662,708
shp_PYL_1,3.178872,101.576343,709
shp_PYL_1,3.17816,101.575844,710
shp_PYL_1,3.177603,101.575292,711
shp_PYL_1,3.177067,101.574533,712
shp_PYL_1,3.176702,101.573863,713
shp_PYL_1,3.176307,101.57225,714
