from_stop_id,to_stop_id,route_id,travel_time_s,operator
1001828,1006035,P0010,160,rapidbus_kl
1006035,1001979,P0010,92,rapidbus_kl
1001979,1006036,P0010,79,rapidbus_kl
1006036,1006206,P0010,64,rapidbus_kl
1006206,1003674,P0010,37,rapidbus_kl
1003674,1002425,P0010,28,rapidbus_kl
1002425,1003891,P0010,65,rapidbus_kl
1003891,1001844,P0010,54,rapidbus_kl
1001844,1001000,P0010,85,rapidbus_kl
1001000,1000942,P0010,172,rapidbus_kl
1000942,1000528,P0010,179,rapidbus_kl
1000528,1003570,P0010,130,rapidbus_kl
1003570,1000840,P0010,52,rapidbus_kl
1000840,1003149,P0010,28,rapidbus_kl
1003149,1002339,P0010,33,rapidbus_kl
1002339,1002272,P0010,25,rapidbus_kl
1002272,1001765,P0010,33,rapidbus_kl
1001765,1006037,P0010,184,rapidbus_kl
1006037,1002554,P0010,62,rapidbus_kl
1002554,1003446,P0010,54,rapidbus_kl
1003446,1002851,P0010,58,rapidbus_kl
1002851,1000839,P0010,50,rapidbus_kl
1000839,1003745,P0010,56,rapidbus_kl
1003745,1003075,P0010,92,rapidbus_kl
1003075,1003685,P0010,138,rapidbus_kl
1003685,1002254,P0010,170,rapidbus_kl
1002254,1000943,P0010,205,rapidbus_kl
1000943,1000999,P0010,203,rapidbus_kl
1000999,1004161,P0010,70,rapidbus_kl
1004161,1001981,P0010,120,rapidbus_kl
1001981,1006205,P0010,93,rapidbus_kl
1006205,1006033,P0010,38,rapidbus_kl
1006033,1006034,P0010,67,rapidbus_kl
1006034,1006035,P0010,143,rapidbus_kl
1001979,1006035,P0010,93,rapidbus_kl
1006035,1001509,P0010,96,rapidbus_kl
1001509,1001785,P0010,81,rapidbus_kl
1001785,1003320,P0010,115,rapidbus_kl
1003320,1000484,P0010,73,rapidbus_kl
1000484,1005034,P0010,116,rapidbus_kl
1005034,1000944,P0010,123,rapidbus_kl
1000944,1003538,P0010,74,rapidbus_kl
1003538,1004190,P0010,46,rapidbus_kl
1004190,1002675,P0010,70,rapidbus_kl
1002675,1001955,P0010,58,rapidbus_kl
1001955,1003407,P0010,85,rapidbus_kl
1003407,1001007,P0010,113,rapidbus_kl
1001007,1002619,P0010,62,rapidbus_kl
1002619,1002617,P0010,27,rapidbus_kl
1002617,1001729,P0010,140,rapidbus_kl
1001729,1003129,P0010,167,rapidbus_kl
1003129,1003339,P0010,84,rapidbus_kl
1003339,1006035,P0010,116,rapidbus_kl
1001509,1000165,P0010,64,rapidbus_kl
1000165,1001828,P0010,332,rapidbus_kl
1001828,1002556,P0020,100,rapidbus_kl
1002556,1001785,P0020,196,rapidbus_kl
1001785,1003320,P0020,121,rapidbus_kl
1003320,1000484,P0020,75,rapidbus_kl
1000484,1005034,P0020,128,rapidbus_kl
1005034,1002012,P0020,120,rapidbus_kl
1002012,1000836,P0020,32,rapidbus_kl
1000836,1000980,P0020,61,rapidbus_kl
1000980,1006038,P0020,153,rapidbus_kl
1006038,1001276,P0020,120,rapidbus_kl
1001276,1900004,P0020,45,rapidbus_kl
1900004,1000204,P0020,38,rapidbus_kl
1000204,1002865,P0020,92,rapidbus_kl
1002865,1000944,P0020,111,rapidbus_kl
1000944,1003538,P0020,80,rapidbus_kl
1003538,1004190,P0020,44,rapidbus_kl
1004190,1002675,P0020,78,rapidbus_kl
1002675,1001955,P0020,63,rapidbus_kl
1001955,1003407,P0020,91,rapidbus_kl
1003407,1001007,P0020,117,rapidbus_kl
1001007,1004179,P0020,101,rapidbus_kl
1004179,1003630,P0020,84,rapidbus_kl
1003630,1002142,P0020,24,rapidbus_kl
1002142,1004272,P0020,107,rapidbus_kl
1004272,1001828,P0020,219,rapidbus_kl
1001830,1002952,P0030,125,rapidbus_kl
1002952,1006208,P0030,198,rapidbus_kl
1006208,1006209,P0030,92,rapidbus_kl
1006209,1006210,P0030,92,rapidbus_kl
1006210,1003347,P0030,117,rapidbus_kl
1003347,1001381,P0030,288,rapidbus_kl
1001381,1006211,P0030,41,rapidbus_kl
1006211,1006212,P0030,52,rapidbus_kl
1006212,1002198,P0030,29,rapidbus_kl
1002198,1003137,P0030,169,rapidbus_kl
1003137,1006213,P0030,89,rapidbus_kl
1006213,1000032,P0030,78,rapidbus_kl
1000032,1006214,P0030,54,rapidbus_kl
1006214,1006227,P0030,96,rapidbus_kl
1006227,1006216,P0030,29,rapidbus_kl
1006216,1003501,P0030,47,rapidbus_kl
1003501,1001910,P0030,119,rapidbus_kl
1001910,1002914,P0030,124,rapidbus_kl
1002914,1006217,P0030,122,rapidbus_kl
1006217,1003552,P0030,177,rapidbus_kl
1003552,1002107,P0030,116,rapidbus_kl
1002107,1003411,P0030,39,rapidbus_kl
1003411,1001830,P0030,107,rapidbus_kl
1001830,1002952,P0040,80,rapidbus_kl
1002952,1006218,P0040,79,rapidbus_kl
1006218,1001134,P0040,80,rapidbus_kl
1001134,1002341,P0040,90,rapidbus_kl
1002341,1000031,P0040,62,rapidbus_kl
1000031,1002879,P0040,99,rapidbus_kl
1002879,1002192,P0040,93,rapidbus_kl
1002192,1002167,P0040,39,rapidbus_kl
1002167,1002969,P0040,83,rapidbus_kl
1002969,1002933,P0040,41,rapidbus_kl
1002933,1003551,P0040,44,rapidbus_kl
1003551,1004256,P0040,22,rapidbus_kl
1004256,1002817,P0040,17,rapidbus_kl
1002817,1003626,P0040,26,rapidbus_kl
1003626,1000837,P0040,45,rapidbus_kl
1000837,1002331,P0040,73,rapidbus_kl
1002331,1003205,P0040,96,rapidbus_kl
1003205,1003403,P0040,63,rapidbus_kl
1003403,1000813,P0040,31,rapidbus_kl
1000813,1000897,P0040,43,rapidbus_kl
1000897,1003414,P0040,72,rapidbus_kl
1003414,1006225,P0040,108,rapidbus_kl
1006225,1000820,P0040,54,rapidbus_kl
1000820,1003232,P0040,30,rapidbus_kl
1003232,1006226,P0040,63,rapidbus_kl
1006226,1002049,P0040,53,rapidbus_kl
1002049,1000204,P0040,75,rapidbus_kl
1000204,1006038,P0040,94,rapidbus_kl
1006038,1001276,P0040,102,rapidbus_kl
1001276,1000639,P0040,134,rapidbus_kl
1000639,1003411,P0040,67,rapidbus_kl
1003411,1001830,P0040,42,rapidbus_kl
1000909,1000248,P0050,49,rapidbus_kl
1000248,1007490,P0050,162,rapidbus_kl
1007490,1008182,P0050,46,rapidbus_kl
1008182,1008183,P0050,8,rapidbus_kl
1008183,1008184,P0050,25,rapidbus_kl
1008184,1008185,P0050,20,rapidbus_kl
1008185,1008187,P0050,20,rapidbus_kl
1008187,1000036,P0050,111,rapidbus_kl
1000036,1001431,P0050,64,rapidbus_kl
1001431,1007130,P0050,63,rapidbus_kl
1007130,1007495,P0050,20,rapidbus_kl
1007495,1002486,P0050,27,rapidbus_kl
1002486,1001246,P0050,23,rapidbus_kl
1001246,1001248,P0050,15,rapidbus_kl
1001248,1001276,P0050,206,rapidbus_kl
1001276,1002752,P0050,37,rapidbus_kl
1002752,1003411,P0050,73,rapidbus_kl
1003411,1001830,P0050,31,rapidbus_kl
1001830,1004001,P0050,68,rapidbus_kl
1004001,1007496,P0050,138,rapidbus_kl
1007496,1007128,P0050,48,rapidbus_kl
1007128,1007129,P0050,34,rapidbus_kl
1007129,1000036,P0050,57,rapidbus_kl
1001431,1007494,P0050,69,rapidbus_kl
1007494,1007493,P0050,21,rapidbus_kl
1007493,1007492,P0050,85,rapidbus_kl
1007492,1007323,P0050,34,rapidbus_kl
1007323,1008186,P0050,18,rapidbus_kl
1008186,1007095,P0050,19,rapidbus_kl
1007095,1007096,P0050,26,rapidbus_kl
1007096,1007097,P0050,13,rapidbus_kl
1007097,1007491,P0050,44,rapidbus_kl
1007491,1000909,P0050,53,rapidbus_kl
1000909,1000248,P0060,34,rapidbus_kl
1000248,1000990,P0060,62,rapidbus_kl
1000990,1007098,P0060,24,rapidbus_kl
1007098,1007471,P0060,27,rapidbus_kl
1007471,1007473,P0060,17,rapidbus_kl
1007473,1007474,P0060,20,rapidbus_kl
1007474,1002810,P0060,45,rapidbus_kl
1002810,1007475,P0060,15,rapidbus_kl
1007475,1002036,P0060,53,rapidbus_kl
1002036,1003243,P0060,229,rapidbus_kl
1003243,1007480,P0060,15,rapidbus_kl
1007480,1002796,P0060,13,rapidbus_kl
1002796,1003869,P0060,16,rapidbus_kl
1003869,1007482,P0060,53,rapidbus_kl
1007482,1007484,P0060,12,rapidbus_kl
1007484,1007486,P0060,11,rapidbus_kl
1007486,1007487,P0060,9,rapidbus_kl
1007487,1001217,P0060,18,rapidbus_kl
1001217,1007105,P0060,129,rapidbus_kl
1007105,1008657,P0060,20,rapidbus_kl
1008657,1002782,P0060,24,rapidbus_kl
1002782,1002590,P0060,42,rapidbus_kl
1002590,1000127,P0060,26,rapidbus_kl
1000127,1000135,P0060,20,rapidbus_kl
1000135,1007488,P0060,20,rapidbus_kl
1007488,1002781,P0060,32,rapidbus_kl
1002781,1001218,P0060,191,rapidbus_kl
1001218,1008083,P0060,20,rapidbus_kl
1008083,1007485,P0060,18,rapidbus_kl
1007485,1007483,P0060,25,rapidbus_kl
1007483,1003870,P0060,38,rapidbus_kl
1003870,1002795,P0060,18,rapidbus_kl
1002795,1007481,P0060,10,rapidbus_kl
1007481,1003242,P0060,20,rapidbus_kl
1003242,1007321,P0060,296,rapidbus_kl
1007321,1007320,P0060,25,rapidbus_kl
1007320,1007472,P0060,18,rapidbus_kl
1007472,1007099,P0060,28,rapidbus_kl
1007099,1007489,P0060,82,rapidbus_kl
1007489,1000909,P0060,25,rapidbus_kl
1005696,1005702,P1010,59,rapidbus_kl
1005702,1005625,P1010,97,rapidbus_kl
1005625,1005626,P1010,52,rapidbus_kl
1005626,1005627,P1010,26,rapidbus_kl
1005627,1005628,P1010,60,rapidbus_kl
1005628,1005652,P1010,318,rapidbus_kl
1005652,1005653,P1010,35,rapidbus_kl
1005653,1005654,P1010,34,rapidbus_kl
1005654,1005655,P1010,39,rapidbus_kl
1005655,1005656,P1010,39,rapidbus_kl
1005656,1005657,P1010,30,rapidbus_kl
1005657,1005658,P1010,37,rapidbus_kl
1005658,1005659,P1010,50,rapidbus_kl
1005659,1005660,P1010,22,rapidbus_kl
1005660,1005661,P1010,92,rapidbus_kl
1005661,1005662,P1010,43,rapidbus_kl
1005662,1008624,P1010,37,rapidbus_kl
1008624,1008626,P1010,152,rapidbus_kl
1008626,1008628,P1010,46,rapidbus_kl
1008628,1008630,P1010,86,rapidbus_kl
1008630,1008632,P1010,42,rapidbus_kl
1008632,1008634,P1010,32,rapidbus_kl
1008634,1005700,P1010,35,rapidbus_kl
1005700,1008629,P1010,81,rapidbus_kl
1008629,1008627,P1010,99,rapidbus_kl
1008627,1005663,P1010,97,rapidbus_kl
1005663,1005664,P1010,35,rapidbus_kl
1005664,1005665,P1010,98,rapidbus_kl
1005665,1005666,P1010,30,rapidbus_kl
1005666,1005667,P1010,45,rapidbus_kl
1005667,1005668,P1010,31,rapidbus_kl
1005668,1005669,P1010,29,rapidbus_kl
1005669,1005670,P1010,30,rapidbus_kl
1005670,1005671,P1010,41,rapidbus_kl
1005671,1005672,P1010,33,rapidbus_kl
1005672,1005673,P1010,37,rapidbus_kl
1005673,1005725,P1010,68,rapidbus_kl
1005725,1000314,P1010,293,rapidbus_kl
1000314,1000315,P1010,90,rapidbus_kl
1000315,1005626,P1010,65,rapidbus_kl
1005628,1001201,P1010,99,rapidbus_kl
1001201,1000314,P1010,125,rapidbus_kl
1000315,1005696,P1010,234,rapidbus_kl
1005597,1005693,P1020,104,rapidbus_kl
1005693,1005682,P1020,144,rapidbus_kl
1005682,1005683,P1020,51,rapidbus_kl
1005683,1005684,P1020,107,rapidbus_kl
1005684,1005685,P1020,123,rapidbus_kl
1005685,1005686,P1020,47,rapidbus_kl
1005686,1005687,P1020,84,rapidbus_kl
1005687,1005688,P1020,65,rapidbus_kl
1005688,1005689,P1020,123,rapidbus_kl
1005689,1005690,P1020,101,rapidbus_kl
1005690,1008577,P1020,206,rapidbus_kl
1008577,1008576,P1020,80,rapidbus_kl
1008576,1008592,P1020,200,rapidbus_kl
1008592,1008593,P1020,61,rapidbus_kl
1008593,1008595,P1020,97,rapidbus_kl
1008595,1000314,P1020,355,rapidbus_kl
1000314,1000315,P1020,123,rapidbus_kl
1000315,1005626,P1020,88,rapidbus_kl
1005626,1005627,P1020,39,rapidbus_kl
1005627,1005628,P1020,79,rapidbus_kl
1005628,1001201,P1020,134,rapidbus_kl
1001201,1005592,P1020,319,rapidbus_kl
1005592,1005593,P1020,76,rapidbus_kl
1005593,1005594,P1020,95,rapidbus_kl
1005594,1005595,P1020,182,rapidbus_kl
1005595,1005596,P1020,78,rapidbus_kl
1005596,1005597,P1020,139,rapidbus_kl
1005717,1008543,P1030,57,rapidbus_kl
1008543,1008541,P1030,50,rapidbus_kl
1008541,1005716,P1030,77,rapidbus_kl
1005716,1008539,P1030,50,rapidbus_kl
1008539,1008537,P1030,30,rapidbus_kl
1008537,1008535,P1030,41,rapidbus_kl
1008535,1008533,P1030,43,rapidbus_kl
1008533,1008531,P1030,49,rapidbus_kl
1008531,1008529,P1030,88,rapidbus_kl
1008529,1008527,P1030,185,rapidbus_kl
1008527,1008546,P1030,27,rapidbus_kl
1008546,1008547,P1030,31,rapidbus_kl
1008547,1008548,P1030,36,rapidbus_kl
1008548,1008549,P1030,180,rapidbus_kl
1008549,1008239,P1030,44,rapidbus_kl
1008239,1008525,P1030,240,rapidbus_kl
1008525,1005625,P1030,52,rapidbus_kl
1005625,1005626,P1030,32,rapidbus_kl
1005626,1005627,P1030,60,rapidbus_kl
1005627,1005628,P1030,105,rapidbus_kl
1005628,1001201,P1030,128,rapidbus_kl
1001201,1000314,P1030,97,rapidbus_kl
1000314,1000315,P1030,97,rapidbus_kl
1000315,1005696,P1030,93,rapidbus_kl
1005696,1008239,P1030,42,rapidbus_kl
1008525,1008546,P1030,347,rapidbus_kl
1008549,1008526,P1030,96,rapidbus_kl
1008526,1008528,P1030,38,rapidbus_kl
1008528,1008530,P1030,44,rapidbus_kl
1008530,1008532,P1030,49,rapidbus_kl
1008532,1008534,P1030,60,rapidbus_kl
1008534,1008536,P1030,68,rapidbus_kl
1008536,1008538,P1030,44,rapidbus_kl
1008538,1005715,P1030,91,rapidbus_kl
1005715,1008540,P1030,4,rapidbus_kl
1008540,1008542,P1030,50,rapidbus_kl
1008542,1005717,P1030,50,rapidbus_kl
1005662,1008624,P1040,16,rapidbus_kl
1008624,1008626,P1040,119,rapidbus_kl
1008626,1008628,P1040,31,rapidbus_kl
1008628,1008630,P1040,26,rapidbus_kl
1008630,1008632,P1040,26,rapidbus_kl
1008632,1008634,P1040,18,rapidbus_kl
1008634,1008636,P1040,37,rapidbus_kl
1008636,1008635,P1040,37,rapidbus_kl
1008635,1008633,P1040,21,rapidbus_kl
1008633,1008631,P1040,23,rapidbus_kl
1008631,1008629,P1040,26,rapidbus_kl
1008629,1008627,P1040,34,rapidbus_kl
1008627,1005731,P1040,30,rapidbus_kl
1005731,1005718,P1040,72,rapidbus_kl
1005718,1005719,P1040,91,rapidbus_kl
1005719,1008638,P1040,31,rapidbus_kl
1008638,1008637,P1040,24,rapidbus_kl
1008637,1008625,P1040,134,rapidbus_kl
1008625,1005662,P1040,104,rapidbus_kl
1005662,1005663,P1050,34,rapidbus_kl
1005663,1005664,P1050,24,rapidbus_kl
1005664,1005665,P1050,73,rapidbus_kl
1005665,1005666,P1050,29,rapidbus_kl
1005666,1005667,P1050,43,rapidbus_kl
1005667,1005668,P1050,27,rapidbus_kl
1005668,1005669,P1050,27,rapidbus_kl
1005669,1005670,P1050,29,rapidbus_kl
1005670,1005671,P1050,37,rapidbus_kl
1005671,1005672,P1050,30,rapidbus_kl
1005672,1005673,P1050,34,rapidbus_kl
1005673,1005694,P1050,148,rapidbus_kl
1005694,1005637,P1050,86,rapidbus_kl
1005637,1005639,P1050,73,rapidbus_kl
1005639,1005640,P1050,44,rapidbus_kl
1005640,1008606,P1050,33,rapidbus_kl
1008606,1005643,P1050,52,rapidbus_kl
1005643,1005644,P1050,45,rapidbus_kl
1005644,1005645,P1050,37,rapidbus_kl
1005645,1005646,P1050,32,rapidbus_kl
1005646,1000314,P1050,210,rapidbus_kl
1000314,1000315,P1050,85,rapidbus_kl
1000315,1005626,P1050,58,rapidbus_kl
1005626,1005627,P1050,29,rapidbus_kl
1005627,1005628,P1050,52,rapidbus_kl
1005628,1001201,P1050,91,rapidbus_kl
1001201,1008597,P1050,613,rapidbus_kl
1008597,1008599,P1050,37,rapidbus_kl
1008599,1008601,P1050,25,rapidbus_kl
1008601,1008603,P1050,43,rapidbus_kl
1008603,1008605,P1050,54,rapidbus_kl
1008605,1008607,P1050,26,rapidbus_kl
1008607,1005694,P1050,26,rapidbus_kl
1005639,1005652,P1050,34,rapidbus_kl
1005652,1005653,P1050,31,rapidbus_kl
1005653,1005654,P1050,32,rapidbus_kl
1005654,1005655,P1050,33,rapidbus_kl
1005655,1005656,P1050,38,rapidbus_kl
1005656,1005657,P1050,27,rapidbus_kl
1005657,1005658,P1050,35,rapidbus_kl
1005658,1005659,P1050,43,rapidbus_kl
1005659,1005660,P1050,22,rapidbus_kl
1005660,1005661,P1050,73,rapidbus_kl
1005661,1005662,P1050,246,rapidbus_kl
1005749,1005729,P1060,13,rapidbus_kl
1005729,1005667,P1060,25,rapidbus_kl
1005667,1008568,P1060,95,rapidbus_kl
1008568,1008566,P1060,47,rapidbus_kl
1008566,1005726,P1060,39,rapidbus_kl
1005726,1008564,P1060,39,rapidbus_kl
1008564,1005728,P1060,56,rapidbus_kl
1005728,1008560,P1060,21,rapidbus_kl
1008560,1005613,P1060,46,rapidbus_kl
1005613,1005722,P1060,73,rapidbus_kl
1005722,1008557,P1060,146,rapidbus_kl
1008557,1005634,P1060,32,rapidbus_kl
1005634,1005692,P1060,49,rapidbus_kl
1005692,1005617,P1060,84,rapidbus_kl
1005617,1005618,P1060,28,rapidbus_kl
1005618,1005619,P1060,24,rapidbus_kl
1005619,1005620,P1060,70,rapidbus_kl
1005620,1005621,P1060,55,rapidbus_kl
1005621,1005622,P1060,30,rapidbus_kl
1005622,1005623,P1060,33,rapidbus_kl
1005623,1005624,P1060,89,rapidbus_kl
1005624,1005625,P1060,101,rapidbus_kl
1005625,1005626,P1060,48,rapidbus_kl
1005626,1005627,P1060,28,rapidbus_kl
1005627,1005628,P1060,54,rapidbus_kl
1005628,1001201,P1060,93,rapidbus_kl
1001201,1000314,P1060,117,rapidbus_kl
1000314,1000315,P1060,84,rapidbus_kl
1000315,1005696,P1060,33,rapidbus_kl
1005696,1008239,P1060,84,rapidbus_kl
1008239,1008525,P1060,38,rapidbus_kl
1008525,1008551,P1060,70,rapidbus_kl
1008551,1008553,P1060,63,rapidbus_kl
1008553,1008554,P1060,48,rapidbus_kl
1008554,1008556,P1060,74,rapidbus_kl
1008556,1005629,P1060,51,rapidbus_kl
1005629,1005634,P1060,33,rapidbus_kl
1005692,1008558,P1060,82,rapidbus_kl
1008558,1005721,P1060,161,rapidbus_kl
1005721,1005630,P1060,107,rapidbus_kl
1005630,1008559,P1060,46,rapidbus_kl
1008559,1008562,P1060,53,rapidbus_kl
1008562,1008563,P1060,58,rapidbus_kl
1008563,1005727,P1060,53,rapidbus_kl
1005727,1008565,P1060,21,rapidbus_kl
1008565,1008567,P1060,40,rapidbus_kl
1008567,1005749,P1060,217,rapidbus_kl
1005584,1005675,P1080,246,rapidbus_kl
1005675,1000714,P1080,52,rapidbus_kl
1000714,1005589,P1080,59,rapidbus_kl
1005589,1005590,P1080,61,rapidbus_kl
1005590,1005679,P1080,52,rapidbus_kl
1005679,1008516,P1080,20,rapidbus_kl
1008516,1008518,P1080,37,rapidbus_kl
1008518,1008521,P1080,35,rapidbus_kl
1008521,1008523,P1080,61,rapidbus_kl
1008523,1005591,P1080,66,rapidbus_kl
1005591,1000314,P1080,358,rapidbus_kl
1000314,1000315,P1080,102,rapidbus_kl
1000315,1005626,P1080,76,rapidbus_kl
1005626,1005627,P1080,32,rapidbus_kl
1005627,1005628,P1080,64,rapidbus_kl
1005628,1001201,P1080,112,rapidbus_kl
1001201,1000314,P1080,137,rapidbus_kl
1001201,1008522,P1080,399,rapidbus_kl
1008522,1008520,P1080,65,rapidbus_kl
1008520,1008519,P1080,24,rapidbus_kl
1008519,1008517,P1080,29,rapidbus_kl
1008517,1005601,P1080,35,rapidbus_kl
1005601,1005602,P1080,51,rapidbus_kl
1005602,1005603,P1080,56,rapidbus_kl
1005603,1005650,P1080,101,rapidbus_kl
1005650,1005651,P1080,52,rapidbus_kl
1005651,1005584,P1080,234,rapidbus_kl
1003903,1002571,S0030,92,rapidbus_kl
1002571,1003224,S0030,68,rapidbus_kl
1003224,1006251,S0030,42,rapidbus_kl
1006251,1006249,S0030,161,rapidbus_kl
1006249,1006247,S0030,198,rapidbus_kl
1006247,1006245,S0030,87,rapidbus_kl
1006245,1006312,S0030,43,rapidbus_kl
1006312,1006313,S0030,37,rapidbus_kl
1006313,1006314,S0030,52,rapidbus_kl
1006314,1006315,S0030,62,rapidbus_kl
1006315,1006316,S0030,27,rapidbus_kl
1006316,1006241,S0030,55,rapidbus_kl
1006241,1006317,S0030,56,rapidbus_kl
1006317,1006239,S0030,31,rapidbus_kl
1006239,1006237,S0030,43,rapidbus_kl
1006237,1006235,S0030,109,rapidbus_kl
1006235,1006233,S0030,60,rapidbus_kl
1006233,1006079,S0030,91,rapidbus_kl
1006079,1007233,S0030,55,rapidbus_kl
1007233,1008068,S0030,104,rapidbus_kl
1008068,1004267,S0030,96,rapidbus_kl
1004267,1001750,S0030,201,rapidbus_kl
1001750,1004231,S0030,63,rapidbus_kl
1004231,1006064,S0030,171,rapidbus_kl
1006064,1006232,S0030,88,rapidbus_kl
1006232,1006234,S0030,64,rapidbus_kl
1006234,1006236,S0030,107,rapidbus_kl
1006236,1006238,S0030,34,rapidbus_kl
1006238,1006318,S0030,38,rapidbus_kl
1006318,1006240,S0030,55,rapidbus_kl
1006240,1006319,S0030,55,rapidbus_kl
1006319,1006320,S0030,29,rapidbus_kl
1006320,1006321,S0030,62,rapidbus_kl
1006321,1006322,S0030,51,rapidbus_kl
1006322,1006323,S0030,40,rapidbus_kl
1006323,1006244,S0030,44,rapidbus_kl
1006244,1006246,S0030,35,rapidbus_kl
1006246,1006248,S0030,227,rapidbus_kl
1006248,1006250,S0030,152,rapidbus_kl
1006250,1003225,S0030,46,rapidbus_kl
1003225,1002572,S0030,71,rapidbus_kl
1002572,1003903,S0030,98,rapidbus_kl
1003663,1007533,S0040,286,rapidbus_kl
1007533,1000664,S0040,52,rapidbus_kl
1000664,1003472,S0040,80,rapidbus_kl
1003472,1003073,S0040,41,rapidbus_kl
1003073,1003885,S0040,52,rapidbus_kl
1003885,1000866,S0040,72,rapidbus_kl
1000866,1000182,S0040,48,rapidbus_kl
1000182,1006110,S0040,35,rapidbus_kl
1006110,1001989,S0040,72,rapidbus_kl
1001989,1003383,S0040,93,rapidbus_kl
1003383,1003396,S0040,33,rapidbus_kl
1003396,1000678,S0040,120,rapidbus_kl
1000678,1004167,S0040,74,rapidbus_kl
1004167,1004168,S0040,84,rapidbus_kl
1004168,1000145,S0040,218,rapidbus_kl
1000145,1001988,S0040,79,rapidbus_kl
1001988,1001987,S0040,21,rapidbus_kl
1001987,1002172,S0040,41,rapidbus_kl
1002172,1000144,S0040,111,rapidbus_kl
1000144,1008202,S0040,43,rapidbus_kl
1008202,1008203,S0040,40,rapidbus_kl
1008203,1008204,S0040,41,rapidbus_kl
1008204,1000803,S0040,93,rapidbus_kl
1000803,1006231,S0040,31,rapidbus_kl
1006231,1000802,S0040,22,rapidbus_kl
1000802,1002723,S0040,37,rapidbus_kl
1002723,1000029,S0040,152,rapidbus_kl
1000029,1004101,S0040,38,rapidbus_kl
1004101,1006230,S0040,223,rapidbus_kl
1006230,1006229,S0040,35,rapidbus_kl
1006229,1006228,S0040,59,rapidbus_kl
1006228,1006108,S0040,233,rapidbus_kl
1006108,1000677,S0040,169,rapidbus_kl
1000677,1003382,S0040,117,rapidbus_kl
1003382,1000042,S0040,68,rapidbus_kl
1000042,1000575,S0040,50,rapidbus_kl
1000575,1002870,S0040,68,rapidbus_kl
1002870,1000181,S0040,61,rapidbus_kl
1000181,1000865,S0040,54,rapidbus_kl
1000865,1000430,S0040,74,rapidbus_kl
1000430,1003410,S0040,87,rapidbus_kl
1003410,1002231,S0040,65,rapidbus_kl
1002231,1000663,S0040,36,rapidbus_kl
1000663,1003663,S0040,32,rapidbus_kl
1006414,1006367,S0060,161,rapidbus_kl
1006367,1006369,S0060,35,rapidbus_kl
1006369,1006371,S0060,30,rapidbus_kl
1006371,1006373,S0060,33,rapidbus_kl
1006373,1006375,S0060,43,rapidbus_kl
1006375,1006377,S0060,37,rapidbus_kl
1006377,1006379,S0060,29,rapidbus_kl
1006379,1006381,S0060,81,rapidbus_kl
1006381,1006383,S0060,55,rapidbus_kl
1006383,1006385,S0060,51,rapidbus_kl
1006385,1006387,S0060,58,rapidbus_kl
1006387,1006388,S0060,58,rapidbus_kl
1006388,1006390,S0060,75,rapidbus_kl
1006390,1006392,S0060,35,rapidbus_kl
1006392,1006394,S0060,72,rapidbus_kl
1006394,1006396,S0060,26,rapidbus_kl
1006396,1006398,S0060,61,rapidbus_kl
1006398,1006400,S0060,109,rapidbus_kl
1006400,1006402,S0060,215,rapidbus_kl
1006402,1006404,S0060,276,rapidbus_kl
1006404,1002838,S0060,12,rapidbus_kl
1002838,1006406,S0060,78,rapidbus_kl
1006406,1006408,S0060,652,rapidbus_kl
1006408,1006409,S0060,291,rapidbus_kl
1006409,1008290,S0060,509,rapidbus_kl
1008290,1006407,S0060,232,rapidbus_kl
1006407,1006405,S0060,90,rapidbus_kl
1006405,1006403,S0060,274,rapidbus_kl
1006403,1006399,S0060,304,rapidbus_kl
1006399,1006397,S0060,64,rapidbus_kl
1006397,1006395,S0060,32,rapidbus_kl
1006395,1006393,S0060,67,rapidbus_kl
1006393,1006391,S0060,38,rapidbus_kl
1006391,1006413,S0060,23,rapidbus_kl
1006413,1006389,S0060,46,rapidbus_kl
1006389,1006386,S0060,121,rapidbus_kl
1006386,1006384,S0060,55,rapidbus_kl
1006384,1006382,S0060,27,rapidbus_kl
1006382,1006380,S0060,100,rapidbus_kl
1006380,1006378,S0060,29,rapidbus_kl
1006378,1006376,S0060,41,rapidbus_kl
1006376,1006374,S0060,36,rapidbus_kl
1006374,1006372,S0060,44,rapidbus_kl
1006372,1006370,S0060,22,rapidbus_kl
1006370,1006368,S0060,33,rapidbus_kl
1006368,1006414,S0060,40,rapidbus_kl
1006476,1006481,S0070,191,rapidbus_kl
1006481,1006479,S0070,143,rapidbus_kl
1006479,1006477,S0070,69,rapidbus_kl
1006477,1007618,S0070,111,rapidbus_kl
1007618,1007614,S0070,56,rapidbus_kl
1007614,1002068,S0070,74,rapidbus_kl
1002068,1000118,S0070,69,rapidbus_kl
1000118,1000116,S0070,87,rapidbus_kl
1000116,1002653,S0070,106,rapidbus_kl
1002653,1001471,S0070,127,rapidbus_kl
1001471,1001851,S0070,54,rapidbus_kl
1001851,1007621,S0070,30,rapidbus_kl
1007621,1003378,S0070,441,rapidbus_kl
1003378,1002452,S0070,117,rapidbus_kl
1002452,1001078,S0070,84,rapidbus_kl
1001078,1007620,S0070,36,rapidbus_kl
1007620,1004048,S0070,96,rapidbus_kl
1004048,1001179,S0070,71,rapidbus_kl
1001179,1003158,S0070,70,rapidbus_kl
1003158,1000931,S0070,222,rapidbus_kl
1000931,1000505,S0070,156,rapidbus_kl
1000505,1003159,S0070,171,rapidbus_kl
1003159,1003826,S0070,69,rapidbus_kl
1003826,1003516,S0070,101,rapidbus_kl
1003516,1002097,S0070,43,rapidbus_kl
1002097,1002288,S0070,60,rapidbus_kl
1002288,1001317,S0070,137,rapidbus_kl
1001317,1001336,S0070,50,rapidbus_kl
1001336,1001636,S0070,124,rapidbus_kl
1001636,1001555,S0070,71,rapidbus_kl
1001555,1003331,S0070,37,rapidbus_kl
1003331,1001166,S0070,56,rapidbus_kl
1001166,1002592,S0070,31,rapidbus_kl
1002592,1001874,S0070,57,rapidbus_kl
1001874,1001892,S0070,51,rapidbus_kl
1001892,1001444,S0070,53,rapidbus_kl
1001444,1004263,S0070,44,rapidbus_kl
1004263,1000479,S0070,538,rapidbus_kl
1000479,1003973,S0070,195,rapidbus_kl
1003973,1001052,S0070,79,rapidbus_kl
1001052,1008379,S0070,120,rapidbus_kl
1008379,1001638,S0070,46,rapidbus_kl
1001638,1003638,S0070,66,rapidbus_kl
1003638,1007512,S0070,61,rapidbus_kl
1007512,1007513,S0070,27,rapidbus_kl
1007513,1001255,S0070,75,rapidbus_kl
1001255,1003801,S0070,29,rapidbus_kl
1003801,1001457,S0070,97,rapidbus_kl
1001457,1003118,S0070,49,rapidbus_kl
1003118,1001696,S0070,29,rapidbus_kl
1001696,1003361,S0070,143,rapidbus_kl
1003361,1008656,S0070,136,rapidbus_kl
1008656,1001321,S0070,835,rapidbus_kl
1001321,1001801,S0070,137,rapidbus_kl
1001801,1001322,S0070,112,rapidbus_kl
1001322,1003362,S0070,879,rapidbus_kl
1003362,1001697,S0070,98,rapidbus_kl
1001697,1003117,S0070,76,rapidbus_kl
1003117,1003164,S0070,47,rapidbus_kl
1003164,1002869,S0070,90,rapidbus_kl
1002869,1001256,S0070,44,rapidbus_kl
1001256,1001456,S0070,51,rapidbus_kl
1001456,1000265,S0070,35,rapidbus_kl
1000265,1003639,S0070,48,rapidbus_kl
1003639,1003654,S0070,51,rapidbus_kl
1003654,1001949,S0070,78,rapidbus_kl
1001949,1001051,S0070,126,rapidbus_kl
1001051,1003974,S0070,88,rapidbus_kl
1003974,1008342,S0070,44,rapidbus_kl
1008342,1006472,S0070,140,rapidbus_kl
1006472,1006473,S0070,152,rapidbus_kl
1006473,1001708,S0070,366,rapidbus_kl
1001708,1001445,S0070,52,rapidbus_kl
1001445,1001728,S0070,58,rapidbus_kl
1001728,1002356,S0070,55,rapidbus_kl
1002356,1007547,S0070,49,rapidbus_kl
1007547,1003330,S0070,64,rapidbus_kl
1003330,1008344,S0070,36,rapidbus_kl
1008344,1001167,S0070,42,rapidbus_kl
1001167,1001635,S0070,62,rapidbus_kl
1001635,1000198,S0070,126,rapidbus_kl
1000198,1002098,S0070,83,rapidbus_kl
1002098,1000007,S0070,93,rapidbus_kl
1000007,1003138,S0070,64,rapidbus_kl
1003138,1007619,S0070,53,rapidbus_kl
1007619,1001067,S0070,101,rapidbus_kl
1001067,1003160,S0070,47,rapidbus_kl
1003160,1001842,S0070,201,rapidbus_kl
1001842,1002194,S0070,140,rapidbus_kl
1002194,1003157,S0070,147,rapidbus_kl
1003157,1007613,S0070,71,rapidbus_kl
1007613,1001178,S0070,54,rapidbus_kl
1001178,1004047,S0070,69,rapidbus_kl
1004047,1003245,S0070,88,rapidbus_kl
1003245,1003434,S0070,56,rapidbus_kl
1003434,1000684,S0070,82,rapidbus_kl
1000684,1001012,S0070,127,rapidbus_kl
1001012,1007621,S0070,433,rapidbus_kl
1007621,1001852,S0070,32,rapidbus_kl
1001852,1001472,S0070,61,rapidbus_kl
1001472,1002654,S0070,118,rapidbus_kl
1002654,1000117,S0070,106,rapidbus_kl
1000117,1000119,S0070,92,rapidbus_kl
1000119,1002067,S0070,69,rapidbus_kl
1002067,1003162,S0070,104,rapidbus_kl
1003162,1000959,S0070,61,rapidbus_kl
1000959,1006475,S0070,94,rapidbus_kl
1006475,1006478,S0070,81,rapidbus_kl
1006478,1006480,S0070,128,rapidbus_kl
1006480,1006476,S0070,449,rapidbus_kl
1007137,1009142,S0120,423,rapidbus_kl
1009142,1007137,S0120,477,rapidbus_kl
1000966,1008403,S1030,90,rapidbus_kl
1008403,1006874,S1030,55,rapidbus_kl
1006874,1006875,S1030,61,rapidbus_kl
1006875,1003422,S1030,40,rapidbus_kl
1003422,1006876,S1030,68,rapidbus_kl
1006876,1006877,S1030,42,rapidbus_kl
1006877,1006878,S1030,41,rapidbus_kl
1006878,1006879,S1030,45,rapidbus_kl
1006879,1006880,S1030,94,rapidbus_kl
1006880,1006881,S1030,80,rapidbus_kl
1006881,1006882,S1030,65,rapidbus_kl
1006882,1001527,S1030,73,rapidbus_kl
1001527,1006883,S1030,52,rapidbus_kl
1006883,1001783,S1030,176,rapidbus_kl
1001783,1000602,S1030,128,rapidbus_kl
1000602,1000088,S1030,67,rapidbus_kl
1000088,1003505,S1030,55,rapidbus_kl
1003505,1006885,S1030,91,rapidbus_kl
1006885,1000966,S1030,117,rapidbus_kl
1000966,1008403,S1040,94,rapidbus_kl
1008403,1008070,S1040,102,rapidbus_kl
1008070,1008071,S1040,63,rapidbus_kl
1008071,1003580,S1040,34,rapidbus_kl
1003580,1001284,S1040,95,rapidbus_kl
1001284,1006886,S1040,113,rapidbus_kl
1006886,1006887,S1040,108,rapidbus_kl
1006887,1006888,S1040,83,rapidbus_kl
1006888,1006889,S1040,81,rapidbus_kl
1006889,1008072,S1040,46,rapidbus_kl
1008072,1003577,S1040,91,rapidbus_kl
1003577,1002292,S1040,96,rapidbus_kl
1002292,1004109,S1040,92,rapidbus_kl
1004109,1001577,S1040,136,rapidbus_kl
1001577,1002688,S1040,105,rapidbus_kl
1002688,1003220,S1040,119,rapidbus_kl
1003220,1008069,S1040,62,rapidbus_kl
1008069,1001647,S1040,40,rapidbus_kl
1001647,1000682,S1040,173,rapidbus_kl
1000682,1000080,S1040,50,rapidbus_kl
1000080,1006893,S1040,122,rapidbus_kl
1006893,1000966,S1040,75,rapidbus_kl
1006906,1006907,S1050,89,rapidbus_kl
1006907,1002909,S1050,83,rapidbus_kl
1002909,1003148,S1050,39,rapidbus_kl
1003148,1000362,S1050,45,rapidbus_kl
1000362,1006905,S1050,118,rapidbus_kl
1006905,1006903,S1050,70,rapidbus_kl
1006903,1002045,S1050,73,rapidbus_kl
1002045,1003925,S1050,110,rapidbus_kl
1003925,1006901,S1050,107,rapidbus_kl
1006901,1003350,S1050,22,rapidbus_kl
1003350,1006899,S1050,98,rapidbus_kl
1006899,1006897,S1050,63,rapidbus_kl
1006897,1002721,S1050,36,rapidbus_kl
1002721,1002968,S1050,86,rapidbus_kl
1002968,1002238,S1050,107,rapidbus_kl
1002238,1006895,S1050,114,rapidbus_kl
1006895,1006908,S1050,86,rapidbus_kl
1006908,1006909,S1050,95,rapidbus_kl
1006909,1001793,S1050,59,rapidbus_kl
1001793,1003522,S1050,49,rapidbus_kl
1003522,1000704,S1050,69,rapidbus_kl
1000704,1006894,S1050,75,rapidbus_kl
1006894,1001962,S1050,83,rapidbus_kl
1001962,1002821,S1050,30,rapidbus_kl
1002821,1003823,S1050,69,rapidbus_kl
1003823,1002722,S1050,63,rapidbus_kl
1002722,1006896,S1050,45,rapidbus_kl
1006896,1006898,S1050,54,rapidbus_kl
1006898,1003351,S1050,61,rapidbus_kl
1003351,1006900,S1050,28,rapidbus_kl
1006900,1003924,S1050,76,rapidbus_kl
1003924,1002044,S1050,82,rapidbus_kl
1002044,1006902,S1050,75,rapidbus_kl
1006902,1006904,S1050,56,rapidbus_kl
1006904,1001319,S1050,73,rapidbus_kl
1001319,1003211,S1050,22,rapidbus_kl
1003211,1003012,S1050,53,rapidbus_kl
1003012,1006910,S1050,76,rapidbus_kl
1006910,1006906,S1050,61,rapidbus_kl
1003343,1008190,S1060,57,rapidbus_kl
1008190,1008191,S1060,63,rapidbus_kl
1008191,1006960,S1060,161,rapidbus_kl
1006960,1006958,S1060,127,rapidbus_kl
1006958,1006956,S1060,176,rapidbus_kl
1006956,1006964,S1060,85,rapidbus_kl
1006964,1006954,S1060,277,rapidbus_kl
1006954,1006949,S1060,59,rapidbus_kl
1006949,1006947,S1060,168,rapidbus_kl
1006947,1006965,S1060,40,rapidbus_kl
1006965,1006945,S1060,42,rapidbus_kl
1006945,1006943,S1060,137,rapidbus_kl
1006943,1006941,S1060,174,rapidbus_kl
1006941,1006939,S1060,63,rapidbus_kl
1006939,1008058,S1060,35,rapidbus_kl
1008058,1008059,S1060,66,rapidbus_kl
1008059,1006935,S1060,18,rapidbus_kl
1006935,1006936,S1060,105,rapidbus_kl
1006936,1006938,S1060,38,rapidbus_kl
1006938,1006940,S1060,64,rapidbus_kl
1006940,1006942,S1060,142,rapidbus_kl
1006942,1006944,S1060,164,rapidbus_kl
1006944,1006946,S1060,46,rapidbus_kl
1006946,1006950,S1060,52,rapidbus_kl
1006950,1006948,S1060,149,rapidbus_kl
1006948,1006953,S1060,62,rapidbus_kl
1006953,1006951,S1060,266,rapidbus_kl
1006951,1006955,S1060,93,rapidbus_kl
1006955,1006957,S1060,167,rapidbus_kl
1006957,1006959,S1060,129,rapidbus_kl
1006959,1006961,S1060,28,rapidbus_kl
1006961,1003343,S1060,47,rapidbus_kl
1007176,1003179,S1070,129,rapidbus_kl
1003179,1002469,S1070,189,rapidbus_kl
1002469,1002213,S1070,66,rapidbus_kl
1002213,1006997,S1070,112,rapidbus_kl
1006997,1006998,S1070,100,rapidbus_kl
1006998,1006755,S1070,209,rapidbus_kl
1006755,1006754,S1070,173,rapidbus_kl
1006754,1000184,S1070,298,rapidbus_kl
1000184,1006755,S1070,235,rapidbus_kl
1006755,1006999,S1070,211,rapidbus_kl
1006999,1008000,S1070,551,rapidbus_kl
1008000,1008001,S1070,108,rapidbus_kl
1008001,1008002,S1070,59,rapidbus_kl
1008002,1008004,S1070,90,rapidbus_kl
1008004,1006757,S1070,181,rapidbus_kl
1006757,1008005,S1070,149,rapidbus_kl
1008005,1008006,S1070,102,rapidbus_kl
1008006,1008007,S1070,38,rapidbus_kl
1002241,1002245,S1140,70,rapidbus_kl
1002245,1002242,S1140,34,rapidbus_kl
1002242,1002410,S1140,48,rapidbus_kl
1002410,1002247,S1140,50,rapidbus_kl
1002247,1008085,S1140,24,rapidbus_kl
1008085,1003125,S1140,118,rapidbus_kl
1003125,1008086,S1140,52,rapidbus_kl
1008086,1008087,S1140,71,rapidbus_kl
1008087,1003057,S1140,233,rapidbus_kl
1003057,1003990,S1140,42,rapidbus_kl
1003990,1006901,S1140,43,rapidbus_kl
1006901,1003350,S1140,50,rapidbus_kl
1003350,1006899,S1140,76,rapidbus_kl
1006899,1006897,S1140,73,rapidbus_kl
1006897,1003825,S1140,58,rapidbus_kl
1003825,1003326,S1140,76,rapidbus_kl
1003326,1002044,S1140,50,rapidbus_kl
1002044,1001177,S1140,62,rapidbus_kl
1001177,1001755,S1140,54,rapidbus_kl
1001755,1003220,S1140,172,rapidbus_kl
1003220,1008069,S1140,58,rapidbus_kl
1008069,1001647,S1140,54,rapidbus_kl
1001647,1001651,S1140,60,rapidbus_kl
1001651,1000992,S1140,47,rapidbus_kl
1000992,1003749,S1140,38,rapidbus_kl
1003749,1000610,S1140,45,rapidbus_kl
1000610,1002238,S1140,85,rapidbus_kl
1002238,1006895,S1140,106,rapidbus_kl
1006895,1000728,S1140,130,rapidbus_kl
1000728,1000354,S1140,48,rapidbus_kl
1000354,1000134,S1140,54,rapidbus_kl
1000134,1000129,S1140,48,rapidbus_kl
1000129,1003522,S1140,45,rapidbus_kl
1003522,1000704,S1140,76,rapidbus_kl
1000704,1008088,S1140,36,rapidbus_kl
1008088,1001334,S1140,226,rapidbus_kl
1001334,1002794,S1140,44,rapidbus_kl
1002794,1003776,S1140,107,rapidbus_kl
1003776,1000009,S1140,137,rapidbus_kl
1000009,1003125,S1140,119,rapidbus_kl
1003125,1003537,S1140,42,rapidbus_kl
1003537,1002241,S1140,119,rapidbus_kl
1003903,1002571,S1170,90,rapidbus_kl
1002571,1003224,S1170,61,rapidbus_kl
1003224,1009040,S1170,175,rapidbus_kl
1009040,1009042,S1170,45,rapidbus_kl
1009042,1009054,S1170,110,rapidbus_kl
1009054,1009052,S1170,54,rapidbus_kl
1009052,1009050,S1170,38,rapidbus_kl
1009050,1009055,S1170,32,rapidbus_kl
1009055,1009044,S1170,81,rapidbus_kl
1009044,1009031,S1170,57,rapidbus_kl
1009031,1009034,S1170,69,rapidbus_kl
1009034,1009036,S1170,62,rapidbus_kl
1009036,1009038,S1170,51,rapidbus_kl
1009038,1008154,S1170,306,rapidbus_kl
1008154,1006190,S1170,40,rapidbus_kl
1006190,1006191,S1170,62,rapidbus_kl
1006191,1006198,S1170,246,rapidbus_kl
1006198,1006086,S1170,95,rapidbus_kl
1006086,1006087,S1170,58,rapidbus_kl
1006087,1006089,S1170,132,rapidbus_kl
1006089,1006090,S1170,82,rapidbus_kl
1006090,1006091,S1170,332,rapidbus_kl
1006091,1008153,S1170,65,rapidbus_kl
1008153,1006062,S1170,61,rapidbus_kl
1006062,1009039,S1170,240,rapidbus_kl
1009039,1009037,S1170,58,rapidbus_kl
1009037,1009035,S1170,52,rapidbus_kl
1009035,1009033,S1170,48,rapidbus_kl
1009033,1009032,S1170,21,rapidbus_kl
1009032,1009045,S1170,65,rapidbus_kl
1009045,1009048,S1170,77,rapidbus_kl
1009048,1009049,S1170,31,rapidbus_kl
1009049,1009051,S1170,41,rapidbus_kl
1009051,1009053,S1170,51,rapidbus_kl
1009053,1009043,S1170,109,rapidbus_kl
1009043,1009041,S1170,43,rapidbus_kl
1009041,1006250,S1170,150,rapidbus_kl
1006250,1003225,S1170,55,rapidbus_kl
1003225,1002572,S1170,52,rapidbus_kl
1002572,1003903,S1170,103,rapidbus_kl
1006966,1006967,S1190,51,rapidbus_kl
1006967,1006969,S1190,74,rapidbus_kl
1006969,1006971,S1190,15,rapidbus_kl
1006971,1006973,S1190,42,rapidbus_kl
1006973,1006974,S1190,60,rapidbus_kl
1006974,1006976,S1190,63,rapidbus_kl
1006976,1006975,S1190,40,rapidbus_kl
1006975,1006972,S1190,56,rapidbus_kl
1006972,1006970,S1190,46,rapidbus_kl
1006970,1006977,S1190,32,rapidbus_kl
1006977,1006979,S1190,40,rapidbus_kl
1006979,1006982,S1190,76,rapidbus_kl
1006982,1006983,S1190,21,rapidbus_kl
1006983,1006985,S1190,78,rapidbus_kl
1006985,1006987,S1190,43,rapidbus_kl
1006987,1001115,S1190,151,rapidbus_kl
1001115,1001825,S1190,170,rapidbus_kl
1001825,1008404,S1190,215,rapidbus_kl
1008404,1008406,S1190,132,rapidbus_kl
1008406,1008408,S1190,52,rapidbus_kl
1008408,1008411,S1190,38,rapidbus_kl
1008411,1008413,S1190,60,rapidbus_kl
1008413,1008414,S1190,177,rapidbus_kl
1008414,1008416,S1190,92,rapidbus_kl
1008416,1006996,S1190,113,rapidbus_kl
1006996,1008415,S1190,206,rapidbus_kl
1008415,1008412,S1190,178,rapidbus_kl
1008412,1008410,S1190,62,rapidbus_kl
1008410,1008409,S1190,40,rapidbus_kl
1008409,1008407,S1190,65,rapidbus_kl
1008407,1008405,S1190,120,rapidbus_kl
1008405,1001118,S1190,204,rapidbus_kl
1001118,1001117,S1190,182,rapidbus_kl
1001117,1006990,S1190,81,rapidbus_kl
1006990,1006988,S1190,66,rapidbus_kl
1006988,1006986,S1190,43,rapidbus_kl
1006986,1006984,S1190,75,rapidbus_kl
1006984,1006981,S1190,27,rapidbus_kl
1006981,1006980,S1190,76,rapidbus_kl
1006980,1006978,S1190,31,rapidbus_kl
1006978,1006971,S1190,42,rapidbus_kl
1006970,1006968,S1190,90,rapidbus_kl
1006968,1006966,S1190,70,rapidbus_kl
1007013,1007012,S1390,65,rapidbus_kl
1007012,1007010,S1390,102,rapidbus_kl
1007010,1007008,S1390,66,rapidbus_kl
1007008,1007006,S1390,68,rapidbus_kl
1007006,1007004,S1390,81,rapidbus_kl
1007004,1007002,S1390,55,rapidbus_kl
1007002,1007000,S1390,179,rapidbus_kl
1007000,1007001,S1390,189,rapidbus_kl
1007001,1007018,S1390,68,rapidbus_kl
1007018,1007019,S1390,51,rapidbus_kl
1007019,1007020,S1390,52,rapidbus_kl
1007020,1007021,S1390,46,rapidbus_kl
1007021,1007022,S1390,53,rapidbus_kl
1007022,1007023,S1390,51,rapidbus_kl
1007023,1007024,S1390,60,rapidbus_kl
1007024,1007025,S1390,146,rapidbus_kl
1007025,1007556,S1390,106,rapidbus_kl
1007556,1007558,S1390,103,rapidbus_kl
1007558,1007560,S1390,55,rapidbus_kl
1007560,1007563,S1390,193,rapidbus_kl
1007563,1007564,S1390,163,rapidbus_kl
1007564,1007567,S1390,120,rapidbus_kl
1007567,1007568,S1390,28,rapidbus_kl
1007568,1007570,S1390,92,rapidbus_kl
1007570,1007572,S1390,83,rapidbus_kl
1007572,1007574,S1390,30,rapidbus_kl
1007574,1007576,S1390,197,rapidbus_kl
1007576,1007577,S1390,130,rapidbus_kl
1007577,1007579,S1390,403,rapidbus_kl
1007579,1007581,S1390,420,rapidbus_kl
1007581,1007583,S1390,204,rapidbus_kl
1007583,1007586,S1390,105,rapidbus_kl
1007586,1007588,S1390,88,rapidbus_kl
1007588,1007590,S1390,108,rapidbus_kl
1007590,1007592,S1390,231,rapidbus_kl
1007592,1007593,S1390,78,rapidbus_kl
1007593,1007595,S1390,44,rapidbus_kl
1007595,1007596,S1390,106,rapidbus_kl
1007596,1007616,S1390,81,rapidbus_kl
1007616,1007617,S1390,77,rapidbus_kl
1007617,1007594,S1390,139,rapidbus_kl
1007594,1007591,S1390,123,rapidbus_kl
1007591,1007589,S1390,259,rapidbus_kl
1007589,1007587,S1390,147,rapidbus_kl
1007587,1007585,S1390,218,rapidbus_kl
1007585,1007584,S1390,115,rapidbus_kl
1007584,1007582,S1390,236,rapidbus_kl
1007582,1007580,S1390,494,rapidbus_kl
1007580,1007578,S1390,480,rapidbus_kl
1007578,1007575,S1390,164,rapidbus_kl
1007575,1007573,S1390,259,rapidbus_kl
1007573,1007571,S1390,103,rapidbus_kl
1007571,1007569,S1390,108,rapidbus_kl
1007569,1007566,S1390,34,rapidbus_kl
1007566,1007565,S1390,131,rapidbus_kl
1007565,1007562,S1390,191,rapidbus_kl
1007562,1007561,S1390,139,rapidbus_kl
1007561,1007559,S1390,154,rapidbus_kl
1007559,1007557,S1390,132,rapidbus_kl
1007557,1007555,S1390,114,rapidbus_kl
1007555,1007554,S1390,155,rapidbus_kl
1007554,1007553,S1390,40,rapidbus_kl
1007553,1007552,S1390,54,rapidbus_kl
1007552,1007551,S1390,293,rapidbus_kl
1007551,1007002,S1390,90,rapidbus_kl
1007001,1007003,S1390,66,rapidbus_kl
1007003,1007005,S1390,83,rapidbus_kl
1007005,1007007,S1390,79,rapidbus_kl
1007007,1007009,S1390,84,rapidbus_kl
1007009,1007011,S1390,123,rapidbus_kl
1007011,1007013,S1390,83,rapidbus_kl
1001404,1000499,S1490,159,rapidbus_kl
1000499,1003213,S1490,182,rapidbus_kl
1003213,1007597,S1490,268,rapidbus_kl
1007597,1007598,S1490,81,rapidbus_kl
1007598,1000074,S1490,67,rapidbus_kl
1000074,1000547,S1490,69,rapidbus_kl
1000547,1007600,S1490,377,rapidbus_kl
1007600,1007601,S1490,115,rapidbus_kl
1007601,1007602,S1490,119,rapidbus_kl
1007602,1007604,S1490,118,rapidbus_kl
1007604,1007606,S1490,81,rapidbus_kl
1007606,1007608,S1490,92,rapidbus_kl
1007608,1000811,S1490,92,rapidbus_kl
1000811,1003234,S1490,206,rapidbus_kl
1003234,1007611,S1490,71,rapidbus_kl
1007611,1003157,S1490,136,rapidbus_kl
1003157,1007613,S1490,35,rapidbus_kl
1007613,1001178,S1490,70,rapidbus_kl
1001178,1004047,S1490,98,rapidbus_kl
1004047,1000931,S1490,159,rapidbus_kl
1000931,1000505,S1490,210,rapidbus_kl
1000505,1000368,S1490,416,rapidbus_kl
1000368,1007614,S1490,132,rapidbus_kl
1007614,1003162,S1490,82,rapidbus_kl
1003162,1000959,S1490,263,rapidbus_kl
1000959,1003159,S1490,284,rapidbus_kl
1003159,1001842,S1490,190,rapidbus_kl
1001842,1002194,S1490,142,rapidbus_kl
1002194,1004048,S1490,95,rapidbus_kl
1004048,1001179,S1490,97,rapidbus_kl
1001179,1007613,S1490,144,rapidbus_kl
1007613,1007612,S1490,72,rapidbus_kl
1007612,1007610,S1490,202,rapidbus_kl
1007610,1000810,S1490,106,rapidbus_kl
1000810,1007609,S1490,72,rapidbus_kl
1007609,1007607,S1490,90,rapidbus_kl
1007607,1007605,S1490,122,rapidbus_kl
1007605,1007603,S1490,156,rapidbus_kl
1007603,1000641,S1490,95,rapidbus_kl
1000641,1002312,S1490,623,rapidbus_kl
1002312,1007597,S1490,74,rapidbus_kl
1000547,1000500,S1490,56,rapidbus_kl
1000500,1007599,S1490,71,rapidbus_kl
1007599,1001404,S1490,55,rapidbus_kl
1008051,1008052,S2060,151,rapidbus_kl
1008052,1008053,S2060,51,rapidbus_kl
1008053,1008054,S2060,68,rapidbus_kl
1008054,1008063,S2060,69,rapidbus_kl
1008063,1008064,S2060,91,rapidbus_kl
1008064,1008065,S2060,65,rapidbus_kl
1008065,1008066,S2060,225,rapidbus_kl
1008066,1008055,S2060,242,rapidbus_kl
1008055,1008056,S2060,50,rapidbus_kl
1008056,1008057,S2060,57,rapidbus_kl
1008057,1008050,S2060,94,rapidbus_kl
1008050,1008048,S2060,99,rapidbus_kl
1008048,1008046,S2060,160,rapidbus_kl
1008046,1008043,S2060,121,rapidbus_kl
1008043,1008044,S2060,122,rapidbus_kl
1008044,1008040,S2060,43,rapidbus_kl
1008040,1008036,S2060,66,rapidbus_kl
1008036,1008067,S2060,47,rapidbus_kl
1008067,1008037,S2060,55,rapidbus_kl
1008037,1006414,S2060,224,rapidbus_kl
1006414,1008024,S2060,75,rapidbus_kl
1008024,1008025,S2060,134,rapidbus_kl
1008025,1008026,S2060,125,rapidbus_kl
1008026,1008027,S2060,124,rapidbus_kl
1008027,1008028,S2060,40,rapidbus_kl
1008028,1008029,S2060,34,rapidbus_kl
1008029,1008030,S2060,29,rapidbus_kl
1008030,1008031,S2060,189,rapidbus_kl
1008031,1008032,S2060,53,rapidbus_kl
1008032,1008033,S2060,53,rapidbus_kl
1008033,1008034,S2060,63,rapidbus_kl
1008034,1008060,S2060,68,rapidbus_kl
1008060,1008061,S2060,126,rapidbus_kl
1008061,1008062,S2060,87,rapidbus_kl
1008062,1008035,S2060,58,rapidbus_kl
1008035,1008038,S2060,95,rapidbus_kl
1008038,1008039,S2060,31,rapidbus_kl
1008039,1008041,S2060,72,rapidbus_kl
1008041,1008042,S2060,108,rapidbus_kl
1008042,1008045,S2060,185,rapidbus_kl
1008045,1008047,S2060,142,rapidbus_kl
1008047,1008049,S2060,139,rapidbus_kl
1008049,1008051,S2060,70,rapidbus_kl
1003078,1008399,S4020,18,rapidbus_kl
1008399,1008075,S4020,31,rapidbus_kl
1008075,1006643,S4020,56,rapidbus_kl
1006643,1000936,S4020,24,rapidbus_kl
1000936,1006644,S4020,45,rapidbus_kl
1006644,1006645,S4020,35,rapidbus_kl
1006645,1006646,S4020,55,rapidbus_kl
1006646,1006648,S4020,61,rapidbus_kl
1006648,1008077,S4020,46,rapidbus_kl
1008077,1006649,S4020,85,rapidbus_kl
1006649,1006650,S4020,33,rapidbus_kl
1006650,1006654,S4020,92,rapidbus_kl
1006654,1008079,S4020,42,rapidbus_kl
1008079,1006655,S4020,58,rapidbus_kl
1006655,1006657,S4020,93,rapidbus_kl
1006657,1006658,S4020,42,rapidbus_kl
1006658,1006659,S4020,95,rapidbus_kl
1006659,1006660,S4020,54,rapidbus_kl
1006660,1006661,S4020,85,rapidbus_kl
1006661,1006662,S4020,38,rapidbus_kl
1006662,1001482,S4020,53,rapidbus_kl
1001482,1008216,S4020,36,rapidbus_kl
1008216,1000643,S4020,30,rapidbus_kl
1000643,1001046,S4020,21,rapidbus_kl
1001046,1008218,S4020,21,rapidbus_kl
1008218,1002506,S4020,17,rapidbus_kl
1002506,1008219,S4020,255,rapidbus_kl
1008219,1002507,S4020,38,rapidbus_kl
1002507,1006666,S4020,20,rapidbus_kl
1006666,1006667,S4020,39,rapidbus_kl
1006667,1006668,S4020,139,rapidbus_kl
1006668,1006655,S4020,69,rapidbus_kl
1006655,1008080,S4020,102,rapidbus_kl
1008080,1006671,S4020,45,rapidbus_kl
1006671,1006651,S4020,95,rapidbus_kl
1006651,1006669,S4020,42,rapidbus_kl
1006669,1008078,S4020,128,rapidbus_kl
1008078,1006670,S4020,47,rapidbus_kl
1006670,1000212,S4020,34,rapidbus_kl
1000212,1004249,S4020,43,rapidbus_kl
1004249,1003078,S4020,38,rapidbus_kl
1006656,1006657,S4050,71,rapidbus_kl
1006657,1006658,S4050,64,rapidbus_kl
1006658,1006655,S4050,98,rapidbus_kl
1006655,1003358,S4050,175,rapidbus_kl
1003358,1002475,S4050,47,rapidbus_kl
1002475,1006799,S4050,44,rapidbus_kl
1006799,1006772,S4050,26,rapidbus_kl
1006772,1006773,S4050,65,rapidbus_kl
1006773,1006774,S4050,60,rapidbus_kl
1006774,1006775,S4050,30,rapidbus_kl
1006775,1003305,S4050,33,rapidbus_kl
1003305,1001454,S4050,46,rapidbus_kl
1001454,1003583,S4050,68,rapidbus_kl
1003583,1000374,S4050,87,rapidbus_kl
1000374,1000024,S4050,46,rapidbus_kl
1000024,1006776,S4050,116,rapidbus_kl
1006776,1006786,S4050,64,rapidbus_kl
1006786,1006777,S4050,138,rapidbus_kl
1006777,1006779,S4050,71,rapidbus_kl
1006779,1006781,S4050,28,rapidbus_kl
1006781,1007720,S4050,122,rapidbus_kl
1007720,1006782,S4050,98,rapidbus_kl
1006782,1006780,S4050,27,rapidbus_kl
1006780,1006778,S4050,64,rapidbus_kl
1006778,1006787,S4050,144,rapidbus_kl
1006787,1002788,S4050,173,rapidbus_kl
1002788,1000373,S4050,46,rapidbus_kl
1000373,1003582,S4050,99,rapidbus_kl
1003582,1001455,S4050,54,rapidbus_kl
1001455,1002731,S4050,57,rapidbus_kl
1002731,1006571,S4050,26,rapidbus_kl
1006571,1006572,S4050,46,rapidbus_kl
1006572,1006573,S4050,50,rapidbus_kl
1006573,1006570,S4050,64,rapidbus_kl
1006570,1006800,S4050,27,rapidbus_kl
1006800,1002476,S4050,47,rapidbus_kl
1002476,1003359,S4050,44,rapidbus_kl
1003359,1006659,S4050,88,rapidbus_kl
1006659,1006566,S4050,78,rapidbus_kl
1006566,1008079,S4050,39,rapidbus_kl
1008079,1000861,S4050,83,rapidbus_kl
1000861,1006655,S4050,5,rapidbus_kl
1006655,1006656,S4050,142,rapidbus_kl
1006662,1001482,S4070,80,rapidbus_kl
1001482,1008216,S4070,53,rapidbus_kl
1008216,1000643,S4070,55,rapidbus_kl
1000643,1001046,S4070,34,rapidbus_kl
1001046,1008218,S4070,34,rapidbus_kl
1008218,1002506,S4070,26,rapidbus_kl
1002506,1008221,S4070,78,rapidbus_kl
1008221,1003357,S4070,77,rapidbus_kl
1003357,1002751,S4070,61,rapidbus_kl
1002751,1005063,S4070,205,rapidbus_kl
1005063,1000651,S4070,31,rapidbus_kl
1000651,1001752,S4070,105,rapidbus_kl
1001752,1001566,S4070,59,rapidbus_kl
1001566,1006638,S4070,151,rapidbus_kl
1006638,1008222,S4070,46,rapidbus_kl
1008222,1008223,S4070,34,rapidbus_kl
1008223,1006637,S4070,74,rapidbus_kl
1006637,1000536,S4070,43,rapidbus_kl
1000536,1008224,S4070,41,rapidbus_kl
1008224,1003757,S4070,49,rapidbus_kl
1003757,1001753,S4070,28,rapidbus_kl
1001753,1000302,S4070,159,rapidbus_kl
1000302,1002750,S4070,58,rapidbus_kl
1002750,1003356,S4070,95,rapidbus_kl
1003356,1000050,S4070,59,rapidbus_kl
1000050,1008220,S4070,55,rapidbus_kl
1008220,1008219,S4070,31,rapidbus_kl
1008219,1002507,S4070,73,rapidbus_kl
1002507,1006666,S4070,58,rapidbus_kl
1006666,1008217,S4070,32,rapidbus_kl
1008217,1006667,S4070,14,rapidbus_kl
1006667,1006661,S4070,46,rapidbus_kl
1006661,1006662,S4070,56,rapidbus_kl
1006540,1003297,S4080,41,rapidbus_kl
1003297,1008225,S4080,17,rapidbus_kl
1008225,1000443,S4080,134,rapidbus_kl
1000443,1000812,S4080,43,rapidbus_kl
1000812,1001838,S4080,43,rapidbus_kl
1001838,1000618,S4080,15,rapidbus_kl
1000618,1008226,S4080,368,rapidbus_kl
1008226,1008227,S4080,22,rapidbus_kl
1008227,1008228,S4080,36,rapidbus_kl
1008228,1008229,S4080,48,rapidbus_kl
1008229,1002178,S4080,34,rapidbus_kl
1002178,1000337,S4080,50,rapidbus_kl
1000337,1008230,S4080,19,rapidbus_kl
1008230,1002661,S4080,34,rapidbus_kl
1002661,1003817,S4080,82,rapidbus_kl
1003817,1000495,S4080,34,rapidbus_kl
1000495,1000817,S4080,29,rapidbus_kl
1000817,1002798,S4080,55,rapidbus_kl
1002798,1008247,S4080,21,rapidbus_kl
1008247,1000816,S4080,39,rapidbus_kl
1000816,1008246,S4080,40,rapidbus_kl
1008246,1008231,S4080,60,rapidbus_kl
1008231,1008232,S4080,30,rapidbus_kl
1008232,1008498,S4080,11,rapidbus_kl
1008498,1008495,S4080,14,rapidbus_kl
1008495,1008496,S4080,20,rapidbus_kl
1008496,1008497,S4080,26,rapidbus_kl
1008497,1008498,S4080,26,rapidbus_kl
1008498,1008236,S4080,35,rapidbus_kl
1008236,1001858,S4080,20,rapidbus_kl
1001858,1001567,S4080,48,rapidbus_kl
1001567,1008237,S4080,16,rapidbus_kl
1008237,1000619,S4080,395,rapidbus_kl
1000619,1000912,S4080,30,rapidbus_kl
1000912,1000825,S4080,30,rapidbus_kl
1000825,1000316,S4080,46,rapidbus_kl
1000316,1003298,S4080,42,rapidbus_kl
1003298,1006540,S4080,47,rapidbus_kl
1006519,1006174,S5010,180,rapidbus_kl
1006170,1009056,S6060,763,rapidbus_kl
1009056,1006170,S6060,437,rapidbus_kl
1001801,1001322,T2000,98,rapidbus_kl
1001322,1000972,T2000,671,rapidbus_kl
1000972,1007531,T2000,21,rapidbus_kl
1007531,1000414,T2000,28,rapidbus_kl
1000414,1000415,T2000,96,rapidbus_kl
1000415,1000408,T2000,24,rapidbus_kl
1000408,1000405,T2000,52,rapidbus_kl
1000405,1000409,T2000,61,rapidbus_kl
1000409,1000410,T2000,21,rapidbus_kl
1000410,1000413,T2000,51,rapidbus_kl
1000413,1000411,T2000,43,rapidbus_kl
1000411,1000412,T2000,35,rapidbus_kl
1000412,1001321,T2000,782,rapidbus_kl
1001321,1001801,T2000,117,rapidbus_kl
1001801,1001322,T2010,91,rapidbus_kl
1001322,1003572,T2010,167,rapidbus_kl
1003572,1003525,T2010,555,rapidbus_kl
1003525,1000554,T2010,30,rapidbus_kl
1000554,1003881,T2010,42,rapidbus_kl
1003881,1000216,T2010,35,rapidbus_kl
1000216,1003500,T2010,62,rapidbus_kl
1003500,1002956,T2010,53,rapidbus_kl
1002956,1003377,T2010,54,rapidbus_kl
1003377,1002583,T2010,71,rapidbus_kl
1002583,1001916,T2010,49,rapidbus_kl
1001916,1001950,T2010,51,rapidbus_kl
1001950,1003560,T2010,62,rapidbus_kl
1003560,1003796,T2010,47,rapidbus_kl
1003796,1003556,T2010,40,rapidbus_kl
1003556,1003779,T2010,38,rapidbus_kl
1003779,1003868,T2010,30,rapidbus_kl
1003868,1003743,T2010,64,rapidbus_kl
1003743,1000895,T2010,52,rapidbus_kl
1000895,1000141,T2010,42,rapidbus_kl
1000141,1000880,T2010,51,rapidbus_kl
1000880,1002132,T2010,114,rapidbus_kl
1002132,1000881,T2010,97,rapidbus_kl
1000881,1002373,T2010,47,rapidbus_kl
1002373,1001532,T2010,41,rapidbus_kl
1001532,1003607,T2010,19,rapidbus_kl
1003607,1003754,T2010,17,rapidbus_kl
1003754,1006884,T2010,42,rapidbus_kl
1006884,1003862,T2010,43,rapidbus_kl
1003862,1003557,T2010,28,rapidbus_kl
1003557,1002447,T2010,27,rapidbus_kl
1002447,1003559,T2010,42,rapidbus_kl
1003559,1001951,T2010,64,rapidbus_kl
1001951,1003439,T2010,34,rapidbus_kl
1003439,1001585,T2010,50,rapidbus_kl
1001585,1003376,T2010,48,rapidbus_kl
1003376,1002928,T2010,45,rapidbus_kl
1002928,1000217,T2010,40,rapidbus_kl
1000217,1002474,T2010,61,rapidbus_kl
1002474,1003882,T2010,30,rapidbus_kl
1003882,1000555,T2010,38,rapidbus_kl
1000555,1003526,T2010,34,rapidbus_kl
1003526,1003571,T2010,429,rapidbus_kl
1003571,1001321,T2010,172,rapidbus_kl
1001321,1001801,T2010,52,rapidbus_kl
1001831,1000721,T2020,74,rapidbus_kl
1000721,1003746,T2020,31,rapidbus_kl
1003746,1001351,T2020,42,rapidbus_kl
1001351,1003346,T2020,86,rapidbus_kl
1003346,1000558,T2020,83,rapidbus_kl
1000558,1004217,T2020,60,rapidbus_kl
1004217,1002973,T2020,46,rapidbus_kl
1002973,1000559,T2020,27,rapidbus_kl
1000559,1001948,T2020,60,rapidbus_kl
1001948,1001051,T2020,62,rapidbus_kl
1001051,1003974,T2020,57,rapidbus_kl
1003974,1000848,T2020,37,rapidbus_kl
1000848,1002908,T2020,33,rapidbus_kl
1002908,1003459,T2020,50,rapidbus_kl
1003459,1002943,T2020,29,rapidbus_kl
1002943,1002858,T2020,33,rapidbus_kl
1002858,1001521,T2020,57,rapidbus_kl
1001521,1002938,T2020,76,rapidbus_kl
1002938,1001789,T2020,103,rapidbus_kl
1001789,1006202,T2020,30,rapidbus_kl
1006202,1006203,T2020,21,rapidbus_kl
1006203,1000382,T2020,19,rapidbus_kl
1000382,1001520,T2020,48,rapidbus_kl
1001520,1002857,T2020,28,rapidbus_kl
1002857,1002942,T2020,30,rapidbus_kl
1002942,1003458,T2020,49,rapidbus_kl
1003458,1002218,T2020,47,rapidbus_kl
1002218,1007532,T2020,30,rapidbus_kl
1007532,1000847,T2020,19,rapidbus_kl
1000847,1003973,T2020,29,rapidbus_kl
1003973,1001052,T2020,62,rapidbus_kl
1001052,1000557,T2020,80,rapidbus_kl
1000557,1007550,T2020,32,rapidbus_kl
1007550,1003975,T2020,32,rapidbus_kl
1003975,1004218,T2020,52,rapidbus_kl
1004218,1001548,T2020,40,rapidbus_kl
1001548,1003449,T2020,48,rapidbus_kl
1003449,1003345,T2020,55,rapidbus_kl
1003345,1001648,T2020,47,rapidbus_kl
1001648,1000768,T2020,37,rapidbus_kl
1000768,1000772,T2020,52,rapidbus_kl
1000772,1000786,T2020,45,rapidbus_kl
1000786,1001914,T2020,49,rapidbus_kl
1001914,1003217,T2020,34,rapidbus_kl
1003217,1003567,T2020,35,rapidbus_kl
1003567,1001322,T2020,49,rapidbus_kl
1001322,1000795,T2020,44,rapidbus_kl
1000795,1002951,T2020,63,rapidbus_kl
1002951,1003687,T2020,65,rapidbus_kl
1003687,1001831,T2020,83,rapidbus_kl
1006231,1000802,T2220,50,rapidbus_kl
1000802,1002723,T2220,90,rapidbus_kl
1002723,1000029,T2220,190,rapidbus_kl
1000029,1006108,T2220,277,rapidbus_kl
1006108,1000677,T2220,199,rapidbus_kl
1000677,1006109,T2220,149,rapidbus_kl
1006109,1003382,T2220,92,rapidbus_kl
1003382,1000042,T2220,134,rapidbus_kl
1000042,1000575,T2220,73,rapidbus_kl
1000575,1002870,T2220,70,rapidbus_kl
1002870,1000181,T2220,62,rapidbus_kl
1000181,1000865,T2220,57,rapidbus_kl
1000865,1000868,T2220,52,rapidbus_kl
1000868,1002463,T2220,137,rapidbus_kl
1002463,1003775,T2220,51,rapidbus_kl
1003775,1003152,T2220,66,rapidbus_kl
1003152,1003748,T2220,46,rapidbus_kl
1003748,1003877,T2220,54,rapidbus_kl
1003877,1000986,T2220,59,rapidbus_kl
1000986,1000459,T2220,48,rapidbus_kl
1000459,1000450,T2220,46,rapidbus_kl
1000450,1002626,T2220,48,rapidbus_kl
1002626,1000459,T2220,73,rapidbus_kl
1000450,1001827,T2220,56,rapidbus_kl
1001827,1004212,T2220,128,rapidbus_kl
1004212,1006106,T2220,47,rapidbus_kl
1006106,1000679,T2220,122,rapidbus_kl
1000679,1002462,T2220,116,rapidbus_kl
1002462,1001368,T2220,124,rapidbus_kl
1001368,1000866,T2220,89,rapidbus_kl
1000866,1000182,T2220,59,rapidbus_kl
1000182,1006110,T2220,36,rapidbus_kl
1006110,1001989,T2220,44,rapidbus_kl
1001989,1003383,T2220,126,rapidbus_kl
1003383,1003396,T2220,39,rapidbus_kl
1003396,1006112,T2220,78,rapidbus_kl
1006112,1000678,T2220,65,rapidbus_kl
1000678,1004167,T2220,60,rapidbus_kl
1004167,1004168,T2220,91,rapidbus_kl
1004168,1000145,T2220,229,rapidbus_kl
1000145,1001988,T2220,87,rapidbus_kl
1001988,1001987,T2220,43,rapidbus_kl
1001987,1002172,T2220,38,rapidbus_kl
1002172,1000144,T2220,87,rapidbus_kl
1000144,1000028,T2220,94,rapidbus_kl
1000028,1002724,T2220,95,rapidbus_kl
1002724,1000803,T2220,57,rapidbus_kl
1000803,1006231,T2220,19,rapidbus_kl
1001822,1002812,T2230,115,rapidbus_kl
1002812,1002332,T2230,18,rapidbus_kl
1002332,1001267,T2230,55,rapidbus_kl
1001267,1000048,T2230,95,rapidbus_kl
1000048,1001180,T2230,43,rapidbus_kl
1001180,1002471,T2230,119,rapidbus_kl
1002471,1008386,T2230,125,rapidbus_kl
1008386,1001278,T2230,55,rapidbus_kl
1001278,1001311,T2230,35,rapidbus_kl
1001311,1000995,T2230,54,rapidbus_kl
1000995,1001761,T2230,62,rapidbus_kl
1001761,1002005,T2230,71,rapidbus_kl
1002005,1001394,T2230,66,rapidbus_kl
1001394,1001391,T2230,98,rapidbus_kl
1001391,1001204,T2230,139,rapidbus_kl
1001204,1002125,T2230,108,rapidbus_kl
1002125,1002490,T2230,42,rapidbus_kl
1002490,1002214,T2230,90,rapidbus_kl
1002214,1001822,T2230,110,rapidbus_kl
1001800,1002279,T2240,90,rapidbus_kl
1002279,1001778,T2240,38,rapidbus_kl
1001778,1000577,T2240,32,rapidbus_kl
1000577,1001803,T2240,21,rapidbus_kl
1001803,1002603,T2240,27,rapidbus_kl
1002603,1002412,T2240,53,rapidbus_kl
1002412,1002700,T2240,51,rapidbus_kl
1002700,1002946,T2240,33,rapidbus_kl
1002946,1001663,T2240,56,rapidbus_kl
1001663,1004097,T2240,42,rapidbus_kl
1004097,1003635,T2240,51,rapidbus_kl
1003635,1002395,T2240,57,rapidbus_kl
1002395,1001519,T2240,65,rapidbus_kl
1001519,1004151,T2240,106,rapidbus_kl
1004151,1002773,T2240,180,rapidbus_kl
1002773,1000711,T2240,97,rapidbus_kl
1000711,1000016,T2240,43,rapidbus_kl
1000016,1002699,T2240,32,rapidbus_kl
1002699,1004200,T2240,33,rapidbus_kl
1004200,1000081,T2240,40,rapidbus_kl
1000081,1002432,T2240,42,rapidbus_kl
1002432,1006120,T2240,137,rapidbus_kl
1006120,1000625,T2240,116,rapidbus_kl
1000625,1002616,T2240,226,rapidbus_kl
1002616,1003762,T2240,102,rapidbus_kl
1003762,1001800,T2240,30,rapidbus_kl
1001835,1000750,T2500,72,rapidbus_kl
1000750,1006115,T2500,202,rapidbus_kl
1006115,1006116,T2500,46,rapidbus_kl
1006116,1003847,T2500,23,rapidbus_kl
1003847,1006117,T2500,66,rapidbus_kl
1006117,1002558,T2500,218,rapidbus_kl
1002558,1008381,T2500,63,rapidbus_kl
1008381,1008387,T2500,78,rapidbus_kl
1008387,1007537,T2500,75,rapidbus_kl
1007537,1007538,T2500,92,rapidbus_kl
1007538,1007539,T2500,54,rapidbus_kl
1007539,1003849,T2500,62,rapidbus_kl
1003849,1007521,T2500,58,rapidbus_kl
1007521,1006118,T2500,78,rapidbus_kl
1006118,1008388,T2500,119,rapidbus_kl
1008388,1008382,T2500,86,rapidbus_kl
1008382,1008380,T2500,79,rapidbus_kl
1008380,1002545,T2500,197,rapidbus_kl
1002545,1003846,T2500,64,rapidbus_kl
1003846,1003489,T2500,24,rapidbus_kl
1003489,1008325,T2500,51,rapidbus_kl
1008325,1003848,T2500,98,rapidbus_kl
1003848,1001834,T2500,136,rapidbus_kl
1001834,1006268,T2500,400,rapidbus_kl
1006268,1002266,T2500,71,rapidbus_kl
1002266,1000349,T2500,54,rapidbus_kl
1000349,1000345,T2500,61,rapidbus_kl
1000345,1000344,T2500,39,rapidbus_kl
1000344,1000341,T2500,54,rapidbus_kl
1000341,1000330,T2500,46,rapidbus_kl
1000330,1001835,T2500,234,rapidbus_kl
1001827,1004212,T2510,111,rapidbus_kl
1004212,1000986,T2510,111,rapidbus_kl
1000986,1000459,T2510,63,rapidbus_kl
1000459,1000450,T2510,42,rapidbus_kl
1000450,1007524,T2510,213,rapidbus_kl
1007524,1003859,T2510,93,rapidbus_kl
1003859,1003850,T2510,51,rapidbus_kl
1003850,1002273,T2510,53,rapidbus_kl
1002273,1002972,T2510,54,rapidbus_kl
1002972,1004237,T2510,71,rapidbus_kl
1004237,1001006,T2510,91,rapidbus_kl
1001006,1000751,T2510,59,rapidbus_kl
1000751,1003617,T2510,31,rapidbus_kl
1003617,1000623,T2510,69,rapidbus_kl
1000623,1003603,T2510,242,rapidbus_kl
1003603,1000458,T2510,43,rapidbus_kl
1000458,1003206,T2510,90,rapidbus_kl
1003206,1001827,T2510,313,rapidbus_kl
1003681,1000794,T3008,11,rapidbus_kl
1000794,1003349,T3008,52,rapidbus_kl
1003349,1000566,T3008,24,rapidbus_kl
1000566,1003150,T3008,23,rapidbus_kl
1003150,1002898,T3008,25,rapidbus_kl
1002898,1003989,T3008,22,rapidbus_kl
1003989,1003884,T3008,15,rapidbus_kl
1003884,1004148,T3008,15,rapidbus_kl
1004148,1003426,T3008,20,rapidbus_kl
1003426,1002878,T3008,41,rapidbus_kl
1002878,1002808,T3008,45,rapidbus_kl
1002808,1001573,T3008,26,rapidbus_kl
1001573,1000539,T3008,20,rapidbus_kl
1000539,1007625,T3008,43,rapidbus_kl
1007625,1007626,T3008,51,rapidbus_kl
1007626,1000084,T3008,51,rapidbus_kl
1000084,1000083,T3008,60,rapidbus_kl
1000083,1007627,T3008,61,rapidbus_kl
1007627,1007624,T3008,63,rapidbus_kl
1007624,1000019,T3008,16,rapidbus_kl
1000019,1001574,T3008,28,rapidbus_kl
1001574,1002807,T3008,28,rapidbus_kl
1002807,1003006,T3008,49,rapidbus_kl
1003006,1003038,T3008,23,rapidbus_kl
1003038,1004149,T3008,47,rapidbus_kl
1004149,1000089,T3008,15,rapidbus_kl
1000089,1002897,T3008,22,rapidbus_kl
1002897,1003151,T3008,27,rapidbus_kl
1003151,1003812,T3008,27,rapidbus_kl
1003812,1002970,T3008,36,rapidbus_kl
1002970,1003435,T3008,37,rapidbus_kl
1003435,1000609,T3008,34,rapidbus_kl
1000609,1003436,T3008,74,rapidbus_kl
1003436,1003783,T3008,24,rapidbus_kl
1003783,1003681,T3008,45,rapidbus_kl
1000083,1000546,T3018,73,rapidbus_kl
1000546,1003933,T3018,93,rapidbus_kl
1003933,1001783,T3018,68,rapidbus_kl
1001783,1000602,T3018,67,rapidbus_kl
1000602,1003422,T3018,113,rapidbus_kl
1003422,1004117,T3018,83,rapidbus_kl
1004117,1000005,T3018,67,rapidbus_kl
1000005,1007640,T3018,31,rapidbus_kl
1007640,1001258,T3018,26,rapidbus_kl
1001258,1002863,T3018,53,rapidbus_kl
1002863,1003283,T3018,80,rapidbus_kl
1003283,1003737,T3018,39,rapidbus_kl
1003737,1001315,T3018,49,rapidbus_kl
1001315,1003724,T3018,50,rapidbus_kl
1003724,1003803,T3018,50,rapidbus_kl
1003803,1002797,T3018,49,rapidbus_kl
1002797,1001925,T3018,37,rapidbus_kl
1001925,1002384,T3018,54,rapidbus_kl
1002384,1001711,T3018,44,rapidbus_kl
1001711,1003479,T3018,41,rapidbus_kl
1003479,1003795,T3018,32,rapidbus_kl
1003795,1001348,T3018,51,rapidbus_kl
1001348,1003461,T3018,33,rapidbus_kl
1003461,1000716,T3018,60,rapidbus_kl
1000716,1000971,T3018,157,rapidbus_kl
1000971,1000717,T3018,40,rapidbus_kl
1000717,1003462,T3018,59,rapidbus_kl
1003462,1001349,T3018,36,rapidbus_kl
1001349,1003794,T3018,56,rapidbus_kl
1003794,1002935,T3018,28,rapidbus_kl
1002935,1001712,T3018,33,rapidbus_kl
1001712,1002385,T3018,51,rapidbus_kl
1002385,1000567,T3018,60,rapidbus_kl
1000567,1003252,T3018,30,rapidbus_kl
1003252,1003804,T3018,58,rapidbus_kl
1003804,1003723,T3018,59,rapidbus_kl
1003723,1001316,T3018,46,rapidbus_kl
1001316,1002894,T3018,52,rapidbus_kl
1002894,1003282,T3018,60,rapidbus_kl
1003282,1002864,T3018,66,rapidbus_kl
1002864,1001301,T3018,43,rapidbus_kl
1001301,1002816,T3018,33,rapidbus_kl
1002816,1000023,T3018,37,rapidbus_kl
1000023,1004118,T3018,69,rapidbus_kl
1004118,1003421,T3018,88,rapidbus_kl
1003421,1003210,T3018,54,rapidbus_kl
1003210,1003147,T3018,59,rapidbus_kl
1003147,1001782,T3018,76,rapidbus_kl
1001782,1003932,T3018,130,rapidbus_kl
1003932,1000084,T3018,99,rapidbus_kl
1000084,1000083,T3018,78,rapidbus_kl
1000083,1000546,T3028,92,rapidbus_kl
1000546,1003933,T3028,117,rapidbus_kl
1003933,1001783,T3028,89,rapidbus_kl
1001783,1000602,T3028,85,rapidbus_kl
1000602,1000088,T3028,89,rapidbus_kl
1000088,1003505,T3028,88,rapidbus_kl
1003505,1000853,T3028,181,rapidbus_kl
1000853,1001284,T3028,77,rapidbus_kl
1001284,1003562,T3028,43,rapidbus_kl
1003562,1007628,T3028,82,rapidbus_kl
1007628,1001148,T3028,118,rapidbus_kl
1001148,1000963,T3028,139,rapidbus_kl
1000963,1001149,T3028,105,rapidbus_kl
1001149,1007629,T3028,119,rapidbus_kl
1007629,1003563,T3028,82,rapidbus_kl
1003563,1001283,T3028,43,rapidbus_kl
1001283,1001093,T3028,48,rapidbus_kl
1001093,1001254,T3028,79,rapidbus_kl
1001254,1003514,T3028,73,rapidbus_kl
1003514,1000447,T3028,66,rapidbus_kl
1000447,1003210,T3028,69,rapidbus_kl
1003210,1003147,T3028,66,rapidbus_kl
1003147,1001782,T3028,86,rapidbus_kl
1001782,1003932,T3028,142,rapidbus_kl
1003932,1000084,T3028,109,rapidbus_kl
1000084,1000083,T3028,113,rapidbus_kl
1000084,1002604,T3030,260,rapidbus_kl
1002604,1000026,T3030,90,rapidbus_kl
1000026,1003237,T3030,56,rapidbus_kl
1003237,1001146,T3030,62,rapidbus_kl
1001146,1001535,T3030,55,rapidbus_kl
1001535,1001876,T3030,47,rapidbus_kl
1001876,1006677,T3030,77,rapidbus_kl
1006677,1001271,T3030,70,rapidbus_kl
1001271,1000791,T3030,277,rapidbus_kl
1000791,1000179,T3030,42,rapidbus_kl
1000179,1003717,T3030,76,rapidbus_kl
1003717,1008475,T3030,72,rapidbus_kl
1008475,1001270,T3030,72,rapidbus_kl
1001270,1001877,T3030,151,rapidbus_kl
1001877,1001534,T3030,37,rapidbus_kl
1001534,1002936,T3030,59,rapidbus_kl
1002936,1002077,T3030,80,rapidbus_kl
1002077,1008476,T3030,65,rapidbus_kl
1008476,1000818,T3030,56,rapidbus_kl
1000818,1003932,T3030,267,rapidbus_kl
1003932,1008477,T3030,68,rapidbus_kl
1008477,1000084,T3030,61,rapidbus_kl
1003681,1000794,T3048,24,rapidbus_kl
1000794,1003322,T3048,104,rapidbus_kl
1003322,1001165,T3048,54,rapidbus_kl
1001165,1000447,T3048,139,rapidbus_kl
1000447,1003210,T3048,85,rapidbus_kl
1003210,1003147,T3048,79,rapidbus_kl
1003147,1001782,T3048,101,rapidbus_kl
1001782,1003932,T3048,173,rapidbus_kl
1003932,1000084,T3048,132,rapidbus_kl
1000084,1000083,T3048,132,rapidbus_kl
1000083,1000546,T3048,100,rapidbus_kl
1000546,1003933,T3048,131,rapidbus_kl
1003933,1001783,T3048,98,rapidbus_kl
1001783,1000602,T3048,90,rapidbus_kl
1000602,1000088,T3048,105,rapidbus_kl
1000088,1003505,T3048,92,rapidbus_kl
1003505,1000020,T3048,94,rapidbus_kl
1000020,1002347,T3048,69,rapidbus_kl
1002347,1003349,T3048,41,rapidbus_kl
1003349,1002970,T3048,108,rapidbus_kl
1002970,1003435,T3048,80,rapidbus_kl
1003435,1000609,T3048,74,rapidbus_kl
1000609,1003436,T3048,157,rapidbus_kl
1003436,1003783,T3048,52,rapidbus_kl
1003783,1003681,T3048,86,rapidbus_kl
1001793,1000353,T3500,169,rapidbus_kl
1000353,1000352,T3500,167,rapidbus_kl
1000352,1002683,T3500,38,rapidbus_kl
1002683,1003691,T3500,52,rapidbus_kl
1003691,1001652,T3500,52,rapidbus_kl
1001652,1000922,T3500,57,rapidbus_kl
1000922,1003221,T3500,53,rapidbus_kl
1003221,1002489,T3500,39,rapidbus_kl
1002489,1008643,T3500,33,rapidbus_kl
1008643,1008644,T3500,18,rapidbus_kl
1008644,1003012,T3500,29,rapidbus_kl
1003012,1002321,T3500,78,rapidbus_kl
1002321,1004285,T3500,114,rapidbus_kl
1004285,1001996,T3500,30,rapidbus_kl
1001996,1001312,T3500,74,rapidbus_kl
1001312,1002323,T3500,55,rapidbus_kl
1002323,1001252,T3500,144,rapidbus_kl
1001252,1003576,T3500,38,rapidbus_kl
1003576,1000567,T3500,76,rapidbus_kl
1000567,1003252,T3500,96,rapidbus_kl
1003252,1003804,T3500,85,rapidbus_kl
1003804,1001768,T3500,49,rapidbus_kl
1001768,1001559,T3500,73,rapidbus_kl
1001559,1003509,T3500,38,rapidbus_kl
1003509,1003876,T3500,127,rapidbus_kl
1003876,1001577,T3500,44,rapidbus_kl
1001577,1000640,T3500,18,rapidbus_kl
1000640,1002688,T3500,44,rapidbus_kl
1002688,1003220,T3500,58,rapidbus_kl
1003220,1001647,T3500,85,rapidbus_kl
1001647,1000636,T3500,104,rapidbus_kl
1000636,1002320,T3500,46,rapidbus_kl
1002320,1000354,T3500,47,rapidbus_kl
1000354,1000134,T3500,124,rapidbus_kl
1000134,1000129,T3500,99,rapidbus_kl
1000129,1001793,T3500,247,rapidbus_kl
1001793,1000704,T3510,116,rapidbus_kl
1000704,1000964,T3510,102,rapidbus_kl
1000964,1000728,T3510,73,rapidbus_kl
1000728,1003691,T3510,106,rapidbus_kl
1003691,1001651,T3510,83,rapidbus_kl
1001651,1000992,T3510,55,rapidbus_kl
1000992,1003749,T3510,32,rapidbus_kl
1003749,1000610,T3510,42,rapidbus_kl
1000610,1002238,T3510,81,rapidbus_kl
1002238,1000927,T3510,48,rapidbus_kl
1000927,1000189,T3510,49,rapidbus_kl
1000189,1003307,T3510,57,rapidbus_kl
1003307,1003351,T3510,56,rapidbus_kl
1003351,1006900,T3510,51,rapidbus_kl
1006900,1003924,T3510,63,rapidbus_kl
1003924,1002044,T3510,96,rapidbus_kl
1002044,1001177,T3510,74,rapidbus_kl
1001177,1001755,T3510,55,rapidbus_kl
1001755,1002489,T3510,110,rapidbus_kl
1002489,1008643,T3510,56,rapidbus_kl
1008643,1008644,T3510,24,rapidbus_kl
1008644,1003148,T3510,25,rapidbus_kl
1003148,1000362,T3510,42,rapidbus_kl
1000362,1007302,T3510,148,rapidbus_kl
1007302,1001486,T3510,54,rapidbus_kl
1001486,1000874,T3510,42,rapidbus_kl
1000874,1003418,T3510,124,rapidbus_kl
1003418,1001262,T3510,54,rapidbus_kl
1001262,1006905,T3510,48,rapidbus_kl
1006905,1006903,T3510,56,rapidbus_kl
1006903,1002045,T3510,84,rapidbus_kl
1002045,1003925,T3510,173,rapidbus_kl
1003925,1006901,T3510,58,rapidbus_kl
1006901,1003350,T3510,162,rapidbus_kl
1003350,1003306,T3510,51,rapidbus_kl
1003306,1003689,T3510,69,rapidbus_kl
1003689,1001962,T3510,92,rapidbus_kl
1001962,1002821,T3510,72,rapidbus_kl
1002821,1000110,T3510,103,rapidbus_kl
1000110,1003811,T3510,61,rapidbus_kl
1003811,1000636,T3510,68,rapidbus_kl
1000636,1002320,T3510,60,rapidbus_kl
1002320,1000354,T3510,53,rapidbus_kl
1000354,1000134,T3510,41,rapidbus_kl
1000134,1000129,T3510,59,rapidbus_kl
1000129,1001793,T3510,72,rapidbus_kl
1000854,1002809,T4068,397,rapidbus_kl
1002809,1003288,T4068,26,rapidbus_kl
1003288,1000193,T4068,39,rapidbus_kl
1000193,1000445,T4068,37,rapidbus_kl
1000445,1001543,T4068,42,rapidbus_kl
1001543,1003964,T4068,34,rapidbus_kl
1003964,1003287,T4068,54,rapidbus_kl
1003287,1000251,T4068,52,rapidbus_kl
1000251,1004084,T4068,72,rapidbus_kl
1004084,1000188,T4068,23,rapidbus_kl
1000188,1000214,T4068,46,rapidbus_kl
1000214,1000592,T4068,32,rapidbus_kl
1000592,1003970,T4068,40,rapidbus_kl
1003970,1003319,T4068,70,rapidbus_kl
1003319,1002393,T4068,97,rapidbus_kl
1002393,1001304,T4068,40,rapidbus_kl
1001304,1002803,T4068,32,rapidbus_kl
1002803,1004017,T4068,64,rapidbus_kl
1004017,1001429,T4068,51,rapidbus_kl
1001429,1004063,T4068,80,rapidbus_kl
1004063,1001841,T4068,42,rapidbus_kl
1001841,1000163,T4068,73,rapidbus_kl
1000163,1000560,T4068,78,rapidbus_kl
1000560,1002439,T4068,40,rapidbus_kl
1002439,1001458,T4068,84,rapidbus_kl
1001458,1002283,T4068,50,rapidbus_kl
1002283,1000667,T4068,36,rapidbus_kl
1000667,1001463,T4068,38,rapidbus_kl
1001463,1002040,T4068,135,rapidbus_kl
1002040,1000851,T4068,32,rapidbus_kl
1000851,1001745,T4068,64,rapidbus_kl
1001745,1001289,T4068,63,rapidbus_kl
1001289,1003598,T4068,44,rapidbus_kl
1003598,1008298,T4068,67,rapidbus_kl
1008298,1003296,T4068,125,rapidbus_kl
1003296,1001068,T4068,104,rapidbus_kl
1001068,1002725,T4068,132,rapidbus_kl
1002725,1002370,T4068,43,rapidbus_kl
1002370,1008299,T4068,144,rapidbus_kl
1008299,1001439,T4068,47,rapidbus_kl
1001439,1003302,T4068,56,rapidbus_kl
1003302,1003599,T4068,29,rapidbus_kl
1003599,1001930,T4068,120,rapidbus_kl
1001930,1001310,T4068,41,rapidbus_kl
1001310,1002441,T4068,141,rapidbus_kl
1002441,1001836,T4068,225,rapidbus_kl
1001836,1003127,T4068,172,rapidbus_kl
1003127,1004106,T4068,102,rapidbus_kl
1004106,1003126,T4068,111,rapidbus_kl
1003126,1001448,T4068,174,rapidbus_kl
1001448,1002585,T4068,85,rapidbus_kl
1002585,1002442,T4068,133,rapidbus_kl
1002442,1004105,T4068,133,rapidbus_kl
1004105,1001934,T4068,44,rapidbus_kl
1001934,1003600,T4068,125,rapidbus_kl
1003600,1003303,T4068,29,rapidbus_kl
1003303,1001438,T4068,43,rapidbus_kl
1001438,1001320,T4068,156,rapidbus_kl
1001320,1002371,T4068,51,rapidbus_kl
1002371,1002657,T4068,30,rapidbus_kl
1002657,1002421,T4068,149,rapidbus_kl
1002421,1001684,T4068,92,rapidbus_kl
1001684,1001879,T4068,92,rapidbus_kl
1001879,1000571,T4068,114,rapidbus_kl
1000571,1001288,T4068,40,rapidbus_kl
1001288,1001746,T4068,64,rapidbus_kl
1001746,1002682,T4068,63,rapidbus_kl
1002682,1002039,T4068,32,rapidbus_kl
1002039,1001464,T4068,125,rapidbus_kl
1001464,1002691,T4068,36,rapidbus_kl
1002691,1001840,T4068,46,rapidbus_kl
1001840,1001459,T4068,50,rapidbus_kl
1001459,1003976,T4068,43,rapidbus_kl
1003976,1002493,T4068,21,rapidbus_kl
1002493,1000561,T4068,49,rapidbus_kl
1000561,1000164,T4068,85,rapidbus_kl
1000164,1001356,T4068,60,rapidbus_kl
1001356,1002379,T4068,64,rapidbus_kl
1002379,1002496,T4068,76,rapidbus_kl
1002496,1004064,T4068,26,rapidbus_kl
1004064,1008297,T4068,59,rapidbus_kl
1008297,1001303,T4068,64,rapidbus_kl
1001303,1002392,T4068,96,rapidbus_kl
1002392,1000215,T4068,59,rapidbus_kl
1000215,1001465,T4068,44,rapidbus_kl
1001465,1001612,T4068,39,rapidbus_kl
1001612,1003969,T4068,43,rapidbus_kl
1003969,1000591,T4068,39,rapidbus_kl
1000591,1004085,T4068,25,rapidbus_kl
1004085,1000252,T4068,75,rapidbus_kl
1000252,1000475,T4068,64,rapidbus_kl
1000475,1003963,T4068,49,rapidbus_kl
1003963,1008296,T4068,27,rapidbus_kl
1008296,1008295,T4068,50,rapidbus_kl
1008295,1000194,T4068,21,rapidbus_kl
1000194,1003289,T4068,31,rapidbus_kl
1003289,1000400,T4068,39,rapidbus_kl
1000400,1000854,T4068,580,rapidbus_kl
1000532,1000563,T4508,118,rapidbus_kl
1000563,1002811,T4508,59,rapidbus_kl
1002811,1007631,T4508,60,rapidbus_kl
1007631,1001160,T4508,48,rapidbus_kl
1001160,1000402,T4508,88,rapidbus_kl
1000402,1003979,T4508,78,rapidbus_kl
1003979,1001718,T4508,51,rapidbus_kl
1001718,1003451,T4508,78,rapidbus_kl
1003451,1001597,T4508,154,rapidbus_kl
1001597,1001609,T4508,84,rapidbus_kl
1001609,1000108,T4508,101,rapidbus_kl
1000108,1001357,T4508,95,rapidbus_kl
1001357,1003854,T4508,75,rapidbus_kl
1003854,1001717,T4508,146,rapidbus_kl
1001717,1003313,T4508,48,rapidbus_kl
1003313,1001339,T4508,90,rapidbus_kl
1001339,1003136,T4508,58,rapidbus_kl
1003136,1007634,T4508,62,rapidbus_kl
1007634,1003911,T4508,109,rapidbus_kl
1003911,1004067,T4508,58,rapidbus_kl
1004067,1000607,T4508,281,rapidbus_kl
1000607,1001314,T4508,67,rapidbus_kl
1001314,1003316,T4508,30,rapidbus_kl
1003316,1002747,T4508,47,rapidbus_kl
1002747,1001287,T4508,63,rapidbus_kl
1001287,1004012,T4508,81,rapidbus_kl
1004012,1002190,T4508,365,rapidbus_kl
1002190,1001552,T4508,123,rapidbus_kl
1001552,1007637,T4508,101,rapidbus_kl
1007637,1000954,T4508,128,rapidbus_kl
1000954,1003364,T4508,77,rapidbus_kl
1003364,1003978,T4508,100,rapidbus_kl
1003978,1004094,T4508,77,rapidbus_kl
1004094,1001363,T4508,77,rapidbus_kl
1001363,1002026,T4508,121,rapidbus_kl
1002026,1004267,T4508,30,rapidbus_kl
1004267,1001750,T4508,56,rapidbus_kl
1001750,1004231,T4508,72,rapidbus_kl
1004231,1007233,T4508,69,rapidbus_kl
1007233,1007638,T4508,187,rapidbus_kl
1007638,1000923,T4508,23,rapidbus_kl
1000923,1003366,T4508,24,rapidbus_kl
1003366,1003543,T4508,75,rapidbus_kl
1003543,1004093,T4508,99,rapidbus_kl
1004093,1000295,T4508,88,rapidbus_kl
1000295,1003228,T4508,110,rapidbus_kl
1003228,1003365,T4508,48,rapidbus_kl
1003365,1001344,T4508,142,rapidbus_kl
1001344,1001553,T4508,109,rapidbus_kl
1001553,1003840,T4508,110,rapidbus_kl
1003840,1004013,T4508,386,rapidbus_kl
1004013,1002804,T4508,79,rapidbus_kl
1002804,1002034,T4508,62,rapidbus_kl
1002034,1007636,T4508,40,rapidbus_kl
1007636,1002765,T4508,31,rapidbus_kl
1002765,1003440,T4508,67,rapidbus_kl
1003440,1001013,T4508,138,rapidbus_kl
1001013,1002552,T4508,136,rapidbus_kl
1002552,1003912,T4508,64,rapidbus_kl
1003912,1007635,T4508,65,rapidbus_kl
1007635,1002038,T4508,102,rapidbus_kl
1002038,1002824,T4508,85,rapidbus_kl
1002824,1007633,T4508,46,rapidbus_kl
1007633,1002831,T4508,44,rapidbus_kl
1002831,1000246,T4508,86,rapidbus_kl
1000246,1001609,T4508,45,rapidbus_kl
1001357,1001598,T4508,135,rapidbus_kl
1001598,1001226,T4508,67,rapidbus_kl
1001226,1007632,T4508,98,rapidbus_kl
1007632,1001328,T4508,81,rapidbus_kl
1001328,1001159,T4508,103,rapidbus_kl
1001159,1007630,T4508,104,rapidbus_kl
1007630,1001282,T4508,111,rapidbus_kl
1001282,1009090,T4508,61,rapidbus_kl
1009090,1000532,T4508,60,rapidbus_kl
1001689,1003430,T5718,265,rapidbus_kl
1003430,1000686,T5718,27,rapidbus_kl
1000686,1003971,T5718,48,rapidbus_kl
1003971,1003432,T5718,54,rapidbus_kl
1003432,1000696,T5718,39,rapidbus_kl
1000696,1000780,T5718,62,rapidbus_kl
1000780,1000781,T5718,180,rapidbus_kl
1000781,1000697,T5718,87,rapidbus_kl
1000697,1001992,T5718,80,rapidbus_kl
1001992,1001498,T5718,60,rapidbus_kl
1001498,1001668,T5718,46,rapidbus_kl
1001668,1000034,T5718,69,rapidbus_kl
1000034,1000489,T5718,46,rapidbus_kl
1000489,1003241,T5718,78,rapidbus_kl
1003241,1004066,T5718,28,rapidbus_kl
1004066,1004260,T5718,55,rapidbus_kl
1004260,1003332,T5718,135,rapidbus_kl
1003332,1003923,T5718,49,rapidbus_kl
1003923,1001689,T5718,92,rapidbus_kl
1006170,1006173,T5800,71,rapidbus_kl
1006173,1000044,T5800,30,rapidbus_kl
1000044,1008703,T5800,83,rapidbus_kl
1008703,1003940,T5800,88,rapidbus_kl
1003940,1000160,T5800,20,rapidbus_kl
1000160,1001791,T5800,17,rapidbus_kl
1001791,1000612,T5800,12,rapidbus_kl
1000612,1000613,T5800,22,rapidbus_kl
1000613,1000574,T5800,47,rapidbus_kl
1000574,1002306,T5800,24,rapidbus_kl
1002306,1000103,T5800,21,rapidbus_kl
1000103,1001580,T5800,50,rapidbus_kl
1001580,1001564,T5800,19,rapidbus_kl
1001564,1003926,T5800,34,rapidbus_kl
1003926,1002884,T5800,36,rapidbus_kl
1002884,1002907,T5800,47,rapidbus_kl
1002907,1003024,T5800,25,rapidbus_kl
1003024,1000122,T5800,21,rapidbus_kl
1000122,1000611,T5800,77,rapidbus_kl
1000611,1000449,T5800,112,rapidbus_kl
1000449,1001792,T5800,53,rapidbus_kl
1001792,1000161,T5800,27,rapidbus_kl
1000161,1000984,T5800,24,rapidbus_kl
1000984,1001008,T5800,55,rapidbus_kl
1001008,1002031,T5800,102,rapidbus_kl
1002031,1004139,T5800,63,rapidbus_kl
1004139,1000176,T5800,47,rapidbus_kl
1000176,1002032,T5800,221,rapidbus_kl
1002032,1004159,T5800,60,rapidbus_kl
1004159,1001978,T5800,67,rapidbus_kl
1001978,1001072,T5800,79,rapidbus_kl
1001072,1000111,T5800,32,rapidbus_kl
1000111,1006172,T5800,287,rapidbus_kl
1006172,1006170,T5800,427,rapidbus_kl
1005059,1005058,T5810,41,rapidbus_kl
1005058,1005056,T5810,101,rapidbus_kl
1005056,1005054,T5810,144,rapidbus_kl
1005054,1006154,T5810,315,rapidbus_kl
1006154,1001806,T5810,71,rapidbus_kl
1001806,1006155,T5810,113,rapidbus_kl
1006155,1006169,T5810,73,rapidbus_kl
1006169,1000014,T5810,124,rapidbus_kl
1000014,1003155,T5810,72,rapidbus_kl
1003155,1000584,T5810,78,rapidbus_kl
1000584,1002419,T5810,40,rapidbus_kl
1002419,1001698,T5810,33,rapidbus_kl
1001698,1000879,T5810,64,rapidbus_kl
1000879,1000907,T5810,56,rapidbus_kl
1000907,1001849,T5810,66,rapidbus_kl
1001849,1001995,T5810,45,rapidbus_kl
1001995,1003263,T5810,32,rapidbus_kl
1003263,1002145,T5810,92,rapidbus_kl
1002145,1005055,T5810,498,rapidbus_kl
1005055,1005057,T5810,42,rapidbus_kl
1006287,1006678,T6000,291,rapidbus_kl
1006678,1002768,T6000,247,rapidbus_kl
1002768,1002228,T6000,241,rapidbus_kl
1002228,1006584,T6000,55,rapidbus_kl
1006584,1003604,T6000,49,rapidbus_kl
1003604,1003495,T6000,75,rapidbus_kl
1003495,1006586,T6000,42,rapidbus_kl
1006586,1002166,T6000,27,rapidbus_kl
1002166,1002139,T6000,59,rapidbus_kl
1002139,1008196,T6000,199,rapidbus_kl
1008196,1002749,T6000,38,rapidbus_kl
1002749,1002180,T6000,54,rapidbus_kl
1002180,1002162,T6000,130,rapidbus_kl
1002162,1004088,T6000,69,rapidbus_kl
1004088,1002767,T6000,37,rapidbus_kl
1002767,1003913,T6000,213,rapidbus_kl
1003913,1001010,T6000,155,rapidbus_kl
1001010,1006287,T6000,119,rapidbus_kl
1002156,1002143,T6010,62,rapidbus_kl
1002143,1002153,T6010,47,rapidbus_kl
1002153,1002141,T6010,58,rapidbus_kl
1002141,1006576,T6010,108,rapidbus_kl
1006576,1002514,T6010,70,rapidbus_kl
1002514,1001985,T6010,82,rapidbus_kl
1001985,1001742,T6010,56,rapidbus_kl
1001742,1000432,T6010,60,rapidbus_kl
1000432,1000338,T6010,58,rapidbus_kl
1000338,1000849,T6010,85,rapidbus_kl
1000849,1002345,T6010,150,rapidbus_kl
1002345,1003258,T6010,49,rapidbus_kl
1003258,1002344,T6010,50,rapidbus_kl
1002344,1002740,T6010,119,rapidbus_kl
1002740,1003980,T6010,106,rapidbus_kl
1003980,1003030,T6010,74,rapidbus_kl
1003030,1002221,T6010,83,rapidbus_kl
1002221,1003648,T6010,57,rapidbus_kl
1003648,1002926,T6010,49,rapidbus_kl
1002926,1002223,T6010,57,rapidbus_kl
1002223,1003028,T6010,43,rapidbus_kl
1003028,1003819,T6010,69,rapidbus_kl
1003819,1004208,T6010,73,rapidbus_kl
1004208,1002641,T6010,135,rapidbus_kl
1002641,1003820,T6010,104,rapidbus_kl
1003820,1003027,T6010,64,rapidbus_kl
1003027,1002222,T6010,33,rapidbus_kl
1002222,1002924,T6010,21,rapidbus_kl
1002924,1003647,T6010,55,rapidbus_kl
1003647,1002230,T6010,46,rapidbus_kl
1002230,1003029,T6010,51,rapidbus_kl
1003029,1003998,T6010,219,rapidbus_kl
1003998,1002346,T6010,33,rapidbus_kl
1002346,1001722,T6010,138,rapidbus_kl
1001722,1008639,T6010,32,rapidbus_kl
1008639,1006575,T6010,36,rapidbus_kl
1006575,1000339,T6010,43,rapidbus_kl
1000339,1000433,T6010,54,rapidbus_kl
1000433,1001986,T6010,34,rapidbus_kl
1001986,1006574,T6010,86,rapidbus_kl
1006574,1003310,T6010,87,rapidbus_kl
1003310,1002144,T6010,83,rapidbus_kl
1002144,1002156,T6010,101,rapidbus_kl
1006574,1003310,T6030,69,rapidbus_kl
1003310,1002144,T6030,79,rapidbus_kl
1002144,1002154,T6030,33,rapidbus_kl
1002154,1002207,T6030,135,rapidbus_kl
1002207,1008326,T6030,142,rapidbus_kl
1008326,1008327,T6030,238,rapidbus_kl
1008327,1008329,T6030,152,rapidbus_kl
1008329,1008330,T6030,160,rapidbus_kl
1008330,1006583,T6030,83,rapidbus_kl
1006583,1002156,T6030,189,rapidbus_kl
1002156,1002143,T6030,46,rapidbus_kl
1002143,1002153,T6030,33,rapidbus_kl
1002153,1002141,T6030,40,rapidbus_kl
1002141,1006576,T6030,81,rapidbus_kl
1006576,1002514,T6030,45,rapidbus_kl
1002514,1001985,T6030,56,rapidbus_kl
1001985,1001742,T6030,40,rapidbus_kl
1001742,1001939,T6030,43,rapidbus_kl
1001939,1001986,T6030,38,rapidbus_kl
1001986,1002430,T6030,11,rapidbus_kl
1002430,1006574,T6030,87,rapidbus_kl
1000025,1008309,T6040,29,rapidbus_kl
1008309,1001396,T6040,33,rapidbus_kl
1001396,1001397,T6040,45,rapidbus_kl
1001397,1002150,T6040,73,rapidbus_kl
1002150,1001658,T6040,104,rapidbus_kl
1001658,1002762,T6040,16,rapidbus_kl
1002762,1000733,T6040,47,rapidbus_kl
1000733,1001234,T6040,73,rapidbus_kl
1001234,1001030,T6040,47,rapidbus_kl
1001030,1003342,T6040,32,rapidbus_kl
1003342,1003622,T6040,60,rapidbus_kl
1003622,1000090,T6040,44,rapidbus_kl
1000090,1003718,T6040,54,rapidbus_kl
1003718,1000092,T6040,40,rapidbus_kl
1000092,1006678,T6040,201,rapidbus_kl
1006678,1002768,T6040,196,rapidbus_kl
1002768,1006291,T6040,168,rapidbus_kl
1006291,1006292,T6040,28,rapidbus_kl
1006292,1006293,T6040,25,rapidbus_kl
1006293,1006297,T6040,37,rapidbus_kl
1006297,1006299,T6040,33,rapidbus_kl
1006299,1006301,T6040,33,rapidbus_kl
1006301,1006303,T6040,28,rapidbus_kl
1006303,1006305,T6040,75,rapidbus_kl
1006305,1006307,T6040,46,rapidbus_kl
1006307,1006309,T6040,29,rapidbus_kl
1006309,1006311,T6040,204,rapidbus_kl
1006311,1006308,T6040,68,rapidbus_kl
1006308,1006306,T6040,36,rapidbus_kl
1006306,1006304,T6040,73,rapidbus_kl
1006304,1006302,T6040,26,rapidbus_kl
1006302,1006300,T6040,31,rapidbus_kl
1006300,1006298,T6040,33,rapidbus_kl
1006298,1006296,T6040,32,rapidbus_kl
1006296,1006295,T6040,23,rapidbus_kl
1006295,1006294,T6040,29,rapidbus_kl
1006294,1006286,T6040,80,rapidbus_kl
1006286,1003913,T6040,88,rapidbus_kl
1003913,1001010,T6040,70,rapidbus_kl
1001010,1006287,T6040,96,rapidbus_kl
1006287,1004199,T6040,81,rapidbus_kl
1004199,1001601,T6040,53,rapidbus_kl
1001601,1000091,T6040,224,rapidbus_kl
1000091,1000147,T6040,28,rapidbus_kl
1000147,1000148,T6040,26,rapidbus_kl
1000148,1002932,T6040,27,rapidbus_kl
1002932,1003622,T6040,46,rapidbus_kl
1003622,1003341,T6040,57,rapidbus_kl
1003341,1001029,T6040,29,rapidbus_kl
1001029,1002805,T6040,45,rapidbus_kl
1002805,1000732,T6040,75,rapidbus_kl
1000732,1002761,T6040,39,rapidbus_kl
1002761,1003618,T6040,15,rapidbus_kl
1003618,1002151,T6040,96,rapidbus_kl
1002151,1001269,T6040,45,rapidbus_kl
1001269,1004014,T6040,51,rapidbus_kl
1004014,1002193,T6040,36,rapidbus_kl
1002193,1000025,T6040,142,rapidbus_kl
1006279,1000587,T6050,99,rapidbus_kl
1000587,1001579,T6050,56,rapidbus_kl
1001579,1001920,T6050,58,rapidbus_kl
1001920,1006280,T6050,43,rapidbus_kl
1006280,1006282,T6050,53,rapidbus_kl
1006282,1006283,T6050,67,rapidbus_kl
1006283,1006284,T6050,85,rapidbus_kl
1006284,1003606,T6050,110,rapidbus_kl
1003606,1002503,T6050,40,rapidbus_kl
1002503,1003813,T6050,39,rapidbus_kl
1003813,1003841,T6050,55,rapidbus_kl
1003841,1002693,T6050,58,rapidbus_kl
1002693,1005070,T6050,45,rapidbus_kl
1005070,1005071,T6050,53,rapidbus_kl
1005071,1006586,T6050,29,rapidbus_kl
1006586,1002138,T6050,22,rapidbus_kl
1002138,1002166,T6050,27,rapidbus_kl
1002166,1002139,T6050,25,rapidbus_kl
1002139,1008196,T6050,33,rapidbus_kl
1008196,1002749,T6050,31,rapidbus_kl
1002749,1005072,T6050,50,rapidbus_kl
1005072,1002228,T6050,120,rapidbus_kl
1002228,1006584,T6050,60,rapidbus_kl
1006584,1006585,T6050,104,rapidbus_kl
1006585,1000917,T6050,269,rapidbus_kl
1000917,1006279,T6050,169,rapidbus_kl
1001828,1006035,T6400,66,rapidbus_kl
1006035,1000203,T6400,43,rapidbus_kl
1000203,1002848,T6400,50,rapidbus_kl
1002848,1001628,T6400,39,rapidbus_kl
1001628,1002958,T6400,13,rapidbus_kl
1002958,1001487,T6400,13,rapidbus_kl
1001487,1002270,T6400,96,rapidbus_kl
1002270,1003891,T6400,20,rapidbus_kl
1003891,1001844,T6400,39,rapidbus_kl
1001844,1001000,T6400,54,rapidbus_kl
1001000,1000369,T6400,66,rapidbus_kl
1000369,1002594,T6400,31,rapidbus_kl
1002594,1000186,T6400,45,rapidbus_kl
1000186,1000692,T6400,67,rapidbus_kl
1000692,1000143,T6400,120,rapidbus_kl
1000143,1000138,T6400,33,rapidbus_kl
1000138,1000137,T6400,55,rapidbus_kl
1000137,1002296,T6400,29,rapidbus_kl
1002296,1000326,T6400,20,rapidbus_kl
1000326,1000327,T6400,25,rapidbus_kl
1000327,1000237,T6400,16,rapidbus_kl
1000237,1003612,T6400,30,rapidbus_kl
1003612,1002949,T6400,40,rapidbus_kl
1002949,1001150,T6400,22,rapidbus_kl
1001150,1003750,T6400,18,rapidbus_kl
1003750,1002479,T6400,31,rapidbus_kl
1002479,1000943,T6400,53,rapidbus_kl
1000943,1000999,T6400,54,rapidbus_kl
1000999,1004161,T6400,30,rapidbus_kl
1004161,1001981,T6400,29,rapidbus_kl
1001981,1002269,T6400,187,rapidbus_kl
1002269,1000046,T6400,121,rapidbus_kl
1000046,1003502,T6400,46,rapidbus_kl
1003502,1001627,T6400,67,rapidbus_kl
1001627,1006035,T6400,144,rapidbus_kl
1006035,1001509,T6400,139,rapidbus_kl
1001509,1001828,T6400,149,rapidbus_kl
1001603,1001588,T7158,217,rapidbus_kl
1001588,1001586,T7158,57,rapidbus_kl
1001586,1002548,T7158,256,rapidbus_kl
1002548,1002516,T7158,141,rapidbus_kl
1002516,1008306,T7158,48,rapidbus_kl
1008306,1000361,T7158,204,rapidbus_kl
1000361,1003071,T7158,29,rapidbus_kl
1003071,1003786,T7158,126,rapidbus_kl
1003786,1009088,T7158,97,rapidbus_kl
1009088,1008503,T7158,71,rapidbus_kl
1008503,1009084,T7158,76,rapidbus_kl
1009084,1003447,T7158,36,rapidbus_kl
1003447,1003041,T7158,37,rapidbus_kl
1003041,1006126,T7158,31,rapidbus_kl
1006126,1003729,T7158,65,rapidbus_kl
1003729,1003730,T7158,9,rapidbus_kl
1003730,1003836,T7158,54,rapidbus_kl
1003836,1003020,T7158,24,rapidbus_kl
1003020,1003448,T7158,23,rapidbus_kl
1003448,1009085,T7158,41,rapidbus_kl
1009085,1008504,T7158,52,rapidbus_kl
1008504,1009089,T7158,77,rapidbus_kl
1009089,1003787,T7158,64,rapidbus_kl
1003787,1003072,T7158,116,rapidbus_kl
1003072,1002648,T7158,25,rapidbus_kl
1002648,1008307,T7158,176,rapidbus_kl
1008307,1003585,T7158,41,rapidbus_kl
1003585,1002549,T7158,130,rapidbus_kl
1002549,1001587,T7158,216,rapidbus_kl
1001587,1001589,T7158,54,rapidbus_kl
1001589,1008304,T7158,210,rapidbus_kl
1008304,1008305,T7158,24,rapidbus_kl
1008305,1000572,T7158,72,rapidbus_kl
1000572,1001584,T7158,51,rapidbus_kl
1001584,1001603,T7158,50,rapidbus_kl
1003078,1000936,T7538,41,rapidbus_kl
1000936,1006644,T7538,103,rapidbus_kl
1006644,1001091,T7538,79,rapidbus_kl
1001091,1000938,T7538,61,rapidbus_kl
1000938,1001976,T7538,121,rapidbus_kl
1001976,1003700,T7538,92,rapidbus_kl
1003700,1003465,T7538,127,rapidbus_kl
1003465,1003719,T7538,99,rapidbus_kl
1003719,1003686,T7538,82,rapidbus_kl
1003686,1003079,T7538,91,rapidbus_kl
1003079,1000556,T7538,30,rapidbus_kl
1000556,1000319,T7538,44,rapidbus_kl
1000319,1000674,T7538,25,rapidbus_kl
1000674,1000201,T7538,55,rapidbus_kl
1000201,1006014,T7538,173,rapidbus_kl
1006014,1003312,T7538,45,rapidbus_kl
1003312,1004224,T7538,202,rapidbus_kl
1004224,1003856,T7538,70,rapidbus_kl
1003856,1006643,T7538,118,rapidbus_kl
1006643,1003078,T7538,142,rapidbus_kl
1003078,1008399,T7548,33,rapidbus_kl
1008399,1008075,T7548,54,rapidbus_kl
1008075,1003267,T7548,79,rapidbus_kl
1003267,1008104,T7548,115,rapidbus_kl
1008104,1000171,T7548,32,rapidbus_kl
1000171,1000951,T7548,81,rapidbus_kl
1000951,1001488,T7548,141,rapidbus_kl
1001488,1002745,T7548,64,rapidbus_kl
1002745,1002275,T7548,41,rapidbus_kl
1002275,1008162,T7548,33,rapidbus_kl
1008162,1003355,T7548,30,rapidbus_kl
1003355,1001233,T7548,21,rapidbus_kl
1001233,1003931,T7548,72,rapidbus_kl
1003931,1006629,T7548,31,rapidbus_kl
1006629,1003348,T7548,70,rapidbus_kl
1003348,1001232,T7548,75,rapidbus_kl
1001232,1003354,T7548,26,rapidbus_kl
1003354,1008161,T7548,25,rapidbus_kl
1008161,1002274,T7548,26,rapidbus_kl
1002274,1000027,T7548,49,rapidbus_kl
1000027,1000905,T7548,58,rapidbus_kl
1000905,1000950,T7548,130,rapidbus_kl
1000950,1000172,T7548,91,rapidbus_kl
1000172,1006016,T7548,29,rapidbus_kl
1006016,1004224,T7548,151,rapidbus_kl
1004224,1003856,T7548,53,rapidbus_kl
1003856,1006643,T7548,86,rapidbus_kl
1006643,1003078,T7548,104,rapidbus_kl
1001567,1008237,T7568,32,rapidbus_kl
1008237,1008106,T7568,127,rapidbus_kl
1008106,1001568,T7568,27,rapidbus_kl
1001568,1000073,T7568,89,rapidbus_kl
1000073,1008105,T7568,53,rapidbus_kl
1008105,1008092,T7568,114,rapidbus_kl
1008092,1003831,T7568,131,rapidbus_kl
1003831,1003549,T7568,143,rapidbus_kl
1003549,1003734,T7568,193,rapidbus_kl
1003734,1001483,T7568,126,rapidbus_kl
1001483,1002769,T7568,32,rapidbus_kl
1002769,1001563,T7568,124,rapidbus_kl
1001563,1001525,T7568,87,rapidbus_kl
1001525,1000306,T7568,115,rapidbus_kl
1000306,1004282,T7568,87,rapidbus_kl
1004282,1000322,T7568,49,rapidbus_kl
1000322,1004060,T7568,75,rapidbus_kl
1004060,1000350,T7568,68,rapidbus_kl
1000350,1002854,T7568,40,rapidbus_kl
1002854,1002092,T7568,86,rapidbus_kl
1002092,1000821,T7568,102,rapidbus_kl
1000821,1000037,T7568,63,rapidbus_kl
1000037,1000536,T7568,52,rapidbus_kl
1000536,1003757,T7568,90,rapidbus_kl
1003757,1001566,T7568,62,rapidbus_kl
1001566,1008402,T7568,44,rapidbus_kl
1008402,1000740,T7568,30,rapidbus_kl
1000740,1003915,T7568,202,rapidbus_kl
1003915,1000358,T7568,111,rapidbus_kl
1000358,1003083,T7568,101,rapidbus_kl
1003083,1008398,T7568,94,rapidbus_kl
1008398,1001730,T7568,33,rapidbus_kl
1001730,1004249,T7568,58,rapidbus_kl
1004249,1003078,T7568,160,rapidbus_kl
1003078,1000936,T7568,39,rapidbus_kl
1000936,1001731,T7568,90,rapidbus_kl
1001731,1008397,T7568,26,rapidbus_kl
1008397,1003082,T7568,101,rapidbus_kl
1003082,1000357,T7568,107,rapidbus_kl
1000357,1003916,T7568,151,rapidbus_kl
1003916,1000886,T7568,167,rapidbus_kl
1000886,1008401,T7568,43,rapidbus_kl
1008401,1001216,T7568,63,rapidbus_kl
1001216,1003756,T7568,195,rapidbus_kl
1003756,1000038,T7568,81,rapidbus_kl
1000038,1001018,T7568,66,rapidbus_kl
1001018,1001403,T7568,124,rapidbus_kl
1001403,1002424,T7568,94,rapidbus_kl
1002424,1000356,T7568,48,rapidbus_kl
1000356,1003610,T7568,63,rapidbus_kl
1003610,1000323,T7568,88,rapidbus_kl
1000323,1004269,T7568,38,rapidbus_kl
1004269,1000305,T7568,107,rapidbus_kl
1000305,1002800,T7568,142,rapidbus_kl
1002800,1000626,T7568,119,rapidbus_kl
1000626,1002770,T7568,98,rapidbus_kl
1002770,1001484,T7568,42,rapidbus_kl
1001484,1003755,T7568,132,rapidbus_kl
1003755,1003548,T7568,205,rapidbus_kl
1003548,1003832,T7568,176,rapidbus_kl
1003832,1008498,T7568,26,rapidbus_kl
1008498,1008236,T7568,155,rapidbus_kl
1008236,1001858,T7568,94,rapidbus_kl
1001858,1001567,T7568,120,rapidbus_kl
1006551,1006552,T7740,59,rapidbus_kl
1006552,1006554,T7740,57,rapidbus_kl
1006554,1006556,T7740,46,rapidbus_kl
1006556,1006558,T7740,49,rapidbus_kl
1006558,1006560,T7740,37,rapidbus_kl
1006560,1006562,T7740,48,rapidbus_kl
1006562,1006564,T7740,22,rapidbus_kl
1006564,1006566,T7740,54,rapidbus_kl
1006566,1006568,T7740,61,rapidbus_kl
1006568,1002681,T7740,82,rapidbus_kl
1002681,1006569,T7740,36,rapidbus_kl
1006569,1001600,T7740,51,rapidbus_kl
1001600,1006658,T7740,26,rapidbus_kl
1006658,1000861,T7740,22,rapidbus_kl
1000861,1006655,T7740,38,rapidbus_kl
1006655,1006567,T7740,116,rapidbus_kl
1006567,1006565,T7740,56,rapidbus_kl
1006565,1006563,T7740,19,rapidbus_kl
1006563,1006561,T7740,49,rapidbus_kl
1006561,1006559,T7740,43,rapidbus_kl
1006559,1006557,T7740,45,rapidbus_kl
1006557,1006555,T7740,44,rapidbus_kl
1006555,1006553,T7740,61,rapidbus_kl
1006553,1006551,T7740,79,rapidbus_kl
1006526,1000545,T7760,67,rapidbus_kl
1000545,1006590,T7760,32,rapidbus_kl
1006590,1006591,T7760,48,rapidbus_kl
1006591,1002112,T7760,38,rapidbus_kl
1002112,1008073,T7760,80,rapidbus_kl
1008073,1008074,T7760,123,rapidbus_kl
1008074,1002078,T7760,121,rapidbus_kl
1002078,1003239,T7760,72,rapidbus_kl
1003239,1004150,T7760,80,rapidbus_kl
1004150,1003292,T7760,76,rapidbus_kl
1003292,1002187,T7760,36,rapidbus_kl
1002187,1004306,T7760,34,rapidbus_kl
1004306,1002123,T7760,26,rapidbus_kl
1002123,1002758,T7760,40,rapidbus_kl
1002758,1001860,T7760,63,rapidbus_kl
1001860,1004185,T7760,41,rapidbus_kl
1004185,1000882,T7760,36,rapidbus_kl
1000882,1003867,T7760,54,rapidbus_kl
1003867,1001529,T7760,92,rapidbus_kl
1001529,1008642,T7760,26,rapidbus_kl
1008642,1000883,T7760,28,rapidbus_kl
1000883,1009083,T7760,35,rapidbus_kl
1009083,1001859,T7760,48,rapidbus_kl
1001859,1002364,T7760,64,rapidbus_kl
1002364,1002122,T7760,52,rapidbus_kl
1002122,1008641,T7760,23,rapidbus_kl
1008641,1003290,T7760,32,rapidbus_kl
1003290,1002802,T7760,32,rapidbus_kl
1002802,1002960,T7760,80,rapidbus_kl
1002960,1003238,T7760,73,rapidbus_kl
1003238,1002079,T7760,70,rapidbus_kl
1002079,1006527,T7760,24,rapidbus_kl
1006527,1006526,T7760,54,rapidbus_kl
1001804,1001508,T7800,124,rapidbus_kl
1001508,1002237,T7800,67,rapidbus_kl
1002237,1001308,T7800,40,rapidbus_kl
1001308,1000512,T7800,38,rapidbus_kl
1000512,1000513,T7800,20,rapidbus_kl
1000513,1008361,T7800,33,rapidbus_kl
1008361,1003475,T7800,34,rapidbus_kl
1003475,1003367,T7800,53,rapidbus_kl
1003367,1000236,T7800,35,rapidbus_kl
1000236,1000706,T7800,80,rapidbus_kl
1000706,1008362,T7800,148,rapidbus_kl
1008362,1002163,T7800,15,rapidbus_kl
1002163,1001031,T7800,60,rapidbus_kl
1001031,1007087,T7800,31,rapidbus_kl
1007087,1002735,T7800,59,rapidbus_kl
1002735,1000075,T7800,22,rapidbus_kl
1000075,1000524,T7800,34,rapidbus_kl
1000524,1001221,T7800,53,rapidbus_kl
1001221,1002638,T7800,44,rapidbus_kl
1002638,1001805,T7800,75,rapidbus_kl
1001805,1001169,T7800,69,rapidbus_kl
1001169,1001804,T7800,66,rapidbus_kl
1001804,1001382,T7810,221,rapidbus_kl
1001382,1001383,T7810,58,rapidbus_kl
1001383,1001639,T7810,67,rapidbus_kl
1001639,1001380,T7810,42,rapidbus_kl
1001380,1002564,T7810,17,rapidbus_kl
1002564,1002565,T7810,16,rapidbus_kl
1002565,1002677,T7810,52,rapidbus_kl
1002677,1003198,T7810,37,rapidbus_kl
1003198,1004228,T7810,34,rapidbus_kl
1004228,1001581,T7810,21,rapidbus_kl
1001581,1002567,T7810,40,rapidbus_kl
1002567,1002200,T7810,92,rapidbus_kl
1002200,1001508,T7810,109,rapidbus_kl
1001508,1001805,T7810,197,rapidbus_kl
1001805,1001169,T7810,103,rapidbus_kl
1001169,1001804,T7810,94,rapidbus_kl
1006519,1000043,T7820,60,rapidbus_kl
1000043,1003573,T7820,38,rapidbus_kl
1003573,1003829,T7820,41,rapidbus_kl
1003829,1004021,T7820,37,rapidbus_kl
1004021,1004022,T7820,56,rapidbus_kl
1004022,1001075,T7820,58,rapidbus_kl
1001075,1002461,T7820,59,rapidbus_kl
1002461,1006587,T7820,48,rapidbus_kl
1006587,1000151,T7820,48,rapidbus_kl
1000151,1008482,T7820,25,rapidbus_kl
1008482,1005073,T7820,45,rapidbus_kl
1005073,1005074,T7820,40,rapidbus_kl
1005074,1005075,T7820,21,rapidbus_kl
1005075,1008482,T7820,57,rapidbus_kl
1008482,1006520,T7820,80,rapidbus_kl
1006520,1003558,T7820,43,rapidbus_kl
1003558,1004142,T7820,60,rapidbus_kl
1004142,1006506,T7820,13,rapidbus_kl
1006506,1006521,T7820,78,rapidbus_kl
1006521,1006175,T7820,29,rapidbus_kl
1006175,1000544,T7820,78,rapidbus_kl
1000544,1000797,T7820,50,rapidbus_kl
1000797,1000796,T7820,29,rapidbus_kl
1000796,1000903,T7820,31,rapidbus_kl
1000903,1006519,T7820,76,rapidbus_kl
1001784,1003320,T7860,34,rapidbus_kl
1003320,1001578,T7860,14,rapidbus_kl
1001578,1000471,T7860,23,rapidbus_kl
1000471,1000650,T7860,26,rapidbus_kl
1000650,1000467,T7860,19,rapidbus_kl
1000467,1000603,T7860,75,rapidbus_kl
1000603,1007136,T7860,17,rapidbus_kl
1007136,1001707,T7860,74,rapidbus_kl
1001707,1005765,T7860,30,rapidbus_kl
1005765,1005766,T7860,12,rapidbus_kl
1005766,1005768,T7860,14,rapidbus_kl
1005768,1005767,T7860,13,rapidbus_kl
1005767,1005769,T7860,13,rapidbus_kl
1005769,1008646,T7860,12,rapidbus_kl
1008646,1000944,T7860,11,rapidbus_kl
1000944,1003538,T7860,18,rapidbus_kl
1003538,1004190,T7860,13,rapidbus_kl
1004190,1002675,T7860,25,rapidbus_kl
1002675,1001955,T7860,6,rapidbus_kl
1001955,1003407,T7860,28,rapidbus_kl
1003407,1001077,T7860,19,rapidbus_kl
1001077,1001007,T7860,13,rapidbus_kl
1001007,1002619,T7860,18,rapidbus_kl
1002619,1004179,T7860,10,rapidbus_kl
1004179,1003630,T7860,22,rapidbus_kl
1003630,1002142,T7860,6,rapidbus_kl
1002142,1008434,T7860,15,rapidbus_kl
1008434,1004272,T7860,14,rapidbus_kl
1004272,1003857,T7860,32,rapidbus_kl
1003857,1006035,T7860,37,rapidbus_kl
1006035,1001509,T7860,27,rapidbus_kl
1001509,1001784,T7860,30,rapidbus_kl
1001784,1003320,T7870,101,rapidbus_kl
1003320,1000484,T7870,60,rapidbus_kl
1000484,1005034,T7870,95,rapidbus_kl
1005034,1000944,T7870,106,rapidbus_kl
1000944,1002264,T7870,55,rapidbus_kl
1002264,1003656,T7870,56,rapidbus_kl
1003656,1000900,T7870,45,rapidbus_kl
1000900,1000898,T7870,26,rapidbus_kl
1000898,1000899,T7870,105,rapidbus_kl
1000899,1002957,T7870,53,rapidbus_kl
1002957,1003202,T7870,37,rapidbus_kl
1003202,1002920,T7870,94,rapidbus_kl
1002920,1004188,T7870,84,rapidbus_kl
1004188,1005062,T7870,35,rapidbus_kl
1005062,1001247,T7870,58,rapidbus_kl
1001247,1003264,T7870,33,rapidbus_kl
1003264,1000600,T7870,59,rapidbus_kl
1000600,1000270,T7870,91,rapidbus_kl
1000270,1003392,T7870,57,rapidbus_kl
1003392,1004272,T7870,138,rapidbus_kl
1004272,1003857,T7870,94,rapidbus_kl
1003857,1006035,T7870,111,rapidbus_kl
1006035,1001509,T7870,110,rapidbus_kl
1001509,1001784,T7870,97,rapidbus_kl
1002029,1000838,T7880,478,rapidbus_kl
1000838,1001833,T7880,122,rapidbus_kl
1001833,1002029,T7880,300,rapidbus_kl
1001833,1001897,T7890,59,rapidbus_kl
1001897,1000583,T7890,62,rapidbus_kl
1000583,1001596,T7890,25,rapidbus_kl
1001596,1000655,T7890,55,rapidbus_kl
1000655,1002427,T7890,73,rapidbus_kl
1002427,1000578,T7890,119,rapidbus_kl
1000578,1006747,T7890,21,rapidbus_kl
1006747,1000838,T7890,201,rapidbus_kl
1000838,1000226,T7890,78,rapidbus_kl
1000226,1000761,T7890,34,rapidbus_kl
1000761,1008483,T7890,65,rapidbus_kl
1008483,1008484,T7890,54,rapidbus_kl
1008484,1008485,T7890,44,rapidbus_kl
1008485,1008486,T7890,38,rapidbus_kl
1008486,1008487,T7890,31,rapidbus_kl
1008487,1000312,T7890,48,rapidbus_kl
1000312,1002251,T7890,57,rapidbus_kl
1002251,1000453,T7890,38,rapidbus_kl
1000453,1000227,T7890,24,rapidbus_kl
1000227,1001650,T7890,42,rapidbus_kl
1001650,1001833,T7890,32,rapidbus_kl
1002029,1001410,T7900,532,rapidbus_kl
1001410,1002618,T7900,396,rapidbus_kl
1002618,1001845,T7900,123,rapidbus_kl
1001845,1003406,T7900,75,rapidbus_kl
1003406,1001395,T7900,104,rapidbus_kl
1001395,1001610,T7900,47,rapidbus_kl
1001610,1004188,T7900,94,rapidbus_kl
1004188,1005062,T7900,53,rapidbus_kl
1005062,1001247,T7900,51,rapidbus_kl
1001247,1002012,T7900,71,rapidbus_kl
1002012,1000836,T7900,33,rapidbus_kl
1000836,1000980,T7900,69,rapidbus_kl
1000980,1002752,T7900,414,rapidbus_kl
1002752,1003456,T7900,90,rapidbus_kl
1003456,1003204,T7900,71,rapidbus_kl
1003204,1001832,T7900,177,rapidbus_kl
1001832,1003232,T7900,91,rapidbus_kl
1003232,1006226,T7900,62,rapidbus_kl
1006226,1002049,T7900,56,rapidbus_kl
1002049,1000204,T7900,77,rapidbus_kl
1000204,1006038,T7900,98,rapidbus_kl
1006038,1001276,T7900,103,rapidbus_kl
1001276,1000204,T7900,61,rapidbus_kl
1000204,1008645,T7900,44,rapidbus_kl
1008645,1002865,T7900,60,rapidbus_kl
1002865,1008646,T7900,29,rapidbus_kl
1008646,1000944,T7900,28,rapidbus_kl
1000944,1003538,T7900,60,rapidbus_kl
1003538,1004190,T7900,38,rapidbus_kl
1004190,1002675,T7900,61,rapidbus_kl
1002675,1001955,T7900,49,rapidbus_kl
1001955,1003407,T7900,70,rapidbus_kl
1003407,1001077,T7900,48,rapidbus_kl
1001077,1001007,T7900,45,rapidbus_kl
1001007,1002619,T7900,51,rapidbus_kl
1002619,1002617,T7900,24,rapidbus_kl
1002617,1002029,T7900,645,rapidbus_kl
1001807,1003761,T7910,71,rapidbus_kl
1003761,1000366,T7910,49,rapidbus_kl
1000366,1000096,T7910,75,rapidbus_kl
1000096,1003431,T7910,85,rapidbus_kl
1003431,1001045,T7910,83,rapidbus_kl
1001045,1002877,T7910,43,rapidbus_kl
1002877,1000261,T7910,42,rapidbus_kl
1000261,1000762,T7910,121,rapidbus_kl
1000762,1000763,T7910,12,rapidbus_kl
1000763,1008293,T7910,21,rapidbus_kl
1008293,1008483,T7910,50,rapidbus_kl
1008483,1008484,T7910,43,rapidbus_kl
1008484,1008485,T7910,28,rapidbus_kl
1008485,1008486,T7910,27,rapidbus_kl
1008486,1008487,T7910,60,rapidbus_kl
1008487,1001654,T7910,49,rapidbus_kl
1001654,1002251,T7910,35,rapidbus_kl
1002251,1008488,T7910,57,rapidbus_kl
1008488,1000910,T7910,26,rapidbus_kl
1000910,1001719,T7910,33,rapidbus_kl
1001719,1000095,T7910,70,rapidbus_kl
1000095,1001706,T7910,53,rapidbus_kl
1001706,1000365,T7910,26,rapidbus_kl
1000365,1001807,T7910,41,rapidbus_kl
1001787,1002917,T8500,84,rapidbus_kl
1002917,1002948,T8500,25,rapidbus_kl
1002948,1001531,T8500,18,rapidbus_kl
1001531,1002890,T8500,40,rapidbus_kl
1002890,1002093,T8500,57,rapidbus_kl
1002093,1000223,T8500,75,rapidbus_kl
1000223,1001657,T8500,41,rapidbus_kl
1001657,1000632,T8500,61,rapidbus_kl
1000632,1007137,T8500,132,rapidbus_kl
1007137,1003214,T8500,50,rapidbus_kl
1003214,1006702,T8500,52,rapidbus_kl
1006702,1000224,T8500,220,rapidbus_kl
1000224,1003372,T8500,52,rapidbus_kl
1003372,1002918,T8500,29,rapidbus_kl
1002918,1002905,T8500,28,rapidbus_kl
1002905,1002959,T8500,90,rapidbus_kl
1002959,1000060,T8500,21,rapidbus_kl
1000060,1000519,T8500,57,rapidbus_kl
1000519,1001787,T8500,68,rapidbus_kl
1001511,1009071,T8510,792,rapidbus_kl
1009071,1005051,T8510,225,rapidbus_kl
1005051,1009071,T8510,188,rapidbus_kl
1009071,1001511,T8510,595,rapidbus_kl
1002080,1004240,U1510,123,rapidbus_kl
1004240,1000383,U1510,42,rapidbus_kl
1000383,1003683,U1510,85,rapidbus_kl
1003683,1000823,U1510,49,rapidbus_kl
1000823,1002560,U1510,40,rapidbus_kl
1002560,1003415,U1510,142,rapidbus_kl
1003415,1001984,U1510,46,rapidbus_kl
1001984,1003257,U1510,131,rapidbus_kl
1003257,1002694,U1510,85,rapidbus_kl
1002694,1001418,U1510,65,rapidbus_kl
1001418,1002537,U1510,61,rapidbus_kl
1002537,1002413,U1510,82,rapidbus_kl
1002413,1002022,U1510,126,rapidbus_kl
1002022,1001710,U1510,92,rapidbus_kl
1001710,1005139,U1510,85,rapidbus_kl
1005139,1002529,U1510,91,rapidbus_kl
1002529,1002530,U1510,139,rapidbus_kl
1002530,1003385,U1510,106,rapidbus_kl
1003385,1001626,U1510,47,rapidbus_kl
1001626,1002533,U1510,162,rapidbus_kl
1002533,1002534,U1510,126,rapidbus_kl
1002534,1001253,U1510,113,rapidbus_kl
1001253,1001634,U1510,82,rapidbus_kl
1001634,1004086,U1510,442,rapidbus_kl
1004086,1003909,U1510,217,rapidbus_kl
1003909,1008667,U1510,50,rapidbus_kl
1008667,1004214,U1510,311,rapidbus_kl
1004214,1004213,U1510,346,rapidbus_kl
1004213,1000427,U1510,130,rapidbus_kl
1000427,1008666,U1510,245,rapidbus_kl
1008666,1008665,U1510,482,rapidbus_kl
1008665,1002191,U1510,80,rapidbus_kl
1002191,1000198,U1510,54,rapidbus_kl
1000198,1002098,U1510,99,rapidbus_kl
1002098,1000007,U1510,110,rapidbus_kl
1000007,1003138,U1510,78,rapidbus_kl
1003138,1007619,U1510,60,rapidbus_kl
1007619,1001067,U1510,120,rapidbus_kl
1001067,1003160,U1510,59,rapidbus_kl
1003160,1000368,U1510,169,rapidbus_kl
1000368,1007614,U1510,36,rapidbus_kl
1007614,1003162,U1510,112,rapidbus_kl
1003162,1000959,U1510,80,rapidbus_kl
1000959,1008668,U1510,116,rapidbus_kl
1008668,1003159,U1510,122,rapidbus_kl
1003159,1003826,U1510,63,rapidbus_kl
1003826,1003516,U1510,116,rapidbus_kl
1003516,1002097,U1510,48,rapidbus_kl
1002097,1002288,U1510,62,rapidbus_kl
1002288,1001317,U1510,156,rapidbus_kl
1001317,1001336,U1510,55,rapidbus_kl
1001336,1002289,U1510,53,rapidbus_kl
1002289,1002355,U1510,73,rapidbus_kl
1002355,1000735,U1510,147,rapidbus_kl
1000735,1004215,U1510,190,rapidbus_kl
1004215,1001398,U1510,304,rapidbus_kl
1001398,1004087,U1510,243,rapidbus_kl
1004087,1001633,U1510,371,rapidbus_kl
1001633,1003379,U1510,100,rapidbus_kl
1003379,1001966,U1510,47,rapidbus_kl
1001966,1000401,U1510,94,rapidbus_kl
1000401,1002536,U1510,81,rapidbus_kl
1002536,1002535,U1510,88,rapidbus_kl
1002535,1005100,U1510,58,rapidbus_kl
1005100,1003386,U1510,42,rapidbus_kl
1003386,1005102,U1510,96,rapidbus_kl
1005102,1002532,U1510,44,rapidbus_kl
1002532,1001414,U1510,88,rapidbus_kl
1001414,1005118,U1510,44,rapidbus_kl
1005118,1000949,U1510,92,rapidbus_kl
1000949,1002528,U1510,88,rapidbus_kl
1002528,1002414,U1510,132,rapidbus_kl
1002414,1000514,U1510,55,rapidbus_kl
1000514,1003247,U1510,86,rapidbus_kl
1003247,1000477,U1510,89,rapidbus_kl
1000477,1004169,U1510,75,rapidbus_kl
1004169,1002359,U1510,24,rapidbus_kl
1002359,1001853,U1510,58,rapidbus_kl
1001853,1001629,U1510,39,rapidbus_kl
1001629,1000875,U1510,77,rapidbus_kl
1000875,1000502,U1510,54,rapidbus_kl
1000502,1000521,U1510,122,rapidbus_kl
1000521,1000047,U1510,73,rapidbus_kl
1000047,1006277,U1510,55,rapidbus_kl
1006277,1002080,U1510,180,rapidbus_kl
1000383,1003683,U1710,32,rapidbus_kl
1003683,1000823,U1710,41,rapidbus_kl
1000823,1002560,U1710,28,rapidbus_kl
1002560,1003415,U1710,106,rapidbus_kl
1003415,1001984,U1710,38,rapidbus_kl
1001984,1003299,U1710,39,rapidbus_kl
1003299,1003257,U1710,56,rapidbus_kl
1003257,1002694,U1710,55,rapidbus_kl
1002694,1001418,U1710,52,rapidbus_kl
1001418,1002537,U1710,27,rapidbus_kl
1002537,1002415,U1710,49,rapidbus_kl
1002415,1002413,U1710,49,rapidbus_kl
1002413,1001329,U1710,55,rapidbus_kl
1001329,1000784,U1710,52,rapidbus_kl
1000784,1001523,U1710,47,rapidbus_kl
1001523,1003167,U1710,131,rapidbus_kl
1003167,1003375,U1710,33,rapidbus_kl
1003375,1002170,U1710,68,rapidbus_kl
1002170,1000769,U1710,51,rapidbus_kl
1000769,1000637,U1710,45,rapidbus_kl
1000637,1003624,U1710,40,rapidbus_kl
1003624,1001162,U1710,161,rapidbus_kl
1001162,1008375,U1710,30,rapidbus_kl
1008375,1008373,U1710,58,rapidbus_kl
1008373,1001164,U1710,61,rapidbus_kl
1001164,1000174,U1710,60,rapidbus_kl
1000174,1003994,U1710,109,rapidbus_kl
1003994,1001590,U1710,77,rapidbus_kl
1001590,1004270,U1710,73,rapidbus_kl
1004270,1003042,U1710,42,rapidbus_kl
1003042,1003008,U1710,30,rapidbus_kl
1003008,1001365,U1710,181,rapidbus_kl
1001365,1002362,U1710,54,rapidbus_kl
1002362,1001168,U1710,99,rapidbus_kl
1001168,1003594,U1710,42,rapidbus_kl
1003594,1000862,U1710,74,rapidbus_kl
1000862,1003525,U1710,146,rapidbus_kl
1003525,1000554,U1710,44,rapidbus_kl
1000554,1003881,U1710,52,rapidbus_kl
1003881,1000216,U1710,33,rapidbus_kl
1000216,1003500,U1710,30,rapidbus_kl
1003500,1002956,U1710,37,rapidbus_kl
1002956,1003377,U1710,48,rapidbus_kl
1003377,1001866,U1710,34,rapidbus_kl
1001866,1002583,U1710,34,rapidbus_kl
1002583,1001916,U1710,61,rapidbus_kl
1001916,1001950,U1710,62,rapidbus_kl
1001950,1003560,U1710,76,rapidbus_kl
1003560,1003796,U1710,57,rapidbus_kl
1003796,1003556,U1710,49,rapidbus_kl
1003556,1003779,U1710,47,rapidbus_kl
1003779,1003868,U1710,40,rapidbus_kl
1003868,1003743,U1710,56,rapidbus_kl
1003743,1002380,U1710,42,rapidbus_kl
1002380,1000895,U1710,40,rapidbus_kl
1000895,1000141,U1710,51,rapidbus_kl
1000141,1000880,U1710,63,rapidbus_kl
1000880,1002132,U1710,253,rapidbus_kl
1002132,1000881,U1710,164,rapidbus_kl
1000881,1002373,U1710,78,rapidbus_kl
1002373,1001532,U1710,70,rapidbus_kl
1001532,1003607,U1710,31,rapidbus_kl
1003607,1003754,U1710,28,rapidbus_kl
1003754,1006884,U1710,71,rapidbus_kl
1006884,1003862,U1710,72,rapidbus_kl
1003862,1003557,U1710,47,rapidbus_kl
1003557,1002447,U1710,45,rapidbus_kl
1002447,1003559,U1710,71,rapidbus_kl
1003559,1001951,U1710,108,rapidbus_kl
1001951,1003439,U1710,57,rapidbus_kl
1003439,1001585,U1710,42,rapidbus_kl
1001585,1001867,U1710,49,rapidbus_kl
1001867,1003376,U1710,30,rapidbus_kl
1003376,1002928,U1710,28,rapidbus_kl
1002928,1000217,U1710,55,rapidbus_kl
1000217,1003499,U1710,25,rapidbus_kl
1003499,1002474,U1710,37,rapidbus_kl
1002474,1003882,U1710,50,rapidbus_kl
1003882,1000555,U1710,63,rapidbus_kl
1000555,1000863,U1710,212,rapidbus_kl
1000863,1003592,U1710,71,rapidbus_kl
1003592,1000579,U1710,79,rapidbus_kl
1000579,1001756,U1710,42,rapidbus_kl
1001756,1000002,U1710,74,rapidbus_kl
1000002,1001364,U1710,56,rapidbus_kl
1001364,1001507,U1710,66,rapidbus_kl
1001507,1001176,U1710,50,rapidbus_kl
1001176,1004103,U1710,45,rapidbus_kl
1004103,1003009,U1710,75,rapidbus_kl
1003009,1004271,U1710,60,rapidbus_kl
1004271,1001591,U1710,80,rapidbus_kl
1001591,1003996,U1710,60,rapidbus_kl
1003996,1002664,U1710,118,rapidbus_kl
1002664,1003373,U1710,97,rapidbus_kl
1003373,1008372,U1710,62,rapidbus_kl
1008372,1008374,U1710,54,rapidbus_kl
1008374,1001163,U1710,51,rapidbus_kl
1001163,1008189,U1710,81,rapidbus_kl
1008189,1003625,U1710,90,rapidbus_kl
1003625,1000638,U1710,55,rapidbus_kl
1000638,1000770,U1710,59,rapidbus_kl
1000770,1002171,U1710,45,rapidbus_kl
1002171,1003168,U1710,125,rapidbus_kl
1003168,1003169,U1710,89,rapidbus_kl
1003169,1008377,U1710,64,rapidbus_kl
1008377,1000573,U1710,69,rapidbus_kl
1000573,1001524,U1710,72,rapidbus_kl
1001524,1000785,U1710,40,rapidbus_kl
1000785,1002414,U1710,122,rapidbus_kl
1002414,1000514,U1710,59,rapidbus_kl
1000514,1003247,U1710,89,rapidbus_kl
1003247,1000477,U1710,59,rapidbus_kl
1000477,1004169,U1710,51,rapidbus_kl
1004169,1002359,U1710,43,rapidbus_kl
1002359,1001853,U1710,50,rapidbus_kl
1001853,1001629,U1710,34,rapidbus_kl
1001629,1000875,U1710,67,rapidbus_kl
1000875,1000502,U1710,50,rapidbus_kl
1000502,1000488,U1710,49,rapidbus_kl
1000488,1001183,U1710,64,rapidbus_kl
1001183,1000383,U1710,101,rapidbus_kl
1000383,1003683,U1730,53,rapidbus_kl
1003683,1000823,U1730,31,rapidbus_kl
1000823,1002560,U1730,21,rapidbus_kl
1002560,1003415,U1730,82,rapidbus_kl
1003415,1001984,U1730,29,rapidbus_kl
1001984,1003299,U1730,29,rapidbus_kl
1003299,1003257,U1730,43,rapidbus_kl
1003257,1002694,U1730,42,rapidbus_kl
1002694,1001418,U1730,40,rapidbus_kl
1001418,1002537,U1730,35,rapidbus_kl
1002537,1002415,U1730,31,rapidbus_kl
1002415,1002413,U1730,15,rapidbus_kl
1002413,1002022,U1730,71,rapidbus_kl
1002022,1001710,U1730,47,rapidbus_kl
1001710,1002041,U1730,48,rapidbus_kl
1002041,1002529,U1730,50,rapidbus_kl
1002529,1002530,U1730,77,rapidbus_kl
1002530,1003385,U1730,58,rapidbus_kl
1003385,1001626,U1730,25,rapidbus_kl
1001626,1002533,U1730,101,rapidbus_kl
1002533,1002534,U1730,57,rapidbus_kl
1002534,1001253,U1730,63,rapidbus_kl
1001253,1008365,U1730,43,rapidbus_kl
1008365,1002614,U1730,67,rapidbus_kl
1002614,1002612,U1730,27,rapidbus_kl
1002612,1003445,U1730,117,rapidbus_kl
1003445,1002873,U1730,29,rapidbus_kl
1002873,1002872,U1730,37,rapidbus_kl
1002872,1001944,U1730,71,rapidbus_kl
1001944,1003994,U1730,62,rapidbus_kl
1003994,1001590,U1730,41,rapidbus_kl
1001590,1004270,U1730,55,rapidbus_kl
1004270,1003042,U1730,32,rapidbus_kl
1003042,1003008,U1730,23,rapidbus_kl
1003008,1004104,U1730,23,rapidbus_kl
1004104,1000843,U1730,29,rapidbus_kl
1000843,1001491,U1730,32,rapidbus_kl
1001491,1002018,U1730,45,rapidbus_kl
1002018,1002755,U1730,35,rapidbus_kl
1002755,1001445,U1730,104,rapidbus_kl
1001445,1001728,U1730,36,rapidbus_kl
1001728,1002356,U1730,36,rapidbus_kl
1002356,1003330,U1730,92,rapidbus_kl
1003330,1001635,U1730,74,rapidbus_kl
1001635,1000192,U1730,29,rapidbus_kl
1000192,1003566,U1730,49,rapidbus_kl
1003566,1001095,U1730,60,rapidbus_kl
1001095,1001727,U1730,36,rapidbus_kl
1001727,1002967,U1730,42,rapidbus_kl
1002967,1002966,U1730,25,rapidbus_kl
1002966,1001781,U1730,91,rapidbus_kl
1001781,1001469,U1730,143,rapidbus_kl
1001469,1003983,U1730,56,rapidbus_kl
1003983,1001991,U1730,77,rapidbus_kl
1001991,1001425,U1730,36,rapidbus_kl
1001425,1000240,U1730,46,rapidbus_kl
1000240,1003985,U1730,152,rapidbus_kl
1003985,1000241,U1730,145,rapidbus_kl
1000241,1001426,U1730,44,rapidbus_kl
1001426,1001496,U1730,42,rapidbus_kl
1001496,1003984,U1730,61,rapidbus_kl
1003984,1001470,U1730,69,rapidbus_kl
1001470,1003566,U1730,47,rapidbus_kl
1003566,1002449,U1730,57,rapidbus_kl
1002449,1001917,U1730,31,rapidbus_kl
1001917,1003261,U1730,72,rapidbus_kl
1003261,1001726,U1730,67,rapidbus_kl
1001726,1004264,U1730,107,rapidbus_kl
1004264,1002584,U1730,32,rapidbus_kl
1002584,1001636,U1730,22,rapidbus_kl
1001636,1001555,U1730,46,rapidbus_kl
1001555,1003331,U1730,22,rapidbus_kl
1003331,1002592,U1730,85,rapidbus_kl
1002592,1001892,U1730,45,rapidbus_kl
1001892,1001444,U1730,34,rapidbus_kl
1001444,1004263,U1730,33,rapidbus_kl
1004263,1002756,U1730,70,rapidbus_kl
1002756,1002019,U1730,34,rapidbus_kl
1002019,1001505,U1730,37,rapidbus_kl
1001505,1001506,U1730,39,rapidbus_kl
1001506,1004103,U1730,24,rapidbus_kl
1004103,1003009,U1730,48,rapidbus_kl
1003009,1004271,U1730,38,rapidbus_kl
1004271,1001591,U1730,52,rapidbus_kl
1001591,1003996,U1730,38,rapidbus_kl
1003996,1001945,U1730,56,rapidbus_kl
1001945,1002871,U1730,52,rapidbus_kl
1002871,1002874,U1730,56,rapidbus_kl
1002874,1003444,U1730,31,rapidbus_kl
1003444,1002613,U1730,112,rapidbus_kl
1002613,1002615,U1730,22,rapidbus_kl
1002615,1008365,U1730,66,rapidbus_kl
1008365,1003379,U1730,41,rapidbus_kl
1003379,1001966,U1730,27,rapidbus_kl
1001966,1000401,U1730,52,rapidbus_kl
1000401,1002536,U1730,47,rapidbus_kl
1002536,1002535,U1730,51,rapidbus_kl
1002535,1003386,U1730,53,rapidbus_kl
1003386,1002532,U1730,83,rapidbus_kl
1002532,1001414,U1730,47,rapidbus_kl
1001414,1003170,U1730,44,rapidbus_kl
1003170,1000949,U1730,36,rapidbus_kl
1000949,1002528,U1730,47,rapidbus_kl
1002528,1002414,U1730,72,rapidbus_kl
1002414,1000514,U1730,37,rapidbus_kl
1000514,1003247,U1730,58,rapidbus_kl
1003247,1000477,U1730,38,rapidbus_kl
1000477,1004169,U1730,46,rapidbus_kl
1004169,1002359,U1730,14,rapidbus_kl
1002359,1001629,U1730,55,rapidbus_kl
1001629,1000875,U1730,43,rapidbus_kl
1000875,1000502,U1730,113,rapidbus_kl
1000502,1000488,U1730,72,rapidbus_kl
1000488,1001183,U1730,41,rapidbus_kl
1001183,1000383,U1730,47,rapidbus_kl
1001170,1001810,U1800,139,rapidbus_kl
1001810,1000520,U1800,180,rapidbus_kl
1000520,1000533,U1800,93,rapidbus_kl
1000533,1001984,U1800,80,rapidbus_kl
1001984,1003299,U1800,37,rapidbus_kl
1003299,1002694,U1800,105,rapidbus_kl
1002694,1001418,U1800,51,rapidbus_kl
1001418,1002537,U1800,43,rapidbus_kl
1002537,1002415,U1800,39,rapidbus_kl
1002415,1002413,U1800,19,rapidbus_kl
1002413,1001329,U1800,87,rapidbus_kl
1001329,1000784,U1800,33,rapidbus_kl
1000784,1001523,U1800,44,rapidbus_kl
1001523,1003644,U1800,47,rapidbus_kl
1003644,1003167,U1800,79,rapidbus_kl
1003167,1003375,U1800,31,rapidbus_kl
1003375,1002170,U1800,65,rapidbus_kl
1002170,1000769,U1800,48,rapidbus_kl
1000769,1000637,U1800,44,rapidbus_kl
1000637,1002860,U1800,39,rapidbus_kl
1002860,1003788,U1800,68,rapidbus_kl
1003788,1002372,U1800,98,rapidbus_kl
1002372,1002791,U1800,31,rapidbus_kl
1002791,1003788,U1800,48,rapidbus_kl
1002791,1003035,U1800,83,rapidbus_kl
1003035,1000638,U1800,46,rapidbus_kl
1000638,1000770,U1800,57,rapidbus_kl
1000770,1002171,U1800,44,rapidbus_kl
1002171,1003168,U1800,122,rapidbus_kl
1003168,1003169,U1800,86,rapidbus_kl
1003169,1003515,U1800,63,rapidbus_kl
1003515,1008377,U1800,37,rapidbus_kl
1008377,1000573,U1800,31,rapidbus_kl
1000573,1001524,U1800,69,rapidbus_kl
1001524,1000785,U1800,39,rapidbus_kl
1000785,1002414,U1800,119,rapidbus_kl
1002414,1000514,U1800,57,rapidbus_kl
1000514,1003247,U1800,88,rapidbus_kl
1003247,1000477,U1800,57,rapidbus_kl
1000477,1004169,U1800,61,rapidbus_kl
1004169,1002359,U1800,30,rapidbus_kl
1002359,1001629,U1800,82,rapidbus_kl
1001629,1000875,U1800,66,rapidbus_kl
1000875,1000502,U1800,48,rapidbus_kl
1000502,1000488,U1800,110,rapidbus_kl
1000488,1001183,U1800,55,rapidbus_kl
1001183,1001673,U1800,58,rapidbus_kl
1001673,1001170,U1800,49,rapidbus_kl
1001810,1000533,U1900,140,rapidbus_kl
1000533,1001984,U1900,89,rapidbus_kl
1001984,1003299,U1900,41,rapidbus_kl
1003299,1003257,U1900,61,rapidbus_kl
1003257,1002694,U1900,58,rapidbus_kl
1002694,1001418,U1900,56,rapidbus_kl
1001418,1002537,U1900,48,rapidbus_kl
1002537,1002415,U1900,44,rapidbus_kl
1002415,1002413,U1900,21,rapidbus_kl
1002413,1002022,U1900,99,rapidbus_kl
1002022,1001710,U1900,67,rapidbus_kl
1001710,1002041,U1900,67,rapidbus_kl
1002041,1002529,U1900,69,rapidbus_kl
1002529,1002017,U1900,294,rapidbus_kl
1002017,1000827,U1900,63,rapidbus_kl
1000827,1004283,U1900,43,rapidbus_kl
1004283,1001358,U1900,88,rapidbus_kl
1001358,1003191,U1900,53,rapidbus_kl
1003191,1001688,U1900,95,rapidbus_kl
1001688,1001582,U1900,108,rapidbus_kl
1001582,1003732,U1900,73,rapidbus_kl
1003732,1001192,U1900,38,rapidbus_kl
1001192,1001884,U1900,107,rapidbus_kl
1001884,1001021,U1900,67,rapidbus_kl
1001021,1001475,U1900,39,rapidbus_kl
1001475,1001120,U1900,71,rapidbus_kl
1001120,1002061,U1900,49,rapidbus_kl
1002061,1003109,U1900,57,rapidbus_kl
1003109,1003528,U1900,80,rapidbus_kl
1003528,1007470,U1900,95,rapidbus_kl
1007470,1007112,U1900,50,rapidbus_kl
1007112,1002059,U1900,70,rapidbus_kl
1002059,1003527,U1900,98,rapidbus_kl
1003527,1003108,U1900,34,rapidbus_kl
1003108,1000466,U1900,42,rapidbus_kl
1000466,1001119,U1900,47,rapidbus_kl
1001119,1002052,U1900,49,rapidbus_kl
1002052,1001020,U1900,57,rapidbus_kl
1001020,1001883,U1900,53,rapidbus_kl
1001883,1002996,U1900,27,rapidbus_kl
1002996,1003266,U1900,98,rapidbus_kl
1003266,1003731,U1900,46,rapidbus_kl
1003731,1002102,U1900,75,rapidbus_kl
1002102,1001687,U1900,104,rapidbus_kl
1001687,1003650,U1900,107,rapidbus_kl
1003650,1000293,U1900,45,rapidbus_kl
1000293,1003834,U1900,83,rapidbus_kl
1003834,1000826,U1900,41,rapidbus_kl
1000826,1004132,U1900,41,rapidbus_kl
1004132,1000828,U1900,44,rapidbus_kl
1000828,1002532,U1900,190,rapidbus_kl
1002532,1001414,U1900,69,rapidbus_kl
1001414,1003170,U1900,64,rapidbus_kl
1003170,1000949,U1900,53,rapidbus_kl
1000949,1002528,U1900,69,rapidbus_kl
1002528,1002414,U1900,103,rapidbus_kl
1002414,1000514,U1900,56,rapidbus_kl
1000514,1003247,U1900,84,rapidbus_kl
1003247,1000477,U1900,55,rapidbus_kl
1000477,1004169,U1900,67,rapidbus_kl
1004169,1002359,U1900,20,rapidbus_kl
1002359,1000875,U1900,142,rapidbus_kl
1000875,1000502,U1900,47,rapidbus_kl
1000502,1008256,U1900,66,rapidbus_kl
1008256,1000047,U1900,40,rapidbus_kl
1000047,1006277,U1900,46,rapidbus_kl
1006277,1000273,U1900,44,rapidbus_kl
1000273,1001810,U1900,94,rapidbus_kl
1003362,1001697,U2000,50,rapidbus_kl
1001697,1003117,U2000,43,rapidbus_kl
1003117,1003164,U2000,25,rapidbus_kl
1003164,1002869,U2000,49,rapidbus_kl
1002869,1001256,U2000,25,rapidbus_kl
1001256,1001456,U2000,28,rapidbus_kl
1001456,1000265,U2000,19,rapidbus_kl
1000265,1003639,U2000,27,rapidbus_kl
1003639,1003654,U2000,26,rapidbus_kl
1003654,1001949,U2000,44,rapidbus_kl
1001949,1000557,U2000,58,rapidbus_kl
1000557,1007550,U2000,24,rapidbus_kl
1007550,1003975,U2000,23,rapidbus_kl
1003975,1004218,U2000,39,rapidbus_kl
1004218,1001548,U2000,30,rapidbus_kl
1001548,1003449,U2000,35,rapidbus_kl
1003449,1000195,U2000,19,rapidbus_kl
1000195,1002518,U2000,20,rapidbus_kl
1002518,1000397,U2000,51,rapidbus_kl
1000397,1002599,U2000,39,rapidbus_kl
1002599,1003601,U2000,40,rapidbus_kl
1003601,1002261,U2000,34,rapidbus_kl
1002261,1003575,U2000,33,rapidbus_kl
1003575,1003512,U2000,19,rapidbus_kl
1003512,1001530,U2000,39,rapidbus_kl
1001530,1001592,U2000,19,rapidbus_kl
1001592,1003623,U2000,45,rapidbus_kl
1003623,1004182,U2000,25,rapidbus_kl
1004182,1000589,U2000,31,rapidbus_kl
1000589,1001281,U2000,149,rapidbus_kl
1001281,1000296,U2000,62,rapidbus_kl
1000296,1003561,U2000,48,rapidbus_kl
1003561,1002557,U2000,21,rapidbus_kl
1002557,1000916,U2000,95,rapidbus_kl
1000916,1002216,U2000,30,rapidbus_kl
1002216,1000477,U2000,58,rapidbus_kl
1000477,1004169,U2000,36,rapidbus_kl
1004169,1002359,U2000,12,rapidbus_kl
1002359,1001853,U2000,28,rapidbus_kl
1001853,1001629,U2000,20,rapidbus_kl
1001629,1003415,U2000,23,rapidbus_kl
1003415,1001984,U2000,22,rapidbus_kl
1001984,1003257,U2000,59,rapidbus_kl
1003257,1002694,U2000,39,rapidbus_kl
1002694,1001418,U2000,28,rapidbus_kl
1001418,1003247,U2000,37,rapidbus_kl
1003247,1000887,U2000,41,rapidbus_kl
1000887,1000915,U2000,34,rapidbus_kl
1000915,1003871,U2000,63,rapidbus_kl
1003871,1002217,U2000,19,rapidbus_kl
1002217,1003428,U2000,41,rapidbus_kl
1003428,1000822,U2000,53,rapidbus_kl
1000822,1001330,U2000,47,rapidbus_kl
1001330,1001362,U2000,89,rapidbus_kl
1001362,1003254,U2000,35,rapidbus_kl
1003254,1007549,U2000,22,rapidbus_kl
1007549,1001943,U2000,41,rapidbus_kl
1001943,1001324,U2000,23,rapidbus_kl
1001324,1003511,U2000,32,rapidbus_kl
1003511,1002260,U2000,47,rapidbus_kl
1002260,1001898,U2000,46,rapidbus_kl
1001898,1004244,U2000,31,rapidbus_kl
1004244,1000396,U2000,48,rapidbus_kl
1000396,1003636,U2000,50,rapidbus_kl
1003636,1001899,U2000,21,rapidbus_kl
1001899,1000558,U2000,38,rapidbus_kl
1000558,1004217,U2000,45,rapidbus_kl
1004217,1002973,U2000,34,rapidbus_kl
1002973,1000559,U2000,21,rapidbus_kl
1000559,1001948,U2000,19,rapidbus_kl
1001948,1008379,U2000,70,rapidbus_kl
1008379,1001638,U2000,25,rapidbus_kl
1001638,1003638,U2000,36,rapidbus_kl
1003638,1007512,U2000,33,rapidbus_kl
1007512,1007513,U2000,16,rapidbus_kl
1007513,1001255,U2000,39,rapidbus_kl
1001255,1003801,U2000,15,rapidbus_kl
1003801,1001457,U2000,55,rapidbus_kl
1001457,1003360,U2000,27,rapidbus_kl
1003360,1003118,U2000,16,rapidbus_kl
1003118,1001696,U2000,22,rapidbus_kl
1001696,1003361,U2000,55,rapidbus_kl
1003361,1007531,U2000,230,rapidbus_kl
1007531,1000414,U2000,214,rapidbus_kl
1000414,1000415,U2000,41,rapidbus_kl
1000415,1000408,U2000,15,rapidbus_kl
1000408,1000405,U2000,35,rapidbus_kl
1000405,1000409,U2000,69,rapidbus_kl
1000409,1000413,U2000,28,rapidbus_kl
1000413,1000411,U2000,26,rapidbus_kl
1000411,1000412,U2000,45,rapidbus_kl
1000412,1000972,U2000,114,rapidbus_kl
1000972,1003362,U2000,308,rapidbus_kl
1000383,1003683,U2020,76,rapidbus_kl
1003683,1000823,U2020,44,rapidbus_kl
1000823,1002560,U2020,30,rapidbus_kl
1002560,1003415,U2020,117,rapidbus_kl
1003415,1001984,U2020,41,rapidbus_kl
1001984,1003299,U2020,42,rapidbus_kl
1003299,1003257,U2020,61,rapidbus_kl
1003257,1002694,U2020,59,rapidbus_kl
1002694,1001418,U2020,43,rapidbus_kl
1001418,1003247,U2020,78,rapidbus_kl
1003247,1000887,U2020,96,rapidbus_kl
1000887,1000915,U2020,57,rapidbus_kl
1000915,1003871,U2020,125,rapidbus_kl
1003871,1003428,U2020,83,rapidbus_kl
1003428,1000822,U2020,92,rapidbus_kl
1000822,1001330,U2020,76,rapidbus_kl
1001330,1001362,U2020,165,rapidbus_kl
1001362,1003254,U2020,61,rapidbus_kl
1003254,1007549,U2020,50,rapidbus_kl
1007549,1001943,U2020,56,rapidbus_kl
1001943,1001324,U2020,41,rapidbus_kl
1001324,1003511,U2020,54,rapidbus_kl
1003511,1002260,U2020,81,rapidbus_kl
1002260,1001898,U2020,68,rapidbus_kl
1001898,1004244,U2020,62,rapidbus_kl
1004244,1000396,U2020,74,rapidbus_kl
1000396,1003636,U2020,95,rapidbus_kl
1003636,1001899,U2020,36,rapidbus_kl
1001899,1000558,U2020,66,rapidbus_kl
1000558,1004217,U2020,75,rapidbus_kl
1004217,1002973,U2020,59,rapidbus_kl
1002973,1000559,U2020,34,rapidbus_kl
1000559,1001948,U2020,33,rapidbus_kl
1001948,1001051,U2020,122,rapidbus_kl
1001051,1003974,U2020,72,rapidbus_kl
1003974,1000554,U2020,246,rapidbus_kl
1000554,1003881,U2020,56,rapidbus_kl
1003881,1000216,U2020,46,rapidbus_kl
1000216,1003500,U2020,83,rapidbus_kl
1003500,1002956,U2020,71,rapidbus_kl
1002956,1003377,U2020,71,rapidbus_kl
1003377,1001866,U2020,38,rapidbus_kl
1001866,1002583,U2020,57,rapidbus_kl
1002583,1001916,U2020,66,rapidbus_kl
1001916,1001950,U2020,68,rapidbus_kl
1001950,1003560,U2020,83,rapidbus_kl
1003560,1003796,U2020,61,rapidbus_kl
1003796,1003556,U2020,53,rapidbus_kl
1003556,1003779,U2020,52,rapidbus_kl
1003779,1003868,U2020,44,rapidbus_kl
1003868,1003743,U2020,61,rapidbus_kl
1003743,1002380,U2020,45,rapidbus_kl
1002380,1000895,U2020,44,rapidbus_kl
1000895,1000141,U2020,55,rapidbus_kl
1000141,1000880,U2020,69,rapidbus_kl
1000880,1002132,U2020,107,rapidbus_kl
1002132,1000881,U2020,143,rapidbus_kl
1000881,1002373,U2020,69,rapidbus_kl
1002373,1001532,U2020,60,rapidbus_kl
1001532,1003607,U2020,28,rapidbus_kl
1003607,1003754,U2020,25,rapidbus_kl
1003754,1006884,U2020,61,rapidbus_kl
1006884,1003862,U2020,64,rapidbus_kl
1003862,1003557,U2020,41,rapidbus_kl
1003557,1002447,U2020,39,rapidbus_kl
1002447,1003559,U2020,62,rapidbus_kl
1003559,1001951,U2020,94,rapidbus_kl
1001951,1003439,U2020,50,rapidbus_kl
1003439,1001585,U2020,74,rapidbus_kl
1001585,1001867,U2020,43,rapidbus_kl
1001867,1003376,U2020,45,rapidbus_kl
1003376,1002928,U2020,48,rapidbus_kl
1002928,1000217,U2020,79,rapidbus_kl
1000217,1002474,U2020,70,rapidbus_kl
1002474,1003882,U2020,45,rapidbus_kl
1003882,1000555,U2020,54,rapidbus_kl
1000555,1003973,U2020,219,rapidbus_kl
1003973,1001052,U2020,73,rapidbus_kl
1001052,1000557,U2020,94,rapidbus_kl
1000557,1003975,U2020,75,rapidbus_kl
1003975,1004218,U2020,61,rapidbus_kl
1004218,1001548,U2020,47,rapidbus_kl
1001548,1000195,U2020,86,rapidbus_kl
1000195,1002518,U2020,32,rapidbus_kl
1002518,1000397,U2020,81,rapidbus_kl
1000397,1002599,U2020,61,rapidbus_kl
1002599,1003601,U2020,63,rapidbus_kl
1003601,1002261,U2020,52,rapidbus_kl
1002261,1003575,U2020,49,rapidbus_kl
1003575,1003512,U2020,34,rapidbus_kl
1003512,1001530,U2020,58,rapidbus_kl
1001530,1001592,U2020,34,rapidbus_kl
1001592,1003623,U2020,71,rapidbus_kl
1003623,1004182,U2020,46,rapidbus_kl
1004182,1000589,U2020,43,rapidbus_kl
1000589,1001281,U2020,231,rapidbus_kl
1001281,1000296,U2020,102,rapidbus_kl
1000296,1003561,U2020,74,rapidbus_kl
1003561,1002557,U2020,33,rapidbus_kl
1002557,1000916,U2020,148,rapidbus_kl
1000916,1002216,U2020,46,rapidbus_kl
1002216,1000477,U2020,91,rapidbus_kl
1000477,1004169,U2020,57,rapidbus_kl
1004169,1002359,U2020,19,rapidbus_kl
1002359,1001629,U2020,74,rapidbus_kl
1001629,1000875,U2020,58,rapidbus_kl
1000875,1000502,U2020,44,rapidbus_kl
1000502,1000488,U2020,44,rapidbus_kl
1000488,1001183,U2020,47,rapidbus_kl
1001183,1000383,U2020,59,rapidbus_kl
1000383,1003683,U2200,87,rapidbus_kl
1003683,1000823,U2200,65,rapidbus_kl
1000823,1002560,U2200,62,rapidbus_kl
1002560,1003415,U2200,24,rapidbus_kl
1003415,1001984,U2200,40,rapidbus_kl
1001984,1003299,U2200,27,rapidbus_kl
1003299,1003257,U2200,80,rapidbus_kl
1003257,1002694,U2200,70,rapidbus_kl
1002694,1003247,U2200,62,rapidbus_kl
1003247,1002104,U2200,21,rapidbus_kl
1002104,1004138,U2200,54,rapidbus_kl
1004138,1003643,U2200,50,rapidbus_kl
1003643,1004274,U2200,125,rapidbus_kl
1004274,1002016,U2200,116,rapidbus_kl
1002016,1001999,U2200,115,rapidbus_kl
1001999,1002629,U2200,37,rapidbus_kl
1002629,1001869,U2200,108,rapidbus_kl
1001869,1002645,U2200,87,rapidbus_kl
1002645,1001197,U2200,37,rapidbus_kl
1001197,1002033,U2200,90,rapidbus_kl
1002033,1002338,U2200,57,rapidbus_kl
1002338,1006094,U2200,17,rapidbus_kl
1006094,1007519,U2200,23,rapidbus_kl
1007519,1003133,U2200,22,rapidbus_kl
1003133,1002279,U2200,25,rapidbus_kl
1002279,1001778,U2200,36,rapidbus_kl
1001778,1000577,U2200,65,rapidbus_kl
1000577,1000259,U2200,62,rapidbus_kl
1000259,1002887,U2200,69,rapidbus_kl
1002887,1000719,U2200,32,rapidbus_kl
1000719,1000698,U2200,40,rapidbus_kl
1000698,1003919,U2200,73,rapidbus_kl
1003919,1003062,U2200,73,rapidbus_kl
1003062,1003066,U2200,42,rapidbus_kl
1003066,1000869,U2200,44,rapidbus_kl
1000869,1003821,U2200,26,rapidbus_kl
1003821,1000800,U2200,68,rapidbus_kl
1000800,1000995,U2200,82,rapidbus_kl
1000995,1001761,U2200,41,rapidbus_kl
1001761,1004143,U2200,41,rapidbus_kl
1004143,1000529,U2200,53,rapidbus_kl
1000529,1000066,U2200,119,rapidbus_kl
1000066,1001882,U2200,37,rapidbus_kl
1001882,1003640,U2200,90,rapidbus_kl
1003640,1003184,U2200,42,rapidbus_kl
1003184,1004288,U2200,51,rapidbus_kl
1004288,1000430,U2200,29,rapidbus_kl
1000430,1003410,U2200,77,rapidbus_kl
1003410,1000663,U2200,41,rapidbus_kl
1000663,1003827,U2200,39,rapidbus_kl
1003827,1000852,U2200,33,rapidbus_kl
1000852,1001259,U2200,94,rapidbus_kl
1001259,1003663,U2200,58,rapidbus_kl
1003663,1007533,U2200,9,rapidbus_kl
1007533,1000664,U2200,27,rapidbus_kl
1000664,1007534,U2200,25,rapidbus_kl
1007534,1003472,U2200,96,rapidbus_kl
1003472,1003073,U2200,34,rapidbus_kl
1003073,1003885,U2200,34,rapidbus_kl
1003885,1004287,U2200,51,rapidbus_kl
1004287,1003139,U2200,49,rapidbus_kl
1003139,1001294,U2200,99,rapidbus_kl
1001294,1001343,U2200,42,rapidbus_kl
1001343,1000067,U2200,93,rapidbus_kl
1000067,1000530,U2200,54,rapidbus_kl
1000530,1004144,U2200,39,rapidbus_kl
1004144,1001090,U2200,28,rapidbus_kl
1001090,1000996,U2200,79,rapidbus_kl
1000996,1000801,U2200,57,rapidbus_kl
1000801,1000870,U2200,40,rapidbus_kl
1000870,1003067,U2200,44,rapidbus_kl
1003067,1003063,U2200,51,rapidbus_kl
1003063,1003918,U2200,26,rapidbus_kl
1003918,1000720,U2200,56,rapidbus_kl
1000720,1000260,U2200,130,rapidbus_kl
1000260,1001777,U2200,75,rapidbus_kl
1001777,1003520,U2200,34,rapidbus_kl
1003520,1000258,U2200,34,rapidbus_kl
1000258,1003762,U2200,69,rapidbus_kl
1003762,1001800,U2200,64,rapidbus_kl
1001800,1001878,U2200,74,rapidbus_kl
1001878,1003132,U2200,52,rapidbus_kl
1003132,1007520,U2200,33,rapidbus_kl
1007520,1001865,U2200,42,rapidbus_kl
1001865,1006095,U2200,31,rapidbus_kl
1006095,1001147,U2200,38,rapidbus_kl
1001147,1004191,U2200,49,rapidbus_kl
1004191,1000985,U2200,36,rapidbus_kl
1000985,1002628,U2200,46,rapidbus_kl
1002628,1003641,U2200,31,rapidbus_kl
1003641,1002484,U2200,75,rapidbus_kl
1002484,1004273,U2200,57,rapidbus_kl
1004273,1003642,U2200,57,rapidbus_kl
1003642,1000945,U2200,38,rapidbus_kl
1000945,1000946,U2200,34,rapidbus_kl
1000946,1000477,U2200,70,rapidbus_kl
1000477,1004169,U2200,78,rapidbus_kl
1004169,1002359,U2200,111,rapidbus_kl
1002359,1001629,U2200,152,rapidbus_kl
1001629,1000875,U2200,178,rapidbus_kl
1000875,1000502,U2200,73,rapidbus_kl
1000502,1000488,U2200,74,rapidbus_kl
1000488,1001183,U2200,28,rapidbus_kl
1001183,1000383,U2200,46,rapidbus_kl
1001259,1000355,U2220,39,rapidbus_kl
1000355,1002285,U2220,69,rapidbus_kl
1002285,1003835,U2220,55,rapidbus_kl
1003835,1003099,U2220,154,rapidbus_kl
1003099,1000498,U2220,71,rapidbus_kl
1000498,1006121,U2220,95,rapidbus_kl
1006121,1003410,U2220,62,rapidbus_kl
1003410,1002231,U2220,52,rapidbus_kl
1002231,1000663,U2220,56,rapidbus_kl
1000663,1007533,U2220,66,rapidbus_kl
1007533,1000664,U2220,40,rapidbus_kl
1000664,1007534,U2220,30,rapidbus_kl
1007534,1003472,U2220,35,rapidbus_kl
1003472,1003073,U2220,40,rapidbus_kl
1003073,1003885,U2220,34,rapidbus_kl
1003885,1000868,U2220,82,rapidbus_kl
1000868,1002463,U2220,88,rapidbus_kl
1002463,1003775,U2220,41,rapidbus_kl
1003775,1001835,U2220,193,rapidbus_kl
1001835,1000750,U2220,47,rapidbus_kl
1000750,1003848,U2220,193,rapidbus_kl
1003848,1001834,U2220,48,rapidbus_kl
1001834,1000551,U2220,25,rapidbus_kl
1000551,1006132,U2220,165,rapidbus_kl
1006132,1002462,U2220,35,rapidbus_kl
1002462,1001368,U2220,86,rapidbus_kl
1001368,1000430,U2220,92,rapidbus_kl
1000430,1006122,U2220,45,rapidbus_kl
1006122,1000543,U2220,31,rapidbus_kl
1000543,1000497,U2220,68,rapidbus_kl
1000497,1003098,U2220,92,rapidbus_kl
1003098,1003835,U2220,71,rapidbus_kl
1003835,1002734,U2220,107,rapidbus_kl
1002734,1003069,U2220,64,rapidbus_kl
1003069,1003663,U2220,79,rapidbus_kl
1003663,1003827,U2220,48,rapidbus_kl
1003827,1000852,U2220,55,rapidbus_kl
1000852,1001259,U2220,47,rapidbus_kl
1000383,1003683,U2500,64,rapidbus_kl
1003683,1000823,U2500,102,rapidbus_kl
1000823,1002560,U2500,47,rapidbus_kl
1002560,1003415,U2500,52,rapidbus_kl
1003415,1001984,U2500,28,rapidbus_kl
1001984,1003299,U2500,162,rapidbus_kl
1003299,1003257,U2500,18,rapidbus_kl
1003257,1002694,U2500,36,rapidbus_kl
1002694,1001418,U2500,18,rapidbus_kl
1001418,1003247,U2500,29,rapidbus_kl
1003247,1000887,U2500,89,rapidbus_kl
1000887,1000915,U2500,20,rapidbus_kl
1000915,1003871,U2500,26,rapidbus_kl
1003871,1003428,U2500,77,rapidbus_kl
1003428,1000822,U2500,64,rapidbus_kl
1000822,1001330,U2500,51,rapidbus_kl
1001330,1000507,U2500,51,rapidbus_kl
1000507,1003187,U2500,41,rapidbus_kl
1003187,1001417,U2500,55,rapidbus_kl
1001417,1002233,U2500,11,rapidbus_kl
1002233,1001335,U2500,21,rapidbus_kl
1001335,1000285,U2500,64,rapidbus_kl
1000285,1003849,U2500,51,rapidbus_kl
1003849,1007521,U2500,14,rapidbus_kl
1007521,1001199,U2500,12,rapidbus_kl
1001199,1001400,U2500,51,rapidbus_kl
1001400,1002545,U2500,154,rapidbus_kl
1002545,1003846,U2500,38,rapidbus_kl
1003846,1003489,U2500,30,rapidbus_kl
1003489,1008325,U2500,21,rapidbus_kl
1008325,1003848,U2500,77,rapidbus_kl
1003848,1001834,U2500,13,rapidbus_kl
1001834,1006268,U2500,38,rapidbus_kl
1006268,1002266,U2500,39,rapidbus_kl
1002266,1000349,U2500,38,rapidbus_kl
1000349,1000345,U2500,38,rapidbus_kl
1000345,1000344,U2500,26,rapidbus_kl
1000344,1000341,U2500,26,rapidbus_kl
1000341,1000330,U2500,38,rapidbus_kl
1000330,1001835,U2500,90,rapidbus_kl
1001835,1000750,U2500,53,rapidbus_kl
1000750,1006114,U2500,51,rapidbus_kl
1006114,1006115,U2500,10,rapidbus_kl
1006115,1006116,U2500,16,rapidbus_kl
1006116,1003847,U2500,9,rapidbus_kl
1003847,1006117,U2500,21,rapidbus_kl
1006117,1000423,U2500,303,rapidbus_kl
1000423,1002684,U2500,102,rapidbus_kl
1002684,1000983,U2500,43,rapidbus_kl
1000983,1002470,U2500,52,rapidbus_kl
1002470,1000286,U2500,67,rapidbus_kl
1000286,1002551,U2500,67,rapidbus_kl
1002551,1001057,U2500,30,rapidbus_kl
1001057,1001323,U2500,60,rapidbus_kl
1001323,1003186,U2500,46,rapidbus_kl
1003186,1001281,U2500,110,rapidbus_kl
1001281,1000296,U2500,109,rapidbus_kl
1000296,1003561,U2500,74,rapidbus_kl
1003561,1002557,U2500,27,rapidbus_kl
1002557,1000916,U2500,124,rapidbus_kl
1000916,1002216,U2500,51,rapidbus_kl
1002216,1000477,U2500,79,rapidbus_kl
1000477,1004169,U2500,66,rapidbus_kl
1004169,1002359,U2500,29,rapidbus_kl
1002359,1001853,U2500,32,rapidbus_kl
1001853,1001629,U2500,33,rapidbus_kl
1001629,1000875,U2500,56,rapidbus_kl
1000875,1000502,U2500,48,rapidbus_kl
1000502,1000488,U2500,61,rapidbus_kl
1000488,1001183,U2500,55,rapidbus_kl
1001183,1000383,U2500,36,rapidbus_kl
1001760,1002005,U2510,24,rapidbus_kl
1002005,1006751,U2510,34,rapidbus_kl
1006751,1006744,U2510,77,rapidbus_kl
1006744,1006742,U2510,36,rapidbus_kl
1006742,1006136,U2510,71,rapidbus_kl
1006136,1003206,U2510,23,rapidbus_kl
1003206,1003603,U2510,47,rapidbus_kl
1003603,1000458,U2510,21,rapidbus_kl
1000458,1006745,U2510,61,rapidbus_kl
1006745,1006746,U2510,22,rapidbus_kl
1006746,1001006,U2510,156,rapidbus_kl
1001006,1000751,U2510,28,rapidbus_kl
1000751,1003617,U2510,17,rapidbus_kl
1003617,1007540,U2510,15,rapidbus_kl
1007540,1000623,U2510,20,rapidbus_kl
1000623,1004238,U2510,40,rapidbus_kl
1004238,1002971,U2510,35,rapidbus_kl
1002971,1003858,U2510,30,rapidbus_kl
1003858,1008285,U2510,25,rapidbus_kl
1008285,1001121,U2510,20,rapidbus_kl
1001121,1000833,U2510,13,rapidbus_kl
1000833,1003112,U2510,41,rapidbus_kl
1003112,1003177,U2510,17,rapidbus_kl
1003177,1002630,U2510,19,rapidbus_kl
1002630,1001546,U2510,44,rapidbus_kl
1001546,1007525,U2510,17,rapidbus_kl
1007525,1000286,U2510,26,rapidbus_kl
1000286,1002551,U2510,51,rapidbus_kl
1002551,1001057,U2510,10,rapidbus_kl
1001057,1001323,U2510,34,rapidbus_kl
1001323,1003186,U2510,28,rapidbus_kl
1003186,1001281,U2510,61,rapidbus_kl
1001281,1000296,U2510,52,rapidbus_kl
1000296,1003561,U2510,39,rapidbus_kl
1003561,1002557,U2510,18,rapidbus_kl
1002557,1000916,U2510,80,rapidbus_kl
1000916,1002216,U2510,24,rapidbus_kl
1002216,1006278,U2510,43,rapidbus_kl
1006278,1003247,U2510,49,rapidbus_kl
1003247,1000887,U2510,36,rapidbus_kl
1000887,1000915,U2510,28,rapidbus_kl
1000915,1003871,U2510,52,rapidbus_kl
1003871,1002217,U2510,17,rapidbus_kl
1002217,1003428,U2510,33,rapidbus_kl
1003428,1000822,U2510,44,rapidbus_kl
1000822,1001330,U2510,39,rapidbus_kl
1001330,1000507,U2510,42,rapidbus_kl
1000507,1003187,U2510,18,rapidbus_kl
1003187,1001417,U2510,54,rapidbus_kl
1001417,1001335,U2510,28,rapidbus_kl
1001335,1007522,U2510,60,rapidbus_kl
1007522,1001544,U2510,24,rapidbus_kl
1001544,1003183,U2510,39,rapidbus_kl
1003183,1003178,U2510,24,rapidbus_kl
1003178,1003113,U2510,16,rapidbus_kl
1003113,1003851,U2510,35,rapidbus_kl
1003851,1000782,U2510,12,rapidbus_kl
1000782,1003850,U2510,27,rapidbus_kl
1003850,1002273,U2510,27,rapidbus_kl
1002273,1002972,U2510,27,rapidbus_kl
1002972,1004237,U2510,35,rapidbus_kl
1004237,1001006,U2510,46,rapidbus_kl
1003617,1000623,U2510,35,rapidbus_kl
1000623,1004212,U2510,139,rapidbus_kl
1004212,1000986,U2510,57,rapidbus_kl
1000986,1000459,U2510,30,rapidbus_kl
1000459,1000450,U2510,23,rapidbus_kl
1000450,1002626,U2510,36,rapidbus_kl
1002626,1003394,U2510,24,rapidbus_kl
1003394,1006739,U2510,62,rapidbus_kl
1006739,1006743,U2510,56,rapidbus_kl
1006743,1006752,U2510,74,rapidbus_kl
1006752,1001394,U2510,50,rapidbus_kl
1001394,1001278,U2510,43,rapidbus_kl
1001278,1001311,U2510,20,rapidbus_kl
1001311,1000995,U2510,29,rapidbus_kl
1000995,1001761,U2510,34,rapidbus_kl
1001761,1001760,U2510,12,rapidbus_kl
1001834,1000552,U2538,24,rapidbus_kl
1000552,1002462,U2538,38,rapidbus_kl
1002462,1001368,U2538,71,rapidbus_kl
1001368,1004287,U2538,58,rapidbus_kl
1004287,1003139,U2538,75,rapidbus_kl
1003139,1001294,U2538,24,rapidbus_kl
1001294,1001343,U2538,81,rapidbus_kl
1001343,1000067,U2538,27,rapidbus_kl
1000067,1000530,U2538,31,rapidbus_kl
1000530,1004144,U2538,231,rapidbus_kl
1004144,1002005,U2538,215,rapidbus_kl
1002005,1001394,U2538,43,rapidbus_kl
1001394,1001278,U2538,23,rapidbus_kl
1001278,1001311,U2538,17,rapidbus_kl
1001311,1000801,U2538,373,rapidbus_kl
1000801,1007523,U2538,39,rapidbus_kl
1007523,1000872,U2538,13,rapidbus_kl
1000872,1002656,U2538,83,rapidbus_kl
1002656,1001695,U2538,53,rapidbus_kl
1001695,1000085,U2538,53,rapidbus_kl
1000085,1000087,U2538,63,rapidbus_kl
1000087,1000084,U2538,22,rapidbus_kl
1000084,1000239,U2538,36,rapidbus_kl
1000239,1001694,U2538,36,rapidbus_kl
1001694,1002676,U2538,18,rapidbus_kl
1002676,1001044,U2538,70,rapidbus_kl
1001044,1000871,U2538,21,rapidbus_kl
1000871,1003821,U2538,25,rapidbus_kl
1003821,1000800,U2538,29,rapidbus_kl
1000800,1001279,U2538,25,rapidbus_kl
1001279,1001387,U2538,21,rapidbus_kl
1001387,1002006,U2538,17,rapidbus_kl
1002006,1004143,U2538,49,rapidbus_kl
1004143,1000529,U2538,34,rapidbus_kl
1000529,1000066,U2538,35,rapidbus_kl
1000066,1001882,U2538,43,rapidbus_kl
1001882,1003640,U2538,64,rapidbus_kl
1003640,1003184,U2538,21,rapidbus_kl
1003184,1004288,U2538,55,rapidbus_kl
1004288,1000868,U2538,32,rapidbus_kl
1000868,1001433,U2538,25,rapidbus_kl
1001433,1003413,U2538,22,rapidbus_kl
1003413,1001606,U2538,24,rapidbus_kl
1001606,1003958,U2538,22,rapidbus_kl
1003958,1003848,U2538,14,rapidbus_kl
1003848,1001834,U2538,43,rapidbus_kl
1000760,1002366,U2548,476,rapidbus_kl
1002366,1001772,U2548,32,rapidbus_kl
1001772,1003101,U2548,46,rapidbus_kl
1003101,1003733,U2548,44,rapidbus_kl
1003733,1003772,U2548,51,rapidbus_kl
1003772,1006125,U2548,40,rapidbus_kl
1006125,1003186,U2548,66,rapidbus_kl
1003186,1001281,U2548,62,rapidbus_kl
1001281,1000296,U2548,86,rapidbus_kl
1000296,1003561,U2548,28,rapidbus_kl
1003561,1002557,U2548,56,rapidbus_kl
1002557,1001829,U2548,37,rapidbus_kl
1001829,1002414,U2548,49,rapidbus_kl
1002414,1000514,U2548,84,rapidbus_kl
1000514,1003247,U2548,116,rapidbus_kl
1003247,1000887,U2548,48,rapidbus_kl
1000887,1000915,U2548,38,rapidbus_kl
1000915,1003871,U2548,77,rapidbus_kl
1003871,1003428,U2548,61,rapidbus_kl
1003428,1000822,U2548,97,rapidbus_kl
1000822,1001330,U2548,50,rapidbus_kl
1001330,1000507,U2548,87,rapidbus_kl
1000507,1003187,U2548,94,rapidbus_kl
1003187,1002839,U2548,47,rapidbus_kl
1002839,1003773,U2548,101,rapidbus_kl
1003773,1003100,U2548,60,rapidbus_kl
1003100,1006096,U2548,43,rapidbus_kl
1006096,1001773,U2548,46,rapidbus_kl
1001773,1002367,U2548,162,rapidbus_kl
1002367,1000759,U2548,39,rapidbus_kl
1000759,1000760,U2548,77,rapidbus_kl
1007445,1002526,U3000,22,rapidbus_kl
1002526,1001812,U3000,161,rapidbus_kl
1001812,1000964,U3000,258,rapidbus_kl
1000964,1000728,U3000,38,rapidbus_kl
1000728,1003691,U3000,55,rapidbus_kl
1003691,1001652,U3000,65,rapidbus_kl
1001652,1000922,U3000,46,rapidbus_kl
1000922,1003221,U3000,111,rapidbus_kl
1003221,1002689,U3000,71,rapidbus_kl
1002689,1001576,U3000,34,rapidbus_kl
1001576,1003034,U3000,41,rapidbus_kl
1003034,1004219,U3000,22,rapidbus_kl
1004219,1001558,U3000,41,rapidbus_kl
1001558,1001767,U3000,16,rapidbus_kl
1001767,1002705,U3000,30,rapidbus_kl
1002705,1003723,U3000,34,rapidbus_kl
1003723,1001316,U3000,29,rapidbus_kl
1001316,1002894,U3000,28,rapidbus_kl
1002894,1003282,U3000,45,rapidbus_kl
1003282,1006893,U3000,64,rapidbus_kl
1006893,1000966,U3000,35,rapidbus_kl
1000966,1008403,U3000,44,rapidbus_kl
1008403,1000447,U3000,56,rapidbus_kl
1000447,1003210,U3000,40,rapidbus_kl
1003210,1003147,U3000,40,rapidbus_kl
1003147,1001782,U3000,50,rapidbus_kl
1001782,1003932,U3000,85,rapidbus_kl
1003932,1008477,U3000,28,rapidbus_kl
1008477,1000084,U3000,36,rapidbus_kl
1000084,1002464,U3000,100,rapidbus_kl
1002464,1000540,U3000,37,rapidbus_kl
1000540,1000625,U3000,48,rapidbus_kl
1000625,1000888,U3000,16,rapidbus_kl
1000888,1002412,U3000,34,rapidbus_kl
1002412,1000918,U3000,78,rapidbus_kl
1000918,1002627,U3000,50,rapidbus_kl
1002627,1000492,U3000,109,rapidbus_kl
1000492,1002014,U3000,21,rapidbus_kl
1002014,1001518,U3000,53,rapidbus_kl
1001518,1000094,U3000,37,rapidbus_kl
1000094,1008252,U3000,24,rapidbus_kl
1008252,1002712,U3000,42,rapidbus_kl
1002712,1001798,U3000,36,rapidbus_kl
1001798,1002823,U3000,45,rapidbus_kl
1002823,1000049,U3000,21,rapidbus_kl
1000049,1001809,U3000,60,rapidbus_kl
1001809,1000383,U3000,31,rapidbus_kl
1000383,1003683,U3000,22,rapidbus_kl
1003683,1000823,U3000,19,rapidbus_kl
1000823,1002560,U3000,54,rapidbus_kl
1002560,1001637,U3000,29,rapidbus_kl
1001637,1001797,U3000,44,rapidbus_kl
1001797,1002711,U3000,52,rapidbus_kl
1002711,1001963,U3000,49,rapidbus_kl
1001963,1000542,U3000,42,rapidbus_kl
1000542,1000939,U3000,46,rapidbus_kl
1000939,1000082,U3000,96,rapidbus_kl
1000082,1002402,U3000,45,rapidbus_kl
1002402,1000947,U3000,34,rapidbus_kl
1000947,1002119,U3000,32,rapidbus_kl
1002119,1002834,U3000,60,rapidbus_kl
1002834,1003209,U3000,44,rapidbus_kl
1003209,1000284,U3000,67,rapidbus_kl
1000284,1002825,U3000,74,rapidbus_kl
1002825,1000083,U3000,50,rapidbus_kl
1000083,1000546,U3000,63,rapidbus_kl
1000546,1003933,U3000,45,rapidbus_kl
1003933,1001783,U3000,48,rapidbus_kl
1001783,1000602,U3000,55,rapidbus_kl
1000602,1000088,U3000,31,rapidbus_kl
1000088,1003505,U3000,83,rapidbus_kl
1003505,1006885,U3000,37,rapidbus_kl
1006885,1000967,U3000,83,rapidbus_kl
1000967,1001315,U3000,61,rapidbus_kl
1001315,1003724,U3000,64,rapidbus_kl
1003724,1008308,U3000,9,rapidbus_kl
1008308,1001768,U3000,11,rapidbus_kl
1001768,1001559,U3000,39,rapidbus_kl
1001559,1003509,U3000,19,rapidbus_kl
1003509,1003876,U3000,43,rapidbus_kl
1003876,1001577,U3000,29,rapidbus_kl
1001577,1000640,U3000,25,rapidbus_kl
1000640,1002688,U3000,62,rapidbus_kl
1002688,1003220,U3000,35,rapidbus_kl
1003220,1008069,U3000,85,rapidbus_kl
1008069,1001647,U3000,69,rapidbus_kl
1001647,1002320,U3000,81,rapidbus_kl
1002320,1008108,U3000,54,rapidbus_kl
1008108,1001813,U3000,153,rapidbus_kl
1001813,1007445,U3000,190,rapidbus_kl
1000968,1002414,U3020,113,rapidbus_kl
1002414,1000514,U3020,56,rapidbus_kl
1000514,1003247,U3020,78,rapidbus_kl
1003247,1002104,U3020,63,rapidbus_kl
1002104,1004138,U3020,114,rapidbus_kl
1004138,1003643,U3020,61,rapidbus_kl
1003643,1004274,U3020,47,rapidbus_kl
1004274,1002016,U3020,65,rapidbus_kl
1002016,1000758,U3020,101,rapidbus_kl
1000758,1004279,U3020,177,rapidbus_kl
1004279,1000492,U3020,106,rapidbus_kl
1000492,1002014,U3020,42,rapidbus_kl
1002014,1001518,U3020,86,rapidbus_kl
1001518,1000077,U3020,100,rapidbus_kl
1000077,1002764,U3020,71,rapidbus_kl
1002764,1000757,U3020,133,rapidbus_kl
1000757,1002484,U3020,102,rapidbus_kl
1002484,1004273,U3020,61,rapidbus_kl
1004273,1003642,U3020,48,rapidbus_kl
1003642,1000945,U3020,54,rapidbus_kl
1000945,1000946,U3020,130,rapidbus_kl
1000946,1000887,U3020,86,rapidbus_kl
1000887,1000915,U3020,51,rapidbus_kl
1000915,1000968,U3020,155,rapidbus_kl
1000971,1000717,U3030,26,rapidbus_kl
1000717,1003460,U3030,53,rapidbus_kl
1003460,1003466,U3030,39,rapidbus_kl
1003466,1003791,U3030,29,rapidbus_kl
1003791,1002743,U3030,21,rapidbus_kl
1002743,1003464,U3030,31,rapidbus_kl
1003464,1001763,U3030,24,rapidbus_kl
1001763,1003563,U3030,28,rapidbus_kl
1003563,1001283,U3030,35,rapidbus_kl
1001283,1001093,U3030,29,rapidbus_kl
1001093,1001254,U3030,48,rapidbus_kl
1001254,1003514,U3030,44,rapidbus_kl
1003514,1000447,U3030,40,rapidbus_kl
1000447,1003210,U3030,42,rapidbus_kl
1003210,1003147,U3030,40,rapidbus_kl
1003147,1001782,U3030,52,rapidbus_kl
1001782,1003932,U3030,86,rapidbus_kl
1003932,1008477,U3030,27,rapidbus_kl
1008477,1000084,U3030,39,rapidbus_kl
1000084,1002464,U3030,49,rapidbus_kl
1002464,1000540,U3030,37,rapidbus_kl
1000540,1000625,U3030,69,rapidbus_kl
1000625,1000888,U3030,64,rapidbus_kl
1000888,1002412,U3030,28,rapidbus_kl
1002412,1000918,U3030,23,rapidbus_kl
1000918,1002627,U3030,87,rapidbus_kl
1002627,1000492,U3030,46,rapidbus_kl
1000492,1002014,U3030,55,rapidbus_kl
1002014,1001518,U3030,37,rapidbus_kl
1001518,1000094,U3030,67,rapidbus_kl
1000094,1008252,U3030,13,rapidbus_kl
1008252,1002712,U3030,23,rapidbus_kl
1002712,1001798,U3030,48,rapidbus_kl
1001798,1002823,U3030,21,rapidbus_kl
1002823,1000049,U3030,21,rapidbus_kl
1000049,1001809,U3030,9,rapidbus_kl
1001809,1000383,U3030,9,rapidbus_kl
1000383,1003683,U3030,8,rapidbus_kl
1003683,1000823,U3030,3,rapidbus_kl
1000823,1002560,U3030,20,rapidbus_kl
1002560,1001637,U3030,53,rapidbus_kl
1001637,1001797,U3030,32,rapidbus_kl
1001797,1002711,U3030,44,rapidbus_kl
1002711,1001963,U3030,52,rapidbus_kl
1001963,1000542,U3030,53,rapidbus_kl
1000542,1000939,U3030,40,rapidbus_kl
1000939,1000082,U3030,49,rapidbus_kl
1000082,1002402,U3030,97,rapidbus_kl
1002402,1000947,U3030,48,rapidbus_kl
1000947,1002834,U3030,68,rapidbus_kl
1002834,1003209,U3030,62,rapidbus_kl
1003209,1000284,U3030,45,rapidbus_kl
1000284,1002825,U3030,69,rapidbus_kl
1002825,1000083,U3030,78,rapidbus_kl
1000083,1000546,U3030,65,rapidbus_kl
1000546,1003933,U3030,48,rapidbus_kl
1003933,1001783,U3030,46,rapidbus_kl
1001783,1000602,U3030,49,rapidbus_kl
1000602,1000088,U3030,50,rapidbus_kl
1000088,1008071,U3030,103,rapidbus_kl
1008071,1000853,U3030,43,rapidbus_kl
1000853,1001284,U3030,26,rapidbus_kl
1001284,1003562,U3030,40,rapidbus_kl
1003562,1001764,U3030,22,rapidbus_kl
1001764,1003837,U3030,33,rapidbus_kl
1003837,1002744,U3030,22,rapidbus_kl
1002744,1003792,U3030,27,rapidbus_kl
1003792,1003467,U3030,28,rapidbus_kl
1003467,1003463,U3030,58,rapidbus_kl
1003463,1000716,U3030,39,rapidbus_kl
1000716,1000971,U3030,41,rapidbus_kl
1008352,1002505,U4000,18,rapidbus_kl
1002505,1002841,U4000,36,rapidbus_kl
1002841,1003864,U4000,33,rapidbus_kl
1003864,1002840,U4000,53,rapidbus_kl
1002840,1003865,U4000,30,rapidbus_kl
1003865,1002842,U4000,26,rapidbus_kl
1002842,1000041,U4000,37,rapidbus_kl
1000041,1001702,U4000,12,rapidbus_kl
1001702,1008345,U4000,53,rapidbus_kl
1008345,1008346,U4000,24,rapidbus_kl
1008346,1008347,U4000,19,rapidbus_kl
1008347,1008349,U4000,30,rapidbus_kl
1008349,1002348,U4000,45,rapidbus_kl
1002348,1002655,U4000,19,rapidbus_kl
1002655,1002674,U4000,29,rapidbus_kl
1002674,1003805,U4000,19,rapidbus_kl
1003805,1003200,U4000,53,rapidbus_kl
1003200,1003595,U4000,15,rapidbus_kl
1003595,1001770,U4000,22,rapidbus_kl
1001770,1001759,U4000,16,rapidbus_kl
1001759,1000435,U4000,103,rapidbus_kl
1000435,1001747,U4000,17,rapidbus_kl
1001747,1001036,U4000,36,rapidbus_kl
1001036,1007150,U4000,115,rapidbus_kl
1007150,1000819,U4000,41,rapidbus_kl
1000819,1000783,U4000,53,rapidbus_kl
1000783,1003671,U4000,20,rapidbus_kl
1003671,1001808,U4000,33,rapidbus_kl
1001808,1001205,U4000,15,rapidbus_kl
1001205,1001526,U4000,27,rapidbus_kl
1001526,1001644,U4000,19,rapidbus_kl
1001644,1001069,U4000,16,rapidbus_kl
1001069,1002293,U4000,53,rapidbus_kl
1002293,1001846,U4000,31,rapidbus_kl
1001846,1000250,U4000,28,rapidbus_kl
1000250,1002054,U4000,77,rapidbus_kl
1002054,1002566,U4000,35,rapidbus_kl
1002566,1006729,U4000,28,rapidbus_kl
1006729,1000958,U4000,14,rapidbus_kl
1000958,1001998,U4000,28,rapidbus_kl
1001998,1008254,U4000,16,rapidbus_kl
1008254,1000076,U4000,10,rapidbus_kl
1000076,1004230,U4000,33,rapidbus_kl
1004230,1004247,U4000,14,rapidbus_kl
1004247,1001181,U4000,23,rapidbus_kl
1001181,1002081,U4000,26,rapidbus_kl
1002081,1000934,U4000,58,rapidbus_kl
1000934,1000953,U4000,12,rapidbus_kl
1000953,1003928,U4000,56,rapidbus_kl
1003928,1001847,U4000,20,rapidbus_kl
1001847,1002286,U4000,29,rapidbus_kl
1002286,1000855,U4000,44,rapidbus_kl
1000855,1001035,U4000,18,rapidbus_kl
1001035,1000666,U4000,16,rapidbus_kl
1000666,1008351,U4000,16,rapidbus_kl
1008351,1001206,U4000,25,rapidbus_kl
1001206,1007445,U4000,16,rapidbus_kl
1007445,1000276,U4000,34,rapidbus_kl
1000276,1002248,U4000,20,rapidbus_kl
1002248,1001723,U4000,54,rapidbus_kl
1001723,1003485,U4000,63,rapidbus_kl
1003485,1007156,U4000,99,rapidbus_kl
1007156,1001748,U4000,20,rapidbus_kl
1001748,1000438,U4000,28,rapidbus_kl
1000438,1002538,U4000,68,rapidbus_kl
1002538,1001749,U4000,28,rapidbus_kl
1001749,1000793,U4000,44,rapidbus_kl
1000793,1003201,U4000,18,rapidbus_kl
1003201,1001264,U4000,46,rapidbus_kl
1001264,1002717,U4000,20,rapidbus_kl
1002717,1004055,U4000,27,rapidbus_kl
1004055,1002633,U4000,30,rapidbus_kl
1002633,1003578,U4000,33,rapidbus_kl
1003578,1008348,U4000,35,rapidbus_kl
1008348,1004065,U4000,19,rapidbus_kl
1004065,1003634,U4000,20,rapidbus_kl
1003634,1002313,U4000,17,rapidbus_kl
1002313,1001703,U4000,19,rapidbus_kl
1001703,1008319,U4000,23,rapidbus_kl
1008319,1000705,U4000,13,rapidbus_kl
1000705,1002505,U4000,34,rapidbus_kl
1002842,1002786,U4000,14,rapidbus_kl
1002786,1007376,U4000,44,rapidbus_kl
1007376,1008352,U4000,141,rapidbus_kl
1000964,1000728,U4200,33,rapidbus_kl
1000728,1001651,U4200,86,rapidbus_kl
1001651,1000992,U4200,25,rapidbus_kl
1000992,1003749,U4200,17,rapidbus_kl
1003749,1000610,U4200,16,rapidbus_kl
1000610,1002238,U4200,37,rapidbus_kl
1002238,1000927,U4200,22,rapidbus_kl
1000927,1000189,U4200,22,rapidbus_kl
1000189,1003307,U4200,27,rapidbus_kl
1003307,1003351,U4200,25,rapidbus_kl
1003351,1003991,U4200,42,rapidbus_kl
1003991,1003057,U4200,24,rapidbus_kl
1003057,1000701,U4200,48,rapidbus_kl
1000701,1000234,U4200,30,rapidbus_kl
1000234,1003244,U4200,148,rapidbus_kl
1003244,1002586,U4200,25,rapidbus_kl
1002586,1000509,U4200,32,rapidbus_kl
1000509,1000465,U4200,61,rapidbus_kl
1000465,1008137,U4200,34,rapidbus_kl
1008137,1001302,U4200,30,rapidbus_kl
1001302,1002460,U4200,47,rapidbus_kl
1002460,1001700,U4200,50,rapidbus_kl
1001700,1007444,U4200,37,rapidbus_kl
1007444,1001307,U4200,57,rapidbus_kl
1001307,1000526,U4200,31,rapidbus_kl
1000526,1001846,U4200,36,rapidbus_kl
1001846,1000250,U4200,41,rapidbus_kl
1000250,1000527,U4200,28,rapidbus_kl
1000527,1001744,U4200,19,rapidbus_kl
1001744,1006729,U4200,21,rapidbus_kl
1006729,1000958,U4200,55,rapidbus_kl
1000958,1001998,U4200,32,rapidbus_kl
1001998,1008254,U4200,30,rapidbus_kl
1008254,1000076,U4200,28,rapidbus_kl
1000076,1004230,U4200,42,rapidbus_kl
1004230,1004247,U4200,20,rapidbus_kl
1004247,1002519,U4200,26,rapidbus_kl
1002519,1002011,U4200,21,rapidbus_kl
1002011,1000934,U4200,58,rapidbus_kl
1000934,1000953,U4200,15,rapidbus_kl
1000953,1003928,U4200,64,rapidbus_kl
1003928,1001847,U4200,45,rapidbus_kl
1001847,1002287,U4200,49,rapidbus_kl
1002287,1001306,U4200,20,rapidbus_kl
1001306,1003344,U4200,59,rapidbus_kl
1003344,1001379,U4200,37,rapidbus_kl
1001379,1003879,U4200,51,rapidbus_kl
1003879,1001968,U4200,31,rapidbus_kl
1001968,1001607,U4200,16,rapidbus_kl
1001607,1008138,U4200,25,rapidbus_kl
1008138,1008136,U4200,25,rapidbus_kl
1008136,1000464,U4200,23,rapidbus_kl
1000464,1003839,U4200,41,rapidbus_kl
1003839,1001263,U4200,38,rapidbus_kl
1001263,1000702,U4200,173,rapidbus_kl
1000702,1003990,U4200,118,rapidbus_kl
1003990,1003350,U4200,25,rapidbus_kl
1003350,1003306,U4200,28,rapidbus_kl
1003306,1003689,U4200,50,rapidbus_kl
1003689,1001962,U4200,19,rapidbus_kl
1001962,1002821,U4200,15,rapidbus_kl
1002821,1000110,U4200,26,rapidbus_kl
1000110,1003811,U4200,21,rapidbus_kl
1003811,1000636,U4200,57,rapidbus_kl
1000636,1002320,U4200,25,rapidbus_kl
1002320,1000354,U4200,37,rapidbus_kl
1000354,1000134,U4200,95,rapidbus_kl
1000134,1000129,U4200,33,rapidbus_kl
1000129,1003522,U4200,25,rapidbus_kl
1003522,1000704,U4200,36,rapidbus_kl
1000704,1000964,U4200,215,rapidbus_kl
1000970,1003907,U4210,49,rapidbus_kl
1003907,1004129,U4210,45,rapidbus_kl
1004129,1000859,U4210,59,rapidbus_kl
1000859,1001646,U4210,95,rapidbus_kl
1001646,1003219,U4210,76,rapidbus_kl
1003219,1001535,U4210,47,rapidbus_kl
1001535,1001876,U4210,54,rapidbus_kl
1001876,1002035,U4210,65,rapidbus_kl
1002035,1000565,U4210,88,rapidbus_kl
1000565,1002281,U4210,42,rapidbus_kl
1002281,1001880,U4210,73,rapidbus_kl
1001880,1001868,U4210,51,rapidbus_kl
1001868,1002774,U4210,47,rapidbus_kl
1002774,1001273,U4210,25,rapidbus_kl
1001273,1001557,U4210,84,rapidbus_kl
1001557,1000018,U4210,61,rapidbus_kl
1000018,1002472,U4210,97,rapidbus_kl
1002472,1003107,U4210,37,rapidbus_kl
1003107,1001721,U4210,74,rapidbus_kl
1001721,1000360,U4210,76,rapidbus_kl
1000360,1002491,U4210,269,rapidbus_kl
1002491,1001307,U4210,85,rapidbus_kl
1001307,1000526,U4210,61,rapidbus_kl
1000526,1001846,U4210,101,rapidbus_kl
1001846,1000250,U4210,100,rapidbus_kl
1000250,1006729,U4210,166,rapidbus_kl
1006729,1000958,U4210,157,rapidbus_kl
1000958,1001998,U4210,103,rapidbus_kl
1001998,1000076,U4210,49,rapidbus_kl
1000076,1004230,U4210,148,rapidbus_kl
1004230,1004247,U4210,49,rapidbus_kl
1004247,1002011,U4210,113,rapidbus_kl
1002011,1000934,U4210,143,rapidbus_kl
1000934,1000953,U4210,35,rapidbus_kl
1000953,1003928,U4210,158,rapidbus_kl
1003928,1001847,U4210,109,rapidbus_kl
1001847,1002287,U4210,118,rapidbus_kl
1002287,1001306,U4210,51,rapidbus_kl
1001306,1000128,U4210,102,rapidbus_kl
1000128,1000359,U4210,100,rapidbus_kl
1000359,1001720,U4210,146,rapidbus_kl
1001720,1003106,U4210,58,rapidbus_kl
1003106,1000712,U4210,128,rapidbus_kl
1000712,1000713,U4210,99,rapidbus_kl
1000713,1002087,U4210,95,rapidbus_kl
1002087,1001881,U4210,63,rapidbus_kl
1001881,1002280,U4210,39,rapidbus_kl
1002280,1007639,U4210,36,rapidbus_kl
1007639,1000564,U4210,46,rapidbus_kl
1000564,1001291,U4210,107,rapidbus_kl
1001291,1001877,U4210,52,rapidbus_kl
1001877,1001534,U4210,38,rapidbus_kl
1001534,1002205,U4210,59,rapidbus_kl
1002205,1000541,U4210,72,rapidbus_kl
1000541,1003838,U4210,25,rapidbus_kl
1003838,1001527,U4210,50,rapidbus_kl
1001527,1004130,U4210,82,rapidbus_kl
1004130,1003908,U4210,46,rapidbus_kl
1003908,1000970,U4210,97,rapidbus_kl
1002081,1000934,U4500,80,rapidbus_kl
1000934,1000953,U4500,108,rapidbus_kl
1000953,1003928,U4500,91,rapidbus_kl
1003928,1001847,U4500,64,rapidbus_kl
1001847,1002287,U4500,55,rapidbus_kl
1002287,1001306,U4500,37,rapidbus_kl
1001306,1004241,U4500,30,rapidbus_kl
1004241,1000855,U4500,20,rapidbus_kl
1000855,1001035,U4500,35,rapidbus_kl
1001035,1000666,U4500,32,rapidbus_kl
1000666,1001206,U4500,80,rapidbus_kl
1001206,1000276,U4500,99,rapidbus_kl
1000276,1002248,U4500,35,rapidbus_kl
1002248,1001723,U4500,111,rapidbus_kl
1001723,1003485,U4500,125,rapidbus_kl
1003485,1007156,U4500,181,rapidbus_kl
1007156,1001748,U4500,47,rapidbus_kl
1001748,1000438,U4500,55,rapidbus_kl
1000438,1002520,U4500,201,rapidbus_kl
1002520,1002523,U4500,94,rapidbus_kl
1002523,1002809,U4500,209,rapidbus_kl
1002809,1003288,U4500,25,rapidbus_kl
1003288,1000193,U4500,36,rapidbus_kl
1000193,1003631,U4500,50,rapidbus_kl
1003631,1003597,U4500,68,rapidbus_kl
1003597,1001495,U4500,30,rapidbus_kl
1001495,1001905,U4500,56,rapidbus_kl
1001905,1003532,U4500,180,rapidbus_kl
1003532,1002659,U4500,147,rapidbus_kl
1002659,1003544,U4500,49,rapidbus_kl
1003544,1002399,U4500,95,rapidbus_kl
1002399,1000461,U4500,47,rapidbus_kl
1000461,1000614,U4500,50,rapidbus_kl
1000614,1002083,U4500,19,rapidbus_kl
1002083,1003764,U4500,43,rapidbus_kl
1003764,1003226,U4500,82,rapidbus_kl
1003226,1003763,U4500,56,rapidbus_kl
1003763,1002836,U4500,84,rapidbus_kl
1002836,1003391,U4500,41,rapidbus_kl
1003391,1001622,U4500,124,rapidbus_kl
1001622,1000924,U4500,57,rapidbus_kl
1000924,1004231,U4500,51,rapidbus_kl
1004231,1000890,U4500,99,rapidbus_kl
1000890,1007267,U4500,44,rapidbus_kl
1007267,1001332,U4500,33,rapidbus_kl
1001332,1001571,U4500,33,rapidbus_kl
1001571,1008354,U4500,45,rapidbus_kl
1008354,1003759,U4500,60,rapidbus_kl
1003759,1003225,U4500,107,rapidbus_kl
1003225,1002572,U4500,57,rapidbus_kl
1002572,1003903,U4500,83,rapidbus_kl
1003903,1002571,U4500,79,rapidbus_kl
1002571,1003224,U4500,48,rapidbus_kl
1003224,1002709,U4500,51,rapidbus_kl
1002709,1003760,U4500,45,rapidbus_kl
1003760,1001570,U4500,47,rapidbus_kl
1001570,1001569,U4500,70,rapidbus_kl
1001569,1001331,U4500,24,rapidbus_kl
1001331,1001713,U4500,35,rapidbus_kl
1001713,1000889,U4500,32,rapidbus_kl
1000889,1001975,U4500,99,rapidbus_kl
1001975,1007233,U4500,66,rapidbus_kl
1007233,1001621,U4500,71,rapidbus_kl
1001621,1002114,U4500,59,rapidbus_kl
1002114,1003390,U4500,68,rapidbus_kl
1003390,1002835,U4500,29,rapidbus_kl
1002835,1004131,U4500,57,rapidbus_kl
1004131,1003427,U4500,81,rapidbus_kl
1003427,1001947,U4500,62,rapidbus_kl
1001947,1002082,U4500,50,rapidbus_kl
1002082,1001290,U4500,77,rapidbus_kl
1001290,1003429,U4500,148,rapidbus_kl
1003429,1003531,U4500,99,rapidbus_kl
1003531,1003442,U4500,124,rapidbus_kl
1003442,1003930,U4500,108,rapidbus_kl
1003930,1001494,U4500,49,rapidbus_kl
1001494,1003596,U4500,38,rapidbus_kl
1003596,1003141,U4500,37,rapidbus_kl
1003141,1000194,U4500,56,rapidbus_kl
1000194,1003289,U4500,27,rapidbus_kl
1003289,1000400,U4500,35,rapidbus_kl
1000400,1004122,U4500,147,rapidbus_kl
1004122,1002525,U4500,68,rapidbus_kl
1002525,1000435,U4500,272,rapidbus_kl
1000435,1001747,U4500,34,rapidbus_kl
1001747,1007150,U4500,249,rapidbus_kl
1007150,1000819,U4500,109,rapidbus_kl
1000819,1000783,U4500,97,rapidbus_kl
1000783,1003671,U4500,37,rapidbus_kl
1003671,1001808,U4500,63,rapidbus_kl
1001808,1001205,U4500,28,rapidbus_kl
1001205,1001526,U4500,56,rapidbus_kl
1001526,1001644,U4500,35,rapidbus_kl
1001644,1001069,U4500,30,rapidbus_kl
1001069,1004120,U4500,44,rapidbus_kl
1004120,1001307,U4500,54,rapidbus_kl
1001307,1001846,U4500,58,rapidbus_kl
1001846,1000250,U4500,56,rapidbus_kl
1000250,1000948,U4500,98,rapidbus_kl
1000948,1002080,U4500,116,rapidbus_kl
1002080,1002081,U4500,78,rapidbus_kl
1005441,1005442,U5410,66,rapidbus_kl
1005442,1005443,U5410,40,rapidbus_kl
1005443,1003898,U5410,50,rapidbus_kl
1003898,1005445,U5410,92,rapidbus_kl
1005445,1006166,U5410,131,rapidbus_kl
1006166,1006139,U5410,52,rapidbus_kl
1006139,1006265,U5410,56,rapidbus_kl
1006265,1005448,U5410,133,rapidbus_kl
1005448,1005449,U5410,37,rapidbus_kl
1005449,1006148,U5410,91,rapidbus_kl
1006148,1005451,U5410,31,rapidbus_kl
1005451,1005452,U5410,60,rapidbus_kl
1005452,1005453,U5410,74,rapidbus_kl
1005453,1002146,U5410,234,rapidbus_kl
1002146,1003262,U5410,94,rapidbus_kl
1003262,1001994,U5410,36,rapidbus_kl
1001994,1001848,U5410,58,rapidbus_kl
1001848,1000906,U5410,38,rapidbus_kl
1000906,1000878,U5410,42,rapidbus_kl
1000878,1008501,U5410,76,rapidbus_kl
1008501,1008500,U5410,62,rapidbus_kl
1008500,1006167,U5410,158,rapidbus_kl
1006167,1002467,U5410,81,rapidbus_kl
1002467,1006146,U5410,64,rapidbus_kl
1006146,1008502,U5410,110,rapidbus_kl
1008502,1000879,U5410,50,rapidbus_kl
1000879,1000907,U5410,56,rapidbus_kl
1000907,1001849,U5410,42,rapidbus_kl
1001849,1001995,U5410,28,rapidbus_kl
1001995,1003263,U5410,80,rapidbus_kl
1003263,1002145,U5410,254,rapidbus_kl
1002145,1005461,U5410,46,rapidbus_kl
1005461,1005462,U5410,52,rapidbus_kl
1005462,1005463,U5410,52,rapidbus_kl
1005463,1005464,U5410,57,rapidbus_kl
1005464,1005465,U5410,64,rapidbus_kl
1005465,1005466,U5410,100,rapidbus_kl
1005466,1006141,U5410,45,rapidbus_kl
1006141,1006166,U5410,201,rapidbus_kl
1006139,1005469,U5410,110,rapidbus_kl
1005469,1006269,U5410,48,rapidbus_kl
1006269,1000208,U5410,38,rapidbus_kl
1000208,1001032,U5410,152,rapidbus_kl
1001032,1005441,U5410,70,rapidbus_kl
1003895,1002974,U5800,32,rapidbus_kl
1002974,1003295,U5800,25,rapidbus_kl
1003295,1001665,U5800,27,rapidbus_kl
1001665,1002715,U5800,34,rapidbus_kl
1002715,1000274,U5800,30,rapidbus_kl
1000274,1001664,U5800,35,rapidbus_kl
1001664,1000569,U5800,33,rapidbus_kl
1000569,1001004,U5800,30,rapidbus_kl
1001004,1002844,U5800,14,rapidbus_kl
1002844,1002303,U5800,36,rapidbus_kl
1002303,1002267,U5800,26,rapidbus_kl
1002267,1002904,U5800,34,rapidbus_kl
1002904,1000196,U5800,19,rapidbus_kl
1000196,1001549,U5800,25,rapidbus_kl
1001549,1000645,U5800,36,rapidbus_kl
1000645,1001059,U5800,23,rapidbus_kl
1001059,1000211,U5800,200,rapidbus_kl
1000211,1001816,U5800,42,rapidbus_kl
1001816,1003278,U5800,47,rapidbus_kl
1003278,1000391,U5800,59,rapidbus_kl
1000391,1003481,U5800,122,rapidbus_kl
1003481,1001965,U5800,39,rapidbus_kl
1001965,1002293,U5800,127,rapidbus_kl
1002293,1001846,U5800,36,rapidbus_kl
1001846,1000250,U5800,45,rapidbus_kl
1000250,1006729,U5800,195,rapidbus_kl
1006729,1000958,U5800,21,rapidbus_kl
1000958,1001998,U5800,42,rapidbus_kl
1001998,1000076,U5800,38,rapidbus_kl
1000076,1004230,U5800,47,rapidbus_kl
1004230,1004247,U5800,21,rapidbus_kl
1004247,1002519,U5800,32,rapidbus_kl
1002519,1001673,U5800,21,rapidbus_kl
1001673,1004342,U5800,28,rapidbus_kl
1004342,1001672,U5800,27,rapidbus_kl
1001672,1000934,U5800,40,rapidbus_kl
1000934,1000953,U5800,23,rapidbus_kl
1000953,1003928,U5800,68,rapidbus_kl
1003928,1001847,U5800,50,rapidbus_kl
1001847,1002286,U5800,41,rapidbus_kl
1002286,1005158,U5800,47,rapidbus_kl
1005158,1003455,U5800,87,rapidbus_kl
1003455,1003480,U5800,15,rapidbus_kl
1003480,1005167,U5800,107,rapidbus_kl
1005167,1000390,U5800,55,rapidbus_kl
1000390,1002707,U5800,45,rapidbus_kl
1002707,1002710,U5800,34,rapidbus_kl
1002710,1001041,U5800,50,rapidbus_kl
1001041,1001061,U5800,44,rapidbus_kl
1001061,1001550,U5800,58,rapidbus_kl
1001550,1000197,U5800,23,rapidbus_kl
1000197,1002902,U5800,17,rapidbus_kl
1002902,1002257,U5800,28,rapidbus_kl
1002257,1002304,U5800,35,rapidbus_kl
1002304,1001485,U5800,38,rapidbus_kl
1001485,1005240,U5800,14,rapidbus_kl
1005240,1005241,U5800,32,rapidbus_kl
1005241,1001640,U5800,30,rapidbus_kl
1001640,1000275,U5800,35,rapidbus_kl
1000275,1002716,U5800,30,rapidbus_kl
1002716,1001666,U5800,37,rapidbus_kl
1001666,1001911,U5800,21,rapidbus_kl
1001911,1002977,U5800,26,rapidbus_kl
1002977,1003895,U5800,222,rapidbus_kl
1007457,1002602,U5810,271,rapidbus_kl
1002602,1001056,U5810,230,rapidbus_kl
1001056,1002140,U5810,55,rapidbus_kl
1002140,1007507,U5810,129,rapidbus_kl
1007507,1003058,U5810,75,rapidbus_kl
1003058,1003054,U5810,135,rapidbus_kl
1003054,1000894,U5810,65,rapidbus_kl
1000894,1007508,U5810,96,rapidbus_kl
1007508,1000320,U5810,105,rapidbus_kl
1000320,1003309,U5810,229,rapidbus_kl
1003309,1007509,U5810,274,rapidbus_kl
1007509,1003896,U5810,97,rapidbus_kl
1003896,1002631,U5810,85,rapidbus_kl
1002631,1001076,U5810,65,rapidbus_kl
1001076,1003017,U5810,113,rapidbus_kl
1003017,1001662,U5810,80,rapidbus_kl
1001662,1007457,U5810,296,rapidbus_kl
1004189,1003231,U5900,35,rapidbus_kl
1003231,1004039,U5900,63,rapidbus_kl
1004039,1001724,U5900,16,rapidbus_kl
1001724,1004196,U5900,38,rapidbus_kl
1004196,1002368,U5900,75,rapidbus_kl
1002368,1002105,U5900,32,rapidbus_kl
1002105,1003253,U5900,18,rapidbus_kl
1003253,1001063,U5900,28,rapidbus_kl
1001063,1003441,U5900,18,rapidbus_kl
1003441,1001499,U5900,51,rapidbus_kl
1001499,1003450,U5900,32,rapidbus_kl
1003450,1001050,U5900,12,rapidbus_kl
1001050,1003053,U5900,22,rapidbus_kl
1003053,1000489,U5900,35,rapidbus_kl
1000489,1003241,U5900,32,rapidbus_kl
1003241,1004066,U5900,11,rapidbus_kl
1004066,1004260,U5900,22,rapidbus_kl
1004260,1003332,U5900,53,rapidbus_kl
1003332,1003923,U5900,18,rapidbus_kl
1003923,1001689,U5900,51,rapidbus_kl
1001689,1001690,U5900,61,rapidbus_kl
1001690,1004041,U5900,299,rapidbus_kl
1004041,1003961,U5900,25,rapidbus_kl
1003961,1000264,U5900,23,rapidbus_kl
1000264,1001441,U5900,28,rapidbus_kl
1001441,1003574,U5900,33,rapidbus_kl
1003574,1004146,U5900,23,rapidbus_kl
1004146,1001055,U5900,41,rapidbus_kl
1001055,1000051,U5900,22,rapidbus_kl
1000051,1000278,U5900,16,rapidbus_kl
1000278,1000645,U5900,33,rapidbus_kl
1000645,1001059,U5900,16,rapidbus_kl
1001059,1003278,U5900,82,rapidbus_kl
1003278,1000391,U5900,38,rapidbus_kl
1000391,1004193,U5900,112,rapidbus_kl
1004193,1001492,U5900,14,rapidbus_kl
1001492,1002521,U5900,16,rapidbus_kl
1002521,1002408,U5900,19,rapidbus_kl
1002408,1001794,U5900,28,rapidbus_kl
1001794,1002293,U5900,43,rapidbus_kl
1002293,1001846,U5900,25,rapidbus_kl
1001846,1000250,U5900,25,rapidbus_kl
1000250,1000948,U5900,44,rapidbus_kl
1000948,1001673,U5900,51,rapidbus_kl
1001673,1004342,U5900,112,rapidbus_kl
1004342,1001672,U5900,27,rapidbus_kl
1001672,1000934,U5900,45,rapidbus_kl
1000934,1000953,U5900,8,rapidbus_kl
1000953,1003928,U5900,39,rapidbus_kl
1003928,1001847,U5900,27,rapidbus_kl
1001847,1002286,U5900,23,rapidbus_kl
1002286,1001795,U5900,51,rapidbus_kl
1001795,1000504,U5900,28,rapidbus_kl
1000504,1002115,U5900,16,rapidbus_kl
1002115,1002066,U5900,14,rapidbus_kl
1002066,1004194,U5900,16,rapidbus_kl
1004194,1000390,U5900,50,rapidbus_kl
1000390,1002707,U5900,33,rapidbus_kl
1002707,1001061,U5900,86,rapidbus_kl
1001061,1001092,U5900,31,rapidbus_kl
1001092,1002573,U5900,26,rapidbus_kl
1002573,1001158,U5900,46,rapidbus_kl
1001158,1001442,U5900,73,rapidbus_kl
1001442,1003962,U5900,63,rapidbus_kl
1003962,1004040,U5900,16,rapidbus_kl
1004040,1002832,U5900,95,rapidbus_kl
1002832,1000180,U5900,91,rapidbus_kl
1000180,1001689,U5900,109,rapidbus_kl
1001690,1003922,U5900,92,rapidbus_kl
1003922,1002515,U5900,27,rapidbus_kl
1002515,1004053,U5900,22,rapidbus_kl
1004053,1004259,U5900,28,rapidbus_kl
1004259,1003939,U5900,15,rapidbus_kl
1003939,1001480,U5900,40,rapidbus_kl
1001480,1001420,U5900,72,rapidbus_kl
1001420,1000247,U5900,46,rapidbus_kl
1000247,1001214,U5900,64,rapidbus_kl
1001214,1002361,U5900,45,rapidbus_kl
1002361,1004268,U5900,29,rapidbus_kl
1004268,1002659,U5900,49,rapidbus_kl
1002659,1001019,U5900,32,rapidbus_kl
1001019,1001725,U5900,41,rapidbus_kl
1001725,1004038,U5900,9,rapidbus_kl
1004038,1002852,U5900,74,rapidbus_kl
1002852,1002574,U5900,23,rapidbus_kl
1002574,1002509,U5900,32,rapidbus_kl
1002509,1003861,U5900,27,rapidbus_kl
1003861,1003539,U5900,28,rapidbus_kl
1003539,1004108,U5900,17,rapidbus_kl
1004108,1002733,U5900,44,rapidbus_kl
1002733,1004116,U5900,33,rapidbus_kl
1004116,1000078,U5900,46,rapidbus_kl
1000078,1003503,U5900,22,rapidbus_kl
1003503,1003230,U5900,57,rapidbus_kl
1003230,1002698,U5900,45,rapidbus_kl
1002698,1003033,U5900,20,rapidbus_kl
1003033,1003052,U5900,19,rapidbus_kl
1003052,1003399,U5900,19,rapidbus_kl
1003399,1000125,U5900,33,rapidbus_kl
1000125,1003193,U5900,51,rapidbus_kl
1003193,1004189,U5900,34,rapidbus_kl
1000531,1002640,U6000,80,rapidbus_kl
1002640,1002495,U6000,148,rapidbus_kl
1002495,1004276,U6000,103,rapidbus_kl
1004276,1002023,U6000,69,rapidbus_kl
1002023,1002234,U6000,46,rapidbus_kl
1002234,1003301,U6000,129,rapidbus_kl
1003301,1000205,U6000,43,rapidbus_kl
1000205,1004210,U6000,306,rapidbus_kl
1004210,1000981,U6000,264,rapidbus_kl
1000981,1000289,U6000,53,rapidbus_kl
1000289,1003216,U6000,43,rapidbus_kl
1003216,1004113,U6000,54,rapidbus_kl
1004113,1000493,U6000,86,rapidbus_kl
1000493,1003568,U6000,43,rapidbus_kl
1003568,1003004,U6000,77,rapidbus_kl
1003004,1002263,U6000,74,rapidbus_kl
1002263,1002575,U6000,83,rapidbus_kl
1002575,1004262,U6000,60,rapidbus_kl
1004262,1002195,U6000,100,rapidbus_kl
1002195,1003077,U6000,77,rapidbus_kl
1003077,1001906,U6000,99,rapidbus_kl
1001906,1002175,U6000,66,rapidbus_kl
1002175,1003579,U6000,99,rapidbus_kl
1003579,1003222,U6000,43,rapidbus_kl
1003222,1002118,U6000,109,rapidbus_kl
1002118,1000025,U6000,244,rapidbus_kl
1000025,1001396,U6000,95,rapidbus_kl
1001396,1001397,U6000,70,rapidbus_kl
1001397,1003944,U6000,142,rapidbus_kl
1003944,1004078,U6000,136,rapidbus_kl
1004078,1004079,U6000,76,rapidbus_kl
1004079,1001058,U6000,167,rapidbus_kl
1001058,1006678,U6000,228,rapidbus_kl
1006678,1002768,U6000,293,rapidbus_kl
1002768,1004141,U6000,554,rapidbus_kl
1004141,1001053,U6000,332,rapidbus_kl
1001053,1002641,U6000,709,rapidbus_kl
1002641,1001048,U6000,428,rapidbus_kl
1001048,1004140,U6000,236,rapidbus_kl
1004140,1001615,U6000,105,rapidbus_kl
1001615,1005066,U6000,35,rapidbus_kl
1005066,1003913,U6000,225,rapidbus_kl
1003913,1001010,U6000,174,rapidbus_kl
1001010,1002662,U6000,188,rapidbus_kl
1002662,1003690,U6000,93,rapidbus_kl
1003690,1004080,U6000,40,rapidbus_kl
1004080,1001241,U6000,38,rapidbus_kl
1001241,1003943,U6000,105,rapidbus_kl
1003943,1001269,U6000,69,rapidbus_kl
1001269,1004014,U6000,56,rapidbus_kl
1004014,1002193,U6000,40,rapidbus_kl
1002193,1000977,U6000,46,rapidbus_kl
1000977,1003533,U6000,122,rapidbus_kl
1003533,1001338,U6000,27,rapidbus_kl
1001338,1000437,U6000,64,rapidbus_kl
1000437,1001933,U6000,82,rapidbus_kl
1001933,1001872,U6000,49,rapidbus_kl
1001872,1002400,U6000,42,rapidbus_kl
1002400,1000730,U6000,65,rapidbus_kl
1000730,1000506,U6000,71,rapidbus_kl
1000506,1002401,U6000,58,rapidbus_kl
1002401,1003828,U6000,59,rapidbus_kl
1003828,1004255,U6000,33,rapidbus_kl
1004255,1000072,U6000,61,rapidbus_kl
1000072,1001474,U6000,54,rapidbus_kl
1001474,1003199,U6000,43,rapidbus_kl
1003199,1004204,U6000,37,rapidbus_kl
1004204,1001009,U6000,36,rapidbus_kl
1001009,1004229,U6000,44,rapidbus_kl
1004229,1001346,U6000,43,rapidbus_kl
1001346,1004209,U6000,155,rapidbus_kl
1004209,1000206,U6000,142,rapidbus_kl
1000206,1001512,U6000,158,rapidbus_kl
1001512,1004275,U6000,19,rapidbus_kl
1004275,1003588,U6000,123,rapidbus_kl
1003588,1002639,U6000,31,rapidbus_kl
1002639,1000531,U6000,104,rapidbus_kl
1006576,1002514,U6028,46,rapidbus_kl
1002514,1001985,U6028,38,rapidbus_kl
1001985,1001742,U6028,43,rapidbus_kl
1001742,1000432,U6028,90,rapidbus_kl
1000432,1000338,U6028,48,rapidbus_kl
1000338,1000849,U6028,62,rapidbus_kl
1000849,1001921,U6028,43,rapidbus_kl
1001921,1000745,U6028,52,rapidbus_kl
1000745,1004140,U6028,43,rapidbus_kl
1004140,1001615,U6028,63,rapidbus_kl
1001615,1002155,U6028,72,rapidbus_kl
1002155,1003913,U6028,34,rapidbus_kl
1003913,1001010,U6028,128,rapidbus_kl
1001010,1006287,U6028,174,rapidbus_kl
1006287,1006678,U6028,191,rapidbus_kl
1006678,1002768,U6028,120,rapidbus_kl
1002768,1003510,U6028,163,rapidbus_kl
1003510,1000070,U6028,130,rapidbus_kl
1000070,1004141,U6028,281,rapidbus_kl
1004141,1003977,U6028,281,rapidbus_kl
1003977,1001940,U6028,228,rapidbus_kl
1001940,1006575,U6028,94,rapidbus_kl
1006575,1000339,U6028,75,rapidbus_kl
1000339,1000433,U6028,42,rapidbus_kl
1000433,1001939,U6028,41,rapidbus_kl
1001939,1001986,U6028,47,rapidbus_kl
1001986,1002430,U6028,52,rapidbus_kl
1002430,1006574,U6028,54,rapidbus_kl
1006574,1003310,U6028,110,rapidbus_kl
1003310,1002144,U6028,38,rapidbus_kl
1002144,1002154,U6028,25,rapidbus_kl
1002154,1002207,U6028,28,rapidbus_kl
1002207,1002156,U6028,26,rapidbus_kl
1002156,1002143,U6028,51,rapidbus_kl
1002143,1002153,U6028,37,rapidbus_kl
1002153,1002141,U6028,45,rapidbus_kl
1002141,1006576,U6028,205,rapidbus_kl
1004343,1002495,U6400,47,rapidbus_kl
1002495,1004276,U6400,29,rapidbus_kl
1004276,1002023,U6400,51,rapidbus_kl
1002023,1002234,U6400,34,rapidbus_kl
1002234,1003301,U6400,95,rapidbus_kl
1003301,1000205,U6400,32,rapidbus_kl
1000205,1004210,U6400,226,rapidbus_kl
1004210,1000981,U6400,195,rapidbus_kl
1000981,1000289,U6400,39,rapidbus_kl
1000289,1003216,U6400,31,rapidbus_kl
1003216,1004113,U6400,40,rapidbus_kl
1004113,1000493,U6400,64,rapidbus_kl
1000493,1003568,U6400,32,rapidbus_kl
1003568,1003004,U6400,57,rapidbus_kl
1003004,1002263,U6400,54,rapidbus_kl
1002263,1002575,U6400,62,rapidbus_kl
1002575,1004262,U6400,44,rapidbus_kl
1004262,1002195,U6400,74,rapidbus_kl
1002195,1001325,U6400,198,rapidbus_kl
1001325,1003260,U6400,34,rapidbus_kl
1003260,1000369,U6400,48,rapidbus_kl
1000369,1002594,U6400,80,rapidbus_kl
1002594,1000186,U6400,43,rapidbus_kl
1000186,1000692,U6400,29,rapidbus_kl
1000692,1000143,U6400,37,rapidbus_kl
1000143,1000138,U6400,23,rapidbus_kl
1000138,1000137,U6400,44,rapidbus_kl
1000137,1002296,U6400,37,rapidbus_kl
1002296,1000321,U6400,21,rapidbus_kl
1000321,1000326,U6400,33,rapidbus_kl
1000326,1000327,U6400,26,rapidbus_kl
1000327,1000237,U6400,45,rapidbus_kl
1000237,1003612,U6400,51,rapidbus_kl
1003612,1000893,U6400,145,rapidbus_kl
1000893,1003613,U6400,78,rapidbus_kl
1003613,1000238,U6400,30,rapidbus_kl
1000238,1000328,U6400,25,rapidbus_kl
1000328,1003802,U6400,23,rapidbus_kl
1003802,1002295,U6400,51,rapidbus_kl
1002295,1000136,U6400,41,rapidbus_kl
1000136,1000139,U6400,29,rapidbus_kl
1000139,1000142,U6400,29,rapidbus_kl
1000142,1000263,U6400,28,rapidbus_kl
1000263,1000185,U6400,47,rapidbus_kl
1000185,1002593,U6400,55,rapidbus_kl
1002593,1000367,U6400,44,rapidbus_kl
1000367,1003259,U6400,34,rapidbus_kl
1003259,1000633,U6400,35,rapidbus_kl
1000633,1000200,U6400,47,rapidbus_kl
1000200,1000506,U6400,115,rapidbus_kl
1000506,1002401,U6400,57,rapidbus_kl
1002401,1003828,U6400,58,rapidbus_kl
1003828,1004255,U6400,32,rapidbus_kl
1004255,1000072,U6400,59,rapidbus_kl
1000072,1001474,U6400,53,rapidbus_kl
1001474,1003199,U6400,42,rapidbus_kl
1003199,1004204,U6400,36,rapidbus_kl
1004204,1001009,U6400,35,rapidbus_kl
1001009,1004229,U6400,43,rapidbus_kl
1004229,1001346,U6400,41,rapidbus_kl
1001346,1004209,U6400,152,rapidbus_kl
1004209,1000206,U6400,139,rapidbus_kl
1000206,1001512,U6400,123,rapidbus_kl
1001512,1004275,U6400,45,rapidbus_kl
1004275,1003588,U6400,37,rapidbus_kl
1003588,1002639,U6400,186,rapidbus_kl
1002639,1004343,U6400,251,rapidbus_kl
1006524,1000456,U6418,148,rapidbus_kl
1000456,1001513,U6418,35,rapidbus_kl
1001513,1002024,U6418,59,rapidbus_kl
1002024,1003280,U6418,41,rapidbus_kl
1003280,1000523,U6418,179,rapidbus_kl
1000523,1003708,U6418,32,rapidbus_kl
1003708,1008430,U6418,23,rapidbus_kl
1008430,1001873,U6418,50,rapidbus_kl
1001873,1000729,U6418,186,rapidbus_kl
1000729,1001435,U6418,31,rapidbus_kl
1001435,1001434,U6418,19,rapidbus_kl
1001434,1001670,U6418,58,rapidbus_kl
1001670,1000550,U6418,49,rapidbus_kl
1000550,1001409,U6418,38,rapidbus_kl
1001409,1003685,U6418,130,rapidbus_kl
1003685,1002254,U6418,121,rapidbus_kl
1002254,1000943,U6418,134,rapidbus_kl
1000943,1001122,U6418,127,rapidbus_kl
1001122,1003259,U6418,42,rapidbus_kl
1003259,1000633,U6418,30,rapidbus_kl
1000633,1000200,U6418,40,rapidbus_kl
1000200,1000730,U6418,38,rapidbus_kl
1000730,1000506,U6418,60,rapidbus_kl
1000506,1002401,U6418,48,rapidbus_kl
1002401,1002575,U6418,104,rapidbus_kl
1002575,1004262,U6418,35,rapidbus_kl
1004262,1002195,U6418,60,rapidbus_kl
1002195,1001325,U6418,90,rapidbus_kl
1001325,1003260,U6418,63,rapidbus_kl
1003260,1002021,U6418,33,rapidbus_kl
1002021,1000429,U6418,109,rapidbus_kl
1000429,1000942,U6418,51,rapidbus_kl
1000942,1000528,U6418,194,rapidbus_kl
1000528,1003570,U6418,101,rapidbus_kl
1003570,1001257,U6418,75,rapidbus_kl
1001257,1000549,U6418,72,rapidbus_kl
1000549,1001669,U6418,48,rapidbus_kl
1001669,1001437,U6418,34,rapidbus_kl
1001437,1003709,U6418,193,rapidbus_kl
1003709,1000522,U6418,72,rapidbus_kl
1000522,1003140,U6418,169,rapidbus_kl
1003140,1003279,U6418,48,rapidbus_kl
1003279,1002020,U6418,58,rapidbus_kl
1002020,1000457,U6418,35,rapidbus_kl
1000457,1003695,U6418,43,rapidbus_kl
1003695,1000646,U6418,63,rapidbus_kl
1000646,1003087,U6418,62,rapidbus_kl
1003087,1002351,U6418,207,rapidbus_kl
1002351,1006524,U6418,163,rapidbus_kl
1004343,1002640,U6500,69,rapidbus_kl
1002640,1002495,U6500,128,rapidbus_kl
1002495,1004276,U6500,89,rapidbus_kl
1004276,1002023,U6500,60,rapidbus_kl
1002023,1002234,U6500,40,rapidbus_kl
1002234,1003301,U6500,111,rapidbus_kl
1003301,1000205,U6500,37,rapidbus_kl
1000205,1004210,U6500,265,rapidbus_kl
1004210,1000981,U6500,227,rapidbus_kl
1000981,1000289,U6500,47,rapidbus_kl
1000289,1003216,U6500,36,rapidbus_kl
1003216,1004113,U6500,47,rapidbus_kl
1004113,1000493,U6500,75,rapidbus_kl
1000493,1003568,U6500,37,rapidbus_kl
1003568,1000364,U6500,60,rapidbus_kl
1000364,1002219,U6500,101,rapidbus_kl
1002219,1000652,U6500,53,rapidbus_kl
1000652,1003880,U6500,45,rapidbus_kl
1003880,1001667,U6500,67,rapidbus_kl
1001667,1002111,U6500,69,rapidbus_kl
1002111,1002940,U6500,69,rapidbus_kl
1002940,1003662,U6500,52,rapidbus_kl
1003662,1001912,U6500,69,rapidbus_kl
1001912,1003408,U6500,38,rapidbus_kl
1003408,1000653,U6500,71,rapidbus_kl
1000653,1003203,U6500,50,rapidbus_kl
1003203,1003190,U6500,29,rapidbus_kl
1003190,1000106,U6500,75,rapidbus_kl
1000106,1000162,U6500,70,rapidbus_kl
1000162,1003873,U6500,93,rapidbus_kl
1003873,1003199,U6500,137,rapidbus_kl
1003199,1004204,U6500,46,rapidbus_kl
1004204,1001009,U6500,45,rapidbus_kl
1001009,1004229,U6500,54,rapidbus_kl
1004229,1001346,U6500,53,rapidbus_kl
1001346,1004209,U6500,194,rapidbus_kl
1004209,1000206,U6500,176,rapidbus_kl
1000206,1001512,U6500,196,rapidbus_kl
1001512,1004275,U6500,23,rapidbus_kl
1004275,1003588,U6500,154,rapidbus_kl
1003588,1002639,U6500,39,rapidbus_kl
1002639,1004343,U6500,204,rapidbus_kl
1002606,1001560,U6510,72,rapidbus_kl
1001560,1001079,U6510,51,rapidbus_kl
1001079,1000307,U6510,77,rapidbus_kl
1000307,1000808,U6510,120,rapidbus_kl
1000808,1008145,U6510,257,rapidbus_kl
1008145,1000287,U6510,143,rapidbus_kl
1000287,1002891,U6510,125,rapidbus_kl
1002891,1001236,U6510,61,rapidbus_kl
1001236,1003901,U6510,145,rapidbus_kl
1003901,1004111,U6510,71,rapidbus_kl
1004111,1002941,U6510,79,rapidbus_kl
1002941,1002896,U6510,44,rapidbus_kl
1002896,1002569,U6510,137,rapidbus_kl
1002569,1000506,U6510,91,rapidbus_kl
1000506,1002401,U6510,88,rapidbus_kl
1002401,1002575,U6510,189,rapidbus_kl
1002575,1004262,U6510,63,rapidbus_kl
1004262,1002195,U6510,104,rapidbus_kl
1002195,1002570,U6510,53,rapidbus_kl
1002570,1003144,U6510,131,rapidbus_kl
1003144,1001235,U6510,57,rapidbus_kl
1001235,1000287,U6510,49,rapidbus_kl
1001236,1002753,U6510,291,rapidbus_kl
1002753,1008144,U6510,147,rapidbus_kl
1008144,1000807,U6510,261,rapidbus_kl
1000807,1000308,U6510,103,rapidbus_kl
1000308,1006170,U6510,72,rapidbus_kl
1006170,1000309,U6510,118,rapidbus_kl
1000309,1002606,U6510,218,rapidbus_kl
1006170,1006611,U6520,134,rapidbus_kl
1006611,1006613,U6520,39,rapidbus_kl
1006613,1006615,U6520,51,rapidbus_kl
1006615,1006619,U6520,77,rapidbus_kl
1006619,1002658,U6520,39,rapidbus_kl
1002658,1001791,U6520,108,rapidbus_kl
1001791,1000612,U6520,156,rapidbus_kl
1000612,1001580,U6520,43,rapidbus_kl
1001580,1003146,U6520,55,rapidbus_kl
1003146,1002204,U6520,39,rapidbus_kl
1002204,1003619,U6520,144,rapidbus_kl
1003619,1001238,U6520,93,rapidbus_kl
1001238,1002117,U6520,66,rapidbus_kl
1002117,1003765,U6520,66,rapidbus_kl
1003765,1003497,U6520,18,rapidbus_kl
1003497,1001154,U6520,54,rapidbus_kl
1001154,1001377,U6520,19,rapidbus_kl
1001377,1001155,U6520,32,rapidbus_kl
1001155,1001370,U6520,104,rapidbus_kl
1001370,1004255,U6520,46,rapidbus_kl
1004255,1000072,U6520,65,rapidbus_kl
1000072,1001474,U6520,58,rapidbus_kl
1001474,1003199,U6520,46,rapidbus_kl
1003199,1004204,U6520,38,rapidbus_kl
1004204,1001009,U6520,38,rapidbus_kl
1001009,1004229,U6520,47,rapidbus_kl
1004229,1001346,U6520,47,rapidbus_kl
1001346,1000981,U6520,134,rapidbus_kl
1000981,1000289,U6520,38,rapidbus_kl
1000289,1003216,U6520,33,rapidbus_kl
1003216,1004113,U6520,39,rapidbus_kl
1004113,1000493,U6520,64,rapidbus_kl
1000493,1003568,U6520,33,rapidbus_kl
1003568,1003004,U6520,56,rapidbus_kl
1003004,1002263,U6520,54,rapidbus_kl
1002263,1000416,U6520,44,rapidbus_kl
1000416,1002833,U6520,58,rapidbus_kl
1002833,1003474,U6520,37,rapidbus_kl
1003474,1003682,U6520,47,rapidbus_kl
1003682,1003498,U6520,63,rapidbus_kl
1003498,1003766,U6520,40,rapidbus_kl
1003766,1001136,U6520,57,rapidbus_kl
1001136,1003620,U6520,148,rapidbus_kl
1003620,1002663,U6520,37,rapidbus_kl
1002663,1001564,U6520,222,rapidbus_kl
1001564,1001792,U6520,217,rapidbus_kl
1001792,1004126,U6520,93,rapidbus_kl
1004126,1006616,U6520,119,rapidbus_kl
1006616,1006614,U6520,48,rapidbus_kl
1006614,1006612,U6520,44,rapidbus_kl
1006612,1006170,U6520,153,rapidbus_kl
1004347,1000857,U7508,103,rapidbus_kl
1000857,1002495,U7508,26,rapidbus_kl
1002495,1004276,U7508,37,rapidbus_kl
1004276,1002023,U7508,28,rapidbus_kl
1002023,1002234,U7508,26,rapidbus_kl
1002234,1003608,U7508,66,rapidbus_kl
1003608,1002086,U7508,48,rapidbus_kl
1002086,1001788,U7508,23,rapidbus_kl
1001788,1002600,U7508,50,rapidbus_kl
1002600,1004110,U7508,65,rapidbus_kl
1004110,1000365,U7508,31,rapidbus_kl
1000365,1008143,U7508,33,rapidbus_kl
1008143,1001410,U7508,76,rapidbus_kl
1001410,1002621,U7508,99,rapidbus_kl
1002621,1003857,U7508,94,rapidbus_kl
1003857,1006035,U7508,60,rapidbus_kl
1006035,1001509,U7508,42,rapidbus_kl
1001509,1000166,U7508,26,rapidbus_kl
1000166,1001735,U7508,130,rapidbus_kl
1001735,1003174,U7508,145,rapidbus_kl
1003174,1002064,U7508,72,rapidbus_kl
1002064,1000387,U7508,46,rapidbus_kl
1000387,1003553,U7508,292,rapidbus_kl
1003553,1000393,U7508,250,rapidbus_kl
1000393,1000394,U7508,71,rapidbus_kl
1000394,1003915,U7508,148,rapidbus_kl
1003915,1000358,U7508,66,rapidbus_kl
1000358,1003083,U7508,62,rapidbus_kl
1003083,1008398,U7508,60,rapidbus_kl
1008398,1001730,U7508,20,rapidbus_kl
1001730,1004249,U7508,39,rapidbus_kl
1004249,1003078,U7508,62,rapidbus_kl
1003078,1008399,U7508,23,rapidbus_kl
1008399,1008075,U7508,37,rapidbus_kl
1008075,1003267,U7508,57,rapidbus_kl
1003267,1008104,U7508,81,rapidbus_kl
1008104,1000171,U7508,22,rapidbus_kl
1000171,1004166,U7508,45,rapidbus_kl
1004166,1000170,U7508,47,rapidbus_kl
1000170,1004172,U7508,69,rapidbus_kl
1004172,1002457,U7508,25,rapidbus_kl
1002457,1002458,U7508,25,rapidbus_kl
1002458,1001556,U7508,51,rapidbus_kl
1001556,1008163,U7508,20,rapidbus_kl
1008163,1002232,U7508,64,rapidbus_kl
1002232,1009247,U7508,81,rapidbus_kl
1009247,1001595,U7508,13,rapidbus_kl
1001595,1001605,U7508,39,rapidbus_kl
1001605,1000660,U7508,100,rapidbus_kl
1000660,1001594,U7508,15,rapidbus_kl
1001594,1002667,U7508,46,rapidbus_kl
1002667,1000656,U7508,48,rapidbus_kl
1000656,1001025,U7508,31,rapidbus_kl
1001025,1006015,U7508,43,rapidbus_kl
1006015,1002456,U7508,35,rapidbus_kl
1002456,1002459,U7508,18,rapidbus_kl
1002459,1004173,U7508,33,rapidbus_kl
1004173,1002126,U7508,77,rapidbus_kl
1002126,1004165,U7508,26,rapidbus_kl
1004165,1000172,U7508,33,rapidbus_kl
1000172,1006016,U7508,41,rapidbus_kl
1006016,1004224,U7508,136,rapidbus_kl
1004224,1003856,U7508,52,rapidbus_kl
1003856,1008076,U7508,34,rapidbus_kl
1008076,1006643,U7508,53,rapidbus_kl
1006643,1003078,U7508,100,rapidbus_kl
1003078,1000936,U7508,32,rapidbus_kl
1000936,1001731,U7508,73,rapidbus_kl
1001731,1008397,U7508,20,rapidbus_kl
1008397,1003082,U7508,78,rapidbus_kl
1003082,1000357,U7508,87,rapidbus_kl
1000357,1003916,U7508,117,rapidbus_kl
1003916,1000395,U7508,165,rapidbus_kl
1000395,1000392,U7508,108,rapidbus_kl
1000392,1003554,U7508,365,rapidbus_kl
1003554,1000388,U7508,387,rapidbus_kl
1000388,1002063,U7508,74,rapidbus_kl
1002063,1003173,U7508,82,rapidbus_kl
1003173,1001734,U7508,224,rapidbus_kl
1001734,1001785,U7508,207,rapidbus_kl
1001785,1000671,U7508,116,rapidbus_kl
1000671,1004272,U7508,39,rapidbus_kl
1004272,1002620,U7508,121,rapidbus_kl
1002620,1001897,U7508,172,rapidbus_kl
1001897,1004178,U7508,41,rapidbus_kl
1004178,1003761,U7508,33,rapidbus_kl
1003761,1000366,U7508,51,rapidbus_kl
1000366,1001575,U7508,36,rapidbus_kl
1001575,1004098,U7508,35,rapidbus_kl
1004098,1002106,U7508,55,rapidbus_kl
1002106,1001787,U7508,69,rapidbus_kl
1001787,1003609,U7508,114,rapidbus_kl
1003609,1001512,U7508,62,rapidbus_kl
1001512,1004275,U7508,27,rapidbus_kl
1004275,1003588,U7508,97,rapidbus_kl
1003588,1002639,U7508,36,rapidbus_kl
1002639,1004347,U7508,61,rapidbus_kl
1004348,1000857,U7510,42,rapidbus_kl
1000857,1002495,U7510,78,rapidbus_kl
1002495,1004276,U7510,55,rapidbus_kl
1004276,1002023,U7510,37,rapidbus_kl
1002023,1003335,U7510,34,rapidbus_kl
1003335,1002234,U7510,91,rapidbus_kl
1002234,1003608,U7510,99,rapidbus_kl
1003608,1002086,U7510,65,rapidbus_kl
1002086,1001788,U7510,85,rapidbus_kl
1001788,1002600,U7510,57,rapidbus_kl
1002600,1004110,U7510,143,rapidbus_kl
1004110,1000365,U7510,129,rapidbus_kl
1000365,1008143,U7510,117,rapidbus_kl
1008143,1001410,U7510,90,rapidbus_kl
1001410,1002621,U7510,168,rapidbus_kl
1002621,1003857,U7510,188,rapidbus_kl
1003857,1006035,U7510,94,rapidbus_kl
1006035,1001509,U7510,61,rapidbus_kl
1001509,1000166,U7510,378,rapidbus_kl
1000166,1003174,U7510,421,rapidbus_kl
1003174,1002064,U7510,91,rapidbus_kl
1002064,1000387,U7510,68,rapidbus_kl
1000387,1003553,U7510,28,rapidbus_kl
1003553,1000393,U7510,56,rapidbus_kl
1000393,1000394,U7510,25,rapidbus_kl
1000394,1001870,U7510,81,rapidbus_kl
1001870,1000884,U7510,90,rapidbus_kl
1000884,1003084,U7510,108,rapidbus_kl
1003084,1001318,U7510,35,rapidbus_kl
1001318,1000098,U7510,69,rapidbus_kl
1000098,1000670,U7510,31,rapidbus_kl
1000670,1006021,U7510,40,rapidbus_kl
1006021,1003090,U7510,84,rapidbus_kl
1003090,1003091,U7510,69,rapidbus_kl
1003091,1000734,U7510,35,rapidbus_kl
1000734,1002229,U7510,45,rapidbus_kl
1002229,1001018,U7510,61,rapidbus_kl
1001018,1001403,U7510,30,rapidbus_kl
1001403,1002424,U7510,65,rapidbus_kl
1002424,1000356,U7510,114,rapidbus_kl
1000356,1003610,U7510,121,rapidbus_kl
1003610,1000323,U7510,65,rapidbus_kl
1000323,1004269,U7510,28,rapidbus_kl
1004269,1002939,U7510,60,rapidbus_kl
1002939,1004060,U7510,269,rapidbus_kl
1004060,1000350,U7510,49,rapidbus_kl
1000350,1002854,U7510,31,rapidbus_kl
1002854,1002092,U7510,64,rapidbus_kl
1002092,1000821,U7510,75,rapidbus_kl
1000821,1002579,U7510,46,rapidbus_kl
1002579,1003085,U7510,92,rapidbus_kl
1003085,1003092,U7510,29,rapidbus_kl
1003092,1000209,U7510,104,rapidbus_kl
1000209,1000183,U7510,98,rapidbus_kl
1000183,1002088,U7510,57,rapidbus_kl
1002088,1001473,U7510,104,rapidbus_kl
1001473,1000395,U7510,209,rapidbus_kl
1000395,1000392,U7510,94,rapidbus_kl
1000392,1003554,U7510,314,rapidbus_kl
1003554,1000388,U7510,340,rapidbus_kl
1000388,1002063,U7510,65,rapidbus_kl
1002063,1003173,U7510,70,rapidbus_kl
1003173,1001785,U7510,370,rapidbus_kl
1001785,1004272,U7510,338,rapidbus_kl
1004272,1002620,U7510,42,rapidbus_kl
1002620,1001897,U7510,28,rapidbus_kl
1001897,1004178,U7510,45,rapidbus_kl
1004178,1003761,U7510,36,rapidbus_kl
1003761,1000366,U7510,31,rapidbus_kl
1000366,1001575,U7510,48,rapidbus_kl
1001575,1004098,U7510,59,rapidbus_kl
1004098,1002106,U7510,110,rapidbus_kl
1002106,1001787,U7510,56,rapidbus_kl
1001787,1003609,U7510,54,rapidbus_kl
1003609,1001512,U7510,121,rapidbus_kl
1001512,1004275,U7510,34,rapidbus_kl
1004275,1003588,U7510,44,rapidbus_kl
1003588,1002639,U7510,38,rapidbus_kl
1002639,1004348,U7510,305,rapidbus_kl
1003078,1000936,U7520,163,rapidbus_kl
1000936,1001731,U7520,46,rapidbus_kl
1001731,1008397,U7520,28,rapidbus_kl
1008397,1003082,U7520,31,rapidbus_kl
1003082,1000357,U7520,106,rapidbus_kl
1000357,1003916,U7520,149,rapidbus_kl
1003916,1000886,U7520,170,rapidbus_kl
1000886,1001216,U7520,103,rapidbus_kl
1001216,1001753,U7520,231,rapidbus_kl
1001753,1000302,U7520,75,rapidbus_kl
1000302,1001423,U7520,80,rapidbus_kl
1001423,1002513,U7520,48,rapidbus_kl
1002513,1000619,U7520,87,rapidbus_kl
1000619,1000912,U7520,68,rapidbus_kl
1000912,1000825,U7520,69,rapidbus_kl
1000825,1000316,U7520,100,rapidbus_kl
1000316,1000431,U7520,448,rapidbus_kl
1000431,1000169,U7520,83,rapidbus_kl
1000169,1000304,U7520,94,rapidbus_kl
1000304,1002931,U7520,57,rapidbus_kl
1002931,1006549,U7520,34,rapidbus_kl
1006549,1004107,U7520,72,rapidbus_kl
1004107,1006103,U7520,42,rapidbus_kl
1006103,1000064,U7520,29,rapidbus_kl
1000064,1000644,U7520,173,rapidbus_kl
1000644,1002690,U7520,49,rapidbus_kl
1002690,1002103,U7520,96,rapidbus_kl
1002103,1000231,U7520,145,rapidbus_kl
1000231,1006550,U7520,124,rapidbus_kl
1006550,1006510,U7520,96,rapidbus_kl
1006510,1006511,U7520,126,rapidbus_kl
1006511,1000709,U7520,67,rapidbus_kl
1000709,1000708,U7520,38,rapidbus_kl
1000708,1000063,U7520,153,rapidbus_kl
1000063,1000737,U7520,34,rapidbus_kl
1000737,1003281,U7520,71,rapidbus_kl
1003281,1006104,U7520,60,rapidbus_kl
1006104,1000303,U7520,30,rapidbus_kl
1000303,1001202,U7520,44,rapidbus_kl
1001202,1006577,U7520,36,rapidbus_kl
1006577,1001196,U7520,37,rapidbus_kl
1001196,1004095,U7520,24,rapidbus_kl
1004095,1002390,U7520,88,rapidbus_kl
1002390,1001094,U7520,109,rapidbus_kl
1001094,1000443,U7520,276,rapidbus_kl
1000443,1000812,U7520,81,rapidbus_kl
1000812,1001838,U7520,81,rapidbus_kl
1001838,1000618,U7520,28,rapidbus_kl
1000618,1001424,U7520,98,rapidbus_kl
1001424,1000651,U7520,88,rapidbus_kl
1000651,1001752,U7520,66,rapidbus_kl
1001752,1001566,U7520,166,rapidbus_kl
1001566,1000740,U7520,67,rapidbus_kl
1000740,1003915,U7520,184,rapidbus_kl
1003915,1000358,U7520,99,rapidbus_kl
1000358,1003083,U7520,91,rapidbus_kl
1003083,1008398,U7520,90,rapidbus_kl
1008398,1001730,U7520,79,rapidbus_kl
1001730,1004249,U7520,79,rapidbus_kl
1004249,1003078,U7520,114,rapidbus_kl
1000572,1001584,U7538,38,rapidbus_kl
1001584,1001603,U7538,20,rapidbus_kl
1001603,1001588,U7538,81,rapidbus_kl
1001588,1001586,U7538,23,rapidbus_kl
1001586,1002548,U7538,90,rapidbus_kl
1002548,1002516,U7538,58,rapidbus_kl
1002516,1000594,U7538,39,rapidbus_kl
1000594,1003443,U7538,104,rapidbus_kl
1003443,1004057,U7538,97,rapidbus_kl
1004057,1001251,U7538,33,rapidbus_kl
1001251,1002302,U7538,61,rapidbus_kl
1002302,1003496,U7538,34,rapidbus_kl
1003496,1003513,U7538,32,rapidbus_kl
1003513,1001112,U7538,40,rapidbus_kl
1001112,1000399,U7538,72,rapidbus_kl
1000399,1004006,U7538,34,rapidbus_kl
1004006,1003384,U7538,45,rapidbus_kl
1003384,1002378,U7538,46,rapidbus_kl
1002378,1001528,U7538,19,rapidbus_kl
1001528,1001374,U7538,11,rapidbus_kl
1001374,1000978,U7538,38,rapidbus_kl
1000978,1001493,U7538,27,rapidbus_kl
1001493,1000069,U7538,42,rapidbus_kl
1000069,1001514,U7538,126,rapidbus_kl
1001514,1006610,U7538,24,rapidbus_kl
1006610,1003189,U7538,53,rapidbus_kl
1003189,1006606,U7538,72,rapidbus_kl
1006606,1006604,U7538,312,rapidbus_kl
1006604,1006592,U7538,126,rapidbus_kl
1006592,1006593,U7538,32,rapidbus_kl
1006593,1006594,U7538,19,rapidbus_kl
1006594,1006595,U7538,26,rapidbus_kl
1006595,1006596,U7538,20,rapidbus_kl
1006596,1006600,U7538,63,rapidbus_kl
1006600,1000242,U7538,46,rapidbus_kl
1000242,1000244,U7538,31,rapidbus_kl
1000244,1001345,U7538,33,rapidbus_kl
1001345,1001297,U7538,34,rapidbus_kl
1001297,1002428,U7538,193,rapidbus_kl
1002428,1003833,U7538,104,rapidbus_kl
1003833,1000335,U7538,176,rapidbus_kl
1000335,1000266,U7538,47,rapidbus_kl
1000266,1003855,U7538,23,rapidbus_kl
1003855,1002456,U7538,30,rapidbus_kl
1002456,1002459,U7538,12,rapidbus_kl
1002459,1004173,U7538,22,rapidbus_kl
1004173,1002126,U7538,54,rapidbus_kl
1002126,1004165,U7538,19,rapidbus_kl
1004165,1000172,U7538,34,rapidbus_kl
1000172,1006016,U7538,29,rapidbus_kl
1006016,1004224,U7538,60,rapidbus_kl
1004224,1003856,U7538,13,rapidbus_kl
1003856,1008076,U7538,30,rapidbus_kl
1008076,1006643,U7538,27,rapidbus_kl
1006643,1003078,U7538,26,rapidbus_kl
1003078,1008075,U7538,53,rapidbus_kl
1008075,1003267,U7538,24,rapidbus_kl
1003267,1008104,U7538,35,rapidbus_kl
1008104,1000171,U7538,37,rapidbus_kl
1000171,1004166,U7538,33,rapidbus_kl
1004166,1000170,U7538,31,rapidbus_kl
1000170,1004172,U7538,50,rapidbus_kl
1004172,1002457,U7538,18,rapidbus_kl
1002457,1002458,U7538,18,rapidbus_kl
1002458,1000333,U7538,29,rapidbus_kl
1000333,1000331,U7538,24,rapidbus_kl
1000331,1003315,U7538,19,rapidbus_kl
1003315,1000336,U7538,27,rapidbus_kl
1000336,1000325,U7538,19,rapidbus_kl
1000325,1000691,U7538,24,rapidbus_kl
1000691,1003096,U7538,27,rapidbus_kl
1003096,1001026,U7538,18,rapidbus_kl
1001026,1008214,U7538,62,rapidbus_kl
1008214,1001210,U7538,148,rapidbus_kl
1001210,1003059,U7538,205,rapidbus_kl
1003059,1003025,U7538,37,rapidbus_kl
1003025,1000243,U7538,40,rapidbus_kl
1000243,1000245,U7538,27,rapidbus_kl
1000245,1003188,U7538,88,rapidbus_kl
1003188,1006609,U7538,23,rapidbus_kl
1006609,1001514,U7538,63,rapidbus_kl
1006606,1006703,U7538,32,rapidbus_kl
1006703,1000068,U7538,513,rapidbus_kl
1000068,1003218,U7538,39,rapidbus_kl
1003218,1000814,U7538,53,rapidbus_kl
1000814,1001373,U7538,11,rapidbus_kl
1001373,1000292,U7538,13,rapidbus_kl
1000292,1001936,U7538,36,rapidbus_kl
1001936,1003318,U7538,19,rapidbus_kl
1003318,1003122,U7538,9,rapidbus_kl
1003122,1004035,U7538,18,rapidbus_kl
1004035,1000398,U7538,71,rapidbus_kl
1000398,1003982,U7538,71,rapidbus_kl
1003982,1003103,U7538,43,rapidbus_kl
1003103,1001915,U7538,19,rapidbus_kl
1001915,1002319,U7538,48,rapidbus_kl
1002319,1001250,U7538,64,rapidbus_kl
1001250,1004056,U7538,29,rapidbus_kl
1004056,1000257,U7538,98,rapidbus_kl
1000257,1000593,U7538,107,rapidbus_kl
1000593,1003585,U7538,41,rapidbus_kl
1003585,1002549,U7538,61,rapidbus_kl
1002549,1001587,U7538,99,rapidbus_kl
1001587,1001589,U7538,26,rapidbus_kl
1001589,1008304,U7538,77,rapidbus_kl
1008304,1008305,U7538,21,rapidbus_kl
1008305,1000572,U7538,19,rapidbus_kl
1006655,1003358,U7548,145,rapidbus_kl
1003358,1002475,U7548,39,rapidbus_kl
1002475,1003272,U7548,57,rapidbus_kl
1003272,1003334,U7548,52,rapidbus_kl
1003334,1003305,U7548,27,rapidbus_kl
1003305,1001454,U7548,39,rapidbus_kl
1001454,1003583,U7548,48,rapidbus_kl
1003583,1000374,U7548,79,rapidbus_kl
1000374,1000024,U7548,39,rapidbus_kl
1000024,1003555,U7548,461,rapidbus_kl
1003555,1001305,U7548,330,rapidbus_kl
1001305,1000850,U7548,38,rapidbus_kl
1000850,1003705,U7548,194,rapidbus_kl
1003705,1003693,U7548,43,rapidbus_kl
1003693,1003694,U7548,31,rapidbus_kl
1003694,1003706,U7548,316,rapidbus_kl
1003706,1003707,U7548,38,rapidbus_kl
1003707,1003074,U7548,55,rapidbus_kl
1003074,1002788,U7548,486,rapidbus_kl
1002788,1000373,U7548,38,rapidbus_kl
1000373,1003582,U7548,81,rapidbus_kl
1003582,1001455,U7548,47,rapidbus_kl
1001455,1002731,U7548,48,rapidbus_kl
1002731,1000908,U7548,25,rapidbus_kl
1000908,1003273,U7548,52,rapidbus_kl
1003273,1002476,U7548,55,rapidbus_kl
1002476,1003359,U7548,39,rapidbus_kl
1003359,1006655,U7548,98,rapidbus_kl
1002297,1000857,U7700,46,rapidbus_kl
1000857,1002495,U7700,113,rapidbus_kl
1002495,1004276,U7700,51,rapidbus_kl
1004276,1002023,U7700,34,rapidbus_kl
1002023,1003335,U7700,23,rapidbus_kl
1003335,1002234,U7700,63,rapidbus_kl
1002234,1003301,U7700,21,rapidbus_kl
1003301,1000205,U7700,151,rapidbus_kl
1000205,1004210,U7700,384,rapidbus_kl
1004210,1002621,U7700,193,rapidbus_kl
1002621,1003857,U7700,157,rapidbus_kl
1003857,1006035,U7700,175,rapidbus_kl
1006035,1001509,U7700,93,rapidbus_kl
1001509,1000166,U7700,36,rapidbus_kl
1000166,1003174,U7700,161,rapidbus_kl
1003174,1001437,U7700,202,rapidbus_kl
1001437,1002696,U7700,100,rapidbus_kl
1002696,1003709,U7700,18,rapidbus_kl
1003709,1000522,U7700,68,rapidbus_kl
1000522,1001613,U7700,52,rapidbus_kl
1001613,1003080,U7700,36,rapidbus_kl
1003080,1003703,U7700,62,rapidbus_kl
1003703,1006526,U7700,78,rapidbus_kl
1006526,1000545,U7700,59,rapidbus_kl
1000545,1006590,U7700,67,rapidbus_kl
1006590,1006591,U7700,42,rapidbus_kl
1006591,1002112,U7700,56,rapidbus_kl
1002112,1000982,U7700,41,rapidbus_kl
1000982,1003236,U7700,72,rapidbus_kl
1003236,1004187,U7700,52,rapidbus_kl
1004187,1001529,U7700,51,rapidbus_kl
1001529,1008642,U7700,26,rapidbus_kl
1008642,1000883,U7700,21,rapidbus_kl
1000883,1009083,U7700,24,rapidbus_kl
1009083,1001859,U7700,42,rapidbus_kl
1001859,1002364,U7700,51,rapidbus_kl
1002364,1002122,U7700,34,rapidbus_kl
1002122,1008641,U7700,12,rapidbus_kl
1008641,1003290,U7700,20,rapidbus_kl
1003290,1004184,U7700,13,rapidbus_kl
1004184,1003291,U7700,40,rapidbus_kl
1003291,1002187,U7700,25,rapidbus_kl
1002187,1004306,U7700,41,rapidbus_kl
1004306,1002123,U7700,42,rapidbus_kl
1002123,1002758,U7700,52,rapidbus_kl
1002758,1001860,U7700,123,rapidbus_kl
1001860,1004185,U7700,23,rapidbus_kl
1004185,1000882,U7700,25,rapidbus_kl
1000882,1001938,U7700,72,rapidbus_kl
1001938,1006025,U7700,46,rapidbus_kl
1006025,1006026,U7700,20,rapidbus_kl
1006026,1002508,U7700,120,rapidbus_kl
1002508,1003702,U7700,142,rapidbus_kl
1003702,1002110,U7700,26,rapidbus_kl
1002110,1001758,U7700,58,rapidbus_kl
1001758,1000523,U7700,68,rapidbus_kl
1000523,1003708,U7700,16,rapidbus_kl
1003708,1001873,U7700,30,rapidbus_kl
1001873,1002624,U7700,89,rapidbus_kl
1002624,1008663,U7700,36,rapidbus_kl
1008663,1008664,U7700,188,rapidbus_kl
1008664,1002065,U7700,339,rapidbus_kl
1002065,1003173,U7700,373,rapidbus_kl
1003173,1001785,U7700,138,rapidbus_kl
1001785,1004272,U7700,121,rapidbus_kl
1004272,1002620,U7700,53,rapidbus_kl
1002620,1004209,U7700,78,rapidbus_kl
1004209,1000206,U7700,57,rapidbus_kl
1000206,1001512,U7700,55,rapidbus_kl
1001512,1004275,U7700,95,rapidbus_kl
1004275,1003588,U7700,94,rapidbus_kl
1003588,1002639,U7700,176,rapidbus_kl
1002639,1002297,U7700,139,rapidbus_kl
1004184,1003291,U7718,37,rapidbus_kl
1003291,1002187,U7718,18,rapidbus_kl
1002187,1004306,U7718,25,rapidbus_kl
1004306,1002123,U7718,11,rapidbus_kl
1002123,1002758,U7718,39,rapidbus_kl
1002758,1001860,U7718,46,rapidbus_kl
1001860,1004185,U7718,18,rapidbus_kl
1004185,1000882,U7718,40,rapidbus_kl
1000882,1003867,U7718,38,rapidbus_kl
1003867,1002922,U7718,59,rapidbus_kl
1002922,1003586,U7718,80,rapidbus_kl
1003586,1007719,U7718,51,rapidbus_kl
1007719,1002953,U7718,41,rapidbus_kl
1002953,1004186,U7718,98,rapidbus_kl
1004186,1002885,U7718,44,rapidbus_kl
1002885,1000787,U7718,88,rapidbus_kl
1000787,1002512,U7718,111,rapidbus_kl
1002512,1006525,U7718,48,rapidbus_kl
1006525,1002947,U7718,33,rapidbus_kl
1002947,1003696,U7718,33,rapidbus_kl
1003696,1000456,U7718,31,rapidbus_kl
1000456,1003280,U7718,99,rapidbus_kl
1003280,1000523,U7718,132,rapidbus_kl
1000523,1003708,U7718,23,rapidbus_kl
1003708,1008430,U7718,19,rapidbus_kl
1008430,1001873,U7718,32,rapidbus_kl
1001873,1000729,U7718,58,rapidbus_kl
1000729,1001435,U7718,15,rapidbus_kl
1001435,1001669,U7718,24,rapidbus_kl
1001669,1001437,U7718,107,rapidbus_kl
1001437,1003709,U7718,130,rapidbus_kl
1003709,1000522,U7718,55,rapidbus_kl
1000522,1000846,U7718,67,rapidbus_kl
1000846,1003140,U7718,56,rapidbus_kl
1003140,1003279,U7718,35,rapidbus_kl
1003279,1002020,U7718,44,rapidbus_kl
1002020,1000457,U7718,27,rapidbus_kl
1000457,1003695,U7718,30,rapidbus_kl
1003695,1000617,U7718,70,rapidbus_kl
1000617,1003086,U7718,49,rapidbus_kl
1003086,1003666,U7718,115,rapidbus_kl
1003666,1003587,U7718,90,rapidbus_kl
1003587,1003780,U7718,61,rapidbus_kl
1003780,1001503,U7718,67,rapidbus_kl
1001503,1007718,U7718,57,rapidbus_kl
1007718,1000159,U7718,37,rapidbus_kl
1000159,1004187,U7718,75,rapidbus_kl
1004187,1001529,U7718,83,rapidbus_kl
1001529,1000883,U7718,44,rapidbus_kl
1000883,1009083,U7718,41,rapidbus_kl
1009083,1001859,U7718,101,rapidbus_kl
1001859,1002364,U7718,45,rapidbus_kl
1002364,1002122,U7718,41,rapidbus_kl
1002122,1008641,U7718,26,rapidbus_kl
1008641,1003290,U7718,14,rapidbus_kl
1003290,1004184,U7718,42,rapidbus_kl
1004344,1000857,U7720,123,rapidbus_kl
1000857,1002495,U7720,43,rapidbus_kl
1002495,1004276,U7720,62,rapidbus_kl
1004276,1002023,U7720,42,rapidbus_kl
1002023,1002234,U7720,28,rapidbus_kl
1002234,1003608,U7720,111,rapidbus_kl
1003608,1002086,U7720,78,rapidbus_kl
1002086,1001788,U7720,55,rapidbus_kl
1001788,1002600,U7720,74,rapidbus_kl
1002600,1004110,U7720,98,rapidbus_kl
1004110,1000365,U7720,44,rapidbus_kl
1000365,1008143,U7720,75,rapidbus_kl
1008143,1001410,U7720,90,rapidbus_kl
1001410,1002621,U7720,147,rapidbus_kl
1002621,1003857,U7720,122,rapidbus_kl
1003857,1000166,U7720,114,rapidbus_kl
1000166,1003174,U7720,569,rapidbus_kl
1003174,1002064,U7720,107,rapidbus_kl
1002064,1000387,U7720,70,rapidbus_kl
1000387,1008324,U7720,497,rapidbus_kl
1008324,1003068,U7720,159,rapidbus_kl
1003068,1006589,U7720,210,rapidbus_kl
1006589,1006523,U7720,32,rapidbus_kl
1006523,1000104,U7720,189,rapidbus_kl
1000104,1003889,U7720,117,rapidbus_kl
1003889,1007346,U7720,137,rapidbus_kl
1007346,1002726,U7720,103,rapidbus_kl
1002726,1001421,U7720,91,rapidbus_kl
1001421,1003697,U7720,64,rapidbus_kl
1003697,1002047,U7720,67,rapidbus_kl
1002047,1002383,U7720,101,rapidbus_kl
1002383,1006785,U7720,63,rapidbus_kl
1006785,1002025,U7720,41,rapidbus_kl
1002025,1001446,U7720,85,rapidbus_kl
1001446,1004134,U7720,142,rapidbus_kl
1004134,1002581,U7720,109,rapidbus_kl
1002581,1008651,U7720,85,rapidbus_kl
1008651,1000062,U7720,31,rapidbus_kl
1000062,1004068,U7720,27,rapidbus_kl
1004068,1003175,U7720,102,rapidbus_kl
1003175,1002120,U7720,45,rapidbus_kl
1002120,1003699,U7720,75,rapidbus_kl
1003699,1002185,U7720,46,rapidbus_kl
1002185,1002121,U7720,119,rapidbus_kl
1002121,1002783,U7720,11,rapidbus_kl
1002783,1002120,U7720,29,rapidbus_kl
1002120,1002075,U7720,26,rapidbus_kl
1002075,1003699,U7720,32,rapidbus_kl
1002121,1003176,U7720,41,rapidbus_kl
1003176,1004069,U7720,101,rapidbus_kl
1004069,1001522,U7720,25,rapidbus_kl
1001522,1008650,U7720,21,rapidbus_kl
1008650,1002582,U7720,47,rapidbus_kl
1002582,1004133,U7720,123,rapidbus_kl
1004133,1001447,U7720,135,rapidbus_kl
1001447,1001733,U7720,37,rapidbus_kl
1001733,1002382,U7720,134,rapidbus_kl
1002382,1002046,U7720,34,rapidbus_kl
1002046,1003698,U7720,121,rapidbus_kl
1003698,1008652,U7720,67,rapidbus_kl
1008652,1002727,U7720,68,rapidbus_kl
1002727,1007347,U7720,81,rapidbus_kl
1007347,1008269,U7720,104,rapidbus_kl
1008269,1003890,U7720,116,rapidbus_kl
1003890,1000105,U7720,95,rapidbus_kl
1000105,1002473,U7720,50,rapidbus_kl
1002473,1000157,U7720,86,rapidbus_kl
1000157,1003767,U7720,185,rapidbus_kl
1003767,1006588,U7720,114,rapidbus_kl
1006588,1000388,U7720,472,rapidbus_kl
1000388,1002063,U7720,72,rapidbus_kl
1002063,1003173,U7720,78,rapidbus_kl
1003173,1001734,U7720,41,rapidbus_kl
1001734,1001785,U7720,160,rapidbus_kl
1001785,1004272,U7720,242,rapidbus_kl
1004272,1002620,U7720,159,rapidbus_kl
1002620,1001897,U7720,178,rapidbus_kl
1001897,1004178,U7720,46,rapidbus_kl
1004178,1003761,U7720,32,rapidbus_kl
1003761,1000366,U7720,49,rapidbus_kl
1000366,1001575,U7720,39,rapidbus_kl
1001575,1004098,U7720,35,rapidbus_kl
1004098,1002106,U7720,53,rapidbus_kl
1002106,1001787,U7720,65,rapidbus_kl
1001787,1003609,U7720,121,rapidbus_kl
1003609,1001512,U7720,62,rapidbus_kl
1001512,1004275,U7720,28,rapidbus_kl
1004275,1003588,U7720,101,rapidbus_kl
1003588,1002639,U7720,25,rapidbus_kl
1002639,1004344,U7720,167,rapidbus_kl
1004344,1000857,U7800,82,rapidbus_kl
1000857,1002495,U7800,28,rapidbus_kl
1002495,1004276,U7800,42,rapidbus_kl
1004276,1002023,U7800,28,rapidbus_kl
1002023,1003335,U7800,9,rapidbus_kl
1003335,1002234,U7800,9,rapidbus_kl
1002234,1003608,U7800,58,rapidbus_kl
1003608,1002086,U7800,52,rapidbus_kl
1002086,1001788,U7800,24,rapidbus_kl
1001788,1002600,U7800,49,rapidbus_kl
1002600,1004110,U7800,65,rapidbus_kl
1004110,1000365,U7800,43,rapidbus_kl
1000365,1008143,U7800,56,rapidbus_kl
1008143,1001410,U7800,53,rapidbus_kl
1001410,1004179,U7800,72,rapidbus_kl
1004179,1003630,U7800,26,rapidbus_kl
1003630,1002142,U7800,35,rapidbus_kl
1002142,1004272,U7800,38,rapidbus_kl
1004272,1003857,U7800,13,rapidbus_kl
1003857,1006035,U7800,19,rapidbus_kl
1006035,1001509,U7800,26,rapidbus_kl
1001509,1001785,U7800,36,rapidbus_kl
1001785,1003320,U7800,55,rapidbus_kl
1003320,1000484,U7800,33,rapidbus_kl
1000484,1001907,U7800,50,rapidbus_kl
1001907,1000419,U7800,36,rapidbus_kl
1000419,1002881,U7800,24,rapidbus_kl
1002881,1002950,U7800,28,rapidbus_kl
1002950,1003232,U7800,39,rapidbus_kl
1003232,1006226,U7800,33,rapidbus_kl
1006226,1002049,U7800,37,rapidbus_kl
1002049,1006254,U7800,91,rapidbus_kl
1006254,1001248,U7800,93,rapidbus_kl
1001248,1001431,U7800,91,rapidbus_kl
1001431,1002113,U7800,9,rapidbus_kl
1002113,1004277,U7800,22,rapidbus_kl
1004277,1001837,U7800,20,rapidbus_kl
1001837,1000297,U7800,33,rapidbus_kl
1000297,1000248,U7800,118,rapidbus_kl
1000248,1000990,U7800,95,rapidbus_kl
1000990,1002389,U7800,79,rapidbus_kl
1002389,1003240,U7800,43,rapidbus_kl
1003240,1007091,U7800,73,rapidbus_kl
1007091,1000462,U7800,57,rapidbus_kl
1000462,1007070,U7800,90,rapidbus_kl
1007070,1001047,U7800,60,rapidbus_kl
1001047,1000789,U7800,40,rapidbus_kl
1000789,1000700,U7800,22,rapidbus_kl
1000700,1000254,U7800,16,rapidbus_kl
1000254,1002759,U7800,16,rapidbus_kl
1002759,1007063,U7800,40,rapidbus_kl
1007063,1002299,U7800,75,rapidbus_kl
1002299,1001277,U7800,87,rapidbus_kl
1001277,1003314,U7800,101,rapidbus_kl
1003314,1003986,U7800,63,rapidbus_kl
1003986,1007063,U7800,114,rapidbus_kl
1007063,1004308,U7800,58,rapidbus_kl
1004308,1003156,U7800,196,rapidbus_kl
1003156,1002299,U7800,54,rapidbus_kl
1003986,1004026,U7800,69,rapidbus_kl
1004026,1000213,U7800,72,rapidbus_kl
1000213,1002760,U7800,12,rapidbus_kl
1002760,1000699,U7800,24,rapidbus_kl
1000699,1000788,U7800,19,rapidbus_kl
1000788,1000790,U7800,28,rapidbus_kl
1000790,1000892,U7800,11,rapidbus_kl
1000892,1006281,U7800,36,rapidbus_kl
1006281,1007309,U7800,29,rapidbus_kl
1007309,1008655,U7800,66,rapidbus_kl
1008655,1001932,U7800,54,rapidbus_kl
1001932,1000112,U7800,22,rapidbus_kl
1000112,1000146,U7800,44,rapidbus_kl
1000146,1001194,U7800,23,rapidbus_kl
1001194,1000752,U7800,47,rapidbus_kl
1000752,1000724,U7800,37,rapidbus_kl
1000724,1000891,U7800,19,rapidbus_kl
1000891,1000463,U7800,81,rapidbus_kl
1000463,1007078,U7800,54,rapidbus_kl
1007078,1002235,U7800,53,rapidbus_kl
1002235,1002388,U7800,61,rapidbus_kl
1002388,1000991,U7800,95,rapidbus_kl
1000991,1003194,U7800,151,rapidbus_kl
1003194,1000249,U7800,158,rapidbus_kl
1000249,1007127,U7800,146,rapidbus_kl
1007127,1001064,U7800,87,rapidbus_kl
1001064,1000232,U7800,44,rapidbus_kl
1000232,1004278,U7800,45,rapidbus_kl
1004278,1000036,U7800,42,rapidbus_kl
1000036,1000371,U7800,82,rapidbus_kl
1000371,1001276,U7800,134,rapidbus_kl
1001276,1002752,U7800,44,rapidbus_kl
1002752,1003456,U7800,38,rapidbus_kl
1003456,1003204,U7800,28,rapidbus_kl
1003204,1003336,U7800,43,rapidbus_kl
1003336,1001195,U7800,29,rapidbus_kl
1001195,1000518,U7800,30,rapidbus_kl
1000518,1004135,U7800,24,rapidbus_kl
1004135,1000270,U7800,50,rapidbus_kl
1000270,1003392,U7800,31,rapidbus_kl
1003392,1000671,U7800,73,rapidbus_kl
1000671,1002617,U7800,140,rapidbus_kl
1002617,1001897,U7800,128,rapidbus_kl
1001897,1004178,U7800,33,rapidbus_kl
1004178,1003761,U7800,23,rapidbus_kl
1003761,1000366,U7800,35,rapidbus_kl
1000366,1001575,U7800,28,rapidbus_kl
1001575,1004098,U7800,24,rapidbus_kl
1004098,1002106,U7800,15,rapidbus_kl
1002106,1001787,U7800,26,rapidbus_kl
1001787,1003609,U7800,20,rapidbus_kl
1003609,1001512,U7800,22,rapidbus_kl
1001512,1004275,U7800,34,rapidbus_kl
1004275,1003588,U7800,32,rapidbus_kl
1003588,1002639,U7800,16,rapidbus_kl
1002639,1004344,U7800,44,rapidbus_kl
1004340,1002495,U7828,50,rapidbus_kl
1002495,1004276,U7828,35,rapidbus_kl
1004276,1002023,U7828,74,rapidbus_kl
1002023,1002234,U7828,33,rapidbus_kl
1002234,1003608,U7828,83,rapidbus_kl
1003608,1002086,U7828,64,rapidbus_kl
1002086,1001788,U7828,141,rapidbus_kl
1001788,1002600,U7828,42,rapidbus_kl
1002600,1004110,U7828,36,rapidbus_kl
1004110,1000096,U7828,36,rapidbus_kl
1000096,1003431,U7828,21,rapidbus_kl
1003431,1001045,U7828,38,rapidbus_kl
1001045,1001539,U7828,105,rapidbus_kl
1001539,1002301,U7828,65,rapidbus_kl
1002301,1003039,U7828,55,rapidbus_kl
1003039,1000582,U7828,36,rapidbus_kl
1000582,1002498,U7828,28,rapidbus_kl
1002498,1003809,U7828,108,rapidbus_kl
1003809,1001082,U7828,33,rapidbus_kl
1001082,1001081,U7828,45,rapidbus_kl
1001081,1003550,U7828,68,rapidbus_kl
1003550,1003646,U7828,84,rapidbus_kl
1003646,1001926,U7828,78,rapidbus_kl
1001926,1003457,U7828,33,rapidbus_kl
1003457,1003674,U7828,23,rapidbus_kl
1003674,1002425,U7828,196,rapidbus_kl
1002425,1009134,U7828,56,rapidbus_kl
1009134,1003891,U7828,134,rapidbus_kl
1003891,1001844,U7828,141,rapidbus_kl
1001844,1009132,U7828,34,rapidbus_kl
1009132,1009133,U7828,15,rapidbus_kl
1009133,1001080,U7828,14,rapidbus_kl
1001080,1001083,U7828,43,rapidbus_kl
1001083,1003810,U7828,41,rapidbus_kl
1003810,1002497,U7828,106,rapidbus_kl
1002497,1000581,U7828,80,rapidbus_kl
1000581,1003014,U7828,36,rapidbus_kl
1003014,1002300,U7828,75,rapidbus_kl
1002300,1001538,U7828,100,rapidbus_kl
1001538,1002877,U7828,92,rapidbus_kl
1002877,1000261,U7828,124,rapidbus_kl
1000261,1001719,U7828,168,rapidbus_kl
1001719,1000095,U7828,24,rapidbus_kl
1000095,1001706,U7828,16,rapidbus_kl
1001706,1001575,U7828,53,rapidbus_kl
1001575,1004098,U7828,76,rapidbus_kl
1004098,1002106,U7828,25,rapidbus_kl
1002106,1001787,U7828,13,rapidbus_kl
1001787,1003609,U7828,38,rapidbus_kl
1003609,1001512,U7828,40,rapidbus_kl
1001512,1004275,U7828,23,rapidbus_kl
1004275,1001096,U7828,38,rapidbus_kl
1001096,1004340,U7828,85,rapidbus_kl
1001804,1003347,U7830,135,rapidbus_kl
1003347,1002595,U7830,102,rapidbus_kl
1002595,1001436,U7830,580,rapidbus_kl
1001436,1004119,U7830,43,rapidbus_kl
1004119,1000460,U7830,19,rapidbus_kl
1000460,1006266,U7830,37,rapidbus_kl
1006266,1008640,U7830,24,rapidbus_kl
1008640,1006267,U7830,22,rapidbus_kl
1006267,1003709,U7830,70,rapidbus_kl
1003709,1000522,U7830,64,rapidbus_kl
1000522,1003140,U7830,140,rapidbus_kl
1003140,1003279,U7830,41,rapidbus_kl
1003279,1002020,U7830,58,rapidbus_kl
1002020,1000457,U7830,32,rapidbus_kl
1000457,1003695,U7830,35,rapidbus_kl
1003695,1000646,U7830,56,rapidbus_kl
1000646,1003087,U7830,56,rapidbus_kl
1003087,1000388,U7830,527,rapidbus_kl
1000388,1004221,U7830,183,rapidbus_kl
1004221,1002200,U7830,247,rapidbus_kl
1002200,1001508,U7830,86,rapidbus_kl
1001508,1001805,U7830,157,rapidbus_kl
1001805,1001169,U7830,86,rapidbus_kl
1001169,1001804,U7830,200,rapidbus_kl
1000311,1001654,U8210,56,rapidbus_kl
1001654,1002251,U8210,48,rapidbus_kl
1002251,1002252,U8210,54,rapidbus_kl
1002252,1000910,U8210,91,rapidbus_kl
1000910,1001719,U8210,66,rapidbus_kl
1001719,1000095,U8210,115,rapidbus_kl
1000095,1001706,U8210,86,rapidbus_kl
1001706,1001575,U8210,39,rapidbus_kl
1001575,1004098,U8210,54,rapidbus_kl
1004098,1002106,U8210,81,rapidbus_kl
1002106,1001787,U8210,102,rapidbus_kl
1001787,1003609,U8210,187,rapidbus_kl
1003609,1001512,U8210,96,rapidbus_kl
1001512,1004275,U8210,204,rapidbus_kl
1004275,1001096,U8210,95,rapidbus_kl
1001096,1000220,U8210,41,rapidbus_kl
1000220,1008294,U8210,51,rapidbus_kl
1008294,1004345,U8210,34,rapidbus_kl
1004345,1000857,U8210,77,rapidbus_kl
1000857,1002495,U8210,61,rapidbus_kl
1002495,1004276,U8210,87,rapidbus_kl
1004276,1002023,U8210,60,rapidbus_kl
1002023,1002234,U8210,56,rapidbus_kl
1002234,1003608,U8210,145,rapidbus_kl
1003608,1002086,U8210,110,rapidbus_kl
1002086,1001788,U8210,49,rapidbus_kl
1001788,1002600,U8210,104,rapidbus_kl
1002600,1004110,U8210,138,rapidbus_kl
1004110,1000096,U8210,125,rapidbus_kl
1000096,1000762,U8210,152,rapidbus_kl
1000762,1000763,U8210,24,rapidbus_kl
1000763,1002608,U8210,42,rapidbus_kl
1002608,1000831,U8210,55,rapidbus_kl
1000831,1000608,U8210,39,rapidbus_kl
1000608,1000312,U8210,59,rapidbus_kl
1000312,1000311,U8210,117,rapidbus_kl
1001787,1003608,U8220,131,rapidbus_kl
1003608,1002086,U8220,67,rapidbus_kl
1002086,1001788,U8220,29,rapidbus_kl
1001788,1002030,U8220,190,rapidbus_kl
1002030,1002921,U8220,268,rapidbus_kl
1002921,1002215,U8220,93,rapidbus_kl
1002215,1000228,U8220,18,rapidbus_kl
1000228,1002357,U8220,18,rapidbus_kl
1002357,1002944,U8220,24,rapidbus_kl
1002944,1003504,U8220,25,rapidbus_kl
1003504,1008142,U8220,46,rapidbus_kl
1008142,1002093,U8220,54,rapidbus_kl
1002093,1003371,U8220,54,rapidbus_kl
1003371,1000225,U8220,58,rapidbus_kl
1000225,1002918,U8220,93,rapidbus_kl
1002918,1002905,U8220,31,rapidbus_kl
1002905,1002901,U8220,21,rapidbus_kl
1002901,1002886,U8220,23,rapidbus_kl
1002886,1002883,U8220,25,rapidbus_kl
1002883,1002964,U8220,11,rapidbus_kl
1002964,1000061,U8220,22,rapidbus_kl
1000061,1000534,U8220,31,rapidbus_kl
1000534,1000519,U8220,68,rapidbus_kl
1000519,1001787,U8220,40,rapidbus_kl
1000031,1008686,P0040,38,rapidbus_kl
1008686,1008687,P0040,79,rapidbus_kl
1008687,1002192,P0040,163,rapidbus_kl
1003626,1001341,P0040,39,rapidbus_kl
1001341,1000837,P0040,69,rapidbus_kl
1003414,1008688,P0040,63,rapidbus_kl
1008688,1006225,P0040,34,rapidbus_kl
1006225,1003232,P0040,75,rapidbus_kl
1000204,1008689,P0040,46,rapidbus_kl
1008689,1006038,P0040,38,rapidbus_kl
1001276,1002049,P0040,62,rapidbus_kl
1002049,1000639,P0040,60,rapidbus_kl
1008007,1006723,S1070,115,rapidbus_kl
1006723,1006724,S1070,54,rapidbus_kl
1006724,1007180,S1070,122,rapidbus_kl
1007180,1008003,S1070,45,rapidbus_kl
1008003,1007181,S1070,30,rapidbus_kl
1007181,1007182,S1070,55,rapidbus_kl
1007182,1007183,S1070,276,rapidbus_kl
1007183,1006754,S1070,126,rapidbus_kl
1000184,1003022,S1070,114,rapidbus_kl
1003022,1003590,S1070,65,rapidbus_kl
1003590,1003374,S1070,48,rapidbus_kl
1003374,1002212,S1070,55,rapidbus_kl
1002212,1002468,S1070,20,rapidbus_kl
1002468,1003007,S1070,73,rapidbus_kl
1003007,1003180,S1070,44,rapidbus_kl
1003180,1007176,S1070,72,rapidbus_kl
1002693,1008435,T6050,189,rapidbus_kl
1008435,1000917,T6050,134,rapidbus_kl
1003691,1001545,U3000,23,rapidbus_kl
1001545,1001652,U3000,60,rapidbus_kl
1001647,1000636,U3000,37,rapidbus_kl
1000636,1002320,U3000,68,rapidbus_kl
1008108,1000964,U3000,135,rapidbus_kl
