from_stop_id,to_stop_id,route_id,travel_time_s,operator
12002114,12000007,30000001,36,rapidbus_penang
12000007,12001916,30000001,51,rapidbus_penang
12001916,12001918,30000001,43,rapidbus_penang
12001918,12001920,30000001,35,rapidbus_penang
12001920,12001922,30000001,58,rapidbus_penang
12001922,12001064,30000001,45,rapidbus_penang
12001064,12001061,30000001,29,rapidbus_penang
12001061,12002116,30000001,112,rapidbus_penang
12002116,12000356,30000001,140,rapidbus_penang
12000356,12000357,30000001,82,rapidbus_penang
12000357,12000358,30000001,41,rapidbus_penang
12000358,12003016,30000001,80,rapidbus_penang
12003016,12000360,30000001,38,rapidbus_penang
12000360,12000972,30000001,60,rapidbus_penang
12000972,12000718,30000001,42,rapidbus_penang
12000718,12000719,30000001,26,rapidbus_penang
12000719,12000720,30000001,39,rapidbus_penang
12000720,12000721,30000001,24,rapidbus_penang
12000721,12000722,30000001,23,rapidbus_penang
12000722,12000723,30000001,32,rapidbus_penang
12000723,12000724,30000001,48,rapidbus_penang
12000724,12000726,30000001,43,rapidbus_penang
12000726,12000727,30000001,46,rapidbus_penang
12000727,12001644,30000001,108,rapidbus_penang
12001644,12001646,30000001,64,rapidbus_penang
12001646,12001648,30000001,49,rapidbus_penang
12001648,12001650,30000001,54,rapidbus_penang
12001650,12001652,30000001,36,rapidbus_penang
12001652,12001654,30000001,58,rapidbus_penang
12001654,12001655,30000001,45,rapidbus_penang
12001655,12002249,30000001,43,rapidbus_penang
12002249,12001658,30000001,54,rapidbus_penang
12001658,12001659,30000001,68,rapidbus_penang
12001659,12001661,30000001,48,rapidbus_penang
12001661,12001663,30000001,64,rapidbus_penang
12001663,12001672,30000001,203,rapidbus_penang
12001672,12001675,30000001,85,rapidbus_penang
12001675,12001673,30000001,43,rapidbus_penang
12001673,12001668,30000001,52,rapidbus_penang
12001668,12001669,30000001,36,rapidbus_penang
12001669,12001676,30000001,45,rapidbus_penang
12001676,12003014,30000001,60,rapidbus_penang
12003014,12000212,30000001,63,rapidbus_penang
12000212,12000222,30000001,102,rapidbus_penang
12000222,12000227,30000001,104,rapidbus_penang
12000227,12000234,30000001,90,rapidbus_penang
12000234,12000229,30000001,35,rapidbus_penang
12000229,12002250,30000001,57,rapidbus_penang
12002250,12000231,30000001,57,rapidbus_penang
12000231,12002210,30000001,58,rapidbus_penang
12002210,12000238,30000001,45,rapidbus_penang
12000238,12000235,30000001,153,rapidbus_penang
12000235,12000225,30000001,43,rapidbus_penang
12000225,12000223,30000001,58,rapidbus_penang
12000223,12000220,30000001,39,rapidbus_penang
12000220,12000218,30000001,41,rapidbus_penang
12000218,12000216,30000001,48,rapidbus_penang
12000216,12000214,30000001,30,rapidbus_penang
12000214,12000210,30000001,43,rapidbus_penang
12000210,12000207,30000001,83,rapidbus_penang
12000207,12002251,30000001,51,rapidbus_penang
12002251,12000204,30000001,52,rapidbus_penang
12000204,12000202,30000001,260,rapidbus_penang
12000202,12002975,30000001,228,rapidbus_penang
12002975,12001766,30000001,60,rapidbus_penang
12001766,12001763,30000001,51,rapidbus_penang
12001763,12002223,30000001,38,rapidbus_penang
12002223,12002224,30000001,24,rapidbus_penang
12002224,12002200,30000001,64,rapidbus_penang
12002200,12001752,30000001,51,rapidbus_penang
12001752,12001750,30000001,29,rapidbus_penang
12001750,12001754,30000001,33,rapidbus_penang
12001754,12001756,30000001,102,rapidbus_penang
12001756,12001760,30000001,79,rapidbus_penang
12001760,12001757,30000001,65,rapidbus_penang
12001757,12002252,30000001,35,rapidbus_penang
12002252,12001765,30000001,52,rapidbus_penang
12001765,12001761,30000001,61,rapidbus_penang
12001761,12001758,30000001,39,rapidbus_penang
12001758,12001759,30000001,38,rapidbus_penang
12001759,12001762,30000001,30,rapidbus_penang
12001762,12001764,30000001,121,rapidbus_penang
12001764,12001767,30000001,81,rapidbus_penang
12001767,12002976,30000001,31,rapidbus_penang
12002976,12000203,30000001,220,rapidbus_penang
12000203,12000205,30000001,264,rapidbus_penang
12000205,12002230,30000001,55,rapidbus_penang
12002230,12000206,30000001,40,rapidbus_penang
12000206,12002204,30000001,81,rapidbus_penang
12002204,12000215,30000001,81,rapidbus_penang
12000215,12000217,30000001,44,rapidbus_penang
12000217,12000221,30000001,49,rapidbus_penang
12000221,12000224,30000001,42,rapidbus_penang
12000224,12000228,30000001,57,rapidbus_penang
12000228,12000236,30000001,45,rapidbus_penang
12000236,12000239,30000001,49,rapidbus_penang
12000239,12000237,30000001,107,rapidbus_penang
12000237,12002253,30000001,51,rapidbus_penang
12002253,12000232,30000001,55,rapidbus_penang
12000232,12000230,30000001,108,rapidbus_penang
12000230,12000233,30000001,35,rapidbus_penang
12000233,12000226,30000001,104,rapidbus_penang
12000226,12000219,30000001,102,rapidbus_penang
12000219,12000213,30000001,95,rapidbus_penang
12000213,12000208,30000001,46,rapidbus_penang
12000208,12001677,30000001,84,rapidbus_penang
12001677,12001671,30000001,45,rapidbus_penang
12001671,12001670,30000001,44,rapidbus_penang
12001670,12001678,30000001,60,rapidbus_penang
12001678,12001679,30000001,46,rapidbus_penang
12001679,12001674,30000001,51,rapidbus_penang
12001674,12001667,30000001,113,rapidbus_penang
12001667,12001664,30000001,107,rapidbus_penang
12001664,12001662,30000001,63,rapidbus_penang
12001662,12001660,30000001,55,rapidbus_penang
12001660,12001657,30000001,82,rapidbus_penang
12001657,12001656,30000001,66,rapidbus_penang
12001656,12001653,30000001,78,rapidbus_penang
12001653,12001651,30000001,48,rapidbus_penang
12001651,12001649,30000001,68,rapidbus_penang
12001649,12001647,30000001,70,rapidbus_penang
12001647,12001645,30000001,62,rapidbus_penang
12001645,12000105,30000001,41,rapidbus_penang
12000105,12000102,30000001,64,rapidbus_penang
12000102,12000101,30000001,45,rapidbus_penang
12000101,12000371,30000001,48,rapidbus_penang
12000371,12000369,30000001,57,rapidbus_penang
12000369,12000368,30000001,44,rapidbus_penang
12000368,12000367,30000001,41,rapidbus_penang
12000367,12000365,30000001,78,rapidbus_penang
12000365,12000363,30000001,56,rapidbus_penang
12000363,12000362,30000001,37,rapidbus_penang
12000362,12000361,30000001,35,rapidbus_penang
12000361,12001084,30000001,96,rapidbus_penang
12001084,12001083,30000001,38,rapidbus_penang
12001083,12000833,30000001,49,rapidbus_penang
12000833,12000832,30000001,52,rapidbus_penang
12000832,12000831,30000001,45,rapidbus_penang
12000831,12000829,30000001,51,rapidbus_penang
12000829,12000828,30000001,78,rapidbus_penang
12000828,12001060,30000001,41,rapidbus_penang
12001060,12001832,30000001,86,rapidbus_penang
12001832,12001835,30000001,57,rapidbus_penang
12001835,12001399,30000001,34,rapidbus_penang
12001399,12001397,30000001,31,rapidbus_penang
12001397,12001921,30000001,57,rapidbus_penang
12001921,12001919,30000001,53,rapidbus_penang
12001919,12001917,30000001,62,rapidbus_penang
12001917,12002318,30000001,63,rapidbus_penang
12002318,12002056,30000001,42,rapidbus_penang
12002056,12002058,30000001,77,rapidbus_penang
12002058,12002971,30000001,26,rapidbus_penang
12002971,12001943,30000001,20,rapidbus_penang
12001943,12002972,30000001,49,rapidbus_penang
12002972,12002057,30000001,45,rapidbus_penang
12002057,12002114,30000001,118,rapidbus_penang
12002624,12002625,30000089,60,rapidbus_penang
12002625,12002626,30000089,60,rapidbus_penang
12002626,12002627,30000089,39,rapidbus_penang
12002627,12002628,30000089,65,rapidbus_penang
12002628,12002629,30000089,51,rapidbus_penang
12002629,12002630,30000089,99,rapidbus_penang
12002630,12002631,30000089,166,rapidbus_penang
12002631,12002632,30000089,44,rapidbus_penang
12002632,12002633,30000089,28,rapidbus_penang
12002633,12000644,30000089,25,rapidbus_penang
12000644,12000650,30000089,112,rapidbus_penang
12000650,12000649,30000089,76,rapidbus_penang
12000649,12000648,30000089,71,rapidbus_penang
12000648,12000647,30000089,67,rapidbus_penang
12000647,12000646,30000089,52,rapidbus_penang
12000646,12000645,30000089,58,rapidbus_penang
12000645,12000508,30000089,103,rapidbus_penang
12000508,12000488,30000089,38,rapidbus_penang
12000488,12000489,30000089,33,rapidbus_penang
12000489,12000491,30000089,29,rapidbus_penang
12000491,12000493,30000089,42,rapidbus_penang
12000493,12000496,30000089,93,rapidbus_penang
12000496,12000497,30000089,35,rapidbus_penang
12000497,12000498,30000089,38,rapidbus_penang
12000498,12000501,30000089,30,rapidbus_penang
12000501,12000503,30000089,26,rapidbus_penang
12000503,12000506,30000089,69,rapidbus_penang
12000506,12000504,30000089,40,rapidbus_penang
12000504,12000502,30000089,28,rapidbus_penang
12000502,12001558,30000089,78,rapidbus_penang
12001558,12001556,30000089,60,rapidbus_penang
12001556,12001555,30000089,60,rapidbus_penang
12001555,12001553,30000089,77,rapidbus_penang
12001553,12001551,30000089,23,rapidbus_penang
12001551,12001549,30000089,29,rapidbus_penang
12001549,12001547,30000089,111,rapidbus_penang
12001547,12002117,30000089,89,rapidbus_penang
12002117,12001543,30000089,28,rapidbus_penang
12001543,12001541,30000089,55,rapidbus_penang
12001541,12001530,30000089,87,rapidbus_penang
12001530,12001522,30000089,46,rapidbus_penang
12001522,12001513,30000089,40,rapidbus_penang
12001513,12001517,30000089,20,rapidbus_penang
12001517,12001518,30000089,31,rapidbus_penang
12001518,12001520,30000089,40,rapidbus_penang
12001520,12001527,30000089,154,rapidbus_penang
12001527,12001531,30000089,47,rapidbus_penang
12001531,12001534,30000089,41,rapidbus_penang
12001534,12001537,30000089,28,rapidbus_penang
12001537,12001594,30000089,29,rapidbus_penang
12001594,12001593,30000089,30,rapidbus_penang
12001593,12002550,30000089,35,rapidbus_penang
12002550,12002392,30000089,25,rapidbus_penang
12002392,12000098,30000089,240,rapidbus_penang
12000098,12002551,30000089,20,rapidbus_penang
12002551,12000094,30000089,45,rapidbus_penang
12000094,12000092,30000089,63,rapidbus_penang
12000092,12000091,30000089,49,rapidbus_penang
12000091,12000088,30000089,63,rapidbus_penang
12000088,12000605,30000089,56,rapidbus_penang
12000605,12000603,30000089,31,rapidbus_penang
12000603,12000601,30000089,31,rapidbus_penang
12000601,12000124,30000089,96,rapidbus_penang
12000124,12000122,30000089,47,rapidbus_penang
12000122,12000121,30000089,67,rapidbus_penang
12000121,12002549,30000089,35,rapidbus_penang
12002549,12002322,30000089,117,rapidbus_penang
12002322,12000120,30000089,406,rapidbus_penang
12000120,12000123,30000089,88,rapidbus_penang
12000123,12000125,30000089,55,rapidbus_penang
12000125,12000600,30000089,59,rapidbus_penang
12000600,12000602,30000089,35,rapidbus_penang
12000602,12000604,30000089,48,rapidbus_penang
12000604,12000606,30000089,51,rapidbus_penang
12000606,12000089,30000089,57,rapidbus_penang
12000089,12000090,30000089,19,rapidbus_penang
12000090,12002544,30000089,50,rapidbus_penang
12002544,12000093,30000089,46,rapidbus_penang
12000093,12000095,30000089,52,rapidbus_penang
12000095,12000097,30000089,33,rapidbus_penang
12000097,12001997,30000089,52,rapidbus_penang
12001997,12001590,30000089,177,rapidbus_penang
12001590,12001591,30000089,38,rapidbus_penang
12001591,12001592,30000089,35,rapidbus_penang
12001592,12001595,30000089,32,rapidbus_penang
12001595,12001539,30000089,31,rapidbus_penang
12001539,12001536,30000089,29,rapidbus_penang
12001536,12001533,30000089,46,rapidbus_penang
12001533,12001529,30000089,52,rapidbus_penang
12001529,12001525,30000089,31,rapidbus_penang
12001525,12001521,30000089,115,rapidbus_penang
12001521,12001516,30000089,72,rapidbus_penang
12001516,12001514,30000089,14,rapidbus_penang
12001514,12001523,30000089,48,rapidbus_penang
12001523,12001526,30000089,36,rapidbus_penang
12001526,12001540,30000089,91,rapidbus_penang
12001540,12001542,30000089,61,rapidbus_penang
12001542,12001545,30000089,36,rapidbus_penang
12001545,12001546,30000089,35,rapidbus_penang
12001546,12001548,30000089,74,rapidbus_penang
12001548,12001550,30000089,107,rapidbus_penang
12001550,12001552,30000089,29,rapidbus_penang
12001552,12001554,30000089,91,rapidbus_penang
12001554,12001557,30000089,72,rapidbus_penang
12001557,12001559,30000089,69,rapidbus_penang
12001559,12000507,30000089,134,rapidbus_penang
12000507,12000505,30000089,76,rapidbus_penang
12000505,12000500,30000089,35,rapidbus_penang
12000500,12000499,30000089,29,rapidbus_penang
12000499,12000495,30000089,73,rapidbus_penang
12000495,12000494,30000089,95,rapidbus_penang
12000494,12000492,30000089,36,rapidbus_penang
12000492,12000490,30000089,28,rapidbus_penang
12000490,12000487,30000089,48,rapidbus_penang
12000487,12000486,30000089,39,rapidbus_penang
12000486,12000484,30000089,89,rapidbus_penang
12000484,12000639,30000089,76,rapidbus_penang
12000639,12000640,30000089,61,rapidbus_penang
12000640,12000641,30000089,19,rapidbus_penang
12000641,12000642,30000089,129,rapidbus_penang
12000642,12000643,30000089,160,rapidbus_penang
12000643,12002611,30000089,20,rapidbus_penang
12002611,12002612,30000089,21,rapidbus_penang
12002612,12002613,30000089,31,rapidbus_penang
12002613,12002614,30000089,51,rapidbus_penang
12002614,12002619,30000089,186,rapidbus_penang
12002619,12002620,30000089,73,rapidbus_penang
12002620,12002622,30000089,62,rapidbus_penang
12002622,12002621,30000089,105,rapidbus_penang
12002621,12002623,30000089,76,rapidbus_penang
12002623,12002624,30000089,96,rapidbus_penang
12002211,12001418,30000002,221,rapidbus_penang
12001418,12001422,30000002,126,rapidbus_penang
12001422,12001423,30000002,53,rapidbus_penang
12001423,12001425,30000002,74,rapidbus_penang
12001425,12001427,30000002,108,rapidbus_penang
12001427,12001460,30000002,104,rapidbus_penang
12001460,12001432,30000002,144,rapidbus_penang
12001432,12001435,30000002,141,rapidbus_penang
12001435,12001437,30000002,36,rapidbus_penang
12001437,12001439,30000002,35,rapidbus_penang
12001439,12002139,30000002,54,rapidbus_penang
12002139,12001443,30000002,70,rapidbus_penang
12001443,12001445,30000002,53,rapidbus_penang
12001445,12001446,30000002,58,rapidbus_penang
12001446,12002207,30000002,22,rapidbus_penang
12002207,12001448,30000002,53,rapidbus_penang
12001448,12001450,30000002,101,rapidbus_penang
12001450,12001452,30000002,79,rapidbus_penang
12001452,12001455,30000002,76,rapidbus_penang
12001455,12001457,30000002,52,rapidbus_penang
12001457,12001459,30000002,63,rapidbus_penang
12001459,12000860,30000002,148,rapidbus_penang
12000860,12000864,30000002,62,rapidbus_penang
12000864,12000866,30000002,61,rapidbus_penang
12000866,12000868,30000002,62,rapidbus_penang
12000868,12000871,30000002,74,rapidbus_penang
12000871,12000873,30000002,32,rapidbus_penang
12000873,12000073,30000002,91,rapidbus_penang
12000073,12000074,30000002,61,rapidbus_penang
12000074,12000448,30000002,58,rapidbus_penang
12000448,12000460,30000002,59,rapidbus_penang
12000460,12000455,30000002,77,rapidbus_penang
12000455,12000445,30000002,51,rapidbus_penang
12000445,12000453,30000002,55,rapidbus_penang
12000453,12000459,30000002,31,rapidbus_penang
12000459,12000462,30000002,28,rapidbus_penang
12000462,12001060,30000002,30,rapidbus_penang
12001060,12002116,30000002,96,rapidbus_penang
12002116,12000827,30000002,44,rapidbus_penang
12000827,12000830,30000002,67,rapidbus_penang
12000830,12002208,30000002,62,rapidbus_penang
12002208,12000051,30000002,39,rapidbus_penang
12000051,12001080,30000002,77,rapidbus_penang
12001080,12002203,30000002,64,rapidbus_penang
12002203,12001086,30000002,130,rapidbus_penang
12001086,12000361,30000002,30,rapidbus_penang
12000361,12000970,30000002,28,rapidbus_penang
12000970,12000972,30000002,16,rapidbus_penang
12000972,12000718,30000002,31,rapidbus_penang
12000718,12000719,30000002,20,rapidbus_penang
12000719,12000720,30000002,30,rapidbus_penang
12000720,12000721,30000002,16,rapidbus_penang
12000721,12000722,30000002,18,rapidbus_penang
12000722,12000723,30000002,23,rapidbus_penang
12000723,12000724,30000002,37,rapidbus_penang
12000724,12000726,30000002,32,rapidbus_penang
12000726,12000727,30000002,35,rapidbus_penang
12000727,12001644,30000002,81,rapidbus_penang
12001644,12001646,30000002,48,rapidbus_penang
12001646,12001648,30000002,38,rapidbus_penang
12001648,12001650,30000002,40,rapidbus_penang
12001650,12001382,30000002,92,rapidbus_penang
12001382,12001385,30000002,166,rapidbus_penang
12001385,12001386,30000002,74,rapidbus_penang
12001386,12001658,30000002,33,rapidbus_penang
12001658,12001659,30000002,52,rapidbus_penang
12001659,12001661,30000002,35,rapidbus_penang
12001661,12001663,30000002,48,rapidbus_penang
12001663,12001672,30000002,155,rapidbus_penang
12001672,12001675,30000002,65,rapidbus_penang
12001675,12001673,30000002,33,rapidbus_penang
12001673,12001668,30000002,39,rapidbus_penang
12001668,12001669,30000002,28,rapidbus_penang
12001669,12001676,30000002,33,rapidbus_penang
12001676,12003014,30000002,45,rapidbus_penang
12003014,12000212,30000002,47,rapidbus_penang
12000212,12000222,30000002,79,rapidbus_penang
12000222,12000227,30000002,79,rapidbus_penang
12000227,12000234,30000002,69,rapidbus_penang
12000234,12000229,30000002,26,rapidbus_penang
12000229,12002250,30000002,41,rapidbus_penang
12002250,12000231,30000002,43,rapidbus_penang
12000231,12002210,30000002,44,rapidbus_penang
12002210,12000238,30000002,33,rapidbus_penang
12000238,12000235,30000002,118,rapidbus_penang
12000235,12000225,30000002,33,rapidbus_penang
12000225,12000223,30000002,44,rapidbus_penang
12000223,12000220,30000002,29,rapidbus_penang
12000220,12000218,30000002,30,rapidbus_penang
12000218,12000216,30000002,36,rapidbus_penang
12000216,12000214,30000002,22,rapidbus_penang
12000214,12000210,30000002,31,rapidbus_penang
12000210,12000207,30000002,64,rapidbus_penang
12000207,12002251,30000002,38,rapidbus_penang
12002251,12000204,30000002,40,rapidbus_penang
12000204,12000202,30000002,201,rapidbus_penang
12000202,12002975,30000002,176,rapidbus_penang
12002975,12001766,30000002,44,rapidbus_penang
12001766,12001763,30000002,39,rapidbus_penang
12001763,12002223,30000002,29,rapidbus_penang
12002223,12002224,30000002,18,rapidbus_penang
12002224,12002200,30000002,48,rapidbus_penang
12002200,12001752,30000002,38,rapidbus_penang
12001752,12001750,30000002,21,rapidbus_penang
12001750,12001754,30000002,24,rapidbus_penang
12001754,12001756,30000002,79,rapidbus_penang
12001756,12001760,30000002,59,rapidbus_penang
12001760,12001757,30000002,50,rapidbus_penang
12001757,12002252,30000002,25,rapidbus_penang
12002252,12001765,30000002,38,rapidbus_penang
12001765,12001761,30000002,46,rapidbus_penang
12001761,12001758,30000002,28,rapidbus_penang
12001758,12001759,30000002,29,rapidbus_penang
12001759,12001762,30000002,22,rapidbus_penang
12001762,12001764,30000002,117,rapidbus_penang
12001764,12001767,30000002,57,rapidbus_penang
12001767,12000203,30000002,177,rapidbus_penang
12000203,12000205,30000002,189,rapidbus_penang
12000205,12002230,30000002,39,rapidbus_penang
12002230,12000206,30000002,26,rapidbus_penang
12000206,12002204,30000002,57,rapidbus_penang
12002204,12000215,30000002,57,rapidbus_penang
12000215,12000217,30000002,31,rapidbus_penang
12000217,12000221,30000002,34,rapidbus_penang
12000221,12000224,30000002,28,rapidbus_penang
12000224,12000228,30000002,41,rapidbus_penang
12000228,12000236,30000002,30,rapidbus_penang
12000236,12000239,30000002,35,rapidbus_penang
12000239,12000237,30000002,77,rapidbus_penang
12000237,12002253,30000002,34,rapidbus_penang
12002253,12000232,30000002,38,rapidbus_penang
12000232,12002206,30000002,38,rapidbus_penang
12002206,12000230,30000002,38,rapidbus_penang
12000230,12000233,30000002,24,rapidbus_penang
12000233,12000226,30000002,74,rapidbus_penang
12000226,12000219,30000002,71,rapidbus_penang
12000219,12000213,30000002,67,rapidbus_penang
12000213,12000208,30000002,32,rapidbus_penang
12000208,12001677,30000002,59,rapidbus_penang
12001677,12001671,30000002,31,rapidbus_penang
12001671,12001670,30000002,29,rapidbus_penang
12001670,12001678,30000002,42,rapidbus_penang
12001678,12001679,30000002,32,rapidbus_penang
12001679,12001674,30000002,36,rapidbus_penang
12001674,12001667,30000002,80,rapidbus_penang
12001667,12001664,30000002,76,rapidbus_penang
12001664,12001662,30000002,44,rapidbus_penang
12001662,12001660,30000002,38,rapidbus_penang
12001660,12001657,30000002,58,rapidbus_penang
12001657,12002209,30000002,93,rapidbus_penang
12002209,12001383,30000002,175,rapidbus_penang
12001383,12001651,30000002,38,rapidbus_penang
12001651,12001649,30000002,47,rapidbus_penang
12001649,12001647,30000002,50,rapidbus_penang
12001647,12001645,30000002,43,rapidbus_penang
12001645,12000105,30000002,27,rapidbus_penang
12000105,12000102,30000002,45,rapidbus_penang
12000102,12000101,30000002,31,rapidbus_penang
12000101,12000371,30000002,33,rapidbus_penang
12000371,12000369,30000002,41,rapidbus_penang
12000369,12000368,30000002,29,rapidbus_penang
12000368,12000367,30000002,29,rapidbus_penang
12000367,12000365,30000002,54,rapidbus_penang
12000365,12000363,30000002,40,rapidbus_penang
12000363,12000362,30000002,25,rapidbus_penang
12000362,12000361,30000002,23,rapidbus_penang
12000361,12001084,30000002,68,rapidbus_penang
12001084,12001083,30000002,26,rapidbus_penang
12001083,12000833,30000002,35,rapidbus_penang
12000833,12000832,30000002,36,rapidbus_penang
12000832,12000831,30000002,31,rapidbus_penang
12000831,12000829,30000002,36,rapidbus_penang
12000829,12000828,30000002,54,rapidbus_penang
12000828,12001060,30000002,28,rapidbus_penang
12002116,12000461,30000002,38,rapidbus_penang
12000461,12000456,30000002,30,rapidbus_penang
12000456,12000443,30000002,41,rapidbus_penang
12000443,12002112,30000002,42,rapidbus_penang
12002112,12000449,30000002,43,rapidbus_penang
12000449,12000458,30000002,52,rapidbus_penang
12000458,12000077,30000002,49,rapidbus_penang
12000077,12000076,30000002,32,rapidbus_penang
12000076,12000075,30000002,45,rapidbus_penang
12000075,12000072,30000002,67,rapidbus_penang
12000072,12000872,30000002,85,rapidbus_penang
12000872,12000870,30000002,25,rapidbus_penang
12000870,12000869,30000002,60,rapidbus_penang
12000869,12000867,30000002,50,rapidbus_penang
12000867,12000862,30000002,77,rapidbus_penang
12000862,12000861,30000002,39,rapidbus_penang
12000861,12001458,30000002,172,rapidbus_penang
12001458,12001456,30000002,55,rapidbus_penang
12001456,12001454,30000002,46,rapidbus_penang
12001454,12001453,30000002,41,rapidbus_penang
12001453,12001451,30000002,53,rapidbus_penang
12001451,12001449,30000002,134,rapidbus_penang
12001449,12002205,30000002,126,rapidbus_penang
12002205,12001444,30000002,35,rapidbus_penang
12001444,12001442,30000002,49,rapidbus_penang
12001442,12001440,30000002,24,rapidbus_penang
12001440,12001438,30000002,44,rapidbus_penang
12001438,12001434,30000002,55,rapidbus_penang
12001434,12001433,30000002,103,rapidbus_penang
12001433,12001431,30000002,130,rapidbus_penang
12001431,12001426,30000002,129,rapidbus_penang
12001426,12001424,30000002,98,rapidbus_penang
12001424,12001420,30000002,127,rapidbus_penang
12001420,12001419,30000002,103,rapidbus_penang
12001419,12002211,30000002,176,rapidbus_penang
12002988,12001937,30000003,57,rapidbus_penang
12001937,12002116,30000003,116,rapidbus_penang
12002116,12000356,30000003,177,rapidbus_penang
12000356,12000357,30000003,105,rapidbus_penang
12000357,12000358,30000003,52,rapidbus_penang
12000358,12003016,30000003,100,rapidbus_penang
12003016,12000360,30000003,48,rapidbus_penang
12000360,12000972,30000003,76,rapidbus_penang
12000972,12000718,30000003,53,rapidbus_penang
12000718,12000719,30000003,34,rapidbus_penang
12000719,12000720,30000003,49,rapidbus_penang
12000720,12000721,30000003,29,rapidbus_penang
12000721,12000722,30000003,29,rapidbus_penang
12000722,12000723,30000003,42,rapidbus_penang
12000723,12000724,30000003,61,rapidbus_penang
12000724,12000726,30000003,55,rapidbus_penang
12000726,12000727,30000003,58,rapidbus_penang
12000727,12000105,30000003,117,rapidbus_penang
12000105,12000102,30000003,81,rapidbus_penang
12000102,12000101,30000003,57,rapidbus_penang
12000101,12000371,30000003,59,rapidbus_penang
12000371,12000369,30000003,74,rapidbus_penang
12000369,12000368,30000003,53,rapidbus_penang
12000368,12000367,30000003,53,rapidbus_penang
12000367,12000365,30000003,96,rapidbus_penang
12000365,12000363,30000003,71,rapidbus_penang
12000363,12000362,30000003,47,rapidbus_penang
12000362,12000361,30000003,43,rapidbus_penang
12000361,12000970,30000003,48,rapidbus_penang
12000970,12002220,30000003,113,rapidbus_penang
12002220,12001416,30000003,46,rapidbus_penang
12001416,12001415,30000003,48,rapidbus_penang
12001415,12000808,30000003,121,rapidbus_penang
12000808,12000052,30000003,101,rapidbus_penang
12000052,12000831,30000003,86,rapidbus_penang
12000831,12000829,30000003,65,rapidbus_penang
12000829,12000828,30000003,96,rapidbus_penang
12000828,12001060,30000003,52,rapidbus_penang
12001060,12002988,30000003,212,rapidbus_penang
12001668,12001669,30000004,37,rapidbus_penang
12001669,12000817,30000004,57,rapidbus_penang
12000817,12000815,30000004,45,rapidbus_penang
12000815,12000814,30000004,70,rapidbus_penang
12000814,12000812,30000004,39,rapidbus_penang
12000812,12002015,30000004,68,rapidbus_penang
12002015,12002029,30000004,85,rapidbus_penang
12002029,12002030,30000004,46,rapidbus_penang
12002030,12002031,30000004,57,rapidbus_penang
12002031,12002219,30000004,77,rapidbus_penang
12002219,12000080,30000004,40,rapidbus_penang
12000080,12000826,30000004,88,rapidbus_penang
12000826,12001563,30000004,79,rapidbus_penang
12001563,12001667,30000004,107,rapidbus_penang
12001667,12001664,30000004,105,rapidbus_penang
12001664,12000481,30000004,71,rapidbus_penang
12000481,12000480,30000004,57,rapidbus_penang
12000480,12000288,30000004,70,rapidbus_penang
12000288,12000478,30000004,88,rapidbus_penang
12000478,12000807,30000004,114,rapidbus_penang
12000807,12000901,30000004,122,rapidbus_penang
12000901,12000899,30000004,92,rapidbus_penang
12000899,12000898,30000004,101,rapidbus_penang
12000898,12000895,30000004,80,rapidbus_penang
12000895,12000371,30000004,73,rapidbus_penang
12000371,12000369,30000004,59,rapidbus_penang
12000369,12000368,30000004,43,rapidbus_penang
12000368,12000367,30000004,42,rapidbus_penang
12000367,12000365,30000004,75,rapidbus_penang
12000365,12000363,30000004,57,rapidbus_penang
12000363,12000362,30000004,38,rapidbus_penang
12000362,12000361,30000004,34,rapidbus_penang
12000361,12000970,30000004,38,rapidbus_penang
12000970,12002220,30000004,89,rapidbus_penang
12002220,12001416,30000004,37,rapidbus_penang
12001416,12001415,30000004,38,rapidbus_penang
12001415,12001414,30000004,79,rapidbus_penang
12001414,12001411,30000004,42,rapidbus_penang
12001411,12001412,30000004,46,rapidbus_penang
12001412,12001927,30000004,122,rapidbus_penang
12001927,12001926,30000004,93,rapidbus_penang
12001926,12001928,30000004,48,rapidbus_penang
12001928,12001066,30000004,80,rapidbus_penang
12001066,12001064,30000004,59,rapidbus_penang
12001064,12001061,30000004,30,rapidbus_penang
12001061,12001937,30000004,178,rapidbus_penang
12001937,12002988,30000004,105,rapidbus_penang
12002988,12001937,30000004,51,rapidbus_penang
12001937,12002116,30000004,103,rapidbus_penang
12002116,12001832,30000004,156,rapidbus_penang
12001832,12001835,30000004,63,rapidbus_penang
12001835,12001410,30000004,96,rapidbus_penang
12001410,12001413,30000004,46,rapidbus_penang
12001413,12003016,30000004,223,rapidbus_penang
12003016,12000360,30000004,43,rapidbus_penang
12000360,12000972,30000004,68,rapidbus_penang
12000972,12000718,30000004,48,rapidbus_penang
12000718,12000719,30000004,31,rapidbus_penang
12000719,12000720,30000004,45,rapidbus_penang
12000720,12000721,30000004,27,rapidbus_penang
12000721,12000722,30000004,28,rapidbus_penang
12000722,12000723,30000004,38,rapidbus_penang
12000723,12000724,30000004,56,rapidbus_penang
12000724,12000726,30000004,50,rapidbus_penang
12000726,12000727,30000004,53,rapidbus_penang
12000727,12000105,30000004,103,rapidbus_penang
12000105,12000102,30000004,73,rapidbus_penang
12000102,12000894,30000004,103,rapidbus_penang
12000894,12000896,30000004,52,rapidbus_penang
12000896,12000897,30000004,83,rapidbus_penang
12000897,12000900,30000004,208,rapidbus_penang
12000900,12000807,30000004,135,rapidbus_penang
12000807,12000477,30000004,132,rapidbus_penang
12000477,12000289,30000004,105,rapidbus_penang
12000289,12000482,30000004,80,rapidbus_penang
12000482,12000483,30000004,58,rapidbus_penang
12000483,12001663,30000004,73,rapidbus_penang
12001663,12001564,30000004,231,rapidbus_penang
12001564,12000825,30000004,98,rapidbus_penang
12000825,12000081,30000004,83,rapidbus_penang
12000081,12002239,30000004,66,rapidbus_penang
12002239,12002028,30000004,92,rapidbus_penang
12002028,12002026,30000004,57,rapidbus_penang
12002026,12002027,30000004,33,rapidbus_penang
12002027,12002018,30000004,86,rapidbus_penang
12002018,12002019,30000004,31,rapidbus_penang
12002019,12000811,30000004,67,rapidbus_penang
12000811,12000813,30000004,51,rapidbus_penang
12000813,12000816,30000004,101,rapidbus_penang
12000816,12000818,30000004,52,rapidbus_penang
12000818,12001671,30000004,51,rapidbus_penang
12001671,12001670,30000004,71,rapidbus_penang
12001643,12000862,30000048,165,rapidbus_penang
12000862,12001960,30000048,147,rapidbus_penang
12001960,12002002,30000048,48,rapidbus_penang
12002002,12001641,30000048,82,rapidbus_penang
12001641,12001640,30000048,169,rapidbus_penang
12001640,12001069,30000048,72,rapidbus_penang
12001069,12001070,30000048,56,rapidbus_penang
12001070,12001071,30000048,48,rapidbus_penang
12001071,12002278,30000048,61,rapidbus_penang
12002278,12001072,30000048,101,rapidbus_penang
12001072,12001073,30000048,68,rapidbus_penang
12001073,12001076,30000048,84,rapidbus_penang
12001076,12001077,30000048,112,rapidbus_penang
12001077,12001078,30000048,94,rapidbus_penang
12001078,12000455,30000048,111,rapidbus_penang
12000455,12000445,30000048,101,rapidbus_penang
12000445,12000453,30000048,110,rapidbus_penang
12000453,12000459,30000048,62,rapidbus_penang
12000459,12000462,30000048,59,rapidbus_penang
12000462,12001060,30000048,61,rapidbus_penang
12001060,12001832,30000048,130,rapidbus_penang
12001832,12001835,30000048,86,rapidbus_penang
12001835,12001399,30000048,53,rapidbus_penang
12001399,12001397,30000048,46,rapidbus_penang
12001397,12001921,30000048,87,rapidbus_penang
12001921,12001919,30000048,80,rapidbus_penang
12001919,12001917,30000048,91,rapidbus_penang
12001917,12002318,30000048,96,rapidbus_penang
12002318,12002056,30000048,63,rapidbus_penang
12002056,12002058,30000048,116,rapidbus_penang
12002058,12002971,30000048,41,rapidbus_penang
12002971,12001943,30000048,30,rapidbus_penang
12001943,12002972,30000048,75,rapidbus_penang
12002972,12002057,30000048,68,rapidbus_penang
12002057,12002113,30000048,127,rapidbus_penang
12002113,12000007,30000048,84,rapidbus_penang
12000007,12001916,30000048,90,rapidbus_penang
12001916,12001918,30000048,79,rapidbus_penang
12001918,12001920,30000048,63,rapidbus_penang
12001920,12001922,30000048,103,rapidbus_penang
12001922,12001064,30000048,77,rapidbus_penang
12001064,12001061,30000048,53,rapidbus_penang
12001061,12002116,30000048,194,rapidbus_penang
12002116,12000461,30000048,96,rapidbus_penang
12000461,12000456,30000048,76,rapidbus_penang
12000456,12000443,30000048,103,rapidbus_penang
12000443,12002112,30000048,105,rapidbus_penang
12002112,12000449,30000048,108,rapidbus_penang
12000449,12001089,30000048,124,rapidbus_penang
12001089,12001088,30000048,86,rapidbus_penang
12001088,12001075,30000048,176,rapidbus_penang
12001075,12001074,30000048,70,rapidbus_penang
12001074,12001087,30000048,96,rapidbus_penang
12001087,12002279,30000048,94,rapidbus_penang
12002279,12000568,30000048,186,rapidbus_penang
12000568,12000584,30000048,94,rapidbus_penang
12000584,12000567,30000048,150,rapidbus_penang
12000567,12000582,30000048,95,rapidbus_penang
12000582,12001958,30000048,130,rapidbus_penang
12001958,12001959,30000048,125,rapidbus_penang
12001959,12001960,30000048,88,rapidbus_penang
12002002,12001642,30000048,98,rapidbus_penang
12001642,12001643,30000048,101,rapidbus_penang
12002113,12000007,30000049,90,rapidbus_penang
12000007,12001916,30000049,98,rapidbus_penang
12001916,12000610,30000049,129,rapidbus_penang
12000610,12001911,30000049,117,rapidbus_penang
12001911,12001937,30000049,203,rapidbus_penang
12001937,12002116,30000049,172,rapidbus_penang
12002116,12000474,30000049,296,rapidbus_penang
12000474,12000012,30000049,359,rapidbus_penang
12000012,12002016,30000049,74,rapidbus_penang
12002016,12000005,30000049,90,rapidbus_penang
12000005,12001990,30000049,320,rapidbus_penang
12001990,12001946,30000049,124,rapidbus_penang
12001946,12001947,30000049,122,rapidbus_penang
12001947,12001948,30000049,74,rapidbus_penang
12001948,12002076,30000049,138,rapidbus_penang
12002076,12000006,30000049,581,rapidbus_penang
12000006,12002017,30000049,90,rapidbus_penang
12002017,12000009,30000049,69,rapidbus_penang
12000009,12000003,30000049,213,rapidbus_penang
12000003,12000842,30000049,57,rapidbus_penang
12000842,12001937,30000049,131,rapidbus_penang
12001937,12001910,30000049,122,rapidbus_penang
12001910,12001915,30000049,88,rapidbus_penang
12001915,12000611,30000049,83,rapidbus_penang
12000611,12001917,30000049,119,rapidbus_penang
12001917,12002318,30000049,119,rapidbus_penang
12002318,12002056,30000049,81,rapidbus_penang
12002056,12002058,30000049,146,rapidbus_penang
12002058,12002971,30000049,55,rapidbus_penang
12002971,12001943,30000049,40,rapidbus_penang
12001943,12002972,30000049,95,rapidbus_penang
12002972,12002057,30000049,88,rapidbus_penang
12002057,12002113,30000049,157,rapidbus_penang
12001018,12002102,30000050,62,rapidbus_penang
12002102,12002099,30000050,78,rapidbus_penang
12002099,12002100,30000050,24,rapidbus_penang
12002100,12002101,30000050,41,rapidbus_penang
12002101,12001020,30000050,100,rapidbus_penang
12001020,12002286,30000050,85,rapidbus_penang
12002286,12001023,30000050,43,rapidbus_penang
12001023,12001969,30000050,133,rapidbus_penang
12001969,12001971,30000050,52,rapidbus_penang
12001971,12001973,30000050,37,rapidbus_penang
12001973,12002001,30000050,73,rapidbus_penang
12002001,12001998,30000050,29,rapidbus_penang
12001998,12001372,30000050,139,rapidbus_penang
12001372,12000048,30000050,56,rapidbus_penang
12000048,12000050,30000050,31,rapidbus_penang
12000050,12001976,30000050,101,rapidbus_penang
12001976,12001978,30000050,75,rapidbus_penang
12001978,12002301,30000050,186,rapidbus_penang
12002301,12002048,30000050,92,rapidbus_penang
12002048,12000869,30000050,138,rapidbus_penang
12000869,12000867,30000050,75,rapidbus_penang
12000867,12000862,30000050,115,rapidbus_penang
12000862,12001960,30000050,104,rapidbus_penang
12001960,12002002,30000050,34,rapidbus_penang
12002002,12001641,30000050,57,rapidbus_penang
12001641,12001640,30000050,118,rapidbus_penang
12001640,12001069,30000050,50,rapidbus_penang
12001069,12001070,30000050,39,rapidbus_penang
12001070,12001071,30000050,34,rapidbus_penang
12001071,12000568,30000050,112,rapidbus_penang
12000568,12000584,30000050,56,rapidbus_penang
12000584,12000567,30000050,90,rapidbus_penang
12000567,12000582,30000050,57,rapidbus_penang
12000582,12000581,30000050,57,rapidbus_penang
12000581,12001887,30000050,427,rapidbus_penang
12001887,12000565,30000050,461,rapidbus_penang
12000565,12000566,30000050,61,rapidbus_penang
12000566,12002319,30000050,104,rapidbus_penang
12002319,12002002,30000050,176,rapidbus_penang
12001641,12002246,30000050,93,rapidbus_penang
12002246,12002247,30000050,43,rapidbus_penang
12002247,12000537,30000050,129,rapidbus_penang
12000537,12002022,30000050,143,rapidbus_penang
12002022,12002023,30000050,61,rapidbus_penang
12002023,12001980,30000050,101,rapidbus_penang
12001980,12001979,30000050,145,rapidbus_penang
12001979,12001977,30000050,84,rapidbus_penang
12001977,12001975,30000050,51,rapidbus_penang
12001975,12000049,30000050,106,rapidbus_penang
12000049,12001372,30000050,146,rapidbus_penang
12001372,12001999,30000050,72,rapidbus_penang
12001999,12001974,30000050,60,rapidbus_penang
12001974,12001972,30000050,57,rapidbus_penang
12001972,12001970,30000050,61,rapidbus_penang
12001970,12001022,30000050,156,rapidbus_penang
12001022,12002290,30000050,44,rapidbus_penang
12002290,12001021,30000050,80,rapidbus_penang
12001021,12001019,30000050,97,rapidbus_penang
12001019,12002102,30000050,63,rapidbus_penang
12002101,12001019,30000050,122,rapidbus_penang
12001019,12001018,30000050,65,rapidbus_penang
12001018,12002102,30000005,51,rapidbus_penang
12002102,12002099,30000005,65,rapidbus_penang
12002099,12002100,30000005,18,rapidbus_penang
12002100,12002101,30000005,33,rapidbus_penang
12002101,12001020,30000005,83,rapidbus_penang
12001020,12002286,30000005,70,rapidbus_penang
12002286,12001023,30000005,35,rapidbus_penang
12001023,12001026,30000005,130,rapidbus_penang
12001026,12001029,30000005,88,rapidbus_penang
12001029,12001033,30000005,55,rapidbus_penang
12001033,12001035,30000005,48,rapidbus_penang
12001035,12001037,30000005,40,rapidbus_penang
12001037,12000151,30000005,77,rapidbus_penang
12000151,12000059,30000005,62,rapidbus_penang
12000059,12000065,30000005,39,rapidbus_penang
12000065,12000068,30000005,43,rapidbus_penang
12000068,12000061,30000005,45,rapidbus_penang
12000061,12001373,30000005,55,rapidbus_penang
12001373,12001377,30000005,53,rapidbus_penang
12001377,12001379,30000005,60,rapidbus_penang
12001379,12000967,30000005,77,rapidbus_penang
12000967,12002299,30000005,28,rapidbus_penang
12002299,12000963,30000005,54,rapidbus_penang
12000963,12000071,30000005,81,rapidbus_penang
12000071,12000073,30000005,72,rapidbus_penang
12000073,12000074,30000005,72,rapidbus_penang
12000074,12000448,30000005,68,rapidbus_penang
12000448,12000460,30000005,68,rapidbus_penang
12000460,12000455,30000005,91,rapidbus_penang
12000455,12000445,30000005,59,rapidbus_penang
12000445,12000453,30000005,64,rapidbus_penang
12000453,12000459,30000005,36,rapidbus_penang
12000459,12000462,30000005,33,rapidbus_penang
12000462,12001060,30000005,35,rapidbus_penang
12001060,12001832,30000005,76,rapidbus_penang
12001832,12001835,30000005,49,rapidbus_penang
12001835,12001399,30000005,30,rapidbus_penang
12001399,12001397,30000005,26,rapidbus_penang
12001397,12001921,30000005,51,rapidbus_penang
12001921,12001919,30000005,46,rapidbus_penang
12001919,12001917,30000005,53,rapidbus_penang
12001917,12002318,30000005,56,rapidbus_penang
12002318,12002056,30000005,36,rapidbus_penang
12002056,12002058,30000005,68,rapidbus_penang
12002058,12002971,30000005,23,rapidbus_penang
12002971,12001943,30000005,16,rapidbus_penang
12001943,12002972,30000005,43,rapidbus_penang
12002972,12002057,30000005,38,rapidbus_penang
12002057,12002114,30000005,101,rapidbus_penang
12002114,12000007,30000005,43,rapidbus_penang
12000007,12001916,30000005,63,rapidbus_penang
12001916,12001918,30000005,53,rapidbus_penang
12001918,12001920,30000005,43,rapidbus_penang
12001920,12001922,30000005,72,rapidbus_penang
12001922,12001064,30000005,53,rapidbus_penang
12001064,12001061,30000005,36,rapidbus_penang
12001061,12002116,30000005,139,rapidbus_penang
12002116,12000461,30000005,63,rapidbus_penang
12000461,12000456,30000005,53,rapidbus_penang
12000456,12000443,30000005,72,rapidbus_penang
12000443,12002112,30000005,73,rapidbus_penang
12002112,12000449,30000005,75,rapidbus_penang
12000449,12000458,30000005,90,rapidbus_penang
12000458,12000077,30000005,85,rapidbus_penang
12000077,12000076,30000005,55,rapidbus_penang
12000076,12000075,30000005,77,rapidbus_penang
12000075,12000072,30000005,115,rapidbus_penang
12000072,12000070,30000005,102,rapidbus_penang
12000070,12000069,30000005,162,rapidbus_penang
12000069,12000962,30000005,40,rapidbus_penang
12000962,12000964,30000005,40,rapidbus_penang
12000964,12000966,30000005,55,rapidbus_penang
12000966,12000968,30000005,63,rapidbus_penang
12000968,12001378,30000005,65,rapidbus_penang
12001378,12001376,30000005,82,rapidbus_penang
12001376,12001375,30000005,23,rapidbus_penang
12001375,12001374,30000005,48,rapidbus_penang
12001374,12000060,30000005,58,rapidbus_penang
12000060,12000064,30000005,73,rapidbus_penang
12000064,12000062,30000005,95,rapidbus_penang
12000062,12000058,30000005,40,rapidbus_penang
12000058,12000057,30000005,72,rapidbus_penang
12000057,12001036,30000005,100,rapidbus_penang
12001036,12002289,30000005,80,rapidbus_penang
12002289,12001031,30000005,45,rapidbus_penang
12001031,12001028,30000005,58,rapidbus_penang
12001028,12001027,30000005,88,rapidbus_penang
12001027,12001025,30000005,53,rapidbus_penang
12001025,12001022,30000005,145,rapidbus_penang
12001022,12002290,30000005,46,rapidbus_penang
12002290,12001021,30000005,83,rapidbus_penang
12001021,12001019,30000005,102,rapidbus_penang
12001019,12002102,30000005,67,rapidbus_penang
12002101,12001019,30000005,121,rapidbus_penang
12001019,12001018,30000005,72,rapidbus_penang
12000058,12000057,30000007,79,rapidbus_penang
12000057,12001036,30000007,114,rapidbus_penang
12001036,12001031,30000007,137,rapidbus_penang
12001031,12001028,30000007,65,rapidbus_penang
12001028,12001027,30000007,98,rapidbus_penang
12001027,12001025,30000007,61,rapidbus_penang
12001025,12001969,30000007,107,rapidbus_penang
12001969,12001971,30000007,68,rapidbus_penang
12001971,12001973,30000007,47,rapidbus_penang
12001973,12002001,30000007,94,rapidbus_penang
12002001,12001998,30000007,38,rapidbus_penang
12001998,12001372,30000007,181,rapidbus_penang
12001372,12000048,30000007,71,rapidbus_penang
12000048,12000050,30000007,39,rapidbus_penang
12000050,12001812,30000007,127,rapidbus_penang
12001812,12001814,30000007,71,rapidbus_penang
12001814,12001815,30000007,79,rapidbus_penang
12001815,12001816,30000007,109,rapidbus_penang
12001816,12001817,30000007,79,rapidbus_penang
12001817,12000067,30000007,122,rapidbus_penang
12000067,12000069,30000007,69,rapidbus_penang
12000069,12000071,30000007,124,rapidbus_penang
12000071,12000073,30000007,113,rapidbus_penang
12000073,12000074,30000007,113,rapidbus_penang
12000074,12000448,30000007,106,rapidbus_penang
12000448,12000460,30000007,107,rapidbus_penang
12000460,12000455,30000007,142,rapidbus_penang
12000455,12000445,30000007,92,rapidbus_penang
12000445,12000453,30000007,100,rapidbus_penang
12000453,12000459,30000007,57,rapidbus_penang
12000459,12000462,30000007,53,rapidbus_penang
12000462,12001060,30000007,56,rapidbus_penang
12001060,12001832,30000007,117,rapidbus_penang
12001832,12001835,30000007,78,rapidbus_penang
12001835,12001399,30000007,48,rapidbus_penang
12001399,12001397,30000007,42,rapidbus_penang
12001397,12001921,30000007,78,rapidbus_penang
12001921,12001919,30000007,73,rapidbus_penang
12001919,12001917,30000007,83,rapidbus_penang
12001917,12002318,30000007,87,rapidbus_penang
12002318,12002056,30000007,57,rapidbus_penang
12002056,12002058,30000007,106,rapidbus_penang
12002058,12002971,30000007,36,rapidbus_penang
12002971,12001943,30000007,26,rapidbus_penang
12001943,12002972,30000007,67,rapidbus_penang
12002972,12002057,30000007,62,rapidbus_penang
12002057,12002114,30000007,142,rapidbus_penang
12002114,12000007,30000007,47,rapidbus_penang
12000007,12001916,30000007,66,rapidbus_penang
12001916,12001918,30000007,56,rapidbus_penang
12001918,12001920,30000007,45,rapidbus_penang
12001920,12001922,30000007,75,rapidbus_penang
12001922,12001064,30000007,57,rapidbus_penang
12001064,12001061,30000007,38,rapidbus_penang
12001061,12002116,30000007,146,rapidbus_penang
12002116,12000461,30000007,67,rapidbus_penang
12000461,12000456,30000007,55,rapidbus_penang
12000456,12000443,30000007,76,rapidbus_penang
12000443,12002112,30000007,77,rapidbus_penang
12002112,12000449,30000007,79,rapidbus_penang
12000449,12000458,30000007,95,rapidbus_penang
12000458,12000077,30000007,90,rapidbus_penang
12000077,12000076,30000007,60,rapidbus_penang
12000076,12000075,30000007,82,rapidbus_penang
12000075,12000072,30000007,122,rapidbus_penang
12000072,12000070,30000007,107,rapidbus_penang
12000070,12000066,30000007,185,rapidbus_penang
12000066,12001822,30000007,89,rapidbus_penang
12001822,12001821,30000007,101,rapidbus_penang
12001821,12002991,30000007,50,rapidbus_penang
12002991,12001820,30000007,35,rapidbus_penang
12001820,12001819,30000007,99,rapidbus_penang
12001819,12001818,30000007,67,rapidbus_penang
12001818,12000049,30000007,104,rapidbus_penang
12000049,12001372,30000007,163,rapidbus_penang
12001372,12001999,30000007,80,rapidbus_penang
12001999,12001974,30000007,66,rapidbus_penang
12001974,12001972,30000007,63,rapidbus_penang
12001972,12001970,30000007,68,rapidbus_penang
12001970,12001026,30000007,160,rapidbus_penang
12001026,12001030,30000007,128,rapidbus_penang
12001030,12001033,30000007,80,rapidbus_penang
12001033,12001035,30000007,71,rapidbus_penang
12001035,12001037,30000007,60,rapidbus_penang
12001037,12000151,30000007,112,rapidbus_penang
12000151,12000059,30000007,90,rapidbus_penang
12000059,12000065,30000007,57,rapidbus_penang
12000065,12000062,30000007,105,rapidbus_penang
12000062,12000058,30000007,67,rapidbus_penang
12000510,12000511,30000018,53,rapidbus_penang
12000511,12000512,30000018,77,rapidbus_penang
12000512,12000513,30000018,89,rapidbus_penang
12000513,12000509,30000018,220,rapidbus_penang
12000509,12000514,30000018,483,rapidbus_penang
12000514,12000515,30000018,83,rapidbus_penang
12000515,12000612,30000018,55,rapidbus_penang
12000612,12000613,30000018,47,rapidbus_penang
12000613,12000614,30000018,59,rapidbus_penang
12000614,12000615,30000018,65,rapidbus_penang
12000615,12000616,30000018,101,rapidbus_penang
12000616,12000617,30000018,53,rapidbus_penang
12000617,12002105,30000018,39,rapidbus_penang
12002105,12002103,30000018,75,rapidbus_penang
12002103,12002013,30000018,59,rapidbus_penang
12002013,12002012,30000018,53,rapidbus_penang
12002012,12000517,30000018,45,rapidbus_penang
12000517,12000522,30000018,67,rapidbus_penang
12000522,12001776,30000018,103,rapidbus_penang
12001776,12001775,30000018,27,rapidbus_penang
12001775,12001774,30000018,63,rapidbus_penang
12001774,12001773,30000018,111,rapidbus_penang
12001773,12001779,30000018,216,rapidbus_penang
12001779,12000408,30000018,301,rapidbus_penang
12000408,12000413,30000018,45,rapidbus_penang
12000413,12000410,30000018,105,rapidbus_penang
12000410,12000414,30000018,65,rapidbus_penang
12000414,12000415,30000018,51,rapidbus_penang
12000415,12000417,30000018,51,rapidbus_penang
12000417,12000418,30000018,33,rapidbus_penang
12000418,12000420,30000018,55,rapidbus_penang
12000420,12000423,30000018,67,rapidbus_penang
12000423,12000424,30000018,37,rapidbus_penang
12000424,12000427,30000018,174,rapidbus_penang
12000427,12000430,30000018,91,rapidbus_penang
12000430,12000432,30000018,95,rapidbus_penang
12000432,12000433,30000018,63,rapidbus_penang
12000433,12000246,30000018,136,rapidbus_penang
12000246,12001807,30000018,136,rapidbus_penang
12001807,12001804,30000018,95,rapidbus_penang
12001804,12001802,30000018,47,rapidbus_penang
12001802,12000879,30000018,49,rapidbus_penang
12000879,12000882,30000018,83,rapidbus_penang
12000882,12000885,30000018,53,rapidbus_penang
12000885,12000847,30000018,61,rapidbus_penang
12000847,12000848,30000018,63,rapidbus_penang
12000848,12000851,30000018,101,rapidbus_penang
12000851,12001837,30000018,113,rapidbus_penang
12001837,12001840,30000018,81,rapidbus_penang
12001840,12001842,30000018,77,rapidbus_penang
12001842,12001845,30000018,73,rapidbus_penang
12001845,12001847,30000018,101,rapidbus_penang
12001847,12001955,30000018,224,rapidbus_penang
12001955,12002059,30000018,410,rapidbus_penang
12002059,12002063,30000018,144,rapidbus_penang
12002063,12000079,30000018,182,rapidbus_penang
12000079,12001492,30000018,103,rapidbus_penang
12001492,12001494,30000018,65,rapidbus_penang
12001494,12001497,30000018,89,rapidbus_penang
12001497,12001500,30000018,138,rapidbus_penang
12001500,12001502,30000018,45,rapidbus_penang
12001502,12001504,30000018,77,rapidbus_penang
12001504,12001447,30000018,212,rapidbus_penang
12001447,12002205,30000018,103,rapidbus_penang
12002205,12001444,30000018,67,rapidbus_penang
12001444,12001442,30000018,85,rapidbus_penang
12001442,12001496,30000018,211,rapidbus_penang
12001496,12001443,30000018,201,rapidbus_penang
12001443,12001445,30000018,64,rapidbus_penang
12001445,12001446,30000018,72,rapidbus_penang
12001446,12002207,30000018,28,rapidbus_penang
12002207,12002990,30000018,57,rapidbus_penang
12002990,12001505,30000018,66,rapidbus_penang
12001505,12001501,30000018,82,rapidbus_penang
12001501,12001499,30000018,54,rapidbus_penang
12001499,12001498,30000018,78,rapidbus_penang
12001498,12001495,30000018,66,rapidbus_penang
12001495,12001493,30000018,42,rapidbus_penang
12001493,12002139,30000018,42,rapidbus_penang
12002139,12000078,30000018,100,rapidbus_penang
12000078,12002303,30000018,141,rapidbus_penang
12002303,12002059,30000018,145,rapidbus_penang
12002059,12002483,30000018,313,rapidbus_penang
12002483,12001843,30000018,126,rapidbus_penang
12001843,12001844,30000018,78,rapidbus_penang
12001844,12001841,30000018,48,rapidbus_penang
12001841,12001838,30000018,81,rapidbus_penang
12001838,12000852,30000018,85,rapidbus_penang
12000852,12000850,30000018,117,rapidbus_penang
12000850,12000887,30000018,78,rapidbus_penang
12000887,12000880,30000018,91,rapidbus_penang
12000880,12001803,30000018,73,rapidbus_penang
12001803,12001805,30000018,69,rapidbus_penang
12001805,12000245,30000018,105,rapidbus_penang
12000245,12000436,30000018,78,rapidbus_penang
12000436,12000431,30000018,75,rapidbus_penang
12000431,12000429,30000018,69,rapidbus_penang
12000429,12000426,30000018,78,rapidbus_penang
12000426,12000425,30000018,112,rapidbus_penang
12000425,12000421,30000018,39,rapidbus_penang
12000421,12000419,30000018,46,rapidbus_penang
12000419,12000416,30000018,82,rapidbus_penang
12000416,12000411,30000018,66,rapidbus_penang
12000411,12002304,30000018,100,rapidbus_penang
12002304,12002255,30000018,112,rapidbus_penang
12002255,12002305,30000018,162,rapidbus_penang
12002305,12002306,30000018,85,rapidbus_penang
12002306,12001771,30000018,129,rapidbus_penang
12001771,12001772,30000018,84,rapidbus_penang
12001772,12002307,30000018,85,rapidbus_penang
12002307,12000522,30000018,51,rapidbus_penang
12000522,12000523,30000018,49,rapidbus_penang
12000523,12002014,30000018,72,rapidbus_penang
12002014,12002104,30000018,48,rapidbus_penang
12002104,12002106,30000018,57,rapidbus_penang
12002106,12000622,30000018,21,rapidbus_penang
12000622,12000621,30000018,108,rapidbus_penang
12000621,12000620,30000018,46,rapidbus_penang
12000620,12000619,30000018,49,rapidbus_penang
12000619,12000618,30000018,43,rapidbus_penang
12000618,12000521,30000018,94,rapidbus_penang
12000521,12000520,30000018,171,rapidbus_penang
12000520,12000519,30000018,369,rapidbus_penang
12000519,12000518,30000018,54,rapidbus_penang
12000518,12000510,30000018,84,rapidbus_penang
12000293,12000292,30000008,81,rapidbus_penang
12000292,12002300,30000008,52,rapidbus_penang
12002300,12000062,30000008,79,rapidbus_penang
12000062,12000058,30000008,35,rapidbus_penang
12000058,12000057,30000008,63,rapidbus_penang
12000057,12000638,30000008,107,rapidbus_penang
12000638,12000636,30000008,28,rapidbus_penang
12000636,12001324,30000008,79,rapidbus_penang
12001324,12000624,30000008,88,rapidbus_penang
12000624,12000626,30000008,43,rapidbus_penang
12000626,12000628,30000008,75,rapidbus_penang
12000628,12001373,30000008,34,rapidbus_penang
12001373,12001377,30000008,67,rapidbus_penang
12001377,12001379,30000008,74,rapidbus_penang
12001379,12000967,30000008,95,rapidbus_penang
12000967,12002299,30000008,36,rapidbus_penang
12002299,12000963,30000008,68,rapidbus_penang
12000963,12000071,30000008,101,rapidbus_penang
12000071,12000073,30000008,89,rapidbus_penang
12000073,12000074,30000008,89,rapidbus_penang
12000074,12000448,30000008,85,rapidbus_penang
12000448,12000460,30000008,84,rapidbus_penang
12000460,12000455,30000008,112,rapidbus_penang
12000455,12000445,30000008,74,rapidbus_penang
12000445,12000453,30000008,80,rapidbus_penang
12000453,12000459,30000008,46,rapidbus_penang
12000459,12000462,30000008,42,rapidbus_penang
12000462,12001060,30000008,44,rapidbus_penang
12001060,12001832,30000008,95,rapidbus_penang
12001832,12001835,30000008,61,rapidbus_penang
12001835,12001399,30000008,38,rapidbus_penang
12001399,12001397,30000008,33,rapidbus_penang
12001397,12002287,30000008,45,rapidbus_penang
12002287,12001929,30000008,41,rapidbus_penang
12001929,12001927,30000008,141,rapidbus_penang
12001927,12001936,30000008,80,rapidbus_penang
12001936,12001934,30000008,46,rapidbus_penang
12001934,12002972,30000008,68,rapidbus_penang
12002972,12002057,30000008,49,rapidbus_penang
12002057,12002114,30000008,113,rapidbus_penang
12002114,12000007,30000008,50,rapidbus_penang
12000007,12002058,30000008,183,rapidbus_penang
12002058,12002971,30000008,37,rapidbus_penang
12002971,12001943,30000008,25,rapidbus_penang
12001943,12001935,30000008,116,rapidbus_penang
12001935,12001926,30000008,65,rapidbus_penang
12001926,12001928,30000008,67,rapidbus_penang
12001928,12001066,30000008,112,rapidbus_penang
12001066,12001064,30000008,81,rapidbus_penang
12001064,12001061,30000008,41,rapidbus_penang
12001061,12002116,30000008,157,rapidbus_penang
12002116,12000461,30000008,72,rapidbus_penang
12000461,12000456,30000008,59,rapidbus_penang
12000456,12000443,30000008,80,rapidbus_penang
12000443,12002112,30000008,82,rapidbus_penang
12002112,12000449,30000008,84,rapidbus_penang
12000449,12000458,30000008,102,rapidbus_penang
12000458,12000077,30000008,97,rapidbus_penang
12000077,12000076,30000008,63,rapidbus_penang
12000076,12000075,30000008,88,rapidbus_penang
12000075,12000072,30000008,130,rapidbus_penang
12000072,12000070,30000008,115,rapidbus_penang
12000070,12000069,30000008,182,rapidbus_penang
12000069,12000962,30000008,46,rapidbus_penang
12000962,12000964,30000008,45,rapidbus_penang
12000964,12000966,30000008,62,rapidbus_penang
12000966,12000968,30000008,72,rapidbus_penang
12000968,12001378,30000008,74,rapidbus_penang
12001378,12001376,30000008,92,rapidbus_penang
12001376,12001375,30000008,26,rapidbus_penang
12001375,12001374,30000008,55,rapidbus_penang
12001374,12000627,30000008,50,rapidbus_penang
12000627,12000625,30000008,136,rapidbus_penang
12000625,12000623,30000008,18,rapidbus_penang
12000623,12001323,30000008,106,rapidbus_penang
12001323,12000635,30000008,64,rapidbus_penang
12000635,12000637,30000008,75,rapidbus_penang
12000637,12001037,30000008,74,rapidbus_penang
12001037,12000151,30000008,121,rapidbus_penang
12000151,12000059,30000008,97,rapidbus_penang
12000059,12000065,30000008,62,rapidbus_penang
12000065,12000290,30000008,49,rapidbus_penang
12000290,12000291,30000008,54,rapidbus_penang
12000291,12000293,30000008,134,rapidbus_penang
12001887,12001458,30000009,334,rapidbus_penang
12001458,12001456,30000009,82,rapidbus_penang
12001456,12002243,30000009,125,rapidbus_penang
12002243,12000016,30000009,79,rapidbus_penang
12000016,12000018,30000009,79,rapidbus_penang
12000018,12000022,30000009,38,rapidbus_penang
12000022,12000809,30000009,48,rapidbus_penang
12000809,12000313,30000009,89,rapidbus_penang
12000313,12000466,30000009,92,rapidbus_penang
12000466,12000465,30000009,48,rapidbus_penang
12000465,12000467,30000009,71,rapidbus_penang
12000467,12002244,30000009,48,rapidbus_penang
12002244,12000468,30000009,66,rapidbus_penang
12000468,12002245,30000009,50,rapidbus_penang
12002245,12000860,30000009,61,rapidbus_penang
12000860,12000864,30000009,88,rapidbus_penang
12000864,12000866,30000009,86,rapidbus_penang
12000866,12000286,30000009,70,rapidbus_penang
12000286,12000285,30000009,77,rapidbus_penang
12000285,12002221,30000009,38,rapidbus_penang
12002221,12001798,30000009,70,rapidbus_penang
12001798,12002241,30000009,37,rapidbus_penang
12002241,12001960,30000009,167,rapidbus_penang
12001960,12002002,30000009,34,rapidbus_penang
12002002,12001641,30000009,59,rapidbus_penang
12001641,12002246,30000009,85,rapidbus_penang
12002246,12002247,30000009,38,rapidbus_penang
12002247,12000536,30000009,97,rapidbus_penang
12000536,12002222,30000009,97,rapidbus_penang
12002222,12000933,30000009,61,rapidbus_penang
12000933,12002248,30000009,48,rapidbus_penang
12002248,12000934,30000009,59,rapidbus_penang
12000934,12000935,30000009,63,rapidbus_penang
12000935,12001588,30000009,59,rapidbus_penang
12001588,12001587,30000009,61,rapidbus_penang
12001587,12000991,30000009,66,rapidbus_penang
12000991,12000993,30000009,99,rapidbus_penang
12000993,12000453,30000009,94,rapidbus_penang
12000453,12000459,30000009,44,rapidbus_penang
12000459,12000462,30000009,41,rapidbus_penang
12000462,12001060,30000009,44,rapidbus_penang
12001060,12001832,30000009,92,rapidbus_penang
12001832,12001835,30000009,60,rapidbus_penang
12001835,12001399,30000009,38,rapidbus_penang
12001399,12001397,30000009,33,rapidbus_penang
12001397,12001921,30000009,61,rapidbus_penang
12001921,12001919,30000009,56,rapidbus_penang
12001919,12001917,30000009,64,rapidbus_penang
12001917,12002318,30000009,67,rapidbus_penang
12002318,12002056,30000009,46,rapidbus_penang
12002056,12002058,30000009,82,rapidbus_penang
12002058,12002971,30000009,28,rapidbus_penang
12002971,12001943,30000009,20,rapidbus_penang
12001943,12002972,30000009,53,rapidbus_penang
12002972,12002057,30000009,48,rapidbus_penang
12002057,12002114,30000009,120,rapidbus_penang
12002114,12000007,30000009,39,rapidbus_penang
12000007,12001916,30000009,55,rapidbus_penang
12001916,12001918,30000009,47,rapidbus_penang
12001918,12001920,30000009,38,rapidbus_penang
12001920,12001922,30000009,62,rapidbus_penang
12001922,12001064,30000009,47,rapidbus_penang
12001064,12001061,30000009,32,rapidbus_penang
12001061,12002116,30000009,119,rapidbus_penang
12002116,12000461,30000009,55,rapidbus_penang
12000461,12000456,30000009,47,rapidbus_penang
12000456,12000443,30000009,62,rapidbus_penang
12000443,12000994,30000009,70,rapidbus_penang
12000994,12000990,30000009,101,rapidbus_penang
12000990,12001586,30000009,47,rapidbus_penang
12001586,12001589,30000009,80,rapidbus_penang
12001589,12000938,30000009,72,rapidbus_penang
12000938,12000937,30000009,48,rapidbus_penang
12000937,12002240,30000009,58,rapidbus_penang
12002240,12000936,30000009,48,rapidbus_penang
12000936,12001811,30000009,67,rapidbus_penang
12001811,12000538,30000009,85,rapidbus_penang
12000538,12000537,30000009,84,rapidbus_penang
12000537,12000869,30000009,84,rapidbus_penang
12000869,12000286,30000009,84,rapidbus_penang
12002241,12000861,30000009,122,rapidbus_penang
12000861,12000473,30000009,302,rapidbus_penang
12000473,12000472,30000009,70,rapidbus_penang
12000472,12000471,30000009,73,rapidbus_penang
12000471,12000469,30000009,77,rapidbus_penang
12000469,12000470,30000009,54,rapidbus_penang
12000470,12000314,30000009,84,rapidbus_penang
12000314,12000810,30000009,78,rapidbus_penang
12000810,12002242,30000009,66,rapidbus_penang
12002242,12000019,30000009,33,rapidbus_penang
12000019,12000024,30000009,82,rapidbus_penang
12000024,12000023,30000009,74,rapidbus_penang
12000023,12001455,30000009,65,rapidbus_penang
12001455,12001457,30000009,73,rapidbus_penang
12001457,12001459,30000009,89,rapidbus_penang
12001459,12001887,30000009,386,rapidbus_penang
12001945,12001010,30000010,67,rapidbus_penang
12001010,12001005,30000010,71,rapidbus_penang
12001005,12001000,30000010,88,rapidbus_penang
12001000,12000438,30000010,72,rapidbus_penang
12000438,12001840,30000010,40,rapidbus_penang
12001840,12001842,30000010,55,rapidbus_penang
12001842,12001845,30000010,52,rapidbus_penang
12001845,12001847,30000010,76,rapidbus_penang
12001847,12001435,30000010,146,rapidbus_penang
12001435,12001437,30000010,45,rapidbus_penang
12001437,12001439,30000010,43,rapidbus_penang
12001439,12001492,30000010,57,rapidbus_penang
12001492,12001494,30000010,48,rapidbus_penang
12001494,12001497,30000010,64,rapidbus_penang
12001497,12001500,30000010,103,rapidbus_penang
12001500,12001502,30000010,31,rapidbus_penang
12001502,12001504,30000010,55,rapidbus_penang
12001504,12001448,30000010,128,rapidbus_penang
12001448,12001450,30000010,123,rapidbus_penang
12001450,12001452,30000010,95,rapidbus_penang
12001452,12001455,30000010,91,rapidbus_penang
12001455,12001457,30000010,63,rapidbus_penang
12001457,12001459,30000010,78,rapidbus_penang
12001459,12001958,30000010,215,rapidbus_penang
12001958,12001959,30000010,65,rapidbus_penang
12001959,12001960,30000010,46,rapidbus_penang
12001960,12001640,30000010,133,rapidbus_penang
12001640,12001069,30000010,43,rapidbus_penang
12001069,12001070,30000010,33,rapidbus_penang
12001070,12001071,30000010,30,rapidbus_penang
12001071,12000570,30000010,79,rapidbus_penang
12000570,12000572,30000010,37,rapidbus_penang
12000572,12000575,30000010,26,rapidbus_penang
12000575,12000576,30000010,67,rapidbus_penang
12000576,12001585,30000010,63,rapidbus_penang
12001585,12000991,30000010,84,rapidbus_penang
12000991,12000993,30000010,84,rapidbus_penang
12000993,12000453,30000010,81,rapidbus_penang
12000453,12000459,30000010,37,rapidbus_penang
12000459,12000462,30000010,35,rapidbus_penang
12000462,12001060,30000010,37,rapidbus_penang
12001060,12000474,30000010,97,rapidbus_penang
12000474,12001910,30000010,28,rapidbus_penang
12001910,12001915,30000010,41,rapidbus_penang
12001915,12000611,30000010,40,rapidbus_penang
12000611,12001917,30000010,56,rapidbus_penang
12001917,12002318,30000010,57,rapidbus_penang
12002318,12002056,30000010,38,rapidbus_penang
12002056,12002058,30000010,71,rapidbus_penang
12002058,12002971,30000010,24,rapidbus_penang
12002971,12001943,30000010,17,rapidbus_penang
12001943,12002972,30000010,46,rapidbus_penang
12002972,12002057,30000010,40,rapidbus_penang
12002057,12002113,30000010,99,rapidbus_penang
12002113,12000007,30000010,61,rapidbus_penang
12000007,12001916,30000010,67,rapidbus_penang
12001916,12000610,30000010,86,rapidbus_penang
12000610,12001911,30000010,79,rapidbus_penang
12001911,12001937,30000010,142,rapidbus_penang
12001937,12002116,30000010,114,rapidbus_penang
12002116,12000461,30000010,71,rapidbus_penang
12000461,12000456,30000010,55,rapidbus_penang
12000456,12000443,30000010,76,rapidbus_penang
12000443,12000994,30000010,85,rapidbus_penang
12000994,12001903,30000010,108,rapidbus_penang
12001903,12001462,30000010,65,rapidbus_penang
12001462,12000529,30000010,104,rapidbus_penang
12000529,12001941,30000010,186,rapidbus_penang
12001941,12000580,30000010,149,rapidbus_penang
12000580,12000577,30000010,93,rapidbus_penang
12000577,12002314,30000010,96,rapidbus_penang
12002314,12000573,30000010,32,rapidbus_penang
12000573,12000571,30000010,64,rapidbus_penang
12000571,12000568,30000010,65,rapidbus_penang
12000568,12000584,30000010,67,rapidbus_penang
12000584,12000567,30000010,109,rapidbus_penang
12000567,12000582,30000010,68,rapidbus_penang
12000582,12000581,30000010,70,rapidbus_penang
12000581,12001458,30000010,269,rapidbus_penang
12001458,12001456,30000010,98,rapidbus_penang
12001456,12001454,30000010,85,rapidbus_penang
12001454,12001453,30000010,74,rapidbus_penang
12001453,12001451,30000010,95,rapidbus_penang
12001451,12002990,30000010,320,rapidbus_penang
12002990,12001505,30000010,90,rapidbus_penang
12001505,12001501,30000010,114,rapidbus_penang
12001501,12001499,30000010,74,rapidbus_penang
12001499,12001498,30000010,109,rapidbus_penang
12001498,12003136,30000010,98,rapidbus_penang
12003136,12001991,30000010,46,rapidbus_penang
12001991,12000297,30000010,142,rapidbus_penang
12000297,12000296,30000010,65,rapidbus_penang
12000296,12000294,30000010,76,rapidbus_penang
12000294,12001847,30000010,108,rapidbus_penang
12001847,12001843,30000010,287,rapidbus_penang
12001843,12001844,30000010,109,rapidbus_penang
12001844,12001841,30000010,64,rapidbus_penang
12001841,12000437,30000010,170,rapidbus_penang
12000437,12001002,30000010,89,rapidbus_penang
12001002,12001004,30000010,64,rapidbus_penang
12001004,12001006,30000010,85,rapidbus_penang
12001006,12001011,30000010,74,rapidbus_penang
12001011,12002977,30000010,183,rapidbus_penang
12000888,12000877,30000013,178,rapidbus_penang
12000877,12002083,30000013,68,rapidbus_penang
12002083,12002081,30000013,59,rapidbus_penang
12002081,12002315,30000013,33,rapidbus_penang
12002315,12002316,30000013,21,rapidbus_penang
12002316,12000876,30000013,48,rapidbus_penang
12000876,12002317,30000013,45,rapidbus_penang
12002317,12000879,30000013,47,rapidbus_penang
12000879,12000882,30000013,59,rapidbus_penang
12000882,12000885,30000013,35,rapidbus_penang
12000885,12000847,30000013,43,rapidbus_penang
12000847,12000848,30000013,44,rapidbus_penang
12000848,12000851,30000013,70,rapidbus_penang
12000851,12001837,30000013,79,rapidbus_penang
12001837,12001840,30000013,58,rapidbus_penang
12001840,12001842,30000013,53,rapidbus_penang
12001842,12001845,30000013,51,rapidbus_penang
12001845,12001847,30000013,72,rapidbus_penang
12001847,12001435,30000013,162,rapidbus_penang
12001435,12001437,30000013,43,rapidbus_penang
12001437,12001439,30000013,42,rapidbus_penang
12001439,12001492,30000013,56,rapidbus_penang
12001492,12001494,30000013,47,rapidbus_penang
12001494,12001497,30000013,61,rapidbus_penang
12001497,12001500,30000013,99,rapidbus_penang
12001500,12001502,30000013,31,rapidbus_penang
12001502,12001503,30000013,53,rapidbus_penang
12001503,12001448,30000013,124,rapidbus_penang
12001448,12001450,30000013,117,rapidbus_penang
12001450,12001452,30000013,91,rapidbus_penang
12001452,12001455,30000013,88,rapidbus_penang
12001455,12001457,30000013,61,rapidbus_penang
12001457,12001459,30000013,75,rapidbus_penang
12001459,12000565,30000013,197,rapidbus_penang
12000565,12000566,30000013,45,rapidbus_penang
12000566,12001069,30000013,84,rapidbus_penang
12001069,12001070,30000013,33,rapidbus_penang
12001070,12001071,30000013,29,rapidbus_penang
12001071,12000570,30000013,76,rapidbus_penang
12000570,12000572,30000013,34,rapidbus_penang
12000572,12000575,30000013,25,rapidbus_penang
12000575,12000576,30000013,63,rapidbus_penang
12000576,12001583,30000013,89,rapidbus_penang
12001583,12000006,30000013,180,rapidbus_penang
12000006,12002017,30000013,42,rapidbus_penang
12002017,12000009,30000013,31,rapidbus_penang
12000009,12000003,30000013,103,rapidbus_penang
12000003,12000842,30000013,25,rapidbus_penang
12000842,12001937,30000013,61,rapidbus_penang
12001937,12001910,30000013,56,rapidbus_penang
12001910,12001915,30000013,41,rapidbus_penang
12001915,12000611,30000013,39,rapidbus_penang
12000611,12001917,30000013,54,rapidbus_penang
12001917,12002318,30000013,56,rapidbus_penang
12002318,12002056,30000013,38,rapidbus_penang
12002056,12002058,30000013,68,rapidbus_penang
12002058,12002971,30000013,24,rapidbus_penang
12002971,12001943,30000013,17,rapidbus_penang
12001943,12002972,30000013,43,rapidbus_penang
12002972,12002057,30000013,39,rapidbus_penang
12002057,12002113,30000013,95,rapidbus_penang
12002113,12000007,30000013,75,rapidbus_penang
12000007,12001916,30000013,79,rapidbus_penang
12001916,12000610,30000013,106,rapidbus_penang
12000610,12001911,30000013,96,rapidbus_penang
12001911,12001937,30000013,172,rapidbus_penang
12001937,12002116,30000013,140,rapidbus_penang
12002116,12000530,30000013,147,rapidbus_penang
12000530,12001939,30000013,115,rapidbus_penang
12001939,12000012,30000013,127,rapidbus_penang
12000012,12002016,30000013,60,rapidbus_penang
12002016,12000005,30000013,73,rapidbus_penang
12000005,12001990,30000013,273,rapidbus_penang
12001990,12001584,30000013,81,rapidbus_penang
12001584,12000577,30000013,110,rapidbus_penang
12000577,12002314,30000013,117,rapidbus_penang
12002314,12000573,30000013,41,rapidbus_penang
12000573,12000571,30000013,77,rapidbus_penang
12000571,12000568,30000013,79,rapidbus_penang
12000568,12000584,30000013,85,rapidbus_penang
12000584,12000567,30000013,132,rapidbus_penang
12000567,12000582,30000013,85,rapidbus_penang
12000582,12000581,30000013,87,rapidbus_penang
12000581,12001458,30000013,330,rapidbus_penang
12001458,12001456,30000013,121,rapidbus_penang
12001456,12001454,30000013,104,rapidbus_penang
12001454,12001453,30000013,92,rapidbus_penang
12001453,12001451,30000013,115,rapidbus_penang
12001451,12003137,30000013,417,rapidbus_penang
12003137,12001505,30000013,89,rapidbus_penang
12001505,12001501,30000013,138,rapidbus_penang
12001501,12001499,30000013,92,rapidbus_penang
12001499,12001498,30000013,132,rapidbus_penang
12001498,12001495,30000013,110,rapidbus_penang
12001495,12001493,30000013,70,rapidbus_penang
12001493,12002139,30000013,72,rapidbus_penang
12002139,12001440,30000013,85,rapidbus_penang
12001440,12001438,30000013,98,rapidbus_penang
12001438,12001434,30000013,121,rapidbus_penang
12001434,12001843,30000013,316,rapidbus_penang
12001843,12001844,30000013,134,rapidbus_penang
12001844,12001841,30000013,79,rapidbus_penang
12001841,12001838,30000013,136,rapidbus_penang
12001838,12000852,30000013,144,rapidbus_penang
12000852,12000850,30000013,199,rapidbus_penang
12000850,12000887,30000013,130,rapidbus_penang
12000887,12000880,30000013,157,rapidbus_penang
12000880,12000877,30000013,92,rapidbus_penang
12002083,12002082,30000013,104,rapidbus_penang
12002082,12002315,30000013,60,rapidbus_penang
12000876,12000888,30000013,266,rapidbus_penang
12000888,12000877,30000014,165,rapidbus_penang
12000877,12002083,30000014,63,rapidbus_penang
12002083,12002081,30000014,55,rapidbus_penang
12002081,12002315,30000014,31,rapidbus_penang
12002315,12002316,30000014,19,rapidbus_penang
12002316,12000876,30000014,45,rapidbus_penang
12000876,12002317,30000014,41,rapidbus_penang
12002317,12000879,30000014,44,rapidbus_penang
12000879,12000882,30000014,55,rapidbus_penang
12000882,12000885,30000014,34,rapidbus_penang
12000885,12000847,30000014,41,rapidbus_penang
12000847,12000848,30000014,41,rapidbus_penang
12000848,12000851,30000014,66,rapidbus_penang
12000851,12001837,30000014,73,rapidbus_penang
12001837,12001840,30000014,53,rapidbus_penang
12001840,12001842,30000014,51,rapidbus_penang
12001842,12001845,30000014,46,rapidbus_penang
12001845,12001847,30000014,68,rapidbus_penang
12001847,12001955,30000014,147,rapidbus_penang
12001955,12002059,30000014,270,rapidbus_penang
12002059,12002062,30000014,97,rapidbus_penang
12002062,12000079,30000014,120,rapidbus_penang
12000079,12001492,30000014,67,rapidbus_penang
12001492,12001494,30000014,44,rapidbus_penang
12001494,12001497,30000014,57,rapidbus_penang
12001497,12001500,30000014,93,rapidbus_penang
12001500,12001502,30000014,28,rapidbus_penang
12001502,12001504,30000014,51,rapidbus_penang
12001504,12001448,30000014,114,rapidbus_penang
12001448,12001450,30000014,108,rapidbus_penang
12001450,12001452,30000014,86,rapidbus_penang
12001452,12001455,30000014,82,rapidbus_penang
12001455,12001457,30000014,57,rapidbus_penang
12001457,12001459,30000014,68,rapidbus_penang
12001459,12000860,30000014,160,rapidbus_penang
12000860,12000865,30000014,68,rapidbus_penang
12000865,12000866,30000014,66,rapidbus_penang
12000866,12000868,30000014,70,rapidbus_penang
12000868,12000871,30000014,80,rapidbus_penang
12000871,12000873,30000014,35,rapidbus_penang
12000873,12001367,30000014,166,rapidbus_penang
12001367,12001368,30000014,108,rapidbus_penang
12001368,12000839,30000014,106,rapidbus_penang
12000839,12000838,30000014,42,rapidbus_penang
12000838,12000835,30000014,52,rapidbus_penang
12000835,12001355,30000014,46,rapidbus_penang
12001355,12003627,30000014,42,rapidbus_penang
12003627,12001894,30000014,75,rapidbus_penang
12001894,12000460,30000014,62,rapidbus_penang
12000460,12000455,30000014,84,rapidbus_penang
12000455,12000445,30000014,56,rapidbus_penang
12000445,12000453,30000014,59,rapidbus_penang
12000453,12000459,30000014,35,rapidbus_penang
12000459,12000462,30000014,31,rapidbus_penang
12000462,12001060,30000014,33,rapidbus_penang
12001060,12000356,30000014,73,rapidbus_penang
12000356,12000357,30000014,67,rapidbus_penang
12000357,12000358,30000014,35,rapidbus_penang
12000358,12003016,30000014,64,rapidbus_penang
12003016,12000360,30000014,31,rapidbus_penang
12000360,12000972,30000014,51,rapidbus_penang
12000972,12000718,30000014,35,rapidbus_penang
12000718,12000719,30000014,23,rapidbus_penang
12000719,12000720,30000014,33,rapidbus_penang
12000720,12000721,30000014,19,rapidbus_penang
12000721,12000722,30000014,22,rapidbus_penang
12000722,12000723,30000014,27,rapidbus_penang
12000723,12000724,30000014,41,rapidbus_penang
12000724,12000726,30000014,35,rapidbus_penang
12000726,12000727,30000014,38,rapidbus_penang
12000727,12000105,30000014,77,rapidbus_penang
12000105,12000102,30000014,53,rapidbus_penang
12000102,12000101,30000014,38,rapidbus_penang
12000101,12000371,30000014,82,rapidbus_penang
12000371,12000369,30000014,75,rapidbus_penang
12000369,12000368,30000014,57,rapidbus_penang
12000368,12000727,30000014,114,rapidbus_penang
12000368,12000367,30000014,55,rapidbus_penang
12000367,12003626,30000014,134,rapidbus_penang
12003626,12000388,30000014,105,rapidbus_penang
12000388,12000838,30000014,205,rapidbus_penang
12000835,12001085,30000014,196,rapidbus_penang
12001085,12001082,30000014,50,rapidbus_penang
12001082,12000833,30000014,64,rapidbus_penang
12000833,12000832,30000014,68,rapidbus_penang
12000832,12000831,30000014,57,rapidbus_penang
12000831,12000829,30000014,68,rapidbus_penang
12000829,12000828,30000014,97,rapidbus_penang
12000828,12001060,30000014,55,rapidbus_penang
12001060,12002116,30000014,161,rapidbus_penang
12002116,12000461,30000014,68,rapidbus_penang
12000461,12000456,30000014,55,rapidbus_penang
12000456,12000443,30000014,77,rapidbus_penang
12000443,12002112,30000014,77,rapidbus_penang
12002112,12000449,30000014,79,rapidbus_penang
12000449,12000458,30000014,94,rapidbus_penang
12000458,12000077,30000014,90,rapidbus_penang
12000077,12000076,30000014,57,rapidbus_penang
12000076,12000075,30000014,83,rapidbus_penang
12000075,12000072,30000014,119,rapidbus_penang
12000072,12000872,30000014,152,rapidbus_penang
12000872,12000870,30000014,46,rapidbus_penang
12000870,12000869,30000014,110,rapidbus_penang
12000869,12000867,30000014,90,rapidbus_penang
12000867,12000862,30000014,141,rapidbus_penang
12000862,12000861,30000014,70,rapidbus_penang
12000861,12001458,30000014,306,rapidbus_penang
12001458,12001456,30000014,99,rapidbus_penang
12001456,12001454,30000014,86,rapidbus_penang
12001454,12001453,30000014,75,rapidbus_penang
12001453,12001451,30000014,97,rapidbus_penang
12001451,12003137,30000014,339,rapidbus_penang
12003137,12001505,30000014,75,rapidbus_penang
12001505,12001501,30000014,112,rapidbus_penang
12001501,12001499,30000014,77,rapidbus_penang
12001499,12001498,30000014,108,rapidbus_penang
12001498,12001495,30000014,92,rapidbus_penang
12001495,12001493,30000014,55,rapidbus_penang
12001493,12002139,30000014,61,rapidbus_penang
12002139,12000078,30000014,139,rapidbus_penang
12000078,12002303,30000014,198,rapidbus_penang
12002303,12002059,30000014,200,rapidbus_penang
12002059,12002483,30000014,441,rapidbus_penang
12002483,12001843,30000014,174,rapidbus_penang
12001843,12001844,30000014,110,rapidbus_penang
12001844,12001841,30000014,64,rapidbus_penang
12001841,12001838,30000014,114,rapidbus_penang
12001838,12000852,30000014,116,rapidbus_penang
12000852,12000850,30000014,165,rapidbus_penang
12000850,12000887,30000014,105,rapidbus_penang
12000887,12000880,30000014,128,rapidbus_penang
12000880,12000877,30000014,75,rapidbus_penang
12002083,12002082,30000014,83,rapidbus_penang
12002082,12002315,30000014,50,rapidbus_penang
12000876,12000888,30000014,229,rapidbus_penang
12001354,12001896,30000016,91,rapidbus_penang
12001896,12001366,30000016,180,rapidbus_penang
12001366,12000070,30000016,185,rapidbus_penang
12000070,12000066,30000016,155,rapidbus_penang
12000066,12001822,30000016,76,rapidbus_penang
12001822,12001821,30000016,86,rapidbus_penang
12001821,12002991,30000016,44,rapidbus_penang
12002991,12001820,30000016,32,rapidbus_penang
12001820,12001819,30000016,85,rapidbus_penang
12001819,12001818,30000016,57,rapidbus_penang
12001818,12000049,30000016,88,rapidbus_penang
12000049,12001999,30000016,108,rapidbus_penang
12001999,12001974,30000016,55,rapidbus_penang
12001974,12001972,30000016,55,rapidbus_penang
12001972,12001970,30000016,58,rapidbus_penang
12001970,12001022,30000016,145,rapidbus_penang
12001022,12002290,30000016,44,rapidbus_penang
12002290,12001021,30000016,76,rapidbus_penang
12001021,12001019,30000016,90,rapidbus_penang
12001019,12002102,30000016,60,rapidbus_penang
12002102,12002099,30000016,81,rapidbus_penang
12002099,12002100,30000016,24,rapidbus_penang
12002100,12002101,30000016,44,rapidbus_penang
12002101,12001019,30000016,116,rapidbus_penang
12001019,12001016,30000016,149,rapidbus_penang
12001016,12002291,30000016,286,rapidbus_penang
12002291,12001013,30000016,273,rapidbus_penang
12001013,12001010,30000016,145,rapidbus_penang
12001010,12001005,30000016,86,rapidbus_penang
12001005,12001000,30000016,106,rapidbus_penang
12001000,12000438,30000016,83,rapidbus_penang
12000438,12001840,30000016,50,rapidbus_penang
12001840,12001842,30000016,68,rapidbus_penang
12001842,12001845,30000016,63,rapidbus_penang
12001845,12001847,30000016,91,rapidbus_penang
12001847,12001955,30000016,194,rapidbus_penang
12001955,12002059,30000016,355,rapidbus_penang
12002059,12002483,30000016,373,rapidbus_penang
12002483,12001433,30000016,86,rapidbus_penang
12001433,12000846,30000016,167,rapidbus_penang
12000846,12000887,30000016,57,rapidbus_penang
12000887,12000880,30000016,109,rapidbus_penang
12000880,12001801,30000016,67,rapidbus_penang
12001801,12001426,30000016,144,rapidbus_penang
12001426,12001424,30000016,152,rapidbus_penang
12001424,12001420,30000016,191,rapidbus_penang
12001420,12001419,30000016,158,rapidbus_penang
12001419,12002211,30000016,212,rapidbus_penang
12002211,12001418,30000016,342,rapidbus_penang
12001418,12001422,30000016,195,rapidbus_penang
12001422,12001423,30000016,86,rapidbus_penang
12001423,12001425,30000016,118,rapidbus_penang
12001425,12001427,30000016,169,rapidbus_penang
12001427,12001800,30000016,135,rapidbus_penang
12001800,12000879,30000016,78,rapidbus_penang
12000879,12000882,30000016,82,rapidbus_penang
12000882,12000885,30000016,50,rapidbus_penang
12000885,12000849,30000016,65,rapidbus_penang
12000849,12001432,30000016,140,rapidbus_penang
12001432,12001955,30000016,216,rapidbus_penang
12002483,12001843,30000016,165,rapidbus_penang
12001843,12001844,30000016,101,rapidbus_penang
12001844,12001841,30000016,62,rapidbus_penang
12001841,12000437,30000016,157,rapidbus_penang
12000437,12001002,30000016,84,rapidbus_penang
12001002,12001004,30000016,62,rapidbus_penang
12001004,12001006,30000016,80,rapidbus_penang
12001006,12001011,30000016,71,rapidbus_penang
12001011,12001012,30000016,56,rapidbus_penang
12001012,12001014,30000016,116,rapidbus_penang
12001014,12001017,30000016,571,rapidbus_penang
12001017,12002102,30000016,120,rapidbus_penang
12002101,12001020,30000016,114,rapidbus_penang
12001020,12002286,30000016,95,rapidbus_penang
12002286,12001023,30000016,48,rapidbus_penang
12001023,12001969,30000016,150,rapidbus_penang
12001969,12001971,30000016,62,rapidbus_penang
12001971,12001973,30000016,43,rapidbus_penang
12001973,12002001,30000016,82,rapidbus_penang
12002001,12001998,30000016,33,rapidbus_penang
12001998,12000048,30000016,67,rapidbus_penang
12000048,12000050,30000016,35,rapidbus_penang
12000050,12001812,30000016,109,rapidbus_penang
12001812,12001814,30000016,63,rapidbus_penang
12001814,12001815,30000016,71,rapidbus_penang
12001815,12001816,30000016,93,rapidbus_penang
12001816,12001817,30000016,69,rapidbus_penang
12001817,12000067,30000016,109,rapidbus_penang
12000067,12000069,30000016,62,rapidbus_penang
12000069,12000071,30000016,107,rapidbus_penang
12000071,12001367,30000016,193,rapidbus_penang
12001367,12001368,30000016,159,rapidbus_penang
12001368,12000839,30000016,152,rapidbus_penang
12000839,12000838,30000016,62,rapidbus_penang
12000838,12000835,30000016,78,rapidbus_penang
12000835,12001355,30000016,67,rapidbus_penang
12001355,12001354,30000016,137,rapidbus_penang
12002113,12000007,30000019,39,rapidbus_penang
12000007,12001916,30000019,42,rapidbus_penang
12001916,12000610,30000019,56,rapidbus_penang
12000610,12001911,30000019,49,rapidbus_penang
12001911,12001937,30000019,90,rapidbus_penang
12001937,12002116,30000019,76,rapidbus_penang
12002116,12000530,30000019,72,rapidbus_penang
12000530,12001941,30000019,98,rapidbus_penang
12001941,12000580,30000019,95,rapidbus_penang
12000580,12000579,30000019,59,rapidbus_penang
12000579,12002314,30000019,61,rapidbus_penang
12002314,12000573,30000019,21,rapidbus_penang
12000573,12000571,30000019,40,rapidbus_penang
12000571,12000568,30000019,42,rapidbus_penang
12000568,12000584,30000019,44,rapidbus_penang
12000584,12000567,30000019,68,rapidbus_penang
12000567,12000582,30000019,44,rapidbus_penang
12000582,12000581,30000019,44,rapidbus_penang
12000581,12001458,30000019,170,rapidbus_penang
12001458,12001456,30000019,63,rapidbus_penang
12001456,12001454,30000019,53,rapidbus_penang
12001454,12001453,30000019,48,rapidbus_penang
12001453,12001451,30000019,61,rapidbus_penang
12001451,12001449,30000019,151,rapidbus_penang
12001449,12002205,30000019,141,rapidbus_penang
12002205,12001444,30000019,43,rapidbus_penang
12001444,12001442,30000019,57,rapidbus_penang
12001442,12001440,30000019,29,rapidbus_penang
12001440,12001438,30000019,51,rapidbus_penang
12001438,12001434,30000019,63,rapidbus_penang
12001434,12001433,30000019,116,rapidbus_penang
12001433,12001431,30000019,146,rapidbus_penang
12001431,12001426,30000019,145,rapidbus_penang
12001426,12001424,30000019,112,rapidbus_penang
12001424,12001420,30000019,144,rapidbus_penang
12001420,12001419,30000019,117,rapidbus_penang
12001419,12002211,30000019,137,rapidbus_penang
12002211,12002254,30000019,177,rapidbus_penang
12002254,12002255,30000019,81,rapidbus_penang
12002255,12002305,30000019,142,rapidbus_penang
12002305,12002306,30000019,76,rapidbus_penang
12002306,12001771,30000019,113,rapidbus_penang
12001771,12001772,30000019,73,rapidbus_penang
12001772,12002307,30000019,76,rapidbus_penang
12002307,12001782,30000019,70,rapidbus_penang
12001782,12002553,30000019,36,rapidbus_penang
12002553,12001784,30000019,49,rapidbus_penang
12001784,12001787,30000019,120,rapidbus_penang
12001786,12001785,30000019,77,rapidbus_penang
12001785,12001783,30000019,71,rapidbus_penang
12001783,12001780,30000019,97,rapidbus_penang
12001780,12001776,30000019,123,rapidbus_penang
12001776,12001775,30000019,27,rapidbus_penang
12001775,12001774,30000019,65,rapidbus_penang
12001774,12001773,30000019,113,rapidbus_penang
12001773,12001779,30000019,222,rapidbus_penang
12001779,12002256,30000019,319,rapidbus_penang
12002256,12000247,30000019,105,rapidbus_penang
12000247,12002615,30000019,220,rapidbus_penang
12002615,12002616,30000019,232,rapidbus_penang
12002616,12001418,30000019,144,rapidbus_penang
12001418,12001419,30000019,218,rapidbus_penang
12002211,12001418,30000019,367,rapidbus_penang
12001418,12001422,30000019,210,rapidbus_penang
12001422,12001423,30000019,89,rapidbus_penang
12001423,12001425,30000019,125,rapidbus_penang
12001425,12001427,30000019,182,rapidbus_penang
12001427,12001460,30000019,174,rapidbus_penang
12001460,12001432,30000019,240,rapidbus_penang
12001432,12001435,30000019,236,rapidbus_penang
12001435,12001437,30000019,65,rapidbus_penang
12001437,12001439,30000019,61,rapidbus_penang
12001439,12002139,30000019,91,rapidbus_penang
12002139,12001443,30000019,119,rapidbus_penang
12001443,12001445,30000019,91,rapidbus_penang
12001445,12001446,30000019,101,rapidbus_penang
12001446,12002207,30000019,39,rapidbus_penang
12002207,12001448,30000019,89,rapidbus_penang
12001448,12001450,30000019,170,rapidbus_penang
12001450,12001452,30000019,134,rapidbus_penang
12001452,12001455,30000019,128,rapidbus_penang
12001455,12001457,30000019,87,rapidbus_penang
12001457,12001459,30000019,109,rapidbus_penang
12001459,12000565,30000019,283,rapidbus_penang
12000565,12000566,30000019,67,rapidbus_penang
12000566,12001069,30000019,121,rapidbus_penang
12001069,12001070,30000019,45,rapidbus_penang
12001070,12001071,30000019,41,rapidbus_penang
12001071,12000570,30000019,111,rapidbus_penang
12000570,12000572,30000019,53,rapidbus_penang
12000572,12000575,30000019,35,rapidbus_penang
12000575,12000576,30000019,93,rapidbus_penang
12000576,12001585,30000019,89,rapidbus_penang
12001585,12000991,30000019,119,rapidbus_penang
12000991,12001903,30000019,57,rapidbus_penang
12001903,12001462,30000019,65,rapidbus_penang
12001462,12000529,30000019,107,rapidbus_penang
12000529,12002993,30000019,160,rapidbus_penang
12002993,12001937,30000019,85,rapidbus_penang
12001937,12001910,30000019,81,rapidbus_penang
12001910,12001915,30000019,59,rapidbus_penang
12001915,12000611,30000019,57,rapidbus_penang
12000611,12001917,30000019,81,rapidbus_penang
12001917,12002318,30000019,79,rapidbus_penang
12002318,12002056,30000019,55,rapidbus_penang
12002056,12002058,30000019,99,rapidbus_penang
12002058,12002971,30000019,35,rapidbus_penang
12002971,12001943,30000019,23,rapidbus_penang
12001943,12002972,30000019,65,rapidbus_penang
12002972,12002057,30000019,57,rapidbus_penang
12002057,12002113,30000019,120,rapidbus_penang
12002115,12000140,30000020,107,rapidbus_penang
12000140,12002313,30000020,38,rapidbus_penang
12002313,12000149,30000020,73,rapidbus_penang
12000149,12000147,30000020,66,rapidbus_penang
12000147,12002298,30000020,44,rapidbus_penang
12002298,12000144,30000020,81,rapidbus_penang
12000144,12000136,30000020,55,rapidbus_penang
12000136,12000142,30000020,31,rapidbus_penang
12000142,12000141,30000020,90,rapidbus_penang
12000141,12000135,30000020,33,rapidbus_penang
12000135,12002634,30000020,368,rapidbus_penang
12002634,12001786,30000020,354,rapidbus_penang
12001786,12001785,30000020,51,rapidbus_penang
12001785,12001783,30000020,46,rapidbus_penang
12001783,12001780,30000020,59,rapidbus_penang
12001780,12001776,30000020,77,rapidbus_penang
12001776,12001775,30000020,20,rapidbus_penang
12001775,12001774,30000020,42,rapidbus_penang
12001774,12001773,30000020,70,rapidbus_penang
12001773,12001779,30000020,138,rapidbus_penang
12001779,12002256,30000020,197,rapidbus_penang
12002256,12000247,30000020,64,rapidbus_penang
12000247,12002615,30000020,134,rapidbus_penang
12002615,12002616,30000020,143,rapidbus_penang
12002616,12001418,30000020,90,rapidbus_penang
12001418,12001419,30000020,136,rapidbus_penang
12001419,12002211,30000020,134,rapidbus_penang
12002211,12001418,30000020,225,rapidbus_penang
12001418,12001422,30000020,127,rapidbus_penang
12001422,12001423,30000020,57,rapidbus_penang
12001423,12001425,30000020,77,rapidbus_penang
12001425,12001427,30000020,112,rapidbus_penang
12001427,12001800,30000020,90,rapidbus_penang
12001800,12000879,30000020,53,rapidbus_penang
12000879,12000882,30000020,55,rapidbus_penang
12000882,12000885,30000020,33,rapidbus_penang
12000885,12000847,30000020,40,rapidbus_penang
12000847,12000848,30000020,42,rapidbus_penang
12000848,12000851,30000020,64,rapidbus_penang
12000851,12001837,30000020,71,rapidbus_penang
12001837,12001840,30000020,53,rapidbus_penang
12001840,12001842,30000020,49,rapidbus_penang
12001842,12001845,30000020,46,rapidbus_penang
12001845,12001847,30000020,66,rapidbus_penang
12001847,12001955,30000020,140,rapidbus_penang
12001955,12002059,30000020,256,rapidbus_penang
12002059,12002062,30000020,94,rapidbus_penang
12002062,12002066,30000020,57,rapidbus_penang
12002066,12002067,30000020,62,rapidbus_penang
12002067,12001989,30000020,195,rapidbus_penang
12001989,12001988,30000020,368,rapidbus_penang
12001988,12001985,30000020,228,rapidbus_penang
12001985,12002111,30000020,365,rapidbus_penang
12002111,12000003,30000020,86,rapidbus_penang
12000003,12001937,30000020,75,rapidbus_penang
12001937,12002056,30000020,228,rapidbus_penang
12002056,12002058,30000020,62,rapidbus_penang
12002058,12002971,30000020,22,rapidbus_penang
12002971,12001943,30000020,18,rapidbus_penang
12001943,12002972,30000020,40,rapidbus_penang
12002972,12002057,30000020,36,rapidbus_penang
12002057,12002113,30000020,87,rapidbus_penang
12002113,12000003,30000020,161,rapidbus_penang
12000003,12002116,30000020,148,rapidbus_penang
12002116,12000474,30000020,132,rapidbus_penang
12000474,12001987,30000020,158,rapidbus_penang
12001987,12001986,30000020,372,rapidbus_penang
12001986,12001984,30000020,254,rapidbus_penang
12001984,12001981,30000020,394,rapidbus_penang
12001981,12002068,30000020,168,rapidbus_penang
12002068,12002064,30000020,65,rapidbus_penang
12002064,12002303,30000020,59,rapidbus_penang
12002303,12002059,30000020,128,rapidbus_penang
12002059,12002483,30000020,279,rapidbus_penang
12002483,12001843,30000020,112,rapidbus_penang
12001843,12001844,30000020,71,rapidbus_penang
12001844,12001841,30000020,43,rapidbus_penang
12001841,12001838,30000020,72,rapidbus_penang
12001838,12000852,30000020,77,rapidbus_penang
12000852,12000850,30000020,104,rapidbus_penang
12000850,12000887,30000020,69,rapidbus_penang
12000887,12000880,30000020,82,rapidbus_penang
12000880,12001801,30000020,53,rapidbus_penang
12001801,12001426,30000020,107,rapidbus_penang
12001426,12001424,30000020,112,rapidbus_penang
12001424,12001420,30000020,145,rapidbus_penang
12001420,12001419,30000020,119,rapidbus_penang
12002211,12002254,30000020,179,rapidbus_penang
12002254,12002255,30000020,81,rapidbus_penang
12002255,12002305,30000020,144,rapidbus_penang
12002305,12002306,30000020,77,rapidbus_penang
12002306,12001771,30000020,112,rapidbus_penang
12001771,12001772,30000020,75,rapidbus_penang
12001772,12002307,30000020,75,rapidbus_penang
12002307,12001782,30000020,71,rapidbus_penang
12001782,12002553,30000020,39,rapidbus_penang
12002553,12001784,30000020,49,rapidbus_penang
12001784,12001787,30000020,90,rapidbus_penang
12001787,12002635,30000020,336,rapidbus_penang
12002635,12000141,30000020,413,rapidbus_penang
12000141,12000143,30000020,81,rapidbus_penang
12000143,12000145,30000020,50,rapidbus_penang
12000145,12000146,30000020,77,rapidbus_penang
12000146,12000148,30000020,46,rapidbus_penang
12000148,12002280,30000020,77,rapidbus_penang
12002280,12000138,30000020,40,rapidbus_penang
12000138,12000150,30000020,30,rapidbus_penang
12000150,12002281,30000020,32,rapidbus_penang
12002281,12001886,30000020,59,rapidbus_penang
12001886,12002115,30000020,85,rapidbus_penang
12002113,12000007,30000141,40,rapidbus_penang
12000007,12002058,30000141,113,rapidbus_penang
12002058,12002971,30000141,23,rapidbus_penang
12002971,12001943,30000141,16,rapidbus_penang
12001943,12001935,30000141,72,rapidbus_penang
12001935,12001926,30000141,41,rapidbus_penang
12001926,12001928,30000141,41,rapidbus_penang
12001928,12001066,30000141,70,rapidbus_penang
12001066,12001064,30000141,51,rapidbus_penang
12001064,12001061,30000141,25,rapidbus_penang
12001061,12002116,30000141,99,rapidbus_penang
12002116,12000461,30000141,44,rapidbus_penang
12000461,12000456,30000141,37,rapidbus_penang
12000456,12000443,30000141,51,rapidbus_penang
12000443,12002112,30000141,51,rapidbus_penang
12002112,12000449,30000141,52,rapidbus_penang
12000449,12000458,30000141,64,rapidbus_penang
12000458,12000077,30000141,59,rapidbus_penang
12000077,12000076,30000141,40,rapidbus_penang
12000076,12000075,30000141,54,rapidbus_penang
12000075,12000072,30000141,81,rapidbus_penang
12000072,12000070,30000141,72,rapidbus_penang
12000070,12000066,30000141,122,rapidbus_penang
12000066,12002288,30000141,64,rapidbus_penang
12002288,12000060,30000141,63,rapidbus_penang
12000060,12000064,30000141,51,rapidbus_penang
12000064,12000062,30000141,66,rapidbus_penang
12000062,12000058,30000141,28,rapidbus_penang
12000058,12000057,30000141,50,rapidbus_penang
12000057,12001036,30000141,72,rapidbus_penang
12001036,12002289,30000141,56,rapidbus_penang
12002289,12001031,30000141,32,rapidbus_penang
12001031,12001029,30000141,21,rapidbus_penang
12001029,12001028,30000141,22,rapidbus_penang
12001028,12001027,30000141,62,rapidbus_penang
12001027,12001025,30000141,38,rapidbus_penang
12001025,12001022,30000141,101,rapidbus_penang
12001022,12002290,30000141,34,rapidbus_penang
12002290,12001021,30000141,58,rapidbus_penang
12001021,12001019,30000141,71,rapidbus_penang
12001019,12002102,30000141,47,rapidbus_penang
12002102,12002099,30000141,63,rapidbus_penang
12002099,12002100,30000141,19,rapidbus_penang
12002100,12002101,30000141,33,rapidbus_penang
12002101,12001019,30000141,90,rapidbus_penang
12001019,12001016,30000141,120,rapidbus_penang
12001016,12002291,30000141,227,rapidbus_penang
12002291,12001013,30000141,217,rapidbus_penang
12001013,12001010,30000141,116,rapidbus_penang
12001010,12001005,30000141,66,rapidbus_penang
12001005,12001000,30000141,82,rapidbus_penang
12001000,12002153,30000141,144,rapidbus_penang
12002153,12000246,30000141,88,rapidbus_penang
12000246,12002617,30000141,340,rapidbus_penang
12002617,12002616,30000141,159,rapidbus_penang
12002616,12001418,30000141,97,rapidbus_penang
12001418,12001419,30000141,150,rapidbus_penang
12001419,12002305,30000141,381,rapidbus_penang
12002305,12001771,30000141,196,rapidbus_penang
12001771,12001772,30000141,79,rapidbus_penang
12001772,12002307,30000141,78,rapidbus_penang
12002307,12001782,30000141,74,rapidbus_penang
12001782,12002553,30000141,39,rapidbus_penang
12002553,12001787,30000141,143,rapidbus_penang
12001787,12002635,30000141,362,rapidbus_penang
12002635,12000141,30000141,444,rapidbus_penang
12000141,12000143,30000141,84,rapidbus_penang
12000143,12000145,30000141,53,rapidbus_penang
12000145,12000146,30000141,78,rapidbus_penang
12000146,12002280,30000141,125,rapidbus_penang
12002280,12000138,30000141,41,rapidbus_penang
12000138,12000150,30000141,31,rapidbus_penang
12000150,12002281,30000141,32,rapidbus_penang
12002281,12001886,30000141,62,rapidbus_penang
12001886,12002115,30000141,93,rapidbus_penang
12002115,12000140,30000141,111,rapidbus_penang
12000140,12002313,30000141,37,rapidbus_penang
12002313,12000149,30000141,77,rapidbus_penang
12000149,12000147,30000141,67,rapidbus_penang
12000147,12002298,30000141,44,rapidbus_penang
12002298,12000144,30000141,82,rapidbus_penang
12000144,12000136,30000141,56,rapidbus_penang
12000136,12000142,30000141,31,rapidbus_penang
12000142,12000141,30000141,92,rapidbus_penang
12000141,12000135,30000141,32,rapidbus_penang
12000135,12002634,30000141,390,rapidbus_penang
12002634,12001786,30000141,376,rapidbus_penang
12001786,12001785,30000141,50,rapidbus_penang
12001785,12001783,30000141,46,rapidbus_penang
12001783,12001780,30000141,61,rapidbus_penang
12001780,12001776,30000141,78,rapidbus_penang
12001776,12001775,30000141,18,rapidbus_penang
12001775,12001774,30000141,40,rapidbus_penang
12001774,12001773,30000141,73,rapidbus_penang
12001773,12001779,30000141,143,rapidbus_penang
12001779,12002256,30000141,209,rapidbus_penang
12002256,12000247,30000141,67,rapidbus_penang
12000247,12002615,30000141,140,rapidbus_penang
12002615,12002618,30000141,118,rapidbus_penang
12002618,12000245,30000141,315,rapidbus_penang
12000245,12002142,30000141,92,rapidbus_penang
12002142,12001002,30000141,133,rapidbus_penang
12001002,12001006,30000141,94,rapidbus_penang
12001006,12001011,30000141,48,rapidbus_penang
12001011,12001017,30000141,509,rapidbus_penang
12001017,12002102,30000141,82,rapidbus_penang
12002101,12001020,30000141,78,rapidbus_penang
12001020,12002286,30000141,65,rapidbus_penang
12002286,12001023,30000141,32,rapidbus_penang
12001023,12001026,30000141,121,rapidbus_penang
12001026,12001030,30000141,80,rapidbus_penang
12001030,12001033,30000141,51,rapidbus_penang
12001033,12001035,30000141,45,rapidbus_penang
12001035,12001037,30000141,38,rapidbus_penang
12001037,12000151,30000141,72,rapidbus_penang
12000151,12000059,30000141,56,rapidbus_penang
12000059,12000065,30000141,37,rapidbus_penang
12000065,12000068,30000141,39,rapidbus_penang
12000068,12000061,30000141,43,rapidbus_penang
12000061,12000063,30000141,76,rapidbus_penang
12000063,12000067,30000141,65,rapidbus_penang
12000067,12000069,30000141,40,rapidbus_penang
12000069,12000071,30000141,73,rapidbus_penang
12000071,12000073,30000141,67,rapidbus_penang
12000073,12000074,30000141,66,rapidbus_penang
12000074,12000448,30000141,64,rapidbus_penang
12000448,12000460,30000141,63,rapidbus_penang
12000460,12000455,30000141,84,rapidbus_penang
12000455,12000445,30000141,54,rapidbus_penang
12000445,12000453,30000141,59,rapidbus_penang
12000453,12000459,30000141,34,rapidbus_penang
12000459,12000462,30000141,31,rapidbus_penang
12000462,12001060,30000141,33,rapidbus_penang
12001060,12001832,30000141,69,rapidbus_penang
12001832,12001835,30000141,47,rapidbus_penang
12001835,12001399,30000141,27,rapidbus_penang
12001399,12001397,30000141,24,rapidbus_penang
12001397,12002287,30000141,34,rapidbus_penang
12002287,12001929,30000141,30,rapidbus_penang
12001929,12001927,30000141,107,rapidbus_penang
12001927,12001936,30000141,59,rapidbus_penang
12001936,12001934,30000141,35,rapidbus_penang
12001934,12002972,30000141,50,rapidbus_penang
12002972,12002057,30000141,36,rapidbus_penang
12002057,12002113,30000141,96,rapidbus_penang
12001284,12002118,30000026,172,rapidbus_penang
12002118,12000256,30000026,83,rapidbus_penang
12000256,12002119,30000026,56,rapidbus_penang
12002119,12000255,30000026,62,rapidbus_penang
12000255,12000263,30000026,110,rapidbus_penang
12000263,12000258,30000026,80,rapidbus_penang
12000258,12000265,30000026,115,rapidbus_penang
12000265,12000998,30000026,112,rapidbus_penang
12000998,12000707,30000026,71,rapidbus_penang
12000707,12000705,30000026,73,rapidbus_penang
12000705,12000386,30000026,74,rapidbus_penang
12000386,12000384,30000026,56,rapidbus_penang
12000384,12002547,30000026,41,rapidbus_penang
12002547,12000381,30000026,115,rapidbus_penang
12000381,12002548,30000026,160,rapidbus_penang
12002548,12000378,30000026,36,rapidbus_penang
12000378,12000375,30000026,80,rapidbus_penang
12000375,12000373,30000026,126,rapidbus_penang
12000373,12001733,30000026,210,rapidbus_penang
12001733,12001732,30000026,36,rapidbus_penang
12001732,12001730,30000026,47,rapidbus_penang
12001730,12001728,30000026,55,rapidbus_penang
12001728,12001726,30000026,77,rapidbus_penang
12001726,12001725,30000026,29,rapidbus_penang
12001725,12001722,30000026,51,rapidbus_penang
12001722,12001721,30000026,39,rapidbus_penang
12001721,12002444,30000026,117,rapidbus_penang
12002444,12001715,30000026,70,rapidbus_penang
12001715,12001714,30000026,54,rapidbus_penang
12001714,12001712,30000026,52,rapidbus_penang
12001712,12001710,30000026,47,rapidbus_penang
12001710,12001708,30000026,41,rapidbus_penang
12001708,12001707,30000026,44,rapidbus_penang
12001707,12000098,30000026,55,rapidbus_penang
12000098,12002551,30000026,25,rapidbus_penang
12002551,12000094,30000026,51,rapidbus_penang
12000094,12000092,30000026,72,rapidbus_penang
12000092,12000091,30000026,58,rapidbus_penang
12000091,12000088,30000026,73,rapidbus_penang
12000088,12000605,30000026,65,rapidbus_penang
12000605,12000603,30000026,36,rapidbus_penang
12000603,12000601,30000026,36,rapidbus_penang
12000601,12000124,30000026,112,rapidbus_penang
12000124,12000122,30000026,54,rapidbus_penang
12000122,12000121,30000026,76,rapidbus_penang
12000121,12002549,30000026,42,rapidbus_penang
12002549,12002322,30000026,134,rapidbus_penang
12002322,12000120,30000026,398,rapidbus_penang
12000120,12000123,30000026,87,rapidbus_penang
12000123,12000125,30000026,55,rapidbus_penang
12000125,12000600,30000026,58,rapidbus_penang
12000600,12000602,30000026,36,rapidbus_penang
12000602,12000604,30000026,47,rapidbus_penang
12000604,12000606,30000026,49,rapidbus_penang
12000606,12000089,30000026,56,rapidbus_penang
12000089,12000090,30000026,19,rapidbus_penang
12000090,12002544,30000026,48,rapidbus_penang
12002544,12000093,30000026,45,rapidbus_penang
12000093,12000095,30000026,51,rapidbus_penang
12000095,12000097,30000026,32,rapidbus_penang
12000097,12000099,30000026,72,rapidbus_penang
12000099,12001709,30000026,39,rapidbus_penang
12001709,12001711,30000026,28,rapidbus_penang
12001711,12001713,30000026,49,rapidbus_penang
12001713,12001716,30000026,85,rapidbus_penang
12001716,12001717,30000026,57,rapidbus_penang
12001717,12001720,30000026,103,rapidbus_penang
12001720,12001723,30000026,43,rapidbus_penang
12001723,12001724,30000026,40,rapidbus_penang
12001724,12001727,30000026,31,rapidbus_penang
12001727,12001729,30000026,71,rapidbus_penang
12001729,12001731,30000026,47,rapidbus_penang
12001731,12002545,30000026,38,rapidbus_penang
12002545,12001734,30000026,42,rapidbus_penang
12001734,12000374,30000026,191,rapidbus_penang
12000374,12000376,30000026,102,rapidbus_penang
12000376,12000377,30000026,55,rapidbus_penang
12000377,12000379,30000026,44,rapidbus_penang
12000379,12000380,30000026,21,rapidbus_penang
12000380,12002546,30000026,125,rapidbus_penang
12002546,12000382,30000026,31,rapidbus_penang
12000382,12000383,30000026,59,rapidbus_penang
12000383,12000385,30000026,44,rapidbus_penang
12000385,12000387,30000026,78,rapidbus_penang
12000387,12000706,30000026,45,rapidbus_penang
12000706,12000708,30000026,68,rapidbus_penang
12000708,12000999,30000026,72,rapidbus_penang
12000999,12000261,30000026,76,rapidbus_penang
12000261,12000260,30000026,60,rapidbus_penang
12000260,12000259,30000026,44,rapidbus_penang
12000259,12000257,30000026,81,rapidbus_penang
12000257,12000253,30000026,149,rapidbus_penang
12000253,12000251,30000026,42,rapidbus_penang
12000251,12000250,30000026,46,rapidbus_penang
12000250,12001284,30000026,141,rapidbus_penang
12002637,12000760,30000027,52,rapidbus_penang
12000760,12000758,30000027,32,rapidbus_penang
12000758,12000756,30000027,70,rapidbus_penang
12000756,12000757,30000027,46,rapidbus_penang
12000757,12000741,30000027,38,rapidbus_penang
12000741,12000746,30000027,35,rapidbus_penang
12000746,12000748,30000027,49,rapidbus_penang
12000748,12000750,30000027,22,rapidbus_penang
12000750,12000752,30000027,30,rapidbus_penang
12000752,12000754,30000027,36,rapidbus_penang
12000754,12000755,30000027,38,rapidbus_penang
12000755,12001124,30000027,99,rapidbus_penang
12001124,12001123,30000027,92,rapidbus_penang
12001123,12001120,30000027,86,rapidbus_penang
12001120,12001119,30000027,64,rapidbus_penang
12001119,12001117,30000027,83,rapidbus_penang
12001117,12001115,30000027,126,rapidbus_penang
12001115,12001113,30000027,56,rapidbus_penang
12001113,12001111,30000027,38,rapidbus_penang
12001111,12001110,30000027,80,rapidbus_penang
12001110,12001108,30000027,40,rapidbus_penang
12001108,12001105,30000027,58,rapidbus_penang
12001105,12001057,30000027,163,rapidbus_penang
12001057,12001055,30000027,59,rapidbus_penang
12001055,12001054,30000027,62,rapidbus_penang
12001054,12001052,30000027,57,rapidbus_penang
12001052,12001050,30000027,79,rapidbus_penang
12001050,12001049,30000027,127,rapidbus_penang
12001049,12001733,30000027,152,rapidbus_penang
12001733,12001732,30000027,37,rapidbus_penang
12001732,12001730,30000027,50,rapidbus_penang
12001730,12001728,30000027,58,rapidbus_penang
12001728,12001726,30000027,80,rapidbus_penang
12001726,12001725,30000027,30,rapidbus_penang
12001725,12001722,30000027,54,rapidbus_penang
12001722,12001721,30000027,40,rapidbus_penang
12001721,12002444,30000027,122,rapidbus_penang
12002444,12001715,30000027,73,rapidbus_penang
12001715,12001714,30000027,57,rapidbus_penang
12001714,12001712,30000027,54,rapidbus_penang
12001712,12001710,30000027,50,rapidbus_penang
12001710,12001708,30000027,42,rapidbus_penang
12001708,12001707,30000027,46,rapidbus_penang
12001707,12000098,30000027,57,rapidbus_penang
12000098,12002551,30000027,25,rapidbus_penang
12002551,12000096,30000027,14,rapidbus_penang
12000096,12000094,30000027,42,rapidbus_penang
12000094,12000092,30000027,76,rapidbus_penang
12000092,12000091,30000027,60,rapidbus_penang
12000091,12000088,30000027,76,rapidbus_penang
12000088,12000605,30000027,69,rapidbus_penang
12000605,12000603,30000027,38,rapidbus_penang
12000603,12000601,30000027,37,rapidbus_penang
12000601,12000124,30000027,116,rapidbus_penang
12000124,12000122,30000027,57,rapidbus_penang
12000122,12000121,30000027,80,rapidbus_penang
12000121,12002549,30000027,43,rapidbus_penang
12002549,12002322,30000027,168,rapidbus_penang
12002322,12000120,30000027,418,rapidbus_penang
12000120,12000123,30000027,91,rapidbus_penang
12000123,12000125,30000027,58,rapidbus_penang
12000125,12000600,30000027,61,rapidbus_penang
12000600,12000602,30000027,37,rapidbus_penang
12000602,12000604,30000027,50,rapidbus_penang
12000604,12000606,30000027,53,rapidbus_penang
12000606,12000089,30000027,59,rapidbus_penang
12000089,12000090,30000027,20,rapidbus_penang
12000090,12002544,30000027,52,rapidbus_penang
12002544,12000093,30000027,48,rapidbus_penang
12000093,12000095,30000027,54,rapidbus_penang
12000095,12000097,30000027,35,rapidbus_penang
12000097,12000099,30000027,76,rapidbus_penang
12000099,12001709,30000027,40,rapidbus_penang
12001709,12001711,30000027,30,rapidbus_penang
12001711,12001713,30000027,52,rapidbus_penang
12001713,12001716,30000027,90,rapidbus_penang
12001716,12001717,30000027,61,rapidbus_penang
12001717,12001720,30000027,108,rapidbus_penang
12001720,12001723,30000027,46,rapidbus_penang
12001723,12001724,30000027,43,rapidbus_penang
12001724,12001727,30000027,33,rapidbus_penang
12001727,12001729,30000027,74,rapidbus_penang
12001729,12001731,30000027,50,rapidbus_penang
12001731,12002545,30000027,40,rapidbus_penang
12002545,12001734,30000027,44,rapidbus_penang
12001734,12001051,30000027,263,rapidbus_penang
12001051,12001053,30000027,89,rapidbus_penang
12001053,12001056,30000027,65,rapidbus_penang
12001056,12001058,30000027,53,rapidbus_penang
12001058,12001059,30000027,30,rapidbus_penang
12001059,12001104,30000027,89,rapidbus_penang
12001104,12001106,30000027,28,rapidbus_penang
12001106,12001107,30000027,50,rapidbus_penang
12001107,12001109,30000027,37,rapidbus_penang
12001109,12001112,30000027,103,rapidbus_penang
12001112,12001114,30000027,52,rapidbus_penang
12001114,12001116,30000027,114,rapidbus_penang
12001116,12001118,30000027,73,rapidbus_penang
12001118,12001121,30000027,61,rapidbus_penang
12001121,12001122,30000027,73,rapidbus_penang
12001122,12001125,30000027,91,rapidbus_penang
12001125,12000753,30000027,118,rapidbus_penang
12000753,12000751,30000027,37,rapidbus_penang
12000751,12000747,30000027,35,rapidbus_penang
12000747,12000740,30000027,76,rapidbus_penang
12000740,12000739,30000027,32,rapidbus_penang
12000739,12000742,30000027,100,rapidbus_penang
12000742,12002552,30000027,41,rapidbus_penang
12002552,12000743,30000027,23,rapidbus_penang
12000743,12002637,30000027,44,rapidbus_penang
12000904,12000905,30000028,38,rapidbus_penang
12000905,12001561,30000028,72,rapidbus_penang
12001561,12001562,30000028,45,rapidbus_penang
12001562,12001513,30000028,73,rapidbus_penang
12001513,12001518,30000028,79,rapidbus_penang
12001518,12001527,30000028,313,rapidbus_penang
12001527,12001531,30000028,75,rapidbus_penang
12001531,12001534,30000028,65,rapidbus_penang
12001534,12001537,30000028,47,rapidbus_penang
12001537,12001594,30000028,47,rapidbus_penang
12001594,12001593,30000028,48,rapidbus_penang
12001593,12002391,30000028,50,rapidbus_penang
12002391,12002393,30000028,168,rapidbus_penang
12002393,12000118,30000028,64,rapidbus_penang
12000118,12000116,30000028,66,rapidbus_penang
12000116,12000114,30000028,67,rapidbus_penang
12000114,12000930,30000028,76,rapidbus_penang
12000930,12000929,30000028,48,rapidbus_penang
12000929,12000931,30000028,121,rapidbus_penang
12000931,12000932,30000028,73,rapidbus_penang
12000932,12001352,30000028,109,rapidbus_penang
12001352,12001350,30000028,57,rapidbus_penang
12001350,12001348,30000028,38,rapidbus_penang
12001348,12001347,30000028,35,rapidbus_penang
12001347,12001344,30000028,58,rapidbus_penang
12001344,12001343,30000028,69,rapidbus_penang
12001343,12001342,30000028,100,rapidbus_penang
12001342,12001340,30000028,37,rapidbus_penang
12001340,12001395,30000028,95,rapidbus_penang
12001395,12001394,30000028,46,rapidbus_penang
12001394,12001393,30000028,24,rapidbus_penang
12001393,12000540,30000028,169,rapidbus_penang
12000540,12000122,30000028,93,rapidbus_penang
12000122,12000121,30000028,109,rapidbus_penang
12000121,12002549,30000028,58,rapidbus_penang
12002549,12002322,30000028,208,rapidbus_penang
12002322,12000120,30000028,697,rapidbus_penang
12000120,12000123,30000028,154,rapidbus_penang
12000123,12000539,30000028,105,rapidbus_penang
12000539,12001392,30000028,145,rapidbus_penang
12001392,12001396,30000028,111,rapidbus_penang
12001396,12001341,30000028,88,rapidbus_penang
12001341,12001345,30000028,236,rapidbus_penang
12001345,12001346,30000028,33,rapidbus_penang
12001346,12001349,30000028,57,rapidbus_penang
12001349,12001351,30000028,51,rapidbus_penang
12001351,12001353,30000028,53,rapidbus_penang
12001353,12001907,30000028,132,rapidbus_penang
12001907,12001906,30000028,94,rapidbus_penang
12001906,12001904,30000028,112,rapidbus_penang
12001904,12001905,30000028,77,rapidbus_penang
12001905,12000115,30000028,114,rapidbus_penang
12000115,12000117,30000028,53,rapidbus_penang
12000117,12000119,30000028,77,rapidbus_penang
12000119,12001591,30000028,221,rapidbus_penang
12001591,12001592,30000028,60,rapidbus_penang
12001592,12001595,30000028,57,rapidbus_penang
12001595,12001539,30000028,52,rapidbus_penang
12001539,12001536,30000028,50,rapidbus_penang
12001536,12001533,30000028,78,rapidbus_penang
12001533,12001529,30000028,93,rapidbus_penang
12001529,12001524,30000028,53,rapidbus_penang
12001524,12001521,30000028,197,rapidbus_penang
12001521,12001517,30000028,125,rapidbus_penang
12001517,12001514,30000028,24,rapidbus_penang
12001514,12001512,30000028,63,rapidbus_penang
12001512,12001511,30000028,44,rapidbus_penang
12001511,12001510,30000028,47,rapidbus_penang
12001510,12001508,30000028,90,rapidbus_penang
12001508,12001507,30000028,47,rapidbus_penang
12001507,12000902,30000028,103,rapidbus_penang
12000902,12000903,30000028,34,rapidbus_penang
12000903,12000904,30000028,73,rapidbus_penang
12002322,12000910,30000036,546,rapidbus_penang
12000910,12000913,30000036,75,rapidbus_penang
12000913,12000396,30000036,105,rapidbus_penang
12000396,12000397,30000036,68,rapidbus_penang
12000397,12000398,30000036,64,rapidbus_penang
12000398,12000395,30000036,293,rapidbus_penang
12000395,12000394,30000036,51,rapidbus_penang
12000394,12000192,30000036,119,rapidbus_penang
12000192,12000191,30000036,73,rapidbus_penang
12000191,12001067,30000036,161,rapidbus_penang
12001067,12000189,30000036,370,rapidbus_penang
12000189,12000188,30000036,60,rapidbus_penang
12000188,12000187,30000036,70,rapidbus_penang
12000187,12000186,30000036,39,rapidbus_penang
12000186,12000185,30000036,55,rapidbus_penang
12000185,12002350,30000036,189,rapidbus_penang
12002350,12001099,30000036,71,rapidbus_penang
12001099,12001100,30000036,65,rapidbus_penang
12001100,12002969,30000036,63,rapidbus_penang
12002969,12002970,30000036,48,rapidbus_penang
12002970,12001094,30000036,77,rapidbus_penang
12001094,12002345,30000036,95,rapidbus_penang
12002345,12002346,30000036,58,rapidbus_penang
12002346,12001216,30000036,237,rapidbus_penang
12001216,12001218,30000036,44,rapidbus_penang
12001218,12001219,30000036,58,rapidbus_penang
12001219,12001217,30000036,64,rapidbus_penang
12001217,12001215,30000036,101,rapidbus_penang
12001215,12002343,30000036,62,rapidbus_penang
12002343,12002201,30000036,99,rapidbus_penang
12002201,12000907,30000036,149,rapidbus_penang
12000907,12002320,30000036,89,rapidbus_penang
12002320,12001221,30000036,101,rapidbus_penang
12001221,12003015,30000036,46,rapidbus_penang
12003015,12001220,30000036,57,rapidbus_penang
12001220,12001092,30000036,121,rapidbus_penang
12001092,12001098,30000036,74,rapidbus_penang
12001098,12002345,30000036,111,rapidbus_penang
12002346,12001101,30000036,123,rapidbus_penang
12001101,12001102,30000036,47,rapidbus_penang
12001102,12002347,30000036,58,rapidbus_penang
12002347,12000183,30000036,121,rapidbus_penang
12000183,12000184,30000036,53,rapidbus_penang
12000184,12000177,30000036,97,rapidbus_penang
12000177,12000178,30000036,51,rapidbus_penang
12000178,12002348,30000036,80,rapidbus_penang
12002348,12001067,30000036,337,rapidbus_penang
12001067,12000179,30000036,117,rapidbus_penang
12000179,12000180,30000036,54,rapidbus_penang
12000180,12000389,30000036,216,rapidbus_penang
12000389,12000390,30000036,48,rapidbus_penang
12000390,12000393,30000036,279,rapidbus_penang
12000393,12000392,30000036,77,rapidbus_penang
12000392,12000391,30000036,30,rapidbus_penang
12000391,12002349,30000036,43,rapidbus_penang
12002349,12000911,30000036,111,rapidbus_penang
12000911,12000909,30000036,66,rapidbus_penang
12000909,12002322,30000036,187,rapidbus_penang
12002322,12000120,30000037,585,rapidbus_penang
12000120,12000123,30000037,127,rapidbus_penang
12000123,12000125,30000037,81,rapidbus_penang
12000125,12001701,30000037,99,rapidbus_penang
12001701,12001702,30000037,22,rapidbus_penang
12001702,12001705,30000037,58,rapidbus_penang
12001705,12001195,30000037,108,rapidbus_penang
12001195,12001196,30000037,37,rapidbus_penang
12001196,12002372,30000037,80,rapidbus_penang
12002372,12001212,30000037,132,rapidbus_penang
12001212,12001211,30000037,71,rapidbus_penang
12001211,12001213,30000037,55,rapidbus_penang
12001213,12001214,30000037,101,rapidbus_penang
12001214,12002373,30000037,98,rapidbus_penang
12002373,12001210,30000037,54,rapidbus_penang
12001210,12001209,30000037,125,rapidbus_penang
12001209,12001208,30000037,39,rapidbus_penang
12001208,12001207,30000037,57,rapidbus_penang
12001207,12001206,30000037,54,rapidbus_penang
12001206,12001184,30000037,110,rapidbus_penang
12001184,12001183,30000037,38,rapidbus_penang
12001183,12001182,30000037,43,rapidbus_penang
12001182,12001181,30000037,33,rapidbus_penang
12001181,12001180,30000037,98,rapidbus_penang
12001180,12002374,30000037,55,rapidbus_penang
12002374,12001179,30000037,116,rapidbus_penang
12001179,12001178,30000037,59,rapidbus_penang
12001178,12001177,30000037,63,rapidbus_penang
12001177,12001093,30000037,127,rapidbus_penang
12001093,12002375,30000037,56,rapidbus_penang
12002375,12001094,30000037,78,rapidbus_penang
12001094,12001095,30000037,99,rapidbus_penang
12001095,12001091,30000037,93,rapidbus_penang
12001091,12001216,30000037,104,rapidbus_penang
12001216,12001218,30000037,43,rapidbus_penang
12001218,12001219,30000037,57,rapidbus_penang
12001219,12001217,30000037,64,rapidbus_penang
12001217,12001215,30000037,100,rapidbus_penang
12001215,12002343,30000037,62,rapidbus_penang
12002343,12002201,30000037,119,rapidbus_penang
12002201,12000907,30000037,160,rapidbus_penang
12000907,12002320,30000037,95,rapidbus_penang
12002320,12001221,30000037,111,rapidbus_penang
12001221,12003015,30000037,49,rapidbus_penang
12003015,12001220,30000037,62,rapidbus_penang
12001220,12001092,30000037,133,rapidbus_penang
12001092,12001098,30000037,79,rapidbus_penang
12001098,12001097,30000037,156,rapidbus_penang
12001097,12001096,30000037,50,rapidbus_penang
12001096,12002366,30000037,64,rapidbus_penang
12002366,12001176,30000037,292,rapidbus_penang
12001176,12001198,30000037,160,rapidbus_penang
12001198,12001199,30000037,54,rapidbus_penang
12001199,12001200,30000037,87,rapidbus_penang
12001200,12001201,30000037,67,rapidbus_penang
12001201,12001202,30000037,85,rapidbus_penang
12001202,12001203,30000037,73,rapidbus_penang
12001203,12001204,30000037,53,rapidbus_penang
12001204,12001205,30000037,105,rapidbus_penang
12001205,12001185,30000037,40,rapidbus_penang
12001185,12001186,30000037,63,rapidbus_penang
12001186,12002604,30000037,59,rapidbus_penang
12002604,12001187,30000037,62,rapidbus_penang
12001187,12001188,30000037,60,rapidbus_penang
12001188,12002367,30000037,62,rapidbus_penang
12002367,12001191,30000037,116,rapidbus_penang
12001191,12001190,30000037,88,rapidbus_penang
12001190,12001189,30000037,79,rapidbus_penang
12001189,12002368,30000037,99,rapidbus_penang
12002368,12001192,30000037,136,rapidbus_penang
12001192,12001194,30000037,76,rapidbus_penang
12001194,12001193,30000037,37,rapidbus_penang
12001193,12002370,30000037,43,rapidbus_penang
12002370,12002369,30000037,85,rapidbus_penang
12002369,12002371,30000037,57,rapidbus_penang
12002371,12000124,30000037,161,rapidbus_penang
12000124,12000122,30000037,77,rapidbus_penang
12000122,12000121,30000037,109,rapidbus_penang
12000121,12002549,30000037,59,rapidbus_penang
12002549,12002322,30000037,217,rapidbus_penang
12000041,12000044,30000040,283,rapidbus_penang
12000044,12001699,30000040,55,rapidbus_penang
12001699,12002577,30000040,75,rapidbus_penang
12002577,12002578,30000040,103,rapidbus_penang
12002578,12001698,30000040,136,rapidbus_penang
12001698,12001680,30000040,44,rapidbus_penang
12001680,12001681,30000040,21,rapidbus_penang
12001681,12001682,30000040,38,rapidbus_penang
12001682,12001683,30000040,73,rapidbus_penang
12001683,12001688,30000040,38,rapidbus_penang
12001688,12001689,30000040,40,rapidbus_penang
12001689,12001690,30000040,56,rapidbus_penang
12001690,12001692,30000040,66,rapidbus_penang
12001692,12001693,30000040,71,rapidbus_penang
12001693,12001691,30000040,77,rapidbus_penang
12001691,12002579,30000040,67,rapidbus_penang
12002579,12001694,30000040,112,rapidbus_penang
12001694,12001696,30000040,147,rapidbus_penang
12001696,12001265,30000040,180,rapidbus_penang
12001265,12001266,30000040,56,rapidbus_penang
12001266,12001268,30000040,84,rapidbus_penang
12001268,12001270,30000040,79,rapidbus_penang
12001270,12001271,30000040,40,rapidbus_penang
12001271,12001272,30000040,51,rapidbus_penang
12001272,12001357,30000040,253,rapidbus_penang
12001357,12001359,30000040,52,rapidbus_penang
12001359,12001360,30000040,73,rapidbus_penang
12001360,12001361,30000040,62,rapidbus_penang
12001361,12001363,30000040,42,rapidbus_penang
12001363,12002580,30000040,68,rapidbus_penang
12002580,12002581,30000040,47,rapidbus_penang
12002581,12002582,30000040,81,rapidbus_penang
12002582,12002583,30000040,84,rapidbus_penang
12002583,12001370,30000040,64,rapidbus_penang
12001370,12001371,30000040,36,rapidbus_penang
12001371,12002588,30000040,40,rapidbus_penang
12002588,12000045,30000040,84,rapidbus_penang
12000045,12000403,30000040,359,rapidbus_penang
12000403,12000405,30000040,75,rapidbus_penang
12000405,12000598,30000040,113,rapidbus_penang
12000598,12000599,30000040,31,rapidbus_penang
12000599,12000248,30000040,68,rapidbus_penang
12000248,12000249,30000040,17,rapidbus_penang
12000249,12002540,30000040,118,rapidbus_penang
12002540,12000804,30000040,83,rapidbus_penang
12000804,12002541,30000040,70,rapidbus_penang
12002541,12002542,30000040,103,rapidbus_penang
12002542,12002201,30000040,185,rapidbus_penang
12002201,12000056,30000040,117,rapidbus_penang
12000056,12002533,30000040,50,rapidbus_penang
12002533,12001893,30000040,84,rapidbus_penang
12001893,12000800,30000040,109,rapidbus_penang
12000800,12000799,30000040,39,rapidbus_penang
12000799,12000798,30000040,48,rapidbus_penang
12000798,12000590,30000040,76,rapidbus_penang
12000590,12002586,30000040,77,rapidbus_penang
12002586,12002587,30000040,71,rapidbus_penang
12002587,12000404,30000040,63,rapidbus_penang
12000404,12002601,30000040,77,rapidbus_penang
12002601,12000047,30000040,155,rapidbus_penang
12000047,12000046,30000040,89,rapidbus_penang
12000046,12002588,30000040,83,rapidbus_penang
12002588,12002589,30000040,44,rapidbus_penang
12002589,12002590,30000040,40,rapidbus_penang
12002590,12002591,30000040,70,rapidbus_penang
12002591,12002592,30000040,91,rapidbus_penang
12002592,12001381,30000040,100,rapidbus_penang
12001381,12002593,30000040,36,rapidbus_penang
12002593,12001362,30000040,101,rapidbus_penang
12001362,12002594,30000040,85,rapidbus_penang
12002594,12001358,30000040,87,rapidbus_penang
12001358,12001273,30000040,289,rapidbus_penang
12001273,12001269,30000040,113,rapidbus_penang
12001269,12001267,30000040,110,rapidbus_penang
12001267,12002329,30000040,121,rapidbus_penang
12002329,12001697,30000040,186,rapidbus_penang
12001697,12001695,30000040,121,rapidbus_penang
12001695,12002595,30000040,76,rapidbus_penang
12002595,12001685,30000040,105,rapidbus_penang
12001685,12001687,30000040,85,rapidbus_penang
12001687,12001686,30000040,71,rapidbus_penang
12001686,12002596,30000040,108,rapidbus_penang
12002596,12001684,30000040,169,rapidbus_penang
12001684,12002597,30000040,85,rapidbus_penang
12002597,12001698,30000040,52,rapidbus_penang
12001698,12002578,30000040,145,rapidbus_penang
12002578,12002599,30000040,132,rapidbus_penang
12002599,12002600,30000040,116,rapidbus_penang
12002600,12000042,30000040,178,rapidbus_penang
12000042,12000041,30000040,146,rapidbus_penang
12000840,12002536,30000041,72,rapidbus_penang
12002536,12000841,30000041,62,rapidbus_penang
12000841,12002537,30000041,33,rapidbus_penang
12002537,12000784,30000041,62,rapidbus_penang
12000784,12000788,30000041,49,rapidbus_penang
12000788,12000790,30000041,48,rapidbus_penang
12000790,12002538,30000041,61,rapidbus_penang
12002538,12000801,30000041,34,rapidbus_penang
12000801,12000802,30000041,41,rapidbus_penang
12000802,12002539,30000041,76,rapidbus_penang
12002539,12000803,30000041,46,rapidbus_penang
12000803,12000590,30000041,81,rapidbus_penang
12000590,12000248,30000041,33,rapidbus_penang
12000248,12000249,30000041,13,rapidbus_penang
12000249,12002540,30000041,85,rapidbus_penang
12002540,12000804,30000041,61,rapidbus_penang
12000804,12002541,30000041,52,rapidbus_penang
12002541,12002542,30000041,75,rapidbus_penang
12002542,12002201,30000041,112,rapidbus_penang
12002201,12000906,30000041,79,rapidbus_penang
12000906,12000907,30000041,22,rapidbus_penang
12000907,12002320,30000041,57,rapidbus_penang
12002320,12001221,30000041,66,rapidbus_penang
12001221,12003015,30000041,30,rapidbus_penang
12003015,12001220,30000041,38,rapidbus_penang
12001220,12001092,30000041,80,rapidbus_penang
12001092,12001098,30000041,49,rapidbus_penang
12001098,12001097,30000041,95,rapidbus_penang
12001097,12001096,30000041,29,rapidbus_penang
12001096,12002366,30000041,40,rapidbus_penang
12002366,12001176,30000041,176,rapidbus_penang
12001176,12001198,30000041,97,rapidbus_penang
12001198,12001199,30000041,33,rapidbus_penang
12001199,12001200,30000041,53,rapidbus_penang
12001200,12001201,30000041,41,rapidbus_penang
12001201,12001202,30000041,50,rapidbus_penang
12001202,12001203,30000041,45,rapidbus_penang
12001203,12001204,30000041,33,rapidbus_penang
12001204,12001957,30000041,259,rapidbus_penang
12001957,12002543,30000041,61,rapidbus_penang
12002543,12002989,30000041,66,rapidbus_penang
12002989,12001830,30000041,61,rapidbus_penang
12001830,12002530,30000041,33,rapidbus_penang
12002530,12001810,30000041,36,rapidbus_penang
12001810,12002021,30000041,25,rapidbus_penang
12002021,12002531,30000041,21,rapidbus_penang
12002531,12001996,30000041,25,rapidbus_penang
12001996,12001881,30000041,187,rapidbus_penang
12001881,12001879,30000041,22,rapidbus_penang
12001879,12001876,30000041,85,rapidbus_penang
12001876,12001067,30000041,326,rapidbus_penang
12001067,12000179,30000041,77,rapidbus_penang
12000179,12000180,30000041,36,rapidbus_penang
12000180,12000389,30000041,144,rapidbus_penang
12000389,12000390,30000041,32,rapidbus_penang
12000390,12000393,30000041,184,rapidbus_penang
12000393,12000392,30000041,52,rapidbus_penang
12000392,12000391,30000041,18,rapidbus_penang
12000391,12002349,30000041,29,rapidbus_penang
12002349,12000911,30000041,73,rapidbus_penang
12000911,12000909,30000041,44,rapidbus_penang
12000909,12002322,30000041,155,rapidbus_penang
12002322,12000910,30000041,505,rapidbus_penang
12000910,12000913,30000041,70,rapidbus_penang
12000913,12000396,30000041,98,rapidbus_penang
12000396,12000397,30000041,63,rapidbus_penang
12000397,12000398,30000041,59,rapidbus_penang
12000398,12000395,30000041,277,rapidbus_penang
12000395,12000394,30000041,47,rapidbus_penang
12000394,12000192,30000041,110,rapidbus_penang
12000192,12000805,30000041,78,rapidbus_penang
12000805,12000806,30000041,61,rapidbus_penang
12000806,12002528,30000041,149,rapidbus_penang
12002528,12002529,30000041,115,rapidbus_penang
12002529,12001808,30000041,35,rapidbus_penang
12001808,12001953,30000041,70,rapidbus_penang
12001953,12002647,30000041,57,rapidbus_penang
12002647,12002989,30000041,124,rapidbus_penang
12001810,12002531,30000041,59,rapidbus_penang
12001996,12002532,30000041,205,rapidbus_penang
12002532,12001184,30000041,221,rapidbus_penang
12001184,12001183,30000041,35,rapidbus_penang
12001183,12001182,30000041,42,rapidbus_penang
12001182,12001181,30000041,29,rapidbus_penang
12001181,12001180,30000041,91,rapidbus_penang
12001180,12002374,30000041,52,rapidbus_penang
12002374,12001179,30000041,108,rapidbus_penang
12001179,12001178,30000041,56,rapidbus_penang
12001178,12001177,30000041,59,rapidbus_penang
12001177,12001093,30000041,119,rapidbus_penang
12001093,12002375,30000041,54,rapidbus_penang
12002375,12001094,30000041,70,rapidbus_penang
12001094,12001095,30000041,93,rapidbus_penang
12001095,12001091,30000041,87,rapidbus_penang
12001091,12001216,30000041,96,rapidbus_penang
12001216,12001218,30000041,38,rapidbus_penang
12001218,12001219,30000041,54,rapidbus_penang
12001219,12001217,30000041,61,rapidbus_penang
12001217,12001215,30000041,93,rapidbus_penang
12001215,12002343,30000041,57,rapidbus_penang
12002343,12002201,30000041,85,rapidbus_penang
12002201,12000056,30000041,114,rapidbus_penang
12000056,12002533,30000041,47,rapidbus_penang
12002533,12001893,30000041,82,rapidbus_penang
12001893,12000800,30000041,107,rapidbus_penang
12000800,12000799,30000041,38,rapidbus_penang
12000799,12000798,30000041,45,rapidbus_penang
12000798,12000797,30000041,91,rapidbus_penang
12000797,12000796,30000041,50,rapidbus_penang
12000796,12000794,30000041,110,rapidbus_penang
12000794,12000793,30000041,56,rapidbus_penang
12000793,12000792,30000041,40,rapidbus_penang
12000792,12000789,30000041,128,rapidbus_penang
12000789,12000787,30000041,42,rapidbus_penang
12000787,12000786,30000041,47,rapidbus_penang
12000786,12000785,30000041,61,rapidbus_penang
12000785,12002534,30000041,26,rapidbus_penang
12002534,12000341,30000041,122,rapidbus_penang
12000341,12000340,30000041,59,rapidbus_penang
12000340,12000339,30000041,42,rapidbus_penang
12000339,12000338,30000041,64,rapidbus_penang
12000338,12002535,30000041,100,rapidbus_penang
12002535,12000840,30000041,107,rapidbus_penang
12002322,12000910,30000042,345,rapidbus_penang
12000910,12000913,30000042,47,rapidbus_penang
12000913,12000396,30000042,65,rapidbus_penang
12000396,12000397,30000042,43,rapidbus_penang
12000397,12000398,30000042,41,rapidbus_penang
12000398,12000395,30000042,184,rapidbus_penang
12000395,12000394,30000042,32,rapidbus_penang
12000394,12000192,30000042,75,rapidbus_penang
12000192,12000191,30000042,46,rapidbus_penang
12000191,12001067,30000042,102,rapidbus_penang
12001067,12000189,30000042,234,rapidbus_penang
12000189,12000188,30000042,37,rapidbus_penang
12000188,12000187,30000042,43,rapidbus_penang
12000187,12000186,30000042,24,rapidbus_penang
12000186,12000185,30000042,34,rapidbus_penang
12000185,12000355,30000042,181,rapidbus_penang
12000355,12000354,30000042,47,rapidbus_penang
12000354,12000353,30000042,38,rapidbus_penang
12000353,12000352,30000042,51,rapidbus_penang
12000352,12000351,30000042,45,rapidbus_penang
12000351,12000350,30000042,94,rapidbus_penang
12000350,12000349,30000042,64,rapidbus_penang
12000349,12002324,30000042,107,rapidbus_penang
12002324,12000337,30000042,49,rapidbus_penang
12000337,12000336,30000042,28,rapidbus_penang
12000336,12002325,30000042,69,rapidbus_penang
12002325,12000331,30000042,68,rapidbus_penang
12000331,12000329,30000042,62,rapidbus_penang
12000329,12000327,30000042,50,rapidbus_penang
12000327,12001279,30000042,46,rapidbus_penang
12001279,12001276,30000042,71,rapidbus_penang
12001276,12002326,30000042,36,rapidbus_penang
12002326,12001273,30000042,84,rapidbus_penang
12001273,12001269,30000042,75,rapidbus_penang
12001269,12002328,30000042,72,rapidbus_penang
12002328,12002329,30000042,78,rapidbus_penang
12002329,12001264,30000042,47,rapidbus_penang
12001264,12001262,30000042,43,rapidbus_penang
12001262,12001260,30000042,53,rapidbus_penang
12001260,12001259,30000042,31,rapidbus_penang
12001259,12001258,30000042,20,rapidbus_penang
12001258,12001256,30000042,49,rapidbus_penang
12001256,12002330,30000042,46,rapidbus_penang
12002330,12000284,30000042,68,rapidbus_penang
12000284,12002331,30000042,85,rapidbus_penang
12002331,12000281,30000042,85,rapidbus_penang
12000281,12000279,30000042,73,rapidbus_penang
12000279,12001484,30000042,85,rapidbus_penang
12001484,12001487,30000042,50,rapidbus_penang
12001487,12001485,30000042,41,rapidbus_penang
12001485,12000277,30000042,85,rapidbus_penang
12000277,12000276,30000042,46,rapidbus_penang
12000276,12000275,30000042,32,rapidbus_penang
12000275,12000274,30000042,33,rapidbus_penang
12000274,12001483,30000042,62,rapidbus_penang
12001483,12002332,30000042,60,rapidbus_penang
12002332,12000925,30000042,102,rapidbus_penang
12000925,12000924,30000042,43,rapidbus_penang
12000924,12000921,30000042,62,rapidbus_penang
12000921,12000920,30000042,112,rapidbus_penang
12000920,12002333,30000042,64,rapidbus_penang
12002333,12000917,30000042,50,rapidbus_penang
12000917,12002107,30000042,206,rapidbus_penang
12002107,12000916,30000042,197,rapidbus_penang
12000916,12000918,30000042,89,rapidbus_penang
12000918,12000919,30000042,85,rapidbus_penang
12000919,12000922,30000042,220,rapidbus_penang
12000922,12000923,30000042,62,rapidbus_penang
12000923,12000926,30000042,83,rapidbus_penang
12000926,12001481,30000042,100,rapidbus_penang
12001481,12001482,30000042,130,rapidbus_penang
12001482,12000273,30000042,87,rapidbus_penang
12000273,12002335,30000042,64,rapidbus_penang
12002335,12002336,30000042,62,rapidbus_penang
12002336,12000272,30000042,70,rapidbus_penang
12000272,12000278,30000042,138,rapidbus_penang
12000278,12001486,30000042,64,rapidbus_penang
12001486,12001488,30000042,229,rapidbus_penang
12001488,12000280,30000042,51,rapidbus_penang
12000280,12002337,30000042,195,rapidbus_penang
12002337,12000283,30000042,111,rapidbus_penang
12000283,12002338,30000042,119,rapidbus_penang
12002338,12001257,30000042,68,rapidbus_penang
12001257,12001253,30000042,72,rapidbus_penang
12001253,12001261,30000042,85,rapidbus_penang
12001261,12001263,30000042,111,rapidbus_penang
12001263,12001254,30000042,115,rapidbus_penang
12001254,12001266,30000042,62,rapidbus_penang
12001266,12001268,30000042,91,rapidbus_penang
12001268,12001270,30000042,87,rapidbus_penang
12001270,12001271,30000042,43,rapidbus_penang
12001271,12001272,30000042,55,rapidbus_penang
12001272,12001274,30000042,119,rapidbus_penang
12001274,12001275,30000042,47,rapidbus_penang
12001275,12001277,30000042,58,rapidbus_penang
12001277,12001278,30000042,91,rapidbus_penang
12001278,12000328,30000042,104,rapidbus_penang
12000328,12000330,30000042,85,rapidbus_penang
12000330,12000332,30000042,79,rapidbus_penang
12000332,12000333,30000042,87,rapidbus_penang
12000333,12000334,30000042,30,rapidbus_penang
12000334,12000335,30000042,62,rapidbus_penang
12000335,12000323,30000042,81,rapidbus_penang
12000323,12000324,30000042,36,rapidbus_penang
12000324,12000342,30000042,134,rapidbus_penang
12000342,12000343,30000042,49,rapidbus_penang
12000343,12000344,30000042,130,rapidbus_penang
12000344,12000345,30000042,153,rapidbus_penang
12000345,12000346,30000042,111,rapidbus_penang
12000346,12000347,30000042,73,rapidbus_penang
12000347,12000348,30000042,77,rapidbus_penang
12000348,12000183,30000042,212,rapidbus_penang
12000183,12000184,30000042,53,rapidbus_penang
12000184,12000177,30000042,94,rapidbus_penang
12000177,12000178,30000042,49,rapidbus_penang
12000178,12002348,30000042,79,rapidbus_penang
12002348,12001067,30000042,333,rapidbus_penang
12001067,12000179,30000042,115,rapidbus_penang
12000179,12000180,30000042,51,rapidbus_penang
12000180,12000389,30000042,214,rapidbus_penang
12000389,12000390,30000042,47,rapidbus_penang
12000390,12000393,30000042,276,rapidbus_penang
12000393,12000392,30000042,73,rapidbus_penang
12000392,12000391,30000042,30,rapidbus_penang
12000391,12002349,30000042,43,rapidbus_penang
12002349,12000911,30000042,108,rapidbus_penang
12000911,12000909,30000042,66,rapidbus_penang
12000909,12002322,30000042,206,rapidbus_penang
12002201,12000954,30000043,148,rapidbus_penang
12000954,12000955,30000043,46,rapidbus_penang
12000955,12000956,30000043,22,rapidbus_penang
12000956,12000957,30000043,27,rapidbus_penang
12000957,12000958,30000043,42,rapidbus_penang
12000958,12000703,30000043,112,rapidbus_penang
12000703,12000702,30000043,45,rapidbus_penang
12000702,12002323,30000043,75,rapidbus_penang
12002323,12000352,30000043,43,rapidbus_penang
12000352,12000351,30000043,47,rapidbus_penang
12000351,12000350,30000043,98,rapidbus_penang
12000350,12000349,30000043,67,rapidbus_penang
12000349,12002324,30000043,111,rapidbus_penang
12002324,12000337,30000043,51,rapidbus_penang
12000337,12000336,30000043,29,rapidbus_penang
12000336,12002325,30000043,73,rapidbus_penang
12002325,12000331,30000043,71,rapidbus_penang
12000331,12000329,30000043,64,rapidbus_penang
12000329,12000327,30000043,53,rapidbus_penang
12000327,12001279,30000043,47,rapidbus_penang
12001279,12001276,30000043,74,rapidbus_penang
12001276,12002326,30000043,39,rapidbus_penang
12002326,12001273,30000043,86,rapidbus_penang
12001273,12002327,30000043,71,rapidbus_penang
12002327,12002328,30000043,82,rapidbus_penang
12002328,12002329,30000043,82,rapidbus_penang
12002329,12001264,30000043,50,rapidbus_penang
12001264,12001262,30000043,46,rapidbus_penang
12001262,12001260,30000043,54,rapidbus_penang
12001260,12001259,30000043,32,rapidbus_penang
12001259,12001258,30000043,22,rapidbus_penang
12001258,12001256,30000043,50,rapidbus_penang
12001256,12002330,30000043,48,rapidbus_penang
12002330,12000284,30000043,72,rapidbus_penang
12000284,12002331,30000043,88,rapidbus_penang
12002331,12000281,30000043,88,rapidbus_penang
12000281,12000279,30000043,76,rapidbus_penang
12000279,12001484,30000043,89,rapidbus_penang
12001484,12001487,30000043,52,rapidbus_penang
12001487,12001485,30000043,43,rapidbus_penang
12001485,12000277,30000043,88,rapidbus_penang
12000277,12000276,30000043,47,rapidbus_penang
12000276,12000275,30000043,35,rapidbus_penang
12000275,12000274,30000043,35,rapidbus_penang
12000274,12001483,30000043,64,rapidbus_penang
12001483,12002332,30000043,63,rapidbus_penang
12002332,12000925,30000043,106,rapidbus_penang
12000925,12000924,30000043,47,rapidbus_penang
12000924,12000921,30000043,64,rapidbus_penang
12000921,12000920,30000043,116,rapidbus_penang
12000920,12002333,30000043,66,rapidbus_penang
12002333,12000917,30000043,53,rapidbus_penang
12000917,12002107,30000043,181,rapidbus_penang
12002107,12000916,30000043,189,rapidbus_penang
12000916,12000918,30000043,83,rapidbus_penang
12000918,12000919,30000043,80,rapidbus_penang
12000919,12002334,30000043,211,rapidbus_penang
12002334,12000923,30000043,58,rapidbus_penang
12000923,12000926,30000043,79,rapidbus_penang
12000926,12001481,30000043,93,rapidbus_penang
12001481,12001482,30000043,124,rapidbus_penang
12001482,12000273,30000043,82,rapidbus_penang
12000273,12002335,30000043,61,rapidbus_penang
12002335,12002336,30000043,58,rapidbus_penang
12002336,12000272,30000043,67,rapidbus_penang
12000272,12000278,30000043,130,rapidbus_penang
12000278,12001486,30000043,61,rapidbus_penang
12001486,12001488,30000043,219,rapidbus_penang
12001488,12000280,30000043,48,rapidbus_penang
12000280,12002337,30000043,184,rapidbus_penang
12002337,12000283,30000043,105,rapidbus_penang
12000283,12002338,30000043,114,rapidbus_penang
12002338,12001257,30000043,64,rapidbus_penang
12001257,12001253,30000043,65,rapidbus_penang
12001253,12001261,30000043,79,rapidbus_penang
12001261,12001263,30000043,106,rapidbus_penang
12001263,12001254,30000043,108,rapidbus_penang
12001254,12001266,30000043,58,rapidbus_penang
12001266,12001268,30000043,87,rapidbus_penang
12001268,12001270,30000043,82,rapidbus_penang
12001270,12001271,30000043,41,rapidbus_penang
12001271,12001272,30000043,52,rapidbus_penang
12001272,12001274,30000043,115,rapidbus_penang
12001274,12001275,30000043,43,rapidbus_penang
12001275,12001277,30000043,54,rapidbus_penang
12001277,12001278,30000043,85,rapidbus_penang
12001278,12000328,30000043,99,rapidbus_penang
12000328,12000330,30000043,80,rapidbus_penang
12000330,12000332,30000043,74,rapidbus_penang
12000332,12000333,30000043,82,rapidbus_penang
12000333,12000334,30000043,29,rapidbus_penang
12000334,12000335,30000043,58,rapidbus_penang
12000335,12000323,30000043,79,rapidbus_penang
12000323,12000324,30000043,35,rapidbus_penang
12000324,12000342,30000043,127,rapidbus_penang
12000342,12000343,30000043,46,rapidbus_penang
12000343,12000344,30000043,123,rapidbus_penang
12000344,12000345,30000043,148,rapidbus_penang
12000345,12002339,30000043,136,rapidbus_penang
12002339,12002340,30000043,86,rapidbus_penang
12002340,12000704,30000043,55,rapidbus_penang
12000704,12002341,30000043,70,rapidbus_penang
12002341,12000960,30000043,90,rapidbus_penang
12000960,12002342,30000043,71,rapidbus_penang
12002342,12000961,30000043,20,rapidbus_penang
12000961,12001596,30000043,108,rapidbus_penang
12001596,12000906,30000043,123,rapidbus_penang
12000906,12000907,30000043,30,rapidbus_penang
12000907,12002343,30000043,85,rapidbus_penang
12002343,12002201,30000043,161,rapidbus_penang
12002973,12001943,30000051,280,rapidbus_penang
12001943,12001935,30000051,111,rapidbus_penang
12001935,12001926,30000051,63,rapidbus_penang
12001926,12001928,30000051,64,rapidbus_penang
12001928,12001066,30000051,108,rapidbus_penang
12001066,12001064,30000051,78,rapidbus_penang
12001064,12002213,30000051,150,rapidbus_penang
12002213,12001832,30000051,210,rapidbus_penang
12001832,12001061,30000051,126,rapidbus_penang
12001061,12000474,30000051,123,rapidbus_penang
12000474,12001915,30000051,98,rapidbus_penang
12001915,12000611,30000051,58,rapidbus_penang
12000611,12000859,30000051,134,rapidbus_penang
12000859,12001936,30000051,138,rapidbus_penang
12001936,12001934,30000051,56,rapidbus_penang
12001934,12002972,30000051,83,rapidbus_penang
12002972,12002057,30000051,59,rapidbus_penang
12002057,12002973,30000051,101,rapidbus_penang
12001284,12002118,30000032,148,rapidbus_penang
12002118,12000255,30000032,88,rapidbus_penang
12000255,12002119,30000032,53,rapidbus_penang
12002119,12000256,30000032,47,rapidbus_penang
12000256,12000475,30000032,83,rapidbus_penang
12000475,12000535,30000032,84,rapidbus_penang
12000535,12000533,30000032,37,rapidbus_penang
12000533,12000531,30000032,38,rapidbus_penang
12000531,12001337,30000032,64,rapidbus_penang
12001337,12001339,30000032,86,rapidbus_penang
12001339,12001336,30000032,83,rapidbus_penang
12001336,12001334,30000032,49,rapidbus_penang
12001334,12001332,30000032,60,rapidbus_penang
12001332,12001328,30000032,106,rapidbus_penang
12001328,12001560,30000032,31,rapidbus_penang
12001560,12001558,30000032,51,rapidbus_penang
12001558,12001556,30000032,58,rapidbus_penang
12001556,12001555,30000032,59,rapidbus_penang
12001555,12001553,30000032,74,rapidbus_penang
12001553,12001551,30000032,22,rapidbus_penang
12001551,12001549,30000032,31,rapidbus_penang
12001549,12001547,30000032,108,rapidbus_penang
12001547,12002117,30000032,86,rapidbus_penang
12002117,12001543,30000032,28,rapidbus_penang
12001543,12001541,30000032,53,rapidbus_penang
12001541,12001530,30000032,85,rapidbus_penang
12001530,12001522,30000032,44,rapidbus_penang
12001522,12001512,30000032,42,rapidbus_penang
12001512,12001511,30000032,23,rapidbus_penang
12001511,12001510,30000032,24,rapidbus_penang
12001510,12001508,30000032,48,rapidbus_penang
12001508,12001507,30000032,25,rapidbus_penang
12001507,12002361,30000032,84,rapidbus_penang
12002361,12001173,30000032,63,rapidbus_penang
12001173,12001172,30000032,34,rapidbus_penang
12001172,12001171,30000032,29,rapidbus_penang
12001171,12001169,30000032,23,rapidbus_penang
12001169,12001168,30000032,33,rapidbus_penang
12001168,12001167,30000032,32,rapidbus_penang
12001167,12001175,30000032,37,rapidbus_penang
12001175,12000783,30000032,51,rapidbus_penang
12000783,12002362,30000032,122,rapidbus_penang
12002362,12002363,30000032,66,rapidbus_penang
12002363,12000781,30000032,51,rapidbus_penang
12000781,12000780,30000032,32,rapidbus_penang
12000780,12002364,30000032,78,rapidbus_penang
12002364,12000778,30000032,76,rapidbus_penang
12000778,12000777,30000032,39,rapidbus_penang
12000777,12000776,30000032,29,rapidbus_penang
12000776,12002365,30000032,46,rapidbus_penang
12002365,12000775,30000032,56,rapidbus_penang
12000775,12000774,30000032,28,rapidbus_penang
12000774,12000773,30000032,43,rapidbus_penang
12000773,12000772,30000032,41,rapidbus_penang
12000772,12000771,30000032,23,rapidbus_penang
12000771,12000770,30000032,32,rapidbus_penang
12000770,12000769,30000032,36,rapidbus_penang
12000769,12002201,30000032,198,rapidbus_penang
12002201,12000907,30000032,105,rapidbus_penang
12000907,12000031,30000032,220,rapidbus_penang
12000031,12000032,30000032,33,rapidbus_penang
12000032,12000033,30000032,54,rapidbus_penang
12000033,12000034,30000032,15,rapidbus_penang
12000034,12000035,30000032,40,rapidbus_penang
12000035,12000036,30000032,41,rapidbus_penang
12000036,12000037,30000032,44,rapidbus_penang
12000037,12002352,30000032,61,rapidbus_penang
12002352,12000038,30000032,73,rapidbus_penang
12000038,12000039,30000032,31,rapidbus_penang
12000039,12000040,30000032,50,rapidbus_penang
12000040,12000779,30000032,49,rapidbus_penang
12000779,12002202,30000032,84,rapidbus_penang
12002202,12002353,30000032,56,rapidbus_penang
12002353,12002354,30000032,84,rapidbus_penang
12002354,12002355,30000032,123,rapidbus_penang
12002355,12001166,30000032,86,rapidbus_penang
12001166,12002356,30000032,53,rapidbus_penang
12002356,12001170,30000032,38,rapidbus_penang
12001170,12001174,30000032,96,rapidbus_penang
12001174,12002357,30000032,62,rapidbus_penang
12002357,12001506,30000032,82,rapidbus_penang
12001506,12002358,30000032,33,rapidbus_penang
12002358,12001561,30000032,54,rapidbus_penang
12001561,12001562,30000032,30,rapidbus_penang
12001562,12001523,30000032,71,rapidbus_penang
12001523,12001526,30000032,37,rapidbus_penang
12001526,12001540,30000032,93,rapidbus_penang
12001540,12001542,30000032,62,rapidbus_penang
12001542,12001545,30000032,40,rapidbus_penang
12001545,12001546,30000032,35,rapidbus_penang
12001546,12001548,30000032,76,rapidbus_penang
12001548,12001550,30000032,112,rapidbus_penang
12001550,12001552,30000032,31,rapidbus_penang
12001552,12001554,30000032,93,rapidbus_penang
12001554,12001557,30000032,75,rapidbus_penang
12001557,12001559,30000032,71,rapidbus_penang
12001559,12001329,30000032,79,rapidbus_penang
12001329,12001330,30000032,57,rapidbus_penang
12001330,12001331,30000032,53,rapidbus_penang
12001331,12001333,30000032,46,rapidbus_penang
12001333,12001335,30000032,53,rapidbus_penang
12001335,12002359,30000032,45,rapidbus_penang
12002359,12001338,30000032,90,rapidbus_penang
12001338,12002360,30000032,62,rapidbus_penang
12002360,12000532,30000032,122,rapidbus_penang
12000532,12000534,30000032,53,rapidbus_penang
12000534,12002118,30000032,110,rapidbus_penang
12002118,12000252,30000032,75,rapidbus_penang
12000252,12002119,30000032,54,rapidbus_penang
12002119,12000255,30000032,59,rapidbus_penang
12000255,12001284,30000032,149,rapidbus_penang
12001734,12002387,30000031,270,rapidbus_penang
12002387,12001127,30000031,112,rapidbus_penang
12001127,12001126,30000031,86,rapidbus_penang
12001126,12002388,30000031,55,rapidbus_penang
12002388,12001046,30000031,131,rapidbus_penang
12001046,12001045,30000031,28,rapidbus_penang
12001045,12002384,30000031,28,rapidbus_penang
12002384,12001043,30000031,43,rapidbus_penang
12001043,12001040,30000031,108,rapidbus_penang
12001040,12001038,30000031,155,rapidbus_penang
12001038,12002390,30000031,78,rapidbus_penang
12002390,12001594,30000031,47,rapidbus_penang
12001594,12001593,30000031,37,rapidbus_penang
12001593,12002391,30000031,39,rapidbus_penang
12002391,12002393,30000031,130,rapidbus_penang
12002393,12000118,30000031,50,rapidbus_penang
12000118,12000116,30000031,53,rapidbus_penang
12000116,12000114,30000031,53,rapidbus_penang
12000114,12000112,30000031,81,rapidbus_penang
12000112,12000111,30000031,53,rapidbus_penang
12000111,12000108,30000031,65,rapidbus_penang
12000108,12002378,30000031,60,rapidbus_penang
12002378,12002038,30000031,34,rapidbus_penang
12002038,12002032,30000031,28,rapidbus_penang
12002032,12002033,30000031,49,rapidbus_penang
12002033,12002036,30000031,46,rapidbus_penang
12002036,12002376,30000031,76,rapidbus_penang
12002376,12001194,30000031,53,rapidbus_penang
12001194,12001193,30000031,29,rapidbus_penang
12001193,12002370,30000031,33,rapidbus_penang
12002370,12002369,30000031,64,rapidbus_penang
12002369,12002371,30000031,45,rapidbus_penang
12002371,12000124,30000031,123,rapidbus_penang
12000124,12000122,30000031,60,rapidbus_penang
12000122,12000121,30000031,84,rapidbus_penang
12000121,12002549,30000031,45,rapidbus_penang
12002549,12002322,30000031,169,rapidbus_penang
12002322,12000120,30000031,456,rapidbus_penang
12000120,12000123,30000031,101,rapidbus_penang
12000123,12000125,30000031,62,rapidbus_penang
12000125,12001701,30000031,78,rapidbus_penang
12001701,12001702,30000031,18,rapidbus_penang
12001702,12001705,30000031,45,rapidbus_penang
12001705,12001195,30000031,85,rapidbus_penang
12001195,12001196,30000031,28,rapidbus_penang
12001196,12002377,30000031,46,rapidbus_penang
12002377,12000853,30000031,55,rapidbus_penang
12000853,12002037,30000031,30,rapidbus_penang
12002037,12002035,30000031,30,rapidbus_penang
12002035,12002034,30000031,33,rapidbus_penang
12002034,12002039,30000031,45,rapidbus_penang
12002039,12002378,30000031,34,rapidbus_penang
12002378,12000107,30000031,35,rapidbus_penang
12000107,12000109,30000031,51,rapidbus_penang
12000109,12000110,30000031,24,rapidbus_penang
12000110,12002379,30000031,58,rapidbus_penang
12002379,12000113,30000031,33,rapidbus_penang
12000113,12000115,30000031,75,rapidbus_penang
12000115,12002380,30000031,22,rapidbus_penang
12002380,12000119,30000031,63,rapidbus_penang
12000119,12002381,30000031,33,rapidbus_penang
12002381,12001591,30000031,114,rapidbus_penang
12001591,12001592,30000031,40,rapidbus_penang
12001592,12001595,30000031,37,rapidbus_penang
12001595,12002382,30000031,46,rapidbus_penang
12002382,12002383,30000031,68,rapidbus_penang
12002383,12001039,30000031,76,rapidbus_penang
12001039,12001041,30000031,87,rapidbus_penang
12001041,12001042,30000031,74,rapidbus_penang
12001042,12002384,30000031,57,rapidbus_penang
12002384,12001044,30000031,26,rapidbus_penang
12001044,12002385,30000031,162,rapidbus_penang
12002385,12002386,30000031,71,rapidbus_penang
12002386,12001734,30000031,302,rapidbus_penang
12002981,12000856,30000046,23,rapidbus_penang
12000856,12000541,30000046,62,rapidbus_penang
12000541,12001291,30000046,54,rapidbus_penang
12001291,12000597,30000046,75,rapidbus_penang
12000597,12000134,30000046,63,rapidbus_penang
12000134,12000132,30000046,44,rapidbus_penang
12000132,12000131,30000046,47,rapidbus_penang
12000131,12000129,30000046,37,rapidbus_penang
12000129,12000126,30000046,40,rapidbus_penang
12000126,12002979,30000046,1625,rapidbus_penang
12002979,12002980,30000046,480,rapidbus_penang
12002980,12002322,30000046,450,rapidbus_penang
12002322,12000127,30000046,2512,rapidbus_penang
12000127,12000128,30000046,46,rapidbus_penang
12000128,12000130,30000046,42,rapidbus_penang
12000130,12000133,30000046,89,rapidbus_penang
12000133,12000596,30000046,67,rapidbus_penang
12000596,12001291,30000046,60,rapidbus_penang
12001291,12002502,30000046,65,rapidbus_penang
12002502,12002981,30000046,119,rapidbus_penang
12002214,12003017,30000119,30,rapidbus_penang
12003017,12003018,30000119,98,rapidbus_penang
12003018,12003019,30000119,73,rapidbus_penang
12003019,12003020,30000119,63,rapidbus_penang
12003020,12003021,30000119,23,rapidbus_penang
12003021,12003022,30000119,52,rapidbus_penang
12003022,12003023,30000119,42,rapidbus_penang
12003023,12003024,30000119,43,rapidbus_penang
12003024,12003025,30000119,47,rapidbus_penang
12003025,12003026,30000119,58,rapidbus_penang
12003026,12003027,30000119,40,rapidbus_penang
12003027,12003028,30000119,39,rapidbus_penang
12003028,12003029,30000119,168,rapidbus_penang
12003029,12001498,30000119,141,rapidbus_penang
12001498,12003136,30000119,74,rapidbus_penang
12003136,12001991,30000119,36,rapidbus_penang
12001991,12000297,30000119,105,rapidbus_penang
12000297,12000296,30000119,50,rapidbus_penang
12000296,12000294,30000119,56,rapidbus_penang
12000294,12001847,30000119,80,rapidbus_penang
12001847,12001955,30000119,168,rapidbus_penang
12001955,12002059,30000119,310,rapidbus_penang
12002059,12002062,30000119,111,rapidbus_penang
12002062,12000079,30000119,137,rapidbus_penang
12000079,12001492,30000119,77,rapidbus_penang
12001492,12001494,30000119,50,rapidbus_penang
12001494,12001497,30000119,66,rapidbus_penang
12001497,12001500,30000119,106,rapidbus_penang
12001500,12001502,30000119,34,rapidbus_penang
12001502,12001504,30000119,58,rapidbus_penang
12001504,12003026,30000119,93,rapidbus_penang
12003028,12002214,30000119,93,rapidbus_penang
12002115,12000140,30000021,80,rapidbus_penang
12000140,12001567,30000021,26,rapidbus_penang
12001567,12001568,30000021,26,rapidbus_penang
12001568,12001572,30000021,42,rapidbus_penang
12001572,12001573,30000021,38,rapidbus_penang
12001573,12001575,30000021,44,rapidbus_penang
12001575,12001579,30000021,63,rapidbus_penang
12001579,12001582,30000021,41,rapidbus_penang
12001582,12000175,30000021,36,rapidbus_penang
12000175,12000173,30000021,72,rapidbus_penang
12000173,12000171,30000021,51,rapidbus_penang
12000171,12000168,30000021,26,rapidbus_penang
12000168,12000167,30000021,20,rapidbus_penang
12000167,12000735,30000021,66,rapidbus_penang
12000735,12000736,30000021,26,rapidbus_penang
12000736,12000738,30000021,25,rapidbus_penang
12000738,12000737,30000021,89,rapidbus_penang
12000737,12002257,30000021,22,rapidbus_penang
12002257,12002258,30000021,24,rapidbus_penang
12002258,12000734,30000021,32,rapidbus_penang
12000734,12000164,30000021,44,rapidbus_penang
12000164,12000161,30000021,42,rapidbus_penang
12000161,12000159,30000021,33,rapidbus_penang
12000159,12000157,30000021,28,rapidbus_penang
12000157,12000153,30000021,55,rapidbus_penang
12000153,12001565,30000021,96,rapidbus_penang
12001565,12000663,30000021,55,rapidbus_penang
12000663,12000662,30000021,23,rapidbus_penang
12000662,12000661,30000021,67,rapidbus_penang
12000661,12000660,30000021,58,rapidbus_penang
12000660,12000659,30000021,38,rapidbus_penang
12000659,12000658,30000021,82,rapidbus_penang
12000658,12000657,30000021,45,rapidbus_penang
12000657,12000656,30000021,42,rapidbus_penang
12000656,12000653,30000021,60,rapidbus_penang
12000653,12000651,30000021,28,rapidbus_penang
12000651,12000654,30000021,55,rapidbus_penang
12000654,12000664,30000021,39,rapidbus_penang
12000664,12000652,30000021,18,rapidbus_penang
12000652,12000665,30000021,41,rapidbus_penang
12000665,12000655,30000021,22,rapidbus_penang
12000655,12000632,30000021,26,rapidbus_penang
12000632,12000633,30000021,47,rapidbus_penang
12000633,12000634,30000021,52,rapidbus_penang
12000634,12000629,30000021,49,rapidbus_penang
12000629,12000630,30000021,83,rapidbus_penang
12000630,12000631,30000021,60,rapidbus_penang
12000631,12000152,30000021,56,rapidbus_penang
12000152,12000154,30000021,26,rapidbus_penang
12000154,12000155,30000021,18,rapidbus_penang
12000155,12000156,30000021,28,rapidbus_penang
12000156,12000158,30000021,23,rapidbus_penang
12000158,12000160,30000021,35,rapidbus_penang
12000160,12000162,30000021,24,rapidbus_penang
12000162,12000163,30000021,22,rapidbus_penang
12000163,12000165,30000021,18,rapidbus_penang
12000165,12000735,30000021,60,rapidbus_penang
12000734,12000166,30000021,34,rapidbus_penang
12000166,12000169,30000021,29,rapidbus_penang
12000169,12000170,30000021,18,rapidbus_penang
12000170,12000172,30000021,33,rapidbus_penang
12000172,12000174,30000021,28,rapidbus_penang
12000174,12000176,30000021,68,rapidbus_penang
12000176,12001580,30000021,41,rapidbus_penang
12001580,12001578,30000021,37,rapidbus_penang
12001578,12001577,30000021,34,rapidbus_penang
12001577,12001576,30000021,29,rapidbus_penang
12001576,12001574,30000021,41,rapidbus_penang
12001574,12001570,30000021,42,rapidbus_penang
12001570,12001569,30000021,37,rapidbus_penang
12001569,12001566,30000021,39,rapidbus_penang
12001566,12001886,30000021,46,rapidbus_penang
12001886,12002115,30000021,80,rapidbus_penang
12002115,12000140,30000022,69,rapidbus_penang
12000140,12001567,30000022,22,rapidbus_penang
12001567,12001568,30000022,22,rapidbus_penang
12001568,12001572,30000022,36,rapidbus_penang
12001572,12001573,30000022,33,rapidbus_penang
12001573,12001575,30000022,37,rapidbus_penang
12001575,12002225,30000022,18,rapidbus_penang
12002225,12001579,30000022,36,rapidbus_penang
12001579,12001582,30000022,35,rapidbus_penang
12001582,12001599,30000022,40,rapidbus_penang
12001599,12001478,30000022,41,rapidbus_penang
12001478,12001480,30000022,44,rapidbus_penang
12001480,12001479,30000022,63,rapidbus_penang
12001479,12001602,30000022,56,rapidbus_penang
12001602,12001604,30000022,28,rapidbus_penang
12001604,12001608,30000022,38,rapidbus_penang
12001608,12002277,30000022,14,rapidbus_penang
12002277,12002276,30000022,18,rapidbus_penang
12002276,12001611,30000022,24,rapidbus_penang
12001611,12001614,30000022,26,rapidbus_penang
12001614,12001616,30000022,22,rapidbus_penang
12001616,12001620,30000022,60,rapidbus_penang
12001620,12000763,30000022,23,rapidbus_penang
12000763,12000764,30000022,61,rapidbus_penang
12000764,12000766,30000022,22,rapidbus_penang
12000766,12000762,30000022,73,rapidbus_penang
12000762,12000761,30000022,42,rapidbus_penang
12000761,12002273,30000022,45,rapidbus_penang
12002273,12002274,30000022,38,rapidbus_penang
12002274,12000767,30000022,46,rapidbus_penang
12000767,12000765,30000022,83,rapidbus_penang
12000765,12001622,30000022,18,rapidbus_penang
12001622,12002272,30000022,22,rapidbus_penang
12002272,12001626,30000022,24,rapidbus_penang
12001626,12000974,30000022,15,rapidbus_penang
12000974,12000976,30000022,31,rapidbus_penang
12000976,12000979,30000022,23,rapidbus_penang
12000979,12000980,30000022,28,rapidbus_penang
12000980,12002275,30000022,22,rapidbus_penang
12002275,12000983,30000022,45,rapidbus_penang
12000983,12000984,30000022,88,rapidbus_penang
12000984,12000985,30000022,26,rapidbus_penang
12000985,12000986,30000022,86,rapidbus_penang
12000986,12000989,30000022,56,rapidbus_penang
12000989,12000988,30000022,37,rapidbus_penang
12000988,12000987,30000022,67,rapidbus_penang
12000987,12000982,30000022,54,rapidbus_penang
12000982,12000981,30000022,20,rapidbus_penang
12000981,12000978,30000022,32,rapidbus_penang
12000978,12000977,30000022,20,rapidbus_penang
12000977,12000975,30000022,31,rapidbus_penang
12000975,12001625,30000022,22,rapidbus_penang
12001625,12001623,30000022,16,rapidbus_penang
12001623,12001621,30000022,24,rapidbus_penang
12001621,12000763,30000022,28,rapidbus_penang
12000765,12001619,30000022,24,rapidbus_penang
12001619,12001618,30000022,48,rapidbus_penang
12001618,12001613,30000022,28,rapidbus_penang
12001613,12001612,30000022,21,rapidbus_penang
12001612,12001610,30000022,26,rapidbus_penang
12001610,12001607,30000022,35,rapidbus_penang
12001607,12001606,30000022,23,rapidbus_penang
12001606,12001603,30000022,18,rapidbus_penang
12001603,12001601,30000022,26,rapidbus_penang
12001601,12001478,30000022,11,rapidbus_penang
12001479,12001600,30000022,56,rapidbus_penang
12001600,12001597,30000022,35,rapidbus_penang
12001597,12001580,30000022,36,rapidbus_penang
12001580,12001578,30000022,32,rapidbus_penang
12001578,12001577,30000022,28,rapidbus_penang
12001577,12001576,30000022,26,rapidbus_penang
12001576,12001574,30000022,36,rapidbus_penang
12001574,12001570,30000022,36,rapidbus_penang
12001570,12001569,30000022,32,rapidbus_penang
12001569,12001566,30000022,34,rapidbus_penang
12001566,12001886,30000022,39,rapidbus_penang
12001886,12002115,30000022,82,rapidbus_penang
12002162,12002164,30000045,79,rapidbus_penang
12002164,12002165,30000045,83,rapidbus_penang
12002165,12000939,30000045,81,rapidbus_penang
12000939,12000266,30000045,74,rapidbus_penang
12000266,12000269,30000045,142,rapidbus_penang
12000269,12000271,30000045,72,rapidbus_penang
12000271,12000441,30000045,99,rapidbus_penang
12000441,12000914,30000045,97,rapidbus_penang
12000914,12000916,30000045,104,rapidbus_penang
12000916,12000918,30000045,52,rapidbus_penang
12000918,12000919,30000045,50,rapidbus_penang
12000919,12000179,30000045,2270,rapidbus_penang
12000179,12000180,30000045,36,rapidbus_penang
12000180,12002322,30000045,361,rapidbus_penang
12002322,12000191,30000045,446,rapidbus_penang
12000191,12000190,30000045,36,rapidbus_penang
12000190,12000920,30000045,1989,rapidbus_penang
12000920,12002333,30000045,50,rapidbus_penang
12002333,12000917,30000045,39,rapidbus_penang
12000917,12000915,30000045,88,rapidbus_penang
12000915,12002500,30000045,90,rapidbus_penang
12002500,12000440,30000045,79,rapidbus_penang
12000440,12000270,30000045,36,rapidbus_penang
12000270,12000269,30000045,36,rapidbus_penang
12000269,12000268,30000045,25,rapidbus_penang
12000268,12000267,30000045,73,rapidbus_penang
12000267,12000940,30000045,91,rapidbus_penang
12000940,12001369,30000045,74,rapidbus_penang
12001369,12002164,30000045,68,rapidbus_penang
12002164,12002162,30000045,80,rapidbus_penang
12000486,12000508,30000034,80,rapidbus_penang
12000508,12000488,30000034,36,rapidbus_penang
12000488,12002566,30000034,38,rapidbus_penang
12002566,12001871,30000034,61,rapidbus_penang
12001871,12002996,30000034,37,rapidbus_penang
12002996,12002997,30000034,26,rapidbus_penang
12002997,12002998,30000034,39,rapidbus_penang
12002998,12002999,30000034,35,rapidbus_penang
12002999,12002569,30000034,77,rapidbus_penang
12002569,12001852,30000034,105,rapidbus_penang
12001852,12001872,30000034,50,rapidbus_penang
12001872,12001873,30000034,51,rapidbus_penang
12001873,12002567,30000034,66,rapidbus_penang
12002567,12001875,30000034,36,rapidbus_penang
12001875,12002090,30000034,89,rapidbus_penang
12002090,12002087,30000034,56,rapidbus_penang
12002087,12002568,30000034,60,rapidbus_penang
12002568,12002949,30000034,63,rapidbus_penang
12002949,12002952,30000034,49,rapidbus_penang
12002952,12001863,30000034,71,rapidbus_penang
12001863,12002966,30000034,52,rapidbus_penang
12002966,12002967,30000034,79,rapidbus_penang
12002967,12001856,30000034,118,rapidbus_penang
12001856,12002576,30000034,66,rapidbus_penang
12002576,12002075,30000034,53,rapidbus_penang
12002075,12002074,30000034,22,rapidbus_penang
12002074,12002072,30000034,33,rapidbus_penang
12002072,12001923,30000034,33,rapidbus_penang
12001923,12000255,30000034,148,rapidbus_penang
12000255,12000253,30000034,52,rapidbus_penang
12000253,12000251,30000034,39,rapidbus_penang
12000251,12000250,30000034,42,rapidbus_penang
12000250,12001284,30000034,118,rapidbus_penang
12001284,12002118,30000034,161,rapidbus_penang
12002118,12000252,30000034,76,rapidbus_penang
12000252,12002119,30000034,54,rapidbus_penang
12002119,12000255,30000034,58,rapidbus_penang
12000255,12001924,30000034,183,rapidbus_penang
12001924,12002073,30000034,32,rapidbus_penang
12002073,12000402,30000034,55,rapidbus_penang
12000402,12002576,30000034,27,rapidbus_penang
12002074,12001855,30000034,75,rapidbus_penang
12001855,12001857,30000034,61,rapidbus_penang
12001857,12001860,30000034,166,rapidbus_penang
12001860,12001862,30000034,58,rapidbus_penang
12001862,12001864,30000034,60,rapidbus_penang
12001864,12002951,30000034,80,rapidbus_penang
12002951,12002950,30000034,58,rapidbus_penang
12002950,12002089,30000034,75,rapidbus_penang
12002089,12002088,30000034,70,rapidbus_penang
12002088,12002572,30000034,63,rapidbus_penang
12002572,12001869,30000034,116,rapidbus_penang
12001869,12002573,30000034,35,rapidbus_penang
12002573,12001858,30000034,78,rapidbus_penang
12001858,12001853,30000034,70,rapidbus_penang
12001853,12001851,30000034,47,rapidbus_penang
12001851,12002574,30000034,129,rapidbus_penang
12002574,12002995,30000034,163,rapidbus_penang
12002995,12001849,30000034,66,rapidbus_penang
12001849,12003000,30000034,73,rapidbus_penang
12003000,12000487,30000034,47,rapidbus_penang
12000487,12000486,30000034,42,rapidbus_penang
12001923,12000253,30000034,232,rapidbus_penang
12002322,12000910,30000038,420,rapidbus_penang
12000910,12000913,30000038,59,rapidbus_penang
12000913,12000396,30000038,83,rapidbus_penang
12000396,12000397,30000038,54,rapidbus_penang
12000397,12000398,30000038,52,rapidbus_penang
12000398,12000395,30000038,230,rapidbus_penang
12000395,12000394,30000038,41,rapidbus_penang
12000394,12000192,30000038,93,rapidbus_penang
12000192,12000191,30000038,58,rapidbus_penang
12000191,12000190,30000038,54,rapidbus_penang
12000190,12001067,30000038,79,rapidbus_penang
12001067,12001877,30000038,293,rapidbus_penang
12001877,12001878,30000038,68,rapidbus_penang
12001878,12001880,30000038,40,rapidbus_penang
12001880,12001995,30000038,46,rapidbus_penang
12001995,12002020,30000038,32,rapidbus_penang
12002020,12001953,30000038,86,rapidbus_penang
12001953,12002647,30000038,51,rapidbus_penang
12002647,12002989,30000038,105,rapidbus_penang
12002989,12001830,30000038,74,rapidbus_penang
12001830,12002647,30000038,67,rapidbus_penang
12002647,12001994,30000038,520,rapidbus_penang
12001994,12002091,30000038,50,rapidbus_penang
12002091,12002093,30000038,105,rapidbus_penang
12002093,12002092,30000038,34,rapidbus_penang
12002092,12001993,30000038,99,rapidbus_penang
12001993,12001957,30000038,279,rapidbus_penang
12001957,12002543,30000038,76,rapidbus_penang
12002543,12002989,30000038,82,rapidbus_penang
12002647,12002530,30000038,129,rapidbus_penang
12002530,12001810,30000038,44,rapidbus_penang
12001810,12002021,30000038,30,rapidbus_penang
12002021,12001996,30000038,52,rapidbus_penang
12001996,12001809,30000038,75,rapidbus_penang
12001809,12001388,30000038,122,rapidbus_penang
12001388,12001877,30000038,52,rapidbus_penang
12001880,12001881,30000038,201,rapidbus_penang
12001881,12001879,30000038,28,rapidbus_penang
12001879,12002025,30000038,74,rapidbus_penang
12002025,12002024,30000038,48,rapidbus_penang
12002024,12001876,30000038,45,rapidbus_penang
12001876,12001067,30000038,398,rapidbus_penang
12001067,12000179,30000038,95,rapidbus_penang
12000179,12000180,30000038,44,rapidbus_penang
12000180,12000389,30000038,176,rapidbus_penang
12000389,12000390,30000038,39,rapidbus_penang
12000390,12000393,30000038,224,rapidbus_penang
12000393,12000392,30000038,63,rapidbus_penang
12000392,12000391,30000038,24,rapidbus_penang
12000391,12002349,30000038,35,rapidbus_penang
12002349,12000911,30000038,90,rapidbus_penang
12000911,12000909,30000038,54,rapidbus_penang
12000909,12002322,30000038,154,rapidbus_penang
12002102,12002099,30000006,103,rapidbus_penang
12002099,12002100,30000006,30,rapidbus_penang
12002100,12002101,30000006,55,rapidbus_penang
12002101,12001020,30000006,133,rapidbus_penang
12001020,12002286,30000006,114,rapidbus_penang
12002286,12001023,30000006,56,rapidbus_penang
12001023,12001969,30000006,180,rapidbus_penang
12001969,12001971,30000006,69,rapidbus_penang
12001971,12001973,30000006,49,rapidbus_penang
12001973,12000049,30000006,291,rapidbus_penang
12000049,12001372,30000006,181,rapidbus_penang
12001372,12000048,30000006,75,rapidbus_penang
12000048,12000050,30000006,40,rapidbus_penang
12000050,12001812,30000006,130,rapidbus_penang
12001812,12001814,30000006,72,rapidbus_penang
12001814,12001815,30000006,84,rapidbus_penang
12001815,12001816,30000006,111,rapidbus_penang
12001816,12001817,30000006,83,rapidbus_penang
12001817,12002288,30000006,69,rapidbus_penang
12002288,12001373,30000006,75,rapidbus_penang
12001373,12001377,30000006,86,rapidbus_penang
12001377,12001379,30000006,98,rapidbus_penang
12001379,12000967,30000006,123,rapidbus_penang
12000967,12002299,30000006,48,rapidbus_penang
12002299,12000963,30000006,87,rapidbus_penang
12000963,12000071,30000006,130,rapidbus_penang
12000071,12000073,30000006,116,rapidbus_penang
12000073,12000074,30000006,115,rapidbus_penang
12000074,12000448,30000006,110,rapidbus_penang
12000448,12000460,30000006,110,rapidbus_penang
12000460,12000455,30000006,146,rapidbus_penang
12000455,12000445,30000006,94,rapidbus_penang
12000445,12000453,30000006,104,rapidbus_penang
12000453,12000459,30000006,57,rapidbus_penang
12000459,12000462,30000006,55,rapidbus_penang
12000462,12001060,30000006,56,rapidbus_penang
12001060,12001832,30000006,123,rapidbus_penang
12001832,12001835,30000006,80,rapidbus_penang
12001835,12001399,30000006,48,rapidbus_penang
12001399,12001397,30000006,44,rapidbus_penang
12001397,12001921,30000006,82,rapidbus_penang
12001921,12001919,30000006,76,rapidbus_penang
12001919,12001917,30000006,84,rapidbus_penang
12001917,12002318,30000006,91,rapidbus_penang
12002318,12002056,30000006,59,rapidbus_penang
12002056,12002058,30000006,110,rapidbus_penang
12002058,12002971,30000006,37,rapidbus_penang
12002971,12001943,30000006,28,rapidbus_penang
12001943,12002972,30000006,69,rapidbus_penang
12002972,12002057,30000006,63,rapidbus_penang
12002057,12002114,30000006,151,rapidbus_penang
12002114,12000007,30000006,49,rapidbus_penang
12000007,12001916,30000006,70,rapidbus_penang
12001916,12001918,30000006,59,rapidbus_penang
12001918,12001920,30000006,49,rapidbus_penang
12001920,12001922,30000006,78,rapidbus_penang
12001922,12001064,30000006,59,rapidbus_penang
12001064,12001061,30000006,39,rapidbus_penang
12001061,12002116,30000006,154,rapidbus_penang
12002116,12000461,30000006,70,rapidbus_penang
12000461,12000456,30000006,58,rapidbus_penang
12000456,12000443,30000006,78,rapidbus_penang
12000443,12002112,30000006,82,rapidbus_penang
12002112,12000449,30000006,83,rapidbus_penang
12000449,12000458,30000006,100,rapidbus_penang
12000458,12000077,30000006,94,rapidbus_penang
12000077,12000076,30000006,62,rapidbus_penang
12000076,12000075,30000006,87,rapidbus_penang
12000075,12000072,30000006,127,rapidbus_penang
12000072,12000070,30000006,114,rapidbus_penang
12000070,12000069,30000006,178,rapidbus_penang
12000069,12000962,30000006,45,rapidbus_penang
12000962,12000964,30000006,44,rapidbus_penang
12000964,12000966,30000006,62,rapidbus_penang
12000966,12000968,30000006,70,rapidbus_penang
12000968,12001378,30000006,73,rapidbus_penang
12001378,12001376,30000006,89,rapidbus_penang
12001376,12001375,30000006,26,rapidbus_penang
12001375,12001374,30000006,53,rapidbus_penang
12001374,12000063,30000006,75,rapidbus_penang
12000063,12001822,30000006,52,rapidbus_penang
12001822,12001821,30000006,105,rapidbus_penang
12001821,12002991,30000006,52,rapidbus_penang
12002991,12001820,30000006,37,rapidbus_penang
12001820,12001819,30000006,104,rapidbus_penang
12001819,12001818,30000006,69,rapidbus_penang
12001818,12000049,30000006,109,rapidbus_penang
12001372,12001999,30000006,84,rapidbus_penang
12001999,12001974,30000006,69,rapidbus_penang
12001974,12001972,30000006,66,rapidbus_penang
12001972,12001970,30000006,69,rapidbus_penang
12001970,12001022,30000006,182,rapidbus_penang
12001022,12002290,30000006,51,rapidbus_penang
12002290,12001021,30000006,93,rapidbus_penang
12001021,12001019,30000006,112,rapidbus_penang
12001019,12002102,30000006,73,rapidbus_penang
12002101,12001019,30000006,174,rapidbus_penang
12002988,12002213,30000139,110,rapidbus_penang
12002213,12000827,30000139,79,rapidbus_penang
12000827,12000830,30000139,91,rapidbus_penang
12000830,12002208,30000139,85,rapidbus_penang
12002208,12000051,30000139,53,rapidbus_penang
12000051,12001080,30000139,103,rapidbus_penang
12001080,12002203,30000139,86,rapidbus_penang
12002203,12001081,30000139,11,rapidbus_penang
12001081,12001355,30000139,108,rapidbus_penang
12001355,12003627,30000139,55,rapidbus_penang
12003627,12001894,30000139,93,rapidbus_penang
12001894,12000460,30000139,76,rapidbus_penang
12000460,12001079,30000139,91,rapidbus_penang
12001079,12001080,30000139,72,rapidbus_penang
12001080,12000833,30000139,73,rapidbus_penang
12000833,12000832,30000139,53,rapidbus_penang
12000832,12000831,30000139,46,rapidbus_penang
12000831,12000829,30000139,53,rapidbus_penang
12000829,12000828,30000139,78,rapidbus_penang
12000828,12001060,30000139,43,rapidbus_penang
12001060,12002213,30000139,101,rapidbus_penang
12002213,12002988,30000139,240,rapidbus_penang
12002530,12001809,30000100,55,rapidbus_penang
12001809,12001388,30000100,118,rapidbus_penang
12001388,12002994,30000100,139,rapidbus_penang
12002994,12001067,30000100,377,rapidbus_penang
12001067,12002108,30000100,577,rapidbus_penang
12002108,12001981,30000100,1274,rapidbus_penang
12001981,12002068,30000100,156,rapidbus_penang
12002068,12002064,30000100,62,rapidbus_penang
12002064,12002303,30000100,55,rapidbus_penang
12002303,12002060,30000100,82,rapidbus_penang
12002060,12002059,30000100,43,rapidbus_penang
12002059,12002483,30000100,253,rapidbus_penang
12002483,12001843,30000100,105,rapidbus_penang
12001843,12001844,30000100,67,rapidbus_penang
12001844,12001841,30000100,41,rapidbus_penang
12001841,12000851,30000100,134,rapidbus_penang
12000851,12000882,30000100,175,rapidbus_penang
12000882,12000885,30000100,34,rapidbus_penang
12000885,12000849,30000100,44,rapidbus_penang
12000849,12001933,30000100,174,rapidbus_penang
12001933,12000014,30000100,51,rapidbus_penang
12000014,12000013,30000100,93,rapidbus_penang
12000013,12001931,30000100,53,rapidbus_penang
12001931,12001930,30000100,58,rapidbus_penang
12001930,12002094,30000100,41,rapidbus_penang
12002094,12002011,30000100,51,rapidbus_penang
12002011,12002095,30000100,37,rapidbus_penang
12002095,12001961,30000100,363,rapidbus_penang
12001961,12001963,30000100,48,rapidbus_penang
12001963,12001965,30000100,51,rapidbus_penang
12001965,12001967,30000100,58,rapidbus_penang
12001967,12001968,30000100,46,rapidbus_penang
12001968,12001426,30000100,141,rapidbus_penang
12001426,12001424,30000100,103,rapidbus_penang
12001424,12000874,30000100,117,rapidbus_penang
12000874,12000875,30000100,27,rapidbus_penang
12000875,12001952,30000100,156,rapidbus_penang
12001952,12001950,30000100,32,rapidbus_penang
12001950,12001949,30000100,44,rapidbus_penang
12001949,12002043,30000100,53,rapidbus_penang
12002043,12002044,30000100,50,rapidbus_penang
12002044,12000876,30000100,68,rapidbus_penang
12000876,12002317,30000100,41,rapidbus_penang
12002317,12001803,30000100,62,rapidbus_penang
12001803,12002974,30000100,191,rapidbus_penang
12002974,12000851,30000100,18,rapidbus_penang
12000851,12001837,30000100,66,rapidbus_penang
12001837,12001840,30000100,50,rapidbus_penang
12001840,12001842,30000100,48,rapidbus_penang
12001842,12001845,30000100,45,rapidbus_penang
12001845,12001847,30000100,61,rapidbus_penang
12001847,12001955,30000100,128,rapidbus_penang
12001955,12002059,30000100,229,rapidbus_penang
12002059,12002063,30000100,85,rapidbus_penang
12002063,12002066,30000100,53,rapidbus_penang
12002066,12002069,30000100,57,rapidbus_penang
12002069,12001989,30000100,177,rapidbus_penang
12001989,12002109,30000100,1249,rapidbus_penang
12002109,12001067,30000100,436,rapidbus_penang
12001067,12001877,30000100,273,rapidbus_penang
12001877,12001878,30000100,65,rapidbus_penang
12001878,12001880,30000100,40,rapidbus_penang
12001880,12001830,30000100,218,rapidbus_penang
12001830,12002530,30000100,62,rapidbus_penang
12000851,12002974,30000100,36,rapidbus_penang
12000849,12000025,30000100,729,rapidbus_penang
12000025,12002004,30000100,80,rapidbus_penang
12002004,12002005,30000100,75,rapidbus_penang
12002005,12002006,30000100,57,rapidbus_penang
12002006,12002008,30000100,53,rapidbus_penang
12002008,12002007,30000100,73,rapidbus_penang
12002007,12002070,30000100,44,rapidbus_penang
12002070,12002050,30000100,55,rapidbus_penang
12002050,12002052,30000100,62,rapidbus_penang
12002052,12002051,30000100,93,rapidbus_penang
12002051,12002049,30000100,75,rapidbus_penang
12002049,12002010,30000100,75,rapidbus_penang
12002010,12002009,30000100,60,rapidbus_penang
12002009,12002003,30000100,51,rapidbus_penang
12002003,12000026,30000100,249,rapidbus_penang
12000026,12000029,30000100,117,rapidbus_penang
12000029,12000030,30000100,42,rapidbus_penang
12000030,12000028,30000100,97,rapidbus_penang
12000028,12000027,30000100,44,rapidbus_penang
12000027,12000607,30000100,620,rapidbus_penang
12000607,12000608,30000100,37,rapidbus_penang
12000608,12000609,30000100,68,rapidbus_penang
12000609,12000846,30000100,137,rapidbus_penang
12000846,12000847,30000100,44,rapidbus_penang
12000847,12000848,30000100,51,rapidbus_penang
12000848,12000851,30000100,75,rapidbus_penang
12002530,12001809,30000103,61,rapidbus_penang
12001809,12001388,30000103,129,rapidbus_penang
12001388,12002994,30000103,152,rapidbus_penang
12002994,12001067,30000103,413,rapidbus_penang
12001067,12002108,30000103,632,rapidbus_penang
12002108,12001981,30000103,1393,rapidbus_penang
12001981,12002068,30000103,172,rapidbus_penang
12002068,12002064,30000103,66,rapidbus_penang
12002064,12002303,30000103,61,rapidbus_penang
12002303,12002060,30000103,91,rapidbus_penang
12002060,12000607,30000103,243,rapidbus_penang
12000607,12000608,30000103,38,rapidbus_penang
12000608,12001930,30000103,54,rapidbus_penang
12001930,12002094,30000103,44,rapidbus_penang
12002094,12002011,30000103,56,rapidbus_penang
12002011,12002095,30000103,41,rapidbus_penang
12002095,12001933,30000103,153,rapidbus_penang
12001933,12000014,30000103,57,rapidbus_penang
12000014,12000013,30000103,100,rapidbus_penang
12000013,12001931,30000103,61,rapidbus_penang
12001931,12001961,30000103,337,rapidbus_penang
12001961,12001963,30000103,51,rapidbus_penang
12001963,12001965,30000103,57,rapidbus_penang
12001965,12001967,30000103,64,rapidbus_penang
12001967,12001968,30000103,51,rapidbus_penang
12001968,12001426,30000103,155,rapidbus_penang
12001426,12001424,30000103,114,rapidbus_penang
12001424,12000874,30000103,129,rapidbus_penang
12000874,12000875,30000103,29,rapidbus_penang
12000875,12001952,30000103,172,rapidbus_penang
12001952,12001950,30000103,36,rapidbus_penang
12001950,12002043,30000103,97,rapidbus_penang
12002043,12002044,30000103,56,rapidbus_penang
12002044,12000876,30000103,74,rapidbus_penang
12000876,12002317,30000103,44,rapidbus_penang
12002317,12001803,30000103,69,rapidbus_penang
12001803,12000851,30000103,158,rapidbus_penang
12000851,12002974,30000103,50,rapidbus_penang
12002974,12000851,30000103,27,rapidbus_penang
12000851,12001933,30000103,684,rapidbus_penang
12001931,12002094,30000103,154,rapidbus_penang
12002095,12001961,30000103,606,rapidbus_penang
12001952,12001951,30000103,55,rapidbus_penang
12001951,12002043,30000103,148,rapidbus_penang
12002317,12000879,30000103,71,rapidbus_penang
12000879,12000882,30000103,91,rapidbus_penang
12000882,12000885,30000103,57,rapidbus_penang
12000885,12000849,30000103,71,rapidbus_penang
12000849,12001432,30000103,154,rapidbus_penang
12001432,12001955,30000103,226,rapidbus_penang
12001955,12002059,30000103,408,rapidbus_penang
12002059,12002063,30000103,148,rapidbus_penang
12002063,12002066,30000103,93,rapidbus_penang
12002066,12002069,30000103,99,rapidbus_penang
12002069,12001989,30000103,314,rapidbus_penang
12001989,12002109,30000103,2240,rapidbus_penang
12002109,12001067,30000103,777,rapidbus_penang
12001067,12001877,30000103,485,rapidbus_penang
12001877,12001878,30000103,115,rapidbus_penang
12001878,12001880,30000103,68,rapidbus_penang
12001880,12001830,30000103,386,rapidbus_penang
12001830,12002530,30000103,108,rapidbus_penang
12002530,12001809,30000104,56,rapidbus_penang
12001809,12001388,30000104,118,rapidbus_penang
12001388,12002994,30000104,141,rapidbus_penang
12002994,12001067,30000104,378,rapidbus_penang
12001067,12002108,30000104,580,rapidbus_penang
12002108,12001981,30000104,1276,rapidbus_penang
12001981,12002068,30000104,157,rapidbus_penang
12002068,12002064,30000104,60,rapidbus_penang
12002064,12002303,30000104,56,rapidbus_penang
12002303,12002060,30000104,83,rapidbus_penang
12002060,12000025,30000104,572,rapidbus_penang
12000025,12002004,30000104,65,rapidbus_penang
12002004,12002005,30000104,65,rapidbus_penang
12002005,12002006,30000104,49,rapidbus_penang
12002006,12002008,30000104,44,rapidbus_penang
12002008,12002007,30000104,62,rapidbus_penang
12002007,12002070,30000104,36,rapidbus_penang
12002070,12002050,30000104,46,rapidbus_penang
12002050,12002052,30000104,54,rapidbus_penang
12002052,12002051,30000104,76,rapidbus_penang
12002051,12002049,30000104,64,rapidbus_penang
12002049,12002010,30000104,65,rapidbus_penang
12002010,12002009,30000104,51,rapidbus_penang
12002009,12002003,30000104,41,rapidbus_penang
12002003,12000026,30000104,211,rapidbus_penang
12000026,12000029,30000104,99,rapidbus_penang
12000029,12000030,30000104,35,rapidbus_penang
12000030,12000028,30000104,83,rapidbus_penang
12000028,12000027,30000104,38,rapidbus_penang
12000027,12000607,30000104,519,rapidbus_penang
12000607,12000608,30000104,33,rapidbus_penang
12000608,12000609,30000104,57,rapidbus_penang
12000609,12000846,30000104,115,rapidbus_penang
12000846,12000847,30000104,40,rapidbus_penang
12000847,12000848,30000104,41,rapidbus_penang
12000848,12000851,30000104,64,rapidbus_penang
12000851,12002974,30000104,50,rapidbus_penang
12002974,12000882,30000104,244,rapidbus_penang
12000882,12000885,30000104,48,rapidbus_penang
12000885,12000849,30000104,60,rapidbus_penang
12000849,12000025,30000104,803,rapidbus_penang
12000027,12002068,30000104,1217,rapidbus_penang
12002303,12002059,30000104,160,rapidbus_penang
12002059,12002063,30000104,118,rapidbus_penang
12002063,12002066,30000104,74,rapidbus_penang
12002066,12002069,30000104,81,rapidbus_penang
12002069,12001989,30000104,251,rapidbus_penang
12001989,12002109,30000104,1761,rapidbus_penang
12002109,12001067,30000104,616,rapidbus_penang
12001067,12001877,30000104,386,rapidbus_penang
12001877,12001878,30000104,93,rapidbus_penang
12001878,12001880,30000104,53,rapidbus_penang
12001880,12001830,30000104,307,rapidbus_penang
12001830,12002530,30000104,92,rapidbus_penang
12002974,12000882,30000100,239,rapidbus_penang
12001952,12001951,30000100,40,rapidbus_penang
12001951,12001949,30000100,58,rapidbus_penang
12002317,12000879,30000100,53,rapidbus_penang
12000879,12000882,30000100,69,rapidbus_penang
12000882,12000847,30000100,85,rapidbus_penang
12000848,12002974,30000100,120,rapidbus_penang
12002201,12000954,30000140,249,rapidbus_penang
12000954,12000955,30000140,78,rapidbus_penang
12000955,12000956,30000140,36,rapidbus_penang
12000956,12000957,30000140,44,rapidbus_penang
12000957,12002527,30000140,72,rapidbus_penang
12002527,12002513,30000140,90,rapidbus_penang
12002513,12001799,30000140,148,rapidbus_penang
12001799,12000287,30000140,87,rapidbus_penang
12000287,12002514,30000140,233,rapidbus_penang
12002514,12000731,30000140,122,rapidbus_penang
12000731,12002515,30000140,105,rapidbus_penang
12002515,12002516,30000140,199,rapidbus_penang
12002516,12000337,30000140,139,rapidbus_penang
12000337,12000336,30000140,48,rapidbus_penang
12000336,12002517,30000140,175,rapidbus_penang
12002517,12000587,30000140,101,rapidbus_penang
12000587,12000586,30000140,69,rapidbus_penang
12000586,12002518,30000140,145,rapidbus_penang
12002518,12002519,30000140,93,rapidbus_penang
12002519,12001281,30000140,161,rapidbus_penang
12001281,12002520,30000140,228,rapidbus_penang
12002520,12002130,30000140,189,rapidbus_penang
12002130,12002131,30000140,46,rapidbus_penang
12002131,12002511,30000140,48,rapidbus_penang
12002511,12002947,30000140,65,rapidbus_penang
12002947,12002504,30000140,370,rapidbus_penang
12002504,12002123,30000140,170,rapidbus_penang
12002123,12002505,30000140,19,rapidbus_penang
12002505,12002124,30000140,35,rapidbus_penang
12002124,12002125,30000140,72,rapidbus_penang
12002125,12002126,30000140,56,rapidbus_penang
12002126,12002506,30000140,48,rapidbus_penang
12002506,12002127,30000140,68,rapidbus_penang
12002127,12002128,30000140,72,rapidbus_penang
12002128,12002129,30000140,47,rapidbus_penang
12002129,12002508,30000140,212,rapidbus_penang
12002508,12002507,30000140,116,rapidbus_penang
12002507,12002138,30000140,201,rapidbus_penang
12002138,12002122,30000140,161,rapidbus_penang
12002122,12002602,30000140,78,rapidbus_penang
12002602,12001067,30000140,705,rapidbus_penang
12001067,12002121,30000140,796,rapidbus_penang
12002121,12002122,30000140,98,rapidbus_penang
12002602,12002123,30000140,310,rapidbus_penang
12002508,12002130,30000140,463,rapidbus_penang
12002131,12002503,30000140,109,rapidbus_penang
12002503,12002511,30000140,52,rapidbus_penang
12002511,12001048,30000140,45,rapidbus_penang
12001048,12002512,30000140,42,rapidbus_penang
12002512,12001282,30000140,352,rapidbus_penang
12001282,12001280,30000140,83,rapidbus_penang
12001280,12002521,30000140,108,rapidbus_penang
12002521,12002522,30000140,95,rapidbus_penang
12002522,12000588,30000140,124,rapidbus_penang
12000588,12000589,30000140,153,rapidbus_penang
12000589,12000335,30000140,103,rapidbus_penang
12000335,12000323,30000140,82,rapidbus_penang
12000323,12000326,30000140,116,rapidbus_penang
12000326,12002523,30000140,189,rapidbus_penang
12002523,12000732,30000140,82,rapidbus_penang
12000732,12002524,30000140,94,rapidbus_penang
12002524,12002525,30000140,197,rapidbus_penang
12002525,12002526,30000140,76,rapidbus_penang
12002526,12002045,30000140,37,rapidbus_penang
12002045,12002585,30000140,46,rapidbus_penang
12002585,12002527,30000140,165,rapidbus_penang
12002527,12000958,30000140,66,rapidbus_penang
12000958,12000959,30000140,11,rapidbus_penang
12000959,12000960,30000140,45,rapidbus_penang
12000960,12002342,30000140,75,rapidbus_penang
12002342,12000961,30000140,21,rapidbus_penang
12000961,12001596,30000140,113,rapidbus_penang
12001596,12000906,30000140,131,rapidbus_penang
12000906,12000907,30000140,32,rapidbus_penang
12000907,12002343,30000140,91,rapidbus_penang
12002343,12002201,30000140,120,rapidbus_penang
12000244,12000242,30000012,81,rapidbus_penang
12000242,12000241,30000012,116,rapidbus_penang
12000241,12001148,30000012,79,rapidbus_penang
12001148,12001146,30000012,38,rapidbus_penang
12001146,12002308,30000012,92,rapidbus_penang
12002308,12002309,30000012,72,rapidbus_penang
12002309,12002310,30000012,79,rapidbus_penang
12002310,12001142,30000012,87,rapidbus_penang
12001142,12001130,30000012,133,rapidbus_penang
12001130,12001128,30000012,111,rapidbus_penang
12001128,12001131,30000012,73,rapidbus_penang
12001131,12002311,30000012,180,rapidbus_penang
12002311,12001147,30000012,72,rapidbus_penang
12001147,12001152,30000012,115,rapidbus_penang
12001152,12001155,30000012,111,rapidbus_penang
12001155,12001156,30000012,70,rapidbus_penang
12001156,12000408,30000012,76,rapidbus_penang
12000408,12000413,30000012,44,rapidbus_penang
12000413,12000410,30000012,105,rapidbus_penang
12000410,12000414,30000012,62,rapidbus_penang
12000414,12000415,30000012,49,rapidbus_penang
12000415,12000417,30000012,50,rapidbus_penang
12000417,12002077,30000012,55,rapidbus_penang
12002077,12002079,30000012,83,rapidbus_penang
12002079,12002078,30000012,136,rapidbus_penang
12002078,12000418,30000012,44,rapidbus_penang
12000418,12000420,30000012,53,rapidbus_penang
12000420,12000423,30000012,66,rapidbus_penang
12000423,12000424,30000012,33,rapidbus_penang
12000424,12000427,30000012,174,rapidbus_penang
12000427,12000430,30000012,90,rapidbus_penang
12000430,12000432,30000012,93,rapidbus_penang
12000432,12000435,30000012,63,rapidbus_penang
12000435,12000246,30000012,134,rapidbus_penang
12000246,12001807,30000012,135,rapidbus_penang
12001807,12001804,30000012,93,rapidbus_penang
12001804,12001802,30000012,44,rapidbus_penang
12001802,12000879,30000012,47,rapidbus_penang
12000879,12000882,30000012,82,rapidbus_penang
12000882,12000885,30000012,50,rapidbus_penang
12000885,12000847,30000012,59,rapidbus_penang
12000847,12000848,30000012,62,rapidbus_penang
12000848,12000851,30000012,98,rapidbus_penang
12000851,12001837,30000012,110,rapidbus_penang
12001837,12001840,30000012,79,rapidbus_penang
12001840,12001842,30000012,74,rapidbus_penang
12001842,12001845,30000012,71,rapidbus_penang
12001845,12001847,30000012,101,rapidbus_penang
12001847,12001942,30000012,174,rapidbus_penang
12001942,12000298,30000012,142,rapidbus_penang
12000298,12000301,30000012,185,rapidbus_penang
12000301,12000304,30000012,224,rapidbus_penang
12000304,12000305,30000012,76,rapidbus_penang
12000305,12000307,30000012,96,rapidbus_penang
12000307,12000310,30000012,209,rapidbus_penang
12000310,12000312,30000012,88,rapidbus_penang
12000312,12000810,30000012,91,rapidbus_penang
12000810,12000019,30000012,111,rapidbus_penang
12000019,12000024,30000012,96,rapidbus_penang
12000024,12000023,30000012,87,rapidbus_penang
12000023,12001455,30000012,74,rapidbus_penang
12001455,12001457,30000012,85,rapidbus_penang
12001457,12001459,30000012,103,rapidbus_penang
12001459,12001958,30000012,294,rapidbus_penang
12001958,12001959,30000012,88,rapidbus_penang
12001959,12001960,30000012,61,rapidbus_penang
12001960,12001640,30000012,180,rapidbus_penang
12001640,12001069,30000012,57,rapidbus_penang
12001069,12001070,30000012,45,rapidbus_penang
12001070,12001071,30000012,38,rapidbus_penang
12001071,12000570,30000012,107,rapidbus_penang
12000570,12000572,30000012,49,rapidbus_penang
12000572,12000575,30000012,35,rapidbus_penang
12000575,12000576,30000012,89,rapidbus_penang
12000576,12001585,30000012,85,rapidbus_penang
12001585,12000991,30000012,114,rapidbus_penang
12000991,12001903,30000012,55,rapidbus_penang
12001903,12001462,30000012,61,rapidbus_penang
12001462,12000529,30000012,101,rapidbus_penang
12000529,12002993,30000012,155,rapidbus_penang
12002993,12001937,30000012,81,rapidbus_penang
12001937,12001910,30000012,80,rapidbus_penang
12001910,12001915,30000012,56,rapidbus_penang
12001915,12000611,30000012,53,rapidbus_penang
12000611,12001917,30000012,76,rapidbus_penang
12001917,12002318,30000012,77,rapidbus_penang
12002318,12002056,30000012,50,rapidbus_penang
12002056,12002058,30000012,94,rapidbus_penang
12002058,12002971,30000012,30,rapidbus_penang
12002971,12001943,30000012,22,rapidbus_penang
12001943,12002972,30000012,61,rapidbus_penang
12002972,12002057,30000012,54,rapidbus_penang
12002057,12002113,30000012,127,rapidbus_penang
12002113,12000007,30000012,48,rapidbus_penang
12000007,12001916,30000012,51,rapidbus_penang
12001916,12000610,30000012,69,rapidbus_penang
12000610,12001911,30000012,61,rapidbus_penang
12001911,12001937,30000012,113,rapidbus_penang
12001937,12002116,30000012,91,rapidbus_penang
12002116,12000530,30000012,94,rapidbus_penang
12000530,12001941,30000012,122,rapidbus_penang
12001941,12000580,30000012,119,rapidbus_penang
12000580,12000577,30000012,75,rapidbus_penang
12000577,12002314,30000012,76,rapidbus_penang
12002314,12000573,30000012,24,rapidbus_penang
12000573,12000571,30000012,49,rapidbus_penang
12000571,12000568,30000012,51,rapidbus_penang
12000568,12000584,30000012,55,rapidbus_penang
12000584,12000567,30000012,86,rapidbus_penang
12000567,12000582,30000012,54,rapidbus_penang
12000582,12000581,30000012,54,rapidbus_penang
12000581,12001458,30000012,218,rapidbus_penang
12001458,12001456,30000012,78,rapidbus_penang
12001456,12002243,30000012,119,rapidbus_penang
12002243,12000016,30000012,76,rapidbus_penang
12000016,12000018,30000012,75,rapidbus_penang
12000018,12000021,30000012,34,rapidbus_penang
12000021,12000809,30000012,44,rapidbus_penang
12000809,12000311,30000012,93,rapidbus_penang
12000311,12000309,30000012,69,rapidbus_penang
12000309,12000308,30000012,169,rapidbus_penang
12000308,12000306,30000012,77,rapidbus_penang
12000306,12000303,30000012,72,rapidbus_penang
12000303,12000302,30000012,119,rapidbus_penang
12000302,12000300,30000012,63,rapidbus_penang
12000300,12000299,30000012,117,rapidbus_penang
12000299,12000297,30000012,81,rapidbus_penang
12000297,12000296,30000012,53,rapidbus_penang
12000296,12000294,30000012,59,rapidbus_penang
12000294,12001847,30000012,86,rapidbus_penang
12001847,12001843,30000012,234,rapidbus_penang
12001843,12001844,30000012,87,rapidbus_penang
12001844,12001841,30000012,51,rapidbus_penang
12001841,12001838,30000012,89,rapidbus_penang
12001838,12000852,30000012,93,rapidbus_penang
12000852,12000850,30000012,132,rapidbus_penang
12000850,12000887,30000012,85,rapidbus_penang
12000887,12000880,30000012,101,rapidbus_penang
12000880,12001803,30000012,80,rapidbus_penang
12001803,12001805,30000012,75,rapidbus_penang
12001805,12000245,30000012,117,rapidbus_penang
12000245,12000436,30000012,86,rapidbus_penang
12000436,12000431,30000012,82,rapidbus_penang
12000431,12000429,30000012,76,rapidbus_penang
12000429,12000426,30000012,86,rapidbus_penang
12000426,12000425,30000012,124,rapidbus_penang
12000425,12000419,30000012,89,rapidbus_penang
12000419,12002077,30000012,84,rapidbus_penang
12002078,12000416,30000012,74,rapidbus_penang
12000416,12000411,30000012,72,rapidbus_penang
12000411,12002304,30000012,111,rapidbus_penang
12002304,12002255,30000012,126,rapidbus_penang
12002255,12001158,30000012,41,rapidbus_penang
12001158,12001154,30000012,69,rapidbus_penang
12001154,12001153,30000012,80,rapidbus_penang
12001153,12001149,30000012,88,rapidbus_penang
12001149,12001145,30000012,73,rapidbus_penang
12001145,12001134,30000012,131,rapidbus_penang
12001134,12001129,30000012,36,rapidbus_penang
12001129,12001133,30000012,143,rapidbus_penang
12001133,12001135,30000012,18,rapidbus_penang
12001135,12001138,30000012,24,rapidbus_penang
12001138,12001141,30000012,82,rapidbus_penang
12001141,12001136,30000012,60,rapidbus_penang
12001136,12001139,30000012,72,rapidbus_penang
12001139,12002312,30000012,50,rapidbus_penang
12002312,12001151,30000012,100,rapidbus_penang
12001151,12000240,30000012,50,rapidbus_penang
12000240,12000243,30000012,108,rapidbus_penang
12000243,12000193,30000012,128,rapidbus_penang
12000193,12000195,30000012,53,rapidbus_penang
12000195,12000198,30000012,27,rapidbus_penang
12000198,12000199,30000012,27,rapidbus_penang
12000199,12000200,30000012,81,rapidbus_penang
12000200,12000196,30000012,85,rapidbus_penang
12000196,12000194,30000012,66,rapidbus_penang
12000194,12000244,30000012,119,rapidbus_penang
12002201,12000906,30000117,68,rapidbus_penang
12000906,12000907,30000117,22,rapidbus_penang
12000907,12002320,30000117,52,rapidbus_penang
12002320,12001221,30000117,58,rapidbus_penang
12001221,12003015,30000117,29,rapidbus_penang
12003015,12001220,30000117,34,rapidbus_penang
12001220,12002346,30000117,117,rapidbus_penang
12002346,12001101,30000117,69,rapidbus_penang
12001101,12001102,30000117,30,rapidbus_penang
12001102,12002347,30000117,35,rapidbus_penang
12002347,12000183,30000117,69,rapidbus_penang
12000183,12000184,30000117,32,rapidbus_penang
12000184,12000177,30000117,56,rapidbus_penang
12000177,12000178,30000117,31,rapidbus_penang
12000178,12002348,30000117,47,rapidbus_penang
12002348,12002108,30000117,322,rapidbus_penang
12002108,12002116,30000117,1499,rapidbus_penang
12002116,12002988,30000117,130,rapidbus_penang
12002988,12002116,30000117,80,rapidbus_penang
12002116,12002109,30000117,1583,rapidbus_penang
12002109,12000189,30000117,399,rapidbus_penang
12000189,12000188,30000117,38,rapidbus_penang
12000188,12000187,30000117,44,rapidbus_penang
12000187,12000186,30000117,26,rapidbus_penang
12000186,12000185,30000117,37,rapidbus_penang
12000185,12002350,30000117,113,rapidbus_penang
12002350,12001099,30000117,45,rapidbus_penang
12001099,12001100,30000117,42,rapidbus_penang
12001100,12002346,30000117,163,rapidbus_penang
12002346,12001216,30000117,141,rapidbus_penang
12001216,12001218,30000117,30,rapidbus_penang
12001218,12001219,30000117,37,rapidbus_penang
12001219,12001217,30000117,43,rapidbus_penang
12001217,12001215,30000117,62,rapidbus_penang
12001215,12002343,30000117,39,rapidbus_penang
12002343,12002201,30000117,78,rapidbus_penang
12001973,12000049,30000007,265,rapidbus_penang
12003627,12001896,30000016,87,rapidbus_penang
12001973,12000049,30000016,181,rapidbus_penang
12000049,12001372,30000016,112,rapidbus_penang
12001372,12000048,30000016,49,rapidbus_penang
12001355,12003627,30000016,83,rapidbus_penang
