stop_id,stop_name,stop_lat,stop_lon,route_id,operator,node_idx
AG18,AMPANG,3.150318,101.760049,AG,rapid_rail_kl,0
AG17,CAHAYA,3.140575,101.756677,AG,rapid_rail_kl,1
AG16,CEMPAKA,3.138324,101.752979,AG,rapid_rail_kl,2
AG15,PANDAN INDAH,3.134581,101.746509,AG,rapid_rail_kl,3
AG14,PANDAN JAYA,3.130141,101.739122,AG,rapid_rail_kl,4
AG13,MALURI,3.12329,101.727283,AG,rapid_rail_kl,5
AG12,MIHARJA,3.120973,101.717922,AG,rapid_rail_kl,6
AG11,CHAN SOW LIN,3.128105,101.715637,AG,rapid_rail_kl,7
AG10,PUDU,3.134879,101.711957,AG,rapid_rail_kl,8
AG9,HANG TUAH,3.140012,101.705984,AG,rapid_rail_kl,9
AG8,PLAZA RAKYAT,3.144049,101.702105,AG,rapid_rail_kl,10
AG7,MASJID JAMEK,3.14927,101.696377,AG,rapid_rail_kl,11
AG6,BANDARAYA - UOB,3.155567,101.694485,AG,rapid_rail_kl,12
AG5,SULTAN ISMAIL,3.161245,101.694109,AG,rapid_rail_kl,13
AG4,PWTC,3.166333,101.693586,AG,rapid_rail_kl,14
AG3,TITIWANGSA,3.173497,101.695367,AG,rapid_rail_kl,15
AG2,SENTUL,3.178484,101.695542,AG,rapid_rail_kl,16
AG1,SENTUL TIMUR,3.185897,101.695217,AG,rapid_rail_kl,17
KJ37,PUTRA HEIGHTS,2.996227,101.575462,KJ,rapid_rail_kl,18
KJ36,SUBANG ALAM,3.009421,101.572281,KJ,rapid_rail_kl,19
KJ35,ALAM MEGAH,3.023151,101.572029,KJ,rapid_rail_kl,20
KJ34,USJ 21,3.029881,101.581711,KJ,rapid_rail_kl,21
KJ33,WAWASAN,3.035062,101.588348,KJ,rapid_rail_kl,22
KJ32,TAIPAN,3.04815,101.590233,KJ,rapid_rail_kl,23
KJ31,USJ 7,3.054956,101.592194,KJ,rapid_rail_kl,24
KJ30,SS 18,3.067182,101.585945,KJ,rapid_rail_kl,25
KJ29,SS 15,3.075972,101.585983,KJ,rapid_rail_kl,26
KJ28,SUBANG JAYA,3.08466,101.588127,KJ,rapid_rail_kl,27
KJ27,CGC GLENMARIE,3.094732,101.590622,KJ,rapid_rail_kl,28
KJ26,ARA DAMANSARA,3.108643,101.586372,KJ,rapid_rail_kl,29
KJ25,LEMBAH SUBANG,3.112094,101.591034,KJ,rapid_rail_kl,30
KJ24,KELANA JAYA,3.112497,101.6043,KJ,rapid_rail_kl,31
KJ23,TAMAN BAHAGIA,3.11079,101.612856,KJ,rapid_rail_kl,32
KJ22,TAMAN PARAMOUNT,3.104716,101.623192,KJ,rapid_rail_kl,33
KJ21,ASIA JAYA,3.104343,101.637695,KJ,rapid_rail_kl,34
KJ20,TAMAN JAYA,3.104086,101.645248,KJ,rapid_rail_kl,35
KJ19,UNIVERSITI,3.114616,101.661639,KJ,rapid_rail_kl,36
KJ18,KERINCHI,3.115506,101.668572,KJ,rapid_rail_kl,37
KJ17,ABDULLAH HUKUM,3.118735,101.672897,KJ,rapid_rail_kl,38
KJ16,BANK RAKYAT BANGSAR,3.127588,101.679062,KJ,rapid_rail_kl,39
KJ15,KL SENTRAL - REDONE,3.13442,101.68625,KJ,rapid_rail_kl,40
KJ14,PASAR SENI,3.142439,101.69531,KJ,rapid_rail_kl,41
KJ13,MASJID JAMEK,3.149714,101.696815,KJ,rapid_rail_kl,42
KJ12,DANG WANGI,3.156942,101.701975,KJ,rapid_rail_kl,43
KJ11,KAMPUNG BARU - CBP COOPBANK PERTAMA,3.161386,101.706608,KJ,rapid_rail_kl,44
KJ10,KLCC,3.158935,101.713287,KJ,rapid_rail_kl,45
KJ9,AMPANG PARK,3.159894,101.719017,KJ,rapid_rail_kl,46
KJ8,DAMAI,3.164406,101.724489,KJ,rapid_rail_kl,47
KJ7,DATO' KERAMAT,3.16509,101.73184,KJ,rapid_rail_kl,48
KJ6,JELATEK,3.167204,101.735344,KJ,rapid_rail_kl,49
KJ5,SETIAWANGSA,3.17576,101.73584,KJ,rapid_rail_kl,50
KJ4,SRI RAMPAI,3.199176,101.73747,KJ,rapid_rail_kl,51
KJ3,WANGSA MAJU,3.205751,101.731796,KJ,rapid_rail_kl,52
KJ2,TAMAN MELATI,3.219558,101.72197,KJ,rapid_rail_kl,53
KJ1,GOMBAK,3.231793,101.724427,KJ,rapid_rail_kl,54
SP31,PUTRA HEIGHTS,2.996016,101.575521,PH,rapid_rail_kl,55
SP29,PUCHONG PRIMA,2.999808,101.596692,PH,rapid_rail_kl,56
SP28,PUCHONG PERDANA,3.007913,101.605021,PH,rapid_rail_kl,57
SP27,BANDAR PUTERI,3.017111,101.612855,PH,rapid_rail_kl,58
SP26,TAMAN PERINDUSTRIAN PUCHONG,3.022814,101.613514,PH,rapid_rail_kl,59
SP25,PUSAT BANDAR PUCHONG,3.033194,101.616057,PH,rapid_rail_kl,60
SP24,IOI PUCHONG JAYA,3.048101,101.62095,PH,rapid_rail_kl,61
SP22,KINRARA,3.050506,101.644294,PH,rapid_rail_kl,62
SP21,ALAM SUTERA,3.0547,101.656468,PH,rapid_rail_kl,63
SP20,MUHIBBAH,3.062229,101.662552,PH,rapid_rail_kl,64
SP19,AWAN BESAR,3.062131,101.670555,PH,rapid_rail_kl,65
SP18,SRI PETALING,3.061445,101.687074,PH,rapid_rail_kl,66
SP17,BUKIT JALIL,3.058196,101.692125,PH,rapid_rail_kl,67
SP16,SUNGAI BESI,3.063842,101.708062,PH,rapid_rail_kl,68
SP15,BANDAR TASIK SELATAN,3.076058,101.711107,PH,rapid_rail_kl,69
SP14,BANDAR TUN RAZAK,3.089576,101.712466,PH,rapid_rail_kl,70
SP13,SALAK SELATAN,3.102201,101.706179,PH,rapid_rail_kl,71
SP12,CHERAS,3.112609,101.714178,PH,rapid_rail_kl,72
SP11,CHAN SOW LIN,3.128105,101.715637,PH,rapid_rail_kl,73
SP10,PUDU,3.134879,101.711957,PH,rapid_rail_kl,74
SP9,HANG TUAH,3.140012,101.705984,PH,rapid_rail_kl,75
SP8,PLAZA RAKYAT,3.144049,101.702105,PH,rapid_rail_kl,76
SP7,MASJID JAMEK,3.14927,101.696377,PH,rapid_rail_kl,77
SP6,BANDARAYA - UOB,3.155567,101.694485,PH,rapid_rail_kl,78
SP5,SULTAN ISMAIL,3.161245,101.694109,PH,rapid_rail_kl,79
SP4,PWTC,3.166333,101.693586,PH,rapid_rail_kl,80
SP3,TITIWANGSA,3.173497,101.695367,PH,rapid_rail_kl,81
SP2,SENTUL,3.178484,101.695542,PH,rapid_rail_kl,82
SP1,SENTUL TIMUR,3.185897,101.695217,PH,rapid_rail_kl,83
KG04,KWASA DAMANSARA,3.176146,101.572052,KGL,rapid_rail_kl,84
KG05,KWASA SENTRAL,3.170112,101.564651,KGL,rapid_rail_kl,85
KG06,KOTA DAMANSARA,3.150134,101.57869,KGL,rapid_rail_kl,86
KG07,SURIAN,3.14948,101.593925,KGL,rapid_rail_kl,87
KG08,MUTIARA DAMANSARA,3.155301,101.609077,KGL,rapid_rail_kl,88
KG09,BANDAR UTAMA,3.14671,101.618599,KGL,rapid_rail_kl,89
KG10,TAMAN TUN DR ISMAIL,3.13613,101.630539,KGL,rapid_rail_kl,90
KG12,PHILEO DAMANSARA,3.129864,101.642471,KGL,rapid_rail_kl,91
KG13,PUSAT BANDAR DAMANSARA,3.143444,101.662857,KGL,rapid_rail_kl,92
KG14,SEMANTAN,3.150977,101.665497,KGL,rapid_rail_kl,93
KG15,MUZIUM NEGARA,3.137317,101.687336,KGL,rapid_rail_kl,94
KG16,PASAR SENI,3.142293265,101.6955642,KGL,rapid_rail_kl,95
KG17,MERDEKA,3.141969,101.70205,KGL,rapid_rail_kl,96
KG18A,BUKIT BINTANG,3.146503,101.710947,KGL,rapid_rail_kl,97
KG20,TUN RAZAK EXCHANGE,3.142403,101.720156,KGL,rapid_rail_kl,98
KG21,COCHRANE,3.132829,101.722962,KGL,rapid_rail_kl,99
KG22,MALURI,3.123623,101.727809,KGL,rapid_rail_kl,100
KG23,TAMAN PERTAMA,3.112547,101.729371,KGL,rapid_rail_kl,101
KG24,TAMAN MIDAH,3.104505,101.732186,KGL,rapid_rail_kl,102
KG25,TAMAN MUTIARA,3.090989,101.740453,KGL,rapid_rail_kl,103
KG26,TAMAN CONNAUGHT,3.079172,101.74522,KGL,rapid_rail_kl,104
KG27,TAMAN SUNTEX,3.071578,101.763552,KGL,rapid_rail_kl,105
KG28,SRI RAYA,3.062273,101.772899,KGL,rapid_rail_kl,106
KG29,BANDAR TUN HUSSEIN ONN,3.048223,101.775109,KGL,rapid_rail_kl,107
KG30,BATU 11 CHERAS,3.041339,101.773383,KGL,rapid_rail_kl,108
KG31,BUKIT DUKUNG,3.026413,101.771072,KGL,rapid_rail_kl,109
KG33,SUNGAI JERNIH,3.000948,101.783857,KGL,rapid_rail_kl,110
KG34,STADIUM KAJANG,2.994514,101.786338,KGL,rapid_rail_kl,111
KG35,KAJANG,2.982778,101.790278,KGL,rapid_rail_kl,112
PY01,KWASA DAMANSARA,3.1763324,101.5721456,PYL,rapid_rail_kl,113
PY03,KAMPUNG SELAMAT,3.197266,101.578499,PYL,rapid_rail_kl,114
PY04,SUNGAI BULOH,3.206429,101.581779,PYL,rapid_rail_kl,115
PY05,DAMANSARA DAMAI,3.199892,101.592623,PYL,rapid_rail_kl,116
PY06,SRI DAMANSARA BARAT,3.198197,101.608302,PYL,rapid_rail_kl,117
PY07,SRI DAMANSARA SENTRAL,3.198815,101.621396,PYL,rapid_rail_kl,118
PY08,SRI DAMANSARA TIMUR,3.207832,101.628716,PYL,rapid_rail_kl,119
PY09,METRO PRIMA,3.214438,101.639402,PYL,rapid_rail_kl,120
PY10,KEPONG BARU,3.211663,101.648193,PYL,rapid_rail_kl,121
PY11,JINJANG,3.209544,101.655829,PYL,rapid_rail_kl,122
PY12,SRI DELIMA,3.207108,101.665749,PYL,rapid_rail_kl,123
PY13,KAMPUNG BATU,3.205521,101.675473,PYL,rapid_rail_kl,124
PY14,KENTOMEN,3.19563,101.6797,PYL,rapid_rail_kl,125
PY15,JALAN IPOH,3.189319,101.681145,PYL,rapid_rail_kl,126
PY16,SENTUL BARAT,3.179369,101.684742,PYL,rapid_rail_kl,127
PY17,TITIWANGSA,3.17408,101.69581,PYL,rapid_rail_kl,128
PY18,HOSPITAL KUALA LUMPUR,3.17405,101.70239,PYL,rapid_rail_kl,129
PY19,RAJA UDA,3.16794,101.71017,PYL,rapid_rail_kl,130
PY20,AMPANG PARK,3.16225,101.71781,PYL,rapid_rail_kl,131
PY21,PERSIARAN KLCC,3.15712,101.71834,PYL,rapid_rail_kl,132
PY22,CONLAY,3.15145,101.71801,PYL,rapid_rail_kl,133
PY23,TUN RAZAK EXCHANGE,3.14289,101.72034,PYL,rapid_rail_kl,134
PY24,CHAN SOW LIN,3.12839,101.71663,PYL,rapid_rail_kl,135
PY27,KUCHAI,3.089546,101.694124,PYL,rapid_rail_kl,136
PY28,TAMAN NAGA EMAS,3.077688,101.699867,PYL,rapid_rail_kl,137
PY29,SUNGAI BESI,3.063737,101.7084,PYL,rapid_rail_kl,138
PY31,SERDANG RAYA UTARA,3.041674,101.704928,PYL,rapid_rail_kl,139
PY32,SERDANG RAYA SELATAN,3.028463,101.707514,PYL,rapid_rail_kl,140
PY33,SERDANG JAYA,3.0216,101.709,PYL,rapid_rail_kl,141
PY34,UPM,3.008489,101.705396,PYL,rapid_rail_kl,142
PY36,TAMAN EQUINE,2.98942,101.67244,PYL,rapid_rail_kl,143
PY37,PUTRA PERMAI,2.98339,101.66099,PYL,rapid_rail_kl,144
PY38,16 SIERRA,2.964974,101.654812,PYL,rapid_rail_kl,145
PY39,CYBERJAYA UTARA,2.95,101.6573,PYL,rapid_rail_kl,146
PY40,CYBERJAYA CITY CENTRE,2.9384,101.6659,PYL,rapid_rail_kl,147
PY41,PUTRAJAYA SENTRAL,2.9313,101.6715,PYL,rapid_rail_kl,148
MR1,KL SENTRAL,3.132852,101.687817,MR,rapid_rail_kl,149
MR2,TUN SAMBANTHAN,3.13132,101.69085,MR,rapid_rail_kl,150
MR3,MAHARAJALELA,3.138743,101.699268,MR,rapid_rail_kl,151
MR4,HANG TUAH,3.140511,101.706029,MR,rapid_rail_kl,152
MR5,IMBI,3.14283,101.70945,MR,rapid_rail_kl,153
MR6,BUKIT BINTANG,3.146022,101.7115,MR,rapid_rail_kl,154
MR7,RAJA CHULAN,3.150878,101.710432,MR,rapid_rail_kl,155
MR8,BUKIT NANAS,3.156214,101.704809,MR,rapid_rail_kl,156
MR9,MEDAN TUANKU,3.15935,101.69888,MR,rapid_rail_kl,157
MR10,CHOW KIT,3.167358,101.698379,MR,rapid_rail_kl,158
MR11,TITIWANGSA,3.173192,101.696022,MR,rapid_rail_kl,159
BRT1,SUNWAY-SETIA JAYA,3.0828,101.6123,BRT,rapid_rail_kl,160
BRT2,MENTARI,3.0761,101.6101,BRT,rapid_rail_kl,161
BRT3,SUNWAY LAGOON,3.0706,101.6107,BRT,rapid_rail_kl,162
BRT4,SUNMED,3.0656,101.6087,BRT,rapid_rail_kl,163
BRT5,SunU-Monash,3.0654,101.6016,BRT,rapid_rail_kl,164
BRT6,SOUTH QUAY-USJ 1,3.0617,101.5969,BRT,rapid_rail_kl,165
BRT7,USJ7,3.0553,101.5919,BRT,rapid_rail_kl,166
1001828,PJ445 LRT TAMAN JAYA,3.103876,101.644993,,rapidbus_kl,167
1006035,PJ84 PJ WALK,3.100201666,101.6452966,,rapidbus_kl,168
1001979,PJ434 DEWAN SIVIK MBPJ,3.098113,101.645854,,rapidbus_kl,169
1006036,PJ757 WISMA IEM,3.098985,101.646956,,rapidbus_kl,170
1006206,PJ451 WISMA PERKESO,3.094789,101.646736,,rapidbus_kl,171
1003674,PJ452 KOMPLEKS ARENA PJ,3.092533,101.645975,,rapidbus_kl,172
1002425,PJ453 PERPUSTAKAAN KOMUNITI PJ,3.0908059472778,101.64604883686,,rapidbus_kl,173
1003891,(M) PJ469 TERMINAL BAS,3.087051,101.647131,,rapidbus_kl,174
1001844,PJ455 MAHKAMAH SYARIAH,3.086795,101.650753,,rapidbus_kl,175
1001000,PJ411 APT INAI COURT (OPP),3.085194,101.654585,,rapidbus_kl,176
1000942,PJ737 FLAT TAMAN PERANSANG,3.0814378714851,101.64831904603,,rapidbus_kl,177
1000528,PJ739 TAMAN DATO HARUN,3.083589507932,101.63527896574,,rapidbus_kl,178
1003570,PJ741 DESA MENTARI FASA 4 (UTARA),3.0843778280735,101.62811647765,,rapidbus_kl,179
1000840,PJ145 GERAI PJS 2C,3.081736,101.627329,,rapidbus_kl,180
1003149,PJ742 PJ SOUTH CITY,3.079994,101.627322,,rapidbus_kl,181
1002339,PJ147 PJCC,3.077964,101.627341,,rapidbus_kl,182
1002272,PJ148 PJS 4 (BARAT),3.0766227551742,101.62790886161,,rapidbus_kl,183
1001765,PJ149 PJS 4 (TIMUR),3.076324,101.629378,,rapidbus_kl,184
1006037,PJ137 TERMINAL TAMAN MEDAN,3.075537,101.633102,,rapidbus_kl,185
1002554,PJ138 PJS 4 (TIMUR),3.076043,101.629572,,rapidbus_kl,186
1003446,PJ139 PJS 4 (BARAT),3.0763448090071,101.62789897956,,rapidbus_kl,187
1002851,PJ140 PJCC,3.078428,101.627186,,rapidbus_kl,188
1000839,PJ141 PJ SOUTH CITY,3.080845,101.627209,,rapidbus_kl,189
1003745,PJ143 SURAU MADRASATUL IMANIYA,3.083289,101.627176,,rapidbus_kl,190
1003075,PJ730 FLAT DESA MENTARI,3.084916,101.627607,,rapidbus_kl,191
1003685,PJ731 KTM KG DATO HARUN (UTARA),3.084208,101.633581,,rapidbus_kl,192
1002254,PJ733 TAMAN MAJU JAYA,3.0831545080372,101.64062877884,,rapidbus_kl,193
1000943,PJ734 TAMAN PETALING UTAMA,3.081794,101.649809,,rapidbus_kl,194
1000999,PJ412 APT INAI COURT,3.085098,101.654377,,rapidbus_kl,195
1004161,PJ413 UITM PJ (OPP),3.086949,101.652272,,rapidbus_kl,196
1001981,PJ415 TERMINAL BAS (OPP),3.086895,101.646789,,rapidbus_kl,197
1006205,PJ456 PERPUSTAKAAN KOMUNITI PJ (OPP),3.090344,101.64598,,rapidbus_kl,198
1006033,PJ460 KOMPLEKS ARENA PJ (OPP),3.09203,101.6455333,,rapidbus_kl,199
1006034,PJ432 WISMA PERKESO (OPP),3.095074,101.646502,,rapidbus_kl,200
1001509,PJ435 WISMA MCIS,3.101044,101.641252,,rapidbus_kl,201
1001785,PJ437 LRT ASIA JAYA,3.1038828935882,101.63914593158,,rapidbus_kl,202
1003320,PJ439 SK SRI PETALING (OPP),3.108625,101.639152,,rapidbus_kl,203
1000484,PJ278 DIGITAL MALL SEKSYEN 14,3.110474,101.636336,,rapidbus_kl,204
1005034,PJ302 QUILL 9,3.114216,101.632624,,rapidbus_kl,205
1000944,PJ210 HOTEL LISA DE INN,3.118249,101.630639,,rapidbus_kl,206
1003538,PJ211 FLAT SEKSYEN 17 (SELATAN),3.118937,101.633375,,rapidbus_kl,207
1004190,PJ212 JAYA ONE MALL (OPP),3.118939,101.635496,,rapidbus_kl,208
1002675,PJ237 PUSAT ASASI UIA (SELATAN),3.118802,101.639562,,rapidbus_kl,209
1001955,PJ238 MASJID KOLEJ ISLAM,3.118732,101.640579,,rapidbus_kl,210
1003407,PJ245 SMK SULTAN ABD SAMAD (TIMUR),3.118566,101.645001,,rapidbus_kl,211
1001007,PJ247 MAHSA UNIVERSITY (TIMUR),3.1170217390042,101.6497825531,,rapidbus_kl,212
1002619,PJ248 PPUM MAIN GATE,3.1144523951478,101.65100238888,,rapidbus_kl,213
1002617,PJ249 PPUM (UTARA),3.1132947310948,101.651397545,,rapidbus_kl,214
1001729,PJ472 PJ CHURCH,3.107376541027,101.65380659344,,rapidbus_kl,215
1003129,PJ474 SK LA SALLE (SELATAN),3.100103,101.652639,,rapidbus_kl,216
1003339,PJ448 SMK (P) ASSUNTA (OPP),3.0988006231217,101.65038859623,,rapidbus_kl,217
1000165,PJ133 SHERATON PJ,3.103207,101.640056,,rapidbus_kl,218
1002556,PJ749 WISMA MCIS,3.1010266331046,101.64223527584,,rapidbus_kl,219
1002012,PJ716 MENARA AMFIRST,3.118122,101.629172,,rapidbus_kl,220
1000836,PJ312 MEDAN SELERA SEKSYEN 19,3.118849,101.628699,,rapidbus_kl,221
1000980,PJ313 KOMERSIAL SEKSYEN 19,3.1182813451754,101.62627247048,,rapidbus_kl,222
1006038,PJ771 KOMERSIAL SS2 (PUBLIC BANK),3.120713,101.621792,,rapidbus_kl,223
1001276,PJ347 KOMERSIAL SS2 (POH KONG),3.1172538268936,101.62088640147,,rapidbus_kl,224
1900004,SS2,3.116222,101.622244,,rapidbus_kl,225
1000204,PJ712 BALAI POLIS SEAPARK,3.117036,101.623111,,rapidbus_kl,226
1002865,PJ349 MEDAN SELERA SEKSYEN 19,3.119018,101.628689,,rapidbus_kl,227
1004179,PJ251 UNIVERSITY TOWER,3.113503,101.650419,,rapidbus_kl,228
1003630,PJ252 SK SULTAN ALAM SHAH 2,3.112273,101.647177,,rapidbus_kl,229
1002142,PJ253 GERAK BUDAYA,3.111712,101.646397,,rapidbus_kl,230
1004272,PJ443 YAYASAN CANCERLINK,3.108473,101.645841,,rapidbus_kl,231
1001830,PJ343 LRT TAMAN BAHAGIA,3.1107429326435,101.61301934275,,rapidbus_kl,232
1002952,PJ186 RUMAH NO 57,3.1078518701893,101.61127771644,,rapidbus_kl,233
1006208,PETRONAS/SHELL (OPP),3.10816,101.60637,,rapidbus_kl,234
1006209,RUMAH NO 28,3.10945,101.60324,,rapidbus_kl,235
1006210,KUARTERS PDRM,3.10943,101.60006,,rapidbus_kl,236
1003347,PJ633 SMK KELANA JAYA,3.1090534541627,101.59607154107,,rapidbus_kl,237
1001381,PJ331 HIGHPARK SUITES,3.1017526230211,101.60002442637,,rapidbus_kl,238
1006211,PJ770 PANGSAPURI PKNS (OPP),3.102563,101.600384,,rapidbus_kl,239
1006212,DATARAN GLOMAC,3.10455,101.6003233,,rapidbus_kl,240
1002198,PJ506 PERUMAHAN PDRM (OPP),3.105075,101.600731,,rapidbus_kl,241
1003137,PJ513 WISMA REHDA,3.1051840616149,101.60657921929,,rapidbus_kl,242
1006213,RUMAH NO 24,3.10305,101.606737,,rapidbus_kl,243
1000032,7 ELEVEN,3.1008293895738,101.60540618171,,rapidbus_kl,244
1006214,RUMAH NO 159 (OPP),3.099316,101.60424,,rapidbus_kl,245
1006227,RUMAH NO 52,3.096950597,101.6049881,,rapidbus_kl,246
1006216,RUMAH NO 28,3.096366,101.6057627,,rapidbus_kl,247
1003501,YAYASAN TAIWAN BUDDIST (OPP),3.0961147309678,101.60702123187,,rapidbus_kl,248
1001910,PJ183 PERUMAHAN SS 5B,3.100139,101.607028,,rapidbus_kl,249
1002914,PJ202 PERUMAHAN SS 3,3.101656,101.609481,,rapidbus_kl,250
1006217,PJ203 SMK SRI PERMATA,3.101638,101.613569,,rapidbus_kl,251
1003552,PJ340 PERUMAHAN SS 1,3.104662,101.616327,,rapidbus_kl,252
1002107,PJ341 SPG SS 1/32,3.108606,101.616488,,rapidbus_kl,253
1003411,PJ342 SMK TAMAN SEA (OPP),3.110045,101.616185,,rapidbus_kl,254
1006218,PJ187 RUMAH NO 107,3.104773,101.612841,,rapidbus_kl,255
1001134,PJ192 SMK SRI PERMATA (OPP),3.101495,101.614212,,rapidbus_kl,256
1002341,PJ194 PERUMAHAN SS 3,3.099624,101.610988,,rapidbus_kl,257
1000031,PJ195 KOMERSIAL SS 3,3.096785,101.610994,,rapidbus_kl,258
1002879,RUMAH NO 1,3.0915189770129,101.61117726789,,rapidbus_kl,259
1002192,PJ559 PJ ECO RECYCLE PLAZA,3.088571,101.614094,,rapidbus_kl,260
1002167,PJ116 PUSAT KOMERSIAL PJ21,3.090166,101.614831,,rapidbus_kl,261
1002969,PJ334 RUMAH NO 9,3.093237,101.616548,,rapidbus_kl,262
1002933,PJ335 RUMAH NO 35,3.095271,101.617346,,rapidbus_kl,263
1003551,PJ111 SPG SS 1/1D,3.095649,101.618487,,rapidbus_kl,264
1004256,PJ112 WISMA SKPPK,3.092249,101.620683,,rapidbus_kl,265
1002817,PJ699 PBMM SJKC SG WAY (OPP),3.0902357938885,101.62072133016,,rapidbus_kl,266
1003626,PJ113 SJKC SUNGAI WAY,3.0881056103752,101.62077673948,,rapidbus_kl,267
1000837,PJ326 SEKSYEN 51A,3.088626,101.625297,,rapidbus_kl,268
1002331,PJ327 PADANG PERMAINAN,3.093704,101.627914,,rapidbus_kl,269
1003205,(M) PJ318 SHELL SEKSYEN 51A,3.096406,101.630603,,rapidbus_kl,270
1003403,PJ291 SMK SRI UTAMA,3.09848,101.632262,,rapidbus_kl,271
1000813,PJ720 BANGUNAN O'CONNOR (OPP),3.100253969883,101.6321280802,,rapidbus_kl,272
1000897,PJ747 SEKSYEN 51A (UTARA),3.101374,101.630668,,rapidbus_kl,273
1003414,PJ296 SMK (P) SRI AMAN,3.103313,101.629204,,rapidbus_kl,274
1006225,WISMA JAFER ZAIDI,3.106699,101.625504,,rapidbus_kl,275
1000820,GALAXY OPTICARE,3.1087647307459,101.62376294212,,rapidbus_kl,276
1003232,PJ308 SHELL SEAPARK,3.109686,101.623135,,rapidbus_kl,277
1006226,PJ309 HERBALINE SEAPARK,3.111494,101.621716,,rapidbus_kl,278
1002049,PJ711 PETRON SEAPARK (OPP),3.1140025601091,101.62057488852,,rapidbus_kl,279
1000639,PJ718 PETRON SEAPARK,3.111368,101.618785,,rapidbus_kl,280
1000909,(M) PJ530 HENTIAN BANDAR UTAMA,3.151359,101.613382,,rapidbus_kl,281
1000248,PJ532 ONE UTAMA LDP,3.1504336534116,101.61652418032,,rapidbus_kl,282
1007490,PJ537 FIRST AVENUE,3.146518,101.615333,,rapidbus_kl,283
1008182,SMK BANDAR UTAMA (OPP),3.142478,101.615635,,rapidbus_kl,284
1008183,PELANGI UTAMA CONDOMINIUM,3.141615,101.615396,,rapidbus_kl,285
1008184,DATARAN PELANGI UTAMA,3.139342,101.614173,,rapidbus_kl,286
1008185,SETERRA CONDOMINIUM,3.137411,101.613321,,rapidbus_kl,287
1008187,MASJID AL-MAMURIAH,3.135404,101.61252,,rapidbus_kl,288
1000036,(M) PJ726 JEJANTAS DAMANSARA UTAMA,3.1323850131623,101.62160934468,,rapidbus_kl,289
1001431,PJ723 JEJANTAS SS 22,3.1321518191064,101.62072174735,,rapidbus_kl,290
1007130,PJ818 SMK DAMANSARA JAYA (OPP),3.130083,101.616811,,rapidbus_kl,291
1007495,PJ508 ATRIA (OPP),3.128946,101.617086,,rapidbus_kl,292
1002486,PJ509 DAMANSARA JAYA (TENGAH),3.128182,101.620429,,rapidbus_kl,293
1001246,PJ510 KDU COLLEGE,3.126934,101.622458,,rapidbus_kl,294
1001248,PJ627 KDU DAMANSARA JAYA,3.1276560174203,101.62332487017,,rapidbus_kl,295
1002752,PJ581 PETRON SEAPARK,3.114403,101.621236,,rapidbus_kl,296
1004001,PJ626 BP SPECIALIST CENTRE,3.1156536983894,101.61411791892,,rapidbus_kl,297
1007496,PJ484 KDU (OPP),3.126847,101.622267,,rapidbus_kl,298
1007128,PJ490 ATRIA,3.128542,101.617477,,rapidbus_kl,299
1007129,SMK DAMANSARA JAYA,3.131484,101.616654,,rapidbus_kl,300
1007494,10 BOULEVARD,3.132784,101.613496,,rapidbus_kl,301
1007493,BHP KAYU ARA,3.133002,101.611273,,rapidbus_kl,302
1007492,PETRON KAYU ARA,3.133325,101.611382,,rapidbus_kl,303
1007323,PJ780 MASJID KAYU ARA (OPP),3.135421,101.612393,,rapidbus_kl,304
1008186,SETERRA CONDOMINIUM (OPP),3.137216,101.61311,,rapidbus_kl,305
1007095,PJ781 PANGSAPURI PELANGI ARA (OPP),3.139109,101.613941,,rapidbus_kl,306
1007096,PJ782 SK BANDAR UTAMA DAMANSARA 2,3.14144,101.615209,,rapidbus_kl,307
1007097,PJ783 SMK BANDAR UTAMA,3.142768,101.615573,,rapidbus_kl,308
1007491,PJ536 FIRST AVENUE (OPP),3.146433,101.615092,,rapidbus_kl,309
1000990,PJ533 IKEA (BARAT),3.154912,101.610549,,rapidbus_kl,310
1007098,PJ814 MRT MUTIARA DAMANSARA PINTU C,3.156489,101.607885,,rapidbus_kl,311
1007471,PJ371 THE CURVE (OPP),3.157948,101.608719,,rapidbus_kl,312
1007473,PJ372 LOTUS MUTIARA DAMANSARA (OPP),3.159688,101.611884,,rapidbus_kl,313
1007474,PJ373 RITZE PERDANA,3.164513,101.611072,,rapidbus_kl,314
1002810,PJ375 PERDANA SHOPPING CENTRE,3.16759,101.606371,,rapidbus_kl,315
1007475,PJ817 PERDANA EXCLUSIVE CONDO,3.169401,101.605361,,rapidbus_kl,316
1002036,PJ377 METROPOLITAN SQUARE,3.1660577576591,101.60797944856,,rapidbus_kl,317
1003243,PJ644 SOPHEA RESIDENCE,3.189981,101.617612,,rapidbus_kl,318
1007480,PJ21 BANDAR SRI DAMANSARA 8,3.189215,101.616229,,rapidbus_kl,319
1002796,KOMERSIAL SRI DAMANSARA,3.187211,101.615129,,rapidbus_kl,320
1003869,(M) PJ22 KOMERSIAL BANDAR SRI DAMANSARA 7,3.185369,101.613436,,rapidbus_kl,321
1007482,PJ23 SJKC DESA JAYA,3.185389,101.606998,,rapidbus_kl,322
1007484,PJ863 KOMERSIAL BANDAR SRI DAMANSARA,3.188383,101.605487,,rapidbus_kl,323
1007486,PJ864 SD APARTMENT,3.189776,101.605382,,rapidbus_kl,324
1007487,SK BANDAR SRI DAMANSARA,3.191209,101.605695,,rapidbus_kl,325
1001217,PJ31 MEDAN SELERA SRI DAMANSARA,3.19341,101.607121,,rapidbus_kl,326
1007105,PJ784 SPHERE DAMANSARA,3.198239,101.59916,,rapidbus_kl,327
1008657,PJ850 THE ZIZZ,3.198234,101.596464,,rapidbus_kl,328
1002782,PJ49 APARTMENT LESTARI,3.197343,101.594348,,rapidbus_kl,329
1002590,PJ52 APARTMENT IDAMAN,3.190686,101.592366,,rapidbus_kl,330
1000127,PJ53 APARTMENT IMPIAN,3.191978,101.588458,,rapidbus_kl,331
1000135,PJ54 APARTMENT PERMAI,3.194259,101.588235,,rapidbus_kl,332
1007488,PJ55 RESIDENSI SUASANA DAMAI (OPP),3.194511,101.591378,,rapidbus_kl,333
1002781,PJ62 APARTMENT LESTARI (OPP),3.197228,101.594008,,rapidbus_kl,334
1001218,PJ32 MEDAN SELERA SRI DAMANSARA (OPP),3.193598,101.607479,,rapidbus_kl,335
1008083,SK BANDAR SRI DAMANSARA (OPP),3.19075,101.60589,,rapidbus_kl,336
1007485,MAYBANK SRI DAMANSARA (OPP),3.188177,101.605813,,rapidbus_kl,337
1007483,PJ36 TAMAN CENTRAL SPINE SD,3.185258,101.607655,,rapidbus_kl,338
1003870,PJ37 BANDAR SRI DAMANSARA 7,3.185592,101.613301,,rapidbus_kl,339
1002795,KOMERSIAL SRI DAMANSARA (OPP),3.187535,101.614998,,rapidbus_kl,340
1007481,PJ38 BANDAR SRI DAMANSARA 8,3.189218,101.615927,,rapidbus_kl,341
1003242,PJ643 SOPHEA RESIDENCE (OPP),3.190264,101.617323,,rapidbus_kl,342
1007321,PJ380 NEO DAMANSARA,3.164177,101.611665,,rapidbus_kl,343
1007320,PJ381 LOTUS MUTIARA DAMANSARA,3.160333,101.612264,,rapidbus_kl,344
1007472,PJ382 THE CURVE,3.157901,101.609333,,rapidbus_kl,345
1007099,PJ809 MRT MUTIARA DAMANSARA PINTU B,3.155687,101.608187,,rapidbus_kl,346
1007489,PJ822 OASIS BANDAR UTAMA,3.150327,101.610151,,rapidbus_kl,347
1005696,PPJ191 KOMPLEKS PARCEL F,2.944757,101.708408,,rapidbus_kl,348
1005702,SEKOLAH SULTAN ALAM SHAH,2.946936,101.710523,,rapidbus_kl,349
1005625,PPJ276 KOMPLEKS PARCEL E (UTARA),2.944436,101.707934,,rapidbus_kl,350
1005626,PPJ187 KOMPLEKS PARCEL E (BARAT),2.943665,101.705229,,rapidbus_kl,351
1005627,PPJ188 DATARAN PAHLAWAN,2.941926,101.704431,,rapidbus_kl,352
1005628,PPJ189 KOMPLEKS KERAJAAN PARCEL D,2.939138,101.701795,,rapidbus_kl,353
1005652,PPJ49 KEMENTERIAN KEWANGAN,2.927547,101.688711,,rapidbus_kl,354
1005653,PPJ50 PERBENDAHARAAN 2 (SELATAN),2.925327,101.687956,,rapidbus_kl,355
1005654,PPJ51 LEMBAGA PEMBIAYAAN PERUMAHAN (SELATAN),2.923217,101.687236,,rapidbus_kl,356
1005655,PPJ52 MENARA USAHAWAN,2.920856,101.686418,,rapidbus_kl,357
1005656,PPJ53 ISTANA KEHAKIMAN (UTARA),2.918378,101.685599,,rapidbus_kl,358
1005657,PPJ54 ISTANA KEHAKIMAN (SELATAN),2.916473,101.684966,,rapidbus_kl,359
1005658,PPJ55 KEMENTERIAN BELIA & SUKAN,2.914144,101.684242,,rapidbus_kl,360
1005659,PPJ376 GALERIA PJH,2.911057,101.683303,,rapidbus_kl,361
1005660,PPJ56 MOTOCROSS CIRCUIT (TIMUR),2.909816,101.682767,,rapidbus_kl,362
1005661,PPJ33 KEMENTERIAN PEMBANGUNAN LUAR BANDAR,2.904778,101.681029,,rapidbus_kl,363
1005662,PPJ34 DATARAN GEMILANG,2.903404,101.681176,,rapidbus_kl,364
1008624,PPJ35 KEMENTERIAN WANITA & MASYARAKAT,2.902484,101.680169,,rapidbus_kl,365
1008626,PPJ5 PRESINT 5 (BARAT),2.895592,101.673208,,rapidbus_kl,366
1008628,PPJ6 HERIOT-WATT UNIVERSITY P5 (OPP),2.897694,101.671086,,rapidbus_kl,367
1008630,PPJ7 KEMENTERIAN PELANCONGAN,2.898823,101.668346,,rapidbus_kl,368
1008632,PPJ8 APARTMENT 5R1 P5 (OPP),2.898637,101.666378,,rapidbus_kl,369
1008634,PPJ9 PRESINT 6 (SELATAN),2.897135,101.665762,,rapidbus_kl,370
1005700,PPJ11 KEMENTERIAN PENGAJIAN TINGGI,2.895867,101.667752,,rapidbus_kl,371
1008629,PPJ19 HERIOT-WATT UNIVERSITY P5,2.898268,101.670839,,rapidbus_kl,372
1008627,PPJ327 PRESINT 5 (BARAT),2.896024,101.673401,,rapidbus_kl,373
1005663,PPJ37 DATARAN GEMILANG,2.903986,101.679528,,rapidbus_kl,374
1005664,PPJ38 KEMENTERIAN PEMBANGUNAN LUAR BANDAR (OPP),2.904962,101.680463,,rapidbus_kl,375
1005665,PPJ39 MOTOCROSS CIRCUIT,2.909976,101.682162,,rapidbus_kl,376
1005666,PPJ40 GALERIA PJH,2.912047,101.682703,,rapidbus_kl,377
1005667,PPJ41 KEMENTERIAN PERTANIAN,2.914798,101.683859,,rapidbus_kl,378
1005668,PPJ42 PERBADANAN PUTRAJAYA (SELATAN),2.916673,101.684601,,rapidbus_kl,379
1005669,PPJ43 PERBADANAN PUTRAJAYA (UTARA),2.918475,101.685189,,rapidbus_kl,380
1005670,PPJ44 JABATAN PENDAFTARAN NEGARA,2.920393,101.685857,,rapidbus_kl,381
1005671,PPJ45 LEMBAGA PEMBIAYAAN PERUMAHAN (UTARA),2.922944,101.686688,,rapidbus_kl,382
1005672,PPJ46 PERBENDAHARAAN 2 (UTARA),2.924972,101.687394,,rapidbus_kl,383
1005673,PPJ47 MENARA PERKESO,2.927249,101.688175,,rapidbus_kl,384
1005725,PPJ48 PUTRA SQUARE,2.934597,101.690497,,rapidbus_kl,385
1000314,PPJ185 TAMAN BOTANI PUTRAJAYA,2.946054,101.697888,,rapidbus_kl,386
1000315,PPJ186 TAMAN PUTRA PERDANA (TIMUR),2.9474605297495,101.70363287265,,rapidbus_kl,387
1001201,PPJ190 KOMPLEKS B/ LAMAN PERDANA (TIMUR),2.938926,101.695456,,rapidbus_kl,388
1005597,PPJ132 APARTMENT PRESINT 11B,2.957192,101.676781,,rapidbus_kl,389
1005693,PPJ266 PERUMAHAN PRESINT 11 (ZON 6B),2.952946,101.677025,,rapidbus_kl,390
1005682,PPJ101 PERUMAHAN PRESINT 11H,2.954007,101.674455,,rapidbus_kl,391
1005683,PPJ102 SAUJANA ASTER CONDOMINIUM,2.956264,101.673701,,rapidbus_kl,392
1005684,PPJ103 PERUMAHAN P11/1,2.955665,101.668883,,rapidbus_kl,393
1005685,PPJ104 PUSAT INTEGRASI GENIUS (OPP),2.959779,101.665001,,rapidbus_kl,394
1005686,PPJ105 PANGSAPURI PUTRA DAMAI,2.962036,101.664915,,rapidbus_kl,395
1005687,PPJ106 PRIMA PRESINT 11,2.964656,101.667984,,rapidbus_kl,396
1005688,PPJ111 PERUMAHAN PRESINT 11C (BARAT),2.965627,101.670996,,rapidbus_kl,397
1005689,PPJ112 PERUMAHAN PRESINT 11C (TIMUR),2.967795,101.675979,,rapidbus_kl,398
1005690,PPJ114 BALAI POLIS PRESINT 11 (OPP),2.964662,101.679583,,rapidbus_kl,399
1008577,PPJ128 PERUMAHAN P11A 1/3,2.957548,101.682785,,rapidbus_kl,400
1008576,PPJ129 PERUMAHAN P11A 1/1,2.958563,101.686359,,rapidbus_kl,401
1008592,PPJ74 PERUMAHAN P10/9,2.951926,101.686773,,rapidbus_kl,402
1008593,PPJ75 KOMPLEKS SERI PERDANA,2.949071,101.687234,,rapidbus_kl,403
1008595,PPJ76 KOMPLEKS LANAI,2.944683,101.687606,,rapidbus_kl,404
1005592,PPJ69 KOMPLEKS LANAI,2.944801,101.687373,,rapidbus_kl,405
1005593,PPJ70 PRESINT 10 (BARAT),2.948226,101.687507,,rapidbus_kl,406
1005594,PPJ71 KOMPLEKS SERI PERDANA (BARAT),2.952559,101.686793,,rapidbus_kl,407
1005595,PPJ130 PRESINT 11A5,2.958349,101.686405,,rapidbus_kl,408
1005596,PPJ131 PRESINT 11A2,2.957342,101.682833,,rapidbus_kl,409
1005717,HENTIAN P14,2.948214,101.723635,,rapidbus_kl,410
1008543,PPJ206 SEKOLAH ARAB MODIN ANTARABANGSA,2.949377,101.725721,,rapidbus_kl,411
1008541,PPJ207 KOMPLEKS NASYRUL QURAN (TIMUR),2.950623,101.728451,,rapidbus_kl,412
1005716,PPJ208 GERAI KOMUNITI P14,2.954283,101.727658,,rapidbus_kl,413
1008539,PPJ209 APARTMENT P14,2.953839,101.724562,,rapidbus_kl,414
1008537,PPJ210 KOMPLEKS MAKSAK,2.952303,101.723668,,rapidbus_kl,415
1008535,PPJ211 PERUMAHAN P14G,2.952346,101.721164,,rapidbus_kl,416
1008533,PPJ212 PERUMAHAN P14F 1,2.953612,101.718796,,rapidbus_kl,417
1008531,PPJ213 PERUMAHAN P14B 2/5,2.952293,101.716448,,rapidbus_kl,418
1008529,PPJ214 PERUMAHAN P14B 2,2.949997,101.717018,,rapidbus_kl,419
1008527,PPJ 215 PERUMAHAN P14B 1,2.947447,101.718287,,rapidbus_kl,420
1008546,PPJ374 PPA P15 12B,2.939484,101.721765,,rapidbus_kl,421
1008547,PPJ375 PPA P15 12B,2.941262,101.721572,,rapidbus_kl,422
1008548,PPJ219 SURAU AL-FATIH P15,2.943072,101.721267,,rapidbus_kl,423
1008549,PPJ203 P15 (UTARA),2.943287,101.719188,,rapidbus_kl,424
1008239,PPJ235 ALAMANDA (UTARA),2.941358,101.712079,,rapidbus_kl,425
1008525,PPJ274 SHAFTSBURY MALL,2.938818,101.712875,,rapidbus_kl,426
1008526,PPJ192 PERUMAHAN P14A 1/1,2.947385,101.718099,,rapidbus_kl,427
1008528,PPJ193 SURAU AL-MANAR P14,2.949495,101.717211,,rapidbus_kl,428
1008530,PPJ194 PERUMAHAN P14C 2/2,2.951852,101.716089,,rapidbus_kl,429
1008532,PPJ195 PERUMAHAN P14E 1/2,2.953871,101.718221,,rapidbus_kl,430
1008534,PPJ196 PERUMAHAN P14E 2/2,2.952364,101.721649,,rapidbus_kl,431
1008536,PPJ197 SMK PUTRAJAYA P14 (1),2.952613,101.723382,,rapidbus_kl,432
1008538,PPJ198 SK PUTRAJAYA P14 (1),2.954315,101.724788,,rapidbus_kl,433
1005715,PPJ199 GERAI KOMUNITI P14 (OPP),2.954538,101.727515,,rapidbus_kl,434
1008540,PPJ200 KOMPLEKS NASYRUL QURAN,2.950204,101.728384,,rapidbus_kl,435
1008542,PPJ201 SEKOLAH ARAB MODIN ANTARABANGSA,2.948931,101.725644,,rapidbus_kl,436
1008636,PPJ12 APARTMENT 5R3 P5,2.896223,101.664215,,rapidbus_kl,437
1008635,PPJ14 PRESINT 6 (SELATAN),2.897006,101.665447,,rapidbus_kl,438
1008633,PPJ15 APARTMENT 5R1 P5,2.898928,101.666136,,rapidbus_kl,439
1008631,PPJ16 MARINA PUTRAJAYA,2.899133,101.668458,,rapidbus_kl,440
1005731,PPJ1 PICC P5,2.893569,101.675186,,rapidbus_kl,441
1005718,PPJ29 PICC MAIN ENTRANCE,2.895659,101.677529,,rapidbus_kl,442
1005719,PPJ20 APARTMENT 5R4,2.889199,101.675535,,rapidbus_kl,443
1008638,PPJ23 SK PUTRAJAYA P5 (1),2.888995,101.678403,,rapidbus_kl,444
1008637,PPJ26 APARTMENT 5R6 P5,2.890675,101.679819,,rapidbus_kl,445
1008625,PPJ36 KEMENTERIAN WANITA & MASYARAKAT,2.902493,101.679655,,rapidbus_kl,446
1005694,PPJ58 PERUMAHAN PENJAWAT AWAM P8 8R2 (BARAT),2.929478,101.679985,,rapidbus_kl,447
1005637,PPJ257 TAMARA RESIDENCE PRESINT 8,2.926193,101.680642,,rapidbus_kl,448
1005639,PPJ61 APARTMENT PRESINT 8 FASA 4C,2.928911,101.679247,,rapidbus_kl,449
1005640,PPJ62 SK PUTRAJAYA PRESINT 8 (2) (BARAT),2.931536,101.680641,,rapidbus_kl,450
1008606,PPJ63 P8N5 SHELL P8,2.933441,101.679263,,rapidbus_kl,451
1005643,PPJ64 AURA RESIDENCE P8 (BARAT),2.936927,101.680256,,rapidbus_kl,452
1005644,PPJ66 DEWAN SERBAGUNA PRESINT 8,2.938819,101.682512,,rapidbus_kl,453
1005645,PPJ67 KOMPLEKS SEKOLAH PUTRAJAYA PRESINT 8,2.938337,101.685148,,rapidbus_kl,454
1005646,PPJ68 KELAB TASIK PUTRAJAYA,2.939585,101.686555,,rapidbus_kl,455
1008597,PPJ77 KELAB TASIK PUTRAJAYA,2.938752,101.686522,,rapidbus_kl,456
1008599,PPJ78 P8N8 SMK PUTRAJAYA P8 (OPP),2.938203,101.684059,,rapidbus_kl,457
1008601,PPJ79 P8N6 KOMERSIAL P8,2.938593,101.682229,,rapidbus_kl,458
1008603,PPJ80 AURA RESIDENCE P8,2.936699,101.680434,,rapidbus_kl,459
1008605,PPJ81 P8N4 SHELL P8,2.933167,101.679657,,rapidbus_kl,460
1008607,PPJ82 SK PUTRAJAYA P8 2,2.931649,101.680886,,rapidbus_kl,461
1005749,PPJ352 KEMENTERIAN BELIA DAN SUKAN,2.913298,101.686814,,rapidbus_kl,462
1005729,PPJ177 KEMENTERIAN PENGANGKUTAN,2.913212,101.684406,,rapidbus_kl,463
1008568,PPJ305 TAMAN PANCARONA P18,2.913629,101.689197,,rapidbus_kl,464
1008566,PPJ319 PERUMAHAN P18K 1/1 (OPP),2.914018,101.692157,,rapidbus_kl,465
1005726,PERUMAHAN P18H (OPP),2.914615,101.695677,,rapidbus_kl,466
1008564,PPJ320 APARTMENT P18R4 BLOK C,2.915876,101.697253,,rapidbus_kl,467
1005728,PPJ321 PERUMAHAN P18D,2.918613,101.697465,,rapidbus_kl,468
1008560,PPJ294 SMK PUTRAJAYA P18 (1) (OPP),2.921438,101.693835,,rapidbus_kl,469
1005613,PPJ183 SK PUTRAJAYA PRESINT 18 (OPP),2.924118,101.694102,,rapidbus_kl,470
1005722,PPAM SELASIH,2.923976,101.700861,,rapidbus_kl,471
1008557,PPJ287 SK PUTRAJAYA P17 1,2.923462,101.704754,,rapidbus_kl,472
1005634,PPJ282 PRESINT 17 (UTARA),2.926333,101.706829,,rapidbus_kl,473
1005692,PPJ283 APARTMENT PRESINT 17 (RK1),2.927556,101.705905,,rapidbus_kl,474
1005617,PPJ184 KOMPLEKS TAMAN WARISAN,2.927041,101.699675,,rapidbus_kl,475
1005618,PPJ227 SK PUTRAJAYA PRESINT 16 (2),2.928364,101.700162,,rapidbus_kl,476
1005619,PPJ229 KOMERSIAL PRESINT 16,2.929671,101.701051,,rapidbus_kl,477
1005620,PPJ230 PRESINT 16E RESIDENCE,2.932616,101.703548,,rapidbus_kl,478
1005621,PPJ231 SURAU AR-RAHMAN PRESINT 16 (OPP),2.932883,101.706906,,rapidbus_kl,479
1005622,PPJ232 D'MUTIARA RESIDENCE,2.934551,101.708156,,rapidbus_kl,480
1005623,PPJ233 PPAM SADERI,2.935685,101.709924,,rapidbus_kl,481
1005624,PPJ234 ALAMANDA (SELATAN),2.940285,101.712628,,rapidbus_kl,482
1008551,PPJ222 P16N1 APARTMENT P16 BLOK A2,2.935545,101.710106,,rapidbus_kl,483
1008553,PPJ224 P16N3 SURAU AR-RAHMAN,2.932627,101.707035,,rapidbus_kl,484
1008554,PPJ225 P16N5 PERUMAHAN P16F,2.932469,101.703964,,rapidbus_kl,485
1008556,PPJ226 P16N6 KOMERSIAL P16 (OPP),2.929656,101.701311,,rapidbus_kl,486
1005629,PPJ236 KOMPLEKS TAMAN WARISAN,2.927127,101.699923,,rapidbus_kl,487
1008558,PPJ286 APARTMENT RK2 P17,2.923285,101.704913,,rapidbus_kl,488
1005721,PPAM SELASIH (OPP),2.924217,101.700632,,rapidbus_kl,489
1005630,PPJ349 SK PUTRAJAYA PRESINT 18,2.923833,101.694185,,rapidbus_kl,490
1008559,PPJ297 SMK PUTRAJAYA P18 (1),2.921772,101.693807,,rapidbus_kl,491
1008562,PPJ298 PERUMAHAN P18D,2.919798,101.696975,,rapidbus_kl,492
1008563,PPJ300 APARTMENT P18R4 (OPP),2.916013,101.697548,,rapidbus_kl,493
1005727,PERUMAHAN P18H,2.914374,101.695769,,rapidbus_kl,494
1008565,PPJ301 PERUMAHAN P18K 1/1,2.913951,101.692923,,rapidbus_kl,495
1008567,PPJ302 APARTMENT P18R8,2.913304,101.690232,,rapidbus_kl,496
1005584,(M) PPJ254 MRT PUTRAJAYA SENTRAL,2.932136,101.671763,,rapidbus_kl,497
1005675,PPJ88 APARTMENT PUTRA HARMONI (SELATAN),2.936823,101.672706,,rapidbus_kl,498
1000714,PPJ89 PANGSAPURI PUTRA HARMONI P9,2.939167,101.671713,,rapidbus_kl,499
1005589,PPJ93 PERUMAHAN RAJAWALI P9B,2.942354,101.672834,,rapidbus_kl,500
1005590,PPJ90 PERUMAHAN P9 FASA 5&6 (SELATAN),2.944294,101.675795,,rapidbus_kl,501
1005679,PPJ98 PERUMAHAN P9 FASA 5&6 (TIMUR),2.945218,101.677892,,rapidbus_kl,502
1008516,PPJ136 P9N7 KOMERSIAL P9G/7,2.945928,101.678562,,rapidbus_kl,503
1008518,PPJ137 PPA P9 FASA 2 (OPP),2.947126,101.680361,,rapidbus_kl,504
1008521,PPJ138 P9N9 PERUMAHAN P9G/1,2.947157,101.682136,,rapidbus_kl,505
1008523,PPJ140 P9N11 PPA FASA 3 P9,2.944788,101.681533,,rapidbus_kl,506
1005591,PPJ147 SK PUTRAJAYA P9 (1) (TIMUR),2.942957,101.679481,,rapidbus_kl,507
1008522,PPJ141 P9N12 PPA FASA 3 P9 (OPP),2.944885,101.681595,,rapidbus_kl,508
1008520,PPJ143 P9N10 PERUMAHAN P9G/1,2.947182,101.681664,,rapidbus_kl,509
1008519,PPJ144 PPA P9 FASA 2,2.947068,101.680482,,rapidbus_kl,510
1008517,PPJ145 P9N8 PERUMAHAN P9G/5,2.945945,101.679219,,rapidbus_kl,511
1005601,PPJ146 PERUMAHAN  P9G,2.944782,101.678104,,rapidbus_kl,512
1005602,PPJ91 PERUMAHAN P9 FASA 5&6 (SELATAN),2.944078,101.675649,,rapidbus_kl,513
1005603,PPJ92 PERUMAHAN TEMPUA P9B,2.942339,101.672996,,rapidbus_kl,514
1005650,PPJ167 SK PUTRAJAYA PRESINT 9 (2),2.937819,101.673321,,rapidbus_kl,515
1005651,PPJ168 CENDERAWASIH P9A,2.934715,101.672865,,rapidbus_kl,516
1003903,KJ461 HENTIAN KAJANG,2.9570042504083,101.79171937538,,rapidbus_kl,517
1002571,KJ462 PLAZA PERABOT,2.961152,101.792062,,rapidbus_kl,518
1003224,KJ463 SHELL,2.9646004641002,101.79096441243,,rapidbus_kl,519
1006251,KJ451 SJK (T) WEST COUNTRY,2.965352,101.788903,,rapidbus_kl,520
1006249,SENG HENG,2.965467,101.780922,,rapidbus_kl,521
1006247,TASKA BESTARI SEK 8,2.968784,101.772868,,rapidbus_kl,522
1006245,99 SPEEDMART SEK 7 (OPP),2.971535,101.773478,,rapidbus_kl,523
1006312,PINTU 3 SK SEK 7,2.970502,101.774785,,rapidbus_kl,524
1006313,JPJ BANGI (OPP),2.968574,101.775248,,rapidbus_kl,525
1006314,RUMAH NO 17,2.96817,101.777421,,rapidbus_kl,526
1006315,PANGSAPURI SERI TANJUNG (OPP),2.968784,101.780438,,rapidbus_kl,527
1006316,INTANA RIA (OPP),2.970096,101.78063,,rapidbus_kl,528
1006241,SURAU AL ISLAH,2.972848,101.779703,,rapidbus_kl,529
1006317,99 SPEEDMART KJG MEWAH,2.975796,101.780369,,rapidbus_kl,530
1006239,JING AN MEMORIAL VILLAGE,2.977431,101.780722,,rapidbus_kl,531
1006237,TMN KOPERASI LLN (OPP),2.979689,101.780663,,rapidbus_kl,532
1006235,TMN KAJANG INDAH,2.985456,101.779206,,rapidbus_kl,533
1006233,FLAT SRI SAGA (OPP),2.988415,101.778013,,rapidbus_kl,534
1006079,KJ172 WINNIE PLAZA (OPP),2.990825,101.78033,,rapidbus_kl,535
1007233,KJ822 MRT STADIUM KAJANG,2.994009,101.78641,,rapidbus_kl,536
1008068,SMJKC YU HUA (OPP),2.996792,101.790922,,rapidbus_kl,537
1004267,KJ506 PEJABAT AIR SELANGOR,2.992459,101.793035,,rapidbus_kl,538
1001750,KJ507 KOMERSIAL BANDAR KAJANG,2.992967,101.790135,,rapidbus_kl,539
1004231,KJ508 PEKAN KAJANG,2.991911,101.787865,,rapidbus_kl,540
1006064,KJ644 WINNIE PLAZA,2.990711,101.780377,,rapidbus_kl,541
1006232,FLAT SRI SAGA,2.988491,101.778122,,rapidbus_kl,542
1006234,PEARL AVENUE,2.985275,101.779403,,rapidbus_kl,543
1006236,TMN KOPERASI LLN,2.979613,101.78079,,rapidbus_kl,544
1006238,TMN SRI KEJORA,2.977745,101.780896,,rapidbus_kl,545
1006318,99 SPEEDMART KJG MEWAH (OPP),2.975737,101.780491,,rapidbus_kl,546
1006240,SURAU AL ISLAH (OPP),2.972804,101.779891,,rapidbus_kl,547
1006319,INTANA RIA,2.970123,101.780749,,rapidbus_kl,548
1006320,PANGSAPURI SERI TANJUNG,2.968668,101.780551,,rapidbus_kl,549
1006321,RUMAH NO 24,2.968032,101.777446,,rapidbus_kl,550
1006322,JPJ BANGI,2.96836,101.77515,,rapidbus_kl,551
1006323,PINTU 3 SK SEK 7 (OPP),2.970483,101.774694,,rapidbus_kl,552
1006244,99 SPEEDMART SEK 7,2.971453,101.773123,,rapidbus_kl,553
1006246,WISMA CK RAHIM,2.970108,101.772791,,rapidbus_kl,554
1006248,SEK 4 TAMBAHAN,2.965731,101.781044,,rapidbus_kl,555
1006250,KJ450 REKO SENTRAL,2.965787,101.789334,,rapidbus_kl,556
1003225,KJ208 SHELL (OPP),2.963936,101.791419,,rapidbus_kl,557
1002572,KJ209 PLAZA PERABOT (OPP),2.960963,101.792391,,rapidbus_kl,558
1003663,AJ356 SK TAMAN MELAWATI,3.2242819151825,101.74735161866,,rapidbus_kl,559
1007533,AJ457 BUKIT MELAWATI (TIMUR),3.221104,101.748335,,rapidbus_kl,560
1000664,AJ374 TAMAN MELAWATI A (UTARA),3.218451,101.748741,,rapidbus_kl,561
1003472,AJ458 SMK TAMAN MELAWATI,3.214588,101.75088,,rapidbus_kl,562
1003073,AJ377 SK TAMAN MELAWATI 2,3.2121756436093,101.75218881391,,rapidbus_kl,563
1003885,AJ378 TELEKOM MELAWATI,3.210046,101.753108,,rapidbus_kl,564
1000866,(M) AJ379 GIANT ULU KELANG (OPP),3.206217,101.752282,,rapidbus_kl,565
1000182,AJ380 TASKA PASTI ILMI,3.203687,101.751966,,rapidbus_kl,566
1006110,AJ294 TAMAN LEMBAH KERAMAT,3.201588,101.752967,,rapidbus_kl,567
1001989,AJ383 MEDAN SELERA AU5 (OPP),3.201217,101.756264,,rapidbus_kl,568
1003383,AJ384 SMK LEMBAH KERAMAT,3.1986372485529,101.75951060238,,rapidbus_kl,569
1003396,AJ385 SMK SERI KERAMAT,3.197506,101.759586,,rapidbus_kl,570
1000678,AJ386 FLAT AL-RIDHUAN,3.1955256897099,101.76477877917,,rapidbus_kl,571
1004167,AJ478 UKAY BISTARI,3.1971314777768,101.76771022437,,rapidbus_kl,572
1004168,AJ387 UKAY SERING,3.1984630497507,101.772077683,,rapidbus_kl,573
1000145,AJ388 APARTMENT SRI MELOR,3.203765,101.775552,,rapidbus_kl,574
1001988,AJ389 UKAY PERDANA 4 RESIDENCE,3.206473,101.773497,,rapidbus_kl,575
1001987,AJ390 SRI BAIDURI APARTMENT (UTARA),3.206235,101.772694,,rapidbus_kl,576
1002172,AJ391 SRI BAIDURI APARTMENT (SELATAN),3.2052611101736,101.77209690289,,rapidbus_kl,577
1000144,AJ392 APARTMENT SRI MELOR (OPP),3.2038106004179,101.77566994197,,rapidbus_kl,578
1008202,PUSAT KOMERSIAL TIMUR,3.203264,101.777698,,rapidbus_kl,579
1008203,PUSAT KOMERSIAL SELATAN,3.204523,101.778753,,rapidbus_kl,580
1008204,CONDO SPRING VILLE,3.206662,101.779893,,rapidbus_kl,581
1000803,AJ395 PANGSAPURI KAYANGAN (OPP),3.210224590556,101.77922229692,,rapidbus_kl,582
1006231,HENTIAN UKAY PERDANA,3.212225,101.778038,,rapidbus_kl,583
1000802,AJ396 PANGSAPURI KAYANGAN,3.2104389422711,101.77938110922,,rapidbus_kl,584
1002723,AJ397 PANGSAPURI SRI IMPIAN,3.2081186264782,101.78133917132,,rapidbus_kl,585
1000029,AJ398 PUSAT KOMERSIAL UP (OPP),3.204040093485,101.77916823741,,rapidbus_kl,586
1004101,TNB UKAY PERDANA (OPP),3.201818,101.778567,,rapidbus_kl,587
1006230,WARUNG TAMAN RIANA (OPP),3.19789,101.77715,,rapidbus_kl,588
1006229,TAMAN RIANA,3.19917,101.77842,,rapidbus_kl,589
1006228,PANGSAPURI INDAH,3.19684,101.77995,,rapidbus_kl,590
1006108,AJ399 UKAY SERING,3.198177,101.772198,,rapidbus_kl,591
1000677,AJ400 FLAT AL-RIDHUAN (OPP),3.1952724313484,101.76454264816,,rapidbus_kl,592
1003382,AJ344 SMK SERI KERAMAT (OPP),3.1971809646539,101.75946499323,,rapidbus_kl,593
1000042,AJ345 SMK LEMBAH KERAMAT (OPP),3.198614,101.759309,,rapidbus_kl,594
1000575,(M) AJ346 DEWAN SERBAGUNA AU5,3.2011059486184,101.75689181237,,rapidbus_kl,595
1002870,AJ347 TAMAN LEMBAH KERAMAT,3.201432,101.752878,,rapidbus_kl,596
1000181,AJ348 TASKA PASTI ILMI (OPP),3.2040785623068,101.75183927523,,rapidbus_kl,597
1000865,AJ349 GIANT ULU KELANG,3.2068730797356,101.75225081977,,rapidbus_kl,598
1000430,AJ473 TAMAN MELAWATI B,3.2107843167382,101.75265211885,,rapidbus_kl,599
1003410,AJ351 SMK TAMAN MELAWATI,3.2148546138065,101.75039678309,,rapidbus_kl,600
1002231,AJ352 TAMAN MELAWATI A (UTARA),3.2179314340885,101.74863097761,,rapidbus_kl,601
1000663,AJ353 TAMAN MELAWATI A (UTARA),3.2216203339928,101.74813730306,,rapidbus_kl,602
1006414,HENTIAN BANTING,2.811984,101.503445,,rapidbus_kl,603
1006367,LG115 PEJABAT PERTANIAN,2.817882,101.518711,,rapidbus_kl,604
1006369,LG116 JKR KUALA LANGAT,2.819277,101.521956,,rapidbus_kl,605
1006371,LG117 KAFA INTEGRASI,2.820608,101.525184,,rapidbus_kl,606
1006373,LG118 SMK BANTING (OPP),2.822258,101.529163,,rapidbus_kl,607
1006375,LG119 AIMPOINT PLAZA (OPP),2.824055,101.533376,,rapidbus_kl,608
1006377,LG120 SMK SG MANGGIS,2.825598,101.536892,,rapidbus_kl,609
1006379,LG121 SJKT MANGGIS,2.826731,101.540579,,rapidbus_kl,610
1006381,LG122 MAHKOTA INDUSTRIAL BANTING,2.830321,101.549008,,rapidbus_kl,611
1006383,LG124 KG SG MANGGIS,2.833871,101.554631,,rapidbus_kl,612
1006385,LG125 KG OLAK LEMPIT (BARAT),2.835663,101.560635,,rapidbus_kl,613
1006387,LG126 TAMAN DESA IDAMAN 2,2.837151,101.567174,,rapidbus_kl,614
1006388,"LG127 TAMAN DESA IDAMAN,KG OLAK LEMPIT",2.837348,101.573825,,rapidbus_kl,615
1006390,LG129 PERUMAHAN TAMAN MERBAH,2.836944,101.582561,,rapidbus_kl,616
1006392,LG130 SRA OLAK LEMPIT,2.836604,101.586811,,rapidbus_kl,617
1006394,LG131 KG OLAK LEMPIT (TIMUR),2.835566,101.595052,,rapidbus_kl,618
1006396,LG132 KOMPLEKS NIAGA,2.835158,101.597981,,rapidbus_kl,619
1006398,LG133 TAMAN NURI INDAH,2.833833,101.606184,,rapidbus_kl,620
1006400,PERUSAHAAN OLAK LEMPIT,2.826847,101.609873,,rapidbus_kl,621
1006402,KOLEJ MARA BANTING,2.812737,101.624357,,rapidbus_kl,622
1006404,LG145 GENTING SANYEN (OPP),2.802827,101.653231,,rapidbus_kl,623
1002838,TAMAN LANGAT MURNI,2.799123,101.657588,,rapidbus_kl,624
1006406,LG146 APARTMENT LANGAT UTAMA,2.796264,101.660854,,rapidbus_kl,625
1006408,MITSUI,2.778686,101.678057,,rapidbus_kl,626
1006409,KLIA 2,2.745307,101.684533,,rapidbus_kl,627
1008290,KOMPLEKS TABUNG HAJI,2.788397,101.678793,,rapidbus_kl,628
1006407,LG147 APARTMENT LANGAT UTAMA,2.798963,101.657267,,rapidbus_kl,629
1006405,LG148 GENTING SANYEN,2.802627,101.653074,,rapidbus_kl,630
1006403,TADOM HILL,2.812211,101.624274,,rapidbus_kl,631
1006399,LG9 TAMAN NURI INDAH,2.833607,101.605377,,rapidbus_kl,632
1006397,LG10 KOMPLEKS NIAGA,2.834976,101.598232,,rapidbus_kl,633
1006395,LG11 KG OLAK LEMPIT (TIMUR),2.835518,101.594453,,rapidbus_kl,634
1006393,LG12 SK OLAK LEMPIT,2.836452,101.586649,,rapidbus_kl,635
1006391,LG13 PERUMAHAN TAMAN MERBAH,2.836806,101.582108,,rapidbus_kl,636
1006413,LG14 TAMAN MERBAH RIMBA,2.836925,101.579386,,rapidbus_kl,637
1006389,"LG15 TAMAN DESA IDAMAN,KG OLAK LEMPIT",2.837193,101.574031,,rapidbus_kl,638
1006386,LG17 KG OLAK LEMPIT (BARAT),2.835499,101.560656,,rapidbus_kl,639
1006384,LG18 KG SG MANGGIS,2.833268,101.554115,,rapidbus_kl,640
1006382,LG19 MAHKOTA INDUSTRIAL (OPP),2.831658,101.551535,,rapidbus_kl,641
1006380,LG21 KOMPLEKS PENGHULU MANGGIS,2.826558,101.540526,,rapidbus_kl,642
1006378,LG22 SMK SG MANGGIS (OPP),2.825643,101.537589,,rapidbus_kl,643
1006376,LG23 AIMPOINT PLAZA,2.823871,101.533347,,rapidbus_kl,644
1006374,LG25 SMK BANTING,2.821658,101.528247,,rapidbus_kl,645
1006372,LG26 SMK TELOK DATOK,2.820041,101.524656,,rapidbus_kl,646
1006370,LG27 TAMAN SRI TELOK DATOK,2.818938,101.521836,,rapidbus_kl,647
1006368,LG28 PEJABAT PERTANIAN (OPP),2.817628,101.518756,,rapidbus_kl,648
1006476,HENTIAN SELAYANG MUTIARA,3.260901,101.673262,,rapidbus_kl,649
1006481,KG SELAYANG PERMAI,3.25942,101.666999,,rapidbus_kl,650
1006479,SPG JLN MUTIARA 6,3.256476,101.661784,,rapidbus_kl,651
1006477,SELAYANG SEGAR 2,3.255054,101.659263,,rapidbus_kl,652
1007618,SL286 STADIUM SELAYANG,3.255335,101.656733,,rapidbus_kl,653
1007614,SL266 SELAYANG 18 RESIDENCES,3.255311,101.654675,,rapidbus_kl,654
1002068,SL267 MPS,3.253696,101.652835,,rapidbus_kl,655
1000118,SL268 APT DAHLIA BLOK B,3.252464,101.650775,,rapidbus_kl,656
1000116,SL272 APT DAHLIA BLOK A,3.252717,101.647661,,rapidbus_kl,657
1002653,SL527 PUNCAK TEMPLER,3.256829,101.647681,,rapidbus_kl,658
1001471,SL528 KI PARK SELAYANG,3.259302,101.651664,,rapidbus_kl,659
1001851,SL278 MAJLIS PEPERIKSAAN MSIA,3.260836,101.652611,,rapidbus_kl,660
1007621,PEJABAT TANAH DAERAH GOMBAK,3.262729,101.653016,,rapidbus_kl,661
1003378,SL20 IPD GOMBAK (OPP),3.250183698747,101.64100340711,,rapidbus_kl,662
1002452,SL21 PANGSAPURI MERAK,3.246421,101.642195,,rapidbus_kl,663
1001078,SL22 TAMAN BIDARA (UTARA),3.243248,101.643574,,rapidbus_kl,664
1007620,SL515 SURAU FIRDAUS TAMAN BIDARA,3.241904,101.644135,,rapidbus_kl,665
1004048,SL91 TAMAN SELAYANG JAYA,3.239014,101.646772,,rapidbus_kl,666
1001179,SL510 TAMAN SELAYANG JAYA,3.236613,101.647045,,rapidbus_kl,667
1003158,SL511 SELAYANG MALL (OPP),3.236374,101.644596,,rapidbus_kl,668
1000931,SL24 HOSPITAL SELAYANG,3.241316,101.648081,,rapidbus_kl,669
1000505,SL25 IDEAL CONVENTION CENTRE,3.244937,101.653269,,rapidbus_kl,670
1003159,SL288 BULATAN BERINGIN SELAYANG,3.250878,101.657971,,rapidbus_kl,671
1003826,SL289 TAMAN SELAYANG SEGAR,3.251781,101.660001,,rapidbus_kl,672
1003516,SL290 TAMAN SELAYANG INDAH,3.249568,101.662934,,rapidbus_kl,673
1002097,SL37 SELAYANG BARU (BARAT),3.249922,101.664378,,rapidbus_kl,674
1002288,SL536 SELAYANG BARU (UTARA),3.250902,101.666458,,rapidbus_kl,675
1001317,SL43 PERUMAHAN SELAYANG BARU,3.250014,101.670495,,rapidbus_kl,676
1001336,SL44 BALAI POLIS SELAYANG BARU (OPP),3.248185,101.671422,,rapidbus_kl,677
1001636,SL83 KOMPLEKS SRI SIANTAN (OPP),3.2463647736084,101.67438233996,,rapidbus_kl,678
1001555,SL482 SMK TAMAN SELAYANG (OPP),3.2433294788351,101.67406081935,,rapidbus_kl,679
1003331,SL84 SMK SERI SELAYANG (OPP),3.2419046233919,101.67360488632,,rapidbus_kl,680
1001166,SL85 SK TAMAN SELAYANG (OPP),3.241390294951,101.67356789119,,rapidbus_kl,681
1002592,SL86 PETRONAS DATARAN SELAYANG,3.238351,101.673264,,rapidbus_kl,682
1001874,SL87 MASJID AL-AMANIAH,3.2360780145787,101.67393897808,,rapidbus_kl,683
1001892,SL88 KOMPLEKS AMANIAH,3.235404,101.675139,,rapidbus_kl,684
1001444,SL89 PADANG AWAM BATU CAVES,3.235693,101.677353,,rapidbus_kl,685
1004263,SL485 PLAZA UMNO BATU CAVES,3.236009,101.679157,,rapidbus_kl,686
1000479,SL465 KOMERSIAL SRI GOMBAK,3.236141,101.698475,,rapidbus_kl,687
1003973,SL212 HAB BAS GREENWOOD (OPP),3.234304,101.706215,,rapidbus_kl,688
1001052,SL213 JEJANTAS SPG 3,3.233993,101.709501,,rapidbus_kl,689
1008379,SL510 AYUMAN SUITES (OPP),3.234313,101.713826,,rapidbus_kl,690
1001638,SL106 SK SG PUSU (OPP),3.236011,101.714303,,rapidbus_kl,691
1003638,SL107 SK GOMBAK UTARA (OPP),3.238763,101.714013,,rapidbus_kl,692
1007512,SL498 KG SG PUSU (UTARA),3.241288,101.713754,,rapidbus_kl,693
1007513,SL499 KG SG CHINCIN (SELATAN),3.242534,101.713711,,rapidbus_kl,694
1001255,SL108 KG SG CHINCHIN,3.245066,101.715124,,rapidbus_kl,695
1003801,SL113 MASJID SG CHINCHIN,3.2450934959555,101.71631757995,,rapidbus_kl,696
1001457,SL114 KG SG CHINCIN (TIMUR),3.243951,101.720037,,rapidbus_kl,697
1003118,SL146 SK INTEGRASI GOMBAK,3.2451216968165,101.72282634143,,rapidbus_kl,698
1001696,SL147 KUARTERS INSTITUT PENDIDIKAN,3.245128,101.724581,,rapidbus_kl,699
1003361,SL148 INTERNATIONAL ISLAMIC SCHOOL,3.2469294895777,101.72816557199,,rapidbus_kl,700
1008656,PINTU UTAMA UIA,3.248593,101.732684,,rapidbus_kl,701
1001321,KL153 FLAT TAMAN MELATI A9,3.226889,101.725241,,rapidbus_kl,702
1001801,SL311 LRT GOMBAK,3.231094,101.724291,,rapidbus_kl,703
1001322,KL198 FLAT TAMAN MELATI E6,3.227109,101.725318,,rapidbus_kl,704
1003362,SL163 KOLEJ VOKASIONAL GOMBAK,3.246681237351,101.72831266652,,rapidbus_kl,705
1001697,SL164 KUARTERS GURU BATU 8,3.244887,101.725061,,rapidbus_kl,706
1003117,SL165 SBP INTEGRASI GOMBAK,3.2442038128716,101.72203012305,,rapidbus_kl,707
1003164,SL166 KG SG CHINCIN (TIMUR),3.243757,101.720204,,rapidbus_kl,708
1002869,SL167 MASJID SG CHINCHIN (OPP),3.244645495729,101.71670083534,,rapidbus_kl,709
1001256,SL168 KG SG CHINCHIN,3.244675,101.714887,,rapidbus_kl,710
1001456,SL169 KG SG CHINCHIN (UTARA),3.242955,101.713955,,rapidbus_kl,711
1000265,SL500 KG GOMBAK UTARA,3.241485,101.714034,,rapidbus_kl,712
1003639,SL170 SK GOMBAK UTARA,3.2394194168769,101.71426129667,,rapidbus_kl,713
1003654,SL171 SK SG PUSU,3.237334,101.714453,,rapidbus_kl,714
1001949,SL172 AYUMAN SUITES,3.234067467189,101.71410370288,,rapidbus_kl,715
1001051,SL214 JEJANTAS SPG 3,3.233572,101.709758,,rapidbus_kl,716
1003974,SL215 HAB BAS GREENWOOD,3.234012,101.706193,,rapidbus_kl,717
1008342,SL234 HENTIAN GREENWOOD,3.234798,101.704505,,rapidbus_kl,718
1006472,BANJARIA COURT,3.235857,101.698832,,rapidbus_kl,719
1006473,GIANT BATU CAVES,3.235583,101.692558,,rapidbus_kl,720
1001708,SL494 PLAZA UMNO BATU CAVES,3.235775,101.679588,,rapidbus_kl,721
1001445,SL28 PADANG AWAM BATU CAVES (OPP),3.235465,101.677474,,rapidbus_kl,722
1001728,SL29 KOMPLEKS AMANIAH (OPP),3.235101,101.675116,,rapidbus_kl,723
1002356,SL30 KOMERSIAL TAMAN SELAYANG,3.2359674149813,101.67359839481,,rapidbus_kl,724
1007547,SL483 DATARAN SELAYANG (OPP),3.23787,101.67325,,rapidbus_kl,725
1003330,SL31 SK TMN SELAYANG,3.241483,101.673317,,rapidbus_kl,726
1008344,SL443 SMK SERI SELAYANG,3.241907,101.673347,,rapidbus_kl,727
1001167,SL32 SMK TAMAN SELAYANG,3.24367,101.673877,,rapidbus_kl,728
1001635,SL33 KOMPLEKS SRI SIANTAN,3.2462734187942,101.67408086665,,rapidbus_kl,729
1000198,SL45 BALAI POLIS SELAYANG BARU,3.248103,101.671316,,rapidbus_kl,730
1002098,SL46 PERUMAHAN SELAYANG BARU,3.251207,101.669677,,rapidbus_kl,731
1000007,SL51 SELAYANG BARU (UTARA),3.250971,101.666894,,rapidbus_kl,732
1003138,SL52 SELAYANG BARU (BARAT),3.249764,101.664336,,rapidbus_kl,733
1007619,SL291 TAMAN SELAYANG INDAH,3.249575,101.662586,,rapidbus_kl,734
1001067,SL292 TAMAN SELAYANG SEGAR,3.251495,101.659824,,rapidbus_kl,735
1003160,SL293 BULATAN BERINGIN,3.250406,101.658164,,rapidbus_kl,736
1001842,SL26 MAGNA VILLE CONDOMINIUM,3.243914,101.652866,,rapidbus_kl,737
1002194,SL27 KOMPLEKS SELAYANG CAPITOL,3.240852,101.647885,,rapidbus_kl,738
1003157,SL100 SELAYANG MALL,3.236597,101.644088,,rapidbus_kl,739
1007613,SL513 TAMAN SELAYANG JAYA,3.236372,101.645195,,rapidbus_kl,740
1001178,SL514 TAMAN SELAYANG JAYA (BARAT),3.236617,101.646895,,rapidbus_kl,741
1004047,SL99 TAMAN SELAYANG JAYA (UTARA),3.238926,101.646561,,rapidbus_kl,742
1003245,SL516 SHELL TAMAN BIDARA,3.241402,101.644149,,rapidbus_kl,743
1003434,SL17 TAMAN BIDARA (UTARA),3.243532,101.643183,,rapidbus_kl,744
1000684,SL18 PANGSAPURI MERAK,3.246566,101.641694,,rapidbus_kl,745
1001012,SL19 IPD GOMBAK,3.251437,101.641266,,rapidbus_kl,746
1001852,SL281 MAJLIS PEPERIKSAAN MSIA,3.260809,101.652854,,rapidbus_kl,747
1001472,SL525 KI PARK SELAYANG,3.259155,101.651905,,rapidbus_kl,748
1002654,SL526 PUNCAK TEMPLER,3.256881,101.647885,,rapidbus_kl,749
1000117,SL273 APT DAHLIA BLOK A,3.252912082885,101.64790709688,,rapidbus_kl,750
1000119,SL276 APT DAHLIA BLOK B,3.252443,101.650597,,rapidbus_kl,751
1002067,SL277 MPS,3.253944,101.652798,,rapidbus_kl,752
1003162,SL282 SELAYANG 18 RESIDENCES (OPP),3.255524,101.654888,,rapidbus_kl,753
1000959,SL283 DATARAN BANDAR BARU SELAYANG,3.255694,101.657104,,rapidbus_kl,754
1006475,SELAYANG SEGAR 1,3.255075,101.658964,,rapidbus_kl,755
1006478,SPG JLN MUTIARA 5/7,3.256725,101.662055,,rapidbus_kl,756
1006480,KG SELAYANG MUTIARA 4,3.259349,101.666583,,rapidbus_kl,757
1007137,KL1174 MRT SEMANTAN PINTU B,3.151704,101.665622,,rapidbus_kl,758
1009142,HONG LEONG PBD,3.146016,101.660931,,rapidbus_kl,759
1000966,AJ52 HUB SRI NILAM,3.1398527383616,101.7693091532,,rapidbus_kl,760
1008403,PERUMAHAN JLN WAWASAN 3/2,3.143354,101.769523,,rapidbus_kl,761
1006874,KOMERSIAL BANDAR BARU AMPANG,3.144269,101.768303,,rapidbus_kl,762
1006875,AMPANG PRIMA,3.145074,101.766307,,rapidbus_kl,763
1003422,AJ48 SPECTRUM MALL (OPP),3.145375,101.765176,,rapidbus_kl,764
1006876,AJ103 DEWAN KOMUNITI AMPANG,3.14467,101.763237,,rapidbus_kl,765
1006877,PLAZA AMPANG JAYA,3.14391,101.762358,,rapidbus_kl,766
1006878,MEWAH COURT,3.142431,101.761617,,rapidbus_kl,767
1006879,METRO VILLA (OPP),3.140876,101.760722,,rapidbus_kl,768
1006880,AJ198 LRT CAHAYA,3.14022,101.758112,,rapidbus_kl,769
1006881,SPG JLN CAHAYA 3,3.142144,101.755633,,rapidbus_kl,770
1006882,APARTMENT TAMAN NIRWANA (OPP),3.143996,101.755369,,rapidbus_kl,771
1001527,AJ440 GALAXY AMPANG,3.146583,101.756626,,rapidbus_kl,772
1006883,IPD AMPANG JAYA,3.148641,101.756975,,rapidbus_kl,773
1001783,AJ31 LRT AMPANG (OPP),3.151348,101.760686,,rapidbus_kl,774
1000602,AJ32 GIATMARA AMPANG JAYA,3.148583,101.764107,,rapidbus_kl,775
1000088,AJ61 AMPANG WATERFRONT (BARAT),3.147362,101.766674,,rapidbus_kl,776
1003505,AJ435 AMPANG WATERFRONT (TIMUR),3.146458,101.768487,,rapidbus_kl,777
1006885,PERUMAHAN JLN WAWASAN 1/2,3.143673,101.769793,,rapidbus_kl,778
1008070,AJ309 AMPANG WATERFRONT 2,3.144168,101.771472,,rapidbus_kl,779
1008071,AJ62 AMPANG WATERFRONT 2 (TIMUR),3.143442,101.773506,,rapidbus_kl,780
1003580,AJ310 TAMAN SRI AMPANG,3.143422,101.774898,,rapidbus_kl,781
1001284,AJ431 KOMERSIAL AMPANG,3.143416,101.778513,,rapidbus_kl,782
1006886,AJ128 AEON BIG AMPANG (OPP),3.140652,101.780257,,rapidbus_kl,783
1006887,RENJANA AMPANG (OPP),3.136576,101.780065,,rapidbus_kl,784
1006888,TAMAN DAGANG JAYA,3.133527,101.779228,,rapidbus_kl,785
1006889,KG TASIK PERMAI,3.130534,101.778774,,rapidbus_kl,786
1008072,SPG KG TASIK PERMAI,3.128767,101.778593,,rapidbus_kl,787
1003577,SPG TAMAN SRI BAYU,3.1256705025844,101.77714059886,,rapidbus_kl,788
1002292,PASAR TASEK TAMBAHAN,3.1227395720654,101.77480384563,,rapidbus_kl,789
1004109,TAMAN TASIK TAMBAHAN,3.121595,101.771667,,rapidbus_kl,790
1001577,AJ153 TAMAN PUTRA AMPANG BARAT,3.120654,101.766083,,rapidbus_kl,791
1002688,AJ428 PARAGON POINT (UTARA),3.120681,101.762941,,rapidbus_kl,792
1003220,AJ155 SMK PANDAN MEWAH,3.125219,101.762831,,rapidbus_kl,793
1008069,AJ156 HOSPITAL AMPANG,3.12755,101.762898,,rapidbus_kl,794
1001647,AJ337 APARTMENT PANDAN MEWAH,3.129739,101.762947,,rapidbus_kl,795
1000682,AJ430 FLAT BAYU MURNI (OPP),3.133726,101.765691,,rapidbus_kl,796
1000080,AJ424 KG AMPANG CAMPURAN,3.13435,101.7674,,rapidbus_kl,797
1006893,AJ322 SMK BANDAR BARU AMPANG,3.137365,101.769085,,rapidbus_kl,798
1006906,SK TAMAN BUKIT TERATAI,3.110047,101.764171,,rapidbus_kl,799
1006907,99 SPEEDMART BUKIT TERATAI,3.112181,101.765284,,rapidbus_kl,800
1002909,TAMAN BUKIT TERATAI,3.115084,101.764094,,rapidbus_kl,801
1003148,AJ254 TAMAN SERAYA (TIMUR),3.115468,101.763206,,rapidbus_kl,802
1000362,AJ255 TAMAN SERAYA (BARAT),3.114939,101.761604,,rapidbus_kl,803
1006905,DEWAN KOMUNITI TAMAN MUDA (OPP),3.116488,101.759597,,rapidbus_kl,804
1006903,PASAR TAMAN MUDA (OPP),3.119149,101.759349,,rapidbus_kl,805
1002045,AJ266 TAMAN MUDA (BARAT),3.119653,101.758107,,rapidbus_kl,806
1003925,AJ267 THE RESIDENT AMPANG SOUTH,3.1194839634373,101.75312412437,,rapidbus_kl,807
1006901,AJ168 TAMAN KENCANA (UTARA),3.120468,101.75124,,rapidbus_kl,808
1003350,AJ169 SMK PANDAN INDAH (OPP),3.122488,101.751166,,rapidbus_kl,809
1006899,AJ239 SK PANDAN INDAH,3.125026,101.751489,,rapidbus_kl,810
1006897,FLAT LEMBAH MAJU,3.125075,101.754399,,rapidbus_kl,811
1002721,AJ240 FLAT LEMBAH MAJU,3.125331,101.755151,,rapidbus_kl,812
1002968,AJ429 PANDAN INDAH,3.1278830000746,101.7564762555,,rapidbus_kl,813
1002238,AJ161 MENARA MPAJ,3.128996,101.753841,,rapidbus_kl,814
1006895,AJ228 MIDPOINT COMPLEX,3.131597,101.752703,,rapidbus_kl,815
1006908,APARTMENT DAHLIA (OPP),3.133901,101.751447,,rapidbus_kl,816
1006909,APARTMENT TULIP,3.1364,101.752944,,rapidbus_kl,817
1001793,AJ219 LRT CEMPAKA,3.1383158732406,101.75308018712,,rapidbus_kl,818
1003522,AJ225 PANGSAPURI DAHLIA,3.136262,101.752881,,rapidbus_kl,819
1000704,AJ226 PANGSAPURI DAHLIA,3.1342033330273,101.75151040436,,rapidbus_kl,820
1006894,AJ227 MIDPOINT COMPLEX (OPP),3.132262,101.752843,,rapidbus_kl,821
1001962,AJ172 MENARA MAXISEGAR,3.129223,101.753449,,rapidbus_kl,822
1002821,AJ173 RHB PANDAN INDAH,3.129258,101.754982,,rapidbus_kl,823
1003823,AJ233 PANDAN INDAH,3.127818,101.756666,,rapidbus_kl,824
1002722,AJ234 TAMAN LEMBAH MAJU (UTARA),3.126011,101.755607,,rapidbus_kl,825
1006896,AJ235 FLAT LEMBAH MAJU,3.125232,101.755296,,rapidbus_kl,826
1006898,SK PANDAN INDAH (OPP),3.124937,101.751655,,rapidbus_kl,827
1003351,AJ165 SMK PANDAN INDAH,3.122964,101.751258,,rapidbus_kl,828
1006900,AJ333 FLAT PANDAN INDAH,3.121507,101.751328,,rapidbus_kl,829
1003924,AJ229 THE RESIDENT AMPANG SOUTH,3.119724,101.752015,,rapidbus_kl,830
1002044,AJ230 TAMAN MUDA (BARAT),3.119856,101.756687,,rapidbus_kl,831
1006902,PASAR TAMAN MUDA,3.119108,101.759486,,rapidbus_kl,832
1006904,DEWAN TAMAN MUDA,3.116562,101.759721,,rapidbus_kl,833
1001319,AJ427 TAMAN SERAYA (BARAT),3.114987,101.761285,,rapidbus_kl,834
1003211,AJ334 TAMAN SERAYA (TIMUR),3.115575,101.762988,,rapidbus_kl,835
1003012,AJ250 TAMAN BUKIT TERATAI,3.115151,101.764188,,rapidbus_kl,836
1006910,99 SPEEDMART BUKIT TERATAI (OPP),3.111969,101.765629,,rapidbus_kl,837
1003343,KOMERSIAL BUKIT MAHKOTA,2.870537,101.813438,,rapidbus_kl,838
1008190,BUKIT MAHKOTA CLUBHOUSE SEKSYEN 6,2.873758,101.808645,,rapidbus_kl,839
1008191,PINTU A PERUMAHAN BUKIT MAHKOTA (OPP),2.877296,101.808991,,rapidbus_kl,840
1006960,APARTMENT NURI (OPP),2.88132,101.807285,,rapidbus_kl,841
1006958,SEKSYEN 3 BANDAR BUKIT MAHKOTA,2.882819,101.801169,,rapidbus_kl,842
1006956,BANYAN CLOSE,2.883335,101.794186,,rapidbus_kl,843
1006964,PUSAT KOMERSIAL BANDAR SRI PUTRA,2.88633,101.791166,,rapidbus_kl,844
1006954,MASJID BANDAR SERI PUTRA,2.887669,101.787822,,rapidbus_kl,845
1006949,SMK BANDAR SERI PUTRA (OPP),2.886316,101.78515,,rapidbus_kl,846
1006947,PANGSAPURI SERI MELATI (OPP),2.88767,101.779064,,rapidbus_kl,847
1006965,PANGSAPURI ACACIA (OPP),2.889175,101.777885,,rapidbus_kl,848
1006945,SK BANDAR SERI PUTRA (OPP),2.889084,101.775924,,rapidbus_kl,849
1006943,APARTMENT CAMELLIA,2.893537,101.773046,,rapidbus_kl,850
1006941,TAMAN BANGI VILLA (OPP),2.898844,101.778912,,rapidbus_kl,851
1006939,DEWAN BANGI,2.901213,101.781081,,rapidbus_kl,852
1008058,DEWAN PEKAN BANGI,2.901426,101.780777,,rapidbus_kl,853
1008059,SK BANGI,2.904556,101.784278,,rapidbus_kl,854
1006935,KTM BANGI,2.90316,101.785349,,rapidbus_kl,855
1006936,PASAR BANGI LAMA,2.900647,101.782894,,rapidbus_kl,856
1006938,DEWAN BANGI (OPP),2.901202,101.781252,,rapidbus_kl,857
1006940,TAMAN BANGI VILLA,2.898779,101.779041,,rapidbus_kl,858
1006942,TAMAN IMPIAN PUTRA,2.894693,101.774376,,rapidbus_kl,859
1006944,SK BANDAR SERI PUTRA,2.889108,101.775718,,rapidbus_kl,860
1006946,PANGSAPURI ACACIA,2.889262,101.777987,,rapidbus_kl,861
1006950,PUSAT PERNIAGAAN SRI PUTRA,2.8871907,101.779635,,rapidbus_kl,862
1006948,SMK BANDAR SERI PUTRA,2.886552,101.784861,,rapidbus_kl,863
1006953,MASJID BANDAR SERI PUTRA (OPP),2.887891,101.78768,,rapidbus_kl,864
1006951,PUSAT KOMERSIAL BANDAR SRI PUTRA,2.886509,101.791356,,rapidbus_kl,865
1006955,BANYAN CLOSE,2.883463,101.794747,,rapidbus_kl,866
1006957,SEKSYEN 3 BANDAR BUKIT MAHKOTA,2.883064,101.801179,,rapidbus_kl,867
1006959,APARTMENT NURI,2.881568,101.807391,,rapidbus_kl,868
1006961,SEKSYEN 5 BANDAR BUKIT MAHKOTA,2.873597,101.814896,,rapidbus_kl,869
1007176,MRT BTHO,3.04907,101.774434,,rapidbus_kl,870
1003179,APARTMENT NETIZEN,3.049629,101.772007,,rapidbus_kl,871
1002469,PETRONAS CHERAS PERDANA (OPP),3.047857,101.768725,,rapidbus_kl,872
1002213,TAMAN CHERAS PERDANA FASA 2,3.0462601967292,101.76797590543,,rapidbus_kl,873
1006997,SMK CHERAS PERDANA (OPP),3.043947,101.766412,,rapidbus_kl,874
1006998,TAMAN CHERAS PERDANA FASA 3,3.041742,101.765086,,rapidbus_kl,875
1006755,TAMAN CHERAS PERDANA FASA 7,3.037232,101.762309,,rapidbus_kl,876
1006754,KJ334 AEON CHERAS SELATAN,3.033446,101.762818,,rapidbus_kl,877
1000184,PUSAT KOMERSIAL C180,3.034846,101.766009,,rapidbus_kl,878
1006999,PANGSAPURI SUAKASIH,3.03778,101.758212,,rapidbus_kl,879
1008000,PERUMAHAN SUADAMAI,3.04998,101.754825,,rapidbus_kl,880
1008001,SK BTHO 2,3.052803,101.754999,,rapidbus_kl,881
1008002,SMK BTHO 2,3.054078,101.755786,,rapidbus_kl,882
1008004,PETRONAS BTHO 2,3.054724,101.757973,,rapidbus_kl,883
1006757,APARTMENT MINANG RIA,3.056474,101.757437,,rapidbus_kl,884
1008005,PANGSAPURI SERI MURNI,3.060348,101.757403,,rapidbus_kl,885
1008006,SRA TAMAN TUN PERAK (OPP),3.062087,101.758338,,rapidbus_kl,886
1008007,PANGSAPURI WIRA,3.063197,101.758677,,rapidbus_kl,887
1002241,AJ276 PANDAN HEIGHT,3.112722443449,101.73863347999,,rapidbus_kl,888
1002245,AJ277 PANDAN VISTA,3.115183,101.73894,,rapidbus_kl,889
1002242,AJ278 PANDAN PERDANA DELUXE,3.116378,101.73961,,rapidbus_kl,890
1002410,AJ470 PERDANA VILLA,3.118058,101.740585,,rapidbus_kl,891
1002247,AJ279 PANDAN PERDANA (BARAT),3.119833,101.741585,,rapidbus_kl,892
1008085,PLAZA PANDAN,3.119839,101.742327,,rapidbus_kl,893
1003125,AJ273 SK PANDAN PERDANA,3.115781,101.741784,,rapidbus_kl,894
1008086,STADIUM MPAJ,3.114366,101.741958,,rapidbus_kl,895
1008087,AJ274 KOMERSIAL PANDAN PERDANA,3.113278,101.744602,,rapidbus_kl,896
1003057,AJ331 TAMAN KENCANA (BARAT),3.119608,101.748577,,rapidbus_kl,897
1003990,AJ332 TAMAN KENCANA (TIMUR),3.11964,101.750297,,rapidbus_kl,898
1003825,AJ236 TAMAN LEMBAH MAJU,3.123595,101.755247,,rapidbus_kl,899
1003326,AJ237 SK TAMAN MUDA,3.1205083504751,101.75542940854,,rapidbus_kl,900
1001177,AJ231 TAMAN MUDA (TIMUR),3.1199889635163,101.75914666354,,rapidbus_kl,901
1001755,AJ242 KOMERSIAL TAMAN MUDA,3.121373,101.760082,,rapidbus_kl,902
1001651,AJ157 PANDAN MEWAH HEIGHTS,3.130923,101.762139,,rapidbus_kl,903
1000992,AJ158 FLAT 610,3.130479,101.760369,,rapidbus_kl,904
1003749,AJ159 SURAU MADRASATUL SOFWA,3.1298841668666,101.75896061054,,rapidbus_kl,905
1000610,AJ160 APARTMENT BUNGA RAYA,3.1292473326086,101.7572669952,,rapidbus_kl,906
1000728,AJ179 APARTMENT MERPATI,3.133868,101.75633771805,,rapidbus_kl,907
1000354,AJ223 APARTMENT MERPATI,3.134151,101.757526,,rapidbus_kl,908
1000134,AJ423 APARTMENT NURI COURT,3.135695,101.756302,,rapidbus_kl,909
1000129,AJ224 APARTMENT KENARI COURT,3.136451,101.754541,,rapidbus_kl,910
1008088,KOMERSIAL PANDAN INDAH,3.133105,101.751201,,rapidbus_kl,911
1001334,AJ269 TAMAN MAJU JAYA,3.1304479736276,101.74298020593,,rapidbus_kl,912
1002794,AJ270 CHERAS INDAH NIGHT MARKET,3.128708,101.742922,,rapidbus_kl,913
1003776,AJ271 TAMAN CHERAS INDAH,3.124393,101.742457,,rapidbus_kl,914
1000009,AJ272 PANDAN PERDANA (TIMUR),3.12019,101.743645,,rapidbus_kl,915
1003537,AJ275 PANDAN PERDANA (SELATAN),3.1142465789033,101.74105738188,,rapidbus_kl,916
1009040,KJ884 KOMERSIAL SEKSYEN 4,2.964498,101.781744,,rapidbus_kl,917
1009042,KJ885 SMK JALAN EMPAT,2.961828,101.781703,,rapidbus_kl,918
1009054,JALAN 4/5D,2.960752,101.778165,,rapidbus_kl,919
1009052,SURAU AL-KAUTHAR,2.957815,101.779375,,rapidbus_kl,920
1009050,PANGSAPURI ANGGUN (OPP),2.955564,101.779835,,rapidbus_kl,921
1009055,SURAU JUBLI PERAK AL-IKHWAN (OPP),2.953705,101.779201,,rapidbus_kl,922
1009044,KJ926 SK JALAN EMPAT (OPP),2.951478,101.779993,,rapidbus_kl,923
1009031,PERUMAHAN SEKSYEN 3,2.949072,101.781076,,rapidbus_kl,924
1009034,BANGI PERDANA SEKSYEN 3,2.944911,101.780992,,rapidbus_kl,925
1009036,SURAU ABDUL RAHMAN  SEKSYEN 3,2.941271,101.781455,,rapidbus_kl,926
1009038,PANGSAPURI DAMAI RESIDENCE,2.938449,101.780542,,rapidbus_kl,927
1008154,KJ513 BANDAR BARU BANGI SEKSYEN 2 (SELATAN),2.939188,101.768608,,rapidbus_kl,928
1006190,KJ514 PANGSAPURI SRI CEMPAKA,2.941284,101.767344,,rapidbus_kl,929
1006191,KJ515 PETRONAS SEKSYEN 16,2.944432,101.765292,,rapidbus_kl,930
1006198,KJ525 KOMPLEKS PENTADBIRAN HULU LANGAT,2.956146,101.757689,,rapidbus_kl,931
1006086,MAHKAMAH SYARIAH BANGI,2.95919,101.75429,,rapidbus_kl,932
1006087,PETRONAS SEKSYEN 9 BANGI,2.96132,101.75156,,rapidbus_kl,933
1006089,KJ429 KOMERSIAL SEKSYEN 8 BANDAR BARU BANGI,2.962555,101.757129,,rapidbus_kl,934
1006090,SEKSYEN 6 PUNCAK BANGI,2.96204,101.761169,,rapidbus_kl,935
1006091,KJ516 BANDAR BARU BANGI SEKSYEN 2 (UTARA),2.944499,101.765586,,rapidbus_kl,936
1008153,KJ519 PANGSAPURI SRI CEMPAKA,2.941203,101.767719,,rapidbus_kl,937
1006062,KJ520 BANDAR BARU BANGI SEKSYEN 2 (SELATAN),2.938104,101.769635,,rapidbus_kl,938
1009039,BANGI MUNAWWARAH,2.938383,101.780255,,rapidbus_kl,939
1009037,SURAU ABDUL RAHMAN SEKSYEN 3 (OPP),2.941554,101.781346,,rapidbus_kl,940
1009035,BANGI PERDANA SEKSYEN 3,2.944562,101.780898,,rapidbus_kl,941
1009033,SURAU BANGI PERDANA,2.947434,101.780886,,rapidbus_kl,942
1009032,PERUMAHAN SEKSYEN 3,2.948703,101.780948,,rapidbus_kl,943
1009045,KJ918 SK JALAN EMPAT,2.951387,101.779617,,rapidbus_kl,944
1009048,KJ920 SURAU JUBLI PERAK AL-IKHWAN,2.953822,101.779138,,rapidbus_kl,945
1009049,KJ921 PANGSAPURI ANGGUN,2.955532,101.779691,,rapidbus_kl,946
1009051,KJ922 PETRONAS UNIKEB 2,2.957885,101.779211,,rapidbus_kl,947
1009053,KJ923 JALAN 4/3,2.960731,101.778052,,rapidbus_kl,948
1009043,KJ930 SMK JALAN EMPAT (OPP),2.961778,101.781593,,rapidbus_kl,949
1009041,KJ931 KOMERSIAL SEKSYEN 4,2.964379,101.781638,,rapidbus_kl,950
1006966,LOTUS RAWANG,3.302417,101.596916,,rapidbus_kl,951
1006967,SL351 KG BT16 RAWANG (TIMUR),3.304136,101.595285,,rapidbus_kl,952
1006969,DEWAN TAMAN KANCHING,3.303357,101.59175,,rapidbus_kl,953
1006971,SAM RAWANG (OPP),3.302364,101.591669,,rapidbus_kl,954
1006973,TAMAN MAWAR,3.29979,101.590504,,rapidbus_kl,955
1006974,PANGSAPURI TAMAN TUN TEJA (OPP),3.297112,101.592762,,rapidbus_kl,956
1006976,MASJID TAMAN TUN TEJA,3.295099,101.591795,,rapidbus_kl,957
1006975,SL439 PANGSAPURI TAMAN TUN TEJA,3.297165,101.592588,,rapidbus_kl,958
1006972,SL440 TAMAN MAWAR,3.299724,101.590343,,rapidbus_kl,959
1006970,SAM RAWANG,3.30249,101.591562,,rapidbus_kl,960
1006977,SK TUN TEJA (OPP),3.303047,101.5897,,rapidbus_kl,961
1006979,TAMAN MUHIBBAH,3.303312,101.587035,,rapidbus_kl,962
1006982,PANGSAPURI BERINGN (OPP),3.30203,101.582813,,rapidbus_kl,963
1006983,SURAU AL-RADHIYAH (OPP),3.301714,101.58152,,rapidbus_kl,964
1006985,TAMAN BERSATU,3.305181,101.580505,,rapidbus_kl,965
1006987,TAMAN BERSATU FASA 4,3.307201,101.582609,,rapidbus_kl,966
1001115,MEDAN SELERA RAWANG PERDANA (OPP),3.312536,101.585452,,rapidbus_kl,967
1001825,KLINIK KESIHATAN RAWANG PERDANA,3.314829,101.596037,,rapidbus_kl,968
1008404,RAWANG PERDANA 10,3.325326,101.590541,,rapidbus_kl,969
1008406,SL455 TAMAN BUKIT RAWANG JAYA,3.333579,101.587806,,rapidbus_kl,970
1008408,SL458 BUKIT RAWANG JAYA,3.336924,101.587284,,rapidbus_kl,971
1008411,SL459 FLAT BUKIT RAWANG JAYA (OPP),3.337127,101.585367,,rapidbus_kl,972
1008413,SL460 SK BUKIT RAWANG JAYA (OPP),3.334956,101.582335,,rapidbus_kl,973
1008414,SL361 RAWANG MUTIARA BUSINESS CENTRE,3.328308,101.580438,,rapidbus_kl,974
1008416,SL362 BANDAR BARU RAWANG,3.323878,101.576842,,rapidbus_kl,975
1006996,SL365 TERMINAL BAS RAWANG,3.318382,101.578148,,rapidbus_kl,976
1008415,SL360 RAWANG MUTIARA BUSINESS CENTRE,3.328476,101.580159,,rapidbus_kl,977
1008412,SL451 SK BUKIT RAWANG JAYA,3.335183,101.582309,,rapidbus_kl,978
1008410,SL452 FLAT BUKIT RAWANG JAYA,3.337331,101.585126,,rapidbus_kl,979
1008409,SL453 BUKIT RAWANG JAYA,3.337111,101.587337,,rapidbus_kl,980
1008407,SL454 TAMAN BUKIT RAWANG JAYA,3.332966,101.588352,,rapidbus_kl,981
1008405,RAWANG PERDANA 11,3.325448,101.590685,,rapidbus_kl,982
1001118,SL449 KLINIK KESIHATAN RAWANG (OPP),3.314769,101.596208,,rapidbus_kl,983
1001117,MEDAN SELERA RAWANG PERDANA,3.312261,101.585486,,rapidbus_kl,984
1006990,SL367 SRJKC SAN YUK RAWANG,3.310477,101.582914,,rapidbus_kl,985
1006988,TAMAN BERSATU FASA 4,3.307348,101.582972,,rapidbus_kl,986
1006986,TAMAN BERSATU,3.305284,101.580808,,rapidbus_kl,987
1006984,SURAU AL-RADHIYAH,3.301884,101.581372,,rapidbus_kl,988
1006981,PANGSAPURI BERINGIN,3.302282,101.582953,,rapidbus_kl,989
1006980,TAMAN MUHIBBAH,3.303433,101.587324,,rapidbus_kl,990
1006978,SL445 SK TUN TEJA,3.303294,101.589414,,rapidbus_kl,991
1006968,SL372 KG BT16 RAWANG,3.304371,101.595317,,rapidbus_kl,992
1007013,SL558 MASJID SG BULOH,3.219001,101.596911,,rapidbus_kl,993
1007012,(M) SL559 UITM SG BULOH (OPP),3.219405,101.593238,,rapidbus_kl,994
1007010,SL560 KOLEJ SAINS KESIHATAN,3.221164,101.587473,,rapidbus_kl,995
1007008,SL561 HOSPITAL SG BULOH UTAMA,3.220688,101.583769,,rapidbus_kl,996
1007006,SL562 HOSPITAL SG BULOH PINTU C,3.21782,101.581653,,rapidbus_kl,997
1007004,SL563 SMK SIERRAMAS,3.214533,101.578955,,rapidbus_kl,998
1007002,SL564 STELLARS GROCER (OPP),3.211384,101.577404,,rapidbus_kl,999
1007000,SA995 MRT SG BULOH,3.206685,101.580838,,rapidbus_kl,1000
1007001,SL552 STELLARS GROCER,3.211823,101.577405,,rapidbus_kl,1001
1007018,SL565 SK SG BULOH (OPP),3.214882,101.577572,,rapidbus_kl,1002
1007019,SL566 KG MELAYU BT 13,3.217213,101.57548,,rapidbus_kl,1003
1007020,SL567 KG MELAYU BT 13,3.219551,101.573378,,rapidbus_kl,1004
1007021,SL568 KG MELAYU BT 13,3.221636,101.571512,,rapidbus_kl,1005
1007022,SL569 KG MELAYU BT 13,3.224005,101.569396,,rapidbus_kl,1006
1007023,SL570 DATARAN VILLA PUTRA,3.226471,101.567315,,rapidbus_kl,1007
1007024,SL571 PERINDUSTRIAN BRP 8/YAMAHA,3.229368,101.565277,,rapidbus_kl,1008
1007025,SL572 PERUMAHAN BRP 7,3.229163,101.558528,,rapidbus_kl,1009
1007556,SK BUKIT RAHMAN PUTRA,3.228004,101.552355,,rapidbus_kl,1010
1007558,PINGGIRAN RAHMAN PUTRA,3.232163,101.547729,,rapidbus_kl,1011
1007560,TAMAN MASGENUINE,3.235197,101.542681,,rapidbus_kl,1012
1007563,SL332 SURAU KG SETIA KUANG,3.240179,101.535205,,rapidbus_kl,1013
1007564,SL333 TAMAN TASIK BIRU,3.248346,101.529429,,rapidbus_kl,1014
1007567,SL334 KG MELAYU KUNDANG,3.253873,101.525621,,rapidbus_kl,1015
1007568,SL335 DEWAN KG MELAYU KUNDANG,3.255324,101.525148,,rapidbus_kl,1016
1007570,SL320 SK SERI KUNDANG,3.257792,101.521001,,rapidbus_kl,1017
1007572,SL321 TAMAN RAHMAT JAYA KUNDANG,3.261615,101.519144,,rapidbus_kl,1018
1007574,SL322 KUNDANG LAKES COUNTRY CLUB,3.263061,101.517741,,rapidbus_kl,1019
1007576,SURAU KG BARU KUNDANG,3.273021,101.514333,,rapidbus_kl,1020
1007577,PASAR KG BARU KUNDANG,3.279485,101.514363,,rapidbus_kl,1021
1007579,BANDAR TASIK PUTERI 2,3.292002,101.497113,,rapidbus_kl,1022
1007581,SL305 BANDAR TASIK PUTERI,3.285734,101.477179,,rapidbus_kl,1023
1007583,SL140 SK TASIK PUTERI 2,3.281142,101.474555,,rapidbus_kl,1024
1007586,SMK BANDAR TASIK PUTERI,3.286627,101.472814,,rapidbus_kl,1025
1007588,PINEWOOD COURT (OPP),3.286554,101.469121,,rapidbus_kl,1026
1007590,PANGSAPURI AZALEA (OPP),3.292071,101.471757,,rapidbus_kl,1027
1007592,SIMPANG TASIK PUTERI,3.304976,101.472788,,rapidbus_kl,1028
1007593,SL133 SPG OC 8/9 BATU ARANG,3.309494,101.473225,,rapidbus_kl,1029
1007595,SL149 PEJABAT TM BATU ARANG,3.312266,101.473134,,rapidbus_kl,1030
1007596,SMK TUANKU ABDUL RAHMAN,3.318176,101.472706,,rapidbus_kl,1031
1007616,SK BATU ARANG,3.320912,101.471247,,rapidbus_kl,1032
1007617,SMK TUANKU ABDUL RAHMAN (OPP),3.317991,101.473166,,rapidbus_kl,1033
1007594,SJKT BATU ARANG,3.311014,101.473461,,rapidbus_kl,1034
1007591,SL190 SIMPANG TASIK PUTERI,3.304661,101.472862,,rapidbus_kl,1035
1007589,PANGSAPURI AZALEA,3.292408,101.472296,,rapidbus_kl,1036
1007587,SL187 PINEWOOD COURT,3.286494,101.469644,,rapidbus_kl,1037
1007585,SL131 SMK BANDAR TASIK PUTERI,3.286567,101.473069,,rapidbus_kl,1038
1007584,SK TASIK PUTERI 2 (OPP),3.281414,101.474563,,rapidbus_kl,1039
1007582,BANDAR TASIK PUTERI 8,3.285609,101.476884,,rapidbus_kl,1040
1007580,BANDAR TASIK PUTERI 2 (OPP),3.292109,101.496954,,rapidbus_kl,1041
1007578,SL402 PASAR KG BARU KUNDANG,3.279466,101.514562,,rapidbus_kl,1042
1007575,SL400 KG BARU KUNDANG,3.272512,101.514406,,rapidbus_kl,1043
1007573,SL324 TAMAN RAHMAT JAYA KUNDANG,3.261629,101.519313,,rapidbus_kl,1044
1007571,SL327 SK SERI KUNDANG (OPP),3.257952,101.521636,,rapidbus_kl,1045
1007569,SL328 DEWAN KG MELAYU KUNDANG,3.255247,101.525477,,rapidbus_kl,1046
1007566,SL329 KG MELAYU KUNDANG,3.254025,101.526136,,rapidbus_kl,1047
1007565,SL330 TAMAN TASIK BIRU,3.248641,101.52948,,rapidbus_kl,1048
1007562,SL331 KG SETIA KUANG,3.240554,101.535148,,rapidbus_kl,1049
1007561,(M) KOMERSIAL MASGENUINE SQUARE,3.236451,101.540735,,rapidbus_kl,1050
1007559,PINGGIRAN RAHMAN PUTRA,3.232423,101.547665,,rapidbus_kl,1051
1007557,SK BUKIT RAHMAN PUTRA (OPP),3.228193,101.552937,,rapidbus_kl,1052
1007555,KOMERSIAL BRP 7,3.229409,101.558461,,rapidbus_kl,1053
1007554,SL596 SPG BRP 8/2,3.230569,101.564936,,rapidbus_kl,1054
1007553,SL597 TAMAN PERINDUSTRIAN BRP 8/DAIKIN,3.228646,101.565893,,rapidbus_kl,1055
1007552,SL598 TAMAN VILLA PUTRA,3.226541,101.567568,,rapidbus_kl,1056
1007551,SL607 SK SG BULOH,3.215013,101.577659,,rapidbus_kl,1057
1007003,SL553 SK SG BULOH,3.214774,101.578807,,rapidbus_kl,1058
1007005,SL554 HOSPITAL SG BULOH PINTU C (OPP),3.217734,101.581396,,rapidbus_kl,1059
1007007,SL555 HOSPITAL SG BULOH UTAMA (OPP),3.220775,101.583395,,rapidbus_kl,1060
1007009,SL556 KOLEJ SAINS KESIHATAN (OPP),3.221372,101.58745,,rapidbus_kl,1061
1007011,SL557 UITM SG BULOH,3.21966,101.593327,,rapidbus_kl,1062
1001404,SL315 KEPONG INDUSTRIAL PARK,3.206837,101.607239,,rapidbus_kl,1063
1000499,SL316 TAMAN WANGSA PERMAI/COCOMART,3.208377,101.611257,,rapidbus_kl,1064
1003213,SL312 DESA AMAN PURI (SELATAN),3.208862,101.614937,,rapidbus_kl,1065
1007597,SL623 SK AMANPURI,3.216236,101.613845,,rapidbus_kl,1066
1007598,SL624 APARTMENT DESA SATU,3.214185,101.615035,,rapidbus_kl,1067
1000074,SL1 APARTMENT DESA DUA,3.212391,101.615622,,rapidbus_kl,1068
1000547,SL2 DESA AMAN PURI (UTARA),3.211352,101.616918,,rapidbus_kl,1069
1007600,SL628 PADANG BOLA TAMAN EHSAN,3.218822,101.621881,,rapidbus_kl,1070
1007601,SL629 PASAR MODEN TAMAN EHSAN,3.220915,101.624777,,rapidbus_kl,1071
1007602,SL630 PERUMAHAN TAMAN EHSAN JLN E5/1,3.223003,101.627665,,rapidbus_kl,1072
1007604,SL631 PERUMAHAN TAMAN EHSAN JLN E5/1,3.224206,101.631003,,rapidbus_kl,1073
1007606,SL632 KG KEPONG ULU,3.224597,101.633144,,rapidbus_kl,1074
1007608,SL633 SMK KEPONG (OPP),3.226353,101.635487,,rapidbus_kl,1075
1000811,SL16 FRIM,3.227907,101.63771,,rapidbus_kl,1076
1003234,SL634 KUARTERS FRIM,3.233569,101.640526,,rapidbus_kl,1077
1007611,SL523 SK SELAYANG UTAMA,3.235677,101.64116,,rapidbus_kl,1078
1000368,SL524 BOMBA BANDAR SELAYANG,3.254808,101.655816,,rapidbus_kl,1079
1007612,SL517 TAMAN SELAYANG (BARAT),3.235584,101.6414,,rapidbus_kl,1080
1007610,SL639 PARAGON UTAMA,3.233444,101.6408,,rapidbus_kl,1081
1000810,SL518 TAMAN KEPONG INDAH,3.227875,101.63797,,rapidbus_kl,1082
1007609,SMK KEPONG,3.226183,101.635549,,rapidbus_kl,1083
1007607,KG KEPONG ULU,3.224797,101.633742,,rapidbus_kl,1084
1007605,PERUMAHAN TAMAN EHSAN JLN E5/2,3.223948,101.631299,,rapidbus_kl,1085
1007603,PERUMAHAN TAMAN EHSAN JLN E5/2,3.222961,101.627926,,rapidbus_kl,1086
1000641,SL6 TAMAN EHSAN (TIMUR),3.220164,101.624017,,rapidbus_kl,1087
1002312,SL7 TAMAN EHSAN (SELATAN),3.218421,101.621584,,rapidbus_kl,1088
1000500,SL209 TAMAN WANGSA PERMAI/COCOMART (OPP),3.208317,101.611406,,rapidbus_kl,1089
1007599,SL616 MAS KIPARK DAMANSARA,3.207006,101.608651,,rapidbus_kl,1090
1008051,BANDAR BANTING BARU,2.817379,101.454654,,rapidbus_kl,1091
1008052,KG SG RABA,2.820547,101.44684,,rapidbus_kl,1092
1008053,KOLEJ MATRIKULASI SELANGOR,2.823137,101.444143,,rapidbus_kl,1093
1008054,KG KATHONG,2.826557,101.440588,,rapidbus_kl,1094
1008063,TAMAN DESA PERMATANG JAYA,2.829783,101.43741,,rapidbus_kl,1095
1008064,PEKAN PERMATANG PASIR,2.829783,101.43741,,rapidbus_kl,1096
1008065,PEKAN CHODOI,2.841812,101.441148,,rapidbus_kl,1097
1008066,TAMAN CHODOI BESTARI,2.843904,101.444766,,rapidbus_kl,1098
1008055,SM SAINS BANTING,2.827845,101.44786,,rapidbus_kl,1099
1008056,KUARTERS TUDM,2.824435,101.449289,,rapidbus_kl,1100
1008057,REJIMEN TUDM,2.82063,101.450658,,rapidbus_kl,1101
1008050,SK JUGRA,2.819281,101.456218,,rapidbus_kl,1102
1008048,ILP KUALA LANGAT,2.81946,101.463326,,rapidbus_kl,1103
1008046,IKBN KUALA LANGAT,2.819503,101.471632,,rapidbus_kl,1104
1008043,SPG JLN SERDANG BELAH,2.816309,101.479818,,rapidbus_kl,1105
1008044,MADINA SEAFOOD,2.812899,101.487983,,rapidbus_kl,1106
1008040,KLINIK 1MALAYSIA BANTING,2.811715,101.490914,,rapidbus_kl,1107
1008036,PPD KUALA LANGAT,2.811896,101.495725,,rapidbus_kl,1108
1008067,AEON CREDIT BANTING,2.81267,101.498795,,rapidbus_kl,1109
1008037,INDAH PESONA,2.813592,101.502695,,rapidbus_kl,1110
1008024,ECONSAVE BANTING,2.812005,101.506457,,rapidbus_kl,1111
1008025,STESEN BAS BANTING,2.812327,101.502269,,rapidbus_kl,1112
1008026,SPG JLN KEMBOJA 15,2.807698,101.500398,,rapidbus_kl,1113
1008027,IPD KUALA LANGAT (OPP),2.804882,101.494917,,rapidbus_kl,1114
1008028,PEJABAT MDKL,2.803772,101.496001,,rapidbus_kl,1115
1008029,MEDAN SELERA MDKL,2.803143,101.497806,,rapidbus_kl,1116
1008030,TAMAN KEMUNING,2.80263,101.499276,,rapidbus_kl,1117
1008031,KG SG LANG,2.797989,101.493662,,rapidbus_kl,1118
1008032,SHENG LEONG CYCLE,2.799865,101.492586,,rapidbus_kl,1119
1008033,HOSPITAL BANTING,2.802581,101.493712,,rapidbus_kl,1120
1008034,IPD KUALA LANGAT,2.805828,101.495044,,rapidbus_kl,1121
1008060,SJKC CHOONG HUA,2.807198,101.498096,,rapidbus_kl,1122
1008061,RESTORAN NAFIH,2.811125,101.501598,,rapidbus_kl,1123
1008062,7 ELEVEN BANTING,2.812761,101.500472,,rapidbus_kl,1124
1008035,MYCINEMA BANTING,2.812001,101.497041,,rapidbus_kl,1125
1008038,MASJID AT-TAQWA BANTING,2.81117,101.491958,,rapidbus_kl,1126
1008039,TAMAN MULIA,2.811816,101.490344,,rapidbus_kl,1127
1008041,TAMAN SERI PUTRA,2.813293,101.486708,,rapidbus_kl,1128
1008042,SPG JLN SERDANG BELAH,2.815634,101.481094,,rapidbus_kl,1129
1008045,IKBN KUALA LANGAT (OPP),2.819256,101.471548,,rapidbus_kl,1130
1008047,ILP KUALA LANGAT (OPP),2.81922,101.463654,,rapidbus_kl,1131
1008049,SK JUGRA (OPP),2.819161,101.455971,,rapidbus_kl,1132
1003078,SA786 HENTIAN BANDAR SEKSYEN 14,3.0724427493567,101.52135232628,,rapidbus_kl,1133
1008399,SA855 WISMA MBSA (OPP),3.072952,101.520611,,rapidbus_kl,1134
1008075,SA854 KOMPLEKS PKNS SHAH ALAM,3.072057,101.51693,,rapidbus_kl,1135
1006643,SA856 WISMA MBSA,3.073127,101.519848,,rapidbus_kl,1136
1000936,SA19 MARDHIYYAH HOTEL & SUITES,3.073544,101.522647,,rapidbus_kl,1137
1006644,SA367 DATARAN KEMERDEKAAN,3.076122,101.524897,,rapidbus_kl,1138
1006645,MASJID NEGERI,3.080282,101.522521,,rapidbus_kl,1139
1006646,PLAZA SHAH ALAM,3.084918,101.524087,,rapidbus_kl,1140
1006648,SA48 KOMERSIAL SEKSYEN 9,3.0817,101.527199,,rapidbus_kl,1141
1008077,DEWAN JENJAROM (OPP),3.077527,101.529932,,rapidbus_kl,1142
1006649,PUSAT AKUATIK SEKSYEN 13,3.07289,101.537945,,rapidbus_kl,1143
1006650,SA255 PUSAT KOMERSIAL WORLDWIDE (OPP),3.072882,101.540999,,rapidbus_kl,1144
1006654,AEON MALL SHAH ALAM,3.076201,101.549344,,rapidbus_kl,1145
1008079,MSU (OPP),3.080878,101.550824,,rapidbus_kl,1146
1006655,(M) SA237 PANGSAPURI PERDANA,3.085738,101.548798,,rapidbus_kl,1147
1006657,SA247 PUSAT KOMERSIAL SEKSYEN 13,3.089024,101.544988,,rapidbus_kl,1148
1006658,SA242 METIA RESIDENCES,3.090292,101.547757,,rapidbus_kl,1149
1006659,SA752 POLITEKNIK SSAAS,3.085087,101.554651,,rapidbus_kl,1150
1006660,CONDOMINIUM PRIMA U1,3.078767,101.555312,,rapidbus_kl,1151
1006661,SJ574 APARTMENT INDAHRIA,3.072656,101.556539,,rapidbus_kl,1152
1006662,KTM BATU 3,3.075738,101.559838,,rapidbus_kl,1153
1001482,SJ573 KILANG GULA CSR,3.071667,101.556446,,rapidbus_kl,1154
1008216,SA132 AVENUE CREST (OPP),3.067927,101.556176,,rapidbus_kl,1155
1000643,SA133 KG KEBUN BUNGA (UTARA),3.064447,101.556596,,rapidbus_kl,1156
1001046,SA962 KG KEBUN BUNGA (SELATAN),3.0619621588086,101.55697246259,,rapidbus_kl,1157
1008218,SA946 MASJID FASTABIQUL,3.059446,101.556919,,rapidbus_kl,1158
1002506,SA961 SEKSYEN 22/PETRONAS,3.0575857155066,101.55630435158,,rapidbus_kl,1159
1008219,SA384 SEKSYEN 22,3.057551,101.555891,,rapidbus_kl,1160
1002507,SA385 KG KEBUN BUNGA/PETRONAS,3.0618238253554,101.55666669176,,rapidbus_kl,1161
1006666,SA131 KG KEBUN BUNGA/PETRON,3.064131,101.556343,,rapidbus_kl,1162
1006667,SA386 AVENUE CREST,3.068578,101.555871,,rapidbus_kl,1163
1006668,POLITEKNIK SSAAS (OPP),3.085034,101.554275,,rapidbus_kl,1164
1008080,MSU,3.08106,101.551028,,rapidbus_kl,1165
1006671,AEON MALL SHAH ALAM (OPP),3.076535,101.549554,,rapidbus_kl,1166
1006651,SA254 PUSAT KOMERSIAL WORLDWIDE,3.072874,101.54119,,rapidbus_kl,1167
1006669,PUSAT AKUATIK,3.074305,101.537447,,rapidbus_kl,1168
1008078,DEWAN JENJAROM,3.077083,101.529777,,rapidbus_kl,1169
1006670,SA22 SMA TENGKU AMPUAN JEMAAH,3.078832,101.526053,,rapidbus_kl,1170
1000212,SA368 BALAI POLIS SEKSYEN 11,3.076223,101.525138,,rapidbus_kl,1171
1004249,SA18 WISMA PKPS,3.0733481810602,101.52298177514,,rapidbus_kl,1172
1006656,TERMINAL BAS SEMENTARA SEKSYEN 13,3.085102,101.546549,,rapidbus_kl,1173
1003358,SA498 MONFORT (OPP),3.091446,101.554254,,rapidbus_kl,1174
1002475,SA499 PANGSAPURI SRI MELEWAR (OPP),3.094844,101.555592,,rapidbus_kl,1175
1006799,KOMPLEKS SMS (OPP),3.098266,101.556849,,rapidbus_kl,1176
1006772,PANGSAPURI JAYA (OPP),3.099265,101.556041,,rapidbus_kl,1177
1006773,PANGSAPURI ILHAM,3.101328,101.551938,,rapidbus_kl,1178
1006774,SMK TTDI JAYA,3.104295,101.555493,,rapidbus_kl,1179
1006775,MASJID AL ITISAM,3.104895,101.557741,,rapidbus_kl,1180
1003305,SA502 SK TTDI JAYA,3.106748,101.557961,,rapidbus_kl,1181
1001454,SA503 SEKSYEN U8,3.110007,101.556793,,rapidbus_kl,1182
1003583,(M) SA504 SPACE U8 MALL (OPP),3.111028,101.552936,,rapidbus_kl,1183
1000374,SA505 BOMBA BUKIT JELUTONG (OPP),3.109506,101.54579,,rapidbus_kl,1184
1000024,SA506 BUKIT JELUTONG (TIMUR),3.108723,101.542355,,rapidbus_kl,1185
1006776,RADIA GALLERY,3.10161,101.537597,,rapidbus_kl,1186
1006786,RADIA RESIDENCE (OPP),3.099553,101.534339,,rapidbus_kl,1187
1006777,KOMERSIAL BUKIT JELUTONG,3.103535,101.527638,,rapidbus_kl,1188
1006779,SK BUKIT JELUTONG (OPP),3.106572,101.530935,,rapidbus_kl,1189
1006781,SMK BUKIT JELUTONG (OPP),3.108719,101.531197,,rapidbus_kl,1190
1007720,SA517 KOMERSIAL D'PANGKIN,3.114439,101.526866,,rapidbus_kl,1191
1006782,SMK BUKIT JELUTONG,3.10859,101.531283,,rapidbus_kl,1192
1006780,SK BUKIT JELUTONG,3.106441,101.531056,,rapidbus_kl,1193
1006778,PUSAT KOMERSIAL D'BAYU,3.103596,101.528472,,rapidbus_kl,1194
1006787,RADIA RESIDENCE,3.099815,101.534463,,rapidbus_kl,1195
1002788,SA507 BUKIT JELUTONG (TIMUR),3.108941,101.542117,,rapidbus_kl,1196
1000373,SA508 BOMBA BUKIT JELUTONG,3.10972,101.545546,,rapidbus_kl,1197
1003582,(M) SA509 SPACE U8 MALL,3.111287,101.552773,,rapidbus_kl,1198
1001455,SA510 SEKSYEN U8,3.110506,101.556772,,rapidbus_kl,1199
1002731,SA511 SK TTDI JAYA (OPP),3.106391,101.558471,,rapidbus_kl,1200
1006571,MASJID AL ITISAM (OPP),3.104756,101.557517,,rapidbus_kl,1201
1006572,SMK TTDI JAYA (OPP),3.104041,101.555373,,rapidbus_kl,1202
1006573,PANGSAPURI ILHAM (OPP),3.101305,101.552053,,rapidbus_kl,1203
1006570,PANGSAPURI JAYA,3.099353,101.556136,,rapidbus_kl,1204
1006800,KOMPLEKS SMS,3.09819,101.557103,,rapidbus_kl,1205
1002476,SA514 PANGSAPURI SRI MELEWAR,3.0947572622693,101.55584152941,,rapidbus_kl,1206
1003359,SA515 MONFORT,3.091436,101.554662,,rapidbus_kl,1207
1006566,SA985 BRUNSFIELD RIVERVIEW,3.080616,101.553383,,rapidbus_kl,1208
1000861,SA947 GIANT SEKSYEN 13,3.085394,101.54981,,rapidbus_kl,1209
1008221,PERUMAHAN PINGGIRAN USJ,3.052927,101.555519,,rapidbus_kl,1210
1003357,SJ587 KOLEJ VOKASIONAL SHAH ALAM,3.0477495997066,101.5533577906,,rapidbus_kl,1211
1002751,SJ588 SIME UEP,3.044406549994,101.55057678395,,rapidbus_kl,1212
1005063,PPR KG BARU HICOM,3.037035,101.543886,,rapidbus_kl,1213
1000651,SA127 TAMAN PERINDUSTRIAN SUBANG UTAMA,3.040397,101.546612,,rapidbus_kl,1214
1001752,SA128 TAMAN PERINDUSTRIAN (UTARA),3.044452,101.545823,,rapidbus_kl,1215
1001566,SA462 SEKSYEN 20 (TIMUR),3.0551123911709,101.54269314337,,rapidbus_kl,1216
1006638,SA459 HOSPITAL KPJ,3.056779,101.540854,,rapidbus_kl,1217
1008222,PERUMAHAN SEKSYEN 20,3.056032,101.538522,,rapidbus_kl,1218
1008223,PERUMAHAN SEKSYEN 19,3.052536,101.536149,,rapidbus_kl,1219
1006637,SA446 HOTEL DE PALMA (OPP),3.050311,101.535464,,rapidbus_kl,1220
1000536,SA456 PUSAT PERNIAGAAN JUBLI PERAK,3.0490685211587,101.53708882392,,rapidbus_kl,1221
1008224,PUSAT PERNIAGAAN SURI PUTRI,3.051006,101.540037,,rapidbus_kl,1222
1003757,SA461 HENTIAN JUBLI PERAK,3.0521086003269,101.54180352842,,rapidbus_kl,1223
1001753,(M) SA129 TAMAN PERINDUSTRIAN (UTARA),3.043785,101.546307,,rapidbus_kl,1224
1000302,SA130 BHP/MCD (SELATAN),3.040343,101.547071,,rapidbus_kl,1225
1002750,SJ589 SIME UEP,3.0444537728179,101.55031434331,,rapidbus_kl,1226
1003356,SJ638 SM TEKNIK VOKASIONAL (OPP),3.0478713452406,101.55306493489,,rapidbus_kl,1227
1000050,AISB,3.0511971457509,101.5551150906,,rapidbus_kl,1228
1008220,SJ585 TAMAN PERINDUSTRIAN LION,3.053458,101.555385,,rapidbus_kl,1229
1008217,KG KEBUN BUNGA SEKSYEN 22,3.065138,101.556186,,rapidbus_kl,1230
1006540,SJ533 LRT ALAM MEGAH,3.023277,101.572424,,rapidbus_kl,1231
1003297,SK HICOM,3.0271745077661,101.56998761079,,rapidbus_kl,1232
1008225,SA50 SRI IXORA APARTMENT,3.028091,101.568615,,rapidbus_kl,1233
1000443,SA120 TAMAN BUKIT SAGA,3.0314345209961,101.56936023913,,rapidbus_kl,1234
1000812,SA121 PROTON HICOM (TIMUR),3.034298,101.564048,,rapidbus_kl,1235
1001838,SA122 I-PARC,3.0351388518713,101.55991458153,,rapidbus_kl,1236
1000618,SA124 PROTON HICOM,3.0355074868275,101.55797791479,,rapidbus_kl,1237
1008226,METHODIST CAC,3.004453,101.545783,,rapidbus_kl,1238
1008227,SA178 PERUMAHAN ANGGERIK (UTARA),3.003629,101.548087,,rapidbus_kl,1239
1008228,SA179 SURAU AN-NAJIHIN,2.999948,101.550929,,rapidbus_kl,1240
1008229,SA180 PERUMAHAN ANGGERIK (TIMUR),2.994048,101.549682,,rapidbus_kl,1241
1002178,SA214 PANGSAPURI SRI KEMUNING (BARAT),2.990915,101.548514,,rapidbus_kl,1242
1000337,SA182 PANGSAPURI SRI NERVILLA,2.986482316293,101.54955156799,,rapidbus_kl,1243
1008230,SA183 SRI NERVILLIA,2.984285,101.549171,,rapidbus_kl,1244
1002661,SA188 KOTA KEMUNING INDUSTRIAL PARK,2.9819555182849,101.54712558236,,rapidbus_kl,1245
1003817,SA189 KEMUNING GREENVILLE (SELATAN),2.9803039831074,101.53789540224,,rapidbus_kl,1246
1000495,SA190 GREENVILLE (UTARA),2.9840926966876,101.53583964718,,rapidbus_kl,1247
1000817,SA191 MERANTI TERRACE,2.9869113186898,101.53540642002,,rapidbus_kl,1248
1002798,SA193 SMK KOTA KEMUNING (UTARA),2.9859331922853,101.54094875077,,rapidbus_kl,1249
1008247,SA199 KOTA KEMUNING HILLS (SELATAN),2.986524,101.540134,,rapidbus_kl,1250
1000816,SA200 MERANTI TERRACE,2.9865863714949,101.53531996678,,rapidbus_kl,1251
1008246,SA221 SJKC CHUNG HUA KOTA KEMUNING,2.989023,101.532389,,rapidbus_kl,1252
1008231,SK BUKIT RIMAU,2.992453,101.527444,,rapidbus_kl,1253
1008232,SHAH ALAM BUDDIST SOCIETY,2.995721,101.526651,,rapidbus_kl,1254
1008498,SA169 CHINESE TAIPEI SCHOOL (OPP),2.998171,101.527441,,rapidbus_kl,1255
1008495,AEON BIG BUKIT RIMAU (OPP),2.999288,101.527879,,rapidbus_kl,1256
1008496,GEO BUKIT RIMAU,3.000737,101.526674,,rapidbus_kl,1257
1008497,PUSAT KOMERSIAL BUKIT RIMAU,2.998918,101.526166,,rapidbus_kl,1258
1008236,GAMUDA WALK MALL (OPP),3.000923,101.532826,,rapidbus_kl,1259
1001858,SA170 CANAL GARDEN,3.003345006784,101.53361888346,,rapidbus_kl,1260
1001567,SA171 KOTA KEMUNING BUSINESS PARK,3.0033833659642,101.53836641213,,rapidbus_kl,1261
1008237,SA894 KOTA KEMUNING CENTRAL LAKE,3.002597,101.540143,,rapidbus_kl,1262
1000619,SA130 PROTON HICOM (BARAT),3.0358864026082,101.55771576987,,rapidbus_kl,1263
1000912,SA137 SEKSYEN 26 (TIMUR),3.0351256496585,101.56147935984,,rapidbus_kl,1264
1000825,SA139 PROTON HICOM (TIMUR),3.034469,101.565662,,rapidbus_kl,1265
1000316,SA140 TAMAN BUKIT SAGA,3.0315394160238,101.56965452364,,rapidbus_kl,1266
1003298,SK HICOM (OPP),3.027013,101.570212,,rapidbus_kl,1267
1006519,PJ671 LRT LEMBAH SUBANG,3.112072,101.590682,,rapidbus_kl,1268
1006174,MENARA PRASARANA,3.113323,101.584889,,rapidbus_kl,1269
1006170,KL2324 LRT AWAN BESAR,3.061769,101.669737,,rapidbus_kl,1270
1009056,PAVILION BUKIT JALIL,3.050022,101.673645,,rapidbus_kl,1271
1000972,SL162 HUB UIA,3.251168,101.741528,,rapidbus_kl,1272
1007531,SL152 UIAM (TIMUR),3.249705,101.738919,,rapidbus_kl,1273
1000414,(M) SL153 KENMS,3.249177,101.736809,,rapidbus_kl,1274
1000415,SL154 MAHALLAH SAFIYYAH,3.249358,101.734785,,rapidbus_kl,1275
1000408,SL155 UIAM (SELATAN),3.2495734449227,101.73377459816,,rapidbus_kl,1276
1000405,SL156 KAED UIAM,3.2506262572119,101.73125687949,,rapidbus_kl,1277
1000409,SL157 KULIYAH ENGINEERING UIAM,3.2542958679968,101.73214626876,,rapidbus_kl,1278
1000410,SL158 KULIYAH EDUCATION UIAM,3.2541942351661,101.73347022433,,rapidbus_kl,1279
1000413,SL159 UIAM (UTARA),3.254087,101.734346,,rapidbus_kl,1280
1000411,SL160 IRKHS,3.2530516598028,101.73595531626,,rapidbus_kl,1281
1000412,SL161 PERPUSTAKAAN UIAM,3.2522318220532,101.73856438337,,rapidbus_kl,1282
1003572,SL467 SHELL TAMAN MELATI,3.2336689399571,101.72446424633,,rapidbus_kl,1283
1003525,SL222 TAMAN PRIMA SRI GOMBAK,3.238024,101.699406,,rapidbus_kl,1284
1000554,SL176 DEWAN BERINGIN GOMBAK,3.2399559167038,101.69941776228,,rapidbus_kl,1285
1003881,SL235 URBAN 360 (OPP),3.240734,101.701382,,rapidbus_kl,1286
1000216,SL236 PETRONAS SRI GOMBAK (OPP),3.240782,101.703325,,rapidbus_kl,1287
1003500,(M) SL503 TAMAN SRI GOMBAK FASA 4 (BARAT),3.240822,101.707059,,rapidbus_kl,1288
1002956,SL242 KOMERSIAL SERI GOMBAK FASA 5,3.241993,101.709589,,rapidbus_kl,1289
1003377,SL243 SMK HILLCREST (OPP),3.242916,101.707509,,rapidbus_kl,1290
1002583,SL245 KOMERSIAL TAMAN SRI GOMBAK,3.242964,101.703227,,rapidbus_kl,1291
1001916,SL199 TAMAN SRI GOMBAK FASA 6,3.244748,101.702019,,rapidbus_kl,1292
1001950,SL505 MASJID SRI GOMBAK (OPP),3.247365,101.703085,,rapidbus_kl,1293
1003560,SL200 TASIK SRI GOMBAK FASA 8,3.248616,101.705428,,rapidbus_kl,1294
1003796,SL201 PERUMAHAN TAMAN SRI GOMBAK (TIMUR),3.250064,101.703258,,rapidbus_kl,1295
1003556,SL202 TAMAN TASIK SRI GOMBAK,3.248729,101.701441,,rapidbus_kl,1296
1003779,SL203 PERUMAHAN SRI GOMBAK FASA 9,3.2492518767276,101.69920552823,,rapidbus_kl,1297
1003868,SL204 TAMAN SERI GOMBAK FASA 10,3.249353,101.697156,,rapidbus_kl,1298
1003743,SL177 FLAT PINGGIRAN,3.250229363404,101.69428942392,,rapidbus_kl,1299
1000895,SL179 KG MELAYU WIRA DAMAI,3.250272,101.691855,,rapidbus_kl,1300
1000141,SL180 APARTMENT SAUJANA,3.251327,101.688986,,rapidbus_kl,1301
1000880,SL181 PANGSAPURI KENANGA (OPP),3.251065,101.685414,,rapidbus_kl,1302
1002132,SL294 HAB WIRA DAMAI,3.251574,101.684494,,rapidbus_kl,1303
1000881,SL182 PANGSAPURI KENANGA,3.251424,101.686069,,rapidbus_kl,1304
1002373,SL183 PANGSAPURI CEMPAKA,3.251457,101.689126,,rapidbus_kl,1305
1001532,SL184 KG MELAYU WIRA DAMAI,3.250418,101.691821,,rapidbus_kl,1306
1003607,SL309 PANGSAPURI SAUJANA GOMBAK,3.250452,101.693143,,rapidbus_kl,1307
1003754,SL192 FLAT TAMAN PINGGIRAN,3.250371,101.694328,,rapidbus_kl,1308
1006884,SL193 TAMAN SRI GOMBAK FASA 10,3.249613,101.697395,,rapidbus_kl,1309
1003862,SL194 PERUMAHAN SRI GOMBAK FASA 9,3.249295,101.699456,,rapidbus_kl,1310
1003557,SL195 TAMAN TASIK SRI GOMBAK,3.248852,101.701464,,rapidbus_kl,1311
1002447,SL196 PERUMAHAN TAMAN SRI GOMBAK (TIMUR),3.250062,101.703093,,rapidbus_kl,1312
1003559,SL197 TASIK SRI GOMBAK FASA 8,3.248663,101.705594,,rapidbus_kl,1313
1001951,SL504 MASJID SRI GOMBAK,3.247016,101.702752,,rapidbus_kl,1314
1003439,SL198 TAMAN SRI GOMBAK,3.244994,101.702122,,rapidbus_kl,1315
1001585,SL246 KOMERSIAL SRI GOMBAK,3.243098,101.703912,,rapidbus_kl,1316
1003376,SL237 SMK HILLCREST,3.243059,101.707329,,rapidbus_kl,1317
1002928,SL238 KOMERSIAL SERI GOMBAK FASA 5,3.2421279003066,101.70974427442,,rapidbus_kl,1318
1000217,SL239 BALAIRAYA SERI GOMBAK,3.240744,101.708129,,rapidbus_kl,1319
1002474,SL248 PETRONAS SRI GOMBAK,3.240665,101.703324,,rapidbus_kl,1320
1003882,(M) SL249 URBAN 360,3.240625,101.701315,,rapidbus_kl,1321
1000555,SL207 DEWAN BERINGIN GOMBAK (OPP),3.2398217878281,101.69970258264,,rapidbus_kl,1322
1003526,SL506 TAMAN PRIMA SRI GOMBAK,3.236721,101.699731,,rapidbus_kl,1323
1003571,SL466 SHELL TAMAN MELATI (OPP),3.2357982099934,101.72384511285,,rapidbus_kl,1324
1001831,KL195 LRT TAMAN MELATI,3.2194566653583,101.72152529554,,rapidbus_kl,1325
1000721,PERUMAHAN AWAM SRI LANGKAWI,3.219765,101.720774,,rapidbus_kl,1326
1003746,KL934 SURAU NURUL MUSTAQIM,3.218971,101.719572,,rapidbus_kl,1327
1001351,SL310 FLAT GOMBAK SETIA (OPP),3.220264,101.718291,,rapidbus_kl,1328
1003346,SL208 SK GOMBAK SETIA,3.2190878112199,101.71513260641,,rapidbus_kl,1329
1000558,SL317 GOMBAK SETIA,3.2215571702028,101.71316818781,,rapidbus_kl,1330
1004217,SL318 GOMBAK SETIA,3.2248081385004,101.714120363,,rapidbus_kl,1331
1002973,SL103 KG TENGAH GOMBAK,3.227421,101.713756,,rapidbus_kl,1332
1000559,SL104 TAMAN BUKIT LELA,3.2289162687554,101.71345175665,,rapidbus_kl,1333
1001948,SL105 DEWAN DATIN ZALEHA,3.230144255576,101.71263315274,,rapidbus_kl,1334
1000848,SL233 GERAI MAKAN MPS,3.234336,101.704795,,rapidbus_kl,1335
1002908,SL216 PADANG TAMAN GREENWOOD,3.232418,101.703919,,rapidbus_kl,1336
1003459,SL218 SMK SERI GOMBAK (OPP),3.230448,101.703496,,rapidbus_kl,1337
1002943,SL219 PERUMAHAN JLN BERJAYA 4,3.2289626367746,101.70285928536,,rapidbus_kl,1338
1002858,SL227 DEWAN MPS GOMBAK (OPP),3.227882,101.702275,,rapidbus_kl,1339
1001521,SL502 TAMAN GREENWOOD INDAH,3.224327,101.700559,,rapidbus_kl,1340
1002938,KL939 KG LEMBAH MELEWAR (TIMUR),3.218263,101.700709,,rapidbus_kl,1341
1001789,PERUMAHAN LEMBAH MELEWAR,3.2184703,101.6953999,,rapidbus_kl,1342
1006202,KL2329 MASJID BILAL BIN RABAH,3.220886,101.694812,,rapidbus_kl,1343
1006203,(M) KL2330 BOMBA GOMBAK SELATAN,3.223161,101.696042,,rapidbus_kl,1344
1000382,DEWAN KOMUNITI CHANGKAT DESA,3.22351,101.698533,,rapidbus_kl,1345
1001520,SL223 TAMAN GREENWOOD INDAH,3.2245015235141,101.70050644971,,rapidbus_kl,1346
1002857,SL224 TAMAN GOMBAK (SELATAN),3.225944,101.701231,,rapidbus_kl,1347
1002942,SL226 DEWAN MPS GOMBAK,3.228312,101.702355,,rapidbus_kl,1348
1003458,SL229 SMK SERI GOMBAK (TIMUR),3.230689,101.703473,,rapidbus_kl,1349
1002218,SL230 PADANG TAMAN GREENWOOD,3.231905,101.703552,,rapidbus_kl,1350
1007532,SL231 PADANG TAMAN GREENWOOD,3.232677,101.703935,,rapidbus_kl,1351
1000847,SL232 TAMAN GREENWOOD (UTARA),3.234478,101.704747,,rapidbus_kl,1352
1000557,SL109 DEWAN DATIN ZALEHA (OPP),3.2310483761213,101.71241813555,,rapidbus_kl,1353
1007550,SL490 KG TENGAH GOMBAK,3.229478,101.713428,,rapidbus_kl,1354
1003975,SL110 PANGSAPURI SRI HARMONIS,3.227791,101.713998,,rapidbus_kl,1355
1004218,SL111 KG TGH GOMBAK (SELATAN),3.2248201242582,101.71436258796,,rapidbus_kl,1356
1001548,SL112 MASJID BATU 6 (OPP),3.2225745425217,101.71386158276,,rapidbus_kl,1357
1003449,SL173 GOMBAK SETIA,3.2200755856895,101.71301049725,,rapidbus_kl,1358
1003345,SL210 SMK GOMBAK SETIA,3.219191,101.715016,,rapidbus_kl,1359
1001648,KL932 APT MELATI IMPIAN,3.217985,101.717159,,rapidbus_kl,1360
1000768,KL933 M3 MALL,3.217839,101.719101,,rapidbus_kl,1361
1000772,KL1495 PERUMAHAN AWAM SRI LANGKAWI (OPP),3.219279,101.720216,,rapidbus_kl,1362
1000786,KL1601 APT SRI TIOMAN,3.221334,101.720317,,rapidbus_kl,1363
1001914,KL2070 SRA SALAHUDIN AL-AYUBI (OPP),3.223567,101.720227,,rapidbus_kl,1364
1003217,KL196 TAMAN PERWIRA 1,3.225053,101.721701,,rapidbus_kl,1365
1003567,KL187 TAMAN CEMERLANG,3.2261977684552,101.7228477109,,rapidbus_kl,1366
1000795,KL2071 FLAT TAMAN MELATI BLOK D,3.2252130113178,101.72570519608,,rapidbus_kl,1367
1002951,KL200 PERUMAHAN JLN TAMAN MELATI 6,3.223533,101.724053,,rapidbus_kl,1368
1003687,KL1600 TAMAN MASTIKA,3.2197236941228,101.72341600977,,rapidbus_kl,1369
1006109,BENGKEL GOODYEAR,3.195642,101.762172,,rapidbus_kl,1370
1000868,AJ490 KOMERSIAL TAMAN PERMATA/MELAWATI MALL,3.208423,101.749562,,rapidbus_kl,1371
1002463,KL184 KOMERSIAL WANGSA MELAWATI,3.2098910357979,101.74393005706,,rapidbus_kl,1372
1003775,KL185 DATARAN WANGSA MAJU (OPP),3.2077061450607,101.74234003905,,rapidbus_kl,1373
1003152,KL189 SK WANGSA JAYA,3.205345,101.739778,,rapidbus_kl,1374
1003748,KL190 FLAT SEKSYEN 4 BLOK A4,3.2034258435614,101.74068300114,,rapidbus_kl,1375
1003877,KL191 FLAT SEKSYEN 4 BLOK C9,3.2015867858418,101.74208037185,,rapidbus_kl,1376
1000986,KL747 WANGSA WALK (TIMUR),3.199022,101.743877,,rapidbus_kl,1377
1000459,KL819 AEON BIG WANGSA MAJU,3.196801,101.742384,,rapidbus_kl,1378
1000450,KL2106 AEON BIG WANGSA MAJU,3.1953502937695,101.7421385335,,rapidbus_kl,1379
1002626,(M) KL750 SHELL WANGSA MAJU,3.1964796609795,101.74469474394,,rapidbus_kl,1380
1001827,KL746 LRT SRI RAMPAI,3.1988359275043,101.73752617997,,rapidbus_kl,1381
1004212,WANGSA 9 RESIDENCY,3.198697,101.739854,,rapidbus_kl,1382
1006106,KL1619 FLAT WANGSA MAJU (OPP),3.203335,101.740573,,rapidbus_kl,1383
1000679,KL1620 SK WANGSA JAYA (OPP),3.205318,101.739684,,rapidbus_kl,1384
1002462,KL1616 PETRONAS WANGSA MELAWATI,3.2099882301966,101.74359739819,,rapidbus_kl,1385
1001368,AJ489 MELAWATI MALL,3.208921,101.748699,,rapidbus_kl,1386
1006112,BENGKEL GOODYEAR (OPP),3.19573,101.76217,,rapidbus_kl,1387
1000028,AJ393 PUSAT KOMERSIAL UP,3.2045303410982,101.77904879919,,rapidbus_kl,1388
1002724,AJ394 PANGSAPURI SRI IMPIAN (OPP),3.2080939606078,101.78105743062,,rapidbus_kl,1389
1001822,KL812 LRT SETIAWANGSA,3.175839,101.735726,,rapidbus_kl,1390
1002812,AJ413 SRA AL-AZIZIAH (OPP),3.173119,101.737152,,rapidbus_kl,1391
1002332,AJ414 PANGSAPURI PKNS (OPP),3.173853,101.73771,,rapidbus_kl,1392
1001267,AJ479 TAMAN KERAMAT PERMAI BARAT,3.176344,101.738925,,rapidbus_kl,1393
1000048,KL431 SETIAWANGSA BUSINESS CENTRE,3.177623,101.742667,,rapidbus_kl,1394
1001180,KL2188 PANGSAPURI ATM SETIAWANGSA (OPP),3.1774984131365,101.74485486242,,rapidbus_kl,1395
1002471,KL448 AEON AU2 (OPP),3.178681,101.750687,,rapidbus_kl,1396
1008386,KL844 KELUMPUK EMBUN EMAS,3.182873,101.754693,,rapidbus_kl,1397
1001278,(M) KL2193 SRA AL-TABRANI (OPP),3.184113,101.756325,,rapidbus_kl,1398
1001311,AJ475 AU3 (SELATAN),3.183246660916,101.75797894361,,rapidbus_kl,1399
1000995,AJ9 FLAT UTM (OPP),3.1850311328965,101.75916097828,,rapidbus_kl,1400
1001761,AJ10 LOJI IWK,3.1879037937925,101.76030871743,,rapidbus_kl,1401
1002005,KL841 MENARA JENTAYU,3.1894930542881,101.75755925931,,rapidbus_kl,1402
1001394,(M) KL842 KELUMPUK TEMPUA,3.1874273947893,101.75613448493,,rapidbus_kl,1403
1001391,KL843 KELUMPUK CEMPERLING,3.1826784756681,101.75495003077,,rapidbus_kl,1404
1001204,KL432 AEON SETIAWANGSA AU2,3.1782885883224,101.7503093569,,rapidbus_kl,1405
1002125,KL436 PANGSAPURI ATM SETIAWANGSA,3.177267936051,101.74508088429,,rapidbus_kl,1406
1002490,KL437 SETIAWANGSA BUSINESS PARK,3.1773107212048,101.74285342193,,rapidbus_kl,1407
1002214,KL438 MASJID MUADZ JABAL (OPP),3.1775515551234,101.73841975529,,rapidbus_kl,1408
1001800,KL2311 LRT DATO' KERAMAT,3.1651540374539,101.73160266377,,rapidbus_kl,1409
1002279,KL2310 LRT DATO' KERAMAT/KUARTERS JUPEM,3.1665770326273,101.73054664706,,rapidbus_kl,1410
1001778,KL2312 TAMAN DATUK KERAMAT (UTARA),3.1672333090085,101.73221518272,,rapidbus_kl,1411
1000577,KL2313 TAMAN TASIK KERAMAT/LRT JELATEK (OPP),3.1675551801753,101.73405017986,,rapidbus_kl,1412
1001803,AJ403 LRT JELATEK,3.1667630360073,101.73515681583,,rapidbus_kl,1413
1002603,KL2315 PPR DBKL JELATEK,3.1640898328424,101.73506421608,,rapidbus_kl,1414
1002412,KL2304 PERKESO,3.160401,101.734652,,rapidbus_kl,1415
1002700,KL217 WICKHAM RESIDENCE,3.156739,101.737119,,rapidbus_kl,1416
1002946,KL1661 SELANGOR POLO CLUB,3.153649,101.736958,,rapidbus_kl,1417
1001663,KL238 DESA PANDAN APARTMENT (UTARA),3.152978,101.737151,,rapidbus_kl,1418
1004097,KL220 MUTIARA UPPER EAST CONDOMINIUM,3.152319,101.737799,,rapidbus_kl,1419
1003635,KL1838 MENARA POLO/SK DESA PANDAN (OPP),3.150324,101.738504,,rapidbus_kl,1420
1002395,KL221 DESA PANDAN APARTMENT (BARAT),3.148355,101.740352,,rapidbus_kl,1421
1001519,KL1840 DESA PANDAN CENTRAL (TIMUR),3.1469173482616,101.74002886123,,rapidbus_kl,1422
1004151,(M) KL222 DESA PANDAN CENTRAL (TENGAH),3.146417,101.738195,,rapidbus_kl,1423
1002773,KL1841 DESA PANDAN CENTRAL/PETRON,3.146749,101.736431,,rapidbus_kl,1424
1000711,KL260 VILLA U THANT APARTMENT,3.148019,101.735784,,rapidbus_kl,1425
1000016,KL261 DESA PANDAN APARTMENT J3 (OPP),3.151633,101.736178,,rapidbus_kl,1426
1002699,KL262 KUARTERS KERAJAAN U-THANT,3.153668,101.736656,,rapidbus_kl,1427
1004200,KL263 RAINTREE RESIDENCE,3.155678,101.736961,,rapidbus_kl,1428
1000081,KL2269 KATANA II CONDOMINIUM,3.158092,101.738903,,rapidbus_kl,1429
1002432,AMPANG 971 (OPP),3.158457,101.740487,,rapidbus_kl,1430
1006120,KL264 VILLA AMAN CONDOMINIUM,3.159471,101.740701,,rapidbus_kl,1431
1000625,KL893 GLENEAGLES (OPP),3.160684,101.738818,,rapidbus_kl,1432
1002616,KL2314 PICASSO RESIDENCE,3.163502,101.734811,,rapidbus_kl,1433
1003762,KL2309 TAMAN DATO KERAMAT (SELATAN),3.165777,101.733961,,rapidbus_kl,1434
1001835,KL192 LRT WANGSA MAJU,3.204959,101.732321,,rapidbus_kl,1435
1000750,KL193 TAR VILLA,3.2069624635304,101.72975527444,,rapidbus_kl,1436
1006115,KL2100 SURAU TMN BUNGA RAYA (OPP),3.213076,101.729456,,rapidbus_kl,1437
1006116,UTAR PINTU 4 (OPP),3.214716,101.730167,,rapidbus_kl,1438
1003847,KL163 UTAR MAIN GATE (OPP),3.214896,101.728557,,rapidbus_kl,1439
1006117,UTAR PINTU 2 (OPP),3.213626,101.727132,,rapidbus_kl,1440
1002558,KL980 SURAU AL-AMIN,3.214176,101.721755,,rapidbus_kl,1441
1008381,KL981 INDAH APARTMENT,3.211786,101.720964,,rapidbus_kl,1442
1008387,KL970 DANAU KOTA APARTMENT (OPP),3.208683,101.719969,,rapidbus_kl,1443
1007537,KL942 PV12 RESIDENCE,3.206814,101.717428,,rapidbus_kl,1444
1007538,KL1519 AEON BIG DANAU KOTA,3.204432,101.715764,,rapidbus_kl,1445
1007539,KL1520 PV15 PLATINUM,3.202479,101.716971,,rapidbus_kl,1446
1003849,KL1598 COLUMBIA HOSPITAL,3.200977,101.718495,,rapidbus_kl,1447
1007521,KL680 SETAPAK SENTRAL (SELATAN),3.202388,101.720442,,rapidbus_kl,1448
1006118,KL940 SETAPAK CENTRAL,3.204846,101.720942,,rapidbus_kl,1449
1008388,KL971 DANAU KOTA APARTMENT,3.208892,101.719771,,rapidbus_kl,1450
1008382,KL972 INDAH APARTMENT (OPP),3.212288,101.720757,,rapidbus_kl,1451
1008380,KL973 VISTA WIRAJAYA,3.215423,101.722522,,rapidbus_kl,1452
1002545,UTAR PINTU 2,3.213774,101.727103,,rapidbus_kl,1453
1003846,KL162 UTAR MAIN GATE,3.2152638066092,101.7292470894,,rapidbus_kl,1454
1003489,UTAR PINTU 4,3.214897,101.730169,,rapidbus_kl,1455
1008325,KL2101 SURAU TAMAN BUNGA RAYA,3.213066,101.729618,,rapidbus_kl,1456
1003848,KL169 TAR VILLA,3.2074455955313,101.72952884294,,rapidbus_kl,1457
1001834,KL170 LRT WANGSA MAJU,3.205606,101.731913,,rapidbus_kl,1458
1006268,KL172 FLAT BLOK G9,3.209006,101.732225,,rapidbus_kl,1459
1002266,KL173 PUSAT PENJAJA SEKSYEN 2,3.211222,101.733151,,rapidbus_kl,1460
1000349,KL174 BLOK E10 (OPP),3.2118968009637,101.73527509179,,rapidbus_kl,1461
1000345,KL175 BLOK C14,3.210641,101.737187,,rapidbus_kl,1462
1000344,KL176 HOSPITAL TENTERA TUANKU MIZAN,3.2091975809309,101.7380061917,,rapidbus_kl,1463
1000341,KL177 BLOK A5,3.2070661975135,101.73854492429,,rapidbus_kl,1464
1000330,KL178 BLOK 5,3.2057653046191,101.73737386896,,rapidbus_kl,1465
1007524,KL725 RAMPAI COURT (SELATAN),3.192312,101.734184,,rapidbus_kl,1466
1003859,KL726 TAMAN MEGAN SETAPAK,3.194451,101.730545,,rapidbus_kl,1467
1003850,MASJID ABU UBAIDAH,3.194386,101.728885,,rapidbus_kl,1468
1002273,KL713 TAMAN SETAPAK JAYA (UTARA),3.192257,101.727729,,rapidbus_kl,1469
1002972,(M) KL717 TAMAN SRI RAMPAI (BARAT),3.1915695211838,101.72947181266,,rapidbus_kl,1470
1004237,KL714 SMK TAMAN SRI RAMPAI,3.191344,101.732723,,rapidbus_kl,1471
1001006,KL2088 ITBM WANGSA MAJU (TIMUR),3.189761,101.735855,,rapidbus_kl,1472
1000751,KL2089 SRI LEDANG SEKSYEN 10,3.188151,101.736384,,rapidbus_kl,1473
1003617,KL723 SURAU DARUL HUDA,3.1869766768342,101.73586989756,,rapidbus_kl,1474
1000623,(M) KL724 ITBM WANGSA MAJU (OPP),3.18951233074,101.73506316042,,rapidbus_kl,1475
1003603,KL820 WANGSA 118,3.195604,101.741666,,rapidbus_kl,1476
1000458,KL821 KOMERSIAL WANGSA DELIMA,3.197132,101.742443,,rapidbus_kl,1477
1003206,KL824 SHELL WANGSA MAJU (OPP),3.196349955598,101.74497117936,,rapidbus_kl,1478
1003681,AJ42 HENTIAN BUKIT INDAH,3.1477654134509,101.7768368781,,rapidbus_kl,1479
1000794,AJ43 FLAT TAMAN KOSAS,3.147311,101.776135,,rapidbus_kl,1480
1003349,AJ34 SMK TAMAN KOSAS,3.149586,101.772821,,rapidbus_kl,1481
1000566,AJ117 DEWAN UDA JAYA,3.1507535800137,101.77176330116,,rapidbus_kl,1482
1003150,AJ118 SAR KAFA (OPP),3.1518162411025,101.77016472392,,rapidbus_kl,1483
1002898,AJ119 TAMAN RASMI JAYA,3.152882,101.768627,,rapidbus_kl,1484
1003989,AJ120 TAMAN AMPANG PRIMA,3.154346,101.767778,,rapidbus_kl,1485
1003884,AJ306 TUDOR COURT APARTMENT (OPP),3.155404,101.767483,,rapidbus_kl,1486
1004148,AJ121 TAMAN TAR,3.156597,101.767113,,rapidbus_kl,1487
1003426,AJ122 AMPANG JAYA (SELATAN),3.156672,101.765637,,rapidbus_kl,1488
1002878,AJ123 AMPANG JAYA (TIMUR),3.156151,101.763226,,rapidbus_kl,1489
1002808,AJ124 DEWAN MPAJ (OPP),3.158995,101.760701,,rapidbus_kl,1490
1001573,AJ125 AMPANG JAYA (UTARA),3.160621,101.760334,,rapidbus_kl,1491
1000539,AJ126 PEJABAT AHLI PARLIMEN AMPANG,3.160263,101.758386,,rapidbus_kl,1492
1007625,AJ480 KOJAYA AMPANG,3.159242,101.757478,,rapidbus_kl,1493
1007626,AJ461 SURAU AN-NAJAH,3.158941,101.755023,,rapidbus_kl,1494
1000084,AJ108 AMPANG POINT (OPP),3.1568585598718,101.75114580093,,rapidbus_kl,1495
1000083,AJ182 AMPANG POINT,3.1573348926081,101.75083358372,,rapidbus_kl,1496
1007627,AJ462 SURAU AN-NAJAH (OPP),3.159047,101.755102,,rapidbus_kl,1497
1007624,AJ464 KOJAYA AMPANG (OPP),3.159295,101.757344,,rapidbus_kl,1498
1000019,AJ465 PEJABAT AHLI PARLIMEN AMPANG (OPP),3.160374,101.758174,,rapidbus_kl,1499
1001574,AJ110 AMPANG JAYA (UTARA),3.160822,101.760381,,rapidbus_kl,1500
1002807,AJ111 DEWAN MPAJ,3.158003,101.761077,,rapidbus_kl,1501
1003006,AJ304 AMPANG JAYA (TIMUR),3.156284,101.763194,,rapidbus_kl,1502
1003038,AJ113 AMPANG JAYA (SELATAN),3.156816,101.765401,,rapidbus_kl,1503
1004149,AJ114 TUDOR COURT APARTMENT,3.155569,101.767553,,rapidbus_kl,1504
1000089,AJ115 TAMAN AMPANG PRIMA,3.154307,101.767913,,rapidbus_kl,1505
1002897,AJ343 TAMAN RASMI JAYA,3.153109,101.768563,,rapidbus_kl,1506
1003151,AJ116 SAR KAFA,3.1519495265955,101.77028774322,,rapidbus_kl,1507
1003812,AJ35 TAMAN AMPANG INDAH,3.150746,101.772357,,rapidbus_kl,1508
1002970,AJ36 TAMAN BUKIT INDAH (BARAT),3.152855,101.773653,,rapidbus_kl,1509
1003435,AJ37 EMERALD CONDOMINIUM,3.155546,101.773785,,rapidbus_kl,1510
1000609,AJ38 SK TAMAN BUKIT INDAH (OPP),3.157005,101.775765,,rapidbus_kl,1511
1003436,AJ39 TAMAN REKREASI BUKIT INDAH,3.152697,101.778398,,rapidbus_kl,1512
1003783,AJ40 TAMAN BUKIT INDAH (TIMUR),3.150916,101.778412,,rapidbus_kl,1513
1000546,AJ29 APARTMENT CEMPAKA,3.1553037391852,101.75383692473,,rapidbus_kl,1514
1003933,AJ30 TAMAN AHMAD RAZALI,3.1530076058383,101.75787275393,,rapidbus_kl,1515
1004117,AJ420 TEMPLE NINE EMPORER (OPP),3.142033,101.764982,,rapidbus_kl,1516
1000005,AJ49 MERDEKA PLACE,3.139046,101.764376,,rapidbus_kl,1517
1007640,AJ50 APARTMENT MERDEKA VILLA,3.136891,101.764566,,rapidbus_kl,1518
1001258,AJ328 KG BARU AMPANG,3.136188,101.764729,,rapidbus_kl,1519
1002863,AJ51 MERDEKA RIA INDUSTRIAL PARK,3.135057,101.765739,,rapidbus_kl,1520
1003283,AJ418 SK AMPANG CAMPURAN (OPP),3.133742,101.768661,,rapidbus_kl,1521
1003737,AJ147 KG AMPANG CAMPURAN,3.132094,101.769243,,rapidbus_kl,1522
1001315,AJ148 APARTMENT MESRA VILLA,3.132015,101.771306,,rapidbus_kl,1523
1003724,AJ149 SRI TAMAN BARU (UTARA),3.129224,101.772499,,rapidbus_kl,1524
1003803,AJ142 SRI TAMAN BARU (TIMUR),3.128915,101.773578,,rapidbus_kl,1525
1002797,AJ433 PETRONAS PERMAI JAYA,3.129316,101.775783,,rapidbus_kl,1526
1001925,AJ417 DEWAN KEMAS,3.128506,101.777543,,rapidbus_kl,1527
1002384,AJ84 PEKAN TASEK PERMAI,3.128045,101.780096,,rapidbus_kl,1528
1001711,AJ85 KG TASEK PERMAI (SELATAN),3.129898,101.780878,,rapidbus_kl,1529
1003479,AJ86 KG TASEK PERMAI/MADRASAH (UTARA),3.130855,101.780913,,rapidbus_kl,1530
1003795,AJ87 KG INDAH PERMAI (BARAT),3.132767,101.781755,,rapidbus_kl,1531
1001348,AJ88 KG INDAH PERMAI (UTARA),3.132952,101.783795,,rapidbus_kl,1532
1003461,AJ89 KG INDAH PERMAI (TIMUR),3.133111,101.784786,,rapidbus_kl,1533
1000716,AJ75 FLAT TAMAN MULIA JAYA (OPP),3.133322,101.787977,,rapidbus_kl,1534
1000971,AJ76 HENTIAN TAMAN MULIA JAYA,3.1319488465415,101.78806435634,,rapidbus_kl,1535
1000717,AJ77 FLAT TAMAN MULIA JAYA,3.133246,101.788143,,rapidbus_kl,1536
1003462,AJ78 KG INDAH PERMAI (TIMUR),3.133122,101.785073,,rapidbus_kl,1537
1001349,AJ79 KG INDAH PERMAI (UTARA),3.132849,101.783992,,rapidbus_kl,1538
1003794,AJ80 KG INDAH PERMAI (BARAT),3.132666,101.781826,,rapidbus_kl,1539
1002935,AJ81 KG TASEK PERMAI (UTARA),3.131083,101.781095,,rapidbus_kl,1540
1001712,AJ82 KG TASEK PERMAI (SELATAN),3.129867,101.780974,,rapidbus_kl,1541
1002385,AJ83 PEKAN TASEK PERMAI,3.127895,101.780201,,rapidbus_kl,1542
1000567,AJ432 DEWAN KEMAS PERMAI,3.128398,101.777535,,rapidbus_kl,1543
1003252,AJ140 SEKOLAH AGAMA PERMAI,3.128969,101.77625,,rapidbus_kl,1544
1003804,AJ141 SRI TAMAN BARU (TIMUR),3.128748,101.773474,,rapidbus_kl,1545
1003723,AJ143 SRI TAMAN BARU (UTARA),3.129363,101.772317,,rapidbus_kl,1546
1001316,AJ144 APARTMENT MESRA VILLA,3.131902,101.771246,,rapidbus_kl,1547
1002894,AJ145 KG AMPANG CAMPURAN,3.131979,101.769332,,rapidbus_kl,1548
1003282,AJ146 SK AMPANG CAMPURAN,3.1339208474838,101.76811485672,,rapidbus_kl,1549
1002864,AJ57 MERDEKA RIA INDUSTRIAL PARK,3.135025,101.765976,,rapidbus_kl,1550
1001301,AJ58 KG BARU AMPANG,3.1354147255888,101.76455982051,,rapidbus_kl,1551
1002816,AJ59 APARTMENT MERDEKA VILLA (OPP),3.137389,101.764128,,rapidbus_kl,1552
1000023,AJ60 MERDEKA PLACE,3.139103,101.764232,,rapidbus_kl,1553
1004118,AJ419 TEMPLE NINE EMPORER,3.141898,101.764807,,rapidbus_kl,1554
1003421,AJ105 SPECTRUM MALL,3.144997,101.764705,,rapidbus_kl,1555
1003210,AJ104 AMPANG WATERFRONT 1,3.147509,101.765774,,rapidbus_kl,1556
1003147,AJ426 SJKT AMPANG,3.148356,101.763863,,rapidbus_kl,1557
1001782,AJ106 LRT AMPANG,3.1512231111515,101.76044748293,,rapidbus_kl,1558
1003932,AJ325 FLAT TAMAN DATO AHMAD RAZALI,3.152752,101.757763,,rapidbus_kl,1559
1000853,AJ63 AMPANG WATERFRONT 3,3.143428,101.777202,,rapidbus_kl,1560
1003562,AJ64 SIMPANG LEMBAH JAYA,3.143476,101.780809,,rapidbus_kl,1561
1007628,AJ311 KG LEMBAH JAYA UTARA,3.144753,101.786825,,rapidbus_kl,1562
1001148,AJ65 APARTMENT DESA PERMAI (UTARA),3.147114,101.788099,,rapidbus_kl,1563
1000963,AJ66 HENTIAN LEMBAH JAYA UTARA,3.1494989114735,101.79111145871,,rapidbus_kl,1564
1001149,AJ67 APARTMENT DESA PERMAI (UTARA),3.146261,101.787794,,rapidbus_kl,1565
1007629,AJ68 KG LEMBAH JAYA UTARA,3.144473,101.786796,,rapidbus_kl,1566
1003563,AJ96 SIMPANG LEMBAH JAYA,3.1429451267456,101.78124187939,,rapidbus_kl,1567
1001283,AJ97 KOMERSIAL AMPANG,3.143167,101.778132,,rapidbus_kl,1568
1001093,AJ98 AMPANG WATERFRONT 3,3.143148,101.776899,,rapidbus_kl,1569
1001254,AJ100 AMPANG WATERFRONT 2 (TIMUR),3.143197,101.773386,,rapidbus_kl,1570
1003514,AJ101 AMPANG WATERFRONT (BARAT),3.144586,101.770723,,rapidbus_kl,1571
1000447,AJ102 KOMERSIAL BANDAR BARU AMPANG,3.1462402069788,101.76847121536,,rapidbus_kl,1572
1002604,AJ183 PPR HILIRAN AMPANG,3.150669,101.746244,,rapidbus_kl,1573
1000026,AJ184 RISDA ESTATES,3.150402,101.749057,,rapidbus_kl,1574
1003237,AJ467 TAMAN ANGSANA HILIR,3.148681,101.750596,,rapidbus_kl,1575
1001146,AJ448 PUSAT KOMERSIAL TAMAN CITY,3.147068,101.750625,,rapidbus_kl,1576
1001535,AJ208 KG PANDAN DALAM (TIMUR),3.1458889584288,101.74995830536,,rapidbus_kl,1577
1001876,AJ437 MASJID AL HIDAYAH,3.145886,101.748237,,rapidbus_kl,1578
1006677,AJ214 KG PANDAN DALAM (UTARA),3.144899,101.745847,,rapidbus_kl,1579
1001271,AJ215 KG PANDAN DALAM (SELATAN),3.141962,101.745855,,rapidbus_kl,1580
1000791,AJ195 FLAT TAMAN BAKTI/LRT PANDAN INDAH (OPP),3.136207,101.745486,,rapidbus_kl,1581
1000179,AJ196 AXIS ATRIUM (OPP),3.137571,101.747641,,rapidbus_kl,1582
1003717,AJ210 SURAU AL-FALAH (OPP),3.139393,101.748089,,rapidbus_kl,1583
1008475,AJ211 KG PANDAN DALAM,3.140819,101.746984,,rapidbus_kl,1584
1001270,AJ212 KG PANDAN DALAM (SELATAN),3.141211,101.745734,,rapidbus_kl,1585
1001877,AJ439 MASJID AL HIDAYAH (OPP),3.146045,101.747761,,rapidbus_kl,1586
1001534,AJ209 KG PANDAN DALAM (TIMUR),3.146073,101.749865,,rapidbus_kl,1587
1002936,AJ471 PUSAT KOMERSIAL TAMAN CITY,3.147418,101.750515,,rapidbus_kl,1588
1002077,AJ466 TAMAN ANGSANA HILIR,3.148819,101.750501,,rapidbus_kl,1589
1008476,AJ185 KIARA DUTA KONDOMINIUM,3.150109,101.752818,,rapidbus_kl,1590
1000818,AJ186 DAGANG AVENUE,3.148957,101.755191,,rapidbus_kl,1591
1008477,AJ107 APARTMENT CEMPAKA (OPP),3.154139,101.754928,,rapidbus_kl,1592
1003322,AJ46 SK TAMAN KOSAS,3.148325,101.773321,,rapidbus_kl,1593
1001165,AJ422 APARTMENT ASTARIA,3.146766,101.772187,,rapidbus_kl,1594
1000020,AJ47 APARTMENT ASTARIA (OPP),3.146559,101.771882,,rapidbus_kl,1595
1002347,AJ33 SK TAMAN KOSAS (OPP),3.148576,101.773337,,rapidbus_kl,1596
1000353,AJ220 APARTMENT KEDIDI,3.136605,101.754181,,rapidbus_kl,1597
1000352,AJ221 APARTMENT NURI COURT (OPP),3.135821,101.756281,,rapidbus_kl,1598
1002683,AJ222 APARTMENT MERPATI (OPP),3.1339107787547,101.75761899907,,rapidbus_kl,1599
1003691,AJ444 PANDAN INDAH AUTOCITY,3.132979,101.760232,,rapidbus_kl,1600
1001652,AJ338 APARTMENT PANDAN MEWAH,3.130683,101.763221,,rapidbus_kl,1601
1000922,AJ131 HOSPITAL AMPANG (BARAT),3.1278323701852,101.76314571775,,rapidbus_kl,1602
1003221,AJ132 SMK PANDAN MEWAH,3.1255546299557,101.76305720276,,rapidbus_kl,1603
1002489,AJ249 PARAGON POINT (SELATAN),3.119658,101.763299,,rapidbus_kl,1604
1008643,AJ342 TAMAN MELUR (BARAT),3.118146,101.763393,,rapidbus_kl,1605
1008644,AJ404 TAMAN SERAYA (UTARA),3.116481,101.763662,,rapidbus_kl,1606
1002321,AJ251 PERUMAHAN TERATAI,3.114785,101.765283,,rapidbus_kl,1607
1004285,AJ252 PERUMAHAN TAMAN MELUR 1,3.117204,101.767782,,rapidbus_kl,1608
1001996,AJ253 TAMAN MELUR (SELATAN),3.119658,101.769875,,rapidbus_kl,1609
1001312,AJ445 TAMAN MELUR (UTARA),3.120937,101.770215,,rapidbus_kl,1610
1002323,AJ298 TAMAN REKREASI KG TASIK TAMBAHAN,3.1217719764344,101.77123592579,,rapidbus_kl,1611
1001252,AJ299 PASAR TASIK TAMBAHAN,3.123152,101.774828,,rapidbus_kl,1612
1003576,AJ300 TAMAN SERI BAYU,3.125271,101.776535,,rapidbus_kl,1613
1001768,AJ340 KG TASIK TAMBAHAN (TIMUR),3.126855,101.770104,,rapidbus_kl,1614
1001559,AJ416 KG TASIK TAMBAHAN (UTARA),3.126018,101.769023,,rapidbus_kl,1615
1003509,AJ151 KG TASIK TAMBAHAN (BARAT),3.12346615344,101.76833017204,,rapidbus_kl,1616
1003876,AJ152 TAMAN PUTRA AMPANG (TIMUR),3.122185,101.768541,,rapidbus_kl,1617
1000640,AJ154 PUTERI PARK PLAZA,3.120411,101.764263,,rapidbus_kl,1618
1000636,AJ177 STOR MPAJ,3.132183,101.762236,,rapidbus_kl,1619
1002320,AJ434 PANDAN INDAH AUTOCITY,3.132713,101.760186,,rapidbus_kl,1620
1000964,AJ468 HUB PANDAN INDAH,3.134093,101.753511,,rapidbus_kl,1621
1000927,AJ162 HOSPITAL PANTAI AMPANG,3.1288426651762,101.7518377104,,rapidbus_kl,1622
1000189,AJ163 BALAI POLIS PANDAN INDAH (OPP),3.127884,101.750843,,rapidbus_kl,1623
1003307,AJ164 SK PANDAN INDAH,3.125424,101.751033,,rapidbus_kl,1624
1007302,(M) AJ256 FLAT INTAN,3.111956,101.758202,,rapidbus_kl,1625
1001486,AJ257 TAMAN INDUSTRI BUKIT PERMAI,3.110905,101.756626,,rapidbus_kl,1626
1000874,AJ259 GLENVIEW VILLA,3.111358,101.753737,,rapidbus_kl,1627
1003418,AJ260 DATARAN MESTIKA,3.113255,101.755013,,rapidbus_kl,1628
1001262,AJ265 TAMAN MUDA (SELATAN),3.114418,101.758672,,rapidbus_kl,1629
1003306,AJ170 SK PANDAN INDAH,3.125210333429,101.75094395968,,rapidbus_kl,1630
1003689,AJ171 KOMERSIAL PANDAN INDAH,3.129133,101.752023,,rapidbus_kl,1631
1000110,AJ174 PANGSAPURI SRI INAI,3.129512,101.757193,,rapidbus_kl,1632
1003811,AJ175 PERUMAHAN PANDAN INDAH 4,3.1301713333459,101.75901428473,,rapidbus_kl,1633
1000854,TAMAN KOTA CHERAS FASA 1,3.060632,101.772207,,rapidbus_kl,1634
1002809,KJ38 TAMAN SUNTEX,3.0713270806228,101.76731929123,,rapidbus_kl,1635
1003288,KJ39 SK BT 9 (OPP),3.070484956708,101.76874376578,,rapidbus_kl,1636
1000193,KJ40 BALAI POLIS BT 9 (OPP),3.0689271880417,101.77057332421,,rapidbus_kl,1637
1000445,KJ53 POS MALAYSIA BT 9 (OPP),3.068602,101.772155,,rapidbus_kl,1638
1001543,KJ54 KLINIK KESIHATAN BT 9,3.0693118789177,101.77486220334,,rapidbus_kl,1639
1003964,KJ55 TAMAN SRI MELAKA,3.0697241728812,101.77690973813,,rapidbus_kl,1640
1003287,KJ56 KG BKT RAYA,3.0706363290665,101.78016330768,,rapidbus_kl,1641
1000251,KJ57 SK BUKIT RAYA,3.0725249701448,101.78255316506,,rapidbus_kl,1642
1004084,KJ59 IDAMAN VILLAS,3.0767741924285,101.78311995003,,rapidbus_kl,1643
1000188,KJ60 KG BUKIT RAYA (SELATAN),3.0779296183265,101.78399103623,,rapidbus_kl,1644
1000214,KJ61 BALAI RAYA KG BKT RAYA,3.0802980589387,101.78557158792,,rapidbus_kl,1645
1000592,KJ663 TAMAN LANGAT CERIA,3.0816778720529,101.78694626291,,rapidbus_kl,1646
1003970,TMN DESA PELANGI,3.0837781662312,101.78812664494,,rapidbus_kl,1647
1003319,KJ64 SK SG SERAI,3.0871443597832,101.7908260931,,rapidbus_kl,1648
1002393,KJ66 SAR SG SERAI,3.0918995188852,101.79453387377,,rapidbus_kl,1649
1001304,KJ67 KG SG SERAI,3.093904538643,101.79599037075,,rapidbus_kl,1650
1002803,KJ68 TAMAN BUKIT SEKAWAN,3.0953320125377,101.79737326028,,rapidbus_kl,1651
1004017,(M) KJ69 TAMAN LAGENDA SURIA,3.097554,101.799847,,rapidbus_kl,1652
1001429,KJ70 TAMAN CEMPAKA,3.1002102866708,101.8025700633,,rapidbus_kl,1653
1004063,KJ71 TAMAN SRI NANDING,3.1038224213823,101.80602434468,,rapidbus_kl,1654
1001841,KJ72 MADRASAH KG DUSUN,3.105598285681,101.80787759431,,rapidbus_kl,1655
1000163,KJ73 KG SG MICHU,3.1088777925046,101.81095292433,,rapidbus_kl,1656
1000560,KJ74 DEWAN DATO NAZIR,3.1116603262093,101.81486800981,,rapidbus_kl,1657
1002439,KJ75 PERTUBUHAN PELADANG,3.1137830113678,101.81591572928,,rapidbus_kl,1658
1001458,KJ77 SMK ABDUL JALIL,3.1181307348531,101.81861147702,,rapidbus_kl,1659
1002283,KJ78 KG RANTAU PANJANG,3.1206591729012,101.82041997814,,rapidbus_kl,1660
1000667,KJ79 FELCRA SEMUNGKIS,3.1225786593045,101.82154211687,,rapidbus_kl,1661
1001463,KJ80 KG SG SEMUNGKIS,3.1244447453413,101.822966975,,rapidbus_kl,1662
1002040,KJ81 TAMAN SRI KUNDANG,3.129497051371,101.829648795,,rapidbus_kl,1663
1000851,KJ82 BALAIRAYA KG BT 15,3.1307331492593,101.83123811104,,rapidbus_kl,1664
1001745,KJ83 KG DUSUN TUA,3.1342458069758,101.83246054503,,rapidbus_kl,1665
1001289,KJ84 IKBN (OPP),3.1373223728962,101.83461000411,,rapidbus_kl,1666
1003598,KJ85 SRA DUSUN TUA,3.1396687819175,101.83588315772,,rapidbus_kl,1667
1008298,KJ86 MASJID AL-MUTTAQIN,3.145866,101.838494,,rapidbus_kl,1668
1003296,KJ87 SK DUSUN TUA,3.1506543794203,101.83897428427,,rapidbus_kl,1669
1001068,KJ88 BALAIRAYA BT 17 (OPP),3.1554004248416,101.84300821349,,rapidbus_kl,1670
1002725,KJ89 PUSAT PERTANIAN BT 18,3.1624857994595,101.84686809498,,rapidbus_kl,1671
1002370,KJ90 TAMAN IMPIAN WARISAN BT 18,3.1649670822494,101.84780113481,,rapidbus_kl,1672
1008299,KJ91 SRA BT 18,3.168425,101.851184,,rapidbus_kl,1673
1001439,KJ92 KG KUALA PERDIK,3.1744888386773,101.85443133827,,rapidbus_kl,1674
1003302,KJ93 SK LUBOK KELUBI,3.1775714923531,101.85594797731,,rapidbus_kl,1675
1003599,KJ94 SRA KG KUALA PERDIK,3.1792697247434,101.85639512393,,rapidbus_kl,1676
1001930,KJ95 MASJID KG LUBOK KELUBI,3.1860449404394,101.85401100725,,rapidbus_kl,1677
1001310,KJ96 KG PADANG,3.1884529595376,101.85325608727,,rapidbus_kl,1678
1002441,PERUMAHAN JAB HUTAN,3.1963138264778,101.85593775419,,rapidbus_kl,1679
1001836,LUBUK MANGGIS,3.2083830789555,101.8608817634,,rapidbus_kl,1680
1003127,SEK KUALA PANGSUN,3.2112442522366,101.87084740041,,rapidbus_kl,1681
1004106,(M) TNB PANGSUN,3.2101995144815,101.87622584113,,rapidbus_kl,1682
1003126,SEK KUALA PANGSUN,3.2110521876297,101.87072687204,,rapidbus_kl,1683
1001448,KG ORANG ASLI,3.2082036874913,101.86059967108,,rapidbus_kl,1684
1002585,PONDOK PERMAI,3.2038985002409,101.85881740555,,rapidbus_kl,1685
1002442,PERUMAHAN JAB HUTAN,3.1961376920432,101.85613802957,,rapidbus_kl,1686
1004105,KJ108 KG PADANG,3.1887769258602,101.85351417498,,rapidbus_kl,1687
1001934,KJ109 MASJID KG LUBOK KELUBI,3.1862372091969,101.85418699455,,rapidbus_kl,1688
1003600,KJ110 SRA KG KUALA PERDIK,3.1791238943816,101.85658196228,,rapidbus_kl,1689
1003303,KJ111 SK LUBOK KELUBI (OPP),3.1773512607854,101.85616632487,,rapidbus_kl,1690
1001438,KJ112 KG KUALA PERDIK,3.1749698250181,101.85502446953,,rapidbus_kl,1691
1001320,KJ113 SRA BT 18,3.168129,101.851242,,rapidbus_kl,1692
1002371,KJ134 SJKC CHONG HWA BT 18,3.164276,101.847754,,rapidbus_kl,1693
1002657,KJ135 PUSAT PERTANIAN BT 18,3.1629070221777,101.8472392572,,rapidbus_kl,1694
1002421,KJ136 BALAIRAYA BT 17,3.1548935062141,101.8430070433,,rapidbus_kl,1695
1001684,KJ137 KS DUSUN TUA (OPP),3.1507738008015,101.83930337756,,rapidbus_kl,1696
1001879,KJ138 MASJID AL-MUTTAQIN (OPP),3.1454582772019,101.8386818012,,rapidbus_kl,1697
1000571,KJ139 SRA DUSUN TUA,3.139069173732,101.83584954701,,rapidbus_kl,1698
1001288,KJ140 IKBN,3.1370349445907,101.83448455706,,rapidbus_kl,1699
1001746,KJ141 KG DUSUN TUA,3.1337437088165,101.83257141607,,rapidbus_kl,1700
1002682,KJ142 BALAIRAYA KG BT 15 (OPP),3.1303879207464,101.83115007063,,rapidbus_kl,1701
1002039,KJ143 TAMAN SRI KUNDANG,3.1292098558961,101.82951460733,,rapidbus_kl,1702
1001464,KJ144 KG SG SEMUNGKIS,3.1244860131703,101.82338430668,,rapidbus_kl,1703
1002691,KJ145 SIMPANG FELCRA SEMUNGKIS,3.1228693535946,101.82193020899,,rapidbus_kl,1704
1001840,KJ146 KG RANTAU PANJANG,3.1203737583382,101.8204902357,,rapidbus_kl,1705
1001459,KJ147 SMK ABDUL JALIL (OPP),3.1178845659246,101.81868835002,,rapidbus_kl,1706
1003976,KJ148 TAMAN INDAH JAYA,3.1158085314885,101.81696414859,,rapidbus_kl,1707
1002493,KJ149 PERTUBUHAN PELADANG (OPP),3.113643,101.816105,,rapidbus_kl,1708
1000561,KJ150 DEWAN DATO NAZIR (OPP),3.111908909242,101.81528682382,,rapidbus_kl,1709
1000164,KJ151 KG SG MICHU,3.1087448572071,101.81116444099,,rapidbus_kl,1710
1001356,KJ152 KG NANDING,3.1060723688691,101.80861263106,,rapidbus_kl,1711
1002379,(M) KJ154 TAMAN SRI NANDING,3.1033235120799,101.80582551666,,rapidbus_kl,1712
1002496,KJ155 TAMAN DESA RAYA,3.0999169669295,101.80254118212,,rapidbus_kl,1713
1004064,(M) KJ156 TAMAN LAGENDA SURIA,3.0986745826138,101.8015116355,,rapidbus_kl,1714
1008297,KJ157 TAMAN BUKIT SEKAWAN,3.095118,101.797413,,rapidbus_kl,1715
1001303,KJ158 KG SG SERAI,3.0934597133715,101.79591176978,,rapidbus_kl,1716
1002392,PEMBINAAN HJ ARIFFIN,3.0886400874479,101.79239562579,,rapidbus_kl,1717
1000215,KJ161 BALAI RAYA KG SG SERAI,3.0859196341464,101.7899665473,,rapidbus_kl,1718
1001465,KG SG SERAI,3.0837756801332,101.78834757149,,rapidbus_kl,1719
1001612,KJ164 KOLEKSI ANGGERIK,3.0816525935469,101.78727909564,,rapidbus_kl,1720
1003969,KJ165 TMN DESA PELANGI,3.0797332737136,101.78547665604,,rapidbus_kl,1721
1000591,KJ166 KG BUKIT RAYA,3.0776664221527,101.78419188827,,rapidbus_kl,1722
1004085,KJ170 IDAMAN VILLAS (OPP),3.0764997842872,101.7832031617,,rapidbus_kl,1723
1000252,KJ210 SK BUKIT RAYA (OPP),3.0720640075584,101.78257394712,,rapidbus_kl,1724
1000475,KJ256 LANGAT JAYA CONDOMINIUM,3.0701051471868,101.77929295802,,rapidbus_kl,1725
1003963,KJ257 TAMAN SRI MELAKA,3.0694391378586,101.77632489573,,rapidbus_kl,1726
1008296,KJ258 KLINIK KESIHATAN BT 9 (OPP),3.069073,101.774764,,rapidbus_kl,1727
1008295,KL259 POS MALAYSIA BT 9,3.068404,101.771965,,rapidbus_kl,1728
1000194,KJ50 BALAI POLIS BT 9,3.068623,101.770524,,rapidbus_kl,1729
1003289,KJ39 SK BT 9 (OPP),3.0698709985358,101.76915729009,,rapidbus_kl,1730
1000400,KJ52 TAMAN SUNTEX,3.0712014007753,101.76714752776,,rapidbus_kl,1731
1000532,HENTIAN PEKAN BERANANG,2.872432,101.870582,,rapidbus_kl,1732
1000563,KJ600 KOMPLEKS PENGHULU MUKIM BERANANG,2.874542,101.872033,,rapidbus_kl,1733
1002811,KJ601 KG MACHANG HILIR,2.8758368632738,101.87243549496,,rapidbus_kl,1734
1007631,KJ602 KG SESAPAN BUKIT REMBAU,2.878001,101.872035,,rapidbus_kl,1735
1001160,KJ603 JLN SASAPAN KELUBI,2.880919,101.871192,,rapidbus_kl,1736
1000402,KJ604 KG SESAPAN KELUBI (UTARA),2.885753,101.870429,,rapidbus_kl,1737
1003979,KJ605 TAMAN PERINDUSTRIAN MAHKOTA,2.889742,101.870479,,rapidbus_kl,1738
1001718,KJ606 TAMAN PKNS BERANANG,2.892359,101.870404,,rapidbus_kl,1739
1003451,KJ608 SEMENYIH PARKLANDS,2.896233,101.869003,,rapidbus_kl,1740
1001597,KJ609 KOLEJ PROFESIONAL MARA,2.903866,101.867111,,rapidbus_kl,1741
1001609,KJ610 KOLEJ TINGGI MARA JAPAN,2.905437,101.863768,,rapidbus_kl,1742
1000108,KJ612 PANGSAPURI BAIDURI BLOK H,2.903506,101.861686,,rapidbus_kl,1743
1001357,KJ615 KOLEJ TINGGI MARA JAPAN (OPP),2.905674,101.863736,,rapidbus_kl,1744
1003854,KJ616 PUSAT KEMAHIRAN MARA BERANANG,2.906414,101.866473,,rapidbus_kl,1745
1001717,KJ618 BANDAR TASIK KESUMA FASA 4,2.913774,101.863854,,rapidbus_kl,1746
1003313,KJ619 PELANGI SEMENYIH 2,2.915586,101.863078,,rapidbus_kl,1747
1001339,KJ620 TAMAN MUTIARA RINCHING,2.920237,101.861834,,rapidbus_kl,1748
1003136,KJ621 SJKT LADANG RINCHING,2.9229456247946,101.86038142327,,rapidbus_kl,1749
1007634,KJ622 SETIA ECOHILL MALL,2.925481,101.857485,,rapidbus_kl,1750
1003911,(M) KJ623 LOTUS SEMENYIH (OPP),2.930202,101.855492,,rapidbus_kl,1751
1004067,KJ624 SEKSYEN 4 SEMENYIH,2.932643,101.854028,,rapidbus_kl,1752
1000607,KJ626 KG SENTOSA,2.945764,101.847881,,rapidbus_kl,1753
1001314,KJ630 DEWAN KOMUNITI SEMENYIH,2.949037,101.846218,,rapidbus_kl,1754
1003316,KJ631 SK SEMENYIH,2.950391,101.845552,,rapidbus_kl,1755
1002747,KJ632 TAMAN SEMENYIH,2.952695,101.844579,,rapidbus_kl,1756
1001287,KJ633 TAMAN DESA SEMENYIH,2.955701,101.843763,,rapidbus_kl,1757
1004012,KJ634 TAMAN AIN ANN/VISTA VALLEY,2.958225,101.840598,,rapidbus_kl,1758
1002190,KJ489 BANDAR TEKNOLOGI KAJANG,2.973824,101.830574,,rapidbus_kl,1759
1001552,KJ498 KLINIK KESIHATAN KAJANG (OPP),2.978002,101.825625,,rapidbus_kl,1760
1007637,KJ499 TAMAN MAJU KAJANG,2.979664,101.820014,,rapidbus_kl,1761
1000954,KJ500 KAJANG PRIMA,2.983647,101.815753,,rapidbus_kl,1762
1003364,KJ501 KOLEJ VOKASIONAL KAJANG (OPP),2.985768,101.812394,,rapidbus_kl,1763
1003978,KJ502 TAMAN DAMAI INDAH,2.987309,101.807557,,rapidbus_kl,1764
1004094,KJ503 TAMAN ZAMRUD KAJANG,2.988045,101.803731,,rapidbus_kl,1765
1001363,KJ504 TAMAN LEMBAH MEWAH,2.990019,101.800207,,rapidbus_kl,1766
1002026,KJ505 KOMPLEKS METRO POINT,2.991966,101.794467,,rapidbus_kl,1767
1007638,KJ472 KOMERSIAL BANDAR KAJANG,2.993154,101.790179,,rapidbus_kl,1768
1000923,KJ473 HOSPITAL KAJANG,2.992596,101.793436,,rapidbus_kl,1769
1003366,KJ479 KOMPLEKS METRO POINT (OPP),2.991985,101.795188,,rapidbus_kl,1770
1003543,KJ480 TAMAN SG JELOK,2.991094,101.799421,,rapidbus_kl,1771
1004093,KJ481 TAMAN ZAMRUD KAJANG,2.988403,101.803434,,rapidbus_kl,1772
1000295,KJ482 TAMAN RESTU 7,2.987562,101.807948,,rapidbus_kl,1773
1003228,KJ483 KOLEJ VOKASIONAL KAJANG,2.985496,101.813125,,rapidbus_kl,1774
1003365,KJ484 KAJANG PRIMA,2.984252,101.815141,,rapidbus_kl,1775
1001344,KJ485 TAMAN MAJU KAJANG,2.979789,101.820757,,rapidbus_kl,1776
1001553,KJ486 KLINIK KESIHATAN KAJANG,2.978033,101.826053,,rapidbus_kl,1777
1003840,KJ487 BANDAR TEKNOLOGI KAJANG,2.974423,101.830391,,rapidbus_kl,1778
1004013,KJ571 TAMAN AIK ANN,2.957589,101.841979,,rapidbus_kl,1779
1002804,KJ572 TAMAN DESA SEMENYIH,2.955752,101.844018,,rapidbus_kl,1780
1002034,KJ573 TAMAN SEMENYIH,2.952188,101.844895,,rapidbus_kl,1781
1007636,KJ574 KOMPLEKS PENGHULU SEMENYIH,2.950108,101.845923,,rapidbus_kl,1782
1002765,KJ575 DEWAN KOMUNITI SEMENYIH,2.948903,101.846527,,rapidbus_kl,1783
1003440,KJ576 KG SENTOSA,2.945746,101.848093,,rapidbus_kl,1784
1001013,KJ577 PETRON SEMENYIH,2.938315,101.850961,,rapidbus_kl,1785
1002552,KJ578 TAMAN PELANGI SEMENYIH,2.932952,101.854245,,rapidbus_kl,1786
1003912,(M) KJ579 LOTUS SEMENYIH,2.930099,101.855888,,rapidbus_kl,1787
1007635,KJ580 ECONSAVE RINCHING,2.926143,101.857491,,rapidbus_kl,1788
1002038,KJ581 ASCOTTE BOULEVARD,2.922809,101.860791,,rapidbus_kl,1789
1002824,KJ582 TAMAN MUTIARA RINCHING,2.918906,101.862757,,rapidbus_kl,1790
1007633,KJ583 PELANGI SEMENYIH 2,2.915968,101.863225,,rapidbus_kl,1791
1002831,KJ584 BANDAR TASIK KESUMA FASA 4,2.913912,101.864086,,rapidbus_kl,1792
1000246,KJ585 PERUMAHAN BANDAR TASIK KESUMA,2.909734,101.865672,,rapidbus_kl,1793
1001598,KJ587 KOLEJ PROFESIONAL MARA (OPP),2.903684,101.867508,,rapidbus_kl,1794
1001226,KJ588 SEMENYIH PARKLANDS,2.896654,101.869219,,rapidbus_kl,1795
1007632,KJ589 PEJABAT PERTUBUHAN PELADANG,2.894309,101.869946,,rapidbus_kl,1796
1001328,KJ590 TAMAN PKNS BERANANG,2.891338,101.870877,,rapidbus_kl,1797
1001159,KJ592 KG SESAPAN KELUBI (UTARA),2.886038,101.870613,,rapidbus_kl,1798
1007630,KJ594 KG SESAPAN BUKIT REMBAU,2.878111,101.872158,,rapidbus_kl,1799
1001282,KJ595 KG MACHANG HILIR,2.875275,101.872535,,rapidbus_kl,1800
1009090,KJ596 SRA INTEGRASI PEKAN BERANANG (OPP),2.874105,101.871876,,rapidbus_kl,1801
1001689,SJ595 KTM KOMUTER SERDANG (OPP),3.0241019628791,101.71621852279,,rapidbus_kl,1802
1003430,KJ706 KOMERSIAL TAMAN DESA SERDANG,3.009058,101.723533,,rapidbus_kl,1803
1000686,KJ368 FLAT DESA SERDANG,3.009291,101.724774,,rapidbus_kl,1804
1003971,KJ369 SMK DESA SERDANG,3.009912,101.727534,,rapidbus_kl,1805
1003432,KJ371 PERUMAHAN DESA SERDANG,3.0097960786166,101.73089073857,,rapidbus_kl,1806
1000696,KJ372 APARTMENT DESA SERDANG,3.009809,101.733348,,rapidbus_kl,1807
1000780,KJ374 APARTMENT SERI PULAI,3.0089005184331,101.73698322375,,rapidbus_kl,1808
1000781,KJ379 APARTMENT SERI PULAI (OPP),3.008451251656,101.73717708492,,rapidbus_kl,1809
1000697,(M) KJ381 KOMERSIAL TAMAN BUDIMAN,3.011867,101.736529,,rapidbus_kl,1810
1001992,KJ383 PERUSAHAAN TAMING JAYA,3.015695,101.737231,,rapidbus_kl,1811
1001498,KJ384 TAMAN INDUSTRI TAMING JAYA,3.0184592175301,101.73995330274,,rapidbus_kl,1812
1001668,KJ385 TAMAN INDUSTRI SELESA JAYA,3.019895,101.741538,,rapidbus_kl,1813
1000034,KJ386 KOMERSIAL TAMING JAYA,3.024178,101.741853,,rapidbus_kl,1814
1000489,KJ699 KOMERSIAL TAMING JAYA,3.025513,101.740462,,rapidbus_kl,1815
1003241,KJ700 SHELL TAMING JAYA,3.025295,101.735395,,rapidbus_kl,1816
1004066,KJ740 TAMAN BUKIT BELIMBING (OPP),3.024767364984,101.7337201298,,rapidbus_kl,1817
1004260,KJ701 WISMA TANJUNG BALAI,3.024359,101.730258,,rapidbus_kl,1818
1003332,SJ597 SK TAMAN SG BESI INDAH,3.0267299620342,101.7227460587,,rapidbus_kl,1819
1003923,(M) SJ598 THE MINES (OPP),3.026619,101.719623,,rapidbus_kl,1820
1006173,KL1291 KM1 BUKIT JALIL,3.058376,101.674439,,rapidbus_kl,1821
1000044,KL2020 AFC (OPP),3.0560439806125,101.67321488454,,rapidbus_kl,1822
1008703,PAVILION BUKIT JALIL,3.050082,101.673986,,rapidbus_kl,1823
1003940,KL2026 AURORA PLACE,3.054211,101.669275,,rapidbus_kl,1824
1000160,KL1293 APARTMENT ARENA GREEN,3.053789,101.688308,,rapidbus_kl,1825
1001791,KL151 LRT BKT JALIL,3.058519,101.691519,,rapidbus_kl,1826
1000612,KL1320 ENDAH VILLA CONDOMINIUM,3.0647242316022,101.6918424036,,rapidbus_kl,1827
1000613,KL1321 APT SRI ENDAH (OPP),3.064294,101.691108,,rapidbus_kl,1828
1000574,KL2027 DEWAN SRI ENDAH,3.0642100414548,101.68781556643,,rapidbus_kl,1829
1002306,KL2028 FLAT SRI ENDAH,3.063841723806,101.68891143219,,rapidbus_kl,1830
1000103,KL1322 APT TAMAN SRI ENDAH,3.064179,101.690972,,rapidbus_kl,1831
1001580,KL2029 8 PETALING CONDOMINIUM,3.066401,101.690988,,rapidbus_kl,1832
1001564,KL2031 KOMERSIAL SRI PETALING,3.0668173856689,101.692536059,,rapidbus_kl,1833
1003926,KL1313 BANK ISLAM SRI PETALING,3.068718,101.695328,,rapidbus_kl,1834
1002884,"KL1306 ZON J, BANDAR BARU SRI PETALING (UTARA)",3.069572,101.696299,,rapidbus_kl,1835
1002907,"KL1307 ZON H, BANDAR BARU SRI PETALING (UTARA)",3.069741,101.699385,,rapidbus_kl,1836
1003024,"KL1308 ZON G, SRI PETALING (TIMUR)",3.0676795159265,101.70077002231,,rapidbus_kl,1837
1000122,KL1310 ENDAH RIA CONDOMINIUM,3.064168,101.699606,,rapidbus_kl,1838
1000611,(M) KL1311 ENDAH PROMENADE,3.0639369330267,101.69740585285,,rapidbus_kl,1839
1000449,KL1312 ENDAH PARADE,3.063836,101.695435,,rapidbus_kl,1840
1001792,KL149 LRT BKT JALIL,3.058047,101.691406,,rapidbus_kl,1841
1000161,KL1299 APARTMENT ARENA GREEN (OPP),3.0518229558133,101.68870475194,,rapidbus_kl,1842
1000984,KL1550 I SHOPPE TPM,3.047908,101.688859,,rapidbus_kl,1843
1001008,KL2007 ENTERPRISE 3 TPM,3.048086,101.691714,,rapidbus_kl,1844
1002031,KL2008 MAXIS TOC TPM,3.051657,101.697283,,rapidbus_kl,1845
1004139,KL2009 TPM CARPARK,3.055012,101.702792,,rapidbus_kl,1846
1000176,KL1540 ASTRO TPM,3.052423,101.700636,,rapidbus_kl,1847
1002032,KL2010 MAXIS TOC TPM,3.051317,101.697391,,rapidbus_kl,1848
1004159,KL1542 ENTERPRISE 3 TPM,3.048593,101.692752,,rapidbus_kl,1849
1001978,KL1551 MAYBANK TPM,3.047402,101.688837,,rapidbus_kl,1850
1001072,KL2018 CALVARY CONVENTION CENTRE,3.050626,101.679712,,rapidbus_kl,1851
1000111,KL2019 ANJUNG HIJAU GREENFIELDS,3.055941,101.675214,,rapidbus_kl,1852
1006172,KL1743 GREEN AVENUE CONDOMINIUM,3.058659,101.673981,,rapidbus_kl,1853
1005059,KL2014 APARTMENT SERI CERIA,3.049908,101.654281,,rapidbus_kl,1854
1005058,KL2015 PPR PINGGIRAN BUKIT JALIL,3.047828,101.653974,,rapidbus_kl,1855
1005056,PARAGON HEIGHTS,3.046102,101.658877,,rapidbus_kl,1856
1005054,KL2016 TAMAN LTAT,3.048706,101.664286,,rapidbus_kl,1857
1006154,(M) SJ362 LRT ALAM SUTERA,3.054798,101.657387,,rapidbus_kl,1858
1001806,SJ363 TRINITY GROUP,3.053037,101.653427,,rapidbus_kl,1859
1006155,GIANT BK (OPP),3.049758,101.647706,,rapidbus_kl,1860
1006169,SJ396 SMK SEKSYEN 4 BK,3.045756,101.645926,,rapidbus_kl,1861
1000014,SJ390 PERUMAHAN BK 5,3.0431383416948,101.64181376715,,rapidbus_kl,1862
1003155,SJ391 SMK SEKSYEN 3 BK (OPP),3.039055,101.642649,,rapidbus_kl,1863
1000584,SJ392 PERUMAHAN HARMONY (OPP),3.037455,101.647072,,rapidbus_kl,1864
1002419,SJ393 PERUMAHAN PERMAI,3.0374772748177,101.6496461669,,rapidbus_kl,1865
1001698,SJ394 IPD SUBANG JAYA,3.038108,101.651419,,rapidbus_kl,1866
1000879,SJ366 KINRARA GOLF CLUB,3.0372347705665,101.6548361739,,rapidbus_kl,1867
1000907,SJ367 PERUMAHAN HENING (OPP),3.036455,101.658491,,rapidbus_kl,1868
1001849,(M) SJ368 PERUMAHAN MELODY (OPP),3.036294,101.662527,,rapidbus_kl,1869
1001995,SJ369 MELODY KINRARA (OPP),3.0360102430403,101.66516950768,,rapidbus_kl,1870
1003263,SJ370 SIMFONI KINRARA,3.03601,101.666517,,rapidbus_kl,1871
1002145,SJ371 PANGSAPURI ENGGANG (OPP),3.036118,101.672652,,rapidbus_kl,1872
1005055,PARAGON HEIGHTS (OPP),3.045751,101.658777,,rapidbus_kl,1873
1005057,KL2012 PPR PINGGIRAN BUKIT JALIL,3.047876,101.653822,,rapidbus_kl,1874
1006287,(M) SJ680 LRT IOI PUCHONG,3.048111,101.62074,,rapidbus_kl,1875
1006678,SJ447 SKYPOD RESIDENCE,3.043501,101.620776,,rapidbus_kl,1876
1002768,SJ449 SETIA WALK,3.0329749146266,101.61732496691,,rapidbus_kl,1877
1002228,SJ435 WAWASAN 1,3.03177,101.619272,,rapidbus_kl,1878
1006584,APARTMENT KENANGA & AKASIA,3.027926,101.62056,,rapidbus_kl,1879
1003604,SJ463 PANGSAPURI SRI BEGONIA,3.0254122375688,101.62412802894,,rapidbus_kl,1880
1003495,SJ464 PANGSAPURI SRI CAMELIA,3.0231191404209,101.62368354651,,rapidbus_kl,1881
1006586,SRI CASSIA & CASA PUTERI CONDOMINIUM,3.020775,101.627648,,rapidbus_kl,1882
1002166,SJ427 PANGSAPURI PERMATA SARI,3.0239270800967,101.62774144612,,rapidbus_kl,1883
1002139,SJ428 PANGSAPURI DESA TANJUNG (OPP),3.025521,101.627719,,rapidbus_kl,1884
1008196,SJ429 SK PUSAT BANDAR PUCHONG,3.027615,101.626983,,rapidbus_kl,1885
1002749,SJ440 KIARA APARTMENT,3.0292469225717,101.62607908965,,rapidbus_kl,1886
1002180,PANGSAPURI SRI SERAKA,3.0314962926377,101.62714074811,,rapidbus_kl,1887
1002162,SJ663 SRI PENAGA APARTMENT,3.034469,101.628047,,rapidbus_kl,1888
1004088,SJ421 TAMAN WAWASAN,3.0355825392924,101.62471921191,,rapidbus_kl,1889
1002767,SJ450 SETIA WALK (UTARA),3.0326915422174,101.61802903924,,rapidbus_kl,1890
1003913,SJ516 LOTUS EXTRA PUCHONG,3.035177,101.616545,,rapidbus_kl,1891
1001010,SJ610 IOI MALL PUCHONG,3.0435545736493,101.61873927724,,rapidbus_kl,1892
1002156,SJ275 PANGSAPURI MELUR,2.988061,101.594752,,rapidbus_kl,1893
1002143,SJ277 PANGSAPURI AMAN,2.990875,101.594811,,rapidbus_kl,1894
1002153,SJ280 PANGSAPURI LILI (OPP),2.9928979198191,101.59486387577,,rapidbus_kl,1895
1002141,SJ281 DESA IMPIANA,2.995276476385,101.59489289101,,rapidbus_kl,1896
1006576,SJ282 LRT PUCHONG PRIMA,2.999823,101.596442,,rapidbus_kl,1897
1002514,SJ670 PUCHONG PRIMA SEKSYEN 2,3.002367,101.597387,,rapidbus_kl,1898
1001985,SJ283 FLAT PUCHONG PRIMA A14,3.0053918568915,101.59797615813,,rapidbus_kl,1899
1001742,SJ284 FLAT PUCHONG PRIMA A35,3.007689,101.597608,,rapidbus_kl,1900
1000432,SJ285 PERMAI COURT PUCHONG PERDANA (OPP),3.007936,101.599682,,rapidbus_kl,1901
1000338,SJ286 FLAT PUCHONG PERDANA (OPP),3.007926,101.601774,,rapidbus_kl,1902
1000849,SJ299 LRT PUCHONG PERDANA,3.008053,101.606129,,rapidbus_kl,1903
1002345,SJ303 BALAI MASYARAKAT PUCHONG PERDANA (OPP),3.005631,101.609175,,rapidbus_kl,1904
1003258,SJ304 TAMAN PERINDUSTRIAN PUCHONG UTAMA (UTARA),3.003378,101.609309,,rapidbus_kl,1905
1002344,SJ305 TAMAN PERINDUSTRIAN PUCHONG UTAMA (SELATAN),3.001535,101.609512,,rapidbus_kl,1906
1002740,SJ674 TAMAN MAJU JAYA,2.998144,101.610977,,rapidbus_kl,1907
1003980,SJ263 TAMAN PERINDUSTRIAN MAJU JAYA,2.995706,101.612192,,rapidbus_kl,1908
1003030,SJ261 TAMAN PUCHONG UTAMA 6,2.993349,101.613126,,rapidbus_kl,1909
1002221,SJ238 TAMAN PUCHONG UTAMA 12,2.990369,101.612794,,rapidbus_kl,1910
1003648,SJ239 SK PUCHONG UTAMA 1 (OPP),2.988236,101.611677,,rapidbus_kl,1911
1002926,SJ240 TAMAN PUCHONG UTAMA 10 (TIMUR),2.986889,101.611272,,rapidbus_kl,1912
1002223,SJ241 TAMAN PUCHONG UTAMA 10 (TIMUR),2.985159,101.612343,,rapidbus_kl,1913
1003028,SJ242 TAMAN PUCHONG UTAMA 10 (SELATAN),2.984517,101.613113,,rapidbus_kl,1914
1003819,SJ243 TAMAN PUCHONG UTAMA (SELATAN),2.985995,101.614797,,rapidbus_kl,1915
1004208,SJ244 TAMAN PUCHONG UTAMA 8,2.987493,101.615604,,rapidbus_kl,1916
1002641,SJ237 TERMINAL PUCHONG UTAMA,2.990446,101.615552,,rapidbus_kl,1917
1003820,(M) SJ245 TAMAN PUCHONG UTAMA 8,2.987038,101.615507,,rapidbus_kl,1918
1003027,SJ247 TAMAN PUCHONG UTAMA 10 (SELATAN),2.9843824266469,101.61310387347,,rapidbus_kl,1919
1002222,SJ248 TAMAN PUCHONG UTAMA 10 (TIMUR),2.985405,101.612348,,rapidbus_kl,1920
1002924,SJ249 TAMAN PUCHONG UTAMA 10 (TIMUR),2.986396,101.611857,,rapidbus_kl,1921
1003647,SJ256 SK PUCHONG UTAMA 1,2.988302,101.611422,,rapidbus_kl,1922
1002230,SJ259 TAMAN PUCHONG UTAMA 12,2.990412,101.612515,,rapidbus_kl,1923
1003029,SJ260 TAMAN PUCHONG UTAMA 6,2.993282,101.613019,,rapidbus_kl,1924
1003998,SJ262 TAMAN PERINDUSTRIAN MAJU JAYA,2.995563,101.612445,,rapidbus_kl,1925
1002346,SJ264 TAMAN PERINDUSTRIAN PUCHONG UTAMA (SELATAN),3.00158019011,101.60929615772,,rapidbus_kl,1926
1001722,SJ265 TAMAN PERINDUSTRIAN PUCHONG UTAMA (UTARA),3.003265,101.609156,,rapidbus_kl,1927
1008639,SJ266 BALAI MASYARAKAT PUCHONG PERDANA,3.005584,101.609054,,rapidbus_kl,1928
1006575,(M) SJ267 LRT PUCHONG PERDANA,3.007707,101.605601,,rapidbus_kl,1929
1000339,SJ268 FLAT PUCHONG PERDANA,3.007673,101.601724,,rapidbus_kl,1930
1000433,SJ269 PERMAI COURT PUCHONG PERDANA,3.0077011483503,101.59945715149,,rapidbus_kl,1931
1001986,SJ271 FLAT PUCHONG PRIMA (SELATAN),3.005145,101.598267,,rapidbus_kl,1932
1006574,PJ272 LRT PUCHONG PRIMA,2.999871,101.596714,,rapidbus_kl,1933
1003310,SJ273 SMK PUCHONG PERMAI,2.994193,101.595251,,rapidbus_kl,1934
1002144,SJ274 PANGSAPURI LILI,2.992162,101.595106,,rapidbus_kl,1935
1002154,SJ278 PANGSAPURI AMAN (OPP),2.990821,101.595118,,rapidbus_kl,1936
1002207,SJ279 PPMU PUCHONG PERDANA,2.989377,101.595088,,rapidbus_kl,1937
1008326,(M) KOMERSIAL TAMAN PUTRA PERMAI,2.977545,101.592466,,rapidbus_kl,1938
1008327,TAMAN PUTRA PRIMA 2B,2.974266,101.589378,,rapidbus_kl,1939
1008329,SP242 CALISA RESIDENCE,2.975515,101.582665,,rapidbus_kl,1940
1008330,KOMERSIAL TAMAN PUTRA PERMAI,2.979677,101.591514,,rapidbus_kl,1941
1006583,TAMAN PUCHONG TEKALI,2.980366,101.594754,,rapidbus_kl,1942
1001939,SJ270 FLAT PUCHONG PRIMA (UTARA),3.007593,101.597938,,rapidbus_kl,1943
1002430,SJ669 PUCHONG PRIMA SEKSYEN 2,3.002474,101.597729,,rapidbus_kl,1944
1000025,SJ345 JEJANTAS TAMAN KINRARA,3.0640580865611,101.64927564385,,rapidbus_kl,1945
1008309,SJ654 TAMAN KINRARA SEKSYEN 1,3.062814,101.648076,,rapidbus_kl,1946
1001396,SJ346 TAMAN PAIK SIONG,3.0614401901635,101.64642875202,,rapidbus_kl,1947
1001397,SJ347 TUDM KINRARA,3.0599994816712,101.64395831592,,rapidbus_kl,1948
1002150,SJ335 APARTMENT VISTA LAVENDER,3.061146,101.641451,,rapidbus_kl,1949
1001658,SJ319 TAMAN KINRARA SEKSYEN 4,3.065266,101.639744,,rapidbus_kl,1950
1002762,SJ320 PANGSAPURI SURIA (OPP),3.066261,101.639245,,rapidbus_kl,1951
1000733,SJ321 APARTMENT KINRARA (OPP),3.066318,101.636094,,rapidbus_kl,1952
1001234,SJ322 TAMAN MAWAR,3.064822,101.632372,,rapidbus_kl,1953
1001030,SJ323 JASMINE COURT,3.063285,101.630505,,rapidbus_kl,1954
1003342,SJ324 SMK BATU 8,3.061794,101.628852,,rapidbus_kl,1955
1003622,(M) SJ310 APARTMENT SRI TANJUNG,3.060544,101.625614,,rapidbus_kl,1956
1000090,SJ326 PERUMAHAN BELATOK 5,3.059479,101.623288,,rapidbus_kl,1957
1003718,SJ328 APARTMENT SRI ANGGERIK 2 (OPP),3.057133,101.621791,,rapidbus_kl,1958
1000092,SJ329 APARTMENT SRI ANGGERIK (OPP),3.054858,101.621059,,rapidbus_kl,1959
1006291,SJ738 TAMAN MUTIARA PUCHONG (TIMUR),3.0325314,101.6124081,,rapidbus_kl,1960
1006292,SJ739 TAMAN MUTIARA PUCHONG (BARAT),3.032042,101.610824,,rapidbus_kl,1961
1006293,SJ740 TAMAN PERINDUSTRIAN PUCHONG,3.030872,101.610645,,rapidbus_kl,1962
1006297,SJ741 TAMAN SRI PUCHONG (UTARA),3.029818,101.608907,,rapidbus_kl,1963
1006299,SJ742 SURAU ALHIDAYAH,3.028734,101.608024,,rapidbus_kl,1964
1006301,SJ743 TAMAN SRI PUCHONG (TENGAH),3.026987,101.607507,,rapidbus_kl,1965
1006303,SJ744 TAMAN SRI PUCHONG (SELATAN),3.023137,101.606801,,rapidbus_kl,1966
1006305,SJ745 PANGSAPURI DESA IMPIAN (OPP),3.021732,101.607613,,rapidbus_kl,1967
1006307,SJ746 POS LAJU PUCHONG (OPP),3.021601,101.610377,,rapidbus_kl,1968
1006309,SJ747 KOMPLEKS INDUSTRI PUCHONG,3.022772,101.611011,,rapidbus_kl,1969
1006311,SJ749 LRT PERINDUSTRIAN PUCHONG,3.022707,101.613332,,rapidbus_kl,1970
1006308,SJ750 POS LAJU PUCHONG,3.021478,101.610378,,rapidbus_kl,1971
1006306,SJ751 PANGSAPURI DESA IMPIAN,3.021649,101.607231,,rapidbus_kl,1972
1006304,SJ752 TAMAN SRI PUCHONG (SELATAN),3.022975,101.606616,,rapidbus_kl,1973
1006302,SJ753 TAMAN SRI PUCHONG (TENGAH),3.026812,101.607364,,rapidbus_kl,1974
1006300,SJ754 SURAU ALHIDAYAH (OPP),3.028994,101.607972,,rapidbus_kl,1975
1006298,SJ755 TAMAN SRI PUCHONG (UTARA),3.029936,101.608795,,rapidbus_kl,1976
1006296,SJ756 TAMAN PERINDUSTRIAN PUCHONG,3.030828,101.610509,,rapidbus_kl,1977
1006295,SJ757 TAMAN MUTIARA PUCHONG (BARAT),3.032191,101.610732,,rapidbus_kl,1978
1006294,SJ758 TAMAN MUTIARA PUCHONG (TIMUR),3.032654,101.612265,,rapidbus_kl,1979
1006286,SJ735 LRT PUSAT BANDAR PUCHONG,3.033481,101.61616,,rapidbus_kl,1980
1004199,SJ681 KOMERSIAL RAJAWALI,3.0525738384977,101.62219229894,,rapidbus_kl,1981
1001601,SJ682 KOLEJ PUTRA,3.054673,101.619448,,rapidbus_kl,1982
1000091,SJ306 APARTMENT SRI ANGGERIK,3.055012,101.620867,,rapidbus_kl,1983
1000147,SJ307 APARTMENT SRI ANGGERIK 2,3.0568067650048,101.62154402408,,rapidbus_kl,1984
1000148,SJ308 APARTMENT SRI ANGGERIK 2,3.058445,101.621545,,rapidbus_kl,1985
1002932,(M) SJ309 PERUMAHAN BELATOK 7,3.059481,101.622942,,rapidbus_kl,1986
1003341,SJ313 SMK BATU 8 (OPP),3.061966,101.628941,,rapidbus_kl,1987
1001029,SJ314 JASMINE COURT (OPP),3.063283,101.630361,,rapidbus_kl,1988
1002805,SJ315 TAMAN MAWAR,3.064898,101.632245,,rapidbus_kl,1989
1000732,SJ316 APARTMENT KINRARA,3.066432,101.636847,,rapidbus_kl,1990
1002761,SJ317 PANGSAPURI SURIA,3.066359,101.639419,,rapidbus_kl,1991
1003618,SJ318 APARTMENT SRI SUNWAY,3.065094,101.639875,,rapidbus_kl,1992
1002151,SJ336 APARTMENT SURIA KINRARA,3.061628,101.641727,,rapidbus_kl,1993
1001269,SJ348 TUDM KINRARA (OPP),3.059714993532,101.64272805478,,rapidbus_kl,1994
1004014,SJ338 KOMERSIAL PAIK SIONG,3.0613621064222,101.64556669176,,rapidbus_kl,1995
1002193,SJ339 KOMERSIAL TAMAN KINRARA,3.0626925917768,101.64745798043,,rapidbus_kl,1996
1006279,SJ683 LRT BANDAR PUTERI,3.017196,101.613015,,rapidbus_kl,1997
1000587,SJ479 PERINDUSTRIAN BUKIT PUCHONG,3.0110111089595,101.61381731482,,rapidbus_kl,1998
1001579,SJ480 KOI TROPIKA CONDOMINIUM,3.008317,101.615907,,rapidbus_kl,1999
1001920,SJ481 KG PASIR PUCHONG,3.006318,101.618695,,rapidbus_kl,2000
1006280,"SJ704 SERI JATI, PUCHONG HARTAMAS",3.003995,101.619726,,rapidbus_kl,2001
1006282,SJ706 PANGSAPURI SERI JATI,3.004749,101.623019,,rapidbus_kl,2002
1006283,SJ711 KIM CREST,3.001958,101.625734,,rapidbus_kl,2003
1006284,SJ712 PUTERI HILLS,3.002701,101.627919,,rapidbus_kl,2004
1003606,SJ456 BANDAR PUTERI 10,3.0087854790176,101.62666521537,,rapidbus_kl,2005
1002503,SJ457 BANDAR PUTERI (TIMUR),3.011154,101.627192,,rapidbus_kl,2006
1003813,SJ459 BANDAR PUTERI (TENGAH),3.011532,101.625109,,rapidbus_kl,2007
1003841,SJ460 PETRONAS BANDAR PUTERI,3.013376,101.622359,,rapidbus_kl,2008
1002693,SJ470 SERENA TERRACE HOUSE,3.016272,101.623947,,rapidbus_kl,2009
1005070,THE CUBE,3.017535,101.625856,,rapidbus_kl,2010
1005071,PANGSAPURI SRI ALPINIA,3.018896,101.627373,,rapidbus_kl,2011
1002138,SJ661 PANGSAPURI SRI PINANG/SJKC KHENG CHEE,3.022129,101.627758,,rapidbus_kl,2012
1005072,SJ441 PERUMAHAN WAWASAN 2,3.032109,101.624603,,rapidbus_kl,2013
1006585,SJ452 HOSPITAL COLUMBIA PUCHONG,3.023342,101.622731,,rapidbus_kl,2014
1000917,SJ478 GIANT BANDAR PUTERI PUCHONG (OPP),3.024572,101.617303,,rapidbus_kl,2015
1000203,PJ429 IPD PJ,3.098077,101.641393,,rapidbus_kl,2016
1002848,PJ430 SEKSYEN 8 (SELATAN),3.096506,101.641083,,rapidbus_kl,2017
1001628,PJ464 BALAI BOMBA JLN PENCHALA (OPP),3.093375,101.640679,,rapidbus_kl,2018
1002958,PJ465 SEKSYEN 51 (UTARA),3.091156,101.640418,,rapidbus_kl,2019
1001487,PJ466 SEKSYEN 4,3.089138,101.640615,,rapidbus_kl,2020
1002270,PJ468 PASAR PJ OLD TOWN,3.087565,101.643974,,rapidbus_kl,2021
1000369,KL1367 BOMBA KLANG LAMA (OPP),3.082215,101.660945,,rapidbus_kl,2022
1002594,KL1368 TAMAN SERI SENTOSA (TIMUR),3.079737,101.661893,,rapidbus_kl,2023
1000186,KL1369 AVENUE COURT,3.077789,101.658869,,rapidbus_kl,2024
1000692,KL1370 APT SERI SENTOSA AC4 (OPP),3.077293,101.656362,,rapidbus_kl,2025
1000143,KL1371 APT SERI SENTOSA (OPP),3.076993,101.654873,,rapidbus_kl,2026
1000138,KL1381 APT PINANG 1A SERI SENTOSA,3.076273,101.653644,,rapidbus_kl,2027
1000137,KL1382 APT PINANG BLOK 13,3.075151,101.653141,,rapidbus_kl,2028
1002296,KL1383 FLAT TAMAN SERI SENTOSA,3.073152578695,101.65191453151,,rapidbus_kl,2029
1000326,KL1372 1K TRICOURT,3.0711292077064,101.65163999894,,rapidbus_kl,2030
1000327,KL1373 SURAU NURUL IMAN (OPP),3.0711451758857,101.64981970302,,rapidbus_kl,2031
1000237,KL1374 BAYVIEW COURT ID,3.0716721193317,101.6484691135,,rapidbus_kl,2032
1003612,(M) PJ124 SRI MANJA SQUARE,3.0734890746854,101.64688810437,,rapidbus_kl,2033
1002949,(M) PJ126 HAB BAS SERI MANJA,3.074771,101.643962,,rapidbus_kl,2034
1001150,PJ768 SPG SRI MANJA 5,3.075261,101.645564,,rapidbus_kl,2035
1003750,PJ769 SURAU AL-ISLAH (OPP),3.077348,101.646284,,rapidbus_kl,2036
1002479,PJ129 PANGSAPURI PERMAI (OPP),3.079745,101.646488,,rapidbus_kl,2037
1002269,PJ416 PASAR PJ OLD TOWN (OPP),3.087244,101.644418,,rapidbus_kl,2038
1000046,PJ751 PJ OLD TOWN SEKSYEN 2,3.087546,101.642545,,rapidbus_kl,2039
1003502,PJ417 SEKSYEN 51 (SELATAN),3.088242,101.640685,,rapidbus_kl,2040
1001627,PJ420 KOMPLEKS WAN KIEN,3.094208,101.640514,,rapidbus_kl,2041
1001603,(M) KS32 KOLEJ RAFFLESIA 2,3.197021,101.450414,,rapidbus_kl,2042
1001588,KS33 FAKULTI PENDIDIKAN,3.1991880510639,101.4473818394,,rapidbus_kl,2043
1001586,KS34 FAKULTI FARMASI,3.2017856496153,101.44878222544,,rapidbus_kl,2044
1002548,KS359 PINTU MASUK UITM,3.212856,101.449552,,rapidbus_kl,2045
1002516,KS35 PUNCAK ALAM DRIVING RANGE,3.218375,101.445366,,rapidbus_kl,2046
1008306,KS36 PETRONAS PUNCAK ALAM 1 (OPP),3.220438,101.445703,,rapidbus_kl,2047
1000361,KS355 PUNCAK ALAM FOUNTAIN (TIMUR),3.222292,101.436844,,rapidbus_kl,2048
1003071,KS343 PUNCAK ALAM FOUNTAIN (BARAT),3.222702,101.435852,,rapidbus_kl,2049
1003786,(M) KS47 PUNCAK ALAM FASA 2,3.227762,101.431849,,rapidbus_kl,2050
1009088,"(M) KS1 PUNCAK BESTARI, PUNCAK ALAM",3.231187,101.427894,,rapidbus_kl,2051
1008503,KS2 MASJID PUNCAK ALAM (TIMUR),3.235128,101.426954,,rapidbus_kl,2052
1009084,KS8 LOTUS PUNCAK ALAM (OPP),3.238984,101.426512,,rapidbus_kl,2053
1003447,"KS9 KLINIK 1 MALAYSIA, PUNCAK ALAM",3.240252,101.426835,,rapidbus_kl,2054
1003041,KS10 PUNCAK ALAM FASA 3,3.241957,101.425942,,rapidbus_kl,2055
1006126,KS11 PUSAT NIAGA ASTANA,3.243252,101.425333,,rapidbus_kl,2056
1003729,KS12 SURAU HAJI ISMAIL (OPP),3.246031,101.427553,,rapidbus_kl,2057
1003730,KS14 SURAU HAJI ISMAIL,3.245881,101.427595,,rapidbus_kl,2058
1003836,KS15 PUSAT NIAGA ASTANA,3.243166,101.425497,,rapidbus_kl,2059
1003020,KS16 PUNCAK ALAM FASA 3,3.242167,101.425962,,rapidbus_kl,2060
1003448,"KS17 KLINIK 1 MALAYSIA, PUNCAK ALAM",3.240846,101.426662,,rapidbus_kl,2061
1009085,KS18 LOTUS PUNCAK ALAM,3.238838,101.426867,,rapidbus_kl,2062
1008504,KS3 LOTUS PUNCAK ALAM,3.235895,101.427156,,rapidbus_kl,2063
1009089,"KS23 PUNCAK BESTARI, PUNCAK ALAM",3.231074,101.428343,,rapidbus_kl,2064
1003787,(M) KS24 PUNCAK ALAM FASA 2,3.228419,101.431334,,rapidbus_kl,2065
1003072,KS344 PUNCAK ALAM FOUNTAIN (BARAT),3.223005,101.436045,,rapidbus_kl,2066
1002648,KS353 PUNCAK ALAM FOUNTAIN (TIMUR),3.222634,101.437001,,rapidbus_kl,2067
1008307,KS25 PETRONAS PUNCAK ALAM,3.220468,101.446085,,rapidbus_kl,2068
1003585,KS26 PUNCAK ALAM DRIVING RANGE,3.218445,101.445668,,rapidbus_kl,2069
1002549,KS356 PINTU MASUK UITM,3.212472,101.450369,,rapidbus_kl,2070
1001587,KS27 FAKULTI FARMASI (OPP),3.2018975909991,101.44896812115,,rapidbus_kl,2071
1001589,KS28 HOTEL UITM PUNCAK ALAM,3.1992125478186,101.44759943415,,rapidbus_kl,2072
1008304,KOLEJ DAHLIA 3 (OPP),3.197691,101.454316,,rapidbus_kl,2073
1008305,KOLEJ CASUARINA 2,3.199111,101.454157,,rapidbus_kl,2074
1000572,KS31 KOMPLEKS ANGSANA,3.2006289856591,101.45174512568,,rapidbus_kl,2075
1001584,KS358 KOLEJ RAFFLESIA 6,3.1991412518425,101.44942909171,,rapidbus_kl,2076
1001091,SA21 SAMT TENGKU AMPUAN JEMAAH,3.078956,101.525796,,rapidbus_kl,2077
1000938,SA28 PERUMAHAN SEKSYEN 10,3.081103,101.527212,,rapidbus_kl,2078
1001976,SA29 PLAZA SHAH ALAM (OPP),3.084189,101.521877,,rapidbus_kl,2079
1003700,SA30 KUARTERS IPK SELANGOR,3.086192,101.517409,,rapidbus_kl,2080
1003465,SA322 PERUMAHAN JALAN TEPIAN 8,3.090228,101.513563,,rapidbus_kl,2081
1003719,SA323 KOMERSIAL SEKSYEN 8,3.091402,101.508714,,rapidbus_kl,2082
1003686,SA324 PANGSAPURI SEKSYEN 8 (BARAT),3.090217,101.505787,,rapidbus_kl,2083
1003079,SA45 PANGSAPURI PKNS SEKSYEN 8,3.088918,101.509158,,rapidbus_kl,2084
1000556,SA349 SEKSYEN 6 (UTARA),3.088339,101.510258,,rapidbus_kl,2085
1000319,SA351 PANGSAPURI PKNS SEKSYEN 6 (OPP),3.086614,101.509767,,rapidbus_kl,2086
1000674,SA352 SK BANDAR ANGGERIK (OPP),3.086587,101.508471,,rapidbus_kl,2087
1000201,SA353 KOLEJ CENDANA UITM,3.084763,101.507069,,rapidbus_kl,2088
1006014,SA358 SRA SEKSYEN 3 (OPP),3.078769,101.508208,,rapidbus_kl,2089
1003312,SA361 SK RAJA MUDA,3.0768691961795,101.50980264463,,rapidbus_kl,2090
1004224,SA15 TAMAN TASIK SHAH ALAM,3.068967,101.515673,,rapidbus_kl,2091
1003856,SA16 KOMPLEKS PKNS (OPP),3.071462,101.516276,,rapidbus_kl,2092
1003267,SA6 SIRIM,3.0687533794527,101.51497243083,,rapidbus_kl,2093
1008104,SA967 SMK SEKSYEN 2,3.073193,101.509487,,rapidbus_kl,2094
1000171,SA7 HUB SEKSYEN 2,3.0717952198749,101.50800645308,,rapidbus_kl,2095
1000951,SA374 HOTEL UITM (OPP),3.066741,101.508294,,rapidbus_kl,2096
1001488,SA571 DEPOH BAS CITYLINER (OPP),3.058502,101.509235,,rapidbus_kl,2097
1002745,SA574 PANGSAPURI ANGGERIK INDAH (OPP),3.058528,101.505794,,rapidbus_kl,2098
1002275,SA577 PASAR MBSA SEKSYEN 16,3.05573,101.505784,,rapidbus_kl,2099
1008162,SA578 ALAM D16 (UTARA),3.0543316,101.504969,,rapidbus_kl,2100
1003355,SA579 SMK SEKSYEN 16 (OPP),3.054372,101.502845,,rapidbus_kl,2101
1001233,SA580 ALAM RESIDENTIALS (BARAT),3.053369,101.502356,,rapidbus_kl,2102
1003931,SA589 UITM SEKSYEN 17,3.048508,101.502452,,rapidbus_kl,2103
1006629,TERMINAL SEKSYEN 17,3.046956,101.503282,,rapidbus_kl,2104
1003348,SA560 UITM SEKSYEN 17,3.048480032769,101.50212995062,,rapidbus_kl,2105
1001232,SA561 ALAM RESIDENTIALS (BARAT),3.053708,101.502249,,rapidbus_kl,2106
1003354,SA564 SMK SEKSYEN 16,3.05449,101.503322,,rapidbus_kl,2107
1008161,SA565 ALAM D16 (UTARA),3.054492,101.505109,,rapidbus_kl,2108
1002274,SA566 PASAR MBSA SEKSYEN 16 (OPP),3.055537,101.505672,,rapidbus_kl,2109
1000027,SA569 PANGSAPURI ANGGERIK INDAH,3.058862,101.505793,,rapidbus_kl,2110
1000905,SA570 DEPOH BAS CITYLINER,3.058522,101.509093,,rapidbus_kl,2111
1000950,SA344 HOTEL UITM,3.067038,101.507952,,rapidbus_kl,2112
1000172,SA14 HUB SEKSYEN 2,3.071829,101.507558,,rapidbus_kl,2113
1006016,SA968 SMK SEKYEN 2 (OPP),3.07375,101.50965,,rapidbus_kl,2114
1008106,SA216 KOTA KEMUNING CENTRAL LAKE,3.002302,101.539769,,rapidbus_kl,2115
1001568,SA217 KOTA KEMUNING BUSINESS PARK,3.003037,101.538284,,rapidbus_kl,2116
1000073,SA218 CANAL GARDEN,3.0035794423365,101.53399164189,,rapidbus_kl,2117
1008105,GAMUDA WALK MALL,3.000565,101.532836,,rapidbus_kl,2118
1008092,SA223 CHINESE TAIPEI SCHOOL KL,2.997926,101.52742,,rapidbus_kl,2119
1003831,SA224 PANGSAPURI KENANGAN,2.9970741404708,101.52563679744,,rapidbus_kl,2120
1003549,SA225 KEMUNING GREENHILLS,2.990884,101.520127,,rapidbus_kl,2121
1003734,SA226 PANGSAPURI KEMUNING AMAN (OPP),3.001531,101.519124,,rapidbus_kl,2122
1001483,SA228 SEKSYEN 32 (SELATAN),3.008187,101.520074,,rapidbus_kl,2123
1002769,SA229 SEKSYEN 32 (UTARA),3.010165,101.519025,,rapidbus_kl,2124
1001563,SA231 TAMAN SRI KEMUNING,3.014044,101.524419,,rapidbus_kl,2125
1001525,SA232 TAMAN SRI KEMUNING,3.016567,101.529192,,rapidbus_kl,2126
1000306,SA235 KOMERSIAL KEMUNING UTAMA,3.020068,101.535323,,rapidbus_kl,2127
1004282,SA409 TAMAN SRI MUDA SEKSYEN 25,3.0233761745892,101.53755291472,,rapidbus_kl,2128
1000322,SA410 BLOK 3P,3.026025,101.536114,,rapidbus_kl,2129
1004060,SA411 HAB TAMAN SRI MUDA,3.030417539279,101.53475959784,,rapidbus_kl,2130
1000350,SA417 MASJID TAMAN SRI MUDA (OPP),3.0344689960407,101.53423571493,,rapidbus_kl,2131
1002854,SA416 TAMAN SRI MUDA SEKSYEN 25,3.0369579197827,101.5340438258,,rapidbus_kl,2132
1002092,SA418 SEKSYEN 23,3.0422749410788,101.53389069821,,rapidbus_kl,2133
1000821,SA422 SEKSYEN 23 (UTARA),3.0466061746902,101.53185192979,,rapidbus_kl,2134
1000037,SA455 KOMERSIAL SEKSYEN 19,3.0484133024513,101.5341212997,,rapidbus_kl,2135
1008402,SJ463 KPJ HOSPITAL,3.057719,101.541924,,rapidbus_kl,2136
1000740,SA464 SEKSYEN 20 (UTARA),3.059433681361,101.54137834258,,rapidbus_kl,2137
1003915,SA1 LOTUS EXTRA SHAH ALAM (OPP),3.0709296781301,101.53776620702,,rapidbus_kl,2138
1000358,SA2 BULATAN KAYANGAN,3.0730095590396,101.53293127036,,rapidbus_kl,2139
1003083,SA3 PERUMAHAN SEKSYEN 11 (OPP),3.0684856773854,101.52978798901,,rapidbus_kl,2140
1008398,VISTA ALAM APARTMENT,3.070032,101.525336,,rapidbus_kl,2141
1001730,SA24 PUSAT DAGANGAN SHAH ALAM,3.071078,101.525541,,rapidbus_kl,2142
1001731,SA23 PUSAT DAGANGAN SHAH ALAM,3.071533,101.525779,,rapidbus_kl,2143
1008397,VISTA ALAM APARTMENT (OPP),3.070078,101.525623,,rapidbus_kl,2144
1003082,SA26 PERUMAHAN SEKSYEN 11,3.068762814784,101.52967162586,,rapidbus_kl,2145
1000357,SA27 BULATAN KAYANGAN,3.0729560169804,101.53264935168,,rapidbus_kl,2146
1003916,SA49 LOTUS EXTRA SHAH ALAM,3.0710976180483,101.53811056681,,rapidbus_kl,2147
1000886,SA860 TIONG NAM INDUSTRIAL PARK,3.0625508447006,101.54119169714,,rapidbus_kl,2148
1008401,SA861 SEKSYEN 20 (UTARA),3.060224,101.541582,,rapidbus_kl,2149
1001216,SA862 IPC SHAH ALAM,3.0568604919915,101.54252814457,,rapidbus_kl,2150
1003756,SA419 PUSAT PERNIAGAAN JUBLI 20 (SELATAN),3.049932,101.538945,,rapidbus_kl,2151
1000038,SA420 KOMERSIAL SEKSYEN 19,3.0480907154839,101.53487676562,,rapidbus_kl,2152
1001018,SA421 SEKSYEN 23 (UTARA),3.0470911746862,101.53213330859,,rapidbus_kl,2153
1001403,SA388 SEKSYEN 23 (SELATAN),3.0421692583941,101.53417316831,,rapidbus_kl,2154
1002424,SA389 TAMAN SRI MUDA SEKSYEN 25 (UTARA),3.036845111791,101.53437910361,,rapidbus_kl,2155
1000356,SA392 MASJID TAMAN SRI MUDA,3.0341453348034,101.53451741303,,rapidbus_kl,2156
1003610,SA405 HAB TAMAN SRI MUDA,3.030725793855,101.53499050045,,rapidbus_kl,2157
1000323,SA407 APARTMENT ANDORRA,3.0262633601803,101.5364683467,,rapidbus_kl,2158
1004269,SA408 KOMERSIAL SEKSYEN 25,3.0242097967076,101.53744126409,,rapidbus_kl,2159
1000305,SA142 KOMERSIAL KEMUNING UTAMA,3.020007,101.535805,,rapidbus_kl,2160
1002800,SA143 TAMAN SRI KEMUNING,3.016125,101.528701,,rapidbus_kl,2161
1000626,SA144 PETRON BUKIT KEMUNING,3.0130003607684,101.5228871673,,rapidbus_kl,2162
1002770,SA163 SEKSYEN 32 (UTARA),3.010146,101.519163,,rapidbus_kl,2163
1001484,SA164 SEKSYEN 32 (SELATAN),3.008203,101.520187,,rapidbus_kl,2164
1003755,SA166 PANGSAPURI KEMUNING AMAN,3.0016104135001,101.51929597588,,rapidbus_kl,2165
1003548,SA167 KEMUNING GREENHILLS,2.991068,101.520088,,rapidbus_kl,2166
1003832,SA168 BUKIT RIMAU (UTARA),2.9977309907699,101.52598821075,,rapidbus_kl,2167
1006551,SA1069 LRT GLENMARIE,3.095085,101.590224,,rapidbus_kl,2168
1006552,SA964 EON GLENMARIE (OPP),3.092243,101.583826,,rapidbus_kl,2169
1006554,SA972 AUTO CITY GLENMARIE (TIMUR),3.089831,101.576363,,rapidbus_kl,2170
1006556,SA973 AUTO CITY GLENMARIE (BARAT),3.086647,101.571911,,rapidbus_kl,2171
1006558,SA974 BMW GLENMARIE,3.082586,101.567999,,rapidbus_kl,2172
1006560,SA975 SHELL MALAYSIA TRADING (OPP),3.081144,101.563663,,rapidbus_kl,2173
1006562,SA976 PETRONAS BT 3 (OPP),3.076595,101.559788,,rapidbus_kl,2174
1006564,SA977 JEJANTAS KTM BATU TIGA,3.076135,101.557129,,rapidbus_kl,2175
1006568,SA115 EMIRA RESIDENCE,3.078771,101.547479,,rapidbus_kl,2176
1002681,SA252 PUSAT SEDAR DIRI,3.0824567568123,101.54001137817,,rapidbus_kl,2177
1006569,SA253 MBSA EXTREME PARK (TIMUR),3.086397,101.541254,,rapidbus_kl,2178
1001600,SA241 KOLEJ PTPL,3.0913824476921,101.54433875175,,rapidbus_kl,2179
1006567,SA990 BRUNSFIELD RIVERVIEW (OPP),3.080713,101.553239,,rapidbus_kl,2180
1006565,SA978 JEJANTAS KTM BATU TIGA,3.076272,101.557189,,rapidbus_kl,2181
1006563,SA979 PETRONAS BT 3,3.076618,101.559599,,rapidbus_kl,2182
1006561,SA980 SHELL MALAYSIA TRADING,3.081252,101.563412,,rapidbus_kl,2183
1006559,SA981 BMW GLENMARIE (OPP),3.082695,101.567745,,rapidbus_kl,2184
1006557,SA982 TEMASYA KASIH,3.086513,101.571496,,rapidbus_kl,2185
1006555,SA983 AUTO CITY GLENMARIE (TIMUR),3.089739,101.575704,,rapidbus_kl,2186
1006553,SA984 EON GLENMARIE,3.092256,101.583298,,rapidbus_kl,2187
1006526,SJ693 LRT USJ 7,3.054758,101.592176,,rapidbus_kl,2188
1000545,SJ687 DEPOH METROBUS,3.0499695078056,101.59199178151,,rapidbus_kl,2189
1006590,SJ549 LRT TAIPAN,3.0482,101.590702,,rapidbus_kl,2190
1006591,SJ23 USJ 9 TAIPAN (UTARA),3.047218,101.588295,,rapidbus_kl,2191
1002112,SJ24 USJ 10 TAIPAN (UTARA),3.0489745864478,101.58623859651,,rapidbus_kl,2192
1008073,MENARA MPSJ,3.05191,101.583445,,rapidbus_kl,2193
1008074,SK SEAFIELD (OPP),3.056868,101.588342,,rapidbus_kl,2194
1002078,SJ67 MYDIN USJ,3.0580617790849,101.59636180943,,rapidbus_kl,2195
1003239,SJ68 TAMAN SUBANG PERMAI (UTARA),3.0581150204968,101.60135242851,,rapidbus_kl,2196
1004150,SJ71 REGALIA BUSINESS CENTRE,3.055776,101.604419,,rapidbus_kl,2197
1003292,SJ72 SJKC CHEE WEN,3.051151,101.602574,,rapidbus_kl,2198
1002187,SJ632 PUSAT INDUSTRI IKS USJ1,3.048505987434,101.60174838489,,rapidbus_kl,2199
1004306,SJ77 APARTMENT MERANTI,3.046148,101.601575,,rapidbus_kl,2200
1002123,SJ78 PANGSAPURI ANGSANA,3.044505,101.601982,,rapidbus_kl,2201
1002758,SJ81 APARTMENT ANGSANA (SELATAN),3.04299489717,101.60075002658,,rapidbus_kl,2202
1001860,SJ690 ZON PERINDUSTRIAN USJ1,3.043026,101.596089,,rapidbus_kl,2203
1004185,SJ725 GOODYEAR COURT 6 (SELATAN),3.042999,101.593605,,rapidbus_kl,2204
1000882,SJ82 GOODYEAR COURT 7,3.042916,101.590921,,rapidbus_kl,2205
1003867,SJ550 USJ 14 (TIMUR),3.0417448875508,101.58832216768,,rapidbus_kl,2206
1001529,(M) SJ544 GOODYEAR COURT 10,3.037925,101.590717,,rapidbus_kl,2207
1008642,SJ688 SUBANG GOODYEAR 9,3.038409,101.592489,,rapidbus_kl,2208
1000883,GOODYEAR COURT 9C (OPP),3.0401184450352,101.59252720938,,rapidbus_kl,2209
1009083,SJ720 SUBANG PERDANA GOODYEAR COURT 6,3.043239,101.593236,,rapidbus_kl,2210
1001859,SJ689 ZON PERINDUSTRIAN USJ1,3.043265,101.595543,,rapidbus_kl,2211
1002364,SJ84 APARTMENT ANGSANA (SELATAN),3.043265,101.600073,,rapidbus_kl,2212
1002122,SJ79 PANGSAPURI JATI1,3.044832,101.601621,,rapidbus_kl,2213
1008641,SJ628 MEDAN SELERA USJ1,3.046581,101.601258,,rapidbus_kl,2214
1003290,SJ80 PUSAT INDUSTRI IKS USJ1,3.048662,101.601492,,rapidbus_kl,2215
1002802,SJ73 GRAND VILLE USJ 1,3.050822,101.602152,,rapidbus_kl,2216
1002960,SJ74 REGALIA BUSINESS PARK (OPP),3.056047,101.604231,,rapidbus_kl,2217
1003238,SJ69 TAMAN SUBANG PERMAI,3.057852,101.601312,,rapidbus_kl,2218
1002079,SJ70 MYDIN USJ (OPP),3.0578136092905,101.59638897418,,rapidbus_kl,2219
1006527,USJ SENTRAL,3.057809,101.594744,,rapidbus_kl,2220
1001804,PJ585 LRT KELANA JAYA,3.112745,101.604492,,rapidbus_kl,2221
1001508,PJ602 KJMC,3.1087558931513,101.59568537163,,rapidbus_kl,2222
1002237,PJ577 KAMPUNG CHEMPAKA,3.113921,101.598656,,rapidbus_kl,2223
1001308,PJ5 PRIMA AVENUE (SELATAN),3.115683,101.596143,,rapidbus_kl,2224
1000512,PJ6 PRIMA AVENUE,3.116863,101.593509,,rapidbus_kl,2225
1000513,PJ7 DATARAN PRIMA CONDOMINIUM (OPP),3.1193529068692,101.59394979521,,rapidbus_kl,2226
1008361,PJ583 LRT DAMANSARA IDAMAN/AMAN SURIA,3.123059,101.594947,,rapidbus_kl,2227
1003475,PJ8 TAMAN BUKIT MAYANG MAS,3.125821,101.595688,,rapidbus_kl,2228
1003367,PJ515 SMK TROPICANA,3.128849,101.598469,,rapidbus_kl,2229
1000236,PJ516 BAYU PUTERI APARTMENT,3.131948,101.597387,,rapidbus_kl,2230
1000706,PJ522 MERCHANT SQUARE,3.132558,101.600964,,rapidbus_kl,2231
1008362,PJ523 PANGSAPURI DAMAI/ASRAMA TROPICANA,3.131928,101.600343,,rapidbus_kl,2232
1002163,PJ524 PANGSAPURI PERMAI,3.131907,101.599544,,rapidbus_kl,2233
1001031,PJ525 KOMERSIAL MUTIARA TROPICANA,3.129197,101.599082,,rapidbus_kl,2234
1007087,PJ805 MUTIARA TROPICANA,3.128731,101.599738,,rapidbus_kl,2235
1002735,PJ584 TAMAN BUKIT MAYANG EMAS,3.125703,101.595933,,rapidbus_kl,2236
1000075,PJ2 LRT DAMANSARA IDAMAN/AMAN SURIA,3.122985,101.595167,,rapidbus_kl,2237
1000524,PJ3 DATARAN PRIMA KONDOMINIUM,3.119748,101.594318,,rapidbus_kl,2238
1001221,PJ4 PRIMA AVENUE,3.1160534316871,101.59537958923,,rapidbus_kl,2239
1002638,PJ578 KOMERSIAL SS25,3.1141344916511,101.59883809279,,rapidbus_kl,2240
1001805,PJ603 LRT KELANA JAYA,3.113161,101.605368,,rapidbus_kl,2241
1001169,PJ162 TAMAN MEGAH,3.1122163182399,101.61043199238,,rapidbus_kl,2242
1001382,PJ686 KELANA PUTRI CONDOMINIUM,3.107979,101.594668,,rapidbus_kl,2243
1001383,PJ576 KELANA SQUARE (OPP),3.105645,101.593347,,rapidbus_kl,2244
1001639,PJ571 KELANA MAHKOTA (OPP),3.102293,101.592935,,rapidbus_kl,2245
1001380,PJ759 KELANA CENTRE POINT,3.100129,101.591595,,rapidbus_kl,2246
1002564,PJ572 GLOMAC BOULEVARD,3.099194,101.591024,,rapidbus_kl,2247
1002565,PLAZA GLOMAC,3.098298,101.590467,,rapidbus_kl,2248
1002677,PJ684 KELANA BUSINESS CENTRE/ LRT GLENMARIE,3.09554848443,101.59132640398,,rapidbus_kl,2249
1003198,PJ566 SHANG VILLA CONDOMINIUM,3.095784,101.592904,,rapidbus_kl,2250
1004228,PJ567 STADIUM KELANA JAYA,3.0975678577552,101.59424632297,,rapidbus_kl,2251
1001581,PJ695 KELANA JAYA PARK (SELATAN),3.097537,101.595533,,rapidbus_kl,2252
1002567,PJ685 PLAZA KELANA JAYA,3.096758,101.597172,,rapidbus_kl,2253
1002200,PJ632 TAMAN BANDARAN KELANA JAYA,3.102059,101.597172,,rapidbus_kl,2254
1000043,PJ672 PUSAT DAGANGAN ARA DAMANSARA,3.114518,101.590912,,rapidbus_kl,2255
1003573,PJ673 CANTARA RESIDENCES,3.117171,101.590878,,rapidbus_kl,2256
1003829,TAIPAN 1 ARA DAMANSARA,3.120467,101.589031,,rapidbus_kl,2257
1004021,PJ674 MAISSON RESIDENCE,3.122986,101.587437,,rapidbus_kl,2258
1004022,PJ408 ARA VISTA (OPP),3.122443,101.583219,,rapidbus_kl,2259
1001075,PJ676 DATARAN ARA DAMANSARA,3.121785,101.578716,,rapidbus_kl,2260
1002461,PJ404 KOMERSIAL ARA DAMANSARA,3.123713,101.574516,,rapidbus_kl,2261
1006587,PJ677 SIERA PARK,3.123183,101.571022,,rapidbus_kl,2262
1000151,PJ405 APARTMENT SRI MERANTI,3.119272,101.571041,,rapidbus_kl,2263
1008482,PJ678 PANGSAPURI SERI JATI,3.117423,101.571946,,rapidbus_kl,2264
1005073,OASIS SQUARE,3.115064,101.573519,,rapidbus_kl,2265
1005074,SIME DARBY GUTHRIE,3.113704,101.571363,,rapidbus_kl,2266
1005075,SIME DARBY MOTORS CITY,3.115117,101.570265,,rapidbus_kl,2267
1006520,PJ775 LOTUS ARA DAMANSARA,3.116702,101.576619,,rapidbus_kl,2268
1003558,PJ680 H2O RESIDENCE,3.116426,101.578068,,rapidbus_kl,2269
1004142,PJ401 OASIS ARA DAMANSARA (TIMUR),3.113588,101.576466,,rapidbus_kl,2270
1006506,PJ772 OASIS CORPORATE PARK,3.111548,101.576428,,rapidbus_kl,2271
1006521,PJ776 OASIS GALLERY (OPP),3.110341,101.580707,,rapidbus_kl,2272
1006175,PJ774 CITTA MALL,3.111718,101.579525,,rapidbus_kl,2273
1000544,PJ563 DEPOH SUBANG RAPIDKL,3.1136294683493,101.5835816675,,rapidbus_kl,2274
1000797,PJ564 PPR LEMBAH SUBANG BLOK E,3.115394,101.585498,,rapidbus_kl,2275
1000796,PJ565 PPR LEMBAH SUBANG BLOK B,3.114273,101.587679,,rapidbus_kl,2276
1000903,D'AMAN RIA CONDOMINIUM,3.1131660564228,101.58984012264,,rapidbus_kl,2277
1001784,PJ436 LRT ASIA JAYA,3.1045478035286,101.6384299877,,rapidbus_kl,2278
1001578,PJ267 PLAZA 33,3.1104344949151,101.6388356904,,rapidbus_kl,2279
1000471,PJ268 PJ MIDTOWN,3.113255,101.641136,,rapidbus_kl,2280
1000650,PJ269 NISSAN SERVICE PJ,3.116491,101.643032,,rapidbus_kl,2281
1000467,PJ239 PUSAT ASASI UIA,3.119615,101.643201,,rapidbus_kl,2282
1000603,PJ619 EASTIN HOTEL,3.127502,101.645319,,rapidbus_kl,2283
1007136,(M) PJ823 MRT PHILEO DAMANSARA PINTU A,3.128421,101.642747,,rapidbus_kl,2284
1001707,PJ620 KG SERI DAMANSARA,3.131587,101.631946,,rapidbus_kl,2285
1005765,PERUMAHAN SEKSYEN 17/26,3.128111,101.630067,,rapidbus_kl,2286
1005766,PERUMAHAN SEKSYEN 17/21I,3.126167,101.629825,,rapidbus_kl,2287
1005768,THE HUB SS2,3.123977,101.629384,,rapidbus_kl,2288
1005767,PANGSAPURI DAMANSARA BISTARI,3.122104,101.629143,,rapidbus_kl,2289
1005769,KOMERSIAL SEKSYEN 17/45,3.119964,101.629679,,rapidbus_kl,2290
1008646,PJ713 MENARA AM FIRST,3.118036,101.629488,,rapidbus_kl,2291
1001077,PJ246 MAHSA AVENUE,3.118239,101.648064,,rapidbus_kl,2292
1008434,PJ254 CONDOMINIUM EHSAN RIA,3.109897,101.644861,,rapidbus_kl,2293
1003857,PJ441 TASIK TAMAN JAYA,3.103962,101.648321,,rapidbus_kl,2294
1002264,PJ216 FLAT SEKSYEN 17 (BARAT),3.119946,101.632172,,rapidbus_kl,2295
1003656,PJ217 SK SRI DAMAI (SELATAN),3.121187,101.633846,,rapidbus_kl,2296
1000900,PJ219 APARTMENT HAPPY MANSION,3.123407,101.634071,,rapidbus_kl,2297
1000898,PJ220 APARTMENT HAPPY,3.1247054658715,101.63456155161,,rapidbus_kl,2298
1000899,(M) PJ707 SEVENTEEN MALL,3.128136,101.635306,,rapidbus_kl,2299
1002957,PJ232 APARTMENT HAPPY (OPP),3.125891,101.634963,,rapidbus_kl,2300
1003202,PJ233 SHELL SEKSYEN 17 (OPP),3.124721,101.636739,,rapidbus_kl,2301
1002920,PJ236 PERUMAHAN SEKSYEN 16,3.1207204265,101.63841073829,,rapidbus_kl,2302
1004188,PJ272 JAYA ONE MALL,3.118685,101.635364,,rapidbus_kl,2303
1005062,PJ715 ATWATER,3.118495,101.632277,,rapidbus_kl,2304
1001247,PJ274 SIN CHEW DAILY,3.117831,101.630547,,rapidbus_kl,2305
1003264,PJ275 SIN CHEW MEDIA,3.116558,101.630662,,rapidbus_kl,2306
1000600,PJ276 DUTCH LADY INDUSTRIES,3.114271,101.632923,,rapidbus_kl,2307
1000270,PJ277 SYMPHONY,3.110713,101.636488,,rapidbus_kl,2308
1003392,PJ440 SK SRI PETALING,3.108963,101.639094,,rapidbus_kl,2309
1002029,(M) KL2147 MIDVALLEY NORTH COURT,3.119758,101.677393,,rapidbus_kl,2310
1000838,KL1397 FLAT PKNS KERINCHI/KL GATEWAY,3.113292,101.662546,,rapidbus_kl,2311
1001833,KL1440 LRT UNIVERSITI (TIMUR),3.114012,101.662208,,rapidbus_kl,2312
1001897,KL1102 MASJID AR-RAHMAN UM,3.1171330559243,101.66247395852,,rapidbus_kl,2313
1000583,KL2137 FAKULTI UNDANG-UNDANG UM,3.118674,101.661071,,rapidbus_kl,2314
1001596,KL1103 KOLEJ KEDIAMAN PERTAMA UM,3.1181239305332,101.65932260272,,rapidbus_kl,2315
1000655,KL1104 JABATAN BIOPERUBATAN UM,3.119083,101.655587,,rapidbus_kl,2316
1002427,KL1109 PERPUSTAKAAN UM,3.1211198097451,101.6535801967,,rapidbus_kl,2317
1000578,(M) KL1107 DEWAN TUNKU CANSELOR UM,3.121867,101.657186,,rapidbus_kl,2318
1006747,KL1108 PUSAT ASASI SAINS UM,3.121738,101.658348,,rapidbus_kl,2319
1000226,KL1399 THE VERTICAL,3.1101911614985,101.66600163396,,rapidbus_kl,2320
1000761,KL1400 FLAT SRI ANGKASA,3.109576,101.668172,,rapidbus_kl,2321
1008483,CENTRIO PANTAI HILLPARK,3.108325,101.665709,,rapidbus_kl,2322
1008484,CONDOMINIUM ANDALUSIA,3.107632,101.662365,,rapidbus_kl,2323
1008485,PANTAI HILLPARK PHASE 5,3.106502,101.661532,,rapidbus_kl,2324
1008486,PUSAT KOMUNITI LEMBAH PANTAI,3.103629,101.661219,,rapidbus_kl,2325
1008487,INWOOD RESIDENCES,3.102553,101.663576,,rapidbus_kl,2326
1000312,KL1402 PANTAI MURNI,3.104087,101.666116,,rapidbus_kl,2327
1002251,KL1414 CENTRIO PANTAI HILLPARK,3.106853,101.666039,,rapidbus_kl,2328
1000453,KL1438 BANGSAR SOUTH,3.1089238252724,101.66799880187,,rapidbus_kl,2329
1000227,KL1439 NEXUS BANGSAR SOUTH,3.1098943241081,101.66608889972,,rapidbus_kl,2330
1001650,KL2134 FLAT PKNS KERINCHI,3.112272,101.662094,,rapidbus_kl,2331
1001410,KL1441 KL GATEWAY - LRT UNIVERSITI,3.1147478848012,101.66181039156,,rapidbus_kl,2332
1002618,PJ258 PPUM,3.114309,101.650787,,rapidbus_kl,2333
1001845,PJ260 MAHSA AVENUE (OPP),3.1179615157635,101.6480490315,,rapidbus_kl,2334
1003406,PJ263 SMK SULTAN ABD SAMAD,3.118222,101.645127,,rapidbus_kl,2335
1001395,PJ270 MASJID KOLEJ ISLAM (OPP),3.118476,101.641036,,rapidbus_kl,2336
1001610,PJ271 LEMBAGA FARMASI MALAYSIA,3.118512,101.639473,,rapidbus_kl,2337
1003456,PJ310 HERBALINE SEAPARK (OPP),3.111492,101.622006,,rapidbus_kl,2338
1003204,PJ307 SHELL SEAPARK (OPP),3.109781,101.623403,,rapidbus_kl,2339
1001832,PJ297 LRT TAMAN PARAMOUNT,3.1047971484358,101.62324724698,,rapidbus_kl,2340
1008645,PJ348 SEKSYEN 19,3.118055,101.625243,,rapidbus_kl,2341
1001807,KL1100 LRT KERINCHI,3.115583,101.668292,,rapidbus_kl,2342
1003761,KL1111 IPD PANTAI,3.1175978325419,101.6671213878,,rapidbus_kl,2343
1000366,KL1112 SK BANGSAR (OPP),3.1170278817151,101.67063325726,,rapidbus_kl,2344
1000096,KL1803 KTM ANGKASAPURI,3.1123947922969,101.67357475008,,rapidbus_kl,2345
1003431,KL2139 PPR SRI PANTAI (BARAT),3.1068021310299,101.67335703473,,rapidbus_kl,2346
1001045,KL2140 KTM PANTAI DALAM,3.096744,101.670166,,rapidbus_kl,2347
1002877,(M) KL1804 APARTMENT PANTAI INDAH,3.0957067611578,101.6690293346,,rapidbus_kl,2348
1000261,KL1805 KG PANTAI DALAM,3.0986396465212,101.67039758065,,rapidbus_kl,2349
1000762,KL1437 TAMAN BUKIT ANGKASA (TIMUR),3.1072314965482,101.67185354416,,rapidbus_kl,2350
1000763,KL2129 FLAT SRI ANGKASA 2,3.1075293605409,101.67092526173,,rapidbus_kl,2351
1008293,KLINIK KOMUNITI KERINCHI,3.108036,101.669355,,rapidbus_kl,2352
1001654,(M) KL1413 PANTAI MURNI,3.104103,101.666017,,rapidbus_kl,2353
1008488,TAMAN BUKIT ANGKASA,3.108466,101.668927,,rapidbus_kl,2354
1000910,KL1420 TAMAN BUKIT ANGKASA BLOK 6,3.1078394383843,101.67076523891,,rapidbus_kl,2355
1001719,KL1800 PPR SRI PANTAI (BARAT),3.1075135980947,101.67309675705,,rapidbus_kl,2356
1000095,KL1801 ANGKASAPURI,3.1125467042244,101.67320070486,,rapidbus_kl,2357
1001706,KL1802 KUARTERS TNB (DAHLIA),3.116452747602,101.6718384715,,rapidbus_kl,2358
1000365,KL1099 SK BANGSAR,3.1167609772467,101.67034409462,,rapidbus_kl,2359
1001787,KL1117 LRT BANGSAR,3.1274797153797,101.6788029842,,rapidbus_kl,2360
1002917,KL1762 PUSAT KHIDMAT LEMBAH PANTAI,3.129266,101.674383,,rapidbus_kl,2361
1002948,KL1143 BANGSAR PARK (SELATAN),3.130798,101.673309,,rapidbus_kl,2362
1001531,KL1158 KOMERSIAL BANGSAR BARU,3.132373,101.673216,,rapidbus_kl,2363
1002890,KL1145 BANGSAR PARK (UTARA),3.1356016863173,101.67324332606,,rapidbus_kl,2364
1002093,KL1160 TAMAN BANDARAYA,3.139263868803,101.67210240492,,rapidbus_kl,2365
1000223,KL1136 BANGSAR SHOPPING CENTER (OPP),3.142399,101.667978,,rapidbus_kl,2366
1001657,KL1137 SRI PENAGA CONDOMINIUM,3.1422064106571,101.66458715895,,rapidbus_kl,2367
1000632,KL1162 DC MALL,3.145951,101.660649,,rapidbus_kl,2368
1003214,KL1175 HP TOWERS,3.151841,101.663715,,rapidbus_kl,2369
1006702,KL2424 DAMANLELA CARPARK,3.149055,101.66251,,rapidbus_kl,2370
1000224,KL1138 BANGSAR SHOPPING CENTER (TIMUR),3.143125,101.668006,,rapidbus_kl,2371
1003372,KL1148 SMK BUKIT BANDARAYA,3.1425084184586,101.67180830063,,rapidbus_kl,2372
1002918,KL1149 APT BANGSAR INDAH,3.1402867373031,101.67274448637,,rapidbus_kl,2373
1002905,KL1150 RUMAH NO 164,3.1380614131037,101.67342031975,,rapidbus_kl,2374
1002959,KL1153 BANGSAR PARK (SELATAN),3.130729,101.673479,,rapidbus_kl,2375
1000060,KL1154 PUSAT KHIDMAT LEMBAH PANTAI,3.129343,101.674519,,rapidbus_kl,2376
1000519,KL1142 DATARAN MAYBANK,3.126412,101.677303,,rapidbus_kl,2377
1001511,KL SENTRAL,3.133649,101.685557,,rapidbus_kl,2378
1009071,TAMAN BOTANI PERDANA,3.147367,101.686771,,rapidbus_kl,2379
1005051,PARLIMEN GATE 3,3.149496,101.678636,,rapidbus_kl,2380
1002080,KL113 HAB LEBUH PUDU,3.146744,101.698695,,rapidbus_kl,2381
1004240,KL1939 MEDAN PASAR,3.148202,101.696375,,rapidbus_kl,2382
1000383,KL117 BSN LEBUH AMPANG,3.1492454039518,101.69737177094,,rapidbus_kl,2383
1003683,KL30 AMANAHRAYA,3.1519126007803,101.69799809706,,rapidbus_kl,2384
1000823,KL31 HENTIAN MUNSHI ABDULLAH,3.1532582998069,101.69848425418,,rapidbus_kl,2385
1002560,KL32 CAPSQUARE,3.1546522393082,101.69837470998,,rapidbus_kl,2386
1003415,KL1940 SOGO KL,3.1567788096169,101.69535839244,,rapidbus_kl,2387
1001984,KL40 MEDAN MARA,3.157724,101.694556,,rapidbus_kl,2388
1003257,KL41 LRT SULTAN ISMAIL/WISMA SIME DARBY,3.162154,101.695526,,rapidbus_kl,2389
1002694,KL42 EDC HOTEL,3.165085,101.696133,,rapidbus_kl,2390
1001418,KL46 CHOWKIT/KFC (BARAT),3.167208,101.696275,,rapidbus_kl,2391
1002537,KL47 DAMAI HOSPITAL (OPP),3.169272,101.695689,,rapidbus_kl,2392
1002413,KL49 PERKIM/PUSRAWI,3.171001,101.693422,,rapidbus_kl,2393
1002022,KL578 TAMAN GOLDEN,3.174173,101.690357,,rapidbus_kl,2394
1001710,KL579 SK SRI DHANDAYUTHAPANI,3.176318,101.688001,,rapidbus_kl,2395
1005139,(M) KL1580 MRT SENTUL BARAT PINTU B,3.178238,101.685753,,rapidbus_kl,2396
1002529,KL580 RIVERCITY 3RD MILE,3.180075,101.683043,,rapidbus_kl,2397
1002530,KL581 BATU COMPLEX BUSINESS CENTRE,3.183872,101.681078,,rapidbus_kl,2398
1003385,KL583 SMK (P) JLN IPOH,3.187494,101.681611,,rapidbus_kl,2399
1001626,KL584 KOMPLEKS MUTIARA,3.188964,101.680933,,rapidbus_kl,2400
1002533,KL585 MRT KENTOMEN PINTU B,3.194339,101.679474,,rapidbus_kl,2401
1002534,KL586 KOMPLEKS MIKASA,3.198519,101.678381,,rapidbus_kl,2402
1001253,KL1577 SK KAMPUNG BATU (OPP),3.201914,101.676269,,rapidbus_kl,2403
1001634,KL587 KOMERSIAL KOK LIAN,3.202668,101.673614,,rapidbus_kl,2404
1004086,KL565 KTM TAMAN WAHYU (OPP),3.214823,101.671769,,rapidbus_kl,2405
1003909,(M) KL566 LOTUS SELAYANG,3.222303,101.671636,,rapidbus_kl,2406
1008667,KL2247 KOMERSIAL KIP,3.224288,101.671585,,rapidbus_kl,2407
1004214,KL567 TAMAN SRI SELAYANG,3.235105,101.671394,,rapidbus_kl,2408
1004213,KL569 TAMAN DESA BAKTI,3.242992,101.662831,,rapidbus_kl,2409
1000427,SL531 SELAYANG PANDANG,3.244594,101.658687,,rapidbus_kl,2410
1008666,SL532 SELAYANG PANDANG,3.245313,101.658162,,rapidbus_kl,2411
1008665,SL533 POS MALAYSIA SELAYANG (OPP),3.244942,101.669029,,rapidbus_kl,2412
1002191,SL55 GIANT SELAYANG,3.246598,101.671185,,rapidbus_kl,2413
1008668,SL287 STADIUM MPS (BARAT),3.254584,101.656382,,rapidbus_kl,2414
1002289,SL34 GIANT SELAYANG,3.246619,101.671394,,rapidbus_kl,2415
1002355,SL538 POS MALAYSIA SELAYANG,3.244932,101.669223,,rapidbus_kl,2416
1000735,SL539 FLAT PASAR BORONG,3.241042,101.668447,,rapidbus_kl,2417
1004215,KL840 TAMAN SRI SELAYANG,3.235604,101.671683,,rapidbus_kl,2418
1001398,KL1498 KOMERSIAL KIP (OPP),3.224205,101.671929,,rapidbus_kl,2419
1004087,(M) KL1505 KTM TAMAN WAHYU,3.215039,101.672071,,rapidbus_kl,2420
1001633,KL588 TAMAN KOK LIAN/ PPR PEKAN BATU,3.202983,101.672999,,rapidbus_kl,2421
1003379,KL598 SK KAMPUNG BATU,3.201994,101.676612,,rapidbus_kl,2422
1001966,KL599 TAMAN IMPIAN,3.200533,101.677558,,rapidbus_kl,2423
1000401,KL600 BATU KENTOMEN,3.197445,101.679383,,rapidbus_kl,2424
1002536,KL601 TAMAN RAINBOW,3.194458,101.679934,,rapidbus_kl,2425
1002535,KL602 TAMAN KAYA,3.191318,101.680711,,rapidbus_kl,2426
1005100,KL1578 MRT JALAN IPOH PINTU B,3.189311,101.681467,,rapidbus_kl,2427
1003386,KL603 SMK (P) JLN IPOH (OPP),3.187823,101.682087,,rapidbus_kl,2428
1005102,KL604 BATU COMPLEX BUSINESS CENTRE,3.184283,101.681568,,rapidbus_kl,2429
1002532,KL605 TAMAN MILLION,3.182668,101.681709,,rapidbus_kl,2430
1001414,(M) KL606 RIVERWALK VILLAGE,3.180072,101.683532,,rapidbus_kl,2431
1005118,KL607 MRT SENTUL BARAT PINTU C,3.179103,101.684876,,rapidbus_kl,2432
1000949,KL608 HOTEL TROPICANA,3.176957,101.687597,,rapidbus_kl,2433
1002528,KL609 SMK SENTUL UTAMA,3.174777,101.690071,,rapidbus_kl,2434
1002414,KL2249 PERKIM,3.171261,101.693485,,rapidbus_kl,2435
1000514,KL50 DAMAI HOSPITAL,3.169987,101.695148,,rapidbus_kl,2436
1003247,KL52 MONORAIL CHOWKIT,3.167932,101.697641,,rapidbus_kl,2437
1000477,KL69 PASAR CHOW KIT,3.1649075811687,101.69838214605,,rapidbus_kl,2438
1004169,KL70 SRI AMAR,3.1621045678315,101.69799859061,,rapidbus_kl,2439
1002359,KL71 KOMERSIAL TAR,3.1612475525248,101.69761374186,,rapidbus_kl,2440
1001853,KL35 MAJU JUNCTION,3.1592844970663,101.69672259083,,rapidbus_kl,2441
1001629,KL36 KOMPLEKS PERTAMA,3.157889,101.696133,,rapidbus_kl,2442
1000875,KL37 GLOBE KL,3.1551536529193,101.69640777292,,rapidbus_kl,2443
1000502,KL38 COLISEUM,3.1529928729368,101.69660138684,,rapidbus_kl,2444
1000521,KL114 DATARAN MERDEKA,3.149162,101.694376,,rapidbus_kl,2445
1000047,KL1934 MUZIUM TEKSTIL NEGARA,3.147136,101.69481,,rapidbus_kl,2446
1006277,KL103 MAYBANK,3.14694,101.69683,,rapidbus_kl,2447
1003299,SKPK LELAKI JLN BATU,3.159643,101.694843,,rapidbus_kl,2448
1002415,KL47 PICOMS,3.1704199968614,101.6941562269,,rapidbus_kl,2449
1001329,KL610 IPD SENTUL,3.1743497157601,101.69253609468,,rapidbus_kl,2450
1000784,KL2050 FLAT SRI TERENGGANU,3.1756642902018,101.69290146174,,rapidbus_kl,2451
1001523,KL2051 WISMA HEALTH LANE,3.178321,101.692506,,rapidbus_kl,2452
1003167,KL613 SENTUL BOULEVARD (BARAT),3.184357,101.691806,,rapidbus_kl,2453
1003375,KL615 SMK CONVENT SENTUL,3.185997,101.691514,,rapidbus_kl,2454
1002170,KL616 PASAR SENTUL,3.188646,101.691164,,rapidbus_kl,2455
1000769,KL617 SK SENTUL 2,3.1917899245568,101.69078824409,,rapidbus_kl,2456
1000637,KL2053 BHP SENTUL (OPP),3.194063,101.690715,,rapidbus_kl,2457
1003624,KL1500 SJKC SENTUL PENG MING (OPP),3.197294,101.690691,,rapidbus_kl,2458
1001162,SENTUL VILLAGE,3.203693,101.689151,,rapidbus_kl,2459
1008375,KL618 DARUL HIDAYAH,3.205379,101.689185,,rapidbus_kl,2460
1008373,KL619 RESIDENSI SKY AWANI (OPP),3.208922,101.689286,,rapidbus_kl,2461
1001164,KL1502 SMK BATU MUDA,3.2110832416219,101.68918531876,,rapidbus_kl,2462
1000174,KL620 ASRAMA PUTRI DESA VIEW,3.213965,101.689181,,rapidbus_kl,2463
1003994,KL623 TAMAN KOPERASI POLIS,3.220585,101.689193,,rapidbus_kl,2464
1001590,(M) KL624 IIC/PICOMS,3.223146,101.689189,,rapidbus_kl,2465
1004270,(M) KL625 GIATMARA BATU MUDA,3.226716,101.689114,,rapidbus_kl,2466
1003042,KL626 TAMAN BATU MUDA (TIMUR),3.227983,101.688207,,rapidbus_kl,2467
1003008,KL627 TAMAN BATU MUDA,3.227896,101.686728,,rapidbus_kl,2468
1001365,SL260 BT CAVES INDUSTRIAL PARK 5 (BARAT),3.233728,101.684984,,rapidbus_kl,2469
1002362,SL261 PERINDUSTRIAN BT CAVES,3.2337913290617,101.68775458091,,rapidbus_kl,2470
1001168,SL263 FLAT TAMAN SRI BATU,3.233232,101.691834,,rapidbus_kl,2471
1003594,SL264 SK TAMAN SAMUDERA,3.2331904405796,101.69387206424,,rapidbus_kl,2472
1000862,SL265 GIANT BT CAVES,3.2350275355261,101.69537303564,,rapidbus_kl,2473
1001866,SL244 TAMAN SRI GOMBAK FASA 3,3.242985,101.705851,,rapidbus_kl,2474
1002380,SL178 KG MELAYU WIRA DAMAI,3.250299,101.693129,,rapidbus_kl,2475
1001867,SL247 TAMAN SRI GOMBAK FASA 3,3.243095,101.706028,,rapidbus_kl,2476
1003499,SL240 TAMAN SRI GOMBAK FASA 4,3.240708,101.707096,,rapidbus_kl,2477
1000863,SL250 GIANT BT CAVES (OPP),3.2352028016492,101.69553249615,,rapidbus_kl,2478
1003592,SL251 METRO TABERNACLE (OPP),3.2330061496644,101.69459905086,,rapidbus_kl,2479
1000579,SL252 HENTIAN SAMUDERA BARAT,3.2330736618946,101.69123161992,,rapidbus_kl,2480
1001756,SL253 WISMA SBC (OPP),3.2330886112503,101.68943385203,,rapidbus_kl,2481
1000002,SL254 PERINDUSTRIAN BT CAVES,3.2336025134884,101.68713320744,,rapidbus_kl,2482
1001364,SL255 BT CAVES INDUSTRIAL PARK,3.2336008703877,101.68470559789,,rapidbus_kl,2483
1001507,SL256 PERINDUSTRIAN SBC,3.23124128371,101.68455667137,,rapidbus_kl,2484
1001176,SL257 BT CAVES INDUSTRIAL PARK,3.2282417555763,101.6845945779,,rapidbus_kl,2485
1004103,KL631 TAMAN BATU MUDA (TENGAH),3.228024,101.68612,,rapidbus_kl,2486
1003009,KL632 TAMAN BATU MUDA (TIMUR),3.228132,101.688189,,rapidbus_kl,2487
1004271,(M) KL633 RAUDHATUL SAKINAH,3.226651,101.689353,,rapidbus_kl,2488
1001591,KL634 IIC/PICOMS (OPP),3.223155,101.689429,,rapidbus_kl,2489
1003996,KL636 TAMAN KOPERASI POLIS,3.220635,101.689417,,rapidbus_kl,2490
1002664,KL638 FIT CENTRE,3.215445230474,101.6894337101,,rapidbus_kl,2491
1003373,KL639 SMK BATU MUDA (OPP),3.211631,101.689436,,rapidbus_kl,2492
1008372,KL640 RESIDENSI SKY AWANI,3.209083,101.689499,,rapidbus_kl,2493
1008374,KL1503 ONE MAXIM,3.205386,101.689431,,rapidbus_kl,2494
1001163,CENTURA SENTUL,3.204097,101.689384,,rapidbus_kl,2495
1008189,KL641 1 SENTUL CONDOMINIUM (OPP),3.200113,101.690415,,rapidbus_kl,2496
1003625,KL642 SJKC PENG MING,3.196942,101.690959,,rapidbus_kl,2497
1000638,KL2063 SPG DATO SENU,3.1945987428565,101.69102565218,,rapidbus_kl,2498
1000770,KL643 MASJID AL-HIDAYAH SENTUL,3.1920734599953,101.6910158276,,rapidbus_kl,2499
1002171,KL644 PANGSAPURI SENTUL UTARA,3.190131,101.691354,,rapidbus_kl,2500
1003168,KL645 SENTUL BOULEVARD (UTARA),3.1860286814606,101.69248897523,,rapidbus_kl,2501
1003169,KL647 FENNEL SENTUL,3.183666,101.694169,,rapidbus_kl,2502
1008377,D6 SENTUL,3.180778,101.692479,,rapidbus_kl,2503
1000573,KL665 SJKC SENTUL KL,3.179894,101.692594,,rapidbus_kl,2504
1001524,KL665 SJKT SENTUL,3.1768647215315,101.69294053604,,rapidbus_kl,2505
1000785,KL666 PERUMAHAN AWAM SERI TERENGGANU,3.1751537428436,101.6931426527,,rapidbus_kl,2506
1000488,KL106 MENARA UAB/CIMB,3.1507023375653,101.69556669879,,rapidbus_kl,2507
1001183,KL107 LRT MASJID JAMEK,3.1495093326694,101.69651785383,,rapidbus_kl,2508
1002041,(M) KL1580 PETRON SENTUL WEST,3.178511,101.685795,,rapidbus_kl,2509
1008365,KL594 MRT KG BATU,3.205422,101.675887,,rapidbus_kl,2510
1002614,KL593 PPR BATU MUDA BLOK G (OPP),3.206771,101.679318,,rapidbus_kl,2511
1002612,KL1571 PPR BATU MUDA (OPP),3.207703,101.680257,,rapidbus_kl,2512
1003445,KL2239 SK BATU MUDA (OPP),3.213402,101.684121,,rapidbus_kl,2513
1002873,KL2240 PERUMAHAN TENTERA AMPAT TIN,3.214803,101.684633,,rapidbus_kl,2514
1002872,KL2242 PERUMAHAN LOT BATU MUDA,3.216029,101.686414,,rapidbus_kl,2515
1001944,KL2275 MASJID SAIDINA HAMZAH (OPP),3.217813,101.688308,,rapidbus_kl,2516
1004104,KL628 TAMAN BATU MUDA (TENGAH),3.227839,101.685253,,rapidbus_kl,2517
1000843,KL629 HENTIAN BATU MUDA,3.2277684757764,101.68340687361,,rapidbus_kl,2518
1001491,SL491 KJCF (OPP),3.229023,101.682252,,rapidbus_kl,2519
1002018,SL492 AMARI BUSINESS PARK,3.231727805851,101.68238522469,,rapidbus_kl,2520
1002755,SL493 NISSAN,3.2340012667277,101.6825853159,,rapidbus_kl,2521
1000192,SL56 BALAI MUKIM BATU,3.2481543491642,101.67448658595,,rapidbus_kl,2522
1003566,SL82 SIMPANG MASUK KG NAKHODA,3.250468,101.675729,,rapidbus_kl,2523
1001095,SL475 KG BARU SG TUA (BARAT),3.2527613196177,101.6780357229,,rapidbus_kl,2524
1001727,SL68 KG BARU SG TUA (TIMUR),3.254213053263,101.67988312992,,rapidbus_kl,2525
1002967,SL69 RUMAH NO 8970,3.2534652022462,101.68245624943,,rapidbus_kl,2526
1002966,SL70 RUMPUN NAKHODA RESIDENCE,3.2528137554167,101.68366997064,,rapidbus_kl,2527
1001781,SL71 LORONG NAKHODA 25,3.249419022952,101.67927903775,,rapidbus_kl,2528
1001469,SL57 SRA SG TUA (OPP),3.252764,101.674759,,rapidbus_kl,2529
1003983,SL58 KG SG TUA BARU,3.256723,101.672816,,rapidbus_kl,2530
1001991,SL472 TAMAN SELAYANG MUTIARA,3.260413,101.673384,,rapidbus_kl,2531
1001425,SL60 KG BENDAHARA,3.261955,101.675879,,rapidbus_kl,2532
1000240,SL61 BDR BARU SELAYANG FASA 2A,3.263028,101.678498,,rapidbus_kl,2533
1003985,SL473 HAB TAMAN JASA UTAMA,3.268909,101.681395,,rapidbus_kl,2534
1000241,SL62 BDR BARU SELAYANG FASA 2A,3.262902,101.678608,,rapidbus_kl,2535
1001426,SL63 KG BENDAHARA,3.261787,101.675915,,rapidbus_kl,2536
1001496,SL64 TAMAN SELAYANG MUTIARA,3.260214,101.673732,,rapidbus_kl,2537
1003984,SL65 KG SG TUA BARU,3.256445,101.673152,,rapidbus_kl,2538
1001470,SL66 SRA SG TUA,3.252986,101.674986,,rapidbus_kl,2539
1002449,SL75 AZMIDA TECHNICAL COLLEGE (OPP),3.249893,101.676544,,rapidbus_kl,2540
1001917,SL72 MASJID KG NAKHODA,3.249407,101.677987,,rapidbus_kl,2541
1003261,SL73 KG LAKSAMANA (UTARA),3.250065,101.679948,,rapidbus_kl,2542
1001726,SL78 KG BARU SG TUA (TIMUR),3.2539201119329,101.67987988416,,rapidbus_kl,2543
1004264,SL67 WISMA YATI AHMAD,3.249807,101.675391,,rapidbus_kl,2544
1002584,SL481 BALAI MUKIM BATU (OPP),3.247876,101.674629,,rapidbus_kl,2545
1002756,SL486 NISSAN (OPP),3.2339503068994,101.68282168319,,rapidbus_kl,2546
1002019,SL487 AMARI BUSINESS PARK,3.2317086959154,101.68266378678,,rapidbus_kl,2547
1001505,SL488 KJCF,3.2292616919648,101.68245586758,,rapidbus_kl,2548
1001506,KL630 HENTIAN BATU MUDA,3.2279776751935,101.68351131053,,rapidbus_kl,2549
1001945,KL621 MASJID SAIDINA HAMZAH,3.217681304031,101.68854051147,,rapidbus_kl,2550
1002871,KL2244 PADANG BOLA BATU MUDA,3.215874,101.687073,,rapidbus_kl,2551
1002874,KL2246 PERUMAHAN TENTERA AMPAT TIN (OPP),3.214984,101.684749,,rapidbus_kl,2552
1003444,KL2276 SK BATU MUDA,3.213314,101.684033,,rapidbus_kl,2553
1002613,KL591 PPR BATU MUDA BLOK A,3.208154,101.680684,,rapidbus_kl,2554
1002615,KL592 PPR BATU MUDA BLOK G,3.206943,101.679831,,rapidbus_kl,2555
1003170,KL607 SENTUL WEST,3.178841,101.686031,,rapidbus_kl,2556
1001170,(M) PASAR SENI (PLATFORM A7 - A8),3.142984,101.695636,,rapidbus_kl,2557
1001810,KL105 LRT MASJID JAMEK,3.1494286865998,101.69618952231,,rapidbus_kl,2558
1000520,KL1820 DATARAN MERDEKA,3.149957,101.693829,,rapidbus_kl,2559
1000533,KL39 MENARA DBKL,3.153669,101.694597,,rapidbus_kl,2560
1003644,KL2052 SMK LA SALLE,3.179513,101.692342,,rapidbus_kl,2561
1002860,KL996 PERUMAHAN SENTUL IMPIAN,3.195374,101.691975,,rapidbus_kl,2562
1003788,KL1005 PADANG DATO SENU,3.1959661287747,101.69574646695,,rapidbus_kl,2563
1002372,KL1007 KOMERSIAL DATO SENU,3.193629,101.695757,,rapidbus_kl,2564
1002791,KL1013 TAMAN DATO SENU,3.193997,101.694054,,rapidbus_kl,2565
1003035,KL1014 PERUMAHAN SENTUL IMPIAN,3.195259,101.692095,,rapidbus_kl,2566
1003515,KL2065 CAPERS SENTUL,3.181731,101.693202,,rapidbus_kl,2567
1001673,KL108 KOTA RAYA,3.1452717451374,101.69818921129,,rapidbus_kl,2568
1002017,KL536 MENARA TKSS,3.182464,101.676725,,rapidbus_kl,2569
1000827,KL537 TAMAN SEGAMBUT (BARAT),3.183037,101.674726,,rapidbus_kl,2570
1004283,KL539 TEMPLE SEGAMBUT,3.183824,101.672461,,rapidbus_kl,2571
1001358,KL540 SJKC KHAI CHEE (OPP),3.184986,101.669835,,rapidbus_kl,2572
1003191,KL541 SMK SEGAMBUT (OPP),3.186952,101.666972,,rapidbus_kl,2573
1001688,KTM KOMUTER SEGAMBUT,3.1869616128388,101.6630455465,,rapidbus_kl,2574
1001582,KL1581 KG SEGAMBUT BAHAGIA (BARAT),3.186033,101.659412,,rapidbus_kl,2575
1003732,KL1583 SURAU IKHWANIAH,3.183908,101.655848,,rapidbus_kl,2576
1001192,KL1584 KLINIK KESIHATAN SEGAMBUT (OPP),3.182899,101.654918,,rapidbus_kl,2577
1001884,KL1586 MASJID AL-UBUDIAH (OPP),3.178675,101.652195,,rapidbus_kl,2578
1001021,KL1588 KG SEGAMBUT DALAM (SELATAN),3.175384,101.651265,,rapidbus_kl,2579
1001475,KL1589 IMPIAN VILLAS (OPP),3.174035,101.651114,,rapidbus_kl,2580
1001120,RESIDENSI SEFINA,3.170731,101.64948,,rapidbus_kl,2581
1002061,KL1674 KIARA 1888,3.169728,101.649317,,rapidbus_kl,2582
1003109,KL1482 GARDEN INTERNATIONAL SCHOOL,3.166853,101.648723,,rapidbus_kl,2583
1003528,KL1483 FLORA MURNI RESIDENCE,3.165621,101.648498,,rapidbus_kl,2584
1007470,KL2338 PLAZA CRYSTELVILLE,3.163064,101.651408,,rapidbus_kl,2585
1007112,KL1485 PLAZA PRISMA VILLE,3.161209,101.649637,,rapidbus_kl,2586
1002059,KL1681 HAB DESA SRI HARTAMAS,3.164054,101.647807,,rapidbus_kl,2587
1003527,KL1484 LANAI KIARA (OPP),3.1655633159264,101.64832761076,,rapidbus_kl,2588
1003108,KL1683 GARDEN INTERNATIONAL SCHOOL,3.1670988581168,101.64858571175,,rapidbus_kl,2589
1000466,KL1711 CASA KIARA,3.168954,101.649073,,rapidbus_kl,2590
1001119,TRINITY PENTAMONT,3.171021,101.649469,,rapidbus_kl,2591
1002052,KL1590 IMPIAN VILLAS,3.174135,101.651011,,rapidbus_kl,2592
1001020,KL542 KG SEGAMBUT DALAM (SELATAN),3.1753170345106,101.65111858399,,rapidbus_kl,2593
1001883,KL1712 KG SEGAMBUT DALAM,3.177714,101.651757,,rapidbus_kl,2594
1002996,KL1587 MASJID AL-UBUDIAH,3.178832,101.652123,,rapidbus_kl,2595
1003266,KL544 KLINIK KESIHATAN SEGAMBUT,3.182573,101.654268,,rapidbus_kl,2596
1003731,KL545 SURAU IKHWANIAH (OPP),3.183984,101.655761,,rapidbus_kl,2597
1002102,KL521 KG SEGAMBUT BAHAGIA (BARAT),3.185775,101.658265,,rapidbus_kl,2598
1001687,KTM KOMUTER SEGAMBUT,3.1871537493284,101.66283452467,,rapidbus_kl,2599
1003650,KL524 SMK SEGAMBUT,3.187137,101.667125,,rapidbus_kl,2600
1000293,KL533 SJKC KHAI CHEE,3.1857209970457,101.66926371486,,rapidbus_kl,2601
1003834,KL534 TAN CHONG MOTOR,3.184001,101.672747,,rapidbus_kl,2602
1000826,KL914 TAMAN SEGAMBUT (BARAT),3.183432,101.674414,,rapidbus_kl,2603
1004132,KL535 MENARA TKSS (OPP),3.1832872879497,101.67625871322,,rapidbus_kl,2604
1000828,KL941 TAMAN SEGAMBUT (TIMUR),3.1817756330587,101.67755753355,,rapidbus_kl,2605
1008256,KL1065 MASJID NEGARA,3.143403,101.692772,,rapidbus_kl,2606
1000273,(M) KL104 LIN HO,3.147642,101.697527,,rapidbus_kl,2607
1000195,SL174 BALAI POLIS GOMBAK,3.218599,101.713073,,rapidbus_kl,2608
1002518,SL175 JABATAN VETERINAR,3.2169911607982,101.71313215002,,rapidbus_kl,2609
1000397,(M) KL904 BATU 5 GOMBAK,3.213358,101.711984,,rapidbus_kl,2610
1002599,KL905 PEJABAT POS GOMBAK,3.2124132258933,101.70913626109,,rapidbus_kl,2611
1003601,KL906 SRA ZAID HARITHAH,3.2109474795732,101.70654716807,,rapidbus_kl,2612
1002261,KL907 RESIDENSI INSPIRIA (OPP),3.2091960791286,101.70465763924,,rapidbus_kl,2613
1003575,KL908 JU XIAN MIOW,3.207334,101.702901,,rapidbus_kl,2614
1003512,KL909 BATU 4 GOMBAK,3.2060788258643,101.70212970354,,rapidbus_kl,2615
1001530,KL910 KL TRADERS SQUARE,3.203286,101.702583,,rapidbus_kl,2616
1001592,KL911 MASJID ABI WAQQAS (OPP),3.201863,101.703035,,rapidbus_kl,2617
1003623,KL912 SMJK CHONG HWA,3.198543,101.704126,,rapidbus_kl,2618
1004182,KL1631 KG PUAH,3.196675,101.704633,,rapidbus_kl,2619
1000589,KL913 DIAMOND SQUARE,3.194449527539,101.70554489156,,rapidbus_kl,2620
1001281,KL691 GUAN YING TING (OPP),3.187681,101.703603,,rapidbus_kl,2621
1000296,KL692 SRJKC CHONG HWA (OPP),3.183543,101.702285,,rapidbus_kl,2622
1003561,KL693 TITIWANGSA (BARAT),3.1800513185029,101.70116164237,,rapidbus_kl,2623
1002557,KL694 SJKC CHIAO NAN (OPP),3.178573,101.700485,,rapidbus_kl,2624
1000916,KL55 HKL (BARAT),3.1715259723624,101.69899468628,,rapidbus_kl,2625
1002216,KL56 HKL (SELATAN),3.1693610445791,101.69854543866,,rapidbus_kl,2626
1000887,KL53 GRAND SEASONS HOTEL,3.1701675672584,101.69824199219,,rapidbus_kl,2627
1000915,KL54 HKL (OPP),3.1727016599494,101.69894622509,,rapidbus_kl,2628
1003871,KL668 HOSPITAL TAWAKAL,3.177278,101.699941,,rapidbus_kl,2629
1002217,KL669 SJKC CHIAO NAN,3.178777,101.700303,,rapidbus_kl,2630
1003428,KL670 TITIWANGSA (BARAT),3.1816966341743,101.70141734218,,rapidbus_kl,2631
1000822,KL671 SJK(C) CHONG HWA,3.184711,101.701744,,rapidbus_kl,2632
1001330,KL673 GUAN YING TING,3.188411,101.704123,,rapidbus_kl,2633
1001362,KL894 DIAMOND SQUARE (OPP),3.194427,101.705273,,rapidbus_kl,2634
1003254,KL895 KG PUAH,3.1970065790856,101.70428098822,,rapidbus_kl,2635
1007549,KL896 SMJK CHONG HWA (OPP),3.19866,101.703768,,rapidbus_kl,2636
1001943,KL897 MASJID SAAD ABI WAQQAS,3.2016010338946,101.70281401041,,rapidbus_kl,2637
1001324,KL898 KL TRADERS SQUARE (OPP),3.2033668937468,101.70222301152,,rapidbus_kl,2638
1003511,KL899 BATU 4 GOMBAK,3.2057185727971,101.70167958187,,rapidbus_kl,2639
1002260,KL900 RESIDENSI INSPIRIA,3.2087441442628,101.70369360198,,rapidbus_kl,2640
1001898,KL901 MASJID ZAID HARITHAH,3.211145,101.706347,,rapidbus_kl,2641
1004244,(M) KL902 PETRONAS JALAN GOMBAK,3.2125248686349,101.70820623726,,rapidbus_kl,2642
1000396,KL903 BATU 5 GOMBAK,3.213529,101.711619,,rapidbus_kl,2643
1003636,SL101 SK 1 & 2 GOMBAK,3.2169926405988,101.71288229656,,rapidbus_kl,2644
1001899,SL102 MASJID AS SYAKIRIN,3.2186428972993,101.71282212336,,rapidbus_kl,2645
1003360,SBP INTEGRASI GOMBAK (OPP),3.2443281004462,101.72183234659,,rapidbus_kl,2646
1002104,KL57 NS PENYELIDIKAN PERUBATAN,3.1676749834573,101.69936041071,,rapidbus_kl,2647
1004138,KL58 MEDAN SELERA,3.168009,101.704354,,rapidbus_kl,2648
1003643,KL59 SK JLN RAJA MUDA,3.167985,101.707342,,rapidbus_kl,2649
1004274,KL60 YAYASAN SELANGOR,3.168012,101.708793,,rapidbus_kl,2650
1002016,KL61 SETIA SKY RESIDENCE,3.168117,101.710298,,rapidbus_kl,2651
1001999,KL210 MENARA CELCOM,3.1684458273791,101.71496998407,,rapidbus_kl,2652
1002629,KL211 PROTON EDAR,3.1709420067392,101.71686700305,,rapidbus_kl,2653
1001869,KL212 UTM (SELATAN),3.1726511272452,101.71821161531,,rapidbus_kl,2654
1002645,KL213 PULAPOL,3.1746299994927,101.71964238367,,rapidbus_kl,2655
1001197,KL230 JPAM,3.1756218392977,101.72190048228,,rapidbus_kl,2656
1002033,KL231 MINDEF SQUARE,3.1749683711778,101.72317478416,,rapidbus_kl,2657
1002338,KL232 MARKAS LOGISTIK TENTERA,3.1732756877265,101.72576438369,,rapidbus_kl,2658
1006094,KL233 GURNEY HEIGHT BLOK A,3.170212,101.729044,,rapidbus_kl,2659
1007519,KL234 GURNEY HEIGHT BLOK C (OPP),3.169726,101.728824,,rapidbus_kl,2660
1003133,KL235 KG DATUK KERAMAT,3.168526,101.727852,,rapidbus_kl,2661
1000259,AJ1 TAMAN KERAMAT (BARAT),3.168219,101.736894,,rapidbus_kl,2662
1002887,AJ450 TAMAN KERAMAT (UTARA),3.167931,101.740122,,rapidbus_kl,2663
1000719,AJ451 FLAT TAMAN KERAMAT,3.169025,101.744321,,rapidbus_kl,2664
1000698,AJ2 FLAT KERAMAT (OPP),3.1700787440494,101.74689493643,,rapidbus_kl,2665
1003919,AJ3 PETRONAS AU2 TMN KERAMAT,3.1712527876539,101.75079445011,,rapidbus_kl,2666
1003062,AJ4 S.E.H (OPP),3.1739382945949,101.75297748463,,rapidbus_kl,2667
1003066,AJ5 MEDAN SELERA DESA KERAMAT,3.1765343179563,101.7533559133,,rapidbus_kl,2668
1000869,AJ6 GSK (OPP),3.178129791143,101.75457221573,,rapidbus_kl,2669
1003821,AJ7 GEOLOGI PETRONAS,3.1801207373274,101.75606951586,,rapidbus_kl,2670
1000800,AJ8 FLAT PKNS AU3 (OPP),3.1814831882915,101.75709215496,,rapidbus_kl,2671
1004143,AJ11 TRANSFORMER,3.1908805190146,101.76089970243,,rapidbus_kl,2672
1000529,AJ12 DEWAN BAHASA PUSTAKA,3.1929667398259,101.76095404518,,rapidbus_kl,2673
1000066,AJ13 BENGKEL ALLY AZRAN,3.1948186532782,101.76092373513,,rapidbus_kl,2674
1001882,AJ508 MASJID AR-RIDHUAN,3.1962070608269,101.7627837401,,rapidbus_kl,2675
1003640,AJ496 SK HULU KELANG,3.2000511262707,101.76123146744,,rapidbus_kl,2676
1003184,AJ493 SAUDI SCHOOL (OPP),3.202877,101.759261,,rapidbus_kl,2677
1004288,AJ492 KOMERSIAL MELAWATI/ZOO NEGARA,3.205882,101.756909,,rapidbus_kl,2678
1003827,AJ357 TADIKA WATI,3.225163,101.748794,,rapidbus_kl,2679
1000852,AJ358 TAMAN MELAWATI H,3.228459,101.748052,,rapidbus_kl,2680
1001259,AJ359 HENTIAN TAMAN MELAWATI,3.227956,101.745649,,rapidbus_kl,2681
1007534,SJK TAMIL TAMAN MELAWATI,3.216683,101.749693,,rapidbus_kl,2682
1004287,AJ491 ZOO NEGARA,3.206681,101.756612,,rapidbus_kl,2683
1003139,AJ494 SAUDI SCHOOL,3.202718,101.759804,,rapidbus_kl,2684
1001294,AJ495 SK HULU KELANG (OPP),3.2009806766193,101.76111959249,,rapidbus_kl,2685
1001343,AJ509 FLAT TAMAN AL-RIDHUAN,3.1961349345231,101.76342348121,,rapidbus_kl,2686
1000067,AJ14 BENGKEL ALLY AZRAN (OPP),3.1951745250322,101.76116759694,,rapidbus_kl,2687
1000530,AJ15 DEWAN BAHASA PUSTAKA (OPP),3.1928988655788,101.76118007038,,rapidbus_kl,2688
1004144,(M) AJ16 TRANSFORMER (OPP),3.1899810027823,101.76114303605,,rapidbus_kl,2689
1001090,AJ17 LOJI IWK,3.1879299883652,101.76058368157,,rapidbus_kl,2690
1000996,AJ18 FLAT UTM,3.1843791720355,101.75921960751,,rapidbus_kl,2691
1000801,AJ19 FLAT PKNS AU3,3.1812679517238,101.75722310574,,rapidbus_kl,2692
1000870,AJ20 GSK,3.1779976442041,101.75473156694,,rapidbus_kl,2693
1003067,AJ21 SAPURA,3.1764620964573,101.75360792144,,rapidbus_kl,2694
1003063,AJ22 S.E.H,3.1742143133601,101.75321452058,,rapidbus_kl,2695
1003918,AJ23 TEXAS INSTRUMENTS,3.1710148628736,101.75079394224,,rapidbus_kl,2696
1000720,AJ24 FLAT KERAMAT,3.1697727228996,101.74666665626,,rapidbus_kl,2697
1000260,AJ25 FLAT TAMAN KERAMAT,3.168841,101.744319,,rapidbus_kl,2698
1001777,AJ26 TAMAN KERAMAT (TIMUR),3.167886,101.741873,,rapidbus_kl,2699
1003520,AJ27 TAMAN KERAMAT (UTARA),3.167756,101.740317,,rapidbus_kl,2700
1000258,AJ28 DATUM JELATEK (BARAT),3.168095,101.736281,,rapidbus_kl,2701
1001878,KL203 SK DATOK KERAMAT 1,3.166581,101.730039,,rapidbus_kl,2702
1003132,KL204 KG DATUK KERAMAT,3.168292,101.727745,,rapidbus_kl,2703
1007520,KL1645 GURNEY HEIGHT (BLOK A),3.170199,101.728925,,rapidbus_kl,2704
1001865,KL205 MARKAS LOGISTIK TENTERA DARAT,3.172908,101.725943,,rapidbus_kl,2705
1006095,KL1641 KOMPLEKS SUKAN KEMENTERIAN,3.173586,101.724919,,rapidbus_kl,2706
1001147,KL2254 MINDEF SQUARE (OPP),3.174128,101.724124,,rapidbus_kl,2707
1004191,KL206 UTM KL,3.174422,101.719945,,rapidbus_kl,2708
1000985,KL207 UTM KL (SELATAN),3.172438,101.718406,,rapidbus_kl,2709
1002628,KL208 SEMARAK RESIDENCE,3.1700591972816,101.71652378035,,rapidbus_kl,2710
1003641,KL209 SK JLN GURNEY,3.1686462134804,101.71543749422,,rapidbus_kl,2711
1002484,KL62 SETIA SKY RESIDENCE (OPP),3.167926,101.711238,,rapidbus_kl,2712
1004273,KL63 YAYASAN SELANGOR (OPP),3.1678324523453,101.70881962425,,rapidbus_kl,2713
1003642,KL64 SK JLN RAJA MUDA (OPP),3.167832,101.706461,,rapidbus_kl,2714
1000945,KL65 MENARA ARINA UNITI,3.1678637715982,101.70450734947,,rapidbus_kl,2715
1000946,KL66 HOTEL PUTRA MUDA,3.1674947470273,101.6995491578,,rapidbus_kl,2716
1000355,AJ360 TAMAN MELAWATI E,3.225955,101.744082,,rapidbus_kl,2717
1002285,AJ361 KOMERSIAL TAMAN MELAWATI E,3.222248,101.741187,,rapidbus_kl,2718
1003835,AJ363 KG KLANG GATE,3.219578,101.739467,,rapidbus_kl,2719
1003099,AJ366 ISKL MELAWATI (OPP),3.219346,101.742543,,rapidbus_kl,2720
1000498,AJ367 MM RESIDENCY,3.215858,101.745914,,rapidbus_kl,2721
1006121,KOMERSIAL TAMAN MELAWATI (OPP),3.212368,101.750343,,rapidbus_kl,2722
1000551,KL171 PERUMAHAN DESA SETAPAK,3.2044208918792,101.73338677173,,rapidbus_kl,2723
1006132,KL1617 DATARAN WANGSA MAJU,3.207986,101.742255,,rapidbus_kl,2724
1006122,AJ368 KOMERSIAL TAMAN MELAWATI,3.212178,101.750447,,rapidbus_kl,2725
1000543,AJ369 SERINI MELAWATI,3.212327,101.748373,,rapidbus_kl,2726
1000497,AJ370 KK CLUB BERHAD,3.215675,101.745821,,rapidbus_kl,2727
1003098,AJ371 KL INTERNATIONAL SCHOOL (TIMUR),3.220262,101.741434,,rapidbus_kl,2728
1002734,AJ372 KOMERSIAL TAMAN MELAWATI E,3.222237,101.740747,,rapidbus_kl,2729
1003069,AJ373 TAMAN MELAWATI I,3.225782,101.743698,,rapidbus_kl,2730
1000507,KL674 COURTS MEGASTORE SETAPAK,3.190798,101.707093,,rapidbus_kl,2731
1003187,KL675 TAMAN P.RAMLEE,3.1919098657668,101.70841657374,,rapidbus_kl,2732
1001417,KL676 KFC GENTING KLANG,3.195394,101.712216,,rapidbus_kl,2733
1002233,KL677 SRI PELANGI CONDOMINIUM (SELATAN),3.196398,101.713166,,rapidbus_kl,2734
1001335,KL678 SRI PELANGI CONDOMINIUM,3.197278,101.714029,,rapidbus_kl,2735
1000285,KL679 PV128 SETAPAK,3.199125,101.716094,,rapidbus_kl,2736
1001199,KL681 STARPARC POINT,3.2043434187729,101.72286788476,,rapidbus_kl,2737
1001400,KL682 KEM WARDIEBURN,3.2060699282867,101.72534810808,,rapidbus_kl,2738
1006114,TAMAN BUNGA RAYA/MALI'S CORNER,3.212388,101.729086,,rapidbus_kl,2739
1000423,KL683 SETAPAK VOCATIONAL COLLEGE,3.2072988361143,101.72683128926,,rapidbus_kl,2740
1002684,KL684 SMK PENDIDIKAN KHAS,3.2057756002926,101.7254901712,,rapidbus_kl,2741
1000983,KL685 SETAPAK SENTRAL (OPP),3.202591,101.721147,,rapidbus_kl,2742
1002470,KL686 CIMB GENTING KLANG,3.200405,101.718379,,rapidbus_kl,2743
1000286,KL687 BHP GENTING KLANG,3.198915,101.716388,,rapidbus_kl,2744
1002551,KL688 SRI PELANGI CONDOMINIUM (OPP),3.197154,101.714344,,rapidbus_kl,2745
1001057,KL2250 BSN GENTING KLANG,3.195907,101.713108,,rapidbus_kl,2746
1001323,KL689 TAMAN GENTING SETAPAK,3.192969,101.710065,,rapidbus_kl,2747
1003186,KL690 COURTS MEGASTORE SETAPAK (OPP),3.1912368032815,101.70804716495,,rapidbus_kl,2748
1001760,AJ303 HAB BAS AU3,3.188704,101.759732,,rapidbus_kl,2749
1006751,RESIDEN SETIAWANGSA,3.191819,101.757235,,rapidbus_kl,2750
1006744,TAMAN WANGSA JAYA (OPP),3.197847,101.754801,,rapidbus_kl,2751
1006742,APARTMENT PANGSA MURNI (OPP),3.199433,101.751926,,rapidbus_kl,2752
1006136,KL749 SMK SEKSYEN 5 WANGSA MAJU,3.198094,101.746158,,rapidbus_kl,2753
1006745,WANGSA WALK MALL,3.199117,101.741457,,rapidbus_kl,2754
1006746,LRT SRI RAMPAI (OPP),3.198298,101.739574,,rapidbus_kl,2755
1007540,SEASONS GARDEN RESIDENCE,3.187656,101.734898,,rapidbus_kl,2756
1004238,(M) KL715 WISMA FELCRA,3.191181,101.732972,,rapidbus_kl,2757
1002971,KL716 PPR DESA REJANG,3.191421,101.729707,,rapidbus_kl,2758
1003858,KL2092 MEDAN SELERA D'REJANG,3.192232,101.727618,,rapidbus_kl,2759
1008285,MASJID ABU UBAIDAH (OPP),3.194319,101.728688,,rapidbus_kl,2760
1001121,KL727 TASIK SRI RAMPAI,3.1956536168228,101.7289537066,,rapidbus_kl,2761
1000833,KL826 RAMPAI BUSINESS PARK,3.1963632302061,101.7279387039,,rapidbus_kl,2762
1003112,KL728 SRI UTAMA SCHOOLS,3.199081,101.725087,,rapidbus_kl,2763
1003177,KL729 SRI UTAMA SCHOOLS,3.199107,101.724056,,rapidbus_kl,2764
1002630,KL730 SETAPAK INDUSTRIAL AREA,3.198041,101.722664,,rapidbus_kl,2765
1001546,KL731 MEDAN MAKMUR SETAPAK,3.197398,101.719467,,rapidbus_kl,2766
1007525,KL732 MEDAN SELERA SETAPAK,3.198548,101.718396,,rapidbus_kl,2767
1006278,(M) KL67 CHOWKIT (SELATAN),3.166265,101.697543,,rapidbus_kl,2768
1007522,KL733 MEDAN SELERA SETAPAK,3.19905,101.718223,,rapidbus_kl,2769
1001544,KL734 MEDAN MAKMUR SETAPAK,3.197475,101.719786,,rapidbus_kl,2770
1003183,KL735 SETAPAK INDUSTRIAL AREA,3.198061,101.722498,,rapidbus_kl,2771
1003178,KL736 SRI UTAMA SCHOOLS (OPP),3.199442,101.724312,,rapidbus_kl,2772
1003113,KOMERSIAL SETAPAK,3.199142,101.725334,,rapidbus_kl,2773
1003851,KL1626 RAMPAI BUSINESS PARK,3.196866,101.727655,,rapidbus_kl,2774
1000782,KL738 SRI RAMPAI PARK,3.196227,101.728528,,rapidbus_kl,2775
1003394,KL748 SMK SEKSYEN 5 WANGSA MAJU (OPP),3.198281,101.745938,,rapidbus_kl,2776
1006739,KOMPLEKS SUKAN SETIAWANGA,3.19961,101.750691,,rapidbus_kl,2777
1006743,KL837 TAMAN WANGSA JAYA,3.197776,101.755404,,rapidbus_kl,2778
1006752,RESIDEN SETIAWANGSA (OPP),3.191817,101.757502,,rapidbus_kl,2779
1000552,KL2104 SK WANGSA JAYA (OPP),3.205967,101.739273,,rapidbus_kl,2780
1007523,AJ295 PUSAT GEOLOGI PETRONAS (UTARA),3.180408,101.756545,,rapidbus_kl,2781
1000872,AJ476 PUSAT GEOLOGI PETRONAS,3.178677,101.756348,,rapidbus_kl,2782
1002656,AJ301 SR STELLA MARIS,3.173891,101.756515,,rapidbus_kl,2783
1001695,AJ503 KUALA AMPANG,3.163991,101.752746,,rapidbus_kl,2784
1000085,AJ507 KPJ AMPANG PUTERI,3.160189,101.750792,,rapidbus_kl,2785
1000087,AJ181 KPJ AMPANG PUTERI,3.159205,101.752133,,rapidbus_kl,2786
1000239,AJ106 AMPANG POINT (BARAT),3.159813,101.749811,,rapidbus_kl,2787
1001694,AJ504 KUALA AMPANG,3.164426,101.752628,,rapidbus_kl,2788
1002676,AJ502 PUSAT METHODIST AMPANG,3.167983,101.753465,,rapidbus_kl,2789
1001044,AJ513 JEJANTAS SR STELLA MARIS (OPP),3.173773,101.756054,,rapidbus_kl,2790
1000871,AJ477 PUSAT GEOLOGI PETRONAS (OPP),3.178373,101.756184,,rapidbus_kl,2791
1001279,AJ452 AU3 (SELATAN),3.183141,101.757886,,rapidbus_kl,2792
1001387,(M) KL845 KELUMPUK KUANG,3.187206,101.755806,,rapidbus_kl,2793
1002006,KL838 MENARA JENTAYU (OPP),3.189648,101.757485,,rapidbus_kl,2794
1001433,KL1325 WANGSA MELAWATI,3.212788,101.743085,,rapidbus_kl,2795
1003413,KL1279 SMK WANGSA MELAWATI,3.215255,101.739444,,rapidbus_kl,2796
1001606,KL167 TAR COLLEGE (OPP),3.214502,101.732568,,rapidbus_kl,2797
1003958,KL168 TAMAN BUNGA RAYA (TIMUR),3.211289,101.729858,,rapidbus_kl,2798
1000760,KL2080 PPR SUNGAI BONUS,3.1880822384405,101.72141951436,,rapidbus_kl,2799
1002366,KL2081 PASAR AIR PANAS (OPP),3.188891,101.719586,,rapidbus_kl,2800
1001772,KL706 KG BARU AIR PANAS,3.188806,101.716806,,rapidbus_kl,2801
1003101,KL2083 SK/SMK AIR PANAS (OPP),3.189187,101.715207,,rapidbus_kl,2802
1003733,KL707 APT RESOURCE SPRINGS,3.189817,101.713891,,rapidbus_kl,2803
1003772,KL708 CATHOLIC CHURCH,3.190929,101.712656,,rapidbus_kl,2804
1006125,KL2084 TAMAN AIR PANAS (BARAT),3.191737,101.710246,,rapidbus_kl,2805
1001829,KL275 LRT TITIWANGSA,3.172876,101.695705,,rapidbus_kl,2806
1002839,KL2072 TAMAN AIR PANAS (BARAT),3.191752,101.710682,,rapidbus_kl,2807
1003773,KL2073 MEDAN SELERA AIR PANAS,3.191053,101.712693,,rapidbus_kl,2808
1003100,KL709 SURAU ALJAMIYYIAH (OPP),3.189987,101.713891,,rapidbus_kl,2809
1006096,KL2074 SK/SMK AIR PANAS,3.189339,101.715134,,rapidbus_kl,2810
1001773,KL2075 KG BARU AIR PANAS,3.188861,101.717082,,rapidbus_kl,2811
1002367,KL2077 PASAR AIR PANAS,3.189066,101.719201,,rapidbus_kl,2812
1000759,KL2078 PPR SERI SEMARAK,3.188785,101.721349,,rapidbus_kl,2813
1007445,KL869 LRT/MRT MALURI PINTU D,3.123475,101.728087,,rapidbus_kl,2814
1002526,KL870 MENARA PGRM,3.1229637746952,101.7291635278,,rapidbus_kl,2815
1001812,KL871 LRT PANDAN JAYA,3.129496211012,101.73893279273,,rapidbus_kl,2816
1002689,AJ133 PUTERI PARK PLAZA,3.120543,101.763181,,rapidbus_kl,2817
1001576,AJ134 TAMAN PUTRA AMPANG (BARAT),3.120943,101.766281,,rapidbus_kl,2818
1003034,AJ135 TAMAN PUTRA AMPANG (TIMUR),3.122004,101.768471,,rapidbus_kl,2819
1004219,AJ136 KG TASIK TAMBAHAN (BARAT),3.123602,101.768206,,rapidbus_kl,2820
1001558,AJ137 KG TASIK TAMBAHAN (UTARA),3.126253,101.769133,,rapidbus_kl,2821
1001767,AJ138 KG TASIK TAMBAHAN (TIMUR),3.127056,101.770154,,rapidbus_kl,2822
1002705,AJ139 TIEN QUAN,3.128157,101.771621,,rapidbus_kl,2823
1002464,KL2291 BANGUNAN RISDA,3.1593859465348,101.74428820361,,rapidbus_kl,2824
1000540,KL2297 3 TOWERS KL,3.1602199601908,101.74166258221,,rapidbus_kl,2825
1000888,KL2289 GREAT EASTERN,3.160795,101.737121,,rapidbus_kl,2826
1000918,KL2281 AMPWALK,3.160523699136,101.72890208857,,rapidbus_kl,2827
1002627,KL611 ROZEL (OPP),3.160133,101.725327,,rapidbus_kl,2828
1000492,KL91 UOB BANK/INTERCONTINENTAL HOTEL,3.160239,101.717371,,rapidbus_kl,2829
1002014,KL93 MENARA ATLAN,3.159962,101.715857,,rapidbus_kl,2830
1001518,KL94 KLCC (UTARA),3.158876,101.712331,,rapidbus_kl,2831
1000094,KL97 WISMA SELANGOR DREDGING (OPP),3.159009,101.709716,,rapidbus_kl,2832
1008252,KL98 MENARA BSN,3.158479,101.708767,,rapidbus_kl,2833
1002712,KL99 BERJAYA CENTRAL PARK,3.156678,101.705536,,rapidbus_kl,2834
1001798,KL25 LRT DANG WANGI,3.1561054264763,101.70295484296,,rapidbus_kl,2835
1002823,KL26 SMK CONVENT BUKIT NANAS,3.1535001350222,101.70089871266,,rapidbus_kl,2836
1000049,KL27 MENARA AIA,3.1525886888518,101.69976608301,,rapidbus_kl,2837
1001809,KL1937 LRT MASJID JAMEK,3.1497263604885,101.6968736699,,rapidbus_kl,2838
1001637,KL2308 KOLEJ RIMA,3.155932,101.700543,,rapidbus_kl,2839
1001797,KL2303 LRT DANG WANGI,3.1560940534389,101.70236111597,,rapidbus_kl,2840
1002711,KL2298 RENAISSANCE HOTEL,3.157121,101.705886,,rapidbus_kl,2841
1001963,KL2300 HOTEL MAYA,3.1587710184913,101.70862218886,,rapidbus_kl,2842
1000542,KL2301 KLCC (OPP),3.159305986396,101.71229525013,,rapidbus_kl,2843
1000939,KL2302 HOTEL CORUS,3.160017,101.715353,,rapidbus_kl,2844
1000082,KL2306 LRT AMPANG PARK,3.1604236582484,101.71836717733,,rapidbus_kl,2845
1002402,KL1543 ROZEL,3.160321,101.725454,,rapidbus_kl,2846
1000947,KL2280 APARTMENT SUCASA,3.1607059392985,101.72856764843,,rapidbus_kl,2847
1002119,KL2282 RUSSIAN EMBASSY,3.1608579974053,101.73125782716,,rapidbus_kl,2848
1002834,KL2305 INSTITUT PENYELIDIKAN GETAH,3.160635,101.733321,,rapidbus_kl,2849
1003209,KL2279 GLENEAGLES,3.160867,101.739422,,rapidbus_kl,2850
1000284,KL2296 REI SERAYA,3.1605658394992,101.74104625212,,rapidbus_kl,2851
1002825,KL2290 RISDA,3.1593259985748,101.74573889131,,rapidbus_kl,2852
1000967,AJ54 HUB SRI NILAM,3.139297,101.769531,,rapidbus_kl,2853
1008308,AJ150 PANGSAPURI PKNS,3.128109,101.771801,,rapidbus_kl,2854
1008108,AJ178 MASJID AL-ADZIM,3.133591,101.756402,,rapidbus_kl,2855
1001813,KL872 LRT PANDAN JAYA,3.129441,101.739512,,rapidbus_kl,2856
1000968,(M) KL1818 HAB TITIWANGSA,3.1720151676225,101.69593158369,,rapidbus_kl,2857
1000758,KL1943 FLAT PKNS (OPP),3.166433,101.714857,,rapidbus_kl,2858
1004279,KL1949 INTERMARK MALL,3.161832,101.719627,,rapidbus_kl,2859
1000077,KL96 MENARA AMBANK,3.1607922350002,101.71098241514,,rapidbus_kl,2860
1002764,KL1945 MENARA PTPTN,3.162313,101.713241,,rapidbus_kl,2861
1000757,KL1948 FLAT PKNS,3.1661583681554,101.71454310215,,rapidbus_kl,2862
1003460,AJ90 KG INDAH PERMAI (SELATAN),3.133874,101.784943,,rapidbus_kl,2863
1003466,AJ91 KG INDAH PERMAI (UTARA),3.135308,101.784468,,rapidbus_kl,2864
1003791,AJ92 TAMAN SERI INTAN,3.137254,101.783508,,rapidbus_kl,2865
1002743,AJ93 SRA LEMBAH JAYA (OPP),3.138877,101.783989,,rapidbus_kl,2866
1003464,AJ94 TAMAN INDUSTRI LEMBAH JAYA,3.141011,101.784029,,rapidbus_kl,2867
1001763,AJ95 KG LEMBAH JAYA SELATAN,3.141542,101.783126,,rapidbus_kl,2868
1001764,AJ69 KG LEMBAH JAYA SELATAN,3.141654,101.78275725299,,rapidbus_kl,2869
1003837,AJ70 TAMAN INDUSTRI LEMBAH JAYA,3.141055,101.784161,,rapidbus_kl,2870
1002744,AJ71 SRA LEMBAH JAYA,3.138749,101.784149,,rapidbus_kl,2871
1003792,AJ72 TAMAN SERI INTAN,3.137245,101.783673,,rapidbus_kl,2872
1003467,AJ73 KG INDAH PERMAI (UTARA),3.135206,101.784627,,rapidbus_kl,2873
1003463,AJ74 KG INDAH PERMAI (SELATAN),3.134196,101.784992,,rapidbus_kl,2874
1008352,KL423 PRIMA ALAM DAMAI,3.055034,101.743311,,rapidbus_kl,2875
1002505,KJ402 PETRONAS DAMAI PERDANA (OPP),3.0538129274333,101.74454990288,,rapidbus_kl,2876
1002841,KJ404 DAMAI PERDANA FASA 1,3.0505668462573,101.74140096979,,rapidbus_kl,2877
1003864,KJ406 DAMAI PERDANA FASA 2,3.0468347223618,101.73932428072,,rapidbus_kl,2878
1002840,KJ397 PERUMAHAN DAMAI PERDANA FASA 3,3.04890032051,101.73985161208,,rapidbus_kl,2879
1003865,KJ398 PERUMAHAN DAMAI PERDANA,3.051568440242,101.7425530177,,rapidbus_kl,2880
1002842,KJ401 PETRONAS DAMAI PERDANA,3.0541550642724,101.74435396928,,rapidbus_kl,2881
1000041,KJ649 FLAT CHERAS UTAMA (OPP),3.052987,101.746953,,rapidbus_kl,2882
1001702,KJ696 PERUMAHAN POLIS DESA BAIDURI,3.0515635256395,101.74764566064,,rapidbus_kl,2883
1008345,KJ694 SK DESA BAIDURI,3.047272,101.750849,,rapidbus_kl,2884
1008346,KJ748 TAMAN KOPERASI MAJU JAYA,3.047791,101.753252,,rapidbus_kl,2885
1008347,VINA RESIDENCY,3.050291,101.753297,,rapidbus_kl,2886
1008349,TAMAN SERI TAMING,3.054158,101.753483,,rapidbus_kl,2887
1002348,KL2174 PADANG TAMAN DAHLIA,3.0556239954642,101.74940442408,,rapidbus_kl,2888
1002655,KL1721 KOMERSIAL TAMAN BAHAGIA,3.0580440385937,101.74942357411,,rapidbus_kl,2889
1002674,KL405 TAMAN BUKIT ANGSANA,3.0619257054726,101.7494772773,,rapidbus_kl,2890
1003805,KL406 TAMAN SURIA JAYA,3.0645069017926,101.74946444951,,rapidbus_kl,2891
1003200,KL407 SRA AL-MUBARAQAH,3.0712757480315,101.74975334655,,rapidbus_kl,2892
1003595,KL408 FLAT TAMAN BUKIT CHERAS,3.0730924146011,101.74902176338,,rapidbus_kl,2893
1001770,KL409 PETRONAS TAMAN LENSENG (OPP),3.074003,101.746403,,rapidbus_kl,2894
1001759,KL2175 MEDAN CONNAUGHT,3.075536,101.745859,,rapidbus_kl,2895
1000435,KL755 TAMAN BUKIT HIJAU,3.086078,101.741526,,rapidbus_kl,2896
1001747,KL1723 CHERAS LEISURE MALL (OPP),3.0884017837979,101.74109032768,,rapidbus_kl,2897
1001036,KL1724 EKOCHERAS MALL,3.092809,101.739674,,rapidbus_kl,2898
1007150,(M) KL799 MRT TAMAN MIDAH PINTU A,3.105244,101.731771,,rapidbus_kl,2899
1000819,KL801 VELODROM BUSINESS PARK,3.1102656106837,101.72978378843,,rapidbus_kl,2900
1000783,KL354 KOMPLEKS DARUL PUTERI (OPP),3.116736,101.727994,,rapidbus_kl,2901
1003671,KL355 STADIUM BADMINTON KL,3.119397,101.728157,,rapidbus_kl,2902
1001808,KL361 MRT MALURI PINTU B,3.123425,101.72776833333,,rapidbus_kl,2903
1001205,KL874 AEON MALURI (OPP),3.1250635680885,101.72670707363,,rapidbus_kl,2904
1001526,KL362 JABATAN KESIHATAN DBKL,3.1266833333333,101.72353,,rapidbus_kl,2905
1001644,KL363 SUNWAY MEDICAL VELOCITY (OPP),3.1280183333333,101.72146166667,,rapidbus_kl,2906
1001069,KL365 WARISAN CITYVIEW,3.1292066666667,101.71979,,rapidbus_kl,2907
1002293,KL1770 BALAI BOMBA PUDU,3.1333553884683,101.71437422505,,rapidbus_kl,2908
1001846,KL1771 LRT PUDU/MAJESTIC,3.136303587433,101.71162064657,,rapidbus_kl,2909
1000250,KL1772 FURAMA (OPP),3.139362,101.709657,,rapidbus_kl,2910
1002054,KL121 MONOREL IMBI/TIMES SQUARE,3.143008,101.709679,,rapidbus_kl,2911
1002566,KL122 PLAZA IMBI,3.143307,101.710739,,rapidbus_kl,2912
1006729,KL123 MONORAIL BUKIT BINTANG/SG WANG,3.145928,101.711388,,rapidbus_kl,2913
1000958,KL86 MRT BUKIT BINTANG/HSBC,3.1477176043261,101.71085234878,,rapidbus_kl,2914
1001998,KL9 WISMA BOUSTEAD,3.15019853231,101.70918482193,,rapidbus_kl,2915
1008254,KL11 WISMA MPL,3.150643,101.707128,,rapidbus_kl,2916
1000076,KL12 MENARA KL,3.150379,101.705928,,rapidbus_kl,2917
1004230,KL13 WISMA BUDIMAN,3.149205,101.701929,,rapidbus_kl,2918
1004247,KL14 MENARA OLYMPIA,3.1486697702403,101.700172348,,rapidbus_kl,2919
1001181,KL100 BACKHOME HOSTEL,3.1487247315043,101.69791779705,,rapidbus_kl,2920
1002081,(M) KL101 HUB LEBUH PUDU,3.1464756605009,101.69819178245,,rapidbus_kl,2921
1000934,KL119 HOSPITAL TUNG SHIN,3.1452216666667,101.70462,,rapidbus_kl,2922
1000953,KL120 HOTEL SWISS GARDEN (OPP),3.144438,101.706043,,rapidbus_kl,2923
1003928,KL866 FURAMA,3.138532,101.710008,,rapidbus_kl,2924
1001847,KL867 LRT PUDU/MAJESTIC (OPP),3.1365982275533,101.71170165741,,rapidbus_kl,2925
1002286,KL803 PEJABAT POS PUDU,3.1338190533991,101.71407761968,,rapidbus_kl,2926
1000855,KL868 ALL SAINTS CHURCH,3.1303842695455,101.71871223005,,rapidbus_kl,2927
1001035,KL366 WARISAN CITYVIEW (OPP),3.128962,101.720501,,rapidbus_kl,2928
1000666,KL367 SUNWAY MEDICAL VELOCITY,3.127684,101.722349,,rapidbus_kl,2929
1008351,KL2208 SUNWAY VELOCITY MALL,3.126747,101.724088,,rapidbus_kl,2930
1001206,KL368 AEON MALURI,3.1253230755966,101.72697999582,,rapidbus_kl,2931
1000276,KL1702 STADIUM BADMINTON KL (OPP),3.119263,101.728402,,rapidbus_kl,2932
1002248,KL1703 KOMPLEKS DARUL PUTERI,3.116648,101.728274,,rapidbus_kl,2933
1001723,KL1704 BHP CHERAS,3.1097296624857,101.730216195,,rapidbus_kl,2934
1003485,KL1705 TAMAN MIDAH (UTARA),3.102694,101.734135,,rapidbus_kl,2935
1007156,(M) KL756 MRT TAMAN MUTIARA PINTU B,3.091753,101.740472,,rapidbus_kl,2936
1001748,KL757 CHERAS LEISURE MALL,3.08921001753,101.74116607053,,rapidbus_kl,2937
1000438,KL919 TAMAN BUKIT HIJAU,3.0855949503916,101.7419797396,,rapidbus_kl,2938
1002538,KL2271 CHERAS SENTRAL MALL,3.0776377137889,101.74351194844,,rapidbus_kl,2939
1001749,KL2171 CHERIA HEIGHTS APARTMENT,3.076049,101.745965,,rapidbus_kl,2940
1000793,KL414 FLAT TAMAN BUKIT CHERAS,3.0728377748585,101.74941529683,,rapidbus_kl,2941
1003201,KL415 SRA AL-MUBARAQAH (OPP),3.0705880555475,101.74992788236,,rapidbus_kl,2942
1001264,KL417 FLAT TAMAN SURIA JAYA,3.0645046273459,101.74968351158,,rapidbus_kl,2943
1002717,KL418 KOMERSIAL BUKIT ANGSANA,3.0619144229316,101.74963666248,,rapidbus_kl,2944
1004055,KL419 TAMAN SRI BAHAGIA,3.0583675852096,101.74964311019,,rapidbus_kl,2945
1002633,KJ750 KOMERSIAL SERI TAMING,3.0549282265593,101.75012018081,,rapidbus_kl,2946
1003578,KJ746 TAMAN SERI TAMING,3.0546658341278,101.75371023299,,rapidbus_kl,2947
1008348,VINA RESIDENCY (OPP),3.050103,101.753539,,rapidbus_kl,2948
1004065,KJ747 TAMAN KOPERASI MAJU JAYA,3.0476339957782,101.75339562669,,rapidbus_kl,2949
1003634,KJ749 SK DESA BAIDURI (OPP),3.047033223714,101.75132637022,,rapidbus_kl,2950
1002313,KJ707 PADANG AWAM DESA BAIDURI,3.046964,101.749108,,rapidbus_kl,2951
1001703,KJ708 PERUMAHAN CHERAS UTAMA,3.0487705643672,101.74804961155,,rapidbus_kl,2952
1008319,KJ709 PERUMAHAN POLIS DESA BAIDURI (OPP),3.051603,101.747502,,rapidbus_kl,2953
1000705,KJ710 FLAT CHERAS UTAMA,3.0531723292852,101.74671658709,,rapidbus_kl,2954
1002786,KL421 PRIMA ALAM DAMAI (OPP),3.054896,101.742976,,rapidbus_kl,2955
1007376,TAMAN DESA CHERAS,3.055729,101.737697,,rapidbus_kl,2956
1003991,AJ166 TAMAN KENCANA (TIMUR),3.119356,101.750688,,rapidbus_kl,2957
1000701,AJ511 PANDAN PERDANA BUSINESS CENTRE,3.1216530000232,101.74651763891,,rapidbus_kl,2958
1000234,AJ268 FLAT PANDAN PERDANA,3.124248,101.746728,,rapidbus_kl,2959
1003244,AJ486 PANDAN JAYA,3.136666,101.742988,,rapidbus_kl,2960
1002586,AJ487 FLAT PANDAN JAYA (TIMUR),3.1360560000095,101.74130364856,,rapidbus_kl,2961
1000509,AJ488 FLAT M3 PANDAN JAYA,3.134528,101.737814,,rapidbus_kl,2962
1000465,KL394 CASARIA,3.132369,101.734785,,rapidbus_kl,2963
1008137,KL395 KOMPLEKS MALURI (OPP),3.131161,101.734689,,rapidbus_kl,2964
1001302,KL379 WISMA SISTEM,3.12822,101.732537,,rapidbus_kl,2965
1002460,KL372 KOMPLEKS KEDIAMAN AWAM,3.131462,101.729844,,rapidbus_kl,2966
1001700,KL380 KUARTERS MRT (OPP),3.132807,101.724773,,rapidbus_kl,2967
1007444,KL892 MRT COCHRANE PINTU A,3.133402,101.722553,,rapidbus_kl,2968
1001307,KL381 PLAZA ELEKTRONIK,3.135009,101.716743,,rapidbus_kl,2969
1000526,KL2228 KOMPLEKS E-MART (OPP),3.135016,101.715319,,rapidbus_kl,2970
1000527,KL2197 SMK (P) BANDARAYA,3.140187,101.714044,,rapidbus_kl,2971
1001744,KL2198 IMBI (UTARA),3.142599,101.712849,,rapidbus_kl,2972
1002519,KL1826 MUZIUM TELEKOM,3.148182,101.698924,,rapidbus_kl,2973
1002011,KL118 MENARA MAYBANK,3.146474,101.699712,,rapidbus_kl,2974
1002287,KL382 KOMPLEKS E-MART,3.135202,101.714747,,rapidbus_kl,2975
1001306,KL383 PLAZA ELEKTRONIK,3.1352373175407,101.71667896782,,rapidbus_kl,2976
1003344,KL389 MYTOWN,3.1338549894426,101.72203668074,,rapidbus_kl,2977
1001379,KL390 KUARTERS MRT,3.1329289754783,101.72535735838,,rapidbus_kl,2978
1003879,KL374 SPRM KL,3.131660999742,101.72994169739,,rapidbus_kl,2979
1001968,KL376 PUSAT PERDAGANGAN MALURI,3.129633316856,101.73196900925,,rapidbus_kl,2980
1001607,KL377 WISMA SISTEM,3.128251,101.732786,,rapidbus_kl,2981
1008138,KL391 WISMA MALURI,3.128875,101.733862,,rapidbus_kl,2982
1008136,KL392 KOMPLEKS MALURI,3.131045,101.734541,,rapidbus_kl,2983
1000464,KL393 CASARIA (OPP),3.132613,101.734663,,rapidbus_kl,2984
1003839,AJ483 PERUMAHAN PANDAN JAYA,3.134906,101.737833,,rapidbus_kl,2985
1001263,AJ484 FLAT PANDAN JAYA M14,3.136199,101.740863,,rapidbus_kl,2986
1000702,AJ505 FLAT PANDAN PERDANA (OPP),3.124361,101.747171,,rapidbus_kl,2987
1000970,AJ191 HENTIAN TAMAN DAGANG,3.1463693045186,101.75933902636,,rapidbus_kl,2988
1003907,AJ436 FLAT TAMAN DAGANG (TIMUR),3.148054,101.759248,,rapidbus_kl,2989
1004129,AJ192 FLAT TAMAN DAGANG (BARAT),3.148531,101.757884,,rapidbus_kl,2990
1000859,AJ193 GALAXY AMPANG (TIMUR),3.147265,101.756984,,rapidbus_kl,2991
1001646,AJ206 FLAT TAMAN NIRWANA,3.145685,101.754666,,rapidbus_kl,2992
1003219,AJ207 TAMAN NIRWANA,3.145863,101.751783,,rapidbus_kl,2993
1002035,AJ202 KG PANDAN DALAM (BARAT),3.145918,101.745392,,rapidbus_kl,2994
1000565,AJ406 KG PANDAN LUAR (TIMUR),3.145176,101.743081,,rapidbus_kl,2995
1002281,AJ407 KG PANDAN LUAR (BARAT),3.1455360414795,101.7414920637,,rapidbus_kl,2996
1001880,KL883 FLAT DESA PANDAN (BARAT),3.145052,101.739166,,rapidbus_kl,2997
1001868,KL884 TAMAN PERMAINAN DESA PANDAN,3.143511,101.737768,,rapidbus_kl,2998
1002774,KL885 SRA AL-SUYUTI (OPP),3.142789,101.736838,,rapidbus_kl,2999
1001273,KL886 DEWAN PANDAN BAIDURI,3.1432179175598,101.73569605145,,rapidbus_kl,3000
1001557,KL239 FLAT DESA PANDAN (TIMUR),3.144502,101.733177,,rapidbus_kl,3001
1000018,KL246 PUSAT DAGANG KG PANDAN,3.144288,101.73069,,rapidbus_kl,3002
1002472,(M) KL249 SMK AMINUDDIN BAKI (UTARA),3.14262,101.727902,,rapidbus_kl,3003
1003107,KL250 SMK AMINUDDIN BAKI (SELATAN),3.141345,101.727492,,rapidbus_kl,3004
1001721,KL887 KOMPLEKS BELIA SUKAN,3.13835,101.726352,,rapidbus_kl,3005
1000360,KL399 BULATAN KG PANDAN,3.1375968749824,101.72423788956,,rapidbus_kl,3006
1002491,(M) KL890 PETRONAS JLN COCHRANE,3.136194,101.719181,,rapidbus_kl,3007
1000128,KL877 APARTMENT IXORA,3.137481,101.71912,,rapidbus_kl,3008
1000359,KL878 KOMERSIAL TREC,3.138696,101.721886,,rapidbus_kl,3009
1001720,KL253 KOMPLEKS BELIA SUKAN (OPP),3.138694,101.726234,,rapidbus_kl,3010
1003106,KL254 SMK AMINUDDIN BAKI (UTARA),3.141048,101.72712,,rapidbus_kl,3011
1000712,KL257 PUSAT PERDAGANGAN KG PANDAN,3.144584,101.731285,,rapidbus_kl,3012
1000713,KL258 FLAT DESA PANDAN (TIMUR),3.144756,101.733589,,rapidbus_kl,3013
1002087,MASJID AR-RAHIMAH KG PANDAN,3.144281,101.738047,,rapidbus_kl,3014
1001881,KL224 FLAT DESA PANDAN (BARAT),3.144985,101.738833,,rapidbus_kl,3015
1002280,KL225 TNB DESA PANDAN,3.145917,101.739947,,rapidbus_kl,3016
1007639,AJ405 KG PANDAN LUAR (BARAT),3.145848,101.741004,,rapidbus_kl,3017
1000564,AJ438 KG PANDAN LUAR (TIMUR),3.145382,101.743152,,rapidbus_kl,3018
1001291,AJ203 KG PANDAN DALAM (BARAT),3.1461339656495,101.74603429546,,rapidbus_kl,3019
1002205,AJ204 TAMAN NIRWANA,3.1461122367427,101.75176968915,,rapidbus_kl,3020
1000541,AJ205 FLAT BLOK MAWAR,3.145967,101.754684,,rapidbus_kl,3021
1003838,AJ324 GALAXY AMPANG (SELATAN),3.145682,101.755691,,rapidbus_kl,3022
1004130,AJ188 FLAT TAMAN DAGANG (BARAT),3.148713,101.757684,,rapidbus_kl,3023
1003908,AJ189 FLAT TAMAN DAGANG (TIMUR),3.148114,101.759413,,rapidbus_kl,3024
1004241,KL891 WISMA INDAH,3.1337223802537,101.71838281705,,rapidbus_kl,3025
1002520,KJ712 CHERAS ZEN PARK,3.0784949256787,101.75010903326,,rapidbus_kl,3026
1002523,KJ702 PGA/CUEPACS,3.0763218861465,101.75597940914,,rapidbus_kl,3027
1003631,KJ41 SRK BATU 9,3.0676408187344,101.77353610581,,rapidbus_kl,3028
1003597,KJ42 SRA BATU 10,3.064788,101.775537,,rapidbus_kl,3029
1001495,KJ43 KILANG PAPAN,3.0620392931633,101.77498546239,,rapidbus_kl,3030
1001905,KJ717 MASJID BATU 10 CHERAS,3.059464,101.774237,,rapidbus_kl,3031
1003532,KJ720 SPG PEKAN BT 11,3.042845,101.774955,,rapidbus_kl,3032
1002659,KJ721 PUSAT FLORA CHERAS,3.039165,101.773322,,rapidbus_kl,3033
1003544,KJ722 SPG SG LONG,3.0362484782274,101.7718772234,,rapidbus_kl,3034
1002399,KJ723 PERABOT AL-QAMAR,3.030482756913,101.7698826228,,rapidbus_kl,3035
1000461,KJ184 TAMAN DESA BARU,3.0281435609237,101.77164616172,,rapidbus_kl,3036
1000614,KJ185 JALAN SARJAN MAT,3.025809,101.773917,,rapidbus_kl,3037
1002083,KJ186 LOT 4291,3.024653,101.774385,,rapidbus_kl,3038
1003764,KJ187 MASJID SG SEKAMAT (OPP),3.0219241574636,101.77556894731,,rapidbus_kl,3039
1003226,KJ188 SHELL TAMAN DELIMA,3.0165904633369,101.77696140086,,rapidbus_kl,3040
1003763,KJ189 TAMAN MESRA,3.013138,101.778157,,rapidbus_kl,3041
1002836,KJ190 RTM KAJANG,3.0083430164605,101.78117899078,,rapidbus_kl,3042
1003391,KJ191 SMK SAAS,3.0058163904371,101.78223202472,,rapidbus_kl,3043
1001622,KJ642 KPJ KAJANG,2.9985519956914,101.78591191589,,rapidbus_kl,3044
1000924,KJ643 KAJANG PLAZA MEDICAL CENTRE,2.995466,101.787812,,rapidbus_kl,3045
1000890,KJ509 MASJID INDIA KAJANG,2.985971774422,101.78985371103,,rapidbus_kl,3046
1007267,KJ510 MRT KAJANG,2.982685,101.790098,,rapidbus_kl,3047
1001332,KJ511 TAMAN HIJAU,2.9808280635305,101.78989943649,,rapidbus_kl,3048
1001571,KJ512 TAMAN SRI REKO,2.979076,101.789857,,rapidbus_kl,3049
1008354,KJ205 TAMAN SRI LANGAT 2,2.974815,101.789903,,rapidbus_kl,3050
1003759,KJ206 SAVILLE KAJANG (OPP),2.971819,101.789861,,rapidbus_kl,3051
1002709,KJ464 REKO SENTRAL,2.967951949354,101.78986621205,,rapidbus_kl,3052
1003760,KJ465 SAVILLE KAJANG,2.972186,101.789639,,rapidbus_kl,3053
1001570,KJ466 TAMAN SRI LANGAT 2,2.9744122010283,101.78964985727,,rapidbus_kl,3054
1001569,KJ467 TAMAN SRI REKO,2.979072,101.789699,,rapidbus_kl,3055
1001331,KJ468 TAMAN HIJAU,2.980756,101.789711,,rapidbus_kl,3056
1001713,KJ469 MRT KAJANG (OPP),2.983779,101.789783,,rapidbus_kl,3057
1000889,KJ470 MASJID INDIA KAJANG (OPP),2.9856220682994,101.78960810767,,rapidbus_kl,3058
1001975,KJ471 MAYBANK PEKAN KAJANG,2.9916301133654,101.78740709961,,rapidbus_kl,3059
1001621,KJ174 KPJ KAJANG (OPP),2.998689524376,101.78540274664,,rapidbus_kl,3060
1002114,KJ731 MRT SG JERNIH (OPP),3.0019930341629,101.78287059044,,rapidbus_kl,3061
1003390,KJ175 SMK SAAS (OPP),3.0065794281647,101.78177838129,,rapidbus_kl,3062
1002835,KJ176 RTM KAJANG (OPP),3.008403,101.780929,,rapidbus_kl,3063
1004131,KJ178 TAMAN MESRA,3.011859,101.778823,,rapidbus_kl,3064
1003427,KJ179 TAMAN DELIMA,3.0169964062436,101.77663152189,,rapidbus_kl,3065
1001947,KJ180 MASJID SG SEKAMAT,3.0211527891629,101.7755897582,,rapidbus_kl,3066
1002082,KJ181 LOT 4291 (OPP),3.0244245419599,101.7743101058,,rapidbus_kl,3067
1001290,KJ183 TAMAN DESA BARU,3.028564,101.770686,,rapidbus_kl,3068
1003429,KJ732 SPG SG LONG,3.0378604776776,101.77169943016,,rapidbus_kl,3069
1003531,KJ745 SPG PEKAN BT 11,3.0441457782445,101.77453773289,,rapidbus_kl,3070
1003442,KJ668 SPG CHERAS PERDANA,3.052127111611,101.77405009544,,rapidbus_kl,3071
1003930,KJ669 TM BATU 9,3.0596516312907,101.77347914223,,rapidbus_kl,3072
1001494,KJ47 KILANG PAPAN,3.0623694424205,101.77495509555,,rapidbus_kl,3073
1003596,KJ48 SMA BATU 10,3.0649291790561,101.77533345703,,rapidbus_kl,3074
1003141,KJ49 BEACONHOUSE SRI MURNI,3.0670395292406,101.77401522318,,rapidbus_kl,3075
1004122,KJ422 PLAZA TOL BATU 9,3.0748102158784,101.75898865489,,rapidbus_kl,3076
1002525,KJ711 PGA/MAKTAB PDRM,3.076362716983,101.75457432726,,rapidbus_kl,3077
1004120,KL2225 WISMA INDAH,3.133487,101.718056,,rapidbus_kl,3078
1000948,KL1823 HOTEL SWISS GARDEN,3.1444128812936,101.705551839,,rapidbus_kl,3079
1005441,SJ604 MRT TAMAN EQUINE  PINTU B,2.989735,101.672318,,rapidbus_kl,3080
1005442,SJ205 AEON MALL TAMAN EQUINE,2.993277,101.674087,,rapidbus_kl,3081
1005443,SJ208 KOMERSIAL LP 2A,2.995022,101.671776,,rapidbus_kl,3082
1003898,SJ213 HENTIAN PUTRA PERMAI,2.995785,101.669025,,rapidbus_kl,3083
1005445,SJ839 PANGSAPURI SRI INDAH BLOK 11,2.999586,101.664784,,rapidbus_kl,3084
1006166,DESAMINIUM FLORA,3.007934,101.664758,,rapidbus_kl,3085
1006139,SMK TAMAN DESAMINIUM,3.008046,101.662853,,rapidbus_kl,3086
1006265,FLAT LESTARI PERDANA 2 (OPP),3.007937,101.666521,,rapidbus_kl,3087
1005448,SJ842 LESTARI PERDANA 8,3.0118,101.67181,,rapidbus_kl,3088
1005449,SJ843 PANGSAPURI CASA RIANA,3.014831,101.675238,,rapidbus_kl,3089
1006148,SJ702 PUJ 4 TAMAN PUNCAK JALIL,3.017892,101.674835,,rapidbus_kl,3090
1005451,SJ844 PERUMAHAN PUJ 5,3.021099,101.674193,,rapidbus_kl,3091
1005452,SJ845 PERUMAHAN PUJ 6 (BARAT),3.023122,101.674969,,rapidbus_kl,3092
1005453,SJ846 PERUMAHAN PUJ 6 (TIMUR),3.025522,101.679842,,rapidbus_kl,3093
1002146,SJ372 PANGSAPURI ENGGANG,3.035791,101.672771,,rapidbus_kl,3094
1003262,SJ373 SIMFONI KINRARA,3.035739,101.666748,,rapidbus_kl,3095
1001994,SJ379 MELODY KINRARA,3.035801,101.664132,,rapidbus_kl,3096
1001848,(M) SJ380 PERUMAHAN MELODY,3.036053,101.659926,,rapidbus_kl,3097
1000906,SJ381 PERUMAHAN HENING,3.036186,101.657467,,rapidbus_kl,3098
1000878,SJ382 KINRARA GOLF CLUB (OPP),3.0370217781682,101.65453904768,,rapidbus_kl,3099
1008501,SJ15 KEJURUTERAAN BOMBA KINRARA,3.041177,101.650167,,rapidbus_kl,3100
1008500,SJ395 KINRARA GOLF CLUB (BARAT),3.043648,101.648385,,rapidbus_kl,3101
1006167,(M) SJ398 LRT BK 5,3.050161,101.644297,,rapidbus_kl,3102
1002467,SJ399 PETRONAS BANDAR KINRARA,3.046616,101.641823,,rapidbus_kl,3103
1006146,SJ397 SMK SEKSYEN 4 BK (OPP),3.045966,101.645746,,rapidbus_kl,3104
1008502,SJ364 PERUMAHAN BK 6A,3.041333,101.650483,,rapidbus_kl,3105
1005461,SJ854 PERUMAHAN PUJ 2,3.024405,101.679148,,rapidbus_kl,3106
1005462,SJ855 KOMERSIAL PUJ 3 (UTARA),3.022947,101.675264,,rapidbus_kl,3107
1005463,SJ856 KOMERSIAL PUJ 3 (BARAT),3.019979,101.674793,,rapidbus_kl,3108
1005464,(M) SJ703 TAMAN PUNCAK JALIL,3.017728,101.675129,,rapidbus_kl,3109
1005465,SJ857 PERUMAHAN PUJ 2,3.015328,101.675445,,rapidbus_kl,3110
1005466,SJ858 SJKC BUKIT SERDANG,3.011599,101.672646,,rapidbus_kl,3111
1006141,FLAT LESTARI PERDANA 2,3.007858,101.666824,,rapidbus_kl,3112
1005469,SJ861 KOMERSIAL LP 3,2.999497,101.665089,,rapidbus_kl,3113
1006269,SJ217 TAMAN PUTRA PERMAI 9,2.996459,101.670133,,rapidbus_kl,3114
1000208,SJ218 EQUINE PARK,2.995113,101.672158,,rapidbus_kl,3115
1001032,SJ219 AEON JUSCO EQUINE PARK,2.993532,101.674266,,rapidbus_kl,3116
1003895,KL764 TERMINAL DESA PETALING,3.0850749895368,101.71177459136,,rapidbus_kl,3117
1002974,KL766 PANGARIA,3.083516,101.712125,,rapidbus_kl,3118
1003295,KL767 SK DESA PETALING,3.0835505662838,101.70947361441,,rapidbus_kl,3119
1001665,KL768 WINNER HEIGHTS,3.0837673897464,101.70702052462,,rapidbus_kl,3120
1002715,KL2181 DESA PETALING (SELATAN),3.0831995834419,101.70446358875,,rapidbus_kl,3121
1000274,KL769 SPARK SHOPPING COMPLEX,3.0839928417904,101.70157139165,,rapidbus_kl,3122
1001664,KL770 VANTAGE POINT,3.0860635117633,101.70124417258,,rapidbus_kl,3123
1000569,KL771 DESA PETALING (UTARA),3.086998,101.70402,,rapidbus_kl,3124
1001004,KL772 DESA HILL VILLAS,3.0869527253263,101.70635447578,,rapidbus_kl,3125
1002844,KL773 KG BARU SALAK SELATAN,3.086512,101.707511,,rapidbus_kl,3126
1002303,KL774 KG BARU SALAK SELATAN (TIMUR),3.0874378510546,101.70832627315,,rapidbus_kl,3127
1002267,KL775 PASAR PENJAJA SALAK SELATAN (OPP),3.089098,101.70671,,rapidbus_kl,3128
1002904,KL1737 KG BARU SALAK SELATAN (TENGAH),3.089274,101.704232,,rapidbus_kl,3129
1000196,KL1738 DEWAN KG SALAK SELATAN (OPP),3.0891354471041,101.70275403521,,rapidbus_kl,3130
1001549,KL1740 KLINIK SALAK SELATAN (OPP),3.091178,101.701819,,rapidbus_kl,3131
1000645,KL1812 MIDFIELDS SQUARE,3.094064,101.701528,,rapidbus_kl,3132
1001059,(M) KL1813 TAMAN SALAK JAYA,3.0959184006134,101.70253749544,,rapidbus_kl,3133
1000211,BALAI POLIS SALAK SELATAN,3.0996454542362,101.70423369884,,rapidbus_kl,3134
1001816,LRT SALAK SELATAN,3.1027874710133,101.70579134798,,rapidbus_kl,3135
1003278,KL1814 RAZAK MANSION,3.106972,101.706845,,rapidbus_kl,3136
1000391,KL1815 KG SRI INDAH,3.112053,101.706678,,rapidbus_kl,3137
1003481,KL1769 CHAN SOW LIN (BARAT),3.1223496873538,101.70835488179,,rapidbus_kl,3138
1001965,KL1488 SOUTHGATE (OPP),3.1253105210177,101.70992778671,,rapidbus_kl,3139
1004342,KL1821 PASAR SENI (PLATFORM A1 - A2),3.142834,101.6956,,rapidbus_kl,3140
1001672,KL112 KOTA RAYA,3.1454957091436,101.69812709966,,rapidbus_kl,3141
1005158,KL2511 FRASER BUSINESS PARK,3.129882,101.713681,,rapidbus_kl,3142
1003455,KL810 SOUTHGATE,3.124984,101.710078,,rapidbus_kl,3143
1003480,KL808 CHAN SOW LIN (BARAT),3.121516,101.70877,,rapidbus_kl,3144
1005167,KL2513 DAMAI RESIDENCE,3.115787,101.707969,,rapidbus_kl,3145
1000390,KL811 KG SRI INDAH,3.1120556256043,101.70700813411,,rapidbus_kl,3146
1002707,KL1789 RAZAK MANSION (OPP),3.106102,101.707047,,rapidbus_kl,3147
1002710,KL308 POS SALAK SELATAN,3.1032191397453,101.70609158932,,rapidbus_kl,3148
1001041,KL307 KTM SALAK SELATAN,3.0994650394322,101.70432453378,,rapidbus_kl,3149
1001061,(M) KL782 TAMAN SALAK JAYA,3.0959222281747,101.70297719884,,rapidbus_kl,3150
1001550,KL761 KLINIK SALAK SELATAN,3.0909961530594,101.70203455277,,rapidbus_kl,3151
1000197,KL1739 DEWAN KG SALAK SELATAN,3.0893115697914,101.70283535922,,rapidbus_kl,3152
1002902,KL1734 KG BARU SALAK SELATAN (TENGAH),3.0894225238011,101.70398850603,,rapidbus_kl,3153
1002257,KL1735 PASAR PENJAJA SALAK SELATAN,3.0897005303433,101.70631841591,,rapidbus_kl,3154
1002304,KL1736 KG BARU SALAK SELATAN (TIMUR),3.0874691903578,101.70855193115,,rapidbus_kl,3155
1001485,KL1731 KG BARU SALAK SELATAN (SELATAN),3.086356,101.707438,,rapidbus_kl,3156
1005240,KL1493 KG BARU SALAK SELATAN (SELATAN),3.086762,101.706322,,rapidbus_kl,3157
1005241,(M) KL1492 DESA PETALING (UTARA),3.086831,101.703837,,rapidbus_kl,3158
1001640,KL762 VANTAGE POINT (OPP),3.0859874673942,101.70142995203,,rapidbus_kl,3159
1000275,KL763 SPARK SHOPPING COMPLEX (OPP),3.0840042832851,101.70201449643,,rapidbus_kl,3160
1002716,REST ABC,3.0833798867118,101.70457194482,,rapidbus_kl,3161
1001666,KL1730 WINNER HEIGHTS (OPP),3.0840151014898,101.70757756444,,rapidbus_kl,3162
1001911,KL1727 SK DESA PETALING (OPP),3.0838274320217,101.70941747285,,rapidbus_kl,3163
1002977,KL1728 PANGSARA,3.083686,101.711708,,rapidbus_kl,3164
1007457,(M) KL152 LRT BANDAR TASIK SELATAN,3.076112,101.712025,,rapidbus_kl,3165
1002602,KL1785 APARTMENT DESA TUN RAZAK (OPP),3.079192,101.718777,,rapidbus_kl,3166
1001056,KL1784 KOMERSIAL DESA TUN RAZAK,3.0790213697886,101.71911493749,,rapidbus_kl,3167
1002140,KL1786 PANGSAPURI DESA TUN RAZAK,3.0781815563023,101.71764474828,,rapidbus_kl,3168
1007507,KL2001 TASIK HEIGHTS APARTMENT,3.075837,101.717979,,rapidbus_kl,3169
1003058,KL137 ROYAL SQUADRON REGIMEN,3.074518,101.716962,,rapidbus_kl,3170
1003054,KL138 BANDAR TASIK SELATAN (UTARA),3.073647,101.714024,,rapidbus_kl,3171
1000894,KL139 DESA TASIK,3.072054,101.715227,,rapidbus_kl,3172
1007508,KL140 FLAT DESA TASIK (UTARA),3.069314851,101.7155556,,rapidbus_kl,3173
1000320,KL141 PERUMAHAN POLIS DESA TASIK (SELATAN),3.066838,101.713475,,rapidbus_kl,3174
1003309,KL1672 SK PENGKALAN TENTERA DARAT,3.062084,101.716452,,rapidbus_kl,3175
1007509,KL144 PANGSAPURI DESA TASIK,3.067521,101.713874,,rapidbus_kl,3176
1003896,KL145 FLAT DESA TASIK (UTARA),3.0698601321722,101.71570242832,,rapidbus_kl,3177
1002631,KL146 KOMERSIAL DESA TASIK,3.072228,101.714956,,rapidbus_kl,3178
1001076,KL147 BANDAR TASIK SELATAN (UTARA),3.073745,101.713694,,rapidbus_kl,3179
1003017,KL148 ROYAL SQUADRON REGIMEN,3.074595,101.716357,,rapidbus_kl,3180
1001662,KL2003 TASIK HEIGHTS APARTMEN (OPP),3.075462,101.717977,,rapidbus_kl,3181
1004189,KJ477 UTAR,3.0410139275918,101.79392934149,,rapidbus_kl,3182
1003231,KJ560 SHELL SG LONG (OPP),3.041406,101.789376,,rapidbus_kl,3183
1004039,KJ299 TAMAN RAKAN (TIMUR),3.035489,101.782583,,rapidbus_kl,3184
1001724,KJ300 TAMAN RAKAN (BARAT),3.034676,101.780743,,rapidbus_kl,3185
1004196,KJ303 INSTITUT VETERINAR (OPP),3.035442,101.775498,,rapidbus_kl,3186
1002368,KJ338 KOMERSIAL BT 11,3.0424610828368,101.77220148001,,rapidbus_kl,3187
1002105,KJ341 PLAZA KASTURI (OPP),3.038189,101.769263,,rapidbus_kl,3188
1003253,KJ665 CHERAS SELATAN 118,3.0356302960955,101.76848442738,,rapidbus_kl,3189
1001063,KJ666 JEJANTAS TAMAN SRI INDAH,3.032102,101.766107,,rapidbus_kl,3190
1003441,KJ667 SUSUR CHERAS JAYA,3.030769,101.763363,,rapidbus_kl,3191
1001499,KJ704 SUSUR U-TURN CHERAS JAYA,3.027925,101.755947,,rapidbus_kl,3192
1003450,KJ705 SYMPHONY TOWER,3.0262187974836,101.75109805471,,rapidbus_kl,3193
1001050,KJ697 JEJANTAS KG BARU BALAKONG,3.0262016449352,101.74916224987,,rapidbus_kl,3194
1003053,KJ698 TAMAN TAMING JAYA,3.026726,101.745708,,rapidbus_kl,3195
1001690,(M) SJ596 KTM KOMUTER SERDANG,3.0228725970026,101.71645821695,,rapidbus_kl,3196
1004041,KL784 PANGSAPURI PERMAI,3.062202,101.706766,,rapidbus_kl,3197
1003961,KL785 TAMAN CASTLEFIELD,3.069518,101.705575,,rapidbus_kl,3198
1000264,KL786 KG MALAYSIA RAYA,3.072861,101.704212,,rapidbus_kl,3199
1001441,KL787 KG MALAYSIA TAMBAHAN,3.076938940479,101.70455603294,,rapidbus_kl,3200
1003574,KL2034 THE LEAFZ,3.0842370256986,101.69648240596,,rapidbus_kl,3201
1004146,KL788 THE LEAFZ,3.085959,101.694689,,rapidbus_kl,3202
1001055,KL1219 MRT KUCHAI (OPP),3.088911,101.692878,,rapidbus_kl,3203
1000051,KL1218 MRT KUCHAI/RESIDENSI FAR EAST,3.089248,101.693273,,rapidbus_kl,3204
1000278,KL789 PLAZA SG BESI,3.089197,101.698388,,rapidbus_kl,3205
1004193,KL807 TOYOTA SG BESI,3.1186642043651,101.70963517856,,rapidbus_kl,3206
1001492,KL2205 PERINDUSTRIAN TRISEGI,3.120341,101.710825,,rapidbus_kl,3207
1002521,KL2206 HYUNDAI SERVICES,3.123098,101.712808,,rapidbus_kl,3208
1002408,KL809 PERCETAKAN NASIONAL,3.1250592259839,101.71394316089,,rapidbus_kl,3209
1001794,KL2207 LRT CHAN SOW LIN,3.128826,101.715987,,rapidbus_kl,3210
1001795,KL2199 LRT CHAN SOW LIN,3.128099,101.716024,,rapidbus_kl,3211
1000504,KL2200 PERCETAKAN NASIONAL (OPP),3.124576,101.714053,,rapidbus_kl,3212
1002115,KL2201 HYUNDAI SERVICES (OPP),3.122441,101.712545,,rapidbus_kl,3213
1002066,KL2202 PERINDUSTRIAN TRISEGI,3.120338,101.711014,,rapidbus_kl,3214
1004194,KL805 TOYOTA SG BESI (OPP),3.118916,101.709987,,rapidbus_kl,3215
1001092,KL2180 PLAZA 63 (OPP),3.091876,101.701374,,rapidbus_kl,3216
1002573,KL1811 PLAZA SG BESI (OPP),3.089241,101.699132,,rapidbus_kl,3217
1001158,KL795 KOMERSIAL TAMAN SALAK SELATAN,3.083649,101.697397,,rapidbus_kl,3218
1001442,KL777 KG MALAYSIA TAMBAHAN,3.077373,101.704842,,rapidbus_kl,3219
1003962,KL780 TAMAN CASTLEFIELD,3.0690635889596,101.70600990163,,rapidbus_kl,3220
1004040,KL781 MRT/LRT SUNGAI BESI,3.063572,101.707294,,rapidbus_kl,3221
1002832,KL2006 SELANGOR TURF CLUB,3.052781,101.707226,,rapidbus_kl,3222
1000180,SJ653 THE MINES WATERFRONT,3.0385903995674,101.70918458057,,rapidbus_kl,3223
1003922,SJ640 THE MINES,3.027064,101.718933,,rapidbus_kl,3224
1002515,SJ599 TAMAN SG BESI INDAH (SELATAN),3.027028,101.722764,,rapidbus_kl,3225
1004053,SJ641 APARTMENT SRI JASA,3.027148,101.726731,,rapidbus_kl,3226
1004259,KJ670 WISMA TANJUNG BALAI (OPP),3.024934,101.730044,,rapidbus_kl,3227
1003939,KJ671 TAMAN BUKIT BELIMBING,3.0245921417694,101.73224170392,,rapidbus_kl,3228
1001480,KJ672 TAMAN TAMING JAYA,3.0262877504306,101.73835993014,,rapidbus_kl,3229
1001420,KJ673 KG BARU BALAKONG,3.026557,101.749516,,rapidbus_kl,3230
1000247,KJ703 SUSUR U-TURN CHERAS JAYA,3.028845,101.756126,,rapidbus_kl,3231
1001214,KJ693 AEON CHERAS SELATAN,3.032198,101.765559,,rapidbus_kl,3232
1002361,KJ336 PLAZA KASTURI,3.037993,101.768992,,rapidbus_kl,3233
1004268,KJ337 KOMERSIAL BT 11,3.042774,101.772202,,rapidbus_kl,3234
1001019,KJ304 INSTITUT PENGURUSAN VETERINAR (OPP),3.035963,101.775405,,rapidbus_kl,3235
1001725,KJ330 TAMAN RAKAN (BARAT),3.034874,101.780544,,rapidbus_kl,3236
1004038,KJ331 TAMAN RAKAN (TIMUR),3.035554,101.782081,,rapidbus_kl,3237
1002852,KJ561 BANDAR MAHKOTA CHERAS,3.0432581370684,101.78683628257,,rapidbus_kl,3238
1002574,KJ562 BANDAR MAHKOTA CHERAS,3.047159,101.787929,,rapidbus_kl,3239
1002509,KJ214 PETRONAS MAHKOTA CHERAS,3.051484,101.786855,,rapidbus_kl,3240
1003861,KJ177 BMC MALL (OPP),3.055131564348,101.78603666817,,rapidbus_kl,3241
1003539,KJ751 PERUMAHAN MAHKOTA CHERAS,3.059332958966,101.78712366175,,rapidbus_kl,3242
1004108,KJ195 PERUMAHAN MAHKOTA CHERAS SEKSYEN 3,3.060573851863,101.78935413478,,rapidbus_kl,3243
1002733,KJ570 DEWAN SERBAGUNA MAHKOTA CHERAS,3.059726,101.793782,,rapidbus_kl,3244
1004116,KJ200 PERUMAHAN MAHKOTA CHERAS SEKSYEN 6,3.0542190282018,101.79389889672,,rapidbus_kl,3245
1000078,KJ213 KOMERSIAL MAHKOTA CHERAS,3.0500580155157,101.78892918697,,rapidbus_kl,3246
1003503,KJ289 BANDAR MAHKOTA CHERAS,3.047218,101.788243,,rapidbus_kl,3247
1003230,KJ329 SHELL SG LONG,3.0416829546868,101.78926018851,,rapidbus_kl,3248
1002698,KJ361 GREEN SEKSYEN 7,3.046017,101.794833,,rapidbus_kl,3249
1003033,KJ370 PERUMAHAN SG LONG SEKSYEN 7,3.0480528104061,101.79730241962,,rapidbus_kl,3250
1003052,KJ403 PERUMAHAN SEKYEN 7,3.049393,101.798878,,rapidbus_kl,3251
1003399,KJ428 SMK SG LONG,3.0516163347533,101.80192181976,,rapidbus_kl,3252
1000125,KJ437 APARTMENT GREEN ACRE,3.0477918709832,101.80540780986,,rapidbus_kl,3253
1003193,KJ438 SG LONG GOLF & COUNTRY CLUB,3.041695,101.801437,,rapidbus_kl,3254
1000531,KL1933 PASAR SENI (PLATFORM E1 - E3),3.141408,101.695443,,rapidbus_kl,3255
1002640,KL1092 PUBLIC BANK,3.139119,101.695358,,rapidbus_kl,3256
1002495,KL2145 HOTEL PRESCOTT,3.136322,101.690915,,rapidbus_kl,3257
1004276,KL1080 BRICKFIELDS,3.1336400597905,101.68908163724,,rapidbus_kl,3258
1002023,KL1082 SK METHODIST,3.131473,101.689089,,rapidbus_kl,3259
1002234,KL1083 PALM COURT,3.129818,101.687114,,rapidbus_kl,3260
1003301,KL1084 SMK LA SALLE,3.127033195959,101.68320063589,,rapidbus_kl,3261
1000205,KL1085 BALAI POLIS BRICKFIELDS,3.125382,101.682305,,rapidbus_kl,3262
1004210,KL278 KOMERSIAL TAMAN SEPUTEH,3.120092,101.679603,,rapidbus_kl,3263
1000981,KL1179 MAZDA,3.1094981426141,101.678508753,,rapidbus_kl,3264
1000289,KL1180 BHP,3.1072844280663,101.67868293317,,rapidbus_kl,3265
1003216,KL1181 SHELL,3.105637,101.678384,,rapidbus_kl,3266
1004113,KL1182 THAM WAH WAN,3.1034073153277,101.67791957298,,rapidbus_kl,3267
1000493,KL1183 AVANTAS RESIDENCE,3.1001431566626,101.6765307254,,rapidbus_kl,3268
1003568,KL1184 TAMAN SHANGHAI (SELATAN),3.098404,101.676208,,rapidbus_kl,3269
1003004,KL1750 THE SCOTT GARDEN,3.0953143908189,101.67572573982,,rapidbus_kl,3270
1002263,KL1212 PASAR KLANG LAMA,3.0923666487538,101.67504495979,,rapidbus_kl,3271
1002575,KL1267 PLAZA PRIMA,3.0890109519977,101.67435542147,,rapidbus_kl,3272
1004262,KL1268 WISMA TEOH CHIN KEE,3.0866355709206,101.67388225873,,rapidbus_kl,3273
1002195,KL1269 PEARL POINT,3.0835904519984,101.67119037612,,rapidbus_kl,3274
1003077,KL1270 TAMAN YARL (UTARA),3.082005,101.668566,,rapidbus_kl,3275
1001906,KL1348 MASJID ABDUL RAHMAN,3.0797726835549,101.6655312482,,rapidbus_kl,3276
1002175,KL1349 PANGSAPURI SRI JATI,3.0776171979654,101.66383355433,,rapidbus_kl,3277
1003579,KL1351 NEST RESIDENCE (OPP),3.0749481692745,101.66078147764,,rapidbus_kl,3278
1003222,KL1352 SHELL TAMAN KUCHAI,3.0739527099007,101.65932732328,,rapidbus_kl,3279
1002118,KL1353 OUG PARKLANE,3.070513914108,101.65676696837,,rapidbus_kl,3280
1003944,SJ352 BHPETROL BUKIT KUCHAI,3.058117,101.638599,,rapidbus_kl,3281
1004078,SJ353 BUKIT KUCHAI,3.0573787950817,101.63307641888,,rapidbus_kl,3282
1004079,SJ354 BHPETROL,3.0569807544853,101.63001155169,,rapidbus_kl,3283
1001058,SJ358 KOMUNITI PUCHONG JAYA (OPP),3.0528842606685,101.62487388353,,rapidbus_kl,3284
1004141,SJ625 TRACTOR MALAYSIA,3.015995,101.610628,,rapidbus_kl,3285
1001053,SJ601 JEJANTAS SK PUCHONG UTAMA 3,3.0014403214833,101.61194528657,,rapidbus_kl,3286
1001048,SJ603 PUCHONG UTAMA 1 (PRESINT10),3.001928,101.611521,,rapidbus_kl,3287
1004140,SJ605 TRACTORS MALAYSIA,3.0159634449745,101.61023858797,,rapidbus_kl,3288
1001615,SJ677 KOMPLEKS RAKAN MUDA,3.0204021983635,101.61167012268,,rapidbus_kl,3289
1005066,LRT PERINDUSTRIAN PUCHONG,3.022071,101.613639,,rapidbus_kl,3290
1002662,SJ330 PUSAT IT KOMUNITI/TAMAN MERAK,3.053174,101.624554,,rapidbus_kl,3291
1003690,SJ331 TM KINRARA,3.056785,101.628304,,rapidbus_kl,3292
1004080,SJ332 APARTMENT SRI CEMPAKA,3.057354,101.630588,,rapidbus_kl,3293
1001241,SJ333 PERUMAHAN AMAN SARI,3.057626,101.632811,,rapidbus_kl,3294
1003943,SJ334 TAMAN BUKIT KUCHAI,3.0584740354052,101.63895995946,,rapidbus_kl,3295
1000977,SJ340 JEJANTAS TAMAN KINRARA,3.0646661482707,101.64930516488,,rapidbus_kl,3296
1003533,KL1342 MENARA IIP (OPP),3.0689529989657,101.65504988486,,rapidbus_kl,3297
1001338,KL1343 OUG PARKLANE (OPP),3.0699834974841,101.65616583845,,rapidbus_kl,3298
1000437,KL1344 CALTEX TAMAN KUCHAI,3.0733168962789,101.65793524654,,rapidbus_kl,3299
1001933,KL1345 MASJID JAMEK PETALING,3.0762449803645,101.66164947585,,rapidbus_kl,3300
1001872,KL1346 PANGSAPURI SRI JATI (OPP),3.078180689134,101.6638491875,,rapidbus_kl,3301
1002400,KL1347 MASJID ABDUL RAHMAN (OPP),3.080146371525,101.66530040274,,rapidbus_kl,3302
1000730,KL1271 TAMAN YARL (UTARA),3.0823313189399,101.66828836662,,rapidbus_kl,3303
1000506,KL1272 PEARL POINT,3.084468,101.671892,,rapidbus_kl,3304
1002401,KL1274 ROZEL,3.087139,101.673633,,rapidbus_kl,3305
1003828,KL1275 PLAZA PRIMA (OPP),3.0905681300214,101.67420902381,,rapidbus_kl,3306
1004255,KL1276 VERVE SUITES,3.092457906865,101.67462926176,,rapidbus_kl,3307
1000072,KL1277 SCOTT GARDEN/AMBANK,3.0959619224579,101.67534789075,,rapidbus_kl,3308
1001474,KL1280 TAMAN SHANGHAI (SELATAN),3.099155,101.675978,,rapidbus_kl,3309
1003199,KL1281 SOUTHBANK RESIDENCE,3.101513,101.676822,,rapidbus_kl,3310
1004204,KL1282 3RD MILES SQUARE,3.103537,101.677629,,rapidbus_kl,3311
1001009,KL1283 SHELL (OPP),3.105557,101.678057,,rapidbus_kl,3312
1004229,KL1284 WISMA BUDDHIST,3.108093,101.678386,,rapidbus_kl,3313
1001346,KL1395 SAVILLE RESIDENCE (OPP),3.110688,101.678065,,rapidbus_kl,3314
1004209,KL1535 MIDVALLEY,3.119766,101.679256,,rapidbus_kl,3315
1000206,KL1086 IPD BRICKFIELDS,3.126168,101.682412,,rapidbus_kl,3316
1001512,KL1079 KL SENTRAL,3.132961,101.687618,,rapidbus_kl,3317
1004275,KL1090 SENTRAL EXHIBITION MALL,3.134408,101.688902,,rapidbus_kl,3318
1003588,KL1925 JABATAN WARISAN NEGARA,3.138258,101.694216,,rapidbus_kl,3319
1002639,KL1091 PUBLIC BANK (OPP),3.138761,101.695062,,rapidbus_kl,3320
1001921,SJ300 MASJID PUCHONG PERDANA,3.009608,101.608224,,rapidbus_kl,3321
1000745,SJ301 FLAT PUCHONG INDAH,3.010214,101.609935,,rapidbus_kl,3322
1002155,SJ609 SETIA WALK (SELATAN),3.029122,101.614638,,rapidbus_kl,3323
1003510,SJ611 SETIAWALK MALL,3.0288195079409,101.61521542686,,rapidbus_kl,3324
1000070,SJ667 TAMAN INDUSTRI PUCHONG,3.0227373948343,101.61417436779,,rapidbus_kl,3325
1003977,SJ623 FLAT PUCHONG INDAH,3.0099794568679,101.61026827472,,rapidbus_kl,3326
1001940,(M) SJ302 MASJID PUCHONG PERDANA (OPP),3.009161,101.608268,,rapidbus_kl,3327
1004343,(M) KL2213 PASAR SENI (PLATFORM C1 - C3),3.142446,101.695523,,rapidbus_kl,3328
1001325,KL1365 SKYVILLE 8 (OPP),3.082078,101.664858,,rapidbus_kl,3329
1003260,KL1798 BINASTRALAND,3.083261,101.661574,,rapidbus_kl,3330
1000321,BLOK 34 TADIKA KEMAS,3.071845481033,101.65218433374,,rapidbus_kl,3331
1000893,PJ127 HENTIAN BAS SERI MANJA,3.074811,101.644139,,rapidbus_kl,3332
1003613,PJ123 SRI MANJA SQUARE,3.0731162271999,101.64739386559,,rapidbus_kl,3333
1000238,KL1385 BAYVIEW COURT ID (OPP),3.0719174345464,101.64871181365,,rapidbus_kl,3334
1000328,KL1386 SURAU NURUL IMAN,3.0714104396593,101.65006579652,,rapidbus_kl,3335
1003802,KL1387 1K TRICOURT (OPP),3.0713544553467,101.65141706912,,rapidbus_kl,3336
1002295,KL1378 FLAT TAMAN SERI SENTOSA,3.0732247440923,101.65150403197,,rapidbus_kl,3337
1000136,KL1379 APT PINANG BLOK 13 (BARAT),3.0750468306887,101.6528359622,,rapidbus_kl,3338
1000139,KL1380 APT PINANG 1A (UTARA),3.0763897833728,101.65370442534,,rapidbus_kl,3339
1000142,KL2159 APT SERI SENTOSA (UTARA),3.077075,101.654551,,rapidbus_kl,3340
1000263,KL1389 APT SERI SENTOSA AC4,3.077505,101.656498,,rapidbus_kl,3341
1000185,KL1390 AVENUE COURT,3.078045,101.659352,,rapidbus_kl,3342
1002593,KL1391 TAMAN SERI SENTOSA (TIMUR),3.079507,101.661812,,rapidbus_kl,3343
1000367,KL1392 BOMBA KLANG LAMA,3.081894,101.660886,,rapidbus_kl,3344
1003259,KL1799 PETALZ RESIDENCE,3.083515,101.661221,,rapidbus_kl,3345
1000633,KL1393 PETRON BT 5 3/4,3.083148,101.663188,,rapidbus_kl,3346
1000200,KL1394 SKYVILLE 8,3.082038,101.665697,,rapidbus_kl,3347
1006524,SJ63 LRT SUBANG JAYA,3.084555,101.587181,,rapidbus_kl,3348
1000456,SJ60 AEON BIG SUBANG JAYA,3.082119,101.587966,,rapidbus_kl,3349
1001513,SJ637 CASA TIARA SUITE,3.082133,101.591204,,rapidbus_kl,3350
1002024,SJ64 SUBANG JAYA MEDICAL CENTRE,3.079771,101.593222,,rapidbus_kl,3351
1003280,SJ2 SIME DARBY HEALTH CARE,3.077851,101.593269,,rapidbus_kl,3352
1000523,PJ229 KOMPLEKS 3C (OPP),3.073384,101.601469,,rapidbus_kl,3353
1003708,PJ294 SUNWAY CLIO (OPP),3.0737225504127,101.60355896913,,rapidbus_kl,3354
1008430,PJ561 SUNWAY PYRAMID (OPP),3.074113,101.605891,,rapidbus_kl,3355
1001873,(M) PJ614 MASJID AL-HUSNA,3.074256,101.608951,,rapidbus_kl,3356
1000729,PJ164 ARENA SELERA LINDUNGAN,3.076672,101.616129,,rapidbus_kl,3357
1001435,PJ165 KOMERSIAL LINDUNGAN,3.078261,101.615607,,rapidbus_kl,3358
1001434,PJ167 KAMPUNG LINDUNGAN,3.079886,101.615617,,rapidbus_kl,3359
1001670,PJ168 PETRONAS DESA MENTARI (OPP),3.081834,101.618196,,rapidbus_kl,3360
1000550,PJ169 TAMAN DESARIA,3.082724,101.620879,,rapidbus_kl,3361
1001409,(M) PJ170 MENARA ANN JOO (OPP),3.084266,101.623261,,rapidbus_kl,3362
1001122,KL2155 SEKSYEN 18 (TIMUR),3.082454,101.658486,,rapidbus_kl,3363
1002021,KL2154 SEKSYEN 18,3.082399,101.659428,,rapidbus_kl,3364
1000429,PJ736 TAMAN PETALING UTAMA,3.081432,101.653433,,rapidbus_kl,3365
1001257,(M) PJ153 MENARA ANN JOO,3.083862,101.622918,,rapidbus_kl,3366
1000549,PJ157 TAMAN DESARIA (BARAT),3.081729,101.618498,,rapidbus_kl,3367
1001669,PJ358 KONTENA NASIONAL,3.081148,101.615187,,rapidbus_kl,3368
1001437,PJ622 PERUMAHAN PJS 6,3.079853,101.613795,,rapidbus_kl,3369
1003709,(M) PJ615 SUNWAY PYRAMID,3.073588,101.605895,,rapidbus_kl,3370
1000522,PJ617 KOMPLEKS 3C,3.072993,101.600748,,rapidbus_kl,3371
1003140,SJ54 SERI KUALA LUMPUR,3.076459,101.592849,,rapidbus_kl,3372
1003279,SJ55 SUBANG JAYA MEDICAL CENTRE,3.079767,101.592874,,rapidbus_kl,3373
1002020,SJ56 KOMERSIAL SS15,3.0818374454544,101.59082467831,,rapidbus_kl,3374
1000457,SJ57 AEON BIG SUBANG JAYA (OPP),3.081844,101.588307,,rapidbus_kl,3375
1003695,(M) SJ58 SUBANG PARADE (OPP),3.0812978955176,101.58560231839,,rapidbus_kl,3376
1000646,(M) SJ49 PETRON SS 17,3.079421,101.581514,,rapidbus_kl,3377
1003087,SJ47 PERUMAHAN SS 19,3.078881,101.577188,,rapidbus_kl,3378
1002351,SJ48 WISMA CONSPLANT,3.080169,101.582523,,rapidbus_kl,3379
1000364,KL1185 BALAI BOMBA TAMAN DESA,3.096833,101.677511,,rapidbus_kl,3380
1002219,KL1186 PERUMAHAN TAMAN DESA,3.099941,101.679635,,rapidbus_kl,3381
1000652,KL1187 FABER HEIGHTS,3.102058,101.680727,,rapidbus_kl,3382
1003880,KL1188 WISMA TELEKOM TAMAN DESA,3.103578,101.682278,,rapidbus_kl,3383
1001667,KL1189 KONDOMINIUM DESARINA,3.106434,101.683769,,rapidbus_kl,3384
1002111,KL1190 OBD GARDEN TOWER,3.108738,101.685547,,rapidbus_kl,3385
1002940,KL1191 PERUMAHAN TAMAN DESA,3.108481,101.688597,,rapidbus_kl,3386
1003662,KL1192 SMK DESA PERDANA,3.106388,101.689895,,rapidbus_kl,3387
1001912,KL1204 MASJID AL-MUHSININ,3.104172,101.688755,,rapidbus_kl,3388
1003408,KL2037 SMK TAMAN DESA,3.103311,101.687281,,rapidbus_kl,3389
1000653,KL1205 FABER TOWERS (OPP),3.101496,101.685088,,rapidbus_kl,3390
1003203,KL1206 SHELL TAMAN DANAU DESA,3.100554,101.686391,,rapidbus_kl,3391
1003190,KL1207 KONDOMINIUM DANAU IDAMAN,3.099161,101.686357,,rapidbus_kl,3392
1000106,KL1208 APARTMENT ABADI INDAH,3.096424,101.685293,,rapidbus_kl,3393
1000162,KL1209 TAMAN DESA (SELATAN),3.096107,101.682037,,rapidbus_kl,3394
1003873,KL1210 TAMAN DESA MEDICAL CENTRE,3.096435,101.677744,,rapidbus_kl,3395
1002606,KL1360 LRT MUHIBBAH,3.062023,101.662001,,rapidbus_kl,3396
1001560,KL1355 KOMERSIAL TAMAN BUKIT OUG,3.062029,101.664236,,rapidbus_kl,3397
1001079,KL1356 BUKIT OUG CONDOMINIUM,3.062137,101.667713,,rapidbus_kl,3398
1000307,KL2163 BUKIT OUG CONDOMINIUM,3.062544,101.669045,,rapidbus_kl,3399
1000808,KL1745 FORTUNA COURT CONDOMINIUM,3.0660668832474,101.66856023851,,rapidbus_kl,3400
1008145,UNION HEIGHTS CONDO (OPP),3.072295,101.668466,,rapidbus_kl,3401
1000287,KL1246 BHP (OPP),3.074173,101.671395,,rapidbus_kl,3402
1002891,KL2149 TAMAN OUG (UTARA),3.076692,101.675484,,rapidbus_kl,3403
1001236,KL2150 PERUMAHAN HUJAN EMAS,3.074126,101.677774,,rapidbus_kl,3404
1003901,KL2151 TAMAN OUG (SELATAN),3.072543,101.677159,,rapidbus_kl,3405
1004111,KL2152 SJKC YOKE NAM,3.074812,101.676816,,rapidbus_kl,3406
1002941,PERUMAHAN HUJAN EMAS 3,3.077156,101.675344,,rapidbus_kl,3407
1002896,PERUMAHAN HUJAN EMAS 1,3.078426,101.674323,,rapidbus_kl,3408
1002569,KL1249 OUG PLAZA (OPP),3.081988,101.670445,,rapidbus_kl,3409
1002570,KL1250 OUG PLAZA,3.0823070670119,101.67066982744,,rapidbus_kl,3410
1003144,KL1243 SK SERI MEGA,3.077568,101.670605,,rapidbus_kl,3411
1001235,KL1245 TAMAN YARL (TIMUR),3.075363,101.670712,,rapidbus_kl,3412
1002753,KOMERSIAL HUJAN EMAS 8,3.071426,101.677384,,rapidbus_kl,3413
1008144,UNION HEIGHTS CONDO,3.072134,101.668551,,rapidbus_kl,3414
1000807,KL1744 FORTUNA COURT CONDOMINIUM,3.065997722986,101.6690883904,,rapidbus_kl,3415
1000308,KL2162 KIARA RESIDENCE 2,3.062922,101.669177,,rapidbus_kl,3416
1000309,KL1357 BUKIT OUG CONDOMINIUM (OPP),3.061792,101.666848,,rapidbus_kl,3417
1006611,KL424 ARKED ESPLANADE,3.060988,101.676295,,rapidbus_kl,3418
1006613,KL571 TAMAN ESPLANADE (BARAT),3.060309,101.678176,,rapidbus_kl,3419
1006615,KL572 TAMAN ESPLANADE (TIMUR),3.059633,101.680948,,rapidbus_kl,3420
1006619,COVILLEA CONDOMINIUM,3.058765,101.685124,,rapidbus_kl,3421
1002658,KL576 IMU BUKIT JALIL,3.059171,101.687342,,rapidbus_kl,3422
1003146,KL1327 SMK SRI PETALING,3.066578,101.688183,,rapidbus_kl,3423
1002204,KL1328 BANDAR BARU SRI PETALING,3.0670949316121,101.68613487437,,rapidbus_kl,3424
1003619,KL1240 PERUMAHAN JALAN PERISA,3.0725999211481,101.68239640296,,rapidbus_kl,3425
1001238,KL1241 TAMAN BANDARAYA,3.077603,101.681197,,rapidbus_kl,3426
1002117,(M) KL1242 TAMAN BUKIT INDAH,3.0813230868955,101.68091284237,,rapidbus_kl,3427
1003765,KL1251 TAMAN GEMBIRA,3.084113,101.682045,,rapidbus_kl,3428
1003497,KL1252 TAMAN GEMBIRA (UTARA),3.085075,101.681929,,rapidbus_kl,3429
1001154,KL1253 TAMAN CONTINENTAL,3.087849,101.681617,,rapidbus_kl,3430
1001377,KL1254 TAMAN CONTINENTAL (TENGAH),3.088722,101.681392,,rapidbus_kl,3431
1001155,KL1531 TAMAN CONTINENTAL (UTARA),3.0899787628094,101.68087230078,,rapidbus_kl,3432
1001370,KL1266 KUCHAI BUSINESS PARK,3.091183,101.676011,,rapidbus_kl,3433
1000416,KL1213 KUCHAI BUSINESS CENTRE,3.0913213800017,101.67659427669,,rapidbus_kl,3434
1002833,KL1214 TAMAN LIEN HO,3.090819,101.679588,,rapidbus_kl,3435
1003474,KL1751 TAMAN CONTINENTAL,3.090276,101.681048,,rapidbus_kl,3436
1003682,KL1255 KOMERSIAL TAMAN CONTINENTAL,3.0886429685409,101.68209010132,,rapidbus_kl,3437
1003498,KL1256 TAMAN GEMBIRA,3.0851898111191,101.68207112473,,rapidbus_kl,3438
1003766,KL1257 KOMERSIAL TAMAN GEMBIRA,3.0838850004781,101.68221812928,,rapidbus_kl,3439
1001136,(M) KL1226 TAMAN BUKIT INDAH,3.080661,101.681185,,rapidbus_kl,3440
1003620,KL1237 PERUMAHAN SRI PETALING,3.0726025816592,101.68262116566,,rapidbus_kl,3441
1002663,(M) KL1238 PERUMAHAN SRI PETALING,3.070787,101.683416,,rapidbus_kl,3442
1004126,KL577 IMU BUKIT JALIL (OPP),3.059003,101.687388,,rapidbus_kl,3443
1006616,KL1288 TAMAN ESPLANADE,3.059451,101.680901,,rapidbus_kl,3444
1006614,KL1289 TAMAN ESPLANADE,3.060112,101.678101,,rapidbus_kl,3445
1006612,KL1290 ARKED ESPLANAD (OPP),3.060823,101.676138,,rapidbus_kl,3446
1004347,KL2214 PASAR SENI (PLATFORM B1 - B2),3.142615,101.695304,,rapidbus_kl,3447
1000857,KL2144 TM BRICKFIELDS,3.1374677062962,101.69324504902,,rapidbus_kl,3448
1003608,KL1760 SUASANA SENTRAL LOFT,3.1303212241286,101.68364204616,,rapidbus_kl,3449
1002086,KL1095 BANGSAR UTAMA,3.129203160217,101.68065981755,,rapidbus_kl,3450
1001788,KL1096 LRT BANGSAR (OPP),3.1273688525384,101.67914951654,,rapidbus_kl,3451
1002600,KL1097 PPR ABDULLAH HUKUM,3.1231698334516,101.67654695028,,rapidbus_kl,3452
1004110,KL1098 LRT ABDULLAH HUKUM,3.1180320477095,101.67260077298,,rapidbus_kl,3453
1008143,KL1191 IPD PANTAI,3.117224,101.667171,,rapidbus_kl,3454
1002621,PJ596 KWSP FEDERAL,3.1100056269729,101.65318137013,,rapidbus_kl,3455
1000166,PJ750 PJ8 TOWER,3.1022385629392,101.63926132215,,rapidbus_kl,3456
1001735,PJ598 FORD,3.0918510958133,101.63232647758,,rapidbus_kl,3457
1003174,PJ600 KTM SERI SETIA,3.0844706972703,101.62004709521,,rapidbus_kl,3458
1002064,PJ744 KTM SETIA JAYA,3.0837013581979,101.61282004095,,rapidbus_kl,3459
1000387,PJ606 BT10/MENTARI COURT,3.0831411956406,101.60818132555,,rapidbus_kl,3460
1003553,SJ590 ISOLA RESIDENCE,3.0823055709786,101.57980988495,,rapidbus_kl,3461
1000393,SA917 SPG BT 3 KE KLANG,3.0751295078554,101.55608246282,,rapidbus_kl,3462
1000394,SA915 JEJANTAS SHELL BT 3 (OPP),3.0733105706958,101.54917571463,,rapidbus_kl,3463
1004166,SA8 UITM PINTU UTAMA,3.0708541927405,101.50433564815,,rapidbus_kl,3464
1000170,SA9 APARTMENT BAIDURI,3.073911,101.501054,,rapidbus_kl,3465
1004172,SA10 UNISEL PINTU UTAMA,3.0779166340311,101.49615087009,,rapidbus_kl,3466
1002457,SA34 UNISEL,3.077464,101.494395,,rapidbus_kl,3467
1002458,SA35 PETRONAS SEKSYEN 7,3.075333,101.493305,,rapidbus_kl,3468
1001556,SA36 HOSPITAL SHAH ALAM (OPP),3.070554,101.491641,,rapidbus_kl,3469
1008163,SA788 UITM SHAH ALAM (BARAT),3.068427,101.491554,,rapidbus_kl,3470
1002232,SA263 WISMA TAMING SARI UITM,3.065559,101.495098,,rapidbus_kl,3471
1009247,SA264 KOLEJ PERINDU,3.066089,101.501251,,rapidbus_kl,3472
1001595,SA265 KOLEJ CEMPAKA,3.067325,101.501884,,rapidbus_kl,3473
1001605,SA266 KOLEJ SEROJA,3.067819,101.505616,,rapidbus_kl,3474
1000660,SA268 FAKULTI SAINS,3.071291,101.500812,,rapidbus_kl,3475
1001594,SA269 FAKULTI SAINS KOMPUTER,3.072465,101.499726,,rapidbus_kl,3476
1002667,SA271 DATARAN CENDEKIA,3.070673,101.496983,,rapidbus_kl,3477
1000656,SA272 PUSAT KESIHATAN UITM,3.068102,101.493183,,rapidbus_kl,3478
1001025,SA38 UITM SHAH ALAM (BARAT),3.0684281682022,101.4911058313,,rapidbus_kl,3479
1006015,SA39 HOSPITAL SHAH ALAM,3.0727,101.49166666667,,rapidbus_kl,3480
1002456,SA40 TASIK SEKSYEN 7,3.075836,101.493231,,rapidbus_kl,3481
1002459,SA41 UNISEL (OPP),3.077472,101.494058,,rapidbus_kl,3482
1004173,SA11 UNISEL (OPP),3.078164626069,101.49642595216,,rapidbus_kl,3483
1002126,SA12 APARTMENT BAIDURI (OPP),3.0734091801059,101.501787709,,rapidbus_kl,3484
1004165,SA13 UITM PINTU UTAMA (OPP),3.0716639153868,101.5037935867,,rapidbus_kl,3485
1008076,SHAH ALAM WALK,3.073295,101.516828,,rapidbus_kl,3486
1000395,SA914 JEJANTAS PETRON BT 3,3.0735089041891,101.54853587064,,rapidbus_kl,3487
1000392,SA916 SPG BT 3 KE KL,3.075421856924,101.55598314485,,rapidbus_kl,3488
1003554,SA918 ISOLA RESIDENCE (OPP),3.0827360042424,101.58028336598,,rapidbus_kl,3489
1000388,PJ605 BT 10/MENTARI COURT (OPP),3.0834860825516,101.60729171619,,rapidbus_kl,3490
1002063,PJ611 KTM SETIA JAYA (OPP),3.083955190297,101.61260155183,,rapidbus_kl,3491
1003173,PJ601 PLAZA SERI SETIA,3.0845601901256,101.61833988511,,rapidbus_kl,3492
1001734,PJ599 HIGHWAY CENTER,3.0919462531599,101.63208087033,,rapidbus_kl,3493
1000671,PJ442 FINAS,3.109654,101.643371,,rapidbus_kl,3494
1002620,PJ597 PPUM FEDERAL,3.110181,101.652903,,rapidbus_kl,3495
1004178,KL1110 STADIUM HOKI KL,3.118467,101.665014,,rapidbus_kl,3496
1001575,KL1113 BALAI ISLAM TNB,3.1183379924799,101.67225279065,,rapidbus_kl,3497
1004098,KL1114 HQ TNB,3.120784,101.673917,,rapidbus_kl,3498
1002106,KL1115 APARTMENT PUTRA RIA (OPP),3.1233380951033,101.67633743443,,rapidbus_kl,3499
1003609,KL1075 SUASANA SENTRAL LOFT,3.130377,101.684025,,rapidbus_kl,3500
1004348,(M) PASAR SENI (PLATFORM B3 - B4),3.1424,101.695304,,rapidbus_kl,3501
1003335,SK BRICKFIELDS 2,3.1307549061485,101.68823724022,,rapidbus_kl,3502
1001870,SA329 MELEWAR,3.072020407318,101.54825572318,,rapidbus_kl,3503
1000884,SA330 GOOD YEAR,3.0663936874059,101.54415471163,,rapidbus_kl,3504
1003084,SA332 KOMERSIAL SEKSYEN 15,3.0646692061697,101.5392065515,,rapidbus_kl,3505
1001318,SA333 MEDAN SELERA SEKSYEN 15,3.06453,101.5371,,rapidbus_kl,3506
1000098,SA334 DATARAN OTOMOBIL (TIMUR),3.0642308726001,101.53277382575,,rapidbus_kl,3507
1000670,SA335 KOMPLEKS FELDA,3.0629043501761,101.52477526271,,rapidbus_kl,3508
1006021,SA933 BALAI POLIS SHAH ALAM (OPP),3.0596833333333,101.52193333333,,rapidbus_kl,3509
1003090,SA934 SMK SEKSYEN 18 (OPP),3.0518101114951,101.52435336625,,rapidbus_kl,3510
1003091,SA935 SEKYEN 19 (UTARA),3.0491676178905,101.52511848214,,rapidbus_kl,3511
1000734,SA425 SEKSYEN 23 (BARAT),3.0485635236283,101.52802579656,,rapidbus_kl,3512
1002229,SA454 SEKSYEN 19 (SELATAN),3.0486761746484,101.53037420389,,rapidbus_kl,3513
1002939,SA406 SMK TAMAN SRI MUDA (TIMUR),3.025614219765,101.54145433917,,rapidbus_kl,3514
1002579,SA423 SEKSYEN 19 (SELATAN),3.0484295998569,101.5301843593,,rapidbus_kl,3515
1003085,SA936 PERUMAHAN SEKSYEN 18,3.0491453477665,101.52477282481,,rapidbus_kl,3516
1003092,SA937 SMK SEKSYEN 18,3.0514617127451,101.52414670748,,rapidbus_kl,3517
1000209,SA938 BALAI POLIS SEKSYEN 15,3.0596818439679,101.52167521309,,rapidbus_kl,3518
1000183,SA379 DATARAN OTOMOBIL,3.0632816863432,101.52574738906,,rapidbus_kl,3519
1002088,SA380 NAZA WAREHOUSE (OPP),3.0640297179382,101.53036775848,,rapidbus_kl,3520
1001473,SA382 PERINDUSTRIAN SEKSYEN 15,3.064917067079,101.53874917958,,rapidbus_kl,3521
1001423,SA134 SEKSYEN 26 (BARAT),3.037322,101.550641,,rapidbus_kl,3522
1002513,SA135 KG BARU HICOM,3.036661,101.552948,,rapidbus_kl,3523
1000431,SA93 FLAT TAMAN BUNGA RAYA (BARAT),3.017882,101.560618,,rapidbus_kl,3524
1000169,SA96 HICOM INDUSTRIAL,3.013161,101.560615,,rapidbus_kl,3525
1000304,SA100 BHP ALAM MEGAH (OPP),3.0097239567949,101.5626914035,,rapidbus_kl,3526
1002931,SA103 TAMAN REKREASI ALAM MEGAH,3.0080346522118,101.56458353826,,rapidbus_kl,3527
1006549,SA104 SK TAMAN ALAM MEGAH (OPP),3.006656,101.565798,,rapidbus_kl,3528
1004107,SA70 SMK ALAM MEGAH 2,3.003917,101.565313,,rapidbus_kl,3529
1006103,SA71 FLAT TAMAN ALAM MEGAH,3.003814,101.563061,,rapidbus_kl,3530
1000064,SA72 TAMAN ALAM MEGAH (SELATAN),3.003839,101.561253,,rapidbus_kl,3531
1000644,SJ522 PANGSAPURI SRI MUTIARA (OPP),2.994443,101.561186,,rapidbus_kl,3532
1002690,SJ523 KOMERSIAL PUTRA HEIGHTS (OPP),2.991568,101.561166,,rapidbus_kl,3533
1002103,SJ524 TAMAN PUTRA PERMAI SEKSYEN 9,2.990269,101.563929,,rapidbus_kl,3534
1000231,SJ531 GIANT PUTRA HEIGHTS (OPP),2.990248,101.572408,,rapidbus_kl,3535
1006550,SJ705 LRT PUTRA HEIGHT,2.995283,101.575734,,rapidbus_kl,3536
1006510,SJ518 GIANT PUTRA HEIGHTS,2.989968,101.572613,,rapidbus_kl,3537
1006511,SJ519 TAMAN PUTRA PERMAI SEKSYEN 10,2.989953,101.564102,,rapidbus_kl,3538
1000709,SJ520 KOMERSIAL PUTRA HEIGHTS,2.991562,101.560907,,rapidbus_kl,3539
1000708,SJ521 PANGSAPURI SRI MUTIARA,2.994181,101.560901,,rapidbus_kl,3540
1000063,SA77 TAMAN ALAM MEGAH (SELATAN),3.004108,101.561252,,rapidbus_kl,3541
1000737,SA78 FLAT TAMAN ALAM MEGAH,3.0040748096969,101.56364617404,,rapidbus_kl,3542
1003281,SA80 SK TAMAN ALAM MEGAH,3.0063060959548,101.56588768468,,rapidbus_kl,3543
1006104,SA81 TAMAN REKREASI ALAM MEGAH,3.008067,101.564309,,rapidbus_kl,3544
1000303,SA83 BHP ALAM MEGAH,3.0094254920673,101.56151920393,,rapidbus_kl,3545
1001202,SA86 TAMAN ALAM MEGAH,3.0114800329119,101.56033284097,,rapidbus_kl,3546
1006577,SA87 HICOM INDUSTRIAL (TIMUR),3.013682,101.560309,,rapidbus_kl,3547
1001196,SA89 KOBAKIN,3.0164495299106,101.56031059654,,rapidbus_kl,3548
1004095,SA90 CLARIANT,3.0181558725758,101.56033352203,,rapidbus_kl,3549
1002390,(M) SA91 SEKSYEN 26 (SELATAN),3.0238781432019,101.56151412936,,rapidbus_kl,3550
1001094,SA51 FLAT PROTON (BARAT),3.0236288779962,101.5665102546,,rapidbus_kl,3551
1001424,SA125 KG BARU HICOM,3.036568,101.551422,,rapidbus_kl,3552
1000594,DUSUN,3.2148514371484,101.4422766736,,rapidbus_kl,3553
1003443,SPG FELDA BKT CHERAKAH,3.2012830773167,101.43840573021,,rapidbus_kl,3554
1004057,TMN SRI JAYA/SURAU,3.1899161087807,101.4333455986,,rapidbus_kl,3555
1001251,KEDAI A/COND (OPP),3.185122841313,101.43364303644,,rapidbus_kl,3556
1002302,PDG BKT CHERAKAH,3.1763786811246,101.43453536885,,rapidbus_kl,3557
1003496,SPG JLN REBUNG,3.1714848097688,101.43501490102,,rapidbus_kl,3558
1003513,SPG KG/SEK UGAMA,3.1670067393269,101.43551235216,,rapidbus_kl,3559
1001112,JLN ISKANDAR/SURAU,3.1613156497938,101.43615820796,,rapidbus_kl,3560
1000399,BT 7 1/2~KLINIK ANUR,3.1509463975748,101.4375598591,,rapidbus_kl,3561
1004006,TAMAN MERU/REST MAIMUN,3.1461038924472,101.43820311329,,rapidbus_kl,3562
1003384,SMK MERU,3.1397620183958,101.4390489305,,rapidbus_kl,3563
1002378,BSN PEKAN MERU,3.1332519356789,101.43989998262,,rapidbus_kl,3564
1001528,KLINIK FITRAH,3.1304910959162,101.44020133771,,rapidbus_kl,3565
1001374,KEDAI YAMAHA,3.1289242059819,101.44040118999,,rapidbus_kl,3566
1000978,HYRAX OIL,3.1234604922344,101.44101399812,,rapidbus_kl,3567
1001493,KILANG KOMPONEN,3.1197726835588,101.44124891565,,rapidbus_kl,3568
1000069,PROTON,3.1137116204992,101.44168551643,,rapidbus_kl,3569
1001514,KLANG SENTRAL,3.1093018865614,101.4374588484,,rapidbus_kl,3570
1006610,GIANT KLANG SENTRAL,3.106533,101.440758,,rapidbus_kl,3571
1003189,MAYBANK SETIA ALAM,3.102432762302,101.44266248694,,rapidbus_kl,3572
1006606,SA825 SETIA AVENUE (UTARA),3.108273,101.446044,,rapidbus_kl,3573
1006604,SA820 SETIA CITY MALL,3.108275,101.460627,,rapidbus_kl,3574
1006592,DEWAN SRI GADING,3.100367,101.465542,,rapidbus_kl,3575
1006593,SA785 DAMAI 15 RESIDENCE,3.097073,101.462381,,rapidbus_kl,3576
1006594,PANGSAPURI SEMARAK,3.094706,101.460604,,rapidbus_kl,3577
1006595,SA798 SMK SETIA ALAM,3.094599,101.45717,,rapidbus_kl,3578
1006596,SA799 SK SETIA ALAM,3.094644,101.454304,,rapidbus_kl,3579
1006600,DATARAN SETIA PRIMA,3.094069,101.445266,,rapidbus_kl,3580
1000242,BDR BKT RAJA,3.0889279986881,101.44504833276,,rapidbus_kl,3581
1000244,BDR BKT RAJA/JOTUN,3.0845677626079,101.44625300471,,rapidbus_kl,3582
1001345,KEDAI PSM,3.0800963976163,101.44752807055,,rapidbus_kl,3583
1001297,BD190 MUTIARA BUKIT RAJA,3.075432,101.448896,,rapidbus_kl,3584
1002428,PERS BKT RAJA,3.0645293765524,101.47200490899,,rapidbus_kl,3585
1003833,TAMCO,3.0661158582544,101.47549406164,,rapidbus_kl,3586
1000335,SA283 MASJID SEKSYEN 7,3.070857,101.481785,,rapidbus_kl,3587
1000266,SA285 PANGSAPURI NILAM SARI (OPP),3.074961,101.487219,,rapidbus_kl,3588
1003855,SA300 TASIK SEKSYEN 7,3.075552,101.490161,,rapidbus_kl,3589
1000333,SA301 PANGSAPURI NILAM SARI,3.075098,101.490009,,rapidbus_kl,3590
1000331,SA302 PANGSAPURI NILAM SARI (UTARA),3.0746018567432,101.48718981095,,rapidbus_kl,3591
1003315,SA303 SK SEKSYEN 7 (UTARA),3.0729698842367,101.48506489209,,rapidbus_kl,3592
1000336,SA310 MASJID SEKSYEN 7 (OPP),3.070612,101.481918,,rapidbus_kl,3593
1000325,SA311 PANGSAPURI PKNS SEKSYEN 7 (BARAT),3.0690223949782,101.48118951544,,rapidbus_kl,3594
1000691,SA312 PANGSAPURI PKNS SEKSYEN 7 (SELATAN),3.067552,101.483797,,rapidbus_kl,3595
1003096,MIDLANDS CONVENTION CENTRE,3.067597,101.487577,,rapidbus_kl,3596
1001026,SA316 KOMERSIAL SEKSYEN 7 (UTARA),3.067662,101.489845,,rapidbus_kl,3597
1008214,SA865 PUSAT KOMERSIAL SEKSYEN 7 (TIMUR),3.066674,101.491487,,rapidbus_kl,3598
1001210,JUSCO,3.0638130280901,101.47202582697,,rapidbus_kl,3599
1003059,BD145 MUTIARA BUKIT RAJA,3.075351,101.448611,,rapidbus_kl,3600
1003025,RUMAH TERES,3.0803488254956,101.44715632192,,rapidbus_kl,3601
1000243,BDR BKT RAJA,3.0858185234795,101.44560139565,,rapidbus_kl,3602
1000245,BDR ELLIS,3.0894485022433,101.44454655852,,rapidbus_kl,3603
1003188,MAYBANK SETIA ALAM (OPP),3.1016067455821,101.44236284459,,rapidbus_kl,3604
1006609,GIANT KLANG SENTRAL (OPP),3.106302,101.440644,,rapidbus_kl,3605
1006703,(M) SA821 SETIA CITY MALL,3.108084,101.46054,,rapidbus_kl,3606
1000068,PROTON (OPP),3.1134794290864,101.44136018059,,rapidbus_kl,3607
1003218,SHELL,3.1190235234489,101.44107169953,,rapidbus_kl,3608
1000814,FUTSAL,3.1263904263026,101.44043468936,,rapidbus_kl,3609
1001373,KEDAI YAMAHA,3.1279722526513,101.44027659633,,rapidbus_kl,3610
1000292,BHP,3.1297151116215,101.44005031291,,rapidbus_kl,3611
1001936,MASJID MERU,3.1348299672687,101.43935227522,,rapidbus_kl,3612
1003318,SK SG BINJAI,3.137518097912,101.43892723284,,rapidbus_kl,3613
1003122,SMK MERU (OPP),3.1387214810681,101.43885087517,,rapidbus_kl,3614
1004035,TMN PUTRA,3.141321303192,101.43856306439,,rapidbus_kl,3615
1000398,BT 7 1/2~KLINIK ANUR,3.1511127497012,101.43718315581,,rapidbus_kl,3616
1003982,TMN ISKANDAR/SURAU,3.1610775262436,101.43582129823,,rapidbus_kl,3617
1003103,SEK AGAMA,3.1670299972394,101.4351776951,,rapidbus_kl,3618
1001915,MASJID,3.1697549016181,101.4348917173,,rapidbus_kl,3619
1002319,PDG,3.1765238647042,101.43421311831,,rapidbus_kl,3620
1001250,KEDAI A/COND,3.1855683004868,101.43327977911,,rapidbus_kl,3621
1004056,TMN SRI JAYA/SURAU,3.1896234450483,101.43303287474,,rapidbus_kl,3622
1000257,BENGKEL KERETA BKT CHERAKAH,3.2010524260599,101.43788829305,,rapidbus_kl,3623
1000593,DUSUN,3.2148343734843,101.44185552726,,rapidbus_kl,3624
1003272,SA500 TTDI JAYAMAS 1,3.099764,101.557362,,rapidbus_kl,3625
1003334,SA501 TAMAN TTDI JAYA (UTARA),3.104289,101.558538,,rapidbus_kl,3626
1003555,SA519 SUNWAY KAYANGAN,3.126252,101.518945,,rapidbus_kl,3627
1001305,"SA531 KOLEJ JASMINE, UITM PUNCAK PERDANA (OPP)",3.131544,101.494232,,rapidbus_kl,3628
1000850,SA532 UITM PUNCAK PERDANA (BARAT),3.132841,101.491766,,rapidbus_kl,3629
1003705,SK PUNCAK PERDANA/CASA SURIA,3.141819,101.497592,,rapidbus_kl,3630
1003693,DEWAN BAIDURI MBSA SUNWAY ALAM SURIA,3.138292,101.499047,,rapidbus_kl,3631
1003694,VILLA SURIA,3.136684,101.498108,,rapidbus_kl,3632
1003706,SA541 SUNWAY KAYANGAN,3.126772,101.518996,,rapidbus_kl,3633
1003707,PERUMAHAN SUNWAY KAYANGAN,3.129206,101.518539,,rapidbus_kl,3634
1003074,PANGSAPURI SUNWAY SINAR,3.131085,101.514359,,rapidbus_kl,3635
1000908,SA512 TAMAN TTDI JAYA (UTARA),3.104206,101.558827,,rapidbus_kl,3636
1003273,SA513 TTDI JAYAMAS 1,3.099505,101.557621,,rapidbus_kl,3637
1002297,(M) KL2213 PASAR SENI (PLATFORM B5),3.142408,101.695313,,rapidbus_kl,3638
1002696,PJ580 BHP SUNWAY MENTARI,3.078422,101.613815,,rapidbus_kl,3639
1001613,SJ65 KOMPLEKS 3K,3.0694781431665,101.59336344858,,rapidbus_kl,3640
1003080,SJ686 SEGI COLLEGE,3.0612070930232,101.59310291449,,rapidbus_kl,3641
1003703,SJ66 SUMMIT USJ,3.0597607939315,101.59255011466,,rapidbus_kl,3642
1000982,SJ36 USJ 10 TAIPAN (BARAT),3.048475,101.582982,,rapidbus_kl,3643
1003236,SJ37 USJ 9 (BARAT),3.043187,101.582999,,rapidbus_kl,3644
1004187,SJ28 USJ 9 (SELATAN),3.039514,101.584697,,rapidbus_kl,3645
1004184,SJ629 TAMAN PERINDUSTRIAN USJ1,3.048568,101.605762,,rapidbus_kl,3646
1003291,SJ630 SJKC CHEE WEN (OPP),3.049619,101.602492,,rapidbus_kl,3647
1001938,SJ537 IPD SUBANG JAYA (OPP),3.045879,101.588305,,rapidbus_kl,3648
1006025,SJ546 LRT TAIPAN,3.0482,101.59038333333,,rapidbus_kl,3649
1006026,SJ692 BRT USJ 7,3.05345,101.5918,,rapidbus_kl,3650
1002508,SJ633 DA MEN MALL (OPP),3.058043,101.591806,,rapidbus_kl,3651
1003702,SJ634 SUMMIT USJ (OPP),3.059654,101.592127,,rapidbus_kl,3652
1002110,SJ695 FLAT SS13 (OPP),3.066269,101.592863,,rapidbus_kl,3653
1001758,SJ636 KOMPLEKS 3K (OPP),3.069686,101.592848,,rapidbus_kl,3654
1002624,PJ178 BRT MENTARI,3.076421,101.610095,,rapidbus_kl,3655
1008663,PJ179 SUNWAY MENTARI (BARAT),3.076606,101.611625,,rapidbus_kl,3656
1008664,PJ180 SUNWAY MENTARI (TIMUR),3.076579,101.613017,,rapidbus_kl,3657
1002065,(M) PJ560 ICON CITY,3.084379,101.614769,,rapidbus_kl,3658
1002922,SJ29 USJ 9 (SELATAN),3.039213,101.585062,,rapidbus_kl,3659
1003586,SJ30 ARCADIA APARTMENT (OPP),3.039745,101.577517,,rapidbus_kl,3660
1007719,SJ33 SMK USJ 12,3.043436,101.575196,,rapidbus_kl,3661
1002953,SJ34 USJ 11 (USJ 4/9),3.0470956032656,101.57615271307,,rapidbus_kl,3662
1004186,SJ40 USJ 5 (UTARA),3.056622,101.577414,,rapidbus_kl,3663
1002885,SJ41 PERUMAHAN USJ 3,3.0595845142612,101.57946916498,,rapidbus_kl,3664
1000787,(M) SJ45 PANGSAPURI SS19,3.067757044987,101.58007828518,,rapidbus_kl,3665
1002512,SJ51 BALAI BOMBA SS17 (SELATAN),3.0734869221947,101.58391769032,,rapidbus_kl,3666
1006525,SJ52 LRT SS15,3.076001,101.585977,,rapidbus_kl,3667
1002947,SJ698 FIRST SUBANG,3.079366,101.585067,,rapidbus_kl,3668
1003696,SJ59 SUBANG PARADE,3.081309,101.585004,,rapidbus_kl,3669
1000846,SJ697 INTI SUBANG JAYA (OPP),3.072972,101.592328,,rapidbus_kl,3670
1000617,SJ53 LRT SS15,3.076573,101.586316,,rapidbus_kl,3671
1003086,SJ592 BALAI BOMBA SS17 (OPP),3.072939,101.584061,,rapidbus_kl,3672
1003666,SJ17 SS18,3.066983,101.580314,,rapidbus_kl,3673
1003587,SJ18 USJ 2,3.059481,101.579814,,rapidbus_kl,3674
1003780,SJ20 USJ 5 (SELATAN),3.053656,101.576694,,rapidbus_kl,3675
1001503,SJ25 USJ 11 PARK,3.0473865543074,101.57655345233,,rapidbus_kl,3676
1007718,SJ26 SMK USJ 12 (OPP),3.043682,101.575685,,rapidbus_kl,3677
1000159,SJ27 ARCADIA APARTMENT,3.039971,101.577693,,rapidbus_kl,3678
1004344,(M) KL2212 PASAR SENI (PLATFORM D1 - D6),3.141834,101.695246,,rapidbus_kl,3679
1008324,(M) PJ610 LRT ARA DAMANSARA (OPP),3.107109,101.585532,,rapidbus_kl,3680
1003068,PJ608 DATARAN PHB,3.108999,101.582599,,rapidbus_kl,3681
1006589,SA908 OASIS ARA DAMANSARA (SELATAN),3.112881,101.571694,,rapidbus_kl,3682
1006523,SA906 BULATAN SUBANG AIRPORT,3.116964,101.563837,,rapidbus_kl,3683
1000104,SA899 AEROTREE,3.1243614699695,101.55938979012,,rapidbus_kl,3684
1003889,SA901 SUBANG SKYPARK,3.1311661554082,101.55533657899,,rapidbus_kl,3685
1007346,SA921 KG BARU SUBANG (SELATAN),3.138994,101.552405,,rapidbus_kl,3686
1002726,SA604 U5 (SELATAN),3.140191,101.546844,,rapidbus_kl,3687
1001421,SA603 U5 (BARAT),3.146088,101.543611,,rapidbus_kl,3688
1003697,SA654 KOMERSIAL SUBANG PERDANA,3.149544,101.543415,,rapidbus_kl,3689
1002047,SA655 PEKAN BARU SUBANG,3.145205,101.538202,,rapidbus_kl,3690
1002383,SA656 KG MELAYU SUBANG (SELATAN),3.144174,101.536324,,rapidbus_kl,3691
1006785,SJKC SUBANG,3.142784,101.534938,,rapidbus_kl,3692
1002025,SA661 KG MELAYU SUBANG (BARAT),3.148488,101.530508,,rapidbus_kl,3693
1001446,SA663 TAMAN SUBANG BARU,3.1525132249343,101.52914756618,,rapidbus_kl,3694
1004134,SA777 KG MELAYU SUBANG (UTARA),3.160127208192,101.53254664638,,rapidbus_kl,3695
1002581,SA690 APARTMENT JASMINE BLOK 4,3.163214,101.535467,,rapidbus_kl,3696
1008651,SA891 APARTMENT JASMIN (OPP),3.165103,101.534858,,rapidbus_kl,3697
1000062,SA691 KOMERSIAL PUTERI SUBANG,3.167557,101.533989,,rapidbus_kl,3698
1004068,SA694 PERUMAHAN SUBANG GALAKSI,3.169365,101.534011,,rapidbus_kl,3699
1003175,SA718 TAMAN SUBANG PELANGI (UTARA),3.174006,101.531931,,rapidbus_kl,3700
1002120,SA703 KOMERSIAL SUBANG U5,3.178706,101.535787,,rapidbus_kl,3701
1003699,SA721 APARTMENT SUBANG SURIA,3.184248,101.535235,,rapidbus_kl,3702
1002185,SA707 PANGSAPURI UTARID,3.182572,101.535168,,rapidbus_kl,3703
1002121,SA698 KOMERSIAL SUBANG U5,3.1786948145849,101.5359274709,,rapidbus_kl,3704
1002783,SA699 HAB BAS U5,3.177228,101.536335,,rapidbus_kl,3705
1002075,SA704 MUTIARA SUBANG,3.183078,101.535779,,rapidbus_kl,3706
1003176,SA723 TAMAN SUBANG PELANGI,3.174251,101.532089,,rapidbus_kl,3707
1004069,SA686 PANGSAPURI SRI PELANGI,3.1690848350424,101.53428487918,,rapidbus_kl,3708
1001522,SA687 TAMAN PUTERI SUBANG,3.167513,101.534259,,rapidbus_kl,3709
1008650,SA688 APARTMENT JASMIN,3.165047,101.535131,,rapidbus_kl,3710
1002582,SA689 KOMERSIAL PINGGIRAN SUBANG,3.1625527984051,101.536002893,,rapidbus_kl,3711
1004133,SA749 KG MELAYU SUBANG (UTARA),3.159753,101.532064,,rapidbus_kl,3712
1001447,SA664 TAMAN SUBANG BARU,3.152921,101.529267,,rapidbus_kl,3713
1001733,SA667 KG MELAYU SUBANG (BARAT),3.148669,101.530516,,rapidbus_kl,3714
1002382,SA668 KG MELAYU SUBANG (SELATAN),3.144093,101.535883,,rapidbus_kl,3715
1002046,SA669 PEKAN BARU SUBANG,3.1454106605383,101.53798409554,,rapidbus_kl,3716
1003698,SA672 KOMERSIAL SUBANG PERDANA,3.149769,101.543583,,rapidbus_kl,3717
1008652,SA673 U5 (BARAT),3.145268,101.544585,,rapidbus_kl,3718
1002727,SA674 U5 (SELATAN),3.140041,101.547028,,rapidbus_kl,3719
1007347,SA922 KG BARU SUBANG (SELATAN),3.138181,101.552859,,rapidbus_kl,3720
1008269,SA904 SUBANG SKYPARK TERMINAL (OPP),3.133476,101.554369,,rapidbus_kl,3721
1003890,SA902 MALAYSIAN AIRLINE BERHAD,3.130825,101.555973,,rapidbus_kl,3722
1000105,SA900 AEROTREE (OPP),3.124724,101.559552,,rapidbus_kl,3723
1002473,SA905 PETRONAS SUBANG AIRPORT,3.1170923091616,101.56452590626,,rapidbus_kl,3724
1000157,SA907 OASIS ARA DAMANSARA (SELATAN),3.1139231503313,101.56986615583,,rapidbus_kl,3725
1003767,PJ607 OASIS RIO DAMANSARA/SYMPHONY,3.1093621466462,101.58280923832,,rapidbus_kl,3726
1006588,PJ609 LRT ARA DAMANSARA,3.107592,101.58608,,rapidbus_kl,3727
1001907,PJ283 MASJID TUN ABDUL AZIZ,3.111807,101.633184,,rapidbus_kl,3728
1000419,PJ286 THE CREST (OPP),3.110708,101.630782,,rapidbus_kl,3729
1002881,PJ287 PERUMAHAN SEKSYEN 20 (TIMUR),3.110484,101.628414,,rapidbus_kl,3730
1002950,PJ288 PERUMAHAN SEKSYEN 20 (BARAT),3.109329,101.625887,,rapidbus_kl,3731
1006254,PJ346 PERUMAHAN SS2,3.117175,101.620643,,rapidbus_kl,3732
1002113,PJ67 OCBC,3.1330018226012,101.62049666244,,rapidbus_kl,3733
1004277,PJ134 LAVELL GALLERY,3.135062,101.620776,,rapidbus_kl,3734
1001837,PJ724 DAMANSARA UPTOWN (UTARA),3.137274,101.620646,,rapidbus_kl,3735
1000297,(M) PJ208 BHP DAMANSARA UTAMA,3.1381528557811,101.62287967808,,rapidbus_kl,3736
1002389,PJ383 PELANGI ASTANA,3.153593,101.603289,,rapidbus_kl,3737
1003240,PJ384 SHELL SUNWAY DAMANSARA,3.149862,101.600192,,rapidbus_kl,3738
1007091,PJ387 MRT SURIAN,3.149407,101.593449,,rapidbus_kl,3739
1000462,PJ388 CASA INDAH,3.149751,101.586405,,rapidbus_kl,3740
1007070,PJ395 MRT KOTA DAMANSARA,3.15011,101.578551,,rapidbus_kl,3741
1001047,PJ354 GUGUSAN SEROJA,3.153494,101.577674,,rapidbus_kl,3742
1000789,PJ102 PANGSAPURI TERATAI,3.155115,101.577404,,rapidbus_kl,3743
1000700,PJ103 PANGSAPURI TANJUNG,3.155381,101.575613,,rapidbus_kl,3744
1000254,PJ104 PANGSAPURI CEMPAKA 6,3.156663,101.574355,,rapidbus_kl,3745
1002759,PJ105 PANGSAPURI CEMPAKA 1,3.158097,101.574211,,rapidbus_kl,3746
1007063,SMK SEKSYEN 10 KD (OPP),3.169991,101.578117,,rapidbus_kl,3747
1002299,PJ70 KOMERSIAL NURI 7A,3.172511,101.576523,,rapidbus_kl,3748
1001277,PJ71 PANGSAPURI KASIA (OPP),3.170344,101.575523,,rapidbus_kl,3749
1003314,PJ72 SK SEKSYEN 7 KD (OPP),3.169023,101.575702,,rapidbus_kl,3750
1003986,PJ73 PERUMAHAN SEKSYEN 7,3.167498,101.577208,,rapidbus_kl,3751
1004308,PJ801 KASTURI IDAMAN,3.176993,101.577412,,rapidbus_kl,3752
1003156,PJ63 PPR KOTA DAMANSARA,3.176733,101.577334,,rapidbus_kl,3753
1004026,PJ792 KOMERSIAL SEKSYEN 6 (TIMUR),3.161077,101.581512,,rapidbus_kl,3754
1000213,PJ97 BALAI POLIS TRAFIK KOTA DAMANSARA,3.159387,101.575426,,rapidbus_kl,3755
1002760,PJ98 PANGSAPURI CEMPAKA 1 (OPP),3.157974,101.574307,,rapidbus_kl,3756
1000699,PJ99 PANGSAPURI CEMPAKA 6 (OPP),3.1568518995607,101.57438028215,,rapidbus_kl,3757
1000788,PJ100 SK SEKSYEN 6 KD,3.155491,101.575597,,rapidbus_kl,3758
1000790,PJ101 PANGSAPURI TERATAI (OPP),3.155216,101.577493,,rapidbus_kl,3759
1000892,PJ659 GUGUSAN SEROJA,3.154181,101.577979,,rapidbus_kl,3760
1006281,PJ660 KOMERSIAL SEPAH PUTERI,3.156235,101.583059,,rapidbus_kl,3761
1007309,PJ92 PANGSAPURI SIANTAN (OPP),3.156251,101.584793,,rapidbus_kl,3762
1008655,PJ790 SRA SEKSYEN 5,3.160781,101.587662,,rapidbus_kl,3763
1001932,PJ665 MASJID KOTA DAMANSARA,3.161602,101.586886,,rapidbus_kl,3764
1000112,PJ89 PANGSAPURI CARLINA,3.158282,101.587221,,rapidbus_kl,3765
1000146,PJ91 PANGSAPURI SIANTAN,3.156103,101.585074,,rapidbus_kl,3766
1001194,PJ666 KOMERSIAL SEPAH PUTERI,3.156067,101.583167,,rapidbus_kl,3767
1000752,PJ355 GUGUSAN SEMARAK 4,3.153917,101.580029,,rapidbus_kl,3768
1000724,PJ360 GUGUSAN MAWAR,3.151152,101.578658,,rapidbus_kl,3769
1000891,PJ668 GUGUSAN MATAHARI,3.150611,101.580394,,rapidbus_kl,3770
1000463,PJ366 APARTMENT D'SHIRE VILLA,3.150244,101.583845,,rapidbus_kl,3771
1007078,PJ368 MRT SURIAN,3.149946,101.593092,,rapidbus_kl,3772
1002235,PJ369 PALM SPRING,3.1496319890538,101.59890295224,,rapidbus_kl,3773
1002388,(M) PJ370 PELANGI ASTANA (OPP),3.154399,101.603414,,rapidbus_kl,3774
1000991,PJ534 IKEA,3.1553025701426,101.61235366507,,rapidbus_kl,3775
1003194,PJ628 EMPIRE CITY,3.165622,101.615167,,rapidbus_kl,3776
1000249,PJ629 BANDAR UTAMA (OPP),3.149985,101.617426,,rapidbus_kl,3777
1007127,PJ722 SMK DAMANSARA UTAMA,3.137431,101.624474,,rapidbus_kl,3778
1001064,PJ630 JEJANTAS DAMANSARA UTAMA,3.135094,101.624479,,rapidbus_kl,3779
1000232,PJ208 KOMERSIAL SS 21/56B,3.137923,101.622136,,rapidbus_kl,3780
1004278,PJ142 KOMERSIAL SS 21/1A,3.135276,101.621019,,rapidbus_kl,3781
1000371,PJ710 BOMBA SS2,3.12595,101.623107,,rapidbus_kl,3782
1003336,PJ298 KOMERSIAL SEKSYEN 20 (BARAT),3.109585,101.626109,,rapidbus_kl,3783
1001195,PJ299 KOMERSIAL SEKSYEN 20 (TIMUR),3.110812,101.628767,,rapidbus_kl,3784
1000518,PJ300 THE CREST,3.110499,101.631737,,rapidbus_kl,3785
1004135,PJ301 DATARAN 32,3.111774,101.632859,,rapidbus_kl,3786
1004340,(M) PASAR SENI (PLATFORM A6),3.1432,101.6956,,rapidbus_kl,3787
1001539,KL1427 KTM PANTAI DALAM (SELATAN),3.094092,101.669557,,rapidbus_kl,3788
1002301,KL1428 KG PANTAI DALAM,3.0903847466841,101.66955226582,,rapidbus_kl,3789
1003039,KL1429 GASING INDAH (TIMUR),3.087277,101.666279,,rapidbus_kl,3790
1000582,KL1430 SURAU NUR FAIZZIN,3.087008,101.664886,,rapidbus_kl,3791
1002498,KL1431 GASING INDAH (BARAT),3.086907,101.663973,,rapidbus_kl,3792
1003809,PJ670 FLAT GASING INDAH,3.086365,101.662416,,rapidbus_kl,3793
1001082,PJ77 TAMAN GASING INDAH,3.085772,101.660652,,rapidbus_kl,3794
1001081,PJ409 SEKSYEN 1A,3.086407,101.657494,,rapidbus_kl,3795
1003550,PJ653 BUKIT GASING (BARAT),3.087083,101.655164,,rapidbus_kl,3796
1003646,PJ475 SK PETALING JAYA,3.088661,101.652184,,rapidbus_kl,3797
1001926,PJ476 MASJID SULTAN ABDUL AZIZ,3.091132,101.650668,,rapidbus_kl,3798
1003457,PJ477 CHURCH PJ,3.092105,101.648881,,rapidbus_kl,3799
1009134,PJ459 SELASIH COURT,3.089547,101.646593,,rapidbus_kl,3800
1009132,PJ470 UITM PJ,3.086965,101.651966,,rapidbus_kl,3801
1009133,PJ687 BUKIT GASING (BARAT),3.087266,101.655112,,rapidbus_kl,3802
1001080,PJ410 SEKSYEN 1A,3.086539,101.657477,,rapidbus_kl,3803
1001083,PJ669 TAMAN GASING INDAH,3.086087,101.659741,,rapidbus_kl,3804
1003810,PJ33 FLAT GASING INDAH (OPP),3.086441,101.662003,,rapidbus_kl,3805
1002497,KL1432 GASING INDAH (BARAT),3.086921,101.663635,,rapidbus_kl,3806
1000581,KL1433 SURAU NUR FAIZZIN (OPP),3.087158,101.664726,,rapidbus_kl,3807
1003014,KL1434 GASING INDAH (TIMUR),3.087628,101.666903,,rapidbus_kl,3808
1002300,KL1435 KG PANTAI DALAM,3.0902041819077,101.66940543305,,rapidbus_kl,3809
1001538,KL1436 KTM PANTAI DALAM (SELATAN),3.0940226640488,101.66939499241,,rapidbus_kl,3810
1001096,KL111 CENTRAL MARKET,3.144573,101.695534,,rapidbus_kl,3811
1002595,PJ634 POS MALAYSIA,3.1011573713852,101.59766835737,,rapidbus_kl,3812
1001436,SJ553 USJ 7 (SELATAN),3.067665,101.615318,,rapidbus_kl,3813
1004119,SJ559 SUNWAY COURT (OPP),3.070607,101.615779,,rapidbus_kl,3814
1000460,SJ560 PERINDUSTRIAN PJS 7,3.072809,101.615806,,rapidbus_kl,3815
1006266,PJ171 SUNWAY MENTARI (TIMUR),3.076414,101.612759,,rapidbus_kl,3816
1008640,PJ172 SUNWAY MENTARI (BARAT),3.076414,101.611584,,rapidbus_kl,3817
1006267,PJ177 BRT MENTARI,3.076086,101.610318,,rapidbus_kl,3818
1004221,PJ624 WESTERN DIGITAL,3.0911149549487,101.611083393,,rapidbus_kl,3819
1000311,KL1412 HAB PANTAI HILLPARK,3.1025691830965,101.66715103428,,rapidbus_kl,3820
1002252,KL2132 PANTAI HILLPARK (BARAT),3.1085908411426,101.66648304649,,rapidbus_kl,3821
1000220,BANGKOK BANK 2,3.1456144709275,101.69708873125,,rapidbus_kl,3822
1008294,KL109 CENTRAL MARKET (OPP),3.144052,101.695432,,rapidbus_kl,3823
1004345,(M) KL110 PASAR SENI (PLATFORM F1 - F2),3.1429,101.694761,,rapidbus_kl,3824
1002608,KL2130 PPR KERINCHI,3.108217,101.668853,,rapidbus_kl,3825
1000831,KL2131 PANTAI HILLPARK,3.108328,101.666486,,rapidbus_kl,3826
1000608,KL1401 KOMERSIAL PANTAI HILLPARK,3.1069976014096,101.66618255321,,rapidbus_kl,3827
1002030,KL2148 MID VALLEY (SELATAN),3.1163426908255,101.67610827826,,rapidbus_kl,3828
1002921,KL1914 LUCKY GARDEN,3.127174,101.673442,,rapidbus_kl,3829
1002215,KL1761 BANGSAR VILLAGE (SELATAN),3.128631,101.670213,,rapidbus_kl,3830
1000228,KL1128 BANGSAR VILLAGE (BARAT),3.129766,101.670235,,rapidbus_kl,3831
1002357,KL1132 BANGSAR TELAWI (SELATAN),3.131005,101.670385,,rapidbus_kl,3832
1002944,KL1130 BANGSAR TELAWI (TENGAH),3.132621,101.670447,,rapidbus_kl,3833
1003504,KL1129 BANGSAR TELAWI (UTARA),3.134449,101.670509,,rapidbus_kl,3834
1008142,KL1125 BANGSAR BARU (UTARA),3.136098,101.672078,,rapidbus_kl,3835
1003371,KL1147 SMK BUKIT BANDARAYA,3.1423464464086,101.67167015656,,rapidbus_kl,3836
1000225,(M) KL1139 BANGSAR SHOPPING CENTER (OPP),3.143064,101.668125,,rapidbus_kl,3837
1002901,KL1908 TAMAN BUKIT PERSEKUTUAN,3.136686,101.674128,,rapidbus_kl,3838
1002886,KL1909 SPG LORONG LIMAU MANIS,3.1356095197175,101.67409697447,,rapidbus_kl,3839
1002883,KL1904 SPG LORONG MAAROF 4,3.1338672675405,101.67406068293,,rapidbus_kl,3840
1002964,KL1911 SPG LORONG MAAROF 2,3.1330625677242,101.67400864478,,rapidbus_kl,3841
1000061,KL1912 SPG LORONG MAAROF 2,3.1315362082785,101.6739672148,,rapidbus_kl,3842
1000534,KL1157 FLAT SRI PAHANG,3.129604,101.674649,,rapidbus_kl,3843
1008686,RUMAH NO 18,3.095148,101.610208,,rapidbus_kl,3844
1008687,PJ209 PERUMAHAN SS 3,3.092885,101.607267,,rapidbus_kl,3845
1001341,PJ325 KEDAI HARDWARE,3.086796,101.622337,,rapidbus_kl,3846
1008688,MAZ INTERNATIONAL SCHOOL,3.104496,101.625818,,rapidbus_kl,3847
1008689,KOMERSIAL SS2 (VISION SPACE),3.119028,101.623668,,rapidbus_kl,3848
1006723,PANGSAPURI PAHLAWAN,3.060106,101.757615,,rapidbus_kl,3849
1006724,APARTMENT WAJA,3.057335,101.757667,,rapidbus_kl,3850
1007180,PETRONAS BTHO 2 (OPP),3.054613,101.757834,,rapidbus_kl,3851
1008003,SMK BTHO 2 (OPP),3.053884,101.755724,,rapidbus_kl,3852
1007181,SK BTHO 2 (OPP),3.052596,101.755077,,rapidbus_kl,3853
1007182,PERUMAHAN SUADAMAI,3.049777,101.754912,,rapidbus_kl,3854
1007183,KJ332 PANGSAPURI SUAKASIH (OPP),3.037933,101.758468,,rapidbus_kl,3855
1003022,TAMAN CHERAS PERDANA FASA 6,3.0391103631811,101.76329157858,,rapidbus_kl,3856
1003590,TAMAN CHERAS PERDANA FASA 5,3.041968,101.765046,,rapidbus_kl,3857
1003374,SMK CHERAS PERDANA,3.044012,101.766291,,rapidbus_kl,3858
1002212,TAMAN CHERAS PERDANA FASA 4,3.046373,101.767875,,rapidbus_kl,3859
1002468,PETRONAS CHERAS PERDANA,3.047227,101.76835,,rapidbus_kl,3860
1003007,TAMAN MEGAH 2,3.049878,101.769909,,rapidbus_kl,3861
1003180,APARTMENT NETIZEN (OPP),3.0498368588427,101.77212185602,,rapidbus_kl,3862
1008435,SJ471 HOSPITAL COLUMBIA PUCHONG,3.023088,101.622295,,rapidbus_kl,3863
1001545,AJ327 STOR MPAJ,3.132742,101.761534,,rapidbus_kl,3864
12000418,Setia Triangle,5.30294,100.26187,,rapidbus_penang,3865
12000427,Tingkat Kenari,5.31454,100.266,,rapidbus_penang,3866
12000512,Surau Gertak Sanggul,5.2823,100.1942,,rapidbus_penang,3867
12000513,Klinik Desa,5.28238,100.1976,,rapidbus_penang,3868
12000616,Masjid Makbul Teluk Kumbar,5.29419,100.22805,,rapidbus_penang,3869
12000847,KFC Jalan Mahsuri,5.32686,100.28667,,rapidbus_penang,3870
12000885,Sunshine Square,5.325499,100.2875,,rapidbus_penang,3871
12001442,Terminal Bas Ekpress Sg Nibong,5.3429400000000005,100.30106,,rapidbus_penang,3872
12001847,Kompleks Bukit Jambul,5.332703,100.29074,,rapidbus_penang,3873
12002205,Klinik Rakyat,5.348064900000001,100.3037163,,rapidbus_penang,3874
12001425,B Braun,5.3083800000000005,100.28226,,rapidbus_penang,3875
12001815,Fortune Court,5.3978,100.28845,,rapidbus_penang,3876
12001973,Lebuhraya Thean Teik,5.38875,100.27956,,rapidbus_penang,3877
12000213,Mar Vista,5.4707300000000005,100.27724,,rapidbus_penang,3878
12000232,Moon Light Cafe,5.47812,100.26286,,rapidbus_penang,3879
12000833,Hospital Loh Guan Lye,5.41912,100.3182,,rapidbus_penang,3880
12001060,Komtar Utara,5.41513,100.32899,,rapidbus_penang,3881
12001662,Chinese Swimming Club,5.46285,100.30404,,rapidbus_penang,3882
12001671,Harmony Residence,5.46546,100.28178,,rapidbus_penang,3883
12001677,Tsunami Village,5.4662,100.27991,,rapidbus_penang,3884
12001832,Wisma MCA,5.41841,100.32954,,rapidbus_penang,3885
12002230,Feringghi Villa,5.46537604,100.24112262,,rapidbus_penang,3886
12002976,Hotel Angsana,5.4621399,100.220251,,rapidbus_penang,3887
12000753,Kampung Telok Manan,5.57533,100.36786,,rapidbus_penang,3888
12001716,Kuarters TUDM,5.45966,100.3832,,rapidbus_penang,3889
12001731,Masjid Jamek Teluk Air Tawar,5.4882,100.3838,,rapidbus_penang,3890
12002544,SK Bagan Jermal,5.431374,100.378297,,rapidbus_penang,3891
12002637,Hub Kuala Muda,5.5692459,100.3484233,,rapidbus_penang,3892
12000746,Padang SK Pulau Mertajam,5.57072,100.36244,,rapidbus_penang,3893
12000748,SK Pulau Mertajam,5.57275,100.36416,,rapidbus_penang,3894
12001110,Masjid Bakar Kapor,5.53999,100.37881,,rapidbus_penang,3895
12001111,Bakar Kapor,5.544969999999999,100.37819,,rapidbus_penang,3896
12001113,Pasir Gebu,5.54724,100.37779,,rapidbus_penang,3897
12001714,Padang Golf TUDM,5.45589,100.38345,,rapidbus_penang,3898
12001715,Kuarters TUDM,5.45942,100.38332,,rapidbus_penang,3899
12001728,SK Telok Air Tawar,5.48427,100.38366,,rapidbus_penang,3900
12001730,Klinik Desa Teluk Air Tawar,5.48784,100.38381,,rapidbus_penang,3901
12002549,Maybank Butterworth,5.3977580000000005,100.367789,,rapidbus_penang,3902
12000063,BHP Kampung Baru,5.40468,100.29051,,rapidbus_penang,3903
12000968,SK Padang Tembak,5.41019,100.29205,,rapidbus_penang,3904
12001376,Jalan Sempadan,5.40766,100.28867,,rapidbus_penang,3905
12000460,Penjara P.Pinang(Hospital),5.41364,100.31312,,rapidbus_penang,3906
12001508,Pusat Perniagaan Desa Murni,5.4371,100.43021,,rapidbus_penang,3907
12001547,Masjid Nyior Sebatang,5.46042,100.44818,,rapidbus_penang,3908
12002361,Taman Pasir Indah,5.429739,100.432323,,rapidbus_penang,3909
12002364,Pejabat Pos Penanti,5.405272,100.463646,,rapidbus_penang,3910
12000251,Hospital Kepala Batas,5.51273,100.43768,,rapidbus_penang,3911
12001851,Taman Perda Indah,5.510836,100.50481,,rapidbus_penang,3912
12001855,Kiosk Bertam,5.5181,100.44867,,rapidbus_penang,3913
12001856,Kayangan,5.51812,100.45221,,rapidbus_penang,3914
12001858,Masjid Kubang Menerong,5.51857,100.50645,,rapidbus_penang,3915
12001863,MRSM Kepala Batas,5.519430000000001,100.47277,,rapidbus_penang,3916
12001872,Taman Sri Menderung,5.51461,100.50602,,rapidbus_penang,3917
12002949,Bertam Putra 3,5.5181192,100.4811417,,rapidbus_penang,3918
12002950,Pusat Penjaja Bandar Putra Bertam,5.518487599999999,100.4811202,,rapidbus_penang,3919
12000059,Pejabat Pos Ayer Itam,5.4041,100.28008,,rapidbus_penang,3920
12000151,Kek Lok Si Temple,5.40238,100.27728,,rapidbus_penang,3921
12001066,Hotel Cititel,5.42143,100.3337,,rapidbus_penang,3922
12002243,Anggerik Villa,5.368602,100.3084,,rapidbus_penang,3923
12002245,Jalan Delima 6,5.383780000000001,100.3046,,rapidbus_penang,3924
12001215,Sunway Wellesley,5.368530000000001,100.45774,,rapidbus_penang,3925
12001216,Pusat Perniagaan Permatang Rawa,5.36862,100.44489,,rapidbus_penang,3926
12001176,Pangsapuri Seri Pauh,5.36905,100.42337,,rapidbus_penang,3927
12001185,Masjid Permatang Janggus,5.40102,100.41706,,rapidbus_penang,3928
12001192,Shell Mak Mandin,5.41427,100.38765,,rapidbus_penang,3929
12002604,Kompleks Fareeda,5.405966200000001,100.4151894,,rapidbus_penang,3930
12000391,Taman Limbungan Chain Ferry,5.40078,100.37832,,rapidbus_penang,3931
12000392,Pusat Perniagaan Chain Ferry I,5.40128,100.37952,,rapidbus_penang,3932
12001879,Hospital Seberang Jaya II,5.3931,100.4062,,rapidbus_penang,3933
12001881,Hospital Seberang Jaya,5.39454,100.40633,,rapidbus_penang,3934
12001996,Pangsapuri RPKN,5.395011,100.40444,,rapidbus_penang,3935
12002533,Taman Usahaniaga,5.362278,100.465059,,rapidbus_penang,3936
12002534,Taman Machang Bubok III,5.342005,100.50447,,rapidbus_penang,3937
12000802,Cheruk Tokun,5.34746,100.4846,,rapidbus_penang,3938
12000840,SK Machang Bubok II,5.32764,100.50294,,rapidbus_penang,3939
12002540,Sentosa Residence,5.353794000000001,100.4714,,rapidbus_penang,3940
12002542,SJK(C) Jit Sin,5.363758,100.462845,,rapidbus_penang,3941
12000127,Peladang Sg.Petani,5.6192400000000005,100.47349,,rapidbus_penang,3942
12000133,DSOP Sungai Petani,5.63231,100.48248,,rapidbus_penang,3943
12001291,(M2) Terminal Jalan Petri,5.63977,100.48807,,rapidbus_penang,3944
12000276,Masjid Lama Sungai Bakap,5.221830000000001,100.49725,,rapidbus_penang,3945
12000327,Taman Sukun Indah,5.31311,100.46412,,rapidbus_penang,3946
12000336,Taman Pulasan Bukit Minyak,5.32445,100.44852,,rapidbus_penang,3947
12000887,Sunshine Square,5.3255300000000005,100.28769,,rapidbus_penang,3948
12001420,Sungai Tiram,5.30216,100.2761,,rapidbus_penang,3949
12001424,Kilang Clarion,5.30821,100.28236,,rapidbus_penang,3950
12000064,Maybank Air Itam,5.40482,100.28427,,rapidbus_penang,3951
12000403,Jalan Damai,5.33871,100.47378,,rapidbus_penang,3952
12001272,SRJK Permatang Tinggi,5.29968,100.47754,,rapidbus_penang,3953
12001370,Taman Nirwana,5.32784,100.48575,,rapidbus_penang,3954
12001681,Muda Paper II,5.28447,100.51924,,rapidbus_penang,3955
12002579,Bandar Tasek Mutiara,5.283273,100.49255,,rapidbus_penang,3956
12002581,Taman Seri Impian,5.320972,100.480637,,rapidbus_penang,3957
12002583,Kilang Ayamas,5.325512000000001,100.485898,,rapidbus_penang,3958
12000056,SM Persendirian Jit Sin,5.36339,100.4632,,rapidbus_penang,3959
12000799,Taman Jaya,5.35426,100.47074,,rapidbus_penang,3960
12002593,Masjid Jamek Alma Jaya,5.322132,100.478377,,rapidbus_penang,3961
12002599,Kampung Tasek Junjung,5.297051000000001,100.52891,,rapidbus_penang,3962
12000340,Balai Polis,5.33627,100.50874,,rapidbus_penang,3963
12000789,Kampung Janggus,5.3438300000000005,100.496,,rapidbus_penang,3964
12000796,Taman Bukit Indah,5.3501,100.47958,,rapidbus_penang,3965
12001094,Pejabat MPSP,5.36985,100.43394,,rapidbus_penang,3966
12001184,Shell Permatang To' Kandu,5.39384,100.41791,,rapidbus_penang,3967
12000350,(M3) Kilang Leader Steel,5.340330000000001,100.43884,,rapidbus_penang,3968
12000351,Balai Polis Bukit Tengah,5.34661,100.43484,,rapidbus_penang,3969
12000355,Taman Indah,5.35732,100.42726,,rapidbus_penang,3970
12001264,SMK Simpang Empat,5.2792,100.47689,,rapidbus_penang,3971
12000177,(M2) Mydin Mall,5.36972,100.41517,,rapidbus_penang,3972
12000273,Balai Polis Sungai Bakap,5.21584,100.49724,,rapidbus_penang,3973
12000328,Taman Sukun Indah,5.31439,100.46295,,rapidbus_penang,3974
12000918,Super-Rider Motor Sdn Bhd,5.18075,100.48394,,rapidbus_penang,3975
12001263,SMK Simpang Empat,5.27778,100.47687,,rapidbus_penang,3976
12001482,Perkampungan Jawi,5.21173,100.49705,,rapidbus_penang,3977
12002338,RTC Jalan Simpang Empat,5.262094,100.472864,,rapidbus_penang,3978
12002348,Masjid Kampung Setol,5.372746,100.409622,,rapidbus_penang,3979
12000703,Masjid Permatang Kebun Sireh,5.36085,100.43733,,rapidbus_penang,3980
12000958,Taman Desa Damai,5.36532,100.44327,,rapidbus_penang,3981
12001453,Restoran Kampung Ku,5.366709999999999,100.31078,,rapidbus_penang,3982
12001498,SRJK Keong Hoe,5.34655,100.29575,,rapidbus_penang,3983
12002314,Mutiara Vista,5.398549,100.320515,,rapidbus_penang,3984
12000296,(M3) Hotel Vistana,5.33655,100.2913,,rapidbus_penang,3985
12002214,Hub Padang Kawad,5.3560444,100.29454040000002,,rapidbus_penang,3986
12003018,Desasiswa Indah Kembara,5.355855,100.29519,,rapidbus_penang,3987
12003019,Jabatan Keselamatan,5.355061,100.297966,,rapidbus_penang,3988
12003024,Dewan Budaya,5.356643,100.30398,,rapidbus_penang,3989
12003026,Desasiswa Harapan,5.354758,100.3004,,rapidbus_penang,3990
12000267,Jalan Besar,5.13523,100.46947,,rapidbus_penang,3991
12002346,Bank Rakyat Perda,5.366926,100.435744,,rapidbus_penang,3992
12002347,Allagapas,5.36458,100.426927,,rapidbus_penang,3993
12001099,Permatang Batu,5.36439,100.43153,,rapidbus_penang,3994
12002015,Flat Boon Siew,5.45615,100.28251,,rapidbus_penang,3995
12000027,Dell,5.307167,100.29253,,rapidbus_penang,3996
12000030,Brady Technology,5.305717,100.29559,,rapidbus_penang,3997
12002049,Mini Circuits,5.294636,100.290985,,rapidbus_penang,3998
12002069,Jeti Pulau Jerejak,5.34301,100.31122,,rapidbus_penang,3999
12000013,Intel PG12,5.328467,100.30004,,rapidbus_penang,4000
12000874,Dynacraft Industries,5.305075,100.27721,,rapidbus_penang,4001
12000807,Pepper Estate,5.454606,100.29941,,rapidbus_penang,4002
12000812,Tenby School,5.458625,100.28201,,rapidbus_penang,4003
12001411,Menara KWSP,5.42341,100.3304,,rapidbus_penang,4004
12000195,YGGS World,5.29422,100.27915,,rapidbus_penang,4005
12000196,Pasar Batu Maung,5.29516,100.27979,,rapidbus_penang,4006
12000240,Pejabat Pos Batu Maung,5.285419999999999,100.28663,,rapidbus_penang,4007
12000311,Taman Bukit Gambir,5.37312,100.29845,,rapidbus_penang,4008
12000584,Masjid Jelutong,5.39272,100.31461,,rapidbus_penang,4009
12000610,Kampung Kolam,5.41606,100.33669,,rapidbus_penang,4010
12001805,Klinik Kesihatan,5.320778,100.27966,,rapidbus_penang,4011
12002304,Taman Sri Bayu,5.29714,100.2566,,rapidbus_penang,4012
12002312,SK Batu  Maung,5.2812222,100.2825437,,rapidbus_penang,4013
12000360,Chinese Recreation Club,5.42517,100.3191,,rapidbus_penang,4014
12000722,Flat Kelawei,5.4313,100.31533,,rapidbus_penang,4015
12000724,Pangsapuri Festival,5.43341,100.31219,,rapidbus_penang,4016
12001655,Masjid Karwa,5.45482,100.30678,,rapidbus_penang,4017
12001659,Flat UDA,5.46192,100.30644,,rapidbus_penang,4018
12001766,Teluk Bahang,5.45971,100.21782,,rapidbus_penang,4019
12003014,Masjid Terapung,5.4676422,100.2772938,,rapidbus_penang,4020
12000052,Wisma Persekutuan,5.419625,100.32334,,rapidbus_penang,4021
12000006,Pejabat Pos Macallum,5.40606,100.3319,,rapidbus_penang,4022
12001448,Jejantas Batu Uban,5.35418,100.30793,,rapidbus_penang,4023
12002316,Gedung Height IV,5.316179,100.282016,,rapidbus_penang,4024
12000897,Hong Seng Estate,5.440930000000001,100.30298,,rapidbus_penang,4025
12002028,Lorong Lembah Permai 3,5.45394,100.28836,,rapidbus_penang,4026
12001495,Klinik Kesihatan Sg Dua,5.34375,100.29753,,rapidbus_penang,4027
12001976,Desa Intan,5.392608,100.28696,,rapidbus_penang,4028
12002032,Evergreen Paper,5.41941,100.39243,,rapidbus_penang,4029
12000032,Petronas Tanah Liat,5.3755,100.46487,,rapidbus_penang,4030
12001554,Lubuk Meriam,5.47437,100.45741,,rapidbus_penang,4031
12002356,PPD Tengah Permatang Pasir,5.418114,100.437137,,rapidbus_penang,4032
12000776,Klinik Kesihatan Kubang Semang,5.397869999999999,100.46471,,rapidbus_penang,4033
12000778,SK Penanti,5.40285,100.46455,,rapidbus_penang,4034
12001169,Permatang Pasir,5.41999,100.43668,,rapidbus_penang,4035
12001172,Kampung Kota II,5.42361,100.43552,,rapidbus_penang,4036
12001438,SK Sungai Nibong,5.338830000000001,100.29911,,rapidbus_penang,4037
12002126,Lorong Nagasari23,5.36679,100.41381,,rapidbus_penang,4038
12002523,Taman Kota Permai II,5.339943,100.45622,,rapidbus_penang,4039
12002280,SK Kongsi,5.34657,100.2305,,rapidbus_penang,4040
12000640,Kampung Besar,5.48453,100.50382,,rapidbus_penang,4041
12001525,Hadapan Stesen Minyak Shell,5.44855,100.41399,,rapidbus_penang,4042
12001595,Pekan Maklom,5.45056,100.40128,,rapidbus_penang,4043
12002611,SMK Kampung Selamat,5.4991742,100.5205353,,rapidbus_penang,4044
12002612,Balai Bomba Kampung Selamat,5.5002047,100.5214741,,rapidbus_penang,4045
12002614,Taman Selesa,5.504220200000001,100.52572,,rapidbus_penang,4046
12002622,PUSAT PERNIAGAAN PADANG SERAI,5.5153426,100.5446671,,rapidbus_penang,4047
12002623,Klinik Kesihatan Padang Serai,5.510301999999999,100.5536579,,rapidbus_penang,4048
12000489,Pusat Komersial,5.48402,100.4897,,rapidbus_penang,4049
12000491,Petronas Tasek Gelugor,5.48454,100.48759,,rapidbus_penang,4050
12000501,Tali Air Pokok Macang,5.48854,100.47059,,rapidbus_penang,4051
12000503,Dewan Seri Pokok Macang,5.4888900000000005,100.46867,,rapidbus_penang,4052
12000648,Kampung Selamat III,5.48874,100.50533,,rapidbus_penang,4053
12001518,Taman Sungai Dua,5.44548,100.42498,,rapidbus_penang,4054
12001527,Petronas Sg.Lokan,5.44909,100.41186,,rapidbus_penang,4055
12001537,Alor Merah,5.45068,100.40347,,rapidbus_penang,4056
12001950,Renesas,5.311275,100.28414,,rapidbus_penang,4057
12001952,B. Braun,5.312558,100.28348,,rapidbus_penang,4058
12001967,UTIC Service,5.318922,100.29341,,rapidbus_penang,4059
12002043,B. Braun Medical,5.309883,100.28114,,rapidbus_penang,4060
12001951,Renesas,5.3113150000000005,100.28407,,rapidbus_penang,4061
12002274,Kuala Sg.Pinang 2,5.39091,100.19928,,rapidbus_penang,4062
12000376,Permatang Pak Elong,5.507999999999999,100.40022,,rapidbus_penang,4063
12000385,Taman Aman Putra,5.51751,100.42488,,rapidbus_penang,4064
12000998,Taman Paya Keladi,5.53379,100.43171,,rapidbus_penang,4065
12000154,Klinik Desa,5.337969999999999,100.20715,,rapidbus_penang,4066
12000160,Surau Sungai Burung,5.3461300000000005,100.20839,,rapidbus_penang,4067
12000176,Hadapan Balai Polis,5.36486,100.2158,,rapidbus_penang,4068
12000631,Hadapan Lrg Kpg Perlis 3,5.33141,100.20634,,rapidbus_penang,4069
12000651,Kg Pulau Betong,5.30359,100.1974,,rapidbus_penang,4070
12000653,Pekan Pulau Betong,5.30391,100.19952,,rapidbus_penang,4071
12000661,Balai Bomba Balik Pulau,5.32599,100.21291,,rapidbus_penang,4072
12001565,(M1) SMK Seri Balik Pulau,5.3343,100.21234,,rapidbus_penang,4073
12001566,Pejabat Daerah dan Tanah,5.35066,100.23408,,rapidbus_penang,4074
12001572,Taman Poket Jalan Chai,5.35418,100.22922,,rapidbus_penang,4075
12000762,Kuala Sg. Pinang,5.39048,100.19598,,rapidbus_penang,4076
12000977,Kem PLKN Sg.Pinang,5.39998,100.21115,,rapidbus_penang,4077
12000979,Jalan Haji Hamid Senawi,5.40042,100.20902,,rapidbus_penang,4078
12002631,TAMAN SELESA,5.5040867,100.52572,,rapidbus_penang,4079
12001209,Kompleks Fareeda,5.40604,100.41534,,rapidbus_penang,4080
12000963,Lorong Padang Tembak,5.40683,100.29616,,rapidbus_penang,4081
12001379,Flat Padang Tembak,5.41063,100.29005,,rapidbus_penang,4082
12000628,Lorong Kampung Melayu,5.40372,100.28837,,rapidbus_penang,4083
12003627,Hospital Pulau Pinang,5.417962999999999,100.310628,,rapidbus_penang,4084
12001085,Kem Wataniah 509,5.422586,100.31718,,rapidbus_penang,4085
12002082,Taman Gedung Heights II,5.317312,100.27995,,rapidbus_penang,4086
12001460,Taman Sri Tunas,5.320189,100.28914,,rapidbus_penang,4087
12002256,Pekan Bayan Lepas,5.294630000000001,100.25861,,rapidbus_penang,4088
12002616,Ideal Summer Skye Square,5.299314,100.266985,,rapidbus_penang,4089
12000810,Perumahan Kastam,5.37447,100.30129,,rapidbus_penang,4090
12002242,Dewan JKKK Bukit Gelugor,5.372677,100.3028,,rapidbus_penang,4091
12001342,Pusat Perniagaan Raja Uda,5.41782,100.38021,,rapidbus_penang,4092
12001344,Petron Bagan Lalang,5.42519,100.3827,,rapidbus_penang,4093
12001039,Madrasah Adiniah A-Islamiah,5.461915,100.4004,,rapidbus_penang,4094
12001041,Surau Permatang Tok Jaya,5.4675,100.40022,,rapidbus_penang,4095
12002382,Pekan Maklom II,5.452896,100.401896,,rapidbus_penang,4096
12000111,Taman Sentral,5.42532,100.39706,,rapidbus_penang,4097
12001979,All Season Place,5.39689,100.29035,,rapidbus_penang,4098
12002617,South Homes,5.307133,100.270918,,rapidbus_penang,4099
12000144,Taman Sri Genting,5.33832,100.22207,,rapidbus_penang,4100
12000147,Taman Seri Indah,5.343380000000001,100.22744,,rapidbus_penang,4101
12000731,Taman Kota Permai,5.34397,100.45679,,rapidbus_penang,4102
12002514,Taman Lembah Permai,5.349429,100.457412,,rapidbus_penang,4103
12000148,Taman Seri Indah,5.34345,100.22733,,rapidbus_penang,4104
12000242,Balai Polis,5.28793,100.2828,,rapidbus_penang,4105
12001131,Sekolah Memandu Damar Laut,5.27816,100.26537,,rapidbus_penang,4106
12001156,SJK(T) Bayan Lepas,5.29306,100.25668,,rapidbus_penang,4107
12000415,Klinik Kesihatan Bayan Lepas,5.299901,100.26219,,rapidbus_penang,4108
12000417,JPAM Bayan Lepas,5.301789,100.26192,,rapidbus_penang,4109
12000423,Pasar MBPP,5.306801,100.26429,,rapidbus_penang,4110
12000430,Kem Sungai Ara 2,5.317285,100.26814,,rapidbus_penang,4111
12000517,Kg. Nelayan Teluk Kumbar,5.2881,100.22796,,rapidbus_penang,4112
12000617,SK Seri Bayu,5.29434,100.23005,,rapidbus_penang,4113
12001447,JPJ Batu Uban,5.35184,100.30481,,rapidbus_penang,4114
12001776,Hotel Grand Lexis,5.28696,100.23383,,rapidbus_penang,4115
12001837,Setia Welcome Center,5.32963,100.27883,,rapidbus_penang,4116
12001840,SRJK Min Sin,5.331169,100.281425,,rapidbus_penang,4117
12001842,Bukit Jambul Golf Club,5.33199,100.28419,,rapidbus_penang,4118
12002063,Bay Garden,5.336976,100.308266,,rapidbus_penang,4119
12000048,Petronas Farlim,5.38858,100.28429,,rapidbus_penang,4120
12000067,Balai Polis Kampung Baru,5.40526,100.29424,,rapidbus_penang,4121
12000849,Jalan Mahsuri,5.32695,100.28878,,rapidbus_penang,4122
12000206,Hotel Hard Rock,5.466819999999999,100.242,,rapidbus_penang,4123
12000217,Night Market,5.473763,100.24805,,rapidbus_penang,4124
12000236,Sri Sayang,5.47896,100.25527,,rapidbus_penang,4125
12000361,Kolej MSU,5.426480000000001,100.31749,,rapidbus_penang,4126
12001083,Pangsapuri Sri Pinang,5.42086,100.31724,,rapidbus_penang,4127
12001084,Kem Wataniah 509,5.42258,100.31714,,rapidbus_penang,4128
12001670,Menara Asas,5.46545,100.28374,,rapidbus_penang,4129
12001919,Love Lane,5.41834,100.3364,,rapidbus_penang,4130
12002971,Pejabat Pos Besar P.Pinang 1,5.4180154,100.3436892,,rapidbus_penang,4131
12000739,Dewan Bakau Tua,5.567819999999999,100.35953,,rapidbus_penang,4132
12001056,Kampung Penaga Dua,5.521438,100.38201,,rapidbus_penang,4133
12001114,SMK Tok Labu,5.55056,100.3773,,rapidbus_penang,4134
12001711,SMK ST Mark,5.44981,100.38293,,rapidbus_penang,4135
12000092,SK Bagan Jermal,5.4318800000000005,100.37853,,rapidbus_penang,4136
12000756,Taman Desa Kuala Muda,5.56752,100.35681,,rapidbus_penang,4137
12000757,Dewan Bakau Tua,5.56786,100.35959,,rapidbus_penang,4138
12001057,Pekan Penaga,5.52467,100.38145,,rapidbus_penang,4139
12001124,Masjid Permatang Bendahari,5.57896,100.37469,,rapidbus_penang,4140
12001722,Kolej Vokasional Butterworth,5.47414,100.38322,,rapidbus_penang,4141
12001725,Taman Ratna,5.47749,100.38341,,rapidbus_penang,4142
12001732,Taman Air Tawar Indah 2,5.490819999999999,100.38428,,rapidbus_penang,4143
12002551,Tesco Bagan Ajam,5.439352,100.38134,,rapidbus_penang,4144
12000120,Taman Selat,5.40005,100.36809,,rapidbus_penang,4145
12000123,Pejabat Kesihatan SPU,5.40636,100.36949,,rapidbus_penang,4146
12000902,Simpang Lorong Murni 5,5.43602,100.43273,,rapidbus_penang,4147
12000075,SMK Sri Mutiara,5.41031,100.30745,,rapidbus_penang,4148
12000461,Pasaraya Gama,5.413819,100.3281,,rapidbus_penang,4149
12000966,PBA,5.40882,100.29327,,rapidbus_penang,4150
12001378,Flat Padang Tembak,5.41046,100.29009,,rapidbus_penang,4151
12001822,Wisma Yatim,5.40404,100.29161,,rapidbus_penang,4152
12001920,Love Lane,5.418401,100.33614,,rapidbus_penang,4153
12000455,Padang Brown,5.412893,100.317986,,rapidbus_penang,4154
12000459,Penang Times Square,5.41332,100.3262,,rapidbus_penang,4155
12001556,Taman Pokok Sena Indah,5.47935,100.4575,,rapidbus_penang,4156
12002363,Masjid Al Muhtadin,5.407346,100.453356,,rapidbus_penang,4157
12002365,Shell Kubang Semang,5.394344,100.464442,,rapidbus_penang,4158
12001852,Taman Perda Indah,5.5109,100.50464,,rapidbus_penang,4159
12001864,MRSM Kepala Batas,5.51963,100.47281,,rapidbus_penang,4160
12002089,Bertam Putra 1,5.517612000000001,100.486015,,rapidbus_penang,4161
12000635,Kampung Pisang,5.39829,100.28194,,rapidbus_penang,4162
12001323,Jalan Pisang Embun,5.39853,100.28353,,rapidbus_penang,4163
12000860,Shell Green Lane,5.3855900000000005,100.30514,,rapidbus_penang,4164
12000864,Persatuan Kanak-Kanak Sepastik,5.3891,100.30325,,rapidbus_penang,4165
12000991,Apartmen Taman Seri Petani,5.40585,100.32143,,rapidbus_penang,4166
12000993,Jalan Patani.,5.409741,100.32274,,rapidbus_penang,4167
12001456,Astaka Gelugor,5.37239,100.30944,,rapidbus_penang,4168
12001588,Penang Japanese School,5.40843,100.3176,,rapidbus_penang,4169
12002002,Pasar Batu Lanchang II,5.39051,100.30661,,rapidbus_penang,4170
12002222,Taman Free School,5.40456399,100.3086116,,rapidbus_penang,4171
12000019,Taman Tun Sardon,5.371651,100.30281,,rapidbus_penang,4172
12001214,Taman Bandar Ampang Jajar,5.41415,100.40546,,rapidbus_penang,4173
12001217,Permatang Rawa,5.36889,100.45274,,rapidbus_penang,4174
12001218,SMK Permatang Rawa,5.36891,100.44688,,rapidbus_penang,4175
12001219,Petronas Permatang Rawa,5.36903,100.4496,,rapidbus_penang,4176
12001092,Perda Timur,5.3695,100.441,,rapidbus_penang,4177
12001194,Taman Bagan,5.41458,100.38433,,rapidbus_penang,4178
12001199,Kampung Belah 2,5.3784,100.42046,,rapidbus_penang,4179
12001220,Caltex Permatang Rawa,5.3686,100.44541,,rapidbus_penang,4180
12003015,KTM Bukit Mertajam,5.368924,100.448113,,rapidbus_penang,4181
12000913,Taman Mewah,5.3985,100.37189,,rapidbus_penang,4182
12001878,Pangsapuri B3,5.390969999999999,100.40536,,rapidbus_penang,4183
12001953,Kastam Seberang Jaya,5.39465,100.4,,rapidbus_penang,4184
12000180,Padang Kilat,5.381530000000001,100.39312,,rapidbus_penang,4185
12000393,Pusat Perniagaan Chain Ferry II,5.40244,100.38308,,rapidbus_penang,4186
12000788,Taman Remia,5.34326,100.49753,,rapidbus_penang,4187
12000790,Kampung Janggus,5.34441,100.4942,,rapidbus_penang,4188
12002981,Terminal UTC Ukir Square,5.6402774,100.4905475,,rapidbus_penang,4189
12000126,Peladang Sg.Petani,5.61914,100.47372,,rapidbus_penang,4190
12000185,Masjid Jalan Baru,5.36774,100.41932,,rapidbus_penang,4191
12000275,Hospital Sungai Bakap,5.21959,100.49815,,rapidbus_penang,4192
12000329,Taman Markisah,5.31616,100.46169,,rapidbus_penang,4193
12000438,Public Bank,5.330747,100.27945,,rapidbus_penang,4194
12001016,Pangsapuri Green Garden,5.36604,100.27329,,rapidbus_penang,4195
12001433,Petronas Kampung Jawa,5.32956,100.29436,,rapidbus_penang,4196
12000068,CIMB Bank Ayer Itam,5.4053,100.28384,,rapidbus_penang,4197
12000041,Hub Jalan Air Puteh,5.28661,100.54287,,rapidbus_penang,4198
12000598,Taman Alma Perpaduan,5.34585,100.47166,,rapidbus_penang,4199
12001266,Kg. Baru Simpang Empat,5.28653,100.47731,,rapidbus_penang,4200
12001682,Muda Paper III,5.28453,100.51734,,rapidbus_penang,4201
12000046,SJKC Sin Ya,5.330019999999999,100.47829,,rapidbus_penang,4202
12000798,Taman Sentosa,5.35331,100.47288,,rapidbus_penang,4203
12001358,Taman Seri Impian,5.31124,100.47958,,rapidbus_penang,4204
12001362,AEON Pintu Utama,5.31962,100.47699,,rapidbus_penang,4205
12001684,Kampung Hj. Abdullah,5.2847,100.51559,,rapidbus_penang,4206
12002586,B Garden,5.346003,100.471931,,rapidbus_penang,4207
12002590,Pasar Awam Taman Selamat,5.327946,100.48588,,rapidbus_penang,4208
12000341,Chinese Temple,5.33916,100.5096,,rapidbus_penang,4209
12000787,Taman Remia,5.34314,100.49807,,rapidbus_penang,4210
12000805,Pangsapuri Taman Chai Leng,5.384123000000001,100.39255,,rapidbus_penang,4211
12001178,Politeknik Seberang Perai,5.37299,100.42214,,rapidbus_penang,4212
12000917,Balai Polis Lama Bukit Panchor,5.177230000000001,100.48228,,rapidbus_penang,4213
12001258,Taman Tangling,5.26822,100.476,,rapidbus_penang,4214
12001259,Taman Belibis,5.26949,100.47668,,rapidbus_penang,4215
12001483,Perkampungan Jawi,5.21248,100.49722,,rapidbus_penang,4216
12002326,Essex,5.304322,100.472292,,rapidbus_penang,4217
12002331,Premium Outlet,5.250563,100.475252,,rapidbus_penang,4218
12002332,JKR Jawi,5.207808999999999,100.497725,,rapidbus_penang,4219
12000183,Taman Bunga Raya,5.36632,100.42163,,rapidbus_penang,4220
12000278,Taman Penyu,5.2304900000000005,100.49232,,rapidbus_penang,4221
12000343,Pejabat Veterinar,5.33632,100.44294,,rapidbus_penang,4222
12000347,Masjid Balik Bukit,5.354080000000001,100.42859,,rapidbus_penang,4223
12001253,Taman Perdana,5.26818,100.47571,,rapidbus_penang,4224
12001254,Balai Polis Simpang Empat,5.2836,100.47659,,rapidbus_penang,4225
12001257,Taman IKS Perda,5.26508,100.47411,,rapidbus_penang,4226
12001596,Masjid Sungai Rambai,5.36436,100.45317,,rapidbus_penang,4227
12002339,Kampung Tengah Kebun Sireh,5.353937999999999,100.435063,,rapidbus_penang,4228
12001499,Tesco Sungai Dua,5.35025,100.29694,,rapidbus_penang,4229
12002977,Taman Alor Vista I,5.341661,100.269612,,rapidbus_penang,4230
12003025,Kompleks Eureka,5.354763,100.30273,,rapidbus_penang,4231
12000266,Jalan Besar,5.131538,100.471214,,rapidbus_penang,4232
12002165,Mydin Mall,5.128312,100.4821847,,rapidbus_penang,4233
12000270,Taman Fajar,5.1477900000000005,100.47102,,rapidbus_penang,4234
12000028,ASE,5.308572,100.29408,,rapidbus_penang,4235
12002007,SAM Engineering & Equipment,5.29565,100.28665,,rapidbus_penang,4236
12002010,Elsoft Research,5.292789,100.28856,,rapidbus_penang,4237
12002051,Motorola,5.297999999999999,100.29277,,rapidbus_penang,4238
12000014,GUH Holdings,5.328583,100.30004,,rapidbus_penang,4239
12002206,Hill Top,5.4781326,100.2650227,,rapidbus_penang,4240
12001412,The Mansion,5.42345,100.33253,,rapidbus_penang,4241
12001415,Feruni,5.42541,100.32504,,rapidbus_penang,4242
12000204,Apartment Baiduri,5.46443,100.23876,,rapidbus_penang,4243
12000225,Feringghi Plaza,5.47743,100.2538,,rapidbus_penang,4244
12000227,Mount Pleasure,5.47754,100.27243,,rapidbus_penang,4245
12000231,Moon Light Café,5.47801,100.26288,,rapidbus_penang,4246
12000234,Double Tree Resort,5.47825,100.26897,,rapidbus_penang,4247
12001915,Hotel Armenian,5.415494,100.335,,rapidbus_penang,4248
12001942,Kompleks Makanan,5.33636,100.29348,,rapidbus_penang,4249
12002993,Presgrave Corner,5.41122,100.330436,,rapidbus_penang,4250
12000198,SJKC Weng Khai,5.29526,100.27976,,rapidbus_penang,4251
12000308,Petronas,5.362509999999999,100.29554,,rapidbus_penang,4252
12000568,Taman Dato Syed Abbas,5.39451,100.31638,,rapidbus_penang,4253
12001139,Kampung Batu Lima,5.280432,100.28036,,rapidbus_penang,4254
12001141,Taman Gembira,5.28062,100.27474,,rapidbus_penang,4255
12001838,SPICE,5.33071,100.28059,,rapidbus_penang,4256
12000718,Sri Pangkor Kondominium,5.42875,100.31974,,rapidbus_penang,4257
12000972,Gleneagles II,5.427282,100.31952,,rapidbus_penang,4258
12001754,SMK Teluk Bahang,5.45075,100.21473,,rapidbus_penang,4259
12002223,Dewan Teluk Bahang,5.45713881,100.21489682,,rapidbus_penang,4260
12002250,HILLTOP,5.47794445,100.2650168,,rapidbus_penang,4261
12000081,Sekolah Ikthisas Tentera Udara,5.45918,100.28918,,rapidbus_penang,4262
12000576,SJK(C) MOH GHEE Cawangan,5.40042,100.3222,,rapidbus_penang,4263
12001435,SRJK Kwang Hwa,5.33615,100.29726,,rapidbus_penang,4264
12001439,Masjid Jamek Sg Nibong,5.340112,100.29935,,rapidbus_penang,4265
12001457,KTM Motor,5.3727800000000006,100.30903,,rapidbus_penang,4266
12000894,Kwang Tung & Teng Chow Association,5.43515,100.30302,,rapidbus_penang,4267
12001564,Petron Jalan Sungai Kelian,5.46497,100.29183,,rapidbus_penang,4268
12000078,Taman Pantai Jerejak,5.340268,100.30331,,rapidbus_penang,4269
12001445,Taman Century,5.3477,100.30336,,rapidbus_penang,4270
12000869,SMK Convent Green Lane,5.39722,100.30376,,rapidbus_penang,4271
12002048,SMK Georgetown,5.3992,100.29881,,rapidbus_penang,4272
12001594,Pekan Maklom,5.45055,100.40147,,rapidbus_penang,4273
12000039,Masjid Kubang Semang,5.39912,100.46474,,rapidbus_penang,4274
12001338,Kolej Matrikulasi Kepala Batas,5.49712,100.43635,,rapidbus_penang,4275
12001540,Masjid Al Marbawi,5.452975,100.436775,,rapidbus_penang,4276
12001548,Masjid Nyior Sebatang,5.46106,100.44891,,rapidbus_penang,4277
12001550,Nyior Sebatang,5.46652,100.45462,,rapidbus_penang,4278
12001557,Taman Pokok Sena Indah,5.47957,100.45745,,rapidbus_penang,4279
12002359,Masjid Jamek Pongsu Seribu,5.497138,100.442742,,rapidbus_penang,4280
12000535,SMK Dato Haji Ahmad Badawi,5.50721,100.42981,,rapidbus_penang,4281
12000772,Taman Guru,5.38209,100.46393,,rapidbus_penang,4282
12001168,Pejabat Pelajaran,5.4176,100.43729,,rapidbus_penang,4283
12001337,JPS Pokok Sena,5.497099,100.430435,,rapidbus_penang,4284
12001771,Masjid Sungai Batu,5.28632,100.241,,rapidbus_penang,4285
12002305,Saujana Height,5.291580000000001,100.25035,,rapidbus_penang,4286
12002307,Pekan Teluk Kumbar,5.28745,100.23263,,rapidbus_penang,4287
12001449,Jejantas Batu Uban,5.3545,100.30856,,rapidbus_penang,4288
12001282,Pusat Perniagaan Juru Evenue,5.32564,100.43532,,rapidbus_penang,4289
12002125,Padang Permainan Taman Nagasari,5.36497,100.41395,,rapidbus_penang,4290
12002127,Padang Permainan Taman Nagasari,5.3649,100.41395,,rapidbus_penang,4291
12002129,Warung Bonda,5.3612,100.41079,,rapidbus_penang,4292
12002130,Nashmir Car Park,5.340143,100.42792,,rapidbus_penang,4293
12002585,Pusat Perniagaan Desa Wawasa,5.358213,100.447397,,rapidbus_penang,4294
12001025,JKR Paya Terubong,5.38604,100.27467,,rapidbus_penang,4295
12001886,SRJK Chong Teik,5.35127,100.23708,,rapidbus_penang,4296
12000500,Tali Air Pokok Macang,5.48851,100.47104,,rapidbus_penang,4297
12000642,Kampung Selamat I,5.493930000000001,100.50885,,rapidbus_penang,4298
12001591,Pekan Sungai Puyu,5.44873,100.39698,,rapidbus_penang,4299
12001592,(M3) Taman Seri Pinang,5.449669999999999,100.39922,,rapidbus_penang,4300
12000504,Pejabat Veterinar,5.48891,100.46059,,rapidbus_penang,4301
12000649,Kampung Selamat II,5.49319,100.50822,,rapidbus_penang,4302
12001963,Cincaria Sdn. Bhd,5.314344,100.29616,,rapidbus_penang,4303
12002277,Jalan Sungai Rusa 2,5.3786614,100.2140788,,rapidbus_penang,4304
12000259,Bertam Indah,5.5251,100.43509,,rapidbus_penang,4305
12000387,Balai Polis Trafik Kepala Batas,5.52289,100.42712,,rapidbus_penang,4306
12000708,Lahar Ikan Mati,5.53074,100.42953,,rapidbus_penang,4307
12002546,Pasar Awam Kepala Batas,5.515288,100.415881,,rapidbus_penang,4308
12000140,Pekan Kongsi,5.35078,100.23511,,rapidbus_penang,4309
12000167,SK Sg. Korok,5.3537,100.20965,,rapidbus_penang,4310
12000171,Hadapan Masjid Jalan Baru,5.35715,100.2104,,rapidbus_penang,4311
12000629,Lrg Kpg Perlis 3,5.31961,100.20483,,rapidbus_penang,4312
12000652,Kampung Pulau Betong 2,5.30379,100.19846,,rapidbus_penang,4313
12000660,Kampung Terang,5.32126,100.21199,,rapidbus_penang,4314
12000736,Kg. Sungai Korok,5.352930000000001,100.20356,,rapidbus_penang,4315
12001569,Taman Impian,5.35206,100.23124,,rapidbus_penang,4316
12001574,Pejabat Agama Daerah,5.35669,100.22716,,rapidbus_penang,4317
12002258,Titi Sungai Korok,5.352684,100.2055337,,rapidbus_penang,4318
12000985,Pusat Falak Sheik Tahir,5.4116800000000005,100.19652,,rapidbus_penang,4319
12000986,Hub Pantai Acheh,5.41632,100.19727,,rapidbus_penang,4320
12001614,Sekolah Agama Sungai Rusa,5.384957,100.21305,,rapidbus_penang,4321
12001618,Kampung Sungai Rusa,5.38703,100.21226,,rapidbus_penang,4322
12001619,Madrasah Tahfiz - Irfanratul,5.39123,100.21046,,rapidbus_penang,4323
12002345,TM Point Perda,5.368551999999999,100.436851,,rapidbus_penang,4324
12002969,Jalan Perda Barat I,5.366708900000001,100.4340636,,rapidbus_penang,4325
12002970,Jalan Perda Barat II,5.3677931,100.4322504,,rapidbus_penang,4326
12000626,Makam Shaikh Omar,5.40091,100.28718,,rapidbus_penang,4327
12002300,Klinik Kesihatan  Air Itam,5.40604,100.28224,,rapidbus_penang,4328
12000872,SMK Penang Free,5.40292,100.30405,,rapidbus_penang,4329
12000865,Gembira Parade,5.389128,100.30334,,rapidbus_penang,4330
12000051,Kolej MSU,5.41477,100.31888,,rapidbus_penang,4331
12000937,(M3) SMK Abdullah Munshi,5.40857,100.31331,,rapidbus_penang,4332
12002208,Pasar Jalan Anson,5.416127599999999,100.3209253,,rapidbus_penang,4333
12001383,Palm / Nipah Court,5.45043,100.30725,,rapidbus_penang,4334
12001341,Pusat Perniagaan Raja Uda,5.4164,100.37955,,rapidbus_penang,4335
12001345,Taman Anggerik,5.42596,100.38276,,rapidbus_penang,4336
12001524,Shell Sg. Lokan,5.44853,100.41405,,rapidbus_penang,4337
12000109,Taman Carissa Villa,5.4235,100.39725,,rapidbus_penang,4338
12000113,Pusat Perniagaan Taman Mesra,5.43041,100.397,,rapidbus_penang,4339
12002386,Pejabat Agama Daerah SPU,5.4895011,100.3971242,,rapidbus_penang,4340
12002024,SMK Tun Hussein Onn,5.38805,100.40646,,rapidbus_penang,4341
12000135,Kolej Kemahiran Tinggi Mara Balik Pulau,5.33228,100.21707,,rapidbus_penang,4342
12000149,SK Kongsi,5.34619,100.23028,,rapidbus_penang,4343
12002313,Pejabat Pos B.Pulau,5.3492573,100.2335378,,rapidbus_penang,4344
12000241,Institut Penyelidikan Perikanan,5.28554,100.28662,,rapidbus_penang,4345
12000312,Jalan Permai 1,5.37326,100.29838,,rapidbus_penang,4346
12001147,Kampung Binjai,5.2834,100.25713,,rapidbus_penang,4347
12001148,Muzium Perang,5.28372,100.28618,,rapidbus_penang,4348
12001076,Kampung Dodol,5.40492,100.31538,,rapidbus_penang,4349
12002278,Klinik Comfort,5.397133,100.314648,,rapidbus_penang,4350
12000246,Kampung Sungai Ara,5.32355,100.27444,,rapidbus_penang,4351
12000410,SK Bayan Lepas,5.29676,100.25974,,rapidbus_penang,4352
12000413,Bayu Mutiara,5.297193,100.25646,,rapidbus_penang,4353
12000432,SMK Sungai Ara,5.31967,100.27074,,rapidbus_penang,4354
12000509,Gertak Sanggul,5.27927,100.20471,,rapidbus_penang,4355
12000514,Taman Pasir Belanda,5.284813,100.21954,,rapidbus_penang,4356
12000522,Balai Polis Teluk Kumbar,5.28742,100.23045,,rapidbus_penang,4357
12001492,Terminal Ekspress Sg Nibong,5.342442,100.29952,,rapidbus_penang,4358
12001500,Tesco Sungai Dua,5.35118,100.29788,,rapidbus_penang,4359
12001504,USM,5.352876999999999,100.30185,,rapidbus_penang,4360
12001955,Krystal Point Corporate Park,5.330701,100.298996,,rapidbus_penang,4361
12002012,Lintang Kg. Masjid,5.288959999999999,100.22724,,rapidbus_penang,4362
12002059,Queensbay Mall,5.331947,100.30791,,rapidbus_penang,4363
12000071,Masjid Negeri P.Pinang,5.407769999999999,100.29997,,rapidbus_penang,4364
12000839,St. Christoper School,5.42288,100.30614,,rapidbus_penang,4365
12001011,Apartmen Taman Bendera,5.3396,100.27426,,rapidbus_penang,4366
12001020,Oriental Garden,5.37547,100.27576,,rapidbus_penang,4367
12001355,(M2) SK Jalan Residensi,5.42026,100.31155,,rapidbus_penang,4368
12001368,Heritage Club,5.41869,100.30466,,rapidbus_penang,4369
12001422,Sungai Tiram,5.302697,100.27651,,rapidbus_penang,4370
12001432,Taman Mahsuri,5.32846,100.29336,,rapidbus_penang,4371
12001814,Pasaraya Sunshine Farlim,5.39577,100.28657,,rapidbus_penang,4372
12000205,Apartment Baiduri,5.46459,100.23866,,rapidbus_penang,4373
12000221,Long Beach,5.4749,100.25005,,rapidbus_penang,4374
12000237,Basket Ball Court,5.48026,100.26052,,rapidbus_penang,4375
12000828,Masjid Simpang Enam,5.414540000000001,100.32774,,rapidbus_penang,4376
12000832,Tropicana Hotel,5.418019999999999,100.32038,,rapidbus_penang,4377
12001917,Little India,5.41647,100.33854,,rapidbus_penang,4378
12002057,Church Street Pier,5.41664,100.34413,,rapidbus_penang,4379
12002204,By The Sea,5.4691428,100.2443992,,rapidbus_penang,4380
12002253,Moon Light Bay,5.47848702,100.2616271,,rapidbus_penang,4381
12002972,Swettenham Pier Cruise Terminal,5.4185041,100.3450813,,rapidbus_penang,4382
12000602,SJKC Chung Hwa Pusat,5.41634,100.37329,,rapidbus_penang,4383
12000604,Masjid Kubang Buaya,5.41944,100.37469,,rapidbus_penang,4384
12001116,Tali Air Permatang Bendahari,5.55865,100.3771,,rapidbus_penang,4385
12001121,Kampung Sungai Kedak,5.567830000000001,100.37629,,rapidbus_penang,4386
12001122,Permatang Bendahari,5.57297,100.37571,,rapidbus_penang,4387
12001717,(M3) Pangkalan TUDM,5.463769999999999,100.38248,,rapidbus_penang,4388
12001720,SK Taman Senangan,5.471480000000001,100.38296,,rapidbus_penang,4389
12002322,(M1) Penang Sentral,5.3948602,100.3653495,,rapidbus_penang,4390
12000096,Pejabat Pos Bagan Ajam,5.43869,100.3811,,rapidbus_penang,4391
12001052,Permatang Berah,5.51375,100.38306,,rapidbus_penang,4392
12001710,SMK ST Mark,5.44958,100.383,,rapidbus_penang,4393
12001721,SK Taman Senangan,5.47172,100.38309,,rapidbus_penang,4394
12001726,Masjid Jamek Daerah SPU,5.479248999999999,100.383484,,rapidbus_penang,4395
12000007,Container Hotel,5.41415,100.34042,,rapidbus_penang,4396
12001019,Surau Al Muttaqin,5.37176,100.27534,,rapidbus_penang,4397
12001374,Nasi Kandar Salam,5.405191,100.28876,,rapidbus_penang,4398
12001916,Restoran Kapitan,5.41602,100.33892,,rapidbus_penang,4399
12001510,Desa Murni,5.4404900000000005,100.42953,,rapidbus_penang,4400
12001553,Simpang Lahar Yooi,5.4691,100.45682,,rapidbus_penang,4401
12002119,IPD Seberang Prai Utara,5.5140447,100.4395871,,rapidbus_penang,4402
12002201,(M1) The Summit,5.3657975,100.462624,,rapidbus_penang,4403
12000252,Hospital Kepala Batas,5.51283,100.43711,,rapidbus_penang,4404
12001849,(M2) Taman Sepadu,5.487509999999999,100.49526,,rapidbus_penang,4405
12001853,Taman Seri Menerong,5.513803,100.50583,,rapidbus_penang,4406
12002072,MPC,5.5153300000000005,100.4457,,rapidbus_penang,4407
12002075,Sunshine Bertam,5.51561,100.44977,,rapidbus_penang,4408
12002574,Midtown PERDA,5.502243,100.501664,,rapidbus_penang,4409
12000623,Medan Niaga Kampung Melayu,5.39941,100.28599,,rapidbus_penang,4410
12000809,Perumahan Kastam,5.37408,100.30198,,rapidbus_penang,4411
12001212,Kawasan Industri Mak Mandin,5.4134400000000005,100.39491,,rapidbus_penang,4412
12002372,Shell Mak Mandin,5.414322,100.388326,,rapidbus_penang,4413
12001189,Kawasan Industri Mak Mandin,5.41246,100.39816,,rapidbus_penang,4414
12001190,Taman Ampang Jajar,5.41376,100.40154,,rapidbus_penang,4415
12001193,Taman Bagan II,5.414540000000001,100.38274,,rapidbus_penang,4416
12001201,Kampung Pertama,5.38516,100.41869,,rapidbus_penang,4417
12002370,Taman Bagan III,5.414457,100.380917,,rapidbus_penang,4418
12001067,(M2) Megamall - Pacific,5.37879,100.39794,,rapidbus_penang,4419
12002020,Pangsapuri D18,5.39595,100.40404,,rapidbus_penang,4420
12000179,Kuil Sri Muniswara,5.380380000000001,100.39541,,rapidbus_penang,4421
12002529,Poliklinik Famili,5.391042,100.401315,,rapidbus_penang,4422
12002530,Hotel Blanket,5.394853,100.40001,,rapidbus_penang,4423
12000803,Taman Tenang,5.35147,100.47639,,rapidbus_penang,4424
12002021,Lintang Tenggiri,5.396186,100.402794,,rapidbus_penang,4425
12002541,SK Convent Bukit Mertajam,5.359338,100.465325,,rapidbus_penang,4426
12000134,MSU,5.63274,100.48289,,rapidbus_penang,4427
12002979,CP1,5.458735099999999,100.4193436,,rapidbus_penang,4428
12000284,Kilang Silitech,5.256390000000001,100.4724,,rapidbus_penang,4429
12000337,Klinik Kesihatan Bukit Minyak,5.32642,100.44798,,rapidbus_penang,4430
12000846,Jalan Mahsuri,5.32677,100.28886,,rapidbus_penang,4431
12001005,Flat 88,5.33592,100.27525,,rapidbus_penang,4432
12001010,Apartmen Taman Bendera,5.339542,100.27439,,rapidbus_penang,4433
12001896,Komplek Masyarakat Penyayang,5.41817,100.30575,,rapidbus_penang,4434
12000044,Pekan Junjung,5.297969999999999,100.53416,,rapidbus_penang,4435
12001271,Taman Perwira,5.29726,100.47861,,rapidbus_penang,4436
12000042,SK. Permatang Tiong,5.289569999999999,100.53738,,rapidbus_penang,4437
12000047,SK Alma,5.33201,100.47456,,rapidbus_penang,4438
12000404,SM Sains Tun Syed Sheh Shahabudin,5.34162,100.47417,,rapidbus_penang,4439
12001686,Taman Puteri Gunung,5.285069999999999,100.50108,,rapidbus_penang,4440
12001893,JPA Bukit Mertajam,5.35942,100.46595,,rapidbus_penang,4441
12002587,AADK Bukit Mertajam,5.343323000000001,100.471626,,rapidbus_penang,4442
12000786,Taman Machang Bubok,5.34236,100.50032,,rapidbus_penang,4443
12000797,Gereja St Anne,5.351255,100.47725,,rapidbus_penang,4444
12000806,Petronas Taman Chai Leng,5.386939,100.39364,,rapidbus_penang,4445
12001180,UITM,5.38391,100.41908,,rapidbus_penang,4446
12001808,Pasar Awam,5.392678,100.401474,,rapidbus_penang,4447
12002528,Padang Sony,5.38697,100.3988,,rapidbus_penang,4448
12000920,Taman Sintar,5.18508,100.48657,,rapidbus_penang,4449
12000921,Taman Jawi Ria,5.19303,100.49092,,rapidbus_penang,4450
12000925,Taman Jawi Jaya,5.20034,100.49492,,rapidbus_penang,4451
12001256,Menara Kerjaya Simpang Empat,5.2649300000000006,100.47425,,rapidbus_penang,4452
12001485,Taman Gamelan,5.23077,100.49233,,rapidbus_penang,4453
12000184,SK Jalan Baru,5.36751,100.4194,,rapidbus_penang,4454
12000330,Taman Markisah,5.31745,100.46007,,rapidbus_penang,4455
12000333,Taman Perindustrian Bukit Minyak 2,5.32134,100.45284,,rapidbus_penang,4456
12000346,Taman Tanah Aman,5.35248,100.43186,,rapidbus_penang,4457
12001277,Kawasan Perusahaan Permatang Tinggi,5.30701,100.4694,,rapidbus_penang,4458
12002340,SK Kebun Sireh,5.358292,100.436352,,rapidbus_penang,4459
12001505,USM,5.35307,100.30315,,rapidbus_penang,4460
12003136,SMJK Phor Tay,5.3437038,100.2959125,,rapidbus_penang,4461
12000440,Kampung Dato Keramat,5.15095,100.47223,,rapidbus_penang,4462
12002988,(M1) Hub Lebuh Carnavon,5.4126216,100.3319975,,rapidbus_penang,4463
12002219,Lembah Permai,5.45745757,100.28921211,,rapidbus_penang,4464
12001981,Batu Uban Highway,5.351251,100.30986,,rapidbus_penang,4465
12002004,Kobe Precision Technology,5.302061,100.291214,,rapidbus_penang,4466
12002006,K.K Chong Engineering,5.300322,100.286674,,rapidbus_penang,4467
12002064,Gold Coast Kondominium,5.339738,100.30965,,rapidbus_penang,4468
12000478,Jalan Evergreen,5.4533,100.30272,,rapidbus_penang,4469
12000814,Sekolah Kebangsaan Pendidikan Khas,5.45905,100.28022,,rapidbus_penang,4470
12000895,Chinese Cemetery,5.4371,100.30277,,rapidbus_penang,4471
12001563,Petron Jalan Sungai Kelian,5.464930000000001,100.2915,,rapidbus_penang,4472
12000218,Night Market,5.473932,100.248422,,rapidbus_penang,4473
12000193,LSS Electric,5.2919,100.27847,,rapidbus_penang,4474
12000194,Jalan Baru Batu Maung,5.29231,100.27854,,rapidbus_penang,4475
12000244,Hub Batu Maung,5.28965,100.28014,,rapidbus_penang,4476
12000419,(M3) Taman Rajawali 2,5.30428,100.26281,,rapidbus_penang,4477
12000429,Kem Sungai Ara,5.31706,100.2681,,rapidbus_penang,4478
12000571,Shell Jelutong,5.39617,100.3181,,rapidbus_penang,4479
12000573,Maybank Jelutong,5.397714,100.31982,,rapidbus_penang,4480
12001134,Sekolah Memandu Damar Laut,5.27866,100.26476,,rapidbus_penang,4481
12001151,Southbay Residence,5.283968,100.28633,,rapidbus_penang,4482
12001158,SJK Tamil Bayan Lepas,5.29338,100.25681,,rapidbus_penang,4483
12000358,SK Pykett Methodist,5.42197,100.32365,,rapidbus_penang,4484
12000723,Sleeping Buddha,5.4320900000000005,100.31404,,rapidbus_penang,4485
12001644,Balai Bomba Bagan Jermal,5.44088,100.30719,,rapidbus_penang,4486
12001663,Mercure Penang Beach Hotel,5.46354,100.30138,,rapidbus_penang,4487
12001673,Infinity,5.46576,100.28574,,rapidbus_penang,4488
12001756,Klinik Kesihatan Teluk Bahang,5.45571,100.21466,,rapidbus_penang,4489
12001761,Aseania Court,5.45757,100.2078,,rapidbus_penang,4490
12001762,Pasar Teluk Bahang,5.45759,100.21274,,rapidbus_penang,4491
12002210,Moon Light Bay,5.4785998,100.2613588,,rapidbus_penang,4492
12002251,Feringghi Villa,5.46523363,100.2410851,,rapidbus_penang,4493
12002975,Hotel Angsana,5.461570099999999,100.2199492,,rapidbus_penang,4494
12000808,Hotel Royal,5.422333999999999,100.3258,,rapidbus_penang,4495
12000483,Jalan Gajah I,5.4623,100.30374,,rapidbus_penang,4496
12000842,Jalan Magazine,5.411939,100.333,,rapidbus_penang,4497
12001069,Asrama Munshi,5.392361,100.31354,,rapidbus_penang,4498
12001459,Recsam,5.37671,100.30803,,rapidbus_penang,4499
12001503,USM,5.3528400000000005,100.30186,,rapidbus_penang,4500
12000896,Chinese Cemetery,5.43729,100.30267,,rapidbus_penang,4501
12000519,SKJK Poi Eng,5.28233,100.19604,,rapidbus_penang,4502
12000523,Kg. Nelayan Teluk Kumbar,5.28805,100.22803,,rapidbus_penang,4503
12000618,Flat Kg. Suluk,5.28822,100.22223,,rapidbus_penang,4504
12001018,(M1) Hub Paya Terubong - Petronas,5.371595,100.274925,,rapidbus_penang,4505
12001640,Balai Polis Jelutong,5.3914,100.31242,,rapidbus_penang,4506
12001038,Masjid Permatang Tok Jaya,5.457417,100.40129,,rapidbus_penang,4507
12001045,Persimpang Jalan Haji Murshid,5.47717,100.40144,,rapidbus_penang,4508
12002376,Astaka Mak Mandin,5.416078,100.385958,,rapidbus_penang,4509
12002384,Masjid Pekan Darat,5.475678,100.401353,,rapidbus_penang,4510
12000031,SM Islam Al-Masriyah,5.37331,100.46436,,rapidbus_penang,4511
12000034,Kolej Komuniti Bkt Mertajam,5.38,100.46451,,rapidbus_penang,4512
12001506,Taman Desa Murni,5.43508,100.43078,,rapidbus_penang,4513
12002353,Masjid Al Muhtadin,5.4073150000000005,100.453327,,rapidbus_penang,4514
12002354,Madrasah Al Nur,5.409257,100.448291,,rapidbus_penang,4515
12000475,Taman Bertam Ria,5.51,100.43351,,rapidbus_penang,4516
12001173,Kampung Kota I,5.42597,100.4346,,rapidbus_penang,4517
12001328,SMKA Al Irshad,5.48998,100.45747,,rapidbus_penang,4518
12001332,Taman Koskam,5.49377,100.45107,,rapidbus_penang,4519
12000579,Peugeot Center,5.40105,100.32306,,rapidbus_penang,4520
12002123,Kilang Punch,5.36104,100.41064,,rapidbus_penang,4521
12002511,Asrama Mattel,5.343304,100.42628,,rapidbus_penang,4522
12002521,Taman Perusahaan Ringan Juru,5.316523999999999,100.43231,,rapidbus_penang,4523
12001031,Desa Permata,5.39341,100.27625,,rapidbus_penang,4524
12002115,Terminal Bas Balik Pulau,5.351447900000001,100.2398239,,rapidbus_penang,4525
12002281,AADK Pekan Kongsi,5.35041,100.23451,,rapidbus_penang,4526
12000492,Permatang Berangan C,5.484716000000001,100.48724,,rapidbus_penang,4527
12000643,SK Kg Selamat,5.49828,100.51966,,rapidbus_penang,4528
12001521,Kampung Teluk Sungai Dua,5.4463,100.42209,,rapidbus_penang,4529
12001529,Petronas Sg. Lokan,5.4491,100.41203,,rapidbus_penang,4530
12000496,Kg Air Melintas Besar,5.48712,100.4778,,rapidbus_penang,4531
12000645,Kampung Master,5.47844,100.50137,,rapidbus_penang,4532
12000647,Kampung Besar,5.48401,100.50388,,rapidbus_penang,4533
12002553,Bandar Baru Perda,5.293231,100.23228,,rapidbus_penang,4534
12001961,Knowles Electronics,5.312894,100.298615,,rapidbus_penang,4535
12002225,Dewan JKKP Titi Teras,5.35991737,100.22315986,,rapidbus_penang,4536
12000099,Bagan Ajam,5.445209999999999,100.38213,,rapidbus_penang,4537
12000374,Permatang Binjal,5.50344,100.39402,,rapidbus_penang,4538
12000377,Permatang Sintok,5.51075,100.40301,,rapidbus_penang,4539
12000379,Taman Permatang Sintok,5.51296,100.40535,,rapidbus_penang,4540
12000375,Permatang Pak Elong,5.5078,100.40002,,rapidbus_penang,4541
12000381,Pasar Permatang Manggis,5.51526,100.41605,,rapidbus_penang,4542
12000705,Kampung Datuk,5.5254900000000005,100.42802,,rapidbus_penang,4543
12000162,Kg Sungai Burung,5.3480300000000005,100.20872,,rapidbus_penang,4544
12000164,Jalan Baru,5.35005,100.20906,,rapidbus_penang,4545
12000175,Balai Polis,5.36471,100.21568,,rapidbus_penang,4546
12001580,Pejabat Kesihatan Barat Daya,5.36391,100.21857,,rapidbus_penang,4547
12001582,Pejabat Kesihatan Barat Daya,5.36428,100.21804,,rapidbus_penang,4548
12001608,Kraf Batik Sungai Rusa,5.37743,100.21433,,rapidbus_penang,4549
12001610,Jalan Sungai Rusa 1,5.380380000000001,100.21415,,rapidbus_penang,4550
12001616,Kampung Sungai Rusa,5.386691000000001,100.212326,,rapidbus_penang,4551
12002550,Pekan Sg. Puyu,5.44872,100.39717,,rapidbus_penang,4552
12002630,TAMAN LAGENDA,5.5134471,100.5343487,,rapidbus_penang,4553
12001195,Taman Cantik,5.414630000000001,100.38273,,rapidbus_penang,4554
12001208,Permatang Janggus,5.40447,100.41627,,rapidbus_penang,4555
12001033,SJK Kong Min II,5.3952860000000005,100.2767,,rapidbus_penang,4556
12001929,Protestant Cemetry,5.4228,100.33394,,rapidbus_penang,4557
12001934,Padang Kota Lama,5.41994,100.34257,,rapidbus_penang,4558
12001936,Dewan Sri Pinang,5.420669999999999,100.34076,,rapidbus_penang,4559
12001894,Hospital P.Pinang II,5.41561,100.31017,,rapidbus_penang,4560
12001785,Hentian Kampung Bukit,5.29662,100.23239,,rapidbus_penang,4561
12001786,Kampung Matahari Naik,5.29946,100.23202,,rapidbus_penang,4562
12002615,Ideal One Resident,5.301474,100.266912,,rapidbus_penang,4563
12000470,Jalan Delima 5,5.380269999999999,100.30263,,rapidbus_penang,4564
12001349,Jalan Raja Uda I,5.4293,100.38386,,rapidbus_penang,4565
12001396,Jalan Siram II,5.41293,100.37854,,rapidbus_penang,4566
12001907,Pusat Perniagaan Ong Yi How,5.43533,100.3891,,rapidbus_penang,4567
12001340,Pusat Perniagaan Raja Uda 2,5.41628,100.37971,,rapidbus_penang,4568
12000110,Apartmen Centro View,5.4248,100.39699,,rapidbus_penang,4569
12000108,Taman Bagan Lalang,5.42154,100.3972,,rapidbus_penang,4570
12001939,Wisma Ong Hye Guon Thong,5.409269999999999,100.33018,,rapidbus_penang,4571
12001980,Shineville Park,5.39926,100.29572,,rapidbus_penang,4572
12002023,SMK Georgetown,5.39906,100.29873,,rapidbus_penang,4573
12000136,SMK Pondok Upeh,5.336040000000001,100.2197,,rapidbus_penang,4574
12002142,SK Sungai Ara,5.32664,100.2719632,,rapidbus_penang,4575
12002213,Komtar II,5.4150168,100.3308924,,rapidbus_penang,4576
12001079,Astaka Padang Brown,5.41409,100.31632,,rapidbus_penang,4577
12001081,YMCA,5.42074,100.31528,,rapidbus_penang,4578
12000287,Pejabat MPSP,5.35531,100.45097,,rapidbus_penang,4579
12002517,Pusat Perniagaan Juru,5.318611,100.44724,,rapidbus_penang,4580
12002518,Taman Perindustrian Beringin,5.31556,100.434065,,rapidbus_penang,4581
12000301,SMK Bukit Jambul,5.347928,100.291595,,rapidbus_penang,4582
12001074,Klinik Kesihatan,5.40262,100.31514,,rapidbus_penang,4583
12001088,Taman Zainal Abidin,5.40909,100.3161,,rapidbus_penang,4584
12000079,Taman Pantai Jerejak,5.34052,100.3029,,rapidbus_penang,4585
12000510,Hub Gertak Sanggul,5.28146,100.19015,,rapidbus_penang,4586
12000511,Gertak Sanggul Seafood,5.28193,100.19132,,rapidbus_penang,4587
12000613,SMK Teluk Kumbar 2,5.290398000000001,100.22214,,rapidbus_penang,4588
12001774,Flat Taman Emas Sungai Batu,5.28641,100.23697,,rapidbus_penang,4589
12001775,Restoran Sri Anjung Ikan Bakar,5.286649,100.23472,,rapidbus_penang,4590
12002105,7-Eleven Teluk Kumbar,5.2934,100.23043,,rapidbus_penang,4591
12001418,The Star Publication,5.298109999999999,100.26985,,rapidbus_penang,4592
12001843,Kompleks Bukit Jambul II,5.33242,100.29099,,rapidbus_penang,4593
12001971,Perumahan PDRM,5.38794,100.27821,,rapidbus_penang,4594
12000219,Pantai Shamrock,5.47487,100.27669,,rapidbus_penang,4595
12000224,Hotel Golden Sands,5.47606,100.2515,,rapidbus_penang,4596
12000367,Belissa Row,5.43251,100.31017,,rapidbus_penang,4597
12001653,Taman Batu Bukit,5.45231,100.30598,,rapidbus_penang,4598
12001664,Mercure Penang Beach Hotel,5.46386,100.30121,,rapidbus_penang,4599
12001667,Penang Swimming Club,5.46487,100.29629,,rapidbus_penang,4600
12001764,Hub Teluk Bahang,5.458819999999999,100.21611,,rapidbus_penang,4601
12001835,Transfer Road,5.420875,100.330605,,rapidbus_penang,4602
12002114,(M1) JETTY B,5.4137915,100.3417782,,rapidbus_penang,4603
12001107,Dewan Bakar Kapor,5.537692,100.37945,,rapidbus_penang,4604
12001109,Masjid Jamek Bakar Kapor,5.539971,100.37878,,rapidbus_penang,4605
12001112,Pasir Gebu,5.54709,100.37777,,rapidbus_penang,4606
12001118,Kampung Tok Oteh,5.5637300000000005,100.37672,,rapidbus_penang,4607
12000601,SJKC Chung Hwa Pusat,5.41552,100.37302,,rapidbus_penang,4608
12000605,Masjid Kubang Buaya,5.419630000000001,100.37489,,rapidbus_penang,4609
12001054,Permatang Pak Maras,5.51724,100.38268,,rapidbus_penang,4610
12001055,Kg Penaga Dua,5.5210300000000005,100.3821,,rapidbus_penang,4611
12001108,Dewan Bakar Kapor,5.53771,100.37949,,rapidbus_penang,4612
12001117,Tali Air Permatang Bendahari,5.55866,100.37713,,rapidbus_penang,4613
12001707,Bagan Ajam,5.44428,100.38211,,rapidbus_penang,4614
12001021,Oriental Garden,5.3757,100.27586,,rapidbus_penang,4615
12001061,Pasar Chowrasta,5.418131,100.331245,,rapidbus_penang,4616
12002991,Desa Mawar,5.3989764000000005,100.2895542,,rapidbus_penang,4617
12000058,Pejabat Pos Ayer Itam,5.4038,100.27982,,rapidbus_penang,4618
12001522,Taman Seri Murni,5.44643,100.43057,,rapidbus_penang,4619
12001541,Taman Merbau Indah,5.453180000000001,100.43756,,rapidbus_penang,4620
12001551,SK Lahar Yooi,5.46787,100.45582,,rapidbus_penang,4621
12002117,(M2) Taman Merbau Jaya,5.4564473,100.4427227,,rapidbus_penang,4622
12000487,SK Tasek Gelugor,5.48298,100.49216,,rapidbus_penang,4623
12000508,Pejabat Pos Tasek Gelugor,5.48184,100.49437,,rapidbus_penang,4624
12001862,(M1) SMK Sains Kepala Batas,5.51931,100.46866,,rapidbus_penang,4625
12001869,Kampung Pokok Jenerih,5.52158,100.5006,,rapidbus_penang,4626
12002074,Bertam Walk,5.51553,100.44817,,rapidbus_penang,4627
12002567,Kampung Pokok Jenerih I,5.521622,100.502778,,rapidbus_penang,4628
12002572,Bertam Putra 3,5.519909999999999,100.493445,,rapidbus_penang,4629
12002966,SMK Sains Kepala Batas,5.5189257000000005,100.4686695,,rapidbus_penang,4630
12002967,Kolej Jururawat,5.518196,100.4621857,,rapidbus_penang,4631
12002997,Taman Tasek Gelugor Utama II,5.491105,100.49778,,rapidbus_penang,4632
12000018,Flat Taman Tun Sardon,5.371519999999999,100.30283,,rapidbus_penang,4633
12000022,Dewan JKKK,5.37275,100.30267,,rapidbus_penang,4634
12000313,SK Bukit Gelugor,5.37685,100.30202,,rapidbus_penang,4635
12000465,Jalan Delima 2,5.38001,100.30061,,rapidbus_penang,4636
12000468,Jalan Delima 5,5.38354,100.30242,,rapidbus_penang,4637
12000934,SMK Abdullah Munshi,5.40854,100.31325,,rapidbus_penang,4638
12002221,Jalan Besi II,5.39201,100.29974,,rapidbus_penang,4639
12001210,Taman Arowana,5.410480000000001,100.41197,,rapidbus_penang,4640
12001701,Maktab Wan Jah,5.41322,100.37374,,rapidbus_penang,4641
12001702,Pangsapuri Telaga Emas,5.4134400000000005,100.37468,,rapidbus_penang,4642
12001191,PPR Ampang Jajar,5.41404,100.40542,,rapidbus_penang,4643
12001221,Kampung Permatang Rawa,5.36892,100.45022,,rapidbus_penang,4644
12002368,Gold Coin Mak Mandin,5.413702,100.393944,,rapidbus_penang,4645
12000190,(M3) GEM Megamall,5.38052,100.39569,,rapidbus_penang,4646
12000396,Stor TNB,5.40036,100.37676,,rapidbus_penang,4647
12001830,Prudential,5.39674,100.39963,,rapidbus_penang,4648
12001877,Masjid Seberang Jaya,5.38675,100.40491,,rapidbus_penang,4649
12000909,SMK Convent Butterworth,5.39697,100.36834,,rapidbus_penang,4650
12000911,Harbour Place,5.39815,100.37133,,rapidbus_penang,4651
12002532,JPJ Seberang Jaya,5.399355,100.408847,,rapidbus_penang,4652
12002535,SK Machang Bubok I,5.330297,100.503625,,rapidbus_penang,4653
12000784,Jalan Machang Bubok 2,5.34191,100.50079,,rapidbus_penang,4654
12000801,SK Juara,5.34657,100.48743,,rapidbus_penang,4655
12000804,SJK(C) Kim Sen,5.356240000000001,100.46761,,rapidbus_penang,4656
12002349,Econsave ChainFerry,5.400066000000001,100.376499,,rapidbus_penang,4657
12002536,Pusat Perniagaan Machang Bubok II,5.333046,100.504033,,rapidbus_penang,4658
12002538,Kampung Teluk Bukit,5.345768,100.489882,,rapidbus_penang,4659
12000596,Central Square,5.63629,100.48702,,rapidbus_penang,4660
12000541,Pusat Bandar,5.64414,100.48924,,rapidbus_penang,4661
12000274,Kinik Kesihatan Sungai Bakap,5.2171400000000006,100.49754,,rapidbus_penang,4662
12000066,SMK Chung Ling (P)(Kampung baru),5.40512,100.29399,,rapidbus_penang,4663
12001013,Simpang Tingkat Bukit Jambul,5.345861,100.27282,,rapidbus_penang,4664
12001366,SJK Ramakrishna,5.41292,100.30228,,rapidbus_penang,4665
12000061,Masjid Jamek Al-Qadrie,5.40437,100.28602,,rapidbus_penang,4666
12000062,SRJK Kong Min Pusat,5.40454,100.28109,,rapidbus_penang,4667
12001683,Gerai Tasek,5.28456,100.51335,,rapidbus_penang,4668
12001689,Masjid Padang Lalang,5.28477,100.50929,,rapidbus_penang,4669
12001694,(M2) Pearl City Mall,5.2777,100.49188,,rapidbus_penang,4670
12002577,Masjid Jamek Tasik Junjung,5.296951,100.527839,,rapidbus_penang,4671
12001267,Pusat Perniagan Simpang Empat,5.2889800000000005,100.47819,,rapidbus_penang,4672
12001687,Taman Tasek,5.28515,100.49751,,rapidbus_penang,4673
12001695,(M3) Pearl City Mall,5.27789,100.49068,,rapidbus_penang,4674
12002596,Taman Tasek Indah,5.284905,100.50668,,rapidbus_penang,4675
12002600,Pekan Junjung,5.298019999999999,100.534257,,rapidbus_penang,4676
12000785,Taman Machang Bubok II,5.34196,100.50327,,rapidbus_penang,4677
12000792,Kampung Teluk Bukit,5.345993,100.48952,,rapidbus_penang,4678
12001091,Perda Utama,5.36954,100.44121,,rapidbus_penang,4679
12001182,Kampung Pertama Baru,5.39013,100.41805,,rapidbus_penang,4680
12000353,Taman Tanah Aman,5.35289,100.43148,,rapidbus_penang,4681
12000354,Masjid Balik Bukit,5.35411,100.42886,,rapidbus_penang,4682
12001276,Taman Industri Ringan,5.30628,100.47027,,rapidbus_penang,4683
12000280,Kawasan Perindustrian Valdor,5.24421,100.48186,,rapidbus_penang,4684
12000344,Kampung Bersatu,5.34077,100.43801,,rapidbus_penang,4685
12000922,Masjid Daerah Jawi,5.1945,100.49156,,rapidbus_penang,4686
12002336,Masjid Lama Sungai Bakap,5.221641,100.497324,,rapidbus_penang,4687
12000961,KTM BM,5.36529,100.44748,,rapidbus_penang,4688
12001501,Restoran Nasi Kandar Pelita,5.35202,100.29904,,rapidbus_penang,4689
12001911,Lebuh Carnavon,5.41477,100.33432,,rapidbus_penang,4690
12002990,Jalan Sungai Dua,5.3540041,100.3060846,,rapidbus_penang,4691
12002062,Bay Garden,5.33694,100.30833,,rapidbus_penang,4692
12003029,Taman Pekaka,5.351421,100.29286,,rapidbus_penang,4693
12000269,Taman Seri Acheh,5.144709,100.46968,,rapidbus_penang,4694
12000914,Nibong Tebal,5.16746,100.47877,,rapidbus_penang,4695
12002164,Taman Seri Semarak,5.1225,100.48666667,,rapidbus_penang,4696
12000268,Taman Suria,5.142930000000001,100.46883,,rapidbus_penang,4697
12000915,Hub Nibong Tebal,5.168019999999999,100.47897,,rapidbus_penang,4698
12001369,Pasaraya Mydin,5.12812,100.48237,,rapidbus_penang,4699
12001102,Petron Permatang Batu,5.36447,100.4297,,rapidbus_penang,4700
12002108,Jambatan Pulau Pinang,5.355802,100.39232,,rapidbus_penang,4701
12002030,TAR Kolej II,5.4536,100.28648,,rapidbus_penang,4702
12002350,Masjid Permatang Batu,5.364658,100.428157,,rapidbus_penang,4703
12000025,Venture Electronics,5.301667,100.29407,,rapidbus_penang,4704
12000026,Jabil Circuit,5.304328,100.29144,,rapidbus_penang,4705
12000609,Fastron,5.324989,100.29604,,rapidbus_penang,4706
12002003,MOX,5.292808,100.285736,,rapidbus_penang,4707
12002050,Pentamaster,5.295761,100.28863,,rapidbus_penang,4708
12002303,KWSP Queensbay,5.33692,100.30844,,rapidbus_penang,4709
12002974,Terminal Bas Bayan Baru,5.326959,100.2803228,,rapidbus_penang,4710
12002066,Putra Place,5.339915,100.30946,,rapidbus_penang,4711
12002209,Straits Quay Marina Mall,5.457885900000001,100.3126561,,rapidbus_penang,4712
12000817,Kondominium Azuria,5.46375,100.28027,,rapidbus_penang,4713
12001927,Padang SMK Convent,5.421209999999999,100.33756,,rapidbus_penang,4714
12000202,Tropical Spice Garden,5.46338,100.22887,,rapidbus_penang,4715
12000220,Long Beach Food Court,5.474880000000001,100.25003,,rapidbus_penang,4716
12000223,Golden Sands,5.47592,100.25143,,rapidbus_penang,4717
12000200,Kampung Naran,5.29889,100.2811,,rapidbus_penang,4718
12000243,Balai Polis Batu Maung,5.288130000000001,100.28227,,rapidbus_penang,4719
12000300,SMK Bukit Jambul,5.3478900000000005,100.29174,,rapidbus_penang,4720
12000416,Kompleks Tabung Haji,5.30021,100.26228,,rapidbus_penang,4721
12000581,Bukit Dumbar,5.385280000000001,100.31048,,rapidbus_penang,4722
12001153,Jejantas SMK Bayan Lepas,5.28683,100.2565,,rapidbus_penang,4723
12001154,Kampung Seronok,5.29012,100.2568,,rapidbus_penang,4724
12002255,Pekan Bayan Lepas,5.29411,100.25772,,rapidbus_penang,4725
12001646,Masjid Bagan Jermal,5.4436,100.30578,,rapidbus_penang,4726
12001650,Wisma Binjul,5.44843,100.30522,,rapidbus_penang,4727
12001652,Island Plaza,5.45016,100.30523,,rapidbus_penang,4728
12001752,SMK Teluk Bahang,5.450542,100.214867,,rapidbus_penang,4729
12001757,Flat Hassan Abbas,5.45737,100.20986,,rapidbus_penang,4730
12002249,Tanjong Tokong,5.45684938,100.3072617,,rapidbus_penang,4731
12001070,Sunshine Jelutong,5.3939,100.31424,,rapidbus_penang,4732
12002315,Gedung Height III,5.31643,100.281049,,rapidbus_penang,4733
12000900,Kompleks Institut Pendidikan,5.45006,100.30207,,rapidbus_penang,4734
12001410,SMKA (P) Al Mashoor,5.42333,100.33028,,rapidbus_penang,4735
12002026,TAR Kolej II,5.45352,100.2863,,rapidbus_penang,4736
12000620,Jalan Kg. Suluk,5.29246,100.22298,,rapidbus_penang,4737
12001978,Balai Polis,5.395105,100.28905,,rapidbus_penang,4738
12001043,SMK Permatang Tok Jaya,5.47319,100.40124,,rapidbus_penang,4739
12002036,Flat Mak Mandin,5.41975,100.38697,,rapidbus_penang,4740
12001166,SK Permatang Pasir,5.41464,100.43781,,rapidbus_penang,4741
12001335,Taman Orkid,5.49599,100.44553,,rapidbus_penang,4742
12001526,SK Sungai Dua,5.448580000000001,100.432,,rapidbus_penang,4743
12001552,SK Lahar Yooi,5.468138,100.45597,,rapidbus_penang,4744
12001559,Pokok Sena,5.48456,100.45747,,rapidbus_penang,4745
12001562,Klinik Kesihatan,5.44249,100.42988,,rapidbus_penang,4746
12002202,SK. Bukit Indera Muda,5.4074526,100.4571627,,rapidbus_penang,4747
12002357,Taman Pasir Indah,5.429722,100.43177,,rapidbus_penang,4748
12000531,Taman Seri Indah,5.50159,100.42957,,rapidbus_penang,4749
12000533,Taman Seri Serdang,5.504441,100.42966,,rapidbus_penang,4750
12000770,Masjid Tanah Liat,5.37823,100.46494,,rapidbus_penang,4751
12000773,SK Tanah Liat,5.38503,100.46339,,rapidbus_penang,4752
12002139,Terminal Bas Ekspres Sg Nibong,5.342838700000001,100.3003478,,rapidbus_penang,4753
12001280,Taman Sri Delima,5.3217,100.43407,,rapidbus_penang,4754
12002122,Kilang LB Aluminium,5.354435,100.401979,,rapidbus_penang,4755
12002131,Medan Selera Seri Pelangi,5.3420000000000005,100.42726,,rapidbus_penang,4756
12002508,Petron Kawasan Perusahaan Perai,5.355105,100.414671,,rapidbus_penang,4757
12002522,Surau An Nur Juru,5.315739,100.4356,,rapidbus_penang,4758
12002524,Taman Lembah Permai,5.348735,100.457046,,rapidbus_penang,4759
12002527,Sri Rambai,5.363582,100.444719,,rapidbus_penang,4760
12000138,Masjid Kongsi,5.348116,100.2321,,rapidbus_penang,4761
12001028,Ruby Court,5.39133,100.27552,,rapidbus_penang,4762
12002289,SRJK Kong Min,5.39503,100.27676,,rapidbus_penang,4763
12000089,Taman Bagan Jermal,5.4268,100.37694,,rapidbus_penang,4764
12000125,Public Mutual Bagan Luar,5.41006,100.37083,,rapidbus_penang,4765
12000505,Dewan Sri Pokok Macang,5.48895,100.46866,,rapidbus_penang,4766
12001536,Masjid Alor Merah,5.45055,100.40517,,rapidbus_penang,4767
12002621,PEKAN PADANG SERAI,5.5137701,100.5521371,,rapidbus_penang,4768
12002624,Stesen Bas Padang Serai,5.5067888,100.5515862,,rapidbus_penang,4769
12000497,Masjid Pokok Macang,5.48778,100.4753,,rapidbus_penang,4770
12000502,Taman Sena Jaya 1,5.48887,100.45854,,rapidbus_penang,4771
12000646,Taman Bakawali,5.48005,100.50438,,rapidbus_penang,4772
12000650,Kampung Selamat I,5.49587,100.51321,,rapidbus_penang,4773
12002254,Apartment Bayan Permai,5.29525,100.26251,,rapidbus_penang,4774
12001931,Intel,5.327264,100.29819,,rapidbus_penang,4775
12001933,Mapa Glove,5.327569,100.29807,,rapidbus_penang,4776
12001965,Plexus Riverside,5.3169,100.2962,,rapidbus_penang,4777
12002095,TPC (M) Sdn. Bhd.,5.321028,100.29422,,rapidbus_penang,4778
12002273,Kuala Sg.Pinang 1,5.3905400000000006,100.1957,,rapidbus_penang,4779
12000257,Masjid At-Taqwa,5.5195300000000005,100.43649,,rapidbus_penang,4780
12000260,Taman Bertam Indah 2,5.5283,100.43481,,rapidbus_penang,4781
12000380,Permatang Tok Loba,5.513406,100.40665,,rapidbus_penang,4782
12000999,Kemas Kepala Batas,5.534548,100.4329,,rapidbus_penang,4783
12000258,SK/SMK Bertam Indah,5.52456,100.43502,,rapidbus_penang,4784
12000263,Masjid At-Taqwa Bertam,5.51972,100.43628,,rapidbus_penang,4785
12000384,Kompleks Kepala Batas,5.51738,100.4258,,rapidbus_penang,4786
12000386,Pasaraya Longwan,5.52086,100.42652,,rapidbus_penang,4787
12000152,Sungai Burung,5.33592,100.2069,,rapidbus_penang,4788
12000165,Kg Sungai Burung 3,5.351,100.20919,,rapidbus_penang,4789
12000170,Masjid Jalan Baru,5.357080000000001,100.2104,,rapidbus_penang,4790
12000657,Kampung Parit Lama 2,5.30966,100.20539,,rapidbus_penang,4791
12000665,Pemancar Pulau Betong,5.305,100.20146,,rapidbus_penang,4792
12000734,Pondok Polis,5.35228,100.20797,,rapidbus_penang,4793
12002257,Kampung Sg.Korok,5.3529602,100.2036215,,rapidbus_penang,4794
12000974,Pasar Sg. Pinang,5.39901,100.21339,,rapidbus_penang,4795
12000982,Surau Haji Hashim,5.40179,100.2048,,rapidbus_penang,4796
12001604,Taman Mutiara,5.37387,100.21514,,rapidbus_penang,4797
12001607,Kraf Batik Sungai Rusa,5.3771,100.21449,,rapidbus_penang,4798
12002625,Klinik Kesihatan Padang Serai,5.510374099999999,100.5535426,,rapidbus_penang,4799
12002626,PEKAN PADANG SERAI,5.5134017,100.5527057,,rapidbus_penang,4800
12002629,TAMAN MAHSURI,5.514880799999999,100.541596,,rapidbus_penang,4801
12000967,Kuartes PBA,5.409590000000001,100.29346,,rapidbus_penang,4802
12000870,Restoran McDonald,5.401269999999999,100.30418,,rapidbus_penang,4803
12001386,Tesco Tanjung Pinang II,5.45803,100.30851,,rapidbus_penang,4804
12000538,SMJK Heng Ee,5.40061,100.30887,,rapidbus_penang,4805
12000938,Rumah P. Ramlee,5.40966,100.31485,,rapidbus_penang,4806
12000994,Jalan Patani.,5.409892,100.32281,,rapidbus_penang,4807
12002240,Jalan P.Ramlee I,5.406724,100.3116,,rapidbus_penang,4808
12001346,SJKC Kwang Hwa,5.427147,100.383125,,rapidbus_penang,4809
12001904,Taman Mesra Permai,5.43091,100.39318,,rapidbus_penang,4810
12000905,Pusat Perniagaan Desa Murni,5.43886,100.4311,,rapidbus_penang,4811
12000929,Taman Dedap,5.43092,100.39354,,rapidbus_penang,4812
12002037,Flat Mak Mandin,5.41984,100.38737,,rapidbus_penang,4813
12002039,Taman Mak Mandin,5.42022,100.39313,,rapidbus_penang,4814
12000112,Taman Mesra,5.4284300000000005,100.39722,,rapidbus_penang,4815
12001584,Jejantas Jalan Sungai Pinang,5.3998800000000005,100.32544,,rapidbus_penang,4816
12001977,Pasar Farlim,5.39391,100.28861,,rapidbus_penang,4817
12002022,SK Batu Lanchang,5.39884,100.30117,,rapidbus_penang,4818
12002973,Jetty,5.414445300000001,100.3420128,,rapidbus_penang,4819
12001281,Petronas Tok Kangar,5.32455,100.43483,,rapidbus_penang,4820
12002111,Flat Macullum,5.4070800000000006,100.33167,,rapidbus_penang,4821
12000304,USM,5.356580999999999,100.29281,,rapidbus_penang,4822
12000305,Lapang Sasar Bukit Gambir,5.35952,100.29309,,rapidbus_penang,4823
12001128,Permatang Damar Laut 2,5.2765,100.26765,,rapidbus_penang,4824
12001073,Klinik Kesihatan,5.40235,100.31497,,rapidbus_penang,4825
12001078,Stadium Bandaraya,5.41124,100.31603,,rapidbus_penang,4826
12001087,Harmony View,5.40007,100.31494,,rapidbus_penang,4827
12001642,Mewah Court,5.39259,100.30614,,rapidbus_penang,4828
12000408,Seri Bayu,5.295746,100.256454,,rapidbus_penang,4829
12000515,Taman Cahaya,5.28741,100.22129,,rapidbus_penang,4830
12000614,Jalan Kg. Suluk,5.29242,100.22269,,rapidbus_penang,4831
12000851,(M2) Spice,5.32736,100.28051,,rapidbus_penang,4832
12000882,Masjid Bayan Baru,5.323671,100.28688,,rapidbus_penang,4833
12001497,SRJK Keong Hoe,5.34654,100.29564,,rapidbus_penang,4834
12001502,Apartmen Desa Universiti,5.35216,100.29911,,rapidbus_penang,4835
12000838,Kolej Disted-Stamford,5.422867,100.3085,,rapidbus_penang,4836
12001012,Pusat Agro Pelancongan,5.34165,100.27393,,rapidbus_penang,4837
12001017,Pangsapuri Green Garden,5.366619,100.27307,,rapidbus_penang,4838
12001354,Hospital P.Pinang I,5.4170300000000005,100.30933,,rapidbus_penang,4839
12001427,Snake Temple,5.314244,100.28605,,rapidbus_penang,4840
12000101,Sekolah St. Nicholas,5.43559,100.30415,,rapidbus_penang,4841
12000102,SMJK Phor Tay,5.437126999999999,100.30551,,rapidbus_penang,4842
12000208,Masjid Terapung,5.46871,100.27733,,rapidbus_penang,4843
12000230,Pantai Miami,5.47772,100.2674,,rapidbus_penang,4844
12000365,Hardware Pulau Tikus,5.43024,100.31296,,rapidbus_penang,4845
12000368,SMK/SK Convent Pulau Tikus,5.43267,100.30824,,rapidbus_penang,4846
12000831,Ayam Garam Macalister,5.41718,100.32225,,rapidbus_penang,4847
12001649,Starbucks,5.44693,100.30534,,rapidbus_penang,4848
12001651,Island Plaza,5.450130000000001,100.30545,,rapidbus_penang,4849
12001660,Flat Uda,5.46212,100.30649,,rapidbus_penang,4850
12002056,Jejantas Terminal Feri,5.414516000000001,100.341866,,rapidbus_penang,4851
12002058,Pejabat Pos Besar P.Pinang,5.41721,100.34428,,rapidbus_penang,4852
12000600,Kampung Gajah,5.41406,100.37227,,rapidbus_penang,4853
12001051,Permatang Berah,5.5106720000000005,100.38333,,rapidbus_penang,4854
12001059,Pekan Penaga,5.52682,100.38098,,rapidbus_penang,4855
12001106,SMK Sri Muda,5.53434,100.38035,,rapidbus_penang,4856
12002545,Teluk Air Tawar Indah,5.490835,100.384217,,rapidbus_penang,4857
12000088,Taman Riang,5.42368,100.37624,,rapidbus_penang,4858
12000094,Taman Bagan Ajam,5.43622,100.38041,,rapidbus_penang,4859
12000603,Wisma Peladang,5.41755,100.37396,,rapidbus_penang,4860
12000758,Desa Kuala Muda,5.56899,100.35284,,rapidbus_penang,4861
12001105,SMK Sri Muda,5.53425,100.38048,,rapidbus_penang,4862
12001119,Kampung Tok Oteh,5.56383,100.37674,,rapidbus_penang,4863
12000117,Bagan Lalang,5.43722,100.39754,,rapidbus_penang,4864
12000119,Taman Industri Cengal,5.4403,100.39736,,rapidbus_penang,4865
12000539,Pangsapuri Capri,5.40638,100.3731,,rapidbus_penang,4866
12000904,Hub Desa Murni,5.43841,100.43275,,rapidbus_penang,4867
12000076,Dhoby Ghaut,5.41246,100.30957,,rapidbus_penang,4868
12000962,Apartmen Rifle Court,5.40678,100.29602,,rapidbus_penang,4869
12000964,Villa Sri Melati Apartment,5.4073,100.29462,,rapidbus_penang,4870
12001022,Paya Terubong Cemetery,5.38044,100.27504,,rapidbus_penang,4871
12001375,Pejabat Pos Padang Tembak,5.4069400000000005,100.2884,,rapidbus_penang,4872
12001974,Lebuhraya Thean Teik,5.38921,100.28046,,rapidbus_penang,4873
12000057,Pekan Air Itam,5.40182,100.27837,,rapidbus_penang,4874
12000073,(M2) SMKA Al-Mashoor(Hentian Transit),5.40832,100.3037,,rapidbus_penang,4875
12001512,Taman Pengkalan Machang,5.44393,100.43013,,rapidbus_penang,4876
12001555,Lubuk Meriam,5.4747900000000005,100.45748,,rapidbus_penang,4877
12001558,Pokok Sena,5.48384,100.45754,,rapidbus_penang,4878
12001560,(M2) Taman Sena Jaya,5.48776,100.45752,,rapidbus_penang,4879
12000486,Kompleks Tasek Gelugor,5.48172,100.49468,,rapidbus_penang,4880
12001860,Masjid Abdullah Fahim,5.51905,100.46468,,rapidbus_penang,4881
12001923,Tesco Kepala Batas,5.51601,100.4439,,rapidbus_penang,4882
12002088,Bertam Putra 2,5.517096,100.490746,,rapidbus_penang,4883
12002568,(M3) Taman Bertam Putra,5.517558999999999,100.485954,,rapidbus_penang,4884
12002569,MIdtown PERDA,5.5026399,100.5016051,,rapidbus_penang,4885
12002576,Sunshine Bertam II,5.5166833,100.4501562,,rapidbus_penang,4886
12002952,Pasaraya Mydin Bertam,5.5178069,100.4772391,,rapidbus_penang,4887
12000285,Apartmen Green Lane Height,5.39361,100.29983,,rapidbus_penang,4888
12000933,Flat Seri Hussain,5.40639,100.30955,,rapidbus_penang,4889
12001587,JKP Sungai Pinang,5.40643,100.31944,,rapidbus_penang,4890
12001798,Jalan Tembaga,5.38924,100.29984,,rapidbus_penang,4891
12002246,Jalan Sir Ibrahim I,5.395454,100.3087,,rapidbus_penang,4892
12000024,Astaka Taman Tun Sardon,5.36916,100.305,,rapidbus_penang,4893
12001205,Permatang Janggus,5.39928,100.41718,,rapidbus_penang,4894
12000395,Taman Chai Leng I,5.39042,100.38924,,rapidbus_penang,4895
12002989,Sunway Carnival Mall,5.398755,100.398741,,rapidbus_penang,4896
12001809,Pasar Awam,5.3929800000000006,100.4016,,rapidbus_penang,4897
12000130,Longwan,5.6241900000000005,100.47829,,rapidbus_penang,4898
12000597,Central Square,5.636909999999999,100.48814,,rapidbus_penang,4899
12002980,CP2,5.4314919,100.3770532,,rapidbus_penang,4900
12000187,(M3) Mydin Mall,5.36975,100.41549,,rapidbus_penang,4901
12000277,Taman Jelatik,5.22485,100.49545,,rapidbus_penang,4902
12000279,Taman Rebana,5.24192,100.4844,,rapidbus_penang,4903
12001426,Snake Temple,5.31388,100.28609,,rapidbus_penang,4904
12002211,(M1) Lapangan Terbang Antarabangsa Pulau Pinang,5.292606,100.2648269,,rapidbus_penang,4905
12001265,Balai Polis Simpang Empat,5.28365,100.47665,,rapidbus_penang,4906
12001357,Taman Impian Ria,5.309480000000001,100.47986,,rapidbus_penang,4907
12001361,AEON Pintu Utama,5.3192,100.47679,,rapidbus_penang,4908
12001363,Taman Sri Kijang,5.32134,100.47659,,rapidbus_penang,4909
12001680,Muda Paper I,5.28443,100.52026,,rapidbus_penang,4910
12001690,Taman Tasek Indah,5.2848,100.5063,,rapidbus_penang,4911
12001693,Taman Tasek Harmoni,5.28498,100.49889,,rapidbus_penang,4912
12001698,SK Seri Tasek,5.28559,100.52179,,rapidbus_penang,4913
12002582,Jessel Ball Sport Center,5.321427,100.483697,,rapidbus_penang,4914
12002594,Tesco Alma,5.315483,100.478198,,rapidbus_penang,4915
12002597,Muda Paper Mill,5.284538,100.519954,,rapidbus_penang,4916
12000793,SK Juara,5.34658,100.48762,,rapidbus_penang,4917
12000794,Pusat Khidmat Rakyat,5.3474330000000005,100.484924,,rapidbus_penang,4918
12001093,Astaka Perda,5.36815,100.4277,,rapidbus_penang,4919
12001183,Klinik Desa Kampung Pertama,5.39215,100.41782,,rapidbus_penang,4920
12000352,Petronas Bukit Tengah,5.349819999999999,100.43389,,rapidbus_penang,4921
12002324,Petron Bukit Minyak,5.330213,100.447696,,rapidbus_penang,4922
12000332,Asia Machinery,5.31957,100.45676,,rapidbus_penang,4923
12000334,Taman Perindustrian Bukit Minyak,5.32183,100.45151,,rapidbus_penang,4924
12000335,Pusat Perniagaan Juru Jaya,5.32336,100.44897,,rapidbus_penang,4925
12000342,Makmal Veterinar,5.33479,100.4447,,rapidbus_penang,4926
12000345,Balai Polis Bukit Tengah,5.34774,100.4347,,rapidbus_penang,4927
12000916,Pasaraya C-MART,5.17691,100.48184,,rapidbus_penang,4928
12000923,IPD Seberang Perai Selatan,5.19716,100.493,,rapidbus_penang,4929
12001261,Taman Cegar,5.27208,100.47677,,rapidbus_penang,4930
12001278,Taman Sukun,5.3103,100.46632,,rapidbus_penang,4931
12001481,Pusat Perniagaan Jawi Jaya,5.20528,100.49716,,rapidbus_penang,4932
12000704,Masjid Permatang Kampung Sireh,5.36103,100.43723,,rapidbus_penang,4933
12002334,Masjid Daerah Jawi,5.194506,100.491577,,rapidbus_penang,4934
12000956,Masjid Padang Lalang,5.36508,100.44823,,rapidbus_penang,4935
12002323,Taman Limau Manis,5.35246,100.434163,,rapidbus_penang,4936
12002327,Taman Permatang Tinggi Indah,5.295154,100.47923,,rapidbus_penang,4937
12001937,Komtar,5.41378,100.33094,,rapidbus_penang,4938
12001991,Lip Sin 2,5.34265,100.29459,,rapidbus_penang,4939
12002113,(M1) JETTY A,5.414174,100.3422281,,rapidbus_penang,4940
12000297,Pangsapuri Golf View,5.33856,100.29256,,rapidbus_penang,4941
12003022,Pusat Sejahtera,5.35879,100.30251,,rapidbus_penang,4942
12000441,Kampung Haji Osman,5.15941,100.47601,,rapidbus_penang,4943
12000939,Taman Harapan Baru,5.13093,100.47726,,rapidbus_penang,4944
12002162,Hentian Raya Parit Buntar,5.1181722,100.4872271,,rapidbus_penang,4945
12001101,Permatang Batu,5.36426,100.43189,,rapidbus_penang,4946
12000566,Pekan Jelutong,5.3879,100.3127,,rapidbus_penang,4947
12000029,SAM Engineering,5.304917,100.29403,,rapidbus_penang,4948
12000607,Broadcom,5.3234580000000005,100.30109,,rapidbus_penang,4949
12000608,Esquel Group,5.323992,100.29932,,rapidbus_penang,4950
12002052,Advantest Engineering,5.298522,100.29017,,rapidbus_penang,4951
12000875,Towa (M) Sdn. Bhd.,5.306497,100.27693,,rapidbus_penang,4952
12000876,Astaka Bukit Gedung,5.31614,100.28407,,rapidbus_penang,4953
12000901,Kompleks Institut Pendidikan,5.45032,100.30222,,rapidbus_penang,4954
12000207,Hotel Hard Rock,5.467280000000001,100.2423,,rapidbus_penang,4955
12000210,By The Sea,5.46956,100.24496,,rapidbus_penang,4956
12000212,Mar Vista,5.470619999999999,100.2772,,rapidbus_penang,4957
12001959,Lebuh Raya Gelugor II,5.38759,100.30667,,rapidbus_penang,4958
12002078,Klinik Menara,5.302219999999999,100.26071,,rapidbus_penang,4959
12002309,Tadika Smart Reader,5.280193,100.279486,,rapidbus_penang,4960
12000309,SMK Bukit Gambir,5.37038,100.29667,,rapidbus_penang,4961
12000426,Kem Sungai Ara 2,5.3137300000000005,100.26593,,rapidbus_penang,4962
12000436,Masjid Al-huda Sungai Ara,5.32301,100.27192,,rapidbus_penang,4963
12000577,Peugeot Center,5.401017,100.32309,,rapidbus_penang,4964
12000850,I Avenue,5.32716,100.28524,,rapidbus_penang,4965
12001133,Permatang Damar Laut 2,5.27841,100.27075,,rapidbus_penang,4966
12001136,Hadapan Rumah Kedai,5.2799,100.27699,,rapidbus_penang,4967
12001803,SMK Raja Tun uda,5.32036,100.28318,,rapidbus_penang,4968
12000719,Gurney Hotel,5.429469999999999,100.31879,,rapidbus_penang,4969
12000727,Gurney Plaza,5.43594,100.30881,,rapidbus_penang,4970
12001648,Caltex,5.44589,100.30502,,rapidbus_penang,4971
12001654,Taman Batu Bukit,5.45289,100.30597,,rapidbus_penang,4972
12001672,Hotel Copthorne,5.46555,100.29173,,rapidbus_penang,4973
12001675,Hotel Flamingo,5.46612,100.2877,,rapidbus_penang,4974
12001750,Escape,5.4494,100.21493,,rapidbus_penang,4975
12001759,Jalan Hassan Abbas,5.45747,100.21137,,rapidbus_penang,4976
12001760,Pasar Teluk Bahang,5.45754,100.21301,,rapidbus_penang,4977
12002252,Aseania Court,5.45741751,100.2082558,,rapidbus_penang,4978
12000009,Apartment Sri Saujana,5.407058,100.3333,,rapidbus_penang,4979
12002081,Taman Gedung Heights II,5.31727,100.28004,,rapidbus_penang,4980
12002317,Pangsapuri Mayang,5.31838,100.28491,,rapidbus_penang,4981
12000811,Tenby School,5.45849,100.28229,,rapidbus_penang,4982
12002018,Flat Permai Jaya,5.45504,100.28214,,rapidbus_penang,4983
12000520,Kawasan Perkelahan Tanjung Asam,5.2823400000000005,100.21153,,rapidbus_penang,4984
12000622,SK Seri Bayu,5.29429,100.23016,,rapidbus_penang,4985
12001493,Kampung Dua Bukit,5.34278,100.29931,,rapidbus_penang,4986
12002001,(M2) Lintang Angsana,5.388977,100.28198,,rapidbus_penang,4987
12000862,Persatuan Kanak - Kanak Sepastik,5.38894,100.30366,,rapidbus_penang,4988
12001040,Surau Permatang Tok Jaya,5.46675,100.40012,,rapidbus_penang,4989
12001593,(M2) Taman Seri Pinang,5.44968,100.39957,,rapidbus_penang,4990
12002033,Balai Polis Mak Mandin,5.419580000000001,100.3896,,rapidbus_penang,4991
12002387,Kedai Runcit Permatang Binjai,5.500845,100.395095,,rapidbus_penang,4992
12000040,SK Penanti,5.40254,100.46455,,rapidbus_penang,4993
12001523,Pekan Sungai Dua,5.446587999999999,100.43059,,rapidbus_penang,4994
12001546,Lorong Haji Din,5.457902,100.44458,,rapidbus_penang,4995
12001561,Desa Murni,5.44057,100.42944,,rapidbus_penang,4996
12001167,Klinik Desa,5.41528,100.43773,,rapidbus_penang,4997
12000326,(M2) Masjid Tok Lebai Hashim,5.33202,100.45079,,rapidbus_penang,4998
12000589,Pusat Perniagaan Taman Juru,5.31968,100.44816,,rapidbus_penang,4999
12000959,Pusat Borong Fama,5.36537,100.44286,,rapidbus_penang,5000
12002045,Desa Wawasan,5.35668,100.44814,,rapidbus_penang,5001
12002503,Pangsapuri Taman Pelangi,5.345024,100.425211,,rapidbus_penang,5002
12002505,Pusat Komersial Nagasari,5.361658,100.410934,,rapidbus_penang,5003
12002525,Mahkamah Bukit Mertajam,5.353875,100.45163,,rapidbus_penang,5004
12000150,Pejabat Pos Balik Pulau,5.34925,100.23331,,rapidbus_penang,5005
12001029,Permata Court Complex,5.39245,100.27588,,rapidbus_penang,5006
12001036,Klinik Desa Paya Terubong.,5.39799,100.27734,,rapidbus_penang,5007
12001787,PUSPAKOM,5.30122,100.23174,,rapidbus_penang,5008
12000093,Taman Bagan Ajam,5.43435,100.37948,,rapidbus_penang,5009
12000507,Taman Desa Sena,5.48904,100.46307,,rapidbus_penang,5010
12001590,Masjid Jamek Sungai Puyu,5.447628,100.394684,,rapidbus_penang,5011
12001997,Taman Meranti,5.44303,100.38258,,rapidbus_penang,5012
12002613,Pusat Serenti Kampung Selamat,5.5017693,100.5230244,,rapidbus_penang,5013
12002619,Taman Lagenda,5.514208,100.5350702,,rapidbus_penang,5014
12000498,KEMAS Pokok Macang,5.48816,100.47266,,rapidbus_penang,5015
12001784,Hentian Kampung Bukit,5.29606,100.23228,,rapidbus_penang,5016
12002272,Kampung Sungai Pinang,5.395931200000001,100.2119596,,rapidbus_penang,5017
12002275,Surau Haji Hashim,5.40176,100.20456,,rapidbus_penang,5018
12002276,Jalan Sungai Rusa 1,5.3803934,100.2139988,,rapidbus_penang,5019
12000382,Permatang Manggis,5.515609,100.418015,,rapidbus_penang,5020
12000383,Taman Sepakat,5.51619,100.42226,,rapidbus_penang,5021
12000706,Kampung Datok,5.526,100.42808,,rapidbus_penang,5022
12000265,Taman Bertam,5.532030000000001,100.43365,,rapidbus_penang,5023
12000378,Klinik Desa Permatang Sintok,5.51152,100.40382,,rapidbus_penang,5024
12000707,Lahar Ikan Mati,5.53006,100.42935,,rapidbus_penang,5025
12002548,Taman Permatang Sintok,5.512908,100.405519,,rapidbus_penang,5026
12000174,Sungai Korok 2,5.36175,100.21144,,rapidbus_penang,5027
12000630,Hadapan Lrg Kpg Perlis 2,5.32647,100.20576,,rapidbus_penang,5028
12000633,Lrg Kpg Perlis 12,5.31154,100.20353,,rapidbus_penang,5029
12000654,Hub Pulau Betong,5.304819999999999,100.19483,,rapidbus_penang,5030
12000655,Masjid Pulau Betong,5.30612,100.20284,,rapidbus_penang,5031
12000656,Simpang Masjid Pulau Betong,5.306780000000001,100.20347,,rapidbus_penang,5032
12000662,Taman Desa Genting,5.33115,100.21468,,rapidbus_penang,5033
12000735,Titi Sungai Korok,5.35259,100.20561,,rapidbus_penang,5034
12001568,Taman Impian,5.35195,100.23135,,rapidbus_penang,5035
12001575,SK Titi Teras,5.35885,100.22451,,rapidbus_penang,5036
12000975,SRJK Sin Min,5.39905,100.21344,,rapidbus_penang,5037
12000978,Jalan Haji Hamid Senawi,5.40036,100.20934,,rapidbus_penang,5038
12000983,Kampung Bukit Kecil,5.403519999999999,100.20106,,rapidbus_penang,5039
12001478,Simpang Bandar Baru Air Putih,5.370830000000001,100.21644,,rapidbus_penang,5040
12001600,Kampung Permatang Pasir,5.36966,100.21644,,rapidbus_penang,5041
12001603,Taman Mutiara,5.37352,100.21532,,rapidbus_penang,5042
12001620,Madrasah Tahfiz - Irfanratul,5.3921,100.21018,,rapidbus_penang,5043
12002628,PUSAT PERNIAGAAN PADANG SERAI,5.515278599999999,100.5453565,,rapidbus_penang,5044
12002633,Balai Bomba Kampung Selamat,5.500551799999999,100.5219998,,rapidbus_penang,5045
12001030,Permata Court Complex,5.392462,100.27584,,rapidbus_penang,5046
12002287,Hotel Cititel,5.42168,100.33383,,rapidbus_penang,5047
12000868,SMK Convent Green Lane,5.396780000000001,100.30341,,rapidbus_penang,5048
12000871,McDonald Green Lane,5.40146,100.30395,,rapidbus_penang,5049
12000873,SMK Penang Free,5.403490000000001,100.3037,,rapidbus_penang,5050
12000247,Apartment Bayan Permai,5.29562,100.26242,,rapidbus_penang,5051
12001585,Sungai Pinang,5.40265,100.32297,,rapidbus_penang,5052
12001780,SK Teluk Kumbar,5.29041,100.2326,,rapidbus_penang,5053
12000827,Masjid Simpang Enam,5.41438,100.32784,,rapidbus_penang,5054
12001086,Wat Bhuparam,5.4259,100.31669,,rapidbus_penang,5055
12000936,Flat Seri Hussain,5.40632,100.3096,,rapidbus_penang,5056
12000990,Apartmen Taman Sri Pinang,5.405831,100.3215,,rapidbus_penang,5057
12001392,Jalan Siram I,5.4084,100.37763,,rapidbus_penang,5058
12002380,Taman Cengkih,5.436338,100.397457,,rapidbus_penang,5059
12000587,Klinik Desa Juru,5.31629,100.44367,,rapidbus_penang,5060
12001799,Desa Wawasan,5.35668,100.44823,,rapidbus_penang,5061
12002513,Taman Cempedak,5.359499,100.444621,,rapidbus_penang,5062
12002515,Taman Kota Permai II,5.339307,100.456139,,rapidbus_penang,5063
12002519,Taman Perusahaan Ringan Juru,5.317480000000001,100.43251,,rapidbus_penang,5064
12002520,Perodua Juru,5.334788,100.433795,,rapidbus_penang,5065
12000435,SK Agama Sungai Ara,5.321918,100.27153,,rapidbus_penang,5066
12000414,Kampung Perlis,5.298158,100.261536,,rapidbus_penang,5067
12000848,Mayang Mall,5.32693,100.2843,,rapidbus_penang,5068
12000879,Pasaraya Giant,5.32071,100.28571,,rapidbus_penang,5069
12001779,Saujana Heights,5.28949,100.24884,,rapidbus_penang,5070
12001807,Klinik Kesihatan,5.321205,100.27917,,rapidbus_penang,5071
12001845,Masjid Sungai Nibong Kecil,5.3326,100.28684,,rapidbus_penang,5072
12002013,Taman Kumbar Permai,5.29084,100.22771,,rapidbus_penang,5073
12000437,Kondominium Tunas Residensi,5.330318,100.27852,,rapidbus_penang,5074
12000835,Buddhist Society,5.4223,100.31149,,rapidbus_penang,5075
12001002,Kompleks Golden Triangle,5.331664,100.27662,,rapidbus_penang,5076
12001014,Simpang Tingkat Bukit Jambul,5.346059,100.272514,,rapidbus_penang,5077
12001423,Dynacraft Industries Sdn. Bhd.,5.30481,100.27917,,rapidbus_penang,5078
12001812,Masjid Bandar Baru Air Itam,5.39384,100.2852,,rapidbus_penang,5079
12000105,Jalan Bagan Jermal(Gurney),5.439603,100.30738,,rapidbus_penang,5080
12000203,Tropical Spice Garden,5.46341,100.22881,,rapidbus_penang,5081
12000215,Hotel Holiday Inn,5.47222,100.2467,,rapidbus_penang,5082
12000233,Double Tree Resort,5.47821,100.26893,,rapidbus_penang,5083
12000239,Kem Tentera,5.48085,100.25641,,rapidbus_penang,5084
12000363,Premier Centre,5.42833,100.31481,,rapidbus_penang,5085
12000371,(M1) Hospital Adventist,5.43375,100.30376,,rapidbus_penang,5086
12001645,Balai Bomba Bagan Jermal,5.44107,100.30725,,rapidbus_penang,5087
12001647,Marina Bay,5.44366,100.30592,,rapidbus_penang,5088
12001656,Masjid Karwa,5.455769999999999,100.30721,,rapidbus_penang,5089
12001657,Tesco Tanjung Pinang,5.45885,100.3079,,rapidbus_penang,5090
12001767,Jalan Teluk Bahang,5.46117,100.21923,,rapidbus_penang,5091
12001943,Balai Polis,5.418646,100.34356,,rapidbus_penang,5092
12000606,Taman Riang,5.42287,100.37588,,rapidbus_penang,5093
12000742,Desa Kuala Muda,5.56895,100.35284,,rapidbus_penang,5094
12000747,SK Pulau Mertajam,5.5727400000000005,100.3642,,rapidbus_penang,5095
12001053,Permatang Pak Maras,5.516947,100.38269,,rapidbus_penang,5096
12001713,Bagan Lebai Tahir,5.45338,100.38323,,rapidbus_penang,5097
12001724,Taman Teluk Molek,5.47741,100.3833,,rapidbus_penang,5098
12001727,SMK Telok Air Tawar,5.47954,100.38336,,rapidbus_penang,5099
12001729,SK Telok Air Tawar,5.48475,100.38359,,rapidbus_penang,5100
12002552,Balai Bomba Kuala Muda,5.5697410000000005,100.350214,,rapidbus_penang,5101
12000741,Bakau Tua,5.56893,100.36159,,rapidbus_penang,5102
12000750,Masjid Pulau Mertajam,5.57324,100.36513,,rapidbus_penang,5103
12000752,Pulau Mertajam,5.57404,100.36669,,rapidbus_penang,5104
12000754,Kampung Telok Manan,5.57561,100.36813,,rapidbus_penang,5105
12001733,Taman Air Tawar Indah,5.49306,100.38409,,rapidbus_penang,5106
12002444,(M2) Pangkalan TUDM,5.4638947,100.3826764,,rapidbus_penang,5107
12000115,Taman Mesra Indah,5.43518,100.39709,,rapidbus_penang,5108
12000903,Simpang Lorong Murni 6,5.43724,100.43298,,rapidbus_penang,5109
12000049,Klinik Kesihatan Bandar Baru Air Itam,5.38963,100.2851,,rapidbus_penang,5110
12001372,Flat 4E Farlim,5.3861300000000005,100.28323,,rapidbus_penang,5111
12001819,SMK Air Itam,5.39532,100.28632,,rapidbus_penang,5112
12001918,Masjid Kapitan Keling,5.417451,100.33745,,rapidbus_penang,5113
12001972,Perumahan PDRM,5.38801,100.27852,,rapidbus_penang,5114
12001999,Lintang Angsana,5.3887,100.28208,,rapidbus_penang,5115
12002099,Tingkat Paya Terubong 2 - 1,5.37092,100.2774,,rapidbus_penang,5116
12001507,Taman Desa Murni,5.43538,100.43078,,rapidbus_penang,5117
12001511,Klinik Kesihatan,5.44226,100.42986,,rapidbus_penang,5118
12001530,SK Sungai Dua,5.4491,100.43259,,rapidbus_penang,5119
12001549,Nyior Sebatang,5.46622,100.45441,,rapidbus_penang,5120
12002362,Kampung Kepala Bukit,5.409221,100.4491042,,rapidbus_penang,5121
12000250,Pejabat Tanah,5.51392,100.43542,,rapidbus_penang,5122
12000253,IPD Seberang Prai Utara,5.51394,100.43967,,rapidbus_penang,5123
12000255,Pejabat Tanah Kepala Batas,5.51499,100.43655,,rapidbus_penang,5124
12000488,SK Tasek Gelugor,5.48305,100.49185,,rapidbus_penang,5125
12001871,Taman Sepadu,5.487509999999999,100.49512,,rapidbus_penang,5126
12001873,Masjid Kubang Menderung,5.518669999999999,100.5064,,rapidbus_penang,5127
12001875,Kampung Pokok Jenerih,5.52133,100.50013,,rapidbus_penang,5128
12002090,Bertam Putra 4,5.51994,100.49356,,rapidbus_penang,5129
12002566,Klinik Kesihatan Tasek Gelugor,5.4846900000000005,100.491119,,rapidbus_penang,5130
12003000,Klinik Kesihatan Tasek Gelugor,5.4845511,100.4911088,,rapidbus_penang,5131
12000065,Tadika St. Paul,5.405069999999999,100.28191,,rapidbus_penang,5132
12000637,Kampung Pisang II,5.39923,100.27958,,rapidbus_penang,5133
12000016,Astaka Taman Tun Sardon,5.3690940000000005,100.30492,,rapidbus_penang,5134
12000466,Jalan Delima,5.38019,100.30267,,rapidbus_penang,5135
12000467,Jalan Delima 3,5.3814,100.29879,,rapidbus_penang,5136
12000536,SMJK Heng Ee,5.40039,100.30877,,rapidbus_penang,5137
12001887,(M1) Tesco Tunku Kudin,5.377228,100.31506,,rapidbus_penang,5138
12001960,(M2) Pasar Batu Lanchang I,5.38943,100.30688,,rapidbus_penang,5139
12002244,Jalan Delima 4,5.3830800000000005,100.2996,,rapidbus_penang,5140
12001213,PPR Ampang Jajar,5.41352,100.40059,,rapidbus_penang,5141
12001186,Permatang Janggus 2,5.4037,100.41655,,rapidbus_penang,5142
12001187,Taman Arowana Emas,5.40839,100.41389,,rapidbus_penang,5143
12001198,Petron Permatang Pauh,5.37611,100.42096,,rapidbus_penang,5144
12002369,Pasaraya Billion,5.413703,100.37725,,rapidbus_penang,5145
12002371,Pangsapuri Telaga Emas,5.413335,100.374728,,rapidbus_penang,5146
12000191,Kompleks Chai Leng Park,5.38194,100.39278,,rapidbus_penang,5147
12002091,Dewan JKKK,5.40415,100.40063,,rapidbus_penang,5148
12002647,(M2) Pasar Seberang Jaya,5.3950938,100.3969954,,rapidbus_penang,5149
12000390,Taman Inderawasih,5.39072,100.38898,,rapidbus_penang,5150
12001993,Masjid Sembilang,5.40205,100.39852,,rapidbus_penang,5151
12000248,SK Kampung Baru I,5.34943,100.47122,,rapidbus_penang,5152
12002543,Sunway Carnival,5.398624,100.397254,,rapidbus_penang,5153
12002502,Dataran Jam Besar Sg.Petani,5.643604,100.488968,,rapidbus_penang,5154
12000331,Kampung Permatang Tok Subuh,5.31906,100.45774,,rapidbus_penang,5155
12000880,Pasaraya Giant,5.32101,100.28599,,rapidbus_penang,5156
12001000,Kompleks Golden Triangle,5.331601999999999,100.276886,,rapidbus_penang,5157
12001419,Chung Shan Chinese School,5.29816,100.27025,,rapidbus_penang,5158
12002291,Persimpangan Relau,5.35636,100.27222,,rapidbus_penang,5159
12000405,SMK Jalan Damai,5.3416,100.47388,,rapidbus_penang,5160
12000599,Pasar Awam Kampung Baru,5.3471,100.47245,,rapidbus_penang,5161
12001268,Pusat Perniagaan Simpang Empat,5.29097,100.47867,,rapidbus_penang,5162
12001270,Taman Permatang Tinggi Indah,5.29524,100.47903,,rapidbus_penang,5163
12001360,TESCO Alma,5.31597,100.4778,,rapidbus_penang,5164
12001688,Kampung Padang,5.28471,100.51138,,rapidbus_penang,5165
12001691,Taman Tasek,5.28489,100.49468,,rapidbus_penang,5166
12001273,SRJK Permatang Tinggi,5.30021,100.47737,,rapidbus_penang,5167
12002592,Jessel Ball Sport Center,5.321332,100.483751,,rapidbus_penang,5168
12002595,Taman Mutiara Simpang Empat,5.28009,100.492424,,rapidbus_penang,5169
12001095,Perda Timur,5.37144,100.43858,,rapidbus_penang,5170
12001179,Taman Pauh Indah,5.37576,100.42125,,rapidbus_penang,5171
12001262,Taman Tiong Mas,5.275869999999999,100.47706,,rapidbus_penang,5172
12001487,Taman Sri Aman,5.23365,100.49107,,rapidbus_penang,5173
12002333,Teck Land Motors,5.1806410000000005,100.484135,,rapidbus_penang,5174
12000272,Taman Jelatik,5.22461,100.49551,,rapidbus_penang,5175
12000348,Taman Kerjasama,5.357469999999999,100.42704,,rapidbus_penang,5176
12000702,SK Kebun Sireh,5.35775,100.43631,,rapidbus_penang,5177
12000954,Masjid Sungai Rambai,5.3643,100.45313,,rapidbus_penang,5178
12000957,Pusat Perniagaan Padang Lalang,5.3652,100.4464,,rapidbus_penang,5179
12001451,SK Sungai Gelugor,5.363169999999999,100.31125,,rapidbus_penang,5180
12003027,Hadapan INFORMM,5.355030999999999,100.29885,,rapidbus_penang,5181
12000537,Taman Hutchings,5.39763,100.30691,,rapidbus_penang,5182
12002005,Kingdee Southeast Asia,5.299992,100.28868,,rapidbus_penang,5183
12002008,ER Mekatron,5.298094,100.28541,,rapidbus_penang,5184
12002068,Jeti Pulau Jerejak,5.34299,100.31141,,rapidbus_penang,5185
12002070,AT Engineering,5.294347,100.28719,,rapidbus_penang,5186
12000288,Jalan Bintang,5.4570300000000005,100.30225,,rapidbus_penang,5187
12000815,SK Tanjung Bunga,5.46169,100.2798,,rapidbus_penang,5188
12000898,Hong Seng Estate,5.44099,100.30308,,rapidbus_penang,5189
12001414,Citibank,5.42364,100.32848,,rapidbus_penang,5190
12001910,Lebuh Carnavon,5.41424,100.33328,,rapidbus_penang,5191
12001958,Lebuh Raya Gelugor I,5.38604,100.30952,,rapidbus_penang,5192
12002077,Setia Triangle,5.30187,100.2603,,rapidbus_penang,5193
12002079,Lengkok Kelicap,5.303669999999999,100.25817,,rapidbus_penang,5194
12002310,Kampung Bukit Kecil,5.279669999999999,100.276522,,rapidbus_penang,5195
12000199,Kedai Kopi Kin Yuen,5.29633,100.28031,,rapidbus_penang,5196
12000302,Taman Pekaka,5.350857,100.291725,,rapidbus_penang,5197
12000425,Taman Sri Bayan,5.30795,100.26495,,rapidbus_penang,5198
12000530,Jalan Gudrwara,5.4115,100.32819,,rapidbus_penang,5199
12000580,Apartmen Desa Selatan,5.40331,100.32574,,rapidbus_penang,5200
12001129,Permatang Damar Laut,5.27776,100.26616,,rapidbus_penang,5201
12000357,Penang Plaza,5.42085,100.32521,,rapidbus_penang,5202
12000720,Evergreen Hotel,5.4303,100.31715,,rapidbus_penang,5203
12001758,Flat Hassan Abbas,5.45744,100.20961,,rapidbus_penang,5204
12002224,Klinik Kesihatan Teluk Bahang,5.45601815,100.21481635,,rapidbus_penang,5205
12000289,Jalan Bintang,5.45719,100.30215,,rapidbus_penang,5206
12000477,Jalan Evergreen,5.45319,100.30276,,rapidbus_penang,5207
12000572,Taman Cemerlang,5.39701,100.31896,,rapidbus_penang,5208
12000611,Kampung Kolam,5.41614,100.33647,,rapidbus_penang,5209
12001071,Old Town Café,5.39527,100.31467,,rapidbus_penang,5210
12001583,Jejantas Jalan Sungai Pinang,5.39985,100.32578,,rapidbus_penang,5211
12002083,Taman Gedung Heights I,5.317419999999999,100.28243,,rapidbus_penang,5212
12000813,Sekolah Kebangsaan Pendidikan Khas,5.4589300000000005,100.28025,,rapidbus_penang,5213
12000818,Ambank,5.4646,100.28041,,rapidbus_penang,5214
12002019,Flat Boon Siew,5.45621,100.2824,,rapidbus_penang,5215
12002027,TAR Kolej I,5.45371,100.28502,,rapidbus_penang,5216
12000421,Taman Rajawali,5.306222,100.26411,,rapidbus_penang,5217
12001443,Tapak Pesta Sg Nibong,5.34478,100.30175,,rapidbus_penang,5218
12001446,JPJ Batu Uban,5.35133,100.30429,,rapidbus_penang,5219
12002038,Taman Mak Mandin,5.4202,100.3933,,rapidbus_penang,5220
12002388,Tali Air Permatang Tok Gelam,5.486648000000001,100.400428,,rapidbus_penang,5221
12002393,BGM Building,5.442262,100.397436,,rapidbus_penang,5222
12000033,Masjid Tanah Liat,5.3791,100.46474,,rapidbus_penang,5223
12000037,Permatang Tok Elong,5.38797,100.46302,,rapidbus_penang,5224
12000532,Taman Seri Serdang,5.503354,100.42944,,rapidbus_penang,5225
12001330,Kampung Baru,5.49271,100.45528,,rapidbus_penang,5226
12002358,Ambank Desa Murni,5.437191,100.430124,,rapidbus_penang,5227
12002360,Pejabat Peladang Kepala Batas,5.496532,100.4322,,rapidbus_penang,5228
12000769,Petronas,5.37556,100.46498,,rapidbus_penang,5229
12000774,Permatang Tok Elong,5.38819,100.46317,,rapidbus_penang,5230
12000777,Masjid Kubang Semang,5.39999,100.46487,,rapidbus_penang,5231
12001334,Taman Orkid Permai,5.49533,100.44675,,rapidbus_penang,5232
12001339,Kolej Matrikulasi Kepala Batas,5.49717,100.43699,,rapidbus_penang,5233
12001772,Flat Taman Emas Sungai Batu,5.2864,100.23682,,rapidbus_penang,5234
12002106,7-Eleven Teluk Kumbar,5.293637,100.230385,,rapidbus_penang,5235
12002121,Kilang Trane,5.354658000000001,100.405614,,rapidbus_penang,5236
12002506,Pangsapuri Nagasari Blok B,5.366281,100.413295,,rapidbus_penang,5237
12002512,Nashmir Car Park,5.339957,100.428081,,rapidbus_penang,5238
12001027,Pangsapuri Wisma Indah,5.38804,100.27461,,rapidbus_penang,5239
12002288,BHP Kampung Baru,5.40456,100.29046,,rapidbus_penang,5240
12000090,Mahkamah Majistret,5.428,100.37727,,rapidbus_penang,5241
12000494,Taman Gelugor indah,5.48521,100.48479,,rapidbus_penang,5242
12000641,Taman Sri Desa,5.48572,100.50391,,rapidbus_penang,5243
12001516,Taman Sungai Dua Utama,5.44524,100.42712,,rapidbus_penang,5244
12000644,SMK Kg Selamat,5.49921,100.5209,,rapidbus_penang,5245
12001517,Sungai Dua Utama,5.44524,100.42716,,rapidbus_penang,5246
12001534,Masjid Alor Merah,5.45047,100.40553,,rapidbus_penang,5247
12002011,Western Digital,5.322353,100.29368,,rapidbus_penang,5248
12000261,Taman Bertam Indah,5.53241,100.43381,,rapidbus_penang,5249
12000156,Masjid Sg. Burung,5.34161,100.20776,,rapidbus_penang,5250
12000159,JPS,5.34406,100.20811,,rapidbus_penang,5251
12000166,SK Sg. Korok,5.35348,100.20959,,rapidbus_penang,5252
12000168,Sungai Korok,5.355230000000001,100.20995,,rapidbus_penang,5253
12000169,Hadapan Koperasi Keluarga Haji Ismail,5.35577,100.21005,,rapidbus_penang,5254
12000172,Sungai Korok,5.35966,100.211,,rapidbus_penang,5255
12000658,Kampung Parit Lama,5.31268,100.20744,,rapidbus_penang,5256
12000737,Kuala Jalan Baru,5.35325,100.20187,,rapidbus_penang,5257
12001570,Taman Poket Jalan Chai,5.35406,100.22939,,rapidbus_penang,5258
12000765,Balai Polis Sg. Pinang,5.39316,100.20988,,rapidbus_penang,5259
12000976,Kem PLKN Sg. Pinang,5.39993,100.2111,,rapidbus_penang,5260
12000984,Pulaza Balik Pulau,5.40989,100.19785,,rapidbus_penang,5261
12001601,Permatang Pasir,5.3712,100.2159,,rapidbus_penang,5262
12001602,Permatang Pasir,5.37137,100.21582,,rapidbus_penang,5263
12001606,Taman Sungai Rusa,5.37505,100.215004,,rapidbus_penang,5264
12001622,Klinik Desa Sg. Pinang,5.3941300000000005,100.21104,,rapidbus_penang,5265
12001625,SK Sungai Pinang,5.39725,100.21291,,rapidbus_penang,5266
12001626,SK Sungai Pinang,5.397880000000001,100.21313,,rapidbus_penang,5267
12002627,Balai Polis Padang Serai,5.514320099999999,100.549994,,rapidbus_penang,5268
12002632,PUSAT SERENTI KG. SELAMAT,5.5019935,100.5233999,,rapidbus_penang,5269
12001196,Taman Bagan,5.41467,100.38437,,rapidbus_penang,5270
12001377,Pejabat Pos Padang Tembak,5.40776,100.28855,,rapidbus_penang,5271
12000624,Flat Kampung Melayu,5.399719999999999,100.28604,,rapidbus_penang,5272
12000388,Apartment Villa Indah,5.42851,100.31058,,rapidbus_penang,5273
12000529,Persimpangan Jalan S.P Chelliah,5.407838,100.327675,,rapidbus_penang,5274
12001783,Bandar Baru Teluk Kumbar,5.294015,100.23231,,rapidbus_penang,5275
12001080,Koperasi Melayu Pulau Pinang,5.41742,100.31678,,rapidbus_penang,5276
12000472,Jalan Delima 2,5.383380000000001,100.30157,,rapidbus_penang,5277
12001589,Penang Japanese School,5.40831,100.3176,,rapidbus_penang,5278
12001811,Taman Free School,5.40421,100.30882,,rapidbus_penang,5279
12001905,Pangsapuri Mesra Jaya,5.431207,100.39625,,rapidbus_penang,5280
12001906,SMK Chung Ling,5.43305,100.3909,,rapidbus_penang,5281
12000114,Taman Dedap,5.43328,100.39697,,rapidbus_penang,5282
12001350,Jalan Raja Uda II,5.43066,100.38447,,rapidbus_penang,5283
12000853,Kilang Professinal,5.41937,100.38602,,rapidbus_penang,5284
12001044,Persimpang Jalan Haji Murshid,5.47716,100.40138,,rapidbus_penang,5285
12002379,Taman Mesra,5.428419,100.397145,,rapidbus_penang,5286
12002381,BGM Building,5.4423580000000005,100.397383,,rapidbus_penang,5287
12001975,Tanjung Court,5.39251,100.28713,,rapidbus_penang,5288
12002635,Bukit Genting,5.3156147,100.2258985,,rapidbus_penang,5289
12002298,IPD Balik Pulau,5.34169,100.22559,,rapidbus_penang,5290
12002618,South Homes,5.3072585,100.2707557,,rapidbus_penang,5291
12002138,Hadapan SMPC,5.350936,100.408519,,rapidbus_penang,5292
12002067,Jeti Pulau Jerejak,5.34299,100.31129,,rapidbus_penang,5293
12001945,Hub Relau,5.341503,100.27212,,rapidbus_penang,5294
12000307,Petronas,5.362430000000001,100.29528,,rapidbus_penang,5295
12001142,Taman Gembira,5.28106,100.27381,,rapidbus_penang,5296
12001146,SMK Batu Maung,5.28286,100.2851,,rapidbus_penang,5297
12001643,Hospital Lam Wah Ee,5.3926300000000005,100.30407,,rapidbus_penang,5298
12002279,Klinik Comfort,5.397587000000001,100.314845,,rapidbus_penang,5299
12000424,SK Mutiara Perdana,5.307906,100.26483,,rapidbus_penang,5300
12000433,SK Agama Sungai Ara,5.32181,100.27155,,rapidbus_penang,5301
12000615,Sekolah Agama Al-Itqan,5.29389,100.22424,,rapidbus_penang,5302
12001444,(M3) Tapak Pesta Sg Nibong,5.34581,100.30273,,rapidbus_penang,5303
12001494,SJKC Phor Tay,5.34373,100.29739,,rapidbus_penang,5304
12001496,(M1) Hadapan Depo Sungai Nibong,5.345187,100.29987,,rapidbus_penang,5305
12001773,SMK Teluk Kumbar,5.2864,100.241,,rapidbus_penang,5306
12001802,Giant Bayan Baru,5.32027,100.28436,,rapidbus_penang,5307
12001804,Hospital Pantai Mutiara,5.32054,100.28271,,rapidbus_penang,5308
12002103,Taman Bandar Perda,5.2918,100.22902,,rapidbus_penang,5309
12000069,Pasar Kampung Baru,5.40612,100.29637,,rapidbus_penang,5310
12001006,Flat 88,5.33689,100.27491,,rapidbus_penang,5311
12001023,Paya Terubong Cemetery,5.380875,100.27495,,rapidbus_penang,5312
12001367,Pejabat Agama Islam,5.413209999999999,100.30213,,rapidbus_penang,5313
12001816,Apartmen Desa Mawar,5.40085,100.29066,,rapidbus_penang,5314
12001817,Wisma Yatim,5.40347,100.29143,,rapidbus_penang,5315
12001841,Sungai Nibong Kecil,5.331930000000001,100.28465,,rapidbus_penang,5316
12001844,Masjid Al- Ittifaq,5.33245,100.28696,,rapidbus_penang,5317
12001969,Apartment Lone Pine,5.38657,100.27638,,rapidbus_penang,5318
12000226,Mount Pleasure,5.47745,100.2731,,rapidbus_penang,5319
12000228,Hotel Rasa Sayang,5.47755,100.2538,,rapidbus_penang,5320
12000829,Nasi Kandar Pelita,5.41614,100.32443,,rapidbus_penang,5321
12001674,Hotel Copthorne,5.46595,100.29095,,rapidbus_penang,5322
12001678,TM Resort,5.46624,100.28647,,rapidbus_penang,5323
12001679,Hotel Flamingo,5.46635,100.28857,,rapidbus_penang,5324
12000740,Kampung Bakau Tua,5.56869,100.36137,,rapidbus_penang,5325
12000743,Balai Polis Kuala Muda,5.56956,100.34885,,rapidbus_penang,5326
12001104,Kuarters Pendidikan,5.532595,100.38094,,rapidbus_penang,5327
12001125,Klinik Desa Permatang Bendahari,5.57921,100.37458,,rapidbus_penang,5328
12001723,Taman Robina,5.47455,100.38317,,rapidbus_penang,5329
12001734,Hub Teluk Air Tawar,5.49381,100.38386,,rapidbus_penang,5330
12000121,Taman Selat,5.4003,100.3683,,rapidbus_penang,5331
12000122,Jabatan Pertanian,5.40525,100.36934,,rapidbus_penang,5332
12000124,Dataran Pemuda Merdeka,5.40855,100.37041,,rapidbus_penang,5333
12000755,Kampung Telok Manan 2,5.57637,100.37019,,rapidbus_penang,5334
12001049,Titi Mukim,5.50101,100.38556,,rapidbus_penang,5335
12001050,Kampung Permatang Berah,5.50882,100.38358,,rapidbus_penang,5336
12001123,Permatang Bendahari,5.57325,100.37571,,rapidbus_penang,5337
12001712,Bagan Lebai Tahir,5.45253,100.3833,,rapidbus_penang,5338
12000070,Masjid Negeri P.Pinang(Hentian Transit),5.40765,100.29972,,rapidbus_penang,5339
12000072,Han Chiang College,5.40803,100.30364,,rapidbus_penang,5340
12000443,Pasar Jalan Kuantan,5.41218,100.32367,,rapidbus_penang,5341
12000449,SMK/SK Convent Dato Keramat,5.4127,100.31805,,rapidbus_penang,5342
12001970,Lone Pine Club,5.38659,100.27661,,rapidbus_penang,5343
12002100,Tingkat Paya Terubong 2 - 2,5.37184,100.27757,,rapidbus_penang,5344
12002101,Tingkat Paya Terubong 2 - 3,5.37357,100.27785,,rapidbus_penang,5345
12002290,Pekan Paya Terubong,5.3787,100.27488,,rapidbus_penang,5346
12000445,Kampung Makam,5.412389,100.32112,,rapidbus_penang,5347
12000448,Dhoby Ghaut,5.41269,100.30969,,rapidbus_penang,5348
12000462,Pasaraya Gama,5.41384,100.32789,,rapidbus_penang,5349
12001543,Taman Seri Merbau,5.45526,100.44108,,rapidbus_penang,5350
12002118,Taman Bertam Ria,5.5100614000000006,100.4345312,,rapidbus_penang,5351
12000402,Sunshine Bertam,5.51591,100.44924,,rapidbus_penang,5352
12001284,Kompleks Dato Kailan,5.5154,100.43176,,rapidbus_penang,5353
12001857,Kayangan,5.51841,100.45284,,rapidbus_penang,5354
12001924,Tesco Kepala Batas,5.51602,100.44413,,rapidbus_penang,5355
12002073,MPC,5.51543,100.4457,,rapidbus_penang,5356
12002995,Taman Sepadu Jaya,5.49094,100.49801,,rapidbus_penang,5357
12002999,Taman Tasek Gelugor Utama IV,5.496603,100.49957,,rapidbus_penang,5358
12000291,Jalan Bukit Bendera,5.40637,100.28088,,rapidbus_penang,5359
12000627,Jalan Kampung Melayu,5.40359,100.28847,,rapidbus_penang,5360
12001926,Muzium Pulau Pinang,5.42045,100.3391,,rapidbus_penang,5361
12001928,SMK ST. Xavier,5.42126,100.33701,,rapidbus_penang,5362
12001458,(M2) RECSAM,5.37593,100.3084,,rapidbus_penang,5363
12001641,(M3) Flat Bata Merah,5.39265,100.30711,,rapidbus_penang,5364
12002241,Jalan Tembaga II,5.389405,100.3014,,rapidbus_penang,5365
12002247,Jalan Sir Ibrahim II,5.397041000000001,100.3091,,rapidbus_penang,5366
12002248,Jalan P.Ramlee I,5.406777,100.3115,,rapidbus_penang,5367
12001705,SJKC Chung Hwa 1,5.4138,100.37743,,rapidbus_penang,5368
12002373,Pasar Malam Arowana,5.411667,100.409665,,rapidbus_penang,5369
12000907,Plaza Utama,5.3666,100.45826,,rapidbus_penang,5370
12001097,KPJ Perda,5.36934,100.43267,,rapidbus_penang,5371
12001098,Perda Utama,5.3714,100.43951,,rapidbus_penang,5372
12001188,Taman Arowana,5.41024,100.41253,,rapidbus_penang,5373
12001200,(M2) UITM Permatang Pauh,5.38223,100.41938,,rapidbus_penang,5374
12001202,Kampung Batu Dua,5.38892,100.41814,,rapidbus_penang,5375
12001203,Klinik Desa Kampung Pertama,5.39219,100.41777,,rapidbus_penang,5376
12000394,Taman Chai Leng II,5.38813,100.38871,,rapidbus_penang,5377
12000398,Pusat Perniagaan Chain Ferry II,5.40255,100.38273,,rapidbus_penang,5378
12000910,SMK Convent Butterworth,5.39717,100.36852,,rapidbus_penang,5379
12001880,Pangsapuri A1,5.39331,100.40557,,rapidbus_penang,5380
12001995,Pangsapuri RPKN,5.39495,100.40434,,rapidbus_penang,5381
12001388,SP Arena,5.38636,100.40236,,rapidbus_penang,5382
12001810,Shell Lintang Tenggiri,5.39543,100.40179,,rapidbus_penang,5383
12000249,SK Kampung Baru II,5.34995,100.47061,,rapidbus_penang,5384
12000590,Taman Tampoi Indah,5.34975,100.47315,,rapidbus_penang,5385
12000841,Pusat Perniagaan Machang Bubok,5.33765,100.50391,,rapidbus_penang,5386
12000906,Kamdar,5.36519,100.45875,,rapidbus_penang,5387
12000128,Tesco Bakar Arang,5.62185,100.47611,,rapidbus_penang,5388
12000132,Pejabat Pos Bakar Arang,5.62901,100.48063,,rapidbus_penang,5389
12000856,Stesen KTM,5.64269,100.49057,,rapidbus_penang,5390
12000186,Kampung Jalan Baru,5.36897,100.41703,,rapidbus_penang,5391
12000189,Masjid Jamek Kampung Setol,5.37271,100.41006,,rapidbus_penang,5392
12000281,SJK Tamil Valdor,5.24596,100.48027,,rapidbus_penang,5393
12000349,DB Schenker,5.336880000000001,100.44261,,rapidbus_penang,5394
12001801,Jalan Tengah,5.31906,100.28724,,rapidbus_penang,5395
12002483,Krystal Point Corporate Park,5.33108,100.297092,,rapidbus_penang,5396
12000045,SJKC Sin Ya,5.32975,100.47796,,rapidbus_penang,5397
12001371,Taman Alma Jaya,5.32842,100.48397,,rapidbus_penang,5398
12002578,Kampung Sepulau,5.2928,100.524289,,rapidbus_penang,5399
12002580,Masjid Jamek Alma Jaya,5.322216,100.478458,,rapidbus_penang,5400
12001381,AEON Gate 5,5.32132,100.47987,,rapidbus_penang,5401
12001685,Petronas Bandar Tasek Mutiara,5.285,100.49319,,rapidbus_penang,5402
12002589,Taman Sri Alma,5.328474,100.484109,,rapidbus_penang,5403
12002591,Kilang Ayamas,5.325418900000001,100.4859902,,rapidbus_penang,5404
12002601,Taman Alma,5.338741000000001,100.473841,,rapidbus_penang,5405
12000338,Pulau Mutiara Towel,5.3309,100.50749,,rapidbus_penang,5406
12000339,Bukit Teh,5.33427,100.50818,,rapidbus_penang,5407
12001181,Masjid Papan,5.38863,100.41821,,rapidbus_penang,5408
12001279,Taman Sukun,5.31038,100.4664,,rapidbus_penang,5409
12002107,Hub Nibong Tebal,5.16784,100.4783,,rapidbus_penang,5410
12002328,Shell Simpang Empat,5.289013,100.478244,,rapidbus_penang,5411
12000178,Kampung Setol,5.3709,100.41305,,rapidbus_penang,5412
12000919,(M2) Residensi Merbok,5.18444,100.48602,,rapidbus_penang,5413
12000926,Taman Jawi Jaya,5.20078,100.495,,rapidbus_penang,5414
12001274,Taman Perusahaan Usaha Jaya,5.30354,100.47298,,rapidbus_penang,5415
12001486,(M2) Taman Seri Aman,5.2334,100.49107,,rapidbus_penang,5416
12002341,Kampung Gambir,5.36421,100.439053,,rapidbus_penang,5417
12002342,Kampung Padang Lalang,5.365346,100.446593,,rapidbus_penang,5418
12000294,Taman Bukit Jambul,5.334961,100.28913,,rapidbus_penang,5419
12003017,Padang Kawad,5.356412000000001,100.29335,,rapidbus_penang,5420
12003021,Desasiswa Bakti Fajar Permai Petas,5.357158,100.30099,,rapidbus_penang,5421
12003023,Kompleks Dewan Kuliah C23,5.35803,100.30411,,rapidbus_penang,5422
12000271,Jalan Besar 2,5.15078,100.47204,,rapidbus_penang,5423
12000940,Taman Harapan Baru,5.13098,100.47698,,rapidbus_penang,5424
12001100,Pusat Perniagaan Perda,5.36494,100.43456,,rapidbus_penang,5425
12002220,Northam Hotel,5.42726713,100.32214503,,rapidbus_penang,5426
12002109,Jambatan Pulau Pinang,5.356566,100.39229,,rapidbus_penang,5427
12001989,E-Park Kondominium,5.352093,100.30987,,rapidbus_penang,5428
12000480,Jalan Gajah II,5.45985,100.30281,,rapidbus_penang,5429
12000481,Jalan Gajah I,5.4623800000000005,100.30381,,rapidbus_penang,5430
12000826,Pasar Mini,5.46216,100.28994,,rapidbus_penang,5431
12001416,Wawasan Open University,5.42627,100.32352,,rapidbus_penang,5432
12001669,Pejabat Pos Tg.Bungah,5.465269999999999,100.28159,,rapidbus_penang,5433
12000222,Pantai Shamrock,5.47495,100.2763,,rapidbus_penang,5434
12000229,Pantai Miami,5.47766,100.26751,,rapidbus_penang,5435
12000235,Apartmen Sri Sayang,5.47886,100.2552,,rapidbus_penang,5436
12002311,Surau Kampung Binjai,5.281559,100.259136,,rapidbus_penang,5437
12000021,Dewan JKKK,5.372714,100.30266,,rapidbus_penang,5438
12000245,Kampung Sungai Ara,5.32325,100.27466,,rapidbus_penang,5439
12000299,Taman Lip Sin,5.3424,100.29269,,rapidbus_penang,5440
12000306,The Palazzia,5.35975,100.29332,,rapidbus_penang,5441
12000411,SK Bayan Lepas,5.29714,100.26089,,rapidbus_penang,5442
12000431,SMK Sungai Ara,5.3194,100.27066,,rapidbus_penang,5443
12000567,Pekan Jelutong,5.389133999999999,100.31296,,rapidbus_penang,5444
12000852,SPICE Canopy,5.32785,100.27905,,rapidbus_penang,5445
12001135,Hadapan Desa Jelita,5.27911,100.27113,,rapidbus_penang,5446
12001145,Kampung Permatang Damar Laut,5.28152,100.25922,,rapidbus_penang,5447
12001149,Kampung Binjai,5.28381,100.25671,,rapidbus_penang,5448
12000356,TM Point,5.41825,100.32823,,rapidbus_penang,5449
12000726,Gurney Paragon,5.43463,100.31057,,rapidbus_penang,5450
12001658,Tesco Tanjung Pinang,5.4594,100.30772,,rapidbus_penang,5451
12001676,Grand Ocean Condominium,5.4661800000000005,100.27969,,rapidbus_penang,5452
12002200,SK Teluk Bahang,5.452978,100.2146176,,rapidbus_penang,5453
12000570,(M2) Hong Leong Bank Jelutong,5.39582,100.31751,,rapidbus_penang,5454
12000877,Pangsapuri Mayang,5.31841,100.28499,,rapidbus_penang,5455
12001450,Padang Bola USM,5.35994,100.31049,,rapidbus_penang,5456
12001452,SK Sg. Gelugor,5.36497,100.31097,,rapidbus_penang,5457
12000825,Jalan Loh Poh Heng,5.46207,100.29002,,rapidbus_penang,5458
12001413,(M3) SK Perempuan Island,5.42349,100.32843,,rapidbus_penang,5459
12000518,Balai Polis Gertak Sanggul,5.28218,100.19328,,rapidbus_penang,5460
12000521,Taman Pasir Belanda,5.28457,100.21943,,rapidbus_penang,5461
12000867,Hospital Lam Wah Ee,5.39392,100.30303,,rapidbus_penang,5462
12002301,Shineville Park,5.3996,100.29581,,rapidbus_penang,5463
12001126,Masjid Permatang Tok Gelam,5.48979,100.39963,,rapidbus_penang,5464
12002378,Taman Mak Mandin II,5.419927,100.395174,,rapidbus_penang,5465
12002391,Pekan Sg.Puyu,5.4488198,100.3975145,,rapidbus_penang,5466
12000036,SK Tanah Liat,5.38514,100.46336,,rapidbus_penang,5467
12000038,Klinik Kesihatan Kubang Semang,5.39703,100.46458,,rapidbus_penang,5468
12000534,SMK Dato Haji Ahmad Badawi,5.507008,100.42974,,rapidbus_penang,5469
12001170,Permatang Pasir,5.42057,100.43648,,rapidbus_penang,5470
12001542,Taman Seri Merbau,5.455008,100.44055,,rapidbus_penang,5471
12001545,(M3) Taman Merbau Jaya,5.45655,100.44268,,rapidbus_penang,5472
12002352,Kampung Sungai Semambu,5.39205,100.464022,,rapidbus_penang,5473
12000775,Sungai Semambu,5.39016,100.46347,,rapidbus_penang,5474
12000780,Kampung Petani,5.40645,100.45915,,rapidbus_penang,5475
12001175,Taman Ara Indah,5.41256,100.43789,,rapidbus_penang,5476
12002014,Taman Kumbar Permai,5.29087,100.22771,,rapidbus_penang,5477
12002104,Taman Bandar Perda,5.2918,100.22913,,rapidbus_penang,5478
12001434,SRJK Kwang Hwa,5.33561,100.29729,,rapidbus_penang,5479
12001440,Sungai Nibong Besar,5.3415300000000006,100.30033,,rapidbus_penang,5480
12002128,Klinik Bersatu,5.362995300000001,100.4116378,,rapidbus_penang,5481
12002526,Kompleks Sukan & Rekreasi MPSP,5.35593,100.449103,,rapidbus_penang,5482
12002602,Kastam Perai,5.35679,100.4011559,,rapidbus_penang,5483
12000143,SMK Pondok Upeh Balik Pulau,5.33659,100.22011,,rapidbus_penang,5484
12000145,Masjid Daerah Balik Pulau,5.33861,100.2222,,rapidbus_penang,5485
12002153,SK Sungai Ara,5.326485,100.272049,,rapidbus_penang,5486
12000095,Taman Molek,5.437790000000001,100.38075,,rapidbus_penang,5487
12000499,KEMAS Pokok Macang,5.48819,100.47298,,rapidbus_penang,5488
12001514,Masjid Sungai Dua,5.445198,100.427986,,rapidbus_penang,5489
12002620,TAMAN SERAI WANGI,5.5150543,100.5401127,,rapidbus_penang,5490
12000493,Taman Gelugor Indah,5.48519,100.48454,,rapidbus_penang,5491
12001513,Masjid Sungai Dua,5.44494,100.42854,,rapidbus_penang,5492
12001531,Masjid Sg Lokan,5.44991,100.40849,,rapidbus_penang,5493
12001968,PSDC,5.320034,100.29091,,rapidbus_penang,5494
12002094,AMD,5.322736,100.29578,,rapidbus_penang,5495
12000373,Permatang Binjal,5.50275,100.39319,,rapidbus_penang,5496
12002547,Pekan Lama Kepala Batas,5.516294,100.423654,,rapidbus_penang,5497
12000153,Klinik Desa Sg. Burung,5.33749,100.20715,,rapidbus_penang,5498
12000155,Jalan Sungai Burung,5.33939,100.20737,,rapidbus_penang,5499
12000158,Restoran,5.34334,100.20802,,rapidbus_penang,5500
12000163,Kg Sungai Burung 2,5.34975,100.20902,,rapidbus_penang,5501
12000632,SK Pulau Betong,5.30774,100.20289,,rapidbus_penang,5502
12000659,Kampung Terang 2,5.318309999999999,100.21105,,rapidbus_penang,5503
12000738,SJK Yeok Hua,5.35324,100.20163,,rapidbus_penang,5504
12001567,Hospital Balik Pulau,5.35091,100.23312,,rapidbus_penang,5505
12001576,SK Titi Teras,5.35886,100.22462,,rapidbus_penang,5506
12001577,Dewan JKKK Titi Teras,5.3602,100.22276,,rapidbus_penang,5507
12001578,(M3) Balai Bomba Air Putih,5.36203,100.22092,,rapidbus_penang,5508
12001579,(M1) Balai Bomba Air Putih,5.36216,100.22057,,rapidbus_penang,5509
12000761,Surau Al Hidayah,5.38857,100.19389,,rapidbus_penang,5510
12000763,Jalan Kuala Sg. Pinang,5.39312,100.20901,,rapidbus_penang,5511
12000764,Taman Jelita,5.39314,100.20311,,rapidbus_penang,5512
12000766,Pekan Kuala Sg. Pinang,5.393269999999999,100.20108,,rapidbus_penang,5513
12000989,Pusat Falak Sheik Tahir,5.41162,100.19654,,rapidbus_penang,5514
12001479,(M3) Bandar Baru Air Putih 2,5.37201,100.21986,,rapidbus_penang,5515
12001480,(M2) Bandar Baru Air Putih 1,5.3727800000000006,100.21994,,rapidbus_penang,5516
12001597,Taman Manggis Indah,5.36652,100.21696,,rapidbus_penang,5517
12001611,Masjid Jamek Sungai Rusa,5.382619999999999,100.2138,,rapidbus_penang,5518
12001612,Masjid Jamek Sungai Rusa,5.38282,100.21384,,rapidbus_penang,5519
12001613,Sekolah Agama Sungai Rusa,5.38467,100.21324,,rapidbus_penang,5520
12001621,Klinik Desa Sg. Pinang,5.39409,100.21107,,rapidbus_penang,5521
12002392,Bengkel Kimpalan Sungai Puyu,5.447873,100.396093,,rapidbus_penang,5522
12001206,Permatang Janggus 2,5.39933,100.41722,,rapidbus_penang,5523
12001035,Klinik Desa Paya Terubong,5.397772,100.27714,,rapidbus_penang,5524
12001373,Restoran Nasi Kandar Salam,5.40502,100.28869,,rapidbus_penang,5525
12000636,Kampung Pisang II,5.39888,100.28087,,rapidbus_penang,5526
12000638,Kampung Pisang,5.39927,100.27979,,rapidbus_penang,5527
12001324,Jalan Pisang Embun,5.39858,100.2836,,rapidbus_penang,5528
12000861,Shell Jalan Masjid Negeri,5.38664,100.30492,,rapidbus_penang,5529
12003137,Jalan Sungai Dua II,5.354289,100.3054,,rapidbus_penang,5530
12001382,Hadapan Medan Selera Downtown,5.45005,100.3083,,rapidbus_penang,5531
12000471,Jalan Delima 3,5.38215,100.29893,,rapidbus_penang,5532
12001586,JKP Sungai Pinang,5.40561,100.32009,,rapidbus_penang,5533
12002203,YMCA,5.4205548,100.3155555,,rapidbus_penang,5534
12001351,Jalan Raja Uda II,5.43119,100.38444,,rapidbus_penang,5535
12001353,Medan Selera Raja Uda,5.43318,100.38511,,rapidbus_penang,5536
12000931,Taman Perindustrian Teras Jaya,5.43361,100.39079,,rapidbus_penang,5537
12001343,Petronas Bagan Lalang,5.42223,100.3817,,rapidbus_penang,5538
12001393,Jalan Siram II,5.40909,100.37787,,rapidbus_penang,5539
12001394,Taman Bagan,5.41009,100.37783,,rapidbus_penang,5540
12002034,SJK Tamil Mak Mandin,5.41961,100.39109,,rapidbus_penang,5541
12002035,Pejabat Pos Mak Mandin,5.41972,100.38917,,rapidbus_penang,5542
12002377,Astaka Mak Mandin,5.415973200000001,100.3858366,,rapidbus_penang,5543
12002383,Masjid Permatang Tok Jaya,5.4571510000000005,100.401268,,rapidbus_penang,5544
12002385,Kampung Paya,5.487664,100.400169,,rapidbus_penang,5545
12000005,Pejabat Pos Macallum,5.406042,100.33189,,rapidbus_penang,5546
12000012,Apartment Sri Saujana,5.407129,100.33343,,rapidbus_penang,5547
12001990,Pangsapuri Ocean View I,5.39961,100.32716,,rapidbus_penang,5548
12002016,SJK Li Tek,5.405869999999999,100.33352,,rapidbus_penang,5549
12002025,Aeon Big,5.39034,100.4077,,rapidbus_penang,5550
12002092,Taman Sembilang,5.404719999999999,100.40275,,rapidbus_penang,5551
12002319,Balai Polis Jelutong,5.391295,100.3121711,,rapidbus_penang,5552
12000142,Masjid Jamek Kampung Paya,5.33486,100.21839,,rapidbus_penang,5553
12000586,Taman Pinang,5.31604,100.44067,,rapidbus_penang,5554
12002504,Kilang FMS,5.355735,100.413023,,rapidbus_penang,5555
12002507,Kilang Flextronix,5.351346,100.415548,,rapidbus_penang,5556
12002516,(M3) Masjid Tok Lebai Hashim,5.331774,100.450832,,rapidbus_penang,5557
12001988,Tesco Tunku Kudin,5.37429,100.31522,,rapidbus_penang,5558
12001984,Jabatan Laut Wilayah Utara,5.37344,100.31519,,rapidbus_penang,5559
12001986,Mutiara Height,5.388264,100.31889,,rapidbus_penang,5560
12001947,Kompleks Makanan Ocean View,5.40073,100.32986,,rapidbus_penang,5561
12002076,(M1) Persiaran Kapal Singh,5.39849,100.33054,,rapidbus_penang,5562
12000310,SMK Bukit Gambir,5.3704,100.29649,,rapidbus_penang,5563
12001152,Jejantas SMK Bayan Lepas,5.28665,100.2562,,rapidbus_penang,5564
12001155,Masjid Kampung Seronok,5.29036,100.25675,,rapidbus_penang,5565
12001077,Taman Zainal Abidin,5.40831,100.31609,,rapidbus_penang,5566
12000420,Taman Nuri I,5.30467,100.26292,,rapidbus_penang,5567
12000612,Flat Kg. Suluk,5.288736,100.22212,,rapidbus_penang,5568
12000050,Klinik Kesihatan Bandar Baru Air Itam,5.38964,100.28497,,rapidbus_penang,5569
12001004,SK Seri Relau,5.333880000000001,100.27581,,rapidbus_penang,5570
12001800,Jalan Tengah,5.31882,100.2873,,rapidbus_penang,5571
12001998,Lintang Angsana II,5.388035,100.28272,,rapidbus_penang,5572
12000362,Sokka Gakai,5.42736,100.31622,,rapidbus_penang,5573
12000369,Midlands One Stop Centre,5.43289,100.30629,,rapidbus_penang,5574
12001397,Sri Bahari,5.42089,100.33248,,rapidbus_penang,5575
12001399,Pejabat Maritim,5.42175,100.33142,,rapidbus_penang,5576
12001921,H.S. Sam Book Store,5.41933,100.33411,,rapidbus_penang,5577
12002318,Container Hotel,5.4142,100.34045,,rapidbus_penang,5578
12000751,Pulau Mertajam,5.57361,100.36615,,rapidbus_penang,5579
12001058,Balai Polis Penaga,5.524894000000001,100.38132,,rapidbus_penang,5580
12001709,SMK Dato 'Onn,5.44791,100.38261,,rapidbus_penang,5581
12000091,Jabatan Pertahanan Awam,5.42831,100.37746,,rapidbus_penang,5582
12000098,Pasar Awam,5.44083,100.38148,,rapidbus_penang,5583
12000760,Balai Bomba Kuala Muda,5.56962,100.3511,,rapidbus_penang,5584
12001115,SMK Tok Labu,5.55065,100.37732,,rapidbus_penang,5585
12001120,Sungai Kedak,5.567819999999999,100.37632,,rapidbus_penang,5586
12001708,SK Bagan Ajam,5.44707,100.38253,,rapidbus_penang,5587
12000077,Masjid Jamek Sheikh Yusof(Hospital),5.41355,100.31131,,rapidbus_penang,5588
12000456,Penang Times Square,5.4131540000000005,100.32621,,rapidbus_penang,5589
12000458,Stadium Bandaraya,5.41324,100.31458,,rapidbus_penang,5590
12001064,Penang Road,5.41925,100.33199,,rapidbus_penang,5591
12001818,Desa Intan - 7D,5.39329,100.28532,,rapidbus_penang,5592
12001820,Fortune Court,5.39805,100.28878,,rapidbus_penang,5593
12001821,SRJK Sin Kang,5.40045,100.2906,,rapidbus_penang,5594
12001922,Banana Boutique,5.419522,100.33361,,rapidbus_penang,5595
12002102,(M2) Tingkat Paya Terubong4,5.36975,100.27547,,rapidbus_penang,5596
12002112,Kampung Makam,5.41227,100.32089,,rapidbus_penang,5597
12002116,Terminal Komtar,5.4141808,100.3303132,,rapidbus_penang,5598
12000074,SMK (L) Methodist,5.41018,100.30699,,rapidbus_penang,5599
12000453,Pasar Jalan Kuantan,5.412776999999999,100.32437,,rapidbus_penang,5600
12002087,Bertam Putra 3,5.51699,100.49075,,rapidbus_penang,5601
12002573,Kampung Pokok Jenerih I,5.521623,100.502889,,rapidbus_penang,5602
12002951,Pusat Penjaja Bandar Putra Bertam,5.5180364,100.477164,,rapidbus_penang,5603
12002996,Taman Tasek Gelugor Utama,5.489344,100.49723,,rapidbus_penang,5604
12002998,Taman Tasek Gelugor Utama III,5.494029,100.49867,,rapidbus_penang,5605
12000290,Klinik Kesihatan Air Hitam,5.40581,100.2826,,rapidbus_penang,5606
12000293,Stesen Bukit Bendera,5.40786,100.27749,,rapidbus_penang,5607
12000625,SK Sri Aman,5.39993,100.28603,,rapidbus_penang,5608
12001037,Ambank Paya Terubong,5.39975,100.27792,,rapidbus_penang,5609
12001935,Bank Negara Malaysia,5.42049,100.34087,,rapidbus_penang,5610
12000286,Jalan Besi I,5.3949,100.30194,,rapidbus_penang,5611
12000866,Hospital Lam Wah Ee,5.39285,100.3026,,rapidbus_penang,5612
12000935,Rumah P.Ramlee,5.40966,100.31549,,rapidbus_penang,5613
12000023,Anggerik Villa,5.36856,100.30825,,rapidbus_penang,5614
12000314,SK Bukit Gelugor,5.37725,100.30232,,rapidbus_penang,5615
12001211,Taman Ampang Jajar,5.41259,100.39809,,rapidbus_penang,5616
12002343,PBA Bukit Mertajam,5.366679,100.460003,,rapidbus_penang,5617
12002374,(M3) Pusat Komersial Permatang Pauh,5.381354,100.419758,,rapidbus_penang,5618
12002375,Masjid Perda,5.368787,100.430332,,rapidbus_penang,5619
12001096,Masjid Perda,5.36871,100.43059,,rapidbus_penang,5620
12001204,SK Tok Kandu,5.39449,100.4178,,rapidbus_penang,5621
12002320,Sunway Wellesley,5.368673,100.455235,,rapidbus_penang,5622
12002366,Nashmir Perda,5.3680010000000005,100.427843,,rapidbus_penang,5623
12002367,Pasar Malam Arowana,5.411293,100.409977,,rapidbus_penang,5624
12000192,Taman Chai Leng,5.38361,100.38968,,rapidbus_penang,5625
12000397,Pusat Perniagaan Chain Ferry,5.40153,100.37983,,rapidbus_penang,5626
12001994,Taman Sembilang,5.403,100.39864,,rapidbus_penang,5627
12002093,Tesco Extra,5.40595,100.40421,,rapidbus_penang,5628
12000389,Public Bank Inderawasih,5.38858,100.38879,,rapidbus_penang,5629
12001876,Telekom Seberang Jaya,5.3865,100.40548,,rapidbus_penang,5630
12001957,Petronas Sunway,5.40021,100.39997,,rapidbus_penang,5631
12002531,Pangsapuri Lintang Tenggiri,5.395994,100.404116,,rapidbus_penang,5632
12002537,Klinik Bersatu,5.339956,100.503712,,rapidbus_penang,5633
12002539,Taman Bukit Indah,5.350002,100.479467,,rapidbus_penang,5634
12000129,Tesco Bakar Arang,5.62188,100.47648,,rapidbus_penang,5635
12000131,SMK Che Tom,5.62447,100.4788,,rapidbus_penang,5636
12000188,Medan Perniagaan Pauh Jaya,5.37137,100.41258,,rapidbus_penang,5637
12000060,Public Bank Air Putih,5.40431,100.28701,,rapidbus_penang,5638
12001359,Taman Industri Impian,5.31216,100.47903,,rapidbus_penang,5639
12001692,Taman Puteri Gunung,5.28494,100.5027,,rapidbus_penang,5640
12001696,Bandar Tasek Mutiara,5.2783,100.48369,,rapidbus_penang,5641
12001699,Pejabat Koperasi Tasek Junjung,5.29765,100.53179,,rapidbus_penang,5642
12002588,Taman Selesa,5.3292507,100.4820585,,rapidbus_penang,5643
12000800,Taman Kuari,5.3552,100.46913,,rapidbus_penang,5644
12001269,Taman Permatang Tinggi Indah,5.294630000000001,100.47935,,rapidbus_penang,5645
12001697,Pusat Perniagaan Tasek Mutiara,5.27834,100.48439,,rapidbus_penang,5646
12002329,Masjid Simpang Empat,5.282946,100.476674,,rapidbus_penang,5647
12001177,SIRIM,5.37009,100.42318,,rapidbus_penang,5648
12000924,SK Jawi,5.19728,100.49322,,rapidbus_penang,5649
12001260,Taman Tempua,5.271780000000001,100.47683,,rapidbus_penang,5650
12001484,Lean Teik Trading,5.23714,100.4893,,rapidbus_penang,5651
12002325,Leeden Hercules,5.32153,100.452924,,rapidbus_penang,5652
12002330,Balai Bomba Sungai Bakap,5.261616,100.472897,,rapidbus_penang,5653
12000283,Silitech,5.25611,100.4723,,rapidbus_penang,5654
12000323,Klinik Kesihatan Bukit Minyak,5.32721,100.44779,,rapidbus_penang,5655
12000324,Taman Bukit Minyak,5.3289,100.44755,,rapidbus_penang,5656
12001275,MDC Kuari,5.30505,100.4714,,rapidbus_penang,5657
12001488,Taman Rebana,5.24258,100.48367,,rapidbus_penang,5658
12002335,Hospital Sungai Bakap,5.218885,100.497921,,rapidbus_penang,5659
12002337,Oriental Polymer,5.251126999999999,100.474559,,rapidbus_penang,5660
12000960,Pusat Perniagaan Padang Lalang,5.36565,100.44286,,rapidbus_penang,5661
12000955,Padang Lalang,5.364730000000001,100.44968,,rapidbus_penang,5662
12001454,BSN Gelugor,5.36943,100.31026,,rapidbus_penang,5663
12001462,Flat PPR Jalan Sungai,5.407030000000001,100.3247,,rapidbus_penang,5664
12001903,Apartmen Taman Sri Pinang,5.406219999999999,100.32298,,rapidbus_penang,5665
12001941,Pasar Lebuh Cecil,5.40688,100.32832,,rapidbus_penang,5666
12003020,Stor Pusat Kimia Universiti,5.356237999999999,100.30054,,rapidbus_penang,5667
12003028,Desasiswa Aman Damai,5.354976000000001,100.297,,rapidbus_penang,5668
12002500,Petronas Nibong Tebal,5.1590569,100.4759619,,rapidbus_penang,5669
12002029,TAR Kolej I,5.4539800000000005,100.28435,,rapidbus_penang,5670
12002031,Lorong Lembah Permai 3,5.45452,100.28829,,rapidbus_penang,5671
12000565,Bukit Dumbar,5.38595,100.31157,,rapidbus_penang,5672
12002009,Microlead,5.291417,100.28672,,rapidbus_penang,5673
12002060,Hadapan Queensbay Mall,5.332325,100.30773,,rapidbus_penang,5674
12002994,Taman Tun Hussein Onn,5.3861454,100.4057448,,rapidbus_penang,5675
12000080,Sekolah Ikthisas Tentera Udara,5.45865,100.28951,,rapidbus_penang,5676
12000899,Pusat Penjagaan Kanak - Kanak,5.44589,100.30257,,rapidbus_penang,5677
12000970,Gleneagles I,5.42659,100.31886,,rapidbus_penang,5678
12001668,Menara Asas,5.46519,100.28331,,rapidbus_penang,5679
12000214,Balai Polis Batu Feringghi,5.47115,100.24608,,rapidbus_penang,5680
12000216,Hotel Holiday Inn,5.47227,100.24691,,rapidbus_penang,5681
12000238,Basket Ball Court,5.4803,100.2605,,rapidbus_penang,5682
12002308,Jejantas SK Batu Maung,5.280986,100.282144,,rapidbus_penang,5683
12000303,Universiti Sains Malaysia,5.356380000000001,100.29297,,rapidbus_penang,5684
12000582,(M3) Pejabat Pos Jelutong,5.38662,100.31258,,rapidbus_penang,5685
12001138,SK Permatang Damar Laut,5.280032,100.27171,,rapidbus_penang,5686
12000721,Masjid Jamek Al Munawer,5.4307300000000005,100.31622,,rapidbus_penang,5687
12001661,Chinese Swimming Club,5.46261,100.30429,,rapidbus_penang,5688
12001763,Hub Teluk Bahang,5.45841,100.21576,,rapidbus_penang,5689
12001765,Taman Negara,5.45899,100.20662,,rapidbus_penang,5690
12003016,1926 Heritage Hotel,5.424169,100.320533,,rapidbus_penang,5691
12000482,Jalan Gajah II,5.46006,100.30282,,rapidbus_penang,5692
12000003,Flat Lebuh Noordin,5.41115,100.33395,,rapidbus_penang,5693
12000575,Maybank Jelutong,5.3979,100.31989,,rapidbus_penang,5694
12000888,Hub Pasaraya Giant,5.321734999999999,100.28442,,rapidbus_penang,5695
12001437,Ayamas Sg. Nibong,5.338055000000001,100.29855,,rapidbus_penang,5696
12001455,Maybank Gelugor,5.36971,100.31005,,rapidbus_penang,5697
12002017,SJK Li Tek,5.40604,100.33349,,rapidbus_penang,5698
12000816,Pangsapuri Azuria,5.46253,100.27991,,rapidbus_penang,5699
12002239,Lembah Permai,5.457399,100.288952,,rapidbus_penang,5700
12000619,SMK Teluk Kumbar 2,5.29035,100.2222,,rapidbus_penang,5701
12000621,Sekolah Agama Al-Itqan,5.29391,100.22448,,rapidbus_penang,5702
12002286,Pekan Paya Terubong,5.37904,100.27483,,rapidbus_penang,5703
12001046,Klinik Desa,5.47872,100.40147,,rapidbus_penang,5704
12001127,Ban Chuan Seng Rice & Oil Mills,5.49461,100.39783,,rapidbus_penang,5705
12002390,Sidee Frozen,5.4528550000000005,100.401901,,rapidbus_penang,5706
12000035,Taman Guru,5.38252,100.46362,,rapidbus_penang,5707
12000779,Kampung Petani,5.40453,100.46207,,rapidbus_penang,5708
12001174,Pengkalan Tambang,5.42701,100.43426,,rapidbus_penang,5709
12001329,(M3) SMKA Al Irshad,5.49015,100.4574,,rapidbus_penang,5710
12001331,Taman Koskam,5.4935,100.45172,,rapidbus_penang,5711
12001333,Taman Orkid Indah,5.49447,100.44875,,rapidbus_penang,5712
12002355,Giat MARA Permatang Pauh,5.409745,100.439603,,rapidbus_penang,5713
12000256,Hospital Kepala Batas,5.51278,100.43723,,rapidbus_penang,5714
12000771,Kolej Komuniti Bkt Mertajam,5.38055,100.46454,,rapidbus_penang,5715
12000781,SK Indera Muda,5.40753,100.45715,,rapidbus_penang,5716
12000783,Giat MARA Permatang Pauh,5.4097800000000005,100.43955,,rapidbus_penang,5717
12001171,SK Agama Permatang Pasir,5.42162,100.43623,,rapidbus_penang,5718
12001336,Masjid Pongsu Seribu,5.49707,100.44342,,rapidbus_penang,5719
12002207,Sekolah Memandu Batu Uban,5.3524151,100.30504659999998,,rapidbus_penang,5720
12002306,Teluk Kumbar Height,5.28865,100.2473,,rapidbus_penang,5721
12001431,PSDC,5.32164,100.29028,,rapidbus_penang,5722
12000588,Taman Sentul,5.31639,100.44188,,rapidbus_penang,5723
12000732,Taman Kota Permai,5.34403,100.45668,,rapidbus_penang,5724
12001048,Medan Selera Taman Pelangi,5.34185,100.42742,,rapidbus_penang,5725
12002124,Klinik Bersatu,5.363021400000001,100.4115651,,rapidbus_penang,5726
12000141,Hub Pekan Genting,5.33336,100.21667,,rapidbus_penang,5727
12000146,IPD Barat Daya,5.34166,100.2254,,rapidbus_penang,5728
12001782,SK Teluk Kumbar,5.29114,100.23249,,rapidbus_penang,5729
12000097,Tesco Bagan Ajam,5.43996,100.38123,,rapidbus_penang,5730
12000484,Kampung Master,5.47878,100.50047,,rapidbus_penang,5731
12000490,Pusat Komersial Tasek Gelugor,5.484312999999999,100.48904,,rapidbus_penang,5732
12000495,Kg Air Melintas Besar,5.48707,100.47806,,rapidbus_penang,5733
12000639,Taman Kemaju,5.4802480000000005,100.50426,,rapidbus_penang,5734
12001533,Masjid Sungai Lokan,5.45003,100.40833,,rapidbus_penang,5735
12001539,Alor Merah,5.45075,100.40326,,rapidbus_penang,5736
12000506,Taman Desa Sena,5.48897,100.4635,,rapidbus_penang,5737
12001520,Sungai Dua,5.446280000000001,100.42215,,rapidbus_penang,5738
12001930,ISO Tech,5.323867,100.29717,,rapidbus_penang,5739
12001949,B. Braun 2,5.309194000000001,100.28263,,rapidbus_penang,5740
12002044,Plexus Hillside,5.312353,100.2828,,rapidbus_penang,5741
12000157,Masjid Sungai Burung,5.34189,100.20783,,rapidbus_penang,5742
12000161,Sungai Burung,5.34664,100.20849,,rapidbus_penang,5743
12000173,Café Anjung Bagan,5.36121,100.21137,,rapidbus_penang,5744
12000634,(M2) Kampung Perlis 1,5.31566,100.2042,,rapidbus_penang,5745
12000663,Pekan Genting,5.332409999999999,100.21579,,rapidbus_penang,5746
12000664,Kampung Pulau Betong,5.30357,100.19714,,rapidbus_penang,5747
12001573,Pejabat Agama Daerah,5.35651,100.22722,,rapidbus_penang,5748
12000767,SJK Yu Chye,5.39328,100.20184,,rapidbus_penang,5749
12000980,Jalan Haji Abd. Ghani Taib,5.40142,100.20657,,rapidbus_penang,5750
12000981,Jalan Haji Abd. Ghani Taib,5.40147,100.20661,,rapidbus_penang,5751
12000987,Kampung Bukit Kecil,5.40369,100.20046,,rapidbus_penang,5752
12000988,Pulaza Balik Pulau,5.40903,100.1987,,rapidbus_penang,5753
12001599,Taman Manggis Indah,5.367482,100.21685,,rapidbus_penang,5754
12001623,Kampung Sungai Pinang,5.396028,100.21213,,rapidbus_penang,5755
12002299,PBA Padang Tembak,5.40821,100.29369,,rapidbus_penang,5756
12001207,Masjid Permatang Janggus,5.4019,100.41704,,rapidbus_penang,5757
12001026,Pangsapuri Wisma Indah,5.3878900000000005,100.2745,,rapidbus_penang,5758
12000292,Pasukan Bomba & Penyelamat,5.40674,100.28011,,rapidbus_penang,5759
12001082,Pangsapuri Sri Pinang,5.420856,100.31727,,rapidbus_penang,5760
12003626,Wisma Perkeso,5.429089,100.313353,,rapidbus_penang,5761
12000830,Pusat Kegiatan Guru Kelawei,5.41622,100.32396,,rapidbus_penang,5762
12001385,Hadapan Straits Quay Marina Mall,5.45791,100.31246,,rapidbus_penang,5763
12000469,Jalan Delima 4,5.38001,100.30026,,rapidbus_penang,5764
12000473,Jalan Delima,5.383719999999999,100.3047,,rapidbus_penang,5765
12000116,Bagan Lalang,5.43627,100.39756,,rapidbus_penang,5766
12000118,Taman Cengal,5.4393400000000005,100.39755,,rapidbus_penang,5767
12000540,Pasar Awam,5.40639,100.37236,,rapidbus_penang,5768
12000930,Pangsapuri Mesra Jaya,5.431109999999999,100.39561,,rapidbus_penang,5769
12000932,Pusat Perniagaan Ong Yi How,5.435219999999999,100.38886,,rapidbus_penang,5770
12001347,SJKC Kwang Hwa,5.4276800000000005,100.38346,,rapidbus_penang,5771
12001348,Jalan Raja Uda I,5.42909,100.38393,,rapidbus_penang,5772
12001352,Medan Selera Raja Uda,5.43315,100.38521,,rapidbus_penang,5773
12001395,Jalan Siram II,5.41204,100.37836,,rapidbus_penang,5774
12000107,Bengkel MPSP Mak Mandin,5.42037,100.3968,,rapidbus_penang,5775
12001042,SMK Permatang Tok Jaya,5.472158,100.40104,,rapidbus_penang,5776
12002634,Bukit Genting,5.315753599999999,100.2262096,,rapidbus_penang,5777
12000474,Komtar Timur,5.414579,100.33229,,rapidbus_penang,5778
12000859,Gereja St. George,5.419436,100.339455,,rapidbus_penang,5779
12002947,Pangsapuri Taman Pelangi,5.3453204,100.425329,,rapidbus_penang,5780
12001985,Mutiara Height,5.3881,100.31811,,rapidbus_penang,5781
12001987,Flat Macallum,5.40704,100.33189,,rapidbus_penang,5782
12001946,Pangsapuri Ocean View,5.39816,100.32812,,rapidbus_penang,5783
12001948,Summer Place,5.40109,100.33093,,rapidbus_penang,5784
12000298,(M2) Pangsapuri Golf View,5.340762000000001,100.29247,,rapidbus_penang,5785
12001130,Taman Desa Wangsa,5.2778,100.27061,,rapidbus_penang,5786
12001072,Harmony View,5.400284,100.31487,,rapidbus_penang,5787
12001075,Kampung Dodol,5.404419,100.31553,,rapidbus_penang,5788
12001089,Stadium Bandaraya,5.41135,100.31609,,rapidbus_penang,5789
50500,Taman Wahyu,3.21451,101.672178,,ktmb,5790
50600,BATU CAVES,3.237796,101.681215,,ktmb,5791
52800,Angkasapuri,3.113212,101.673367,,ktmb,5792
52900,Pantai Dalam,3.095607,101.669927,,ktmb,5793
53000,PETALING,3.086485,101.664338,,ktmb,5794
47300,PADANG BESAR,6.662205,100.319514,,ktmb,5795
54500,Bukit Badak,3.036147,101.470176,,ktmb,5796
54700,KLANG,3.043078,101.449543,,ktmb,5797
50400,Kampung Batu,3.204892,101.675584,,ktmb,5798
53600,SETIA JAYA,3.083373,101.61143,,ktmb,5799
53700,SUBANG JAYA,3.084554,101.587373,,ktmb,5800
36700,Skudai,1.557728,103.668209,,ktmb,5801
400,BUKIT TENGAH,5.3646,100.42173,,ktmb,5802
600,BUKIT MERTAJAM,5.365998,100.447993,,ktmb,5803
5700,PADANG RENGAS,4.777932,100.857424,,ktmb,5804
6300,Kuala Kangsar,4.776524,100.932601,,ktmb,5805
7300,SUNGAI SIPUT,4.818757,101.071261,,ktmb,5806
8600,TASEK,4.65289,101.12028,,ktmb,5807
9000,IPOH,4.597526,101.07333,,ktmb,5808
1700,Nibong Tebal,5.16942,100.47965,,ktmb,5809
1900,PARIT BUNTAR,5.130571,100.486575,,ktmb,5810
2600,BAGAN SERAI,5.028068,100.527197,,ktmb,5811
1000,SIMPANG AMPAT,5.28599,100.48097,,ktmb,5812
3300,BUKIT MERAH,5.0419,100.64617,,ktmb,5813
4500,KAMUNTING,4.89589,100.7191,,ktmb,5814
4700,Taiping,4.852059,100.731489,,ktmb,5815
43100,Kobah,5.97233,100.44068,,ktmb,5816
44000,Alor Star,6.113136,100.369291,,ktmb,5817
43500,TOKAI,6.029316,100.408681,,ktmb,5818
44900,Kodiang,6.37066,100.30266,,ktmb,5819
45800,ARAU,6.431952,100.269002,,ktmb,5820
46300,BUKIT KATRI,6.52375,100.25713,,ktmb,5821
50000,SENTUL,3.183581,101.688802,,ktmb,5822
37400,HOLIDAY PLAZA,1.488583,103.759833,,ktmb,5823
35500,SEDENAK,1.712253,103.522491,,ktmb,5824
37600,Woodlands,1.443716,103.769551,,ktmb,5825
40500,TASEK GELUGOR,5.482175,100.497955,,ktmb,5826
41400,SUNGAI PETANI,5.642978,100.489755,,ktmb,5827
37500,JB SENTRAL,1.463147,103.764445,,ktmb,5828
42400,GURUN,5.824291,100.477451,,ktmb,5829
68700,Jerantut,3.937265,102.357945,,ktmb,5830
69100,PADANG PIOL,4.0011,102.4022,,ktmb,5831
69400,TEMBELING,4.3373,102.3006,,ktmb,5832
69600,Mela,4.10555,102.3154,,ktmb,5833
70000,SUNGAI LIK,4.0889,102.2087,,ktmb,5834
70200,Krambit,4.117319,102.19952,,ktmb,5835
63700,Kemayan,3.135827,102.370571,,ktmb,5836
64100,Mengkuang,5.330575,102.203137,,ktmb,5837
64400,Triang,3.246451,102.411322,,ktmb,5838
71300,KUALA LIPIS,4.186634,102.053791,,ktmb,5839
8000,CHEMOR,4.81887,101.0713,,ktmb,5840
9400,LAHAT,4.54219,101.05266,,ktmb,5841
9700,BATU GAJAH,4.459894,101.0493,,ktmb,5842
10200,KOTA BHARU (PK),4.4026,101.07912,,ktmb,5843
10900,KAMPAR,4.302787,101.153512,,ktmb,5844
12900,SUNGKAI,4.006223,101.301512,,ktmb,5845
14100,SLIM RIVER,3.827134,101.402164,,ktmb,5846
14600,BEHRANG,3.745477,101.450007,,ktmb,5847
15200,TANJUNG MALIM,3.685142,101.518165,,ktmb,5848
17300,Serendah,3.376172,101.614532,,ktmb,5849
17800,RAWANG,3.318955,101.575012,,ktmb,5850
11600,TAPAH ROAD,4.173861,101.189333,,ktmb,5851
16100,KUALA KUBU BARU,3.553215,101.639591,,ktmb,5852
18500,SUNGAI BULUH,3.206356,101.580128,,ktmb,5853
18600,KEPONG,3.202996,101.637381,,ktmb,5854
18700,Segambut,3.186514,101.664032,,ktmb,5855
18800,Putra,3.165399,101.691101,,ktmb,5856
18900,Bank Negara,3.155105,101.693118,,ktmb,5857
19000,KUALA LUMPUR,3.139444,101.693333,,ktmb,5858
15400,KALUMPANG,3.5566,101.5612,,ktmb,5859
19100,KL SENTRAL,3.134167,101.686111,,ktmb,5860
19300,Seputih,3.113612,101.681474,,ktmb,5861
19400,SALAK SELATAN,3.098413,101.705055,,ktmb,5862
19600,BANDAR TASEK (S),3.076229,101.711119,,ktmb,5863
19900,SERDANG,3.023404,101.716056,,ktmb,5864
20400,KAJANG,2.983222,101.790669,,ktmb,5865
20500,UKM,2.939775,101.787623,,ktmb,5866
20900,BANGI,2.904467,101.785943,,ktmb,5867
21300,BATANG BENAR,2.829904,101.826655,,ktmb,5868
18100,KUANG,3.258267,101.554794,,ktmb,5869
22400,Tiroi,2.741459,101.871914,,ktmb,5870
22700,SEREMBAN,2.719169,101.940792,,ktmb,5871
23900,Rembau,2.593055,102.094653,,ktmb,5872
25100,Pulau Sebang (Tampin),2.46396,102.226308,,ktmb,5873
21500,Nilai,2.802356,101.799303,,ktmb,5874
22000,LABU,2.754501,101.826656,,ktmb,5875
26400,Batang Melaka,2.473743,102.415698,,ktmb,5876
27800,Gemas,2.579606,102.611682,,ktmb,5877
28300,Batu Anam,2.580443,102.702269,,ktmb,5878
29100,Segamat,2.507074,102.813959,,ktmb,5879
29500,Genuang,2.48837,102.88443,,ktmb,5880
29900,TENANG,2.465,102.956944,,ktmb,5881
30500,Labis,2.383181,103.019587,,ktmb,5882
31300,Bekok,2.295713,103.129726,,ktmb,5883
32100,Paloh,2.186932,103.193987,,ktmb,5884
33200,Kluang,2.033666,103.31773,,ktmb,5885
33600,Mengkibol,1.975921,103.334342,,ktmb,5886
34200,Rengam,1.884852,103.403207,,ktmb,5887
34800,Layang-Layang,1.813828,103.475791,,ktmb,5888
32400,Chamek,2.143042,103.238584,,ktmb,5889
36000,Kulai,1.663129,103.600489,,ktmb,5890
36600,SENAI,1.663129,103.600489,,ktmb,5891
36900,Kempas Bahru,1.535744,103.721801,,ktmb,5892
37100,Pasir gudang,1.444783,103.92152,,ktmb,5893
76600,Pan Malayan,4.91299,101.977,,ktmb,5894
76800,Sungai Koyan,4.963018,102.010637,,ktmb,5895
77000,Kampung Sg.Sirian,5.02507,102.03904,,ktmb,5896
72600,Dura,4.459419,101.940204,,ktmb,5897
72700,Aur Gading,4.44072,101.95489,,ktmb,5898
73100,Chegar Perah,4.49059,101.94379,,ktmb,5899
78400,Sri Bintang,5.160115,102.08597,,ktmb,5900
53800,BATU TIGA,3.076091,101.559811,,ktmb,5901
54200,SHAH ALAM,3.056388,101.525302,,ktmb,5902
54400,PADANG JAWA,3.052532,101.492742,,ktmb,5903
55100,JALAN KASTAM,3.013128,101.402599,,ktmb,5904
55200,PEL. KLANG (S),2.999323,101.39179,,ktmb,5905
53100,Jalan Templer,3.084013,101.656402,,ktmb,5906
53400,Kg.Datuk Harun,3.084828,101.632339,,ktmb,5907
53500,Seri Setia,3.083373,101.61143,,ktmb,5908
55500,PULAU INDAH,2.960352,101.346347,,ktmb,5909
54800,Teluk Pulai,3.04089,101.432153,,ktmb,5910
54900,Teluk Gadong,3.033932,101.424947,,ktmb,5911
55000,Kampung Raja Uda,3.020253,101.41023,,ktmb,5912
62500,SERTING,2.810356,102.404968,,ktmb,5913
85500,Bunut Susu,6.09638,102.17623,,ktmb,5914
100,BUTTERWORTH,5.393343,100.366201,,ktmb,5915
39600,Gelang Patah,1.439209,103.590013,,ktmb,5916
39700,Tanjung Pelepas,1.385313,103.559204,,ktmb,5917
16300,RASA,3.500586,101.634113,,ktmb,5918
16500,BATANG KALI,3.46838,101.637759,,ktmb,5919
19205,Midvalley,3.119211,101.678865,,ktmb,5920
23100,SUNGAI GADUT,2.660898,101.996158,,ktmb,5921
45600,KODIANG,6.37053,100.3023,,ktmb,5922
44400,ANAK BUKIT,6.183395,100.374874,,ktmb,5923
78500,Sri Mahligai,5.31332,101.77286,,ktmb,5924
78700,Sri Jaya,5.30785,102.00906,,ktmb,5925
78900,Kemubu,5.35271,102.31175,,ktmb,5926
79300,Dabong,5.377071,102.010175,,ktmb,5927
79800,Kuala Gris,5.49379,102.08047,,ktmb,5928
80000,Bukit Abu,5.37267,102.08513,,ktmb,5929
77200,Sungai Sirian,5.0337,102.04945,,ktmb,5930
81700,Pahi,5.54847,102.23977,,ktmb,5931
60800,LONDAH,2.810356,102.404968,,ktmb,5932
61000,ROMPIN,2.810356,102.404968,,ktmb,5933
61800,Bahau,2.811299,102.403595,,ktmb,5934
64700,MENTRI,3.246451,102.411322,,ktmb,5935
64900,Mengkarak,3.33114,102.418784,,ktmb,5936
66100,Mentakab,3.483896,102.343041,,ktmb,5937
66600,Kerdau,3.577513,102.3697,,ktmb,5938
67100,SUNGAI DALAM,3.710453,102.366258,,ktmb,5939
67400,Kuala Krau,3.710453,102.366258,,ktmb,5940
18400,Kepong Sentral,3.208653,101.62849,,ktmb,5941
37405,DANGA CITY MALL,1.4753,103.7548,,ktmb,5942
22900,Senawang,2.690138,101.972336,,ktmb,5943
71800,Pdg.Tungku,4.23397,101.98883,,ktmb,5944
72000,KG TELANG,4.186634,102.053791,,ktmb,5945
72200,B.Betong,4.39984,101.92368,,ktmb,5946
72400,Kg.Berkam,4.20116,102.05187,,ktmb,5947
67900,Jenderak,3.807343,102.359165,,ktmb,5948
68200,JERANSONG,3.937265,102.357945,,ktmb,5949
73500,Sungai Temau,4.49778,101.9474,,ktmb,5950
74000,KUBANG RUSA,4.69314,102.00328,,ktmb,5951
74500,Teluk Gunong,4.63526,101.99271,,ktmb,5952
74800,Merapoh,4.69314,102.00328,,ktmb,5953
75000,Mentara Baru,4.78934,102.01179,,ktmb,5954
75300,LAPAN TUPAI,4.878941,101.966634,,ktmb,5955
76000,Gua Musang,4.878941,101.966634,,ktmb,5956
82100,Kuala Krai,5.529884,102.202808,,ktmb,5957
77400,Limau Kasturi,5.08019,102.06936,,ktmb,5958
77800,Bertam Baru,5.142897,102.045598,,ktmb,5959
77900,Bertam,5.148,102.05066,,ktmb,5960
78100,Jerek Baru,5.1739,102.00993,,ktmb,5961
78300,Sungai Tasin,5.19518,102.01353,,ktmb,5962
84200,Bukit Panau,5.89126,102.15727,,ktmb,5963
84400,Sungai Keladi,5.9052,102.15896,,ktmb,5964
84600,To' Uban,5.98236,102.11687,,ktmb,5965
84800,Cicha Tinggi,6.0225,102.14004,,ktmb,5966
85100,Pasir Mas,6.042713,102.142574,,ktmb,5967
80300,Kg Baru Bukit Abu,5.32983,102.1214,,ktmb,5968
80500,Ulu Temiang,5.30765,102.15629,,ktmb,5969
80700,Kg.Baru Sg.Mengkuang,5.38989,102.14639,,ktmb,5970
81200,Manek Urai,5.39103,102.23263,,ktmb,5971
85700,Wakaf Bahru,6.118313,102.200519,,ktmb,5972
86000,Kampung Kok Pasir,6.16321,102.20769,,ktmb,5973
86300,TUMPAT,6.19899,102.167621,,ktmb,5974
82400,Sungai Nal,5.58888,102.180094,,ktmb,5975
83100,Temangan,5.70241,102.15165,,ktmb,5976
83700,Tanah Merah,5.806077,102.146729,,ktmb,5977
52700,ABDULLAH HUKUM,3.11869,101.67293,,ktmb,5978
50300,Batu Kentonmen,3.198485,101.681138,,ktmb,5979
20402,KAJANG 2,2.96264,101.79207,,ktmb,5980
