from_stop_id,to_stop_id,route_id,travel_time_s,operator
AG18,AG17,AG,123,rapid_rail_kl
AG17,AG16,AG,72,rapid_rail_kl
AG16,AG15,AG,88,rapid_rail_kl
AG15,AG14,AG,98,rapid_rail_kl
AG14,AG13,AG,127,rapid_rail_kl
AG13,AG12,AG,101,rapid_rail_kl
AG12,AG11,AG,100,rapid_rail_kl
AG11,AG10,AG,105,rapid_rail_kl
AG10,AG9,AG,91,rapid_rail_kl
AG9,AG8,AG,84,rapid_rail_kl
AG8,AG7,AG,110,rapid_rail_kl
AG7,AG6,AG,113,rapid_rail_kl
AG6,AG5,AG,87,rapid_rail_kl
AG5,AG4,AG,88,rapid_rail_kl
AG4,AG3,AG,103,rapid_rail_kl
AG3,AG2,AG,80,rapid_rail_kl
AG2,AG1,AG,97,rapid_rail_kl
AG1,AG2,AG,97,rapid_rail_kl
AG2,AG3,AG,80,rapid_rail_kl
AG3,AG4,AG,103,rapid_rail_kl
AG4,AG5,AG,88,rapid_rail_kl
AG5,AG6,AG,87,rapid_rail_kl
AG6,AG7,AG,113,rapid_rail_kl
AG7,AG8,AG,110,rapid_rail_kl
AG8,AG9,AG,84,rapid_rail_kl
AG9,AG10,AG,91,rapid_rail_kl
AG10,AG11,AG,105,rapid_rail_kl
AG11,AG12,AG,94,rapid_rail_kl
AG12,AG13,AG,104,rapid_rail_kl
AG13,AG14,AG,126,rapid_rail_kl
AG14,AG15,AG,99,rapid_rail_kl
AG15,AG16,AG,90,rapid_rail_kl
AG16,AG17,AG,74,rapid_rail_kl
AG17,AG18,AG,137,rapid_rail_kl
BRT1,BRT2,BRT,175,rapid_rail_kl
BRT2,BRT3,BRT,175,rapid_rail_kl
BRT3,BRT4,BRT,145,rapid_rail_kl
BRT4,BRT5,BRT,145,rapid_rail_kl
BRT5,BRT6,BRT,145,rapid_rail_kl
BRT6,BRT7,BRT,145,rapid_rail_kl
BRT7,BRT6,BRT,175,rapid_rail_kl
BRT6,BRT5,BRT,175,rapid_rail_kl
BRT5,BRT4,BRT,145,rapid_rail_kl
BRT4,BRT3,BRT,145,rapid_rail_kl
BRT3,BRT2,BRT,145,rapid_rail_kl
BRT2,BRT1,BRT,145,rapid_rail_kl
KG04,KG05,KGL,146,rapid_rail_kl
KG05,KG06,KGL,206,rapid_rail_kl
KG06,KG07,KGL,146,rapid_rail_kl
KG07,KG08,KGL,146,rapid_rail_kl
KG08,KG09,KGL,206,rapid_rail_kl
KG09,KG10,KGL,206,rapid_rail_kl
KG10,KG12,KGL,150,rapid_rail_kl
KG12,KG13,KGL,266,rapid_rail_kl
KG13,KG14,KGL,206,rapid_rail_kl
KG14,KG15,KGL,280,rapid_rail_kl
KG15,KG16,KGL,220,rapid_rail_kl
KG16,KG17,KGL,160,rapid_rail_kl
KG17,KG18A,KGL,220,rapid_rail_kl
KG18A,KG20,KGL,206,rapid_rail_kl
KG20,KG21,KGL,146,rapid_rail_kl
KG21,KG22,KGL,160,rapid_rail_kl
KG22,KG23,KGL,206,rapid_rail_kl
KG23,KG24,KGL,146,rapid_rail_kl
KG24,KG25,KGL,206,rapid_rail_kl
KG25,KG26,KGL,206,rapid_rail_kl
KG26,KG27,KGL,206,rapid_rail_kl
KG27,KG28,KGL,146,rapid_rail_kl
KG28,KG29,KGL,206,rapid_rail_kl
KG29,KG30,KGL,146,rapid_rail_kl
KG30,KG31,KGL,206,rapid_rail_kl
KG31,KG33,KGL,266,rapid_rail_kl
KG33,KG34,KGL,146,rapid_rail_kl
KG34,KG35,KGL,160,rapid_rail_kl
KG35,KG34,KGL,146,rapid_rail_kl
KG34,KG33,KGL,146,rapid_rail_kl
KG33,KG31,KGL,266,rapid_rail_kl
KG31,KG30,KGL,206,rapid_rail_kl
KG30,KG29,KGL,146,rapid_rail_kl
KG29,KG28,KGL,206,rapid_rail_kl
KG28,KG27,KGL,146,rapid_rail_kl
KG27,KG26,KGL,206,rapid_rail_kl
KG26,KG25,KGL,206,rapid_rail_kl
KG25,KG24,KGL,206,rapid_rail_kl
KG24,KG23,KGL,146,rapid_rail_kl
KG23,KG22,KGL,220,rapid_rail_kl
KG22,KG21,KGL,146,rapid_rail_kl
KG21,KG20,KGL,146,rapid_rail_kl
KG20,KG18A,KGL,220,rapid_rail_kl
KG18A,KG17,KGL,220,rapid_rail_kl
KG17,KG16,KGL,160,rapid_rail_kl
KG16,KG15,KGL,220,rapid_rail_kl
KG15,KG14,KGL,266,rapid_rail_kl
KG14,KG13,KGL,206,rapid_rail_kl
KG13,KG12,KGL,280,rapid_rail_kl
KG12,KG10,KGL,146,rapid_rail_kl
KG10,KG09,KGL,206,rapid_rail_kl
KG09,KG08,KGL,206,rapid_rail_kl
KG08,KG07,KGL,146,rapid_rail_kl
KG07,KG06,KGL,146,rapid_rail_kl
KG06,KG05,KGL,206,rapid_rail_kl
KG05,KG04,KGL,146,rapid_rail_kl
KJ37,KJ36,KJ,196,rapid_rail_kl
KJ36,KJ35,KJ,159,rapid_rail_kl
KJ35,KJ34,KJ,234,rapid_rail_kl
KJ34,KJ33,KJ,153,rapid_rail_kl
KJ33,KJ32,KJ,165,rapid_rail_kl
KJ32,KJ31,KJ,125,rapid_rail_kl
KJ31,KJ30,KJ,265,rapid_rail_kl
KJ30,KJ29,KJ,129,rapid_rail_kl
KJ29,KJ28,KJ,198,rapid_rail_kl
KJ28,KJ27,KJ,211,rapid_rail_kl
KJ27,KJ26,KJ,187,rapid_rail_kl
KJ26,KJ25,KJ,110,rapid_rail_kl
KJ25,KJ24,KJ,168,rapid_rail_kl
KJ24,KJ23,KJ,132,rapid_rail_kl
KJ23,KJ22,KJ,150,rapid_rail_kl
KJ22,KJ21,KJ,161,rapid_rail_kl
KJ21,KJ20,KJ,114,rapid_rail_kl
KJ20,KJ19,KJ,228,rapid_rail_kl
KJ19,KJ18,KJ,129,rapid_rail_kl
KJ18,KJ17,KJ,130,rapid_rail_kl
KJ17,KJ16,KJ,160,rapid_rail_kl
KJ16,KJ15,KJ,181,rapid_rail_kl
KJ15,KJ14,KJ,214,rapid_rail_kl
KJ14,KJ13,KJ,181,rapid_rail_kl
KJ13,KJ12,KJ,134,rapid_rail_kl
KJ12,KJ11,KJ,114,rapid_rail_kl
KJ11,KJ10,KJ,168,rapid_rail_kl
KJ10,KJ9,KJ,150,rapid_rail_kl
KJ9,KJ8,KJ,131,rapid_rail_kl
KJ8,KJ7,KJ,126,rapid_rail_kl
KJ7,KJ6,KJ,115,rapid_rail_kl
KJ6,KJ5,KJ,119,rapid_rail_kl
KJ5,KJ4,KJ,265,rapid_rail_kl
KJ4,KJ3,KJ,142,rapid_rail_kl
KJ3,KJ2,KJ,178,rapid_rail_kl
KJ2,KJ1,KJ,158,rapid_rail_kl
KJ1,KJ2,KJ,170,rapid_rail_kl
KJ2,KJ3,KJ,175,rapid_rail_kl
KJ3,KJ4,KJ,124,rapid_rail_kl
KJ4,KJ5,KJ,270,rapid_rail_kl
KJ5,KJ6,KJ,126,rapid_rail_kl
KJ6,KJ7,KJ,117,rapid_rail_kl
KJ7,KJ8,KJ,147,rapid_rail_kl
KJ8,KJ9,KJ,173,rapid_rail_kl
KJ9,KJ10,KJ,130,rapid_rail_kl
KJ10,KJ11,KJ,129,rapid_rail_kl
KJ11,KJ12,KJ,132,rapid_rail_kl
KJ12,KJ13,KJ,176,rapid_rail_kl
KJ13,KJ14,KJ,182,rapid_rail_kl
KJ14,KJ15,KJ,192,rapid_rail_kl
KJ15,KJ16,KJ,140,rapid_rail_kl
KJ16,KJ17,KJ,152,rapid_rail_kl
KJ17,KJ18,KJ,128,rapid_rail_kl
KJ18,KJ19,KJ,123,rapid_rail_kl
KJ19,KJ20,KJ,217,rapid_rail_kl
KJ20,KJ21,KJ,114,rapid_rail_kl
KJ21,KJ22,KJ,160,rapid_rail_kl
KJ22,KJ23,KJ,146,rapid_rail_kl
KJ23,KJ24,KJ,193,rapid_rail_kl
KJ24,KJ25,KJ,170,rapid_rail_kl
KJ25,KJ26,KJ,108,rapid_rail_kl
KJ26,KJ27,KJ,166,rapid_rail_kl
KJ27,KJ28,KJ,174,rapid_rail_kl
KJ28,KJ29,KJ,200,rapid_rail_kl
KJ29,KJ30,KJ,139,rapid_rail_kl
KJ30,KJ31,KJ,269,rapid_rail_kl
KJ31,KJ32,KJ,128,rapid_rail_kl
KJ32,KJ33,KJ,170,rapid_rail_kl
KJ33,KJ34,KJ,153,rapid_rail_kl
KJ34,KJ35,KJ,234,rapid_rail_kl
KJ35,KJ36,KJ,164,rapid_rail_kl
KJ36,KJ37,KJ,197,rapid_rail_kl
MR1,MR2,MR,168,rapid_rail_kl
MR2,MR3,MR,228,rapid_rail_kl
MR3,MR4,MR,168,rapid_rail_kl
MR4,MR5,MR,108,rapid_rail_kl
MR5,MR6,MR,138,rapid_rail_kl
MR6,MR7,MR,138,rapid_rail_kl
MR7,MR8,MR,138,rapid_rail_kl
MR8,MR9,MR,138,rapid_rail_kl
MR9,MR10,MR,168,rapid_rail_kl
MR10,MR11,MR,168,rapid_rail_kl
MR11,MR10,MR,168,rapid_rail_kl
MR10,MR9,MR,168,rapid_rail_kl
MR9,MR8,MR,138,rapid_rail_kl
MR8,MR7,MR,138,rapid_rail_kl
MR7,MR6,MR,138,rapid_rail_kl
MR6,MR5,MR,138,rapid_rail_kl
MR5,MR4,MR,108,rapid_rail_kl
MR4,MR3,MR,168,rapid_rail_kl
MR3,MR2,MR,228,rapid_rail_kl
MR2,MR1,MR,168,rapid_rail_kl
PY01,PY03,PYL,189,rapid_rail_kl
PY03,PY04,PYL,107,rapid_rail_kl
PY04,PY05,PYL,126,rapid_rail_kl
PY05,PY06,PYL,110,rapid_rail_kl
PY06,PY07,PYL,104,rapid_rail_kl
PY07,PY08,PYL,101,rapid_rail_kl
PY08,PY09,PYL,114,rapid_rail_kl
PY09,PY10,PYL,73,rapid_rail_kl
PY10,PY11,PYL,78,rapid_rail_kl
PY11,PY12,PYL,88,rapid_rail_kl
PY12,PY13,PYL,88,rapid_rail_kl
PY13,PY14,PYL,101,rapid_rail_kl
PY14,PY15,PYL,72,rapid_rail_kl
PY15,PY16,PYL,116,rapid_rail_kl
PY16,PY17,PYL,104,rapid_rail_kl
PY17,PY18,PYL,70,rapid_rail_kl
PY18,PY19,PYL,104,rapid_rail_kl
PY19,PY20,PYL,100,rapid_rail_kl
PY20,PY21,PYL,61,rapid_rail_kl
PY21,PY22,PYL,72,rapid_rail_kl
PY22,PY23,PYL,82,rapid_rail_kl
PY23,PY24,PYL,133,rapid_rail_kl
PY24,PY27,PYL,340,rapid_rail_kl
PY27,PY28,PYL,104,rapid_rail_kl
PY28,PY29,PYL,146,rapid_rail_kl
PY29,PY31,PYL,160,rapid_rail_kl
PY31,PY32,PYL,102,rapid_rail_kl
PY32,PY33,PYL,73,rapid_rail_kl
PY33,PY34,PYL,126,rapid_rail_kl
PY34,PY36,PYL,240,rapid_rail_kl
PY36,PY37,PYL,103,rapid_rail_kl
PY37,PY38,PYL,142,rapid_rail_kl
PY38,PY39,PYL,150,rapid_rail_kl
PY39,PY40,PYL,125,rapid_rail_kl
PY40,PY41,PYL,70,rapid_rail_kl
PY41,PY40,PYL,70,rapid_rail_kl
PY40,PY39,PYL,125,rapid_rail_kl
PY39,PY38,PYL,150,rapid_rail_kl
PY38,PY37,PYL,142,rapid_rail_kl
PY37,PY36,PYL,103,rapid_rail_kl
PY36,PY34,PYL,240,rapid_rail_kl
PY34,PY33,PYL,126,rapid_rail_kl
PY33,PY32,PYL,73,rapid_rail_kl
PY32,PY31,PYL,102,rapid_rail_kl
PY31,PY29,PYL,160,rapid_rail_kl
PY29,PY28,PYL,146,rapid_rail_kl
PY28,PY27,PYL,104,rapid_rail_kl
PY27,PY24,PYL,340,rapid_rail_kl
PY24,PY23,PYL,133,rapid_rail_kl
PY23,PY22,PYL,82,rapid_rail_kl
PY22,PY21,PYL,72,rapid_rail_kl
PY21,PY20,PYL,61,rapid_rail_kl
PY20,PY19,PYL,100,rapid_rail_kl
PY19,PY18,PYL,104,rapid_rail_kl
PY18,PY17,PYL,70,rapid_rail_kl
PY17,PY16,PYL,104,rapid_rail_kl
PY16,PY15,PYL,116,rapid_rail_kl
PY15,PY14,PYL,72,rapid_rail_kl
PY14,PY13,PYL,101,rapid_rail_kl
PY13,PY12,PYL,88,rapid_rail_kl
PY12,PY11,PYL,88,rapid_rail_kl
PY11,PY10,PYL,78,rapid_rail_kl
PY10,PY09,PYL,73,rapid_rail_kl
PY09,PY08,PYL,114,rapid_rail_kl
PY08,PY07,PYL,101,rapid_rail_kl
PY07,PY06,PYL,104,rapid_rail_kl
PY06,PY05,PYL,110,rapid_rail_kl
PY05,PY04,PYL,126,rapid_rail_kl
PY04,PY03,PYL,107,rapid_rail_kl
PY03,PY01,PYL,189,rapid_rail_kl
SP31,SP29,PH,232,rapid_rail_kl
SP29,SP28,PH,165,rapid_rail_kl
SP28,SP27,PH,129,rapid_rail_kl
SP27,SP26,PH,104,rapid_rail_kl
SP26,SP25,PH,120,rapid_rail_kl
SP25,SP24,PH,88,rapid_rail_kl
SP24,SP22,PH,226,rapid_rail_kl
SP22,SP21,PH,225,rapid_rail_kl
SP21,SP20,PH,132,rapid_rail_kl
SP20,SP19,PH,129,rapid_rail_kl
SP19,SP18,PH,108,rapid_rail_kl
SP18,SP17,PH,95,rapid_rail_kl
SP17,SP16,PH,165,rapid_rail_kl
SP16,SP15,PH,124,rapid_rail_kl
SP15,SP14,PH,152,rapid_rail_kl
SP14,SP13,PH,138,rapid_rail_kl
SP13,SP12,PH,129,rapid_rail_kl
SP12,SP11,PH,156,rapid_rail_kl
SP11,SP10,PH,109,rapid_rail_kl
SP10,SP9,PH,89,rapid_rail_kl
SP9,SP8,PH,91,rapid_rail_kl
SP8,SP7,PH,109,rapid_rail_kl
SP7,SP6,PH,114,rapid_rail_kl
SP6,SP5,PH,87,rapid_rail_kl
SP5,SP4,PH,88,rapid_rail_kl
SP4,SP3,PH,100,rapid_rail_kl
SP3,SP2,PH,82,rapid_rail_kl
SP2,SP1,PH,101,rapid_rail_kl
SP1,SP2,PH,97,rapid_rail_kl
SP2,SP3,PH,80,rapid_rail_kl
SP3,SP4,PH,103,rapid_rail_kl
SP4,SP5,PH,88,rapid_rail_kl
SP5,SP6,PH,87,rapid_rail_kl
SP6,SP7,PH,113,rapid_rail_kl
SP7,SP8,PH,110,rapid_rail_kl
SP8,SP9,PH,84,rapid_rail_kl
SP9,SP10,PH,91,rapid_rail_kl
SP10,SP11,PH,105,rapid_rail_kl
SP11,SP12,PH,146,rapid_rail_kl
SP12,SP13,PH,129,rapid_rail_kl
SP13,SP14,PH,144,rapid_rail_kl
SP14,SP15,PH,151,rapid_rail_kl
SP15,SP16,PH,125,rapid_rail_kl
SP16,SP17,PH,171,rapid_rail_kl
SP17,SP18,PH,129,rapid_rail_kl
SP18,SP19,PH,108,rapid_rail_kl
SP19,SP20,PH,129,rapid_rail_kl
SP20,SP21,PH,132,rapid_rail_kl
SP21,SP22,PH,225,rapid_rail_kl
SP22,SP24,PH,226,rapid_rail_kl
SP24,SP25,PH,88,rapid_rail_kl
SP25,SP26,PH,120,rapid_rail_kl
SP26,SP27,PH,104,rapid_rail_kl
SP27,SP28,PH,129,rapid_rail_kl
SP28,SP29,PH,165,rapid_rail_kl
SP29,SP31,PH,232,rapid_rail_kl
1001828,1006035,P0010,160,rapidbus_kl
1006035,1001979,P0010,92,rapidbus_kl
1001979,1006036,P0010,79,rapidbus_kl
1006036,1006206,P0010,64,rapidbus_kl
1006206,1003674,P0010,37,rapidbus_kl
1003674,1002425,P0010,28,rapidbus_kl
1002425,1003891,P0010,65,rapidbus_kl
1003891,1001844,P0010,54,rapidbus_kl
1001844,1001000,P0010,85,rapidbus_kl
1001000,1000942,P0010,172,rapidbus_kl
1000942,1000528,P0010,179,rapidbus_kl
1000528,1003570,P0010,130,rapidbus_kl
1003570,1000840,P0010,52,rapidbus_kl
1000840,1003149,P0010,28,rapidbus_kl
1003149,1002339,P0010,33,rapidbus_kl
1002339,1002272,P0010,25,rapidbus_kl
1002272,1001765,P0010,33,rapidbus_kl
1001765,1006037,P0010,184,rapidbus_kl
1006037,1002554,P0010,62,rapidbus_kl
1002554,1003446,P0010,54,rapidbus_kl
1003446,1002851,P0010,58,rapidbus_kl
1002851,1000839,P0010,50,rapidbus_kl
1000839,1003745,P0010,56,rapidbus_kl
1003745,1003075,P0010,92,rapidbus_kl
1003075,1003685,P0010,138,rapidbus_kl
1003685,1002254,P0010,170,rapidbus_kl
1002254,1000943,P0010,205,rapidbus_kl
1000943,1000999,P0010,203,rapidbus_kl
1000999,1004161,P0010,70,rapidbus_kl
1004161,1001981,P0010,120,rapidbus_kl
1001981,1006205,P0010,93,rapidbus_kl
1006205,1006033,P0010,38,rapidbus_kl
1006033,1006034,P0010,67,rapidbus_kl
1006034,1006035,P0010,143,rapidbus_kl
1001979,1006035,P0010,93,rapidbus_kl
1006035,1001509,P0010,96,rapidbus_kl
1001509,1001785,P0010,81,rapidbus_kl
1001785,1003320,P0010,115,rapidbus_kl
1003320,1000484,P0010,73,rapidbus_kl
1000484,1005034,P0010,116,rapidbus_kl
1005034,1000944,P0010,123,rapidbus_kl
1000944,1003538,P0010,74,rapidbus_kl
1003538,1004190,P0010,46,rapidbus_kl
1004190,1002675,P0010,70,rapidbus_kl
1002675,1001955,P0010,58,rapidbus_kl
1001955,1003407,P0010,85,rapidbus_kl
1003407,1001007,P0010,113,rapidbus_kl
1001007,1002619,P0010,62,rapidbus_kl
1002619,1002617,P0010,27,rapidbus_kl
1002617,1001729,P0010,140,rapidbus_kl
1001729,1003129,P0010,167,rapidbus_kl
1003129,1003339,P0010,84,rapidbus_kl
1003339,1006035,P0010,116,rapidbus_kl
1001509,1000165,P0010,64,rapidbus_kl
1000165,1001828,P0010,332,rapidbus_kl
1001828,1002556,P0020,100,rapidbus_kl
1002556,1001785,P0020,196,rapidbus_kl
1001785,1003320,P0020,121,rapidbus_kl
1003320,1000484,P0020,75,rapidbus_kl
1000484,1005034,P0020,128,rapidbus_kl
1005034,1002012,P0020,120,rapidbus_kl
1002012,1000836,P0020,32,rapidbus_kl
1000836,1000980,P0020,61,rapidbus_kl
1000980,1006038,P0020,153,rapidbus_kl
1006038,1001276,P0020,120,rapidbus_kl
1001276,1900004,P0020,45,rapidbus_kl
1900004,1000204,P0020,38,rapidbus_kl
1000204,1002865,P0020,92,rapidbus_kl
1002865,1000944,P0020,111,rapidbus_kl
1000944,1003538,P0020,80,rapidbus_kl
1003538,1004190,P0020,44,rapidbus_kl
1004190,1002675,P0020,78,rapidbus_kl
1002675,1001955,P0020,63,rapidbus_kl
1001955,1003407,P0020,91,rapidbus_kl
1003407,1001007,P0020,117,rapidbus_kl
1001007,1004179,P0020,101,rapidbus_kl
1004179,1003630,P0020,84,rapidbus_kl
1003630,1002142,P0020,24,rapidbus_kl
1002142,1004272,P0020,107,rapidbus_kl
1004272,1001828,P0020,219,rapidbus_kl
1001830,1002952,P0030,125,rapidbus_kl
1002952,1006208,P0030,198,rapidbus_kl
1006208,1006209,P0030,92,rapidbus_kl
1006209,1006210,P0030,92,rapidbus_kl
1006210,1003347,P0030,117,rapidbus_kl
1003347,1001381,P0030,288,rapidbus_kl
1001381,1006211,P0030,41,rapidbus_kl
1006211,1006212,P0030,52,rapidbus_kl
1006212,1002198,P0030,29,rapidbus_kl
1002198,1003137,P0030,169,rapidbus_kl
1003137,1006213,P0030,89,rapidbus_kl
1006213,1000032,P0030,78,rapidbus_kl
1000032,1006214,P0030,54,rapidbus_kl
1006214,1006227,P0030,96,rapidbus_kl
1006227,1006216,P0030,29,rapidbus_kl
1006216,1003501,P0030,47,rapidbus_kl
1003501,1001910,P0030,119,rapidbus_kl
1001910,1002914,P0030,124,rapidbus_kl
1002914,1006217,P0030,122,rapidbus_kl
1006217,1003552,P0030,177,rapidbus_kl
1003552,1002107,P0030,116,rapidbus_kl
1002107,1003411,P0030,39,rapidbus_kl
1003411,1001830,P0030,107,rapidbus_kl
1001830,1002952,P0040,80,rapidbus_kl
1002952,1006218,P0040,79,rapidbus_kl
1006218,1001134,P0040,80,rapidbus_kl
1001134,1002341,P0040,90,rapidbus_kl
1002341,1000031,P0040,62,rapidbus_kl
1000031,1002879,P0040,99,rapidbus_kl
1002879,1002192,P0040,93,rapidbus_kl
1002192,1002167,P0040,39,rapidbus_kl
1002167,1002969,P0040,83,rapidbus_kl
1002969,1002933,P0040,41,rapidbus_kl
1002933,1003551,P0040,44,rapidbus_kl
1003551,1004256,P0040,22,rapidbus_kl
1004256,1002817,P0040,17,rapidbus_kl
1002817,1003626,P0040,26,rapidbus_kl
1003626,1000837,P0040,45,rapidbus_kl
1000837,1002331,P0040,73,rapidbus_kl
1002331,1003205,P0040,96,rapidbus_kl
1003205,1003403,P0040,63,rapidbus_kl
1003403,1000813,P0040,31,rapidbus_kl
1000813,1000897,P0040,43,rapidbus_kl
1000897,1003414,P0040,72,rapidbus_kl
1003414,1006225,P0040,108,rapidbus_kl
1006225,1000820,P0040,54,rapidbus_kl
1000820,1003232,P0040,30,rapidbus_kl
1003232,1006226,P0040,63,rapidbus_kl
1006226,1002049,P0040,53,rapidbus_kl
1002049,1000204,P0040,75,rapidbus_kl
1000204,1006038,P0040,94,rapidbus_kl
1006038,1001276,P0040,102,rapidbus_kl
1001276,1000639,P0040,134,rapidbus_kl
1000639,1003411,P0040,67,rapidbus_kl
1003411,1001830,P0040,42,rapidbus_kl
1000909,1000248,P0050,49,rapidbus_kl
1000248,1007490,P0050,162,rapidbus_kl
1007490,1008182,P0050,46,rapidbus_kl
1008182,1008183,P0050,8,rapidbus_kl
1008183,1008184,P0050,25,rapidbus_kl
1008184,1008185,P0050,20,rapidbus_kl
1008185,1008187,P0050,20,rapidbus_kl
1008187,1000036,P0050,111,rapidbus_kl
1000036,1001431,P0050,64,rapidbus_kl
1001431,1007130,P0050,63,rapidbus_kl
1007130,1007495,P0050,20,rapidbus_kl
1007495,1002486,P0050,27,rapidbus_kl
1002486,1001246,P0050,23,rapidbus_kl
1001246,1001248,P0050,15,rapidbus_kl
1001248,1001276,P0050,206,rapidbus_kl
1001276,1002752,P0050,37,rapidbus_kl
1002752,1003411,P0050,73,rapidbus_kl
1003411,1001830,P0050,31,rapidbus_kl
1001830,1004001,P0050,68,rapidbus_kl
1004001,1007496,P0050,138,rapidbus_kl
1007496,1007128,P0050,48,rapidbus_kl
1007128,1007129,P0050,34,rapidbus_kl
1007129,1000036,P0050,57,rapidbus_kl
1001431,1007494,P0050,69,rapidbus_kl
1007494,1007493,P0050,21,rapidbus_kl
1007493,1007492,P0050,85,rapidbus_kl
1007492,1007323,P0050,34,rapidbus_kl
1007323,1008186,P0050,18,rapidbus_kl
1008186,1007095,P0050,19,rapidbus_kl
1007095,1007096,P0050,26,rapidbus_kl
1007096,1007097,P0050,13,rapidbus_kl
1007097,1007491,P0050,44,rapidbus_kl
1007491,1000909,P0050,53,rapidbus_kl
1000909,1000248,P0060,34,rapidbus_kl
1000248,1000990,P0060,62,rapidbus_kl
1000990,1007098,P0060,24,rapidbus_kl
1007098,1007471,P0060,27,rapidbus_kl
1007471,1007473,P0060,17,rapidbus_kl
1007473,1007474,P0060,20,rapidbus_kl
1007474,1002810,P0060,45,rapidbus_kl
1002810,1007475,P0060,15,rapidbus_kl
1007475,1002036,P0060,53,rapidbus_kl
1002036,1003243,P0060,229,rapidbus_kl
1003243,1007480,P0060,15,rapidbus_kl
1007480,1002796,P0060,13,rapidbus_kl
1002796,1003869,P0060,16,rapidbus_kl
1003869,1007482,P0060,53,rapidbus_kl
1007482,1007484,P0060,12,rapidbus_kl
1007484,1007486,P0060,11,rapidbus_kl
1007486,1007487,P0060,9,rapidbus_kl
1007487,1001217,P0060,18,rapidbus_kl
1001217,1007105,P0060,129,rapidbus_kl
1007105,1008657,P0060,20,rapidbus_kl
1008657,1002782,P0060,24,rapidbus_kl
1002782,1002590,P0060,42,rapidbus_kl
1002590,1000127,P0060,26,rapidbus_kl
1000127,1000135,P0060,20,rapidbus_kl
1000135,1007488,P0060,20,rapidbus_kl
1007488,1002781,P0060,32,rapidbus_kl
1002781,1001218,P0060,191,rapidbus_kl
1001218,1008083,P0060,20,rapidbus_kl
1008083,1007485,P0060,18,rapidbus_kl
1007485,1007483,P0060,25,rapidbus_kl
1007483,1003870,P0060,38,rapidbus_kl
1003870,1002795,P0060,18,rapidbus_kl
1002795,1007481,P0060,10,rapidbus_kl
1007481,1003242,P0060,20,rapidbus_kl
1003242,1007321,P0060,296,rapidbus_kl
1007321,1007320,P0060,25,rapidbus_kl
1007320,1007472,P0060,18,rapidbus_kl
1007472,1007099,P0060,28,rapidbus_kl
1007099,1007489,P0060,82,rapidbus_kl
1007489,1000909,P0060,25,rapidbus_kl
1005696,1005702,P1010,59,rapidbus_kl
1005702,1005625,P1010,97,rapidbus_kl
1005625,1005626,P1010,52,rapidbus_kl
1005626,1005627,P1010,26,rapidbus_kl
1005627,1005628,P1010,60,rapidbus_kl
1005628,1005652,P1010,318,rapidbus_kl
1005652,1005653,P1010,35,rapidbus_kl
1005653,1005654,P1010,34,rapidbus_kl
1005654,1005655,P1010,39,rapidbus_kl
1005655,1005656,P1010,39,rapidbus_kl
1005656,1005657,P1010,30,rapidbus_kl
1005657,1005658,P1010,37,rapidbus_kl
1005658,1005659,P1010,50,rapidbus_kl
1005659,1005660,P1010,22,rapidbus_kl
1005660,1005661,P1010,92,rapidbus_kl
1005661,1005662,P1010,43,rapidbus_kl
1005662,1008624,P1010,37,rapidbus_kl
1008624,1008626,P1010,152,rapidbus_kl
1008626,1008628,P1010,46,rapidbus_kl
1008628,1008630,P1010,86,rapidbus_kl
1008630,1008632,P1010,42,rapidbus_kl
1008632,1008634,P1010,32,rapidbus_kl
1008634,1005700,P1010,35,rapidbus_kl
1005700,1008629,P1010,81,rapidbus_kl
1008629,1008627,P1010,99,rapidbus_kl
1008627,1005663,P1010,97,rapidbus_kl
1005663,1005664,P1010,35,rapidbus_kl
1005664,1005665,P1010,98,rapidbus_kl
1005665,1005666,P1010,30,rapidbus_kl
1005666,1005667,P1010,45,rapidbus_kl
1005667,1005668,P1010,31,rapidbus_kl
1005668,1005669,P1010,29,rapidbus_kl
1005669,1005670,P1010,30,rapidbus_kl
1005670,1005671,P1010,41,rapidbus_kl
1005671,1005672,P1010,33,rapidbus_kl
1005672,1005673,P1010,37,rapidbus_kl
1005673,1005725,P1010,68,rapidbus_kl
1005725,1000314,P1010,293,rapidbus_kl
1000314,1000315,P1010,90,rapidbus_kl
1000315,1005626,P1010,65,rapidbus_kl
1005628,1001201,P1010,99,rapidbus_kl
1001201,1000314,P1010,125,rapidbus_kl
1000315,1005696,P1010,234,rapidbus_kl
1005597,1005693,P1020,104,rapidbus_kl
1005693,1005682,P1020,144,rapidbus_kl
1005682,1005683,P1020,51,rapidbus_kl
1005683,1005684,P1020,107,rapidbus_kl
1005684,1005685,P1020,123,rapidbus_kl
1005685,1005686,P1020,47,rapidbus_kl
1005686,1005687,P1020,84,rapidbus_kl
1005687,1005688,P1020,65,rapidbus_kl
1005688,1005689,P1020,123,rapidbus_kl
1005689,1005690,P1020,101,rapidbus_kl
1005690,1008577,P1020,206,rapidbus_kl
1008577,1008576,P1020,80,rapidbus_kl
1008576,1008592,P1020,200,rapidbus_kl
1008592,1008593,P1020,61,rapidbus_kl
1008593,1008595,P1020,97,rapidbus_kl
1008595,1000314,P1020,355,rapidbus_kl
1000314,1000315,P1020,123,rapidbus_kl
1000315,1005626,P1020,88,rapidbus_kl
1005626,1005627,P1020,39,rapidbus_kl
1005627,1005628,P1020,79,rapidbus_kl
1005628,1001201,P1020,134,rapidbus_kl
1001201,1005592,P1020,319,rapidbus_kl
1005592,1005593,P1020,76,rapidbus_kl
1005593,1005594,P1020,95,rapidbus_kl
1005594,1005595,P1020,182,rapidbus_kl
1005595,1005596,P1020,78,rapidbus_kl
1005596,1005597,P1020,139,rapidbus_kl
1005717,1008543,P1030,57,rapidbus_kl
1008543,1008541,P1030,50,rapidbus_kl
1008541,1005716,P1030,77,rapidbus_kl
1005716,1008539,P1030,50,rapidbus_kl
1008539,1008537,P1030,30,rapidbus_kl
1008537,1008535,P1030,41,rapidbus_kl
1008535,1008533,P1030,43,rapidbus_kl
1008533,1008531,P1030,49,rapidbus_kl
1008531,1008529,P1030,88,rapidbus_kl
1008529,1008527,P1030,185,rapidbus_kl
1008527,1008546,P1030,27,rapidbus_kl
1008546,1008547,P1030,31,rapidbus_kl
1008547,1008548,P1030,36,rapidbus_kl
1008548,1008549,P1030,180,rapidbus_kl
1008549,1008239,P1030,44,rapidbus_kl
1008239,1008525,P1030,240,rapidbus_kl
1008525,1005625,P1030,52,rapidbus_kl
1005625,1005626,P1030,32,rapidbus_kl
1005626,1005627,P1030,60,rapidbus_kl
1005627,1005628,P1030,105,rapidbus_kl
1005628,1001201,P1030,128,rapidbus_kl
1001201,1000314,P1030,97,rapidbus_kl
1000314,1000315,P1030,97,rapidbus_kl
1000315,1005696,P1030,93,rapidbus_kl
1005696,1008239,P1030,42,rapidbus_kl
1008525,1008546,P1030,347,rapidbus_kl
1008549,1008526,P1030,96,rapidbus_kl
1008526,1008528,P1030,38,rapidbus_kl
1008528,1008530,P1030,44,rapidbus_kl
1008530,1008532,P1030,49,rapidbus_kl
1008532,1008534,P1030,60,rapidbus_kl
1008534,1008536,P1030,68,rapidbus_kl
1008536,1008538,P1030,44,rapidbus_kl
1008538,1005715,P1030,91,rapidbus_kl
1005715,1008540,P1030,4,rapidbus_kl
1008540,1008542,P1030,50,rapidbus_kl
1008542,1005717,P1030,50,rapidbus_kl
1005662,1008624,P1040,16,rapidbus_kl
1008624,1008626,P1040,119,rapidbus_kl
1008626,1008628,P1040,31,rapidbus_kl
1008628,1008630,P1040,26,rapidbus_kl
1008630,1008632,P1040,26,rapidbus_kl
1008632,1008634,P1040,18,rapidbus_kl
1008634,1008636,P1040,37,rapidbus_kl
1008636,1008635,P1040,37,rapidbus_kl
1008635,1008633,P1040,21,rapidbus_kl
1008633,1008631,P1040,23,rapidbus_kl
1008631,1008629,P1040,26,rapidbus_kl
1008629,1008627,P1040,34,rapidbus_kl
1008627,1005731,P1040,30,rapidbus_kl
1005731,1005718,P1040,72,rapidbus_kl
1005718,1005719,P1040,91,rapidbus_kl
1005719,1008638,P1040,31,rapidbus_kl
1008638,1008637,P1040,24,rapidbus_kl
1008637,1008625,P1040,134,rapidbus_kl
1008625,1005662,P1040,104,rapidbus_kl
1005662,1005663,P1050,34,rapidbus_kl
1005663,1005664,P1050,24,rapidbus_kl
1005664,1005665,P1050,73,rapidbus_kl
1005665,1005666,P1050,29,rapidbus_kl
1005666,1005667,P1050,43,rapidbus_kl
1005667,1005668,P1050,27,rapidbus_kl
1005668,1005669,P1050,27,rapidbus_kl
1005669,1005670,P1050,29,rapidbus_kl
1005670,1005671,P1050,37,rapidbus_kl
1005671,1005672,P1050,30,rapidbus_kl
1005672,1005673,P1050,34,rapidbus_kl
1005673,1005694,P1050,148,rapidbus_kl
1005694,1005637,P1050,86,rapidbus_kl
1005637,1005639,P1050,73,rapidbus_kl
1005639,1005640,P1050,44,rapidbus_kl
1005640,1008606,P1050,33,rapidbus_kl
1008606,1005643,P1050,52,rapidbus_kl
1005643,1005644,P1050,45,rapidbus_kl
1005644,1005645,P1050,37,rapidbus_kl
1005645,1005646,P1050,32,rapidbus_kl
1005646,1000314,P1050,210,rapidbus_kl
1000314,1000315,P1050,85,rapidbus_kl
1000315,1005626,P1050,58,rapidbus_kl
1005626,1005627,P1050,29,rapidbus_kl
1005627,1005628,P1050,52,rapidbus_kl
1005628,1001201,P1050,91,rapidbus_kl
1001201,1008597,P1050,613,rapidbus_kl
1008597,1008599,P1050,37,rapidbus_kl
1008599,1008601,P1050,25,rapidbus_kl
1008601,1008603,P1050,43,rapidbus_kl
1008603,1008605,P1050,54,rapidbus_kl
1008605,1008607,P1050,26,rapidbus_kl
1008607,1005694,P1050,26,rapidbus_kl
1005639,1005652,P1050,34,rapidbus_kl
1005652,1005653,P1050,31,rapidbus_kl
1005653,1005654,P1050,32,rapidbus_kl
1005654,1005655,P1050,33,rapidbus_kl
1005655,1005656,P1050,38,rapidbus_kl
1005656,1005657,P1050,27,rapidbus_kl
1005657,1005658,P1050,35,rapidbus_kl
1005658,1005659,P1050,43,rapidbus_kl
1005659,1005660,P1050,22,rapidbus_kl
1005660,1005661,P1050,73,rapidbus_kl
1005661,1005662,P1050,246,rapidbus_kl
1005749,1005729,P1060,13,rapidbus_kl
1005729,1005667,P1060,25,rapidbus_kl
1005667,1008568,P1060,95,rapidbus_kl
1008568,1008566,P1060,47,rapidbus_kl
1008566,1005726,P1060,39,rapidbus_kl
1005726,1008564,P1060,39,rapidbus_kl
1008564,1005728,P1060,56,rapidbus_kl
1005728,1008560,P1060,21,rapidbus_kl
1008560,1005613,P1060,46,rapidbus_kl
1005613,1005722,P1060,73,rapidbus_kl
1005722,1008557,P1060,146,rapidbus_kl
1008557,1005634,P1060,32,rapidbus_kl
1005634,1005692,P1060,49,rapidbus_kl
1005692,1005617,P1060,84,rapidbus_kl
1005617,1005618,P1060,28,rapidbus_kl
1005618,1005619,P1060,24,rapidbus_kl
1005619,1005620,P1060,70,rapidbus_kl
1005620,1005621,P1060,55,rapidbus_kl
1005621,1005622,P1060,30,rapidbus_kl
1005622,1005623,P1060,33,rapidbus_kl
1005623,1005624,P1060,89,rapidbus_kl
1005624,1005625,P1060,101,rapidbus_kl
1005625,1005626,P1060,48,rapidbus_kl
1005626,1005627,P1060,28,rapidbus_kl
1005627,1005628,P1060,54,rapidbus_kl
1005628,1001201,P1060,93,rapidbus_kl
1001201,1000314,P1060,117,rapidbus_kl
1000314,1000315,P1060,84,rapidbus_kl
1000315,1005696,P1060,33,rapidbus_kl
1005696,1008239,P1060,84,rapidbus_kl
1008239,1008525,P1060,38,rapidbus_kl
1008525,1008551,P1060,70,rapidbus_kl
1008551,1008553,P1060,63,rapidbus_kl
1008553,1008554,P1060,48,rapidbus_kl
1008554,1008556,P1060,74,rapidbus_kl
1008556,1005629,P1060,51,rapidbus_kl
1005629,1005634,P1060,33,rapidbus_kl
1005692,1008558,P1060,82,rapidbus_kl
1008558,1005721,P1060,161,rapidbus_kl
1005721,1005630,P1060,107,rapidbus_kl
1005630,1008559,P1060,46,rapidbus_kl
1008559,1008562,P1060,53,rapidbus_kl
1008562,1008563,P1060,58,rapidbus_kl
1008563,1005727,P1060,53,rapidbus_kl
1005727,1008565,P1060,21,rapidbus_kl
1008565,1008567,P1060,40,rapidbus_kl
1008567,1005749,P1060,217,rapidbus_kl
1005584,1005675,P1080,246,rapidbus_kl
1005675,1000714,P1080,52,rapidbus_kl
1000714,1005589,P1080,59,rapidbus_kl
1005589,1005590,P1080,61,rapidbus_kl
1005590,1005679,P1080,52,rapidbus_kl
1005679,1008516,P1080,20,rapidbus_kl
1008516,1008518,P1080,37,rapidbus_kl
1008518,1008521,P1080,35,rapidbus_kl
1008521,1008523,P1080,61,rapidbus_kl
1008523,1005591,P1080,66,rapidbus_kl
1005591,1000314,P1080,358,rapidbus_kl
1000314,1000315,P1080,102,rapidbus_kl
1000315,1005626,P1080,76,rapidbus_kl
1005626,1005627,P1080,32,rapidbus_kl
1005627,1005628,P1080,64,rapidbus_kl
1005628,1001201,P1080,112,rapidbus_kl
1001201,1000314,P1080,137,rapidbus_kl
1001201,1008522,P1080,399,rapidbus_kl
1008522,1008520,P1080,65,rapidbus_kl
1008520,1008519,P1080,24,rapidbus_kl
1008519,1008517,P1080,29,rapidbus_kl
1008517,1005601,P1080,35,rapidbus_kl
1005601,1005602,P1080,51,rapidbus_kl
1005602,1005603,P1080,56,rapidbus_kl
1005603,1005650,P1080,101,rapidbus_kl
1005650,1005651,P1080,52,rapidbus_kl
1005651,1005584,P1080,234,rapidbus_kl
1003903,1002571,S0030,92,rapidbus_kl
1002571,1003224,S0030,68,rapidbus_kl
1003224,1006251,S0030,42,rapidbus_kl
1006251,1006249,S0030,161,rapidbus_kl
1006249,1006247,S0030,198,rapidbus_kl
1006247,1006245,S0030,87,rapidbus_kl
1006245,1006312,S0030,43,rapidbus_kl
1006312,1006313,S0030,37,rapidbus_kl
1006313,1006314,S0030,52,rapidbus_kl
1006314,1006315,S0030,62,rapidbus_kl
1006315,1006316,S0030,27,rapidbus_kl
1006316,1006241,S0030,55,rapidbus_kl
1006241,1006317,S0030,56,rapidbus_kl
1006317,1006239,S0030,31,rapidbus_kl
1006239,1006237,S0030,43,rapidbus_kl
1006237,1006235,S0030,109,rapidbus_kl
1006235,1006233,S0030,60,rapidbus_kl
1006233,1006079,S0030,91,rapidbus_kl
1006079,1007233,S0030,55,rapidbus_kl
1007233,1008068,S0030,104,rapidbus_kl
1008068,1004267,S0030,96,rapidbus_kl
1004267,1001750,S0030,201,rapidbus_kl
1001750,1004231,S0030,63,rapidbus_kl
1004231,1006064,S0030,171,rapidbus_kl
1006064,1006232,S0030,88,rapidbus_kl
1006232,1006234,S0030,64,rapidbus_kl
1006234,1006236,S0030,107,rapidbus_kl
1006236,1006238,S0030,34,rapidbus_kl
1006238,1006318,S0030,38,rapidbus_kl
1006318,1006240,S0030,55,rapidbus_kl
1006240,1006319,S0030,55,rapidbus_kl
1006319,1006320,S0030,29,rapidbus_kl
1006320,1006321,S0030,62,rapidbus_kl
1006321,1006322,S0030,51,rapidbus_kl
1006322,1006323,S0030,40,rapidbus_kl
1006323,1006244,S0030,44,rapidbus_kl
1006244,1006246,S0030,35,rapidbus_kl
1006246,1006248,S0030,227,rapidbus_kl
1006248,1006250,S0030,152,rapidbus_kl
1006250,1003225,S0030,46,rapidbus_kl
1003225,1002572,S0030,71,rapidbus_kl
1002572,1003903,S0030,98,rapidbus_kl
1003663,1007533,S0040,286,rapidbus_kl
1007533,1000664,S0040,52,rapidbus_kl
1000664,1003472,S0040,80,rapidbus_kl
1003472,1003073,S0040,41,rapidbus_kl
1003073,1003885,S0040,52,rapidbus_kl
1003885,1000866,S0040,72,rapidbus_kl
1000866,1000182,S0040,48,rapidbus_kl
1000182,1006110,S0040,35,rapidbus_kl
1006110,1001989,S0040,72,rapidbus_kl
1001989,1003383,S0040,93,rapidbus_kl
1003383,1003396,S0040,33,rapidbus_kl
1003396,1000678,S0040,120,rapidbus_kl
1000678,1004167,S0040,74,rapidbus_kl
1004167,1004168,S0040,84,rapidbus_kl
1004168,1000145,S0040,218,rapidbus_kl
1000145,1001988,S0040,79,rapidbus_kl
1001988,1001987,S0040,21,rapidbus_kl
1001987,1002172,S0040,41,rapidbus_kl
1002172,1000144,S0040,111,rapidbus_kl
1000144,1008202,S0040,43,rapidbus_kl
1008202,1008203,S0040,40,rapidbus_kl
1008203,1008204,S0040,41,rapidbus_kl
1008204,1000803,S0040,93,rapidbus_kl
1000803,1006231,S0040,31,rapidbus_kl
1006231,1000802,S0040,22,rapidbus_kl
1000802,1002723,S0040,37,rapidbus_kl
1002723,1000029,S0040,152,rapidbus_kl
1000029,1004101,S0040,38,rapidbus_kl
1004101,1006230,S0040,223,rapidbus_kl
1006230,1006229,S0040,35,rapidbus_kl
1006229,1006228,S0040,59,rapidbus_kl
1006228,1006108,S0040,233,rapidbus_kl
1006108,1000677,S0040,169,rapidbus_kl
1000677,1003382,S0040,117,rapidbus_kl
1003382,1000042,S0040,68,rapidbus_kl
1000042,1000575,S0040,50,rapidbus_kl
1000575,1002870,S0040,68,rapidbus_kl
1002870,1000181,S0040,61,rapidbus_kl
1000181,1000865,S0040,54,rapidbus_kl
1000865,1000430,S0040,74,rapidbus_kl
1000430,1003410,S0040,87,rapidbus_kl
1003410,1002231,S0040,65,rapidbus_kl
1002231,1000663,S0040,36,rapidbus_kl
1000663,1003663,S0040,32,rapidbus_kl
1006414,1006367,S0060,161,rapidbus_kl
1006367,1006369,S0060,35,rapidbus_kl
1006369,1006371,S0060,30,rapidbus_kl
1006371,1006373,S0060,33,rapidbus_kl
1006373,1006375,S0060,43,rapidbus_kl
1006375,1006377,S0060,37,rapidbus_kl
1006377,1006379,S0060,29,rapidbus_kl
1006379,1006381,S0060,81,rapidbus_kl
1006381,1006383,S0060,55,rapidbus_kl
1006383,1006385,S0060,51,rapidbus_kl
1006385,1006387,S0060,58,rapidbus_kl
1006387,1006388,S0060,58,rapidbus_kl
1006388,1006390,S0060,75,rapidbus_kl
1006390,1006392,S0060,35,rapidbus_kl
1006392,1006394,S0060,72,rapidbus_kl
1006394,1006396,S0060,26,rapidbus_kl
1006396,1006398,S0060,61,rapidbus_kl
1006398,1006400,S0060,109,rapidbus_kl
1006400,1006402,S0060,215,rapidbus_kl
1006402,1006404,S0060,276,rapidbus_kl
1006404,1002838,S0060,12,rapidbus_kl
1002838,1006406,S0060,78,rapidbus_kl
1006406,1006408,S0060,652,rapidbus_kl
1006408,1006409,S0060,291,rapidbus_kl
1006409,1008290,S0060,509,rapidbus_kl
1008290,1006407,S0060,232,rapidbus_kl
1006407,1006405,S0060,90,rapidbus_kl
1006405,1006403,S0060,274,rapidbus_kl
1006403,1006399,S0060,304,rapidbus_kl
1006399,1006397,S0060,64,rapidbus_kl
1006397,1006395,S0060,32,rapidbus_kl
1006395,1006393,S0060,67,rapidbus_kl
1006393,1006391,S0060,38,rapidbus_kl
1006391,1006413,S0060,23,rapidbus_kl
1006413,1006389,S0060,46,rapidbus_kl
1006389,1006386,S0060,121,rapidbus_kl
1006386,1006384,S0060,55,rapidbus_kl
1006384,1006382,S0060,27,rapidbus_kl
1006382,1006380,S0060,100,rapidbus_kl
1006380,1006378,S0060,29,rapidbus_kl
1006378,1006376,S0060,41,rapidbus_kl
1006376,1006374,S0060,36,rapidbus_kl
1006374,1006372,S0060,44,rapidbus_kl
1006372,1006370,S0060,22,rapidbus_kl
1006370,1006368,S0060,33,rapidbus_kl
1006368,1006414,S0060,40,rapidbus_kl
1006476,1006481,S0070,191,rapidbus_kl
1006481,1006479,S0070,143,rapidbus_kl
1006479,1006477,S0070,69,rapidbus_kl
1006477,1007618,S0070,111,rapidbus_kl
1007618,1007614,S0070,56,rapidbus_kl
1007614,1002068,S0070,74,rapidbus_kl
1002068,1000118,S0070,69,rapidbus_kl
1000118,1000116,S0070,87,rapidbus_kl
1000116,1002653,S0070,106,rapidbus_kl
1002653,1001471,S0070,127,rapidbus_kl
1001471,1001851,S0070,54,rapidbus_kl
1001851,1007621,S0070,30,rapidbus_kl
1007621,1003378,S0070,441,rapidbus_kl
1003378,1002452,S0070,117,rapidbus_kl
1002452,1001078,S0070,84,rapidbus_kl
1001078,1007620,S0070,36,rapidbus_kl
1007620,1004048,S0070,96,rapidbus_kl
1004048,1001179,S0070,71,rapidbus_kl
1001179,1003158,S0070,70,rapidbus_kl
1003158,1000931,S0070,222,rapidbus_kl
1000931,1000505,S0070,156,rapidbus_kl
1000505,1003159,S0070,171,rapidbus_kl
1003159,1003826,S0070,69,rapidbus_kl
1003826,1003516,S0070,101,rapidbus_kl
1003516,1002097,S0070,43,rapidbus_kl
1002097,1002288,S0070,60,rapidbus_kl
1002288,1001317,S0070,137,rapidbus_kl
1001317,1001336,S0070,50,rapidbus_kl
1001336,1001636,S0070,124,rapidbus_kl
1001636,1001555,S0070,71,rapidbus_kl
1001555,1003331,S0070,37,rapidbus_kl
1003331,1001166,S0070,56,rapidbus_kl
1001166,1002592,S0070,31,rapidbus_kl
1002592,1001874,S0070,57,rapidbus_kl
1001874,1001892,S0070,51,rapidbus_kl
1001892,1001444,S0070,53,rapidbus_kl
1001444,1004263,S0070,44,rapidbus_kl
1004263,1000479,S0070,538,rapidbus_kl
1000479,1003973,S0070,195,rapidbus_kl
1003973,1001052,S0070,79,rapidbus_kl
1001052,1008379,S0070,120,rapidbus_kl
1008379,1001638,S0070,46,rapidbus_kl
1001638,1003638,S0070,66,rapidbus_kl
1003638,1007512,S0070,61,rapidbus_kl
1007512,1007513,S0070,27,rapidbus_kl
1007513,1001255,S0070,75,rapidbus_kl
1001255,1003801,S0070,29,rapidbus_kl
1003801,1001457,S0070,97,rapidbus_kl
1001457,1003118,S0070,49,rapidbus_kl
1003118,1001696,S0070,29,rapidbus_kl
1001696,1003361,S0070,143,rapidbus_kl
1003361,1008656,S0070,136,rapidbus_kl
1008656,1001321,S0070,835,rapidbus_kl
1001321,1001801,S0070,137,rapidbus_kl
1001801,1001322,S0070,112,rapidbus_kl
1001322,1003362,S0070,879,rapidbus_kl
1003362,1001697,S0070,98,rapidbus_kl
1001697,1003117,S0070,76,rapidbus_kl
1003117,1003164,S0070,47,rapidbus_kl
1003164,1002869,S0070,90,rapidbus_kl
1002869,1001256,S0070,44,rapidbus_kl
1001256,1001456,S0070,51,rapidbus_kl
1001456,1000265,S0070,35,rapidbus_kl
1000265,1003639,S0070,48,rapidbus_kl
1003639,1003654,S0070,51,rapidbus_kl
1003654,1001949,S0070,78,rapidbus_kl
1001949,1001051,S0070,126,rapidbus_kl
1001051,1003974,S0070,88,rapidbus_kl
1003974,1008342,S0070,44,rapidbus_kl
1008342,1006472,S0070,140,rapidbus_kl
1006472,1006473,S0070,152,rapidbus_kl
1006473,1001708,S0070,366,rapidbus_kl
1001708,1001445,S0070,52,rapidbus_kl
1001445,1001728,S0070,58,rapidbus_kl
1001728,1002356,S0070,55,rapidbus_kl
1002356,1007547,S0070,49,rapidbus_kl
1007547,1003330,S0070,64,rapidbus_kl
1003330,1008344,S0070,36,rapidbus_kl
1008344,1001167,S0070,42,rapidbus_kl
1001167,1001635,S0070,62,rapidbus_kl
1001635,1000198,S0070,126,rapidbus_kl
1000198,1002098,S0070,83,rapidbus_kl
1002098,1000007,S0070,93,rapidbus_kl
1000007,1003138,S0070,64,rapidbus_kl
1003138,1007619,S0070,53,rapidbus_kl
1007619,1001067,S0070,101,rapidbus_kl
1001067,1003160,S0070,47,rapidbus_kl
1003160,1001842,S0070,201,rapidbus_kl
1001842,1002194,S0070,140,rapidbus_kl
1002194,1003157,S0070,147,rapidbus_kl
1003157,1007613,S0070,71,rapidbus_kl
1007613,1001178,S0070,54,rapidbus_kl
1001178,1004047,S0070,69,rapidbus_kl
1004047,1003245,S0070,88,rapidbus_kl
1003245,1003434,S0070,56,rapidbus_kl
1003434,1000684,S0070,82,rapidbus_kl
1000684,1001012,S0070,127,rapidbus_kl
1001012,1007621,S0070,433,rapidbus_kl
1007621,1001852,S0070,32,rapidbus_kl
1001852,1001472,S0070,61,rapidbus_kl
1001472,1002654,S0070,118,rapidbus_kl
1002654,1000117,S0070,106,rapidbus_kl
1000117,1000119,S0070,92,rapidbus_kl
1000119,1002067,S0070,69,rapidbus_kl
1002067,1003162,S0070,104,rapidbus_kl
1003162,1000959,S0070,61,rapidbus_kl
1000959,1006475,S0070,94,rapidbus_kl
1006475,1006478,S0070,81,rapidbus_kl
1006478,1006480,S0070,128,rapidbus_kl
1006480,1006476,S0070,449,rapidbus_kl
1007137,1009142,S0120,423,rapidbus_kl
1009142,1007137,S0120,477,rapidbus_kl
1000966,1008403,S1030,90,rapidbus_kl
1008403,1006874,S1030,55,rapidbus_kl
1006874,1006875,S1030,61,rapidbus_kl
1006875,1003422,S1030,40,rapidbus_kl
1003422,1006876,S1030,68,rapidbus_kl
1006876,1006877,S1030,42,rapidbus_kl
1006877,1006878,S1030,41,rapidbus_kl
1006878,1006879,S1030,45,rapidbus_kl
1006879,1006880,S1030,94,rapidbus_kl
1006880,1006881,S1030,80,rapidbus_kl
1006881,1006882,S1030,65,rapidbus_kl
1006882,1001527,S1030,73,rapidbus_kl
1001527,1006883,S1030,52,rapidbus_kl
1006883,1001783,S1030,176,rapidbus_kl
1001783,1000602,S1030,128,rapidbus_kl
1000602,1000088,S1030,67,rapidbus_kl
1000088,1003505,S1030,55,rapidbus_kl
1003505,1006885,S1030,91,rapidbus_kl
1006885,1000966,S1030,117,rapidbus_kl
1000966,1008403,S1040,94,rapidbus_kl
1008403,1008070,S1040,102,rapidbus_kl
1008070,1008071,S1040,63,rapidbus_kl
1008071,1003580,S1040,34,rapidbus_kl
1003580,1001284,S1040,95,rapidbus_kl
1001284,1006886,S1040,113,rapidbus_kl
1006886,1006887,S1040,108,rapidbus_kl
1006887,1006888,S1040,83,rapidbus_kl
1006888,1006889,S1040,81,rapidbus_kl
1006889,1008072,S1040,46,rapidbus_kl
1008072,1003577,S1040,91,rapidbus_kl
1003577,1002292,S1040,96,rapidbus_kl
1002292,1004109,S1040,92,rapidbus_kl
1004109,1001577,S1040,136,rapidbus_kl
1001577,1002688,S1040,105,rapidbus_kl
1002688,1003220,S1040,119,rapidbus_kl
1003220,1008069,S1040,62,rapidbus_kl
1008069,1001647,S1040,40,rapidbus_kl
1001647,1000682,S1040,173,rapidbus_kl
1000682,1000080,S1040,50,rapidbus_kl
1000080,1006893,S1040,122,rapidbus_kl
1006893,1000966,S1040,75,rapidbus_kl
1006906,1006907,S1050,89,rapidbus_kl
1006907,1002909,S1050,83,rapidbus_kl
1002909,1003148,S1050,39,rapidbus_kl
1003148,1000362,S1050,45,rapidbus_kl
1000362,1006905,S1050,118,rapidbus_kl
1006905,1006903,S1050,70,rapidbus_kl
1006903,1002045,S1050,73,rapidbus_kl
1002045,1003925,S1050,110,rapidbus_kl
1003925,1006901,S1050,107,rapidbus_kl
1006901,1003350,S1050,22,rapidbus_kl
1003350,1006899,S1050,98,rapidbus_kl
1006899,1006897,S1050,63,rapidbus_kl
1006897,1002721,S1050,36,rapidbus_kl
1002721,1002968,S1050,86,rapidbus_kl
1002968,1002238,S1050,107,rapidbus_kl
1002238,1006895,S1050,114,rapidbus_kl
1006895,1006908,S1050,86,rapidbus_kl
1006908,1006909,S1050,95,rapidbus_kl
1006909,1001793,S1050,59,rapidbus_kl
1001793,1003522,S1050,49,rapidbus_kl
1003522,1000704,S1050,69,rapidbus_kl
1000704,1006894,S1050,75,rapidbus_kl
1006894,1001962,S1050,83,rapidbus_kl
1001962,1002821,S1050,30,rapidbus_kl
1002821,1003823,S1050,69,rapidbus_kl
1003823,1002722,S1050,63,rapidbus_kl
1002722,1006896,S1050,45,rapidbus_kl
1006896,1006898,S1050,54,rapidbus_kl
1006898,1003351,S1050,61,rapidbus_kl
1003351,1006900,S1050,28,rapidbus_kl
1006900,1003924,S1050,76,rapidbus_kl
1003924,1002044,S1050,82,rapidbus_kl
1002044,1006902,S1050,75,rapidbus_kl
1006902,1006904,S1050,56,rapidbus_kl
1006904,1001319,S1050,73,rapidbus_kl
1001319,1003211,S1050,22,rapidbus_kl
1003211,1003012,S1050,53,rapidbus_kl
1003012,1006910,S1050,76,rapidbus_kl
1006910,1006906,S1050,61,rapidbus_kl
1003343,1008190,S1060,57,rapidbus_kl
1008190,1008191,S1060,63,rapidbus_kl
1008191,1006960,S1060,161,rapidbus_kl
1006960,1006958,S1060,127,rapidbus_kl
1006958,1006956,S1060,176,rapidbus_kl
1006956,1006964,S1060,85,rapidbus_kl
1006964,1006954,S1060,277,rapidbus_kl
1006954,1006949,S1060,59,rapidbus_kl
1006949,1006947,S1060,168,rapidbus_kl
1006947,1006965,S1060,40,rapidbus_kl
1006965,1006945,S1060,42,rapidbus_kl
1006945,1006943,S1060,137,rapidbus_kl
1006943,1006941,S1060,174,rapidbus_kl
1006941,1006939,S1060,63,rapidbus_kl
1006939,1008058,S1060,35,rapidbus_kl
1008058,1008059,S1060,66,rapidbus_kl
1008059,1006935,S1060,18,rapidbus_kl
1006935,1006936,S1060,105,rapidbus_kl
1006936,1006938,S1060,38,rapidbus_kl
1006938,1006940,S1060,64,rapidbus_kl
1006940,1006942,S1060,142,rapidbus_kl
1006942,1006944,S1060,164,rapidbus_kl
1006944,1006946,S1060,46,rapidbus_kl
1006946,1006950,S1060,52,rapidbus_kl
1006950,1006948,S1060,149,rapidbus_kl
1006948,1006953,S1060,62,rapidbus_kl
1006953,1006951,S1060,266,rapidbus_kl
1006951,1006955,S1060,93,rapidbus_kl
1006955,1006957,S1060,167,rapidbus_kl
1006957,1006959,S1060,129,rapidbus_kl
1006959,1006961,S1060,28,rapidbus_kl
1006961,1003343,S1060,47,rapidbus_kl
1007176,1003179,S1070,129,rapidbus_kl
1003179,1002469,S1070,189,rapidbus_kl
1002469,1002213,S1070,66,rapidbus_kl
1002213,1006997,S1070,112,rapidbus_kl
1006997,1006998,S1070,100,rapidbus_kl
1006998,1006755,S1070,209,rapidbus_kl
1006755,1006754,S1070,173,rapidbus_kl
1006754,1000184,S1070,298,rapidbus_kl
1000184,1006755,S1070,235,rapidbus_kl
1006755,1006999,S1070,211,rapidbus_kl
1006999,1008000,S1070,551,rapidbus_kl
1008000,1008001,S1070,108,rapidbus_kl
1008001,1008002,S1070,59,rapidbus_kl
1008002,1008004,S1070,90,rapidbus_kl
1008004,1006757,S1070,181,rapidbus_kl
1006757,1008005,S1070,149,rapidbus_kl
1008005,1008006,S1070,102,rapidbus_kl
1008006,1008007,S1070,38,rapidbus_kl
1002241,1002245,S1140,70,rapidbus_kl
1002245,1002242,S1140,34,rapidbus_kl
1002242,1002410,S1140,48,rapidbus_kl
1002410,1002247,S1140,50,rapidbus_kl
1002247,1008085,S1140,24,rapidbus_kl
1008085,1003125,S1140,118,rapidbus_kl
1003125,1008086,S1140,52,rapidbus_kl
1008086,1008087,S1140,71,rapidbus_kl
1008087,1003057,S1140,233,rapidbus_kl
1003057,1003990,S1140,42,rapidbus_kl
1003990,1006901,S1140,43,rapidbus_kl
1006901,1003350,S1140,50,rapidbus_kl
1003350,1006899,S1140,76,rapidbus_kl
1006899,1006897,S1140,73,rapidbus_kl
1006897,1003825,S1140,58,rapidbus_kl
1003825,1003326,S1140,76,rapidbus_kl
1003326,1002044,S1140,50,rapidbus_kl
1002044,1001177,S1140,62,rapidbus_kl
1001177,1001755,S1140,54,rapidbus_kl
1001755,1003220,S1140,172,rapidbus_kl
1003220,1008069,S1140,58,rapidbus_kl
1008069,1001647,S1140,54,rapidbus_kl
1001647,1001651,S1140,60,rapidbus_kl
1001651,1000992,S1140,47,rapidbus_kl
1000992,1003749,S1140,38,rapidbus_kl
1003749,1000610,S1140,45,rapidbus_kl
1000610,1002238,S1140,85,rapidbus_kl
1002238,1006895,S1140,106,rapidbus_kl
1006895,1000728,S1140,130,rapidbus_kl
1000728,1000354,S1140,48,rapidbus_kl
1000354,1000134,S1140,54,rapidbus_kl
1000134,1000129,S1140,48,rapidbus_kl
1000129,1003522,S1140,45,rapidbus_kl
1003522,1000704,S1140,76,rapidbus_kl
1000704,1008088,S1140,36,rapidbus_kl
1008088,1001334,S1140,226,rapidbus_kl
1001334,1002794,S1140,44,rapidbus_kl
1002794,1003776,S1140,107,rapidbus_kl
1003776,1000009,S1140,137,rapidbus_kl
1000009,1003125,S1140,119,rapidbus_kl
1003125,1003537,S1140,42,rapidbus_kl
1003537,1002241,S1140,119,rapidbus_kl
1003903,1002571,S1170,90,rapidbus_kl
1002571,1003224,S1170,61,rapidbus_kl
1003224,1009040,S1170,175,rapidbus_kl
1009040,1009042,S1170,45,rapidbus_kl
1009042,1009054,S1170,110,rapidbus_kl
1009054,1009052,S1170,54,rapidbus_kl
1009052,1009050,S1170,38,rapidbus_kl
1009050,1009055,S1170,32,rapidbus_kl
1009055,1009044,S1170,81,rapidbus_kl
1009044,1009031,S1170,57,rapidbus_kl
1009031,1009034,S1170,69,rapidbus_kl
1009034,1009036,S1170,62,rapidbus_kl
1009036,1009038,S1170,51,rapidbus_kl
1009038,1008154,S1170,306,rapidbus_kl
1008154,1006190,S1170,40,rapidbus_kl
1006190,1006191,S1170,62,rapidbus_kl
1006191,1006198,S1170,246,rapidbus_kl
1006198,1006086,S1170,95,rapidbus_kl
1006086,1006087,S1170,58,rapidbus_kl
1006087,1006089,S1170,132,rapidbus_kl
1006089,1006090,S1170,82,rapidbus_kl
1006090,1006091,S1170,332,rapidbus_kl
1006091,1008153,S1170,65,rapidbus_kl
1008153,1006062,S1170,61,rapidbus_kl
1006062,1009039,S1170,240,rapidbus_kl
1009039,1009037,S1170,58,rapidbus_kl
1009037,1009035,S1170,52,rapidbus_kl
1009035,1009033,S1170,48,rapidbus_kl
1009033,1009032,S1170,21,rapidbus_kl
1009032,1009045,S1170,65,rapidbus_kl
1009045,1009048,S1170,77,rapidbus_kl
1009048,1009049,S1170,31,rapidbus_kl
1009049,1009051,S1170,41,rapidbus_kl
1009051,1009053,S1170,51,rapidbus_kl
1009053,1009043,S1170,109,rapidbus_kl
1009043,1009041,S1170,43,rapidbus_kl
1009041,1006250,S1170,150,rapidbus_kl
1006250,1003225,S1170,55,rapidbus_kl
1003225,1002572,S1170,52,rapidbus_kl
1002572,1003903,S1170,103,rapidbus_kl
1006966,1006967,S1190,51,rapidbus_kl
1006967,1006969,S1190,74,rapidbus_kl
1006969,1006971,S1190,15,rapidbus_kl
1006971,1006973,S1190,42,rapidbus_kl
1006973,1006974,S1190,60,rapidbus_kl
1006974,1006976,S1190,63,rapidbus_kl
1006976,1006975,S1190,40,rapidbus_kl
1006975,1006972,S1190,56,rapidbus_kl
1006972,1006970,S1190,46,rapidbus_kl
1006970,1006977,S1190,32,rapidbus_kl
1006977,1006979,S1190,40,rapidbus_kl
1006979,1006982,S1190,76,rapidbus_kl
1006982,1006983,S1190,21,rapidbus_kl
1006983,1006985,S1190,78,rapidbus_kl
1006985,1006987,S1190,43,rapidbus_kl
1006987,1001115,S1190,151,rapidbus_kl
1001115,1001825,S1190,170,rapidbus_kl
1001825,1008404,S1190,215,rapidbus_kl
1008404,1008406,S1190,132,rapidbus_kl
1008406,1008408,S1190,52,rapidbus_kl
1008408,1008411,S1190,38,rapidbus_kl
1008411,1008413,S1190,60,rapidbus_kl
1008413,1008414,S1190,177,rapidbus_kl
1008414,1008416,S1190,92,rapidbus_kl
1008416,1006996,S1190,113,rapidbus_kl
1006996,1008415,S1190,206,rapidbus_kl
1008415,1008412,S1190,178,rapidbus_kl
1008412,1008410,S1190,62,rapidbus_kl
1008410,1008409,S1190,40,rapidbus_kl
1008409,1008407,S1190,65,rapidbus_kl
1008407,1008405,S1190,120,rapidbus_kl
1008405,1001118,S1190,204,rapidbus_kl
1001118,1001117,S1190,182,rapidbus_kl
1001117,1006990,S1190,81,rapidbus_kl
1006990,1006988,S1190,66,rapidbus_kl
1006988,1006986,S1190,43,rapidbus_kl
1006986,1006984,S1190,75,rapidbus_kl
1006984,1006981,S1190,27,rapidbus_kl
1006981,1006980,S1190,76,rapidbus_kl
1006980,1006978,S1190,31,rapidbus_kl
1006978,1006971,S1190,42,rapidbus_kl
1006970,1006968,S1190,90,rapidbus_kl
1006968,1006966,S1190,70,rapidbus_kl
1007013,1007012,S1390,65,rapidbus_kl
1007012,1007010,S1390,102,rapidbus_kl
1007010,1007008,S1390,66,rapidbus_kl
1007008,1007006,S1390,68,rapidbus_kl
1007006,1007004,S1390,81,rapidbus_kl
1007004,1007002,S1390,55,rapidbus_kl
1007002,1007000,S1390,179,rapidbus_kl
1007000,1007001,S1390,189,rapidbus_kl
1007001,1007018,S1390,68,rapidbus_kl
1007018,1007019,S1390,51,rapidbus_kl
1007019,1007020,S1390,52,rapidbus_kl
1007020,1007021,S1390,46,rapidbus_kl
1007021,1007022,S1390,53,rapidbus_kl
1007022,1007023,S1390,51,rapidbus_kl
1007023,1007024,S1390,60,rapidbus_kl
1007024,1007025,S1390,146,rapidbus_kl
1007025,1007556,S1390,106,rapidbus_kl
1007556,1007558,S1390,103,rapidbus_kl
1007558,1007560,S1390,55,rapidbus_kl
1007560,1007563,S1390,193,rapidbus_kl
1007563,1007564,S1390,163,rapidbus_kl
1007564,1007567,S1390,120,rapidbus_kl
1007567,1007568,S1390,28,rapidbus_kl
1007568,1007570,S1390,92,rapidbus_kl
1007570,1007572,S1390,83,rapidbus_kl
1007572,1007574,S1390,30,rapidbus_kl
1007574,1007576,S1390,197,rapidbus_kl
1007576,1007577,S1390,130,rapidbus_kl
1007577,1007579,S1390,403,rapidbus_kl
1007579,1007581,S1390,420,rapidbus_kl
1007581,1007583,S1390,204,rapidbus_kl
1007583,1007586,S1390,105,rapidbus_kl
1007586,1007588,S1390,88,rapidbus_kl
1007588,1007590,S1390,108,rapidbus_kl
1007590,1007592,S1390,231,rapidbus_kl
1007592,1007593,S1390,78,rapidbus_kl
1007593,1007595,S1390,44,rapidbus_kl
1007595,1007596,S1390,106,rapidbus_kl
1007596,1007616,S1390,81,rapidbus_kl
1007616,1007617,S1390,77,rapidbus_kl
1007617,1007594,S1390,139,rapidbus_kl
1007594,1007591,S1390,123,rapidbus_kl
1007591,1007589,S1390,259,rapidbus_kl
1007589,1007587,S1390,147,rapidbus_kl
1007587,1007585,S1390,218,rapidbus_kl
1007585,1007584,S1390,115,rapidbus_kl
1007584,1007582,S1390,236,rapidbus_kl
1007582,1007580,S1390,494,rapidbus_kl
1007580,1007578,S1390,480,rapidbus_kl
1007578,1007575,S1390,164,rapidbus_kl
1007575,1007573,S1390,259,rapidbus_kl
1007573,1007571,S1390,103,rapidbus_kl
1007571,1007569,S1390,108,rapidbus_kl
1007569,1007566,S1390,34,rapidbus_kl
1007566,1007565,S1390,131,rapidbus_kl
1007565,1007562,S1390,191,rapidbus_kl
1007562,1007561,S1390,139,rapidbus_kl
1007561,1007559,S1390,154,rapidbus_kl
1007559,1007557,S1390,132,rapidbus_kl
1007557,1007555,S1390,114,rapidbus_kl
1007555,1007554,S1390,155,rapidbus_kl
1007554,1007553,S1390,40,rapidbus_kl
1007553,1007552,S1390,54,rapidbus_kl
1007552,1007551,S1390,293,rapidbus_kl
1007551,1007002,S1390,90,rapidbus_kl
1007001,1007003,S1390,66,rapidbus_kl
1007003,1007005,S1390,83,rapidbus_kl
1007005,1007007,S1390,79,rapidbus_kl
1007007,1007009,S1390,84,rapidbus_kl
1007009,1007011,S1390,123,rapidbus_kl
1007011,1007013,S1390,83,rapidbus_kl
1001404,1000499,S1490,159,rapidbus_kl
1000499,1003213,S1490,182,rapidbus_kl
1003213,1007597,S1490,268,rapidbus_kl
1007597,1007598,S1490,81,rapidbus_kl
1007598,1000074,S1490,67,rapidbus_kl
1000074,1000547,S1490,69,rapidbus_kl
1000547,1007600,S1490,377,rapidbus_kl
1007600,1007601,S1490,115,rapidbus_kl
1007601,1007602,S1490,119,rapidbus_kl
1007602,1007604,S1490,118,rapidbus_kl
1007604,1007606,S1490,81,rapidbus_kl
1007606,1007608,S1490,92,rapidbus_kl
1007608,1000811,S1490,92,rapidbus_kl
1000811,1003234,S1490,206,rapidbus_kl
1003234,1007611,S1490,71,rapidbus_kl
1007611,1003157,S1490,136,rapidbus_kl
1003157,1007613,S1490,35,rapidbus_kl
1007613,1001178,S1490,70,rapidbus_kl
1001178,1004047,S1490,98,rapidbus_kl
1004047,1000931,S1490,159,rapidbus_kl
1000931,1000505,S1490,210,rapidbus_kl
1000505,1000368,S1490,416,rapidbus_kl
1000368,1007614,S1490,132,rapidbus_kl
1007614,1003162,S1490,82,rapidbus_kl
1003162,1000959,S1490,263,rapidbus_kl
1000959,1003159,S1490,284,rapidbus_kl
1003159,1001842,S1490,190,rapidbus_kl
1001842,1002194,S1490,142,rapidbus_kl
1002194,1004048,S1490,95,rapidbus_kl
1004048,1001179,S1490,97,rapidbus_kl
1001179,1007613,S1490,144,rapidbus_kl
1007613,1007612,S1490,72,rapidbus_kl
1007612,1007610,S1490,202,rapidbus_kl
1007610,1000810,S1490,106,rapidbus_kl
1000810,1007609,S1490,72,rapidbus_kl
1007609,1007607,S1490,90,rapidbus_kl
1007607,1007605,S1490,122,rapidbus_kl
1007605,1007603,S1490,156,rapidbus_kl
1007603,1000641,S1490,95,rapidbus_kl
1000641,1002312,S1490,623,rapidbus_kl
1002312,1007597,S1490,74,rapidbus_kl
1000547,1000500,S1490,56,rapidbus_kl
1000500,1007599,S1490,71,rapidbus_kl
1007599,1001404,S1490,55,rapidbus_kl
1008051,1008052,S2060,151,rapidbus_kl
1008052,1008053,S2060,51,rapidbus_kl
1008053,1008054,S2060,68,rapidbus_kl
1008054,1008063,S2060,69,rapidbus_kl
1008063,1008064,S2060,91,rapidbus_kl
1008064,1008065,S2060,65,rapidbus_kl
1008065,1008066,S2060,225,rapidbus_kl
1008066,1008055,S2060,242,rapidbus_kl
1008055,1008056,S2060,50,rapidbus_kl
1008056,1008057,S2060,57,rapidbus_kl
1008057,1008050,S2060,94,rapidbus_kl
1008050,1008048,S2060,99,rapidbus_kl
1008048,1008046,S2060,160,rapidbus_kl
1008046,1008043,S2060,121,rapidbus_kl
1008043,1008044,S2060,122,rapidbus_kl
1008044,1008040,S2060,43,rapidbus_kl
1008040,1008036,S2060,66,rapidbus_kl
1008036,1008067,S2060,47,rapidbus_kl
1008067,1008037,S2060,55,rapidbus_kl
1008037,1006414,S2060,224,rapidbus_kl
1006414,1008024,S2060,75,rapidbus_kl
1008024,1008025,S2060,134,rapidbus_kl
1008025,1008026,S2060,125,rapidbus_kl
1008026,1008027,S2060,124,rapidbus_kl
1008027,1008028,S2060,40,rapidbus_kl
1008028,1008029,S2060,34,rapidbus_kl
1008029,1008030,S2060,29,rapidbus_kl
1008030,1008031,S2060,189,rapidbus_kl
1008031,1008032,S2060,53,rapidbus_kl
1008032,1008033,S2060,53,rapidbus_kl
1008033,1008034,S2060,63,rapidbus_kl
1008034,1008060,S2060,68,rapidbus_kl
1008060,1008061,S2060,126,rapidbus_kl
1008061,1008062,S2060,87,rapidbus_kl
1008062,1008035,S2060,58,rapidbus_kl
1008035,1008038,S2060,95,rapidbus_kl
1008038,1008039,S2060,31,rapidbus_kl
1008039,1008041,S2060,72,rapidbus_kl
1008041,1008042,S2060,108,rapidbus_kl
1008042,1008045,S2060,185,rapidbus_kl
1008045,1008047,S2060,142,rapidbus_kl
1008047,1008049,S2060,139,rapidbus_kl
1008049,1008051,S2060,70,rapidbus_kl
1003078,1008399,S4020,18,rapidbus_kl
1008399,1008075,S4020,31,rapidbus_kl
1008075,1006643,S4020,56,rapidbus_kl
1006643,1000936,S4020,24,rapidbus_kl
1000936,1006644,S4020,45,rapidbus_kl
1006644,1006645,S4020,35,rapidbus_kl
1006645,1006646,S4020,55,rapidbus_kl
1006646,1006648,S4020,61,rapidbus_kl
1006648,1008077,S4020,46,rapidbus_kl
1008077,1006649,S4020,85,rapidbus_kl
1006649,1006650,S4020,33,rapidbus_kl
1006650,1006654,S4020,92,rapidbus_kl
1006654,1008079,S4020,42,rapidbus_kl
1008079,1006655,S4020,58,rapidbus_kl
1006655,1006657,S4020,93,rapidbus_kl
1006657,1006658,S4020,42,rapidbus_kl
1006658,1006659,S4020,95,rapidbus_kl
1006659,1006660,S4020,54,rapidbus_kl
1006660,1006661,S4020,85,rapidbus_kl
1006661,1006662,S4020,38,rapidbus_kl
1006662,1001482,S4020,53,rapidbus_kl
1001482,1008216,S4020,36,rapidbus_kl
1008216,1000643,S4020,30,rapidbus_kl
1000643,1001046,S4020,21,rapidbus_kl
1001046,1008218,S4020,21,rapidbus_kl
1008218,1002506,S4020,17,rapidbus_kl
1002506,1008219,S4020,255,rapidbus_kl
1008219,1002507,S4020,38,rapidbus_kl
1002507,1006666,S4020,20,rapidbus_kl
1006666,1006667,S4020,39,rapidbus_kl
1006667,1006668,S4020,139,rapidbus_kl
1006668,1006655,S4020,69,rapidbus_kl
1006655,1008080,S4020,102,rapidbus_kl
1008080,1006671,S4020,45,rapidbus_kl
1006671,1006651,S4020,95,rapidbus_kl
1006651,1006669,S4020,42,rapidbus_kl
1006669,1008078,S4020,128,rapidbus_kl
1008078,1006670,S4020,47,rapidbus_kl
1006670,1000212,S4020,34,rapidbus_kl
1000212,1004249,S4020,43,rapidbus_kl
1004249,1003078,S4020,38,rapidbus_kl
1006656,1006657,S4050,71,rapidbus_kl
1006657,1006658,S4050,64,rapidbus_kl
1006658,1006655,S4050,98,rapidbus_kl
1006655,1003358,S4050,175,rapidbus_kl
1003358,1002475,S4050,47,rapidbus_kl
1002475,1006799,S4050,44,rapidbus_kl
1006799,1006772,S4050,26,rapidbus_kl
1006772,1006773,S4050,65,rapidbus_kl
1006773,1006774,S4050,60,rapidbus_kl
1006774,1006775,S4050,30,rapidbus_kl
1006775,1003305,S4050,33,rapidbus_kl
1003305,1001454,S4050,46,rapidbus_kl
1001454,1003583,S4050,68,rapidbus_kl
1003583,1000374,S4050,87,rapidbus_kl
1000374,1000024,S4050,46,rapidbus_kl
1000024,1006776,S4050,116,rapidbus_kl
1006776,1006786,S4050,64,rapidbus_kl
1006786,1006777,S4050,138,rapidbus_kl
1006777,1006779,S4050,71,rapidbus_kl
1006779,1006781,S4050,28,rapidbus_kl
1006781,1007720,S4050,122,rapidbus_kl
1007720,1006782,S4050,98,rapidbus_kl
1006782,1006780,S4050,27,rapidbus_kl
1006780,1006778,S4050,64,rapidbus_kl
1006778,1006787,S4050,144,rapidbus_kl
1006787,1002788,S4050,173,rapidbus_kl
1002788,1000373,S4050,46,rapidbus_kl
1000373,1003582,S4050,99,rapidbus_kl
1003582,1001455,S4050,54,rapidbus_kl
1001455,1002731,S4050,57,rapidbus_kl
1002731,1006571,S4050,26,rapidbus_kl
1006571,1006572,S4050,46,rapidbus_kl
1006572,1006573,S4050,50,rapidbus_kl
1006573,1006570,S4050,64,rapidbus_kl
1006570,1006800,S4050,27,rapidbus_kl
1006800,1002476,S4050,47,rapidbus_kl
1002476,1003359,S4050,44,rapidbus_kl
1003359,1006659,S4050,88,rapidbus_kl
1006659,1006566,S4050,78,rapidbus_kl
1006566,1008079,S4050,39,rapidbus_kl
1008079,1000861,S4050,83,rapidbus_kl
1000861,1006655,S4050,5,rapidbus_kl
1006655,1006656,S4050,142,rapidbus_kl
1006662,1001482,S4070,80,rapidbus_kl
1001482,1008216,S4070,53,rapidbus_kl
1008216,1000643,S4070,55,rapidbus_kl
1000643,1001046,S4070,34,rapidbus_kl
1001046,1008218,S4070,34,rapidbus_kl
1008218,1002506,S4070,26,rapidbus_kl
1002506,1008221,S4070,78,rapidbus_kl
1008221,1003357,S4070,77,rapidbus_kl
1003357,1002751,S4070,61,rapidbus_kl
1002751,1005063,S4070,205,rapidbus_kl
1005063,1000651,S4070,31,rapidbus_kl
1000651,1001752,S4070,105,rapidbus_kl
1001752,1001566,S4070,59,rapidbus_kl
1001566,1006638,S4070,151,rapidbus_kl
1006638,1008222,S4070,46,rapidbus_kl
1008222,1008223,S4070,34,rapidbus_kl
1008223,1006637,S4070,74,rapidbus_kl
1006637,1000536,S4070,43,rapidbus_kl
1000536,1008224,S4070,41,rapidbus_kl
1008224,1003757,S4070,49,rapidbus_kl
1003757,1001753,S4070,28,rapidbus_kl
1001753,1000302,S4070,159,rapidbus_kl
1000302,1002750,S4070,58,rapidbus_kl
1002750,1003356,S4070,95,rapidbus_kl
1003356,1000050,S4070,59,rapidbus_kl
1000050,1008220,S4070,55,rapidbus_kl
1008220,1008219,S4070,31,rapidbus_kl
1008219,1002507,S4070,73,rapidbus_kl
1002507,1006666,S4070,58,rapidbus_kl
1006666,1008217,S4070,32,rapidbus_kl
1008217,1006667,S4070,14,rapidbus_kl
1006667,1006661,S4070,46,rapidbus_kl
1006661,1006662,S4070,56,rapidbus_kl
1006540,1003297,S4080,41,rapidbus_kl
1003297,1008225,S4080,17,rapidbus_kl
1008225,1000443,S4080,134,rapidbus_kl
1000443,1000812,S4080,43,rapidbus_kl
1000812,1001838,S4080,43,rapidbus_kl
1001838,1000618,S4080,15,rapidbus_kl
1000618,1008226,S4080,368,rapidbus_kl
1008226,1008227,S4080,22,rapidbus_kl
1008227,1008228,S4080,36,rapidbus_kl
1008228,1008229,S4080,48,rapidbus_kl
1008229,1002178,S4080,34,rapidbus_kl
1002178,1000337,S4080,50,rapidbus_kl
1000337,1008230,S4080,19,rapidbus_kl
1008230,1002661,S4080,34,rapidbus_kl
1002661,1003817,S4080,82,rapidbus_kl
1003817,1000495,S4080,34,rapidbus_kl
1000495,1000817,S4080,29,rapidbus_kl
1000817,1002798,S4080,55,rapidbus_kl
1002798,1008247,S4080,21,rapidbus_kl
1008247,1000816,S4080,39,rapidbus_kl
1000816,1008246,S4080,40,rapidbus_kl
1008246,1008231,S4080,60,rapidbus_kl
1008231,1008232,S4080,30,rapidbus_kl
1008232,1008498,S4080,11,rapidbus_kl
1008498,1008495,S4080,14,rapidbus_kl
1008495,1008496,S4080,20,rapidbus_kl
1008496,1008497,S4080,26,rapidbus_kl
1008497,1008498,S4080,26,rapidbus_kl
1008498,1008236,S4080,35,rapidbus_kl
1008236,1001858,S4080,20,rapidbus_kl
1001858,1001567,S4080,48,rapidbus_kl
1001567,1008237,S4080,16,rapidbus_kl
1008237,1000619,S4080,395,rapidbus_kl
1000619,1000912,S4080,30,rapidbus_kl
1000912,1000825,S4080,30,rapidbus_kl
1000825,1000316,S4080,46,rapidbus_kl
1000316,1003298,S4080,42,rapidbus_kl
1003298,1006540,S4080,47,rapidbus_kl
1006519,1006174,S5010,180,rapidbus_kl
1006170,1009056,S6060,763,rapidbus_kl
1009056,1006170,S6060,437,rapidbus_kl
1001801,1001322,T2000,98,rapidbus_kl
1001322,1000972,T2000,671,rapidbus_kl
1000972,1007531,T2000,21,rapidbus_kl
1007531,1000414,T2000,28,rapidbus_kl
1000414,1000415,T2000,96,rapidbus_kl
1000415,1000408,T2000,24,rapidbus_kl
1000408,1000405,T2000,52,rapidbus_kl
1000405,1000409,T2000,61,rapidbus_kl
1000409,1000410,T2000,21,rapidbus_kl
1000410,1000413,T2000,51,rapidbus_kl
1000413,1000411,T2000,43,rapidbus_kl
1000411,1000412,T2000,35,rapidbus_kl
1000412,1001321,T2000,782,rapidbus_kl
1001321,1001801,T2000,117,rapidbus_kl
1001801,1001322,T2010,91,rapidbus_kl
1001322,1003572,T2010,167,rapidbus_kl
1003572,1003525,T2010,555,rapidbus_kl
1003525,1000554,T2010,30,rapidbus_kl
1000554,1003881,T2010,42,rapidbus_kl
1003881,1000216,T2010,35,rapidbus_kl
1000216,1003500,T2010,62,rapidbus_kl
1003500,1002956,T2010,53,rapidbus_kl
1002956,1003377,T2010,54,rapidbus_kl
1003377,1002583,T2010,71,rapidbus_kl
1002583,1001916,T2010,49,rapidbus_kl
1001916,1001950,T2010,51,rapidbus_kl
1001950,1003560,T2010,62,rapidbus_kl
1003560,1003796,T2010,47,rapidbus_kl
1003796,1003556,T2010,40,rapidbus_kl
1003556,1003779,T2010,38,rapidbus_kl
1003779,1003868,T2010,30,rapidbus_kl
1003868,1003743,T2010,64,rapidbus_kl
1003743,1000895,T2010,52,rapidbus_kl
1000895,1000141,T2010,42,rapidbus_kl
1000141,1000880,T2010,51,rapidbus_kl
1000880,1002132,T2010,114,rapidbus_kl
1002132,1000881,T2010,97,rapidbus_kl
1000881,1002373,T2010,47,rapidbus_kl
1002373,1001532,T2010,41,rapidbus_kl
1001532,1003607,T2010,19,rapidbus_kl
1003607,1003754,T2010,17,rapidbus_kl
1003754,1006884,T2010,42,rapidbus_kl
1006884,1003862,T2010,43,rapidbus_kl
1003862,1003557,T2010,28,rapidbus_kl
1003557,1002447,T2010,27,rapidbus_kl
1002447,1003559,T2010,42,rapidbus_kl
1003559,1001951,T2010,64,rapidbus_kl
1001951,1003439,T2010,34,rapidbus_kl
1003439,1001585,T2010,50,rapidbus_kl
1001585,1003376,T2010,48,rapidbus_kl
1003376,1002928,T2010,45,rapidbus_kl
1002928,1000217,T2010,40,rapidbus_kl
1000217,1002474,T2010,61,rapidbus_kl
1002474,1003882,T2010,30,rapidbus_kl
1003882,1000555,T2010,38,rapidbus_kl
1000555,1003526,T2010,34,rapidbus_kl
1003526,1003571,T2010,429,rapidbus_kl
1003571,1001321,T2010,172,rapidbus_kl
1001321,1001801,T2010,52,rapidbus_kl
1001831,1000721,T2020,74,rapidbus_kl
1000721,1003746,T2020,31,rapidbus_kl
1003746,1001351,T2020,42,rapidbus_kl
1001351,1003346,T2020,86,rapidbus_kl
1003346,1000558,T2020,83,rapidbus_kl
1000558,1004217,T2020,60,rapidbus_kl
1004217,1002973,T2020,46,rapidbus_kl
1002973,1000559,T2020,27,rapidbus_kl
1000559,1001948,T2020,60,rapidbus_kl
1001948,1001051,T2020,62,rapidbus_kl
1001051,1003974,T2020,57,rapidbus_kl
1003974,1000848,T2020,37,rapidbus_kl
1000848,1002908,T2020,33,rapidbus_kl
1002908,1003459,T2020,50,rapidbus_kl
1003459,1002943,T2020,29,rapidbus_kl
1002943,1002858,T2020,33,rapidbus_kl
1002858,1001521,T2020,57,rapidbus_kl
1001521,1002938,T2020,76,rapidbus_kl
1002938,1001789,T2020,103,rapidbus_kl
1001789,1006202,T2020,30,rapidbus_kl
1006202,1006203,T2020,21,rapidbus_kl
1006203,1000382,T2020,19,rapidbus_kl
1000382,1001520,T2020,48,rapidbus_kl
1001520,1002857,T2020,28,rapidbus_kl
1002857,1002942,T2020,30,rapidbus_kl
1002942,1003458,T2020,49,rapidbus_kl
1003458,1002218,T2020,47,rapidbus_kl
1002218,1007532,T2020,30,rapidbus_kl
1007532,1000847,T2020,19,rapidbus_kl
1000847,1003973,T2020,29,rapidbus_kl
1003973,1001052,T2020,62,rapidbus_kl
1001052,1000557,T2020,80,rapidbus_kl
1000557,1007550,T2020,32,rapidbus_kl
1007550,1003975,T2020,32,rapidbus_kl
1003975,1004218,T2020,52,rapidbus_kl
1004218,1001548,T2020,40,rapidbus_kl
1001548,1003449,T2020,48,rapidbus_kl
1003449,1003345,T2020,55,rapidbus_kl
1003345,1001648,T2020,47,rapidbus_kl
1001648,1000768,T2020,37,rapidbus_kl
1000768,1000772,T2020,52,rapidbus_kl
1000772,1000786,T2020,45,rapidbus_kl
1000786,1001914,T2020,49,rapidbus_kl
1001914,1003217,T2020,34,rapidbus_kl
1003217,1003567,T2020,35,rapidbus_kl
1003567,1001322,T2020,49,rapidbus_kl
1001322,1000795,T2020,44,rapidbus_kl
1000795,1002951,T2020,63,rapidbus_kl
1002951,1003687,T2020,65,rapidbus_kl
1003687,1001831,T2020,83,rapidbus_kl
1006231,1000802,T2220,50,rapidbus_kl
1000802,1002723,T2220,90,rapidbus_kl
1002723,1000029,T2220,190,rapidbus_kl
1000029,1006108,T2220,277,rapidbus_kl
1006108,1000677,T2220,199,rapidbus_kl
1000677,1006109,T2220,149,rapidbus_kl
1006109,1003382,T2220,92,rapidbus_kl
1003382,1000042,T2220,134,rapidbus_kl
1000042,1000575,T2220,73,rapidbus_kl
1000575,1002870,T2220,70,rapidbus_kl
1002870,1000181,T2220,62,rapidbus_kl
1000181,1000865,T2220,57,rapidbus_kl
1000865,1000868,T2220,52,rapidbus_kl
1000868,1002463,T2220,137,rapidbus_kl
1002463,1003775,T2220,51,rapidbus_kl
1003775,1003152,T2220,66,rapidbus_kl
1003152,1003748,T2220,46,rapidbus_kl
1003748,1003877,T2220,54,rapidbus_kl
1003877,1000986,T2220,59,rapidbus_kl
1000986,1000459,T2220,48,rapidbus_kl
1000459,1000450,T2220,46,rapidbus_kl
1000450,1002626,T2220,48,rapidbus_kl
1002626,1000459,T2220,73,rapidbus_kl
1000450,1001827,T2220,56,rapidbus_kl
1001827,1004212,T2220,128,rapidbus_kl
1004212,1006106,T2220,47,rapidbus_kl
1006106,1000679,T2220,122,rapidbus_kl
1000679,1002462,T2220,116,rapidbus_kl
1002462,1001368,T2220,124,rapidbus_kl
1001368,1000866,T2220,89,rapidbus_kl
1000866,1000182,T2220,59,rapidbus_kl
1000182,1006110,T2220,36,rapidbus_kl
1006110,1001989,T2220,44,rapidbus_kl
1001989,1003383,T2220,126,rapidbus_kl
1003383,1003396,T2220,39,rapidbus_kl
1003396,1006112,T2220,78,rapidbus_kl
1006112,1000678,T2220,65,rapidbus_kl
1000678,1004167,T2220,60,rapidbus_kl
1004167,1004168,T2220,91,rapidbus_kl
1004168,1000145,T2220,229,rapidbus_kl
1000145,1001988,T2220,87,rapidbus_kl
1001988,1001987,T2220,43,rapidbus_kl
1001987,1002172,T2220,38,rapidbus_kl
1002172,1000144,T2220,87,rapidbus_kl
1000144,1000028,T2220,94,rapidbus_kl
1000028,1002724,T2220,95,rapidbus_kl
1002724,1000803,T2220,57,rapidbus_kl
1000803,1006231,T2220,19,rapidbus_kl
1001822,1002812,T2230,115,rapidbus_kl
1002812,1002332,T2230,18,rapidbus_kl
1002332,1001267,T2230,55,rapidbus_kl
1001267,1000048,T2230,95,rapidbus_kl
1000048,1001180,T2230,43,rapidbus_kl
1001180,1002471,T2230,119,rapidbus_kl
1002471,1008386,T2230,125,rapidbus_kl
1008386,1001278,T2230,55,rapidbus_kl
1001278,1001311,T2230,35,rapidbus_kl
1001311,1000995,T2230,54,rapidbus_kl
1000995,1001761,T2230,62,rapidbus_kl
1001761,1002005,T2230,71,rapidbus_kl
1002005,1001394,T2230,66,rapidbus_kl
1001394,1001391,T2230,98,rapidbus_kl
1001391,1001204,T2230,139,rapidbus_kl
1001204,1002125,T2230,108,rapidbus_kl
1002125,1002490,T2230,42,rapidbus_kl
1002490,1002214,T2230,90,rapidbus_kl
1002214,1001822,T2230,110,rapidbus_kl
1001800,1002279,T2240,90,rapidbus_kl
1002279,1001778,T2240,38,rapidbus_kl
1001778,1000577,T2240,32,rapidbus_kl
1000577,1001803,T2240,21,rapidbus_kl
1001803,1002603,T2240,27,rapidbus_kl
1002603,1002412,T2240,53,rapidbus_kl
1002412,1002700,T2240,51,rapidbus_kl
1002700,1002946,T2240,33,rapidbus_kl
1002946,1001663,T2240,56,rapidbus_kl
1001663,1004097,T2240,42,rapidbus_kl
1004097,1003635,T2240,51,rapidbus_kl
1003635,1002395,T2240,57,rapidbus_kl
1002395,1001519,T2240,65,rapidbus_kl
1001519,1004151,T2240,106,rapidbus_kl
1004151,1002773,T2240,180,rapidbus_kl
1002773,1000711,T2240,97,rapidbus_kl
1000711,1000016,T2240,43,rapidbus_kl
1000016,1002699,T2240,32,rapidbus_kl
1002699,1004200,T2240,33,rapidbus_kl
1004200,1000081,T2240,40,rapidbus_kl
1000081,1002432,T2240,42,rapidbus_kl
1002432,1006120,T2240,137,rapidbus_kl
1006120,1000625,T2240,116,rapidbus_kl
1000625,1002616,T2240,226,rapidbus_kl
1002616,1003762,T2240,102,rapidbus_kl
1003762,1001800,T2240,30,rapidbus_kl
1001835,1000750,T2500,72,rapidbus_kl
1000750,1006115,T2500,202,rapidbus_kl
1006115,1006116,T2500,46,rapidbus_kl
1006116,1003847,T2500,23,rapidbus_kl
1003847,1006117,T2500,66,rapidbus_kl
1006117,1002558,T2500,218,rapidbus_kl
1002558,1008381,T2500,63,rapidbus_kl
1008381,1008387,T2500,78,rapidbus_kl
1008387,1007537,T2500,75,rapidbus_kl
1007537,1007538,T2500,92,rapidbus_kl
1007538,1007539,T2500,54,rapidbus_kl
1007539,1003849,T2500,62,rapidbus_kl
1003849,1007521,T2500,58,rapidbus_kl
1007521,1006118,T2500,78,rapidbus_kl
1006118,1008388,T2500,119,rapidbus_kl
1008388,1008382,T2500,86,rapidbus_kl
1008382,1008380,T2500,79,rapidbus_kl
1008380,1002545,T2500,197,rapidbus_kl
1002545,1003846,T2500,64,rapidbus_kl
1003846,1003489,T2500,24,rapidbus_kl
1003489,1008325,T2500,51,rapidbus_kl
1008325,1003848,T2500,98,rapidbus_kl
1003848,1001834,T2500,136,rapidbus_kl
1001834,1006268,T2500,400,rapidbus_kl
1006268,1002266,T2500,71,rapidbus_kl
1002266,1000349,T2500,54,rapidbus_kl
1000349,1000345,T2500,61,rapidbus_kl
1000345,1000344,T2500,39,rapidbus_kl
1000344,1000341,T2500,54,rapidbus_kl
1000341,1000330,T2500,46,rapidbus_kl
1000330,1001835,T2500,234,rapidbus_kl
1001827,1004212,T2510,111,rapidbus_kl
1004212,1000986,T2510,111,rapidbus_kl
1000986,1000459,T2510,63,rapidbus_kl
1000459,1000450,T2510,42,rapidbus_kl
1000450,1007524,T2510,213,rapidbus_kl
1007524,1003859,T2510,93,rapidbus_kl
1003859,1003850,T2510,51,rapidbus_kl
1003850,1002273,T2510,53,rapidbus_kl
1002273,1002972,T2510,54,rapidbus_kl
1002972,1004237,T2510,71,rapidbus_kl
1004237,1001006,T2510,91,rapidbus_kl
1001006,1000751,T2510,59,rapidbus_kl
1000751,1003617,T2510,31,rapidbus_kl
1003617,1000623,T2510,69,rapidbus_kl
1000623,1003603,T2510,242,rapidbus_kl
1003603,1000458,T2510,43,rapidbus_kl
1000458,1003206,T2510,90,rapidbus_kl
1003206,1001827,T2510,313,rapidbus_kl
1003681,1000794,T3008,11,rapidbus_kl
1000794,1003349,T3008,52,rapidbus_kl
1003349,1000566,T3008,24,rapidbus_kl
1000566,1003150,T3008,23,rapidbus_kl
1003150,1002898,T3008,25,rapidbus_kl
1002898,1003989,T3008,22,rapidbus_kl
1003989,1003884,T3008,15,rapidbus_kl
1003884,1004148,T3008,15,rapidbus_kl
1004148,1003426,T3008,20,rapidbus_kl
1003426,1002878,T3008,41,rapidbus_kl
1002878,1002808,T3008,45,rapidbus_kl
1002808,1001573,T3008,26,rapidbus_kl
1001573,1000539,T3008,20,rapidbus_kl
1000539,1007625,T3008,43,rapidbus_kl
1007625,1007626,T3008,51,rapidbus_kl
1007626,1000084,T3008,51,rapidbus_kl
1000084,1000083,T3008,60,rapidbus_kl
1000083,1007627,T3008,61,rapidbus_kl
1007627,1007624,T3008,63,rapidbus_kl
1007624,1000019,T3008,16,rapidbus_kl
1000019,1001574,T3008,28,rapidbus_kl
1001574,1002807,T3008,28,rapidbus_kl
1002807,1003006,T3008,49,rapidbus_kl
1003006,1003038,T3008,23,rapidbus_kl
1003038,1004149,T3008,47,rapidbus_kl
1004149,1000089,T3008,15,rapidbus_kl
1000089,1002897,T3008,22,rapidbus_kl
1002897,1003151,T3008,27,rapidbus_kl
1003151,1003812,T3008,27,rapidbus_kl
1003812,1002970,T3008,36,rapidbus_kl
1002970,1003435,T3008,37,rapidbus_kl
1003435,1000609,T3008,34,rapidbus_kl
1000609,1003436,T3008,74,rapidbus_kl
1003436,1003783,T3008,24,rapidbus_kl
1003783,1003681,T3008,45,rapidbus_kl
1000083,1000546,T3018,73,rapidbus_kl
1000546,1003933,T3018,93,rapidbus_kl
1003933,1001783,T3018,68,rapidbus_kl
1001783,1000602,T3018,67,rapidbus_kl
1000602,1003422,T3018,113,rapidbus_kl
1003422,1004117,T3018,83,rapidbus_kl
1004117,1000005,T3018,67,rapidbus_kl
1000005,1007640,T3018,31,rapidbus_kl
1007640,1001258,T3018,26,rapidbus_kl
1001258,1002863,T3018,53,rapidbus_kl
1002863,1003283,T3018,80,rapidbus_kl
1003283,1003737,T3018,39,rapidbus_kl
1003737,1001315,T3018,49,rapidbus_kl
1001315,1003724,T3018,50,rapidbus_kl
1003724,1003803,T3018,50,rapidbus_kl
1003803,1002797,T3018,49,rapidbus_kl
1002797,1001925,T3018,37,rapidbus_kl
1001925,1002384,T3018,54,rapidbus_kl
1002384,1001711,T3018,44,rapidbus_kl
1001711,1003479,T3018,41,rapidbus_kl
1003479,1003795,T3018,32,rapidbus_kl
1003795,1001348,T3018,51,rapidbus_kl
1001348,1003461,T3018,33,rapidbus_kl
1003461,1000716,T3018,60,rapidbus_kl
1000716,1000971,T3018,157,rapidbus_kl
1000971,1000717,T3018,40,rapidbus_kl
1000717,1003462,T3018,59,rapidbus_kl
1003462,1001349,T3018,36,rapidbus_kl
1001349,1003794,T3018,56,rapidbus_kl
1003794,1002935,T3018,28,rapidbus_kl
1002935,1001712,T3018,33,rapidbus_kl
1001712,1002385,T3018,51,rapidbus_kl
1002385,1000567,T3018,60,rapidbus_kl
1000567,1003252,T3018,30,rapidbus_kl
1003252,1003804,T3018,58,rapidbus_kl
1003804,1003723,T3018,59,rapidbus_kl
1003723,1001316,T3018,46,rapidbus_kl
1001316,1002894,T3018,52,rapidbus_kl
1002894,1003282,T3018,60,rapidbus_kl
1003282,1002864,T3018,66,rapidbus_kl
1002864,1001301,T3018,43,rapidbus_kl
1001301,1002816,T3018,33,rapidbus_kl
1002816,1000023,T3018,37,rapidbus_kl
1000023,1004118,T3018,69,rapidbus_kl
1004118,1003421,T3018,88,rapidbus_kl
1003421,1003210,T3018,54,rapidbus_kl
1003210,1003147,T3018,59,rapidbus_kl
1003147,1001782,T3018,76,rapidbus_kl
1001782,1003932,T3018,130,rapidbus_kl
1003932,1000084,T3018,99,rapidbus_kl
1000084,1000083,T3018,78,rapidbus_kl
1000083,1000546,T3028,92,rapidbus_kl
1000546,1003933,T3028,117,rapidbus_kl
1003933,1001783,T3028,89,rapidbus_kl
1001783,1000602,T3028,85,rapidbus_kl
1000602,1000088,T3028,89,rapidbus_kl
1000088,1003505,T3028,88,rapidbus_kl
1003505,1000853,T3028,181,rapidbus_kl
1000853,1001284,T3028,77,rapidbus_kl
1001284,1003562,T3028,43,rapidbus_kl
1003562,1007628,T3028,82,rapidbus_kl
1007628,1001148,T3028,118,rapidbus_kl
1001148,1000963,T3028,139,rapidbus_kl
1000963,1001149,T3028,105,rapidbus_kl
1001149,1007629,T3028,119,rapidbus_kl
1007629,1003563,T3028,82,rapidbus_kl
1003563,1001283,T3028,43,rapidbus_kl
1001283,1001093,T3028,48,rapidbus_kl
1001093,1001254,T3028,79,rapidbus_kl
1001254,1003514,T3028,73,rapidbus_kl
1003514,1000447,T3028,66,rapidbus_kl
1000447,1003210,T3028,69,rapidbus_kl
1003210,1003147,T3028,66,rapidbus_kl
1003147,1001782,T3028,86,rapidbus_kl
1001782,1003932,T3028,142,rapidbus_kl
1003932,1000084,T3028,109,rapidbus_kl
1000084,1000083,T3028,113,rapidbus_kl
1000084,1002604,T3030,260,rapidbus_kl
1002604,1000026,T3030,90,rapidbus_kl
1000026,1003237,T3030,56,rapidbus_kl
1003237,1001146,T3030,62,rapidbus_kl
1001146,1001535,T3030,55,rapidbus_kl
1001535,1001876,T3030,47,rapidbus_kl
1001876,1006677,T3030,77,rapidbus_kl
1006677,1001271,T3030,70,rapidbus_kl
1001271,1000791,T3030,277,rapidbus_kl
1000791,1000179,T3030,42,rapidbus_kl
1000179,1003717,T3030,76,rapidbus_kl
1003717,1008475,T3030,72,rapidbus_kl
1008475,1001270,T3030,72,rapidbus_kl
1001270,1001877,T3030,151,rapidbus_kl
1001877,1001534,T3030,37,rapidbus_kl
1001534,1002936,T3030,59,rapidbus_kl
1002936,1002077,T3030,80,rapidbus_kl
1002077,1008476,T3030,65,rapidbus_kl
1008476,1000818,T3030,56,rapidbus_kl
1000818,1003932,T3030,267,rapidbus_kl
1003932,1008477,T3030,68,rapidbus_kl
1008477,1000084,T3030,61,rapidbus_kl
1003681,1000794,T3048,24,rapidbus_kl
1000794,1003322,T3048,104,rapidbus_kl
1003322,1001165,T3048,54,rapidbus_kl
1001165,1000447,T3048,139,rapidbus_kl
1000447,1003210,T3048,85,rapidbus_kl
1003210,1003147,T3048,79,rapidbus_kl
1003147,1001782,T3048,101,rapidbus_kl
1001782,1003932,T3048,173,rapidbus_kl
1003932,1000084,T3048,132,rapidbus_kl
1000084,1000083,T3048,132,rapidbus_kl
1000083,1000546,T3048,100,rapidbus_kl
1000546,1003933,T3048,131,rapidbus_kl
1003933,1001783,T3048,98,rapidbus_kl
1001783,1000602,T3048,90,rapidbus_kl
1000602,1000088,T3048,105,rapidbus_kl
1000088,1003505,T3048,92,rapidbus_kl
1003505,1000020,T3048,94,rapidbus_kl
1000020,1002347,T3048,69,rapidbus_kl
1002347,1003349,T3048,41,rapidbus_kl
1003349,1002970,T3048,108,rapidbus_kl
1002970,1003435,T3048,80,rapidbus_kl
1003435,1000609,T3048,74,rapidbus_kl
1000609,1003436,T3048,157,rapidbus_kl
1003436,1003783,T3048,52,rapidbus_kl
1003783,1003681,T3048,86,rapidbus_kl
1001793,1000353,T3500,169,rapidbus_kl
1000353,1000352,T3500,167,rapidbus_kl
1000352,1002683,T3500,38,rapidbus_kl
1002683,1003691,T3500,52,rapidbus_kl
1003691,1001652,T3500,52,rapidbus_kl
1001652,1000922,T3500,57,rapidbus_kl
1000922,1003221,T3500,53,rapidbus_kl
1003221,1002489,T3500,39,rapidbus_kl
1002489,1008643,T3500,33,rapidbus_kl
1008643,1008644,T3500,18,rapidbus_kl
1008644,1003012,T3500,29,rapidbus_kl
1003012,1002321,T3500,78,rapidbus_kl
1002321,1004285,T3500,114,rapidbus_kl
1004285,1001996,T3500,30,rapidbus_kl
1001996,1001312,T3500,74,rapidbus_kl
1001312,1002323,T3500,55,rapidbus_kl
1002323,1001252,T3500,144,rapidbus_kl
1001252,1003576,T3500,38,rapidbus_kl
1003576,1000567,T3500,76,rapidbus_kl
1000567,1003252,T3500,96,rapidbus_kl
1003252,1003804,T3500,85,rapidbus_kl
1003804,1001768,T3500,49,rapidbus_kl
1001768,1001559,T3500,73,rapidbus_kl
1001559,1003509,T3500,38,rapidbus_kl
1003509,1003876,T3500,127,rapidbus_kl
1003876,1001577,T3500,44,rapidbus_kl
1001577,1000640,T3500,18,rapidbus_kl
1000640,1002688,T3500,44,rapidbus_kl
1002688,1003220,T3500,58,rapidbus_kl
1003220,1001647,T3500,85,rapidbus_kl
1001647,1000636,T3500,104,rapidbus_kl
1000636,1002320,T3500,46,rapidbus_kl
1002320,1000354,T3500,47,rapidbus_kl
1000354,1000134,T3500,124,rapidbus_kl
1000134,1000129,T3500,99,rapidbus_kl
1000129,1001793,T3500,247,rapidbus_kl
1001793,1000704,T3510,116,rapidbus_kl
1000704,1000964,T3510,102,rapidbus_kl
1000964,1000728,T3510,73,rapidbus_kl
1000728,1003691,T3510,106,rapidbus_kl
1003691,1001651,T3510,83,rapidbus_kl
1001651,1000992,T3510,55,rapidbus_kl
1000992,1003749,T3510,32,rapidbus_kl
1003749,1000610,T3510,42,rapidbus_kl
1000610,1002238,T3510,81,rapidbus_kl
1002238,1000927,T3510,48,rapidbus_kl
1000927,1000189,T3510,49,rapidbus_kl
1000189,1003307,T3510,57,rapidbus_kl
1003307,1003351,T3510,56,rapidbus_kl
1003351,1006900,T3510,51,rapidbus_kl
1006900,1003924,T3510,63,rapidbus_kl
1003924,1002044,T3510,96,rapidbus_kl
1002044,1001177,T3510,74,rapidbus_kl
1001177,1001755,T3510,55,rapidbus_kl
1001755,1002489,T3510,110,rapidbus_kl
1002489,1008643,T3510,56,rapidbus_kl
1008643,1008644,T3510,24,rapidbus_kl
1008644,1003148,T3510,25,rapidbus_kl
1003148,1000362,T3510,42,rapidbus_kl
1000362,1007302,T3510,148,rapidbus_kl
1007302,1001486,T3510,54,rapidbus_kl
1001486,1000874,T3510,42,rapidbus_kl
1000874,1003418,T3510,124,rapidbus_kl
1003418,1001262,T3510,54,rapidbus_kl
1001262,1006905,T3510,48,rapidbus_kl
1006905,1006903,T3510,56,rapidbus_kl
1006903,1002045,T3510,84,rapidbus_kl
1002045,1003925,T3510,173,rapidbus_kl
1003925,1006901,T3510,58,rapidbus_kl
1006901,1003350,T3510,162,rapidbus_kl
1003350,1003306,T3510,51,rapidbus_kl
1003306,1003689,T3510,69,rapidbus_kl
1003689,1001962,T3510,92,rapidbus_kl
1001962,1002821,T3510,72,rapidbus_kl
1002821,1000110,T3510,103,rapidbus_kl
1000110,1003811,T3510,61,rapidbus_kl
1003811,1000636,T3510,68,rapidbus_kl
1000636,1002320,T3510,60,rapidbus_kl
1002320,1000354,T3510,53,rapidbus_kl
1000354,1000134,T3510,41,rapidbus_kl
1000134,1000129,T3510,59,rapidbus_kl
1000129,1001793,T3510,72,rapidbus_kl
1000854,1002809,T4068,397,rapidbus_kl
1002809,1003288,T4068,26,rapidbus_kl
1003288,1000193,T4068,39,rapidbus_kl
1000193,1000445,T4068,37,rapidbus_kl
1000445,1001543,T4068,42,rapidbus_kl
1001543,1003964,T4068,34,rapidbus_kl
1003964,1003287,T4068,54,rapidbus_kl
1003287,1000251,T4068,52,rapidbus_kl
1000251,1004084,T4068,72,rapidbus_kl
1004084,1000188,T4068,23,rapidbus_kl
1000188,1000214,T4068,46,rapidbus_kl
1000214,1000592,T4068,32,rapidbus_kl
1000592,1003970,T4068,40,rapidbus_kl
1003970,1003319,T4068,70,rapidbus_kl
1003319,1002393,T4068,97,rapidbus_kl
1002393,1001304,T4068,40,rapidbus_kl
1001304,1002803,T4068,32,rapidbus_kl
1002803,1004017,T4068,64,rapidbus_kl
1004017,1001429,T4068,51,rapidbus_kl
1001429,1004063,T4068,80,rapidbus_kl
1004063,1001841,T4068,42,rapidbus_kl
1001841,1000163,T4068,73,rapidbus_kl
1000163,1000560,T4068,78,rapidbus_kl
1000560,1002439,T4068,40,rapidbus_kl
1002439,1001458,T4068,84,rapidbus_kl
1001458,1002283,T4068,50,rapidbus_kl
1002283,1000667,T4068,36,rapidbus_kl
1000667,1001463,T4068,38,rapidbus_kl
1001463,1002040,T4068,135,rapidbus_kl
1002040,1000851,T4068,32,rapidbus_kl
1000851,1001745,T4068,64,rapidbus_kl
1001745,1001289,T4068,63,rapidbus_kl
1001289,1003598,T4068,44,rapidbus_kl
1003598,1008298,T4068,67,rapidbus_kl
1008298,1003296,T4068,125,rapidbus_kl
1003296,1001068,T4068,104,rapidbus_kl
1001068,1002725,T4068,132,rapidbus_kl
1002725,1002370,T4068,43,rapidbus_kl
1002370,1008299,T4068,144,rapidbus_kl
1008299,1001439,T4068,47,rapidbus_kl
1001439,1003302,T4068,56,rapidbus_kl
1003302,1003599,T4068,29,rapidbus_kl
1003599,1001930,T4068,120,rapidbus_kl
1001930,1001310,T4068,41,rapidbus_kl
1001310,1002441,T4068,141,rapidbus_kl
1002441,1001836,T4068,225,rapidbus_kl
1001836,1003127,T4068,172,rapidbus_kl
1003127,1004106,T4068,102,rapidbus_kl
1004106,1003126,T4068,111,rapidbus_kl
1003126,1001448,T4068,174,rapidbus_kl
1001448,1002585,T4068,85,rapidbus_kl
1002585,1002442,T4068,133,rapidbus_kl
1002442,1004105,T4068,133,rapidbus_kl
1004105,1001934,T4068,44,rapidbus_kl
1001934,1003600,T4068,125,rapidbus_kl
1003600,1003303,T4068,29,rapidbus_kl
1003303,1001438,T4068,43,rapidbus_kl
1001438,1001320,T4068,156,rapidbus_kl
1001320,1002371,T4068,51,rapidbus_kl
1002371,1002657,T4068,30,rapidbus_kl
1002657,1002421,T4068,149,rapidbus_kl
1002421,1001684,T4068,92,rapidbus_kl
1001684,1001879,T4068,92,rapidbus_kl
1001879,1000571,T4068,114,rapidbus_kl
1000571,1001288,T4068,40,rapidbus_kl
1001288,1001746,T4068,64,rapidbus_kl
1001746,1002682,T4068,63,rapidbus_kl
1002682,1002039,T4068,32,rapidbus_kl
1002039,1001464,T4068,125,rapidbus_kl
1001464,1002691,T4068,36,rapidbus_kl
1002691,1001840,T4068,46,rapidbus_kl
1001840,1001459,T4068,50,rapidbus_kl
1001459,1003976,T4068,43,rapidbus_kl
1003976,1002493,T4068,21,rapidbus_kl
1002493,1000561,T4068,49,rapidbus_kl
1000561,1000164,T4068,85,rapidbus_kl
1000164,1001356,T4068,60,rapidbus_kl
1001356,1002379,T4068,64,rapidbus_kl
1002379,1002496,T4068,76,rapidbus_kl
1002496,1004064,T4068,26,rapidbus_kl
1004064,1008297,T4068,59,rapidbus_kl
1008297,1001303,T4068,64,rapidbus_kl
1001303,1002392,T4068,96,rapidbus_kl
1002392,1000215,T4068,59,rapidbus_kl
1000215,1001465,T4068,44,rapidbus_kl
1001465,1001612,T4068,39,rapidbus_kl
1001612,1003969,T4068,43,rapidbus_kl
1003969,1000591,T4068,39,rapidbus_kl
1000591,1004085,T4068,25,rapidbus_kl
1004085,1000252,T4068,75,rapidbus_kl
1000252,1000475,T4068,64,rapidbus_kl
1000475,1003963,T4068,49,rapidbus_kl
1003963,1008296,T4068,27,rapidbus_kl
1008296,1008295,T4068,50,rapidbus_kl
1008295,1000194,T4068,21,rapidbus_kl
1000194,1003289,T4068,31,rapidbus_kl
1003289,1000400,T4068,39,rapidbus_kl
1000400,1000854,T4068,580,rapidbus_kl
1000532,1000563,T4508,118,rapidbus_kl
1000563,1002811,T4508,59,rapidbus_kl
1002811,1007631,T4508,60,rapidbus_kl
1007631,1001160,T4508,48,rapidbus_kl
1001160,1000402,T4508,88,rapidbus_kl
1000402,1003979,T4508,78,rapidbus_kl
1003979,1001718,T4508,51,rapidbus_kl
1001718,1003451,T4508,78,rapidbus_kl
1003451,1001597,T4508,154,rapidbus_kl
1001597,1001609,T4508,84,rapidbus_kl
1001609,1000108,T4508,101,rapidbus_kl
1000108,1001357,T4508,95,rapidbus_kl
1001357,1003854,T4508,75,rapidbus_kl
1003854,1001717,T4508,146,rapidbus_kl
1001717,1003313,T4508,48,rapidbus_kl
1003313,1001339,T4508,90,rapidbus_kl
1001339,1003136,T4508,58,rapidbus_kl
1003136,1007634,T4508,62,rapidbus_kl
1007634,1003911,T4508,109,rapidbus_kl
1003911,1004067,T4508,58,rapidbus_kl
1004067,1000607,T4508,281,rapidbus_kl
1000607,1001314,T4508,67,rapidbus_kl
1001314,1003316,T4508,30,rapidbus_kl
1003316,1002747,T4508,47,rapidbus_kl
1002747,1001287,T4508,63,rapidbus_kl
1001287,1004012,T4508,81,rapidbus_kl
1004012,1002190,T4508,365,rapidbus_kl
1002190,1001552,T4508,123,rapidbus_kl
1001552,1007637,T4508,101,rapidbus_kl
1007637,1000954,T4508,128,rapidbus_kl
1000954,1003364,T4508,77,rapidbus_kl
1003364,1003978,T4508,100,rapidbus_kl
1003978,1004094,T4508,77,rapidbus_kl
1004094,1001363,T4508,77,rapidbus_kl
1001363,1002026,T4508,121,rapidbus_kl
1002026,1004267,T4508,30,rapidbus_kl
1004267,1001750,T4508,56,rapidbus_kl
1001750,1004231,T4508,72,rapidbus_kl
1004231,1007233,T4508,69,rapidbus_kl
1007233,1007638,T4508,187,rapidbus_kl
1007638,1000923,T4508,23,rapidbus_kl
1000923,1003366,T4508,24,rapidbus_kl
1003366,1003543,T4508,75,rapidbus_kl
1003543,1004093,T4508,99,rapidbus_kl
1004093,1000295,T4508,88,rapidbus_kl
1000295,1003228,T4508,110,rapidbus_kl
1003228,1003365,T4508,48,rapidbus_kl
1003365,1001344,T4508,142,rapidbus_kl
1001344,1001553,T4508,109,rapidbus_kl
1001553,1003840,T4508,110,rapidbus_kl
1003840,1004013,T4508,386,rapidbus_kl
1004013,1002804,T4508,79,rapidbus_kl
1002804,1002034,T4508,62,rapidbus_kl
1002034,1007636,T4508,40,rapidbus_kl
1007636,1002765,T4508,31,rapidbus_kl
1002765,1003440,T4508,67,rapidbus_kl
1003440,1001013,T4508,138,rapidbus_kl
1001013,1002552,T4508,136,rapidbus_kl
1002552,1003912,T4508,64,rapidbus_kl
1003912,1007635,T4508,65,rapidbus_kl
1007635,1002038,T4508,102,rapidbus_kl
1002038,1002824,T4508,85,rapidbus_kl
1002824,1007633,T4508,46,rapidbus_kl
1007633,1002831,T4508,44,rapidbus_kl
1002831,1000246,T4508,86,rapidbus_kl
1000246,1001609,T4508,45,rapidbus_kl
1001357,1001598,T4508,135,rapidbus_kl
1001598,1001226,T4508,67,rapidbus_kl
1001226,1007632,T4508,98,rapidbus_kl
1007632,1001328,T4508,81,rapidbus_kl
1001328,1001159,T4508,103,rapidbus_kl
1001159,1007630,T4508,104,rapidbus_kl
1007630,1001282,T4508,111,rapidbus_kl
1001282,1009090,T4508,61,rapidbus_kl
1009090,1000532,T4508,60,rapidbus_kl
1001689,1003430,T5718,265,rapidbus_kl
1003430,1000686,T5718,27,rapidbus_kl
1000686,1003971,T5718,48,rapidbus_kl
1003971,1003432,T5718,54,rapidbus_kl
1003432,1000696,T5718,39,rapidbus_kl
1000696,1000780,T5718,62,rapidbus_kl
1000780,1000781,T5718,180,rapidbus_kl
1000781,1000697,T5718,87,rapidbus_kl
1000697,1001992,T5718,80,rapidbus_kl
1001992,1001498,T5718,60,rapidbus_kl
1001498,1001668,T5718,46,rapidbus_kl
1001668,1000034,T5718,69,rapidbus_kl
1000034,1000489,T5718,46,rapidbus_kl
1000489,1003241,T5718,78,rapidbus_kl
1003241,1004066,T5718,28,rapidbus_kl
1004066,1004260,T5718,55,rapidbus_kl
1004260,1003332,T5718,135,rapidbus_kl
1003332,1003923,T5718,49,rapidbus_kl
1003923,1001689,T5718,92,rapidbus_kl
1006170,1006173,T5800,71,rapidbus_kl
1006173,1000044,T5800,30,rapidbus_kl
1000044,1008703,T5800,83,rapidbus_kl
1008703,1003940,T5800,88,rapidbus_kl
1003940,1000160,T5800,20,rapidbus_kl
1000160,1001791,T5800,17,rapidbus_kl
1001791,1000612,T5800,12,rapidbus_kl
1000612,1000613,T5800,22,rapidbus_kl
1000613,1000574,T5800,47,rapidbus_kl
1000574,1002306,T5800,24,rapidbus_kl
1002306,1000103,T5800,21,rapidbus_kl
1000103,1001580,T5800,50,rapidbus_kl
1001580,1001564,T5800,19,rapidbus_kl
1001564,1003926,T5800,34,rapidbus_kl
1003926,1002884,T5800,36,rapidbus_kl
1002884,1002907,T5800,47,rapidbus_kl
1002907,1003024,T5800,25,rapidbus_kl
1003024,1000122,T5800,21,rapidbus_kl
1000122,1000611,T5800,77,rapidbus_kl
1000611,1000449,T5800,112,rapidbus_kl
1000449,1001792,T5800,53,rapidbus_kl
1001792,1000161,T5800,27,rapidbus_kl
1000161,1000984,T5800,24,rapidbus_kl
1000984,1001008,T5800,55,rapidbus_kl
1001008,1002031,T5800,102,rapidbus_kl
1002031,1004139,T5800,63,rapidbus_kl
1004139,1000176,T5800,47,rapidbus_kl
1000176,1002032,T5800,221,rapidbus_kl
1002032,1004159,T5800,60,rapidbus_kl
1004159,1001978,T5800,67,rapidbus_kl
1001978,1001072,T5800,79,rapidbus_kl
1001072,1000111,T5800,32,rapidbus_kl
1000111,1006172,T5800,287,rapidbus_kl
1006172,1006170,T5800,427,rapidbus_kl
1005059,1005058,T5810,41,rapidbus_kl
1005058,1005056,T5810,101,rapidbus_kl
1005056,1005054,T5810,144,rapidbus_kl
1005054,1006154,T5810,315,rapidbus_kl
1006154,1001806,T5810,71,rapidbus_kl
1001806,1006155,T5810,113,rapidbus_kl
1006155,1006169,T5810,73,rapidbus_kl
1006169,1000014,T5810,124,rapidbus_kl
1000014,1003155,T5810,72,rapidbus_kl
1003155,1000584,T5810,78,rapidbus_kl
1000584,1002419,T5810,40,rapidbus_kl
1002419,1001698,T5810,33,rapidbus_kl
1001698,1000879,T5810,64,rapidbus_kl
1000879,1000907,T5810,56,rapidbus_kl
1000907,1001849,T5810,66,rapidbus_kl
1001849,1001995,T5810,45,rapidbus_kl
1001995,1003263,T5810,32,rapidbus_kl
1003263,1002145,T5810,92,rapidbus_kl
1002145,1005055,T5810,498,rapidbus_kl
1005055,1005057,T5810,42,rapidbus_kl
1006287,1006678,T6000,291,rapidbus_kl
1006678,1002768,T6000,247,rapidbus_kl
1002768,1002228,T6000,241,rapidbus_kl
1002228,1006584,T6000,55,rapidbus_kl
1006584,1003604,T6000,49,rapidbus_kl
1003604,1003495,T6000,75,rapidbus_kl
1003495,1006586,T6000,42,rapidbus_kl
1006586,1002166,T6000,27,rapidbus_kl
1002166,1002139,T6000,59,rapidbus_kl
1002139,1008196,T6000,199,rapidbus_kl
1008196,1002749,T6000,38,rapidbus_kl
1002749,1002180,T6000,54,rapidbus_kl
1002180,1002162,T6000,130,rapidbus_kl
1002162,1004088,T6000,69,rapidbus_kl
1004088,1002767,T6000,37,rapidbus_kl
1002767,1003913,T6000,213,rapidbus_kl
1003913,1001010,T6000,155,rapidbus_kl
1001010,1006287,T6000,119,rapidbus_kl
1002156,1002143,T6010,62,rapidbus_kl
1002143,1002153,T6010,47,rapidbus_kl
1002153,1002141,T6010,58,rapidbus_kl
1002141,1006576,T6010,108,rapidbus_kl
1006576,1002514,T6010,70,rapidbus_kl
1002514,1001985,T6010,82,rapidbus_kl
1001985,1001742,T6010,56,rapidbus_kl
1001742,1000432,T6010,60,rapidbus_kl
1000432,1000338,T6010,58,rapidbus_kl
1000338,1000849,T6010,85,rapidbus_kl
1000849,1002345,T6010,150,rapidbus_kl
1002345,1003258,T6010,49,rapidbus_kl
1003258,1002344,T6010,50,rapidbus_kl
1002344,1002740,T6010,119,rapidbus_kl
1002740,1003980,T6010,106,rapidbus_kl
1003980,1003030,T6010,74,rapidbus_kl
1003030,1002221,T6010,83,rapidbus_kl
1002221,1003648,T6010,57,rapidbus_kl
1003648,1002926,T6010,49,rapidbus_kl
1002926,1002223,T6010,57,rapidbus_kl
1002223,1003028,T6010,43,rapidbus_kl
1003028,1003819,T6010,69,rapidbus_kl
1003819,1004208,T6010,73,rapidbus_kl
1004208,1002641,T6010,135,rapidbus_kl
1002641,1003820,T6010,104,rapidbus_kl
1003820,1003027,T6010,64,rapidbus_kl
1003027,1002222,T6010,33,rapidbus_kl
1002222,1002924,T6010,21,rapidbus_kl
1002924,1003647,T6010,55,rapidbus_kl
1003647,1002230,T6010,46,rapidbus_kl
1002230,1003029,T6010,51,rapidbus_kl
1003029,1003998,T6010,219,rapidbus_kl
1003998,1002346,T6010,33,rapidbus_kl
1002346,1001722,T6010,138,rapidbus_kl
1001722,1008639,T6010,32,rapidbus_kl
1008639,1006575,T6010,36,rapidbus_kl
1006575,1000339,T6010,43,rapidbus_kl
1000339,1000433,T6010,54,rapidbus_kl
1000433,1001986,T6010,34,rapidbus_kl
1001986,1006574,T6010,86,rapidbus_kl
1006574,1003310,T6010,87,rapidbus_kl
1003310,1002144,T6010,83,rapidbus_kl
1002144,1002156,T6010,101,rapidbus_kl
1006574,1003310,T6030,69,rapidbus_kl
1003310,1002144,T6030,79,rapidbus_kl
1002144,1002154,T6030,33,rapidbus_kl
1002154,1002207,T6030,135,rapidbus_kl
1002207,1008326,T6030,142,rapidbus_kl
1008326,1008327,T6030,238,rapidbus_kl
1008327,1008329,T6030,152,rapidbus_kl
1008329,1008330,T6030,160,rapidbus_kl
1008330,1006583,T6030,83,rapidbus_kl
1006583,1002156,T6030,189,rapidbus_kl
1002156,1002143,T6030,46,rapidbus_kl
1002143,1002153,T6030,33,rapidbus_kl
1002153,1002141,T6030,40,rapidbus_kl
1002141,1006576,T6030,81,rapidbus_kl
1006576,1002514,T6030,45,rapidbus_kl
1002514,1001985,T6030,56,rapidbus_kl
1001985,1001742,T6030,40,rapidbus_kl
1001742,1001939,T6030,43,rapidbus_kl
1001939,1001986,T6030,38,rapidbus_kl
1001986,1002430,T6030,11,rapidbus_kl
1002430,1006574,T6030,87,rapidbus_kl
1000025,1008309,T6040,29,rapidbus_kl
1008309,1001396,T6040,33,rapidbus_kl
1001396,1001397,T6040,45,rapidbus_kl
1001397,1002150,T6040,73,rapidbus_kl
1002150,1001658,T6040,104,rapidbus_kl
1001658,1002762,T6040,16,rapidbus_kl
1002762,1000733,T6040,47,rapidbus_kl
1000733,1001234,T6040,73,rapidbus_kl
1001234,1001030,T6040,47,rapidbus_kl
1001030,1003342,T6040,32,rapidbus_kl
1003342,1003622,T6040,60,rapidbus_kl
1003622,1000090,T6040,44,rapidbus_kl
1000090,1003718,T6040,54,rapidbus_kl
1003718,1000092,T6040,40,rapidbus_kl
1000092,1006678,T6040,201,rapidbus_kl
1006678,1002768,T6040,196,rapidbus_kl
1002768,1006291,T6040,168,rapidbus_kl
1006291,1006292,T6040,28,rapidbus_kl
1006292,1006293,T6040,25,rapidbus_kl
1006293,1006297,T6040,37,rapidbus_kl
1006297,1006299,T6040,33,rapidbus_kl
1006299,1006301,T6040,33,rapidbus_kl
1006301,1006303,T6040,28,rapidbus_kl
1006303,1006305,T6040,75,rapidbus_kl
1006305,1006307,T6040,46,rapidbus_kl
1006307,1006309,T6040,29,rapidbus_kl
1006309,1006311,T6040,204,rapidbus_kl
1006311,1006308,T6040,68,rapidbus_kl
1006308,1006306,T6040,36,rapidbus_kl
1006306,1006304,T6040,73,rapidbus_kl
1006304,1006302,T6040,26,rapidbus_kl
1006302,1006300,T6040,31,rapidbus_kl
1006300,1006298,T6040,33,rapidbus_kl
1006298,1006296,T6040,32,rapidbus_kl
1006296,1006295,T6040,23,rapidbus_kl
1006295,1006294,T6040,29,rapidbus_kl
1006294,1006286,T6040,80,rapidbus_kl
1006286,1003913,T6040,88,rapidbus_kl
1003913,1001010,T6040,70,rapidbus_kl
1001010,1006287,T6040,96,rapidbus_kl
1006287,1004199,T6040,81,rapidbus_kl
1004199,1001601,T6040,53,rapidbus_kl
1001601,1000091,T6040,224,rapidbus_kl
1000091,1000147,T6040,28,rapidbus_kl
1000147,1000148,T6040,26,rapidbus_kl
1000148,1002932,T6040,27,rapidbus_kl
1002932,1003622,T6040,46,rapidbus_kl
1003622,1003341,T6040,57,rapidbus_kl
1003341,1001029,T6040,29,rapidbus_kl
1001029,1002805,T6040,45,rapidbus_kl
1002805,1000732,T6040,75,rapidbus_kl
1000732,1002761,T6040,39,rapidbus_kl
1002761,1003618,T6040,15,rapidbus_kl
1003618,1002151,T6040,96,rapidbus_kl
1002151,1001269,T6040,45,rapidbus_kl
1001269,1004014,T6040,51,rapidbus_kl
1004014,1002193,T6040,36,rapidbus_kl
1002193,1000025,T6040,142,rapidbus_kl
1006279,1000587,T6050,99,rapidbus_kl
1000587,1001579,T6050,56,rapidbus_kl
1001579,1001920,T6050,58,rapidbus_kl
1001920,1006280,T6050,43,rapidbus_kl
1006280,1006282,T6050,53,rapidbus_kl
1006282,1006283,T6050,67,rapidbus_kl
1006283,1006284,T6050,85,rapidbus_kl
1006284,1003606,T6050,110,rapidbus_kl
1003606,1002503,T6050,40,rapidbus_kl
1002503,1003813,T6050,39,rapidbus_kl
1003813,1003841,T6050,55,rapidbus_kl
1003841,1002693,T6050,58,rapidbus_kl
1002693,1005070,T6050,45,rapidbus_kl
1005070,1005071,T6050,53,rapidbus_kl
1005071,1006586,T6050,29,rapidbus_kl
1006586,1002138,T6050,22,rapidbus_kl
1002138,1002166,T6050,27,rapidbus_kl
1002166,1002139,T6050,25,rapidbus_kl
1002139,1008196,T6050,33,rapidbus_kl
1008196,1002749,T6050,31,rapidbus_kl
1002749,1005072,T6050,50,rapidbus_kl
1005072,1002228,T6050,120,rapidbus_kl
1002228,1006584,T6050,60,rapidbus_kl
1006584,1006585,T6050,104,rapidbus_kl
1006585,1000917,T6050,269,rapidbus_kl
1000917,1006279,T6050,169,rapidbus_kl
1001828,1006035,T6400,66,rapidbus_kl
1006035,1000203,T6400,43,rapidbus_kl
1000203,1002848,T6400,50,rapidbus_kl
1002848,1001628,T6400,39,rapidbus_kl
1001628,1002958,T6400,13,rapidbus_kl
1002958,1001487,T6400,13,rapidbus_kl
1001487,1002270,T6400,96,rapidbus_kl
1002270,1003891,T6400,20,rapidbus_kl
1003891,1001844,T6400,39,rapidbus_kl
1001844,1001000,T6400,54,rapidbus_kl
1001000,1000369,T6400,66,rapidbus_kl
1000369,1002594,T6400,31,rapidbus_kl
1002594,1000186,T6400,45,rapidbus_kl
1000186,1000692,T6400,67,rapidbus_kl
1000692,1000143,T6400,120,rapidbus_kl
1000143,1000138,T6400,33,rapidbus_kl
1000138,1000137,T6400,55,rapidbus_kl
1000137,1002296,T6400,29,rapidbus_kl
1002296,1000326,T6400,20,rapidbus_kl
1000326,1000327,T6400,25,rapidbus_kl
1000327,1000237,T6400,16,rapidbus_kl
1000237,1003612,T6400,30,rapidbus_kl
1003612,1002949,T6400,40,rapidbus_kl
1002949,1001150,T6400,22,rapidbus_kl
1001150,1003750,T6400,18,rapidbus_kl
1003750,1002479,T6400,31,rapidbus_kl
1002479,1000943,T6400,53,rapidbus_kl
1000943,1000999,T6400,54,rapidbus_kl
1000999,1004161,T6400,30,rapidbus_kl
1004161,1001981,T6400,29,rapidbus_kl
1001981,1002269,T6400,187,rapidbus_kl
1002269,1000046,T6400,121,rapidbus_kl
1000046,1003502,T6400,46,rapidbus_kl
1003502,1001627,T6400,67,rapidbus_kl
1001627,1006035,T6400,144,rapidbus_kl
1006035,1001509,T6400,139,rapidbus_kl
1001509,1001828,T6400,149,rapidbus_kl
1001603,1001588,T7158,217,rapidbus_kl
1001588,1001586,T7158,57,rapidbus_kl
1001586,1002548,T7158,256,rapidbus_kl
1002548,1002516,T7158,141,rapidbus_kl
1002516,1008306,T7158,48,rapidbus_kl
1008306,1000361,T7158,204,rapidbus_kl
1000361,1003071,T7158,29,rapidbus_kl
1003071,1003786,T7158,126,rapidbus_kl
1003786,1009088,T7158,97,rapidbus_kl
1009088,1008503,T7158,71,rapidbus_kl
1008503,1009084,T7158,76,rapidbus_kl
1009084,1003447,T7158,36,rapidbus_kl
1003447,1003041,T7158,37,rapidbus_kl
1003041,1006126,T7158,31,rapidbus_kl
1006126,1003729,T7158,65,rapidbus_kl
1003729,1003730,T7158,9,rapidbus_kl
1003730,1003836,T7158,54,rapidbus_kl
1003836,1003020,T7158,24,rapidbus_kl
1003020,1003448,T7158,23,rapidbus_kl
1003448,1009085,T7158,41,rapidbus_kl
1009085,1008504,T7158,52,rapidbus_kl
1008504,1009089,T7158,77,rapidbus_kl
1009089,1003787,T7158,64,rapidbus_kl
1003787,1003072,T7158,116,rapidbus_kl
1003072,1002648,T7158,25,rapidbus_kl
1002648,1008307,T7158,176,rapidbus_kl
1008307,1003585,T7158,41,rapidbus_kl
1003585,1002549,T7158,130,rapidbus_kl
1002549,1001587,T7158,216,rapidbus_kl
1001587,1001589,T7158,54,rapidbus_kl
1001589,1008304,T7158,210,rapidbus_kl
1008304,1008305,T7158,24,rapidbus_kl
1008305,1000572,T7158,72,rapidbus_kl
1000572,1001584,T7158,51,rapidbus_kl
1001584,1001603,T7158,50,rapidbus_kl
1003078,1000936,T7538,41,rapidbus_kl
1000936,1006644,T7538,103,rapidbus_kl
1006644,1001091,T7538,79,rapidbus_kl
1001091,1000938,T7538,61,rapidbus_kl
1000938,1001976,T7538,121,rapidbus_kl
1001976,1003700,T7538,92,rapidbus_kl
1003700,1003465,T7538,127,rapidbus_kl
1003465,1003719,T7538,99,rapidbus_kl
1003719,1003686,T7538,82,rapidbus_kl
1003686,1003079,T7538,91,rapidbus_kl
1003079,1000556,T7538,30,rapidbus_kl
1000556,1000319,T7538,44,rapidbus_kl
1000319,1000674,T7538,25,rapidbus_kl
1000674,1000201,T7538,55,rapidbus_kl
1000201,1006014,T7538,173,rapidbus_kl
1006014,1003312,T7538,45,rapidbus_kl
1003312,1004224,T7538,202,rapidbus_kl
1004224,1003856,T7538,70,rapidbus_kl
1003856,1006643,T7538,118,rapidbus_kl
1006643,1003078,T7538,142,rapidbus_kl
1003078,1008399,T7548,33,rapidbus_kl
1008399,1008075,T7548,54,rapidbus_kl
1008075,1003267,T7548,79,rapidbus_kl
1003267,1008104,T7548,115,rapidbus_kl
1008104,1000171,T7548,32,rapidbus_kl
1000171,1000951,T7548,81,rapidbus_kl
1000951,1001488,T7548,141,rapidbus_kl
1001488,1002745,T7548,64,rapidbus_kl
1002745,1002275,T7548,41,rapidbus_kl
1002275,1008162,T7548,33,rapidbus_kl
1008162,1003355,T7548,30,rapidbus_kl
1003355,1001233,T7548,21,rapidbus_kl
1001233,1003931,T7548,72,rapidbus_kl
1003931,1006629,T7548,31,rapidbus_kl
1006629,1003348,T7548,70,rapidbus_kl
1003348,1001232,T7548,75,rapidbus_kl
1001232,1003354,T7548,26,rapidbus_kl
1003354,1008161,T7548,25,rapidbus_kl
1008161,1002274,T7548,26,rapidbus_kl
1002274,1000027,T7548,49,rapidbus_kl
1000027,1000905,T7548,58,rapidbus_kl
1000905,1000950,T7548,130,rapidbus_kl
1000950,1000172,T7548,91,rapidbus_kl
1000172,1006016,T7548,29,rapidbus_kl
1006016,1004224,T7548,151,rapidbus_kl
1004224,1003856,T7548,53,rapidbus_kl
1003856,1006643,T7548,86,rapidbus_kl
1006643,1003078,T7548,104,rapidbus_kl
1001567,1008237,T7568,32,rapidbus_kl
1008237,1008106,T7568,127,rapidbus_kl
1008106,1001568,T7568,27,rapidbus_kl
1001568,1000073,T7568,89,rapidbus_kl
1000073,1008105,T7568,53,rapidbus_kl
1008105,1008092,T7568,114,rapidbus_kl
1008092,1003831,T7568,131,rapidbus_kl
1003831,1003549,T7568,143,rapidbus_kl
1003549,1003734,T7568,193,rapidbus_kl
1003734,1001483,T7568,126,rapidbus_kl
1001483,1002769,T7568,32,rapidbus_kl
1002769,1001563,T7568,124,rapidbus_kl
1001563,1001525,T7568,87,rapidbus_kl
1001525,1000306,T7568,115,rapidbus_kl
1000306,1004282,T7568,87,rapidbus_kl
1004282,1000322,T7568,49,rapidbus_kl
1000322,1004060,T7568,75,rapidbus_kl
1004060,1000350,T7568,68,rapidbus_kl
1000350,1002854,T7568,40,rapidbus_kl
1002854,1002092,T7568,86,rapidbus_kl
1002092,1000821,T7568,102,rapidbus_kl
1000821,1000037,T7568,63,rapidbus_kl
1000037,1000536,T7568,52,rapidbus_kl
1000536,1003757,T7568,90,rapidbus_kl
1003757,1001566,T7568,62,rapidbus_kl
1001566,1008402,T7568,44,rapidbus_kl
1008402,1000740,T7568,30,rapidbus_kl
1000740,1003915,T7568,202,rapidbus_kl
1003915,1000358,T7568,111,rapidbus_kl
1000358,1003083,T7568,101,rapidbus_kl
1003083,1008398,T7568,94,rapidbus_kl
1008398,1001730,T7568,33,rapidbus_kl
1001730,1004249,T7568,58,rapidbus_kl
1004249,1003078,T7568,160,rapidbus_kl
1003078,1000936,T7568,39,rapidbus_kl
1000936,1001731,T7568,90,rapidbus_kl
1001731,1008397,T7568,26,rapidbus_kl
1008397,1003082,T7568,101,rapidbus_kl
1003082,1000357,T7568,107,rapidbus_kl
1000357,1003916,T7568,151,rapidbus_kl
1003916,1000886,T7568,167,rapidbus_kl
1000886,1008401,T7568,43,rapidbus_kl
1008401,1001216,T7568,63,rapidbus_kl
1001216,1003756,T7568,195,rapidbus_kl
1003756,1000038,T7568,81,rapidbus_kl
1000038,1001018,T7568,66,rapidbus_kl
1001018,1001403,T7568,124,rapidbus_kl
1001403,1002424,T7568,94,rapidbus_kl
1002424,1000356,T7568,48,rapidbus_kl
1000356,1003610,T7568,63,rapidbus_kl
1003610,1000323,T7568,88,rapidbus_kl
1000323,1004269,T7568,38,rapidbus_kl
1004269,1000305,T7568,107,rapidbus_kl
1000305,1002800,T7568,142,rapidbus_kl
1002800,1000626,T7568,119,rapidbus_kl
1000626,1002770,T7568,98,rapidbus_kl
1002770,1001484,T7568,42,rapidbus_kl
1001484,1003755,T7568,132,rapidbus_kl
1003755,1003548,T7568,205,rapidbus_kl
1003548,1003832,T7568,176,rapidbus_kl
1003832,1008498,T7568,26,rapidbus_kl
1008498,1008236,T7568,155,rapidbus_kl
1008236,1001858,T7568,94,rapidbus_kl
1001858,1001567,T7568,120,rapidbus_kl
1006551,1006552,T7740,59,rapidbus_kl
1006552,1006554,T7740,57,rapidbus_kl
1006554,1006556,T7740,46,rapidbus_kl
1006556,1006558,T7740,49,rapidbus_kl
1006558,1006560,T7740,37,rapidbus_kl
1006560,1006562,T7740,48,rapidbus_kl
1006562,1006564,T7740,22,rapidbus_kl
1006564,1006566,T7740,54,rapidbus_kl
1006566,1006568,T7740,61,rapidbus_kl
1006568,1002681,T7740,82,rapidbus_kl
1002681,1006569,T7740,36,rapidbus_kl
1006569,1001600,T7740,51,rapidbus_kl
1001600,1006658,T7740,26,rapidbus_kl
1006658,1000861,T7740,22,rapidbus_kl
1000861,1006655,T7740,38,rapidbus_kl
1006655,1006567,T7740,116,rapidbus_kl
1006567,1006565,T7740,56,rapidbus_kl
1006565,1006563,T7740,19,rapidbus_kl
1006563,1006561,T7740,49,rapidbus_kl
1006561,1006559,T7740,43,rapidbus_kl
1006559,1006557,T7740,45,rapidbus_kl
1006557,1006555,T7740,44,rapidbus_kl
1006555,1006553,T7740,61,rapidbus_kl
1006553,1006551,T7740,79,rapidbus_kl
1006526,1000545,T7760,67,rapidbus_kl
1000545,1006590,T7760,32,rapidbus_kl
1006590,1006591,T7760,48,rapidbus_kl
1006591,1002112,T7760,38,rapidbus_kl
1002112,1008073,T7760,80,rapidbus_kl
1008073,1008074,T7760,123,rapidbus_kl
1008074,1002078,T7760,121,rapidbus_kl
1002078,1003239,T7760,72,rapidbus_kl
1003239,1004150,T7760,80,rapidbus_kl
1004150,1003292,T7760,76,rapidbus_kl
1003292,1002187,T7760,36,rapidbus_kl
1002187,1004306,T7760,34,rapidbus_kl
1004306,1002123,T7760,26,rapidbus_kl
1002123,1002758,T7760,40,rapidbus_kl
1002758,1001860,T7760,63,rapidbus_kl
1001860,1004185,T7760,41,rapidbus_kl
1004185,1000882,T7760,36,rapidbus_kl
1000882,1003867,T7760,54,rapidbus_kl
1003867,1001529,T7760,92,rapidbus_kl
1001529,1008642,T7760,26,rapidbus_kl
1008642,1000883,T7760,28,rapidbus_kl
1000883,1009083,T7760,35,rapidbus_kl
1009083,1001859,T7760,48,rapidbus_kl
1001859,1002364,T7760,64,rapidbus_kl
1002364,1002122,T7760,52,rapidbus_kl
1002122,1008641,T7760,23,rapidbus_kl
1008641,1003290,T7760,32,rapidbus_kl
1003290,1002802,T7760,32,rapidbus_kl
1002802,1002960,T7760,80,rapidbus_kl
1002960,1003238,T7760,73,rapidbus_kl
1003238,1002079,T7760,70,rapidbus_kl
1002079,1006527,T7760,24,rapidbus_kl
1006527,1006526,T7760,54,rapidbus_kl
1001804,1001508,T7800,124,rapidbus_kl
1001508,1002237,T7800,67,rapidbus_kl
1002237,1001308,T7800,40,rapidbus_kl
1001308,1000512,T7800,38,rapidbus_kl
1000512,1000513,T7800,20,rapidbus_kl
1000513,1008361,T7800,33,rapidbus_kl
1008361,1003475,T7800,34,rapidbus_kl
1003475,1003367,T7800,53,rapidbus_kl
1003367,1000236,T7800,35,rapidbus_kl
1000236,1000706,T7800,80,rapidbus_kl
1000706,1008362,T7800,148,rapidbus_kl
1008362,1002163,T7800,15,rapidbus_kl
1002163,1001031,T7800,60,rapidbus_kl
1001031,1007087,T7800,31,rapidbus_kl
1007087,1002735,T7800,59,rapidbus_kl
1002735,1000075,T7800,22,rapidbus_kl
1000075,1000524,T7800,34,rapidbus_kl
1000524,1001221,T7800,53,rapidbus_kl
1001221,1002638,T7800,44,rapidbus_kl
1002638,1001805,T7800,75,rapidbus_kl
1001805,1001169,T7800,69,rapidbus_kl
1001169,1001804,T7800,66,rapidbus_kl
1001804,1001382,T7810,221,rapidbus_kl
1001382,1001383,T7810,58,rapidbus_kl
1001383,1001639,T7810,67,rapidbus_kl
1001639,1001380,T7810,42,rapidbus_kl
1001380,1002564,T7810,17,rapidbus_kl
1002564,1002565,T7810,16,rapidbus_kl
1002565,1002677,T7810,52,rapidbus_kl
1002677,1003198,T7810,37,rapidbus_kl
1003198,1004228,T7810,34,rapidbus_kl
1004228,1001581,T7810,21,rapidbus_kl
1001581,1002567,T7810,40,rapidbus_kl
1002567,1002200,T7810,92,rapidbus_kl
1002200,1001508,T7810,109,rapidbus_kl
1001508,1001805,T7810,197,rapidbus_kl
1001805,1001169,T7810,103,rapidbus_kl
1001169,1001804,T7810,94,rapidbus_kl
1006519,1000043,T7820,60,rapidbus_kl
1000043,1003573,T7820,38,rapidbus_kl
1003573,1003829,T7820,41,rapidbus_kl
1003829,1004021,T7820,37,rapidbus_kl
1004021,1004022,T7820,56,rapidbus_kl
1004022,1001075,T7820,58,rapidbus_kl
1001075,1002461,T7820,59,rapidbus_kl
1002461,1006587,T7820,48,rapidbus_kl
1006587,1000151,T7820,48,rapidbus_kl
1000151,1008482,T7820,25,rapidbus_kl
1008482,1005073,T7820,45,rapidbus_kl
1005073,1005074,T7820,40,rapidbus_kl
1005074,1005075,T7820,21,rapidbus_kl
1005075,1008482,T7820,57,rapidbus_kl
1008482,1006520,T7820,80,rapidbus_kl
1006520,1003558,T7820,43,rapidbus_kl
1003558,1004142,T7820,60,rapidbus_kl
1004142,1006506,T7820,13,rapidbus_kl
1006506,1006521,T7820,78,rapidbus_kl
1006521,1006175,T7820,29,rapidbus_kl
1006175,1000544,T7820,78,rapidbus_kl
1000544,1000797,T7820,50,rapidbus_kl
1000797,1000796,T7820,29,rapidbus_kl
1000796,1000903,T7820,31,rapidbus_kl
1000903,1006519,T7820,76,rapidbus_kl
1001784,1003320,T7860,34,rapidbus_kl
1003320,1001578,T7860,14,rapidbus_kl
1001578,1000471,T7860,23,rapidbus_kl
1000471,1000650,T7860,26,rapidbus_kl
1000650,1000467,T7860,19,rapidbus_kl
1000467,1000603,T7860,75,rapidbus_kl
1000603,1007136,T7860,17,rapidbus_kl
1007136,1001707,T7860,74,rapidbus_kl
1001707,1005765,T7860,30,rapidbus_kl
1005765,1005766,T7860,12,rapidbus_kl
1005766,1005768,T7860,14,rapidbus_kl
1005768,1005767,T7860,13,rapidbus_kl
1005767,1005769,T7860,13,rapidbus_kl
1005769,1008646,T7860,12,rapidbus_kl
1008646,1000944,T7860,11,rapidbus_kl
1000944,1003538,T7860,18,rapidbus_kl
1003538,1004190,T7860,13,rapidbus_kl
1004190,1002675,T7860,25,rapidbus_kl
1002675,1001955,T7860,6,rapidbus_kl
1001955,1003407,T7860,28,rapidbus_kl
1003407,1001077,T7860,19,rapidbus_kl
1001077,1001007,T7860,13,rapidbus_kl
1001007,1002619,T7860,18,rapidbus_kl
1002619,1004179,T7860,10,rapidbus_kl
1004179,1003630,T7860,22,rapidbus_kl
1003630,1002142,T7860,6,rapidbus_kl
1002142,1008434,T7860,15,rapidbus_kl
1008434,1004272,T7860,14,rapidbus_kl
1004272,1003857,T7860,32,rapidbus_kl
1003857,1006035,T7860,37,rapidbus_kl
1006035,1001509,T7860,27,rapidbus_kl
1001509,1001784,T7860,30,rapidbus_kl
1001784,1003320,T7870,101,rapidbus_kl
1003320,1000484,T7870,60,rapidbus_kl
1000484,1005034,T7870,95,rapidbus_kl
1005034,1000944,T7870,106,rapidbus_kl
1000944,1002264,T7870,55,rapidbus_kl
1002264,1003656,T7870,56,rapidbus_kl
1003656,1000900,T7870,45,rapidbus_kl
1000900,1000898,T7870,26,rapidbus_kl
1000898,1000899,T7870,105,rapidbus_kl
1000899,1002957,T7870,53,rapidbus_kl
1002957,1003202,T7870,37,rapidbus_kl
1003202,1002920,T7870,94,rapidbus_kl
1002920,1004188,T7870,84,rapidbus_kl
1004188,1005062,T7870,35,rapidbus_kl
1005062,1001247,T7870,58,rapidbus_kl
1001247,1003264,T7870,33,rapidbus_kl
1003264,1000600,T7870,59,rapidbus_kl
1000600,1000270,T7870,91,rapidbus_kl
1000270,1003392,T7870,57,rapidbus_kl
1003392,1004272,T7870,138,rapidbus_kl
1004272,1003857,T7870,94,rapidbus_kl
1003857,1006035,T7870,111,rapidbus_kl
1006035,1001509,T7870,110,rapidbus_kl
1001509,1001784,T7870,97,rapidbus_kl
1002029,1000838,T7880,478,rapidbus_kl
1000838,1001833,T7880,122,rapidbus_kl
1001833,1002029,T7880,300,rapidbus_kl
1001833,1001897,T7890,59,rapidbus_kl
1001897,1000583,T7890,62,rapidbus_kl
1000583,1001596,T7890,25,rapidbus_kl
1001596,1000655,T7890,55,rapidbus_kl
1000655,1002427,T7890,73,rapidbus_kl
1002427,1000578,T7890,119,rapidbus_kl
1000578,1006747,T7890,21,rapidbus_kl
1006747,1000838,T7890,201,rapidbus_kl
1000838,1000226,T7890,78,rapidbus_kl
1000226,1000761,T7890,34,rapidbus_kl
1000761,1008483,T7890,65,rapidbus_kl
1008483,1008484,T7890,54,rapidbus_kl
1008484,1008485,T7890,44,rapidbus_kl
1008485,1008486,T7890,38,rapidbus_kl
1008486,1008487,T7890,31,rapidbus_kl
1008487,1000312,T7890,48,rapidbus_kl
1000312,1002251,T7890,57,rapidbus_kl
1002251,1000453,T7890,38,rapidbus_kl
1000453,1000227,T7890,24,rapidbus_kl
1000227,1001650,T7890,42,rapidbus_kl
1001650,1001833,T7890,32,rapidbus_kl
1002029,1001410,T7900,532,rapidbus_kl
1001410,1002618,T7900,396,rapidbus_kl
1002618,1001845,T7900,123,rapidbus_kl
1001845,1003406,T7900,75,rapidbus_kl
1003406,1001395,T7900,104,rapidbus_kl
1001395,1001610,T7900,47,rapidbus_kl
1001610,1004188,T7900,94,rapidbus_kl
1004188,1005062,T7900,53,rapidbus_kl
1005062,1001247,T7900,51,rapidbus_kl
1001247,1002012,T7900,71,rapidbus_kl
1002012,1000836,T7900,33,rapidbus_kl
1000836,1000980,T7900,69,rapidbus_kl
1000980,1002752,T7900,414,rapidbus_kl
1002752,1003456,T7900,90,rapidbus_kl
1003456,1003204,T7900,71,rapidbus_kl
1003204,1001832,T7900,177,rapidbus_kl
1001832,1003232,T7900,91,rapidbus_kl
1003232,1006226,T7900,62,rapidbus_kl
1006226,1002049,T7900,56,rapidbus_kl
1002049,1000204,T7900,77,rapidbus_kl
1000204,1006038,T7900,98,rapidbus_kl
1006038,1001276,T7900,103,rapidbus_kl
1001276,1000204,T7900,61,rapidbus_kl
1000204,1008645,T7900,44,rapidbus_kl
1008645,1002865,T7900,60,rapidbus_kl
1002865,1008646,T7900,29,rapidbus_kl
1008646,1000944,T7900,28,rapidbus_kl
1000944,1003538,T7900,60,rapidbus_kl
1003538,1004190,T7900,38,rapidbus_kl
1004190,1002675,T7900,61,rapidbus_kl
1002675,1001955,T7900,49,rapidbus_kl
1001955,1003407,T7900,70,rapidbus_kl
1003407,1001077,T7900,48,rapidbus_kl
1001077,1001007,T7900,45,rapidbus_kl
1001007,1002619,T7900,51,rapidbus_kl
1002619,1002617,T7900,24,rapidbus_kl
1002617,1002029,T7900,645,rapidbus_kl
1001807,1003761,T7910,71,rapidbus_kl
1003761,1000366,T7910,49,rapidbus_kl
1000366,1000096,T7910,75,rapidbus_kl
1000096,1003431,T7910,85,rapidbus_kl
1003431,1001045,T7910,83,rapidbus_kl
1001045,1002877,T7910,43,rapidbus_kl
1002877,1000261,T7910,42,rapidbus_kl
1000261,1000762,T7910,121,rapidbus_kl
1000762,1000763,T7910,12,rapidbus_kl
1000763,1008293,T7910,21,rapidbus_kl
1008293,1008483,T7910,50,rapidbus_kl
1008483,1008484,T7910,43,rapidbus_kl
1008484,1008485,T7910,28,rapidbus_kl
1008485,1008486,T7910,27,rapidbus_kl
1008486,1008487,T7910,60,rapidbus_kl
1008487,1001654,T7910,49,rapidbus_kl
1001654,1002251,T7910,35,rapidbus_kl
1002251,1008488,T7910,57,rapidbus_kl
1008488,1000910,T7910,26,rapidbus_kl
1000910,1001719,T7910,33,rapidbus_kl
1001719,1000095,T7910,70,rapidbus_kl
1000095,1001706,T7910,53,rapidbus_kl
1001706,1000365,T7910,26,rapidbus_kl
1000365,1001807,T7910,41,rapidbus_kl
1001787,1002917,T8500,84,rapidbus_kl
1002917,1002948,T8500,25,rapidbus_kl
1002948,1001531,T8500,18,rapidbus_kl
1001531,1002890,T8500,40,rapidbus_kl
1002890,1002093,T8500,57,rapidbus_kl
1002093,1000223,T8500,75,rapidbus_kl
1000223,1001657,T8500,41,rapidbus_kl
1001657,1000632,T8500,61,rapidbus_kl
1000632,1007137,T8500,132,rapidbus_kl
1007137,1003214,T8500,50,rapidbus_kl
1003214,1006702,T8500,52,rapidbus_kl
1006702,1000224,T8500,220,rapidbus_kl
1000224,1003372,T8500,52,rapidbus_kl
1003372,1002918,T8500,29,rapidbus_kl
1002918,1002905,T8500,28,rapidbus_kl
1002905,1002959,T8500,90,rapidbus_kl
1002959,1000060,T8500,21,rapidbus_kl
1000060,1000519,T8500,57,rapidbus_kl
1000519,1001787,T8500,68,rapidbus_kl
1001511,1009071,T8510,792,rapidbus_kl
1009071,1005051,T8510,225,rapidbus_kl
1005051,1009071,T8510,188,rapidbus_kl
1009071,1001511,T8510,595,rapidbus_kl
1002080,1004240,U1510,123,rapidbus_kl
1004240,1000383,U1510,42,rapidbus_kl
1000383,1003683,U1510,85,rapidbus_kl
1003683,1000823,U1510,49,rapidbus_kl
1000823,1002560,U1510,40,rapidbus_kl
1002560,1003415,U1510,142,rapidbus_kl
1003415,1001984,U1510,46,rapidbus_kl
1001984,1003257,U1510,131,rapidbus_kl
1003257,1002694,U1510,85,rapidbus_kl
1002694,1001418,U1510,65,rapidbus_kl
1001418,1002537,U1510,61,rapidbus_kl
1002537,1002413,U1510,82,rapidbus_kl
1002413,1002022,U1510,126,rapidbus_kl
1002022,1001710,U1510,92,rapidbus_kl
1001710,1005139,U1510,85,rapidbus_kl
1005139,1002529,U1510,91,rapidbus_kl
1002529,1002530,U1510,139,rapidbus_kl
1002530,1003385,U1510,106,rapidbus_kl
1003385,1001626,U1510,47,rapidbus_kl
1001626,1002533,U1510,162,rapidbus_kl
1002533,1002534,U1510,126,rapidbus_kl
1002534,1001253,U1510,113,rapidbus_kl
1001253,1001634,U1510,82,rapidbus_kl
1001634,1004086,U1510,442,rapidbus_kl
1004086,1003909,U1510,217,rapidbus_kl
1003909,1008667,U1510,50,rapidbus_kl
1008667,1004214,U1510,311,rapidbus_kl
1004214,1004213,U1510,346,rapidbus_kl
1004213,1000427,U1510,130,rapidbus_kl
1000427,1008666,U1510,245,rapidbus_kl
1008666,1008665,U1510,482,rapidbus_kl
1008665,1002191,U1510,80,rapidbus_kl
1002191,1000198,U1510,54,rapidbus_kl
1000198,1002098,U1510,99,rapidbus_kl
1002098,1000007,U1510,110,rapidbus_kl
1000007,1003138,U1510,78,rapidbus_kl
1003138,1007619,U1510,60,rapidbus_kl
1007619,1001067,U1510,120,rapidbus_kl
1001067,1003160,U1510,59,rapidbus_kl
1003160,1000368,U1510,169,rapidbus_kl
1000368,1007614,U1510,36,rapidbus_kl
1007614,1003162,U1510,112,rapidbus_kl
1003162,1000959,U1510,80,rapidbus_kl
1000959,1008668,U1510,116,rapidbus_kl
1008668,1003159,U1510,122,rapidbus_kl
1003159,1003826,U1510,63,rapidbus_kl
1003826,1003516,U1510,116,rapidbus_kl
1003516,1002097,U1510,48,rapidbus_kl
1002097,1002288,U1510,62,rapidbus_kl
1002288,1001317,U1510,156,rapidbus_kl
1001317,1001336,U1510,55,rapidbus_kl
1001336,1002289,U1510,53,rapidbus_kl
1002289,1002355,U1510,73,rapidbus_kl
1002355,1000735,U1510,147,rapidbus_kl
1000735,1004215,U1510,190,rapidbus_kl
1004215,1001398,U1510,304,rapidbus_kl
1001398,1004087,U1510,243,rapidbus_kl
1004087,1001633,U1510,371,rapidbus_kl
1001633,1003379,U1510,100,rapidbus_kl
1003379,1001966,U1510,47,rapidbus_kl
1001966,1000401,U1510,94,rapidbus_kl
1000401,1002536,U1510,81,rapidbus_kl
1002536,1002535,U1510,88,rapidbus_kl
1002535,1005100,U1510,58,rapidbus_kl
1005100,1003386,U1510,42,rapidbus_kl
1003386,1005102,U1510,96,rapidbus_kl
1005102,1002532,U1510,44,rapidbus_kl
1002532,1001414,U1510,88,rapidbus_kl
1001414,1005118,U1510,44,rapidbus_kl
1005118,1000949,U1510,92,rapidbus_kl
1000949,1002528,U1510,88,rapidbus_kl
1002528,1002414,U1510,132,rapidbus_kl
1002414,1000514,U1510,55,rapidbus_kl
1000514,1003247,U1510,86,rapidbus_kl
1003247,1000477,U1510,89,rapidbus_kl
1000477,1004169,U1510,75,rapidbus_kl
1004169,1002359,U1510,24,rapidbus_kl
1002359,1001853,U1510,58,rapidbus_kl
1001853,1001629,U1510,39,rapidbus_kl
1001629,1000875,U1510,77,rapidbus_kl
1000875,1000502,U1510,54,rapidbus_kl
1000502,1000521,U1510,122,rapidbus_kl
1000521,1000047,U1510,73,rapidbus_kl
1000047,1006277,U1510,55,rapidbus_kl
1006277,1002080,U1510,180,rapidbus_kl
1000383,1003683,U1710,32,rapidbus_kl
1003683,1000823,U1710,41,rapidbus_kl
1000823,1002560,U1710,28,rapidbus_kl
1002560,1003415,U1710,106,rapidbus_kl
1003415,1001984,U1710,38,rapidbus_kl
1001984,1003299,U1710,39,rapidbus_kl
1003299,1003257,U1710,56,rapidbus_kl
1003257,1002694,U1710,55,rapidbus_kl
1002694,1001418,U1710,52,rapidbus_kl
1001418,1002537,U1710,27,rapidbus_kl
1002537,1002415,U1710,49,rapidbus_kl
1002415,1002413,U1710,49,rapidbus_kl
1002413,1001329,U1710,55,rapidbus_kl
1001329,1000784,U1710,52,rapidbus_kl
1000784,1001523,U1710,47,rapidbus_kl
1001523,1003167,U1710,131,rapidbus_kl
1003167,1003375,U1710,33,rapidbus_kl
1003375,1002170,U1710,68,rapidbus_kl
1002170,1000769,U1710,51,rapidbus_kl
1000769,1000637,U1710,45,rapidbus_kl
1000637,1003624,U1710,40,rapidbus_kl
1003624,1001162,U1710,161,rapidbus_kl
1001162,1008375,U1710,30,rapidbus_kl
1008375,1008373,U1710,58,rapidbus_kl
1008373,1001164,U1710,61,rapidbus_kl
1001164,1000174,U1710,60,rapidbus_kl
1000174,1003994,U1710,109,rapidbus_kl
1003994,1001590,U1710,77,rapidbus_kl
1001590,1004270,U1710,73,rapidbus_kl
1004270,1003042,U1710,42,rapidbus_kl
1003042,1003008,U1710,30,rapidbus_kl
1003008,1001365,U1710,181,rapidbus_kl
1001365,1002362,U1710,54,rapidbus_kl
1002362,1001168,U1710,99,rapidbus_kl
1001168,1003594,U1710,42,rapidbus_kl
1003594,1000862,U1710,74,rapidbus_kl
1000862,1003525,U1710,146,rapidbus_kl
1003525,1000554,U1710,44,rapidbus_kl
1000554,1003881,U1710,52,rapidbus_kl
1003881,1000216,U1710,33,rapidbus_kl
1000216,1003500,U1710,30,rapidbus_kl
1003500,1002956,U1710,37,rapidbus_kl
1002956,1003377,U1710,48,rapidbus_kl
1003377,1001866,U1710,34,rapidbus_kl
1001866,1002583,U1710,34,rapidbus_kl
1002583,1001916,U1710,61,rapidbus_kl
1001916,1001950,U1710,62,rapidbus_kl
1001950,1003560,U1710,76,rapidbus_kl
1003560,1003796,U1710,57,rapidbus_kl
1003796,1003556,U1710,49,rapidbus_kl
1003556,1003779,U1710,47,rapidbus_kl
1003779,1003868,U1710,40,rapidbus_kl
1003868,1003743,U1710,56,rapidbus_kl
1003743,1002380,U1710,42,rapidbus_kl
1002380,1000895,U1710,40,rapidbus_kl
1000895,1000141,U1710,51,rapidbus_kl
1000141,1000880,U1710,63,rapidbus_kl
1000880,1002132,U1710,253,rapidbus_kl
1002132,1000881,U1710,164,rapidbus_kl
1000881,1002373,U1710,78,rapidbus_kl
1002373,1001532,U1710,70,rapidbus_kl
1001532,1003607,U1710,31,rapidbus_kl
1003607,1003754,U1710,28,rapidbus_kl
1003754,1006884,U1710,71,rapidbus_kl
1006884,1003862,U1710,72,rapidbus_kl
1003862,1003557,U1710,47,rapidbus_kl
1003557,1002447,U1710,45,rapidbus_kl
1002447,1003559,U1710,71,rapidbus_kl
1003559,1001951,U1710,108,rapidbus_kl
1001951,1003439,U1710,57,rapidbus_kl
1003439,1001585,U1710,42,rapidbus_kl
1001585,1001867,U1710,49,rapidbus_kl
1001867,1003376,U1710,30,rapidbus_kl
1003376,1002928,U1710,28,rapidbus_kl
1002928,1000217,U1710,55,rapidbus_kl
1000217,1003499,U1710,25,rapidbus_kl
1003499,1002474,U1710,37,rapidbus_kl
1002474,1003882,U1710,50,rapidbus_kl
1003882,1000555,U1710,63,rapidbus_kl
1000555,1000863,U1710,212,rapidbus_kl
1000863,1003592,U1710,71,rapidbus_kl
1003592,1000579,U1710,79,rapidbus_kl
1000579,1001756,U1710,42,rapidbus_kl
1001756,1000002,U1710,74,rapidbus_kl
1000002,1001364,U1710,56,rapidbus_kl
1001364,1001507,U1710,66,rapidbus_kl
1001507,1001176,U1710,50,rapidbus_kl
1001176,1004103,U1710,45,rapidbus_kl
1004103,1003009,U1710,75,rapidbus_kl
1003009,1004271,U1710,60,rapidbus_kl
1004271,1001591,U1710,80,rapidbus_kl
1001591,1003996,U1710,60,rapidbus_kl
1003996,1002664,U1710,118,rapidbus_kl
1002664,1003373,U1710,97,rapidbus_kl
1003373,1008372,U1710,62,rapidbus_kl
1008372,1008374,U1710,54,rapidbus_kl
1008374,1001163,U1710,51,rapidbus_kl
1001163,1008189,U1710,81,rapidbus_kl
1008189,1003625,U1710,90,rapidbus_kl
1003625,1000638,U1710,55,rapidbus_kl
1000638,1000770,U1710,59,rapidbus_kl
1000770,1002171,U1710,45,rapidbus_kl
1002171,1003168,U1710,125,rapidbus_kl
1003168,1003169,U1710,89,rapidbus_kl
1003169,1008377,U1710,64,rapidbus_kl
1008377,1000573,U1710,69,rapidbus_kl
1000573,1001524,U1710,72,rapidbus_kl
1001524,1000785,U1710,40,rapidbus_kl
1000785,1002414,U1710,122,rapidbus_kl
1002414,1000514,U1710,59,rapidbus_kl
1000514,1003247,U1710,89,rapidbus_kl
1003247,1000477,U1710,59,rapidbus_kl
1000477,1004169,U1710,51,rapidbus_kl
1004169,1002359,U1710,43,rapidbus_kl
1002359,1001853,U1710,50,rapidbus_kl
1001853,1001629,U1710,34,rapidbus_kl
1001629,1000875,U1710,67,rapidbus_kl
1000875,1000502,U1710,50,rapidbus_kl
1000502,1000488,U1710,49,rapidbus_kl
1000488,1001183,U1710,64,rapidbus_kl
1001183,1000383,U1710,101,rapidbus_kl
1000383,1003683,U1730,53,rapidbus_kl
1003683,1000823,U1730,31,rapidbus_kl
1000823,1002560,U1730,21,rapidbus_kl
1002560,1003415,U1730,82,rapidbus_kl
1003415,1001984,U1730,29,rapidbus_kl
1001984,1003299,U1730,29,rapidbus_kl
1003299,1003257,U1730,43,rapidbus_kl
1003257,1002694,U1730,42,rapidbus_kl
1002694,1001418,U1730,40,rapidbus_kl
1001418,1002537,U1730,35,rapidbus_kl
1002537,1002415,U1730,31,rapidbus_kl
1002415,1002413,U1730,15,rapidbus_kl
1002413,1002022,U1730,71,rapidbus_kl
1002022,1001710,U1730,47,rapidbus_kl
1001710,1002041,U1730,48,rapidbus_kl
1002041,1002529,U1730,50,rapidbus_kl
1002529,1002530,U1730,77,rapidbus_kl
1002530,1003385,U1730,58,rapidbus_kl
1003385,1001626,U1730,25,rapidbus_kl
1001626,1002533,U1730,101,rapidbus_kl
1002533,1002534,U1730,57,rapidbus_kl
1002534,1001253,U1730,63,rapidbus_kl
1001253,1008365,U1730,43,rapidbus_kl
1008365,1002614,U1730,67,rapidbus_kl
1002614,1002612,U1730,27,rapidbus_kl
1002612,1003445,U1730,117,rapidbus_kl
1003445,1002873,U1730,29,rapidbus_kl
1002873,1002872,U1730,37,rapidbus_kl
1002872,1001944,U1730,71,rapidbus_kl
1001944,1003994,U1730,62,rapidbus_kl
1003994,1001590,U1730,41,rapidbus_kl
1001590,1004270,U1730,55,rapidbus_kl
1004270,1003042,U1730,32,rapidbus_kl
1003042,1003008,U1730,23,rapidbus_kl
1003008,1004104,U1730,23,rapidbus_kl
1004104,1000843,U1730,29,rapidbus_kl
1000843,1001491,U1730,32,rapidbus_kl
1001491,1002018,U1730,45,rapidbus_kl
1002018,1002755,U1730,35,rapidbus_kl
1002755,1001445,U1730,104,rapidbus_kl
1001445,1001728,U1730,36,rapidbus_kl
1001728,1002356,U1730,36,rapidbus_kl
1002356,1003330,U1730,92,rapidbus_kl
1003330,1001635,U1730,74,rapidbus_kl
1001635,1000192,U1730,29,rapidbus_kl
1000192,1003566,U1730,49,rapidbus_kl
1003566,1001095,U1730,60,rapidbus_kl
1001095,1001727,U1730,36,rapidbus_kl
1001727,1002967,U1730,42,rapidbus_kl
1002967,1002966,U1730,25,rapidbus_kl
1002966,1001781,U1730,91,rapidbus_kl
1001781,1001469,U1730,143,rapidbus_kl
1001469,1003983,U1730,56,rapidbus_kl
1003983,1001991,U1730,77,rapidbus_kl
1001991,1001425,U1730,36,rapidbus_kl
1001425,1000240,U1730,46,rapidbus_kl
1000240,1003985,U1730,152,rapidbus_kl
1003985,1000241,U1730,145,rapidbus_kl
1000241,1001426,U1730,44,rapidbus_kl
1001426,1001496,U1730,42,rapidbus_kl
1001496,1003984,U1730,61,rapidbus_kl
1003984,1001470,U1730,69,rapidbus_kl
1001470,1003566,U1730,47,rapidbus_kl
1003566,1002449,U1730,57,rapidbus_kl
1002449,1001917,U1730,31,rapidbus_kl
1001917,1003261,U1730,72,rapidbus_kl
1003261,1001726,U1730,67,rapidbus_kl
1001726,1004264,U1730,107,rapidbus_kl
1004264,1002584,U1730,32,rapidbus_kl
1002584,1001636,U1730,22,rapidbus_kl
1001636,1001555,U1730,46,rapidbus_kl
1001555,1003331,U1730,22,rapidbus_kl
1003331,1002592,U1730,85,rapidbus_kl
1002592,1001892,U1730,45,rapidbus_kl
1001892,1001444,U1730,34,rapidbus_kl
1001444,1004263,U1730,33,rapidbus_kl
1004263,1002756,U1730,70,rapidbus_kl
1002756,1002019,U1730,34,rapidbus_kl
1002019,1001505,U1730,37,rapidbus_kl
1001505,1001506,U1730,39,rapidbus_kl
1001506,1004103,U1730,24,rapidbus_kl
1004103,1003009,U1730,48,rapidbus_kl
1003009,1004271,U1730,38,rapidbus_kl
1004271,1001591,U1730,52,rapidbus_kl
1001591,1003996,U1730,38,rapidbus_kl
1003996,1001945,U1730,56,rapidbus_kl
1001945,1002871,U1730,52,rapidbus_kl
1002871,1002874,U1730,56,rapidbus_kl
1002874,1003444,U1730,31,rapidbus_kl
1003444,1002613,U1730,112,rapidbus_kl
1002613,1002615,U1730,22,rapidbus_kl
1002615,1008365,U1730,66,rapidbus_kl
1008365,1003379,U1730,41,rapidbus_kl
1003379,1001966,U1730,27,rapidbus_kl
1001966,1000401,U1730,52,rapidbus_kl
1000401,1002536,U1730,47,rapidbus_kl
1002536,1002535,U1730,51,rapidbus_kl
1002535,1003386,U1730,53,rapidbus_kl
1003386,1002532,U1730,83,rapidbus_kl
1002532,1001414,U1730,47,rapidbus_kl
1001414,1003170,U1730,44,rapidbus_kl
1003170,1000949,U1730,36,rapidbus_kl
1000949,1002528,U1730,47,rapidbus_kl
1002528,1002414,U1730,72,rapidbus_kl
1002414,1000514,U1730,37,rapidbus_kl
1000514,1003247,U1730,58,rapidbus_kl
1003247,1000477,U1730,38,rapidbus_kl
1000477,1004169,U1730,46,rapidbus_kl
1004169,1002359,U1730,14,rapidbus_kl
1002359,1001629,U1730,55,rapidbus_kl
1001629,1000875,U1730,43,rapidbus_kl
1000875,1000502,U1730,113,rapidbus_kl
1000502,1000488,U1730,72,rapidbus_kl
1000488,1001183,U1730,41,rapidbus_kl
1001183,1000383,U1730,47,rapidbus_kl
1001170,1001810,U1800,139,rapidbus_kl
1001810,1000520,U1800,180,rapidbus_kl
1000520,1000533,U1800,93,rapidbus_kl
1000533,1001984,U1800,80,rapidbus_kl
1001984,1003299,U1800,37,rapidbus_kl
1003299,1002694,U1800,105,rapidbus_kl
1002694,1001418,U1800,51,rapidbus_kl
1001418,1002537,U1800,43,rapidbus_kl
1002537,1002415,U1800,39,rapidbus_kl
1002415,1002413,U1800,19,rapidbus_kl
1002413,1001329,U1800,87,rapidbus_kl
1001329,1000784,U1800,33,rapidbus_kl
1000784,1001523,U1800,44,rapidbus_kl
1001523,1003644,U1800,47,rapidbus_kl
1003644,1003167,U1800,79,rapidbus_kl
1003167,1003375,U1800,31,rapidbus_kl
1003375,1002170,U1800,65,rapidbus_kl
1002170,1000769,U1800,48,rapidbus_kl
1000769,1000637,U1800,44,rapidbus_kl
1000637,1002860,U1800,39,rapidbus_kl
1002860,1003788,U1800,68,rapidbus_kl
1003788,1002372,U1800,98,rapidbus_kl
1002372,1002791,U1800,31,rapidbus_kl
1002791,1003788,U1800,48,rapidbus_kl
1002791,1003035,U1800,83,rapidbus_kl
1003035,1000638,U1800,46,rapidbus_kl
1000638,1000770,U1800,57,rapidbus_kl
1000770,1002171,U1800,44,rapidbus_kl
1002171,1003168,U1800,122,rapidbus_kl
1003168,1003169,U1800,86,rapidbus_kl
1003169,1003515,U1800,63,rapidbus_kl
1003515,1008377,U1800,37,rapidbus_kl
1008377,1000573,U1800,31,rapidbus_kl
1000573,1001524,U1800,69,rapidbus_kl
1001524,1000785,U1800,39,rapidbus_kl
1000785,1002414,U1800,119,rapidbus_kl
1002414,1000514,U1800,57,rapidbus_kl
1000514,1003247,U1800,88,rapidbus_kl
1003247,1000477,U1800,57,rapidbus_kl
1000477,1004169,U1800,61,rapidbus_kl
1004169,1002359,U1800,30,rapidbus_kl
1002359,1001629,U1800,82,rapidbus_kl
1001629,1000875,U1800,66,rapidbus_kl
1000875,1000502,U1800,48,rapidbus_kl
1000502,1000488,U1800,110,rapidbus_kl
1000488,1001183,U1800,55,rapidbus_kl
1001183,1001673,U1800,58,rapidbus_kl
1001673,1001170,U1800,49,rapidbus_kl
1001810,1000533,U1900,140,rapidbus_kl
1000533,1001984,U1900,89,rapidbus_kl
1001984,1003299,U1900,41,rapidbus_kl
1003299,1003257,U1900,61,rapidbus_kl
1003257,1002694,U1900,58,rapidbus_kl
1002694,1001418,U1900,56,rapidbus_kl
1001418,1002537,U1900,48,rapidbus_kl
1002537,1002415,U1900,44,rapidbus_kl
1002415,1002413,U1900,21,rapidbus_kl
1002413,1002022,U1900,99,rapidbus_kl
1002022,1001710,U1900,67,rapidbus_kl
1001710,1002041,U1900,67,rapidbus_kl
1002041,1002529,U1900,69,rapidbus_kl
1002529,1002017,U1900,294,rapidbus_kl
1002017,1000827,U1900,63,rapidbus_kl
1000827,1004283,U1900,43,rapidbus_kl
1004283,1001358,U1900,88,rapidbus_kl
1001358,1003191,U1900,53,rapidbus_kl
1003191,1001688,U1900,95,rapidbus_kl
1001688,1001582,U1900,108,rapidbus_kl
1001582,1003732,U1900,73,rapidbus_kl
1003732,1001192,U1900,38,rapidbus_kl
1001192,1001884,U1900,107,rapidbus_kl
1001884,1001021,U1900,67,rapidbus_kl
1001021,1001475,U1900,39,rapidbus_kl
1001475,1001120,U1900,71,rapidbus_kl
1001120,1002061,U1900,49,rapidbus_kl
1002061,1003109,U1900,57,rapidbus_kl
1003109,1003528,U1900,80,rapidbus_kl
1003528,1007470,U1900,95,rapidbus_kl
1007470,1007112,U1900,50,rapidbus_kl
1007112,1002059,U1900,70,rapidbus_kl
1002059,1003527,U1900,98,rapidbus_kl
1003527,1003108,U1900,34,rapidbus_kl
1003108,1000466,U1900,42,rapidbus_kl
1000466,1001119,U1900,47,rapidbus_kl
1001119,1002052,U1900,49,rapidbus_kl
1002052,1001020,U1900,57,rapidbus_kl
1001020,1001883,U1900,53,rapidbus_kl
1001883,1002996,U1900,27,rapidbus_kl
1002996,1003266,U1900,98,rapidbus_kl
1003266,1003731,U1900,46,rapidbus_kl
1003731,1002102,U1900,75,rapidbus_kl
1002102,1001687,U1900,104,rapidbus_kl
1001687,1003650,U1900,107,rapidbus_kl
1003650,1000293,U1900,45,rapidbus_kl
1000293,1003834,U1900,83,rapidbus_kl
1003834,1000826,U1900,41,rapidbus_kl
1000826,1004132,U1900,41,rapidbus_kl
1004132,1000828,U1900,44,rapidbus_kl
1000828,1002532,U1900,190,rapidbus_kl
1002532,1001414,U1900,69,rapidbus_kl
1001414,1003170,U1900,64,rapidbus_kl
1003170,1000949,U1900,53,rapidbus_kl
1000949,1002528,U1900,69,rapidbus_kl
1002528,1002414,U1900,103,rapidbus_kl
1002414,1000514,U1900,56,rapidbus_kl
1000514,1003247,U1900,84,rapidbus_kl
1003247,1000477,U1900,55,rapidbus_kl
1000477,1004169,U1900,67,rapidbus_kl
1004169,1002359,U1900,20,rapidbus_kl
1002359,1000875,U1900,142,rapidbus_kl
1000875,1000502,U1900,47,rapidbus_kl
1000502,1008256,U1900,66,rapidbus_kl
1008256,1000047,U1900,40,rapidbus_kl
1000047,1006277,U1900,46,rapidbus_kl
1006277,1000273,U1900,44,rapidbus_kl
1000273,1001810,U1900,94,rapidbus_kl
1003362,1001697,U2000,50,rapidbus_kl
1001697,1003117,U2000,43,rapidbus_kl
1003117,1003164,U2000,25,rapidbus_kl
1003164,1002869,U2000,49,rapidbus_kl
1002869,1001256,U2000,25,rapidbus_kl
1001256,1001456,U2000,28,rapidbus_kl
1001456,1000265,U2000,19,rapidbus_kl
1000265,1003639,U2000,27,rapidbus_kl
1003639,1003654,U2000,26,rapidbus_kl
1003654,1001949,U2000,44,rapidbus_kl
1001949,1000557,U2000,58,rapidbus_kl
1000557,1007550,U2000,24,rapidbus_kl
1007550,1003975,U2000,23,rapidbus_kl
1003975,1004218,U2000,39,rapidbus_kl
1004218,1001548,U2000,30,rapidbus_kl
1001548,1003449,U2000,35,rapidbus_kl
1003449,1000195,U2000,19,rapidbus_kl
1000195,1002518,U2000,20,rapidbus_kl
1002518,1000397,U2000,51,rapidbus_kl
1000397,1002599,U2000,39,rapidbus_kl
1002599,1003601,U2000,40,rapidbus_kl
1003601,1002261,U2000,34,rapidbus_kl
1002261,1003575,U2000,33,rapidbus_kl
1003575,1003512,U2000,19,rapidbus_kl
1003512,1001530,U2000,39,rapidbus_kl
1001530,1001592,U2000,19,rapidbus_kl
1001592,1003623,U2000,45,rapidbus_kl
1003623,1004182,U2000,25,rapidbus_kl
1004182,1000589,U2000,31,rapidbus_kl
1000589,1001281,U2000,149,rapidbus_kl
1001281,1000296,U2000,62,rapidbus_kl
1000296,1003561,U2000,48,rapidbus_kl
1003561,1002557,U2000,21,rapidbus_kl
1002557,1000916,U2000,95,rapidbus_kl
1000916,1002216,U2000,30,rapidbus_kl
1002216,1000477,U2000,58,rapidbus_kl
1000477,1004169,U2000,36,rapidbus_kl
1004169,1002359,U2000,12,rapidbus_kl
1002359,1001853,U2000,28,rapidbus_kl
1001853,1001629,U2000,20,rapidbus_kl
1001629,1003415,U2000,23,rapidbus_kl
1003415,1001984,U2000,22,rapidbus_kl
1001984,1003257,U2000,59,rapidbus_kl
1003257,1002694,U2000,39,rapidbus_kl
1002694,1001418,U2000,28,rapidbus_kl
1001418,1003247,U2000,37,rapidbus_kl
1003247,1000887,U2000,41,rapidbus_kl
1000887,1000915,U2000,34,rapidbus_kl
1000915,1003871,U2000,63,rapidbus_kl
1003871,1002217,U2000,19,rapidbus_kl
1002217,1003428,U2000,41,rapidbus_kl
1003428,1000822,U2000,53,rapidbus_kl
1000822,1001330,U2000,47,rapidbus_kl
1001330,1001362,U2000,89,rapidbus_kl
1001362,1003254,U2000,35,rapidbus_kl
1003254,1007549,U2000,22,rapidbus_kl
1007549,1001943,U2000,41,rapidbus_kl
1001943,1001324,U2000,23,rapidbus_kl
1001324,1003511,U2000,32,rapidbus_kl
1003511,1002260,U2000,47,rapidbus_kl
1002260,1001898,U2000,46,rapidbus_kl
1001898,1004244,U2000,31,rapidbus_kl
1004244,1000396,U2000,48,rapidbus_kl
1000396,1003636,U2000,50,rapidbus_kl
1003636,1001899,U2000,21,rapidbus_kl
1001899,1000558,U2000,38,rapidbus_kl
1000558,1004217,U2000,45,rapidbus_kl
1004217,1002973,U2000,34,rapidbus_kl
1002973,1000559,U2000,21,rapidbus_kl
1000559,1001948,U2000,19,rapidbus_kl
1001948,1008379,U2000,70,rapidbus_kl
1008379,1001638,U2000,25,rapidbus_kl
1001638,1003638,U2000,36,rapidbus_kl
1003638,1007512,U2000,33,rapidbus_kl
1007512,1007513,U2000,16,rapidbus_kl
1007513,1001255,U2000,39,rapidbus_kl
1001255,1003801,U2000,15,rapidbus_kl
1003801,1001457,U2000,55,rapidbus_kl
1001457,1003360,U2000,27,rapidbus_kl
1003360,1003118,U2000,16,rapidbus_kl
1003118,1001696,U2000,22,rapidbus_kl
1001696,1003361,U2000,55,rapidbus_kl
1003361,1007531,U2000,230,rapidbus_kl
1007531,1000414,U2000,214,rapidbus_kl
1000414,1000415,U2000,41,rapidbus_kl
1000415,1000408,U2000,15,rapidbus_kl
1000408,1000405,U2000,35,rapidbus_kl
1000405,1000409,U2000,69,rapidbus_kl
1000409,1000413,U2000,28,rapidbus_kl
1000413,1000411,U2000,26,rapidbus_kl
1000411,1000412,U2000,45,rapidbus_kl
1000412,1000972,U2000,114,rapidbus_kl
1000972,1003362,U2000,308,rapidbus_kl
1000383,1003683,U2020,76,rapidbus_kl
1003683,1000823,U2020,44,rapidbus_kl
1000823,1002560,U2020,30,rapidbus_kl
1002560,1003415,U2020,117,rapidbus_kl
1003415,1001984,U2020,41,rapidbus_kl
1001984,1003299,U2020,42,rapidbus_kl
1003299,1003257,U2020,61,rapidbus_kl
1003257,1002694,U2020,59,rapidbus_kl
1002694,1001418,U2020,43,rapidbus_kl
1001418,1003247,U2020,78,rapidbus_kl
1003247,1000887,U2020,96,rapidbus_kl
1000887,1000915,U2020,57,rapidbus_kl
1000915,1003871,U2020,125,rapidbus_kl
1003871,1003428,U2020,83,rapidbus_kl
1003428,1000822,U2020,92,rapidbus_kl
1000822,1001330,U2020,76,rapidbus_kl
1001330,1001362,U2020,165,rapidbus_kl
1001362,1003254,U2020,61,rapidbus_kl
1003254,1007549,U2020,50,rapidbus_kl
1007549,1001943,U2020,56,rapidbus_kl
1001943,1001324,U2020,41,rapidbus_kl
1001324,1003511,U2020,54,rapidbus_kl
1003511,1002260,U2020,81,rapidbus_kl
1002260,1001898,U2020,68,rapidbus_kl
1001898,1004244,U2020,62,rapidbus_kl
1004244,1000396,U2020,74,rapidbus_kl
1000396,1003636,U2020,95,rapidbus_kl
1003636,1001899,U2020,36,rapidbus_kl
1001899,1000558,U2020,66,rapidbus_kl
1000558,1004217,U2020,75,rapidbus_kl
1004217,1002973,U2020,59,rapidbus_kl
1002973,1000559,U2020,34,rapidbus_kl
1000559,1001948,U2020,33,rapidbus_kl
1001948,1001051,U2020,122,rapidbus_kl
1001051,1003974,U2020,72,rapidbus_kl
1003974,1000554,U2020,246,rapidbus_kl
1000554,1003881,U2020,56,rapidbus_kl
1003881,1000216,U2020,46,rapidbus_kl
1000216,1003500,U2020,83,rapidbus_kl
1003500,1002956,U2020,71,rapidbus_kl
1002956,1003377,U2020,71,rapidbus_kl
1003377,1001866,U2020,38,rapidbus_kl
1001866,1002583,U2020,57,rapidbus_kl
1002583,1001916,U2020,66,rapidbus_kl
1001916,1001950,U2020,68,rapidbus_kl
1001950,1003560,U2020,83,rapidbus_kl
1003560,1003796,U2020,61,rapidbus_kl
1003796,1003556,U2020,53,rapidbus_kl
1003556,1003779,U2020,52,rapidbus_kl
1003779,1003868,U2020,44,rapidbus_kl
1003868,1003743,U2020,61,rapidbus_kl
1003743,1002380,U2020,45,rapidbus_kl
1002380,1000895,U2020,44,rapidbus_kl
1000895,1000141,U2020,55,rapidbus_kl
1000141,1000880,U2020,69,rapidbus_kl
1000880,1002132,U2020,107,rapidbus_kl
1002132,1000881,U2020,143,rapidbus_kl
1000881,1002373,U2020,69,rapidbus_kl
1002373,1001532,U2020,60,rapidbus_kl
1001532,1003607,U2020,28,rapidbus_kl
1003607,1003754,U2020,25,rapidbus_kl
1003754,1006884,U2020,61,rapidbus_kl
1006884,1003862,U2020,64,rapidbus_kl
1003862,1003557,U2020,41,rapidbus_kl
1003557,1002447,U2020,39,rapidbus_kl
1002447,1003559,U2020,62,rapidbus_kl
1003559,1001951,U2020,94,rapidbus_kl
1001951,1003439,U2020,50,rapidbus_kl
1003439,1001585,U2020,74,rapidbus_kl
1001585,1001867,U2020,43,rapidbus_kl
1001867,1003376,U2020,45,rapidbus_kl
1003376,1002928,U2020,48,rapidbus_kl
1002928,1000217,U2020,79,rapidbus_kl
1000217,1002474,U2020,70,rapidbus_kl
1002474,1003882,U2020,45,rapidbus_kl
1003882,1000555,U2020,54,rapidbus_kl
1000555,1003973,U2020,219,rapidbus_kl
1003973,1001052,U2020,73,rapidbus_kl
1001052,1000557,U2020,94,rapidbus_kl
1000557,1003975,U2020,75,rapidbus_kl
1003975,1004218,U2020,61,rapidbus_kl
1004218,1001548,U2020,47,rapidbus_kl
1001548,1000195,U2020,86,rapidbus_kl
1000195,1002518,U2020,32,rapidbus_kl
1002518,1000397,U2020,81,rapidbus_kl
1000397,1002599,U2020,61,rapidbus_kl
1002599,1003601,U2020,63,rapidbus_kl
1003601,1002261,U2020,52,rapidbus_kl
1002261,1003575,U2020,49,rapidbus_kl
1003575,1003512,U2020,34,rapidbus_kl
1003512,1001530,U2020,58,rapidbus_kl
1001530,1001592,U2020,34,rapidbus_kl
1001592,1003623,U2020,71,rapidbus_kl
1003623,1004182,U2020,46,rapidbus_kl
1004182,1000589,U2020,43,rapidbus_kl
1000589,1001281,U2020,231,rapidbus_kl
1001281,1000296,U2020,102,rapidbus_kl
1000296,1003561,U2020,74,rapidbus_kl
1003561,1002557,U2020,33,rapidbus_kl
1002557,1000916,U2020,148,rapidbus_kl
1000916,1002216,U2020,46,rapidbus_kl
1002216,1000477,U2020,91,rapidbus_kl
1000477,1004169,U2020,57,rapidbus_kl
1004169,1002359,U2020,19,rapidbus_kl
1002359,1001629,U2020,74,rapidbus_kl
1001629,1000875,U2020,58,rapidbus_kl
1000875,1000502,U2020,44,rapidbus_kl
1000502,1000488,U2020,44,rapidbus_kl
1000488,1001183,U2020,47,rapidbus_kl
1001183,1000383,U2020,59,rapidbus_kl
1000383,1003683,U2200,87,rapidbus_kl
1003683,1000823,U2200,65,rapidbus_kl
1000823,1002560,U2200,62,rapidbus_kl
1002560,1003415,U2200,24,rapidbus_kl
1003415,1001984,U2200,40,rapidbus_kl
1001984,1003299,U2200,27,rapidbus_kl
1003299,1003257,U2200,80,rapidbus_kl
1003257,1002694,U2200,70,rapidbus_kl
1002694,1003247,U2200,62,rapidbus_kl
1003247,1002104,U2200,21,rapidbus_kl
1002104,1004138,U2200,54,rapidbus_kl
1004138,1003643,U2200,50,rapidbus_kl
1003643,1004274,U2200,125,rapidbus_kl
1004274,1002016,U2200,116,rapidbus_kl
1002016,1001999,U2200,115,rapidbus_kl
1001999,1002629,U2200,37,rapidbus_kl
1002629,1001869,U2200,108,rapidbus_kl
1001869,1002645,U2200,87,rapidbus_kl
1002645,1001197,U2200,37,rapidbus_kl
1001197,1002033,U2200,90,rapidbus_kl
1002033,1002338,U2200,57,rapidbus_kl
1002338,1006094,U2200,17,rapidbus_kl
1006094,1007519,U2200,23,rapidbus_kl
1007519,1003133,U2200,22,rapidbus_kl
1003133,1002279,U2200,25,rapidbus_kl
1002279,1001778,U2200,36,rapidbus_kl
1001778,1000577,U2200,65,rapidbus_kl
1000577,1000259,U2200,62,rapidbus_kl
1000259,1002887,U2200,69,rapidbus_kl
1002887,1000719,U2200,32,rapidbus_kl
1000719,1000698,U2200,40,rapidbus_kl
1000698,1003919,U2200,73,rapidbus_kl
1003919,1003062,U2200,73,rapidbus_kl
1003062,1003066,U2200,42,rapidbus_kl
1003066,1000869,U2200,44,rapidbus_kl
1000869,1003821,U2200,26,rapidbus_kl
1003821,1000800,U2200,68,rapidbus_kl
1000800,1000995,U2200,82,rapidbus_kl
1000995,1001761,U2200,41,rapidbus_kl
1001761,1004143,U2200,41,rapidbus_kl
1004143,1000529,U2200,53,rapidbus_kl
1000529,1000066,U2200,119,rapidbus_kl
1000066,1001882,U2200,37,rapidbus_kl
1001882,1003640,U2200,90,rapidbus_kl
1003640,1003184,U2200,42,rapidbus_kl
1003184,1004288,U2200,51,rapidbus_kl
1004288,1000430,U2200,29,rapidbus_kl
1000430,1003410,U2200,77,rapidbus_kl
1003410,1000663,U2200,41,rapidbus_kl
1000663,1003827,U2200,39,rapidbus_kl
1003827,1000852,U2200,33,rapidbus_kl
1000852,1001259,U2200,94,rapidbus_kl
1001259,1003663,U2200,58,rapidbus_kl
1003663,1007533,U2200,9,rapidbus_kl
1007533,1000664,U2200,27,rapidbus_kl
1000664,1007534,U2200,25,rapidbus_kl
1007534,1003472,U2200,96,rapidbus_kl
1003472,1003073,U2200,34,rapidbus_kl
1003073,1003885,U2200,34,rapidbus_kl
1003885,1004287,U2200,51,rapidbus_kl
1004287,1003139,U2200,49,rapidbus_kl
1003139,1001294,U2200,99,rapidbus_kl
1001294,1001343,U2200,42,rapidbus_kl
1001343,1000067,U2200,93,rapidbus_kl
1000067,1000530,U2200,54,rapidbus_kl
1000530,1004144,U2200,39,rapidbus_kl
1004144,1001090,U2200,28,rapidbus_kl
1001090,1000996,U2200,79,rapidbus_kl
1000996,1000801,U2200,57,rapidbus_kl
1000801,1000870,U2200,40,rapidbus_kl
1000870,1003067,U2200,44,rapidbus_kl
1003067,1003063,U2200,51,rapidbus_kl
1003063,1003918,U2200,26,rapidbus_kl
1003918,1000720,U2200,56,rapidbus_kl
1000720,1000260,U2200,130,rapidbus_kl
1000260,1001777,U2200,75,rapidbus_kl
1001777,1003520,U2200,34,rapidbus_kl
1003520,1000258,U2200,34,rapidbus_kl
1000258,1003762,U2200,69,rapidbus_kl
1003762,1001800,U2200,64,rapidbus_kl
1001800,1001878,U2200,74,rapidbus_kl
1001878,1003132,U2200,52,rapidbus_kl
1003132,1007520,U2200,33,rapidbus_kl
1007520,1001865,U2200,42,rapidbus_kl
1001865,1006095,U2200,31,rapidbus_kl
1006095,1001147,U2200,38,rapidbus_kl
1001147,1004191,U2200,49,rapidbus_kl
1004191,1000985,U2200,36,rapidbus_kl
1000985,1002628,U2200,46,rapidbus_kl
1002628,1003641,U2200,31,rapidbus_kl
1003641,1002484,U2200,75,rapidbus_kl
1002484,1004273,U2200,57,rapidbus_kl
1004273,1003642,U2200,57,rapidbus_kl
1003642,1000945,U2200,38,rapidbus_kl
1000945,1000946,U2200,34,rapidbus_kl
1000946,1000477,U2200,70,rapidbus_kl
1000477,1004169,U2200,78,rapidbus_kl
1004169,1002359,U2200,111,rapidbus_kl
1002359,1001629,U2200,152,rapidbus_kl
1001629,1000875,U2200,178,rapidbus_kl
1000875,1000502,U2200,73,rapidbus_kl
1000502,1000488,U2200,74,rapidbus_kl
1000488,1001183,U2200,28,rapidbus_kl
1001183,1000383,U2200,46,rapidbus_kl
1001259,1000355,U2220,39,rapidbus_kl
1000355,1002285,U2220,69,rapidbus_kl
1002285,1003835,U2220,55,rapidbus_kl
1003835,1003099,U2220,154,rapidbus_kl
1003099,1000498,U2220,71,rapidbus_kl
1000498,1006121,U2220,95,rapidbus_kl
1006121,1003410,U2220,62,rapidbus_kl
1003410,1002231,U2220,52,rapidbus_kl
1002231,1000663,U2220,56,rapidbus_kl
1000663,1007533,U2220,66,rapidbus_kl
1007533,1000664,U2220,40,rapidbus_kl
1000664,1007534,U2220,30,rapidbus_kl
1007534,1003472,U2220,35,rapidbus_kl
1003472,1003073,U2220,40,rapidbus_kl
1003073,1003885,U2220,34,rapidbus_kl
1003885,1000868,U2220,82,rapidbus_kl
1000868,1002463,U2220,88,rapidbus_kl
1002463,1003775,U2220,41,rapidbus_kl
1003775,1001835,U2220,193,rapidbus_kl
1001835,1000750,U2220,47,rapidbus_kl
1000750,1003848,U2220,193,rapidbus_kl
1003848,1001834,U2220,48,rapidbus_kl
1001834,1000551,U2220,25,rapidbus_kl
1000551,1006132,U2220,165,rapidbus_kl
1006132,1002462,U2220,35,rapidbus_kl
1002462,1001368,U2220,86,rapidbus_kl
1001368,1000430,U2220,92,rapidbus_kl
1000430,1006122,U2220,45,rapidbus_kl
1006122,1000543,U2220,31,rapidbus_kl
1000543,1000497,U2220,68,rapidbus_kl
1000497,1003098,U2220,92,rapidbus_kl
1003098,1003835,U2220,71,rapidbus_kl
1003835,1002734,U2220,107,rapidbus_kl
1002734,1003069,U2220,64,rapidbus_kl
1003069,1003663,U2220,79,rapidbus_kl
1003663,1003827,U2220,48,rapidbus_kl
1003827,1000852,U2220,55,rapidbus_kl
1000852,1001259,U2220,47,rapidbus_kl
1000383,1003683,U2500,64,rapidbus_kl
1003683,1000823,U2500,102,rapidbus_kl
1000823,1002560,U2500,47,rapidbus_kl
1002560,1003415,U2500,52,rapidbus_kl
1003415,1001984,U2500,28,rapidbus_kl
1001984,1003299,U2500,162,rapidbus_kl
1003299,1003257,U2500,18,rapidbus_kl
1003257,1002694,U2500,36,rapidbus_kl
1002694,1001418,U2500,18,rapidbus_kl
1001418,1003247,U2500,29,rapidbus_kl
1003247,1000887,U2500,89,rapidbus_kl
1000887,1000915,U2500,20,rapidbus_kl
1000915,1003871,U2500,26,rapidbus_kl
1003871,1003428,U2500,77,rapidbus_kl
1003428,1000822,U2500,64,rapidbus_kl
1000822,1001330,U2500,51,rapidbus_kl
1001330,1000507,U2500,51,rapidbus_kl
1000507,1003187,U2500,41,rapidbus_kl
1003187,1001417,U2500,55,rapidbus_kl
1001417,1002233,U2500,11,rapidbus_kl
1002233,1001335,U2500,21,rapidbus_kl
1001335,1000285,U2500,64,rapidbus_kl
1000285,1003849,U2500,51,rapidbus_kl
1003849,1007521,U2500,14,rapidbus_kl
1007521,1001199,U2500,12,rapidbus_kl
1001199,1001400,U2500,51,rapidbus_kl
1001400,1002545,U2500,154,rapidbus_kl
1002545,1003846,U2500,38,rapidbus_kl
1003846,1003489,U2500,30,rapidbus_kl
1003489,1008325,U2500,21,rapidbus_kl
1008325,1003848,U2500,77,rapidbus_kl
1003848,1001834,U2500,13,rapidbus_kl
1001834,1006268,U2500,38,rapidbus_kl
1006268,1002266,U2500,39,rapidbus_kl
1002266,1000349,U2500,38,rapidbus_kl
1000349,1000345,U2500,38,rapidbus_kl
1000345,1000344,U2500,26,rapidbus_kl
1000344,1000341,U2500,26,rapidbus_kl
1000341,1000330,U2500,38,rapidbus_kl
1000330,1001835,U2500,90,rapidbus_kl
1001835,1000750,U2500,53,rapidbus_kl
1000750,1006114,U2500,51,rapidbus_kl
1006114,1006115,U2500,10,rapidbus_kl
1006115,1006116,U2500,16,rapidbus_kl
1006116,1003847,U2500,9,rapidbus_kl
1003847,1006117,U2500,21,rapidbus_kl
1006117,1000423,U2500,303,rapidbus_kl
1000423,1002684,U2500,102,rapidbus_kl
1002684,1000983,U2500,43,rapidbus_kl
1000983,1002470,U2500,52,rapidbus_kl
1002470,1000286,U2500,67,rapidbus_kl
1000286,1002551,U2500,67,rapidbus_kl
1002551,1001057,U2500,30,rapidbus_kl
1001057,1001323,U2500,60,rapidbus_kl
1001323,1003186,U2500,46,rapidbus_kl
1003186,1001281,U2500,110,rapidbus_kl
1001281,1000296,U2500,109,rapidbus_kl
1000296,1003561,U2500,74,rapidbus_kl
1003561,1002557,U2500,27,rapidbus_kl
1002557,1000916,U2500,124,rapidbus_kl
1000916,1002216,U2500,51,rapidbus_kl
1002216,1000477,U2500,79,rapidbus_kl
1000477,1004169,U2500,66,rapidbus_kl
1004169,1002359,U2500,29,rapidbus_kl
1002359,1001853,U2500,32,rapidbus_kl
1001853,1001629,U2500,33,rapidbus_kl
1001629,1000875,U2500,56,rapidbus_kl
1000875,1000502,U2500,48,rapidbus_kl
1000502,1000488,U2500,61,rapidbus_kl
1000488,1001183,U2500,55,rapidbus_kl
1001183,1000383,U2500,36,rapidbus_kl
1001760,1002005,U2510,24,rapidbus_kl
1002005,1006751,U2510,34,rapidbus_kl
1006751,1006744,U2510,77,rapidbus_kl
1006744,1006742,U2510,36,rapidbus_kl
1006742,1006136,U2510,71,rapidbus_kl
1006136,1003206,U2510,23,rapidbus_kl
1003206,1003603,U2510,47,rapidbus_kl
1003603,1000458,U2510,21,rapidbus_kl
1000458,1006745,U2510,61,rapidbus_kl
1006745,1006746,U2510,22,rapidbus_kl
1006746,1001006,U2510,156,rapidbus_kl
1001006,1000751,U2510,28,rapidbus_kl
1000751,1003617,U2510,17,rapidbus_kl
1003617,1007540,U2510,15,rapidbus_kl
1007540,1000623,U2510,20,rapidbus_kl
1000623,1004238,U2510,40,rapidbus_kl
1004238,1002971,U2510,35,rapidbus_kl
1002971,1003858,U2510,30,rapidbus_kl
1003858,1008285,U2510,25,rapidbus_kl
1008285,1001121,U2510,20,rapidbus_kl
1001121,1000833,U2510,13,rapidbus_kl
1000833,1003112,U2510,41,rapidbus_kl
1003112,1003177,U2510,17,rapidbus_kl
1003177,1002630,U2510,19,rapidbus_kl
1002630,1001546,U2510,44,rapidbus_kl
1001546,1007525,U2510,17,rapidbus_kl
1007525,1000286,U2510,26,rapidbus_kl
1000286,1002551,U2510,51,rapidbus_kl
1002551,1001057,U2510,10,rapidbus_kl
1001057,1001323,U2510,34,rapidbus_kl
1001323,1003186,U2510,28,rapidbus_kl
1003186,1001281,U2510,61,rapidbus_kl
1001281,1000296,U2510,52,rapidbus_kl
1000296,1003561,U2510,39,rapidbus_kl
1003561,1002557,U2510,18,rapidbus_kl
1002557,1000916,U2510,80,rapidbus_kl
1000916,1002216,U2510,24,rapidbus_kl
1002216,1006278,U2510,43,rapidbus_kl
1006278,1003247,U2510,49,rapidbus_kl
1003247,1000887,U2510,36,rapidbus_kl
1000887,1000915,U2510,28,rapidbus_kl
1000915,1003871,U2510,52,rapidbus_kl
1003871,1002217,U2510,17,rapidbus_kl
1002217,1003428,U2510,33,rapidbus_kl
1003428,1000822,U2510,44,rapidbus_kl
1000822,1001330,U2510,39,rapidbus_kl
1001330,1000507,U2510,42,rapidbus_kl
1000507,1003187,U2510,18,rapidbus_kl
1003187,1001417,U2510,54,rapidbus_kl
1001417,1001335,U2510,28,rapidbus_kl
1001335,1007522,U2510,60,rapidbus_kl
1007522,1001544,U2510,24,rapidbus_kl
1001544,1003183,U2510,39,rapidbus_kl
1003183,1003178,U2510,24,rapidbus_kl
1003178,1003113,U2510,16,rapidbus_kl
1003113,1003851,U2510,35,rapidbus_kl
1003851,1000782,U2510,12,rapidbus_kl
1000782,1003850,U2510,27,rapidbus_kl
1003850,1002273,U2510,27,rapidbus_kl
1002273,1002972,U2510,27,rapidbus_kl
1002972,1004237,U2510,35,rapidbus_kl
1004237,1001006,U2510,46,rapidbus_kl
1003617,1000623,U2510,35,rapidbus_kl
1000623,1004212,U2510,139,rapidbus_kl
1004212,1000986,U2510,57,rapidbus_kl
1000986,1000459,U2510,30,rapidbus_kl
1000459,1000450,U2510,23,rapidbus_kl
1000450,1002626,U2510,36,rapidbus_kl
1002626,1003394,U2510,24,rapidbus_kl
1003394,1006739,U2510,62,rapidbus_kl
1006739,1006743,U2510,56,rapidbus_kl
1006743,1006752,U2510,74,rapidbus_kl
1006752,1001394,U2510,50,rapidbus_kl
1001394,1001278,U2510,43,rapidbus_kl
1001278,1001311,U2510,20,rapidbus_kl
1001311,1000995,U2510,29,rapidbus_kl
1000995,1001761,U2510,34,rapidbus_kl
1001761,1001760,U2510,12,rapidbus_kl
1001834,1000552,U2538,24,rapidbus_kl
1000552,1002462,U2538,38,rapidbus_kl
1002462,1001368,U2538,71,rapidbus_kl
1001368,1004287,U2538,58,rapidbus_kl
1004287,1003139,U2538,75,rapidbus_kl
1003139,1001294,U2538,24,rapidbus_kl
1001294,1001343,U2538,81,rapidbus_kl
1001343,1000067,U2538,27,rapidbus_kl
1000067,1000530,U2538,31,rapidbus_kl
1000530,1004144,U2538,231,rapidbus_kl
1004144,1002005,U2538,215,rapidbus_kl
1002005,1001394,U2538,43,rapidbus_kl
1001394,1001278,U2538,23,rapidbus_kl
1001278,1001311,U2538,17,rapidbus_kl
1001311,1000801,U2538,373,rapidbus_kl
1000801,1007523,U2538,39,rapidbus_kl
1007523,1000872,U2538,13,rapidbus_kl
1000872,1002656,U2538,83,rapidbus_kl
1002656,1001695,U2538,53,rapidbus_kl
1001695,1000085,U2538,53,rapidbus_kl
1000085,1000087,U2538,63,rapidbus_kl
1000087,1000084,U2538,22,rapidbus_kl
1000084,1000239,U2538,36,rapidbus_kl
1000239,1001694,U2538,36,rapidbus_kl
1001694,1002676,U2538,18,rapidbus_kl
1002676,1001044,U2538,70,rapidbus_kl
1001044,1000871,U2538,21,rapidbus_kl
1000871,1003821,U2538,25,rapidbus_kl
1003821,1000800,U2538,29,rapidbus_kl
1000800,1001279,U2538,25,rapidbus_kl
1001279,1001387,U2538,21,rapidbus_kl
1001387,1002006,U2538,17,rapidbus_kl
1002006,1004143,U2538,49,rapidbus_kl
1004143,1000529,U2538,34,rapidbus_kl
1000529,1000066,U2538,35,rapidbus_kl
1000066,1001882,U2538,43,rapidbus_kl
1001882,1003640,U2538,64,rapidbus_kl
1003640,1003184,U2538,21,rapidbus_kl
1003184,1004288,U2538,55,rapidbus_kl
1004288,1000868,U2538,32,rapidbus_kl
1000868,1001433,U2538,25,rapidbus_kl
1001433,1003413,U2538,22,rapidbus_kl
1003413,1001606,U2538,24,rapidbus_kl
1001606,1003958,U2538,22,rapidbus_kl
1003958,1003848,U2538,14,rapidbus_kl
1003848,1001834,U2538,43,rapidbus_kl
1000760,1002366,U2548,476,rapidbus_kl
1002366,1001772,U2548,32,rapidbus_kl
1001772,1003101,U2548,46,rapidbus_kl
1003101,1003733,U2548,44,rapidbus_kl
1003733,1003772,U2548,51,rapidbus_kl
1003772,1006125,U2548,40,rapidbus_kl
1006125,1003186,U2548,66,rapidbus_kl
1003186,1001281,U2548,62,rapidbus_kl
1001281,1000296,U2548,86,rapidbus_kl
1000296,1003561,U2548,28,rapidbus_kl
1003561,1002557,U2548,56,rapidbus_kl
1002557,1001829,U2548,37,rapidbus_kl
1001829,1002414,U2548,49,rapidbus_kl
1002414,1000514,U2548,84,rapidbus_kl
1000514,1003247,U2548,116,rapidbus_kl
1003247,1000887,U2548,48,rapidbus_kl
1000887,1000915,U2548,38,rapidbus_kl
1000915,1003871,U2548,77,rapidbus_kl
1003871,1003428,U2548,61,rapidbus_kl
1003428,1000822,U2548,97,rapidbus_kl
1000822,1001330,U2548,50,rapidbus_kl
1001330,1000507,U2548,87,rapidbus_kl
1000507,1003187,U2548,94,rapidbus_kl
1003187,1002839,U2548,47,rapidbus_kl
1002839,1003773,U2548,101,rapidbus_kl
1003773,1003100,U2548,60,rapidbus_kl
1003100,1006096,U2548,43,rapidbus_kl
1006096,1001773,U2548,46,rapidbus_kl
1001773,1002367,U2548,162,rapidbus_kl
1002367,1000759,U2548,39,rapidbus_kl
1000759,1000760,U2548,77,rapidbus_kl
1007445,1002526,U3000,22,rapidbus_kl
1002526,1001812,U3000,161,rapidbus_kl
1001812,1000964,U3000,258,rapidbus_kl
1000964,1000728,U3000,38,rapidbus_kl
1000728,1003691,U3000,55,rapidbus_kl
1003691,1001652,U3000,65,rapidbus_kl
1001652,1000922,U3000,46,rapidbus_kl
1000922,1003221,U3000,111,rapidbus_kl
1003221,1002689,U3000,71,rapidbus_kl
1002689,1001576,U3000,34,rapidbus_kl
1001576,1003034,U3000,41,rapidbus_kl
1003034,1004219,U3000,22,rapidbus_kl
1004219,1001558,U3000,41,rapidbus_kl
1001558,1001767,U3000,16,rapidbus_kl
1001767,1002705,U3000,30,rapidbus_kl
1002705,1003723,U3000,34,rapidbus_kl
1003723,1001316,U3000,29,rapidbus_kl
1001316,1002894,U3000,28,rapidbus_kl
1002894,1003282,U3000,45,rapidbus_kl
1003282,1006893,U3000,64,rapidbus_kl
1006893,1000966,U3000,35,rapidbus_kl
1000966,1008403,U3000,44,rapidbus_kl
1008403,1000447,U3000,56,rapidbus_kl
1000447,1003210,U3000,40,rapidbus_kl
1003210,1003147,U3000,40,rapidbus_kl
1003147,1001782,U3000,50,rapidbus_kl
1001782,1003932,U3000,85,rapidbus_kl
1003932,1008477,U3000,28,rapidbus_kl
1008477,1000084,U3000,36,rapidbus_kl
1000084,1002464,U3000,100,rapidbus_kl
1002464,1000540,U3000,37,rapidbus_kl
1000540,1000625,U3000,48,rapidbus_kl
1000625,1000888,U3000,16,rapidbus_kl
1000888,1002412,U3000,34,rapidbus_kl
1002412,1000918,U3000,78,rapidbus_kl
1000918,1002627,U3000,50,rapidbus_kl
1002627,1000492,U3000,109,rapidbus_kl
1000492,1002014,U3000,21,rapidbus_kl
1002014,1001518,U3000,53,rapidbus_kl
1001518,1000094,U3000,37,rapidbus_kl
1000094,1008252,U3000,24,rapidbus_kl
1008252,1002712,U3000,42,rapidbus_kl
1002712,1001798,U3000,36,rapidbus_kl
1001798,1002823,U3000,45,rapidbus_kl
1002823,1000049,U3000,21,rapidbus_kl
1000049,1001809,U3000,60,rapidbus_kl
1001809,1000383,U3000,31,rapidbus_kl
1000383,1003683,U3000,22,rapidbus_kl
1003683,1000823,U3000,19,rapidbus_kl
1000823,1002560,U3000,54,rapidbus_kl
1002560,1001637,U3000,29,rapidbus_kl
1001637,1001797,U3000,44,rapidbus_kl
1001797,1002711,U3000,52,rapidbus_kl
1002711,1001963,U3000,49,rapidbus_kl
1001963,1000542,U3000,42,rapidbus_kl
1000542,1000939,U3000,46,rapidbus_kl
1000939,1000082,U3000,96,rapidbus_kl
1000082,1002402,U3000,45,rapidbus_kl
1002402,1000947,U3000,34,rapidbus_kl
1000947,1002119,U3000,32,rapidbus_kl
1002119,1002834,U3000,60,rapidbus_kl
1002834,1003209,U3000,44,rapidbus_kl
1003209,1000284,U3000,67,rapidbus_kl
1000284,1002825,U3000,74,rapidbus_kl
1002825,1000083,U3000,50,rapidbus_kl
1000083,1000546,U3000,63,rapidbus_kl
1000546,1003933,U3000,45,rapidbus_kl
1003933,1001783,U3000,48,rapidbus_kl
1001783,1000602,U3000,55,rapidbus_kl
1000602,1000088,U3000,31,rapidbus_kl
1000088,1003505,U3000,83,rapidbus_kl
1003505,1006885,U3000,37,rapidbus_kl
1006885,1000967,U3000,83,rapidbus_kl
1000967,1001315,U3000,61,rapidbus_kl
1001315,1003724,U3000,64,rapidbus_kl
1003724,1008308,U3000,9,rapidbus_kl
1008308,1001768,U3000,11,rapidbus_kl
1001768,1001559,U3000,39,rapidbus_kl
1001559,1003509,U3000,19,rapidbus_kl
1003509,1003876,U3000,43,rapidbus_kl
1003876,1001577,U3000,29,rapidbus_kl
1001577,1000640,U3000,25,rapidbus_kl
1000640,1002688,U3000,62,rapidbus_kl
1002688,1003220,U3000,35,rapidbus_kl
1003220,1008069,U3000,85,rapidbus_kl
1008069,1001647,U3000,69,rapidbus_kl
1001647,1002320,U3000,81,rapidbus_kl
1002320,1008108,U3000,54,rapidbus_kl
1008108,1001813,U3000,153,rapidbus_kl
1001813,1007445,U3000,190,rapidbus_kl
1000968,1002414,U3020,113,rapidbus_kl
1002414,1000514,U3020,56,rapidbus_kl
1000514,1003247,U3020,78,rapidbus_kl
1003247,1002104,U3020,63,rapidbus_kl
1002104,1004138,U3020,114,rapidbus_kl
1004138,1003643,U3020,61,rapidbus_kl
1003643,1004274,U3020,47,rapidbus_kl
1004274,1002016,U3020,65,rapidbus_kl
1002016,1000758,U3020,101,rapidbus_kl
1000758,1004279,U3020,177,rapidbus_kl
1004279,1000492,U3020,106,rapidbus_kl
1000492,1002014,U3020,42,rapidbus_kl
1002014,1001518,U3020,86,rapidbus_kl
1001518,1000077,U3020,100,rapidbus_kl
1000077,1002764,U3020,71,rapidbus_kl
1002764,1000757,U3020,133,rapidbus_kl
1000757,1002484,U3020,102,rapidbus_kl
1002484,1004273,U3020,61,rapidbus_kl
1004273,1003642,U3020,48,rapidbus_kl
1003642,1000945,U3020,54,rapidbus_kl
1000945,1000946,U3020,130,rapidbus_kl
1000946,1000887,U3020,86,rapidbus_kl
1000887,1000915,U3020,51,rapidbus_kl
1000915,1000968,U3020,155,rapidbus_kl
1000971,1000717,U3030,26,rapidbus_kl
1000717,1003460,U3030,53,rapidbus_kl
1003460,1003466,U3030,39,rapidbus_kl
1003466,1003791,U3030,29,rapidbus_kl
1003791,1002743,U3030,21,rapidbus_kl
1002743,1003464,U3030,31,rapidbus_kl
1003464,1001763,U3030,24,rapidbus_kl
1001763,1003563,U3030,28,rapidbus_kl
1003563,1001283,U3030,35,rapidbus_kl
1001283,1001093,U3030,29,rapidbus_kl
1001093,1001254,U3030,48,rapidbus_kl
1001254,1003514,U3030,44,rapidbus_kl
1003514,1000447,U3030,40,rapidbus_kl
1000447,1003210,U3030,42,rapidbus_kl
1003210,1003147,U3030,40,rapidbus_kl
1003147,1001782,U3030,52,rapidbus_kl
1001782,1003932,U3030,86,rapidbus_kl
1003932,1008477,U3030,27,rapidbus_kl
1008477,1000084,U3030,39,rapidbus_kl
1000084,1002464,U3030,49,rapidbus_kl
1002464,1000540,U3030,37,rapidbus_kl
1000540,1000625,U3030,69,rapidbus_kl
1000625,1000888,U3030,64,rapidbus_kl
1000888,1002412,U3030,28,rapidbus_kl
1002412,1000918,U3030,23,rapidbus_kl
1000918,1002627,U3030,87,rapidbus_kl
1002627,1000492,U3030,46,rapidbus_kl
1000492,1002014,U3030,55,rapidbus_kl
1002014,1001518,U3030,37,rapidbus_kl
1001518,1000094,U3030,67,rapidbus_kl
1000094,1008252,U3030,13,rapidbus_kl
1008252,1002712,U3030,23,rapidbus_kl
1002712,1001798,U3030,48,rapidbus_kl
1001798,1002823,U3030,21,rapidbus_kl
1002823,1000049,U3030,21,rapidbus_kl
1000049,1001809,U3030,9,rapidbus_kl
1001809,1000383,U3030,9,rapidbus_kl
1000383,1003683,U3030,8,rapidbus_kl
1003683,1000823,U3030,3,rapidbus_kl
1000823,1002560,U3030,20,rapidbus_kl
1002560,1001637,U3030,53,rapidbus_kl
1001637,1001797,U3030,32,rapidbus_kl
1001797,1002711,U3030,44,rapidbus_kl
1002711,1001963,U3030,52,rapidbus_kl
1001963,1000542,U3030,53,rapidbus_kl
1000542,1000939,U3030,40,rapidbus_kl
1000939,1000082,U3030,49,rapidbus_kl
1000082,1002402,U3030,97,rapidbus_kl
1002402,1000947,U3030,48,rapidbus_kl
1000947,1002834,U3030,68,rapidbus_kl
1002834,1003209,U3030,62,rapidbus_kl
1003209,1000284,U3030,45,rapidbus_kl
1000284,1002825,U3030,69,rapidbus_kl
1002825,1000083,U3030,78,rapidbus_kl
1000083,1000546,U3030,65,rapidbus_kl
1000546,1003933,U3030,48,rapidbus_kl
1003933,1001783,U3030,46,rapidbus_kl
1001783,1000602,U3030,49,rapidbus_kl
1000602,1000088,U3030,50,rapidbus_kl
1000088,1008071,U3030,103,rapidbus_kl
1008071,1000853,U3030,43,rapidbus_kl
1000853,1001284,U3030,26,rapidbus_kl
1001284,1003562,U3030,40,rapidbus_kl
1003562,1001764,U3030,22,rapidbus_kl
1001764,1003837,U3030,33,rapidbus_kl
1003837,1002744,U3030,22,rapidbus_kl
1002744,1003792,U3030,27,rapidbus_kl
1003792,1003467,U3030,28,rapidbus_kl
1003467,1003463,U3030,58,rapidbus_kl
1003463,1000716,U3030,39,rapidbus_kl
1000716,1000971,U3030,41,rapidbus_kl
1008352,1002505,U4000,18,rapidbus_kl
1002505,1002841,U4000,36,rapidbus_kl
1002841,1003864,U4000,33,rapidbus_kl
1003864,1002840,U4000,53,rapidbus_kl
1002840,1003865,U4000,30,rapidbus_kl
1003865,1002842,U4000,26,rapidbus_kl
1002842,1000041,U4000,37,rapidbus_kl
1000041,1001702,U4000,12,rapidbus_kl
1001702,1008345,U4000,53,rapidbus_kl
1008345,1008346,U4000,24,rapidbus_kl
1008346,1008347,U4000,19,rapidbus_kl
1008347,1008349,U4000,30,rapidbus_kl
1008349,1002348,U4000,45,rapidbus_kl
1002348,1002655,U4000,19,rapidbus_kl
1002655,1002674,U4000,29,rapidbus_kl
1002674,1003805,U4000,19,rapidbus_kl
1003805,1003200,U4000,53,rapidbus_kl
1003200,1003595,U4000,15,rapidbus_kl
1003595,1001770,U4000,22,rapidbus_kl
1001770,1001759,U4000,16,rapidbus_kl
1001759,1000435,U4000,103,rapidbus_kl
1000435,1001747,U4000,17,rapidbus_kl
1001747,1001036,U4000,36,rapidbus_kl
1001036,1007150,U4000,115,rapidbus_kl
1007150,1000819,U4000,41,rapidbus_kl
1000819,1000783,U4000,53,rapidbus_kl
1000783,1003671,U4000,20,rapidbus_kl
1003671,1001808,U4000,33,rapidbus_kl
1001808,1001205,U4000,15,rapidbus_kl
1001205,1001526,U4000,27,rapidbus_kl
1001526,1001644,U4000,19,rapidbus_kl
1001644,1001069,U4000,16,rapidbus_kl
1001069,1002293,U4000,53,rapidbus_kl
1002293,1001846,U4000,31,rapidbus_kl
1001846,1000250,U4000,28,rapidbus_kl
1000250,1002054,U4000,77,rapidbus_kl
1002054,1002566,U4000,35,rapidbus_kl
1002566,1006729,U4000,28,rapidbus_kl
1006729,1000958,U4000,14,rapidbus_kl
1000958,1001998,U4000,28,rapidbus_kl
1001998,1008254,U4000,16,rapidbus_kl
1008254,1000076,U4000,10,rapidbus_kl
1000076,1004230,U4000,33,rapidbus_kl
1004230,1004247,U4000,14,rapidbus_kl
1004247,1001181,U4000,23,rapidbus_kl
1001181,1002081,U4000,26,rapidbus_kl
1002081,1000934,U4000,58,rapidbus_kl
1000934,1000953,U4000,12,rapidbus_kl
1000953,1003928,U4000,56,rapidbus_kl
1003928,1001847,U4000,20,rapidbus_kl
1001847,1002286,U4000,29,rapidbus_kl
1002286,1000855,U4000,44,rapidbus_kl
1000855,1001035,U4000,18,rapidbus_kl
1001035,1000666,U4000,16,rapidbus_kl
1000666,1008351,U4000,16,rapidbus_kl
1008351,1001206,U4000,25,rapidbus_kl
1001206,1007445,U4000,16,rapidbus_kl
1007445,1000276,U4000,34,rapidbus_kl
1000276,1002248,U4000,20,rapidbus_kl
1002248,1001723,U4000,54,rapidbus_kl
1001723,1003485,U4000,63,rapidbus_kl
1003485,1007156,U4000,99,rapidbus_kl
1007156,1001748,U4000,20,rapidbus_kl
1001748,1000438,U4000,28,rapidbus_kl
1000438,1002538,U4000,68,rapidbus_kl
1002538,1001749,U4000,28,rapidbus_kl
1001749,1000793,U4000,44,rapidbus_kl
1000793,1003201,U4000,18,rapidbus_kl
1003201,1001264,U4000,46,rapidbus_kl
1001264,1002717,U4000,20,rapidbus_kl
1002717,1004055,U4000,27,rapidbus_kl
1004055,1002633,U4000,30,rapidbus_kl
1002633,1003578,U4000,33,rapidbus_kl
1003578,1008348,U4000,35,rapidbus_kl
1008348,1004065,U4000,19,rapidbus_kl
1004065,1003634,U4000,20,rapidbus_kl
1003634,1002313,U4000,17,rapidbus_kl
1002313,1001703,U4000,19,rapidbus_kl
1001703,1008319,U4000,23,rapidbus_kl
1008319,1000705,U4000,13,rapidbus_kl
1000705,1002505,U4000,34,rapidbus_kl
1002842,1002786,U4000,14,rapidbus_kl
1002786,1007376,U4000,44,rapidbus_kl
1007376,1008352,U4000,141,rapidbus_kl
1000964,1000728,U4200,33,rapidbus_kl
1000728,1001651,U4200,86,rapidbus_kl
1001651,1000992,U4200,25,rapidbus_kl
1000992,1003749,U4200,17,rapidbus_kl
1003749,1000610,U4200,16,rapidbus_kl
1000610,1002238,U4200,37,rapidbus_kl
1002238,1000927,U4200,22,rapidbus_kl
1000927,1000189,U4200,22,rapidbus_kl
1000189,1003307,U4200,27,rapidbus_kl
1003307,1003351,U4200,25,rapidbus_kl
1003351,1003991,U4200,42,rapidbus_kl
1003991,1003057,U4200,24,rapidbus_kl
1003057,1000701,U4200,48,rapidbus_kl
1000701,1000234,U4200,30,rapidbus_kl
1000234,1003244,U4200,148,rapidbus_kl
1003244,1002586,U4200,25,rapidbus_kl
1002586,1000509,U4200,32,rapidbus_kl
1000509,1000465,U4200,61,rapidbus_kl
1000465,1008137,U4200,34,rapidbus_kl
1008137,1001302,U4200,30,rapidbus_kl
1001302,1002460,U4200,47,rapidbus_kl
1002460,1001700,U4200,50,rapidbus_kl
1001700,1007444,U4200,37,rapidbus_kl
1007444,1001307,U4200,57,rapidbus_kl
1001307,1000526,U4200,31,rapidbus_kl
1000526,1001846,U4200,36,rapidbus_kl
1001846,1000250,U4200,41,rapidbus_kl
1000250,1000527,U4200,28,rapidbus_kl
1000527,1001744,U4200,19,rapidbus_kl
1001744,1006729,U4200,21,rapidbus_kl
1006729,1000958,U4200,55,rapidbus_kl
1000958,1001998,U4200,32,rapidbus_kl
1001998,1008254,U4200,30,rapidbus_kl
1008254,1000076,U4200,28,rapidbus_kl
1000076,1004230,U4200,42,rapidbus_kl
1004230,1004247,U4200,20,rapidbus_kl
1004247,1002519,U4200,26,rapidbus_kl
1002519,1002011,U4200,21,rapidbus_kl
1002011,1000934,U4200,58,rapidbus_kl
1000934,1000953,U4200,15,rapidbus_kl
1000953,1003928,U4200,64,rapidbus_kl
1003928,1001847,U4200,45,rapidbus_kl
1001847,1002287,U4200,49,rapidbus_kl
1002287,1001306,U4200,20,rapidbus_kl
1001306,1003344,U4200,59,rapidbus_kl
1003344,1001379,U4200,37,rapidbus_kl
1001379,1003879,U4200,51,rapidbus_kl
1003879,1001968,U4200,31,rapidbus_kl
1001968,1001607,U4200,16,rapidbus_kl
1001607,1008138,U4200,25,rapidbus_kl
1008138,1008136,U4200,25,rapidbus_kl
1008136,1000464,U4200,23,rapidbus_kl
1000464,1003839,U4200,41,rapidbus_kl
1003839,1001263,U4200,38,rapidbus_kl
1001263,1000702,U4200,173,rapidbus_kl
1000702,1003990,U4200,118,rapidbus_kl
1003990,1003350,U4200,25,rapidbus_kl
1003350,1003306,U4200,28,rapidbus_kl
1003306,1003689,U4200,50,rapidbus_kl
1003689,1001962,U4200,19,rapidbus_kl
1001962,1002821,U4200,15,rapidbus_kl
1002821,1000110,U4200,26,rapidbus_kl
1000110,1003811,U4200,21,rapidbus_kl
1003811,1000636,U4200,57,rapidbus_kl
1000636,1002320,U4200,25,rapidbus_kl
1002320,1000354,U4200,37,rapidbus_kl
1000354,1000134,U4200,95,rapidbus_kl
1000134,1000129,U4200,33,rapidbus_kl
1000129,1003522,U4200,25,rapidbus_kl
1003522,1000704,U4200,36,rapidbus_kl
1000704,1000964,U4200,215,rapidbus_kl
1000970,1003907,U4210,49,rapidbus_kl
1003907,1004129,U4210,45,rapidbus_kl
1004129,1000859,U4210,59,rapidbus_kl
1000859,1001646,U4210,95,rapidbus_kl
1001646,1003219,U4210,76,rapidbus_kl
1003219,1001535,U4210,47,rapidbus_kl
1001535,1001876,U4210,54,rapidbus_kl
1001876,1002035,U4210,65,rapidbus_kl
1002035,1000565,U4210,88,rapidbus_kl
1000565,1002281,U4210,42,rapidbus_kl
1002281,1001880,U4210,73,rapidbus_kl
1001880,1001868,U4210,51,rapidbus_kl
1001868,1002774,U4210,47,rapidbus_kl
1002774,1001273,U4210,25,rapidbus_kl
1001273,1001557,U4210,84,rapidbus_kl
1001557,1000018,U4210,61,rapidbus_kl
1000018,1002472,U4210,97,rapidbus_kl
1002472,1003107,U4210,37,rapidbus_kl
1003107,1001721,U4210,74,rapidbus_kl
1001721,1000360,U4210,76,rapidbus_kl
1000360,1002491,U4210,269,rapidbus_kl
1002491,1001307,U4210,85,rapidbus_kl
1001307,1000526,U4210,61,rapidbus_kl
1000526,1001846,U4210,101,rapidbus_kl
1001846,1000250,U4210,100,rapidbus_kl
1000250,1006729,U4210,166,rapidbus_kl
1006729,1000958,U4210,157,rapidbus_kl
1000958,1001998,U4210,103,rapidbus_kl
1001998,1000076,U4210,49,rapidbus_kl
1000076,1004230,U4210,148,rapidbus_kl
1004230,1004247,U4210,49,rapidbus_kl
1004247,1002011,U4210,113,rapidbus_kl
1002011,1000934,U4210,143,rapidbus_kl
1000934,1000953,U4210,35,rapidbus_kl
1000953,1003928,U4210,158,rapidbus_kl
1003928,1001847,U4210,109,rapidbus_kl
1001847,1002287,U4210,118,rapidbus_kl
1002287,1001306,U4210,51,rapidbus_kl
1001306,1000128,U4210,102,rapidbus_kl
1000128,1000359,U4210,100,rapidbus_kl
1000359,1001720,U4210,146,rapidbus_kl
1001720,1003106,U4210,58,rapidbus_kl
1003106,1000712,U4210,128,rapidbus_kl
1000712,1000713,U4210,99,rapidbus_kl
1000713,1002087,U4210,95,rapidbus_kl
1002087,1001881,U4210,63,rapidbus_kl
1001881,1002280,U4210,39,rapidbus_kl
1002280,1007639,U4210,36,rapidbus_kl
1007639,1000564,U4210,46,rapidbus_kl
1000564,1001291,U4210,107,rapidbus_kl
1001291,1001877,U4210,52,rapidbus_kl
1001877,1001534,U4210,38,rapidbus_kl
1001534,1002205,U4210,59,rapidbus_kl
1002205,1000541,U4210,72,rapidbus_kl
1000541,1003838,U4210,25,rapidbus_kl
1003838,1001527,U4210,50,rapidbus_kl
1001527,1004130,U4210,82,rapidbus_kl
1004130,1003908,U4210,46,rapidbus_kl
1003908,1000970,U4210,97,rapidbus_kl
1002081,1000934,U4500,80,rapidbus_kl
1000934,1000953,U4500,108,rapidbus_kl
1000953,1003928,U4500,91,rapidbus_kl
1003928,1001847,U4500,64,rapidbus_kl
1001847,1002287,U4500,55,rapidbus_kl
1002287,1001306,U4500,37,rapidbus_kl
1001306,1004241,U4500,30,rapidbus_kl
1004241,1000855,U4500,20,rapidbus_kl
1000855,1001035,U4500,35,rapidbus_kl
1001035,1000666,U4500,32,rapidbus_kl
1000666,1001206,U4500,80,rapidbus_kl
1001206,1000276,U4500,99,rapidbus_kl
1000276,1002248,U4500,35,rapidbus_kl
1002248,1001723,U4500,111,rapidbus_kl
1001723,1003485,U4500,125,rapidbus_kl
1003485,1007156,U4500,181,rapidbus_kl
1007156,1001748,U4500,47,rapidbus_kl
1001748,1000438,U4500,55,rapidbus_kl
1000438,1002520,U4500,201,rapidbus_kl
1002520,1002523,U4500,94,rapidbus_kl
1002523,1002809,U4500,209,rapidbus_kl
1002809,1003288,U4500,25,rapidbus_kl
1003288,1000193,U4500,36,rapidbus_kl
1000193,1003631,U4500,50,rapidbus_kl
1003631,1003597,U4500,68,rapidbus_kl
1003597,1001495,U4500,30,rapidbus_kl
1001495,1001905,U4500,56,rapidbus_kl
1001905,1003532,U4500,180,rapidbus_kl
1003532,1002659,U4500,147,rapidbus_kl
1002659,1003544,U4500,49,rapidbus_kl
1003544,1002399,U4500,95,rapidbus_kl
1002399,1000461,U4500,47,rapidbus_kl
1000461,1000614,U4500,50,rapidbus_kl
1000614,1002083,U4500,19,rapidbus_kl
1002083,1003764,U4500,43,rapidbus_kl
1003764,1003226,U4500,82,rapidbus_kl
1003226,1003763,U4500,56,rapidbus_kl
1003763,1002836,U4500,84,rapidbus_kl
1002836,1003391,U4500,41,rapidbus_kl
1003391,1001622,U4500,124,rapidbus_kl
1001622,1000924,U4500,57,rapidbus_kl
1000924,1004231,U4500,51,rapidbus_kl
1004231,1000890,U4500,99,rapidbus_kl
1000890,1007267,U4500,44,rapidbus_kl
1007267,1001332,U4500,33,rapidbus_kl
1001332,1001571,U4500,33,rapidbus_kl
1001571,1008354,U4500,45,rapidbus_kl
1008354,1003759,U4500,60,rapidbus_kl
1003759,1003225,U4500,107,rapidbus_kl
1003225,1002572,U4500,57,rapidbus_kl
1002572,1003903,U4500,83,rapidbus_kl
1003903,1002571,U4500,79,rapidbus_kl
1002571,1003224,U4500,48,rapidbus_kl
1003224,1002709,U4500,51,rapidbus_kl
1002709,1003760,U4500,45,rapidbus_kl
1003760,1001570,U4500,47,rapidbus_kl
1001570,1001569,U4500,70,rapidbus_kl
1001569,1001331,U4500,24,rapidbus_kl
1001331,1001713,U4500,35,rapidbus_kl
1001713,1000889,U4500,32,rapidbus_kl
1000889,1001975,U4500,99,rapidbus_kl
1001975,1007233,U4500,66,rapidbus_kl
1007233,1001621,U4500,71,rapidbus_kl
1001621,1002114,U4500,59,rapidbus_kl
1002114,1003390,U4500,68,rapidbus_kl
1003390,1002835,U4500,29,rapidbus_kl
1002835,1004131,U4500,57,rapidbus_kl
1004131,1003427,U4500,81,rapidbus_kl
1003427,1001947,U4500,62,rapidbus_kl
1001947,1002082,U4500,50,rapidbus_kl
1002082,1001290,U4500,77,rapidbus_kl
1001290,1003429,U4500,148,rapidbus_kl
1003429,1003531,U4500,99,rapidbus_kl
1003531,1003442,U4500,124,rapidbus_kl
1003442,1003930,U4500,108,rapidbus_kl
1003930,1001494,U4500,49,rapidbus_kl
1001494,1003596,U4500,38,rapidbus_kl
1003596,1003141,U4500,37,rapidbus_kl
1003141,1000194,U4500,56,rapidbus_kl
1000194,1003289,U4500,27,rapidbus_kl
1003289,1000400,U4500,35,rapidbus_kl
1000400,1004122,U4500,147,rapidbus_kl
1004122,1002525,U4500,68,rapidbus_kl
1002525,1000435,U4500,272,rapidbus_kl
1000435,1001747,U4500,34,rapidbus_kl
1001747,1007150,U4500,249,rapidbus_kl
1007150,1000819,U4500,109,rapidbus_kl
1000819,1000783,U4500,97,rapidbus_kl
1000783,1003671,U4500,37,rapidbus_kl
1003671,1001808,U4500,63,rapidbus_kl
1001808,1001205,U4500,28,rapidbus_kl
1001205,1001526,U4500,56,rapidbus_kl
1001526,1001644,U4500,35,rapidbus_kl
1001644,1001069,U4500,30,rapidbus_kl
1001069,1004120,U4500,44,rapidbus_kl
1004120,1001307,U4500,54,rapidbus_kl
1001307,1001846,U4500,58,rapidbus_kl
1001846,1000250,U4500,56,rapidbus_kl
1000250,1000948,U4500,98,rapidbus_kl
1000948,1002080,U4500,116,rapidbus_kl
1002080,1002081,U4500,78,rapidbus_kl
1005441,1005442,U5410,66,rapidbus_kl
1005442,1005443,U5410,40,rapidbus_kl
1005443,1003898,U5410,50,rapidbus_kl
1003898,1005445,U5410,92,rapidbus_kl
1005445,1006166,U5410,131,rapidbus_kl
1006166,1006139,U5410,52,rapidbus_kl
1006139,1006265,U5410,56,rapidbus_kl
1006265,1005448,U5410,133,rapidbus_kl
1005448,1005449,U5410,37,rapidbus_kl
1005449,1006148,U5410,91,rapidbus_kl
1006148,1005451,U5410,31,rapidbus_kl
1005451,1005452,U5410,60,rapidbus_kl
1005452,1005453,U5410,74,rapidbus_kl
1005453,1002146,U5410,234,rapidbus_kl
1002146,1003262,U5410,94,rapidbus_kl
1003262,1001994,U5410,36,rapidbus_kl
1001994,1001848,U5410,58,rapidbus_kl
1001848,1000906,U5410,38,rapidbus_kl
1000906,1000878,U5410,42,rapidbus_kl
1000878,1008501,U5410,76,rapidbus_kl
1008501,1008500,U5410,62,rapidbus_kl
1008500,1006167,U5410,158,rapidbus_kl
1006167,1002467,U5410,81,rapidbus_kl
1002467,1006146,U5410,64,rapidbus_kl
1006146,1008502,U5410,110,rapidbus_kl
1008502,1000879,U5410,50,rapidbus_kl
1000879,1000907,U5410,56,rapidbus_kl
1000907,1001849,U5410,42,rapidbus_kl
1001849,1001995,U5410,28,rapidbus_kl
1001995,1003263,U5410,80,rapidbus_kl
1003263,1002145,U5410,254,rapidbus_kl
1002145,1005461,U5410,46,rapidbus_kl
1005461,1005462,U5410,52,rapidbus_kl
1005462,1005463,U5410,52,rapidbus_kl
1005463,1005464,U5410,57,rapidbus_kl
1005464,1005465,U5410,64,rapidbus_kl
1005465,1005466,U5410,100,rapidbus_kl
1005466,1006141,U5410,45,rapidbus_kl
1006141,1006166,U5410,201,rapidbus_kl
1006139,1005469,U5410,110,rapidbus_kl
1005469,1006269,U5410,48,rapidbus_kl
1006269,1000208,U5410,38,rapidbus_kl
1000208,1001032,U5410,152,rapidbus_kl
1001032,1005441,U5410,70,rapidbus_kl
1003895,1002974,U5800,32,rapidbus_kl
1002974,1003295,U5800,25,rapidbus_kl
1003295,1001665,U5800,27,rapidbus_kl
1001665,1002715,U5800,34,rapidbus_kl
1002715,1000274,U5800,30,rapidbus_kl
1000274,1001664,U5800,35,rapidbus_kl
1001664,1000569,U5800,33,rapidbus_kl
1000569,1001004,U5800,30,rapidbus_kl
1001004,1002844,U5800,14,rapidbus_kl
1002844,1002303,U5800,36,rapidbus_kl
1002303,1002267,U5800,26,rapidbus_kl
1002267,1002904,U5800,34,rapidbus_kl
1002904,1000196,U5800,19,rapidbus_kl
1000196,1001549,U5800,25,rapidbus_kl
1001549,1000645,U5800,36,rapidbus_kl
1000645,1001059,U5800,23,rapidbus_kl
1001059,1000211,U5800,200,rapidbus_kl
1000211,1001816,U5800,42,rapidbus_kl
1001816,1003278,U5800,47,rapidbus_kl
1003278,1000391,U5800,59,rapidbus_kl
1000391,1003481,U5800,122,rapidbus_kl
1003481,1001965,U5800,39,rapidbus_kl
1001965,1002293,U5800,127,rapidbus_kl
1002293,1001846,U5800,36,rapidbus_kl
1001846,1000250,U5800,45,rapidbus_kl
1000250,1006729,U5800,195,rapidbus_kl
1006729,1000958,U5800,21,rapidbus_kl
1000958,1001998,U5800,42,rapidbus_kl
1001998,1000076,U5800,38,rapidbus_kl
1000076,1004230,U5800,47,rapidbus_kl
1004230,1004247,U5800,21,rapidbus_kl
1004247,1002519,U5800,32,rapidbus_kl
1002519,1001673,U5800,21,rapidbus_kl
1001673,1004342,U5800,28,rapidbus_kl
1004342,1001672,U5800,27,rapidbus_kl
1001672,1000934,U5800,40,rapidbus_kl
1000934,1000953,U5800,23,rapidbus_kl
1000953,1003928,U5800,68,rapidbus_kl
1003928,1001847,U5800,50,rapidbus_kl
1001847,1002286,U5800,41,rapidbus_kl
1002286,1005158,U5800,47,rapidbus_kl
1005158,1003455,U5800,87,rapidbus_kl
1003455,1003480,U5800,15,rapidbus_kl
1003480,1005167,U5800,107,rapidbus_kl
1005167,1000390,U5800,55,rapidbus_kl
1000390,1002707,U5800,45,rapidbus_kl
1002707,1002710,U5800,34,rapidbus_kl
1002710,1001041,U5800,50,rapidbus_kl
1001041,1001061,U5800,44,rapidbus_kl
1001061,1001550,U5800,58,rapidbus_kl
1001550,1000197,U5800,23,rapidbus_kl
1000197,1002902,U5800,17,rapidbus_kl
1002902,1002257,U5800,28,rapidbus_kl
1002257,1002304,U5800,35,rapidbus_kl
1002304,1001485,U5800,38,rapidbus_kl
1001485,1005240,U5800,14,rapidbus_kl
1005240,1005241,U5800,32,rapidbus_kl
1005241,1001640,U5800,30,rapidbus_kl
1001640,1000275,U5800,35,rapidbus_kl
1000275,1002716,U5800,30,rapidbus_kl
1002716,1001666,U5800,37,rapidbus_kl
1001666,1001911,U5800,21,rapidbus_kl
1001911,1002977,U5800,26,rapidbus_kl
1002977,1003895,U5800,222,rapidbus_kl
1007457,1002602,U5810,271,rapidbus_kl
1002602,1001056,U5810,230,rapidbus_kl
1001056,1002140,U5810,55,rapidbus_kl
1002140,1007507,U5810,129,rapidbus_kl
1007507,1003058,U5810,75,rapidbus_kl
1003058,1003054,U5810,135,rapidbus_kl
1003054,1000894,U5810,65,rapidbus_kl
1000894,1007508,U5810,96,rapidbus_kl
1007508,1000320,U5810,105,rapidbus_kl
1000320,1003309,U5810,229,rapidbus_kl
1003309,1007509,U5810,274,rapidbus_kl
1007509,1003896,U5810,97,rapidbus_kl
1003896,1002631,U5810,85,rapidbus_kl
1002631,1001076,U5810,65,rapidbus_kl
1001076,1003017,U5810,113,rapidbus_kl
1003017,1001662,U5810,80,rapidbus_kl
1001662,1007457,U5810,296,rapidbus_kl
1004189,1003231,U5900,35,rapidbus_kl
1003231,1004039,U5900,63,rapidbus_kl
1004039,1001724,U5900,16,rapidbus_kl
1001724,1004196,U5900,38,rapidbus_kl
1004196,1002368,U5900,75,rapidbus_kl
1002368,1002105,U5900,32,rapidbus_kl
1002105,1003253,U5900,18,rapidbus_kl
1003253,1001063,U5900,28,rapidbus_kl
1001063,1003441,U5900,18,rapidbus_kl
1003441,1001499,U5900,51,rapidbus_kl
1001499,1003450,U5900,32,rapidbus_kl
1003450,1001050,U5900,12,rapidbus_kl
1001050,1003053,U5900,22,rapidbus_kl
1003053,1000489,U5900,35,rapidbus_kl
1000489,1003241,U5900,32,rapidbus_kl
1003241,1004066,U5900,11,rapidbus_kl
1004066,1004260,U5900,22,rapidbus_kl
1004260,1003332,U5900,53,rapidbus_kl
1003332,1003923,U5900,18,rapidbus_kl
1003923,1001689,U5900,51,rapidbus_kl
1001689,1001690,U5900,61,rapidbus_kl
1001690,1004041,U5900,299,rapidbus_kl
1004041,1003961,U5900,25,rapidbus_kl
1003961,1000264,U5900,23,rapidbus_kl
1000264,1001441,U5900,28,rapidbus_kl
1001441,1003574,U5900,33,rapidbus_kl
1003574,1004146,U5900,23,rapidbus_kl
1004146,1001055,U5900,41,rapidbus_kl
1001055,1000051,U5900,22,rapidbus_kl
1000051,1000278,U5900,16,rapidbus_kl
1000278,1000645,U5900,33,rapidbus_kl
1000645,1001059,U5900,16,rapidbus_kl
1001059,1003278,U5900,82,rapidbus_kl
1003278,1000391,U5900,38,rapidbus_kl
1000391,1004193,U5900,112,rapidbus_kl
1004193,1001492,U5900,14,rapidbus_kl
1001492,1002521,U5900,16,rapidbus_kl
1002521,1002408,U5900,19,rapidbus_kl
1002408,1001794,U5900,28,rapidbus_kl
1001794,1002293,U5900,43,rapidbus_kl
1002293,1001846,U5900,25,rapidbus_kl
1001846,1000250,U5900,25,rapidbus_kl
1000250,1000948,U5900,44,rapidbus_kl
1000948,1001673,U5900,51,rapidbus_kl
1001673,1004342,U5900,112,rapidbus_kl
1004342,1001672,U5900,27,rapidbus_kl
1001672,1000934,U5900,45,rapidbus_kl
1000934,1000953,U5900,8,rapidbus_kl
1000953,1003928,U5900,39,rapidbus_kl
1003928,1001847,U5900,27,rapidbus_kl
1001847,1002286,U5900,23,rapidbus_kl
1002286,1001795,U5900,51,rapidbus_kl
1001795,1000504,U5900,28,rapidbus_kl
1000504,1002115,U5900,16,rapidbus_kl
1002115,1002066,U5900,14,rapidbus_kl
1002066,1004194,U5900,16,rapidbus_kl
1004194,1000390,U5900,50,rapidbus_kl
1000390,1002707,U5900,33,rapidbus_kl
1002707,1001061,U5900,86,rapidbus_kl
1001061,1001092,U5900,31,rapidbus_kl
1001092,1002573,U5900,26,rapidbus_kl
1002573,1001158,U5900,46,rapidbus_kl
1001158,1001442,U5900,73,rapidbus_kl
1001442,1003962,U5900,63,rapidbus_kl
1003962,1004040,U5900,16,rapidbus_kl
1004040,1002832,U5900,95,rapidbus_kl
1002832,1000180,U5900,91,rapidbus_kl
1000180,1001689,U5900,109,rapidbus_kl
1001690,1003922,U5900,92,rapidbus_kl
1003922,1002515,U5900,27,rapidbus_kl
1002515,1004053,U5900,22,rapidbus_kl
1004053,1004259,U5900,28,rapidbus_kl
1004259,1003939,U5900,15,rapidbus_kl
1003939,1001480,U5900,40,rapidbus_kl
1001480,1001420,U5900,72,rapidbus_kl
1001420,1000247,U5900,46,rapidbus_kl
1000247,1001214,U5900,64,rapidbus_kl
1001214,1002361,U5900,45,rapidbus_kl
1002361,1004268,U5900,29,rapidbus_kl
1004268,1002659,U5900,49,rapidbus_kl
1002659,1001019,U5900,32,rapidbus_kl
1001019,1001725,U5900,41,rapidbus_kl
1001725,1004038,U5900,9,rapidbus_kl
1004038,1002852,U5900,74,rapidbus_kl
1002852,1002574,U5900,23,rapidbus_kl
1002574,1002509,U5900,32,rapidbus_kl
1002509,1003861,U5900,27,rapidbus_kl
1003861,1003539,U5900,28,rapidbus_kl
1003539,1004108,U5900,17,rapidbus_kl
1004108,1002733,U5900,44,rapidbus_kl
1002733,1004116,U5900,33,rapidbus_kl
1004116,1000078,U5900,46,rapidbus_kl
1000078,1003503,U5900,22,rapidbus_kl
1003503,1003230,U5900,57,rapidbus_kl
1003230,1002698,U5900,45,rapidbus_kl
1002698,1003033,U5900,20,rapidbus_kl
1003033,1003052,U5900,19,rapidbus_kl
1003052,1003399,U5900,19,rapidbus_kl
1003399,1000125,U5900,33,rapidbus_kl
1000125,1003193,U5900,51,rapidbus_kl
1003193,1004189,U5900,34,rapidbus_kl
1000531,1002640,U6000,80,rapidbus_kl
1002640,1002495,U6000,148,rapidbus_kl
1002495,1004276,U6000,103,rapidbus_kl
1004276,1002023,U6000,69,rapidbus_kl
1002023,1002234,U6000,46,rapidbus_kl
1002234,1003301,U6000,129,rapidbus_kl
1003301,1000205,U6000,43,rapidbus_kl
1000205,1004210,U6000,306,rapidbus_kl
1004210,1000981,U6000,264,rapidbus_kl
1000981,1000289,U6000,53,rapidbus_kl
1000289,1003216,U6000,43,rapidbus_kl
1003216,1004113,U6000,54,rapidbus_kl
1004113,1000493,U6000,86,rapidbus_kl
1000493,1003568,U6000,43,rapidbus_kl
1003568,1003004,U6000,77,rapidbus_kl
1003004,1002263,U6000,74,rapidbus_kl
1002263,1002575,U6000,83,rapidbus_kl
1002575,1004262,U6000,60,rapidbus_kl
1004262,1002195,U6000,100,rapidbus_kl
1002195,1003077,U6000,77,rapidbus_kl
1003077,1001906,U6000,99,rapidbus_kl
1001906,1002175,U6000,66,rapidbus_kl
1002175,1003579,U6000,99,rapidbus_kl
1003579,1003222,U6000,43,rapidbus_kl
1003222,1002118,U6000,109,rapidbus_kl
1002118,1000025,U6000,244,rapidbus_kl
1000025,1001396,U6000,95,rapidbus_kl
1001396,1001397,U6000,70,rapidbus_kl
1001397,1003944,U6000,142,rapidbus_kl
1003944,1004078,U6000,136,rapidbus_kl
1004078,1004079,U6000,76,rapidbus_kl
1004079,1001058,U6000,167,rapidbus_kl
1001058,1006678,U6000,228,rapidbus_kl
1006678,1002768,U6000,293,rapidbus_kl
1002768,1004141,U6000,554,rapidbus_kl
1004141,1001053,U6000,332,rapidbus_kl
1001053,1002641,U6000,709,rapidbus_kl
1002641,1001048,U6000,428,rapidbus_kl
1001048,1004140,U6000,236,rapidbus_kl
1004140,1001615,U6000,105,rapidbus_kl
1001615,1005066,U6000,35,rapidbus_kl
1005066,1003913,U6000,225,rapidbus_kl
1003913,1001010,U6000,174,rapidbus_kl
1001010,1002662,U6000,188,rapidbus_kl
1002662,1003690,U6000,93,rapidbus_kl
1003690,1004080,U6000,40,rapidbus_kl
1004080,1001241,U6000,38,rapidbus_kl
1001241,1003943,U6000,105,rapidbus_kl
1003943,1001269,U6000,69,rapidbus_kl
1001269,1004014,U6000,56,rapidbus_kl
1004014,1002193,U6000,40,rapidbus_kl
1002193,1000977,U6000,46,rapidbus_kl
1000977,1003533,U6000,122,rapidbus_kl
1003533,1001338,U6000,27,rapidbus_kl
1001338,1000437,U6000,64,rapidbus_kl
1000437,1001933,U6000,82,rapidbus_kl
1001933,1001872,U6000,49,rapidbus_kl
1001872,1002400,U6000,42,rapidbus_kl
1002400,1000730,U6000,65,rapidbus_kl
1000730,1000506,U6000,71,rapidbus_kl
1000506,1002401,U6000,58,rapidbus_kl
1002401,1003828,U6000,59,rapidbus_kl
1003828,1004255,U6000,33,rapidbus_kl
1004255,1000072,U6000,61,rapidbus_kl
1000072,1001474,U6000,54,rapidbus_kl
1001474,1003199,U6000,43,rapidbus_kl
1003199,1004204,U6000,37,rapidbus_kl
1004204,1001009,U6000,36,rapidbus_kl
1001009,1004229,U6000,44,rapidbus_kl
1004229,1001346,U6000,43,rapidbus_kl
1001346,1004209,U6000,155,rapidbus_kl
1004209,1000206,U6000,142,rapidbus_kl
1000206,1001512,U6000,158,rapidbus_kl
1001512,1004275,U6000,19,rapidbus_kl
1004275,1003588,U6000,123,rapidbus_kl
1003588,1002639,U6000,31,rapidbus_kl
1002639,1000531,U6000,104,rapidbus_kl
1006576,1002514,U6028,46,rapidbus_kl
1002514,1001985,U6028,38,rapidbus_kl
1001985,1001742,U6028,43,rapidbus_kl
1001742,1000432,U6028,90,rapidbus_kl
1000432,1000338,U6028,48,rapidbus_kl
1000338,1000849,U6028,62,rapidbus_kl
1000849,1001921,U6028,43,rapidbus_kl
1001921,1000745,U6028,52,rapidbus_kl
1000745,1004140,U6028,43,rapidbus_kl
1004140,1001615,U6028,63,rapidbus_kl
1001615,1002155,U6028,72,rapidbus_kl
1002155,1003913,U6028,34,rapidbus_kl
1003913,1001010,U6028,128,rapidbus_kl
1001010,1006287,U6028,174,rapidbus_kl
1006287,1006678,U6028,191,rapidbus_kl
1006678,1002768,U6028,120,rapidbus_kl
1002768,1003510,U6028,163,rapidbus_kl
1003510,1000070,U6028,130,rapidbus_kl
1000070,1004141,U6028,281,rapidbus_kl
1004141,1003977,U6028,281,rapidbus_kl
1003977,1001940,U6028,228,rapidbus_kl
1001940,1006575,U6028,94,rapidbus_kl
1006575,1000339,U6028,75,rapidbus_kl
1000339,1000433,U6028,42,rapidbus_kl
1000433,1001939,U6028,41,rapidbus_kl
1001939,1001986,U6028,47,rapidbus_kl
1001986,1002430,U6028,52,rapidbus_kl
1002430,1006574,U6028,54,rapidbus_kl
1006574,1003310,U6028,110,rapidbus_kl
1003310,1002144,U6028,38,rapidbus_kl
1002144,1002154,U6028,25,rapidbus_kl
1002154,1002207,U6028,28,rapidbus_kl
1002207,1002156,U6028,26,rapidbus_kl
1002156,1002143,U6028,51,rapidbus_kl
1002143,1002153,U6028,37,rapidbus_kl
1002153,1002141,U6028,45,rapidbus_kl
1002141,1006576,U6028,205,rapidbus_kl
1004343,1002495,U6400,47,rapidbus_kl
1002495,1004276,U6400,29,rapidbus_kl
1004276,1002023,U6400,51,rapidbus_kl
1002023,1002234,U6400,34,rapidbus_kl
1002234,1003301,U6400,95,rapidbus_kl
1003301,1000205,U6400,32,rapidbus_kl
1000205,1004210,U6400,226,rapidbus_kl
1004210,1000981,U6400,195,rapidbus_kl
1000981,1000289,U6400,39,rapidbus_kl
1000289,1003216,U6400,31,rapidbus_kl
1003216,1004113,U6400,40,rapidbus_kl
1004113,1000493,U6400,64,rapidbus_kl
1000493,1003568,U6400,32,rapidbus_kl
1003568,1003004,U6400,57,rapidbus_kl
1003004,1002263,U6400,54,rapidbus_kl
1002263,1002575,U6400,62,rapidbus_kl
1002575,1004262,U6400,44,rapidbus_kl
1004262,1002195,U6400,74,rapidbus_kl
1002195,1001325,U6400,198,rapidbus_kl
1001325,1003260,U6400,34,rapidbus_kl
1003260,1000369,U6400,48,rapidbus_kl
1000369,1002594,U6400,80,rapidbus_kl
1002594,1000186,U6400,43,rapidbus_kl
1000186,1000692,U6400,29,rapidbus_kl
1000692,1000143,U6400,37,rapidbus_kl
1000143,1000138,U6400,23,rapidbus_kl
1000138,1000137,U6400,44,rapidbus_kl
1000137,1002296,U6400,37,rapidbus_kl
1002296,1000321,U6400,21,rapidbus_kl
1000321,1000326,U6400,33,rapidbus_kl
1000326,1000327,U6400,26,rapidbus_kl
1000327,1000237,U6400,45,rapidbus_kl
1000237,1003612,U6400,51,rapidbus_kl
1003612,1000893,U6400,145,rapidbus_kl
1000893,1003613,U6400,78,rapidbus_kl
1003613,1000238,U6400,30,rapidbus_kl
1000238,1000328,U6400,25,rapidbus_kl
1000328,1003802,U6400,23,rapidbus_kl
1003802,1002295,U6400,51,rapidbus_kl
1002295,1000136,U6400,41,rapidbus_kl
1000136,1000139,U6400,29,rapidbus_kl
1000139,1000142,U6400,29,rapidbus_kl
1000142,1000263,U6400,28,rapidbus_kl
1000263,1000185,U6400,47,rapidbus_kl
1000185,1002593,U6400,55,rapidbus_kl
1002593,1000367,U6400,44,rapidbus_kl
1000367,1003259,U6400,34,rapidbus_kl
1003259,1000633,U6400,35,rapidbus_kl
1000633,1000200,U6400,47,rapidbus_kl
1000200,1000506,U6400,115,rapidbus_kl
1000506,1002401,U6400,57,rapidbus_kl
1002401,1003828,U6400,58,rapidbus_kl
1003828,1004255,U6400,32,rapidbus_kl
1004255,1000072,U6400,59,rapidbus_kl
1000072,1001474,U6400,53,rapidbus_kl
1001474,1003199,U6400,42,rapidbus_kl
1003199,1004204,U6400,36,rapidbus_kl
1004204,1001009,U6400,35,rapidbus_kl
1001009,1004229,U6400,43,rapidbus_kl
1004229,1001346,U6400,41,rapidbus_kl
1001346,1004209,U6400,152,rapidbus_kl
1004209,1000206,U6400,139,rapidbus_kl
1000206,1001512,U6400,123,rapidbus_kl
1001512,1004275,U6400,45,rapidbus_kl
1004275,1003588,U6400,37,rapidbus_kl
1003588,1002639,U6400,186,rapidbus_kl
1002639,1004343,U6400,251,rapidbus_kl
1006524,1000456,U6418,148,rapidbus_kl
1000456,1001513,U6418,35,rapidbus_kl
1001513,1002024,U6418,59,rapidbus_kl
1002024,1003280,U6418,41,rapidbus_kl
1003280,1000523,U6418,179,rapidbus_kl
1000523,1003708,U6418,32,rapidbus_kl
1003708,1008430,U6418,23,rapidbus_kl
1008430,1001873,U6418,50,rapidbus_kl
1001873,1000729,U6418,186,rapidbus_kl
1000729,1001435,U6418,31,rapidbus_kl
1001435,1001434,U6418,19,rapidbus_kl
1001434,1001670,U6418,58,rapidbus_kl
1001670,1000550,U6418,49,rapidbus_kl
1000550,1001409,U6418,38,rapidbus_kl
1001409,1003685,U6418,130,rapidbus_kl
1003685,1002254,U6418,121,rapidbus_kl
1002254,1000943,U6418,134,rapidbus_kl
1000943,1001122,U6418,127,rapidbus_kl
1001122,1003259,U6418,42,rapidbus_kl
1003259,1000633,U6418,30,rapidbus_kl
1000633,1000200,U6418,40,rapidbus_kl
1000200,1000730,U6418,38,rapidbus_kl
1000730,1000506,U6418,60,rapidbus_kl
1000506,1002401,U6418,48,rapidbus_kl
1002401,1002575,U6418,104,rapidbus_kl
1002575,1004262,U6418,35,rapidbus_kl
1004262,1002195,U6418,60,rapidbus_kl
1002195,1001325,U6418,90,rapidbus_kl
1001325,1003260,U6418,63,rapidbus_kl
1003260,1002021,U6418,33,rapidbus_kl
1002021,1000429,U6418,109,rapidbus_kl
1000429,1000942,U6418,51,rapidbus_kl
1000942,1000528,U6418,194,rapidbus_kl
1000528,1003570,U6418,101,rapidbus_kl
1003570,1001257,U6418,75,rapidbus_kl
1001257,1000549,U6418,72,rapidbus_kl
1000549,1001669,U6418,48,rapidbus_kl
1001669,1001437,U6418,34,rapidbus_kl
1001437,1003709,U6418,193,rapidbus_kl
1003709,1000522,U6418,72,rapidbus_kl
1000522,1003140,U6418,169,rapidbus_kl
1003140,1003279,U6418,48,rapidbus_kl
1003279,1002020,U6418,58,rapidbus_kl
1002020,1000457,U6418,35,rapidbus_kl
1000457,1003695,U6418,43,rapidbus_kl
1003695,1000646,U6418,63,rapidbus_kl
1000646,1003087,U6418,62,rapidbus_kl
1003087,1002351,U6418,207,rapidbus_kl
1002351,1006524,U6418,163,rapidbus_kl
1004343,1002640,U6500,69,rapidbus_kl
1002640,1002495,U6500,128,rapidbus_kl
1002495,1004276,U6500,89,rapidbus_kl
1004276,1002023,U6500,60,rapidbus_kl
1002023,1002234,U6500,40,rapidbus_kl
1002234,1003301,U6500,111,rapidbus_kl
1003301,1000205,U6500,37,rapidbus_kl
1000205,1004210,U6500,265,rapidbus_kl
1004210,1000981,U6500,227,rapidbus_kl
1000981,1000289,U6500,47,rapidbus_kl
1000289,1003216,U6500,36,rapidbus_kl
1003216,1004113,U6500,47,rapidbus_kl
1004113,1000493,U6500,75,rapidbus_kl
1000493,1003568,U6500,37,rapidbus_kl
1003568,1000364,U6500,60,rapidbus_kl
1000364,1002219,U6500,101,rapidbus_kl
1002219,1000652,U6500,53,rapidbus_kl
1000652,1003880,U6500,45,rapidbus_kl
1003880,1001667,U6500,67,rapidbus_kl
1001667,1002111,U6500,69,rapidbus_kl
1002111,1002940,U6500,69,rapidbus_kl
1002940,1003662,U6500,52,rapidbus_kl
1003662,1001912,U6500,69,rapidbus_kl
1001912,1003408,U6500,38,rapidbus_kl
1003408,1000653,U6500,71,rapidbus_kl
1000653,1003203,U6500,50,rapidbus_kl
1003203,1003190,U6500,29,rapidbus_kl
1003190,1000106,U6500,75,rapidbus_kl
1000106,1000162,U6500,70,rapidbus_kl
1000162,1003873,U6500,93,rapidbus_kl
1003873,1003199,U6500,137,rapidbus_kl
1003199,1004204,U6500,46,rapidbus_kl
1004204,1001009,U6500,45,rapidbus_kl
1001009,1004229,U6500,54,rapidbus_kl
1004229,1001346,U6500,53,rapidbus_kl
1001346,1004209,U6500,194,rapidbus_kl
1004209,1000206,U6500,176,rapidbus_kl
1000206,1001512,U6500,196,rapidbus_kl
1001512,1004275,U6500,23,rapidbus_kl
1004275,1003588,U6500,154,rapidbus_kl
1003588,1002639,U6500,39,rapidbus_kl
1002639,1004343,U6500,204,rapidbus_kl
1002606,1001560,U6510,72,rapidbus_kl
1001560,1001079,U6510,51,rapidbus_kl
1001079,1000307,U6510,77,rapidbus_kl
1000307,1000808,U6510,120,rapidbus_kl
1000808,1008145,U6510,257,rapidbus_kl
1008145,1000287,U6510,143,rapidbus_kl
1000287,1002891,U6510,125,rapidbus_kl
1002891,1001236,U6510,61,rapidbus_kl
1001236,1003901,U6510,145,rapidbus_kl
1003901,1004111,U6510,71,rapidbus_kl
1004111,1002941,U6510,79,rapidbus_kl
1002941,1002896,U6510,44,rapidbus_kl
1002896,1002569,U6510,137,rapidbus_kl
1002569,1000506,U6510,91,rapidbus_kl
1000506,1002401,U6510,88,rapidbus_kl
1002401,1002575,U6510,189,rapidbus_kl
1002575,1004262,U6510,63,rapidbus_kl
1004262,1002195,U6510,104,rapidbus_kl
1002195,1002570,U6510,53,rapidbus_kl
1002570,1003144,U6510,131,rapidbus_kl
1003144,1001235,U6510,57,rapidbus_kl
1001235,1000287,U6510,49,rapidbus_kl
1001236,1002753,U6510,291,rapidbus_kl
1002753,1008144,U6510,147,rapidbus_kl
1008144,1000807,U6510,261,rapidbus_kl
1000807,1000308,U6510,103,rapidbus_kl
1000308,1006170,U6510,72,rapidbus_kl
1006170,1000309,U6510,118,rapidbus_kl
1000309,1002606,U6510,218,rapidbus_kl
1006170,1006611,U6520,134,rapidbus_kl
1006611,1006613,U6520,39,rapidbus_kl
1006613,1006615,U6520,51,rapidbus_kl
1006615,1006619,U6520,77,rapidbus_kl
1006619,1002658,U6520,39,rapidbus_kl
1002658,1001791,U6520,108,rapidbus_kl
1001791,1000612,U6520,156,rapidbus_kl
1000612,1001580,U6520,43,rapidbus_kl
1001580,1003146,U6520,55,rapidbus_kl
1003146,1002204,U6520,39,rapidbus_kl
1002204,1003619,U6520,144,rapidbus_kl
1003619,1001238,U6520,93,rapidbus_kl
1001238,1002117,U6520,66,rapidbus_kl
1002117,1003765,U6520,66,rapidbus_kl
1003765,1003497,U6520,18,rapidbus_kl
1003497,1001154,U6520,54,rapidbus_kl
1001154,1001377,U6520,19,rapidbus_kl
1001377,1001155,U6520,32,rapidbus_kl
1001155,1001370,U6520,104,rapidbus_kl
1001370,1004255,U6520,46,rapidbus_kl
1004255,1000072,U6520,65,rapidbus_kl
1000072,1001474,U6520,58,rapidbus_kl
1001474,1003199,U6520,46,rapidbus_kl
1003199,1004204,U6520,38,rapidbus_kl
1004204,1001009,U6520,38,rapidbus_kl
1001009,1004229,U6520,47,rapidbus_kl
1004229,1001346,U6520,47,rapidbus_kl
1001346,1000981,U6520,134,rapidbus_kl
1000981,1000289,U6520,38,rapidbus_kl
1000289,1003216,U6520,33,rapidbus_kl
1003216,1004113,U6520,39,rapidbus_kl
1004113,1000493,U6520,64,rapidbus_kl
1000493,1003568,U6520,33,rapidbus_kl
1003568,1003004,U6520,56,rapidbus_kl
1003004,1002263,U6520,54,rapidbus_kl
1002263,1000416,U6520,44,rapidbus_kl
1000416,1002833,U6520,58,rapidbus_kl
1002833,1003474,U6520,37,rapidbus_kl
1003474,1003682,U6520,47,rapidbus_kl
1003682,1003498,U6520,63,rapidbus_kl
1003498,1003766,U6520,40,rapidbus_kl
1003766,1001136,U6520,57,rapidbus_kl
1001136,1003620,U6520,148,rapidbus_kl
1003620,1002663,U6520,37,rapidbus_kl
1002663,1001564,U6520,222,rapidbus_kl
1001564,1001792,U6520,217,rapidbus_kl
1001792,1004126,U6520,93,rapidbus_kl
1004126,1006616,U6520,119,rapidbus_kl
1006616,1006614,U6520,48,rapidbus_kl
1006614,1006612,U6520,44,rapidbus_kl
1006612,1006170,U6520,153,rapidbus_kl
1004347,1000857,U7508,103,rapidbus_kl
1000857,1002495,U7508,26,rapidbus_kl
1002495,1004276,U7508,37,rapidbus_kl
1004276,1002023,U7508,28,rapidbus_kl
1002023,1002234,U7508,26,rapidbus_kl
1002234,1003608,U7508,66,rapidbus_kl
1003608,1002086,U7508,48,rapidbus_kl
1002086,1001788,U7508,23,rapidbus_kl
1001788,1002600,U7508,50,rapidbus_kl
1002600,1004110,U7508,65,rapidbus_kl
1004110,1000365,U7508,31,rapidbus_kl
1000365,1008143,U7508,33,rapidbus_kl
1008143,1001410,U7508,76,rapidbus_kl
1001410,1002621,U7508,99,rapidbus_kl
1002621,1003857,U7508,94,rapidbus_kl
1003857,1006035,U7508,60,rapidbus_kl
1006035,1001509,U7508,42,rapidbus_kl
1001509,1000166,U7508,26,rapidbus_kl
1000166,1001735,U7508,130,rapidbus_kl
1001735,1003174,U7508,145,rapidbus_kl
1003174,1002064,U7508,72,rapidbus_kl
1002064,1000387,U7508,46,rapidbus_kl
1000387,1003553,U7508,292,rapidbus_kl
1003553,1000393,U7508,250,rapidbus_kl
1000393,1000394,U7508,71,rapidbus_kl
1000394,1003915,U7508,148,rapidbus_kl
1003915,1000358,U7508,66,rapidbus_kl
1000358,1003083,U7508,62,rapidbus_kl
1003083,1008398,U7508,60,rapidbus_kl
1008398,1001730,U7508,20,rapidbus_kl
1001730,1004249,U7508,39,rapidbus_kl
1004249,1003078,U7508,62,rapidbus_kl
1003078,1008399,U7508,23,rapidbus_kl
1008399,1008075,U7508,37,rapidbus_kl
1008075,1003267,U7508,57,rapidbus_kl
1003267,1008104,U7508,81,rapidbus_kl
1008104,1000171,U7508,22,rapidbus_kl
1000171,1004166,U7508,45,rapidbus_kl
1004166,1000170,U7508,47,rapidbus_kl
1000170,1004172,U7508,69,rapidbus_kl
1004172,1002457,U7508,25,rapidbus_kl
1002457,1002458,U7508,25,rapidbus_kl
1002458,1001556,U7508,51,rapidbus_kl
1001556,1008163,U7508,20,rapidbus_kl
1008163,1002232,U7508,64,rapidbus_kl
1002232,1009247,U7508,81,rapidbus_kl
1009247,1001595,U7508,13,rapidbus_kl
1001595,1001605,U7508,39,rapidbus_kl
1001605,1000660,U7508,100,rapidbus_kl
1000660,1001594,U7508,15,rapidbus_kl
1001594,1002667,U7508,46,rapidbus_kl
1002667,1000656,U7508,48,rapidbus_kl
1000656,1001025,U7508,31,rapidbus_kl
1001025,1006015,U7508,43,rapidbus_kl
1006015,1002456,U7508,35,rapidbus_kl
1002456,1002459,U7508,18,rapidbus_kl
1002459,1004173,U7508,33,rapidbus_kl
1004173,1002126,U7508,77,rapidbus_kl
1002126,1004165,U7508,26,rapidbus_kl
1004165,1000172,U7508,33,rapidbus_kl
1000172,1006016,U7508,41,rapidbus_kl
1006016,1004224,U7508,136,rapidbus_kl
1004224,1003856,U7508,52,rapidbus_kl
1003856,1008076,U7508,34,rapidbus_kl
1008076,1006643,U7508,53,rapidbus_kl
1006643,1003078,U7508,100,rapidbus_kl
1003078,1000936,U7508,32,rapidbus_kl
1000936,1001731,U7508,73,rapidbus_kl
1001731,1008397,U7508,20,rapidbus_kl
1008397,1003082,U7508,78,rapidbus_kl
1003082,1000357,U7508,87,rapidbus_kl
1000357,1003916,U7508,117,rapidbus_kl
1003916,1000395,U7508,165,rapidbus_kl
1000395,1000392,U7508,108,rapidbus_kl
1000392,1003554,U7508,365,rapidbus_kl
1003554,1000388,U7508,387,rapidbus_kl
1000388,1002063,U7508,74,rapidbus_kl
1002063,1003173,U7508,82,rapidbus_kl
1003173,1001734,U7508,224,rapidbus_kl
1001734,1001785,U7508,207,rapidbus_kl
1001785,1000671,U7508,116,rapidbus_kl
1000671,1004272,U7508,39,rapidbus_kl
1004272,1002620,U7508,121,rapidbus_kl
1002620,1001897,U7508,172,rapidbus_kl
1001897,1004178,U7508,41,rapidbus_kl
1004178,1003761,U7508,33,rapidbus_kl
1003761,1000366,U7508,51,rapidbus_kl
1000366,1001575,U7508,36,rapidbus_kl
1001575,1004098,U7508,35,rapidbus_kl
1004098,1002106,U7508,55,rapidbus_kl
1002106,1001787,U7508,69,rapidbus_kl
1001787,1003609,U7508,114,rapidbus_kl
1003609,1001512,U7508,62,rapidbus_kl
1001512,1004275,U7508,27,rapidbus_kl
1004275,1003588,U7508,97,rapidbus_kl
1003588,1002639,U7508,36,rapidbus_kl
1002639,1004347,U7508,61,rapidbus_kl
1004348,1000857,U7510,42,rapidbus_kl
1000857,1002495,U7510,78,rapidbus_kl
1002495,1004276,U7510,55,rapidbus_kl
1004276,1002023,U7510,37,rapidbus_kl
1002023,1003335,U7510,34,rapidbus_kl
1003335,1002234,U7510,91,rapidbus_kl
1002234,1003608,U7510,99,rapidbus_kl
1003608,1002086,U7510,65,rapidbus_kl
1002086,1001788,U7510,85,rapidbus_kl
1001788,1002600,U7510,57,rapidbus_kl
1002600,1004110,U7510,143,rapidbus_kl
1004110,1000365,U7510,129,rapidbus_kl
1000365,1008143,U7510,117,rapidbus_kl
1008143,1001410,U7510,90,rapidbus_kl
1001410,1002621,U7510,168,rapidbus_kl
1002621,1003857,U7510,188,rapidbus_kl
1003857,1006035,U7510,94,rapidbus_kl
1006035,1001509,U7510,61,rapidbus_kl
1001509,1000166,U7510,378,rapidbus_kl
1000166,1003174,U7510,421,rapidbus_kl
1003174,1002064,U7510,91,rapidbus_kl
1002064,1000387,U7510,68,rapidbus_kl
1000387,1003553,U7510,28,rapidbus_kl
1003553,1000393,U7510,56,rapidbus_kl
1000393,1000394,U7510,25,rapidbus_kl
1000394,1001870,U7510,81,rapidbus_kl
1001870,1000884,U7510,90,rapidbus_kl
1000884,1003084,U7510,108,rapidbus_kl
1003084,1001318,U7510,35,rapidbus_kl
1001318,1000098,U7510,69,rapidbus_kl
1000098,1000670,U7510,31,rapidbus_kl
1000670,1006021,U7510,40,rapidbus_kl
1006021,1003090,U7510,84,rapidbus_kl
1003090,1003091,U7510,69,rapidbus_kl
1003091,1000734,U7510,35,rapidbus_kl
1000734,1002229,U7510,45,rapidbus_kl
1002229,1001018,U7510,61,rapidbus_kl
1001018,1001403,U7510,30,rapidbus_kl
1001403,1002424,U7510,65,rapidbus_kl
1002424,1000356,U7510,114,rapidbus_kl
1000356,1003610,U7510,121,rapidbus_kl
1003610,1000323,U7510,65,rapidbus_kl
1000323,1004269,U7510,28,rapidbus_kl
1004269,1002939,U7510,60,rapidbus_kl
1002939,1004060,U7510,269,rapidbus_kl
1004060,1000350,U7510,49,rapidbus_kl
1000350,1002854,U7510,31,rapidbus_kl
1002854,1002092,U7510,64,rapidbus_kl
1002092,1000821,U7510,75,rapidbus_kl
1000821,1002579,U7510,46,rapidbus_kl
1002579,1003085,U7510,92,rapidbus_kl
1003085,1003092,U7510,29,rapidbus_kl
1003092,1000209,U7510,104,rapidbus_kl
1000209,1000183,U7510,98,rapidbus_kl
1000183,1002088,U7510,57,rapidbus_kl
1002088,1001473,U7510,104,rapidbus_kl
1001473,1000395,U7510,209,rapidbus_kl
1000395,1000392,U7510,94,rapidbus_kl
1000392,1003554,U7510,314,rapidbus_kl
1003554,1000388,U7510,340,rapidbus_kl
1000388,1002063,U7510,65,rapidbus_kl
1002063,1003173,U7510,70,rapidbus_kl
1003173,1001785,U7510,370,rapidbus_kl
1001785,1004272,U7510,338,rapidbus_kl
1004272,1002620,U7510,42,rapidbus_kl
1002620,1001897,U7510,28,rapidbus_kl
1001897,1004178,U7510,45,rapidbus_kl
1004178,1003761,U7510,36,rapidbus_kl
1003761,1000366,U7510,31,rapidbus_kl
1000366,1001575,U7510,48,rapidbus_kl
1001575,1004098,U7510,59,rapidbus_kl
1004098,1002106,U7510,110,rapidbus_kl
1002106,1001787,U7510,56,rapidbus_kl
1001787,1003609,U7510,54,rapidbus_kl
1003609,1001512,U7510,121,rapidbus_kl
1001512,1004275,U7510,34,rapidbus_kl
1004275,1003588,U7510,44,rapidbus_kl
1003588,1002639,U7510,38,rapidbus_kl
1002639,1004348,U7510,305,rapidbus_kl
1003078,1000936,U7520,163,rapidbus_kl
1000936,1001731,U7520,46,rapidbus_kl
1001731,1008397,U7520,28,rapidbus_kl
1008397,1003082,U7520,31,rapidbus_kl
1003082,1000357,U7520,106,rapidbus_kl
1000357,1003916,U7520,149,rapidbus_kl
1003916,1000886,U7520,170,rapidbus_kl
1000886,1001216,U7520,103,rapidbus_kl
1001216,1001753,U7520,231,rapidbus_kl
1001753,1000302,U7520,75,rapidbus_kl
1000302,1001423,U7520,80,rapidbus_kl
1001423,1002513,U7520,48,rapidbus_kl
1002513,1000619,U7520,87,rapidbus_kl
1000619,1000912,U7520,68,rapidbus_kl
1000912,1000825,U7520,69,rapidbus_kl
1000825,1000316,U7520,100,rapidbus_kl
1000316,1000431,U7520,448,rapidbus_kl
1000431,1000169,U7520,83,rapidbus_kl
1000169,1000304,U7520,94,rapidbus_kl
1000304,1002931,U7520,57,rapidbus_kl
1002931,1006549,U7520,34,rapidbus_kl
1006549,1004107,U7520,72,rapidbus_kl
1004107,1006103,U7520,42,rapidbus_kl
1006103,1000064,U7520,29,rapidbus_kl
1000064,1000644,U7520,173,rapidbus_kl
1000644,1002690,U7520,49,rapidbus_kl
1002690,1002103,U7520,96,rapidbus_kl
1002103,1000231,U7520,145,rapidbus_kl
1000231,1006550,U7520,124,rapidbus_kl
1006550,1006510,U7520,96,rapidbus_kl
1006510,1006511,U7520,126,rapidbus_kl
1006511,1000709,U7520,67,rapidbus_kl
1000709,1000708,U7520,38,rapidbus_kl
1000708,1000063,U7520,153,rapidbus_kl
1000063,1000737,U7520,34,rapidbus_kl
1000737,1003281,U7520,71,rapidbus_kl
1003281,1006104,U7520,60,rapidbus_kl
1006104,1000303,U7520,30,rapidbus_kl
1000303,1001202,U7520,44,rapidbus_kl
1001202,1006577,U7520,36,rapidbus_kl
1006577,1001196,U7520,37,rapidbus_kl
1001196,1004095,U7520,24,rapidbus_kl
1004095,1002390,U7520,88,rapidbus_kl
1002390,1001094,U7520,109,rapidbus_kl
1001094,1000443,U7520,276,rapidbus_kl
1000443,1000812,U7520,81,rapidbus_kl
1000812,1001838,U7520,81,rapidbus_kl
1001838,1000618,U7520,28,rapidbus_kl
1000618,1001424,U7520,98,rapidbus_kl
1001424,1000651,U7520,88,rapidbus_kl
1000651,1001752,U7520,66,rapidbus_kl
1001752,1001566,U7520,166,rapidbus_kl
1001566,1000740,U7520,67,rapidbus_kl
1000740,1003915,U7520,184,rapidbus_kl
1003915,1000358,U7520,99,rapidbus_kl
1000358,1003083,U7520,91,rapidbus_kl
1003083,1008398,U7520,90,rapidbus_kl
1008398,1001730,U7520,79,rapidbus_kl
1001730,1004249,U7520,79,rapidbus_kl
1004249,1003078,U7520,114,rapidbus_kl
1000572,1001584,U7538,38,rapidbus_kl
1001584,1001603,U7538,20,rapidbus_kl
1001603,1001588,U7538,81,rapidbus_kl
1001588,1001586,U7538,23,rapidbus_kl
1001586,1002548,U7538,90,rapidbus_kl
1002548,1002516,U7538,58,rapidbus_kl
1002516,1000594,U7538,39,rapidbus_kl
1000594,1003443,U7538,104,rapidbus_kl
1003443,1004057,U7538,97,rapidbus_kl
1004057,1001251,U7538,33,rapidbus_kl
1001251,1002302,U7538,61,rapidbus_kl
1002302,1003496,U7538,34,rapidbus_kl
1003496,1003513,U7538,32,rapidbus_kl
1003513,1001112,U7538,40,rapidbus_kl
1001112,1000399,U7538,72,rapidbus_kl
1000399,1004006,U7538,34,rapidbus_kl
1004006,1003384,U7538,45,rapidbus_kl
1003384,1002378,U7538,46,rapidbus_kl
1002378,1001528,U7538,19,rapidbus_kl
1001528,1001374,U7538,11,rapidbus_kl
1001374,1000978,U7538,38,rapidbus_kl
1000978,1001493,U7538,27,rapidbus_kl
1001493,1000069,U7538,42,rapidbus_kl
1000069,1001514,U7538,126,rapidbus_kl
1001514,1006610,U7538,24,rapidbus_kl
1006610,1003189,U7538,53,rapidbus_kl
1003189,1006606,U7538,72,rapidbus_kl
1006606,1006604,U7538,312,rapidbus_kl
1006604,1006592,U7538,126,rapidbus_kl
1006592,1006593,U7538,32,rapidbus_kl
1006593,1006594,U7538,19,rapidbus_kl
1006594,1006595,U7538,26,rapidbus_kl
1006595,1006596,U7538,20,rapidbus_kl
1006596,1006600,U7538,63,rapidbus_kl
1006600,1000242,U7538,46,rapidbus_kl
1000242,1000244,U7538,31,rapidbus_kl
1000244,1001345,U7538,33,rapidbus_kl
1001345,1001297,U7538,34,rapidbus_kl
1001297,1002428,U7538,193,rapidbus_kl
1002428,1003833,U7538,104,rapidbus_kl
1003833,1000335,U7538,176,rapidbus_kl
1000335,1000266,U7538,47,rapidbus_kl
1000266,1003855,U7538,23,rapidbus_kl
1003855,1002456,U7538,30,rapidbus_kl
1002456,1002459,U7538,12,rapidbus_kl
1002459,1004173,U7538,22,rapidbus_kl
1004173,1002126,U7538,54,rapidbus_kl
1002126,1004165,U7538,19,rapidbus_kl
1004165,1000172,U7538,34,rapidbus_kl
1000172,1006016,U7538,29,rapidbus_kl
1006016,1004224,U7538,60,rapidbus_kl
1004224,1003856,U7538,13,rapidbus_kl
1003856,1008076,U7538,30,rapidbus_kl
1008076,1006643,U7538,27,rapidbus_kl
1006643,1003078,U7538,26,rapidbus_kl
1003078,1008075,U7538,53,rapidbus_kl
1008075,1003267,U7538,24,rapidbus_kl
1003267,1008104,U7538,35,rapidbus_kl
1008104,1000171,U7538,37,rapidbus_kl
1000171,1004166,U7538,33,rapidbus_kl
1004166,1000170,U7538,31,rapidbus_kl
1000170,1004172,U7538,50,rapidbus_kl
1004172,1002457,U7538,18,rapidbus_kl
1002457,1002458,U7538,18,rapidbus_kl
1002458,1000333,U7538,29,rapidbus_kl
1000333,1000331,U7538,24,rapidbus_kl
1000331,1003315,U7538,19,rapidbus_kl
1003315,1000336,U7538,27,rapidbus_kl
1000336,1000325,U7538,19,rapidbus_kl
1000325,1000691,U7538,24,rapidbus_kl
1000691,1003096,U7538,27,rapidbus_kl
1003096,1001026,U7538,18,rapidbus_kl
1001026,1008214,U7538,62,rapidbus_kl
1008214,1001210,U7538,148,rapidbus_kl
1001210,1003059,U7538,205,rapidbus_kl
1003059,1003025,U7538,37,rapidbus_kl
1003025,1000243,U7538,40,rapidbus_kl
1000243,1000245,U7538,27,rapidbus_kl
1000245,1003188,U7538,88,rapidbus_kl
1003188,1006609,U7538,23,rapidbus_kl
1006609,1001514,U7538,63,rapidbus_kl
1006606,1006703,U7538,32,rapidbus_kl
1006703,1000068,U7538,513,rapidbus_kl
1000068,1003218,U7538,39,rapidbus_kl
1003218,1000814,U7538,53,rapidbus_kl
1000814,1001373,U7538,11,rapidbus_kl
1001373,1000292,U7538,13,rapidbus_kl
1000292,1001936,U7538,36,rapidbus_kl
1001936,1003318,U7538,19,rapidbus_kl
1003318,1003122,U7538,9,rapidbus_kl
1003122,1004035,U7538,18,rapidbus_kl
1004035,1000398,U7538,71,rapidbus_kl
1000398,1003982,U7538,71,rapidbus_kl
1003982,1003103,U7538,43,rapidbus_kl
1003103,1001915,U7538,19,rapidbus_kl
1001915,1002319,U7538,48,rapidbus_kl
1002319,1001250,U7538,64,rapidbus_kl
1001250,1004056,U7538,29,rapidbus_kl
1004056,1000257,U7538,98,rapidbus_kl
1000257,1000593,U7538,107,rapidbus_kl
1000593,1003585,U7538,41,rapidbus_kl
1003585,1002549,U7538,61,rapidbus_kl
1002549,1001587,U7538,99,rapidbus_kl
1001587,1001589,U7538,26,rapidbus_kl
1001589,1008304,U7538,77,rapidbus_kl
1008304,1008305,U7538,21,rapidbus_kl
1008305,1000572,U7538,19,rapidbus_kl
1006655,1003358,U7548,145,rapidbus_kl
1003358,1002475,U7548,39,rapidbus_kl
1002475,1003272,U7548,57,rapidbus_kl
1003272,1003334,U7548,52,rapidbus_kl
1003334,1003305,U7548,27,rapidbus_kl
1003305,1001454,U7548,39,rapidbus_kl
1001454,1003583,U7548,48,rapidbus_kl
1003583,1000374,U7548,79,rapidbus_kl
1000374,1000024,U7548,39,rapidbus_kl
1000024,1003555,U7548,461,rapidbus_kl
1003555,1001305,U7548,330,rapidbus_kl
1001305,1000850,U7548,38,rapidbus_kl
1000850,1003705,U7548,194,rapidbus_kl
1003705,1003693,U7548,43,rapidbus_kl
1003693,1003694,U7548,31,rapidbus_kl
1003694,1003706,U7548,316,rapidbus_kl
1003706,1003707,U7548,38,rapidbus_kl
1003707,1003074,U7548,55,rapidbus_kl
1003074,1002788,U7548,486,rapidbus_kl
1002788,1000373,U7548,38,rapidbus_kl
1000373,1003582,U7548,81,rapidbus_kl
1003582,1001455,U7548,47,rapidbus_kl
1001455,1002731,U7548,48,rapidbus_kl
1002731,1000908,U7548,25,rapidbus_kl
1000908,1003273,U7548,52,rapidbus_kl
1003273,1002476,U7548,55,rapidbus_kl
1002476,1003359,U7548,39,rapidbus_kl
1003359,1006655,U7548,98,rapidbus_kl
1002297,1000857,U7700,46,rapidbus_kl
1000857,1002495,U7700,113,rapidbus_kl
1002495,1004276,U7700,51,rapidbus_kl
1004276,1002023,U7700,34,rapidbus_kl
1002023,1003335,U7700,23,rapidbus_kl
1003335,1002234,U7700,63,rapidbus_kl
1002234,1003301,U7700,21,rapidbus_kl
1003301,1000205,U7700,151,rapidbus_kl
1000205,1004210,U7700,384,rapidbus_kl
1004210,1002621,U7700,193,rapidbus_kl
1002621,1003857,U7700,157,rapidbus_kl
1003857,1006035,U7700,175,rapidbus_kl
1006035,1001509,U7700,93,rapidbus_kl
1001509,1000166,U7700,36,rapidbus_kl
1000166,1003174,U7700,161,rapidbus_kl
1003174,1001437,U7700,202,rapidbus_kl
1001437,1002696,U7700,100,rapidbus_kl
1002696,1003709,U7700,18,rapidbus_kl
1003709,1000522,U7700,68,rapidbus_kl
1000522,1001613,U7700,52,rapidbus_kl
1001613,1003080,U7700,36,rapidbus_kl
1003080,1003703,U7700,62,rapidbus_kl
1003703,1006526,U7700,78,rapidbus_kl
1006526,1000545,U7700,59,rapidbus_kl
1000545,1006590,U7700,67,rapidbus_kl
1006590,1006591,U7700,42,rapidbus_kl
1006591,1002112,U7700,56,rapidbus_kl
1002112,1000982,U7700,41,rapidbus_kl
1000982,1003236,U7700,72,rapidbus_kl
1003236,1004187,U7700,52,rapidbus_kl
1004187,1001529,U7700,51,rapidbus_kl
1001529,1008642,U7700,26,rapidbus_kl
1008642,1000883,U7700,21,rapidbus_kl
1000883,1009083,U7700,24,rapidbus_kl
1009083,1001859,U7700,42,rapidbus_kl
1001859,1002364,U7700,51,rapidbus_kl
1002364,1002122,U7700,34,rapidbus_kl
1002122,1008641,U7700,12,rapidbus_kl
1008641,1003290,U7700,20,rapidbus_kl
1003290,1004184,U7700,13,rapidbus_kl
1004184,1003291,U7700,40,rapidbus_kl
1003291,1002187,U7700,25,rapidbus_kl
1002187,1004306,U7700,41,rapidbus_kl
1004306,1002123,U7700,42,rapidbus_kl
1002123,1002758,U7700,52,rapidbus_kl
1002758,1001860,U7700,123,rapidbus_kl
1001860,1004185,U7700,23,rapidbus_kl
1004185,1000882,U7700,25,rapidbus_kl
1000882,1001938,U7700,72,rapidbus_kl
1001938,1006025,U7700,46,rapidbus_kl
1006025,1006026,U7700,20,rapidbus_kl
1006026,1002508,U7700,120,rapidbus_kl
1002508,1003702,U7700,142,rapidbus_kl
1003702,1002110,U7700,26,rapidbus_kl
1002110,1001758,U7700,58,rapidbus_kl
1001758,1000523,U7700,68,rapidbus_kl
1000523,1003708,U7700,16,rapidbus_kl
1003708,1001873,U7700,30,rapidbus_kl
1001873,1002624,U7700,89,rapidbus_kl
1002624,1008663,U7700,36,rapidbus_kl
1008663,1008664,U7700,188,rapidbus_kl
1008664,1002065,U7700,339,rapidbus_kl
1002065,1003173,U7700,373,rapidbus_kl
1003173,1001785,U7700,138,rapidbus_kl
1001785,1004272,U7700,121,rapidbus_kl
1004272,1002620,U7700,53,rapidbus_kl
1002620,1004209,U7700,78,rapidbus_kl
1004209,1000206,U7700,57,rapidbus_kl
1000206,1001512,U7700,55,rapidbus_kl
1001512,1004275,U7700,95,rapidbus_kl
1004275,1003588,U7700,94,rapidbus_kl
1003588,1002639,U7700,176,rapidbus_kl
1002639,1002297,U7700,139,rapidbus_kl
1004184,1003291,U7718,37,rapidbus_kl
1003291,1002187,U7718,18,rapidbus_kl
1002187,1004306,U7718,25,rapidbus_kl
1004306,1002123,U7718,11,rapidbus_kl
1002123,1002758,U7718,39,rapidbus_kl
1002758,1001860,U7718,46,rapidbus_kl
1001860,1004185,U7718,18,rapidbus_kl
1004185,1000882,U7718,40,rapidbus_kl
1000882,1003867,U7718,38,rapidbus_kl
1003867,1002922,U7718,59,rapidbus_kl
1002922,1003586,U7718,80,rapidbus_kl
1003586,1007719,U7718,51,rapidbus_kl
1007719,1002953,U7718,41,rapidbus_kl
1002953,1004186,U7718,98,rapidbus_kl
1004186,1002885,U7718,44,rapidbus_kl
1002885,1000787,U7718,88,rapidbus_kl
1000787,1002512,U7718,111,rapidbus_kl
1002512,1006525,U7718,48,rapidbus_kl
1006525,1002947,U7718,33,rapidbus_kl
1002947,1003696,U7718,33,rapidbus_kl
1003696,1000456,U7718,31,rapidbus_kl
1000456,1003280,U7718,99,rapidbus_kl
1003280,1000523,U7718,132,rapidbus_kl
1000523,1003708,U7718,23,rapidbus_kl
1003708,1008430,U7718,19,rapidbus_kl
1008430,1001873,U7718,32,rapidbus_kl
1001873,1000729,U7718,58,rapidbus_kl
1000729,1001435,U7718,15,rapidbus_kl
1001435,1001669,U7718,24,rapidbus_kl
1001669,1001437,U7718,107,rapidbus_kl
1001437,1003709,U7718,130,rapidbus_kl
1003709,1000522,U7718,55,rapidbus_kl
1000522,1000846,U7718,67,rapidbus_kl
1000846,1003140,U7718,56,rapidbus_kl
1003140,1003279,U7718,35,rapidbus_kl
1003279,1002020,U7718,44,rapidbus_kl
1002020,1000457,U7718,27,rapidbus_kl
1000457,1003695,U7718,30,rapidbus_kl
1003695,1000617,U7718,70,rapidbus_kl
1000617,1003086,U7718,49,rapidbus_kl
1003086,1003666,U7718,115,rapidbus_kl
1003666,1003587,U7718,90,rapidbus_kl
1003587,1003780,U7718,61,rapidbus_kl
1003780,1001503,U7718,67,rapidbus_kl
1001503,1007718,U7718,57,rapidbus_kl
1007718,1000159,U7718,37,rapidbus_kl
1000159,1004187,U7718,75,rapidbus_kl
1004187,1001529,U7718,83,rapidbus_kl
1001529,1000883,U7718,44,rapidbus_kl
1000883,1009083,U7718,41,rapidbus_kl
1009083,1001859,U7718,101,rapidbus_kl
1001859,1002364,U7718,45,rapidbus_kl
1002364,1002122,U7718,41,rapidbus_kl
1002122,1008641,U7718,26,rapidbus_kl
1008641,1003290,U7718,14,rapidbus_kl
1003290,1004184,U7718,42,rapidbus_kl
1004344,1000857,U7720,123,rapidbus_kl
1000857,1002495,U7720,43,rapidbus_kl
1002495,1004276,U7720,62,rapidbus_kl
1004276,1002023,U7720,42,rapidbus_kl
1002023,1002234,U7720,28,rapidbus_kl
1002234,1003608,U7720,111,rapidbus_kl
1003608,1002086,U7720,78,rapidbus_kl
1002086,1001788,U7720,55,rapidbus_kl
1001788,1002600,U7720,74,rapidbus_kl
1002600,1004110,U7720,98,rapidbus_kl
1004110,1000365,U7720,44,rapidbus_kl
1000365,1008143,U7720,75,rapidbus_kl
1008143,1001410,U7720,90,rapidbus_kl
1001410,1002621,U7720,147,rapidbus_kl
1002621,1003857,U7720,122,rapidbus_kl
1003857,1000166,U7720,114,rapidbus_kl
1000166,1003174,U7720,569,rapidbus_kl
1003174,1002064,U7720,107,rapidbus_kl
1002064,1000387,U7720,70,rapidbus_kl
1000387,1008324,U7720,497,rapidbus_kl
1008324,1003068,U7720,159,rapidbus_kl
1003068,1006589,U7720,210,rapidbus_kl
1006589,1006523,U7720,32,rapidbus_kl
1006523,1000104,U7720,189,rapidbus_kl
1000104,1003889,U7720,117,rapidbus_kl
1003889,1007346,U7720,137,rapidbus_kl
1007346,1002726,U7720,103,rapidbus_kl
1002726,1001421,U7720,91,rapidbus_kl
1001421,1003697,U7720,64,rapidbus_kl
1003697,1002047,U7720,67,rapidbus_kl
1002047,1002383,U7720,101,rapidbus_kl
1002383,1006785,U7720,63,rapidbus_kl
1006785,1002025,U7720,41,rapidbus_kl
1002025,1001446,U7720,85,rapidbus_kl
1001446,1004134,U7720,142,rapidbus_kl
1004134,1002581,U7720,109,rapidbus_kl
1002581,1008651,U7720,85,rapidbus_kl
1008651,1000062,U7720,31,rapidbus_kl
1000062,1004068,U7720,27,rapidbus_kl
1004068,1003175,U7720,102,rapidbus_kl
1003175,1002120,U7720,45,rapidbus_kl
1002120,1003699,U7720,75,rapidbus_kl
1003699,1002185,U7720,46,rapidbus_kl
1002185,1002121,U7720,119,rapidbus_kl
1002121,1002783,U7720,11,rapidbus_kl
1002783,1002120,U7720,29,rapidbus_kl
1002120,1002075,U7720,26,rapidbus_kl
1002075,1003699,U7720,32,rapidbus_kl
1002121,1003176,U7720,41,rapidbus_kl
1003176,1004069,U7720,101,rapidbus_kl
1004069,1001522,U7720,25,rapidbus_kl
1001522,1008650,U7720,21,rapidbus_kl
1008650,1002582,U7720,47,rapidbus_kl
1002582,1004133,U7720,123,rapidbus_kl
1004133,1001447,U7720,135,rapidbus_kl
1001447,1001733,U7720,37,rapidbus_kl
1001733,1002382,U7720,134,rapidbus_kl
1002382,1002046,U7720,34,rapidbus_kl
1002046,1003698,U7720,121,rapidbus_kl
1003698,1008652,U7720,67,rapidbus_kl
1008652,1002727,U7720,68,rapidbus_kl
1002727,1007347,U7720,81,rapidbus_kl
1007347,1008269,U7720,104,rapidbus_kl
1008269,1003890,U7720,116,rapidbus_kl
1003890,1000105,U7720,95,rapidbus_kl
1000105,1002473,U7720,50,rapidbus_kl
1002473,1000157,U7720,86,rapidbus_kl
1000157,1003767,U7720,185,rapidbus_kl
1003767,1006588,U7720,114,rapidbus_kl
1006588,1000388,U7720,472,rapidbus_kl
1000388,1002063,U7720,72,rapidbus_kl
1002063,1003173,U7720,78,rapidbus_kl
1003173,1001734,U7720,41,rapidbus_kl
1001734,1001785,U7720,160,rapidbus_kl
1001785,1004272,U7720,242,rapidbus_kl
1004272,1002620,U7720,159,rapidbus_kl
1002620,1001897,U7720,178,rapidbus_kl
1001897,1004178,U7720,46,rapidbus_kl
1004178,1003761,U7720,32,rapidbus_kl
1003761,1000366,U7720,49,rapidbus_kl
1000366,1001575,U7720,39,rapidbus_kl
1001575,1004098,U7720,35,rapidbus_kl
1004098,1002106,U7720,53,rapidbus_kl
1002106,1001787,U7720,65,rapidbus_kl
1001787,1003609,U7720,121,rapidbus_kl
1003609,1001512,U7720,62,rapidbus_kl
1001512,1004275,U7720,28,rapidbus_kl
1004275,1003588,U7720,101,rapidbus_kl
1003588,1002639,U7720,25,rapidbus_kl
1002639,1004344,U7720,167,rapidbus_kl
1004344,1000857,U7800,82,rapidbus_kl
1000857,1002495,U7800,28,rapidbus_kl
1002495,1004276,U7800,42,rapidbus_kl
1004276,1002023,U7800,28,rapidbus_kl
1002023,1003335,U7800,9,rapidbus_kl
1003335,1002234,U7800,9,rapidbus_kl
1002234,1003608,U7800,58,rapidbus_kl
1003608,1002086,U7800,52,rapidbus_kl
1002086,1001788,U7800,24,rapidbus_kl
1001788,1002600,U7800,49,rapidbus_kl
1002600,1004110,U7800,65,rapidbus_kl
1004110,1000365,U7800,43,rapidbus_kl
1000365,1008143,U7800,56,rapidbus_kl
1008143,1001410,U7800,53,rapidbus_kl
1001410,1004179,U7800,72,rapidbus_kl
1004179,1003630,U7800,26,rapidbus_kl
1003630,1002142,U7800,35,rapidbus_kl
1002142,1004272,U7800,38,rapidbus_kl
1004272,1003857,U7800,13,rapidbus_kl
1003857,1006035,U7800,19,rapidbus_kl
1006035,1001509,U7800,26,rapidbus_kl
1001509,1001785,U7800,36,rapidbus_kl
1001785,1003320,U7800,55,rapidbus_kl
1003320,1000484,U7800,33,rapidbus_kl
1000484,1001907,U7800,50,rapidbus_kl
1001907,1000419,U7800,36,rapidbus_kl
1000419,1002881,U7800,24,rapidbus_kl
1002881,1002950,U7800,28,rapidbus_kl
1002950,1003232,U7800,39,rapidbus_kl
1003232,1006226,U7800,33,rapidbus_kl
1006226,1002049,U7800,37,rapidbus_kl
1002049,1006254,U7800,91,rapidbus_kl
1006254,1001248,U7800,93,rapidbus_kl
1001248,1001431,U7800,91,rapidbus_kl
1001431,1002113,U7800,9,rapidbus_kl
1002113,1004277,U7800,22,rapidbus_kl
1004277,1001837,U7800,20,rapidbus_kl
1001837,1000297,U7800,33,rapidbus_kl
1000297,1000248,U7800,118,rapidbus_kl
1000248,1000990,U7800,95,rapidbus_kl
1000990,1002389,U7800,79,rapidbus_kl
1002389,1003240,U7800,43,rapidbus_kl
1003240,1007091,U7800,73,rapidbus_kl
1007091,1000462,U7800,57,rapidbus_kl
1000462,1007070,U7800,90,rapidbus_kl
1007070,1001047,U7800,60,rapidbus_kl
1001047,1000789,U7800,40,rapidbus_kl
1000789,1000700,U7800,22,rapidbus_kl
1000700,1000254,U7800,16,rapidbus_kl
1000254,1002759,U7800,16,rapidbus_kl
1002759,1007063,U7800,40,rapidbus_kl
1007063,1002299,U7800,75,rapidbus_kl
1002299,1001277,U7800,87,rapidbus_kl
1001277,1003314,U7800,101,rapidbus_kl
1003314,1003986,U7800,63,rapidbus_kl
1003986,1007063,U7800,114,rapidbus_kl
1007063,1004308,U7800,58,rapidbus_kl
1004308,1003156,U7800,196,rapidbus_kl
1003156,1002299,U7800,54,rapidbus_kl
1003986,1004026,U7800,69,rapidbus_kl
1004026,1000213,U7800,72,rapidbus_kl
1000213,1002760,U7800,12,rapidbus_kl
1002760,1000699,U7800,24,rapidbus_kl
1000699,1000788,U7800,19,rapidbus_kl
1000788,1000790,U7800,28,rapidbus_kl
1000790,1000892,U7800,11,rapidbus_kl
1000892,1006281,U7800,36,rapidbus_kl
1006281,1007309,U7800,29,rapidbus_kl
1007309,1008655,U7800,66,rapidbus_kl
1008655,1001932,U7800,54,rapidbus_kl
1001932,1000112,U7800,22,rapidbus_kl
1000112,1000146,U7800,44,rapidbus_kl
1000146,1001194,U7800,23,rapidbus_kl
1001194,1000752,U7800,47,rapidbus_kl
1000752,1000724,U7800,37,rapidbus_kl
1000724,1000891,U7800,19,rapidbus_kl
1000891,1000463,U7800,81,rapidbus_kl
1000463,1007078,U7800,54,rapidbus_kl
1007078,1002235,U7800,53,rapidbus_kl
1002235,1002388,U7800,61,rapidbus_kl
1002388,1000991,U7800,95,rapidbus_kl
1000991,1003194,U7800,151,rapidbus_kl
1003194,1000249,U7800,158,rapidbus_kl
1000249,1007127,U7800,146,rapidbus_kl
1007127,1001064,U7800,87,rapidbus_kl
1001064,1000232,U7800,44,rapidbus_kl
1000232,1004278,U7800,45,rapidbus_kl
1004278,1000036,U7800,42,rapidbus_kl
1000036,1000371,U7800,82,rapidbus_kl
1000371,1001276,U7800,134,rapidbus_kl
1001276,1002752,U7800,44,rapidbus_kl
1002752,1003456,U7800,38,rapidbus_kl
1003456,1003204,U7800,28,rapidbus_kl
1003204,1003336,U7800,43,rapidbus_kl
1003336,1001195,U7800,29,rapidbus_kl
1001195,1000518,U7800,30,rapidbus_kl
1000518,1004135,U7800,24,rapidbus_kl
1004135,1000270,U7800,50,rapidbus_kl
1000270,1003392,U7800,31,rapidbus_kl
1003392,1000671,U7800,73,rapidbus_kl
1000671,1002617,U7800,140,rapidbus_kl
1002617,1001897,U7800,128,rapidbus_kl
1001897,1004178,U7800,33,rapidbus_kl
1004178,1003761,U7800,23,rapidbus_kl
1003761,1000366,U7800,35,rapidbus_kl
1000366,1001575,U7800,28,rapidbus_kl
1001575,1004098,U7800,24,rapidbus_kl
1004098,1002106,U7800,15,rapidbus_kl
1002106,1001787,U7800,26,rapidbus_kl
1001787,1003609,U7800,20,rapidbus_kl
1003609,1001512,U7800,22,rapidbus_kl
1001512,1004275,U7800,34,rapidbus_kl
1004275,1003588,U7800,32,rapidbus_kl
1003588,1002639,U7800,16,rapidbus_kl
1002639,1004344,U7800,44,rapidbus_kl
1004340,1002495,U7828,50,rapidbus_kl
1002495,1004276,U7828,35,rapidbus_kl
1004276,1002023,U7828,74,rapidbus_kl
1002023,1002234,U7828,33,rapidbus_kl
1002234,1003608,U7828,83,rapidbus_kl
1003608,1002086,U7828,64,rapidbus_kl
1002086,1001788,U7828,141,rapidbus_kl
1001788,1002600,U7828,42,rapidbus_kl
1002600,1004110,U7828,36,rapidbus_kl
1004110,1000096,U7828,36,rapidbus_kl
1000096,1003431,U7828,21,rapidbus_kl
1003431,1001045,U7828,38,rapidbus_kl
1001045,1001539,U7828,105,rapidbus_kl
1001539,1002301,U7828,65,rapidbus_kl
1002301,1003039,U7828,55,rapidbus_kl
1003039,1000582,U7828,36,rapidbus_kl
1000582,1002498,U7828,28,rapidbus_kl
1002498,1003809,U7828,108,rapidbus_kl
1003809,1001082,U7828,33,rapidbus_kl
1001082,1001081,U7828,45,rapidbus_kl
1001081,1003550,U7828,68,rapidbus_kl
1003550,1003646,U7828,84,rapidbus_kl
1003646,1001926,U7828,78,rapidbus_kl
1001926,1003457,U7828,33,rapidbus_kl
1003457,1003674,U7828,23,rapidbus_kl
1003674,1002425,U7828,196,rapidbus_kl
1002425,1009134,U7828,56,rapidbus_kl
1009134,1003891,U7828,134,rapidbus_kl
1003891,1001844,U7828,141,rapidbus_kl
1001844,1009132,U7828,34,rapidbus_kl
1009132,1009133,U7828,15,rapidbus_kl
1009133,1001080,U7828,14,rapidbus_kl
1001080,1001083,U7828,43,rapidbus_kl
1001083,1003810,U7828,41,rapidbus_kl
1003810,1002497,U7828,106,rapidbus_kl
1002497,1000581,U7828,80,rapidbus_kl
1000581,1003014,U7828,36,rapidbus_kl
1003014,1002300,U7828,75,rapidbus_kl
1002300,1001538,U7828,100,rapidbus_kl
1001538,1002877,U7828,92,rapidbus_kl
1002877,1000261,U7828,124,rapidbus_kl
1000261,1001719,U7828,168,rapidbus_kl
1001719,1000095,U7828,24,rapidbus_kl
1000095,1001706,U7828,16,rapidbus_kl
1001706,1001575,U7828,53,rapidbus_kl
1001575,1004098,U7828,76,rapidbus_kl
1004098,1002106,U7828,25,rapidbus_kl
1002106,1001787,U7828,13,rapidbus_kl
1001787,1003609,U7828,38,rapidbus_kl
1003609,1001512,U7828,40,rapidbus_kl
1001512,1004275,U7828,23,rapidbus_kl
1004275,1001096,U7828,38,rapidbus_kl
1001096,1004340,U7828,85,rapidbus_kl
1001804,1003347,U7830,135,rapidbus_kl
1003347,1002595,U7830,102,rapidbus_kl
1002595,1001436,U7830,580,rapidbus_kl
1001436,1004119,U7830,43,rapidbus_kl
1004119,1000460,U7830,19,rapidbus_kl
1000460,1006266,U7830,37,rapidbus_kl
1006266,1008640,U7830,24,rapidbus_kl
1008640,1006267,U7830,22,rapidbus_kl
1006267,1003709,U7830,70,rapidbus_kl
1003709,1000522,U7830,64,rapidbus_kl
1000522,1003140,U7830,140,rapidbus_kl
1003140,1003279,U7830,41,rapidbus_kl
1003279,1002020,U7830,58,rapidbus_kl
1002020,1000457,U7830,32,rapidbus_kl
1000457,1003695,U7830,35,rapidbus_kl
1003695,1000646,U7830,56,rapidbus_kl
1000646,1003087,U7830,56,rapidbus_kl
1003087,1000388,U7830,527,rapidbus_kl
1000388,1004221,U7830,183,rapidbus_kl
1004221,1002200,U7830,247,rapidbus_kl
1002200,1001508,U7830,86,rapidbus_kl
1001508,1001805,U7830,157,rapidbus_kl
1001805,1001169,U7830,86,rapidbus_kl
1001169,1001804,U7830,200,rapidbus_kl
1000311,1001654,U8210,56,rapidbus_kl
1001654,1002251,U8210,48,rapidbus_kl
1002251,1002252,U8210,54,rapidbus_kl
1002252,1000910,U8210,91,rapidbus_kl
1000910,1001719,U8210,66,rapidbus_kl
1001719,1000095,U8210,115,rapidbus_kl
1000095,1001706,U8210,86,rapidbus_kl
1001706,1001575,U8210,39,rapidbus_kl
1001575,1004098,U8210,54,rapidbus_kl
1004098,1002106,U8210,81,rapidbus_kl
1002106,1001787,U8210,102,rapidbus_kl
1001787,1003609,U8210,187,rapidbus_kl
1003609,1001512,U8210,96,rapidbus_kl
1001512,1004275,U8210,204,rapidbus_kl
1004275,1001096,U8210,95,rapidbus_kl
1001096,1000220,U8210,41,rapidbus_kl
1000220,1008294,U8210,51,rapidbus_kl
1008294,1004345,U8210,34,rapidbus_kl
1004345,1000857,U8210,77,rapidbus_kl
1000857,1002495,U8210,61,rapidbus_kl
1002495,1004276,U8210,87,rapidbus_kl
1004276,1002023,U8210,60,rapidbus_kl
1002023,1002234,U8210,56,rapidbus_kl
1002234,1003608,U8210,145,rapidbus_kl
1003608,1002086,U8210,110,rapidbus_kl
1002086,1001788,U8210,49,rapidbus_kl
1001788,1002600,U8210,104,rapidbus_kl
1002600,1004110,U8210,138,rapidbus_kl
1004110,1000096,U8210,125,rapidbus_kl
1000096,1000762,U8210,152,rapidbus_kl
1000762,1000763,U8210,24,rapidbus_kl
1000763,1002608,U8210,42,rapidbus_kl
1002608,1000831,U8210,55,rapidbus_kl
1000831,1000608,U8210,39,rapidbus_kl
1000608,1000312,U8210,59,rapidbus_kl
1000312,1000311,U8210,117,rapidbus_kl
1001787,1003608,U8220,131,rapidbus_kl
1003608,1002086,U8220,67,rapidbus_kl
1002086,1001788,U8220,29,rapidbus_kl
1001788,1002030,U8220,190,rapidbus_kl
1002030,1002921,U8220,268,rapidbus_kl
1002921,1002215,U8220,93,rapidbus_kl
1002215,1000228,U8220,18,rapidbus_kl
1000228,1002357,U8220,18,rapidbus_kl
1002357,1002944,U8220,24,rapidbus_kl
1002944,1003504,U8220,25,rapidbus_kl
1003504,1008142,U8220,46,rapidbus_kl
1008142,1002093,U8220,54,rapidbus_kl
1002093,1003371,U8220,54,rapidbus_kl
1003371,1000225,U8220,58,rapidbus_kl
1000225,1002918,U8220,93,rapidbus_kl
1002918,1002905,U8220,31,rapidbus_kl
1002905,1002901,U8220,21,rapidbus_kl
1002901,1002886,U8220,23,rapidbus_kl
1002886,1002883,U8220,25,rapidbus_kl
1002883,1002964,U8220,11,rapidbus_kl
1002964,1000061,U8220,22,rapidbus_kl
1000061,1000534,U8220,31,rapidbus_kl
1000534,1000519,U8220,68,rapidbus_kl
1000519,1001787,U8220,40,rapidbus_kl
1000031,1008686,P0040,38,rapidbus_kl
1008686,1008687,P0040,79,rapidbus_kl
1008687,1002192,P0040,163,rapidbus_kl
1003626,1001341,P0040,39,rapidbus_kl
1001341,1000837,P0040,69,rapidbus_kl
1003414,1008688,P0040,63,rapidbus_kl
1008688,1006225,P0040,34,rapidbus_kl
1006225,1003232,P0040,75,rapidbus_kl
1000204,1008689,P0040,46,rapidbus_kl
1008689,1006038,P0040,38,rapidbus_kl
1001276,1002049,P0040,62,rapidbus_kl
1002049,1000639,P0040,60,rapidbus_kl
1008007,1006723,S1070,115,rapidbus_kl
1006723,1006724,S1070,54,rapidbus_kl
1006724,1007180,S1070,122,rapidbus_kl
1007180,1008003,S1070,45,rapidbus_kl
1008003,1007181,S1070,30,rapidbus_kl
1007181,1007182,S1070,55,rapidbus_kl
1007182,1007183,S1070,276,rapidbus_kl
1007183,1006754,S1070,126,rapidbus_kl
1000184,1003022,S1070,114,rapidbus_kl
1003022,1003590,S1070,65,rapidbus_kl
1003590,1003374,S1070,48,rapidbus_kl
1003374,1002212,S1070,55,rapidbus_kl
1002212,1002468,S1070,20,rapidbus_kl
1002468,1003007,S1070,73,rapidbus_kl
1003007,1003180,S1070,44,rapidbus_kl
1003180,1007176,S1070,72,rapidbus_kl
1002693,1008435,T6050,189,rapidbus_kl
1008435,1000917,T6050,134,rapidbus_kl
1003691,1001545,U3000,23,rapidbus_kl
1001545,1001652,U3000,60,rapidbus_kl
1001647,1000636,U3000,37,rapidbus_kl
1000636,1002320,U3000,68,rapidbus_kl
1008108,1000964,U3000,135,rapidbus_kl
12002114,12000007,30000001,36,rapidbus_penang
12000007,12001916,30000001,51,rapidbus_penang
12001916,12001918,30000001,43,rapidbus_penang
12001918,12001920,30000001,35,rapidbus_penang
12001920,12001922,30000001,58,rapidbus_penang
12001922,12001064,30000001,45,rapidbus_penang
12001064,12001061,30000001,29,rapidbus_penang
12001061,12002116,30000001,112,rapidbus_penang
12002116,12000356,30000001,140,rapidbus_penang
12000356,12000357,30000001,82,rapidbus_penang
12000357,12000358,30000001,41,rapidbus_penang
12000358,12003016,30000001,80,rapidbus_penang
12003016,12000360,30000001,38,rapidbus_penang
12000360,12000972,30000001,60,rapidbus_penang
12000972,12000718,30000001,42,rapidbus_penang
12000718,12000719,30000001,26,rapidbus_penang
12000719,12000720,30000001,39,rapidbus_penang
12000720,12000721,30000001,24,rapidbus_penang
12000721,12000722,30000001,23,rapidbus_penang
12000722,12000723,30000001,32,rapidbus_penang
12000723,12000724,30000001,48,rapidbus_penang
12000724,12000726,30000001,43,rapidbus_penang
12000726,12000727,30000001,46,rapidbus_penang
12000727,12001644,30000001,108,rapidbus_penang
12001644,12001646,30000001,64,rapidbus_penang
12001646,12001648,30000001,49,rapidbus_penang
12001648,12001650,30000001,54,rapidbus_penang
12001650,12001652,30000001,36,rapidbus_penang
12001652,12001654,30000001,58,rapidbus_penang
12001654,12001655,30000001,45,rapidbus_penang
12001655,12002249,30000001,43,rapidbus_penang
12002249,12001658,30000001,54,rapidbus_penang
12001658,12001659,30000001,68,rapidbus_penang
12001659,12001661,30000001,48,rapidbus_penang
12001661,12001663,30000001,64,rapidbus_penang
12001663,12001672,30000001,203,rapidbus_penang
12001672,12001675,30000001,85,rapidbus_penang
12001675,12001673,30000001,43,rapidbus_penang
12001673,12001668,30000001,52,rapidbus_penang
12001668,12001669,30000001,36,rapidbus_penang
12001669,12001676,30000001,45,rapidbus_penang
12001676,12003014,30000001,60,rapidbus_penang
12003014,12000212,30000001,63,rapidbus_penang
12000212,12000222,30000001,102,rapidbus_penang
12000222,12000227,30000001,104,rapidbus_penang
12000227,12000234,30000001,90,rapidbus_penang
12000234,12000229,30000001,35,rapidbus_penang
12000229,12002250,30000001,57,rapidbus_penang
12002250,12000231,30000001,57,rapidbus_penang
12000231,12002210,30000001,58,rapidbus_penang
12002210,12000238,30000001,45,rapidbus_penang
12000238,12000235,30000001,153,rapidbus_penang
12000235,12000225,30000001,43,rapidbus_penang
12000225,12000223,30000001,58,rapidbus_penang
12000223,12000220,30000001,39,rapidbus_penang
12000220,12000218,30000001,41,rapidbus_penang
12000218,12000216,30000001,48,rapidbus_penang
12000216,12000214,30000001,30,rapidbus_penang
12000214,12000210,30000001,43,rapidbus_penang
12000210,12000207,30000001,83,rapidbus_penang
12000207,12002251,30000001,51,rapidbus_penang
12002251,12000204,30000001,52,rapidbus_penang
12000204,12000202,30000001,260,rapidbus_penang
12000202,12002975,30000001,228,rapidbus_penang
12002975,12001766,30000001,60,rapidbus_penang
12001766,12001763,30000001,51,rapidbus_penang
12001763,12002223,30000001,38,rapidbus_penang
12002223,12002224,30000001,24,rapidbus_penang
12002224,12002200,30000001,64,rapidbus_penang
12002200,12001752,30000001,51,rapidbus_penang
12001752,12001750,30000001,29,rapidbus_penang
12001750,12001754,30000001,33,rapidbus_penang
12001754,12001756,30000001,102,rapidbus_penang
12001756,12001760,30000001,79,rapidbus_penang
12001760,12001757,30000001,65,rapidbus_penang
12001757,12002252,30000001,35,rapidbus_penang
12002252,12001765,30000001,52,rapidbus_penang
12001765,12001761,30000001,61,rapidbus_penang
12001761,12001758,30000001,39,rapidbus_penang
12001758,12001759,30000001,38,rapidbus_penang
12001759,12001762,30000001,30,rapidbus_penang
12001762,12001764,30000001,121,rapidbus_penang
12001764,12001767,30000001,81,rapidbus_penang
12001767,12002976,30000001,31,rapidbus_penang
12002976,12000203,30000001,220,rapidbus_penang
12000203,12000205,30000001,264,rapidbus_penang
12000205,12002230,30000001,55,rapidbus_penang
12002230,12000206,30000001,40,rapidbus_penang
12000206,12002204,30000001,81,rapidbus_penang
12002204,12000215,30000001,81,rapidbus_penang
12000215,12000217,30000001,44,rapidbus_penang
12000217,12000221,30000001,49,rapidbus_penang
12000221,12000224,30000001,42,rapidbus_penang
12000224,12000228,30000001,57,rapidbus_penang
12000228,12000236,30000001,45,rapidbus_penang
12000236,12000239,30000001,49,rapidbus_penang
12000239,12000237,30000001,107,rapidbus_penang
12000237,12002253,30000001,51,rapidbus_penang
12002253,12000232,30000001,55,rapidbus_penang
12000232,12000230,30000001,108,rapidbus_penang
12000230,12000233,30000001,35,rapidbus_penang
12000233,12000226,30000001,104,rapidbus_penang
12000226,12000219,30000001,102,rapidbus_penang
12000219,12000213,30000001,95,rapidbus_penang
12000213,12000208,30000001,46,rapidbus_penang
12000208,12001677,30000001,84,rapidbus_penang
12001677,12001671,30000001,45,rapidbus_penang
12001671,12001670,30000001,44,rapidbus_penang
12001670,12001678,30000001,60,rapidbus_penang
12001678,12001679,30000001,46,rapidbus_penang
12001679,12001674,30000001,51,rapidbus_penang
12001674,12001667,30000001,113,rapidbus_penang
12001667,12001664,30000001,107,rapidbus_penang
12001664,12001662,30000001,63,rapidbus_penang
12001662,12001660,30000001,55,rapidbus_penang
12001660,12001657,30000001,82,rapidbus_penang
12001657,12001656,30000001,66,rapidbus_penang
12001656,12001653,30000001,78,rapidbus_penang
12001653,12001651,30000001,48,rapidbus_penang
12001651,12001649,30000001,68,rapidbus_penang
12001649,12001647,30000001,70,rapidbus_penang
12001647,12001645,30000001,62,rapidbus_penang
12001645,12000105,30000001,41,rapidbus_penang
12000105,12000102,30000001,64,rapidbus_penang
12000102,12000101,30000001,45,rapidbus_penang
12000101,12000371,30000001,48,rapidbus_penang
12000371,12000369,30000001,57,rapidbus_penang
12000369,12000368,30000001,44,rapidbus_penang
12000368,12000367,30000001,41,rapidbus_penang
12000367,12000365,30000001,78,rapidbus_penang
12000365,12000363,30000001,56,rapidbus_penang
12000363,12000362,30000001,37,rapidbus_penang
12000362,12000361,30000001,35,rapidbus_penang
12000361,12001084,30000001,96,rapidbus_penang
12001084,12001083,30000001,38,rapidbus_penang
12001083,12000833,30000001,49,rapidbus_penang
12000833,12000832,30000001,52,rapidbus_penang
12000832,12000831,30000001,45,rapidbus_penang
12000831,12000829,30000001,51,rapidbus_penang
12000829,12000828,30000001,78,rapidbus_penang
12000828,12001060,30000001,41,rapidbus_penang
12001060,12001832,30000001,86,rapidbus_penang
12001832,12001835,30000001,57,rapidbus_penang
12001835,12001399,30000001,34,rapidbus_penang
12001399,12001397,30000001,31,rapidbus_penang
12001397,12001921,30000001,57,rapidbus_penang
12001921,12001919,30000001,53,rapidbus_penang
12001919,12001917,30000001,62,rapidbus_penang
12001917,12002318,30000001,63,rapidbus_penang
12002318,12002056,30000001,42,rapidbus_penang
12002056,12002058,30000001,77,rapidbus_penang
12002058,12002971,30000001,26,rapidbus_penang
12002971,12001943,30000001,20,rapidbus_penang
12001943,12002972,30000001,49,rapidbus_penang
12002972,12002057,30000001,45,rapidbus_penang
12002057,12002114,30000001,118,rapidbus_penang
12002624,12002625,30000089,60,rapidbus_penang
12002625,12002626,30000089,60,rapidbus_penang
12002626,12002627,30000089,39,rapidbus_penang
12002627,12002628,30000089,65,rapidbus_penang
12002628,12002629,30000089,51,rapidbus_penang
12002629,12002630,30000089,99,rapidbus_penang
12002630,12002631,30000089,166,rapidbus_penang
12002631,12002632,30000089,44,rapidbus_penang
12002632,12002633,30000089,28,rapidbus_penang
12002633,12000644,30000089,25,rapidbus_penang
12000644,12000650,30000089,112,rapidbus_penang
12000650,12000649,30000089,76,rapidbus_penang
12000649,12000648,30000089,71,rapidbus_penang
12000648,12000647,30000089,67,rapidbus_penang
12000647,12000646,30000089,52,rapidbus_penang
12000646,12000645,30000089,58,rapidbus_penang
12000645,12000508,30000089,103,rapidbus_penang
12000508,12000488,30000089,38,rapidbus_penang
12000488,12000489,30000089,33,rapidbus_penang
12000489,12000491,30000089,29,rapidbus_penang
12000491,12000493,30000089,42,rapidbus_penang
12000493,12000496,30000089,93,rapidbus_penang
12000496,12000497,30000089,35,rapidbus_penang
12000497,12000498,30000089,38,rapidbus_penang
12000498,12000501,30000089,30,rapidbus_penang
12000501,12000503,30000089,26,rapidbus_penang
12000503,12000506,30000089,69,rapidbus_penang
12000506,12000504,30000089,40,rapidbus_penang
12000504,12000502,30000089,28,rapidbus_penang
12000502,12001558,30000089,78,rapidbus_penang
12001558,12001556,30000089,60,rapidbus_penang
12001556,12001555,30000089,60,rapidbus_penang
12001555,12001553,30000089,77,rapidbus_penang
12001553,12001551,30000089,23,rapidbus_penang
12001551,12001549,30000089,29,rapidbus_penang
12001549,12001547,30000089,111,rapidbus_penang
12001547,12002117,30000089,89,rapidbus_penang
12002117,12001543,30000089,28,rapidbus_penang
12001543,12001541,30000089,55,rapidbus_penang
12001541,12001530,30000089,87,rapidbus_penang
12001530,12001522,30000089,46,rapidbus_penang
12001522,12001513,30000089,40,rapidbus_penang
12001513,12001517,30000089,20,rapidbus_penang
12001517,12001518,30000089,31,rapidbus_penang
12001518,12001520,30000089,40,rapidbus_penang
12001520,12001527,30000089,154,rapidbus_penang
12001527,12001531,30000089,47,rapidbus_penang
12001531,12001534,30000089,41,rapidbus_penang
12001534,12001537,30000089,28,rapidbus_penang
12001537,12001594,30000089,29,rapidbus_penang
12001594,12001593,30000089,30,rapidbus_penang
12001593,12002550,30000089,35,rapidbus_penang
12002550,12002392,30000089,25,rapidbus_penang
12002392,12000098,30000089,240,rapidbus_penang
12000098,12002551,30000089,20,rapidbus_penang
12002551,12000094,30000089,45,rapidbus_penang
12000094,12000092,30000089,63,rapidbus_penang
12000092,12000091,30000089,49,rapidbus_penang
12000091,12000088,30000089,63,rapidbus_penang
12000088,12000605,30000089,56,rapidbus_penang
12000605,12000603,30000089,31,rapidbus_penang
12000603,12000601,30000089,31,rapidbus_penang
12000601,12000124,30000089,96,rapidbus_penang
12000124,12000122,30000089,47,rapidbus_penang
12000122,12000121,30000089,67,rapidbus_penang
12000121,12002549,30000089,35,rapidbus_penang
12002549,12002322,30000089,117,rapidbus_penang
12002322,12000120,30000089,406,rapidbus_penang
12000120,12000123,30000089,88,rapidbus_penang
12000123,12000125,30000089,55,rapidbus_penang
12000125,12000600,30000089,59,rapidbus_penang
12000600,12000602,30000089,35,rapidbus_penang
12000602,12000604,30000089,48,rapidbus_penang
12000604,12000606,30000089,51,rapidbus_penang
12000606,12000089,30000089,57,rapidbus_penang
12000089,12000090,30000089,19,rapidbus_penang
12000090,12002544,30000089,50,rapidbus_penang
12002544,12000093,30000089,46,rapidbus_penang
12000093,12000095,30000089,52,rapidbus_penang
12000095,12000097,30000089,33,rapidbus_penang
12000097,12001997,30000089,52,rapidbus_penang
12001997,12001590,30000089,177,rapidbus_penang
12001590,12001591,30000089,38,rapidbus_penang
12001591,12001592,30000089,35,rapidbus_penang
12001592,12001595,30000089,32,rapidbus_penang
12001595,12001539,30000089,31,rapidbus_penang
12001539,12001536,30000089,29,rapidbus_penang
12001536,12001533,30000089,46,rapidbus_penang
12001533,12001529,30000089,52,rapidbus_penang
12001529,12001525,30000089,31,rapidbus_penang
12001525,12001521,30000089,115,rapidbus_penang
12001521,12001516,30000089,72,rapidbus_penang
12001516,12001514,30000089,14,rapidbus_penang
12001514,12001523,30000089,48,rapidbus_penang
12001523,12001526,30000089,36,rapidbus_penang
12001526,12001540,30000089,91,rapidbus_penang
12001540,12001542,30000089,61,rapidbus_penang
12001542,12001545,30000089,36,rapidbus_penang
12001545,12001546,30000089,35,rapidbus_penang
12001546,12001548,30000089,74,rapidbus_penang
12001548,12001550,30000089,107,rapidbus_penang
12001550,12001552,30000089,29,rapidbus_penang
12001552,12001554,30000089,91,rapidbus_penang
12001554,12001557,30000089,72,rapidbus_penang
12001557,12001559,30000089,69,rapidbus_penang
12001559,12000507,30000089,134,rapidbus_penang
12000507,12000505,30000089,76,rapidbus_penang
12000505,12000500,30000089,35,rapidbus_penang
12000500,12000499,30000089,29,rapidbus_penang
12000499,12000495,30000089,73,rapidbus_penang
12000495,12000494,30000089,95,rapidbus_penang
12000494,12000492,30000089,36,rapidbus_penang
12000492,12000490,30000089,28,rapidbus_penang
12000490,12000487,30000089,48,rapidbus_penang
12000487,12000486,30000089,39,rapidbus_penang
12000486,12000484,30000089,89,rapidbus_penang
12000484,12000639,30000089,76,rapidbus_penang
12000639,12000640,30000089,61,rapidbus_penang
12000640,12000641,30000089,19,rapidbus_penang
12000641,12000642,30000089,129,rapidbus_penang
12000642,12000643,30000089,160,rapidbus_penang
12000643,12002611,30000089,20,rapidbus_penang
12002611,12002612,30000089,21,rapidbus_penang
12002612,12002613,30000089,31,rapidbus_penang
12002613,12002614,30000089,51,rapidbus_penang
12002614,12002619,30000089,186,rapidbus_penang
12002619,12002620,30000089,73,rapidbus_penang
12002620,12002622,30000089,62,rapidbus_penang
12002622,12002621,30000089,105,rapidbus_penang
12002621,12002623,30000089,76,rapidbus_penang
12002623,12002624,30000089,96,rapidbus_penang
12002211,12001418,30000002,221,rapidbus_penang
12001418,12001422,30000002,126,rapidbus_penang
12001422,12001423,30000002,53,rapidbus_penang
12001423,12001425,30000002,74,rapidbus_penang
12001425,12001427,30000002,108,rapidbus_penang
12001427,12001460,30000002,104,rapidbus_penang
12001460,12001432,30000002,144,rapidbus_penang
12001432,12001435,30000002,141,rapidbus_penang
12001435,12001437,30000002,36,rapidbus_penang
12001437,12001439,30000002,35,rapidbus_penang
12001439,12002139,30000002,54,rapidbus_penang
12002139,12001443,30000002,70,rapidbus_penang
12001443,12001445,30000002,53,rapidbus_penang
12001445,12001446,30000002,58,rapidbus_penang
12001446,12002207,30000002,22,rapidbus_penang
12002207,12001448,30000002,53,rapidbus_penang
12001448,12001450,30000002,101,rapidbus_penang
12001450,12001452,30000002,79,rapidbus_penang
12001452,12001455,30000002,76,rapidbus_penang
12001455,12001457,30000002,52,rapidbus_penang
12001457,12001459,30000002,63,rapidbus_penang
12001459,12000860,30000002,148,rapidbus_penang
12000860,12000864,30000002,62,rapidbus_penang
12000864,12000866,30000002,61,rapidbus_penang
12000866,12000868,30000002,62,rapidbus_penang
12000868,12000871,30000002,74,rapidbus_penang
12000871,12000873,30000002,32,rapidbus_penang
12000873,12000073,30000002,91,rapidbus_penang
12000073,12000074,30000002,61,rapidbus_penang
12000074,12000448,30000002,58,rapidbus_penang
12000448,12000460,30000002,59,rapidbus_penang
12000460,12000455,30000002,77,rapidbus_penang
12000455,12000445,30000002,51,rapidbus_penang
12000445,12000453,30000002,55,rapidbus_penang
12000453,12000459,30000002,31,rapidbus_penang
12000459,12000462,30000002,28,rapidbus_penang
12000462,12001060,30000002,30,rapidbus_penang
12001060,12002116,30000002,96,rapidbus_penang
12002116,12000827,30000002,44,rapidbus_penang
12000827,12000830,30000002,67,rapidbus_penang
12000830,12002208,30000002,62,rapidbus_penang
12002208,12000051,30000002,39,rapidbus_penang
12000051,12001080,30000002,77,rapidbus_penang
12001080,12002203,30000002,64,rapidbus_penang
12002203,12001086,30000002,130,rapidbus_penang
12001086,12000361,30000002,30,rapidbus_penang
12000361,12000970,30000002,28,rapidbus_penang
12000970,12000972,30000002,16,rapidbus_penang
12000972,12000718,30000002,31,rapidbus_penang
12000718,12000719,30000002,20,rapidbus_penang
12000719,12000720,30000002,30,rapidbus_penang
12000720,12000721,30000002,16,rapidbus_penang
12000721,12000722,30000002,18,rapidbus_penang
12000722,12000723,30000002,23,rapidbus_penang
12000723,12000724,30000002,37,rapidbus_penang
12000724,12000726,30000002,32,rapidbus_penang
12000726,12000727,30000002,35,rapidbus_penang
12000727,12001644,30000002,81,rapidbus_penang
12001644,12001646,30000002,48,rapidbus_penang
12001646,12001648,30000002,38,rapidbus_penang
12001648,12001650,30000002,40,rapidbus_penang
12001650,12001382,30000002,92,rapidbus_penang
12001382,12001385,30000002,166,rapidbus_penang
12001385,12001386,30000002,74,rapidbus_penang
12001386,12001658,30000002,33,rapidbus_penang
12001658,12001659,30000002,52,rapidbus_penang
12001659,12001661,30000002,35,rapidbus_penang
12001661,12001663,30000002,48,rapidbus_penang
12001663,12001672,30000002,155,rapidbus_penang
12001672,12001675,30000002,65,rapidbus_penang
12001675,12001673,30000002,33,rapidbus_penang
12001673,12001668,30000002,39,rapidbus_penang
12001668,12001669,30000002,28,rapidbus_penang
12001669,12001676,30000002,33,rapidbus_penang
12001676,12003014,30000002,45,rapidbus_penang
12003014,12000212,30000002,47,rapidbus_penang
12000212,12000222,30000002,79,rapidbus_penang
12000222,12000227,30000002,79,rapidbus_penang
12000227,12000234,30000002,69,rapidbus_penang
12000234,12000229,30000002,26,rapidbus_penang
12000229,12002250,30000002,41,rapidbus_penang
12002250,12000231,30000002,43,rapidbus_penang
12000231,12002210,30000002,44,rapidbus_penang
12002210,12000238,30000002,33,rapidbus_penang
12000238,12000235,30000002,118,rapidbus_penang
12000235,12000225,30000002,33,rapidbus_penang
12000225,12000223,30000002,44,rapidbus_penang
12000223,12000220,30000002,29,rapidbus_penang
12000220,12000218,30000002,30,rapidbus_penang
12000218,12000216,30000002,36,rapidbus_penang
12000216,12000214,30000002,22,rapidbus_penang
12000214,12000210,30000002,31,rapidbus_penang
12000210,12000207,30000002,64,rapidbus_penang
12000207,12002251,30000002,38,rapidbus_penang
12002251,12000204,30000002,40,rapidbus_penang
12000204,12000202,30000002,201,rapidbus_penang
12000202,12002975,30000002,176,rapidbus_penang
12002975,12001766,30000002,44,rapidbus_penang
12001766,12001763,30000002,39,rapidbus_penang
12001763,12002223,30000002,29,rapidbus_penang
12002223,12002224,30000002,18,rapidbus_penang
12002224,12002200,30000002,48,rapidbus_penang
12002200,12001752,30000002,38,rapidbus_penang
12001752,12001750,30000002,21,rapidbus_penang
12001750,12001754,30000002,24,rapidbus_penang
12001754,12001756,30000002,79,rapidbus_penang
12001756,12001760,30000002,59,rapidbus_penang
12001760,12001757,30000002,50,rapidbus_penang
12001757,12002252,30000002,25,rapidbus_penang
12002252,12001765,30000002,38,rapidbus_penang
12001765,12001761,30000002,46,rapidbus_penang
12001761,12001758,30000002,28,rapidbus_penang
12001758,12001759,30000002,29,rapidbus_penang
12001759,12001762,30000002,22,rapidbus_penang
12001762,12001764,30000002,117,rapidbus_penang
12001764,12001767,30000002,57,rapidbus_penang
12001767,12000203,30000002,177,rapidbus_penang
12000203,12000205,30000002,189,rapidbus_penang
12000205,12002230,30000002,39,rapidbus_penang
12002230,12000206,30000002,26,rapidbus_penang
12000206,12002204,30000002,57,rapidbus_penang
12002204,12000215,30000002,57,rapidbus_penang
12000215,12000217,30000002,31,rapidbus_penang
12000217,12000221,30000002,34,rapidbus_penang
12000221,12000224,30000002,28,rapidbus_penang
12000224,12000228,30000002,41,rapidbus_penang
12000228,12000236,30000002,30,rapidbus_penang
12000236,12000239,30000002,35,rapidbus_penang
12000239,12000237,30000002,77,rapidbus_penang
12000237,12002253,30000002,34,rapidbus_penang
12002253,12000232,30000002,38,rapidbus_penang
12000232,12002206,30000002,38,rapidbus_penang
12002206,12000230,30000002,38,rapidbus_penang
12000230,12000233,30000002,24,rapidbus_penang
12000233,12000226,30000002,74,rapidbus_penang
12000226,12000219,30000002,71,rapidbus_penang
12000219,12000213,30000002,67,rapidbus_penang
12000213,12000208,30000002,32,rapidbus_penang
12000208,12001677,30000002,59,rapidbus_penang
12001677,12001671,30000002,31,rapidbus_penang
12001671,12001670,30000002,29,rapidbus_penang
12001670,12001678,30000002,42,rapidbus_penang
12001678,12001679,30000002,32,rapidbus_penang
12001679,12001674,30000002,36,rapidbus_penang
12001674,12001667,30000002,80,rapidbus_penang
12001667,12001664,30000002,76,rapidbus_penang
12001664,12001662,30000002,44,rapidbus_penang
12001662,12001660,30000002,38,rapidbus_penang
12001660,12001657,30000002,58,rapidbus_penang
12001657,12002209,30000002,93,rapidbus_penang
12002209,12001383,30000002,175,rapidbus_penang
12001383,12001651,30000002,38,rapidbus_penang
12001651,12001649,30000002,47,rapidbus_penang
12001649,12001647,30000002,50,rapidbus_penang
12001647,12001645,30000002,43,rapidbus_penang
12001645,12000105,30000002,27,rapidbus_penang
12000105,12000102,30000002,45,rapidbus_penang
12000102,12000101,30000002,31,rapidbus_penang
12000101,12000371,30000002,33,rapidbus_penang
12000371,12000369,30000002,41,rapidbus_penang
12000369,12000368,30000002,29,rapidbus_penang
12000368,12000367,30000002,29,rapidbus_penang
12000367,12000365,30000002,54,rapidbus_penang
12000365,12000363,30000002,40,rapidbus_penang
12000363,12000362,30000002,25,rapidbus_penang
12000362,12000361,30000002,23,rapidbus_penang
12000361,12001084,30000002,68,rapidbus_penang
12001084,12001083,30000002,26,rapidbus_penang
12001083,12000833,30000002,35,rapidbus_penang
12000833,12000832,30000002,36,rapidbus_penang
12000832,12000831,30000002,31,rapidbus_penang
12000831,12000829,30000002,36,rapidbus_penang
12000829,12000828,30000002,54,rapidbus_penang
12000828,12001060,30000002,28,rapidbus_penang
12002116,12000461,30000002,38,rapidbus_penang
12000461,12000456,30000002,30,rapidbus_penang
12000456,12000443,30000002,41,rapidbus_penang
12000443,12002112,30000002,42,rapidbus_penang
12002112,12000449,30000002,43,rapidbus_penang
12000449,12000458,30000002,52,rapidbus_penang
12000458,12000077,30000002,49,rapidbus_penang
12000077,12000076,30000002,32,rapidbus_penang
12000076,12000075,30000002,45,rapidbus_penang
12000075,12000072,30000002,67,rapidbus_penang
12000072,12000872,30000002,85,rapidbus_penang
12000872,12000870,30000002,25,rapidbus_penang
12000870,12000869,30000002,60,rapidbus_penang
12000869,12000867,30000002,50,rapidbus_penang
12000867,12000862,30000002,77,rapidbus_penang
12000862,12000861,30000002,39,rapidbus_penang
12000861,12001458,30000002,172,rapidbus_penang
12001458,12001456,30000002,55,rapidbus_penang
12001456,12001454,30000002,46,rapidbus_penang
12001454,12001453,30000002,41,rapidbus_penang
12001453,12001451,30000002,53,rapidbus_penang
12001451,12001449,30000002,134,rapidbus_penang
12001449,12002205,30000002,126,rapidbus_penang
12002205,12001444,30000002,35,rapidbus_penang
12001444,12001442,30000002,49,rapidbus_penang
12001442,12001440,30000002,24,rapidbus_penang
12001440,12001438,30000002,44,rapidbus_penang
12001438,12001434,30000002,55,rapidbus_penang
12001434,12001433,30000002,103,rapidbus_penang
12001433,12001431,30000002,130,rapidbus_penang
12001431,12001426,30000002,129,rapidbus_penang
12001426,12001424,30000002,98,rapidbus_penang
12001424,12001420,30000002,127,rapidbus_penang
12001420,12001419,30000002,103,rapidbus_penang
12001419,12002211,30000002,176,rapidbus_penang
12002988,12001937,30000003,57,rapidbus_penang
12001937,12002116,30000003,116,rapidbus_penang
12002116,12000356,30000003,177,rapidbus_penang
12000356,12000357,30000003,105,rapidbus_penang
12000357,12000358,30000003,52,rapidbus_penang
12000358,12003016,30000003,100,rapidbus_penang
12003016,12000360,30000003,48,rapidbus_penang
12000360,12000972,30000003,76,rapidbus_penang
12000972,12000718,30000003,53,rapidbus_penang
12000718,12000719,30000003,34,rapidbus_penang
12000719,12000720,30000003,49,rapidbus_penang
12000720,12000721,30000003,29,rapidbus_penang
12000721,12000722,30000003,29,rapidbus_penang
12000722,12000723,30000003,42,rapidbus_penang
12000723,12000724,30000003,61,rapidbus_penang
12000724,12000726,30000003,55,rapidbus_penang
12000726,12000727,30000003,58,rapidbus_penang
12000727,12000105,30000003,117,rapidbus_penang
12000105,12000102,30000003,81,rapidbus_penang
12000102,12000101,30000003,57,rapidbus_penang
12000101,12000371,30000003,59,rapidbus_penang
12000371,12000369,30000003,74,rapidbus_penang
12000369,12000368,30000003,53,rapidbus_penang
12000368,12000367,30000003,53,rapidbus_penang
12000367,12000365,30000003,96,rapidbus_penang
12000365,12000363,30000003,71,rapidbus_penang
12000363,12000362,30000003,47,rapidbus_penang
12000362,12000361,30000003,43,rapidbus_penang
12000361,12000970,30000003,48,rapidbus_penang
12000970,12002220,30000003,113,rapidbus_penang
12002220,12001416,30000003,46,rapidbus_penang
12001416,12001415,30000003,48,rapidbus_penang
12001415,12000808,30000003,121,rapidbus_penang
12000808,12000052,30000003,101,rapidbus_penang
12000052,12000831,30000003,86,rapidbus_penang
12000831,12000829,30000003,65,rapidbus_penang
12000829,12000828,30000003,96,rapidbus_penang
12000828,12001060,30000003,52,rapidbus_penang
12001060,12002988,30000003,212,rapidbus_penang
12001668,12001669,30000004,37,rapidbus_penang
12001669,12000817,30000004,57,rapidbus_penang
12000817,12000815,30000004,45,rapidbus_penang
12000815,12000814,30000004,70,rapidbus_penang
12000814,12000812,30000004,39,rapidbus_penang
12000812,12002015,30000004,68,rapidbus_penang
12002015,12002029,30000004,85,rapidbus_penang
12002029,12002030,30000004,46,rapidbus_penang
12002030,12002031,30000004,57,rapidbus_penang
12002031,12002219,30000004,77,rapidbus_penang
12002219,12000080,30000004,40,rapidbus_penang
12000080,12000826,30000004,88,rapidbus_penang
12000826,12001563,30000004,79,rapidbus_penang
12001563,12001667,30000004,107,rapidbus_penang
12001667,12001664,30000004,105,rapidbus_penang
12001664,12000481,30000004,71,rapidbus_penang
12000481,12000480,30000004,57,rapidbus_penang
12000480,12000288,30000004,70,rapidbus_penang
12000288,12000478,30000004,88,rapidbus_penang
12000478,12000807,30000004,114,rapidbus_penang
12000807,12000901,30000004,122,rapidbus_penang
12000901,12000899,30000004,92,rapidbus_penang
12000899,12000898,30000004,101,rapidbus_penang
12000898,12000895,30000004,80,rapidbus_penang
12000895,12000371,30000004,73,rapidbus_penang
12000371,12000369,30000004,59,rapidbus_penang
12000369,12000368,30000004,43,rapidbus_penang
12000368,12000367,30000004,42,rapidbus_penang
12000367,12000365,30000004,75,rapidbus_penang
12000365,12000363,30000004,57,rapidbus_penang
12000363,12000362,30000004,38,rapidbus_penang
12000362,12000361,30000004,34,rapidbus_penang
12000361,12000970,30000004,38,rapidbus_penang
12000970,12002220,30000004,89,rapidbus_penang
12002220,12001416,30000004,37,rapidbus_penang
12001416,12001415,30000004,38,rapidbus_penang
12001415,12001414,30000004,79,rapidbus_penang
12001414,12001411,30000004,42,rapidbus_penang
12001411,12001412,30000004,46,rapidbus_penang
12001412,12001927,30000004,122,rapidbus_penang
12001927,12001926,30000004,93,rapidbus_penang
12001926,12001928,30000004,48,rapidbus_penang
12001928,12001066,30000004,80,rapidbus_penang
12001066,12001064,30000004,59,rapidbus_penang
12001064,12001061,30000004,30,rapidbus_penang
12001061,12001937,30000004,178,rapidbus_penang
12001937,12002988,30000004,105,rapidbus_penang
12002988,12001937,30000004,51,rapidbus_penang
12001937,12002116,30000004,103,rapidbus_penang
12002116,12001832,30000004,156,rapidbus_penang
12001832,12001835,30000004,63,rapidbus_penang
12001835,12001410,30000004,96,rapidbus_penang
12001410,12001413,30000004,46,rapidbus_penang
12001413,12003016,30000004,223,rapidbus_penang
12003016,12000360,30000004,43,rapidbus_penang
12000360,12000972,30000004,68,rapidbus_penang
12000972,12000718,30000004,48,rapidbus_penang
12000718,12000719,30000004,31,rapidbus_penang
12000719,12000720,30000004,45,rapidbus_penang
12000720,12000721,30000004,27,rapidbus_penang
12000721,12000722,30000004,28,rapidbus_penang
12000722,12000723,30000004,38,rapidbus_penang
12000723,12000724,30000004,56,rapidbus_penang
12000724,12000726,30000004,50,rapidbus_penang
12000726,12000727,30000004,53,rapidbus_penang
12000727,12000105,30000004,103,rapidbus_penang
12000105,12000102,30000004,73,rapidbus_penang
12000102,12000894,30000004,103,rapidbus_penang
12000894,12000896,30000004,52,rapidbus_penang
12000896,12000897,30000004,83,rapidbus_penang
12000897,12000900,30000004,208,rapidbus_penang
12000900,12000807,30000004,135,rapidbus_penang
12000807,12000477,30000004,132,rapidbus_penang
12000477,12000289,30000004,105,rapidbus_penang
12000289,12000482,30000004,80,rapidbus_penang
12000482,12000483,30000004,58,rapidbus_penang
12000483,12001663,30000004,73,rapidbus_penang
12001663,12001564,30000004,231,rapidbus_penang
12001564,12000825,30000004,98,rapidbus_penang
12000825,12000081,30000004,83,rapidbus_penang
12000081,12002239,30000004,66,rapidbus_penang
12002239,12002028,30000004,92,rapidbus_penang
12002028,12002026,30000004,57,rapidbus_penang
12002026,12002027,30000004,33,rapidbus_penang
12002027,12002018,30000004,86,rapidbus_penang
12002018,12002019,30000004,31,rapidbus_penang
12002019,12000811,30000004,67,rapidbus_penang
12000811,12000813,30000004,51,rapidbus_penang
12000813,12000816,30000004,101,rapidbus_penang
12000816,12000818,30000004,52,rapidbus_penang
12000818,12001671,30000004,51,rapidbus_penang
12001671,12001670,30000004,71,rapidbus_penang
12001643,12000862,30000048,165,rapidbus_penang
12000862,12001960,30000048,147,rapidbus_penang
12001960,12002002,30000048,48,rapidbus_penang
12002002,12001641,30000048,82,rapidbus_penang
12001641,12001640,30000048,169,rapidbus_penang
12001640,12001069,30000048,72,rapidbus_penang
12001069,12001070,30000048,56,rapidbus_penang
12001070,12001071,30000048,48,rapidbus_penang
12001071,12002278,30000048,61,rapidbus_penang
12002278,12001072,30000048,101,rapidbus_penang
12001072,12001073,30000048,68,rapidbus_penang
12001073,12001076,30000048,84,rapidbus_penang
12001076,12001077,30000048,112,rapidbus_penang
12001077,12001078,30000048,94,rapidbus_penang
12001078,12000455,30000048,111,rapidbus_penang
12000455,12000445,30000048,101,rapidbus_penang
12000445,12000453,30000048,110,rapidbus_penang
12000453,12000459,30000048,62,rapidbus_penang
12000459,12000462,30000048,59,rapidbus_penang
12000462,12001060,30000048,61,rapidbus_penang
12001060,12001832,30000048,130,rapidbus_penang
12001832,12001835,30000048,86,rapidbus_penang
12001835,12001399,30000048,53,rapidbus_penang
12001399,12001397,30000048,46,rapidbus_penang
12001397,12001921,30000048,87,rapidbus_penang
12001921,12001919,30000048,80,rapidbus_penang
12001919,12001917,30000048,91,rapidbus_penang
12001917,12002318,30000048,96,rapidbus_penang
12002318,12002056,30000048,63,rapidbus_penang
12002056,12002058,30000048,116,rapidbus_penang
12002058,12002971,30000048,41,rapidbus_penang
12002971,12001943,30000048,30,rapidbus_penang
12001943,12002972,30000048,75,rapidbus_penang
12002972,12002057,30000048,68,rapidbus_penang
12002057,12002113,30000048,127,rapidbus_penang
12002113,12000007,30000048,84,rapidbus_penang
12000007,12001916,30000048,90,rapidbus_penang
12001916,12001918,30000048,79,rapidbus_penang
12001918,12001920,30000048,63,rapidbus_penang
12001920,12001922,30000048,103,rapidbus_penang
12001922,12001064,30000048,77,rapidbus_penang
12001064,12001061,30000048,53,rapidbus_penang
12001061,12002116,30000048,194,rapidbus_penang
12002116,12000461,30000048,96,rapidbus_penang
12000461,12000456,30000048,76,rapidbus_penang
12000456,12000443,30000048,103,rapidbus_penang
12000443,12002112,30000048,105,rapidbus_penang
12002112,12000449,30000048,108,rapidbus_penang
12000449,12001089,30000048,124,rapidbus_penang
12001089,12001088,30000048,86,rapidbus_penang
12001088,12001075,30000048,176,rapidbus_penang
12001075,12001074,30000048,70,rapidbus_penang
12001074,12001087,30000048,96,rapidbus_penang
12001087,12002279,30000048,94,rapidbus_penang
12002279,12000568,30000048,186,rapidbus_penang
12000568,12000584,30000048,94,rapidbus_penang
12000584,12000567,30000048,150,rapidbus_penang
12000567,12000582,30000048,95,rapidbus_penang
12000582,12001958,30000048,130,rapidbus_penang
12001958,12001959,30000048,125,rapidbus_penang
12001959,12001960,30000048,88,rapidbus_penang
12002002,12001642,30000048,98,rapidbus_penang
12001642,12001643,30000048,101,rapidbus_penang
12002113,12000007,30000049,90,rapidbus_penang
12000007,12001916,30000049,98,rapidbus_penang
12001916,12000610,30000049,129,rapidbus_penang
12000610,12001911,30000049,117,rapidbus_penang
12001911,12001937,30000049,203,rapidbus_penang
12001937,12002116,30000049,172,rapidbus_penang
12002116,12000474,30000049,296,rapidbus_penang
12000474,12000012,30000049,359,rapidbus_penang
12000012,12002016,30000049,74,rapidbus_penang
12002016,12000005,30000049,90,rapidbus_penang
12000005,12001990,30000049,320,rapidbus_penang
12001990,12001946,30000049,124,rapidbus_penang
12001946,12001947,30000049,122,rapidbus_penang
12001947,12001948,30000049,74,rapidbus_penang
12001948,12002076,30000049,138,rapidbus_penang
12002076,12000006,30000049,581,rapidbus_penang
12000006,12002017,30000049,90,rapidbus_penang
12002017,12000009,30000049,69,rapidbus_penang
12000009,12000003,30000049,213,rapidbus_penang
12000003,12000842,30000049,57,rapidbus_penang
12000842,12001937,30000049,131,rapidbus_penang
12001937,12001910,30000049,122,rapidbus_penang
12001910,12001915,30000049,88,rapidbus_penang
12001915,12000611,30000049,83,rapidbus_penang
12000611,12001917,30000049,119,rapidbus_penang
12001917,12002318,30000049,119,rapidbus_penang
12002318,12002056,30000049,81,rapidbus_penang
12002056,12002058,30000049,146,rapidbus_penang
12002058,12002971,30000049,55,rapidbus_penang
12002971,12001943,30000049,40,rapidbus_penang
12001943,12002972,30000049,95,rapidbus_penang
12002972,12002057,30000049,88,rapidbus_penang
12002057,12002113,30000049,157,rapidbus_penang
12001018,12002102,30000050,62,rapidbus_penang
12002102,12002099,30000050,78,rapidbus_penang
12002099,12002100,30000050,24,rapidbus_penang
12002100,12002101,30000050,41,rapidbus_penang
12002101,12001020,30000050,100,rapidbus_penang
12001020,12002286,30000050,85,rapidbus_penang
12002286,12001023,30000050,43,rapidbus_penang
12001023,12001969,30000050,133,rapidbus_penang
12001969,12001971,30000050,52,rapidbus_penang
12001971,12001973,30000050,37,rapidbus_penang
12001973,12002001,30000050,73,rapidbus_penang
12002001,12001998,30000050,29,rapidbus_penang
12001998,12001372,30000050,139,rapidbus_penang
12001372,12000048,30000050,56,rapidbus_penang
12000048,12000050,30000050,31,rapidbus_penang
12000050,12001976,30000050,101,rapidbus_penang
12001976,12001978,30000050,75,rapidbus_penang
12001978,12002301,30000050,186,rapidbus_penang
12002301,12002048,30000050,92,rapidbus_penang
12002048,12000869,30000050,138,rapidbus_penang
12000869,12000867,30000050,75,rapidbus_penang
12000867,12000862,30000050,115,rapidbus_penang
12000862,12001960,30000050,104,rapidbus_penang
12001960,12002002,30000050,34,rapidbus_penang
12002002,12001641,30000050,57,rapidbus_penang
12001641,12001640,30000050,118,rapidbus_penang
12001640,12001069,30000050,50,rapidbus_penang
12001069,12001070,30000050,39,rapidbus_penang
12001070,12001071,30000050,34,rapidbus_penang
12001071,12000568,30000050,112,rapidbus_penang
12000568,12000584,30000050,56,rapidbus_penang
12000584,12000567,30000050,90,rapidbus_penang
12000567,12000582,30000050,57,rapidbus_penang
12000582,12000581,30000050,57,rapidbus_penang
12000581,12001887,30000050,427,rapidbus_penang
12001887,12000565,30000050,461,rapidbus_penang
12000565,12000566,30000050,61,rapidbus_penang
12000566,12002319,30000050,104,rapidbus_penang
12002319,12002002,30000050,176,rapidbus_penang
12001641,12002246,30000050,93,rapidbus_penang
12002246,12002247,30000050,43,rapidbus_penang
12002247,12000537,30000050,129,rapidbus_penang
12000537,12002022,30000050,143,rapidbus_penang
12002022,12002023,30000050,61,rapidbus_penang
12002023,12001980,30000050,101,rapidbus_penang
12001980,12001979,30000050,145,rapidbus_penang
12001979,12001977,30000050,84,rapidbus_penang
12001977,12001975,30000050,51,rapidbus_penang
12001975,12000049,30000050,106,rapidbus_penang
12000049,12001372,30000050,146,rapidbus_penang
12001372,12001999,30000050,72,rapidbus_penang
12001999,12001974,30000050,60,rapidbus_penang
12001974,12001972,30000050,57,rapidbus_penang
12001972,12001970,30000050,61,rapidbus_penang
12001970,12001022,30000050,156,rapidbus_penang
12001022,12002290,30000050,44,rapidbus_penang
12002290,12001021,30000050,80,rapidbus_penang
12001021,12001019,30000050,97,rapidbus_penang
12001019,12002102,30000050,63,rapidbus_penang
12002101,12001019,30000050,122,rapidbus_penang
12001019,12001018,30000050,65,rapidbus_penang
12001018,12002102,30000005,51,rapidbus_penang
12002102,12002099,30000005,65,rapidbus_penang
12002099,12002100,30000005,18,rapidbus_penang
12002100,12002101,30000005,33,rapidbus_penang
12002101,12001020,30000005,83,rapidbus_penang
12001020,12002286,30000005,70,rapidbus_penang
12002286,12001023,30000005,35,rapidbus_penang
12001023,12001026,30000005,130,rapidbus_penang
12001026,12001029,30000005,88,rapidbus_penang
12001029,12001033,30000005,55,rapidbus_penang
12001033,12001035,30000005,48,rapidbus_penang
12001035,12001037,30000005,40,rapidbus_penang
12001037,12000151,30000005,77,rapidbus_penang
12000151,12000059,30000005,62,rapidbus_penang
12000059,12000065,30000005,39,rapidbus_penang
12000065,12000068,30000005,43,rapidbus_penang
12000068,12000061,30000005,45,rapidbus_penang
12000061,12001373,30000005,55,rapidbus_penang
12001373,12001377,30000005,53,rapidbus_penang
12001377,12001379,30000005,60,rapidbus_penang
12001379,12000967,30000005,77,rapidbus_penang
12000967,12002299,30000005,28,rapidbus_penang
12002299,12000963,30000005,54,rapidbus_penang
12000963,12000071,30000005,81,rapidbus_penang
12000071,12000073,30000005,72,rapidbus_penang
12000073,12000074,30000005,72,rapidbus_penang
12000074,12000448,30000005,68,rapidbus_penang
12000448,12000460,30000005,68,rapidbus_penang
12000460,12000455,30000005,91,rapidbus_penang
12000455,12000445,30000005,59,rapidbus_penang
12000445,12000453,30000005,64,rapidbus_penang
12000453,12000459,30000005,36,rapidbus_penang
12000459,12000462,30000005,33,rapidbus_penang
12000462,12001060,30000005,35,rapidbus_penang
12001060,12001832,30000005,76,rapidbus_penang
12001832,12001835,30000005,49,rapidbus_penang
12001835,12001399,30000005,30,rapidbus_penang
12001399,12001397,30000005,26,rapidbus_penang
12001397,12001921,30000005,51,rapidbus_penang
12001921,12001919,30000005,46,rapidbus_penang
12001919,12001917,30000005,53,rapidbus_penang
12001917,12002318,30000005,56,rapidbus_penang
12002318,12002056,30000005,36,rapidbus_penang
12002056,12002058,30000005,68,rapidbus_penang
12002058,12002971,30000005,23,rapidbus_penang
12002971,12001943,30000005,16,rapidbus_penang
12001943,12002972,30000005,43,rapidbus_penang
12002972,12002057,30000005,38,rapidbus_penang
12002057,12002114,30000005,101,rapidbus_penang
12002114,12000007,30000005,43,rapidbus_penang
12000007,12001916,30000005,63,rapidbus_penang
12001916,12001918,30000005,53,rapidbus_penang
12001918,12001920,30000005,43,rapidbus_penang
12001920,12001922,30000005,72,rapidbus_penang
12001922,12001064,30000005,53,rapidbus_penang
12001064,12001061,30000005,36,rapidbus_penang
12001061,12002116,30000005,139,rapidbus_penang
12002116,12000461,30000005,63,rapidbus_penang
12000461,12000456,30000005,53,rapidbus_penang
12000456,12000443,30000005,72,rapidbus_penang
12000443,12002112,30000005,73,rapidbus_penang
12002112,12000449,30000005,75,rapidbus_penang
12000449,12000458,30000005,90,rapidbus_penang
12000458,12000077,30000005,85,rapidbus_penang
12000077,12000076,30000005,55,rapidbus_penang
12000076,12000075,30000005,77,rapidbus_penang
12000075,12000072,30000005,115,rapidbus_penang
12000072,12000070,30000005,102,rapidbus_penang
12000070,12000069,30000005,162,rapidbus_penang
12000069,12000962,30000005,40,rapidbus_penang
12000962,12000964,30000005,40,rapidbus_penang
12000964,12000966,30000005,55,rapidbus_penang
12000966,12000968,30000005,63,rapidbus_penang
12000968,12001378,30000005,65,rapidbus_penang
12001378,12001376,30000005,82,rapidbus_penang
12001376,12001375,30000005,23,rapidbus_penang
12001375,12001374,30000005,48,rapidbus_penang
12001374,12000060,30000005,58,rapidbus_penang
12000060,12000064,30000005,73,rapidbus_penang
12000064,12000062,30000005,95,rapidbus_penang
12000062,12000058,30000005,40,rapidbus_penang
12000058,12000057,30000005,72,rapidbus_penang
12000057,12001036,30000005,100,rapidbus_penang
12001036,12002289,30000005,80,rapidbus_penang
12002289,12001031,30000005,45,rapidbus_penang
12001031,12001028,30000005,58,rapidbus_penang
12001028,12001027,30000005,88,rapidbus_penang
12001027,12001025,30000005,53,rapidbus_penang
12001025,12001022,30000005,145,rapidbus_penang
12001022,12002290,30000005,46,rapidbus_penang
12002290,12001021,30000005,83,rapidbus_penang
12001021,12001019,30000005,102,rapidbus_penang
12001019,12002102,30000005,67,rapidbus_penang
12002101,12001019,30000005,121,rapidbus_penang
12001019,12001018,30000005,72,rapidbus_penang
12000058,12000057,30000007,79,rapidbus_penang
12000057,12001036,30000007,114,rapidbus_penang
12001036,12001031,30000007,137,rapidbus_penang
12001031,12001028,30000007,65,rapidbus_penang
12001028,12001027,30000007,98,rapidbus_penang
12001027,12001025,30000007,61,rapidbus_penang
12001025,12001969,30000007,107,rapidbus_penang
12001969,12001971,30000007,68,rapidbus_penang
12001971,12001973,30000007,47,rapidbus_penang
12001973,12002001,30000007,94,rapidbus_penang
12002001,12001998,30000007,38,rapidbus_penang
12001998,12001372,30000007,181,rapidbus_penang
12001372,12000048,30000007,71,rapidbus_penang
12000048,12000050,30000007,39,rapidbus_penang
12000050,12001812,30000007,127,rapidbus_penang
12001812,12001814,30000007,71,rapidbus_penang
12001814,12001815,30000007,79,rapidbus_penang
12001815,12001816,30000007,109,rapidbus_penang
12001816,12001817,30000007,79,rapidbus_penang
12001817,12000067,30000007,122,rapidbus_penang
12000067,12000069,30000007,69,rapidbus_penang
12000069,12000071,30000007,124,rapidbus_penang
12000071,12000073,30000007,113,rapidbus_penang
12000073,12000074,30000007,113,rapidbus_penang
12000074,12000448,30000007,106,rapidbus_penang
12000448,12000460,30000007,107,rapidbus_penang
12000460,12000455,30000007,142,rapidbus_penang
12000455,12000445,30000007,92,rapidbus_penang
12000445,12000453,30000007,100,rapidbus_penang
12000453,12000459,30000007,57,rapidbus_penang
12000459,12000462,30000007,53,rapidbus_penang
12000462,12001060,30000007,56,rapidbus_penang
12001060,12001832,30000007,117,rapidbus_penang
12001832,12001835,30000007,78,rapidbus_penang
12001835,12001399,30000007,48,rapidbus_penang
12001399,12001397,30000007,42,rapidbus_penang
12001397,12001921,30000007,78,rapidbus_penang
12001921,12001919,30000007,73,rapidbus_penang
12001919,12001917,30000007,83,rapidbus_penang
12001917,12002318,30000007,87,rapidbus_penang
12002318,12002056,30000007,57,rapidbus_penang
12002056,12002058,30000007,106,rapidbus_penang
12002058,12002971,30000007,36,rapidbus_penang
12002971,12001943,30000007,26,rapidbus_penang
12001943,12002972,30000007,67,rapidbus_penang
12002972,12002057,30000007,62,rapidbus_penang
12002057,12002114,30000007,142,rapidbus_penang
12002114,12000007,30000007,47,rapidbus_penang
12000007,12001916,30000007,66,rapidbus_penang
12001916,12001918,30000007,56,rapidbus_penang
12001918,12001920,30000007,45,rapidbus_penang
12001920,12001922,30000007,75,rapidbus_penang
12001922,12001064,30000007,57,rapidbus_penang
12001064,12001061,30000007,38,rapidbus_penang
12001061,12002116,30000007,146,rapidbus_penang
12002116,12000461,30000007,67,rapidbus_penang
12000461,12000456,30000007,55,rapidbus_penang
12000456,12000443,30000007,76,rapidbus_penang
12000443,12002112,30000007,77,rapidbus_penang
12002112,12000449,30000007,79,rapidbus_penang
12000449,12000458,30000007,95,rapidbus_penang
12000458,12000077,30000007,90,rapidbus_penang
12000077,12000076,30000007,60,rapidbus_penang
12000076,12000075,30000007,82,rapidbus_penang
12000075,12000072,30000007,122,rapidbus_penang
12000072,12000070,30000007,107,rapidbus_penang
12000070,12000066,30000007,185,rapidbus_penang
12000066,12001822,30000007,89,rapidbus_penang
12001822,12001821,30000007,101,rapidbus_penang
12001821,12002991,30000007,50,rapidbus_penang
12002991,12001820,30000007,35,rapidbus_penang
12001820,12001819,30000007,99,rapidbus_penang
12001819,12001818,30000007,67,rapidbus_penang
12001818,12000049,30000007,104,rapidbus_penang
12000049,12001372,30000007,163,rapidbus_penang
12001372,12001999,30000007,80,rapidbus_penang
12001999,12001974,30000007,66,rapidbus_penang
12001974,12001972,30000007,63,rapidbus_penang
12001972,12001970,30000007,68,rapidbus_penang
12001970,12001026,30000007,160,rapidbus_penang
12001026,12001030,30000007,128,rapidbus_penang
12001030,12001033,30000007,80,rapidbus_penang
12001033,12001035,30000007,71,rapidbus_penang
12001035,12001037,30000007,60,rapidbus_penang
12001037,12000151,30000007,112,rapidbus_penang
12000151,12000059,30000007,90,rapidbus_penang
12000059,12000065,30000007,57,rapidbus_penang
12000065,12000062,30000007,105,rapidbus_penang
12000062,12000058,30000007,67,rapidbus_penang
12000510,12000511,30000018,53,rapidbus_penang
12000511,12000512,30000018,77,rapidbus_penang
12000512,12000513,30000018,89,rapidbus_penang
12000513,12000509,30000018,220,rapidbus_penang
12000509,12000514,30000018,483,rapidbus_penang
12000514,12000515,30000018,83,rapidbus_penang
12000515,12000612,30000018,55,rapidbus_penang
12000612,12000613,30000018,47,rapidbus_penang
12000613,12000614,30000018,59,rapidbus_penang
12000614,12000615,30000018,65,rapidbus_penang
12000615,12000616,30000018,101,rapidbus_penang
12000616,12000617,30000018,53,rapidbus_penang
12000617,12002105,30000018,39,rapidbus_penang
12002105,12002103,30000018,75,rapidbus_penang
12002103,12002013,30000018,59,rapidbus_penang
12002013,12002012,30000018,53,rapidbus_penang
12002012,12000517,30000018,45,rapidbus_penang
12000517,12000522,30000018,67,rapidbus_penang
12000522,12001776,30000018,103,rapidbus_penang
12001776,12001775,30000018,27,rapidbus_penang
12001775,12001774,30000018,63,rapidbus_penang
12001774,12001773,30000018,111,rapidbus_penang
12001773,12001779,30000018,216,rapidbus_penang
12001779,12000408,30000018,301,rapidbus_penang
12000408,12000413,30000018,45,rapidbus_penang
12000413,12000410,30000018,105,rapidbus_penang
12000410,12000414,30000018,65,rapidbus_penang
12000414,12000415,30000018,51,rapidbus_penang
12000415,12000417,30000018,51,rapidbus_penang
12000417,12000418,30000018,33,rapidbus_penang
12000418,12000420,30000018,55,rapidbus_penang
12000420,12000423,30000018,67,rapidbus_penang
12000423,12000424,30000018,37,rapidbus_penang
12000424,12000427,30000018,174,rapidbus_penang
12000427,12000430,30000018,91,rapidbus_penang
12000430,12000432,30000018,95,rapidbus_penang
12000432,12000433,30000018,63,rapidbus_penang
12000433,12000246,30000018,136,rapidbus_penang
12000246,12001807,30000018,136,rapidbus_penang
12001807,12001804,30000018,95,rapidbus_penang
12001804,12001802,30000018,47,rapidbus_penang
12001802,12000879,30000018,49,rapidbus_penang
12000879,12000882,30000018,83,rapidbus_penang
12000882,12000885,30000018,53,rapidbus_penang
12000885,12000847,30000018,61,rapidbus_penang
12000847,12000848,30000018,63,rapidbus_penang
12000848,12000851,30000018,101,rapidbus_penang
12000851,12001837,30000018,113,rapidbus_penang
12001837,12001840,30000018,81,rapidbus_penang
12001840,12001842,30000018,77,rapidbus_penang
12001842,12001845,30000018,73,rapidbus_penang
12001845,12001847,30000018,101,rapidbus_penang
12001847,12001955,30000018,224,rapidbus_penang
12001955,12002059,30000018,410,rapidbus_penang
12002059,12002063,30000018,144,rapidbus_penang
12002063,12000079,30000018,182,rapidbus_penang
12000079,12001492,30000018,103,rapidbus_penang
12001492,12001494,30000018,65,rapidbus_penang
12001494,12001497,30000018,89,rapidbus_penang
12001497,12001500,30000018,138,rapidbus_penang
12001500,12001502,30000018,45,rapidbus_penang
12001502,12001504,30000018,77,rapidbus_penang
12001504,12001447,30000018,212,rapidbus_penang
12001447,12002205,30000018,103,rapidbus_penang
12002205,12001444,30000018,67,rapidbus_penang
12001444,12001442,30000018,85,rapidbus_penang
12001442,12001496,30000018,211,rapidbus_penang
12001496,12001443,30000018,201,rapidbus_penang
12001443,12001445,30000018,64,rapidbus_penang
12001445,12001446,30000018,72,rapidbus_penang
12001446,12002207,30000018,28,rapidbus_penang
12002207,12002990,30000018,57,rapidbus_penang
12002990,12001505,30000018,66,rapidbus_penang
12001505,12001501,30000018,82,rapidbus_penang
12001501,12001499,30000018,54,rapidbus_penang
12001499,12001498,30000018,78,rapidbus_penang
12001498,12001495,30000018,66,rapidbus_penang
12001495,12001493,30000018,42,rapidbus_penang
12001493,12002139,30000018,42,rapidbus_penang
12002139,12000078,30000018,100,rapidbus_penang
12000078,12002303,30000018,141,rapidbus_penang
12002303,12002059,30000018,145,rapidbus_penang
12002059,12002483,30000018,313,rapidbus_penang
12002483,12001843,30000018,126,rapidbus_penang
12001843,12001844,30000018,78,rapidbus_penang
12001844,12001841,30000018,48,rapidbus_penang
12001841,12001838,30000018,81,rapidbus_penang
12001838,12000852,30000018,85,rapidbus_penang
12000852,12000850,30000018,117,rapidbus_penang
12000850,12000887,30000018,78,rapidbus_penang
12000887,12000880,30000018,91,rapidbus_penang
12000880,12001803,30000018,73,rapidbus_penang
12001803,12001805,30000018,69,rapidbus_penang
12001805,12000245,30000018,105,rapidbus_penang
12000245,12000436,30000018,78,rapidbus_penang
12000436,12000431,30000018,75,rapidbus_penang
12000431,12000429,30000018,69,rapidbus_penang
12000429,12000426,30000018,78,rapidbus_penang
12000426,12000425,30000018,112,rapidbus_penang
12000425,12000421,30000018,39,rapidbus_penang
12000421,12000419,30000018,46,rapidbus_penang
12000419,12000416,30000018,82,rapidbus_penang
12000416,12000411,30000018,66,rapidbus_penang
12000411,12002304,30000018,100,rapidbus_penang
12002304,12002255,30000018,112,rapidbus_penang
12002255,12002305,30000018,162,rapidbus_penang
12002305,12002306,30000018,85,rapidbus_penang
12002306,12001771,30000018,129,rapidbus_penang
12001771,12001772,30000018,84,rapidbus_penang
12001772,12002307,30000018,85,rapidbus_penang
12002307,12000522,30000018,51,rapidbus_penang
12000522,12000523,30000018,49,rapidbus_penang
12000523,12002014,30000018,72,rapidbus_penang
12002014,12002104,30000018,48,rapidbus_penang
12002104,12002106,30000018,57,rapidbus_penang
12002106,12000622,30000018,21,rapidbus_penang
12000622,12000621,30000018,108,rapidbus_penang
12000621,12000620,30000018,46,rapidbus_penang
12000620,12000619,30000018,49,rapidbus_penang
12000619,12000618,30000018,43,rapidbus_penang
12000618,12000521,30000018,94,rapidbus_penang
12000521,12000520,30000018,171,rapidbus_penang
12000520,12000519,30000018,369,rapidbus_penang
12000519,12000518,30000018,54,rapidbus_penang
12000518,12000510,30000018,84,rapidbus_penang
12000293,12000292,30000008,81,rapidbus_penang
12000292,12002300,30000008,52,rapidbus_penang
12002300,12000062,30000008,79,rapidbus_penang
12000062,12000058,30000008,35,rapidbus_penang
12000058,12000057,30000008,63,rapidbus_penang
12000057,12000638,30000008,107,rapidbus_penang
12000638,12000636,30000008,28,rapidbus_penang
12000636,12001324,30000008,79,rapidbus_penang
12001324,12000624,30000008,88,rapidbus_penang
12000624,12000626,30000008,43,rapidbus_penang
12000626,12000628,30000008,75,rapidbus_penang
12000628,12001373,30000008,34,rapidbus_penang
12001373,12001377,30000008,67,rapidbus_penang
12001377,12001379,30000008,74,rapidbus_penang
12001379,12000967,30000008,95,rapidbus_penang
12000967,12002299,30000008,36,rapidbus_penang
12002299,12000963,30000008,68,rapidbus_penang
12000963,12000071,30000008,101,rapidbus_penang
12000071,12000073,30000008,89,rapidbus_penang
12000073,12000074,30000008,89,rapidbus_penang
12000074,12000448,30000008,85,rapidbus_penang
12000448,12000460,30000008,84,rapidbus_penang
12000460,12000455,30000008,112,rapidbus_penang
12000455,12000445,30000008,74,rapidbus_penang
12000445,12000453,30000008,80,rapidbus_penang
12000453,12000459,30000008,46,rapidbus_penang
12000459,12000462,30000008,42,rapidbus_penang
12000462,12001060,30000008,44,rapidbus_penang
12001060,12001832,30000008,95,rapidbus_penang
12001832,12001835,30000008,61,rapidbus_penang
12001835,12001399,30000008,38,rapidbus_penang
12001399,12001397,30000008,33,rapidbus_penang
12001397,12002287,30000008,45,rapidbus_penang
12002287,12001929,30000008,41,rapidbus_penang
12001929,12001927,30000008,141,rapidbus_penang
12001927,12001936,30000008,80,rapidbus_penang
12001936,12001934,30000008,46,rapidbus_penang
12001934,12002972,30000008,68,rapidbus_penang
12002972,12002057,30000008,49,rapidbus_penang
12002057,12002114,30000008,113,rapidbus_penang
12002114,12000007,30000008,50,rapidbus_penang
12000007,12002058,30000008,183,rapidbus_penang
12002058,12002971,30000008,37,rapidbus_penang
12002971,12001943,30000008,25,rapidbus_penang
12001943,12001935,30000008,116,rapidbus_penang
12001935,12001926,30000008,65,rapidbus_penang
12001926,12001928,30000008,67,rapidbus_penang
12001928,12001066,30000008,112,rapidbus_penang
12001066,12001064,30000008,81,rapidbus_penang
12001064,12001061,30000008,41,rapidbus_penang
12001061,12002116,30000008,157,rapidbus_penang
12002116,12000461,30000008,72,rapidbus_penang
12000461,12000456,30000008,59,rapidbus_penang
12000456,12000443,30000008,80,rapidbus_penang
12000443,12002112,30000008,82,rapidbus_penang
12002112,12000449,30000008,84,rapidbus_penang
12000449,12000458,30000008,102,rapidbus_penang
12000458,12000077,30000008,97,rapidbus_penang
12000077,12000076,30000008,63,rapidbus_penang
12000076,12000075,30000008,88,rapidbus_penang
12000075,12000072,30000008,130,rapidbus_penang
12000072,12000070,30000008,115,rapidbus_penang
12000070,12000069,30000008,182,rapidbus_penang
12000069,12000962,30000008,46,rapidbus_penang
12000962,12000964,30000008,45,rapidbus_penang
12000964,12000966,30000008,62,rapidbus_penang
12000966,12000968,30000008,72,rapidbus_penang
12000968,12001378,30000008,74,rapidbus_penang
12001378,12001376,30000008,92,rapidbus_penang
12001376,12001375,30000008,26,rapidbus_penang
12001375,12001374,30000008,55,rapidbus_penang
12001374,12000627,30000008,50,rapidbus_penang
12000627,12000625,30000008,136,rapidbus_penang
12000625,12000623,30000008,18,rapidbus_penang
12000623,12001323,30000008,106,rapidbus_penang
12001323,12000635,30000008,64,rapidbus_penang
12000635,12000637,30000008,75,rapidbus_penang
12000637,12001037,30000008,74,rapidbus_penang
12001037,12000151,30000008,121,rapidbus_penang
12000151,12000059,30000008,97,rapidbus_penang
12000059,12000065,30000008,62,rapidbus_penang
12000065,12000290,30000008,49,rapidbus_penang
12000290,12000291,30000008,54,rapidbus_penang
12000291,12000293,30000008,134,rapidbus_penang
12001887,12001458,30000009,334,rapidbus_penang
12001458,12001456,30000009,82,rapidbus_penang
12001456,12002243,30000009,125,rapidbus_penang
12002243,12000016,30000009,79,rapidbus_penang
12000016,12000018,30000009,79,rapidbus_penang
12000018,12000022,30000009,38,rapidbus_penang
12000022,12000809,30000009,48,rapidbus_penang
12000809,12000313,30000009,89,rapidbus_penang
12000313,12000466,30000009,92,rapidbus_penang
12000466,12000465,30000009,48,rapidbus_penang
12000465,12000467,30000009,71,rapidbus_penang
12000467,12002244,30000009,48,rapidbus_penang
12002244,12000468,30000009,66,rapidbus_penang
12000468,12002245,30000009,50,rapidbus_penang
12002245,12000860,30000009,61,rapidbus_penang
12000860,12000864,30000009,88,rapidbus_penang
12000864,12000866,30000009,86,rapidbus_penang
12000866,12000286,30000009,70,rapidbus_penang
12000286,12000285,30000009,77,rapidbus_penang
12000285,12002221,30000009,38,rapidbus_penang
12002221,12001798,30000009,70,rapidbus_penang
12001798,12002241,30000009,37,rapidbus_penang
12002241,12001960,30000009,167,rapidbus_penang
12001960,12002002,30000009,34,rapidbus_penang
12002002,12001641,30000009,59,rapidbus_penang
12001641,12002246,30000009,85,rapidbus_penang
12002246,12002247,30000009,38,rapidbus_penang
12002247,12000536,30000009,97,rapidbus_penang
12000536,12002222,30000009,97,rapidbus_penang
12002222,12000933,30000009,61,rapidbus_penang
12000933,12002248,30000009,48,rapidbus_penang
12002248,12000934,30000009,59,rapidbus_penang
12000934,12000935,30000009,63,rapidbus_penang
12000935,12001588,30000009,59,rapidbus_penang
12001588,12001587,30000009,61,rapidbus_penang
12001587,12000991,30000009,66,rapidbus_penang
12000991,12000993,30000009,99,rapidbus_penang
12000993,12000453,30000009,94,rapidbus_penang
12000453,12000459,30000009,44,rapidbus_penang
12000459,12000462,30000009,41,rapidbus_penang
12000462,12001060,30000009,44,rapidbus_penang
12001060,12001832,30000009,92,rapidbus_penang
12001832,12001835,30000009,60,rapidbus_penang
12001835,12001399,30000009,38,rapidbus_penang
12001399,12001397,30000009,33,rapidbus_penang
12001397,12001921,30000009,61,rapidbus_penang
12001921,12001919,30000009,56,rapidbus_penang
12001919,12001917,30000009,64,rapidbus_penang
12001917,12002318,30000009,67,rapidbus_penang
12002318,12002056,30000009,46,rapidbus_penang
12002056,12002058,30000009,82,rapidbus_penang
12002058,12002971,30000009,28,rapidbus_penang
12002971,12001943,30000009,20,rapidbus_penang
12001943,12002972,30000009,53,rapidbus_penang
12002972,12002057,30000009,48,rapidbus_penang
12002057,12002114,30000009,120,rapidbus_penang
12002114,12000007,30000009,39,rapidbus_penang
12000007,12001916,30000009,55,rapidbus_penang
12001916,12001918,30000009,47,rapidbus_penang
12001918,12001920,30000009,38,rapidbus_penang
12001920,12001922,30000009,62,rapidbus_penang
12001922,12001064,30000009,47,rapidbus_penang
12001064,12001061,30000009,32,rapidbus_penang
12001061,12002116,30000009,119,rapidbus_penang
12002116,12000461,30000009,55,rapidbus_penang
12000461,12000456,30000009,47,rapidbus_penang
12000456,12000443,30000009,62,rapidbus_penang
12000443,12000994,30000009,70,rapidbus_penang
12000994,12000990,30000009,101,rapidbus_penang
12000990,12001586,30000009,47,rapidbus_penang
12001586,12001589,30000009,80,rapidbus_penang
12001589,12000938,30000009,72,rapidbus_penang
12000938,12000937,30000009,48,rapidbus_penang
12000937,12002240,30000009,58,rapidbus_penang
12002240,12000936,30000009,48,rapidbus_penang
12000936,12001811,30000009,67,rapidbus_penang
12001811,12000538,30000009,85,rapidbus_penang
12000538,12000537,30000009,84,rapidbus_penang
12000537,12000869,30000009,84,rapidbus_penang
12000869,12000286,30000009,84,rapidbus_penang
12002241,12000861,30000009,122,rapidbus_penang
12000861,12000473,30000009,302,rapidbus_penang
12000473,12000472,30000009,70,rapidbus_penang
12000472,12000471,30000009,73,rapidbus_penang
12000471,12000469,30000009,77,rapidbus_penang
12000469,12000470,30000009,54,rapidbus_penang
12000470,12000314,30000009,84,rapidbus_penang
12000314,12000810,30000009,78,rapidbus_penang
12000810,12002242,30000009,66,rapidbus_penang
12002242,12000019,30000009,33,rapidbus_penang
12000019,12000024,30000009,82,rapidbus_penang
12000024,12000023,30000009,74,rapidbus_penang
12000023,12001455,30000009,65,rapidbus_penang
12001455,12001457,30000009,73,rapidbus_penang
12001457,12001459,30000009,89,rapidbus_penang
12001459,12001887,30000009,386,rapidbus_penang
12001945,12001010,30000010,67,rapidbus_penang
12001010,12001005,30000010,71,rapidbus_penang
12001005,12001000,30000010,88,rapidbus_penang
12001000,12000438,30000010,72,rapidbus_penang
12000438,12001840,30000010,40,rapidbus_penang
12001840,12001842,30000010,55,rapidbus_penang
12001842,12001845,30000010,52,rapidbus_penang
12001845,12001847,30000010,76,rapidbus_penang
12001847,12001435,30000010,146,rapidbus_penang
12001435,12001437,30000010,45,rapidbus_penang
12001437,12001439,30000010,43,rapidbus_penang
12001439,12001492,30000010,57,rapidbus_penang
12001492,12001494,30000010,48,rapidbus_penang
12001494,12001497,30000010,64,rapidbus_penang
12001497,12001500,30000010,103,rapidbus_penang
12001500,12001502,30000010,31,rapidbus_penang
12001502,12001504,30000010,55,rapidbus_penang
12001504,12001448,30000010,128,rapidbus_penang
12001448,12001450,30000010,123,rapidbus_penang
12001450,12001452,30000010,95,rapidbus_penang
12001452,12001455,30000010,91,rapidbus_penang
12001455,12001457,30000010,63,rapidbus_penang
12001457,12001459,30000010,78,rapidbus_penang
12001459,12001958,30000010,215,rapidbus_penang
12001958,12001959,30000010,65,rapidbus_penang
12001959,12001960,30000010,46,rapidbus_penang
12001960,12001640,30000010,133,rapidbus_penang
12001640,12001069,30000010,43,rapidbus_penang
12001069,12001070,30000010,33,rapidbus_penang
12001070,12001071,30000010,30,rapidbus_penang
12001071,12000570,30000010,79,rapidbus_penang
12000570,12000572,30000010,37,rapidbus_penang
12000572,12000575,30000010,26,rapidbus_penang
12000575,12000576,30000010,67,rapidbus_penang
12000576,12001585,30000010,63,rapidbus_penang
12001585,12000991,30000010,84,rapidbus_penang
12000991,12000993,30000010,84,rapidbus_penang
12000993,12000453,30000010,81,rapidbus_penang
12000453,12000459,30000010,37,rapidbus_penang
12000459,12000462,30000010,35,rapidbus_penang
12000462,12001060,30000010,37,rapidbus_penang
12001060,12000474,30000010,97,rapidbus_penang
12000474,12001910,30000010,28,rapidbus_penang
12001910,12001915,30000010,41,rapidbus_penang
12001915,12000611,30000010,40,rapidbus_penang
12000611,12001917,30000010,56,rapidbus_penang
12001917,12002318,30000010,57,rapidbus_penang
12002318,12002056,30000010,38,rapidbus_penang
12002056,12002058,30000010,71,rapidbus_penang
12002058,12002971,30000010,24,rapidbus_penang
12002971,12001943,30000010,17,rapidbus_penang
12001943,12002972,30000010,46,rapidbus_penang
12002972,12002057,30000010,40,rapidbus_penang
12002057,12002113,30000010,99,rapidbus_penang
12002113,12000007,30000010,61,rapidbus_penang
12000007,12001916,30000010,67,rapidbus_penang
12001916,12000610,30000010,86,rapidbus_penang
12000610,12001911,30000010,79,rapidbus_penang
12001911,12001937,30000010,142,rapidbus_penang
12001937,12002116,30000010,114,rapidbus_penang
12002116,12000461,30000010,71,rapidbus_penang
12000461,12000456,30000010,55,rapidbus_penang
12000456,12000443,30000010,76,rapidbus_penang
12000443,12000994,30000010,85,rapidbus_penang
12000994,12001903,30000010,108,rapidbus_penang
12001903,12001462,30000010,65,rapidbus_penang
12001462,12000529,30000010,104,rapidbus_penang
12000529,12001941,30000010,186,rapidbus_penang
12001941,12000580,30000010,149,rapidbus_penang
12000580,12000577,30000010,93,rapidbus_penang
12000577,12002314,30000010,96,rapidbus_penang
12002314,12000573,30000010,32,rapidbus_penang
12000573,12000571,30000010,64,rapidbus_penang
12000571,12000568,30000010,65,rapidbus_penang
12000568,12000584,30000010,67,rapidbus_penang
12000584,12000567,30000010,109,rapidbus_penang
12000567,12000582,30000010,68,rapidbus_penang
12000582,12000581,30000010,70,rapidbus_penang
12000581,12001458,30000010,269,rapidbus_penang
12001458,12001456,30000010,98,rapidbus_penang
12001456,12001454,30000010,85,rapidbus_penang
12001454,12001453,30000010,74,rapidbus_penang
12001453,12001451,30000010,95,rapidbus_penang
12001451,12002990,30000010,320,rapidbus_penang
12002990,12001505,30000010,90,rapidbus_penang
12001505,12001501,30000010,114,rapidbus_penang
12001501,12001499,30000010,74,rapidbus_penang
12001499,12001498,30000010,109,rapidbus_penang
12001498,12003136,30000010,98,rapidbus_penang
12003136,12001991,30000010,46,rapidbus_penang
12001991,12000297,30000010,142,rapidbus_penang
12000297,12000296,30000010,65,rapidbus_penang
12000296,12000294,30000010,76,rapidbus_penang
12000294,12001847,30000010,108,rapidbus_penang
12001847,12001843,30000010,287,rapidbus_penang
12001843,12001844,30000010,109,rapidbus_penang
12001844,12001841,30000010,64,rapidbus_penang
12001841,12000437,30000010,170,rapidbus_penang
12000437,12001002,30000010,89,rapidbus_penang
12001002,12001004,30000010,64,rapidbus_penang
12001004,12001006,30000010,85,rapidbus_penang
12001006,12001011,30000010,74,rapidbus_penang
12001011,12002977,30000010,183,rapidbus_penang
12000888,12000877,30000013,178,rapidbus_penang
12000877,12002083,30000013,68,rapidbus_penang
12002083,12002081,30000013,59,rapidbus_penang
12002081,12002315,30000013,33,rapidbus_penang
12002315,12002316,30000013,21,rapidbus_penang
12002316,12000876,30000013,48,rapidbus_penang
12000876,12002317,30000013,45,rapidbus_penang
12002317,12000879,30000013,47,rapidbus_penang
12000879,12000882,30000013,59,rapidbus_penang
12000882,12000885,30000013,35,rapidbus_penang
12000885,12000847,30000013,43,rapidbus_penang
12000847,12000848,30000013,44,rapidbus_penang
12000848,12000851,30000013,70,rapidbus_penang
12000851,12001837,30000013,79,rapidbus_penang
12001837,12001840,30000013,58,rapidbus_penang
12001840,12001842,30000013,53,rapidbus_penang
12001842,12001845,30000013,51,rapidbus_penang
12001845,12001847,30000013,72,rapidbus_penang
12001847,12001435,30000013,162,rapidbus_penang
12001435,12001437,30000013,43,rapidbus_penang
12001437,12001439,30000013,42,rapidbus_penang
12001439,12001492,30000013,56,rapidbus_penang
12001492,12001494,30000013,47,rapidbus_penang
12001494,12001497,30000013,61,rapidbus_penang
12001497,12001500,30000013,99,rapidbus_penang
12001500,12001502,30000013,31,rapidbus_penang
12001502,12001503,30000013,53,rapidbus_penang
12001503,12001448,30000013,124,rapidbus_penang
12001448,12001450,30000013,117,rapidbus_penang
12001450,12001452,30000013,91,rapidbus_penang
12001452,12001455,30000013,88,rapidbus_penang
12001455,12001457,30000013,61,rapidbus_penang
12001457,12001459,30000013,75,rapidbus_penang
12001459,12000565,30000013,197,rapidbus_penang
12000565,12000566,30000013,45,rapidbus_penang
12000566,12001069,30000013,84,rapidbus_penang
12001069,12001070,30000013,33,rapidbus_penang
12001070,12001071,30000013,29,rapidbus_penang
12001071,12000570,30000013,76,rapidbus_penang
12000570,12000572,30000013,34,rapidbus_penang
12000572,12000575,30000013,25,rapidbus_penang
12000575,12000576,30000013,63,rapidbus_penang
12000576,12001583,30000013,89,rapidbus_penang
12001583,12000006,30000013,180,rapidbus_penang
12000006,12002017,30000013,42,rapidbus_penang
12002017,12000009,30000013,31,rapidbus_penang
12000009,12000003,30000013,103,rapidbus_penang
12000003,12000842,30000013,25,rapidbus_penang
12000842,12001937,30000013,61,rapidbus_penang
12001937,12001910,30000013,56,rapidbus_penang
12001910,12001915,30000013,41,rapidbus_penang
12001915,12000611,30000013,39,rapidbus_penang
12000611,12001917,30000013,54,rapidbus_penang
12001917,12002318,30000013,56,rapidbus_penang
12002318,12002056,30000013,38,rapidbus_penang
12002056,12002058,30000013,68,rapidbus_penang
12002058,12002971,30000013,24,rapidbus_penang
12002971,12001943,30000013,17,rapidbus_penang
12001943,12002972,30000013,43,rapidbus_penang
12002972,12002057,30000013,39,rapidbus_penang
12002057,12002113,30000013,95,rapidbus_penang
12002113,12000007,30000013,75,rapidbus_penang
12000007,12001916,30000013,79,rapidbus_penang
12001916,12000610,30000013,106,rapidbus_penang
12000610,12001911,30000013,96,rapidbus_penang
12001911,12001937,30000013,172,rapidbus_penang
12001937,12002116,30000013,140,rapidbus_penang
12002116,12000530,30000013,147,rapidbus_penang
12000530,12001939,30000013,115,rapidbus_penang
12001939,12000012,30000013,127,rapidbus_penang
12000012,12002016,30000013,60,rapidbus_penang
12002016,12000005,30000013,73,rapidbus_penang
12000005,12001990,30000013,273,rapidbus_penang
12001990,12001584,30000013,81,rapidbus_penang
12001584,12000577,30000013,110,rapidbus_penang
12000577,12002314,30000013,117,rapidbus_penang
12002314,12000573,30000013,41,rapidbus_penang
12000573,12000571,30000013,77,rapidbus_penang
12000571,12000568,30000013,79,rapidbus_penang
12000568,12000584,30000013,85,rapidbus_penang
12000584,12000567,30000013,132,rapidbus_penang
12000567,12000582,30000013,85,rapidbus_penang
12000582,12000581,30000013,87,rapidbus_penang
12000581,12001458,30000013,330,rapidbus_penang
12001458,12001456,30000013,121,rapidbus_penang
12001456,12001454,30000013,104,rapidbus_penang
12001454,12001453,30000013,92,rapidbus_penang
12001453,12001451,30000013,115,rapidbus_penang
12001451,12003137,30000013,417,rapidbus_penang
12003137,12001505,30000013,89,rapidbus_penang
12001505,12001501,30000013,138,rapidbus_penang
12001501,12001499,30000013,92,rapidbus_penang
12001499,12001498,30000013,132,rapidbus_penang
12001498,12001495,30000013,110,rapidbus_penang
12001495,12001493,30000013,70,rapidbus_penang
12001493,12002139,30000013,72,rapidbus_penang
12002139,12001440,30000013,85,rapidbus_penang
12001440,12001438,30000013,98,rapidbus_penang
12001438,12001434,30000013,121,rapidbus_penang
12001434,12001843,30000013,316,rapidbus_penang
12001843,12001844,30000013,134,rapidbus_penang
12001844,12001841,30000013,79,rapidbus_penang
12001841,12001838,30000013,136,rapidbus_penang
12001838,12000852,30000013,144,rapidbus_penang
12000852,12000850,30000013,199,rapidbus_penang
12000850,12000887,30000013,130,rapidbus_penang
12000887,12000880,30000013,157,rapidbus_penang
12000880,12000877,30000013,92,rapidbus_penang
12002083,12002082,30000013,104,rapidbus_penang
12002082,12002315,30000013,60,rapidbus_penang
12000876,12000888,30000013,266,rapidbus_penang
12000888,12000877,30000014,165,rapidbus_penang
12000877,12002083,30000014,63,rapidbus_penang
12002083,12002081,30000014,55,rapidbus_penang
12002081,12002315,30000014,31,rapidbus_penang
12002315,12002316,30000014,19,rapidbus_penang
12002316,12000876,30000014,45,rapidbus_penang
12000876,12002317,30000014,41,rapidbus_penang
12002317,12000879,30000014,44,rapidbus_penang
12000879,12000882,30000014,55,rapidbus_penang
12000882,12000885,30000014,34,rapidbus_penang
12000885,12000847,30000014,41,rapidbus_penang
12000847,12000848,30000014,41,rapidbus_penang
12000848,12000851,30000014,66,rapidbus_penang
12000851,12001837,30000014,73,rapidbus_penang
12001837,12001840,30000014,53,rapidbus_penang
12001840,12001842,30000014,51,rapidbus_penang
12001842,12001845,30000014,46,rapidbus_penang
12001845,12001847,30000014,68,rapidbus_penang
12001847,12001955,30000014,147,rapidbus_penang
12001955,12002059,30000014,270,rapidbus_penang
12002059,12002062,30000014,97,rapidbus_penang
12002062,12000079,30000014,120,rapidbus_penang
12000079,12001492,30000014,67,rapidbus_penang
12001492,12001494,30000014,44,rapidbus_penang
12001494,12001497,30000014,57,rapidbus_penang
12001497,12001500,30000014,93,rapidbus_penang
12001500,12001502,30000014,28,rapidbus_penang
12001502,12001504,30000014,51,rapidbus_penang
12001504,12001448,30000014,114,rapidbus_penang
12001448,12001450,30000014,108,rapidbus_penang
12001450,12001452,30000014,86,rapidbus_penang
12001452,12001455,30000014,82,rapidbus_penang
12001455,12001457,30000014,57,rapidbus_penang
12001457,12001459,30000014,68,rapidbus_penang
12001459,12000860,30000014,160,rapidbus_penang
12000860,12000865,30000014,68,rapidbus_penang
12000865,12000866,30000014,66,rapidbus_penang
12000866,12000868,30000014,70,rapidbus_penang
12000868,12000871,30000014,80,rapidbus_penang
12000871,12000873,30000014,35,rapidbus_penang
12000873,12001367,30000014,166,rapidbus_penang
12001367,12001368,30000014,108,rapidbus_penang
12001368,12000839,30000014,106,rapidbus_penang
12000839,12000838,30000014,42,rapidbus_penang
12000838,12000835,30000014,52,rapidbus_penang
12000835,12001355,30000014,46,rapidbus_penang
12001355,12003627,30000014,42,rapidbus_penang
12003627,12001894,30000014,75,rapidbus_penang
12001894,12000460,30000014,62,rapidbus_penang
12000460,12000455,30000014,84,rapidbus_penang
12000455,12000445,30000014,56,rapidbus_penang
12000445,12000453,30000014,59,rapidbus_penang
12000453,12000459,30000014,35,rapidbus_penang
12000459,12000462,30000014,31,rapidbus_penang
12000462,12001060,30000014,33,rapidbus_penang
12001060,12000356,30000014,73,rapidbus_penang
12000356,12000357,30000014,67,rapidbus_penang
12000357,12000358,30000014,35,rapidbus_penang
12000358,12003016,30000014,64,rapidbus_penang
12003016,12000360,30000014,31,rapidbus_penang
12000360,12000972,30000014,51,rapidbus_penang
12000972,12000718,30000014,35,rapidbus_penang
12000718,12000719,30000014,23,rapidbus_penang
12000719,12000720,30000014,33,rapidbus_penang
12000720,12000721,30000014,19,rapidbus_penang
12000721,12000722,30000014,22,rapidbus_penang
12000722,12000723,30000014,27,rapidbus_penang
12000723,12000724,30000014,41,rapidbus_penang
12000724,12000726,30000014,35,rapidbus_penang
12000726,12000727,30000014,38,rapidbus_penang
12000727,12000105,30000014,77,rapidbus_penang
12000105,12000102,30000014,53,rapidbus_penang
12000102,12000101,30000014,38,rapidbus_penang
12000101,12000371,30000014,82,rapidbus_penang
12000371,12000369,30000014,75,rapidbus_penang
12000369,12000368,30000014,57,rapidbus_penang
12000368,12000727,30000014,114,rapidbus_penang
12000368,12000367,30000014,55,rapidbus_penang
12000367,12003626,30000014,134,rapidbus_penang
12003626,12000388,30000014,105,rapidbus_penang
12000388,12000838,30000014,205,rapidbus_penang
12000835,12001085,30000014,196,rapidbus_penang
12001085,12001082,30000014,50,rapidbus_penang
12001082,12000833,30000014,64,rapidbus_penang
12000833,12000832,30000014,68,rapidbus_penang
12000832,12000831,30000014,57,rapidbus_penang
12000831,12000829,30000014,68,rapidbus_penang
12000829,12000828,30000014,97,rapidbus_penang
12000828,12001060,30000014,55,rapidbus_penang
12001060,12002116,30000014,161,rapidbus_penang
12002116,12000461,30000014,68,rapidbus_penang
12000461,12000456,30000014,55,rapidbus_penang
12000456,12000443,30000014,77,rapidbus_penang
12000443,12002112,30000014,77,rapidbus_penang
12002112,12000449,30000014,79,rapidbus_penang
12000449,12000458,30000014,94,rapidbus_penang
12000458,12000077,30000014,90,rapidbus_penang
12000077,12000076,30000014,57,rapidbus_penang
12000076,12000075,30000014,83,rapidbus_penang
12000075,12000072,30000014,119,rapidbus_penang
12000072,12000872,30000014,152,rapidbus_penang
12000872,12000870,30000014,46,rapidbus_penang
12000870,12000869,30000014,110,rapidbus_penang
12000869,12000867,30000014,90,rapidbus_penang
12000867,12000862,30000014,141,rapidbus_penang
12000862,12000861,30000014,70,rapidbus_penang
12000861,12001458,30000014,306,rapidbus_penang
12001458,12001456,30000014,99,rapidbus_penang
12001456,12001454,30000014,86,rapidbus_penang
12001454,12001453,30000014,75,rapidbus_penang
12001453,12001451,30000014,97,rapidbus_penang
12001451,12003137,30000014,339,rapidbus_penang
12003137,12001505,30000014,75,rapidbus_penang
12001505,12001501,30000014,112,rapidbus_penang
12001501,12001499,30000014,77,rapidbus_penang
12001499,12001498,30000014,108,rapidbus_penang
12001498,12001495,30000014,92,rapidbus_penang
12001495,12001493,30000014,55,rapidbus_penang
12001493,12002139,30000014,61,rapidbus_penang
12002139,12000078,30000014,139,rapidbus_penang
12000078,12002303,30000014,198,rapidbus_penang
12002303,12002059,30000014,200,rapidbus_penang
12002059,12002483,30000014,441,rapidbus_penang
12002483,12001843,30000014,174,rapidbus_penang
12001843,12001844,30000014,110,rapidbus_penang
12001844,12001841,30000014,64,rapidbus_penang
12001841,12001838,30000014,114,rapidbus_penang
12001838,12000852,30000014,116,rapidbus_penang
12000852,12000850,30000014,165,rapidbus_penang
12000850,12000887,30000014,105,rapidbus_penang
12000887,12000880,30000014,128,rapidbus_penang
12000880,12000877,30000014,75,rapidbus_penang
12002083,12002082,30000014,83,rapidbus_penang
12002082,12002315,30000014,50,rapidbus_penang
12000876,12000888,30000014,229,rapidbus_penang
12001354,12001896,30000016,91,rapidbus_penang
12001896,12001366,30000016,180,rapidbus_penang
12001366,12000070,30000016,185,rapidbus_penang
12000070,12000066,30000016,155,rapidbus_penang
12000066,12001822,30000016,76,rapidbus_penang
12001822,12001821,30000016,86,rapidbus_penang
12001821,12002991,30000016,44,rapidbus_penang
12002991,12001820,30000016,32,rapidbus_penang
12001820,12001819,30000016,85,rapidbus_penang
12001819,12001818,30000016,57,rapidbus_penang
12001818,12000049,30000016,88,rapidbus_penang
12000049,12001999,30000016,108,rapidbus_penang
12001999,12001974,30000016,55,rapidbus_penang
12001974,12001972,30000016,55,rapidbus_penang
12001972,12001970,30000016,58,rapidbus_penang
12001970,12001022,30000016,145,rapidbus_penang
12001022,12002290,30000016,44,rapidbus_penang
12002290,12001021,30000016,76,rapidbus_penang
12001021,12001019,30000016,90,rapidbus_penang
12001019,12002102,30000016,60,rapidbus_penang
12002102,12002099,30000016,81,rapidbus_penang
12002099,12002100,30000016,24,rapidbus_penang
12002100,12002101,30000016,44,rapidbus_penang
12002101,12001019,30000016,116,rapidbus_penang
12001019,12001016,30000016,149,rapidbus_penang
12001016,12002291,30000016,286,rapidbus_penang
12002291,12001013,30000016,273,rapidbus_penang
12001013,12001010,30000016,145,rapidbus_penang
12001010,12001005,30000016,86,rapidbus_penang
12001005,12001000,30000016,106,rapidbus_penang
12001000,12000438,30000016,83,rapidbus_penang
12000438,12001840,30000016,50,rapidbus_penang
12001840,12001842,30000016,68,rapidbus_penang
12001842,12001845,30000016,63,rapidbus_penang
12001845,12001847,30000016,91,rapidbus_penang
12001847,12001955,30000016,194,rapidbus_penang
12001955,12002059,30000016,355,rapidbus_penang
12002059,12002483,30000016,373,rapidbus_penang
12002483,12001433,30000016,86,rapidbus_penang
12001433,12000846,30000016,167,rapidbus_penang
12000846,12000887,30000016,57,rapidbus_penang
12000887,12000880,30000016,109,rapidbus_penang
12000880,12001801,30000016,67,rapidbus_penang
12001801,12001426,30000016,144,rapidbus_penang
12001426,12001424,30000016,152,rapidbus_penang
12001424,12001420,30000016,191,rapidbus_penang
12001420,12001419,30000016,158,rapidbus_penang
12001419,12002211,30000016,212,rapidbus_penang
12002211,12001418,30000016,342,rapidbus_penang
12001418,12001422,30000016,195,rapidbus_penang
12001422,12001423,30000016,86,rapidbus_penang
12001423,12001425,30000016,118,rapidbus_penang
12001425,12001427,30000016,169,rapidbus_penang
12001427,12001800,30000016,135,rapidbus_penang
12001800,12000879,30000016,78,rapidbus_penang
12000879,12000882,30000016,82,rapidbus_penang
12000882,12000885,30000016,50,rapidbus_penang
12000885,12000849,30000016,65,rapidbus_penang
12000849,12001432,30000016,140,rapidbus_penang
12001432,12001955,30000016,216,rapidbus_penang
12002483,12001843,30000016,165,rapidbus_penang
12001843,12001844,30000016,101,rapidbus_penang
12001844,12001841,30000016,62,rapidbus_penang
12001841,12000437,30000016,157,rapidbus_penang
12000437,12001002,30000016,84,rapidbus_penang
12001002,12001004,30000016,62,rapidbus_penang
12001004,12001006,30000016,80,rapidbus_penang
12001006,12001011,30000016,71,rapidbus_penang
12001011,12001012,30000016,56,rapidbus_penang
12001012,12001014,30000016,116,rapidbus_penang
12001014,12001017,30000016,571,rapidbus_penang
12001017,12002102,30000016,120,rapidbus_penang
12002101,12001020,30000016,114,rapidbus_penang
12001020,12002286,30000016,95,rapidbus_penang
12002286,12001023,30000016,48,rapidbus_penang
12001023,12001969,30000016,150,rapidbus_penang
12001969,12001971,30000016,62,rapidbus_penang
12001971,12001973,30000016,43,rapidbus_penang
12001973,12002001,30000016,82,rapidbus_penang
12002001,12001998,30000016,33,rapidbus_penang
12001998,12000048,30000016,67,rapidbus_penang
12000048,12000050,30000016,35,rapidbus_penang
12000050,12001812,30000016,109,rapidbus_penang
12001812,12001814,30000016,63,rapidbus_penang
12001814,12001815,30000016,71,rapidbus_penang
12001815,12001816,30000016,93,rapidbus_penang
12001816,12001817,30000016,69,rapidbus_penang
12001817,12000067,30000016,109,rapidbus_penang
12000067,12000069,30000016,62,rapidbus_penang
12000069,12000071,30000016,107,rapidbus_penang
12000071,12001367,30000016,193,rapidbus_penang
12001367,12001368,30000016,159,rapidbus_penang
12001368,12000839,30000016,152,rapidbus_penang
12000839,12000838,30000016,62,rapidbus_penang
12000838,12000835,30000016,78,rapidbus_penang
12000835,12001355,30000016,67,rapidbus_penang
12001355,12001354,30000016,137,rapidbus_penang
12002113,12000007,30000019,39,rapidbus_penang
12000007,12001916,30000019,42,rapidbus_penang
12001916,12000610,30000019,56,rapidbus_penang
12000610,12001911,30000019,49,rapidbus_penang
12001911,12001937,30000019,90,rapidbus_penang
12001937,12002116,30000019,76,rapidbus_penang
12002116,12000530,30000019,72,rapidbus_penang
12000530,12001941,30000019,98,rapidbus_penang
12001941,12000580,30000019,95,rapidbus_penang
12000580,12000579,30000019,59,rapidbus_penang
12000579,12002314,30000019,61,rapidbus_penang
12002314,12000573,30000019,21,rapidbus_penang
12000573,12000571,30000019,40,rapidbus_penang
12000571,12000568,30000019,42,rapidbus_penang
12000568,12000584,30000019,44,rapidbus_penang
12000584,12000567,30000019,68,rapidbus_penang
12000567,12000582,30000019,44,rapidbus_penang
12000582,12000581,30000019,44,rapidbus_penang
12000581,12001458,30000019,170,rapidbus_penang
12001458,12001456,30000019,63,rapidbus_penang
12001456,12001454,30000019,53,rapidbus_penang
12001454,12001453,30000019,48,rapidbus_penang
12001453,12001451,30000019,61,rapidbus_penang
12001451,12001449,30000019,151,rapidbus_penang
12001449,12002205,30000019,141,rapidbus_penang
12002205,12001444,30000019,43,rapidbus_penang
12001444,12001442,30000019,57,rapidbus_penang
12001442,12001440,30000019,29,rapidbus_penang
12001440,12001438,30000019,51,rapidbus_penang
12001438,12001434,30000019,63,rapidbus_penang
12001434,12001433,30000019,116,rapidbus_penang
12001433,12001431,30000019,146,rapidbus_penang
12001431,12001426,30000019,145,rapidbus_penang
12001426,12001424,30000019,112,rapidbus_penang
12001424,12001420,30000019,144,rapidbus_penang
12001420,12001419,30000019,117,rapidbus_penang
12001419,12002211,30000019,137,rapidbus_penang
12002211,12002254,30000019,177,rapidbus_penang
12002254,12002255,30000019,81,rapidbus_penang
12002255,12002305,30000019,142,rapidbus_penang
12002305,12002306,30000019,76,rapidbus_penang
12002306,12001771,30000019,113,rapidbus_penang
12001771,12001772,30000019,73,rapidbus_penang
12001772,12002307,30000019,76,rapidbus_penang
12002307,12001782,30000019,70,rapidbus_penang
12001782,12002553,30000019,36,rapidbus_penang
12002553,12001784,30000019,49,rapidbus_penang
12001784,12001787,30000019,120,rapidbus_penang
12001786,12001785,30000019,77,rapidbus_penang
12001785,12001783,30000019,71,rapidbus_penang
12001783,12001780,30000019,97,rapidbus_penang
12001780,12001776,30000019,123,rapidbus_penang
12001776,12001775,30000019,27,rapidbus_penang
12001775,12001774,30000019,65,rapidbus_penang
12001774,12001773,30000019,113,rapidbus_penang
12001773,12001779,30000019,222,rapidbus_penang
12001779,12002256,30000019,319,rapidbus_penang
12002256,12000247,30000019,105,rapidbus_penang
12000247,12002615,30000019,220,rapidbus_penang
12002615,12002616,30000019,232,rapidbus_penang
12002616,12001418,30000019,144,rapidbus_penang
12001418,12001419,30000019,218,rapidbus_penang
12002211,12001418,30000019,367,rapidbus_penang
12001418,12001422,30000019,210,rapidbus_penang
12001422,12001423,30000019,89,rapidbus_penang
12001423,12001425,30000019,125,rapidbus_penang
12001425,12001427,30000019,182,rapidbus_penang
12001427,12001460,30000019,174,rapidbus_penang
12001460,12001432,30000019,240,rapidbus_penang
12001432,12001435,30000019,236,rapidbus_penang
12001435,12001437,30000019,65,rapidbus_penang
12001437,12001439,30000019,61,rapidbus_penang
12001439,12002139,30000019,91,rapidbus_penang
12002139,12001443,30000019,119,rapidbus_penang
12001443,12001445,30000019,91,rapidbus_penang
12001445,12001446,30000019,101,rapidbus_penang
12001446,12002207,30000019,39,rapidbus_penang
12002207,12001448,30000019,89,rapidbus_penang
12001448,12001450,30000019,170,rapidbus_penang
12001450,12001452,30000019,134,rapidbus_penang
12001452,12001455,30000019,128,rapidbus_penang
12001455,12001457,30000019,87,rapidbus_penang
12001457,12001459,30000019,109,rapidbus_penang
12001459,12000565,30000019,283,rapidbus_penang
12000565,12000566,30000019,67,rapidbus_penang
12000566,12001069,30000019,121,rapidbus_penang
12001069,12001070,30000019,45,rapidbus_penang
12001070,12001071,30000019,41,rapidbus_penang
12001071,12000570,30000019,111,rapidbus_penang
12000570,12000572,30000019,53,rapidbus_penang
12000572,12000575,30000019,35,rapidbus_penang
12000575,12000576,30000019,93,rapidbus_penang
12000576,12001585,30000019,89,rapidbus_penang
12001585,12000991,30000019,119,rapidbus_penang
12000991,12001903,30000019,57,rapidbus_penang
12001903,12001462,30000019,65,rapidbus_penang
12001462,12000529,30000019,107,rapidbus_penang
12000529,12002993,30000019,160,rapidbus_penang
12002993,12001937,30000019,85,rapidbus_penang
12001937,12001910,30000019,81,rapidbus_penang
12001910,12001915,30000019,59,rapidbus_penang
12001915,12000611,30000019,57,rapidbus_penang
12000611,12001917,30000019,81,rapidbus_penang
12001917,12002318,30000019,79,rapidbus_penang
12002318,12002056,30000019,55,rapidbus_penang
12002056,12002058,30000019,99,rapidbus_penang
12002058,12002971,30000019,35,rapidbus_penang
12002971,12001943,30000019,23,rapidbus_penang
12001943,12002972,30000019,65,rapidbus_penang
12002972,12002057,30000019,57,rapidbus_penang
12002057,12002113,30000019,120,rapidbus_penang
12002115,12000140,30000020,107,rapidbus_penang
12000140,12002313,30000020,38,rapidbus_penang
12002313,12000149,30000020,73,rapidbus_penang
12000149,12000147,30000020,66,rapidbus_penang
12000147,12002298,30000020,44,rapidbus_penang
12002298,12000144,30000020,81,rapidbus_penang
12000144,12000136,30000020,55,rapidbus_penang
12000136,12000142,30000020,31,rapidbus_penang
12000142,12000141,30000020,90,rapidbus_penang
12000141,12000135,30000020,33,rapidbus_penang
12000135,12002634,30000020,368,rapidbus_penang
12002634,12001786,30000020,354,rapidbus_penang
12001786,12001785,30000020,51,rapidbus_penang
12001785,12001783,30000020,46,rapidbus_penang
12001783,12001780,30000020,59,rapidbus_penang
12001780,12001776,30000020,77,rapidbus_penang
12001776,12001775,30000020,20,rapidbus_penang
12001775,12001774,30000020,42,rapidbus_penang
12001774,12001773,30000020,70,rapidbus_penang
12001773,12001779,30000020,138,rapidbus_penang
12001779,12002256,30000020,197,rapidbus_penang
12002256,12000247,30000020,64,rapidbus_penang
12000247,12002615,30000020,134,rapidbus_penang
12002615,12002616,30000020,143,rapidbus_penang
12002616,12001418,30000020,90,rapidbus_penang
12001418,12001419,30000020,136,rapidbus_penang
12001419,12002211,30000020,134,rapidbus_penang
12002211,12001418,30000020,225,rapidbus_penang
12001418,12001422,30000020,127,rapidbus_penang
12001422,12001423,30000020,57,rapidbus_penang
12001423,12001425,30000020,77,rapidbus_penang
12001425,12001427,30000020,112,rapidbus_penang
12001427,12001800,30000020,90,rapidbus_penang
12001800,12000879,30000020,53,rapidbus_penang
12000879,12000882,30000020,55,rapidbus_penang
12000882,12000885,30000020,33,rapidbus_penang
12000885,12000847,30000020,40,rapidbus_penang
12000847,12000848,30000020,42,rapidbus_penang
12000848,12000851,30000020,64,rapidbus_penang
12000851,12001837,30000020,71,rapidbus_penang
12001837,12001840,30000020,53,rapidbus_penang
12001840,12001842,30000020,49,rapidbus_penang
12001842,12001845,30000020,46,rapidbus_penang
12001845,12001847,30000020,66,rapidbus_penang
12001847,12001955,30000020,140,rapidbus_penang
12001955,12002059,30000020,256,rapidbus_penang
12002059,12002062,30000020,94,rapidbus_penang
12002062,12002066,30000020,57,rapidbus_penang
12002066,12002067,30000020,62,rapidbus_penang
12002067,12001989,30000020,195,rapidbus_penang
12001989,12001988,30000020,368,rapidbus_penang
12001988,12001985,30000020,228,rapidbus_penang
12001985,12002111,30000020,365,rapidbus_penang
12002111,12000003,30000020,86,rapidbus_penang
12000003,12001937,30000020,75,rapidbus_penang
12001937,12002056,30000020,228,rapidbus_penang
12002056,12002058,30000020,62,rapidbus_penang
12002058,12002971,30000020,22,rapidbus_penang
12002971,12001943,30000020,18,rapidbus_penang
12001943,12002972,30000020,40,rapidbus_penang
12002972,12002057,30000020,36,rapidbus_penang
12002057,12002113,30000020,87,rapidbus_penang
12002113,12000003,30000020,161,rapidbus_penang
12000003,12002116,30000020,148,rapidbus_penang
12002116,12000474,30000020,132,rapidbus_penang
12000474,12001987,30000020,158,rapidbus_penang
12001987,12001986,30000020,372,rapidbus_penang
12001986,12001984,30000020,254,rapidbus_penang
12001984,12001981,30000020,394,rapidbus_penang
12001981,12002068,30000020,168,rapidbus_penang
12002068,12002064,30000020,65,rapidbus_penang
12002064,12002303,30000020,59,rapidbus_penang
12002303,12002059,30000020,128,rapidbus_penang
12002059,12002483,30000020,279,rapidbus_penang
12002483,12001843,30000020,112,rapidbus_penang
12001843,12001844,30000020,71,rapidbus_penang
12001844,12001841,30000020,43,rapidbus_penang
12001841,12001838,30000020,72,rapidbus_penang
12001838,12000852,30000020,77,rapidbus_penang
12000852,12000850,30000020,104,rapidbus_penang
12000850,12000887,30000020,69,rapidbus_penang
12000887,12000880,30000020,82,rapidbus_penang
12000880,12001801,30000020,53,rapidbus_penang
12001801,12001426,30000020,107,rapidbus_penang
12001426,12001424,30000020,112,rapidbus_penang
12001424,12001420,30000020,145,rapidbus_penang
12001420,12001419,30000020,119,rapidbus_penang
12002211,12002254,30000020,179,rapidbus_penang
12002254,12002255,30000020,81,rapidbus_penang
12002255,12002305,30000020,144,rapidbus_penang
12002305,12002306,30000020,77,rapidbus_penang
12002306,12001771,30000020,112,rapidbus_penang
12001771,12001772,30000020,75,rapidbus_penang
12001772,12002307,30000020,75,rapidbus_penang
12002307,12001782,30000020,71,rapidbus_penang
12001782,12002553,30000020,39,rapidbus_penang
12002553,12001784,30000020,49,rapidbus_penang
12001784,12001787,30000020,90,rapidbus_penang
12001787,12002635,30000020,336,rapidbus_penang
12002635,12000141,30000020,413,rapidbus_penang
12000141,12000143,30000020,81,rapidbus_penang
12000143,12000145,30000020,50,rapidbus_penang
12000145,12000146,30000020,77,rapidbus_penang
12000146,12000148,30000020,46,rapidbus_penang
12000148,12002280,30000020,77,rapidbus_penang
12002280,12000138,30000020,40,rapidbus_penang
12000138,12000150,30000020,30,rapidbus_penang
12000150,12002281,30000020,32,rapidbus_penang
12002281,12001886,30000020,59,rapidbus_penang
12001886,12002115,30000020,85,rapidbus_penang
12002113,12000007,30000141,40,rapidbus_penang
12000007,12002058,30000141,113,rapidbus_penang
12002058,12002971,30000141,23,rapidbus_penang
12002971,12001943,30000141,16,rapidbus_penang
12001943,12001935,30000141,72,rapidbus_penang
12001935,12001926,30000141,41,rapidbus_penang
12001926,12001928,30000141,41,rapidbus_penang
12001928,12001066,30000141,70,rapidbus_penang
12001066,12001064,30000141,51,rapidbus_penang
12001064,12001061,30000141,25,rapidbus_penang
12001061,12002116,30000141,99,rapidbus_penang
12002116,12000461,30000141,44,rapidbus_penang
12000461,12000456,30000141,37,rapidbus_penang
12000456,12000443,30000141,51,rapidbus_penang
12000443,12002112,30000141,51,rapidbus_penang
12002112,12000449,30000141,52,rapidbus_penang
12000449,12000458,30000141,64,rapidbus_penang
12000458,12000077,30000141,59,rapidbus_penang
12000077,12000076,30000141,40,rapidbus_penang
12000076,12000075,30000141,54,rapidbus_penang
12000075,12000072,30000141,81,rapidbus_penang
12000072,12000070,30000141,72,rapidbus_penang
12000070,12000066,30000141,122,rapidbus_penang
12000066,12002288,30000141,64,rapidbus_penang
12002288,12000060,30000141,63,rapidbus_penang
12000060,12000064,30000141,51,rapidbus_penang
12000064,12000062,30000141,66,rapidbus_penang
12000062,12000058,30000141,28,rapidbus_penang
12000058,12000057,30000141,50,rapidbus_penang
12000057,12001036,30000141,72,rapidbus_penang
12001036,12002289,30000141,56,rapidbus_penang
12002289,12001031,30000141,32,rapidbus_penang
12001031,12001029,30000141,21,rapidbus_penang
12001029,12001028,30000141,22,rapidbus_penang
12001028,12001027,30000141,62,rapidbus_penang
12001027,12001025,30000141,38,rapidbus_penang
12001025,12001022,30000141,101,rapidbus_penang
12001022,12002290,30000141,34,rapidbus_penang
12002290,12001021,30000141,58,rapidbus_penang
12001021,12001019,30000141,71,rapidbus_penang
12001019,12002102,30000141,47,rapidbus_penang
12002102,12002099,30000141,63,rapidbus_penang
12002099,12002100,30000141,19,rapidbus_penang
12002100,12002101,30000141,33,rapidbus_penang
12002101,12001019,30000141,90,rapidbus_penang
12001019,12001016,30000141,120,rapidbus_penang
12001016,12002291,30000141,227,rapidbus_penang
12002291,12001013,30000141,217,rapidbus_penang
12001013,12001010,30000141,116,rapidbus_penang
12001010,12001005,30000141,66,rapidbus_penang
12001005,12001000,30000141,82,rapidbus_penang
12001000,12002153,30000141,144,rapidbus_penang
12002153,12000246,30000141,88,rapidbus_penang
12000246,12002617,30000141,340,rapidbus_penang
12002617,12002616,30000141,159,rapidbus_penang
12002616,12001418,30000141,97,rapidbus_penang
12001418,12001419,30000141,150,rapidbus_penang
12001419,12002305,30000141,381,rapidbus_penang
12002305,12001771,30000141,196,rapidbus_penang
12001771,12001772,30000141,79,rapidbus_penang
12001772,12002307,30000141,78,rapidbus_penang
12002307,12001782,30000141,74,rapidbus_penang
12001782,12002553,30000141,39,rapidbus_penang
12002553,12001787,30000141,143,rapidbus_penang
12001787,12002635,30000141,362,rapidbus_penang
12002635,12000141,30000141,444,rapidbus_penang
12000141,12000143,30000141,84,rapidbus_penang
12000143,12000145,30000141,53,rapidbus_penang
12000145,12000146,30000141,78,rapidbus_penang
12000146,12002280,30000141,125,rapidbus_penang
12002280,12000138,30000141,41,rapidbus_penang
12000138,12000150,30000141,31,rapidbus_penang
12000150,12002281,30000141,32,rapidbus_penang
12002281,12001886,30000141,62,rapidbus_penang
12001886,12002115,30000141,93,rapidbus_penang
12002115,12000140,30000141,111,rapidbus_penang
12000140,12002313,30000141,37,rapidbus_penang
12002313,12000149,30000141,77,rapidbus_penang
12000149,12000147,30000141,67,rapidbus_penang
12000147,12002298,30000141,44,rapidbus_penang
12002298,12000144,30000141,82,rapidbus_penang
12000144,12000136,30000141,56,rapidbus_penang
12000136,12000142,30000141,31,rapidbus_penang
12000142,12000141,30000141,92,rapidbus_penang
12000141,12000135,30000141,32,rapidbus_penang
12000135,12002634,30000141,390,rapidbus_penang
12002634,12001786,30000141,376,rapidbus_penang
12001786,12001785,30000141,50,rapidbus_penang
12001785,12001783,30000141,46,rapidbus_penang
12001783,12001780,30000141,61,rapidbus_penang
12001780,12001776,30000141,78,rapidbus_penang
12001776,12001775,30000141,18,rapidbus_penang
12001775,12001774,30000141,40,rapidbus_penang
12001774,12001773,30000141,73,rapidbus_penang
12001773,12001779,30000141,143,rapidbus_penang
12001779,12002256,30000141,209,rapidbus_penang
12002256,12000247,30000141,67,rapidbus_penang
12000247,12002615,30000141,140,rapidbus_penang
12002615,12002618,30000141,118,rapidbus_penang
12002618,12000245,30000141,315,rapidbus_penang
12000245,12002142,30000141,92,rapidbus_penang
12002142,12001002,30000141,133,rapidbus_penang
12001002,12001006,30000141,94,rapidbus_penang
12001006,12001011,30000141,48,rapidbus_penang
12001011,12001017,30000141,509,rapidbus_penang
12001017,12002102,30000141,82,rapidbus_penang
12002101,12001020,30000141,78,rapidbus_penang
12001020,12002286,30000141,65,rapidbus_penang
12002286,12001023,30000141,32,rapidbus_penang
12001023,12001026,30000141,121,rapidbus_penang
12001026,12001030,30000141,80,rapidbus_penang
12001030,12001033,30000141,51,rapidbus_penang
12001033,12001035,30000141,45,rapidbus_penang
12001035,12001037,30000141,38,rapidbus_penang
12001037,12000151,30000141,72,rapidbus_penang
12000151,12000059,30000141,56,rapidbus_penang
12000059,12000065,30000141,37,rapidbus_penang
12000065,12000068,30000141,39,rapidbus_penang
12000068,12000061,30000141,43,rapidbus_penang
12000061,12000063,30000141,76,rapidbus_penang
12000063,12000067,30000141,65,rapidbus_penang
12000067,12000069,30000141,40,rapidbus_penang
12000069,12000071,30000141,73,rapidbus_penang
12000071,12000073,30000141,67,rapidbus_penang
12000073,12000074,30000141,66,rapidbus_penang
12000074,12000448,30000141,64,rapidbus_penang
12000448,12000460,30000141,63,rapidbus_penang
12000460,12000455,30000141,84,rapidbus_penang
12000455,12000445,30000141,54,rapidbus_penang
12000445,12000453,30000141,59,rapidbus_penang
12000453,12000459,30000141,34,rapidbus_penang
12000459,12000462,30000141,31,rapidbus_penang
12000462,12001060,30000141,33,rapidbus_penang
12001060,12001832,30000141,69,rapidbus_penang
12001832,12001835,30000141,47,rapidbus_penang
12001835,12001399,30000141,27,rapidbus_penang
12001399,12001397,30000141,24,rapidbus_penang
12001397,12002287,30000141,34,rapidbus_penang
12002287,12001929,30000141,30,rapidbus_penang
12001929,12001927,30000141,107,rapidbus_penang
12001927,12001936,30000141,59,rapidbus_penang
12001936,12001934,30000141,35,rapidbus_penang
12001934,12002972,30000141,50,rapidbus_penang
12002972,12002057,30000141,36,rapidbus_penang
12002057,12002113,30000141,96,rapidbus_penang
12001284,12002118,30000026,172,rapidbus_penang
12002118,12000256,30000026,83,rapidbus_penang
12000256,12002119,30000026,56,rapidbus_penang
12002119,12000255,30000026,62,rapidbus_penang
12000255,12000263,30000026,110,rapidbus_penang
12000263,12000258,30000026,80,rapidbus_penang
12000258,12000265,30000026,115,rapidbus_penang
12000265,12000998,30000026,112,rapidbus_penang
12000998,12000707,30000026,71,rapidbus_penang
12000707,12000705,30000026,73,rapidbus_penang
12000705,12000386,30000026,74,rapidbus_penang
12000386,12000384,30000026,56,rapidbus_penang
12000384,12002547,30000026,41,rapidbus_penang
12002547,12000381,30000026,115,rapidbus_penang
12000381,12002548,30000026,160,rapidbus_penang
12002548,12000378,30000026,36,rapidbus_penang
12000378,12000375,30000026,80,rapidbus_penang
12000375,12000373,30000026,126,rapidbus_penang
12000373,12001733,30000026,210,rapidbus_penang
12001733,12001732,30000026,36,rapidbus_penang
12001732,12001730,30000026,47,rapidbus_penang
12001730,12001728,30000026,55,rapidbus_penang
12001728,12001726,30000026,77,rapidbus_penang
12001726,12001725,30000026,29,rapidbus_penang
12001725,12001722,30000026,51,rapidbus_penang
12001722,12001721,30000026,39,rapidbus_penang
12001721,12002444,30000026,117,rapidbus_penang
12002444,12001715,30000026,70,rapidbus_penang
12001715,12001714,30000026,54,rapidbus_penang
12001714,12001712,30000026,52,rapidbus_penang
12001712,12001710,30000026,47,rapidbus_penang
12001710,12001708,30000026,41,rapidbus_penang
12001708,12001707,30000026,44,rapidbus_penang
12001707,12000098,30000026,55,rapidbus_penang
12000098,12002551,30000026,25,rapidbus_penang
12002551,12000094,30000026,51,rapidbus_penang
12000094,12000092,30000026,72,rapidbus_penang
12000092,12000091,30000026,58,rapidbus_penang
12000091,12000088,30000026,73,rapidbus_penang
12000088,12000605,30000026,65,rapidbus_penang
12000605,12000603,30000026,36,rapidbus_penang
12000603,12000601,30000026,36,rapidbus_penang
12000601,12000124,30000026,112,rapidbus_penang
12000124,12000122,30000026,54,rapidbus_penang
12000122,12000121,30000026,76,rapidbus_penang
12000121,12002549,30000026,42,rapidbus_penang
12002549,12002322,30000026,134,rapidbus_penang
12002322,12000120,30000026,398,rapidbus_penang
12000120,12000123,30000026,87,rapidbus_penang
12000123,12000125,30000026,55,rapidbus_penang
12000125,12000600,30000026,58,rapidbus_penang
12000600,12000602,30000026,36,rapidbus_penang
12000602,12000604,30000026,47,rapidbus_penang
12000604,12000606,30000026,49,rapidbus_penang
12000606,12000089,30000026,56,rapidbus_penang
12000089,12000090,30000026,19,rapidbus_penang
12000090,12002544,30000026,48,rapidbus_penang
12002544,12000093,30000026,45,rapidbus_penang
12000093,12000095,30000026,51,rapidbus_penang
12000095,12000097,30000026,32,rapidbus_penang
12000097,12000099,30000026,72,rapidbus_penang
12000099,12001709,30000026,39,rapidbus_penang
12001709,12001711,30000026,28,rapidbus_penang
12001711,12001713,30000026,49,rapidbus_penang
12001713,12001716,30000026,85,rapidbus_penang
12001716,12001717,30000026,57,rapidbus_penang
12001717,12001720,30000026,103,rapidbus_penang
12001720,12001723,30000026,43,rapidbus_penang
12001723,12001724,30000026,40,rapidbus_penang
12001724,12001727,30000026,31,rapidbus_penang
12001727,12001729,30000026,71,rapidbus_penang
12001729,12001731,30000026,47,rapidbus_penang
12001731,12002545,30000026,38,rapidbus_penang
12002545,12001734,30000026,42,rapidbus_penang
12001734,12000374,30000026,191,rapidbus_penang
12000374,12000376,30000026,102,rapidbus_penang
12000376,12000377,30000026,55,rapidbus_penang
12000377,12000379,30000026,44,rapidbus_penang
12000379,12000380,30000026,21,rapidbus_penang
12000380,12002546,30000026,125,rapidbus_penang
12002546,12000382,30000026,31,rapidbus_penang
12000382,12000383,30000026,59,rapidbus_penang
12000383,12000385,30000026,44,rapidbus_penang
12000385,12000387,30000026,78,rapidbus_penang
12000387,12000706,30000026,45,rapidbus_penang
12000706,12000708,30000026,68,rapidbus_penang
12000708,12000999,30000026,72,rapidbus_penang
12000999,12000261,30000026,76,rapidbus_penang
12000261,12000260,30000026,60,rapidbus_penang
12000260,12000259,30000026,44,rapidbus_penang
12000259,12000257,30000026,81,rapidbus_penang
12000257,12000253,30000026,149,rapidbus_penang
12000253,12000251,30000026,42,rapidbus_penang
12000251,12000250,30000026,46,rapidbus_penang
12000250,12001284,30000026,141,rapidbus_penang
12002637,12000760,30000027,52,rapidbus_penang
12000760,12000758,30000027,32,rapidbus_penang
12000758,12000756,30000027,70,rapidbus_penang
12000756,12000757,30000027,46,rapidbus_penang
12000757,12000741,30000027,38,rapidbus_penang
12000741,12000746,30000027,35,rapidbus_penang
12000746,12000748,30000027,49,rapidbus_penang
12000748,12000750,30000027,22,rapidbus_penang
12000750,12000752,30000027,30,rapidbus_penang
12000752,12000754,30000027,36,rapidbus_penang
12000754,12000755,30000027,38,rapidbus_penang
12000755,12001124,30000027,99,rapidbus_penang
12001124,12001123,30000027,92,rapidbus_penang
12001123,12001120,30000027,86,rapidbus_penang
12001120,12001119,30000027,64,rapidbus_penang
12001119,12001117,30000027,83,rapidbus_penang
12001117,12001115,30000027,126,rapidbus_penang
12001115,12001113,30000027,56,rapidbus_penang
12001113,12001111,30000027,38,rapidbus_penang
12001111,12001110,30000027,80,rapidbus_penang
12001110,12001108,30000027,40,rapidbus_penang
12001108,12001105,30000027,58,rapidbus_penang
12001105,12001057,30000027,163,rapidbus_penang
12001057,12001055,30000027,59,rapidbus_penang
12001055,12001054,30000027,62,rapidbus_penang
12001054,12001052,30000027,57,rapidbus_penang
12001052,12001050,30000027,79,rapidbus_penang
12001050,12001049,30000027,127,rapidbus_penang
12001049,12001733,30000027,152,rapidbus_penang
12001733,12001732,30000027,37,rapidbus_penang
12001732,12001730,30000027,50,rapidbus_penang
12001730,12001728,30000027,58,rapidbus_penang
12001728,12001726,30000027,80,rapidbus_penang
12001726,12001725,30000027,30,rapidbus_penang
12001725,12001722,30000027,54,rapidbus_penang
12001722,12001721,30000027,40,rapidbus_penang
12001721,12002444,30000027,122,rapidbus_penang
12002444,12001715,30000027,73,rapidbus_penang
12001715,12001714,30000027,57,rapidbus_penang
12001714,12001712,30000027,54,rapidbus_penang
12001712,12001710,30000027,50,rapidbus_penang
12001710,12001708,30000027,42,rapidbus_penang
12001708,12001707,30000027,46,rapidbus_penang
12001707,12000098,30000027,57,rapidbus_penang
12000098,12002551,30000027,25,rapidbus_penang
12002551,12000096,30000027,14,rapidbus_penang
12000096,12000094,30000027,42,rapidbus_penang
12000094,12000092,30000027,76,rapidbus_penang
12000092,12000091,30000027,60,rapidbus_penang
12000091,12000088,30000027,76,rapidbus_penang
12000088,12000605,30000027,69,rapidbus_penang
12000605,12000603,30000027,38,rapidbus_penang
12000603,12000601,30000027,37,rapidbus_penang
12000601,12000124,30000027,116,rapidbus_penang
12000124,12000122,30000027,57,rapidbus_penang
12000122,12000121,30000027,80,rapidbus_penang
12000121,12002549,30000027,43,rapidbus_penang
12002549,12002322,30000027,168,rapidbus_penang
12002322,12000120,30000027,418,rapidbus_penang
12000120,12000123,30000027,91,rapidbus_penang
12000123,12000125,30000027,58,rapidbus_penang
12000125,12000600,30000027,61,rapidbus_penang
12000600,12000602,30000027,37,rapidbus_penang
12000602,12000604,30000027,50,rapidbus_penang
12000604,12000606,30000027,53,rapidbus_penang
12000606,12000089,30000027,59,rapidbus_penang
12000089,12000090,30000027,20,rapidbus_penang
12000090,12002544,30000027,52,rapidbus_penang
12002544,12000093,30000027,48,rapidbus_penang
12000093,12000095,30000027,54,rapidbus_penang
12000095,12000097,30000027,35,rapidbus_penang
12000097,12000099,30000027,76,rapidbus_penang
12000099,12001709,30000027,40,rapidbus_penang
12001709,12001711,30000027,30,rapidbus_penang
12001711,12001713,30000027,52,rapidbus_penang
12001713,12001716,30000027,90,rapidbus_penang
12001716,12001717,30000027,61,rapidbus_penang
12001717,12001720,30000027,108,rapidbus_penang
12001720,12001723,30000027,46,rapidbus_penang
12001723,12001724,30000027,43,rapidbus_penang
12001724,12001727,30000027,33,rapidbus_penang
12001727,12001729,30000027,74,rapidbus_penang
12001729,12001731,30000027,50,rapidbus_penang
12001731,12002545,30000027,40,rapidbus_penang
12002545,12001734,30000027,44,rapidbus_penang
12001734,12001051,30000027,263,rapidbus_penang
12001051,12001053,30000027,89,rapidbus_penang
12001053,12001056,30000027,65,rapidbus_penang
12001056,12001058,30000027,53,rapidbus_penang
12001058,12001059,30000027,30,rapidbus_penang
12001059,12001104,30000027,89,rapidbus_penang
12001104,12001106,30000027,28,rapidbus_penang
12001106,12001107,30000027,50,rapidbus_penang
12001107,12001109,30000027,37,rapidbus_penang
12001109,12001112,30000027,103,rapidbus_penang
12001112,12001114,30000027,52,rapidbus_penang
12001114,12001116,30000027,114,rapidbus_penang
12001116,12001118,30000027,73,rapidbus_penang
12001118,12001121,30000027,61,rapidbus_penang
12001121,12001122,30000027,73,rapidbus_penang
12001122,12001125,30000027,91,rapidbus_penang
12001125,12000753,30000027,118,rapidbus_penang
12000753,12000751,30000027,37,rapidbus_penang
12000751,12000747,30000027,35,rapidbus_penang
12000747,12000740,30000027,76,rapidbus_penang
12000740,12000739,30000027,32,rapidbus_penang
12000739,12000742,30000027,100,rapidbus_penang
12000742,12002552,30000027,41,rapidbus_penang
12002552,12000743,30000027,23,rapidbus_penang
12000743,12002637,30000027,44,rapidbus_penang
12000904,12000905,30000028,38,rapidbus_penang
12000905,12001561,30000028,72,rapidbus_penang
12001561,12001562,30000028,45,rapidbus_penang
12001562,12001513,30000028,73,rapidbus_penang
12001513,12001518,30000028,79,rapidbus_penang
12001518,12001527,30000028,313,rapidbus_penang
12001527,12001531,30000028,75,rapidbus_penang
12001531,12001534,30000028,65,rapidbus_penang
12001534,12001537,30000028,47,rapidbus_penang
12001537,12001594,30000028,47,rapidbus_penang
12001594,12001593,30000028,48,rapidbus_penang
12001593,12002391,30000028,50,rapidbus_penang
12002391,12002393,30000028,168,rapidbus_penang
12002393,12000118,30000028,64,rapidbus_penang
12000118,12000116,30000028,66,rapidbus_penang
12000116,12000114,30000028,67,rapidbus_penang
12000114,12000930,30000028,76,rapidbus_penang
12000930,12000929,30000028,48,rapidbus_penang
12000929,12000931,30000028,121,rapidbus_penang
12000931,12000932,30000028,73,rapidbus_penang
12000932,12001352,30000028,109,rapidbus_penang
12001352,12001350,30000028,57,rapidbus_penang
12001350,12001348,30000028,38,rapidbus_penang
12001348,12001347,30000028,35,rapidbus_penang
12001347,12001344,30000028,58,rapidbus_penang
12001344,12001343,30000028,69,rapidbus_penang
12001343,12001342,30000028,100,rapidbus_penang
12001342,12001340,30000028,37,rapidbus_penang
12001340,12001395,30000028,95,rapidbus_penang
12001395,12001394,30000028,46,rapidbus_penang
12001394,12001393,30000028,24,rapidbus_penang
12001393,12000540,30000028,169,rapidbus_penang
12000540,12000122,30000028,93,rapidbus_penang
12000122,12000121,30000028,109,rapidbus_penang
12000121,12002549,30000028,58,rapidbus_penang
12002549,12002322,30000028,208,rapidbus_penang
12002322,12000120,30000028,697,rapidbus_penang
12000120,12000123,30000028,154,rapidbus_penang
12000123,12000539,30000028,105,rapidbus_penang
12000539,12001392,30000028,145,rapidbus_penang
12001392,12001396,30000028,111,rapidbus_penang
12001396,12001341,30000028,88,rapidbus_penang
12001341,12001345,30000028,236,rapidbus_penang
12001345,12001346,30000028,33,rapidbus_penang
12001346,12001349,30000028,57,rapidbus_penang
12001349,12001351,30000028,51,rapidbus_penang
12001351,12001353,30000028,53,rapidbus_penang
12001353,12001907,30000028,132,rapidbus_penang
12001907,12001906,30000028,94,rapidbus_penang
12001906,12001904,30000028,112,rapidbus_penang
12001904,12001905,30000028,77,rapidbus_penang
12001905,12000115,30000028,114,rapidbus_penang
12000115,12000117,30000028,53,rapidbus_penang
12000117,12000119,30000028,77,rapidbus_penang
12000119,12001591,30000028,221,rapidbus_penang
12001591,12001592,30000028,60,rapidbus_penang
12001592,12001595,30000028,57,rapidbus_penang
12001595,12001539,30000028,52,rapidbus_penang
12001539,12001536,30000028,50,rapidbus_penang
12001536,12001533,30000028,78,rapidbus_penang
12001533,12001529,30000028,93,rapidbus_penang
12001529,12001524,30000028,53,rapidbus_penang
12001524,12001521,30000028,197,rapidbus_penang
12001521,12001517,30000028,125,rapidbus_penang
12001517,12001514,30000028,24,rapidbus_penang
12001514,12001512,30000028,63,rapidbus_penang
12001512,12001511,30000028,44,rapidbus_penang
12001511,12001510,30000028,47,rapidbus_penang
12001510,12001508,30000028,90,rapidbus_penang
12001508,12001507,30000028,47,rapidbus_penang
12001507,12000902,30000028,103,rapidbus_penang
12000902,12000903,30000028,34,rapidbus_penang
12000903,12000904,30000028,73,rapidbus_penang
12002322,12000910,30000036,546,rapidbus_penang
12000910,12000913,30000036,75,rapidbus_penang
12000913,12000396,30000036,105,rapidbus_penang
12000396,12000397,30000036,68,rapidbus_penang
12000397,12000398,30000036,64,rapidbus_penang
12000398,12000395,30000036,293,rapidbus_penang
12000395,12000394,30000036,51,rapidbus_penang
12000394,12000192,30000036,119,rapidbus_penang
12000192,12000191,30000036,73,rapidbus_penang
12000191,12001067,30000036,161,rapidbus_penang
12001067,12000189,30000036,370,rapidbus_penang
12000189,12000188,30000036,60,rapidbus_penang
12000188,12000187,30000036,70,rapidbus_penang
12000187,12000186,30000036,39,rapidbus_penang
12000186,12000185,30000036,55,rapidbus_penang
12000185,12002350,30000036,189,rapidbus_penang
12002350,12001099,30000036,71,rapidbus_penang
12001099,12001100,30000036,65,rapidbus_penang
12001100,12002969,30000036,63,rapidbus_penang
12002969,12002970,30000036,48,rapidbus_penang
12002970,12001094,30000036,77,rapidbus_penang
12001094,12002345,30000036,95,rapidbus_penang
12002345,12002346,30000036,58,rapidbus_penang
12002346,12001216,30000036,237,rapidbus_penang
12001216,12001218,30000036,44,rapidbus_penang
12001218,12001219,30000036,58,rapidbus_penang
12001219,12001217,30000036,64,rapidbus_penang
12001217,12001215,30000036,101,rapidbus_penang
12001215,12002343,30000036,62,rapidbus_penang
12002343,12002201,30000036,99,rapidbus_penang
12002201,12000907,30000036,149,rapidbus_penang
12000907,12002320,30000036,89,rapidbus_penang
12002320,12001221,30000036,101,rapidbus_penang
12001221,12003015,30000036,46,rapidbus_penang
12003015,12001220,30000036,57,rapidbus_penang
12001220,12001092,30000036,121,rapidbus_penang
12001092,12001098,30000036,74,rapidbus_penang
12001098,12002345,30000036,111,rapidbus_penang
12002346,12001101,30000036,123,rapidbus_penang
12001101,12001102,30000036,47,rapidbus_penang
12001102,12002347,30000036,58,rapidbus_penang
12002347,12000183,30000036,121,rapidbus_penang
12000183,12000184,30000036,53,rapidbus_penang
12000184,12000177,30000036,97,rapidbus_penang
12000177,12000178,30000036,51,rapidbus_penang
12000178,12002348,30000036,80,rapidbus_penang
12002348,12001067,30000036,337,rapidbus_penang
12001067,12000179,30000036,117,rapidbus_penang
12000179,12000180,30000036,54,rapidbus_penang
12000180,12000389,30000036,216,rapidbus_penang
12000389,12000390,30000036,48,rapidbus_penang
12000390,12000393,30000036,279,rapidbus_penang
12000393,12000392,30000036,77,rapidbus_penang
12000392,12000391,30000036,30,rapidbus_penang
12000391,12002349,30000036,43,rapidbus_penang
12002349,12000911,30000036,111,rapidbus_penang
12000911,12000909,30000036,66,rapidbus_penang
12000909,12002322,30000036,187,rapidbus_penang
12002322,12000120,30000037,585,rapidbus_penang
12000120,12000123,30000037,127,rapidbus_penang
12000123,12000125,30000037,81,rapidbus_penang
12000125,12001701,30000037,99,rapidbus_penang
12001701,12001702,30000037,22,rapidbus_penang
12001702,12001705,30000037,58,rapidbus_penang
12001705,12001195,30000037,108,rapidbus_penang
12001195,12001196,30000037,37,rapidbus_penang
12001196,12002372,30000037,80,rapidbus_penang
12002372,12001212,30000037,132,rapidbus_penang
12001212,12001211,30000037,71,rapidbus_penang
12001211,12001213,30000037,55,rapidbus_penang
12001213,12001214,30000037,101,rapidbus_penang
12001214,12002373,30000037,98,rapidbus_penang
12002373,12001210,30000037,54,rapidbus_penang
12001210,12001209,30000037,125,rapidbus_penang
12001209,12001208,30000037,39,rapidbus_penang
12001208,12001207,30000037,57,rapidbus_penang
12001207,12001206,30000037,54,rapidbus_penang
12001206,12001184,30000037,110,rapidbus_penang
12001184,12001183,30000037,38,rapidbus_penang
12001183,12001182,30000037,43,rapidbus_penang
12001182,12001181,30000037,33,rapidbus_penang
12001181,12001180,30000037,98,rapidbus_penang
12001180,12002374,30000037,55,rapidbus_penang
12002374,12001179,30000037,116,rapidbus_penang
12001179,12001178,30000037,59,rapidbus_penang
12001178,12001177,30000037,63,rapidbus_penang
12001177,12001093,30000037,127,rapidbus_penang
12001093,12002375,30000037,56,rapidbus_penang
12002375,12001094,30000037,78,rapidbus_penang
12001094,12001095,30000037,99,rapidbus_penang
12001095,12001091,30000037,93,rapidbus_penang
12001091,12001216,30000037,104,rapidbus_penang
12001216,12001218,30000037,43,rapidbus_penang
12001218,12001219,30000037,57,rapidbus_penang
12001219,12001217,30000037,64,rapidbus_penang
12001217,12001215,30000037,100,rapidbus_penang
12001215,12002343,30000037,62,rapidbus_penang
12002343,12002201,30000037,119,rapidbus_penang
12002201,12000907,30000037,160,rapidbus_penang
12000907,12002320,30000037,95,rapidbus_penang
12002320,12001221,30000037,111,rapidbus_penang
12001221,12003015,30000037,49,rapidbus_penang
12003015,12001220,30000037,62,rapidbus_penang
12001220,12001092,30000037,133,rapidbus_penang
12001092,12001098,30000037,79,rapidbus_penang
12001098,12001097,30000037,156,rapidbus_penang
12001097,12001096,30000037,50,rapidbus_penang
12001096,12002366,30000037,64,rapidbus_penang
12002366,12001176,30000037,292,rapidbus_penang
12001176,12001198,30000037,160,rapidbus_penang
12001198,12001199,30000037,54,rapidbus_penang
12001199,12001200,30000037,87,rapidbus_penang
12001200,12001201,30000037,67,rapidbus_penang
12001201,12001202,30000037,85,rapidbus_penang
12001202,12001203,30000037,73,rapidbus_penang
12001203,12001204,30000037,53,rapidbus_penang
12001204,12001205,30000037,105,rapidbus_penang
12001205,12001185,30000037,40,rapidbus_penang
12001185,12001186,30000037,63,rapidbus_penang
12001186,12002604,30000037,59,rapidbus_penang
12002604,12001187,30000037,62,rapidbus_penang
12001187,12001188,30000037,60,rapidbus_penang
12001188,12002367,30000037,62,rapidbus_penang
12002367,12001191,30000037,116,rapidbus_penang
12001191,12001190,30000037,88,rapidbus_penang
12001190,12001189,30000037,79,rapidbus_penang
12001189,12002368,30000037,99,rapidbus_penang
12002368,12001192,30000037,136,rapidbus_penang
12001192,12001194,30000037,76,rapidbus_penang
12001194,12001193,30000037,37,rapidbus_penang
12001193,12002370,30000037,43,rapidbus_penang
12002370,12002369,30000037,85,rapidbus_penang
12002369,12002371,30000037,57,rapidbus_penang
12002371,12000124,30000037,161,rapidbus_penang
12000124,12000122,30000037,77,rapidbus_penang
12000122,12000121,30000037,109,rapidbus_penang
12000121,12002549,30000037,59,rapidbus_penang
12002549,12002322,30000037,217,rapidbus_penang
12000041,12000044,30000040,283,rapidbus_penang
12000044,12001699,30000040,55,rapidbus_penang
12001699,12002577,30000040,75,rapidbus_penang
12002577,12002578,30000040,103,rapidbus_penang
12002578,12001698,30000040,136,rapidbus_penang
12001698,12001680,30000040,44,rapidbus_penang
12001680,12001681,30000040,21,rapidbus_penang
12001681,12001682,30000040,38,rapidbus_penang
12001682,12001683,30000040,73,rapidbus_penang
12001683,12001688,30000040,38,rapidbus_penang
12001688,12001689,30000040,40,rapidbus_penang
12001689,12001690,30000040,56,rapidbus_penang
12001690,12001692,30000040,66,rapidbus_penang
12001692,12001693,30000040,71,rapidbus_penang
12001693,12001691,30000040,77,rapidbus_penang
12001691,12002579,30000040,67,rapidbus_penang
12002579,12001694,30000040,112,rapidbus_penang
12001694,12001696,30000040,147,rapidbus_penang
12001696,12001265,30000040,180,rapidbus_penang
12001265,12001266,30000040,56,rapidbus_penang
12001266,12001268,30000040,84,rapidbus_penang
12001268,12001270,30000040,79,rapidbus_penang
12001270,12001271,30000040,40,rapidbus_penang
12001271,12001272,30000040,51,rapidbus_penang
12001272,12001357,30000040,253,rapidbus_penang
12001357,12001359,30000040,52,rapidbus_penang
12001359,12001360,30000040,73,rapidbus_penang
12001360,12001361,30000040,62,rapidbus_penang
12001361,12001363,30000040,42,rapidbus_penang
12001363,12002580,30000040,68,rapidbus_penang
12002580,12002581,30000040,47,rapidbus_penang
12002581,12002582,30000040,81,rapidbus_penang
12002582,12002583,30000040,84,rapidbus_penang
12002583,12001370,30000040,64,rapidbus_penang
12001370,12001371,30000040,36,rapidbus_penang
12001371,12002588,30000040,40,rapidbus_penang
12002588,12000045,30000040,84,rapidbus_penang
12000045,12000403,30000040,359,rapidbus_penang
12000403,12000405,30000040,75,rapidbus_penang
12000405,12000598,30000040,113,rapidbus_penang
12000598,12000599,30000040,31,rapidbus_penang
12000599,12000248,30000040,68,rapidbus_penang
12000248,12000249,30000040,17,rapidbus_penang
12000249,12002540,30000040,118,rapidbus_penang
12002540,12000804,30000040,83,rapidbus_penang
12000804,12002541,30000040,70,rapidbus_penang
12002541,12002542,30000040,103,rapidbus_penang
12002542,12002201,30000040,185,rapidbus_penang
12002201,12000056,30000040,117,rapidbus_penang
12000056,12002533,30000040,50,rapidbus_penang
12002533,12001893,30000040,84,rapidbus_penang
12001893,12000800,30000040,109,rapidbus_penang
12000800,12000799,30000040,39,rapidbus_penang
12000799,12000798,30000040,48,rapidbus_penang
12000798,12000590,30000040,76,rapidbus_penang
12000590,12002586,30000040,77,rapidbus_penang
12002586,12002587,30000040,71,rapidbus_penang
12002587,12000404,30000040,63,rapidbus_penang
12000404,12002601,30000040,77,rapidbus_penang
12002601,12000047,30000040,155,rapidbus_penang
12000047,12000046,30000040,89,rapidbus_penang
12000046,12002588,30000040,83,rapidbus_penang
12002588,12002589,30000040,44,rapidbus_penang
12002589,12002590,30000040,40,rapidbus_penang
12002590,12002591,30000040,70,rapidbus_penang
12002591,12002592,30000040,91,rapidbus_penang
12002592,12001381,30000040,100,rapidbus_penang
12001381,12002593,30000040,36,rapidbus_penang
12002593,12001362,30000040,101,rapidbus_penang
12001362,12002594,30000040,85,rapidbus_penang
12002594,12001358,30000040,87,rapidbus_penang
12001358,12001273,30000040,289,rapidbus_penang
12001273,12001269,30000040,113,rapidbus_penang
12001269,12001267,30000040,110,rapidbus_penang
12001267,12002329,30000040,121,rapidbus_penang
12002329,12001697,30000040,186,rapidbus_penang
12001697,12001695,30000040,121,rapidbus_penang
12001695,12002595,30000040,76,rapidbus_penang
12002595,12001685,30000040,105,rapidbus_penang
12001685,12001687,30000040,85,rapidbus_penang
12001687,12001686,30000040,71,rapidbus_penang
12001686,12002596,30000040,108,rapidbus_penang
12002596,12001684,30000040,169,rapidbus_penang
12001684,12002597,30000040,85,rapidbus_penang
12002597,12001698,30000040,52,rapidbus_penang
12001698,12002578,30000040,145,rapidbus_penang
12002578,12002599,30000040,132,rapidbus_penang
12002599,12002600,30000040,116,rapidbus_penang
12002600,12000042,30000040,178,rapidbus_penang
12000042,12000041,30000040,146,rapidbus_penang
12000840,12002536,30000041,72,rapidbus_penang
12002536,12000841,30000041,62,rapidbus_penang
12000841,12002537,30000041,33,rapidbus_penang
12002537,12000784,30000041,62,rapidbus_penang
12000784,12000788,30000041,49,rapidbus_penang
12000788,12000790,30000041,48,rapidbus_penang
12000790,12002538,30000041,61,rapidbus_penang
12002538,12000801,30000041,34,rapidbus_penang
12000801,12000802,30000041,41,rapidbus_penang
12000802,12002539,30000041,76,rapidbus_penang
12002539,12000803,30000041,46,rapidbus_penang
12000803,12000590,30000041,81,rapidbus_penang
12000590,12000248,30000041,33,rapidbus_penang
12000248,12000249,30000041,13,rapidbus_penang
12000249,12002540,30000041,85,rapidbus_penang
12002540,12000804,30000041,61,rapidbus_penang
12000804,12002541,30000041,52,rapidbus_penang
12002541,12002542,30000041,75,rapidbus_penang
12002542,12002201,30000041,112,rapidbus_penang
12002201,12000906,30000041,79,rapidbus_penang
12000906,12000907,30000041,22,rapidbus_penang
12000907,12002320,30000041,57,rapidbus_penang
12002320,12001221,30000041,66,rapidbus_penang
12001221,12003015,30000041,30,rapidbus_penang
12003015,12001220,30000041,38,rapidbus_penang
12001220,12001092,30000041,80,rapidbus_penang
12001092,12001098,30000041,49,rapidbus_penang
12001098,12001097,30000041,95,rapidbus_penang
12001097,12001096,30000041,29,rapidbus_penang
12001096,12002366,30000041,40,rapidbus_penang
12002366,12001176,30000041,176,rapidbus_penang
12001176,12001198,30000041,97,rapidbus_penang
12001198,12001199,30000041,33,rapidbus_penang
12001199,12001200,30000041,53,rapidbus_penang
12001200,12001201,30000041,41,rapidbus_penang
12001201,12001202,30000041,50,rapidbus_penang
12001202,12001203,30000041,45,rapidbus_penang
12001203,12001204,30000041,33,rapidbus_penang
12001204,12001957,30000041,259,rapidbus_penang
12001957,12002543,30000041,61,rapidbus_penang
12002543,12002989,30000041,66,rapidbus_penang
12002989,12001830,30000041,61,rapidbus_penang
12001830,12002530,30000041,33,rapidbus_penang
12002530,12001810,30000041,36,rapidbus_penang
12001810,12002021,30000041,25,rapidbus_penang
12002021,12002531,30000041,21,rapidbus_penang
12002531,12001996,30000041,25,rapidbus_penang
12001996,12001881,30000041,187,rapidbus_penang
12001881,12001879,30000041,22,rapidbus_penang
12001879,12001876,30000041,85,rapidbus_penang
12001876,12001067,30000041,326,rapidbus_penang
12001067,12000179,30000041,77,rapidbus_penang
12000179,12000180,30000041,36,rapidbus_penang
12000180,12000389,30000041,144,rapidbus_penang
12000389,12000390,30000041,32,rapidbus_penang
12000390,12000393,30000041,184,rapidbus_penang
12000393,12000392,30000041,52,rapidbus_penang
12000392,12000391,30000041,18,rapidbus_penang
12000391,12002349,30000041,29,rapidbus_penang
12002349,12000911,30000041,73,rapidbus_penang
12000911,12000909,30000041,44,rapidbus_penang
12000909,12002322,30000041,155,rapidbus_penang
12002322,12000910,30000041,505,rapidbus_penang
12000910,12000913,30000041,70,rapidbus_penang
12000913,12000396,30000041,98,rapidbus_penang
12000396,12000397,30000041,63,rapidbus_penang
12000397,12000398,30000041,59,rapidbus_penang
12000398,12000395,30000041,277,rapidbus_penang
12000395,12000394,30000041,47,rapidbus_penang
12000394,12000192,30000041,110,rapidbus_penang
12000192,12000805,30000041,78,rapidbus_penang
12000805,12000806,30000041,61,rapidbus_penang
12000806,12002528,30000041,149,rapidbus_penang
12002528,12002529,30000041,115,rapidbus_penang
12002529,12001808,30000041,35,rapidbus_penang
12001808,12001953,30000041,70,rapidbus_penang
12001953,12002647,30000041,57,rapidbus_penang
12002647,12002989,30000041,124,rapidbus_penang
12001810,12002531,30000041,59,rapidbus_penang
12001996,12002532,30000041,205,rapidbus_penang
12002532,12001184,30000041,221,rapidbus_penang
12001184,12001183,30000041,35,rapidbus_penang
12001183,12001182,30000041,42,rapidbus_penang
12001182,12001181,30000041,29,rapidbus_penang
12001181,12001180,30000041,91,rapidbus_penang
12001180,12002374,30000041,52,rapidbus_penang
12002374,12001179,30000041,108,rapidbus_penang
12001179,12001178,30000041,56,rapidbus_penang
12001178,12001177,30000041,59,rapidbus_penang
12001177,12001093,30000041,119,rapidbus_penang
12001093,12002375,30000041,54,rapidbus_penang
12002375,12001094,30000041,70,rapidbus_penang
12001094,12001095,30000041,93,rapidbus_penang
12001095,12001091,30000041,87,rapidbus_penang
12001091,12001216,30000041,96,rapidbus_penang
12001216,12001218,30000041,38,rapidbus_penang
12001218,12001219,30000041,54,rapidbus_penang
12001219,12001217,30000041,61,rapidbus_penang
12001217,12001215,30000041,93,rapidbus_penang
12001215,12002343,30000041,57,rapidbus_penang
12002343,12002201,30000041,85,rapidbus_penang
12002201,12000056,30000041,114,rapidbus_penang
12000056,12002533,30000041,47,rapidbus_penang
12002533,12001893,30000041,82,rapidbus_penang
12001893,12000800,30000041,107,rapidbus_penang
12000800,12000799,30000041,38,rapidbus_penang
12000799,12000798,30000041,45,rapidbus_penang
12000798,12000797,30000041,91,rapidbus_penang
12000797,12000796,30000041,50,rapidbus_penang
12000796,12000794,30000041,110,rapidbus_penang
12000794,12000793,30000041,56,rapidbus_penang
12000793,12000792,30000041,40,rapidbus_penang
12000792,12000789,30000041,128,rapidbus_penang
12000789,12000787,30000041,42,rapidbus_penang
12000787,12000786,30000041,47,rapidbus_penang
12000786,12000785,30000041,61,rapidbus_penang
12000785,12002534,30000041,26,rapidbus_penang
12002534,12000341,30000041,122,rapidbus_penang
12000341,12000340,30000041,59,rapidbus_penang
12000340,12000339,30000041,42,rapidbus_penang
12000339,12000338,30000041,64,rapidbus_penang
12000338,12002535,30000041,100,rapidbus_penang
12002535,12000840,30000041,107,rapidbus_penang
12002322,12000910,30000042,345,rapidbus_penang
12000910,12000913,30000042,47,rapidbus_penang
12000913,12000396,30000042,65,rapidbus_penang
12000396,12000397,30000042,43,rapidbus_penang
12000397,12000398,30000042,41,rapidbus_penang
12000398,12000395,30000042,184,rapidbus_penang
12000395,12000394,30000042,32,rapidbus_penang
12000394,12000192,30000042,75,rapidbus_penang
12000192,12000191,30000042,46,rapidbus_penang
12000191,12001067,30000042,102,rapidbus_penang
12001067,12000189,30000042,234,rapidbus_penang
12000189,12000188,30000042,37,rapidbus_penang
12000188,12000187,30000042,43,rapidbus_penang
12000187,12000186,30000042,24,rapidbus_penang
12000186,12000185,30000042,34,rapidbus_penang
12000185,12000355,30000042,181,rapidbus_penang
12000355,12000354,30000042,47,rapidbus_penang
12000354,12000353,30000042,38,rapidbus_penang
12000353,12000352,30000042,51,rapidbus_penang
12000352,12000351,30000042,45,rapidbus_penang
12000351,12000350,30000042,94,rapidbus_penang
12000350,12000349,30000042,64,rapidbus_penang
12000349,12002324,30000042,107,rapidbus_penang
12002324,12000337,30000042,49,rapidbus_penang
12000337,12000336,30000042,28,rapidbus_penang
12000336,12002325,30000042,69,rapidbus_penang
12002325,12000331,30000042,68,rapidbus_penang
12000331,12000329,30000042,62,rapidbus_penang
12000329,12000327,30000042,50,rapidbus_penang
12000327,12001279,30000042,46,rapidbus_penang
12001279,12001276,30000042,71,rapidbus_penang
12001276,12002326,30000042,36,rapidbus_penang
12002326,12001273,30000042,84,rapidbus_penang
12001273,12001269,30000042,75,rapidbus_penang
12001269,12002328,30000042,72,rapidbus_penang
12002328,12002329,30000042,78,rapidbus_penang
12002329,12001264,30000042,47,rapidbus_penang
12001264,12001262,30000042,43,rapidbus_penang
12001262,12001260,30000042,53,rapidbus_penang
12001260,12001259,30000042,31,rapidbus_penang
12001259,12001258,30000042,20,rapidbus_penang
12001258,12001256,30000042,49,rapidbus_penang
12001256,12002330,30000042,46,rapidbus_penang
12002330,12000284,30000042,68,rapidbus_penang
12000284,12002331,30000042,85,rapidbus_penang
12002331,12000281,30000042,85,rapidbus_penang
12000281,12000279,30000042,73,rapidbus_penang
12000279,12001484,30000042,85,rapidbus_penang
12001484,12001487,30000042,50,rapidbus_penang
12001487,12001485,30000042,41,rapidbus_penang
12001485,12000277,30000042,85,rapidbus_penang
12000277,12000276,30000042,46,rapidbus_penang
12000276,12000275,30000042,32,rapidbus_penang
12000275,12000274,30000042,33,rapidbus_penang
12000274,12001483,30000042,62,rapidbus_penang
12001483,12002332,30000042,60,rapidbus_penang
12002332,12000925,30000042,102,rapidbus_penang
12000925,12000924,30000042,43,rapidbus_penang
12000924,12000921,30000042,62,rapidbus_penang
12000921,12000920,30000042,112,rapidbus_penang
12000920,12002333,30000042,64,rapidbus_penang
12002333,12000917,30000042,50,rapidbus_penang
12000917,12002107,30000042,206,rapidbus_penang
12002107,12000916,30000042,197,rapidbus_penang
12000916,12000918,30000042,89,rapidbus_penang
12000918,12000919,30000042,85,rapidbus_penang
12000919,12000922,30000042,220,rapidbus_penang
12000922,12000923,30000042,62,rapidbus_penang
12000923,12000926,30000042,83,rapidbus_penang
12000926,12001481,30000042,100,rapidbus_penang
12001481,12001482,30000042,130,rapidbus_penang
12001482,12000273,30000042,87,rapidbus_penang
12000273,12002335,30000042,64,rapidbus_penang
12002335,12002336,30000042,62,rapidbus_penang
12002336,12000272,30000042,70,rapidbus_penang
12000272,12000278,30000042,138,rapidbus_penang
12000278,12001486,30000042,64,rapidbus_penang
12001486,12001488,30000042,229,rapidbus_penang
12001488,12000280,30000042,51,rapidbus_penang
12000280,12002337,30000042,195,rapidbus_penang
12002337,12000283,30000042,111,rapidbus_penang
12000283,12002338,30000042,119,rapidbus_penang
12002338,12001257,30000042,68,rapidbus_penang
12001257,12001253,30000042,72,rapidbus_penang
12001253,12001261,30000042,85,rapidbus_penang
12001261,12001263,30000042,111,rapidbus_penang
12001263,12001254,30000042,115,rapidbus_penang
12001254,12001266,30000042,62,rapidbus_penang
12001266,12001268,30000042,91,rapidbus_penang
12001268,12001270,30000042,87,rapidbus_penang
12001270,12001271,30000042,43,rapidbus_penang
12001271,12001272,30000042,55,rapidbus_penang
12001272,12001274,30000042,119,rapidbus_penang
12001274,12001275,30000042,47,rapidbus_penang
12001275,12001277,30000042,58,rapidbus_penang
12001277,12001278,30000042,91,rapidbus_penang
12001278,12000328,30000042,104,rapidbus_penang
12000328,12000330,30000042,85,rapidbus_penang
12000330,12000332,30000042,79,rapidbus_penang
12000332,12000333,30000042,87,rapidbus_penang
12000333,12000334,30000042,30,rapidbus_penang
12000334,12000335,30000042,62,rapidbus_penang
12000335,12000323,30000042,81,rapidbus_penang
12000323,12000324,30000042,36,rapidbus_penang
12000324,12000342,30000042,134,rapidbus_penang
12000342,12000343,30000042,49,rapidbus_penang
12000343,12000344,30000042,130,rapidbus_penang
12000344,12000345,30000042,153,rapidbus_penang
12000345,12000346,30000042,111,rapidbus_penang
12000346,12000347,30000042,73,rapidbus_penang
12000347,12000348,30000042,77,rapidbus_penang
12000348,12000183,30000042,212,rapidbus_penang
12000183,12000184,30000042,53,rapidbus_penang
12000184,12000177,30000042,94,rapidbus_penang
12000177,12000178,30000042,49,rapidbus_penang
12000178,12002348,30000042,79,rapidbus_penang
12002348,12001067,30000042,333,rapidbus_penang
12001067,12000179,30000042,115,rapidbus_penang
12000179,12000180,30000042,51,rapidbus_penang
12000180,12000389,30000042,214,rapidbus_penang
12000389,12000390,30000042,47,rapidbus_penang
12000390,12000393,30000042,276,rapidbus_penang
12000393,12000392,30000042,73,rapidbus_penang
12000392,12000391,30000042,30,rapidbus_penang
12000391,12002349,30000042,43,rapidbus_penang
12002349,12000911,30000042,108,rapidbus_penang
12000911,12000909,30000042,66,rapidbus_penang
12000909,12002322,30000042,206,rapidbus_penang
12002201,12000954,30000043,148,rapidbus_penang
12000954,12000955,30000043,46,rapidbus_penang
12000955,12000956,30000043,22,rapidbus_penang
12000956,12000957,30000043,27,rapidbus_penang
12000957,12000958,30000043,42,rapidbus_penang
12000958,12000703,30000043,112,rapidbus_penang
12000703,12000702,30000043,45,rapidbus_penang
12000702,12002323,30000043,75,rapidbus_penang
12002323,12000352,30000043,43,rapidbus_penang
12000352,12000351,30000043,47,rapidbus_penang
12000351,12000350,30000043,98,rapidbus_penang
12000350,12000349,30000043,67,rapidbus_penang
12000349,12002324,30000043,111,rapidbus_penang
12002324,12000337,30000043,51,rapidbus_penang
12000337,12000336,30000043,29,rapidbus_penang
12000336,12002325,30000043,73,rapidbus_penang
12002325,12000331,30000043,71,rapidbus_penang
12000331,12000329,30000043,64,rapidbus_penang
12000329,12000327,30000043,53,rapidbus_penang
12000327,12001279,30000043,47,rapidbus_penang
12001279,12001276,30000043,74,rapidbus_penang
12001276,12002326,30000043,39,rapidbus_penang
12002326,12001273,30000043,86,rapidbus_penang
12001273,12002327,30000043,71,rapidbus_penang
12002327,12002328,30000043,82,rapidbus_penang
12002328,12002329,30000043,82,rapidbus_penang
12002329,12001264,30000043,50,rapidbus_penang
12001264,12001262,30000043,46,rapidbus_penang
12001262,12001260,30000043,54,rapidbus_penang
12001260,12001259,30000043,32,rapidbus_penang
12001259,12001258,30000043,22,rapidbus_penang
12001258,12001256,30000043,50,rapidbus_penang
12001256,12002330,30000043,48,rapidbus_penang
12002330,12000284,30000043,72,rapidbus_penang
12000284,12002331,30000043,88,rapidbus_penang
12002331,12000281,30000043,88,rapidbus_penang
12000281,12000279,30000043,76,rapidbus_penang
12000279,12001484,30000043,89,rapidbus_penang
12001484,12001487,30000043,52,rapidbus_penang
12001487,12001485,30000043,43,rapidbus_penang
12001485,12000277,30000043,88,rapidbus_penang
12000277,12000276,30000043,47,rapidbus_penang
12000276,12000275,30000043,35,rapidbus_penang
12000275,12000274,30000043,35,rapidbus_penang
12000274,12001483,30000043,64,rapidbus_penang
12001483,12002332,30000043,63,rapidbus_penang
12002332,12000925,30000043,106,rapidbus_penang
12000925,12000924,30000043,47,rapidbus_penang
12000924,12000921,30000043,64,rapidbus_penang
12000921,12000920,30000043,116,rapidbus_penang
12000920,12002333,30000043,66,rapidbus_penang
12002333,12000917,30000043,53,rapidbus_penang
12000917,12002107,30000043,181,rapidbus_penang
12002107,12000916,30000043,189,rapidbus_penang
12000916,12000918,30000043,83,rapidbus_penang
12000918,12000919,30000043,80,rapidbus_penang
12000919,12002334,30000043,211,rapidbus_penang
12002334,12000923,30000043,58,rapidbus_penang
12000923,12000926,30000043,79,rapidbus_penang
12000926,12001481,30000043,93,rapidbus_penang
12001481,12001482,30000043,124,rapidbus_penang
12001482,12000273,30000043,82,rapidbus_penang
12000273,12002335,30000043,61,rapidbus_penang
12002335,12002336,30000043,58,rapidbus_penang
12002336,12000272,30000043,67,rapidbus_penang
12000272,12000278,30000043,130,rapidbus_penang
12000278,12001486,30000043,61,rapidbus_penang
12001486,12001488,30000043,219,rapidbus_penang
12001488,12000280,30000043,48,rapidbus_penang
12000280,12002337,30000043,184,rapidbus_penang
12002337,12000283,30000043,105,rapidbus_penang
12000283,12002338,30000043,114,rapidbus_penang
12002338,12001257,30000043,64,rapidbus_penang
12001257,12001253,30000043,65,rapidbus_penang
12001253,12001261,30000043,79,rapidbus_penang
12001261,12001263,30000043,106,rapidbus_penang
12001263,12001254,30000043,108,rapidbus_penang
12001254,12001266,30000043,58,rapidbus_penang
12001266,12001268,30000043,87,rapidbus_penang
12001268,12001270,30000043,82,rapidbus_penang
12001270,12001271,30000043,41,rapidbus_penang
12001271,12001272,30000043,52,rapidbus_penang
12001272,12001274,30000043,115,rapidbus_penang
12001274,12001275,30000043,43,rapidbus_penang
12001275,12001277,30000043,54,rapidbus_penang
12001277,12001278,30000043,85,rapidbus_penang
12001278,12000328,30000043,99,rapidbus_penang
12000328,12000330,30000043,80,rapidbus_penang
12000330,12000332,30000043,74,rapidbus_penang
12000332,12000333,30000043,82,rapidbus_penang
12000333,12000334,30000043,29,rapidbus_penang
12000334,12000335,30000043,58,rapidbus_penang
12000335,12000323,30000043,79,rapidbus_penang
12000323,12000324,30000043,35,rapidbus_penang
12000324,12000342,30000043,127,rapidbus_penang
12000342,12000343,30000043,46,rapidbus_penang
12000343,12000344,30000043,123,rapidbus_penang
12000344,12000345,30000043,148,rapidbus_penang
12000345,12002339,30000043,136,rapidbus_penang
12002339,12002340,30000043,86,rapidbus_penang
12002340,12000704,30000043,55,rapidbus_penang
12000704,12002341,30000043,70,rapidbus_penang
12002341,12000960,30000043,90,rapidbus_penang
12000960,12002342,30000043,71,rapidbus_penang
12002342,12000961,30000043,20,rapidbus_penang
12000961,12001596,30000043,108,rapidbus_penang
12001596,12000906,30000043,123,rapidbus_penang
12000906,12000907,30000043,30,rapidbus_penang
12000907,12002343,30000043,85,rapidbus_penang
12002343,12002201,30000043,161,rapidbus_penang
12002973,12001943,30000051,280,rapidbus_penang
12001943,12001935,30000051,111,rapidbus_penang
12001935,12001926,30000051,63,rapidbus_penang
12001926,12001928,30000051,64,rapidbus_penang
12001928,12001066,30000051,108,rapidbus_penang
12001066,12001064,30000051,78,rapidbus_penang
12001064,12002213,30000051,150,rapidbus_penang
12002213,12001832,30000051,210,rapidbus_penang
12001832,12001061,30000051,126,rapidbus_penang
12001061,12000474,30000051,123,rapidbus_penang
12000474,12001915,30000051,98,rapidbus_penang
12001915,12000611,30000051,58,rapidbus_penang
12000611,12000859,30000051,134,rapidbus_penang
12000859,12001936,30000051,138,rapidbus_penang
12001936,12001934,30000051,56,rapidbus_penang
12001934,12002972,30000051,83,rapidbus_penang
12002972,12002057,30000051,59,rapidbus_penang
12002057,12002973,30000051,101,rapidbus_penang
12001284,12002118,30000032,148,rapidbus_penang
12002118,12000255,30000032,88,rapidbus_penang
12000255,12002119,30000032,53,rapidbus_penang
12002119,12000256,30000032,47,rapidbus_penang
12000256,12000475,30000032,83,rapidbus_penang
12000475,12000535,30000032,84,rapidbus_penang
12000535,12000533,30000032,37,rapidbus_penang
12000533,12000531,30000032,38,rapidbus_penang
12000531,12001337,30000032,64,rapidbus_penang
12001337,12001339,30000032,86,rapidbus_penang
12001339,12001336,30000032,83,rapidbus_penang
12001336,12001334,30000032,49,rapidbus_penang
12001334,12001332,30000032,60,rapidbus_penang
12001332,12001328,30000032,106,rapidbus_penang
12001328,12001560,30000032,31,rapidbus_penang
12001560,12001558,30000032,51,rapidbus_penang
12001558,12001556,30000032,58,rapidbus_penang
12001556,12001555,30000032,59,rapidbus_penang
12001555,12001553,30000032,74,rapidbus_penang
12001553,12001551,30000032,22,rapidbus_penang
12001551,12001549,30000032,31,rapidbus_penang
12001549,12001547,30000032,108,rapidbus_penang
12001547,12002117,30000032,86,rapidbus_penang
12002117,12001543,30000032,28,rapidbus_penang
12001543,12001541,30000032,53,rapidbus_penang
12001541,12001530,30000032,85,rapidbus_penang
12001530,12001522,30000032,44,rapidbus_penang
12001522,12001512,30000032,42,rapidbus_penang
12001512,12001511,30000032,23,rapidbus_penang
12001511,12001510,30000032,24,rapidbus_penang
12001510,12001508,30000032,48,rapidbus_penang
12001508,12001507,30000032,25,rapidbus_penang
12001507,12002361,30000032,84,rapidbus_penang
12002361,12001173,30000032,63,rapidbus_penang
12001173,12001172,30000032,34,rapidbus_penang
12001172,12001171,30000032,29,rapidbus_penang
12001171,12001169,30000032,23,rapidbus_penang
12001169,12001168,30000032,33,rapidbus_penang
12001168,12001167,30000032,32,rapidbus_penang
12001167,12001175,30000032,37,rapidbus_penang
12001175,12000783,30000032,51,rapidbus_penang
12000783,12002362,30000032,122,rapidbus_penang
12002362,12002363,30000032,66,rapidbus_penang
12002363,12000781,30000032,51,rapidbus_penang
12000781,12000780,30000032,32,rapidbus_penang
12000780,12002364,30000032,78,rapidbus_penang
12002364,12000778,30000032,76,rapidbus_penang
12000778,12000777,30000032,39,rapidbus_penang
12000777,12000776,30000032,29,rapidbus_penang
12000776,12002365,30000032,46,rapidbus_penang
12002365,12000775,30000032,56,rapidbus_penang
12000775,12000774,30000032,28,rapidbus_penang
12000774,12000773,30000032,43,rapidbus_penang
12000773,12000772,30000032,41,rapidbus_penang
12000772,12000771,30000032,23,rapidbus_penang
12000771,12000770,30000032,32,rapidbus_penang
12000770,12000769,30000032,36,rapidbus_penang
12000769,12002201,30000032,198,rapidbus_penang
12002201,12000907,30000032,105,rapidbus_penang
12000907,12000031,30000032,220,rapidbus_penang
12000031,12000032,30000032,33,rapidbus_penang
12000032,12000033,30000032,54,rapidbus_penang
12000033,12000034,30000032,15,rapidbus_penang
12000034,12000035,30000032,40,rapidbus_penang
12000035,12000036,30000032,41,rapidbus_penang
12000036,12000037,30000032,44,rapidbus_penang
12000037,12002352,30000032,61,rapidbus_penang
12002352,12000038,30000032,73,rapidbus_penang
12000038,12000039,30000032,31,rapidbus_penang
12000039,12000040,30000032,50,rapidbus_penang
12000040,12000779,30000032,49,rapidbus_penang
12000779,12002202,30000032,84,rapidbus_penang
12002202,12002353,30000032,56,rapidbus_penang
12002353,12002354,30000032,84,rapidbus_penang
12002354,12002355,30000032,123,rapidbus_penang
12002355,12001166,30000032,86,rapidbus_penang
12001166,12002356,30000032,53,rapidbus_penang
12002356,12001170,30000032,38,rapidbus_penang
12001170,12001174,30000032,96,rapidbus_penang
12001174,12002357,30000032,62,rapidbus_penang
12002357,12001506,30000032,82,rapidbus_penang
12001506,12002358,30000032,33,rapidbus_penang
12002358,12001561,30000032,54,rapidbus_penang
12001561,12001562,30000032,30,rapidbus_penang
12001562,12001523,30000032,71,rapidbus_penang
12001523,12001526,30000032,37,rapidbus_penang
12001526,12001540,30000032,93,rapidbus_penang
12001540,12001542,30000032,62,rapidbus_penang
12001542,12001545,30000032,40,rapidbus_penang
12001545,12001546,30000032,35,rapidbus_penang
12001546,12001548,30000032,76,rapidbus_penang
12001548,12001550,30000032,112,rapidbus_penang
12001550,12001552,30000032,31,rapidbus_penang
12001552,12001554,30000032,93,rapidbus_penang
12001554,12001557,30000032,75,rapidbus_penang
12001557,12001559,30000032,71,rapidbus_penang
12001559,12001329,30000032,79,rapidbus_penang
12001329,12001330,30000032,57,rapidbus_penang
12001330,12001331,30000032,53,rapidbus_penang
12001331,12001333,30000032,46,rapidbus_penang
12001333,12001335,30000032,53,rapidbus_penang
12001335,12002359,30000032,45,rapidbus_penang
12002359,12001338,30000032,90,rapidbus_penang
12001338,12002360,30000032,62,rapidbus_penang
12002360,12000532,30000032,122,rapidbus_penang
12000532,12000534,30000032,53,rapidbus_penang
12000534,12002118,30000032,110,rapidbus_penang
12002118,12000252,30000032,75,rapidbus_penang
12000252,12002119,30000032,54,rapidbus_penang
12002119,12000255,30000032,59,rapidbus_penang
12000255,12001284,30000032,149,rapidbus_penang
12001734,12002387,30000031,270,rapidbus_penang
12002387,12001127,30000031,112,rapidbus_penang
12001127,12001126,30000031,86,rapidbus_penang
12001126,12002388,30000031,55,rapidbus_penang
12002388,12001046,30000031,131,rapidbus_penang
12001046,12001045,30000031,28,rapidbus_penang
12001045,12002384,30000031,28,rapidbus_penang
12002384,12001043,30000031,43,rapidbus_penang
12001043,12001040,30000031,108,rapidbus_penang
12001040,12001038,30000031,155,rapidbus_penang
12001038,12002390,30000031,78,rapidbus_penang
12002390,12001594,30000031,47,rapidbus_penang
12001594,12001593,30000031,37,rapidbus_penang
12001593,12002391,30000031,39,rapidbus_penang
12002391,12002393,30000031,130,rapidbus_penang
12002393,12000118,30000031,50,rapidbus_penang
12000118,12000116,30000031,53,rapidbus_penang
12000116,12000114,30000031,53,rapidbus_penang
12000114,12000112,30000031,81,rapidbus_penang
12000112,12000111,30000031,53,rapidbus_penang
12000111,12000108,30000031,65,rapidbus_penang
12000108,12002378,30000031,60,rapidbus_penang
12002378,12002038,30000031,34,rapidbus_penang
12002038,12002032,30000031,28,rapidbus_penang
12002032,12002033,30000031,49,rapidbus_penang
12002033,12002036,30000031,46,rapidbus_penang
12002036,12002376,30000031,76,rapidbus_penang
12002376,12001194,30000031,53,rapidbus_penang
12001194,12001193,30000031,29,rapidbus_penang
12001193,12002370,30000031,33,rapidbus_penang
12002370,12002369,30000031,64,rapidbus_penang
12002369,12002371,30000031,45,rapidbus_penang
12002371,12000124,30000031,123,rapidbus_penang
12000124,12000122,30000031,60,rapidbus_penang
12000122,12000121,30000031,84,rapidbus_penang
12000121,12002549,30000031,45,rapidbus_penang
12002549,12002322,30000031,169,rapidbus_penang
12002322,12000120,30000031,456,rapidbus_penang
12000120,12000123,30000031,101,rapidbus_penang
12000123,12000125,30000031,62,rapidbus_penang
12000125,12001701,30000031,78,rapidbus_penang
12001701,12001702,30000031,18,rapidbus_penang
12001702,12001705,30000031,45,rapidbus_penang
12001705,12001195,30000031,85,rapidbus_penang
12001195,12001196,30000031,28,rapidbus_penang
12001196,12002377,30000031,46,rapidbus_penang
12002377,12000853,30000031,55,rapidbus_penang
12000853,12002037,30000031,30,rapidbus_penang
12002037,12002035,30000031,30,rapidbus_penang
12002035,12002034,30000031,33,rapidbus_penang
12002034,12002039,30000031,45,rapidbus_penang
12002039,12002378,30000031,34,rapidbus_penang
12002378,12000107,30000031,35,rapidbus_penang
12000107,12000109,30000031,51,rapidbus_penang
12000109,12000110,30000031,24,rapidbus_penang
12000110,12002379,30000031,58,rapidbus_penang
12002379,12000113,30000031,33,rapidbus_penang
12000113,12000115,30000031,75,rapidbus_penang
12000115,12002380,30000031,22,rapidbus_penang
12002380,12000119,30000031,63,rapidbus_penang
12000119,12002381,30000031,33,rapidbus_penang
12002381,12001591,30000031,114,rapidbus_penang
12001591,12001592,30000031,40,rapidbus_penang
12001592,12001595,30000031,37,rapidbus_penang
12001595,12002382,30000031,46,rapidbus_penang
12002382,12002383,30000031,68,rapidbus_penang
12002383,12001039,30000031,76,rapidbus_penang
12001039,12001041,30000031,87,rapidbus_penang
12001041,12001042,30000031,74,rapidbus_penang
12001042,12002384,30000031,57,rapidbus_penang
12002384,12001044,30000031,26,rapidbus_penang
12001044,12002385,30000031,162,rapidbus_penang
12002385,12002386,30000031,71,rapidbus_penang
12002386,12001734,30000031,302,rapidbus_penang
12002981,12000856,30000046,23,rapidbus_penang
12000856,12000541,30000046,62,rapidbus_penang
12000541,12001291,30000046,54,rapidbus_penang
12001291,12000597,30000046,75,rapidbus_penang
12000597,12000134,30000046,63,rapidbus_penang
12000134,12000132,30000046,44,rapidbus_penang
12000132,12000131,30000046,47,rapidbus_penang
12000131,12000129,30000046,37,rapidbus_penang
12000129,12000126,30000046,40,rapidbus_penang
12000126,12002979,30000046,1625,rapidbus_penang
12002979,12002980,30000046,480,rapidbus_penang
12002980,12002322,30000046,450,rapidbus_penang
12002322,12000127,30000046,2512,rapidbus_penang
12000127,12000128,30000046,46,rapidbus_penang
12000128,12000130,30000046,42,rapidbus_penang
12000130,12000133,30000046,89,rapidbus_penang
12000133,12000596,30000046,67,rapidbus_penang
12000596,12001291,30000046,60,rapidbus_penang
12001291,12002502,30000046,65,rapidbus_penang
12002502,12002981,30000046,119,rapidbus_penang
12002214,12003017,30000119,30,rapidbus_penang
12003017,12003018,30000119,98,rapidbus_penang
12003018,12003019,30000119,73,rapidbus_penang
12003019,12003020,30000119,63,rapidbus_penang
12003020,12003021,30000119,23,rapidbus_penang
12003021,12003022,30000119,52,rapidbus_penang
12003022,12003023,30000119,42,rapidbus_penang
12003023,12003024,30000119,43,rapidbus_penang
12003024,12003025,30000119,47,rapidbus_penang
12003025,12003026,30000119,58,rapidbus_penang
12003026,12003027,30000119,40,rapidbus_penang
12003027,12003028,30000119,39,rapidbus_penang
12003028,12003029,30000119,168,rapidbus_penang
12003029,12001498,30000119,141,rapidbus_penang
12001498,12003136,30000119,74,rapidbus_penang
12003136,12001991,30000119,36,rapidbus_penang
12001991,12000297,30000119,105,rapidbus_penang
12000297,12000296,30000119,50,rapidbus_penang
12000296,12000294,30000119,56,rapidbus_penang
12000294,12001847,30000119,80,rapidbus_penang
12001847,12001955,30000119,168,rapidbus_penang
12001955,12002059,30000119,310,rapidbus_penang
12002059,12002062,30000119,111,rapidbus_penang
12002062,12000079,30000119,137,rapidbus_penang
12000079,12001492,30000119,77,rapidbus_penang
12001492,12001494,30000119,50,rapidbus_penang
12001494,12001497,30000119,66,rapidbus_penang
12001497,12001500,30000119,106,rapidbus_penang
12001500,12001502,30000119,34,rapidbus_penang
12001502,12001504,30000119,58,rapidbus_penang
12001504,12003026,30000119,93,rapidbus_penang
12003028,12002214,30000119,93,rapidbus_penang
12002115,12000140,30000021,80,rapidbus_penang
12000140,12001567,30000021,26,rapidbus_penang
12001567,12001568,30000021,26,rapidbus_penang
12001568,12001572,30000021,42,rapidbus_penang
12001572,12001573,30000021,38,rapidbus_penang
12001573,12001575,30000021,44,rapidbus_penang
12001575,12001579,30000021,63,rapidbus_penang
12001579,12001582,30000021,41,rapidbus_penang
12001582,12000175,30000021,36,rapidbus_penang
12000175,12000173,30000021,72,rapidbus_penang
12000173,12000171,30000021,51,rapidbus_penang
12000171,12000168,30000021,26,rapidbus_penang
12000168,12000167,30000021,20,rapidbus_penang
12000167,12000735,30000021,66,rapidbus_penang
12000735,12000736,30000021,26,rapidbus_penang
12000736,12000738,30000021,25,rapidbus_penang
12000738,12000737,30000021,89,rapidbus_penang
12000737,12002257,30000021,22,rapidbus_penang
12002257,12002258,30000021,24,rapidbus_penang
12002258,12000734,30000021,32,rapidbus_penang
12000734,12000164,30000021,44,rapidbus_penang
12000164,12000161,30000021,42,rapidbus_penang
12000161,12000159,30000021,33,rapidbus_penang
12000159,12000157,30000021,28,rapidbus_penang
12000157,12000153,30000021,55,rapidbus_penang
12000153,12001565,30000021,96,rapidbus_penang
12001565,12000663,30000021,55,rapidbus_penang
12000663,12000662,30000021,23,rapidbus_penang
12000662,12000661,30000021,67,rapidbus_penang
12000661,12000660,30000021,58,rapidbus_penang
12000660,12000659,30000021,38,rapidbus_penang
12000659,12000658,30000021,82,rapidbus_penang
12000658,12000657,30000021,45,rapidbus_penang
12000657,12000656,30000021,42,rapidbus_penang
12000656,12000653,30000021,60,rapidbus_penang
12000653,12000651,30000021,28,rapidbus_penang
12000651,12000654,30000021,55,rapidbus_penang
12000654,12000664,30000021,39,rapidbus_penang
12000664,12000652,30000021,18,rapidbus_penang
12000652,12000665,30000021,41,rapidbus_penang
12000665,12000655,30000021,22,rapidbus_penang
12000655,12000632,30000021,26,rapidbus_penang
12000632,12000633,30000021,47,rapidbus_penang
12000633,12000634,30000021,52,rapidbus_penang
12000634,12000629,30000021,49,rapidbus_penang
12000629,12000630,30000021,83,rapidbus_penang
12000630,12000631,30000021,60,rapidbus_penang
12000631,12000152,30000021,56,rapidbus_penang
12000152,12000154,30000021,26,rapidbus_penang
12000154,12000155,30000021,18,rapidbus_penang
12000155,12000156,30000021,28,rapidbus_penang
12000156,12000158,30000021,23,rapidbus_penang
12000158,12000160,30000021,35,rapidbus_penang
12000160,12000162,30000021,24,rapidbus_penang
12000162,12000163,30000021,22,rapidbus_penang
12000163,12000165,30000021,18,rapidbus_penang
12000165,12000735,30000021,60,rapidbus_penang
12000734,12000166,30000021,34,rapidbus_penang
12000166,12000169,30000021,29,rapidbus_penang
12000169,12000170,30000021,18,rapidbus_penang
12000170,12000172,30000021,33,rapidbus_penang
12000172,12000174,30000021,28,rapidbus_penang
12000174,12000176,30000021,68,rapidbus_penang
12000176,12001580,30000021,41,rapidbus_penang
12001580,12001578,30000021,37,rapidbus_penang
12001578,12001577,30000021,34,rapidbus_penang
12001577,12001576,30000021,29,rapidbus_penang
12001576,12001574,30000021,41,rapidbus_penang
12001574,12001570,30000021,42,rapidbus_penang
12001570,12001569,30000021,37,rapidbus_penang
12001569,12001566,30000021,39,rapidbus_penang
12001566,12001886,30000021,46,rapidbus_penang
12001886,12002115,30000021,80,rapidbus_penang
12002115,12000140,30000022,69,rapidbus_penang
12000140,12001567,30000022,22,rapidbus_penang
12001567,12001568,30000022,22,rapidbus_penang
12001568,12001572,30000022,36,rapidbus_penang
12001572,12001573,30000022,33,rapidbus_penang
12001573,12001575,30000022,37,rapidbus_penang
12001575,12002225,30000022,18,rapidbus_penang
12002225,12001579,30000022,36,rapidbus_penang
12001579,12001582,30000022,35,rapidbus_penang
12001582,12001599,30000022,40,rapidbus_penang
12001599,12001478,30000022,41,rapidbus_penang
12001478,12001480,30000022,44,rapidbus_penang
12001480,12001479,30000022,63,rapidbus_penang
12001479,12001602,30000022,56,rapidbus_penang
12001602,12001604,30000022,28,rapidbus_penang
12001604,12001608,30000022,38,rapidbus_penang
12001608,12002277,30000022,14,rapidbus_penang
12002277,12002276,30000022,18,rapidbus_penang
12002276,12001611,30000022,24,rapidbus_penang
12001611,12001614,30000022,26,rapidbus_penang
12001614,12001616,30000022,22,rapidbus_penang
12001616,12001620,30000022,60,rapidbus_penang
12001620,12000763,30000022,23,rapidbus_penang
12000763,12000764,30000022,61,rapidbus_penang
12000764,12000766,30000022,22,rapidbus_penang
12000766,12000762,30000022,73,rapidbus_penang
12000762,12000761,30000022,42,rapidbus_penang
12000761,12002273,30000022,45,rapidbus_penang
12002273,12002274,30000022,38,rapidbus_penang
12002274,12000767,30000022,46,rapidbus_penang
12000767,12000765,30000022,83,rapidbus_penang
12000765,12001622,30000022,18,rapidbus_penang
12001622,12002272,30000022,22,rapidbus_penang
12002272,12001626,30000022,24,rapidbus_penang
12001626,12000974,30000022,15,rapidbus_penang
12000974,12000976,30000022,31,rapidbus_penang
12000976,12000979,30000022,23,rapidbus_penang
12000979,12000980,30000022,28,rapidbus_penang
12000980,12002275,30000022,22,rapidbus_penang
12002275,12000983,30000022,45,rapidbus_penang
12000983,12000984,30000022,88,rapidbus_penang
12000984,12000985,30000022,26,rapidbus_penang
12000985,12000986,30000022,86,rapidbus_penang
12000986,12000989,30000022,56,rapidbus_penang
12000989,12000988,30000022,37,rapidbus_penang
12000988,12000987,30000022,67,rapidbus_penang
12000987,12000982,30000022,54,rapidbus_penang
12000982,12000981,30000022,20,rapidbus_penang
12000981,12000978,30000022,32,rapidbus_penang
12000978,12000977,30000022,20,rapidbus_penang
12000977,12000975,30000022,31,rapidbus_penang
12000975,12001625,30000022,22,rapidbus_penang
12001625,12001623,30000022,16,rapidbus_penang
12001623,12001621,30000022,24,rapidbus_penang
12001621,12000763,30000022,28,rapidbus_penang
12000765,12001619,30000022,24,rapidbus_penang
12001619,12001618,30000022,48,rapidbus_penang
12001618,12001613,30000022,28,rapidbus_penang
12001613,12001612,30000022,21,rapidbus_penang
12001612,12001610,30000022,26,rapidbus_penang
12001610,12001607,30000022,35,rapidbus_penang
12001607,12001606,30000022,23,rapidbus_penang
12001606,12001603,30000022,18,rapidbus_penang
12001603,12001601,30000022,26,rapidbus_penang
12001601,12001478,30000022,11,rapidbus_penang
12001479,12001600,30000022,56,rapidbus_penang
12001600,12001597,30000022,35,rapidbus_penang
12001597,12001580,30000022,36,rapidbus_penang
12001580,12001578,30000022,32,rapidbus_penang
12001578,12001577,30000022,28,rapidbus_penang
12001577,12001576,30000022,26,rapidbus_penang
12001576,12001574,30000022,36,rapidbus_penang
12001574,12001570,30000022,36,rapidbus_penang
12001570,12001569,30000022,32,rapidbus_penang
12001569,12001566,30000022,34,rapidbus_penang
12001566,12001886,30000022,39,rapidbus_penang
12001886,12002115,30000022,82,rapidbus_penang
12002162,12002164,30000045,79,rapidbus_penang
12002164,12002165,30000045,83,rapidbus_penang
12002165,12000939,30000045,81,rapidbus_penang
12000939,12000266,30000045,74,rapidbus_penang
12000266,12000269,30000045,142,rapidbus_penang
12000269,12000271,30000045,72,rapidbus_penang
12000271,12000441,30000045,99,rapidbus_penang
12000441,12000914,30000045,97,rapidbus_penang
12000914,12000916,30000045,104,rapidbus_penang
12000916,12000918,30000045,52,rapidbus_penang
12000918,12000919,30000045,50,rapidbus_penang
12000919,12000179,30000045,2270,rapidbus_penang
12000179,12000180,30000045,36,rapidbus_penang
12000180,12002322,30000045,361,rapidbus_penang
12002322,12000191,30000045,446,rapidbus_penang
12000191,12000190,30000045,36,rapidbus_penang
12000190,12000920,30000045,1989,rapidbus_penang
12000920,12002333,30000045,50,rapidbus_penang
12002333,12000917,30000045,39,rapidbus_penang
12000917,12000915,30000045,88,rapidbus_penang
12000915,12002500,30000045,90,rapidbus_penang
12002500,12000440,30000045,79,rapidbus_penang
12000440,12000270,30000045,36,rapidbus_penang
12000270,12000269,30000045,36,rapidbus_penang
12000269,12000268,30000045,25,rapidbus_penang
12000268,12000267,30000045,73,rapidbus_penang
12000267,12000940,30000045,91,rapidbus_penang
12000940,12001369,30000045,74,rapidbus_penang
12001369,12002164,30000045,68,rapidbus_penang
12002164,12002162,30000045,80,rapidbus_penang
12000486,12000508,30000034,80,rapidbus_penang
12000508,12000488,30000034,36,rapidbus_penang
12000488,12002566,30000034,38,rapidbus_penang
12002566,12001871,30000034,61,rapidbus_penang
12001871,12002996,30000034,37,rapidbus_penang
12002996,12002997,30000034,26,rapidbus_penang
12002997,12002998,30000034,39,rapidbus_penang
12002998,12002999,30000034,35,rapidbus_penang
12002999,12002569,30000034,77,rapidbus_penang
12002569,12001852,30000034,105,rapidbus_penang
12001852,12001872,30000034,50,rapidbus_penang
12001872,12001873,30000034,51,rapidbus_penang
12001873,12002567,30000034,66,rapidbus_penang
12002567,12001875,30000034,36,rapidbus_penang
12001875,12002090,30000034,89,rapidbus_penang
12002090,12002087,30000034,56,rapidbus_penang
12002087,12002568,30000034,60,rapidbus_penang
12002568,12002949,30000034,63,rapidbus_penang
12002949,12002952,30000034,49,rapidbus_penang
12002952,12001863,30000034,71,rapidbus_penang
12001863,12002966,30000034,52,rapidbus_penang
12002966,12002967,30000034,79,rapidbus_penang
12002967,12001856,30000034,118,rapidbus_penang
12001856,12002576,30000034,66,rapidbus_penang
12002576,12002075,30000034,53,rapidbus_penang
12002075,12002074,30000034,22,rapidbus_penang
12002074,12002072,30000034,33,rapidbus_penang
12002072,12001923,30000034,33,rapidbus_penang
12001923,12000255,30000034,148,rapidbus_penang
12000255,12000253,30000034,52,rapidbus_penang
12000253,12000251,30000034,39,rapidbus_penang
12000251,12000250,30000034,42,rapidbus_penang
12000250,12001284,30000034,118,rapidbus_penang
12001284,12002118,30000034,161,rapidbus_penang
12002118,12000252,30000034,76,rapidbus_penang
12000252,12002119,30000034,54,rapidbus_penang
12002119,12000255,30000034,58,rapidbus_penang
12000255,12001924,30000034,183,rapidbus_penang
12001924,12002073,30000034,32,rapidbus_penang
12002073,12000402,30000034,55,rapidbus_penang
12000402,12002576,30000034,27,rapidbus_penang
12002074,12001855,30000034,75,rapidbus_penang
12001855,12001857,30000034,61,rapidbus_penang
12001857,12001860,30000034,166,rapidbus_penang
12001860,12001862,30000034,58,rapidbus_penang
12001862,12001864,30000034,60,rapidbus_penang
12001864,12002951,30000034,80,rapidbus_penang
12002951,12002950,30000034,58,rapidbus_penang
12002950,12002089,30000034,75,rapidbus_penang
12002089,12002088,30000034,70,rapidbus_penang
12002088,12002572,30000034,63,rapidbus_penang
12002572,12001869,30000034,116,rapidbus_penang
12001869,12002573,30000034,35,rapidbus_penang
12002573,12001858,30000034,78,rapidbus_penang
12001858,12001853,30000034,70,rapidbus_penang
12001853,12001851,30000034,47,rapidbus_penang
12001851,12002574,30000034,129,rapidbus_penang
12002574,12002995,30000034,163,rapidbus_penang
12002995,12001849,30000034,66,rapidbus_penang
12001849,12003000,30000034,73,rapidbus_penang
12003000,12000487,30000034,47,rapidbus_penang
12000487,12000486,30000034,42,rapidbus_penang
12001923,12000253,30000034,232,rapidbus_penang
12002322,12000910,30000038,420,rapidbus_penang
12000910,12000913,30000038,59,rapidbus_penang
12000913,12000396,30000038,83,rapidbus_penang
12000396,12000397,30000038,54,rapidbus_penang
12000397,12000398,30000038,52,rapidbus_penang
12000398,12000395,30000038,230,rapidbus_penang
12000395,12000394,30000038,41,rapidbus_penang
12000394,12000192,30000038,93,rapidbus_penang
12000192,12000191,30000038,58,rapidbus_penang
12000191,12000190,30000038,54,rapidbus_penang
12000190,12001067,30000038,79,rapidbus_penang
12001067,12001877,30000038,293,rapidbus_penang
12001877,12001878,30000038,68,rapidbus_penang
12001878,12001880,30000038,40,rapidbus_penang
12001880,12001995,30000038,46,rapidbus_penang
12001995,12002020,30000038,32,rapidbus_penang
12002020,12001953,30000038,86,rapidbus_penang
12001953,12002647,30000038,51,rapidbus_penang
12002647,12002989,30000038,105,rapidbus_penang
12002989,12001830,30000038,74,rapidbus_penang
12001830,12002647,30000038,67,rapidbus_penang
12002647,12001994,30000038,520,rapidbus_penang
12001994,12002091,30000038,50,rapidbus_penang
12002091,12002093,30000038,105,rapidbus_penang
12002093,12002092,30000038,34,rapidbus_penang
12002092,12001993,30000038,99,rapidbus_penang
12001993,12001957,30000038,279,rapidbus_penang
12001957,12002543,30000038,76,rapidbus_penang
12002543,12002989,30000038,82,rapidbus_penang
12002647,12002530,30000038,129,rapidbus_penang
12002530,12001810,30000038,44,rapidbus_penang
12001810,12002021,30000038,30,rapidbus_penang
12002021,12001996,30000038,52,rapidbus_penang
12001996,12001809,30000038,75,rapidbus_penang
12001809,12001388,30000038,122,rapidbus_penang
12001388,12001877,30000038,52,rapidbus_penang
12001880,12001881,30000038,201,rapidbus_penang
12001881,12001879,30000038,28,rapidbus_penang
12001879,12002025,30000038,74,rapidbus_penang
12002025,12002024,30000038,48,rapidbus_penang
12002024,12001876,30000038,45,rapidbus_penang
12001876,12001067,30000038,398,rapidbus_penang
12001067,12000179,30000038,95,rapidbus_penang
12000179,12000180,30000038,44,rapidbus_penang
12000180,12000389,30000038,176,rapidbus_penang
12000389,12000390,30000038,39,rapidbus_penang
12000390,12000393,30000038,224,rapidbus_penang
12000393,12000392,30000038,63,rapidbus_penang
12000392,12000391,30000038,24,rapidbus_penang
12000391,12002349,30000038,35,rapidbus_penang
12002349,12000911,30000038,90,rapidbus_penang
12000911,12000909,30000038,54,rapidbus_penang
12000909,12002322,30000038,154,rapidbus_penang
12002102,12002099,30000006,103,rapidbus_penang
12002099,12002100,30000006,30,rapidbus_penang
12002100,12002101,30000006,55,rapidbus_penang
12002101,12001020,30000006,133,rapidbus_penang
12001020,12002286,30000006,114,rapidbus_penang
12002286,12001023,30000006,56,rapidbus_penang
12001023,12001969,30000006,180,rapidbus_penang
12001969,12001971,30000006,69,rapidbus_penang
12001971,12001973,30000006,49,rapidbus_penang
12001973,12000049,30000006,291,rapidbus_penang
12000049,12001372,30000006,181,rapidbus_penang
12001372,12000048,30000006,75,rapidbus_penang
12000048,12000050,30000006,40,rapidbus_penang
12000050,12001812,30000006,130,rapidbus_penang
12001812,12001814,30000006,72,rapidbus_penang
12001814,12001815,30000006,84,rapidbus_penang
12001815,12001816,30000006,111,rapidbus_penang
12001816,12001817,30000006,83,rapidbus_penang
12001817,12002288,30000006,69,rapidbus_penang
12002288,12001373,30000006,75,rapidbus_penang
12001373,12001377,30000006,86,rapidbus_penang
12001377,12001379,30000006,98,rapidbus_penang
12001379,12000967,30000006,123,rapidbus_penang
12000967,12002299,30000006,48,rapidbus_penang
12002299,12000963,30000006,87,rapidbus_penang
12000963,12000071,30000006,130,rapidbus_penang
12000071,12000073,30000006,116,rapidbus_penang
12000073,12000074,30000006,115,rapidbus_penang
12000074,12000448,30000006,110,rapidbus_penang
12000448,12000460,30000006,110,rapidbus_penang
12000460,12000455,30000006,146,rapidbus_penang
12000455,12000445,30000006,94,rapidbus_penang
12000445,12000453,30000006,104,rapidbus_penang
12000453,12000459,30000006,57,rapidbus_penang
12000459,12000462,30000006,55,rapidbus_penang
12000462,12001060,30000006,56,rapidbus_penang
12001060,12001832,30000006,123,rapidbus_penang
12001832,12001835,30000006,80,rapidbus_penang
12001835,12001399,30000006,48,rapidbus_penang
12001399,12001397,30000006,44,rapidbus_penang
12001397,12001921,30000006,82,rapidbus_penang
12001921,12001919,30000006,76,rapidbus_penang
12001919,12001917,30000006,84,rapidbus_penang
12001917,12002318,30000006,91,rapidbus_penang
12002318,12002056,30000006,59,rapidbus_penang
12002056,12002058,30000006,110,rapidbus_penang
12002058,12002971,30000006,37,rapidbus_penang
12002971,12001943,30000006,28,rapidbus_penang
12001943,12002972,30000006,69,rapidbus_penang
12002972,12002057,30000006,63,rapidbus_penang
12002057,12002114,30000006,151,rapidbus_penang
12002114,12000007,30000006,49,rapidbus_penang
12000007,12001916,30000006,70,rapidbus_penang
12001916,12001918,30000006,59,rapidbus_penang
12001918,12001920,30000006,49,rapidbus_penang
12001920,12001922,30000006,78,rapidbus_penang
12001922,12001064,30000006,59,rapidbus_penang
12001064,12001061,30000006,39,rapidbus_penang
12001061,12002116,30000006,154,rapidbus_penang
12002116,12000461,30000006,70,rapidbus_penang
12000461,12000456,30000006,58,rapidbus_penang
12000456,12000443,30000006,78,rapidbus_penang
12000443,12002112,30000006,82,rapidbus_penang
12002112,12000449,30000006,83,rapidbus_penang
12000449,12000458,30000006,100,rapidbus_penang
12000458,12000077,30000006,94,rapidbus_penang
12000077,12000076,30000006,62,rapidbus_penang
12000076,12000075,30000006,87,rapidbus_penang
12000075,12000072,30000006,127,rapidbus_penang
12000072,12000070,30000006,114,rapidbus_penang
12000070,12000069,30000006,178,rapidbus_penang
12000069,12000962,30000006,45,rapidbus_penang
12000962,12000964,30000006,44,rapidbus_penang
12000964,12000966,30000006,62,rapidbus_penang
12000966,12000968,30000006,70,rapidbus_penang
12000968,12001378,30000006,73,rapidbus_penang
12001378,12001376,30000006,89,rapidbus_penang
12001376,12001375,30000006,26,rapidbus_penang
12001375,12001374,30000006,53,rapidbus_penang
12001374,12000063,30000006,75,rapidbus_penang
12000063,12001822,30000006,52,rapidbus_penang
12001822,12001821,30000006,105,rapidbus_penang
12001821,12002991,30000006,52,rapidbus_penang
12002991,12001820,30000006,37,rapidbus_penang
12001820,12001819,30000006,104,rapidbus_penang
12001819,12001818,30000006,69,rapidbus_penang
12001818,12000049,30000006,109,rapidbus_penang
12001372,12001999,30000006,84,rapidbus_penang
12001999,12001974,30000006,69,rapidbus_penang
12001974,12001972,30000006,66,rapidbus_penang
12001972,12001970,30000006,69,rapidbus_penang
12001970,12001022,30000006,182,rapidbus_penang
12001022,12002290,30000006,51,rapidbus_penang
12002290,12001021,30000006,93,rapidbus_penang
12001021,12001019,30000006,112,rapidbus_penang
12001019,12002102,30000006,73,rapidbus_penang
12002101,12001019,30000006,174,rapidbus_penang
12002988,12002213,30000139,110,rapidbus_penang
12002213,12000827,30000139,79,rapidbus_penang
12000827,12000830,30000139,91,rapidbus_penang
12000830,12002208,30000139,85,rapidbus_penang
12002208,12000051,30000139,53,rapidbus_penang
12000051,12001080,30000139,103,rapidbus_penang
12001080,12002203,30000139,86,rapidbus_penang
12002203,12001081,30000139,11,rapidbus_penang
12001081,12001355,30000139,108,rapidbus_penang
12001355,12003627,30000139,55,rapidbus_penang
12003627,12001894,30000139,93,rapidbus_penang
12001894,12000460,30000139,76,rapidbus_penang
12000460,12001079,30000139,91,rapidbus_penang
12001079,12001080,30000139,72,rapidbus_penang
12001080,12000833,30000139,73,rapidbus_penang
12000833,12000832,30000139,53,rapidbus_penang
12000832,12000831,30000139,46,rapidbus_penang
12000831,12000829,30000139,53,rapidbus_penang
12000829,12000828,30000139,78,rapidbus_penang
12000828,12001060,30000139,43,rapidbus_penang
12001060,12002213,30000139,101,rapidbus_penang
12002213,12002988,30000139,240,rapidbus_penang
12002530,12001809,30000100,55,rapidbus_penang
12001809,12001388,30000100,118,rapidbus_penang
12001388,12002994,30000100,139,rapidbus_penang
12002994,12001067,30000100,377,rapidbus_penang
12001067,12002108,30000100,577,rapidbus_penang
12002108,12001981,30000100,1274,rapidbus_penang
12001981,12002068,30000100,156,rapidbus_penang
12002068,12002064,30000100,62,rapidbus_penang
12002064,12002303,30000100,55,rapidbus_penang
12002303,12002060,30000100,82,rapidbus_penang
12002060,12002059,30000100,43,rapidbus_penang
12002059,12002483,30000100,253,rapidbus_penang
12002483,12001843,30000100,105,rapidbus_penang
12001843,12001844,30000100,67,rapidbus_penang
12001844,12001841,30000100,41,rapidbus_penang
12001841,12000851,30000100,134,rapidbus_penang
12000851,12000882,30000100,175,rapidbus_penang
12000882,12000885,30000100,34,rapidbus_penang
12000885,12000849,30000100,44,rapidbus_penang
12000849,12001933,30000100,174,rapidbus_penang
12001933,12000014,30000100,51,rapidbus_penang
12000014,12000013,30000100,93,rapidbus_penang
12000013,12001931,30000100,53,rapidbus_penang
12001931,12001930,30000100,58,rapidbus_penang
12001930,12002094,30000100,41,rapidbus_penang
12002094,12002011,30000100,51,rapidbus_penang
12002011,12002095,30000100,37,rapidbus_penang
12002095,12001961,30000100,363,rapidbus_penang
12001961,12001963,30000100,48,rapidbus_penang
12001963,12001965,30000100,51,rapidbus_penang
12001965,12001967,30000100,58,rapidbus_penang
12001967,12001968,30000100,46,rapidbus_penang
12001968,12001426,30000100,141,rapidbus_penang
12001426,12001424,30000100,103,rapidbus_penang
12001424,12000874,30000100,117,rapidbus_penang
12000874,12000875,30000100,27,rapidbus_penang
12000875,12001952,30000100,156,rapidbus_penang
12001952,12001950,30000100,32,rapidbus_penang
12001950,12001949,30000100,44,rapidbus_penang
12001949,12002043,30000100,53,rapidbus_penang
12002043,12002044,30000100,50,rapidbus_penang
12002044,12000876,30000100,68,rapidbus_penang
12000876,12002317,30000100,41,rapidbus_penang
12002317,12001803,30000100,62,rapidbus_penang
12001803,12002974,30000100,191,rapidbus_penang
12002974,12000851,30000100,18,rapidbus_penang
12000851,12001837,30000100,66,rapidbus_penang
12001837,12001840,30000100,50,rapidbus_penang
12001840,12001842,30000100,48,rapidbus_penang
12001842,12001845,30000100,45,rapidbus_penang
12001845,12001847,30000100,61,rapidbus_penang
12001847,12001955,30000100,128,rapidbus_penang
12001955,12002059,30000100,229,rapidbus_penang
12002059,12002063,30000100,85,rapidbus_penang
12002063,12002066,30000100,53,rapidbus_penang
12002066,12002069,30000100,57,rapidbus_penang
12002069,12001989,30000100,177,rapidbus_penang
12001989,12002109,30000100,1249,rapidbus_penang
12002109,12001067,30000100,436,rapidbus_penang
12001067,12001877,30000100,273,rapidbus_penang
12001877,12001878,30000100,65,rapidbus_penang
12001878,12001880,30000100,40,rapidbus_penang
12001880,12001830,30000100,218,rapidbus_penang
12001830,12002530,30000100,62,rapidbus_penang
12000851,12002974,30000100,36,rapidbus_penang
12000849,12000025,30000100,729,rapidbus_penang
12000025,12002004,30000100,80,rapidbus_penang
12002004,12002005,30000100,75,rapidbus_penang
12002005,12002006,30000100,57,rapidbus_penang
12002006,12002008,30000100,53,rapidbus_penang
12002008,12002007,30000100,73,rapidbus_penang
12002007,12002070,30000100,44,rapidbus_penang
12002070,12002050,30000100,55,rapidbus_penang
12002050,12002052,30000100,62,rapidbus_penang
12002052,12002051,30000100,93,rapidbus_penang
12002051,12002049,30000100,75,rapidbus_penang
12002049,12002010,30000100,75,rapidbus_penang
12002010,12002009,30000100,60,rapidbus_penang
12002009,12002003,30000100,51,rapidbus_penang
12002003,12000026,30000100,249,rapidbus_penang
12000026,12000029,30000100,117,rapidbus_penang
12000029,12000030,30000100,42,rapidbus_penang
12000030,12000028,30000100,97,rapidbus_penang
12000028,12000027,30000100,44,rapidbus_penang
12000027,12000607,30000100,620,rapidbus_penang
12000607,12000608,30000100,37,rapidbus_penang
12000608,12000609,30000100,68,rapidbus_penang
12000609,12000846,30000100,137,rapidbus_penang
12000846,12000847,30000100,44,rapidbus_penang
12000847,12000848,30000100,51,rapidbus_penang
12000848,12000851,30000100,75,rapidbus_penang
12002530,12001809,30000103,61,rapidbus_penang
12001809,12001388,30000103,129,rapidbus_penang
12001388,12002994,30000103,152,rapidbus_penang
12002994,12001067,30000103,413,rapidbus_penang
12001067,12002108,30000103,632,rapidbus_penang
12002108,12001981,30000103,1393,rapidbus_penang
12001981,12002068,30000103,172,rapidbus_penang
12002068,12002064,30000103,66,rapidbus_penang
12002064,12002303,30000103,61,rapidbus_penang
12002303,12002060,30000103,91,rapidbus_penang
12002060,12000607,30000103,243,rapidbus_penang
12000607,12000608,30000103,38,rapidbus_penang
12000608,12001930,30000103,54,rapidbus_penang
12001930,12002094,30000103,44,rapidbus_penang
12002094,12002011,30000103,56,rapidbus_penang
12002011,12002095,30000103,41,rapidbus_penang
12002095,12001933,30000103,153,rapidbus_penang
12001933,12000014,30000103,57,rapidbus_penang
12000014,12000013,30000103,100,rapidbus_penang
12000013,12001931,30000103,61,rapidbus_penang
12001931,12001961,30000103,337,rapidbus_penang
12001961,12001963,30000103,51,rapidbus_penang
12001963,12001965,30000103,57,rapidbus_penang
12001965,12001967,30000103,64,rapidbus_penang
12001967,12001968,30000103,51,rapidbus_penang
12001968,12001426,30000103,155,rapidbus_penang
12001426,12001424,30000103,114,rapidbus_penang
12001424,12000874,30000103,129,rapidbus_penang
12000874,12000875,30000103,29,rapidbus_penang
12000875,12001952,30000103,172,rapidbus_penang
12001952,12001950,30000103,36,rapidbus_penang
12001950,12002043,30000103,97,rapidbus_penang
12002043,12002044,30000103,56,rapidbus_penang
12002044,12000876,30000103,74,rapidbus_penang
12000876,12002317,30000103,44,rapidbus_penang
12002317,12001803,30000103,69,rapidbus_penang
12001803,12000851,30000103,158,rapidbus_penang
12000851,12002974,30000103,50,rapidbus_penang
12002974,12000851,30000103,27,rapidbus_penang
12000851,12001933,30000103,684,rapidbus_penang
12001931,12002094,30000103,154,rapidbus_penang
12002095,12001961,30000103,606,rapidbus_penang
12001952,12001951,30000103,55,rapidbus_penang
12001951,12002043,30000103,148,rapidbus_penang
12002317,12000879,30000103,71,rapidbus_penang
12000879,12000882,30000103,91,rapidbus_penang
12000882,12000885,30000103,57,rapidbus_penang
12000885,12000849,30000103,71,rapidbus_penang
12000849,12001432,30000103,154,rapidbus_penang
12001432,12001955,30000103,226,rapidbus_penang
12001955,12002059,30000103,408,rapidbus_penang
12002059,12002063,30000103,148,rapidbus_penang
12002063,12002066,30000103,93,rapidbus_penang
12002066,12002069,30000103,99,rapidbus_penang
12002069,12001989,30000103,314,rapidbus_penang
12001989,12002109,30000103,2240,rapidbus_penang
12002109,12001067,30000103,777,rapidbus_penang
12001067,12001877,30000103,485,rapidbus_penang
12001877,12001878,30000103,115,rapidbus_penang
12001878,12001880,30000103,68,rapidbus_penang
12001880,12001830,30000103,386,rapidbus_penang
12001830,12002530,30000103,108,rapidbus_penang
12002530,12001809,30000104,56,rapidbus_penang
12001809,12001388,30000104,118,rapidbus_penang
12001388,12002994,30000104,141,rapidbus_penang
12002994,12001067,30000104,378,rapidbus_penang
12001067,12002108,30000104,580,rapidbus_penang
12002108,12001981,30000104,1276,rapidbus_penang
12001981,12002068,30000104,157,rapidbus_penang
12002068,12002064,30000104,60,rapidbus_penang
12002064,12002303,30000104,56,rapidbus_penang
12002303,12002060,30000104,83,rapidbus_penang
12002060,12000025,30000104,572,rapidbus_penang
12000025,12002004,30000104,65,rapidbus_penang
12002004,12002005,30000104,65,rapidbus_penang
12002005,12002006,30000104,49,rapidbus_penang
12002006,12002008,30000104,44,rapidbus_penang
12002008,12002007,30000104,62,rapidbus_penang
12002007,12002070,30000104,36,rapidbus_penang
12002070,12002050,30000104,46,rapidbus_penang
12002050,12002052,30000104,54,rapidbus_penang
12002052,12002051,30000104,76,rapidbus_penang
12002051,12002049,30000104,64,rapidbus_penang
12002049,12002010,30000104,65,rapidbus_penang
12002010,12002009,30000104,51,rapidbus_penang
12002009,12002003,30000104,41,rapidbus_penang
12002003,12000026,30000104,211,rapidbus_penang
12000026,12000029,30000104,99,rapidbus_penang
12000029,12000030,30000104,35,rapidbus_penang
12000030,12000028,30000104,83,rapidbus_penang
12000028,12000027,30000104,38,rapidbus_penang
12000027,12000607,30000104,519,rapidbus_penang
12000607,12000608,30000104,33,rapidbus_penang
12000608,12000609,30000104,57,rapidbus_penang
12000609,12000846,30000104,115,rapidbus_penang
12000846,12000847,30000104,40,rapidbus_penang
12000847,12000848,30000104,41,rapidbus_penang
12000848,12000851,30000104,64,rapidbus_penang
12000851,12002974,30000104,50,rapidbus_penang
12002974,12000882,30000104,244,rapidbus_penang
12000882,12000885,30000104,48,rapidbus_penang
12000885,12000849,30000104,60,rapidbus_penang
12000849,12000025,30000104,803,rapidbus_penang
12000027,12002068,30000104,1217,rapidbus_penang
12002303,12002059,30000104,160,rapidbus_penang
12002059,12002063,30000104,118,rapidbus_penang
12002063,12002066,30000104,74,rapidbus_penang
12002066,12002069,30000104,81,rapidbus_penang
12002069,12001989,30000104,251,rapidbus_penang
12001989,12002109,30000104,1761,rapidbus_penang
12002109,12001067,30000104,616,rapidbus_penang
12001067,12001877,30000104,386,rapidbus_penang
12001877,12001878,30000104,93,rapidbus_penang
12001878,12001880,30000104,53,rapidbus_penang
12001880,12001830,30000104,307,rapidbus_penang
12001830,12002530,30000104,92,rapidbus_penang
12002974,12000882,30000100,239,rapidbus_penang
12001952,12001951,30000100,40,rapidbus_penang
12001951,12001949,30000100,58,rapidbus_penang
12002317,12000879,30000100,53,rapidbus_penang
12000879,12000882,30000100,69,rapidbus_penang
12000882,12000847,30000100,85,rapidbus_penang
12000848,12002974,30000100,120,rapidbus_penang
12002201,12000954,30000140,249,rapidbus_penang
12000954,12000955,30000140,78,rapidbus_penang
12000955,12000956,30000140,36,rapidbus_penang
12000956,12000957,30000140,44,rapidbus_penang
12000957,12002527,30000140,72,rapidbus_penang
12002527,12002513,30000140,90,rapidbus_penang
12002513,12001799,30000140,148,rapidbus_penang
12001799,12000287,30000140,87,rapidbus_penang
12000287,12002514,30000140,233,rapidbus_penang
12002514,12000731,30000140,122,rapidbus_penang
12000731,12002515,30000140,105,rapidbus_penang
12002515,12002516,30000140,199,rapidbus_penang
12002516,12000337,30000140,139,rapidbus_penang
12000337,12000336,30000140,48,rapidbus_penang
12000336,12002517,30000140,175,rapidbus_penang
12002517,12000587,30000140,101,rapidbus_penang
12000587,12000586,30000140,69,rapidbus_penang
12000586,12002518,30000140,145,rapidbus_penang
12002518,12002519,30000140,93,rapidbus_penang
12002519,12001281,30000140,161,rapidbus_penang
12001281,12002520,30000140,228,rapidbus_penang
12002520,12002130,30000140,189,rapidbus_penang
12002130,12002131,30000140,46,rapidbus_penang
12002131,12002511,30000140,48,rapidbus_penang
12002511,12002947,30000140,65,rapidbus_penang
12002947,12002504,30000140,370,rapidbus_penang
12002504,12002123,30000140,170,rapidbus_penang
12002123,12002505,30000140,19,rapidbus_penang
12002505,12002124,30000140,35,rapidbus_penang
12002124,12002125,30000140,72,rapidbus_penang
12002125,12002126,30000140,56,rapidbus_penang
12002126,12002506,30000140,48,rapidbus_penang
12002506,12002127,30000140,68,rapidbus_penang
12002127,12002128,30000140,72,rapidbus_penang
12002128,12002129,30000140,47,rapidbus_penang
12002129,12002508,30000140,212,rapidbus_penang
12002508,12002507,30000140,116,rapidbus_penang
12002507,12002138,30000140,201,rapidbus_penang
12002138,12002122,30000140,161,rapidbus_penang
12002122,12002602,30000140,78,rapidbus_penang
12002602,12001067,30000140,705,rapidbus_penang
12001067,12002121,30000140,796,rapidbus_penang
12002121,12002122,30000140,98,rapidbus_penang
12002602,12002123,30000140,310,rapidbus_penang
12002508,12002130,30000140,463,rapidbus_penang
12002131,12002503,30000140,109,rapidbus_penang
12002503,12002511,30000140,52,rapidbus_penang
12002511,12001048,30000140,45,rapidbus_penang
12001048,12002512,30000140,42,rapidbus_penang
12002512,12001282,30000140,352,rapidbus_penang
12001282,12001280,30000140,83,rapidbus_penang
12001280,12002521,30000140,108,rapidbus_penang
12002521,12002522,30000140,95,rapidbus_penang
12002522,12000588,30000140,124,rapidbus_penang
12000588,12000589,30000140,153,rapidbus_penang
12000589,12000335,30000140,103,rapidbus_penang
12000335,12000323,30000140,82,rapidbus_penang
12000323,12000326,30000140,116,rapidbus_penang
12000326,12002523,30000140,189,rapidbus_penang
12002523,12000732,30000140,82,rapidbus_penang
12000732,12002524,30000140,94,rapidbus_penang
12002524,12002525,30000140,197,rapidbus_penang
12002525,12002526,30000140,76,rapidbus_penang
12002526,12002045,30000140,37,rapidbus_penang
12002045,12002585,30000140,46,rapidbus_penang
12002585,12002527,30000140,165,rapidbus_penang
12002527,12000958,30000140,66,rapidbus_penang
12000958,12000959,30000140,11,rapidbus_penang
12000959,12000960,30000140,45,rapidbus_penang
12000960,12002342,30000140,75,rapidbus_penang
12002342,12000961,30000140,21,rapidbus_penang
12000961,12001596,30000140,113,rapidbus_penang
12001596,12000906,30000140,131,rapidbus_penang
12000906,12000907,30000140,32,rapidbus_penang
12000907,12002343,30000140,91,rapidbus_penang
12002343,12002201,30000140,120,rapidbus_penang
12000244,12000242,30000012,81,rapidbus_penang
12000242,12000241,30000012,116,rapidbus_penang
12000241,12001148,30000012,79,rapidbus_penang
12001148,12001146,30000012,38,rapidbus_penang
12001146,12002308,30000012,92,rapidbus_penang
12002308,12002309,30000012,72,rapidbus_penang
12002309,12002310,30000012,79,rapidbus_penang
12002310,12001142,30000012,87,rapidbus_penang
12001142,12001130,30000012,133,rapidbus_penang
12001130,12001128,30000012,111,rapidbus_penang
12001128,12001131,30000012,73,rapidbus_penang
12001131,12002311,30000012,180,rapidbus_penang
12002311,12001147,30000012,72,rapidbus_penang
12001147,12001152,30000012,115,rapidbus_penang
12001152,12001155,30000012,111,rapidbus_penang
12001155,12001156,30000012,70,rapidbus_penang
12001156,12000408,30000012,76,rapidbus_penang
12000408,12000413,30000012,44,rapidbus_penang
12000413,12000410,30000012,105,rapidbus_penang
12000410,12000414,30000012,62,rapidbus_penang
12000414,12000415,30000012,49,rapidbus_penang
12000415,12000417,30000012,50,rapidbus_penang
12000417,12002077,30000012,55,rapidbus_penang
12002077,12002079,30000012,83,rapidbus_penang
12002079,12002078,30000012,136,rapidbus_penang
12002078,12000418,30000012,44,rapidbus_penang
12000418,12000420,30000012,53,rapidbus_penang
12000420,12000423,30000012,66,rapidbus_penang
12000423,12000424,30000012,33,rapidbus_penang
12000424,12000427,30000012,174,rapidbus_penang
12000427,12000430,30000012,90,rapidbus_penang
12000430,12000432,30000012,93,rapidbus_penang
12000432,12000435,30000012,63,rapidbus_penang
12000435,12000246,30000012,134,rapidbus_penang
12000246,12001807,30000012,135,rapidbus_penang
12001807,12001804,30000012,93,rapidbus_penang
12001804,12001802,30000012,44,rapidbus_penang
12001802,12000879,30000012,47,rapidbus_penang
12000879,12000882,30000012,82,rapidbus_penang
12000882,12000885,30000012,50,rapidbus_penang
12000885,12000847,30000012,59,rapidbus_penang
12000847,12000848,30000012,62,rapidbus_penang
12000848,12000851,30000012,98,rapidbus_penang
12000851,12001837,30000012,110,rapidbus_penang
12001837,12001840,30000012,79,rapidbus_penang
12001840,12001842,30000012,74,rapidbus_penang
12001842,12001845,30000012,71,rapidbus_penang
12001845,12001847,30000012,101,rapidbus_penang
12001847,12001942,30000012,174,rapidbus_penang
12001942,12000298,30000012,142,rapidbus_penang
12000298,12000301,30000012,185,rapidbus_penang
12000301,12000304,30000012,224,rapidbus_penang
12000304,12000305,30000012,76,rapidbus_penang
12000305,12000307,30000012,96,rapidbus_penang
12000307,12000310,30000012,209,rapidbus_penang
12000310,12000312,30000012,88,rapidbus_penang
12000312,12000810,30000012,91,rapidbus_penang
12000810,12000019,30000012,111,rapidbus_penang
12000019,12000024,30000012,96,rapidbus_penang
12000024,12000023,30000012,87,rapidbus_penang
12000023,12001455,30000012,74,rapidbus_penang
12001455,12001457,30000012,85,rapidbus_penang
12001457,12001459,30000012,103,rapidbus_penang
12001459,12001958,30000012,294,rapidbus_penang
12001958,12001959,30000012,88,rapidbus_penang
12001959,12001960,30000012,61,rapidbus_penang
12001960,12001640,30000012,180,rapidbus_penang
12001640,12001069,30000012,57,rapidbus_penang
12001069,12001070,30000012,45,rapidbus_penang
12001070,12001071,30000012,38,rapidbus_penang
12001071,12000570,30000012,107,rapidbus_penang
12000570,12000572,30000012,49,rapidbus_penang
12000572,12000575,30000012,35,rapidbus_penang
12000575,12000576,30000012,89,rapidbus_penang
12000576,12001585,30000012,85,rapidbus_penang
12001585,12000991,30000012,114,rapidbus_penang
12000991,12001903,30000012,55,rapidbus_penang
12001903,12001462,30000012,61,rapidbus_penang
12001462,12000529,30000012,101,rapidbus_penang
12000529,12002993,30000012,155,rapidbus_penang
12002993,12001937,30000012,81,rapidbus_penang
12001937,12001910,30000012,80,rapidbus_penang
12001910,12001915,30000012,56,rapidbus_penang
12001915,12000611,30000012,53,rapidbus_penang
12000611,12001917,30000012,76,rapidbus_penang
12001917,12002318,30000012,77,rapidbus_penang
12002318,12002056,30000012,50,rapidbus_penang
12002056,12002058,30000012,94,rapidbus_penang
12002058,12002971,30000012,30,rapidbus_penang
12002971,12001943,30000012,22,rapidbus_penang
12001943,12002972,30000012,61,rapidbus_penang
12002972,12002057,30000012,54,rapidbus_penang
12002057,12002113,30000012,127,rapidbus_penang
12002113,12000007,30000012,48,rapidbus_penang
12000007,12001916,30000012,51,rapidbus_penang
12001916,12000610,30000012,69,rapidbus_penang
12000610,12001911,30000012,61,rapidbus_penang
12001911,12001937,30000012,113,rapidbus_penang
12001937,12002116,30000012,91,rapidbus_penang
12002116,12000530,30000012,94,rapidbus_penang
12000530,12001941,30000012,122,rapidbus_penang
12001941,12000580,30000012,119,rapidbus_penang
12000580,12000577,30000012,75,rapidbus_penang
12000577,12002314,30000012,76,rapidbus_penang
12002314,12000573,30000012,24,rapidbus_penang
12000573,12000571,30000012,49,rapidbus_penang
12000571,12000568,30000012,51,rapidbus_penang
12000568,12000584,30000012,55,rapidbus_penang
12000584,12000567,30000012,86,rapidbus_penang
12000567,12000582,30000012,54,rapidbus_penang
12000582,12000581,30000012,54,rapidbus_penang
12000581,12001458,30000012,218,rapidbus_penang
12001458,12001456,30000012,78,rapidbus_penang
12001456,12002243,30000012,119,rapidbus_penang
12002243,12000016,30000012,76,rapidbus_penang
12000016,12000018,30000012,75,rapidbus_penang
12000018,12000021,30000012,34,rapidbus_penang
12000021,12000809,30000012,44,rapidbus_penang
12000809,12000311,30000012,93,rapidbus_penang
12000311,12000309,30000012,69,rapidbus_penang
12000309,12000308,30000012,169,rapidbus_penang
12000308,12000306,30000012,77,rapidbus_penang
12000306,12000303,30000012,72,rapidbus_penang
12000303,12000302,30000012,119,rapidbus_penang
12000302,12000300,30000012,63,rapidbus_penang
12000300,12000299,30000012,117,rapidbus_penang
12000299,12000297,30000012,81,rapidbus_penang
12000297,12000296,30000012,53,rapidbus_penang
12000296,12000294,30000012,59,rapidbus_penang
12000294,12001847,30000012,86,rapidbus_penang
12001847,12001843,30000012,234,rapidbus_penang
12001843,12001844,30000012,87,rapidbus_penang
12001844,12001841,30000012,51,rapidbus_penang
12001841,12001838,30000012,89,rapidbus_penang
12001838,12000852,30000012,93,rapidbus_penang
12000852,12000850,30000012,132,rapidbus_penang
12000850,12000887,30000012,85,rapidbus_penang
12000887,12000880,30000012,101,rapidbus_penang
12000880,12001803,30000012,80,rapidbus_penang
12001803,12001805,30000012,75,rapidbus_penang
12001805,12000245,30000012,117,rapidbus_penang
12000245,12000436,30000012,86,rapidbus_penang
12000436,12000431,30000012,82,rapidbus_penang
12000431,12000429,30000012,76,rapidbus_penang
12000429,12000426,30000012,86,rapidbus_penang
12000426,12000425,30000012,124,rapidbus_penang
12000425,12000419,30000012,89,rapidbus_penang
12000419,12002077,30000012,84,rapidbus_penang
12002078,12000416,30000012,74,rapidbus_penang
12000416,12000411,30000012,72,rapidbus_penang
12000411,12002304,30000012,111,rapidbus_penang
12002304,12002255,30000012,126,rapidbus_penang
12002255,12001158,30000012,41,rapidbus_penang
12001158,12001154,30000012,69,rapidbus_penang
12001154,12001153,30000012,80,rapidbus_penang
12001153,12001149,30000012,88,rapidbus_penang
12001149,12001145,30000012,73,rapidbus_penang
12001145,12001134,30000012,131,rapidbus_penang
12001134,12001129,30000012,36,rapidbus_penang
12001129,12001133,30000012,143,rapidbus_penang
12001133,12001135,30000012,18,rapidbus_penang
12001135,12001138,30000012,24,rapidbus_penang
12001138,12001141,30000012,82,rapidbus_penang
12001141,12001136,30000012,60,rapidbus_penang
12001136,12001139,30000012,72,rapidbus_penang
12001139,12002312,30000012,50,rapidbus_penang
12002312,12001151,30000012,100,rapidbus_penang
12001151,12000240,30000012,50,rapidbus_penang
12000240,12000243,30000012,108,rapidbus_penang
12000243,12000193,30000012,128,rapidbus_penang
12000193,12000195,30000012,53,rapidbus_penang
12000195,12000198,30000012,27,rapidbus_penang
12000198,12000199,30000012,27,rapidbus_penang
12000199,12000200,30000012,81,rapidbus_penang
12000200,12000196,30000012,85,rapidbus_penang
12000196,12000194,30000012,66,rapidbus_penang
12000194,12000244,30000012,119,rapidbus_penang
12002201,12000906,30000117,68,rapidbus_penang
12000906,12000907,30000117,22,rapidbus_penang
12000907,12002320,30000117,52,rapidbus_penang
12002320,12001221,30000117,58,rapidbus_penang
12001221,12003015,30000117,29,rapidbus_penang
12003015,12001220,30000117,34,rapidbus_penang
12001220,12002346,30000117,117,rapidbus_penang
12002346,12001101,30000117,69,rapidbus_penang
12001101,12001102,30000117,30,rapidbus_penang
12001102,12002347,30000117,35,rapidbus_penang
12002347,12000183,30000117,69,rapidbus_penang
12000183,12000184,30000117,32,rapidbus_penang
12000184,12000177,30000117,56,rapidbus_penang
12000177,12000178,30000117,31,rapidbus_penang
12000178,12002348,30000117,47,rapidbus_penang
12002348,12002108,30000117,322,rapidbus_penang
12002108,12002116,30000117,1499,rapidbus_penang
12002116,12002988,30000117,130,rapidbus_penang
12002988,12002116,30000117,80,rapidbus_penang
12002116,12002109,30000117,1583,rapidbus_penang
12002109,12000189,30000117,399,rapidbus_penang
12000189,12000188,30000117,38,rapidbus_penang
12000188,12000187,30000117,44,rapidbus_penang
12000187,12000186,30000117,26,rapidbus_penang
12000186,12000185,30000117,37,rapidbus_penang
12000185,12002350,30000117,113,rapidbus_penang
12002350,12001099,30000117,45,rapidbus_penang
12001099,12001100,30000117,42,rapidbus_penang
12001100,12002346,30000117,163,rapidbus_penang
12002346,12001216,30000117,141,rapidbus_penang
12001216,12001218,30000117,30,rapidbus_penang
12001218,12001219,30000117,37,rapidbus_penang
12001219,12001217,30000117,43,rapidbus_penang
12001217,12001215,30000117,62,rapidbus_penang
12001215,12002343,30000117,39,rapidbus_penang
12002343,12002201,30000117,78,rapidbus_penang
12001973,12000049,30000007,265,rapidbus_penang
12003627,12001896,30000016,87,rapidbus_penang
12001973,12000049,30000016,181,rapidbus_penang
12000049,12001372,30000016,112,rapidbus_penang
12001372,12000048,30000016,49,rapidbus_penang
12001355,12003627,30000016,83,rapidbus_penang
37500,37405,ERT,180,ktmb
37405,37400,ERT,120,ktmb
37400,36900,ERT,660,ktmb
36900,36600,ERT,780,ktmb
36600,36000,ERT,720,ktmb
36000,35500,ERT,480,ktmb
35500,34800,ERT,720,ktmb
34800,34200,ERT,720,ktmb
34200,33600,ERT,660,ktmb
33600,33200,ERT,480,ktmb
33200,32400,ERT,840,ktmb
32400,32100,ERT,420,ktmb
32100,31300,ERT,840,ktmb
31300,30500,ERT,780,ktmb
30500,29900,ERT,540,ktmb
29900,29500,ERT,480,ktmb
29500,29100,ERT,600,ktmb
29100,28300,ERT,780,ktmb
28300,27800,ERT,1200,ktmb
27800,60800,ERT,1680,ktmb
60800,61000,ERT,780,ktmb
61000,61800,ERT,900,ktmb
61800,62500,ERT,780,ktmb
62500,63700,ERT,2580,ktmb
63700,64100,ERT,720,ktmb
64100,64400,ERT,480,ktmb
64400,64700,ERT,360,ktmb
64700,64900,ERT,360,ktmb
64900,66100,ERT,1740,ktmb
66100,66600,ERT,540,ktmb
66600,67100,ERT,660,ktmb
67100,67400,ERT,360,ktmb
67400,67900,ERT,660,ktmb
67900,68200,ERT,780,ktmb
68200,68700,ERT,1620,ktmb
68700,69100,ERT,540,ktmb
69100,69400,ERT,240,ktmb
69400,69600,ERT,240,ktmb
69600,70000,ERT,420,ktmb
70000,70200,ERT,240,ktmb
70200,71300,ERT,2100,ktmb
71300,71800,ERT,600,ktmb
71800,72000,ERT,240,ktmb
72000,72200,ERT,180,ktmb
72200,72400,ERT,420,ktmb
72400,72600,ERT,360,ktmb
72600,72700,ERT,180,ktmb
72700,73100,ERT,540,ktmb
73100,73500,ERT,540,ktmb
73500,74000,ERT,960,ktmb
74000,74500,ERT,300,ktmb
74500,74800,ERT,420,ktmb
74800,75000,ERT,240,ktmb
75000,75300,ERT,960,ktmb
75300,76000,ERT,540,ktmb
76000,76600,ERT,1320,ktmb
76600,76800,ERT,780,ktmb
76800,77000,ERT,120,ktmb
77000,77200,ERT,240,ktmb
77200,77400,ERT,660,ktmb
77400,77800,ERT,1020,ktmb
77800,77900,ERT,60,ktmb
77900,78100,ERT,720,ktmb
78100,78300,ERT,480,ktmb
78300,78400,ERT,240,ktmb
78400,78500,ERT,240,ktmb
78500,78700,ERT,240,ktmb
78700,78900,ERT,660,ktmb
78900,79300,ERT,960,ktmb
79300,79800,ERT,960,ktmb
79800,80000,ERT,420,ktmb
80000,80300,ERT,1020,ktmb
80300,80500,ERT,720,ktmb
80500,80700,ERT,1260,ktmb
80700,81200,ERT,960,ktmb
81200,81700,ERT,840,ktmb
81700,82100,ERT,900,ktmb
82100,82400,ERT,660,ktmb
82400,83100,ERT,1200,ktmb
83100,83700,ERT,1320,ktmb
83700,84200,ERT,660,ktmb
84200,84400,ERT,180,ktmb
84400,84600,ERT,420,ktmb
84600,84800,ERT,180,ktmb
84800,85100,ERT,540,ktmb
85100,85500,ERT,480,ktmb
85500,85700,ERT,480,ktmb
85700,86000,ERT,600,ktmb
86000,86300,ERT,600,ktmb
86300,86000,ERT,480,ktmb
86000,85700,ERT,780,ktmb
85700,85500,ERT,300,ktmb
85500,85100,ERT,660,ktmb
85100,84800,ERT,360,ktmb
84800,84600,ERT,240,ktmb
84600,84400,ERT,360,ktmb
84400,84200,ERT,240,ktmb
84200,83700,ERT,780,ktmb
83700,83100,ERT,1200,ktmb
83100,82400,ERT,960,ktmb
82400,82100,ERT,720,ktmb
82100,81700,ERT,720,ktmb
81700,81200,ERT,900,ktmb
81200,80700,ERT,900,ktmb
80700,80500,ERT,1260,ktmb
80500,80300,ERT,720,ktmb
80300,80000,ERT,1080,ktmb
80000,79800,ERT,540,ktmb
79800,79300,ERT,1500,ktmb
79300,78900,ERT,900,ktmb
78900,78700,ERT,600,ktmb
78700,78500,ERT,240,ktmb
78500,78400,ERT,240,ktmb
78400,78300,ERT,240,ktmb
78300,78100,ERT,480,ktmb
78100,77900,ERT,720,ktmb
77900,77800,ERT,120,ktmb
77800,77400,ERT,960,ktmb
77400,77200,ERT,660,ktmb
77200,77000,ERT,240,ktmb
77000,76800,ERT,120,ktmb
76800,76600,ERT,840,ktmb
76600,76000,ERT,1440,ktmb
76000,75300,ERT,360,ktmb
75300,75000,ERT,960,ktmb
75000,74800,ERT,360,ktmb
74800,74500,ERT,300,ktmb
74500,74000,ERT,360,ktmb
74000,73500,ERT,900,ktmb
73500,73100,ERT,600,ktmb
73100,72700,ERT,480,ktmb
72700,72600,ERT,240,ktmb
72600,72400,ERT,300,ktmb
72400,72200,ERT,420,ktmb
72200,72000,ERT,180,ktmb
72000,71800,ERT,240,ktmb
71800,71300,ERT,1260,ktmb
71300,70200,ERT,1560,ktmb
70200,70000,ERT,180,ktmb
70000,69600,ERT,360,ktmb
69600,69400,ERT,240,ktmb
69400,69100,ERT,240,ktmb
69100,68700,ERT,660,ktmb
68700,68200,ERT,120,ktmb
68200,67900,ERT,780,ktmb
67900,67400,ERT,840,ktmb
67400,67100,ERT,180,ktmb
67100,66600,ERT,660,ktmb
66600,66100,ERT,720,ktmb
66100,64900,ERT,1560,ktmb
64900,64700,ERT,420,ktmb
64700,64400,ERT,480,ktmb
64400,64100,ERT,300,ktmb
64100,63700,ERT,840,ktmb
63700,62500,ERT,2460,ktmb
62500,61800,ERT,900,ktmb
61800,61000,ERT,780,ktmb
61000,60800,ERT,780,ktmb
60800,27800,ERT,2340,ktmb
27800,28300,ERT,540,ktmb
28300,29100,ERT,960,ktmb
29100,29500,ERT,480,ktmb
29500,29900,ERT,420,ktmb
29900,30500,ERT,600,ktmb
30500,31300,ERT,780,ktmb
31300,32100,ERT,840,ktmb
32100,32400,ERT,360,ktmb
32400,33200,ERT,1020,ktmb
33200,33600,ERT,360,ktmb
33600,34200,ERT,660,ktmb
34200,34800,ERT,720,ktmb
34800,35500,ERT,660,ktmb
35500,36000,ERT,660,ktmb
36000,36600,ERT,540,ktmb
36600,36900,ERT,960,ktmb
36900,37400,ERT,600,ktmb
37400,37405,ERT,180,ktmb
37405,37500,ERT,300,ktmb
9000,8600,100_9000,540,ktmb
8600,8000,100_9000,300,ktmb
8000,7300,100_9000,420,ktmb
7300,6300,100_9000,780,ktmb
6300,5700,100_9000,360,ktmb
5700,4700,100_9000,720,ktmb
4700,4500,100_9000,240,ktmb
4500,2600,100_9000,1260,ktmb
2600,1900,100_9000,480,ktmb
1900,1700,100_9000,240,ktmb
1700,1000,100_9000,480,ktmb
1000,600,100_9000,480,ktmb
600,400,100_9000,240,ktmb
400,100,100_9000,420,ktmb
100,400,100_9000,420,ktmb
400,600,100_9000,240,ktmb
600,1000,100_9000,480,ktmb
1000,1700,100_9000,480,ktmb
1700,1900,100_9000,240,ktmb
1900,2600,100_9000,480,ktmb
2600,4500,100_9000,1260,ktmb
4500,4700,100_9000,240,ktmb
4700,5700,100_9000,780,ktmb
5700,6300,100_9000,360,ktmb
6300,7300,100_9000,720,ktmb
7300,8000,100_9000,360,ktmb
8000,8600,100_9000,360,ktmb
8600,9000,100_9000,540,ktmb
100,400,100_47300,420,ktmb
400,600,100_47300,240,ktmb
600,40500,100_47300,720,ktmb
40500,41400,100_47300,660,ktmb
41400,42400,100_47300,780,ktmb
42400,43100,100_47300,600,ktmb
43100,43500,100_47300,240,ktmb
43500,44000,100_47300,420,ktmb
44000,44400,100_47300,300,ktmb
44400,45600,100_47300,780,ktmb
45600,45800,100_47300,360,ktmb
45800,46300,100_47300,420,ktmb
46300,47300,100_47300,720,ktmb
47300,46300,100_47300,720,ktmb
46300,45800,100_47300,420,ktmb
45800,45600,100_47300,360,ktmb
45600,44400,100_47300,780,ktmb
44400,44000,100_47300,300,ktmb
44000,43500,100_47300,300,ktmb
43500,43100,100_47300,360,ktmb
43100,42400,100_47300,600,ktmb
42400,41400,100_47300,780,ktmb
41400,40500,100_47300,660,ktmb
40500,600,100_47300,720,ktmb
600,400,100_47300,240,ktmb
400,100,100_47300,420,ktmb
27800,60800,SH,1680,ktmb
60800,61000,SH,780,ktmb
61000,61800,SH,900,ktmb
61800,62500,SH,720,ktmb
62500,63700,SH,2340,ktmb
63700,64100,SH,600,ktmb
64100,64400,SH,420,ktmb
64400,64700,SH,300,ktmb
64700,64900,SH,420,ktmb
64900,66100,SH,1740,ktmb
66100,66600,SH,660,ktmb
66600,67100,SH,720,ktmb
67100,67400,SH,360,ktmb
67400,67900,SH,720,ktmb
67900,68200,SH,780,ktmb
68200,68700,SH,300,ktmb
68700,69100,SH,600,ktmb
69100,69400,SH,300,ktmb
69400,69600,SH,360,ktmb
69600,70000,SH,420,ktmb
70000,70200,SH,300,ktmb
70200,71300,SH,1500,ktmb
71300,70200,SH,1560,ktmb
70200,70000,SH,180,ktmb
70000,69600,SH,540,ktmb
69600,69400,SH,240,ktmb
69400,69100,SH,300,ktmb
69100,68700,SH,780,ktmb
68700,68200,SH,120,ktmb
68200,67900,SH,840,ktmb
67900,67400,SH,2340,ktmb
67400,67100,SH,180,ktmb
67100,66600,SH,720,ktmb
66600,66100,SH,840,ktmb
66100,64900,SH,1680,ktmb
64900,64700,SH,300,ktmb
64700,64400,SH,480,ktmb
64400,64100,SH,240,ktmb
64100,63700,SH,720,ktmb
63700,62500,SH,2220,ktmb
62500,61800,SH,840,ktmb
61800,61000,SH,780,ktmb
61000,60800,SH,780,ktmb
60800,27800,SH,1740,ktmb
71300,71800,SH,540,ktmb
71800,72000,SH,240,ktmb
72000,72200,SH,300,ktmb
72200,72400,SH,420,ktmb
72400,72600,SH,240,ktmb
72600,72700,SH,240,ktmb
72700,73100,SH,1620,ktmb
73100,73500,SH,540,ktmb
73500,74000,SH,840,ktmb
74000,74500,SH,360,ktmb
74500,74800,SH,360,ktmb
74800,75000,SH,360,ktmb
75000,75300,SH,780,ktmb
75300,76000,SH,360,ktmb
86300,86000,SH,420,ktmb
86000,85700,SH,540,ktmb
85700,85500,SH,420,ktmb
85500,85100,SH,480,ktmb
85100,84800,SH,420,ktmb
84800,84600,SH,360,ktmb
84600,84400,SH,300,ktmb
84400,84200,SH,240,ktmb
84200,83700,SH,600,ktmb
83700,83100,SH,900,ktmb
83100,82400,SH,780,ktmb
82400,82100,SH,540,ktmb
82100,81700,SH,540,ktmb
81700,81200,SH,900,ktmb
81200,80700,SH,720,ktmb
80700,80500,SH,780,ktmb
80500,80300,SH,720,ktmb
80300,80000,SH,780,ktmb
80000,79800,SH,480,ktmb
79800,79300,SH,1680,ktmb
79300,78900,SH,660,ktmb
78900,78700,SH,420,ktmb
78700,78500,SH,240,ktmb
78500,78400,SH,360,ktmb
78400,78300,SH,300,ktmb
78300,78100,SH,720,ktmb
78100,77900,SH,600,ktmb
77900,77800,SH,1800,ktmb
77800,77400,SH,1080,ktmb
77400,77200,SH,480,ktmb
77200,77000,SH,360,ktmb
77000,76800,SH,60,ktmb
76800,76600,SH,900,ktmb
76600,76000,SH,1140,ktmb
76000,75300,SH,300,ktmb
75300,75000,SH,900,ktmb
75000,74800,SH,360,ktmb
74800,74500,SH,360,ktmb
74500,74000,SH,240,ktmb
74000,73500,SH,960,ktmb
73500,73100,SH,540,ktmb
73100,72700,SH,480,ktmb
72700,72600,SH,120,ktmb
72600,72400,SH,360,ktmb
72400,72200,SH,420,ktmb
72200,72000,SH,180,ktmb
72000,71800,SH,360,ktmb
71800,71300,SH,480,ktmb
76000,76600,SH,900,ktmb
76600,76800,SH,780,ktmb
76800,77000,SH,180,ktmb
77000,77200,SH,360,ktmb
77200,77400,SH,480,ktmb
77400,77800,SH,1080,ktmb
77800,77900,SH,240,ktmb
77900,78100,SH,600,ktmb
78100,78300,SH,660,ktmb
78300,78400,SH,360,ktmb
78400,78500,SH,360,ktmb
78500,78700,SH,240,ktmb
78700,78900,SH,420,ktmb
78900,79300,SH,660,ktmb
79300,79800,SH,1260,ktmb
79800,80000,SH,1620,ktmb
80000,80300,SH,780,ktmb
80300,80500,SH,720,ktmb
80500,80700,SH,780,ktmb
80700,81200,SH,720,ktmb
81200,81700,SH,900,ktmb
81700,82100,SH,1800,ktmb
82100,82400,SH,540,ktmb
82400,83100,SH,840,ktmb
83100,83700,SH,900,ktmb
83700,84200,SH,600,ktmb
84200,84400,SH,240,ktmb
84400,84600,SH,360,ktmb
84600,84800,SH,360,ktmb
84800,85100,SH,480,ktmb
85100,85500,SH,480,ktmb
85500,85700,SH,1800,ktmb
85700,86000,SH,540,ktmb
86000,86300,SH,420,ktmb
37500,37600,ST,300,ktmb
37600,37500,ST,300,ktmb
19100,19000,ETS,360,ktmb
19000,18900,ETS,120,ktmb
18900,18800,ETS,60,ktmb
18800,18700,ETS,300,ktmb
18700,18600,ETS,300,ktmb
18600,18400,ETS,180,ktmb
18400,18500,ETS,480,ktmb
18500,18100,ETS,420,ktmb
18100,17800,ETS,480,ktmb
17800,17300,ETS,540,ktmb
17300,16500,ETS,420,ktmb
16500,16300,ETS,120,ktmb
16300,16100,ETS,180,ktmb
16100,15400,ETS,480,ktmb
15400,15200,ETS,300,ktmb
15200,14600,ETS,360,ktmb
14600,14100,ETS,480,ktmb
14100,12900,ETS,780,ktmb
12900,11600,ETS,720,ktmb
11600,10900,ETS,600,ktmb
10900,10200,ETS,420,ktmb
10200,9700,ETS,360,ktmb
9700,9400,ETS,420,ktmb
9400,9000,ETS,360,ktmb
100,400,ETS,360,ktmb
400,600,ETS,240,ktmb
600,1000,ETS,360,ktmb
1000,1700,ETS,360,ktmb
1700,1900,ETS,120,ktmb
1900,2600,ETS,300,ktmb
2600,4500,ETS,1080,ktmb
4500,4700,ETS,240,ktmb
4700,5700,ETS,540,ktmb
5700,6300,ETS,300,ktmb
6300,7300,ETS,600,ktmb
7300,8000,ETS,300,ktmb
8000,8600,ETS,300,ktmb
8600,9000,ETS,600,ktmb
9000,9400,ETS,240,ktmb
9400,9700,ETS,240,ktmb
9700,10200,ETS,240,ktmb
10200,10900,ETS,360,ktmb
10900,11600,ETS,420,ktmb
11600,12900,ETS,660,ktmb
12900,14100,ETS,660,ktmb
14100,14600,ETS,360,ktmb
14600,15200,ETS,480,ktmb
15200,15400,ETS,180,ktmb
15400,16100,ETS,600,ktmb
16100,16300,ETS,180,ktmb
16300,16500,ETS,180,ktmb
16500,17300,ETS,360,ktmb
17300,17800,ETS,420,ktmb
17800,18100,ETS,300,ktmb
18100,18500,ETS,300,ktmb
18500,18400,ETS,240,ktmb
18400,18600,ETS,60,ktmb
18600,18700,ETS,180,ktmb
18700,18800,ETS,240,ktmb
18800,18900,ETS,60,ktmb
18900,19000,ETS,240,ktmb
19000,19100,ETS,180,ktmb
9000,8600,ETS,420,ktmb
8600,8000,ETS,240,ktmb
8000,7300,ETS,360,ktmb
7300,6300,ETS,660,ktmb
6300,5700,ETS,300,ktmb
5700,4700,ETS,660,ktmb
4700,4500,ETS,180,ktmb
4500,2600,ETS,1020,ktmb
2600,1900,ETS,480,ktmb
1900,1700,ETS,180,ktmb
1700,1000,ETS,420,ktmb
1000,600,ETS,420,ktmb
600,400,ETS,180,ktmb
400,100,ETS,540,ktmb
47300,46300,ETS,720,ktmb
46300,45800,ETS,360,ktmb
45800,45600,ETS,180,ktmb
45600,44400,ETS,720,ktmb
44400,44000,ETS,360,ktmb
44000,43500,ETS,240,ktmb
43500,43100,ETS,240,ktmb
43100,42400,ETS,540,ktmb
42400,41400,ETS,720,ktmb
41400,40500,ETS,720,ktmb
40500,1000,ETS,960,ktmb
23100,22900,KC05_KB18,300,ktmb
22900,22700,KC05_KB18,360,ktmb
22700,22400,KC05_KB18,480,ktmb
22400,22000,KC05_KB18,360,ktmb
22000,21500,KC05_KB18,600,ktmb
21500,21300,KC05_KB18,360,ktmb
21300,20900,KC05_KB18,780,ktmb
20900,20500,KC05_KB18,360,ktmb
20500,20402,KC05_KB18,180,ktmb
20402,20400,KC05_KB18,240,ktmb
20400,19900,KC05_KB18,1020,ktmb
19900,19600,KC05_KB18,420,ktmb
19600,19400,KC05_KB18,360,ktmb
19400,19300,KC05_KB18,300,ktmb
19300,19205,KC05_KB18,180,ktmb
19205,19100,KC05_KB18,720,ktmb
19100,19000,KC05_KB18,240,ktmb
19000,18900,KC05_KB18,240,ktmb
18900,18800,KC05_KB18,180,ktmb
18800,50000,KC05_KB18,360,ktmb
50000,50300,KC05_KB18,240,ktmb
50300,50400,KC05_KB18,120,ktmb
50400,50500,KC05_KB18,120,ktmb
50500,50600,KC05_KB18,240,ktmb
50000,18800,KC05_KB18,360,ktmb
18800,18900,KC05_KB18,180,ktmb
18900,19000,KC05_KB18,240,ktmb
19000,19100,KC05_KB18,300,ktmb
19100,19205,KC05_KB18,420,ktmb
19205,19300,KC05_KB18,120,ktmb
19300,19400,KC05_KB18,360,ktmb
19400,19600,KC05_KB18,420,ktmb
19600,19900,KC05_KB18,480,ktmb
19900,20400,KC05_KB18,660,ktmb
25100,23900,KC05_KB18,1020,ktmb
23900,23100,KC05_KB18,780,ktmb
50600,50500,KC05_KB18,240,ktmb
50500,50400,KC05_KB18,180,ktmb
50400,50300,KC05_KB18,120,ktmb
50300,50000,KC05_KB18,240,ktmb
20400,20402,KC05_KB18,180,ktmb
20402,20500,KC05_KB18,180,ktmb
20500,20900,KC05_KB18,480,ktmb
20900,21300,KC05_KB18,780,ktmb
21300,21500,KC05_KB18,360,ktmb
21500,22000,KC05_KB18,420,ktmb
22000,22400,KC05_KB18,360,ktmb
22400,22700,KC05_KB18,480,ktmb
22700,22900,KC05_KB18,360,ktmb
22900,23100,KC05_KB18,300,ktmb
23100,23900,KC05_KB18,780,ktmb
23900,25100,KC05_KB18,1020,ktmb
19100,19000,KA15_KD19,240,ktmb
19000,18900,KA15_KD19,240,ktmb
18900,18800,KA15_KD19,180,ktmb
18800,18700,KA15_KD19,240,ktmb
18700,18600,KA15_KD19,300,ktmb
18600,18400,KA15_KD19,180,ktmb
18400,18500,KA15_KD19,420,ktmb
18500,18100,KA15_KD19,480,ktmb
18100,17800,KA15_KD19,480,ktmb
17800,17300,KA15_KD19,480,ktmb
17300,16500,KA15_KD19,480,ktmb
16500,16300,KA15_KD19,240,ktmb
16300,16100,KA15_KD19,300,ktmb
16100,15400,KA15_KD19,540,ktmb
15400,15200,KA15_KD19,240,ktmb
15200,15400,KA15_KD19,180,ktmb
15400,16100,KA15_KD19,600,ktmb
16100,16300,KA15_KD19,300,ktmb
16300,16500,KA15_KD19,240,ktmb
16500,17300,KA15_KD19,480,ktmb
17300,17800,KA15_KD19,540,ktmb
17800,18100,KA15_KD19,420,ktmb
18100,18500,KA15_KD19,480,ktmb
18500,18400,KA15_KD19,420,ktmb
18400,18600,KA15_KD19,180,ktmb
18600,18700,KA15_KD19,300,ktmb
18700,18800,KA15_KD19,300,ktmb
18800,18900,KA15_KD19,180,ktmb
18900,19000,KA15_KD19,240,ktmb
19000,19100,KA15_KD19,180,ktmb
55200,55100,KA15_KD19,360,ktmb
55100,55000,KA15_KD19,240,ktmb
55000,54900,KA15_KD19,120,ktmb
54900,54800,KA15_KD19,180,ktmb
54800,54700,KA15_KD19,240,ktmb
54700,54500,KA15_KD19,180,ktmb
54500,54400,KA15_KD19,420,ktmb
54400,54200,KA15_KD19,480,ktmb
54200,53800,KA15_KD19,600,ktmb
53800,53700,KA15_KD19,540,ktmb
53700,53600,KA15_KD19,480,ktmb
53600,53500,KA15_KD19,120,ktmb
53500,53400,KA15_KD19,180,ktmb
53400,53100,KA15_KD19,360,ktmb
53100,53000,KA15_KD19,120,ktmb
53000,52900,KA15_KD19,180,ktmb
52900,52800,KA15_KD19,180,ktmb
52800,52700,KA15_KD19,180,ktmb
52700,19100,KA15_KD19,360,ktmb
19100,52700,KA15_KD19,360,ktmb
52700,52800,KA15_KD19,180,ktmb
52800,52900,KA15_KD19,120,ktmb
52900,53000,KA15_KD19,300,ktmb
53000,53100,KA15_KD19,120,ktmb
53100,53400,KA15_KD19,360,ktmb
53400,53500,KA15_KD19,120,ktmb
53500,53600,KA15_KD19,360,ktmb
53600,53700,KA15_KD19,480,ktmb
53700,53800,KA15_KD19,480,ktmb
53800,54200,KA15_KD19,960,ktmb
54200,54400,KA15_KD19,360,ktmb
54400,54500,KA15_KD19,360,ktmb
54500,54700,KA15_KD19,240,ktmb
54700,54800,KA15_KD19,180,ktmb
54800,54900,KA15_KD19,180,ktmb
54900,55000,KA15_KD19,120,ktmb
55000,55100,KA15_KD19,420,ktmb
55100,55200,KA15_KD19,360,ktmb
